mmsdm_month,quarter,tranche,contract_id,version_no,interconnector_id,from_region,units_offered,units_sold,clearing_price,reserve_price
2023-11,C2021Q2,T12,C2021Q2T12,14,NSW1-QLD1,NSW1,61,55,354.0,0.0
2023-11,C2021Q2,T12,C2021Q2T12,14,NSW1-QLD1,QLD1,246,110,10087.0,0.0
2023-11,C2021Q2,T12,C2021Q2T12,14,V-SA,SA1,117,70,4654.0,0.0
2023-11,C2021Q2,T12,C2021Q2T12,14,V-SA,VIC1,174,77,2054.0,0.0
2023-11,C2021Q2,T12,C2021Q2T12,14,VIC1-NSW1,NSW1,372,112,480.79,0.0
2023-11,C2021Q2,T12,C2021Q2T12,14,VIC1-NSW1,VIC1,258,125,8004.0,0.0
2023-11,C2021Q3,T11,C2021Q3T11,14,NSW1-QLD1,NSW1,45,45,417.47,0.0
2023-11,C2021Q3,T11,C2021Q3T11,14,NSW1-QLD1,QLD1,245,103,10790.21,0.0
2023-11,C2021Q3,T11,C2021Q3T11,14,V-SA,SA1,112,64,5321.0,0.0
2023-11,C2021Q3,T11,C2021Q3T11,14,V-SA,VIC1,199,73,2455.0,0.0
2023-11,C2021Q3,T11,C2021Q3T11,14,VIC1-NSW1,NSW1,266,108,500.44,0.0
2023-11,C2021Q3,T11,C2021Q3T11,14,VIC1-NSW1,VIC1,275,125,7700.0,0.0
2023-11,C2021Q4,T10,C2021Q4T10,14,NSW1-QLD1,NSW1,85,45,1249.0,0.0
2023-11,C2021Q4,T10,C2021Q4T10,14,NSW1-QLD1,QLD1,255,104,9200.79,0.0
2023-11,C2021Q4,T10,C2021Q4T10,14,V-SA,SA1,111,64,5372.0,0.0
2023-11,C2021Q4,T10,C2021Q4T10,14,V-SA,VIC1,170,73,2780.85,0.0
2023-11,C2021Q4,T10,C2021Q4T10,14,VIC1-NSW1,NSW1,269,114,465.88,0.0
2023-11,C2021Q4,T10,C2021Q4T10,14,VIC1-NSW1,VIC1,248,125,9377.0,0.0
2023-11,C2022Q1,T09,C2022Q1T09,14,NSW1-QLD1,NSW1,69,49,3278.0,0.0
2023-11,C2022Q1,T09,C2022Q1T09,14,NSW1-QLD1,QLD1,185,103,14524.2,0.0
2023-11,C2022Q1,T09,C2022Q1T09,14,V-SA,SA1,124,68,5650.47,0.0
2023-11,C2022Q1,T09,C2022Q1T09,14,V-SA,VIC1,103,73,7019.42,0.0
2023-11,C2022Q1,T09,C2022Q1T09,14,VIC1-NSW1,NSW1,250,117,4356.0,0.0
2023-11,C2022Q1,T09,C2022Q1T09,14,VIC1-NSW1,VIC1,305,125,12347.0,0.0
2023-11,C2022Q2,T08,C2022Q2T08,14,NSW1-QLD1,NSW1,45,45,612.0,0.0
2023-11,C2022Q2,T08,C2022Q2T08,14,NSW1-QLD1,QLD1,200,103,10800.0,0.0
2023-11,C2022Q2,T08,C2022Q2T08,14,V-SA,SA1,111,64,4066.67,0.0
2023-11,C2022Q2,T08,C2022Q2T08,14,V-SA,VIC1,171,73,2502.52,0.0
2023-11,C2022Q2,T08,C2022Q2T08,14,VIC1-NSW1,NSW1,319,115,420.44,0.0
2023-11,C2022Q2,T08,C2022Q2T08,14,VIC1-NSW1,VIC1,188,125,8529.23,0.0
2023-11,C2022Q3,T07,C2022Q3T07,14,NSW1-QLD1,NSW1,45,45,757.75,0.0
2023-11,C2022Q3,T07,C2022Q3T07,14,NSW1-QLD1,QLD1,174,102,13500.0,0.0
2023-11,C2022Q3,T07,C2022Q3T07,14,V-SA,SA1,118,64,5150.72,0.0
2023-11,C2022Q3,T07,C2022Q3T07,14,V-SA,VIC1,150,73,2387.0,0.0
2023-11,C2022Q3,T07,C2022Q3T07,14,VIC1-NSW1,NSW1,267,117,490.44,0.0
2023-11,C2022Q3,T07,C2022Q3T07,14,VIC1-NSW1,VIC1,223,125,9300.43,0.0
2023-11,C2022Q4,T06,C2022Q4T06,14,NSW1-QLD1,NSW1,55,55,1878.78,0.0
2023-11,C2022Q4,T06,C2022Q4T06,14,NSW1-QLD1,QLD1,225,105,10800.52,0.0
2023-11,C2022Q4,T06,C2022Q4T06,14,V-SA,SA1,107,64,5123.85,0.0
2023-11,C2022Q4,T06,C2022Q4T06,14,V-SA,VIC1,146,73,2962.68,0.0
2023-11,C2022Q4,T06,C2022Q4T06,14,VIC1-NSW1,NSW1,217,117,560.44,0.0
2023-11,C2022Q4,T06,C2022Q4T06,14,VIC1-NSW1,VIC1,208,125,10374.0,0.0
2023-11,C2023Q1,T05,C2023Q1T05,14,NSW1-QLD1,NSW1,55,45,3771.0,0.0
2023-11,C2023Q1,T05,C2023Q1T05,14,NSW1-QLD1,QLD1,130,103,13200.2,0.0
2023-11,C2023Q1,T05,C2023Q1T05,14,V-SA,SA1,92,73,5923.47,0.0
2023-11,C2023Q1,T05,C2023Q1T05,14,V-SA,VIC1,96,73,7628.0,0.0
2023-11,C2023Q1,T05,C2023Q1T05,14,VIC1-NSW1,NSW1,177,117,4320.0,0.0
2023-11,C2023Q1,T05,C2023Q1T05,14,VIC1-NSW1,VIC1,155,125,12513.58,0.0
2023-11,C2023Q2,T04,C2023Q2T04,14,NSW1-QLD1,NSW1,45,45,520.0,0.0
2023-11,C2023Q2,T04,C2023Q2T04,14,NSW1-QLD1,QLD1,140,102,15928.0,0.0
2023-11,C2023Q2,T04,C2023Q2T04,14,V-SA,SA1,85,64,3050.72,0.0
2023-11,C2023Q2,T04,C2023Q2T04,14,V-SA,VIC1,130,73,1801.0,0.0
2023-11,C2023Q2,T04,C2023Q2T04,14,VIC1-NSW1,NSW1,198,118,490.44,0.0
2023-11,C2023Q2,T04,C2023Q2T04,14,VIC1-NSW1,VIC1,160,125,9259.0,0.0
2023-11,C2023Q3,T03,C2023Q3T03,14,NSW1-QLD1,NSW1,45,45,501.0,0.0
2023-11,C2023Q3,T03,C2023Q3T03,14,NSW1-QLD1,QLD1,125,100,16230.0,0.0
2023-11,C2023Q3,T03,C2023Q3T03,14,V-SA,SA1,71,64,4300.72,0.0
2023-11,C2023Q3,T03,C2023Q3T03,14,V-SA,VIC1,90,73,1900.68,0.0
2023-11,C2023Q3,T03,C2023Q3T03,14,VIC1-NSW1,NSW1,173,118,501.23,0.0
2023-11,C2023Q3,T03,C2023Q3T03,14,VIC1-NSW1,VIC1,172,125,9680.0,0.0
2023-11,C2023Q4,T02,C2023Q4T02,14,NSW1-QLD1,NSW1,45,45,1501.0,0.0
2023-11,C2023Q4,T02,C2023Q4T02,14,NSW1-QLD1,QLD1,119,104,15459.87,0.0
2023-11,C2023Q4,T02,C2023Q4T02,14,V-SA,SA1,68,64,4204.0,0.0
2023-11,C2023Q4,T02,C2023Q4T02,14,V-SA,VIC1,77,73,2762.2,0.0
2023-11,C2023Q4,T02,C2023Q4T02,14,VIC1-NSW1,NSW1,141,111,587.25,0.0
2023-11,C2023Q4,T02,C2023Q4T02,14,VIC1-NSW1,VIC1,154,125,9570.43,0.0
2023-11,C2024Q1,T01,C2024Q1T01,14,NSW1-QLD1,NSW1,45,45,3591.0,0.0
2023-11,C2024Q1,T01,C2024Q1T01,14,NSW1-QLD1,QLD1,100,100,15267.0,0.0
2023-11,C2024Q1,T01,C2024Q1T01,14,V-SA,SA1,64,64,5154.0,0.0
2023-11,C2024Q1,T01,C2024Q1T01,14,V-SA,VIC1,73,73,6115.2,0.0
2023-11,C2024Q1,T01,C2024Q1T01,14,VIC1-NSW1,NSW1,108,108,4368.0,0.0
2023-11,C2024Q1,T01,C2024Q1T01,14,VIC1-NSW1,VIC1,125,125,12513.58,0.0
2023-11,C2021Q3,T12,C2021Q3T12,21,NSW1-QLD1,NSW1,105,55,2125.0,0.0
2023-11,C2021Q3,T12,C2021Q3T12,21,NSW1-QLD1,QLD1,252,134,10346.29,0.0
2023-11,C2021Q3,T12,C2021Q3T12,21,V-SA,SA1,134,66,4404.0,0.0
2023-11,C2021Q3,T12,C2021Q3T12,21,V-SA,VIC1,248,100,3500.0,0.0
2023-11,C2021Q3,T12,C2021Q3T12,21,VIC1-NSW1,NSW1,316,112,1006.0,0.0
2023-11,C2021Q3,T12,C2021Q3T12,21,VIC1-NSW1,VIC1,200,152,11396.0,0.0
2023-11,C2021Q4,T11,C2021Q4T11,21,NSW1-QLD1,NSW1,148,45,2218.0,0.0
2023-11,C2021Q4,T11,C2021Q4T11,21,NSW1-QLD1,QLD1,292,103,9780.23,0.0
2023-11,C2021Q4,T11,C2021Q4T11,21,V-SA,SA1,123,64,4816.92,0.0
2023-11,C2021Q4,T11,C2021Q4T11,21,V-SA,VIC1,134,86,5996.06,0.0
2023-11,C2021Q4,T11,C2021Q4T11,21,VIC1-NSW1,NSW1,168,108,754.0,0.0
2023-11,C2021Q4,T11,C2021Q4T11,21,VIC1-NSW1,VIC1,227,145,11721.25,0.0
2023-11,C2022Q1,T10,C2022Q1T10,21,NSW1-QLD1,NSW1,55,45,5267.0,0.0
2023-11,C2022Q1,T10,C2022Q1T10,21,NSW1-QLD1,QLD1,234,101,16460.75,0.0
2023-11,C2022Q1,T10,C2022Q1T10,21,V-SA,SA1,114,64,5707.0,0.0
2023-11,C2022Q1,T10,C2022Q1T10,21,V-SA,VIC1,103,73,8775.0,0.0
2023-11,C2022Q1,T10,C2022Q1T10,21,VIC1-NSW1,NSW1,176,108,5028.0,0.0
2023-11,C2022Q1,T10,C2022Q1T10,21,VIC1-NSW1,VIC1,301,125,15434.0,0.0
2023-11,C2022Q2,T09,C2022Q2T09,21,NSW1-QLD1,NSW1,110,45,1814.0,0.0
2023-11,C2022Q2,T09,C2022Q2T09,21,NSW1-QLD1,QLD1,192,120,11340.0,0.0
2023-11,C2022Q2,T09,C2022Q2T09,21,V-SA,SA1,108,64,3456.67,0.0
2023-11,C2022Q2,T09,C2022Q2T09,21,V-SA,VIC1,177,91,4700.93,0.0
2023-11,C2022Q2,T09,C2022Q2T09,21,VIC1-NSW1,NSW1,308,108,750.39,0.0
2023-11,C2022Q2,T09,C2022Q2T09,21,VIC1-NSW1,VIC1,175,138,11258.58,0.0
2023-11,C2022Q3,T08,C2022Q3T08,21,NSW1-QLD1,NSW1,80,45,1626.04,0.0
2023-11,C2022Q3,T08,C2022Q3T08,21,NSW1-QLD1,QLD1,195,101,13635.0,0.0
2023-11,C2022Q3,T08,C2022Q3T08,21,V-SA,SA1,130,64,4404.0,0.0
2023-11,C2022Q3,T08,C2022Q3T08,21,V-SA,VIC1,147,83,4774.0,0.0
2023-11,C2022Q3,T08,C2022Q3T08,21,VIC1-NSW1,NSW1,271,108,675.39,0.0
2023-11,C2022Q3,T08,C2022Q3T08,21,VIC1-NSW1,VIC1,219,125,11253.52,0.0
2023-11,C2022Q4,T07,C2022Q4T07,21,NSW1-QLD1,NSW1,55,45,2818.17,0.0
2023-11,C2022Q4,T07,C2022Q4T07,21,NSW1-QLD1,QLD1,236,101,11340.54,0.0
2023-11,C2022Q4,T07,C2022Q4T07,21,V-SA,SA1,105,64,4558.0,0.0
2023-11,C2022Q4,T07,C2022Q4T07,21,V-SA,VIC1,145,78,5961.6,0.0
2023-11,C2022Q4,T07,C2022Q4T07,21,VIC1-NSW1,NSW1,181,108,750.39,0.0
2023-11,C2022Q4,T07,C2022Q4T07,21,VIC1-NSW1,VIC1,217,125,13870.0,0.0
2023-11,C2023Q1,T06,C2023Q1T06,21,NSW1-QLD1,NSW1,55,45,5111.08,0.0
2023-11,C2023Q1,T06,C2023Q1T06,21,NSW1-QLD1,QLD1,248,100,16688.0,0.0
2023-11,C2023Q1,T06,C2023Q1T06,21,V-SA,SA1,87,64,5404.0,0.0
2023-11,C2023Q1,T06,C2023Q1T06,21,V-SA,VIC1,87,73,8400.96,0.0
2023-11,C2023Q1,T06,C2023Q1T06,21,VIC1-NSW1,NSW1,113,108,4752.0,0.0
2023-11,C2023Q1,T06,C2023Q1T06,21,VIC1-NSW1,VIC1,160,125,15641.97,0.0
2023-11,C2023Q2,T05,C2023Q2T05,21,NSW1-QLD1,NSW1,52,45,1205.0,0.0
2023-11,C2023Q2,T05,C2023Q2T05,21,NSW1-QLD1,QLD1,165,100,14906.89,0.0
2023-11,C2023Q2,T05,C2023Q2T05,21,V-SA,SA1,118,64,3225.85,0.0
2023-11,C2023Q2,T05,C2023Q2T05,21,V-SA,VIC1,117,79,3675.94,0.0
2023-11,C2023Q2,T05,C2023Q2T05,21,VIC1-NSW1,NSW1,281,108,652.0,0.0
2023-11,C2023Q2,T05,C2023Q2T05,21,VIC1-NSW1,VIC1,201,125,11878.0,0.0
2023-11,C2023Q3,T04,C2023Q3T04,21,NSW1-QLD1,NSW1,52,45,1226.0,0.0
2023-11,C2023Q3,T04,C2023Q3T04,21,NSW1-QLD1,QLD1,136,111,15300.29,0.0
2023-11,C2023Q3,T04,C2023Q3T04,21,V-SA,SA1,104,64,4014.0,0.0
2023-11,C2023Q3,T04,C2023Q3T04,21,V-SA,VIC1,83,73,4050.0,0.0
2023-11,C2023Q3,T04,C2023Q3T04,21,VIC1-NSW1,NSW1,188,108,675.39,0.0
2023-11,C2023Q3,T04,C2023Q3T04,21,VIC1-NSW1,VIC1,205,125,11712.8,0.0
2023-11,C2023Q4,T03,C2023Q4T03,21,NSW1-QLD1,NSW1,45,45,2476.65,0.0
2023-11,C2023Q4,T03,C2023Q4T03,21,NSW1-QLD1,QLD1,120,100,14572.8,0.0
2023-11,C2023Q4,T03,C2023Q4T03,21,V-SA,SA1,84,64,4247.0,0.0
2023-11,C2023Q1,T09,C2023Q1T09,22,NSW1-QLD1,QLD1,281,104,17189.17,0.0
2023-11,C2023Q1,T09,C2023Q1T09,22,V-SA,SA1,94,70,6850.0,0.0
2023-11,C2023Q1,T09,C2023Q1T09,22,V-SA,VIC1,99,73,16760.83,0.0
2023-11,C2023Q1,T09,C2023Q1T09,22,VIC1-NSW1,NSW1,171,116,4500.0,0.0
2023-11,C2023Q1,T09,C2023Q1T09,22,VIC1-NSW1,VIC1,200,135,25200.26,0.0
2023-11,C2023Q2,T08,C2023Q2T08,22,NSW1-QLD1,NSW1,61,45,4000.0,0.0
2023-11,C2023Q2,T08,C2023Q2T08,22,NSW1-QLD1,QLD1,194,100,24489.09,0.0
2023-11,C2023Q2,T08,C2023Q2T08,22,V-SA,SA1,114,70,4843.0,0.0
2023-11,C2023Q2,T08,C2023Q2T08,22,V-SA,VIC1,108,73,11000.83,0.0
2023-11,C2023Q2,T08,C2023Q2T08,22,VIC1-NSW1,NSW1,301,109,1270.06,0.0
2023-11,C2023Q2,T08,C2023Q2T08,22,VIC1-NSW1,VIC1,205,125,22960.26,0.0
2023-11,C2023Q3,T07,C2023Q3T07,22,NSW1-QLD1,NSW1,70,45,3336.0,0.0
2023-11,C2023Q3,T07,C2023Q3T07,22,NSW1-QLD1,QLD1,150,100,24416.0,0.0
2023-11,C2023Q3,T07,C2023Q3T07,22,V-SA,SA1,109,64,5297.0,0.0
2023-11,C2023Q3,T07,C2023Q3T07,22,V-SA,VIC1,108,73,10920.83,0.0
2023-11,C2023Q3,T07,C2023Q3T07,22,VIC1-NSW1,NSW1,205,108,1250.0,0.0
2023-11,C2023Q3,T07,C2023Q3T07,22,VIC1-NSW1,VIC1,220,125,22640.26,0.0
2023-11,C2023Q4,T06,C2023Q4T06,22,NSW1-QLD1,NSW1,58,45,8510.0,0.0
2023-11,C2023Q4,T06,C2023Q4T06,22,NSW1-QLD1,QLD1,164,100,17384.0,0.0
2023-11,C2023Q4,T06,C2023Q4T06,22,V-SA,SA1,109,64,6050.0,0.0
2023-11,C2023Q4,T06,C2023Q4T06,22,V-SA,VIC1,88,73,9520.83,0.0
2023-11,C2023Q4,T06,C2023Q4T06,22,VIC1-NSW1,NSW1,143,114,1404.7,0.0
2023-11,C2023Q4,T06,C2023Q4T06,22,VIC1-NSW1,VIC1,217,125,24066.9,0.0
2023-11,C2024Q1,T05,C2024Q1T05,22,NSW1-QLD1,NSW1,48,45,9907.0,0.0
2023-11,C2024Q1,T05,C2024Q1T05,22,NSW1-QLD1,QLD1,130,100,22822.8,0.0
2023-11,C2024Q1,T05,C2024Q1T05,22,V-SA,SA1,64,64,7341.0,0.0
2023-11,C2024Q1,T05,C2024Q1T05,22,V-SA,VIC1,90,73,16500.0,0.0
2023-11,C2024Q1,T05,C2024Q1T05,22,VIC1-NSW1,NSW1,117,108,4368.0,0.0
2023-11,C2024Q1,T05,C2024Q1T05,22,VIC1-NSW1,VIC1,167,125,23800.26,0.0
2023-11,C2024Q2,T04,C2024Q2T04,22,NSW1-QLD1,NSW1,48,45,3307.0,0.0
2023-11,C2024Q2,T04,C2024Q2T04,22,NSW1-QLD1,QLD1,120,100,24438.96,0.0
2023-11,C2024Q2,T04,C2024Q2T04,22,V-SA,SA1,89,64,4732.0,0.0
2023-11,C2024Q2,T04,C2024Q2T04,22,V-SA,VIC1,73,73,9093.0,0.0
2023-11,C2024Q2,T04,C2024Q2T04,22,VIC1-NSW1,NSW1,164,108,1028.0,0.0
2023-11,C2024Q2,T04,C2024Q2T04,22,VIC1-NSW1,VIC1,152,125,16800.25,0.0
2023-11,C2024Q3,T03,C2024Q3T03,22,NSW1-QLD1,NSW1,48,45,3040.0,0.0
2023-11,C2024Q3,T03,C2024Q3T03,22,NSW1-QLD1,QLD1,108,100,21520.64,0.0
2023-11,C2024Q3,T03,C2024Q3T03,22,V-SA,SA1,67,64,4995.37,0.0
2023-11,C2024Q3,T03,C2024Q3T03,22,V-SA,VIC1,74,73,8996.83,0.0
2023-11,C2024Q3,T03,C2024Q3T03,22,VIC1-NSW1,NSW1,108,108,1000.0,0.0
2023-11,C2024Q3,T03,C2024Q3T03,22,VIC1-NSW1,VIC1,135,125,16502.2,0.0
2023-11,C2024Q4,T02,C2024Q4T02,22,NSW1-QLD1,NSW1,48,45,8504.0,0.0
2023-11,C2024Q4,T02,C2024Q4T02,22,NSW1-QLD1,QLD1,100,100,16000.0,0.0
2023-11,C2024Q4,T02,C2024Q4T02,22,V-SA,SA1,64,64,5521.0,0.0
2023-11,C2024Q4,T02,C2024Q4T02,22,V-SA,VIC1,73,73,10284.0,0.0
2023-11,C2024Q4,T02,C2024Q4T02,22,VIC1-NSW1,NSW1,108,108,1457.0,0.0
2023-11,C2024Q4,T02,C2024Q4T02,22,VIC1-NSW1,VIC1,150,125,20800.25,0.0
2023-11,C2025Q1,T01,C2025Q1T01,22,NSW1-QLD1,NSW1,45,45,9506.0,0.0
2023-11,C2025Q1,T01,C2025Q1T01,22,NSW1-QLD1,QLD1,100,100,23392.8,0.0
2023-11,C2025Q1,T01,C2025Q1T01,22,V-SA,SA1,64,64,7210.0,0.0
2023-11,C2025Q1,T01,C2025Q1T01,22,V-SA,VIC1,73,73,16000.0,0.0
2023-11,C2025Q1,T01,C2025Q1T01,22,VIC1-NSW1,NSW1,108,108,4320.0,0.0
2023-11,C2025Q1,T01,C2025Q1T01,22,VIC1-NSW1,VIC1,125,125,20971.0,0.0
2023-11,C2022Q3,T12,C2022Q3T12,7,NSW1-QLD1,NSW1,106,55,5040.0,0.0
2023-11,C2022Q3,T12,C2022Q3T12,7,NSW1-QLD1,QLD1,233,100,10000.0,0.0
2023-11,C2022Q3,T12,C2022Q3T12,7,V-SA,SA1,115,66,5750.3,0.0
2023-11,C2022Q3,T12,C2022Q3T12,7,V-SA,VIC1,125,77,10278.0,0.0
2023-11,C2022Q3,T12,C2022Q3T12,7,VIC1-NSW1,NSW1,246,112,610.6,0.0
2023-11,C2022Q3,T12,C2022Q3T12,7,VIC1-NSW1,VIC1,232,172,38737.0,0.0
2023-11,C2022Q4,T11,C2022Q4T11,7,NSW1-QLD1,NSW1,80,45,11625.0,0.0
2023-11,C2022Q4,T11,C2022Q4T11,7,NSW1-QLD1,QLD1,260,100,11066.0,0.0
2023-11,C2022Q4,T11,C2022Q4T11,7,V-SA,SA1,100,64,6182.4,0.0
2023-11,C2022Q4,T11,C2022Q4T11,7,V-SA,VIC1,93,73,15687.91,0.0
2023-11,C2022Q4,T11,C2022Q4T11,7,VIC1-NSW1,NSW1,150,108,666.6,0.0
2023-11,C2022Q4,T11,C2022Q4T11,7,VIC1-NSW1,VIC1,208,145,44811.36,0.0
2023-11,C2023Q1,T10,C2023Q1T10,7,NSW1-QLD1,NSW1,80,45,19762.59,0.0
2023-11,C2023Q1,T10,C2023Q1T10,7,NSW1-QLD1,QLD1,301,110,17418.36,0.0
2023-11,C2023Q1,T10,C2023Q1T10,7,V-SA,SA1,84,64,7535.0,0.0
2023-11,C2023Q1,T10,C2023Q1T10,7,V-SA,VIC1,98,73,24624.61,0.0
2023-11,C2023Q1,T10,C2023Q1T10,7,VIC1-NSW1,NSW1,143,108,4500.0,0.0
2023-11,C2023Q1,T10,C2023Q1T10,7,VIC1-NSW1,VIC1,190,125,45360.46,0.0
2023-11,C2023Q2,T09,C2023Q2T09,7,NSW1-QLD1,NSW1,82,45,6499.89,0.0
2023-11,C2023Q2,T09,C2023Q2T09,7,NSW1-QLD1,QLD1,214,100,26000.0,0.0
2023-11,C2023Q2,T09,C2023Q2T09,7,V-SA,SA1,104,64,4500.0,0.0
2023-11,C2023Q2,T09,C2023Q2T09,7,V-SA,VIC1,98,73,16380.0,0.0
2023-11,C2023Q2,T09,C2023Q2T09,7,VIC1-NSW1,NSW1,320,108,900.0,0.0
2023-11,C2023Q2,T09,C2023Q2T09,7,VIC1-NSW1,VIC1,215,127,42000.0,0.0
2023-11,C2023Q3,T08,C2023Q3T08,7,NSW1-QLD1,NSW1,63,45,5495.89,0.0
2023-11,C2023Q3,T08,C2023Q3T08,7,NSW1-QLD1,QLD1,190,100,24636.83,0.0
2023-11,C2023Q3,T08,C2023Q3T08,7,V-SA,SA1,109,64,4000.0,0.0
2023-11,C2023Q3,T08,C2023Q3T08,7,V-SA,VIC1,98,73,15456.0,0.0
2023-11,C2023Q3,T08,C2023Q3T08,7,VIC1-NSW1,NSW1,225,108,937.0,0.0
2023-11,C2023Q3,T08,C2023Q3T08,7,VIC1-NSW1,VIC1,215,125,40752.46,0.0
2023-11,C2023Q4,T07,C2023Q4T07,7,NSW1-QLD1,NSW1,55,45,8663.0,0.0
2023-11,C2023Q4,T07,C2023Q4T07,7,NSW1-QLD1,QLD1,233,100,13907.2,0.0
2023-11,C2023Q4,T07,C2023Q4T07,7,V-SA,SA1,109,64,5142.5,0.0
2023-11,C2023Q4,T07,C2023Q4T07,7,V-SA,VIC1,93,73,9936.0,0.0
2023-11,C2023Q4,T07,C2023Q4T07,7,VIC1-NSW1,NSW1,157,108,1000.0,0.0
2023-11,C2023Q4,T07,C2023Q4T07,7,VIC1-NSW1,VIC1,202,150,40000.0,0.0
2023-11,C2024Q1,T06,C2024Q1T06,7,NSW1-QLD1,NSW1,55,45,13104.0,0.0
2023-11,C2024Q1,T06,C2024Q1T06,7,NSW1-QLD1,QLD1,165,100,17500.0,0.0
2023-11,C2024Q1,T06,C2024Q1T06,7,V-SA,SA1,64,64,5505.75,0.0
2023-11,C2024Q1,T06,C2024Q1T06,7,V-SA,VIC1,83,73,20716.66,0.0
2023-11,C2024Q1,T06,C2024Q1T06,7,VIC1-NSW1,NSW1,137,108,3276.0,0.0
2023-11,C2024Q1,T06,C2024Q1T06,7,VIC1-NSW1,VIC1,170,125,30000.0,0.0
2023-11,C2024Q2,T05,C2024Q2T05,7,NSW1-QLD1,NSW1,45,45,4496.89,0.0
2023-11,C2024Q2,T05,C2024Q2T05,7,NSW1-QLD1,QLD1,130,100,25538.71,0.0
2023-11,C2024Q2,T05,C2024Q2T05,7,V-SA,SA1,109,64,3075.8,0.0
2023-11,C2024Q2,T05,C2024Q2T05,7,V-SA,VIC1,83,73,16380.0,0.0
2023-11,C2024Q2,T05,C2024Q2T05,7,VIC1-NSW1,NSW1,164,108,873.6,0.0
2023-11,C2024Q2,T05,C2024Q2T05,7,VIC1-NSW1,VIC1,170,125,21169.0,0.0
2023-11,C2024Q3,T04,C2024Q3T04,7,NSW1-QLD1,NSW1,45,45,4496.89,0.0
2023-11,C2024Q3,T04,C2024Q3T04,7,NSW1-QLD1,QLD1,110,100,20444.61,0.0
2023-11,C2024Q3,T04,C2024Q3T04,7,V-SA,SA1,67,64,3746.52,0.0
2023-11,C2024Q3,T04,C2024Q3T04,7,V-SA,VIC1,83,73,15456.0,0.0
2023-11,C2024Q3,T04,C2024Q3T04,7,VIC1-NSW1,NSW1,108,108,750.6,0.0
2023-11,C2024Q3,T04,C2024Q3T04,7,VIC1-NSW1,VIC1,150,125,20793.0,0.0
2023-11,C2024Q4,T03,C2024Q4T03,7,NSW1-QLD1,NSW1,45,45,7653.6,0.0
2023-11,C2024Q4,T03,C2024Q4T03,7,NSW1-QLD1,QLD1,117,100,13314.24,0.0
2023-11,C2024Q4,T03,C2024Q4T03,7,V-SA,SA1,64,64,4000.0,0.0
2023-11,C2024Q4,T03,C2024Q4T03,7,V-SA,VIC1,73,73,12208.27,0.0
2023-11,C2024Q4,T03,C2024Q4T03,7,VIC1-NSW1,NSW1,108,108,824.69,0.0
2023-11,C2024Q4,T03,C2024Q4T03,7,VIC1-NSW1,VIC1,150,125,21443.0,0.0
2023-11,C2025Q1,T02,C2025Q1T02,7,NSW1-QLD1,NSW1,45,45,9996.89,0.0
2023-11,C2025Q1,T02,C2025Q1T02,7,NSW1-QLD1,QLD1,110,100,19072.8,0.0
2023-11,C2025Q1,T02,C2025Q1T02,7,V-SA,SA1,64,64,5407.5,0.0
2023-11,C2025Q1,T02,C2025Q1T02,7,V-SA,VIC1,73,73,18360.0,0.0
2023-11,C2025Q1,T02,C2025Q1T02,7,VIC1-NSW1,NSW1,108,108,3500.6,0.0
2023-11,C2025Q1,T02,C2025Q1T02,7,VIC1-NSW1,VIC1,135,125,21600.0,0.0
2023-11,C2025Q2,T01,C2025Q2T01,7,NSW1-QLD1,NSW1,45,45,4216.89,0.0
2023-11,C2025Q2,T01,C2025Q2T01,7,NSW1-QLD1,QLD1,100,100,21606.0,0.0
2023-11,C2025Q2,T01,C2025Q2T01,7,V-SA,SA1,64,64,3075.8,0.0
2023-11,C2025Q2,T01,C2025Q2T01,7,V-SA,VIC1,73,73,12500.0,0.0
2023-11,C2025Q2,T01,C2025Q2T01,7,VIC1-NSW1,NSW1,108,108,873.6,0.0
2023-11,C2025Q2,T01,C2025Q2T01,7,VIC1-NSW1,VIC1,125,125,18481.0,0.0
2023-11,C2022Q4,T12,C2022Q4T12,5,NSW1-QLD1,NSW1,95,55,17437.5,0.0
2023-11,C2022Q4,T12,C2022Q4T12,5,NSW1-QLD1,QLD1,335,115,12800.71,0.0
2023-11,C2022Q4,T12,C2022Q4T12,5,V-SA,SA1,106,66,6869.99,0.0
2023-11,C2022Q4,T12,C2022Q4T12,5,V-SA,VIC1,117,77,25000.0,0.0
2023-11,C2022Q4,T12,C2022Q4T12,5,VIC1-NSW1,NSW1,169,112,989.38,0.0
2023-11,C2023Q4,T03,C2023Q4T03,21,V-SA,VIC1,76,73,4200.97,0.0
2023-11,C2023Q4,T03,C2023Q4T03,21,VIC1-NSW1,NSW1,128,108,744.75,0.0
2023-11,C2023Q4,T03,C2023Q4T03,21,VIC1-NSW1,VIC1,166,125,12750.0,0.0
2023-11,C2024Q1,T02,C2024Q1T02,21,NSW1-QLD1,NSW1,45,45,4962.58,0.0
2023-11,C2024Q1,T02,C2024Q1T02,21,NSW1-QLD1,QLD1,113,100,18007.0,0.0
2023-11,C2024Q1,T02,C2024Q1T02,21,V-SA,SA1,64,64,4504.0,0.0
2023-11,C2024Q1,T02,C2024Q1T02,21,V-SA,VIC1,73,73,7213.0,0.0
2023-11,C2024Q1,T02,C2024Q1T02,21,VIC1-NSW1,NSW1,108,108,4200.39,0.0
2023-11,C2024Q1,T02,C2024Q1T02,21,VIC1-NSW1,VIC1,133,125,15642.0,0.0
2023-11,C2024Q2,T01,C2024Q2T01,21,NSW1-QLD1,NSW1,45,45,1455.0,0.0
2023-11,C2024Q2,T01,C2024Q2T01,21,NSW1-QLD1,QLD1,100,100,15267.0,0.0
2023-11,C2024Q2,T01,C2024Q2T01,21,V-SA,SA1,64,64,3300.85,0.0
2023-11,C2024Q2,T01,C2024Q2T01,21,V-SA,VIC1,73,73,4086.47,0.0
2023-11,C2024Q2,T01,C2024Q2T01,21,VIC1-NSW1,NSW1,108,108,600.0,0.0
2023-11,C2024Q2,T01,C2024Q2T01,21,VIC1-NSW1,VIC1,125,125,11445.72,0.0
2023-11,C2021Q4,T12,C2021Q4T12,18,NSW1-QLD1,NSW1,87,55,5000.0,0.0
2023-11,C2021Q4,T12,C2021Q4T12,18,NSW1-QLD1,QLD1,275,100,8675.0,0.0
2023-11,C2021Q4,T12,C2021Q4T12,18,V-SA,SA1,90,66,5204.0,0.0
2023-11,C2021Q4,T12,C2021Q4T12,18,V-SA,VIC1,120,77,7001.0,0.0
2023-11,C2021Q4,T12,C2021Q4T12,18,VIC1-NSW1,NSW1,192,112,1004.0,0.0
2023-11,C2021Q4,T12,C2021Q4T12,18,VIC1-NSW1,VIC1,281,125,15500.0,0.0
2023-11,C2022Q1,T11,C2022Q1T11,18,NSW1-QLD1,NSW1,48,45,6584.0,0.0
2023-11,C2022Q1,T11,C2022Q1T11,18,NSW1-QLD1,QLD1,224,103,14560.59,0.0
2023-11,C2022Q1,T11,C2022Q1T11,18,V-SA,SA1,97,65,6277.7,0.0
2023-11,C2022Q1,T11,C2022Q1T11,18,V-SA,VIC1,96,74,10296.0,0.0
2023-11,C2022Q1,T11,C2022Q1T11,18,VIC1-NSW1,NSW1,226,128,4860.0,0.0
2023-11,C2022Q1,T11,C2022Q1T11,18,VIC1-NSW1,VIC1,267,144,17380.87,0.0
2023-11,C2022Q2,T10,C2022Q2T10,18,NSW1-QLD1,NSW1,45,45,2750.0,0.0
2023-11,C2022Q2,T10,C2022Q2T10,18,NSW1-QLD1,QLD1,187,100,13750.0,0.0
2023-11,C2022Q2,T10,C2022Q2T10,18,V-SA,SA1,90,64,3841.0,0.0
2023-11,C2022Q2,T10,C2022Q2T10,18,V-SA,VIC1,167,82,5171.02,0.0
2023-11,C2022Q2,T10,C2022Q2T10,18,VIC1-NSW1,NSW1,306,108,1204.0,0.0
2023-11,C2022Q2,T10,C2022Q2T10,18,VIC1-NSW1,VIC1,161,125,13750.0,0.0
2023-11,C2022Q3,T09,C2022Q3T09,18,NSW1-QLD1,NSW1,45,45,2439.06,0.0
2023-11,C2022Q3,T09,C2022Q3T09,18,NSW1-QLD1,QLD1,192,100,15250.0,0.0
2023-11,C2022Q3,T09,C2022Q3T09,18,V-SA,SA1,112,64,4763.0,0.0
2023-11,C2022Q3,T09,C2022Q3T09,18,V-SA,VIC1,125,73,6000.0,0.0
2023-11,C2022Q3,T09,C2022Q3T09,18,VIC1-NSW1,NSW1,272,108,1204.0,0.0
2023-11,C2022Q3,T09,C2022Q3T09,18,VIC1-NSW1,VIC1,201,125,13616.76,0.0
2023-11,C2022Q4,T08,C2022Q4T08,18,NSW1-QLD1,NSW1,45,45,4007.9,0.0
2023-11,C2022Q4,T08,C2022Q4T08,18,NSW1-QLD1,QLD1,201,100,12474.59,0.0
2023-11,C2022Q4,T08,C2022Q4T08,18,V-SA,SA1,85,64,5036.0,0.0
2023-11,C2022Q4,T08,C2022Q4T08,18,V-SA,VIC1,147,73,6731.0,0.0
2023-11,C2022Q4,T08,C2022Q4T08,18,VIC1-NSW1,NSW1,174,108,1078.0,0.0
2023-11,C2022Q4,T08,C2022Q4T08,18,VIC1-NSW1,VIC1,258,125,16782.7,0.0
2023-11,C2023Q1,T07,C2023Q1T07,18,NSW1-QLD1,NSW1,45,45,6133.29,0.0
2023-11,C2023Q1,T07,C2023Q1T07,18,NSW1-QLD1,QLD1,242,110,18000.0,0.0
2023-11,C2023Q1,T07,C2023Q1T07,18,V-SA,SA1,81,64,6000.0,0.0
2023-11,C2023Q1,T07,C2023Q1T07,18,V-SA,VIC1,98,74,10165.16,0.0
2023-11,C2023Q1,T07,C2023Q1T07,18,VIC1-NSW1,NSW1,118,108,4989.6,0.0
2023-11,C2023Q1,T07,C2023Q1T07,18,VIC1-NSW1,VIC1,202,130,19250.87,0.0
2023-11,C2023Q2,T06,C2023Q2T06,18,NSW1-QLD1,NSW1,47,45,2000.0,0.0
2023-11,C2023Q2,T06,C2023Q2T06,18,NSW1-QLD1,QLD1,157,100,17909.89,0.0
2023-11,C2023Q2,T06,C2023Q2T06,18,V-SA,SA1,133,64,3548.44,0.0
2023-11,C2023Q2,T06,C2023Q2T06,18,V-SA,VIC1,106,73,5460.0,0.0
2023-11,C2023Q2,T06,C2023Q2T06,18,VIC1-NSW1,NSW1,301,108,1004.0,0.0
2023-11,C2023Q2,T06,C2023Q2T06,18,VIC1-NSW1,VIC1,192,125,15441.4,0.0
2023-11,C2023Q3,T05,C2023Q3T05,18,NSW1-QLD1,NSW1,51,45,2000.0,0.0
2023-11,C2023Q3,T05,C2023Q3T05,18,NSW1-QLD1,QLD1,126,100,19125.36,0.0
2023-11,C2023Q3,T05,C2023Q3T05,18,V-SA,SA1,114,64,4080.9,0.0
2023-11,C2023Q3,T05,C2023Q3T05,18,V-SA,VIC1,96,73,5931.0,0.0
2023-11,C2023Q3,T05,C2023Q3T05,18,VIC1-NSW1,NSW1,154,108,1104.0,0.0
2023-11,C2023Q3,T05,C2023Q3T05,18,VIC1-NSW1,VIC1,191,125,15226.64,0.0
2023-11,C2023Q4,T04,C2023Q4T04,18,NSW1-QLD1,NSW1,45,45,3343.47,0.0
2023-11,C2023Q4,T04,C2023Q4T04,18,NSW1-QLD1,QLD1,120,100,16440.0,0.0
2023-11,C2023Q4,T04,C2023Q4T04,18,V-SA,SA1,90,64,4452.0,0.0
2023-11,C2023Q4,T04,C2023Q4T04,18,V-SA,VIC1,87,73,7728.0,0.0
2023-11,C2023Q4,T04,C2023Q4T04,18,VIC1-NSW1,NSW1,138,108,1170.0,0.0
2023-11,C2023Q4,T04,C2023Q4T04,18,VIC1-NSW1,VIC1,186,125,16575.0,0.0
2023-11,C2024Q1,T03,C2024Q1T03,18,NSW1-QLD1,NSW1,45,45,5458.84,0.0
2023-11,C2024Q1,T03,C2024Q1T03,18,NSW1-QLD1,QLD1,113,100,19807.7,0.0
2023-11,C2024Q1,T03,C2024Q1T03,18,V-SA,SA1,68,64,4754.0,0.0
2023-11,C2024Q1,T03,C2024Q1T03,18,V-SA,VIC1,85,73,9761.0,0.0
2023-11,C2024Q1,T03,C2024Q1T03,18,VIC1-NSW1,NSW1,114,108,4620.43,0.0
2023-11,C2024Q1,T03,C2024Q1T03,18,VIC1-NSW1,VIC1,133,133,20334.59,0.0
2023-11,C2024Q2,T02,C2024Q2T02,18,NSW1-QLD1,NSW1,45,45,2000.0,0.0
2023-11,C2024Q2,T02,C2024Q2T02,18,NSW1-QLD1,QLD1,100,100,20407.93,0.0
2023-11,C2024Q2,T02,C2024Q2T02,18,V-SA,SA1,82,64,3186.17,0.0
2023-11,C2024Q2,T02,C2024Q2T02,18,V-SA,VIC1,73,73,5460.0,0.0
2023-11,C2024Q2,T02,C2024Q2T02,18,VIC1-NSW1,NSW1,164,108,1004.0,0.0
2023-11,C2024Q2,T02,C2024Q2T02,18,VIC1-NSW1,VIC1,126,125,14879.43,0.0
2023-11,C2024Q3,T01,C2024Q3T01,18,NSW1-QLD1,NSW1,45,45,2000.0,0.0
2023-11,C2024Q3,T01,C2024Q3T01,18,NSW1-QLD1,QLD1,100,100,19125.36,0.0
2023-11,C2024Q3,T01,C2024Q3T01,18,V-SA,SA1,64,64,3746.4,0.0
2023-11,C2024Q3,T01,C2024Q3T01,18,V-SA,VIC1,73,73,6000.0,0.0
2023-11,C2024Q3,T01,C2024Q3T01,18,VIC1-NSW1,NSW1,108,108,1046.85,0.0
2023-11,C2024Q3,T01,C2024Q3T01,18,VIC1-NSW1,VIC1,125,125,15226.64,0.0
2023-11,C2022Q1,T12,C2022Q1T12,17,NSW1-QLD1,NSW1,94,60,12123.0,0.0
2023-11,C2022Q1,T12,C2022Q1T12,17,NSW1-QLD1,QLD1,329,106,10987.65,0.0
2023-11,C2022Q1,T12,C2022Q1T12,17,V-SA,SA1,111,84,6593.0,0.0
2023-11,C2022Q1,T12,C2022Q1T12,17,V-SA,VIC1,112,77,12500.0,0.0
2023-11,C2022Q1,T12,C2022Q1T12,17,VIC1-NSW1,NSW1,186,137,4320.0,0.0
2023-11,C2022Q1,T12,C2022Q1T12,17,VIC1-NSW1,VIC1,349,125,19422.49,0.0
2023-11,C2022Q2,T11,C2022Q2T11,17,NSW1-QLD1,NSW1,83,55,3906.0,0.0
2023-11,C2022Q2,T11,C2022Q2T11,17,NSW1-QLD1,QLD1,251,100,9350.0,0.0
2023-11,C2022Q2,T11,C2022Q2T11,17,V-SA,SA1,114,66,5192.0,0.0
2023-11,C2022Q2,T11,C2022Q2T11,17,V-SA,VIC1,133,73,7050.0,0.0
2023-11,C2022Q2,T11,C2022Q2T11,17,VIC1-NSW1,NSW1,317,151,1240.0,0.0
2023-11,C2022Q2,T11,C2022Q2T11,17,VIC1-NSW1,VIC1,223,145,15000.0,0.0
2023-11,C2022Q3,T10,C2022Q3T10,17,NSW1-QLD1,NSW1,83,55,2993.94,0.0
2023-11,C2022Q3,T10,C2022Q3T10,17,NSW1-QLD1,QLD1,278,114,12750.0,0.0
2023-11,C2022Q3,T10,C2022Q3T10,17,V-SA,SA1,136,79,5655.55,0.0
2023-11,C2022Q3,T10,C2022Q3T10,17,V-SA,VIC1,133,73,7533.33,0.0
2023-11,C2022Q3,T10,C2022Q3T10,17,VIC1-NSW1,NSW1,265,126,1385.2,0.0
2023-11,C2022Q3,T10,C2022Q3T10,17,VIC1-NSW1,VIC1,263,131,13000.0,0.0
2023-11,C2022Q4,T09,C2022Q4T09,17,NSW1-QLD1,NSW1,73,45,6000.0,0.0
2023-11,C2022Q4,T09,C2022Q4T09,17,NSW1-QLD1,QLD1,285,100,9445.0,0.0
2023-11,C2022Q4,T09,C2022Q4T09,17,V-SA,SA1,108,64,6132.43,0.0
2023-11,C2022Q4,T09,C2022Q4T09,17,V-SA,VIC1,153,73,7940.85,0.0
2023-11,C2022Q4,T09,C2022Q4T09,17,VIC1-NSW1,NSW1,174,108,1200.0,0.0
2023-11,C2022Q4,T09,C2022Q4T09,17,VIC1-NSW1,VIC1,261,128,19024.49,0.0
2023-11,C2023Q1,T08,C2023Q1T08,17,NSW1-QLD1,NSW1,73,45,7800.94,0.0
2023-11,C2023Q1,T08,C2023Q1T08,17,NSW1-QLD1,QLD1,271,105,15164.59,0.0
2023-11,C2023Q1,T08,C2023Q1T08,17,V-SA,SA1,87,77,6603.0,0.0
2023-11,C2023Q1,T08,C2023Q1T08,17,V-SA,VIC1,104,73,13365.0,0.0
2023-11,C2023Q1,T08,C2023Q1T08,17,VIC1-NSW1,NSW1,153,110,4551.0,0.0
2023-11,C2023Q1,T08,C2023Q1T08,17,VIC1-NSW1,VIC1,165,125,21175.95,0.0
2023-11,C2023Q2,T07,C2023Q2T07,17,NSW1-QLD1,NSW1,71,45,2410.0,0.0
2023-11,C2023Q2,T07,C2023Q2T07,17,NSW1-QLD1,QLD1,220,100,17015.0,0.0
2023-11,C2023Q2,T07,C2023Q2T07,17,V-SA,SA1,129,86,4403.0,0.0
2023-11,C2023Q2,T07,C2023Q2T07,17,V-SA,VIC1,113,73,6606.6,0.0
2023-11,C2023Q2,T07,C2023Q2T07,17,VIC1-NSW1,NSW1,188,108,1104.4,0.0
2023-11,C2023Q2,T07,C2023Q2T07,17,VIC1-NSW1,VIC1,223,125,15820.49,0.0
2023-11,C2023Q3,T06,C2023Q3T06,17,NSW1-QLD1,NSW1,75,45,2400.0,0.0
2023-11,C2023Q3,T06,C2023Q3T06,17,NSW1-QLD1,QLD1,170,100,18260.0,0.0
2023-11,C2023Q3,T06,C2023Q3T06,17,V-SA,SA1,118,72,5000.0,0.0
2023-11,C2023Q3,T06,C2023Q3T06,17,V-SA,VIC1,103,73,7500.0,0.0
2023-11,C2023Q3,T06,C2023Q3T06,17,VIC1-NSW1,NSW1,175,108,1106.0,0.0
2023-11,C2023Q3,T06,C2023Q3T06,17,VIC1-NSW1,VIC1,203,125,15590.49,0.0
2023-11,C2023Q4,T05,C2023Q4T05,17,NSW1-QLD1,NSW1,65,45,5349.55,0.0
2023-11,C2024Q2,T05,C2024Q2T05,4,NSW1-QLD1,NSW1,45,45,4496.89,0.0
2023-11,C2024Q2,T05,C2024Q2T05,4,NSW1-QLD1,QLD1,130,100,25538.71,0.0
2023-11,C2024Q2,T05,C2024Q2T05,4,V-SA,SA1,109,64,3075.8,0.0
2023-11,C2024Q2,T05,C2024Q2T05,4,V-SA,VIC1,83,73,16380.0,0.0
2023-11,C2024Q2,T05,C2024Q2T05,4,VIC1-NSW1,NSW1,164,108,873.6,0.0
2023-11,C2024Q2,T05,C2024Q2T05,4,VIC1-NSW1,VIC1,170,125,21169.0,0.0
2023-11,C2024Q3,T04,C2024Q3T04,4,NSW1-QLD1,NSW1,45,45,4496.89,0.0
2023-11,C2024Q3,T04,C2024Q3T04,4,NSW1-QLD1,QLD1,110,100,20444.61,0.0
2023-11,C2024Q3,T04,C2024Q3T04,4,V-SA,SA1,67,64,3746.52,0.0
2023-11,C2024Q3,T04,C2024Q3T04,4,V-SA,VIC1,83,73,15456.0,0.0
2023-11,C2024Q3,T04,C2024Q3T04,4,VIC1-NSW1,NSW1,108,108,750.6,0.0
2023-11,C2024Q3,T04,C2024Q3T04,4,VIC1-NSW1,VIC1,150,125,20793.0,0.0
2023-11,C2024Q4,T03,C2024Q4T03,4,NSW1-QLD1,NSW1,45,45,7653.6,0.0
2023-11,C2024Q4,T03,C2024Q4T03,4,NSW1-QLD1,QLD1,117,100,13314.24,0.0
2023-11,C2024Q4,T03,C2024Q4T03,4,V-SA,SA1,64,64,4000.0,0.0
2023-11,C2024Q4,T03,C2024Q4T03,4,V-SA,VIC1,73,73,12208.27,0.0
2023-11,C2024Q4,T03,C2024Q4T03,4,VIC1-NSW1,NSW1,108,108,824.69,0.0
2023-11,C2024Q4,T03,C2024Q4T03,4,VIC1-NSW1,VIC1,150,125,21443.0,0.0
2023-11,C2025Q1,T02,C2025Q1T02,4,NSW1-QLD1,NSW1,45,45,9996.89,0.0
2023-11,C2025Q1,T02,C2025Q1T02,4,NSW1-QLD1,QLD1,110,100,19072.8,0.0
2023-11,C2025Q1,T02,C2025Q1T02,4,V-SA,SA1,64,64,5407.5,0.0
2023-11,C2025Q1,T02,C2025Q1T02,4,V-SA,VIC1,73,73,18360.0,0.0
2023-11,C2025Q1,T02,C2025Q1T02,4,VIC1-NSW1,NSW1,108,108,3500.6,0.0
2023-11,C2025Q1,T02,C2025Q1T02,4,VIC1-NSW1,VIC1,135,125,21600.0,0.0
2023-11,C2025Q2,T01,C2025Q2T01,4,NSW1-QLD1,NSW1,45,45,4216.89,0.0
2023-11,C2025Q2,T01,C2025Q2T01,4,NSW1-QLD1,QLD1,100,100,21606.0,0.0
2023-11,C2025Q2,T01,C2025Q2T01,4,V-SA,SA1,64,64,3075.8,0.0
2023-11,C2025Q2,T01,C2025Q2T01,4,V-SA,VIC1,73,73,12500.0,0.0
2023-11,C2025Q2,T01,C2025Q2T01,4,VIC1-NSW1,NSW1,108,108,873.6,0.0
2023-11,C2025Q2,T01,C2025Q2T01,4,VIC1-NSW1,VIC1,125,125,18481.0,0.0
2023-11,C2022Q4,T12,C2022Q4T12,3,NSW1-QLD1,NSW1,95,55,17437.5,0.0
2023-11,C2022Q4,T12,C2022Q4T12,3,NSW1-QLD1,QLD1,335,115,12800.71,0.0
2023-11,C2022Q4,T12,C2022Q4T12,3,V-SA,SA1,106,66,6869.99,0.0
2023-11,C2022Q4,T12,C2022Q4T12,3,V-SA,VIC1,117,77,25000.0,0.0
2023-11,C2022Q4,T12,C2022Q4T12,3,VIC1-NSW1,NSW1,169,112,989.38,0.0
2023-11,C2022Q4,T12,C2022Q4T12,3,VIC1-NSW1,VIC1,253,145,46417.0,0.0
2023-11,C2023Q1,T11,C2023Q1T11,3,NSW1-QLD1,NSW1,65,45,23000.0,0.0
2023-11,C2023Q1,T11,C2023Q1T11,3,NSW1-QLD1,QLD1,295,110,16660.71,0.0
2023-11,C2023Q1,T11,C2023Q1T11,3,V-SA,SA1,94,64,8288.5,0.0
2023-11,C2023Q1,T11,C2023Q1T11,3,V-SA,VIC1,103,73,30000.0,0.0
2023-11,C2023Q1,T11,C2023Q1T11,3,VIC1-NSW1,NSW1,143,113,5000.0,0.0
2023-11,C2023Q1,T11,C2023Q1T11,3,VIC1-NSW1,VIC1,240,130,43320.0,0.0
2023-11,C2023Q2,T10,C2023Q2T10,3,NSW1-QLD1,NSW1,94,45,7800.0,0.0
2023-11,C2023Q2,T10,C2023Q2T10,3,NSW1-QLD1,QLD1,239,113,36800.0,0.0
2023-11,C2023Q2,T10,C2023Q2T10,3,V-SA,SA1,136,64,5600.03,0.0
2023-11,C2023Q2,T10,C2023Q2T10,3,V-SA,VIC1,103,73,21000.0,0.0
2023-11,C2023Q2,T10,C2023Q2T10,3,VIC1-NSW1,NSW1,287,108,2257.0,0.0
2023-11,C2023Q2,T10,C2023Q2T10,3,VIC1-NSW1,VIC1,261,134,48000.0,0.0
2023-11,C2023Q3,T09,C2023Q3T09,3,NSW1-QLD1,NSW1,75,45,6869.86,0.0
2023-11,C2023Q3,T09,C2023Q3T09,3,NSW1-QLD1,QLD1,210,105,30000.0,0.0
2023-11,C2023Q3,T09,C2023Q3T09,3,V-SA,SA1,114,64,6400.03,0.0
2023-11,C2023Q3,T09,C2023Q3T09,3,V-SA,VIC1,103,73,20000.0,0.0
2023-11,C2023Q3,T09,C2023Q3T09,3,VIC1-NSW1,NSW1,225,118,2840.0,0.0
2023-11,C2023Q3,T09,C2023Q3T09,3,VIC1-NSW1,VIC1,264,145,41830.25,0.0
2023-11,C2023Q4,T08,C2023Q4T08,3,NSW1-QLD1,NSW1,65,45,11578.0,0.0
2023-11,C2023Q4,T08,C2023Q4T08,3,NSW1-QLD1,QLD1,220,100,14100.98,0.0
2023-11,C2023Q4,T08,C2023Q4T08,3,V-SA,SA1,109,64,6200.03,0.0
2023-11,C2023Q4,T08,C2023Q4T08,3,V-SA,VIC1,103,73,17928.96,0.0
2023-11,C2023Q4,T08,C2023Q4T08,3,VIC1-NSW1,NSW1,152,108,1477.0,0.0
2023-11,C2023Q4,T08,C2023Q4T08,3,VIC1-NSW1,VIC1,262,159,43000.0,0.0
2023-11,C2024Q1,T07,C2024Q1T07,3,NSW1-QLD1,NSW1,65,45,16421.87,0.0
2023-11,C2024Q1,T07,C2024Q1T07,3,NSW1-QLD1,QLD1,195,100,17000.0,0.0
2023-11,C2024Q1,T07,C2024Q1T07,3,V-SA,SA1,84,64,6909.01,0.0
2023-11,C2024Q1,T07,C2024Q1T07,3,V-SA,VIC1,83,73,30000.0,0.0
2023-11,C2024Q1,T07,C2024Q1T07,3,VIC1-NSW1,NSW1,137,108,4000.0,0.0
2023-11,C2024Q1,T07,C2024Q1T07,3,VIC1-NSW1,VIC1,210,125,31875.0,0.0
2023-11,C2024Q2,T06,C2024Q2T06,3,NSW1-QLD1,NSW1,68,47,6621.11,0.0
2023-11,C2024Q2,T06,C2024Q2T06,3,NSW1-QLD1,QLD1,162,100,29505.84,0.0
2023-11,C2024Q2,T06,C2024Q2T06,3,V-SA,SA1,114,64,5008.0,0.0
2023-11,C2024Q2,T06,C2024Q2T06,3,V-SA,VIC1,83,73,22113.0,0.0
2023-11,C2024Q2,T06,C2024Q2T06,3,VIC1-NSW1,NSW1,184,108,1908.0,0.0
2023-11,C2024Q2,T06,C2024Q2T06,3,VIC1-NSW1,VIC1,215,125,25000.0,0.0
2023-11,C2024Q3,T05,C2024Q3T05,3,NSW1-QLD1,NSW1,68,50,6624.0,0.0
2023-11,C2024Q3,T05,C2024Q3T05,3,NSW1-QLD1,QLD1,165,100,28337.47,0.0
2023-11,C2024Q3,T05,C2024Q3T05,3,V-SA,SA1,105,64,5600.0,0.0
2023-11,C2024Q3,T05,C2024Q3T05,3,V-SA,VIC1,83,73,20000.0,0.0
2023-11,C2024Q3,T05,C2024Q3T05,3,VIC1-NSW1,NSW1,131,108,1932.0,0.0
2023-11,C2024Q3,T05,C2024Q3T05,3,VIC1-NSW1,VIC1,198,125,25000.0,0.0
2023-11,C2024Q4,T04,C2024Q4T04,3,NSW1-QLD1,NSW1,65,45,9003.0,0.0
2023-11,C2024Q4,T04,C2024Q4T04,3,NSW1-QLD1,QLD1,157,117,16115.83,0.0
2023-11,C2024Q4,T04,C2024Q4T04,3,V-SA,SA1,90,64,5468.0,0.0
2023-11,C2024Q4,T04,C2024Q4T04,3,V-SA,VIC1,73,73,18000.0,0.0
2023-11,C2024Q4,T04,C2024Q4T04,3,VIC1-NSW1,NSW1,108,108,1200.0,0.0
2023-11,C2024Q4,T04,C2024Q4T04,3,VIC1-NSW1,VIC1,165,125,25000.0,0.0
2023-11,C2025Q1,T03,C2025Q1T03,3,NSW1-QLD1,NSW1,47,45,11805.0,0.0
2023-11,C2025Q1,T03,C2025Q1T03,3,NSW1-QLD1,QLD1,134,100,20980.08,0.0
2023-11,C2025Q1,T03,C2025Q1T03,3,V-SA,SA1,64,64,7206.0,0.0
2023-11,C2025Q1,T03,C2025Q1T03,3,V-SA,VIC1,76,73,30000.0,0.0
2023-11,C2025Q1,T03,C2025Q1T03,3,VIC1-NSW1,NSW1,108,108,3850.66,0.0
2023-11,C2025Q1,T03,C2025Q1T03,3,VIC1-NSW1,VIC1,144,125,25000.0,0.0
2023-11,C2025Q2,T02,C2025Q2T02,3,NSW1-QLD1,NSW1,52,45,6597.87,0.0
2023-11,C2025Q2,T02,C2025Q2T02,3,NSW1-QLD1,QLD1,100,100,29267.78,0.0
2023-11,C2025Q2,T02,C2025Q2T02,3,V-SA,SA1,64,64,3900.03,0.0
2023-11,C2025Q2,T02,C2025Q2T02,3,V-SA,VIC1,73,73,17963.4,0.0
2023-11,C2025Q2,T02,C2025Q2T02,3,VIC1-NSW1,NSW1,108,108,1447.0,0.0
2023-11,C2025Q2,T02,C2025Q2T02,3,VIC1-NSW1,VIC1,125,125,24120.09,0.0
2023-11,C2025Q3,T01,C2025Q3T01,3,NSW1-QLD1,NSW1,45,45,7320.53,0.0
2023-11,C2025Q3,T01,C2025Q3T01,3,NSW1-QLD1,QLD1,100,100,30910.9,0.0
2023-11,C2025Q3,T01,C2025Q3T01,3,V-SA,SA1,64,64,4384.0,0.0
2023-11,C2025Q3,T01,C2025Q3T01,3,V-SA,VIC1,73,73,18500.0,0.0
2023-11,C2025Q3,T01,C2025Q3T01,3,VIC1-NSW1,NSW1,108,108,1292.28,0.0
2023-11,C2025Q3,T01,C2025Q3T01,3,VIC1-NSW1,VIC1,125,125,25920.09,0.0
2023-11,C2023Q1,T12,C2023Q1T12,3,NSW1-QLD1,NSW1,95,58,23500.0,0.0
2023-11,C2023Q1,T12,C2023Q1T12,3,NSW1-QLD1,QLD1,316,148,15000.0,0.0
2023-11,C2023Q1,T12,C2023Q1T12,3,V-SA,SA1,99,81,8372.0,0.0
2023-11,C2023Q1,T12,C2023Q1T12,3,V-SA,VIC1,129,88,31200.0,0.0
2023-11,C2023Q1,T12,C2023Q1T12,3,VIC1-NSW1,NSW1,147,122,5050.0,0.0
2023-11,C2023Q1,T12,C2023Q1T12,3,VIC1-NSW1,VIC1,285,125,29361.81,0.0
2023-11,C2023Q2,T11,C2023Q2T11,3,NSW1-QLD1,NSW1,86,74,7562.0,0.0
2023-11,C2023Q2,T11,C2023Q2T11,3,NSW1-QLD1,QLD1,298,105,24000.0,0.0
2023-11,C2023Q2,T11,C2023Q2T11,3,V-SA,SA1,138,76,6300.94,0.0
2023-11,C2023Q2,T11,C2023Q2T11,3,V-SA,VIC1,142,73,21000.0,0.0
2023-11,C2023Q2,T11,C2023Q2T11,3,VIC1-NSW1,NSW1,291,125,2931.0,0.0
2023-11,C2023Q2,T11,C2023Q2T11,3,VIC1-NSW1,VIC1,293,132,25000.0,0.0
2023-11,C2023Q3,T10,C2023Q3T10,3,NSW1-QLD1,NSW1,67,58,8080.33,0.0
2023-11,C2023Q3,T10,C2023Q3T10,3,NSW1-QLD1,QLD1,255,100,18600.0,0.0
2023-11,C2023Q3,T10,C2023Q3T10,3,V-SA,SA1,136,64,7380.0,0.0
2023-11,C2023Q3,T10,C2023Q3T10,3,V-SA,VIC1,193,73,19954.0,0.0
2023-11,C2023Q3,T10,C2023Q3T10,3,VIC1-NSW1,NSW1,213,131,3244.04,0.0
2023-11,C2023Q3,T10,C2023Q3T10,3,VIC1-NSW1,VIC1,273,125,25000.0,0.0
2023-11,C2023Q4,T09,C2023Q4T09,3,NSW1-QLD1,NSW1,57,45,12156.0,0.0
2023-11,C2023Q4,T09,C2023Q4T09,3,NSW1-QLD1,QLD1,198,111,14000.0,0.0
2023-11,C2023Q4,T09,C2023Q4T09,3,V-SA,SA1,131,64,6667.13,0.0
2023-11,C2023Q4,T09,C2023Q4T09,3,V-SA,VIC1,170,73,17997.83,0.0
2023-11,C2023Q4,T09,C2023Q4T09,3,VIC1-NSW1,NSW1,160,108,1435.2,0.0
2023-11,C2023Q4,T09,C2023Q4T09,3,VIC1-NSW1,VIC1,259,125,25000.0,0.0
2023-11,C2024Q1,T08,C2024Q1T08,3,NSW1-QLD1,NSW1,82,45,18000.96,0.0
2023-11,C2024Q1,T08,C2024Q1T08,3,NSW1-QLD1,QLD1,173,100,16991.52,0.0
2023-11,C2024Q1,T08,C2024Q1T08,3,V-SA,SA1,76,64,7644.0,0.0
2023-11,C2024Q1,T08,C2024Q1T08,3,V-SA,VIC1,174,88,47000.99,0.0
2023-11,C2022Q4,T12,C2022Q4T12,5,VIC1-NSW1,VIC1,253,145,46417.0,0.0
2023-11,C2023Q1,T11,C2023Q1T11,5,NSW1-QLD1,NSW1,65,45,23000.0,0.0
2023-11,C2023Q1,T11,C2023Q1T11,5,NSW1-QLD1,QLD1,295,110,16660.71,0.0
2023-11,C2023Q1,T11,C2023Q1T11,5,V-SA,SA1,94,64,8288.5,0.0
2023-11,C2023Q1,T11,C2023Q1T11,5,V-SA,VIC1,103,73,30000.0,0.0
2023-11,C2023Q1,T11,C2023Q1T11,5,VIC1-NSW1,NSW1,143,113,5000.0,0.0
2023-11,C2023Q1,T11,C2023Q1T11,5,VIC1-NSW1,VIC1,240,130,43320.0,0.0
2023-11,C2023Q2,T10,C2023Q2T10,5,NSW1-QLD1,NSW1,94,45,7800.0,0.0
2023-11,C2023Q2,T10,C2023Q2T10,5,NSW1-QLD1,QLD1,239,113,36800.0,0.0
2023-11,C2023Q2,T10,C2023Q2T10,5,V-SA,SA1,136,64,5600.03,0.0
2023-11,C2023Q2,T10,C2023Q2T10,5,V-SA,VIC1,103,73,21000.0,0.0
2023-11,C2023Q2,T10,C2023Q2T10,5,VIC1-NSW1,NSW1,287,108,2257.0,0.0
2023-11,C2023Q2,T10,C2023Q2T10,5,VIC1-NSW1,VIC1,261,134,48000.0,0.0
2023-11,C2023Q3,T09,C2023Q3T09,5,NSW1-QLD1,NSW1,75,45,6869.86,0.0
2023-11,C2023Q3,T09,C2023Q3T09,5,NSW1-QLD1,QLD1,210,105,30000.0,0.0
2023-11,C2023Q3,T09,C2023Q3T09,5,V-SA,SA1,114,64,6400.03,0.0
2023-11,C2023Q3,T09,C2023Q3T09,5,V-SA,VIC1,103,73,20000.0,0.0
2023-11,C2023Q3,T09,C2023Q3T09,5,VIC1-NSW1,NSW1,225,118,2840.0,0.0
2023-11,C2023Q3,T09,C2023Q3T09,5,VIC1-NSW1,VIC1,264,145,41830.25,0.0
2023-11,C2023Q4,T08,C2023Q4T08,5,NSW1-QLD1,NSW1,65,45,11578.0,0.0
2023-11,C2023Q4,T08,C2023Q4T08,5,NSW1-QLD1,QLD1,220,100,14100.98,0.0
2023-11,C2023Q4,T08,C2023Q4T08,5,V-SA,SA1,109,64,6200.03,0.0
2023-11,C2023Q4,T08,C2023Q4T08,5,V-SA,VIC1,103,73,17928.96,0.0
2023-11,C2023Q4,T08,C2023Q4T08,5,VIC1-NSW1,NSW1,152,108,1477.0,0.0
2023-11,C2023Q4,T08,C2023Q4T08,5,VIC1-NSW1,VIC1,262,159,43000.0,0.0
2023-11,C2024Q1,T07,C2024Q1T07,5,NSW1-QLD1,NSW1,65,45,16421.87,0.0
2023-11,C2024Q1,T07,C2024Q1T07,5,NSW1-QLD1,QLD1,195,100,17000.0,0.0
2023-11,C2024Q1,T07,C2024Q1T07,5,V-SA,SA1,84,64,6909.01,0.0
2023-11,C2024Q1,T07,C2024Q1T07,5,V-SA,VIC1,83,73,30000.0,0.0
2023-11,C2024Q1,T07,C2024Q1T07,5,VIC1-NSW1,NSW1,137,108,4000.0,0.0
2023-11,C2024Q1,T07,C2024Q1T07,5,VIC1-NSW1,VIC1,210,125,31875.0,0.0
2023-11,C2024Q2,T06,C2024Q2T06,5,NSW1-QLD1,NSW1,68,47,6621.11,0.0
2023-11,C2024Q2,T06,C2024Q2T06,5,NSW1-QLD1,QLD1,162,100,29505.84,0.0
2023-11,C2024Q2,T06,C2024Q2T06,5,V-SA,SA1,114,64,5008.0,0.0
2023-11,C2024Q2,T06,C2024Q2T06,5,V-SA,VIC1,83,73,22113.0,0.0
2023-11,C2024Q2,T06,C2024Q2T06,5,VIC1-NSW1,NSW1,184,108,1908.0,0.0
2023-11,C2024Q2,T06,C2024Q2T06,5,VIC1-NSW1,VIC1,215,125,25000.0,0.0
2023-11,C2024Q3,T05,C2024Q3T05,5,NSW1-QLD1,NSW1,68,50,6624.0,0.0
2023-11,C2024Q3,T05,C2024Q3T05,5,NSW1-QLD1,QLD1,165,100,28337.47,0.0
2023-11,C2024Q3,T05,C2024Q3T05,5,V-SA,SA1,105,64,5600.0,0.0
2023-11,C2024Q3,T05,C2024Q3T05,5,V-SA,VIC1,83,73,20000.0,0.0
2023-11,C2024Q3,T05,C2024Q3T05,5,VIC1-NSW1,NSW1,131,108,1932.0,0.0
2023-11,C2024Q3,T05,C2024Q3T05,5,VIC1-NSW1,VIC1,198,125,25000.0,0.0
2023-11,C2024Q4,T04,C2024Q4T04,5,NSW1-QLD1,NSW1,65,45,9003.0,0.0
2023-11,C2024Q4,T04,C2024Q4T04,5,NSW1-QLD1,QLD1,157,117,16115.83,0.0
2023-11,C2024Q4,T04,C2024Q4T04,5,V-SA,SA1,90,64,5468.0,0.0
2023-11,C2024Q4,T04,C2024Q4T04,5,V-SA,VIC1,73,73,18000.0,0.0
2023-11,C2024Q4,T04,C2024Q4T04,5,VIC1-NSW1,NSW1,108,108,1200.0,0.0
2023-11,C2024Q4,T04,C2024Q4T04,5,VIC1-NSW1,VIC1,165,125,25000.0,0.0
2023-11,C2025Q1,T03,C2025Q1T03,5,NSW1-QLD1,NSW1,47,45,11805.0,0.0
2023-11,C2025Q1,T03,C2025Q1T03,5,NSW1-QLD1,QLD1,134,100,20980.08,0.0
2023-11,C2025Q1,T03,C2025Q1T03,5,V-SA,SA1,64,64,7206.0,0.0
2023-11,C2025Q1,T03,C2025Q1T03,5,V-SA,VIC1,76,73,30000.0,0.0
2023-11,C2025Q1,T03,C2025Q1T03,5,VIC1-NSW1,NSW1,108,108,3850.66,0.0
2023-11,C2025Q1,T03,C2025Q1T03,5,VIC1-NSW1,VIC1,144,125,25000.0,0.0
2023-11,C2025Q2,T02,C2025Q2T02,5,NSW1-QLD1,NSW1,52,45,6597.87,0.0
2023-11,C2025Q2,T02,C2025Q2T02,5,NSW1-QLD1,QLD1,100,100,29267.78,0.0
2023-11,C2025Q2,T02,C2025Q2T02,5,V-SA,SA1,64,64,3900.03,0.0
2023-11,C2023Q4,T05,C2023Q4T05,17,NSW1-QLD1,QLD1,194,100,12500.0,0.0
2023-11,C2023Q4,T05,C2023Q4T05,17,V-SA,SA1,111,64,5500.0,0.0
2023-11,C2023Q4,T05,C2023Q4T05,17,V-SA,VIC1,88,73,8500.79,0.0
2023-11,C2023Q4,T05,C2023Q4T05,17,VIC1-NSW1,NSW1,158,108,1277.0,0.0
2023-11,C2023Q4,T05,C2023Q4T05,17,VIC1-NSW1,VIC1,195,125,18232.5,0.0
2023-11,C2024Q1,T04,C2024Q1T04,17,NSW1-QLD1,NSW1,45,45,7162.96,0.0
2023-11,C2024Q1,T04,C2024Q1T04,17,NSW1-QLD1,QLD1,134,101,20748.0,0.0
2023-11,C2024Q1,T04,C2024Q1T04,17,V-SA,SA1,64,64,6893.3,0.0
2023-11,C2024Q1,T04,C2024Q1T04,17,V-SA,VIC1,90,73,15000.0,0.0
2023-11,C2024Q1,T04,C2024Q1T04,17,VIC1-NSW1,NSW1,124,115,4370.2,0.0
2023-11,C2024Q1,T04,C2024Q1T04,17,VIC1-NSW1,VIC1,145,125,22368.05,0.0
2023-11,C2024Q2,T03,C2024Q2T03,17,NSW1-QLD1,NSW1,45,45,2579.0,0.0
2023-11,C2024Q2,T03,C2024Q2T03,17,NSW1-QLD1,QLD1,100,100,20748.0,0.0
2023-11,C2024Q2,T03,C2024Q2T03,17,V-SA,SA1,79,70,4462.18,0.0
2023-11,C2024Q2,T03,C2024Q2T03,17,V-SA,VIC1,73,73,7500.0,0.0
2023-11,C2024Q2,T03,C2024Q2T03,17,VIC1-NSW1,NSW1,138,108,1048.0,0.0
2023-11,C2024Q2,T03,C2024Q2T03,17,VIC1-NSW1,VIC1,125,125,14742.0,0.0
2023-11,C2024Q3,T02,C2024Q3T02,17,NSW1-QLD1,NSW1,45,45,2400.0,0.0
2023-11,C2024Q3,T02,C2024Q3T02,17,NSW1-QLD1,QLD1,100,100,19126.0,0.0
2023-11,C2024Q3,T02,C2024Q3T02,17,V-SA,SA1,78,75,5352.18,0.0
2023-11,C2024Q3,T02,C2024Q3T02,17,V-SA,VIC1,73,73,7500.0,0.0
2023-11,C2024Q3,T02,C2024Q3T02,17,VIC1-NSW1,NSW1,108,108,1058.0,0.0
2023-11,C2024Q3,T02,C2024Q3T02,17,VIC1-NSW1,VIC1,125,125,15002.0,0.0
2023-11,C2024Q4,T01,C2024Q4T01,17,NSW1-QLD1,NSW1,45,45,5006.08,0.0
2023-11,C2024Q4,T01,C2024Q4T01,17,NSW1-QLD1,QLD1,100,100,12909.44,0.0
2023-11,C2024Q4,T01,C2024Q4T01,17,V-SA,SA1,64,64,5561.0,0.0
2023-11,C2024Q4,T01,C2024Q4T01,17,V-SA,VIC1,73,73,8675.28,0.0
2023-11,C2024Q4,T01,C2024Q4T01,17,VIC1-NSW1,NSW1,108,108,1287.0,0.0
2023-11,C2024Q4,T01,C2024Q4T01,17,VIC1-NSW1,VIC1,125,125,17050.0,0.0
2023-11,C2021Q3,T12,C2021Q3T12,22,NSW1-QLD1,NSW1,105,55,2125.0,0.0
2023-11,C2021Q3,T12,C2021Q3T12,22,NSW1-QLD1,QLD1,252,134,10346.29,0.0
2023-11,C2021Q3,T12,C2021Q3T12,22,V-SA,SA1,134,66,4404.0,0.0
2023-11,C2021Q3,T12,C2021Q3T12,22,V-SA,VIC1,248,100,3500.0,0.0
2023-11,C2021Q3,T12,C2021Q3T12,22,VIC1-NSW1,NSW1,316,112,1006.0,0.0
2023-11,C2021Q3,T12,C2021Q3T12,22,VIC1-NSW1,VIC1,200,152,11396.0,0.0
2023-11,C2021Q4,T11,C2021Q4T11,22,NSW1-QLD1,NSW1,148,45,2218.0,0.0
2023-11,C2021Q4,T11,C2021Q4T11,22,NSW1-QLD1,QLD1,292,103,9780.23,0.0
2023-11,C2021Q4,T11,C2021Q4T11,22,V-SA,SA1,123,64,4816.92,0.0
2023-11,C2021Q4,T11,C2021Q4T11,22,V-SA,VIC1,134,86,5996.06,0.0
2023-11,C2021Q4,T11,C2021Q4T11,22,VIC1-NSW1,NSW1,168,108,754.0,0.0
2023-11,C2021Q4,T11,C2021Q4T11,22,VIC1-NSW1,VIC1,227,145,11721.25,0.0
2023-11,C2022Q1,T10,C2022Q1T10,22,NSW1-QLD1,NSW1,55,45,5267.0,0.0
2023-11,C2022Q1,T10,C2022Q1T10,22,NSW1-QLD1,QLD1,234,101,16460.75,0.0
2023-11,C2022Q1,T10,C2022Q1T10,22,V-SA,SA1,114,64,5707.0,0.0
2023-11,C2022Q1,T10,C2022Q1T10,22,V-SA,VIC1,103,73,8775.0,0.0
2023-11,C2022Q1,T10,C2022Q1T10,22,VIC1-NSW1,NSW1,176,108,5028.0,0.0
2023-11,C2022Q1,T10,C2022Q1T10,22,VIC1-NSW1,VIC1,301,125,15434.0,0.0
2023-11,C2022Q2,T09,C2022Q2T09,22,NSW1-QLD1,NSW1,110,45,1814.0,0.0
2023-11,C2022Q2,T09,C2022Q2T09,22,NSW1-QLD1,QLD1,192,120,11340.0,0.0
2023-11,C2022Q2,T09,C2022Q2T09,22,V-SA,SA1,108,64,3456.67,0.0
2023-11,C2022Q2,T09,C2022Q2T09,22,V-SA,VIC1,177,91,4700.93,0.0
2023-11,C2022Q2,T09,C2022Q2T09,22,VIC1-NSW1,NSW1,308,108,750.39,0.0
2023-11,C2022Q2,T09,C2022Q2T09,22,VIC1-NSW1,VIC1,175,138,11258.58,0.0
2023-11,C2022Q3,T08,C2022Q3T08,22,NSW1-QLD1,NSW1,80,45,1626.04,0.0
2023-11,C2022Q3,T08,C2022Q3T08,22,NSW1-QLD1,QLD1,195,101,13635.0,0.0
2023-11,C2022Q3,T08,C2022Q3T08,22,V-SA,SA1,130,64,4404.0,0.0
2023-11,C2022Q3,T08,C2022Q3T08,22,V-SA,VIC1,147,83,4774.0,0.0
2023-11,C2022Q3,T08,C2022Q3T08,22,VIC1-NSW1,NSW1,271,108,675.39,0.0
2023-11,C2022Q3,T08,C2022Q3T08,22,VIC1-NSW1,VIC1,219,125,11253.52,0.0
2023-11,C2022Q4,T07,C2022Q4T07,22,NSW1-QLD1,NSW1,55,45,2818.17,0.0
2023-11,C2022Q4,T07,C2022Q4T07,22,NSW1-QLD1,QLD1,236,101,11340.54,0.0
2023-11,C2022Q4,T07,C2022Q4T07,22,V-SA,SA1,105,64,4558.0,0.0
2023-11,C2022Q4,T07,C2022Q4T07,22,V-SA,VIC1,145,78,5961.6,0.0
2023-11,C2022Q4,T07,C2022Q4T07,22,VIC1-NSW1,NSW1,181,108,750.39,0.0
2023-11,C2022Q4,T07,C2022Q4T07,22,VIC1-NSW1,VIC1,217,125,13870.0,0.0
2023-11,C2023Q1,T06,C2023Q1T06,22,NSW1-QLD1,NSW1,55,45,5111.08,0.0
2023-11,C2023Q1,T06,C2023Q1T06,22,NSW1-QLD1,QLD1,248,100,16688.0,0.0
2023-11,C2023Q1,T06,C2023Q1T06,22,V-SA,SA1,87,64,5404.0,0.0
2023-11,C2023Q1,T06,C2023Q1T06,22,V-SA,VIC1,87,73,8400.96,0.0
2023-11,C2023Q1,T06,C2023Q1T06,22,VIC1-NSW1,NSW1,113,108,4752.0,0.0
2023-11,C2023Q1,T06,C2023Q1T06,22,VIC1-NSW1,VIC1,160,125,15641.97,0.0
2023-11,C2023Q2,T05,C2023Q2T05,22,NSW1-QLD1,NSW1,52,45,1205.0,0.0
2023-11,C2023Q2,T05,C2023Q2T05,22,NSW1-QLD1,QLD1,165,100,14906.89,0.0
2023-11,C2023Q2,T05,C2023Q2T05,22,V-SA,SA1,118,64,3225.85,0.0
2023-11,C2023Q2,T05,C2023Q2T05,22,V-SA,VIC1,117,79,3675.94,0.0
2023-11,C2023Q2,T05,C2023Q2T05,22,VIC1-NSW1,NSW1,281,108,652.0,0.0
2023-11,C2023Q2,T05,C2023Q2T05,22,VIC1-NSW1,VIC1,201,125,11878.0,0.0
2023-11,C2023Q3,T04,C2023Q3T04,22,NSW1-QLD1,NSW1,52,45,1226.0,0.0
2023-11,C2023Q3,T04,C2023Q3T04,22,NSW1-QLD1,QLD1,136,111,15300.29,0.0
2023-11,C2023Q3,T04,C2023Q3T04,22,V-SA,SA1,104,64,4014.0,0.0
2023-11,C2023Q3,T04,C2023Q3T04,22,V-SA,VIC1,83,73,4050.0,0.0
2023-11,C2023Q3,T04,C2023Q3T04,22,VIC1-NSW1,NSW1,188,108,675.39,0.0
2023-11,C2023Q3,T04,C2023Q3T04,22,VIC1-NSW1,VIC1,205,125,11712.8,0.0
2023-11,C2023Q4,T03,C2023Q4T03,22,NSW1-QLD1,NSW1,45,45,2476.65,0.0
2023-11,C2023Q4,T03,C2023Q4T03,22,NSW1-QLD1,QLD1,120,100,14572.8,0.0
2023-11,C2023Q4,T03,C2023Q4T03,22,V-SA,SA1,84,64,4247.0,0.0
2023-11,C2023Q4,T03,C2023Q4T03,22,V-SA,VIC1,76,73,4200.97,0.0
2023-11,C2023Q4,T03,C2023Q4T03,22,VIC1-NSW1,NSW1,128,108,744.75,0.0
2023-11,C2023Q4,T03,C2023Q4T03,22,VIC1-NSW1,VIC1,166,125,12750.0,0.0
2023-11,C2024Q1,T02,C2024Q1T02,22,NSW1-QLD1,NSW1,45,45,4962.58,0.0
2023-11,C2024Q1,T02,C2024Q1T02,22,NSW1-QLD1,QLD1,113,100,18007.0,0.0
2023-11,C2024Q1,T02,C2024Q1T02,22,V-SA,SA1,64,64,4504.0,0.0
2023-11,C2024Q1,T02,C2024Q1T02,22,V-SA,VIC1,73,73,7213.0,0.0
2023-11,C2024Q1,T02,C2024Q1T02,22,VIC1-NSW1,NSW1,108,108,4200.39,0.0
2023-11,C2024Q1,T02,C2024Q1T02,22,VIC1-NSW1,VIC1,133,125,15642.0,0.0
2023-11,C2024Q2,T01,C2024Q2T01,22,NSW1-QLD1,NSW1,45,45,1455.0,0.0
2023-11,C2024Q2,T01,C2024Q2T01,22,NSW1-QLD1,QLD1,100,100,15267.0,0.0
2023-11,C2024Q2,T01,C2024Q2T01,22,V-SA,SA1,64,64,3300.85,0.0
2023-11,C2024Q2,T01,C2024Q2T01,22,V-SA,VIC1,73,73,4086.47,0.0
2023-11,C2024Q2,T01,C2024Q2T01,22,VIC1-NSW1,NSW1,108,108,600.0,0.0
2023-11,C2024Q2,T01,C2024Q2T01,22,VIC1-NSW1,VIC1,125,125,11445.72,0.0
2023-11,C2022Q1,T12,C2022Q1T12,18,NSW1-QLD1,NSW1,94,60,12123.0,0.0
2023-11,C2022Q1,T12,C2022Q1T12,18,NSW1-QLD1,QLD1,329,106,10987.65,0.0
2023-11,C2022Q1,T12,C2022Q1T12,18,V-SA,SA1,111,84,6593.0,0.0
2023-11,C2022Q1,T12,C2022Q1T12,18,V-SA,VIC1,112,77,12500.0,0.0
2023-11,C2022Q1,T12,C2022Q1T12,18,VIC1-NSW1,NSW1,186,137,4320.0,0.0
2023-11,C2022Q1,T12,C2022Q1T12,18,VIC1-NSW1,VIC1,349,125,19422.49,0.0
2023-11,C2022Q2,T11,C2022Q2T11,18,NSW1-QLD1,NSW1,83,55,3906.0,0.0
2023-11,C2022Q2,T11,C2022Q2T11,18,NSW1-QLD1,QLD1,251,100,9350.0,0.0
2023-11,C2022Q2,T11,C2022Q2T11,18,V-SA,SA1,114,66,5192.0,0.0
2023-11,C2022Q2,T11,C2022Q2T11,18,V-SA,VIC1,133,73,7050.0,0.0
2023-11,C2022Q2,T11,C2022Q2T11,18,VIC1-NSW1,NSW1,317,151,1240.0,0.0
2023-11,C2022Q2,T11,C2022Q2T11,18,VIC1-NSW1,VIC1,223,145,15000.0,0.0
2023-11,C2022Q3,T10,C2022Q3T10,18,NSW1-QLD1,NSW1,83,55,2993.94,0.0
2023-11,C2022Q3,T10,C2022Q3T10,18,NSW1-QLD1,QLD1,278,114,12750.0,0.0
2023-11,C2022Q3,T10,C2022Q3T10,18,V-SA,SA1,136,79,5655.55,0.0
2023-11,C2022Q3,T10,C2022Q3T10,18,V-SA,VIC1,133,73,7533.33,0.0
2023-11,C2022Q3,T10,C2022Q3T10,18,VIC1-NSW1,NSW1,265,126,1385.2,0.0
2023-11,C2022Q3,T10,C2022Q3T10,18,VIC1-NSW1,VIC1,263,131,13000.0,0.0
2023-11,C2022Q4,T09,C2022Q4T09,18,NSW1-QLD1,NSW1,73,45,6000.0,0.0
2023-11,C2022Q4,T09,C2022Q4T09,18,NSW1-QLD1,QLD1,285,100,9445.0,0.0
2023-11,C2022Q4,T09,C2022Q4T09,18,V-SA,SA1,108,64,6132.43,0.0
2023-11,C2022Q4,T09,C2022Q4T09,18,V-SA,VIC1,153,73,7940.85,0.0
2023-11,C2022Q4,T09,C2022Q4T09,18,VIC1-NSW1,NSW1,174,108,1200.0,0.0
2023-11,C2022Q4,T09,C2022Q4T09,18,VIC1-NSW1,VIC1,261,128,19024.49,0.0
2023-11,C2023Q1,T08,C2023Q1T08,18,NSW1-QLD1,NSW1,73,45,7800.94,0.0
2023-11,C2023Q1,T08,C2023Q1T08,18,NSW1-QLD1,QLD1,271,105,15164.59,0.0
2023-11,C2023Q1,T08,C2023Q1T08,18,V-SA,SA1,87,77,6603.0,0.0
2023-11,C2023Q1,T08,C2023Q1T08,18,V-SA,VIC1,104,73,13365.0,0.0
2023-11,C2024Q1,T08,C2024Q1T08,3,VIC1-NSW1,NSW1,141,108,4001.0,0.0
2023-11,C2024Q1,T08,C2024Q1T08,3,VIC1-NSW1,VIC1,264,125,25500.42,0.0
2023-11,C2024Q2,T07,C2024Q2T07,3,NSW1-QLD1,NSW1,60,54,7368.0,0.0
2023-11,C2024Q2,T07,C2024Q2T07,3,NSW1-QLD1,QLD1,158,100,27846.0,0.0
2023-11,C2024Q2,T07,C2024Q2T07,3,V-SA,SA1,111,64,6260.0,0.0
2023-11,C2024Q2,T07,C2024Q2T07,3,V-SA,VIC1,131,73,20124.0,0.0
2023-11,C2024Q2,T07,C2024Q2T07,3,VIC1-NSW1,NSW1,202,110,2385.0,0.0
2023-11,C2024Q2,T07,C2024Q2T07,3,VIC1-NSW1,VIC1,178,125,24200.42,0.0
2023-11,C2024Q3,T06,C2024Q3T06,3,NSW1-QLD1,NSW1,60,54,7416.0,0.0
2023-11,C2024Q3,T06,C2024Q3T06,3,NSW1-QLD1,QLD1,158,100,25833.6,0.0
2023-11,C2024Q3,T06,C2024Q3T06,3,V-SA,SA1,103,64,6805.0,0.0
2023-11,C2024Q3,T06,C2024Q3T06,3,V-SA,VIC1,108,73,21000.0,0.0
2023-11,C2024Q3,T06,C2024Q3T06,3,VIC1-NSW1,NSW1,139,108,2415.0,0.0
2023-11,C2024Q3,T06,C2024Q3T06,3,VIC1-NSW1,VIC1,178,125,23760.68,0.0
2023-11,C2024Q4,T05,C2024Q4T05,3,NSW1-QLD1,NSW1,57,45,10669.33,0.0
2023-11,C2024Q4,T05,C2024Q4T05,3,NSW1-QLD1,QLD1,143,103,14352.0,0.0
2023-11,C2024Q4,T05,C2024Q4T05,3,V-SA,SA1,109,68,6692.83,0.0
2023-11,C2024Q4,T05,C2024Q4T05,3,V-SA,VIC1,99,73,17100.0,0.0
2023-11,C2024Q4,T05,C2024Q4T05,3,VIC1-NSW1,NSW1,126,108,1104.0,0.0
2023-11,C2024Q4,T05,C2024Q4T05,3,VIC1-NSW1,VIC1,153,125,20000.0,0.0
2023-11,C2025Q1,T04,C2025Q1T04,3,NSW1-QLD1,NSW1,47,45,13333.33,0.0
2023-11,C2025Q1,T04,C2025Q1T04,3,NSW1-QLD1,QLD1,125,100,14000.0,0.0
2023-11,C2025Q1,T04,C2025Q1T04,3,V-SA,SA1,64,64,7371.0,0.0
2023-11,C2025Q1,T04,C2025Q1T04,3,V-SA,VIC1,120,73,40009.0,0.0
2023-11,C2025Q1,T04,C2025Q1T04,3,VIC1-NSW1,NSW1,109,108,4006.0,0.0
2023-11,C2025Q1,T04,C2025Q1T04,3,VIC1-NSW1,VIC1,160,125,20475.0,0.0
2023-11,C2025Q2,T03,C2025Q2T03,3,NSW1-QLD1,NSW1,52,52,7466.67,0.0
2023-11,C2025Q2,T03,C2025Q2T03,3,NSW1-QLD1,QLD1,104,104,28392.0,0.0
2023-11,C2025Q2,T03,C2025Q2T03,3,V-SA,SA1,75,64,5238.0,0.0
2023-11,C2025Q2,T03,C2025Q2T03,3,V-SA,VIC1,99,73,21450.0,0.0
2023-11,C2025Q2,T03,C2025Q2T03,3,VIC1-NSW1,NSW1,114,108,1483.0,0.0
2023-11,C2025Q2,T03,C2025Q2T03,3,VIC1-NSW1,VIC1,135,125,21708.08,0.0
2023-11,C2025Q3,T02,C2025Q3T02,3,NSW1-QLD1,NSW1,45,45,8233.0,0.0
2023-11,C2025Q3,T02,C2025Q3T02,3,NSW1-QLD1,QLD1,105,100,27819.81,0.0
2023-11,C2025Q3,T02,C2025Q3T02,3,V-SA,SA1,79,64,5700.94,0.0
2023-11,C2025Q3,T02,C2025Q3T02,3,V-SA,VIC1,85,73,21232.0,0.0
2023-11,C2025Q3,T02,C2025Q3T02,3,VIC1-NSW1,NSW1,126,108,1421.5,0.0
2023-11,C2025Q3,T02,C2025Q3T02,3,VIC1-NSW1,VIC1,135,125,21229.0,0.0
2023-11,C2025Q4,T01,C2025Q4T01,3,NSW1-QLD1,NSW1,45,45,9000.0,0.0
2023-11,C2025Q4,T01,C2025Q4T01,3,NSW1-QLD1,QLD1,100,100,15000.0,0.0
2023-11,C2025Q4,T01,C2025Q4T01,3,V-SA,SA1,64,64,5246.14,0.0
2023-11,C2025Q4,T01,C2025Q4T01,3,V-SA,VIC1,73,73,21233.0,0.0
2023-11,C2025Q4,T01,C2025Q4T01,3,VIC1-NSW1,NSW1,108,108,1056.0,0.0
2023-11,C2025Q4,T01,C2025Q4T01,3,VIC1-NSW1,VIC1,125,125,19850.41,0.0
2023-11,C2023Q2,T12,C2023Q2T12,3,NSW1-QLD1,NSW1,89,88,7000.4,0.0
2023-11,C2023Q2,T12,C2023Q2T12,3,NSW1-QLD1,QLD1,256,100,15000.34,0.0
2023-11,C2023Q2,T12,C2023Q2T12,3,V-SA,SA1,143,66,4770.85,0.0
2023-11,C2023Q2,T12,C2023Q2T12,3,V-SA,VIC1,186,77,13650.0,0.0
2023-11,C2023Q2,T12,C2023Q2T12,3,VIC1-NSW1,NSW1,234,123,2926.13,0.0
2023-11,C2023Q2,T12,C2023Q2T12,3,VIC1-NSW1,VIC1,327,145,22004.0,0.0
2023-11,C2023Q3,T11,C2023Q3T11,3,NSW1-QLD1,NSW1,78,78,7152.37,0.0
2023-11,C2023Q3,T11,C2023Q3T11,3,NSW1-QLD1,QLD1,233,106,20840.34,0.0
2023-11,C2023Q3,T11,C2023Q3T11,3,V-SA,SA1,151,64,6514.0,0.0
2023-11,C2023Q3,T11,C2023Q3T11,3,V-SA,VIC1,185,73,12970.1,0.0
2023-11,C2023Q3,T11,C2023Q3T11,3,VIC1-NSW1,NSW1,202,117,3409.09,0.0
2023-11,C2023Q3,T11,C2023Q3T11,3,VIC1-NSW1,VIC1,277,135,22010.0,0.0
2023-11,C2023Q4,T10,C2023Q4T10,3,NSW1-QLD1,NSW1,73,54,11223.0,0.0
2023-11,C2023Q4,T10,C2023Q4T10,3,NSW1-QLD1,QLD1,205,107,13328.55,0.0
2023-11,C2023Q4,T10,C2023Q4T10,3,V-SA,SA1,156,64,5982.4,0.0
2023-11,C2023Q4,T10,C2023Q4T10,3,V-SA,VIC1,170,73,12868.45,0.0
2023-11,C2023Q4,T10,C2023Q4T10,3,VIC1-NSW1,NSW1,172,108,1262.98,0.0
2023-11,C2023Q4,T10,C2023Q4T10,3,VIC1-NSW1,VIC1,270,135,22011.0,0.0
2023-11,C2024Q1,T09,C2024Q1T09,3,NSW1-QLD1,NSW1,103,76,13620.0,0.0
2023-11,C2024Q1,T09,C2024Q1T09,3,NSW1-QLD1,QLD1,191,100,15500.0,0.0
2023-11,C2024Q1,T09,C2024Q1T09,3,V-SA,SA1,76,64,5647.4,0.0
2023-11,C2024Q1,T09,C2024Q1T09,3,V-SA,VIC1,119,73,30550.64,0.0
2023-11,C2024Q1,T09,C2024Q1T09,3,VIC1-NSW1,NSW1,153,108,3931.2,0.0
2023-11,C2024Q1,T09,C2024Q1T09,3,VIC1-NSW1,VIC1,254,130,22011.0,0.0
2023-11,C2024Q2,T08,C2024Q2T08,3,NSW1-QLD1,NSW1,69,69,7536.0,0.0
2023-11,C2024Q2,T08,C2024Q2T08,3,NSW1-QLD1,QLD1,184,100,26208.0,0.0
2023-11,C2024Q2,T08,C2024Q2T08,3,V-SA,SA1,121,64,5008.0,0.0
2023-11,C2024Q2,T08,C2024Q2T08,3,V-SA,VIC1,140,73,13080.6,0.0
2023-11,C2024Q2,T08,C2024Q2T08,3,VIC1-NSW1,NSW1,166,108,2184.0,0.0
2023-11,C2024Q2,T08,C2024Q2T08,3,VIC1-NSW1,VIC1,212,125,21000.08,0.0
2023-11,C2024Q3,T07,C2024Q3T07,3,NSW1-QLD1,NSW1,63,63,7592.0,0.0
2023-11,C2024Q3,T07,C2024Q3T07,3,NSW1-QLD1,QLD1,173,100,23990.34,0.0
2023-11,C2024Q3,T07,C2024Q3T07,3,V-SA,SA1,110,64,5500.24,0.0
2023-11,C2024Q3,T07,C2024Q3T07,3,V-SA,VIC1,150,73,13650.0,0.0
2023-11,C2024Q3,T07,C2024Q3T07,3,VIC1-NSW1,NSW1,141,108,2208.0,0.0
2023-11,C2024Q3,T07,C2024Q3T07,3,VIC1-NSW1,VIC1,212,125,22000.08,0.0
2023-11,C2024Q4,T06,C2024Q4T06,3,NSW1-QLD1,NSW1,63,45,9936.0,0.0
2023-11,C2024Q4,T06,C2024Q4T06,3,NSW1-QLD1,QLD1,176,103,14278.0,0.0
2023-11,C2024Q4,T06,C2024Q4T06,3,V-SA,SA1,111,64,5500.24,0.0
2023-11,C2024Q4,T06,C2024Q4T06,3,V-SA,VIC1,108,73,13000.17,0.0
2023-11,C2024Q4,T06,C2024Q4T06,3,VIC1-NSW1,NSW1,148,108,993.6,0.0
2023-11,C2024Q4,T06,C2024Q4T06,3,VIC1-NSW1,VIC1,290,125,17000.0,0.0
2023-11,C2025Q1,T05,C2025Q1T05,3,NSW1-QLD1,NSW1,65,45,13395.11,0.0
2023-11,C2025Q1,T05,C2025Q1T05,3,NSW1-QLD1,QLD1,175,100,16300.34,0.0
2023-11,C2025Q1,T05,C2025Q1T05,3,V-SA,SA1,64,64,5400.0,0.0
2023-11,C2025Q1,T05,C2025Q1T05,3,V-SA,VIC1,76,73,26005.85,0.0
2023-11,C2025Q1,T05,C2025Q1T05,3,VIC1-NSW1,NSW1,133,108,3506.0,0.0
2023-11,C2025Q1,T05,C2025Q1T05,3,VIC1-NSW1,VIC1,200,125,20010.0,0.0
2023-11,C2025Q2,T04,C2025Q2T04,3,NSW1-QLD1,NSW1,45,45,7807.8,0.0
2023-11,C2025Q2,T04,C2025Q2T04,3,NSW1-QLD1,QLD1,100,100,26208.0,0.0
2023-11,C2025Q2,T04,C2025Q2T04,3,V-SA,SA1,75,64,4368.0,0.0
2023-11,C2025Q2,T04,C2025Q2T04,3,V-SA,VIC1,132,73,13942.5,0.0
2023-11,C2025Q2,T04,C2025Q2T04,3,VIC1-NSW1,NSW1,146,108,1310.4,0.0
2023-11,C2025Q2,T04,C2025Q2T04,3,VIC1-NSW1,VIC1,180,125,20374.75,0.0
2023-11,C2025Q3,T03,C2025Q3T03,3,NSW1-QLD1,NSW1,45,45,8030.0,0.0
2023-11,C2025Q3,T03,C2025Q3T03,3,NSW1-QLD1,QLD1,105,100,24448.34,0.0
2023-11,C2025Q3,T03,C2025Q3T03,3,V-SA,SA1,88,64,4505.0,0.0
2023-11,C2025Q3,T03,C2025Q3T03,3,V-SA,VIC1,111,73,13800.8,0.0
2023-11,C2025Q3,T03,C2025Q3T03,3,VIC1-NSW1,NSW1,164,108,1324.8,0.0
2023-11,C2025Q3,T03,C2025Q3T03,3,VIC1-NSW1,VIC1,190,125,19106.09,0.0
2023-11,C2025Q4,T02,C2025Q4T02,3,NSW1-QLD1,NSW1,45,45,8832.0,0.0
2023-11,C2025Q4,T02,C2025Q4T02,3,NSW1-QLD1,QLD1,114,100,14230.56,0.0
2023-11,C2025Q4,T02,C2025Q4T02,3,V-SA,SA1,77,64,4246.14,0.0
2023-11,C2025Q4,T02,C2025Q4T02,3,V-SA,VIC1,89,73,13248.0,0.0
2023-11,C2025Q4,T02,C2025Q4T02,3,VIC1-NSW1,NSW1,108,108,993.6,0.0
2023-11,C2025Q4,T02,C2025Q4T02,3,VIC1-NSW1,VIC1,160,125,17001.59,0.0
2023-11,C2026Q1,T01,C2026Q1T01,3,NSW1-QLD1,NSW1,45,45,14040.0,0.0
2023-11,C2026Q1,T01,C2026Q1T01,3,NSW1-QLD1,QLD1,100,100,17000.34,0.0
2023-11,C2026Q1,T01,C2026Q1T01,3,V-SA,SA1,64,64,5009.0,0.0
2023-11,C2026Q1,T01,C2026Q1T01,3,V-SA,VIC1,73,73,25920.0,0.0
2023-11,C2026Q1,T01,C2026Q1T01,3,VIC1-NSW1,NSW1,108,108,3510.0,0.0
2023-11,C2026Q1,T01,C2026Q1T01,3,VIC1-NSW1,VIC1,125,125,22226.4,0.0
2023-11,C2023Q3,T12,C2023Q3T12,2,NSW1-QLD1,NSW1,73,61,5000.66,0.0
2023-11,C2023Q3,T12,C2023Q3T12,2,NSW1-QLD1,QLD1,237,100,16417.77,0.0
2023-11,C2023Q3,T12,C2023Q3T12,2,V-SA,SA1,154,66,7201.0,0.0
2023-11,C2023Q3,T12,C2023Q3T12,2,V-SA,VIC1,233,82,13050.04,0.0
2023-11,C2023Q3,T12,C2023Q3T12,2,VIC1-NSW1,NSW1,194,112,2760.0,0.0
2023-11,C2023Q3,T12,C2023Q3T12,2,VIC1-NSW1,VIC1,268,125,25000.0,0.0
2023-11,C2023Q4,T11,C2023Q4T11,2,NSW1-QLD1,NSW1,67,55,12723.0,0.0
2023-11,C2023Q4,T11,C2023Q4T11,2,NSW1-QLD1,QLD1,196,100,10000.2,0.0
2023-11,C2023Q4,T11,C2023Q4T11,2,V-SA,SA1,172,64,5739.64,0.0
2023-11,C2023Q4,T11,C2023Q4T11,2,V-SA,VIC1,227,78,11596.04,0.0
2023-11,C2023Q4,T11,C2023Q4T11,2,VIC1-NSW1,NSW1,160,108,1104.0,0.0
2023-11,C2023Q4,T11,C2023Q4T11,2,VIC1-NSW1,VIC1,342,125,25009.0,0.0
2023-11,C2024Q1,T10,C2024Q1T10,2,NSW1-QLD1,NSW1,72,45,20654.0,0.0
2023-11,C2025Q2,T02,C2025Q2T02,5,V-SA,VIC1,73,73,17963.4,0.0
2023-11,C2025Q2,T02,C2025Q2T02,5,VIC1-NSW1,NSW1,108,108,1447.0,0.0
2023-11,C2025Q2,T02,C2025Q2T02,5,VIC1-NSW1,VIC1,125,125,24120.09,0.0
2023-11,C2025Q3,T01,C2025Q3T01,5,NSW1-QLD1,NSW1,45,45,7320.53,0.0
2023-11,C2025Q3,T01,C2025Q3T01,5,NSW1-QLD1,QLD1,100,100,30910.9,0.0
2023-11,C2025Q3,T01,C2025Q3T01,5,V-SA,SA1,64,64,4384.0,0.0
2023-11,C2025Q3,T01,C2025Q3T01,5,V-SA,VIC1,73,73,18500.0,0.0
2023-11,C2025Q3,T01,C2025Q3T01,5,VIC1-NSW1,NSW1,108,108,1292.28,0.0
2023-11,C2025Q3,T01,C2025Q3T01,5,VIC1-NSW1,VIC1,125,125,25920.09,0.0
2023-11,C2023Q1,T12,C2023Q1T12,5,NSW1-QLD1,NSW1,95,58,23500.0,0.0
2023-11,C2023Q1,T12,C2023Q1T12,5,NSW1-QLD1,QLD1,316,148,15000.0,0.0
2023-11,C2023Q1,T12,C2023Q1T12,5,V-SA,SA1,99,81,8372.0,0.0
2023-11,C2023Q1,T12,C2023Q1T12,5,V-SA,VIC1,129,88,31200.0,0.0
2023-11,C2023Q1,T12,C2023Q1T12,5,VIC1-NSW1,NSW1,147,122,5050.0,0.0
2023-11,C2023Q1,T12,C2023Q1T12,5,VIC1-NSW1,VIC1,285,125,29361.81,0.0
2023-11,C2023Q2,T11,C2023Q2T11,5,NSW1-QLD1,NSW1,86,74,7562.0,0.0
2023-11,C2023Q2,T11,C2023Q2T11,5,NSW1-QLD1,QLD1,298,105,24000.0,0.0
2023-11,C2023Q2,T11,C2023Q2T11,5,V-SA,SA1,138,76,6300.94,0.0
2023-11,C2023Q2,T11,C2023Q2T11,5,V-SA,VIC1,142,73,21000.0,0.0
2023-11,C2023Q2,T11,C2023Q2T11,5,VIC1-NSW1,NSW1,291,125,2931.0,0.0
2023-11,C2023Q2,T11,C2023Q2T11,5,VIC1-NSW1,VIC1,293,132,25000.0,0.0
2023-11,C2023Q3,T10,C2023Q3T10,5,NSW1-QLD1,NSW1,67,58,8080.33,0.0
2023-11,C2023Q3,T10,C2023Q3T10,5,NSW1-QLD1,QLD1,255,100,18600.0,0.0
2023-11,C2023Q3,T10,C2023Q3T10,5,V-SA,SA1,136,64,7380.0,0.0
2023-11,C2023Q3,T10,C2023Q3T10,5,V-SA,VIC1,193,73,19954.0,0.0
2023-11,C2023Q3,T10,C2023Q3T10,5,VIC1-NSW1,NSW1,213,131,3244.04,0.0
2023-11,C2023Q3,T10,C2023Q3T10,5,VIC1-NSW1,VIC1,273,125,25000.0,0.0
2023-11,C2023Q4,T09,C2023Q4T09,5,NSW1-QLD1,NSW1,57,45,12156.0,0.0
2023-11,C2023Q4,T09,C2023Q4T09,5,NSW1-QLD1,QLD1,198,111,14000.0,0.0
2023-11,C2023Q4,T09,C2023Q4T09,5,V-SA,SA1,131,64,6667.13,0.0
2023-11,C2023Q4,T09,C2023Q4T09,5,V-SA,VIC1,170,73,17997.83,0.0
2023-11,C2023Q4,T09,C2023Q4T09,5,VIC1-NSW1,NSW1,160,108,1435.2,0.0
2023-11,C2023Q4,T09,C2023Q4T09,5,VIC1-NSW1,VIC1,259,125,25000.0,0.0
2023-11,C2024Q1,T08,C2024Q1T08,5,NSW1-QLD1,NSW1,82,45,18000.96,0.0
2023-11,C2024Q1,T08,C2024Q1T08,5,NSW1-QLD1,QLD1,173,100,16991.52,0.0
2023-11,C2024Q1,T08,C2024Q1T08,5,V-SA,SA1,76,64,7644.0,0.0
2023-11,C2024Q1,T08,C2024Q1T08,5,V-SA,VIC1,174,88,47000.99,0.0
2023-11,C2024Q1,T08,C2024Q1T08,5,VIC1-NSW1,NSW1,141,108,4001.0,0.0
2023-11,C2024Q1,T08,C2024Q1T08,5,VIC1-NSW1,VIC1,264,125,25500.42,0.0
2023-11,C2024Q2,T07,C2024Q2T07,5,NSW1-QLD1,NSW1,60,54,7368.0,0.0
2023-11,C2024Q2,T07,C2024Q2T07,5,NSW1-QLD1,QLD1,158,100,27846.0,0.0
2023-11,C2024Q2,T07,C2024Q2T07,5,V-SA,SA1,111,64,6260.0,0.0
2023-11,C2024Q2,T07,C2024Q2T07,5,V-SA,VIC1,131,73,20124.0,0.0
2023-11,C2024Q2,T07,C2024Q2T07,5,VIC1-NSW1,NSW1,202,110,2385.0,0.0
2023-11,C2024Q2,T07,C2024Q2T07,5,VIC1-NSW1,VIC1,178,125,24200.42,0.0
2023-11,C2024Q3,T06,C2024Q3T06,5,NSW1-QLD1,NSW1,60,54,7416.0,0.0
2023-11,C2024Q3,T06,C2024Q3T06,5,NSW1-QLD1,QLD1,158,100,25833.6,0.0
2023-11,C2024Q3,T06,C2024Q3T06,5,V-SA,SA1,103,64,6805.0,0.0
2023-11,C2024Q3,T06,C2024Q3T06,5,V-SA,VIC1,108,73,21000.0,0.0
2023-11,C2024Q3,T06,C2024Q3T06,5,VIC1-NSW1,NSW1,139,108,2415.0,0.0
2023-11,C2024Q3,T06,C2024Q3T06,5,VIC1-NSW1,VIC1,178,125,23760.68,0.0
2023-11,C2024Q4,T05,C2024Q4T05,5,NSW1-QLD1,NSW1,57,45,10669.33,0.0
2023-11,C2024Q4,T05,C2024Q4T05,5,NSW1-QLD1,QLD1,143,103,14352.0,0.0
2023-11,C2024Q4,T05,C2024Q4T05,5,V-SA,SA1,109,68,6692.83,0.0
2023-11,C2024Q4,T05,C2024Q4T05,5,V-SA,VIC1,99,73,17100.0,0.0
2023-11,C2024Q4,T05,C2024Q4T05,5,VIC1-NSW1,NSW1,126,108,1104.0,0.0
2023-11,C2024Q4,T05,C2024Q4T05,5,VIC1-NSW1,VIC1,153,125,20000.0,0.0
2023-11,C2025Q1,T04,C2025Q1T04,5,NSW1-QLD1,NSW1,47,45,13333.33,0.0
2023-11,C2025Q1,T04,C2025Q1T04,5,NSW1-QLD1,QLD1,125,100,14000.0,0.0
2023-11,C2025Q1,T04,C2025Q1T04,5,V-SA,SA1,64,64,7371.0,0.0
2023-11,C2025Q1,T04,C2025Q1T04,5,V-SA,VIC1,120,73,40009.0,0.0
2023-11,C2025Q1,T04,C2025Q1T04,5,VIC1-NSW1,NSW1,109,108,4006.0,0.0
2023-11,C2025Q1,T04,C2025Q1T04,5,VIC1-NSW1,VIC1,160,125,20475.0,0.0
2023-11,C2025Q2,T03,C2025Q2T03,5,NSW1-QLD1,NSW1,52,52,7466.67,0.0
2023-11,C2025Q2,T03,C2025Q2T03,5,NSW1-QLD1,QLD1,104,104,28392.0,0.0
2023-11,C2025Q2,T03,C2025Q2T03,5,V-SA,SA1,75,64,5238.0,0.0
2023-11,C2025Q2,T03,C2025Q2T03,5,V-SA,VIC1,99,73,21450.0,0.0
2023-11,C2025Q2,T03,C2025Q2T03,5,VIC1-NSW1,NSW1,114,108,1483.0,0.0
2023-11,C2025Q2,T03,C2025Q2T03,5,VIC1-NSW1,VIC1,135,125,21708.08,0.0
2023-11,C2025Q3,T02,C2025Q3T02,5,NSW1-QLD1,NSW1,45,45,8233.0,0.0
2023-11,C2025Q3,T02,C2025Q3T02,5,NSW1-QLD1,QLD1,105,100,27819.81,0.0
2023-11,C2025Q3,T02,C2025Q3T02,5,V-SA,SA1,79,64,5700.94,0.0
2023-11,C2025Q3,T02,C2025Q3T02,5,V-SA,VIC1,85,73,21232.0,0.0
2023-11,C2025Q3,T02,C2025Q3T02,5,VIC1-NSW1,NSW1,126,108,1421.5,0.0
2023-11,C2025Q3,T02,C2025Q3T02,5,VIC1-NSW1,VIC1,135,125,21229.0,0.0
2023-11,C2025Q4,T01,C2025Q4T01,5,NSW1-QLD1,NSW1,45,45,9000.0,0.0
2023-11,C2025Q4,T01,C2025Q4T01,5,NSW1-QLD1,QLD1,100,100,15000.0,0.0
2023-11,C2025Q4,T01,C2025Q4T01,5,V-SA,SA1,64,64,5246.14,0.0
2023-11,C2025Q4,T01,C2025Q4T01,5,V-SA,VIC1,73,73,21233.0,0.0
2023-11,C2025Q4,T01,C2025Q4T01,5,VIC1-NSW1,NSW1,108,108,1056.0,0.0
2023-11,C2025Q4,T01,C2025Q4T01,5,VIC1-NSW1,VIC1,125,125,19850.41,0.0
2023-11,C2023Q2,T12,C2023Q2T12,6,NSW1-QLD1,NSW1,89,88,7000.4,0.0
2023-11,C2023Q2,T12,C2023Q2T12,6,NSW1-QLD1,QLD1,256,100,15000.34,0.0
2023-11,C2023Q2,T12,C2023Q2T12,6,V-SA,SA1,143,66,4770.85,0.0
2023-11,C2023Q2,T12,C2023Q2T12,6,V-SA,VIC1,186,77,13650.0,0.0
2023-11,C2023Q2,T12,C2023Q2T12,6,VIC1-NSW1,NSW1,234,123,2926.13,0.0
2023-11,C2023Q2,T12,C2023Q2T12,6,VIC1-NSW1,VIC1,327,145,22004.0,0.0
2023-11,C2023Q3,T11,C2023Q3T11,6,NSW1-QLD1,NSW1,78,78,7152.37,0.0
2023-11,C2023Q3,T11,C2023Q3T11,6,NSW1-QLD1,QLD1,233,106,20840.34,0.0
2023-11,C2023Q3,T11,C2023Q3T11,6,V-SA,SA1,151,64,6514.0,0.0
2023-11,C2023Q3,T11,C2023Q3T11,6,V-SA,VIC1,185,73,12970.1,0.0
2023-11,C2023Q3,T11,C2023Q3T11,6,VIC1-NSW1,NSW1,202,117,3409.09,0.0
2023-11,C2023Q3,T11,C2023Q3T11,6,VIC1-NSW1,VIC1,277,135,22010.0,0.0
2023-11,C2023Q4,T10,C2023Q4T10,6,NSW1-QLD1,NSW1,73,54,11223.0,0.0
2023-11,C2023Q4,T10,C2023Q4T10,6,NSW1-QLD1,QLD1,205,107,13328.55,0.0
2023-11,C2023Q4,T10,C2023Q4T10,6,V-SA,SA1,156,64,5982.4,0.0
2023-11,C2023Q4,T10,C2023Q4T10,6,V-SA,VIC1,170,73,12868.45,0.0
2023-11,C2023Q4,T10,C2023Q4T10,6,VIC1-NSW1,NSW1,172,108,1262.98,0.0
2023-11,C2023Q4,T10,C2023Q4T10,6,VIC1-NSW1,VIC1,270,135,22011.0,0.0
2023-11,C2024Q1,T09,C2024Q1T09,6,NSW1-QLD1,NSW1,103,76,13620.0,0.0
2023-11,C2024Q1,T09,C2024Q1T09,6,NSW1-QLD1,QLD1,191,100,15500.0,0.0
2023-11,C2024Q1,T09,C2024Q1T09,6,V-SA,SA1,76,64,5647.4,0.0
2023-11,C2024Q1,T09,C2024Q1T09,6,V-SA,VIC1,119,73,30550.64,0.0
2023-11,C2024Q1,T09,C2024Q1T09,6,VIC1-NSW1,NSW1,153,108,3931.2,0.0
2023-11,C2024Q1,T09,C2024Q1T09,6,VIC1-NSW1,VIC1,254,130,22011.0,0.0
2023-11,C2024Q2,T08,C2024Q2T08,6,NSW1-QLD1,NSW1,69,69,7536.0,0.0
2023-11,C2024Q2,T08,C2024Q2T08,6,NSW1-QLD1,QLD1,184,100,26208.0,0.0
2023-11,C2024Q2,T08,C2024Q2T08,6,V-SA,SA1,121,64,5008.0,0.0
2023-11,C2024Q2,T08,C2024Q2T08,6,V-SA,VIC1,140,73,13080.6,0.0
2023-11,C2024Q2,T08,C2024Q2T08,6,VIC1-NSW1,NSW1,166,108,2184.0,0.0
2023-11,C2024Q2,T08,C2024Q2T08,6,VIC1-NSW1,VIC1,212,125,21000.08,0.0
2023-11,C2024Q3,T07,C2024Q3T07,6,NSW1-QLD1,NSW1,63,63,7592.0,0.0
2023-11,C2024Q3,T07,C2024Q3T07,6,NSW1-QLD1,QLD1,173,100,23990.34,0.0
2023-11,C2024Q3,T07,C2024Q3T07,6,V-SA,SA1,110,64,5500.24,0.0
2023-11,C2024Q3,T07,C2024Q3T07,6,V-SA,VIC1,150,73,13650.0,0.0
2023-11,C2024Q3,T07,C2024Q3T07,6,VIC1-NSW1,NSW1,141,108,2208.0,0.0
2023-11,C2024Q3,T07,C2024Q3T07,6,VIC1-NSW1,VIC1,212,125,22000.08,0.0
2023-11,C2024Q4,T06,C2024Q4T06,6,NSW1-QLD1,NSW1,63,45,9936.0,0.0
2023-11,C2024Q4,T06,C2024Q4T06,6,NSW1-QLD1,QLD1,176,103,14278.0,0.0
2023-11,C2024Q4,T06,C2024Q4T06,6,V-SA,SA1,111,64,5500.24,0.0
2023-11,C2024Q4,T06,C2024Q4T06,6,V-SA,VIC1,108,73,13000.17,0.0
2023-11,C2024Q4,T06,C2024Q4T06,6,VIC1-NSW1,NSW1,148,108,993.6,0.0
2023-11,C2024Q4,T06,C2024Q4T06,6,VIC1-NSW1,VIC1,290,125,17000.0,0.0
2023-11,C2025Q1,T05,C2025Q1T05,6,NSW1-QLD1,NSW1,65,45,13395.11,0.0
2023-11,C2025Q1,T05,C2025Q1T05,6,NSW1-QLD1,QLD1,175,100,16300.34,0.0
2023-11,C2025Q1,T05,C2025Q1T05,6,V-SA,SA1,64,64,5400.0,0.0
2023-11,C2025Q1,T05,C2025Q1T05,6,V-SA,VIC1,76,73,26005.85,0.0
2023-11,C2025Q1,T05,C2025Q1T05,6,VIC1-NSW1,NSW1,133,108,3506.0,0.0
2023-11,C2025Q1,T05,C2025Q1T05,6,VIC1-NSW1,VIC1,200,125,20010.0,0.0
2023-11,C2023Q1,T08,C2023Q1T08,18,VIC1-NSW1,NSW1,153,110,4551.0,0.0
2023-11,C2023Q1,T08,C2023Q1T08,18,VIC1-NSW1,VIC1,165,125,21175.95,0.0
2023-11,C2023Q2,T07,C2023Q2T07,18,NSW1-QLD1,NSW1,71,45,2410.0,0.0
2023-11,C2023Q2,T07,C2023Q2T07,18,NSW1-QLD1,QLD1,220,100,17015.0,0.0
2023-11,C2023Q2,T07,C2023Q2T07,18,V-SA,SA1,129,86,4403.0,0.0
2023-11,C2023Q2,T07,C2023Q2T07,18,V-SA,VIC1,113,73,6606.6,0.0
2023-11,C2023Q2,T07,C2023Q2T07,18,VIC1-NSW1,NSW1,188,108,1104.4,0.0
2023-11,C2023Q2,T07,C2023Q2T07,18,VIC1-NSW1,VIC1,223,125,15820.49,0.0
2023-11,C2023Q3,T06,C2023Q3T06,18,NSW1-QLD1,NSW1,75,45,2400.0,0.0
2023-11,C2023Q3,T06,C2023Q3T06,18,NSW1-QLD1,QLD1,170,100,18260.0,0.0
2023-11,C2023Q3,T06,C2023Q3T06,18,V-SA,SA1,118,72,5000.0,0.0
2023-11,C2023Q3,T06,C2023Q3T06,18,V-SA,VIC1,103,73,7500.0,0.0
2023-11,C2023Q3,T06,C2023Q3T06,18,VIC1-NSW1,NSW1,175,108,1106.0,0.0
2023-11,C2023Q3,T06,C2023Q3T06,18,VIC1-NSW1,VIC1,203,125,15590.49,0.0
2023-11,C2023Q4,T05,C2023Q4T05,18,NSW1-QLD1,NSW1,65,45,5349.55,0.0
2023-11,C2023Q4,T05,C2023Q4T05,18,NSW1-QLD1,QLD1,194,100,12500.0,0.0
2023-11,C2023Q4,T05,C2023Q4T05,18,V-SA,SA1,111,64,5500.0,0.0
2023-11,C2023Q4,T05,C2023Q4T05,18,V-SA,VIC1,88,73,8500.79,0.0
2023-11,C2023Q4,T05,C2023Q4T05,18,VIC1-NSW1,NSW1,158,108,1277.0,0.0
2023-11,C2023Q4,T05,C2023Q4T05,18,VIC1-NSW1,VIC1,195,125,18232.5,0.0
2023-11,C2024Q1,T04,C2024Q1T04,18,NSW1-QLD1,NSW1,45,45,7162.96,0.0
2023-11,C2024Q1,T04,C2024Q1T04,18,NSW1-QLD1,QLD1,134,101,20748.0,0.0
2023-11,C2024Q1,T04,C2024Q1T04,18,V-SA,SA1,64,64,6893.3,0.0
2023-11,C2024Q1,T04,C2024Q1T04,18,V-SA,VIC1,90,73,15000.0,0.0
2023-11,C2024Q1,T04,C2024Q1T04,18,VIC1-NSW1,NSW1,124,115,4370.2,0.0
2023-11,C2024Q1,T04,C2024Q1T04,18,VIC1-NSW1,VIC1,145,125,22368.05,0.0
2023-11,C2024Q2,T03,C2024Q2T03,18,NSW1-QLD1,NSW1,45,45,2579.0,0.0
2023-11,C2024Q2,T03,C2024Q2T03,18,NSW1-QLD1,QLD1,100,100,20748.0,0.0
2023-11,C2024Q2,T03,C2024Q2T03,18,V-SA,SA1,79,70,4462.18,0.0
2023-11,C2024Q2,T03,C2024Q2T03,18,V-SA,VIC1,73,73,7500.0,0.0
2023-11,C2024Q2,T03,C2024Q2T03,18,VIC1-NSW1,NSW1,138,108,1048.0,0.0
2023-11,C2024Q2,T03,C2024Q2T03,18,VIC1-NSW1,VIC1,125,125,14742.0,0.0
2023-11,C2024Q3,T02,C2024Q3T02,18,NSW1-QLD1,NSW1,45,45,2400.0,0.0
2023-11,C2024Q3,T02,C2024Q3T02,18,NSW1-QLD1,QLD1,100,100,19126.0,0.0
2023-11,C2024Q3,T02,C2024Q3T02,18,V-SA,SA1,78,75,5352.18,0.0
2023-11,C2024Q3,T02,C2024Q3T02,18,V-SA,VIC1,73,73,7500.0,0.0
2023-11,C2024Q3,T02,C2024Q3T02,18,VIC1-NSW1,NSW1,108,108,1058.0,0.0
2023-11,C2024Q3,T02,C2024Q3T02,18,VIC1-NSW1,VIC1,125,125,15002.0,0.0
2023-11,C2024Q4,T01,C2024Q4T01,18,NSW1-QLD1,NSW1,45,45,5006.08,0.0
2023-11,C2024Q4,T01,C2024Q4T01,18,NSW1-QLD1,QLD1,100,100,12909.44,0.0
2023-11,C2024Q4,T01,C2024Q4T01,18,V-SA,SA1,64,64,5561.0,0.0
2023-11,C2024Q4,T01,C2024Q4T01,18,V-SA,VIC1,73,73,8675.28,0.0
2023-11,C2024Q4,T01,C2024Q4T01,18,VIC1-NSW1,NSW1,108,108,1287.0,0.0
2023-11,C2024Q4,T01,C2024Q4T01,18,VIC1-NSW1,VIC1,125,125,17050.0,0.0
2023-11,C2022Q2,T12,C2022Q2T12,18,NSW1-QLD1,NSW1,127,100,4537.55,0.0
2023-11,C2022Q2,T12,C2022Q2T12,18,NSW1-QLD1,QLD1,207,100,7637.0,0.0
2023-11,C2022Q2,T12,C2022Q2T12,18,V-SA,SA1,106,66,4487.0,0.0
2023-11,C2022Q2,T12,C2022Q2T12,18,V-SA,VIC1,133,83,13539.0,0.0
2023-11,C2022Q2,T12,C2022Q2T12,18,VIC1-NSW1,NSW1,278,112,910.0,0.0
2023-11,C2022Q2,T12,C2022Q2T12,18,VIC1-NSW1,VIC1,225,125,19978.0,0.0
2023-11,C2022Q3,T11,C2022Q3T11,18,NSW1-QLD1,NSW1,84,60,4061.82,0.0
2023-11,C2022Q3,T11,C2022Q3T11,18,NSW1-QLD1,QLD1,244,100,13330.09,0.0
2023-11,C2022Q3,T11,C2022Q3T11,18,V-SA,SA1,113,64,5500.0,0.0
2023-11,C2022Q3,T11,C2022Q3T11,18,V-SA,VIC1,128,73,10000.0,0.0
2023-11,C2022Q3,T11,C2022Q3T11,18,VIC1-NSW1,NSW1,265,108,1198.0,0.0
2023-11,C2022Q3,T11,C2022Q3T11,18,VIC1-NSW1,VIC1,250,135,19272.0,0.0
2023-11,C2022Q4,T10,C2022Q4T10,18,NSW1-QLD1,NSW1,64,45,9300.0,0.0
2023-11,C2022Q4,T10,C2022Q4T10,18,NSW1-QLD1,QLD1,275,100,10925.0,0.0
2023-11,C2022Q4,T10,C2022Q4T10,18,V-SA,SA1,100,64,6046.0,0.0
2023-11,C2022Q4,T10,C2022Q4T10,18,V-SA,VIC1,158,73,10170.83,0.0
2023-11,C2022Q4,T10,C2022Q4T10,18,VIC1-NSW1,NSW1,174,112,1380.0,0.0
2023-11,C2022Q4,T10,C2022Q4T10,18,VIC1-NSW1,VIC1,268,135,24731.84,0.0
2023-11,C2023Q1,T09,C2023Q1T09,18,NSW1-QLD1,NSW1,64,48,15202.0,0.0
2023-11,C2023Q1,T09,C2023Q1T09,18,NSW1-QLD1,QLD1,281,104,17189.17,0.0
2023-11,C2023Q1,T09,C2023Q1T09,18,V-SA,SA1,94,70,6850.0,0.0
2023-11,C2023Q1,T09,C2023Q1T09,18,V-SA,VIC1,99,73,16760.83,0.0
2023-11,C2023Q1,T09,C2023Q1T09,18,VIC1-NSW1,NSW1,171,116,4500.0,0.0
2023-11,C2023Q1,T09,C2023Q1T09,18,VIC1-NSW1,VIC1,200,135,25200.26,0.0
2023-11,C2023Q2,T08,C2023Q2T08,18,NSW1-QLD1,NSW1,61,45,4000.0,0.0
2023-11,C2023Q2,T08,C2023Q2T08,18,NSW1-QLD1,QLD1,194,100,24489.09,0.0
2023-11,C2023Q2,T08,C2023Q2T08,18,V-SA,SA1,114,70,4843.0,0.0
2023-11,C2023Q2,T08,C2023Q2T08,18,V-SA,VIC1,108,73,11000.83,0.0
2023-11,C2023Q2,T08,C2023Q2T08,18,VIC1-NSW1,NSW1,301,109,1270.06,0.0
2023-11,C2023Q2,T08,C2023Q2T08,18,VIC1-NSW1,VIC1,205,125,22960.26,0.0
2023-11,C2023Q3,T07,C2023Q3T07,18,NSW1-QLD1,NSW1,70,45,3336.0,0.0
2023-11,C2023Q3,T07,C2023Q3T07,18,NSW1-QLD1,QLD1,150,100,24416.0,0.0
2023-11,C2023Q3,T07,C2023Q3T07,18,V-SA,SA1,109,64,5297.0,0.0
2023-11,C2023Q3,T07,C2023Q3T07,18,V-SA,VIC1,108,73,10920.83,0.0
2023-11,C2023Q3,T07,C2023Q3T07,18,VIC1-NSW1,NSW1,205,108,1250.0,0.0
2023-11,C2023Q3,T07,C2023Q3T07,18,VIC1-NSW1,VIC1,220,125,22640.26,0.0
2023-11,C2023Q4,T06,C2023Q4T06,18,NSW1-QLD1,NSW1,58,45,8510.0,0.0
2023-11,C2023Q4,T06,C2023Q4T06,18,NSW1-QLD1,QLD1,164,100,17384.0,0.0
2023-11,C2023Q4,T06,C2023Q4T06,18,V-SA,SA1,109,64,6050.0,0.0
2023-11,C2023Q4,T06,C2023Q4T06,18,V-SA,VIC1,88,73,9520.83,0.0
2023-11,C2023Q4,T06,C2023Q4T06,18,VIC1-NSW1,NSW1,143,114,1404.7,0.0
2023-11,C2023Q4,T06,C2023Q4T06,18,VIC1-NSW1,VIC1,217,125,24066.9,0.0
2023-11,C2024Q1,T05,C2024Q1T05,18,NSW1-QLD1,NSW1,48,45,9907.0,0.0
2023-11,C2024Q1,T05,C2024Q1T05,18,NSW1-QLD1,QLD1,130,100,22822.8,0.0
2023-11,C2024Q1,T05,C2024Q1T05,18,V-SA,SA1,64,64,7341.0,0.0
2023-11,C2024Q1,T05,C2024Q1T05,18,V-SA,VIC1,90,73,16500.0,0.0
2023-11,C2024Q1,T05,C2024Q1T05,18,VIC1-NSW1,NSW1,117,108,4368.0,0.0
2023-11,C2024Q1,T05,C2024Q1T05,18,VIC1-NSW1,VIC1,167,125,23800.26,0.0
2023-11,C2024Q2,T04,C2024Q2T04,18,NSW1-QLD1,NSW1,48,45,3307.0,0.0
2023-11,C2024Q2,T04,C2024Q2T04,18,NSW1-QLD1,QLD1,120,100,24438.96,0.0
2023-11,C2024Q2,T04,C2024Q2T04,18,V-SA,SA1,89,64,4732.0,0.0
2023-11,C2024Q2,T04,C2024Q2T04,18,V-SA,VIC1,73,73,9093.0,0.0
2023-11,C2024Q2,T04,C2024Q2T04,18,VIC1-NSW1,NSW1,164,108,1028.0,0.0
2023-11,C2024Q2,T04,C2024Q2T04,18,VIC1-NSW1,VIC1,152,125,16800.25,0.0
2023-11,C2024Q3,T03,C2024Q3T03,18,NSW1-QLD1,NSW1,48,45,3040.0,0.0
2023-11,C2024Q3,T03,C2024Q3T03,18,NSW1-QLD1,QLD1,108,100,21520.64,0.0
2023-11,C2024Q3,T03,C2024Q3T03,18,V-SA,SA1,67,64,4995.37,0.0
2023-11,C2024Q3,T03,C2024Q3T03,18,V-SA,VIC1,74,73,8996.83,0.0
2023-11,C2024Q3,T03,C2024Q3T03,18,VIC1-NSW1,NSW1,108,108,1000.0,0.0
2023-11,C2024Q3,T03,C2024Q3T03,18,VIC1-NSW1,VIC1,135,125,16502.2,0.0
2023-11,C2024Q4,T02,C2024Q4T02,18,NSW1-QLD1,NSW1,48,45,8504.0,0.0
2023-11,C2024Q4,T02,C2024Q4T02,18,NSW1-QLD1,QLD1,100,100,16000.0,0.0
2023-11,C2024Q4,T02,C2024Q4T02,18,V-SA,SA1,64,64,5521.0,0.0
2023-11,C2024Q4,T02,C2024Q4T02,18,V-SA,VIC1,73,73,10284.0,0.0
2023-11,C2024Q4,T02,C2024Q4T02,18,VIC1-NSW1,NSW1,108,108,1457.0,0.0
2023-11,C2024Q4,T02,C2024Q4T02,18,VIC1-NSW1,VIC1,150,125,20800.25,0.0
2023-11,C2025Q1,T01,C2025Q1T01,18,NSW1-QLD1,NSW1,45,45,9506.0,0.0
2023-11,C2025Q1,T01,C2025Q1T01,18,NSW1-QLD1,QLD1,100,100,23392.8,0.0
2023-11,C2025Q1,T01,C2025Q1T01,18,V-SA,SA1,64,64,7210.0,0.0
2023-11,C2025Q1,T01,C2025Q1T01,18,V-SA,VIC1,73,73,16000.0,0.0
2023-11,C2025Q1,T01,C2025Q1T01,18,VIC1-NSW1,NSW1,108,108,4320.0,0.0
2023-11,C2025Q1,T01,C2025Q1T01,18,VIC1-NSW1,VIC1,125,125,20971.0,0.0
2023-11,C2022Q3,T12,C2022Q3T12,2,NSW1-QLD1,NSW1,106,55,5040.0,0.0
2023-11,C2022Q3,T12,C2022Q3T12,2,NSW1-QLD1,QLD1,233,100,10000.0,0.0
2023-11,C2022Q3,T12,C2022Q3T12,2,V-SA,SA1,115,66,5750.3,0.0
2023-11,C2022Q3,T12,C2022Q3T12,2,V-SA,VIC1,125,77,10278.0,0.0
2023-11,C2022Q3,T12,C2022Q3T12,2,VIC1-NSW1,NSW1,246,112,610.6,0.0
2023-11,C2022Q3,T12,C2022Q3T12,2,VIC1-NSW1,VIC1,232,172,38737.0,0.0
2023-11,C2022Q4,T11,C2022Q4T11,2,NSW1-QLD1,NSW1,80,45,11625.0,0.0
2023-11,C2022Q4,T11,C2022Q4T11,2,NSW1-QLD1,QLD1,260,100,11066.0,0.0
2023-11,C2022Q4,T11,C2022Q4T11,2,V-SA,SA1,100,64,6182.4,0.0
2023-11,C2022Q4,T11,C2022Q4T11,2,V-SA,VIC1,93,73,15687.91,0.0
2023-11,C2022Q4,T11,C2022Q4T11,2,VIC1-NSW1,NSW1,150,108,666.6,0.0
2023-11,C2022Q4,T11,C2022Q4T11,2,VIC1-NSW1,VIC1,208,145,44811.36,0.0
2023-11,C2023Q1,T10,C2023Q1T10,2,NSW1-QLD1,NSW1,80,45,19762.59,0.0
2023-11,C2024Q1,T10,C2024Q1T10,2,NSW1-QLD1,QLD1,202,103,16380.0,0.0
2023-11,C2024Q1,T10,C2024Q1T10,2,V-SA,SA1,82,64,6396.79,0.0
2023-11,C2024Q1,T10,C2024Q1T10,2,V-SA,VIC1,172,73,26846.04,0.0
2023-11,C2024Q1,T10,C2024Q1T10,2,VIC1-NSW1,NSW1,148,108,3932.49,0.0
2023-11,C2024Q1,T10,C2024Q1T10,2,VIC1-NSW1,VIC1,253,125,25019.17,0.0
2023-11,C2024Q2,T09,C2024Q2T09,2,NSW1-QLD1,NSW1,63,54,7216.66,0.0
2023-11,C2024Q2,T09,C2024Q2T09,2,NSW1-QLD1,QLD1,187,100,22654.0,0.0
2023-11,C2024Q2,T09,C2024Q2T09,2,V-SA,SA1,129,64,4888.88,0.0
2023-11,C2024Q2,T09,C2024Q2T09,2,V-SA,VIC1,180,73,13280.04,0.0
2023-11,C2024Q2,T09,C2024Q2T09,2,VIC1-NSW1,NSW1,194,110,2508.08,0.0
2023-11,C2024Q2,T09,C2024Q2T09,2,VIC1-NSW1,VIC1,263,125,22050.08,0.0
2023-11,C2024Q3,T08,C2024Q3T08,2,NSW1-QLD1,NSW1,63,54,5828.66,0.0
2023-11,C2024Q3,T08,C2024Q3T08,2,NSW1-QLD1,QLD1,187,100,26150.2,0.0
2023-11,C2024Q3,T08,C2024Q3T08,2,V-SA,SA1,137,64,5400.51,0.0
2023-11,C2024Q3,T08,C2024Q3T08,2,V-SA,VIC1,185,73,14400.04,0.0
2023-11,C2024Q3,T08,C2024Q3T08,2,VIC1-NSW1,NSW1,133,108,2100.0,0.0
2023-11,C2024Q3,T08,C2024Q3T08,2,VIC1-NSW1,VIC1,308,125,23978.88,0.0
2023-11,C2024Q4,T07,C2024Q4T07,2,NSW1-QLD1,NSW1,57,45,9936.0,0.0
2023-11,C2024Q4,T07,C2024Q4T07,2,NSW1-QLD1,QLD1,189,100,12600.2,0.0
2023-11,C2024Q4,T07,C2024Q4T07,2,V-SA,SA1,137,64,5225.22,0.0
2023-11,C2024Q4,T07,C2024Q4T07,2,V-SA,VIC1,152,73,14111.11,0.0
2023-11,C2024Q4,T07,C2024Q4T07,2,VIC1-NSW1,NSW1,126,108,1074.0,0.0
2023-11,C2024Q4,T07,C2024Q4T07,2,VIC1-NSW1,VIC1,356,125,16433.33,0.0
2023-11,C2025Q1,T06,C2025Q1T06,2,NSW1-QLD1,NSW1,47,45,14850.0,0.0
2023-11,C2025Q1,T06,C2025Q1T06,2,NSW1-QLD1,QLD1,199,102,18240.39,0.0
2023-11,C2025Q1,T06,C2025Q1T06,2,V-SA,SA1,82,64,5400.0,0.0
2023-11,C2025Q1,T06,C2025Q1T06,2,V-SA,VIC1,137,73,23760.0,0.0
2023-11,C2025Q1,T06,C2025Q1T06,2,VIC1-NSW1,NSW1,127,108,3256.0,0.0
2023-11,C2025Q1,T06,C2025Q1T06,2,VIC1-NSW1,VIC1,250,125,21124.8,0.0
2023-11,C2025Q2,T05,C2025Q2T05,2,NSW1-QLD1,NSW1,45,45,6569.73,0.0
2023-11,C2025Q2,T05,C2025Q2T05,2,NSW1-QLD1,QLD1,120,100,28392.0,0.0
2023-11,C2025Q2,T05,C2025Q2T05,2,V-SA,SA1,75,64,4333.33,0.0
2023-11,C2025Q2,T05,C2025Q2T05,2,V-SA,VIC1,138,73,12012.0,0.0
2023-11,C2025Q2,T05,C2025Q2T05,2,VIC1-NSW1,NSW1,148,108,1340.1,0.0
2023-11,C2025Q2,T05,C2025Q2T05,2,VIC1-NSW1,VIC1,225,125,20000.77,0.0
2023-11,C2025Q3,T04,C2025Q3T04,2,NSW1-QLD1,NSW1,45,45,7728.0,0.0
2023-11,C2025Q3,T04,C2025Q3T04,2,NSW1-QLD1,QLD1,125,100,28448.34,0.0
2023-11,C2025Q3,T04,C2025Q3T04,2,V-SA,SA1,94,64,4416.0,0.0
2023-11,C2025Q3,T04,C2025Q3T04,2,V-SA,VIC1,117,73,12337.0,0.0
2023-11,C2025Q3,T04,C2025Q3T04,2,VIC1-NSW1,NSW1,164,108,1300.0,0.0
2023-11,C2025Q3,T04,C2025Q3T04,2,VIC1-NSW1,VIC1,225,125,20061.39,0.0
2023-11,C2025Q4,T03,C2025Q4T03,2,NSW1-QLD1,NSW1,45,45,8832.0,0.0
2023-11,C2025Q4,T03,C2025Q4T03,2,NSW1-QLD1,QLD1,100,100,14942.08,0.0
2023-11,C2025Q4,T03,C2025Q4T03,2,V-SA,SA1,94,64,4416.0,0.0
2023-11,C2025Q4,T03,C2025Q4T03,2,V-SA,VIC1,88,73,12144.0,0.0
2023-11,C2025Q4,T03,C2025Q4T03,2,VIC1-NSW1,NSW1,108,108,883.2,0.0
2023-11,C2025Q4,T03,C2025Q4T03,2,VIC1-NSW1,VIC1,180,125,16760.77,0.0
2023-11,C2026Q1,T02,C2026Q1T02,2,NSW1-QLD1,NSW1,45,45,16146.0,0.0
2023-11,C2026Q1,T02,C2026Q1T02,2,NSW1-QLD1,QLD1,125,100,19780.0,0.0
2023-11,C2026Q1,T02,C2026Q1T02,2,V-SA,SA1,64,64,4758.55,0.0
2023-11,C2026Q1,T02,C2026Q1T02,2,V-SA,VIC1,73,73,21000.0,0.0
2023-11,C2026Q1,T02,C2026Q1T02,2,VIC1-NSW1,NSW1,108,108,3240.0,0.0
2023-11,C2026Q1,T02,C2026Q1T02,2,VIC1-NSW1,VIC1,149,125,21664.8,0.0
2023-11,C2026Q2,T01,C2026Q2T01,2,NSW1-QLD1,NSW1,45,45,7012.0,0.0
2023-11,C2026Q2,T01,C2026Q2T01,2,NSW1-QLD1,QLD1,100,100,28392.0,0.0
2023-11,C2026Q2,T01,C2026Q2T01,2,V-SA,SA1,64,64,4333.33,0.0
2023-11,C2026Q2,T01,C2026Q2T01,2,V-SA,VIC1,73,73,12500.04,0.0
2023-11,C2026Q2,T01,C2026Q2T01,2,VIC1-NSW1,NSW1,108,108,1280.1,0.0
2023-11,C2026Q2,T01,C2026Q2T01,2,VIC1-NSW1,VIC1,125,125,19695.59,0.0
2023-11,C2021Q4,T12,C2021Q4T12,20,NSW1-QLD1,NSW1,87,55,5000.0,0.0
2023-11,C2021Q4,T12,C2021Q4T12,20,NSW1-QLD1,QLD1,275,100,8675.0,0.0
2023-11,C2021Q4,T12,C2021Q4T12,20,V-SA,SA1,90,66,5204.0,0.0
2023-11,C2021Q4,T12,C2021Q4T12,20,V-SA,VIC1,120,77,7001.0,0.0
2023-11,C2021Q4,T12,C2021Q4T12,20,VIC1-NSW1,NSW1,192,112,1004.0,0.0
2023-11,C2021Q4,T12,C2021Q4T12,20,VIC1-NSW1,VIC1,281,125,15500.0,0.0
2023-11,C2022Q1,T11,C2022Q1T11,20,NSW1-QLD1,NSW1,48,45,6584.0,0.0
2023-11,C2022Q1,T11,C2022Q1T11,20,NSW1-QLD1,QLD1,224,103,14560.59,0.0
2023-11,C2022Q1,T11,C2022Q1T11,20,V-SA,SA1,97,65,6277.7,0.0
2023-11,C2022Q1,T11,C2022Q1T11,20,V-SA,VIC1,96,74,10296.0,0.0
2023-11,C2022Q1,T11,C2022Q1T11,20,VIC1-NSW1,NSW1,226,128,4860.0,0.0
2023-11,C2022Q1,T11,C2022Q1T11,20,VIC1-NSW1,VIC1,267,144,17380.87,0.0
2023-11,C2022Q2,T10,C2022Q2T10,20,NSW1-QLD1,NSW1,45,45,2750.0,0.0
2023-11,C2022Q2,T10,C2022Q2T10,20,NSW1-QLD1,QLD1,187,100,13750.0,0.0
2023-11,C2022Q2,T10,C2022Q2T10,20,V-SA,SA1,90,64,3841.0,0.0
2023-11,C2022Q2,T10,C2022Q2T10,20,V-SA,VIC1,167,82,5171.02,0.0
2023-11,C2022Q2,T10,C2022Q2T10,20,VIC1-NSW1,NSW1,306,108,1204.0,0.0
2023-11,C2022Q2,T10,C2022Q2T10,20,VIC1-NSW1,VIC1,161,125,13750.0,0.0
2023-11,C2022Q3,T09,C2022Q3T09,20,NSW1-QLD1,NSW1,45,45,2439.06,0.0
2023-11,C2022Q3,T09,C2022Q3T09,20,NSW1-QLD1,QLD1,192,100,15250.0,0.0
2023-11,C2022Q3,T09,C2022Q3T09,20,V-SA,SA1,112,64,4763.0,0.0
2023-11,C2022Q3,T09,C2022Q3T09,20,V-SA,VIC1,125,73,6000.0,0.0
2023-11,C2022Q3,T09,C2022Q3T09,20,VIC1-NSW1,NSW1,272,108,1204.0,0.0
2023-11,C2022Q3,T09,C2022Q3T09,20,VIC1-NSW1,VIC1,201,125,13616.76,0.0
2023-11,C2022Q4,T08,C2022Q4T08,20,NSW1-QLD1,NSW1,45,45,4007.9,0.0
2023-11,C2022Q4,T08,C2022Q4T08,20,NSW1-QLD1,QLD1,201,100,12474.59,0.0
2023-11,C2022Q4,T08,C2022Q4T08,20,V-SA,SA1,85,64,5036.0,0.0
2023-11,C2022Q4,T08,C2022Q4T08,20,V-SA,VIC1,147,73,6731.0,0.0
2023-11,C2022Q4,T08,C2022Q4T08,20,VIC1-NSW1,NSW1,174,108,1078.0,0.0
2023-11,C2022Q4,T08,C2022Q4T08,20,VIC1-NSW1,VIC1,258,125,16782.7,0.0
2023-11,C2023Q1,T07,C2023Q1T07,20,NSW1-QLD1,NSW1,45,45,6133.29,0.0
2023-11,C2023Q1,T07,C2023Q1T07,20,NSW1-QLD1,QLD1,242,110,18000.0,0.0
2023-11,C2023Q1,T07,C2023Q1T07,20,V-SA,SA1,81,64,6000.0,0.0
2023-11,C2023Q1,T07,C2023Q1T07,20,V-SA,VIC1,98,74,10165.16,0.0
2023-11,C2023Q1,T07,C2023Q1T07,20,VIC1-NSW1,NSW1,118,108,4989.6,0.0
2023-11,C2023Q1,T07,C2023Q1T07,20,VIC1-NSW1,VIC1,202,130,19250.87,0.0
2023-11,C2023Q2,T06,C2023Q2T06,20,NSW1-QLD1,NSW1,47,45,2000.0,0.0
2023-11,C2023Q2,T06,C2023Q2T06,20,NSW1-QLD1,QLD1,157,100,17909.89,0.0
2023-11,C2023Q2,T06,C2023Q2T06,20,V-SA,SA1,133,64,3548.44,0.0
2023-11,C2023Q2,T06,C2023Q2T06,20,V-SA,VIC1,106,73,5460.0,0.0
2023-11,C2023Q2,T06,C2023Q2T06,20,VIC1-NSW1,NSW1,301,108,1004.0,0.0
2023-11,C2023Q2,T06,C2023Q2T06,20,VIC1-NSW1,VIC1,192,125,15441.4,0.0
2023-11,C2023Q3,T05,C2023Q3T05,20,NSW1-QLD1,NSW1,51,45,2000.0,0.0
2023-11,C2023Q3,T05,C2023Q3T05,20,NSW1-QLD1,QLD1,126,100,19125.36,0.0
2023-11,C2023Q3,T05,C2023Q3T05,20,V-SA,SA1,114,64,4080.9,0.0
2023-11,C2023Q3,T05,C2023Q3T05,20,V-SA,VIC1,96,73,5931.0,0.0
2023-11,C2023Q3,T05,C2023Q3T05,20,VIC1-NSW1,NSW1,154,108,1104.0,0.0
2023-11,C2023Q3,T05,C2023Q3T05,20,VIC1-NSW1,VIC1,191,125,15226.64,0.0
2023-11,C2023Q4,T04,C2023Q4T04,20,NSW1-QLD1,NSW1,45,45,3343.47,0.0
2023-11,C2023Q4,T04,C2023Q4T04,20,NSW1-QLD1,QLD1,120,100,16440.0,0.0
2023-11,C2023Q4,T04,C2023Q4T04,20,V-SA,SA1,90,64,4452.0,0.0
2023-11,C2023Q4,T04,C2023Q4T04,20,V-SA,VIC1,87,73,7728.0,0.0
2023-11,C2023Q4,T04,C2023Q4T04,20,VIC1-NSW1,NSW1,138,108,1170.0,0.0
2023-11,C2023Q4,T04,C2023Q4T04,20,VIC1-NSW1,VIC1,186,125,16575.0,0.0
2023-11,C2024Q1,T03,C2024Q1T03,20,NSW1-QLD1,NSW1,45,45,5458.84,0.0
2023-11,C2024Q1,T03,C2024Q1T03,20,NSW1-QLD1,QLD1,113,100,19807.7,0.0
2023-11,C2024Q1,T03,C2024Q1T03,20,V-SA,SA1,68,64,4754.0,0.0
2023-11,C2024Q1,T03,C2024Q1T03,20,V-SA,VIC1,85,73,9761.0,0.0
2023-11,C2024Q1,T03,C2024Q1T03,20,VIC1-NSW1,NSW1,114,108,4620.43,0.0
2023-11,C2024Q1,T03,C2024Q1T03,20,VIC1-NSW1,VIC1,133,133,20334.59,0.0
2023-11,C2024Q2,T02,C2024Q2T02,20,NSW1-QLD1,NSW1,45,45,2000.0,0.0
2023-11,C2024Q2,T02,C2024Q2T02,20,NSW1-QLD1,QLD1,100,100,20407.93,0.0
2023-11,C2024Q2,T02,C2024Q2T02,20,V-SA,SA1,82,64,3186.17,0.0
2023-11,C2024Q2,T02,C2024Q2T02,20,V-SA,VIC1,73,73,5460.0,0.0
2023-11,C2024Q2,T02,C2024Q2T02,20,VIC1-NSW1,NSW1,164,108,1004.0,0.0
2023-11,C2024Q2,T02,C2024Q2T02,20,VIC1-NSW1,VIC1,126,125,14879.43,0.0
2023-11,C2024Q3,T01,C2024Q3T01,20,NSW1-QLD1,NSW1,45,45,2000.0,0.0
2023-11,C2024Q3,T01,C2024Q3T01,20,NSW1-QLD1,QLD1,100,100,19125.36,0.0
2023-11,C2024Q3,T01,C2024Q3T01,20,V-SA,SA1,64,64,3746.4,0.0
2023-11,C2024Q3,T01,C2024Q3T01,20,V-SA,VIC1,73,73,6000.0,0.0
2023-11,C2025Q2,T04,C2025Q2T04,6,NSW1-QLD1,NSW1,45,45,7807.8,0.0
2023-11,C2025Q2,T04,C2025Q2T04,6,NSW1-QLD1,QLD1,100,100,26208.0,0.0
2023-11,C2025Q2,T04,C2025Q2T04,6,V-SA,SA1,75,64,4368.0,0.0
2023-11,C2025Q2,T04,C2025Q2T04,6,V-SA,VIC1,132,73,13942.5,0.0
2023-11,C2025Q2,T04,C2025Q2T04,6,VIC1-NSW1,NSW1,146,108,1310.4,0.0
2023-11,C2025Q2,T04,C2025Q2T04,6,VIC1-NSW1,VIC1,180,125,20374.75,0.0
2023-11,C2025Q3,T03,C2025Q3T03,6,NSW1-QLD1,NSW1,45,45,8030.0,0.0
2023-11,C2025Q3,T03,C2025Q3T03,6,NSW1-QLD1,QLD1,105,100,24448.34,0.0
2023-11,C2025Q3,T03,C2025Q3T03,6,V-SA,SA1,88,64,4505.0,0.0
2023-11,C2025Q3,T03,C2025Q3T03,6,V-SA,VIC1,111,73,13800.8,0.0
2023-11,C2025Q3,T03,C2025Q3T03,6,VIC1-NSW1,NSW1,164,108,1324.8,0.0
2023-11,C2025Q3,T03,C2025Q3T03,6,VIC1-NSW1,VIC1,190,125,19106.09,0.0
2023-11,C2025Q4,T02,C2025Q4T02,6,NSW1-QLD1,NSW1,45,45,8832.0,0.0
2023-11,C2025Q4,T02,C2025Q4T02,6,NSW1-QLD1,QLD1,114,100,14230.56,0.0
2023-11,C2025Q4,T02,C2025Q4T02,6,V-SA,SA1,77,64,4246.14,0.0
2023-11,C2025Q4,T02,C2025Q4T02,6,V-SA,VIC1,89,73,13248.0,0.0
2023-11,C2025Q4,T02,C2025Q4T02,6,VIC1-NSW1,NSW1,108,108,993.6,0.0
2023-11,C2025Q4,T02,C2025Q4T02,6,VIC1-NSW1,VIC1,160,125,17001.59,0.0
2023-11,C2026Q1,T01,C2026Q1T01,6,NSW1-QLD1,NSW1,45,45,14040.0,0.0
2023-11,C2026Q1,T01,C2026Q1T01,6,NSW1-QLD1,QLD1,100,100,17000.34,0.0
2023-11,C2026Q1,T01,C2026Q1T01,6,V-SA,SA1,64,64,5009.0,0.0
2023-11,C2026Q1,T01,C2026Q1T01,6,V-SA,VIC1,73,73,25920.0,0.0
2023-11,C2026Q1,T01,C2026Q1T01,6,VIC1-NSW1,NSW1,108,108,3510.0,0.0
2023-11,C2026Q1,T01,C2026Q1T01,6,VIC1-NSW1,VIC1,125,125,22226.4,0.0
2023-11,C2022Q4,T12,C2022Q4T12,6,V-SA,SA1,106,66,6869.99,0.0
2023-11,C2022Q4,T12,C2022Q4T12,6,V-SA,VIC1,117,77,25000.0,0.0
2023-11,C2022Q4,T12,C2022Q4T12,6,VIC1-NSW1,NSW1,169,112,989.38,0.0
2023-11,C2022Q4,T12,C2022Q4T12,6,VIC1-NSW1,VIC1,253,145,46417.0,0.0
2023-11,C2023Q1,T11,C2023Q1T11,6,NSW1-QLD1,NSW1,65,45,23000.0,0.0
2023-11,C2023Q1,T11,C2023Q1T11,6,NSW1-QLD1,QLD1,295,110,16660.71,0.0
2023-11,C2023Q1,T11,C2023Q1T11,6,V-SA,SA1,94,64,8288.5,0.0
2023-11,C2023Q1,T11,C2023Q1T11,6,V-SA,VIC1,103,73,30000.0,0.0
2023-11,C2023Q1,T11,C2023Q1T11,6,VIC1-NSW1,NSW1,143,113,5000.0,0.0
2023-11,C2023Q1,T11,C2023Q1T11,6,VIC1-NSW1,VIC1,240,130,43320.0,0.0
2023-11,C2023Q2,T10,C2023Q2T10,6,NSW1-QLD1,NSW1,94,45,7800.0,0.0
2023-11,C2023Q2,T10,C2023Q2T10,6,NSW1-QLD1,QLD1,239,113,36800.0,0.0
2023-11,C2023Q2,T10,C2023Q2T10,6,V-SA,SA1,136,64,5600.03,0.0
2023-11,C2023Q2,T10,C2023Q2T10,6,V-SA,VIC1,103,73,21000.0,0.0
2023-11,C2023Q2,T10,C2023Q2T10,6,VIC1-NSW1,NSW1,287,108,2257.0,0.0
2023-11,C2023Q2,T10,C2023Q2T10,6,VIC1-NSW1,VIC1,261,134,48000.0,0.0
2023-11,C2023Q3,T09,C2023Q3T09,6,NSW1-QLD1,NSW1,75,45,6869.86,0.0
2023-11,C2023Q3,T09,C2023Q3T09,6,NSW1-QLD1,QLD1,210,105,30000.0,0.0
2023-11,C2023Q3,T09,C2023Q3T09,6,V-SA,SA1,114,64,6400.03,0.0
2023-11,C2023Q3,T09,C2023Q3T09,6,V-SA,VIC1,103,73,20000.0,0.0
2023-11,C2023Q3,T09,C2023Q3T09,6,VIC1-NSW1,NSW1,225,118,2840.0,0.0
2023-11,C2023Q3,T09,C2023Q3T09,6,VIC1-NSW1,VIC1,264,145,41830.25,0.0
2023-11,C2023Q4,T08,C2023Q4T08,6,NSW1-QLD1,NSW1,65,45,11578.0,0.0
2023-11,C2023Q4,T08,C2023Q4T08,6,NSW1-QLD1,QLD1,220,100,14100.98,0.0
2023-11,C2023Q4,T08,C2023Q4T08,6,V-SA,SA1,109,64,6200.03,0.0
2023-11,C2023Q4,T08,C2023Q4T08,6,V-SA,VIC1,103,73,17928.96,0.0
2023-11,C2023Q4,T08,C2023Q4T08,6,VIC1-NSW1,NSW1,152,108,1477.0,0.0
2023-11,C2023Q4,T08,C2023Q4T08,6,VIC1-NSW1,VIC1,262,159,43000.0,0.0
2023-11,C2024Q1,T07,C2024Q1T07,6,NSW1-QLD1,NSW1,65,45,16421.87,0.0
2023-11,C2024Q1,T07,C2024Q1T07,6,NSW1-QLD1,QLD1,195,100,17000.0,0.0
2023-11,C2024Q1,T07,C2024Q1T07,6,V-SA,SA1,84,64,6909.01,0.0
2023-11,C2024Q1,T07,C2024Q1T07,6,V-SA,VIC1,83,73,30000.0,0.0
2023-11,C2024Q1,T07,C2024Q1T07,6,VIC1-NSW1,NSW1,137,108,4000.0,0.0
2023-11,C2024Q1,T07,C2024Q1T07,6,VIC1-NSW1,VIC1,210,125,31875.0,0.0
2023-11,C2024Q2,T06,C2024Q2T06,6,NSW1-QLD1,NSW1,68,47,6621.11,0.0
2023-11,C2024Q2,T06,C2024Q2T06,6,NSW1-QLD1,QLD1,162,100,29505.84,0.0
2023-11,C2024Q2,T06,C2024Q2T06,6,V-SA,SA1,114,64,5008.0,0.0
2023-11,C2024Q2,T06,C2024Q2T06,6,V-SA,VIC1,83,73,22113.0,0.0
2023-11,C2024Q2,T06,C2024Q2T06,6,VIC1-NSW1,NSW1,184,108,1908.0,0.0
2023-11,C2024Q2,T06,C2024Q2T06,6,VIC1-NSW1,VIC1,215,125,25000.0,0.0
2023-11,C2024Q3,T05,C2024Q3T05,6,NSW1-QLD1,NSW1,68,50,6624.0,0.0
2023-11,C2024Q3,T05,C2024Q3T05,6,NSW1-QLD1,QLD1,165,100,28337.47,0.0
2023-11,C2024Q3,T05,C2024Q3T05,6,V-SA,SA1,105,64,5600.0,0.0
2023-11,C2024Q3,T05,C2024Q3T05,6,V-SA,VIC1,83,73,20000.0,0.0
2023-11,C2024Q3,T05,C2024Q3T05,6,VIC1-NSW1,NSW1,131,108,1932.0,0.0
2023-11,C2024Q3,T05,C2024Q3T05,6,VIC1-NSW1,VIC1,198,125,25000.0,0.0
2023-11,C2024Q4,T04,C2024Q4T04,6,NSW1-QLD1,NSW1,65,45,9003.0,0.0
2023-11,C2024Q4,T04,C2024Q4T04,6,NSW1-QLD1,QLD1,157,117,16115.83,0.0
2023-11,C2024Q4,T04,C2024Q4T04,6,V-SA,SA1,90,64,5468.0,0.0
2023-11,C2024Q4,T04,C2024Q4T04,6,V-SA,VIC1,73,73,18000.0,0.0
2023-11,C2024Q4,T04,C2024Q4T04,6,VIC1-NSW1,NSW1,108,108,1200.0,0.0
2023-11,C2024Q4,T04,C2024Q4T04,6,VIC1-NSW1,VIC1,165,125,25000.0,0.0
2023-11,C2025Q1,T03,C2025Q1T03,6,NSW1-QLD1,NSW1,47,45,11805.0,0.0
2023-11,C2025Q1,T03,C2025Q1T03,6,NSW1-QLD1,QLD1,134,100,20980.08,0.0
2023-11,C2025Q1,T03,C2025Q1T03,6,V-SA,SA1,64,64,7206.0,0.0
2023-11,C2025Q1,T03,C2025Q1T03,6,V-SA,VIC1,76,73,30000.0,0.0
2023-11,C2025Q1,T03,C2025Q1T03,6,VIC1-NSW1,NSW1,108,108,3850.66,0.0
2023-11,C2025Q1,T03,C2025Q1T03,6,VIC1-NSW1,VIC1,144,125,25000.0,0.0
2023-11,C2025Q2,T02,C2025Q2T02,6,NSW1-QLD1,NSW1,52,45,6597.87,0.0
2023-11,C2025Q2,T02,C2025Q2T02,6,NSW1-QLD1,QLD1,100,100,29267.78,0.0
2023-11,C2025Q2,T02,C2025Q2T02,6,V-SA,SA1,64,64,3900.03,0.0
2023-11,C2025Q2,T02,C2025Q2T02,6,V-SA,VIC1,73,73,17963.4,0.0
2023-11,C2025Q2,T02,C2025Q2T02,6,VIC1-NSW1,NSW1,108,108,1447.0,0.0
2023-11,C2025Q2,T02,C2025Q2T02,6,VIC1-NSW1,VIC1,125,125,24120.09,0.0
2023-11,C2025Q3,T01,C2025Q3T01,6,NSW1-QLD1,NSW1,45,45,7320.53,0.0
2023-11,C2025Q3,T01,C2025Q3T01,6,NSW1-QLD1,QLD1,100,100,30910.9,0.0
2023-11,C2025Q3,T01,C2025Q3T01,6,V-SA,SA1,64,64,4384.0,0.0
2023-11,C2025Q3,T01,C2025Q3T01,6,V-SA,VIC1,73,73,18500.0,0.0
2023-11,C2025Q3,T01,C2025Q3T01,6,VIC1-NSW1,NSW1,108,108,1292.28,0.0
2023-11,C2025Q3,T01,C2025Q3T01,6,VIC1-NSW1,VIC1,125,125,25920.09,0.0
2023-11,C2023Q1,T12,C2023Q1T12,6,NSW1-QLD1,NSW1,95,58,23500.0,0.0
2023-11,C2023Q1,T12,C2023Q1T12,6,NSW1-QLD1,QLD1,316,148,15000.0,0.0
2023-11,C2023Q1,T12,C2023Q1T12,6,V-SA,SA1,99,81,8372.0,0.0
2023-11,C2023Q1,T12,C2023Q1T12,6,V-SA,VIC1,129,88,31200.0,0.0
2023-11,C2023Q1,T12,C2023Q1T12,6,VIC1-NSW1,NSW1,147,122,5050.0,0.0
2023-11,C2023Q1,T12,C2023Q1T12,6,VIC1-NSW1,VIC1,285,125,29361.81,0.0
2023-11,C2023Q2,T11,C2023Q2T11,6,NSW1-QLD1,NSW1,86,74,7562.0,0.0
2023-11,C2023Q2,T11,C2023Q2T11,6,NSW1-QLD1,QLD1,298,105,24000.0,0.0
2023-11,C2023Q2,T11,C2023Q2T11,6,V-SA,SA1,138,76,6300.94,0.0
2023-11,C2023Q2,T11,C2023Q2T11,6,V-SA,VIC1,142,73,21000.0,0.0
2023-11,C2023Q2,T11,C2023Q2T11,6,VIC1-NSW1,NSW1,291,125,2931.0,0.0
2023-11,C2023Q2,T11,C2023Q2T11,6,VIC1-NSW1,VIC1,293,132,25000.0,0.0
2023-11,C2023Q3,T10,C2023Q3T10,6,NSW1-QLD1,NSW1,67,58,8080.33,0.0
2023-11,C2023Q3,T10,C2023Q3T10,6,NSW1-QLD1,QLD1,255,100,18600.0,0.0
2023-11,C2023Q3,T10,C2023Q3T10,6,V-SA,SA1,136,64,7380.0,0.0
2023-11,C2023Q3,T10,C2023Q3T10,6,V-SA,VIC1,193,73,19954.0,0.0
2023-11,C2023Q3,T10,C2023Q3T10,6,VIC1-NSW1,NSW1,213,131,3244.04,0.0
2023-11,C2023Q3,T10,C2023Q3T10,6,VIC1-NSW1,VIC1,273,125,25000.0,0.0
2023-11,C2023Q4,T09,C2023Q4T09,6,NSW1-QLD1,NSW1,57,45,12156.0,0.0
2023-11,C2023Q4,T09,C2023Q4T09,6,NSW1-QLD1,QLD1,198,111,14000.0,0.0
2023-11,C2023Q4,T09,C2023Q4T09,6,V-SA,SA1,131,64,6667.13,0.0
2023-11,C2023Q4,T09,C2023Q4T09,6,V-SA,VIC1,170,73,17997.83,0.0
2023-11,C2023Q4,T09,C2023Q4T09,6,VIC1-NSW1,NSW1,160,108,1435.2,0.0
2023-11,C2023Q4,T09,C2023Q4T09,6,VIC1-NSW1,VIC1,259,125,25000.0,0.0
2023-11,C2024Q1,T08,C2024Q1T08,6,NSW1-QLD1,NSW1,82,45,18000.96,0.0
2023-11,C2024Q1,T08,C2024Q1T08,6,NSW1-QLD1,QLD1,173,100,16991.52,0.0
2023-11,C2024Q1,T08,C2024Q1T08,6,V-SA,SA1,76,64,7644.0,0.0
2023-11,C2024Q1,T08,C2024Q1T08,6,V-SA,VIC1,174,88,47000.99,0.0
2023-11,C2024Q1,T08,C2024Q1T08,6,VIC1-NSW1,NSW1,141,108,4001.0,0.0
2023-11,C2024Q1,T08,C2024Q1T08,6,VIC1-NSW1,VIC1,264,125,25500.42,0.0
2023-11,C2024Q2,T07,C2024Q2T07,6,NSW1-QLD1,NSW1,60,54,7368.0,0.0
2023-11,C2024Q2,T07,C2024Q2T07,6,NSW1-QLD1,QLD1,158,100,27846.0,0.0
2023-11,C2024Q2,T07,C2024Q2T07,6,V-SA,SA1,111,64,6260.0,0.0
2023-11,C2024Q2,T07,C2024Q2T07,6,V-SA,VIC1,131,73,20124.0,0.0
2023-11,C2024Q2,T07,C2024Q2T07,6,VIC1-NSW1,NSW1,202,110,2385.0,0.0
2023-11,C2024Q2,T07,C2024Q2T07,6,VIC1-NSW1,VIC1,178,125,24200.42,0.0
2023-11,C2023Q1,T10,C2023Q1T10,2,NSW1-QLD1,QLD1,301,110,17418.36,0.0
2023-11,C2023Q1,T10,C2023Q1T10,2,V-SA,SA1,84,64,7535.0,0.0
2023-11,C2023Q1,T10,C2023Q1T10,2,V-SA,VIC1,98,73,24624.61,0.0
2023-11,C2023Q1,T10,C2023Q1T10,2,VIC1-NSW1,NSW1,143,108,4500.0,0.0
2023-11,C2023Q1,T10,C2023Q1T10,2,VIC1-NSW1,VIC1,190,125,45360.46,0.0
2023-11,C2023Q2,T09,C2023Q2T09,2,NSW1-QLD1,NSW1,82,45,6499.89,0.0
2023-11,C2023Q2,T09,C2023Q2T09,2,NSW1-QLD1,QLD1,214,100,26000.0,0.0
2023-11,C2023Q2,T09,C2023Q2T09,2,V-SA,SA1,104,64,4500.0,0.0
2023-11,C2023Q2,T09,C2023Q2T09,2,V-SA,VIC1,98,73,16380.0,0.0
2023-11,C2023Q2,T09,C2023Q2T09,2,VIC1-NSW1,NSW1,320,108,900.0,0.0
2023-11,C2023Q2,T09,C2023Q2T09,2,VIC1-NSW1,VIC1,215,127,42000.0,0.0
2023-11,C2023Q3,T08,C2023Q3T08,2,NSW1-QLD1,NSW1,63,45,5495.89,0.0
2023-11,C2023Q3,T08,C2023Q3T08,2,NSW1-QLD1,QLD1,190,100,24636.83,0.0
2023-11,C2023Q3,T08,C2023Q3T08,2,V-SA,SA1,109,64,4000.0,0.0
2023-11,C2023Q3,T08,C2023Q3T08,2,V-SA,VIC1,98,73,15456.0,0.0
2023-11,C2023Q3,T08,C2023Q3T08,2,VIC1-NSW1,NSW1,225,108,937.0,0.0
2023-11,C2023Q3,T08,C2023Q3T08,2,VIC1-NSW1,VIC1,215,125,40752.46,0.0
2023-11,C2023Q4,T07,C2023Q4T07,2,NSW1-QLD1,NSW1,55,45,8663.0,0.0
2023-11,C2023Q4,T07,C2023Q4T07,2,NSW1-QLD1,QLD1,233,100,13907.2,0.0
2023-11,C2023Q4,T07,C2023Q4T07,2,V-SA,SA1,109,64,5142.5,0.0
2023-11,C2023Q4,T07,C2023Q4T07,2,V-SA,VIC1,93,73,9936.0,0.0
2023-11,C2023Q4,T07,C2023Q4T07,2,VIC1-NSW1,NSW1,157,108,1000.0,0.0
2023-11,C2023Q4,T07,C2023Q4T07,2,VIC1-NSW1,VIC1,202,150,40000.0,0.0
2023-11,C2024Q1,T06,C2024Q1T06,2,NSW1-QLD1,NSW1,55,45,13104.0,0.0
2023-11,C2024Q1,T06,C2024Q1T06,2,NSW1-QLD1,QLD1,165,100,17500.0,0.0
2023-11,C2024Q1,T06,C2024Q1T06,2,V-SA,SA1,64,64,5505.75,0.0
2023-11,C2024Q1,T06,C2024Q1T06,2,V-SA,VIC1,83,73,20716.66,0.0
2023-11,C2024Q1,T06,C2024Q1T06,2,VIC1-NSW1,NSW1,137,108,3276.0,0.0
2023-11,C2024Q1,T06,C2024Q1T06,2,VIC1-NSW1,VIC1,170,125,30000.0,0.0
2023-11,C2024Q2,T05,C2024Q2T05,2,NSW1-QLD1,NSW1,45,45,4496.89,0.0
2023-11,C2024Q2,T05,C2024Q2T05,2,NSW1-QLD1,QLD1,130,100,25538.71,0.0
2023-11,C2024Q2,T05,C2024Q2T05,2,V-SA,SA1,109,64,3075.8,0.0
2023-11,C2024Q2,T05,C2024Q2T05,2,V-SA,VIC1,83,73,16380.0,0.0
2023-11,C2024Q2,T05,C2024Q2T05,2,VIC1-NSW1,NSW1,164,108,873.6,0.0
2023-11,C2024Q2,T05,C2024Q2T05,2,VIC1-NSW1,VIC1,170,125,21169.0,0.0
2023-11,C2024Q3,T04,C2024Q3T04,2,NSW1-QLD1,NSW1,45,45,4496.89,0.0
2023-11,C2024Q3,T04,C2024Q3T04,2,NSW1-QLD1,QLD1,110,100,20444.61,0.0
2023-11,C2024Q3,T04,C2024Q3T04,2,V-SA,SA1,67,64,3746.52,0.0
2023-11,C2024Q3,T04,C2024Q3T04,2,V-SA,VIC1,83,73,15456.0,0.0
2023-11,C2024Q3,T04,C2024Q3T04,2,VIC1-NSW1,NSW1,108,108,750.6,0.0
2023-11,C2024Q3,T04,C2024Q3T04,2,VIC1-NSW1,VIC1,150,125,20793.0,0.0
2023-11,C2024Q4,T03,C2024Q4T03,2,NSW1-QLD1,NSW1,45,45,7653.6,0.0
2023-11,C2024Q4,T03,C2024Q4T03,2,NSW1-QLD1,QLD1,117,100,13314.24,0.0
2023-11,C2024Q4,T03,C2024Q4T03,2,V-SA,SA1,64,64,4000.0,0.0
2023-11,C2024Q4,T03,C2024Q4T03,2,V-SA,VIC1,73,73,12208.27,0.0
2023-11,C2024Q4,T03,C2024Q4T03,2,VIC1-NSW1,NSW1,108,108,824.69,0.0
2023-11,C2024Q4,T03,C2024Q4T03,2,VIC1-NSW1,VIC1,150,125,21443.0,0.0
2023-11,C2025Q1,T02,C2025Q1T02,2,NSW1-QLD1,NSW1,45,45,9996.89,0.0
2023-11,C2025Q1,T02,C2025Q1T02,2,NSW1-QLD1,QLD1,110,100,19072.8,0.0
2023-11,C2025Q1,T02,C2025Q1T02,2,V-SA,SA1,64,64,5407.5,0.0
2023-11,C2025Q1,T02,C2025Q1T02,2,V-SA,VIC1,73,73,18360.0,0.0
2023-11,C2025Q1,T02,C2025Q1T02,2,VIC1-NSW1,NSW1,108,108,3500.6,0.0
2023-11,C2025Q1,T02,C2025Q1T02,2,VIC1-NSW1,VIC1,135,125,21600.0,0.0
2023-11,C2025Q2,T01,C2025Q2T01,2,NSW1-QLD1,NSW1,45,45,4216.89,0.0
2023-11,C2025Q2,T01,C2025Q2T01,2,NSW1-QLD1,QLD1,100,100,21606.0,0.0
2023-11,C2025Q2,T01,C2025Q2T01,2,V-SA,SA1,64,64,3075.8,0.0
2023-11,C2025Q2,T01,C2025Q2T01,2,V-SA,VIC1,73,73,12500.0,0.0
2023-11,C2025Q2,T01,C2025Q2T01,2,VIC1-NSW1,NSW1,108,108,873.6,0.0
2023-11,C2025Q2,T01,C2025Q2T01,2,VIC1-NSW1,VIC1,125,125,18481.0,0.0
2023-11,C2022Q4,T12,C2022Q4T12,2,NSW1-QLD1,NSW1,95,55,17437.5,0.0
2023-11,C2022Q4,T12,C2022Q4T12,2,NSW1-QLD1,QLD1,335,115,12800.71,0.0
2023-11,C2022Q4,T12,C2022Q4T12,2,V-SA,SA1,106,66,6869.99,0.0
2023-11,C2022Q4,T12,C2022Q4T12,2,V-SA,VIC1,117,77,25000.0,0.0
2023-11,C2022Q4,T12,C2022Q4T12,2,VIC1-NSW1,NSW1,169,112,989.38,0.0
2023-11,C2022Q4,T12,C2022Q4T12,2,VIC1-NSW1,VIC1,253,145,46417.0,0.0
2023-11,C2023Q1,T11,C2023Q1T11,2,NSW1-QLD1,NSW1,65,45,23000.0,0.0
2023-11,C2023Q1,T11,C2023Q1T11,2,NSW1-QLD1,QLD1,295,110,16660.71,0.0
2023-11,C2023Q1,T11,C2023Q1T11,2,V-SA,SA1,94,64,8288.5,0.0
2023-11,C2023Q1,T11,C2023Q1T11,2,V-SA,VIC1,103,73,30000.0,0.0
2023-11,C2023Q1,T11,C2023Q1T11,2,VIC1-NSW1,NSW1,143,113,5000.0,0.0
2023-11,C2023Q1,T11,C2023Q1T11,2,VIC1-NSW1,VIC1,240,130,43320.0,0.0
2023-11,C2023Q2,T10,C2023Q2T10,2,NSW1-QLD1,NSW1,94,45,7800.0,0.0
2023-11,C2023Q2,T10,C2023Q2T10,2,NSW1-QLD1,QLD1,239,113,36800.0,0.0
2023-11,C2023Q2,T10,C2023Q2T10,2,V-SA,SA1,136,64,5600.03,0.0
2023-11,C2023Q2,T10,C2023Q2T10,2,V-SA,VIC1,103,73,21000.0,0.0
2023-11,C2023Q2,T10,C2023Q2T10,2,VIC1-NSW1,NSW1,287,108,2257.0,0.0
2023-11,C2023Q2,T10,C2023Q2T10,2,VIC1-NSW1,VIC1,261,134,48000.0,0.0
2023-11,C2023Q3,T09,C2023Q3T09,2,NSW1-QLD1,NSW1,75,45,6869.86,0.0
2023-11,C2023Q3,T09,C2023Q3T09,2,NSW1-QLD1,QLD1,210,105,30000.0,0.0
2023-11,C2023Q3,T09,C2023Q3T09,2,V-SA,SA1,114,64,6400.03,0.0
2023-11,C2023Q3,T09,C2023Q3T09,2,V-SA,VIC1,103,73,20000.0,0.0
2023-11,C2023Q3,T09,C2023Q3T09,2,VIC1-NSW1,NSW1,225,118,2840.0,0.0
2023-11,C2023Q3,T09,C2023Q3T09,2,VIC1-NSW1,VIC1,264,145,41830.25,0.0
2023-11,C2023Q4,T08,C2023Q4T08,2,NSW1-QLD1,NSW1,65,45,11578.0,0.0
2023-11,C2023Q4,T08,C2023Q4T08,2,NSW1-QLD1,QLD1,220,100,14100.98,0.0
2023-11,C2023Q4,T08,C2023Q4T08,2,V-SA,SA1,109,64,6200.03,0.0
2023-11,C2023Q4,T08,C2023Q4T08,2,V-SA,VIC1,103,73,17928.96,0.0
2023-11,C2023Q4,T08,C2023Q4T08,2,VIC1-NSW1,NSW1,152,108,1477.0,0.0
2023-11,C2023Q4,T08,C2023Q4T08,2,VIC1-NSW1,VIC1,262,159,43000.0,0.0
2023-11,C2024Q1,T07,C2024Q1T07,2,NSW1-QLD1,NSW1,65,45,16421.87,0.0
2023-11,C2024Q1,T07,C2024Q1T07,2,NSW1-QLD1,QLD1,195,100,17000.0,0.0
2023-11,C2024Q1,T07,C2024Q1T07,2,V-SA,SA1,84,64,6909.01,0.0
2023-11,C2024Q1,T07,C2024Q1T07,2,V-SA,VIC1,83,73,30000.0,0.0
2023-11,C2024Q1,T07,C2024Q1T07,2,VIC1-NSW1,NSW1,137,108,4000.0,0.0
2023-11,C2024Q1,T07,C2024Q1T07,2,VIC1-NSW1,VIC1,210,125,31875.0,0.0
2023-11,C2024Q2,T06,C2024Q2T06,2,NSW1-QLD1,NSW1,68,47,6621.11,0.0
2023-11,C2024Q2,T06,C2024Q2T06,2,NSW1-QLD1,QLD1,162,100,29505.84,0.0
2023-11,C2024Q2,T06,C2024Q2T06,2,V-SA,SA1,114,64,5008.0,0.0
2023-11,C2024Q2,T06,C2024Q2T06,2,V-SA,VIC1,83,73,22113.0,0.0
2023-11,C2024Q2,T06,C2024Q2T06,2,VIC1-NSW1,NSW1,184,108,1908.0,0.0
2023-11,C2024Q2,T06,C2024Q2T06,2,VIC1-NSW1,VIC1,215,125,25000.0,0.0
2023-11,C2024Q3,T05,C2024Q3T05,2,NSW1-QLD1,NSW1,68,50,6624.0,0.0
2023-11,C2024Q3,T05,C2024Q3T05,2,NSW1-QLD1,QLD1,165,100,28337.47,0.0
2023-11,C2024Q3,T05,C2024Q3T05,2,V-SA,SA1,105,64,5600.0,0.0
2023-11,C2024Q3,T05,C2024Q3T05,2,V-SA,VIC1,83,73,20000.0,0.0
2023-11,C2024Q3,T05,C2024Q3T05,2,VIC1-NSW1,NSW1,131,108,1932.0,0.0
2023-11,C2024Q3,T05,C2024Q3T05,2,VIC1-NSW1,VIC1,198,125,25000.0,0.0
2023-11,C2024Q4,T04,C2024Q4T04,2,NSW1-QLD1,NSW1,65,45,9003.0,0.0
2023-11,C2024Q4,T04,C2024Q4T04,2,NSW1-QLD1,QLD1,157,117,16115.83,0.0
2023-11,C2024Q4,T04,C2024Q4T04,2,V-SA,SA1,90,64,5468.0,0.0
2023-11,C2024Q4,T04,C2024Q4T04,2,V-SA,VIC1,73,73,18000.0,0.0
2023-11,C2024Q4,T04,C2024Q4T04,2,VIC1-NSW1,NSW1,108,108,1200.0,0.0
2023-11,C2024Q4,T04,C2024Q4T04,2,VIC1-NSW1,VIC1,165,125,25000.0,0.0
2023-11,C2025Q1,T03,C2025Q1T03,2,NSW1-QLD1,NSW1,47,45,11805.0,0.0
2023-11,C2025Q1,T03,C2025Q1T03,2,NSW1-QLD1,QLD1,134,100,20980.08,0.0
2023-11,C2025Q1,T03,C2025Q1T03,2,V-SA,SA1,64,64,7206.0,0.0
2023-11,C2025Q1,T03,C2025Q1T03,2,V-SA,VIC1,76,73,30000.0,0.0
2023-11,C2025Q1,T03,C2025Q1T03,2,VIC1-NSW1,NSW1,108,108,3850.66,0.0
2023-11,C2025Q1,T03,C2025Q1T03,2,VIC1-NSW1,VIC1,144,125,25000.0,0.0
2023-11,C2025Q2,T02,C2025Q2T02,2,NSW1-QLD1,NSW1,52,45,6597.87,0.0
2023-11,C2025Q2,T02,C2025Q2T02,2,NSW1-QLD1,QLD1,100,100,29267.78,0.0
2023-11,C2025Q2,T02,C2025Q2T02,2,V-SA,SA1,64,64,3900.03,0.0
2023-11,C2025Q2,T02,C2025Q2T02,2,V-SA,VIC1,73,73,17963.4,0.0
2023-11,C2025Q2,T02,C2025Q2T02,2,VIC1-NSW1,NSW1,108,108,1447.0,0.0
2023-11,C2025Q2,T02,C2025Q2T02,2,VIC1-NSW1,VIC1,125,125,24120.09,0.0
2023-11,C2025Q3,T01,C2025Q3T01,2,NSW1-QLD1,NSW1,45,45,7320.53,0.0
2023-11,C2025Q3,T01,C2025Q3T01,2,NSW1-QLD1,QLD1,100,100,30910.9,0.0
2023-11,C2025Q3,T01,C2025Q3T01,2,V-SA,SA1,64,64,4384.0,0.0
2023-11,C2025Q3,T01,C2025Q3T01,2,V-SA,VIC1,73,73,18500.0,0.0
2023-11,C2025Q3,T01,C2025Q3T01,2,VIC1-NSW1,NSW1,108,108,1292.28,0.0
2023-11,C2024Q3,T01,C2024Q3T01,20,VIC1-NSW1,NSW1,108,108,1046.85,0.0
2023-11,C2024Q3,T01,C2024Q3T01,20,VIC1-NSW1,VIC1,125,125,15226.64,0.0
2023-11,C2022Q1,T12,C2022Q1T12,20,NSW1-QLD1,NSW1,94,60,12123.0,0.0
2023-11,C2022Q1,T12,C2022Q1T12,20,NSW1-QLD1,QLD1,329,106,10987.65,0.0
2023-11,C2022Q1,T12,C2022Q1T12,20,V-SA,SA1,111,84,6593.0,0.0
2023-11,C2022Q1,T12,C2022Q1T12,20,V-SA,VIC1,112,77,12500.0,0.0
2023-11,C2022Q1,T12,C2022Q1T12,20,VIC1-NSW1,NSW1,186,137,4320.0,0.0
2023-11,C2022Q1,T12,C2022Q1T12,20,VIC1-NSW1,VIC1,349,125,19422.49,0.0
2023-11,C2022Q2,T11,C2022Q2T11,20,NSW1-QLD1,NSW1,83,55,3906.0,0.0
2023-11,C2022Q2,T11,C2022Q2T11,20,NSW1-QLD1,QLD1,251,100,9350.0,0.0
2023-11,C2022Q2,T11,C2022Q2T11,20,V-SA,SA1,114,66,5192.0,0.0
2023-11,C2022Q2,T11,C2022Q2T11,20,V-SA,VIC1,133,73,7050.0,0.0
2023-11,C2022Q2,T11,C2022Q2T11,20,VIC1-NSW1,NSW1,317,151,1240.0,0.0
2023-11,C2022Q2,T11,C2022Q2T11,20,VIC1-NSW1,VIC1,223,145,15000.0,0.0
2023-11,C2022Q3,T10,C2022Q3T10,20,NSW1-QLD1,NSW1,83,55,2993.94,0.0
2023-11,C2022Q3,T10,C2022Q3T10,20,NSW1-QLD1,QLD1,278,114,12750.0,0.0
2023-11,C2022Q3,T10,C2022Q3T10,20,V-SA,SA1,136,79,5655.55,0.0
2023-11,C2022Q3,T10,C2022Q3T10,20,V-SA,VIC1,133,73,7533.33,0.0
2023-11,C2022Q3,T10,C2022Q3T10,20,VIC1-NSW1,NSW1,265,126,1385.2,0.0
2023-11,C2022Q3,T10,C2022Q3T10,20,VIC1-NSW1,VIC1,263,131,13000.0,0.0
2023-11,C2022Q4,T09,C2022Q4T09,20,NSW1-QLD1,NSW1,73,45,6000.0,0.0
2023-11,C2022Q4,T09,C2022Q4T09,20,NSW1-QLD1,QLD1,285,100,9445.0,0.0
2023-11,C2022Q4,T09,C2022Q4T09,20,V-SA,SA1,108,64,6132.43,0.0
2023-11,C2022Q4,T09,C2022Q4T09,20,V-SA,VIC1,153,73,7940.85,0.0
2023-11,C2022Q4,T09,C2022Q4T09,20,VIC1-NSW1,NSW1,174,108,1200.0,0.0
2023-11,C2022Q4,T09,C2022Q4T09,20,VIC1-NSW1,VIC1,261,128,19024.49,0.0
2023-11,C2023Q1,T08,C2023Q1T08,20,NSW1-QLD1,NSW1,73,45,7800.94,0.0
2023-11,C2023Q1,T08,C2023Q1T08,20,NSW1-QLD1,QLD1,271,105,15164.59,0.0
2023-11,C2023Q1,T08,C2023Q1T08,20,V-SA,SA1,87,77,6603.0,0.0
2023-11,C2023Q1,T08,C2023Q1T08,20,V-SA,VIC1,104,73,13365.0,0.0
2023-11,C2023Q1,T08,C2023Q1T08,20,VIC1-NSW1,NSW1,153,110,4551.0,0.0
2023-11,C2023Q1,T08,C2023Q1T08,20,VIC1-NSW1,VIC1,165,125,21175.95,0.0
2023-11,C2023Q2,T07,C2023Q2T07,20,NSW1-QLD1,NSW1,71,45,2410.0,0.0
2023-11,C2023Q2,T07,C2023Q2T07,20,NSW1-QLD1,QLD1,220,100,17015.0,0.0
2023-11,C2023Q2,T07,C2023Q2T07,20,V-SA,SA1,129,86,4403.0,0.0
2023-11,C2023Q2,T07,C2023Q2T07,20,V-SA,VIC1,113,73,6606.6,0.0
2023-11,C2023Q2,T07,C2023Q2T07,20,VIC1-NSW1,NSW1,188,108,1104.4,0.0
2023-11,C2023Q2,T07,C2023Q2T07,20,VIC1-NSW1,VIC1,223,125,15820.49,0.0
2023-11,C2023Q3,T06,C2023Q3T06,20,NSW1-QLD1,NSW1,75,45,2400.0,0.0
2023-11,C2023Q3,T06,C2023Q3T06,20,NSW1-QLD1,QLD1,170,100,18260.0,0.0
2023-11,C2023Q3,T06,C2023Q3T06,20,V-SA,SA1,118,72,5000.0,0.0
2023-11,C2023Q3,T06,C2023Q3T06,20,V-SA,VIC1,103,73,7500.0,0.0
2023-11,C2023Q3,T06,C2023Q3T06,20,VIC1-NSW1,NSW1,175,108,1106.0,0.0
2023-11,C2023Q3,T06,C2023Q3T06,20,VIC1-NSW1,VIC1,203,125,15590.49,0.0
2023-11,C2023Q4,T05,C2023Q4T05,20,NSW1-QLD1,NSW1,65,45,5349.55,0.0
2023-11,C2023Q4,T05,C2023Q4T05,20,NSW1-QLD1,QLD1,194,100,12500.0,0.0
2023-11,C2023Q4,T05,C2023Q4T05,20,V-SA,SA1,111,64,5500.0,0.0
2023-11,C2023Q4,T05,C2023Q4T05,20,V-SA,VIC1,88,73,8500.79,0.0
2023-11,C2023Q4,T05,C2023Q4T05,20,VIC1-NSW1,NSW1,158,108,1277.0,0.0
2023-11,C2023Q4,T05,C2023Q4T05,20,VIC1-NSW1,VIC1,195,125,18232.5,0.0
2023-11,C2024Q1,T04,C2024Q1T04,20,NSW1-QLD1,NSW1,45,45,7162.96,0.0
2023-11,C2024Q1,T04,C2024Q1T04,20,NSW1-QLD1,QLD1,134,101,20748.0,0.0
2023-11,C2024Q1,T04,C2024Q1T04,20,V-SA,SA1,64,64,6893.3,0.0
2023-11,C2024Q1,T04,C2024Q1T04,20,V-SA,VIC1,90,73,15000.0,0.0
2023-11,C2024Q1,T04,C2024Q1T04,20,VIC1-NSW1,NSW1,124,115,4370.2,0.0
2023-11,C2024Q1,T04,C2024Q1T04,20,VIC1-NSW1,VIC1,145,125,22368.05,0.0
2023-11,C2024Q2,T03,C2024Q2T03,20,NSW1-QLD1,NSW1,45,45,2579.0,0.0
2023-11,C2024Q2,T03,C2024Q2T03,20,NSW1-QLD1,QLD1,100,100,20748.0,0.0
2023-11,C2024Q2,T03,C2024Q2T03,20,V-SA,SA1,79,70,4462.18,0.0
2023-11,C2024Q2,T03,C2024Q2T03,20,V-SA,VIC1,73,73,7500.0,0.0
2023-11,C2024Q2,T03,C2024Q2T03,20,VIC1-NSW1,NSW1,138,108,1048.0,0.0
2023-11,C2024Q2,T03,C2024Q2T03,20,VIC1-NSW1,VIC1,125,125,14742.0,0.0
2023-11,C2024Q3,T02,C2024Q3T02,20,NSW1-QLD1,NSW1,45,45,2400.0,0.0
2023-11,C2024Q3,T02,C2024Q3T02,20,NSW1-QLD1,QLD1,100,100,19126.0,0.0
2023-11,C2024Q3,T02,C2024Q3T02,20,V-SA,SA1,78,75,5352.18,0.0
2023-11,C2024Q3,T02,C2024Q3T02,20,V-SA,VIC1,73,73,7500.0,0.0
2023-11,C2024Q3,T02,C2024Q3T02,20,VIC1-NSW1,NSW1,108,108,1058.0,0.0
2023-11,C2024Q3,T02,C2024Q3T02,20,VIC1-NSW1,VIC1,125,125,15002.0,0.0
2023-11,C2024Q4,T01,C2024Q4T01,20,NSW1-QLD1,NSW1,45,45,5006.08,0.0
2023-11,C2024Q4,T01,C2024Q4T01,20,NSW1-QLD1,QLD1,100,100,12909.44,0.0
2023-11,C2024Q4,T01,C2024Q4T01,20,V-SA,SA1,64,64,5561.0,0.0
2023-11,C2024Q4,T01,C2024Q4T01,20,V-SA,VIC1,73,73,8675.28,0.0
2023-11,C2024Q4,T01,C2024Q4T01,20,VIC1-NSW1,NSW1,108,108,1287.0,0.0
2023-11,C2024Q4,T01,C2024Q4T01,20,VIC1-NSW1,VIC1,125,125,17050.0,0.0
2023-11,C2022Q2,T12,C2022Q2T12,20,NSW1-QLD1,NSW1,127,100,4537.55,0.0
2023-11,C2022Q2,T12,C2022Q2T12,20,NSW1-QLD1,QLD1,207,100,7637.0,0.0
2023-11,C2022Q2,T12,C2022Q2T12,20,V-SA,SA1,106,66,4487.0,0.0
2023-11,C2022Q2,T12,C2022Q2T12,20,V-SA,VIC1,133,83,13539.0,0.0
2023-11,C2022Q2,T12,C2022Q2T12,20,VIC1-NSW1,NSW1,278,112,910.0,0.0
2023-11,C2022Q2,T12,C2022Q2T12,20,VIC1-NSW1,VIC1,225,125,19978.0,0.0
2023-11,C2022Q3,T11,C2022Q3T11,20,NSW1-QLD1,NSW1,84,60,4061.82,0.0
2023-11,C2022Q3,T11,C2022Q3T11,20,NSW1-QLD1,QLD1,244,100,13330.09,0.0
2023-11,C2022Q3,T11,C2022Q3T11,20,V-SA,SA1,113,64,5500.0,0.0
2023-11,C2022Q3,T11,C2022Q3T11,20,V-SA,VIC1,128,73,10000.0,0.0
2023-11,C2022Q3,T11,C2022Q3T11,20,VIC1-NSW1,NSW1,265,108,1198.0,0.0
2023-11,C2022Q3,T11,C2022Q3T11,20,VIC1-NSW1,VIC1,250,135,19272.0,0.0
2023-11,C2022Q4,T10,C2022Q4T10,20,NSW1-QLD1,NSW1,64,45,9300.0,0.0
2023-11,C2022Q4,T10,C2022Q4T10,20,NSW1-QLD1,QLD1,275,100,10925.0,0.0
2023-11,C2022Q4,T10,C2022Q4T10,20,V-SA,SA1,100,64,6046.0,0.0
2023-11,C2022Q4,T10,C2022Q4T10,20,V-SA,VIC1,158,73,10170.83,0.0
2023-11,C2022Q4,T10,C2022Q4T10,20,VIC1-NSW1,NSW1,174,112,1380.0,0.0
2023-11,C2022Q4,T10,C2022Q4T10,20,VIC1-NSW1,VIC1,268,135,24731.84,0.0
2023-11,C2023Q1,T09,C2023Q1T09,20,NSW1-QLD1,NSW1,64,48,15202.0,0.0
2023-11,C2023Q1,T09,C2023Q1T09,20,NSW1-QLD1,QLD1,281,104,17189.17,0.0
2023-11,C2023Q1,T09,C2023Q1T09,20,V-SA,SA1,94,70,6850.0,0.0
2023-11,C2023Q1,T09,C2023Q1T09,20,V-SA,VIC1,99,73,16760.83,0.0
2023-11,C2023Q1,T09,C2023Q1T09,20,VIC1-NSW1,NSW1,171,116,4500.0,0.0
2023-11,C2023Q1,T09,C2023Q1T09,20,VIC1-NSW1,VIC1,200,135,25200.26,0.0
2023-11,C2023Q2,T08,C2023Q2T08,20,NSW1-QLD1,NSW1,61,45,4000.0,0.0
2023-11,C2023Q2,T08,C2023Q2T08,20,NSW1-QLD1,QLD1,194,100,24489.09,0.0
2023-11,C2023Q2,T08,C2023Q2T08,20,V-SA,SA1,114,70,4843.0,0.0
2023-11,C2023Q2,T08,C2023Q2T08,20,V-SA,VIC1,108,73,11000.83,0.0
2023-11,C2023Q2,T08,C2023Q2T08,20,VIC1-NSW1,NSW1,301,109,1270.06,0.0
2023-11,C2023Q2,T08,C2023Q2T08,20,VIC1-NSW1,VIC1,205,125,22960.26,0.0
2023-11,C2023Q3,T07,C2023Q3T07,20,NSW1-QLD1,NSW1,70,45,3336.0,0.0
2023-11,C2023Q3,T07,C2023Q3T07,20,NSW1-QLD1,QLD1,150,100,24416.0,0.0
2023-11,C2023Q3,T07,C2023Q3T07,20,V-SA,SA1,109,64,5297.0,0.0
2023-11,C2023Q3,T07,C2023Q3T07,20,V-SA,VIC1,108,73,10920.83,0.0
2023-11,C2023Q3,T07,C2023Q3T07,20,VIC1-NSW1,NSW1,205,108,1250.0,0.0
2023-11,C2023Q3,T07,C2023Q3T07,20,VIC1-NSW1,VIC1,220,125,22640.26,0.0
2023-11,C2023Q4,T06,C2023Q4T06,20,NSW1-QLD1,NSW1,58,45,8510.0,0.0
2023-11,C2023Q4,T06,C2023Q4T06,20,NSW1-QLD1,QLD1,164,100,17384.0,0.0
2023-11,C2023Q4,T06,C2023Q4T06,20,V-SA,SA1,109,64,6050.0,0.0
2023-11,C2023Q4,T06,C2023Q4T06,20,V-SA,VIC1,88,73,9520.83,0.0
2023-11,C2023Q4,T06,C2023Q4T06,20,VIC1-NSW1,NSW1,143,114,1404.7,0.0
2023-11,C2023Q4,T06,C2023Q4T06,20,VIC1-NSW1,VIC1,217,125,24066.9,0.0
2023-11,C2024Q1,T05,C2024Q1T05,20,NSW1-QLD1,NSW1,48,45,9907.0,0.0
2023-11,C2024Q1,T05,C2024Q1T05,20,NSW1-QLD1,QLD1,130,100,22822.8,0.0
2023-11,C2024Q1,T05,C2024Q1T05,20,V-SA,SA1,64,64,7341.0,0.0
2023-11,C2024Q1,T05,C2024Q1T05,20,V-SA,VIC1,90,73,16500.0,0.0
2023-11,C2024Q1,T05,C2024Q1T05,20,VIC1-NSW1,NSW1,117,108,4368.0,0.0
2023-11,C2024Q1,T05,C2024Q1T05,20,VIC1-NSW1,VIC1,167,125,23800.26,0.0
2023-11,C2024Q2,T04,C2024Q2T04,20,NSW1-QLD1,NSW1,48,45,3307.0,0.0
2023-11,C2024Q2,T04,C2024Q2T04,20,NSW1-QLD1,QLD1,120,100,24438.96,0.0
2023-11,C2024Q2,T04,C2024Q2T04,20,V-SA,SA1,89,64,4732.0,0.0
2023-11,C2024Q2,T04,C2024Q2T04,20,V-SA,VIC1,73,73,9093.0,0.0
2023-11,C2024Q2,T04,C2024Q2T04,20,VIC1-NSW1,NSW1,164,108,1028.0,0.0
2023-11,C2024Q2,T04,C2024Q2T04,20,VIC1-NSW1,VIC1,152,125,16800.25,0.0
2023-11,C2024Q3,T03,C2024Q3T03,20,NSW1-QLD1,NSW1,48,45,3040.0,0.0
2023-11,C2024Q2,T09,C2024Q2T09,6,V-SA,VIC1,180,73,13280.04,0.0
2023-11,C2024Q2,T09,C2024Q2T09,6,VIC1-NSW1,NSW1,194,110,2508.08,0.0
2023-11,C2024Q2,T09,C2024Q2T09,6,VIC1-NSW1,VIC1,263,125,22050.08,0.0
2023-11,C2024Q3,T08,C2024Q3T08,6,NSW1-QLD1,NSW1,63,54,5828.66,0.0
2023-11,C2024Q3,T08,C2024Q3T08,6,NSW1-QLD1,QLD1,187,100,26150.2,0.0
2023-11,C2024Q3,T08,C2024Q3T08,6,V-SA,SA1,137,64,5400.51,0.0
2023-11,C2024Q3,T08,C2024Q3T08,6,V-SA,VIC1,185,73,14400.04,0.0
2023-11,C2024Q3,T08,C2024Q3T08,6,VIC1-NSW1,NSW1,133,108,2100.0,0.0
2023-11,C2024Q3,T08,C2024Q3T08,6,VIC1-NSW1,VIC1,308,125,23978.88,0.0
2023-11,C2024Q4,T07,C2024Q4T07,6,NSW1-QLD1,NSW1,57,45,9936.0,0.0
2023-11,C2024Q4,T07,C2024Q4T07,6,NSW1-QLD1,QLD1,189,100,12600.2,0.0
2023-11,C2024Q4,T07,C2024Q4T07,6,V-SA,SA1,137,64,5225.22,0.0
2023-11,C2024Q4,T07,C2024Q4T07,6,V-SA,VIC1,152,73,14111.11,0.0
2023-11,C2024Q4,T07,C2024Q4T07,6,VIC1-NSW1,NSW1,126,108,1074.0,0.0
2023-11,C2024Q4,T07,C2024Q4T07,6,VIC1-NSW1,VIC1,356,125,16433.33,0.0
2023-11,C2025Q1,T06,C2025Q1T06,6,NSW1-QLD1,NSW1,47,45,14850.0,0.0
2023-11,C2025Q1,T06,C2025Q1T06,6,NSW1-QLD1,QLD1,199,102,18240.39,0.0
2023-11,C2025Q1,T06,C2025Q1T06,6,V-SA,SA1,82,64,5400.0,0.0
2023-11,C2025Q1,T06,C2025Q1T06,6,V-SA,VIC1,137,73,23760.0,0.0
2023-11,C2025Q1,T06,C2025Q1T06,6,VIC1-NSW1,NSW1,127,108,3256.0,0.0
2023-11,C2025Q1,T06,C2025Q1T06,6,VIC1-NSW1,VIC1,250,125,21124.8,0.0
2023-11,C2025Q2,T05,C2025Q2T05,6,NSW1-QLD1,NSW1,45,45,6569.73,0.0
2023-11,C2025Q2,T05,C2025Q2T05,6,NSW1-QLD1,QLD1,120,100,28392.0,0.0
2023-11,C2025Q2,T05,C2025Q2T05,6,V-SA,SA1,75,64,4333.33,0.0
2023-11,C2025Q2,T05,C2025Q2T05,6,V-SA,VIC1,138,73,12012.0,0.0
2023-11,C2025Q2,T05,C2025Q2T05,6,VIC1-NSW1,NSW1,148,108,1340.1,0.0
2023-11,C2025Q2,T05,C2025Q2T05,6,VIC1-NSW1,VIC1,225,125,20000.77,0.0
2023-11,C2025Q3,T04,C2025Q3T04,6,NSW1-QLD1,NSW1,45,45,7728.0,0.0
2023-11,C2025Q3,T04,C2025Q3T04,6,NSW1-QLD1,QLD1,125,100,28448.34,0.0
2023-11,C2025Q3,T04,C2025Q3T04,6,V-SA,SA1,94,64,4416.0,0.0
2023-11,C2025Q3,T04,C2025Q3T04,6,V-SA,VIC1,117,73,12337.0,0.0
2023-11,C2025Q3,T04,C2025Q3T04,6,VIC1-NSW1,NSW1,164,108,1300.0,0.0
2023-11,C2025Q3,T04,C2025Q3T04,6,VIC1-NSW1,VIC1,225,125,20061.39,0.0
2023-11,C2025Q4,T03,C2025Q4T03,6,NSW1-QLD1,NSW1,45,45,8832.0,0.0
2023-11,C2025Q4,T03,C2025Q4T03,6,NSW1-QLD1,QLD1,100,100,14942.08,0.0
2023-11,C2025Q4,T03,C2025Q4T03,6,V-SA,SA1,94,64,4416.0,0.0
2023-11,C2025Q4,T03,C2025Q4T03,6,V-SA,VIC1,88,73,12144.0,0.0
2023-11,C2025Q4,T03,C2025Q4T03,6,VIC1-NSW1,NSW1,108,108,883.2,0.0
2023-11,C2025Q4,T03,C2025Q4T03,6,VIC1-NSW1,VIC1,180,125,16760.77,0.0
2023-11,C2026Q1,T02,C2026Q1T02,6,NSW1-QLD1,NSW1,45,45,16146.0,0.0
2023-11,C2026Q1,T02,C2026Q1T02,6,NSW1-QLD1,QLD1,125,100,19780.0,0.0
2023-11,C2026Q1,T02,C2026Q1T02,6,V-SA,SA1,64,64,4758.55,0.0
2023-11,C2026Q1,T02,C2026Q1T02,6,V-SA,VIC1,73,73,21000.0,0.0
2023-11,C2026Q1,T02,C2026Q1T02,6,VIC1-NSW1,NSW1,108,108,3240.0,0.0
2023-11,C2026Q1,T02,C2026Q1T02,6,VIC1-NSW1,VIC1,149,125,21664.8,0.0
2023-11,C2026Q2,T01,C2026Q2T01,6,NSW1-QLD1,NSW1,45,45,7012.0,0.0
2023-11,C2026Q2,T01,C2026Q2T01,6,NSW1-QLD1,QLD1,100,100,28392.0,0.0
2023-11,C2026Q2,T01,C2026Q2T01,6,V-SA,SA1,64,64,4333.33,0.0
2023-11,C2026Q2,T01,C2026Q2T01,6,V-SA,VIC1,73,73,12500.04,0.0
2023-11,C2026Q2,T01,C2026Q2T01,6,VIC1-NSW1,NSW1,108,108,1280.1,0.0
2023-11,C2026Q2,T01,C2026Q2T01,6,VIC1-NSW1,VIC1,125,125,19695.59,0.0
2023-11,C2023Q4,T12,C2023Q4T12,6,NSW1-QLD1,NSW1,76,58,13359.15,0.0
2023-11,C2023Q4,T12,C2023Q4T12,6,NSW1-QLD1,QLD1,238,100,12123.0,0.0
2023-11,C2023Q4,T12,C2023Q4T12,6,V-SA,SA1,201,66,5175.0,0.0
2023-11,C2023Q4,T12,C2023Q4T12,6,V-SA,VIC1,149,77,14400.08,0.0
2023-11,C2023Q4,T12,C2023Q4T12,6,VIC1-NSW1,NSW1,158,125,1278.08,0.0
2023-11,C2023Q4,T12,C2023Q4T12,6,VIC1-NSW1,VIC1,379,129,22040.98,0.0
2023-11,C2024Q1,T11,C2024Q1T11,6,NSW1-QLD1,NSW1,74,60,24005.0,0.0
2023-11,C2024Q1,T11,C2024Q1T11,6,NSW1-QLD1,QLD1,206,100,18880.0,0.0
2023-11,C2024Q1,T11,C2024Q1T11,6,V-SA,SA1,78,66,6500.0,0.0
2023-11,C2024Q1,T11,C2024Q1T11,6,V-SA,VIC1,142,73,32100.0,0.0
2023-11,C2024Q1,T11,C2024Q1T11,6,VIC1-NSW1,NSW1,171,108,4806.0,0.0
2023-11,C2024Q1,T11,C2024Q1T11,6,VIC1-NSW1,VIC1,283,141,27000.0,0.0
2023-11,C2024Q2,T10,C2024Q2T10,6,NSW1-QLD1,NSW1,60,51,6676.0,0.0
2023-11,C2024Q2,T10,C2024Q2T10,6,NSW1-QLD1,QLD1,213,100,25250.0,0.0
2023-11,C2024Q2,T10,C2024Q2T10,6,V-SA,SA1,123,64,4567.89,0.0
2023-11,C2024Q2,T10,C2024Q2T10,6,V-SA,VIC1,140,73,15936.04,0.0
2023-11,C2024Q2,T10,C2024Q2T10,6,VIC1-NSW1,NSW1,183,108,2305.0,0.0
2023-11,C2024Q2,T10,C2024Q2T10,6,VIC1-NSW1,VIC1,279,125,24002.0,0.0
2023-11,C2024Q3,T09,C2024Q3T09,6,NSW1-QLD1,NSW1,57,49,5520.0,0.0
2023-11,C2024Q3,T09,C2024Q3T09,6,NSW1-QLD1,QLD1,228,100,28650.2,0.0
2023-11,C2024Q3,T09,C2024Q3T09,6,V-SA,SA1,131,64,5103.0,0.0
2023-11,C2024Q3,T09,C2024Q3T09,6,V-SA,VIC1,140,73,17280.04,0.0
2023-11,C2024Q3,T09,C2024Q3T09,6,VIC1-NSW1,NSW1,153,108,2000.23,0.0
2023-11,C2024Q3,T09,C2024Q3T09,6,VIC1-NSW1,VIC1,322,125,26400.0,0.0
2023-11,C2024Q4,T08,C2024Q4T08,6,NSW1-QLD1,NSW1,57,45,10294.08,0.0
2023-11,C2024Q4,T08,C2024Q4T08,6,NSW1-QLD1,QLD1,246,100,14250.0,0.0
2023-11,C2024Q4,T08,C2024Q4T08,6,V-SA,SA1,141,64,5225.0,0.0
2023-11,C2024Q4,T08,C2024Q4T08,6,V-SA,VIC1,92,73,16050.08,0.0
2023-11,C2024Q4,T08,C2024Q4T08,6,VIC1-NSW1,NSW1,120,108,1216.0,0.0
2023-11,C2024Q4,T08,C2024Q4T08,6,VIC1-NSW1,VIC1,349,165,20350.75,0.0
2023-11,C2025Q1,T07,C2025Q1T07,6,NSW1-QLD1,NSW1,47,47,17350.0,0.0
2023-11,C2025Q1,T07,C2025Q1T07,6,NSW1-QLD1,QLD1,207,102,18500.55,0.0
2023-11,C2025Q1,T07,C2025Q1T07,6,V-SA,SA1,76,64,6308.0,0.0
2023-11,C2025Q1,T07,C2025Q1T07,6,V-SA,VIC1,103,73,26506.0,0.0
2023-11,C2025Q1,T07,C2025Q1T07,6,VIC1-NSW1,NSW1,140,108,3969.0,0.0
2023-11,C2025Q1,T07,C2025Q1T07,6,VIC1-NSW1,VIC1,271,127,23237.28,0.0
2023-11,C2025Q2,T06,C2025Q2T06,6,NSW1-QLD1,NSW1,45,45,5460.0,0.0
2023-11,C2025Q2,T06,C2025Q2T06,6,NSW1-QLD1,QLD1,142,100,29123.0,0.0
2023-11,C2025Q2,T06,C2025Q2T06,6,V-SA,SA1,87,66,4333.0,0.0
2023-11,C2025Q2,T06,C2025Q2T06,6,V-SA,VIC1,98,73,16537.0,0.0
2023-11,C2025Q2,T06,C2025Q2T06,6,VIC1-NSW1,NSW1,177,111,1350.55,0.0
2023-11,C2025Q2,T06,C2025Q2T06,6,VIC1-NSW1,VIC1,249,125,23003.0,0.0
2023-11,C2025Q3,T05,C2025Q3T05,6,NSW1-QLD1,NSW1,45,45,6005.76,0.0
2023-11,C2025Q3,T05,C2025Q3T05,6,NSW1-QLD1,QLD1,145,100,30794.24,0.0
2023-11,C2025Q3,T05,C2025Q3T05,6,V-SA,SA1,116,64,4408.0,0.0
2023-11,C2025Q3,T05,C2025Q3T05,6,V-SA,VIC1,98,73,15047.13,0.0
2023-11,C2025Q3,T05,C2025Q3T05,6,VIC1-NSW1,NSW1,191,109,1349.99,0.0
2023-11,C2025Q3,T05,C2025Q3T05,6,VIC1-NSW1,VIC1,220,125,22660.54,0.0
2023-11,C2025Q4,T04,C2025Q4T04,6,NSW1-QLD1,NSW1,45,45,8923.0,0.0
2023-11,C2025Q4,T04,C2025Q4T04,6,NSW1-QLD1,QLD1,130,105,15125.21,0.0
2023-11,C2025Q4,T04,C2025Q4T04,6,V-SA,SA1,116,64,4325.89,0.0
2023-11,C2025Q4,T04,C2025Q4T04,6,V-SA,VIC1,88,73,12994.08,0.0
2023-11,C2025Q4,T04,C2025Q4T04,6,VIC1-NSW1,NSW1,108,108,882.0,0.0
2023-11,C2025Q4,T04,C2025Q4T04,6,VIC1-NSW1,VIC1,218,127,17150.0,0.0
2023-11,C2026Q1,T03,C2026Q1T03,6,NSW1-QLD1,NSW1,45,45,16953.3,0.0
2023-11,C2026Q1,T03,C2026Q1T03,6,NSW1-QLD1,QLD1,125,100,20190.0,0.0
2023-11,C2026Q1,T03,C2026Q1T03,6,V-SA,SA1,82,64,4500.89,0.0
2023-11,C2026Q1,T03,C2026Q1T03,6,V-SA,VIC1,85,73,18358.08,0.0
2023-11,C2026Q1,T03,C2026Q1T03,6,VIC1-NSW1,NSW1,128,108,3402.0,0.0
2023-11,C2026Q1,T03,C2026Q1T03,6,VIC1-NSW1,VIC1,163,125,16489.0,0.0
2023-11,C2026Q2,T02,C2026Q2T02,6,NSW1-QLD1,NSW1,45,45,5460.0,0.0
2023-11,C2026Q2,T02,C2026Q2T02,6,NSW1-QLD1,QLD1,105,100,29484.0,0.0
2023-11,C2026Q2,T02,C2026Q2T02,6,V-SA,SA1,73,64,3276.0,0.0
2023-11,C2026Q2,T02,C2026Q2T02,6,V-SA,VIC1,81,73,12500.0,0.0
2023-11,C2026Q2,T02,C2026Q2T02,6,VIC1-NSW1,NSW1,131,108,1004.0,0.0
2023-11,C2026Q2,T02,C2026Q2T02,6,VIC1-NSW1,VIC1,145,125,16960.98,0.0
2023-11,C2026Q3,T01,C2026Q3T01,6,NSW1-QLD1,NSW1,45,45,5520.0,0.0
2023-11,C2026Q3,T01,C2026Q3T01,6,NSW1-QLD1,QLD1,100,100,29605.0,0.0
2023-11,C2026Q3,T01,C2026Q3T01,6,V-SA,SA1,64,64,3312.0,0.0
2023-11,C2026Q3,T01,C2026Q3T01,6,V-SA,VIC1,73,73,12200.08,0.0
2023-11,C2026Q3,T01,C2026Q3T01,6,VIC1-NSW1,NSW1,108,108,1107.0,0.0
2023-11,C2026Q3,T01,C2026Q3T01,6,VIC1-NSW1,VIC1,125,125,16960.98,0.0
2023-11,C2022Q3,T12,C2022Q3T12,10,NSW1-QLD1,NSW1,106,55,5040.0,0.0
2023-11,C2022Q3,T12,C2022Q3T12,10,NSW1-QLD1,QLD1,233,100,10000.0,0.0
2023-11,C2022Q3,T12,C2022Q3T12,10,V-SA,SA1,115,66,5750.3,0.0
2023-11,C2022Q3,T12,C2022Q3T12,10,V-SA,VIC1,125,77,10278.0,0.0
2023-11,C2022Q3,T12,C2022Q3T12,10,VIC1-NSW1,NSW1,246,112,610.6,0.0
2023-11,C2022Q3,T12,C2022Q3T12,10,VIC1-NSW1,VIC1,232,172,38737.0,0.0
2023-11,C2024Q3,T03,C2024Q3T03,20,NSW1-QLD1,QLD1,108,100,21520.64,0.0
2023-11,C2024Q3,T03,C2024Q3T03,20,V-SA,SA1,67,64,4995.37,0.0
2023-11,C2024Q3,T03,C2024Q3T03,20,V-SA,VIC1,74,73,8996.83,0.0
2023-11,C2024Q3,T03,C2024Q3T03,20,VIC1-NSW1,NSW1,108,108,1000.0,0.0
2023-11,C2024Q3,T03,C2024Q3T03,20,VIC1-NSW1,VIC1,135,125,16502.2,0.0
2023-11,C2024Q4,T02,C2024Q4T02,20,NSW1-QLD1,NSW1,48,45,8504.0,0.0
2023-11,C2024Q4,T02,C2024Q4T02,20,NSW1-QLD1,QLD1,100,100,16000.0,0.0
2023-11,C2024Q4,T02,C2024Q4T02,20,V-SA,SA1,64,64,5521.0,0.0
2023-11,C2024Q4,T02,C2024Q4T02,20,V-SA,VIC1,73,73,10284.0,0.0
2023-11,C2024Q4,T02,C2024Q4T02,20,VIC1-NSW1,NSW1,108,108,1457.0,0.0
2023-11,C2024Q4,T02,C2024Q4T02,20,VIC1-NSW1,VIC1,150,125,20800.25,0.0
2023-11,C2025Q1,T01,C2025Q1T01,20,NSW1-QLD1,NSW1,45,45,9506.0,0.0
2023-11,C2025Q1,T01,C2025Q1T01,20,NSW1-QLD1,QLD1,100,100,23392.8,0.0
2023-11,C2025Q1,T01,C2025Q1T01,20,V-SA,SA1,64,64,7210.0,0.0
2023-11,C2025Q1,T01,C2025Q1T01,20,V-SA,VIC1,73,73,16000.0,0.0
2023-11,C2025Q1,T01,C2025Q1T01,20,VIC1-NSW1,NSW1,108,108,4320.0,0.0
2023-11,C2025Q1,T01,C2025Q1T01,20,VIC1-NSW1,VIC1,125,125,20971.0,0.0
2023-11,C2022Q3,T12,C2022Q3T12,5,NSW1-QLD1,NSW1,106,55,5040.0,0.0
2023-11,C2022Q3,T12,C2022Q3T12,5,NSW1-QLD1,QLD1,233,100,10000.0,0.0
2023-11,C2022Q3,T12,C2022Q3T12,5,V-SA,SA1,115,66,5750.3,0.0
2023-11,C2022Q3,T12,C2022Q3T12,5,V-SA,VIC1,125,77,10278.0,0.0
2023-11,C2022Q3,T12,C2022Q3T12,5,VIC1-NSW1,NSW1,246,112,610.6,0.0
2023-11,C2022Q3,T12,C2022Q3T12,5,VIC1-NSW1,VIC1,232,172,38737.0,0.0
2023-11,C2022Q4,T11,C2022Q4T11,5,NSW1-QLD1,NSW1,80,45,11625.0,0.0
2023-11,C2022Q4,T11,C2022Q4T11,5,NSW1-QLD1,QLD1,260,100,11066.0,0.0
2023-11,C2022Q4,T11,C2022Q4T11,5,V-SA,SA1,100,64,6182.4,0.0
2023-11,C2022Q4,T11,C2022Q4T11,5,V-SA,VIC1,93,73,15687.91,0.0
2023-11,C2022Q4,T11,C2022Q4T11,5,VIC1-NSW1,NSW1,150,108,666.6,0.0
2023-11,C2022Q4,T11,C2022Q4T11,5,VIC1-NSW1,VIC1,208,145,44811.36,0.0
2023-11,C2023Q1,T10,C2023Q1T10,5,NSW1-QLD1,NSW1,80,45,19762.59,0.0
2023-11,C2023Q1,T10,C2023Q1T10,5,NSW1-QLD1,QLD1,301,110,17418.36,0.0
2023-11,C2023Q1,T10,C2023Q1T10,5,V-SA,SA1,84,64,7535.0,0.0
2023-11,C2023Q1,T10,C2023Q1T10,5,V-SA,VIC1,98,73,24624.61,0.0
2023-11,C2023Q1,T10,C2023Q1T10,5,VIC1-NSW1,NSW1,143,108,4500.0,0.0
2023-11,C2023Q1,T10,C2023Q1T10,5,VIC1-NSW1,VIC1,190,125,45360.46,0.0
2023-11,C2023Q2,T09,C2023Q2T09,5,NSW1-QLD1,NSW1,82,45,6499.89,0.0
2023-11,C2023Q2,T09,C2023Q2T09,5,NSW1-QLD1,QLD1,214,100,26000.0,0.0
2023-11,C2023Q2,T09,C2023Q2T09,5,V-SA,SA1,104,64,4500.0,0.0
2023-11,C2023Q2,T09,C2023Q2T09,5,V-SA,VIC1,98,73,16380.0,0.0
2023-11,C2023Q2,T09,C2023Q2T09,5,VIC1-NSW1,NSW1,320,108,900.0,0.0
2023-11,C2023Q2,T09,C2023Q2T09,5,VIC1-NSW1,VIC1,215,127,42000.0,0.0
2023-11,C2023Q3,T08,C2023Q3T08,5,NSW1-QLD1,NSW1,63,45,5495.89,0.0
2023-11,C2023Q3,T08,C2023Q3T08,5,NSW1-QLD1,QLD1,190,100,24636.83,0.0
2023-11,C2023Q3,T08,C2023Q3T08,5,V-SA,SA1,109,64,4000.0,0.0
2023-11,C2023Q3,T08,C2023Q3T08,5,V-SA,VIC1,98,73,15456.0,0.0
2023-11,C2023Q3,T08,C2023Q3T08,5,VIC1-NSW1,NSW1,225,108,937.0,0.0
2023-11,C2023Q3,T08,C2023Q3T08,5,VIC1-NSW1,VIC1,215,125,40752.46,0.0
2023-11,C2023Q4,T07,C2023Q4T07,5,NSW1-QLD1,NSW1,55,45,8663.0,0.0
2023-11,C2023Q4,T07,C2023Q4T07,5,NSW1-QLD1,QLD1,233,100,13907.2,0.0
2023-11,C2023Q4,T07,C2023Q4T07,5,V-SA,SA1,109,64,5142.5,0.0
2023-11,C2023Q4,T07,C2023Q4T07,5,V-SA,VIC1,93,73,9936.0,0.0
2023-11,C2023Q4,T07,C2023Q4T07,5,VIC1-NSW1,NSW1,157,108,1000.0,0.0
2023-11,C2023Q4,T07,C2023Q4T07,5,VIC1-NSW1,VIC1,202,150,40000.0,0.0
2023-11,C2024Q1,T06,C2024Q1T06,5,NSW1-QLD1,NSW1,55,45,13104.0,0.0
2023-11,C2024Q1,T06,C2024Q1T06,5,NSW1-QLD1,QLD1,165,100,17500.0,0.0
2023-11,C2024Q1,T06,C2024Q1T06,5,V-SA,SA1,64,64,5505.75,0.0
2023-11,C2024Q1,T06,C2024Q1T06,5,V-SA,VIC1,83,73,20716.66,0.0
2023-11,C2024Q1,T06,C2024Q1T06,5,VIC1-NSW1,NSW1,137,108,3276.0,0.0
2023-11,C2024Q1,T06,C2024Q1T06,5,VIC1-NSW1,VIC1,170,125,30000.0,0.0
2023-11,C2024Q2,T05,C2024Q2T05,5,NSW1-QLD1,NSW1,45,45,4496.89,0.0
2023-11,C2024Q2,T05,C2024Q2T05,5,NSW1-QLD1,QLD1,130,100,25538.71,0.0
2023-11,C2024Q2,T05,C2024Q2T05,5,V-SA,SA1,109,64,3075.8,0.0
2023-11,C2024Q2,T05,C2024Q2T05,5,V-SA,VIC1,83,73,16380.0,0.0
2023-11,C2024Q2,T05,C2024Q2T05,5,VIC1-NSW1,NSW1,164,108,873.6,0.0
2023-11,C2024Q2,T05,C2024Q2T05,5,VIC1-NSW1,VIC1,170,125,21169.0,0.0
2023-11,C2024Q3,T04,C2024Q3T04,5,NSW1-QLD1,NSW1,45,45,4496.89,0.0
2023-11,C2024Q3,T04,C2024Q3T04,5,NSW1-QLD1,QLD1,110,100,20444.61,0.0
2023-11,C2024Q3,T04,C2024Q3T04,5,V-SA,SA1,67,64,3746.52,0.0
2023-11,C2024Q3,T04,C2024Q3T04,5,V-SA,VIC1,83,73,15456.0,0.0
2023-11,C2024Q3,T04,C2024Q3T04,5,VIC1-NSW1,NSW1,108,108,750.6,0.0
2023-11,C2024Q3,T04,C2024Q3T04,5,VIC1-NSW1,VIC1,150,125,20793.0,0.0
2023-11,C2024Q4,T03,C2024Q4T03,5,NSW1-QLD1,NSW1,45,45,7653.6,0.0
2023-11,C2024Q4,T03,C2024Q4T03,5,NSW1-QLD1,QLD1,117,100,13314.24,0.0
2023-11,C2024Q4,T03,C2024Q4T03,5,V-SA,SA1,64,64,4000.0,0.0
2023-11,C2024Q4,T03,C2024Q4T03,5,V-SA,VIC1,73,73,12208.27,0.0
2023-11,C2024Q4,T03,C2024Q4T03,5,VIC1-NSW1,NSW1,108,108,824.69,0.0
2023-11,C2024Q4,T03,C2024Q4T03,5,VIC1-NSW1,VIC1,150,125,21443.0,0.0
2023-11,C2025Q1,T02,C2025Q1T02,5,NSW1-QLD1,NSW1,45,45,9996.89,0.0
2023-11,C2025Q1,T02,C2025Q1T02,5,NSW1-QLD1,QLD1,110,100,19072.8,0.0
2023-11,C2025Q1,T02,C2025Q1T02,5,V-SA,SA1,64,64,5407.5,0.0
2023-11,C2025Q1,T02,C2025Q1T02,5,V-SA,VIC1,73,73,18360.0,0.0
2023-11,C2025Q1,T02,C2025Q1T02,5,VIC1-NSW1,NSW1,108,108,3500.6,0.0
2023-11,C2025Q1,T02,C2025Q1T02,5,VIC1-NSW1,VIC1,135,125,21600.0,0.0
2023-11,C2025Q2,T01,C2025Q2T01,5,NSW1-QLD1,NSW1,45,45,4216.89,0.0
2023-11,C2025Q2,T01,C2025Q2T01,5,NSW1-QLD1,QLD1,100,100,21606.0,0.0
2023-11,C2025Q2,T01,C2025Q2T01,5,V-SA,SA1,64,64,3075.8,0.0
2023-11,C2025Q2,T01,C2025Q2T01,5,V-SA,VIC1,73,73,12500.0,0.0
2023-11,C2025Q2,T01,C2025Q2T01,5,VIC1-NSW1,NSW1,108,108,873.6,0.0
2023-11,C2025Q2,T01,C2025Q2T01,5,VIC1-NSW1,VIC1,125,125,18481.0,0.0
2023-11,C2023Q3,T12,C2023Q3T12,3,NSW1-QLD1,NSW1,73,61,5000.66,0.0
2023-11,C2023Q3,T12,C2023Q3T12,3,NSW1-QLD1,QLD1,237,100,16417.77,0.0
2023-11,C2023Q3,T12,C2023Q3T12,3,V-SA,SA1,154,66,7201.0,0.0
2023-11,C2023Q3,T12,C2023Q3T12,3,V-SA,VIC1,233,82,13050.04,0.0
2023-11,C2023Q3,T12,C2023Q3T12,3,VIC1-NSW1,NSW1,194,112,2760.0,0.0
2023-11,C2023Q3,T12,C2023Q3T12,3,VIC1-NSW1,VIC1,268,125,25000.0,0.0
2023-11,C2023Q4,T11,C2023Q4T11,3,NSW1-QLD1,NSW1,67,55,12723.0,0.0
2023-11,C2023Q4,T11,C2023Q4T11,3,NSW1-QLD1,QLD1,196,100,10000.2,0.0
2023-11,C2023Q4,T11,C2023Q4T11,3,V-SA,SA1,172,64,5739.64,0.0
2023-11,C2023Q4,T11,C2023Q4T11,3,V-SA,VIC1,227,78,11596.04,0.0
2023-11,C2023Q4,T11,C2023Q4T11,3,VIC1-NSW1,NSW1,160,108,1104.0,0.0
2023-11,C2023Q4,T11,C2023Q4T11,3,VIC1-NSW1,VIC1,342,125,25009.0,0.0
2023-11,C2024Q1,T10,C2024Q1T10,3,NSW1-QLD1,NSW1,72,45,20654.0,0.0
2023-11,C2024Q1,T10,C2024Q1T10,3,NSW1-QLD1,QLD1,202,103,16380.0,0.0
2023-11,C2024Q1,T10,C2024Q1T10,3,V-SA,SA1,82,64,6396.79,0.0
2023-11,C2024Q1,T10,C2024Q1T10,3,V-SA,VIC1,172,73,26846.04,0.0
2023-11,C2024Q1,T10,C2024Q1T10,3,VIC1-NSW1,NSW1,148,108,3932.49,0.0
2023-11,C2024Q1,T10,C2024Q1T10,3,VIC1-NSW1,VIC1,253,125,25019.17,0.0
2023-11,C2024Q2,T09,C2024Q2T09,3,NSW1-QLD1,NSW1,63,54,7216.66,0.0
2023-11,C2024Q2,T09,C2024Q2T09,3,NSW1-QLD1,QLD1,187,100,22654.0,0.0
2023-11,C2024Q2,T09,C2024Q2T09,3,V-SA,SA1,129,64,4888.88,0.0
2023-11,C2024Q2,T09,C2024Q2T09,3,V-SA,VIC1,180,73,13280.04,0.0
2023-11,C2024Q2,T09,C2024Q2T09,3,VIC1-NSW1,NSW1,194,110,2508.08,0.0
2023-11,C2024Q2,T09,C2024Q2T09,3,VIC1-NSW1,VIC1,263,125,22050.08,0.0
2023-11,C2024Q3,T08,C2024Q3T08,3,NSW1-QLD1,NSW1,63,54,5828.66,0.0
2023-11,C2024Q3,T08,C2024Q3T08,3,NSW1-QLD1,QLD1,187,100,26150.2,0.0
2023-11,C2024Q3,T08,C2024Q3T08,3,V-SA,SA1,137,64,5400.51,0.0
2023-11,C2024Q3,T08,C2024Q3T08,3,V-SA,VIC1,185,73,14400.04,0.0
2023-11,C2024Q3,T08,C2024Q3T08,3,VIC1-NSW1,NSW1,133,108,2100.0,0.0
2023-11,C2024Q3,T08,C2024Q3T08,3,VIC1-NSW1,VIC1,308,125,23978.88,0.0
2023-11,C2024Q4,T07,C2024Q4T07,3,NSW1-QLD1,NSW1,57,45,9936.0,0.0
2023-11,C2024Q4,T07,C2024Q4T07,3,NSW1-QLD1,QLD1,189,100,12600.2,0.0
2023-11,C2024Q4,T07,C2024Q4T07,3,V-SA,SA1,137,64,5225.22,0.0
2023-11,C2024Q4,T07,C2024Q4T07,3,V-SA,VIC1,152,73,14111.11,0.0
2023-11,C2024Q4,T07,C2024Q4T07,3,VIC1-NSW1,NSW1,126,108,1074.0,0.0
2023-11,C2024Q4,T07,C2024Q4T07,3,VIC1-NSW1,VIC1,356,125,16433.33,0.0
2023-11,C2025Q1,T06,C2025Q1T06,3,NSW1-QLD1,NSW1,47,45,14850.0,0.0
2023-11,C2025Q1,T06,C2025Q1T06,3,NSW1-QLD1,QLD1,199,102,18240.39,0.0
2023-11,C2025Q1,T06,C2025Q1T06,3,V-SA,SA1,82,64,5400.0,0.0
2023-11,C2025Q1,T06,C2025Q1T06,3,V-SA,VIC1,137,73,23760.0,0.0
2023-11,C2024Q3,T06,C2024Q3T06,6,NSW1-QLD1,NSW1,60,54,7416.0,0.0
2023-11,C2024Q3,T06,C2024Q3T06,6,NSW1-QLD1,QLD1,158,100,25833.6,0.0
2023-11,C2024Q3,T06,C2024Q3T06,6,V-SA,SA1,103,64,6805.0,0.0
2023-11,C2024Q3,T06,C2024Q3T06,6,V-SA,VIC1,108,73,21000.0,0.0
2023-11,C2024Q3,T06,C2024Q3T06,6,VIC1-NSW1,NSW1,139,108,2415.0,0.0
2023-11,C2024Q3,T06,C2024Q3T06,6,VIC1-NSW1,VIC1,178,125,23760.68,0.0
2023-11,C2024Q4,T05,C2024Q4T05,6,NSW1-QLD1,NSW1,57,45,10669.33,0.0
2023-11,C2024Q4,T05,C2024Q4T05,6,NSW1-QLD1,QLD1,143,103,14352.0,0.0
2023-11,C2024Q4,T05,C2024Q4T05,6,V-SA,SA1,109,68,6692.83,0.0
2023-11,C2024Q4,T05,C2024Q4T05,6,V-SA,VIC1,99,73,17100.0,0.0
2023-11,C2024Q4,T05,C2024Q4T05,6,VIC1-NSW1,NSW1,126,108,1104.0,0.0
2023-11,C2024Q4,T05,C2024Q4T05,6,VIC1-NSW1,VIC1,153,125,20000.0,0.0
2023-11,C2025Q1,T04,C2025Q1T04,6,NSW1-QLD1,NSW1,47,45,13333.33,0.0
2023-11,C2025Q1,T04,C2025Q1T04,6,NSW1-QLD1,QLD1,125,100,14000.0,0.0
2023-11,C2025Q1,T04,C2025Q1T04,6,V-SA,SA1,64,64,7371.0,0.0
2023-11,C2025Q1,T04,C2025Q1T04,6,V-SA,VIC1,120,73,40009.0,0.0
2023-11,C2025Q1,T04,C2025Q1T04,6,VIC1-NSW1,NSW1,109,108,4006.0,0.0
2023-11,C2025Q1,T04,C2025Q1T04,6,VIC1-NSW1,VIC1,160,125,20475.0,0.0
2023-11,C2025Q2,T03,C2025Q2T03,6,NSW1-QLD1,NSW1,52,52,7466.67,0.0
2023-11,C2025Q2,T03,C2025Q2T03,6,NSW1-QLD1,QLD1,104,104,28392.0,0.0
2023-11,C2025Q2,T03,C2025Q2T03,6,V-SA,SA1,75,64,5238.0,0.0
2023-11,C2025Q2,T03,C2025Q2T03,6,V-SA,VIC1,99,73,21450.0,0.0
2023-11,C2025Q2,T03,C2025Q2T03,6,VIC1-NSW1,NSW1,114,108,1483.0,0.0
2023-11,C2025Q2,T03,C2025Q2T03,6,VIC1-NSW1,VIC1,135,125,21708.08,0.0
2023-11,C2025Q3,T02,C2025Q3T02,6,NSW1-QLD1,NSW1,45,45,8233.0,0.0
2023-11,C2025Q3,T02,C2025Q3T02,6,NSW1-QLD1,QLD1,105,100,27819.81,0.0
2023-11,C2025Q3,T02,C2025Q3T02,6,V-SA,SA1,79,64,5700.94,0.0
2023-11,C2025Q3,T02,C2025Q3T02,6,V-SA,VIC1,85,73,21232.0,0.0
2023-11,C2025Q3,T02,C2025Q3T02,6,VIC1-NSW1,NSW1,126,108,1421.5,0.0
2023-11,C2025Q3,T02,C2025Q3T02,6,VIC1-NSW1,VIC1,135,125,21229.0,0.0
2023-11,C2025Q4,T01,C2025Q4T01,6,NSW1-QLD1,NSW1,45,45,9000.0,0.0
2023-11,C2025Q4,T01,C2025Q4T01,6,NSW1-QLD1,QLD1,100,100,15000.0,0.0
2023-11,C2025Q4,T01,C2025Q4T01,6,V-SA,SA1,64,64,5246.14,0.0
2023-11,C2025Q4,T01,C2025Q4T01,6,V-SA,VIC1,73,73,21233.0,0.0
2023-11,C2025Q4,T01,C2025Q4T01,6,VIC1-NSW1,NSW1,108,108,1056.0,0.0
2023-11,C2025Q4,T01,C2025Q4T01,6,VIC1-NSW1,VIC1,125,125,19850.41,0.0
2023-11,C2023Q2,T12,C2023Q2T12,8,NSW1-QLD1,NSW1,89,88,7000.4,0.0
2023-11,C2023Q2,T12,C2023Q2T12,8,NSW1-QLD1,QLD1,256,100,15000.34,0.0
2023-11,C2023Q2,T12,C2023Q2T12,8,V-SA,SA1,143,66,4770.85,0.0
2023-11,C2023Q2,T12,C2023Q2T12,8,V-SA,VIC1,186,77,13650.0,0.0
2023-11,C2023Q2,T12,C2023Q2T12,8,VIC1-NSW1,NSW1,234,123,2926.13,0.0
2023-11,C2023Q2,T12,C2023Q2T12,8,VIC1-NSW1,VIC1,327,145,22004.0,0.0
2023-11,C2023Q3,T11,C2023Q3T11,8,NSW1-QLD1,NSW1,78,78,7152.37,0.0
2023-11,C2023Q3,T11,C2023Q3T11,8,NSW1-QLD1,QLD1,233,106,20840.34,0.0
2023-11,C2023Q3,T11,C2023Q3T11,8,V-SA,SA1,151,64,6514.0,0.0
2023-11,C2023Q3,T11,C2023Q3T11,8,V-SA,VIC1,185,73,12970.1,0.0
2023-11,C2023Q3,T11,C2023Q3T11,8,VIC1-NSW1,NSW1,202,117,3409.09,0.0
2023-11,C2023Q3,T11,C2023Q3T11,8,VIC1-NSW1,VIC1,277,135,22010.0,0.0
2023-11,C2023Q4,T10,C2023Q4T10,8,NSW1-QLD1,NSW1,73,54,11223.0,0.0
2023-11,C2023Q4,T10,C2023Q4T10,8,NSW1-QLD1,QLD1,205,107,13328.55,0.0
2023-11,C2023Q4,T10,C2023Q4T10,8,V-SA,SA1,156,64,5982.4,0.0
2023-11,C2023Q4,T10,C2023Q4T10,8,V-SA,VIC1,170,73,12868.45,0.0
2023-11,C2023Q4,T10,C2023Q4T10,8,VIC1-NSW1,NSW1,172,108,1262.98,0.0
2023-11,C2023Q4,T10,C2023Q4T10,8,VIC1-NSW1,VIC1,270,135,22011.0,0.0
2023-11,C2024Q1,T09,C2024Q1T09,8,NSW1-QLD1,NSW1,103,76,13620.0,0.0
2023-11,C2024Q1,T09,C2024Q1T09,8,NSW1-QLD1,QLD1,191,100,15500.0,0.0
2023-11,C2024Q1,T09,C2024Q1T09,8,V-SA,SA1,76,64,5647.4,0.0
2023-11,C2024Q1,T09,C2024Q1T09,8,V-SA,VIC1,119,73,30550.64,0.0
2023-11,C2024Q1,T09,C2024Q1T09,8,VIC1-NSW1,NSW1,153,108,3931.2,0.0
2023-11,C2024Q1,T09,C2024Q1T09,8,VIC1-NSW1,VIC1,254,130,22011.0,0.0
2023-11,C2024Q2,T08,C2024Q2T08,8,NSW1-QLD1,NSW1,69,69,7536.0,0.0
2023-11,C2024Q2,T08,C2024Q2T08,8,NSW1-QLD1,QLD1,184,100,26208.0,0.0
2023-11,C2024Q2,T08,C2024Q2T08,8,V-SA,SA1,121,64,5008.0,0.0
2023-11,C2024Q2,T08,C2024Q2T08,8,V-SA,VIC1,140,73,13080.6,0.0
2023-11,C2024Q2,T08,C2024Q2T08,8,VIC1-NSW1,NSW1,166,108,2184.0,0.0
2023-11,C2024Q2,T08,C2024Q2T08,8,VIC1-NSW1,VIC1,212,125,21000.08,0.0
2023-11,C2024Q3,T07,C2024Q3T07,8,NSW1-QLD1,NSW1,63,63,7592.0,0.0
2023-11,C2024Q3,T07,C2024Q3T07,8,NSW1-QLD1,QLD1,173,100,23990.34,0.0
2023-11,C2024Q3,T07,C2024Q3T07,8,V-SA,SA1,110,64,5500.24,0.0
2023-11,C2024Q3,T07,C2024Q3T07,8,V-SA,VIC1,150,73,13650.0,0.0
2023-11,C2024Q3,T07,C2024Q3T07,8,VIC1-NSW1,NSW1,141,108,2208.0,0.0
2023-11,C2024Q3,T07,C2024Q3T07,8,VIC1-NSW1,VIC1,212,125,22000.08,0.0
2023-11,C2024Q4,T06,C2024Q4T06,8,NSW1-QLD1,NSW1,63,45,9936.0,0.0
2023-11,C2024Q4,T06,C2024Q4T06,8,NSW1-QLD1,QLD1,176,103,14278.0,0.0
2023-11,C2024Q4,T06,C2024Q4T06,8,V-SA,SA1,111,64,5500.24,0.0
2023-11,C2024Q4,T06,C2024Q4T06,8,V-SA,VIC1,108,73,13000.17,0.0
2023-11,C2024Q4,T06,C2024Q4T06,8,VIC1-NSW1,NSW1,148,108,993.6,0.0
2023-11,C2024Q4,T06,C2024Q4T06,8,VIC1-NSW1,VIC1,290,125,17000.0,0.0
2023-11,C2025Q1,T05,C2025Q1T05,8,NSW1-QLD1,NSW1,65,45,13395.11,0.0
2023-11,C2025Q1,T05,C2025Q1T05,8,NSW1-QLD1,QLD1,175,100,16300.34,0.0
2023-11,C2025Q1,T05,C2025Q1T05,8,V-SA,SA1,64,64,5400.0,0.0
2023-11,C2025Q1,T05,C2025Q1T05,8,V-SA,VIC1,76,73,26005.85,0.0
2023-11,C2025Q1,T05,C2025Q1T05,8,VIC1-NSW1,NSW1,133,108,3506.0,0.0
2023-11,C2025Q1,T05,C2025Q1T05,8,VIC1-NSW1,VIC1,200,125,20010.0,0.0
2023-11,C2025Q2,T04,C2025Q2T04,8,NSW1-QLD1,NSW1,45,45,7807.8,0.0
2023-11,C2025Q2,T04,C2025Q2T04,8,NSW1-QLD1,QLD1,100,100,26208.0,0.0
2023-11,C2025Q2,T04,C2025Q2T04,8,V-SA,SA1,75,64,4368.0,0.0
2023-11,C2025Q2,T04,C2025Q2T04,8,V-SA,VIC1,132,73,13942.5,0.0
2023-11,C2025Q2,T04,C2025Q2T04,8,VIC1-NSW1,NSW1,146,108,1310.4,0.0
2023-11,C2025Q2,T04,C2025Q2T04,8,VIC1-NSW1,VIC1,180,125,20374.75,0.0
2023-11,C2025Q3,T03,C2025Q3T03,8,NSW1-QLD1,NSW1,45,45,8030.0,0.0
2023-11,C2025Q3,T03,C2025Q3T03,8,NSW1-QLD1,QLD1,105,100,24448.34,0.0
2023-11,C2025Q3,T03,C2025Q3T03,8,V-SA,SA1,88,64,4505.0,0.0
2023-11,C2025Q3,T03,C2025Q3T03,8,V-SA,VIC1,111,73,13800.8,0.0
2023-11,C2025Q3,T03,C2025Q3T03,8,VIC1-NSW1,NSW1,164,108,1324.8,0.0
2023-11,C2025Q3,T03,C2025Q3T03,8,VIC1-NSW1,VIC1,190,125,19106.09,0.0
2023-11,C2025Q4,T02,C2025Q4T02,8,NSW1-QLD1,NSW1,45,45,8832.0,0.0
2023-11,C2025Q4,T02,C2025Q4T02,8,NSW1-QLD1,QLD1,114,100,14230.56,0.0
2023-11,C2025Q4,T02,C2025Q4T02,8,V-SA,SA1,77,64,4246.14,0.0
2023-11,C2025Q4,T02,C2025Q4T02,8,V-SA,VIC1,89,73,13248.0,0.0
2023-11,C2025Q4,T02,C2025Q4T02,8,VIC1-NSW1,NSW1,108,108,993.6,0.0
2023-11,C2025Q4,T02,C2025Q4T02,8,VIC1-NSW1,VIC1,160,125,17001.59,0.0
2023-11,C2026Q1,T01,C2026Q1T01,8,NSW1-QLD1,NSW1,45,45,14040.0,0.0
2023-11,C2026Q1,T01,C2026Q1T01,8,NSW1-QLD1,QLD1,100,100,17000.34,0.0
2023-11,C2026Q1,T01,C2026Q1T01,8,V-SA,SA1,64,64,5009.0,0.0
2023-11,C2026Q1,T01,C2026Q1T01,8,V-SA,VIC1,73,73,25920.0,0.0
2023-11,C2026Q1,T01,C2026Q1T01,8,VIC1-NSW1,NSW1,108,108,3510.0,0.0
2023-11,C2026Q1,T01,C2026Q1T01,8,VIC1-NSW1,VIC1,125,125,22226.4,0.0
2023-11,C2023Q3,T12,C2023Q3T12,6,NSW1-QLD1,NSW1,73,61,5000.66,0.0
2023-11,C2023Q3,T12,C2023Q3T12,6,NSW1-QLD1,QLD1,237,100,16417.77,0.0
2023-11,C2023Q3,T12,C2023Q3T12,6,V-SA,SA1,154,66,7201.0,0.0
2023-11,C2023Q3,T12,C2023Q3T12,6,V-SA,VIC1,233,82,13050.04,0.0
2023-11,C2023Q3,T12,C2023Q3T12,6,VIC1-NSW1,NSW1,194,112,2760.0,0.0
2023-11,C2023Q3,T12,C2023Q3T12,6,VIC1-NSW1,VIC1,268,125,25000.0,0.0
2023-11,C2023Q4,T11,C2023Q4T11,6,NSW1-QLD1,NSW1,67,55,12723.0,0.0
2023-11,C2023Q4,T11,C2023Q4T11,6,NSW1-QLD1,QLD1,196,100,10000.2,0.0
2023-11,C2023Q4,T11,C2023Q4T11,6,V-SA,SA1,172,64,5739.64,0.0
2023-11,C2023Q4,T11,C2023Q4T11,6,V-SA,VIC1,227,78,11596.04,0.0
2023-11,C2023Q4,T11,C2023Q4T11,6,VIC1-NSW1,NSW1,160,108,1104.0,0.0
2023-11,C2023Q4,T11,C2023Q4T11,6,VIC1-NSW1,VIC1,342,125,25009.0,0.0
2023-11,C2024Q1,T10,C2024Q1T10,6,NSW1-QLD1,NSW1,72,45,20654.0,0.0
2023-11,C2024Q1,T10,C2024Q1T10,6,NSW1-QLD1,QLD1,202,103,16380.0,0.0
2023-11,C2024Q1,T10,C2024Q1T10,6,V-SA,SA1,82,64,6396.79,0.0
2023-11,C2024Q1,T10,C2024Q1T10,6,V-SA,VIC1,172,73,26846.04,0.0
2023-11,C2024Q1,T10,C2024Q1T10,6,VIC1-NSW1,NSW1,148,108,3932.49,0.0
2023-11,C2024Q1,T10,C2024Q1T10,6,VIC1-NSW1,VIC1,253,125,25019.17,0.0
2023-11,C2024Q2,T09,C2024Q2T09,6,NSW1-QLD1,NSW1,63,54,7216.66,0.0
2023-11,C2024Q2,T09,C2024Q2T09,6,NSW1-QLD1,QLD1,187,100,22654.0,0.0
2023-11,C2024Q2,T09,C2024Q2T09,6,V-SA,SA1,129,64,4888.88,0.0
2023-11,C2025Q1,T06,C2025Q1T06,3,VIC1-NSW1,NSW1,127,108,3256.0,0.0
2023-11,C2025Q1,T06,C2025Q1T06,3,VIC1-NSW1,VIC1,250,125,21124.8,0.0
2023-11,C2025Q2,T05,C2025Q2T05,3,NSW1-QLD1,NSW1,45,45,6569.73,0.0
2023-11,C2025Q2,T05,C2025Q2T05,3,NSW1-QLD1,QLD1,120,100,28392.0,0.0
2023-11,C2025Q2,T05,C2025Q2T05,3,V-SA,SA1,75,64,4333.33,0.0
2023-11,C2025Q2,T05,C2025Q2T05,3,V-SA,VIC1,138,73,12012.0,0.0
2023-11,C2025Q2,T05,C2025Q2T05,3,VIC1-NSW1,NSW1,148,108,1340.1,0.0
2023-11,C2025Q2,T05,C2025Q2T05,3,VIC1-NSW1,VIC1,225,125,20000.77,0.0
2023-11,C2025Q3,T04,C2025Q3T04,3,NSW1-QLD1,NSW1,45,45,7728.0,0.0
2023-11,C2025Q3,T04,C2025Q3T04,3,NSW1-QLD1,QLD1,125,100,28448.34,0.0
2023-11,C2025Q3,T04,C2025Q3T04,3,V-SA,SA1,94,64,4416.0,0.0
2023-11,C2025Q3,T04,C2025Q3T04,3,V-SA,VIC1,117,73,12337.0,0.0
2023-11,C2025Q3,T04,C2025Q3T04,3,VIC1-NSW1,NSW1,164,108,1300.0,0.0
2023-11,C2025Q3,T04,C2025Q3T04,3,VIC1-NSW1,VIC1,225,125,20061.39,0.0
2023-11,C2025Q4,T03,C2025Q4T03,3,NSW1-QLD1,NSW1,45,45,8832.0,0.0
2023-11,C2025Q4,T03,C2025Q4T03,3,NSW1-QLD1,QLD1,100,100,14942.08,0.0
2023-11,C2025Q4,T03,C2025Q4T03,3,V-SA,SA1,94,64,4416.0,0.0
2023-11,C2025Q4,T03,C2025Q4T03,3,V-SA,VIC1,88,73,12144.0,0.0
2023-11,C2025Q4,T03,C2025Q4T03,3,VIC1-NSW1,NSW1,108,108,883.2,0.0
2023-11,C2025Q4,T03,C2025Q4T03,3,VIC1-NSW1,VIC1,180,125,16760.77,0.0
2023-11,C2026Q1,T02,C2026Q1T02,3,NSW1-QLD1,NSW1,45,45,16146.0,0.0
2023-11,C2026Q1,T02,C2026Q1T02,3,NSW1-QLD1,QLD1,125,100,19780.0,0.0
2023-11,C2026Q1,T02,C2026Q1T02,3,V-SA,SA1,64,64,4758.55,0.0
2023-11,C2026Q1,T02,C2026Q1T02,3,V-SA,VIC1,73,73,21000.0,0.0
2023-11,C2026Q1,T02,C2026Q1T02,3,VIC1-NSW1,NSW1,108,108,3240.0,0.0
2023-11,C2026Q1,T02,C2026Q1T02,3,VIC1-NSW1,VIC1,149,125,21664.8,0.0
2023-11,C2026Q2,T01,C2026Q2T01,3,NSW1-QLD1,NSW1,45,45,7012.0,0.0
2023-11,C2026Q2,T01,C2026Q2T01,3,NSW1-QLD1,QLD1,100,100,28392.0,0.0
2023-11,C2026Q2,T01,C2026Q2T01,3,V-SA,SA1,64,64,4333.33,0.0
2023-11,C2026Q2,T01,C2026Q2T01,3,V-SA,VIC1,73,73,12500.04,0.0
2023-11,C2026Q2,T01,C2026Q2T01,3,VIC1-NSW1,NSW1,108,108,1280.1,0.0
2023-11,C2026Q2,T01,C2026Q2T01,3,VIC1-NSW1,VIC1,125,125,19695.59,0.0
2023-11,C2023Q4,T12,C2023Q4T12,3,NSW1-QLD1,NSW1,76,58,13359.15,0.0
2023-11,C2023Q4,T12,C2023Q4T12,3,NSW1-QLD1,QLD1,238,100,12123.0,0.0
2023-11,C2023Q4,T12,C2023Q4T12,3,V-SA,SA1,201,66,5175.0,0.0
2023-11,C2023Q4,T12,C2023Q4T12,3,V-SA,VIC1,149,77,14400.08,0.0
2023-11,C2023Q4,T12,C2023Q4T12,3,VIC1-NSW1,NSW1,158,125,1278.08,0.0
2023-11,C2023Q4,T12,C2023Q4T12,3,VIC1-NSW1,VIC1,379,129,22040.98,0.0
2023-11,C2024Q1,T11,C2024Q1T11,3,NSW1-QLD1,NSW1,74,60,24005.0,0.0
2023-11,C2024Q1,T11,C2024Q1T11,3,NSW1-QLD1,QLD1,206,100,18880.0,0.0
2023-11,C2024Q1,T11,C2024Q1T11,3,V-SA,SA1,78,66,6500.0,0.0
2023-11,C2024Q1,T11,C2024Q1T11,3,V-SA,VIC1,142,73,32100.0,0.0
2023-11,C2024Q1,T11,C2024Q1T11,3,VIC1-NSW1,NSW1,171,108,4806.0,0.0
2023-11,C2024Q1,T11,C2024Q1T11,3,VIC1-NSW1,VIC1,283,141,27000.0,0.0
2023-11,C2024Q2,T10,C2024Q2T10,3,NSW1-QLD1,NSW1,60,51,6676.0,0.0
2023-11,C2024Q2,T10,C2024Q2T10,3,NSW1-QLD1,QLD1,213,100,25250.0,0.0
2023-11,C2024Q2,T10,C2024Q2T10,3,V-SA,SA1,123,64,4567.89,0.0
2023-11,C2024Q2,T10,C2024Q2T10,3,V-SA,VIC1,140,73,15936.04,0.0
2023-11,C2024Q2,T10,C2024Q2T10,3,VIC1-NSW1,NSW1,183,108,2305.0,0.0
2023-11,C2024Q2,T10,C2024Q2T10,3,VIC1-NSW1,VIC1,279,125,24002.0,0.0
2023-11,C2024Q3,T09,C2024Q3T09,3,NSW1-QLD1,NSW1,57,49,5520.0,0.0
2023-11,C2024Q3,T09,C2024Q3T09,3,NSW1-QLD1,QLD1,228,100,28650.2,0.0
2023-11,C2024Q3,T09,C2024Q3T09,3,V-SA,SA1,131,64,5103.0,0.0
2023-11,C2024Q3,T09,C2024Q3T09,3,V-SA,VIC1,140,73,17280.04,0.0
2023-11,C2024Q3,T09,C2024Q3T09,3,VIC1-NSW1,NSW1,153,108,2000.23,0.0
2023-11,C2024Q3,T09,C2024Q3T09,3,VIC1-NSW1,VIC1,322,125,26400.0,0.0
2023-11,C2024Q4,T08,C2024Q4T08,3,NSW1-QLD1,NSW1,57,45,10294.08,0.0
2023-11,C2024Q4,T08,C2024Q4T08,3,NSW1-QLD1,QLD1,246,100,14250.0,0.0
2023-11,C2024Q4,T08,C2024Q4T08,3,V-SA,SA1,141,64,5225.0,0.0
2023-11,C2024Q4,T08,C2024Q4T08,3,V-SA,VIC1,92,73,16050.08,0.0
2023-11,C2024Q4,T08,C2024Q4T08,3,VIC1-NSW1,NSW1,120,108,1216.0,0.0
2023-11,C2024Q4,T08,C2024Q4T08,3,VIC1-NSW1,VIC1,349,165,20350.75,0.0
2023-11,C2025Q1,T07,C2025Q1T07,3,NSW1-QLD1,NSW1,47,47,17350.0,0.0
2023-11,C2025Q1,T07,C2025Q1T07,3,NSW1-QLD1,QLD1,207,102,18500.55,0.0
2023-11,C2025Q1,T07,C2025Q1T07,3,V-SA,SA1,76,64,6308.0,0.0
2023-11,C2025Q1,T07,C2025Q1T07,3,V-SA,VIC1,103,73,26506.0,0.0
2023-11,C2025Q1,T07,C2025Q1T07,3,VIC1-NSW1,NSW1,140,108,3969.0,0.0
2023-11,C2025Q1,T07,C2025Q1T07,3,VIC1-NSW1,VIC1,271,127,23237.28,0.0
2023-11,C2025Q2,T06,C2025Q2T06,3,NSW1-QLD1,NSW1,45,45,5460.0,0.0
2023-11,C2025Q2,T06,C2025Q2T06,3,NSW1-QLD1,QLD1,142,100,29123.0,0.0
2023-11,C2025Q2,T06,C2025Q2T06,3,V-SA,SA1,87,66,4333.0,0.0
2023-11,C2025Q2,T06,C2025Q2T06,3,V-SA,VIC1,98,73,16537.0,0.0
2023-11,C2025Q2,T06,C2025Q2T06,3,VIC1-NSW1,NSW1,177,111,1350.55,0.0
2023-11,C2025Q2,T06,C2025Q2T06,3,VIC1-NSW1,VIC1,249,125,23003.0,0.0
2023-11,C2025Q3,T05,C2025Q3T05,3,NSW1-QLD1,NSW1,45,45,6005.76,0.0
2023-11,C2025Q3,T05,C2025Q3T05,3,NSW1-QLD1,QLD1,145,100,30794.24,0.0
2023-11,C2025Q3,T05,C2025Q3T05,3,V-SA,SA1,116,64,4408.0,0.0
2023-11,C2025Q3,T05,C2025Q3T05,3,V-SA,VIC1,98,73,15047.13,0.0
2023-11,C2025Q3,T05,C2025Q3T05,3,VIC1-NSW1,NSW1,191,109,1349.99,0.0
2023-11,C2025Q3,T05,C2025Q3T05,3,VIC1-NSW1,VIC1,220,125,22660.54,0.0
2023-11,C2025Q4,T04,C2025Q4T04,3,NSW1-QLD1,NSW1,45,45,8923.0,0.0
2023-11,C2025Q4,T04,C2025Q4T04,3,NSW1-QLD1,QLD1,130,105,15125.21,0.0
2023-11,C2025Q4,T04,C2025Q4T04,3,V-SA,SA1,116,64,4325.89,0.0
2023-11,C2025Q4,T04,C2025Q4T04,3,V-SA,VIC1,88,73,12994.08,0.0
2023-11,C2025Q4,T04,C2025Q4T04,3,VIC1-NSW1,NSW1,108,108,882.0,0.0
2023-11,C2025Q4,T04,C2025Q4T04,3,VIC1-NSW1,VIC1,218,127,17150.0,0.0
2023-11,C2026Q1,T03,C2026Q1T03,3,NSW1-QLD1,NSW1,45,45,16953.3,0.0
2023-11,C2026Q1,T03,C2026Q1T03,3,NSW1-QLD1,QLD1,125,100,20190.0,0.0
2023-11,C2026Q1,T03,C2026Q1T03,3,V-SA,SA1,82,64,4500.89,0.0
2023-11,C2026Q1,T03,C2026Q1T03,3,V-SA,VIC1,85,73,18358.08,0.0
2023-11,C2026Q1,T03,C2026Q1T03,3,VIC1-NSW1,NSW1,128,108,3402.0,0.0
2023-11,C2026Q1,T03,C2026Q1T03,3,VIC1-NSW1,VIC1,163,125,16489.0,0.0
2023-11,C2026Q2,T02,C2026Q2T02,3,NSW1-QLD1,NSW1,45,45,5460.0,0.0
2023-11,C2026Q2,T02,C2026Q2T02,3,NSW1-QLD1,QLD1,105,100,29484.0,0.0
2023-11,C2026Q2,T02,C2026Q2T02,3,V-SA,SA1,73,64,3276.0,0.0
2023-11,C2026Q2,T02,C2026Q2T02,3,V-SA,VIC1,81,73,12500.0,0.0
2023-11,C2026Q2,T02,C2026Q2T02,3,VIC1-NSW1,NSW1,131,108,1004.0,0.0
2023-11,C2026Q2,T02,C2026Q2T02,3,VIC1-NSW1,VIC1,145,125,16960.98,0.0
2023-11,C2026Q3,T01,C2026Q3T01,3,NSW1-QLD1,NSW1,45,45,5520.0,0.0
2023-11,C2026Q3,T01,C2026Q3T01,3,NSW1-QLD1,QLD1,100,100,29605.0,0.0
2023-11,C2026Q3,T01,C2026Q3T01,3,V-SA,SA1,64,64,3312.0,0.0
2023-11,C2026Q3,T01,C2026Q3T01,3,V-SA,VIC1,73,73,12200.08,0.0
2023-11,C2026Q3,T01,C2026Q3T01,3,VIC1-NSW1,NSW1,108,108,1107.0,0.0
2023-11,C2026Q3,T01,C2026Q3T01,3,VIC1-NSW1,VIC1,125,125,16960.98,0.0
2023-11,C2022Q3,T12,C2022Q3T12,6,NSW1-QLD1,NSW1,106,55,5040.0,0.0
2023-11,C2022Q3,T12,C2022Q3T12,6,NSW1-QLD1,QLD1,233,100,10000.0,0.0
2023-11,C2022Q3,T12,C2022Q3T12,6,V-SA,SA1,115,66,5750.3,0.0
2023-11,C2022Q3,T12,C2022Q3T12,6,V-SA,VIC1,125,77,10278.0,0.0
2023-11,C2022Q3,T12,C2022Q3T12,6,VIC1-NSW1,NSW1,246,112,610.6,0.0
2023-11,C2022Q3,T12,C2022Q3T12,6,VIC1-NSW1,VIC1,232,172,38737.0,0.0
2023-11,C2022Q4,T11,C2022Q4T11,6,NSW1-QLD1,NSW1,80,45,11625.0,0.0
2023-11,C2022Q4,T11,C2022Q4T11,6,NSW1-QLD1,QLD1,260,100,11066.0,0.0
2023-11,C2022Q4,T11,C2022Q4T11,6,V-SA,SA1,100,64,6182.4,0.0
2023-11,C2022Q4,T11,C2022Q4T11,6,V-SA,VIC1,93,73,15687.91,0.0
2023-11,C2022Q4,T11,C2022Q4T11,6,VIC1-NSW1,NSW1,150,108,666.6,0.0
2023-11,C2022Q4,T11,C2022Q4T11,6,VIC1-NSW1,VIC1,208,145,44811.36,0.0
2023-11,C2023Q1,T10,C2023Q1T10,6,NSW1-QLD1,NSW1,80,45,19762.59,0.0
2023-11,C2023Q1,T10,C2023Q1T10,6,NSW1-QLD1,QLD1,301,110,17418.36,0.0
2023-11,C2023Q1,T10,C2023Q1T10,6,V-SA,SA1,84,64,7535.0,0.0
2023-11,C2023Q1,T10,C2023Q1T10,6,V-SA,VIC1,98,73,24624.61,0.0
2023-11,C2023Q1,T10,C2023Q1T10,6,VIC1-NSW1,NSW1,143,108,4500.0,0.0
2023-11,C2023Q1,T10,C2023Q1T10,6,VIC1-NSW1,VIC1,190,125,45360.46,0.0
2023-11,C2023Q2,T09,C2023Q2T09,6,NSW1-QLD1,NSW1,82,45,6499.89,0.0
2023-11,C2023Q2,T09,C2023Q2T09,6,NSW1-QLD1,QLD1,214,100,26000.0,0.0
2023-11,C2023Q2,T09,C2023Q2T09,6,V-SA,SA1,104,64,4500.0,0.0
2023-11,C2023Q2,T09,C2023Q2T09,6,V-SA,VIC1,98,73,16380.0,0.0
2023-11,C2023Q2,T09,C2023Q2T09,6,VIC1-NSW1,NSW1,320,108,900.0,0.0
2023-11,C2023Q2,T09,C2023Q2T09,6,VIC1-NSW1,VIC1,215,127,42000.0,0.0
2023-11,C2023Q3,T08,C2023Q3T08,6,NSW1-QLD1,NSW1,63,45,5495.89,0.0
2023-11,C2023Q3,T08,C2023Q3T08,6,NSW1-QLD1,QLD1,190,100,24636.83,0.0
2023-11,C2023Q3,T08,C2023Q3T08,6,V-SA,SA1,109,64,4000.0,0.0
2023-11,C2023Q3,T08,C2023Q3T08,6,V-SA,VIC1,98,73,15456.0,0.0
2023-11,C2023Q3,T08,C2023Q3T08,6,VIC1-NSW1,NSW1,225,108,937.0,0.0
2023-11,C2023Q3,T08,C2023Q3T08,6,VIC1-NSW1,VIC1,215,125,40752.46,0.0
2023-11,C2023Q4,T07,C2023Q4T07,6,NSW1-QLD1,NSW1,55,45,8663.0,0.0
2023-11,C2023Q4,T07,C2023Q4T07,6,NSW1-QLD1,QLD1,233,100,13907.2,0.0
2023-11,C2023Q4,T07,C2023Q4T07,6,V-SA,SA1,109,64,5142.5,0.0
2023-11,C2023Q4,T07,C2023Q4T07,6,V-SA,VIC1,93,73,9936.0,0.0
2023-11,C2023Q4,T07,C2023Q4T07,6,VIC1-NSW1,NSW1,157,108,1000.0,0.0
2023-11,C2023Q4,T07,C2023Q4T07,6,VIC1-NSW1,VIC1,202,150,40000.0,0.0
2023-11,C2024Q1,T06,C2024Q1T06,6,NSW1-QLD1,NSW1,55,45,13104.0,0.0
2023-11,C2024Q1,T06,C2024Q1T06,6,NSW1-QLD1,QLD1,165,100,17500.0,0.0
2023-11,C2024Q1,T06,C2024Q1T06,6,V-SA,SA1,64,64,5505.75,0.0
2023-11,C2024Q1,T06,C2024Q1T06,6,V-SA,VIC1,83,73,20716.66,0.0
2023-11,C2024Q1,T06,C2024Q1T06,6,VIC1-NSW1,NSW1,137,108,3276.0,0.0
2023-11,C2024Q1,T06,C2024Q1T06,6,VIC1-NSW1,VIC1,170,125,30000.0,0.0
2023-11,C2024Q2,T05,C2024Q2T05,6,NSW1-QLD1,NSW1,45,45,4496.89,0.0
2023-11,C2024Q2,T05,C2024Q2T05,6,NSW1-QLD1,QLD1,130,100,25538.71,0.0
2023-11,C2024Q2,T05,C2024Q2T05,6,V-SA,SA1,109,64,3075.8,0.0
2023-11,C2024Q2,T05,C2024Q2T05,6,V-SA,VIC1,83,73,16380.0,0.0
2023-11,C2024Q2,T05,C2024Q2T05,6,VIC1-NSW1,NSW1,164,108,873.6,0.0
2023-11,C2024Q2,T05,C2024Q2T05,6,VIC1-NSW1,VIC1,170,125,21169.0,0.0
2023-11,C2024Q3,T04,C2024Q3T04,6,NSW1-QLD1,NSW1,45,45,4496.89,0.0
2023-11,C2024Q3,T04,C2024Q3T04,6,NSW1-QLD1,QLD1,110,100,20444.61,0.0
2023-11,C2024Q3,T04,C2024Q3T04,6,V-SA,SA1,67,64,3746.52,0.0
2023-11,C2024Q3,T04,C2024Q3T04,6,V-SA,VIC1,83,73,15456.0,0.0
2023-11,C2024Q3,T04,C2024Q3T04,6,VIC1-NSW1,NSW1,108,108,750.6,0.0
2023-11,C2024Q3,T04,C2024Q3T04,6,VIC1-NSW1,VIC1,150,125,20793.0,0.0
2023-11,C2024Q4,T03,C2024Q4T03,6,NSW1-QLD1,NSW1,45,45,7653.6,0.0
2023-11,C2024Q4,T03,C2024Q4T03,6,NSW1-QLD1,QLD1,117,100,13314.24,0.0
2023-11,C2024Q4,T03,C2024Q4T03,6,V-SA,SA1,64,64,4000.0,0.0
2023-11,C2024Q4,T03,C2024Q4T03,6,V-SA,VIC1,73,73,12208.27,0.0
2023-11,C2024Q4,T03,C2024Q4T03,6,VIC1-NSW1,NSW1,108,108,824.69,0.0
2023-11,C2024Q4,T03,C2024Q4T03,6,VIC1-NSW1,VIC1,150,125,21443.0,0.0
2023-11,C2025Q1,T02,C2025Q1T02,6,NSW1-QLD1,NSW1,45,45,9996.89,0.0
2023-11,C2025Q1,T02,C2025Q1T02,6,NSW1-QLD1,QLD1,110,100,19072.8,0.0
2023-11,C2025Q1,T02,C2025Q1T02,6,V-SA,SA1,64,64,5407.5,0.0
2023-11,C2025Q1,T02,C2025Q1T02,6,V-SA,VIC1,73,73,18360.0,0.0
2023-11,C2025Q1,T02,C2025Q1T02,6,VIC1-NSW1,NSW1,108,108,3500.6,0.0
2023-11,C2025Q1,T02,C2025Q1T02,6,VIC1-NSW1,VIC1,135,125,21600.0,0.0
2023-11,C2025Q2,T01,C2025Q2T01,6,NSW1-QLD1,NSW1,45,45,4216.89,0.0
2023-11,C2025Q2,T01,C2025Q2T01,6,NSW1-QLD1,QLD1,100,100,21606.0,0.0
2023-11,C2025Q2,T01,C2025Q2T01,6,V-SA,SA1,64,64,3075.8,0.0
2023-11,C2025Q2,T01,C2025Q2T01,6,V-SA,VIC1,73,73,12500.0,0.0
2023-11,C2025Q2,T01,C2025Q2T01,6,VIC1-NSW1,NSW1,108,108,873.6,0.0
2023-11,C2025Q2,T01,C2025Q2T01,6,VIC1-NSW1,VIC1,125,125,18481.0,0.0
2023-11,C2022Q4,T12,C2022Q4T12,4,NSW1-QLD1,NSW1,95,55,17437.5,0.0
2023-11,C2022Q4,T12,C2022Q4T12,4,NSW1-QLD1,QLD1,335,115,12800.71,0.0
2023-11,C2022Q4,T12,C2022Q4T12,4,V-SA,SA1,106,66,6869.99,0.0
2023-11,C2022Q4,T12,C2022Q4T12,4,V-SA,VIC1,117,77,25000.0,0.0
2023-11,C2022Q4,T12,C2022Q4T12,4,VIC1-NSW1,NSW1,169,112,989.38,0.0
2023-11,C2022Q4,T12,C2022Q4T12,4,VIC1-NSW1,VIC1,253,145,46417.0,0.0
2023-11,C2023Q1,T11,C2023Q1T11,4,NSW1-QLD1,NSW1,65,45,23000.0,0.0
2023-11,C2023Q1,T11,C2023Q1T11,4,NSW1-QLD1,QLD1,295,110,16660.71,0.0
2023-11,C2023Q1,T11,C2023Q1T11,4,V-SA,SA1,94,64,8288.5,0.0
2023-11,C2023Q1,T11,C2023Q1T11,4,V-SA,VIC1,103,73,30000.0,0.0
2023-11,C2023Q1,T11,C2023Q1T11,4,VIC1-NSW1,NSW1,143,113,5000.0,0.0
2023-11,C2023Q1,T11,C2023Q1T11,4,VIC1-NSW1,VIC1,240,130,43320.0,0.0
2023-11,C2023Q2,T10,C2023Q2T10,4,NSW1-QLD1,NSW1,94,45,7800.0,0.0
2023-11,C2023Q2,T10,C2023Q2T10,4,NSW1-QLD1,QLD1,239,113,36800.0,0.0
2023-11,C2023Q2,T10,C2023Q2T10,4,V-SA,SA1,136,64,5600.03,0.0
2023-11,C2023Q2,T10,C2023Q2T10,4,V-SA,VIC1,103,73,21000.0,0.0
2023-11,C2023Q2,T10,C2023Q2T10,4,VIC1-NSW1,NSW1,287,108,2257.0,0.0
2023-11,C2023Q2,T10,C2023Q2T10,4,VIC1-NSW1,VIC1,261,134,48000.0,0.0
2023-11,C2023Q3,T09,C2023Q3T09,4,NSW1-QLD1,NSW1,75,45,6869.86,0.0
2023-11,C2023Q3,T09,C2023Q3T09,4,NSW1-QLD1,QLD1,210,105,30000.0,0.0
2023-11,C2023Q3,T09,C2023Q3T09,4,V-SA,SA1,114,64,6400.03,0.0
2023-11,C2023Q3,T09,C2023Q3T09,4,V-SA,VIC1,103,73,20000.0,0.0
2023-11,C2023Q3,T09,C2023Q3T09,4,VIC1-NSW1,NSW1,225,118,2840.0,0.0
2023-11,C2023Q3,T09,C2023Q3T09,4,VIC1-NSW1,VIC1,264,145,41830.25,0.0
2023-11,C2023Q4,T08,C2023Q4T08,4,NSW1-QLD1,NSW1,65,45,11578.0,0.0
2023-11,C2023Q4,T08,C2023Q4T08,4,NSW1-QLD1,QLD1,220,100,14100.98,0.0
2023-11,C2023Q4,T08,C2023Q4T08,4,V-SA,SA1,109,64,6200.03,0.0
2023-11,C2023Q4,T08,C2023Q4T08,4,V-SA,VIC1,103,73,17928.96,0.0
2023-11,C2023Q4,T08,C2023Q4T08,4,VIC1-NSW1,NSW1,152,108,1477.0,0.0
2023-11,C2023Q4,T08,C2023Q4T08,4,VIC1-NSW1,VIC1,262,159,43000.0,0.0
2023-11,C2024Q1,T07,C2024Q1T07,4,NSW1-QLD1,NSW1,65,45,16421.87,0.0
2023-11,C2024Q1,T07,C2024Q1T07,4,NSW1-QLD1,QLD1,195,100,17000.0,0.0
2023-11,C2024Q1,T07,C2024Q1T07,4,V-SA,SA1,84,64,6909.01,0.0
2023-11,C2024Q1,T07,C2024Q1T07,4,V-SA,VIC1,83,73,30000.0,0.0
2023-11,C2024Q1,T07,C2024Q1T07,4,VIC1-NSW1,NSW1,137,108,4000.0,0.0
2023-11,C2024Q1,T07,C2024Q1T07,4,VIC1-NSW1,VIC1,210,125,31875.0,0.0
2023-11,C2024Q2,T06,C2024Q2T06,4,NSW1-QLD1,NSW1,68,47,6621.11,0.0
2023-11,C2024Q2,T06,C2024Q2T06,4,NSW1-QLD1,QLD1,162,100,29505.84,0.0
2023-11,C2024Q2,T06,C2024Q2T06,4,V-SA,SA1,114,64,5008.0,0.0
2023-11,C2024Q2,T06,C2024Q2T06,4,V-SA,VIC1,83,73,22113.0,0.0
2023-11,C2024Q2,T06,C2024Q2T06,4,VIC1-NSW1,NSW1,184,108,1908.0,0.0
2023-11,C2024Q2,T06,C2024Q2T06,4,VIC1-NSW1,VIC1,215,125,25000.0,0.0
2023-11,C2024Q3,T05,C2024Q3T05,4,NSW1-QLD1,NSW1,68,50,6624.0,0.0
2023-11,C2024Q3,T05,C2024Q3T05,4,NSW1-QLD1,QLD1,165,100,28337.47,0.0
2023-11,C2024Q3,T05,C2024Q3T05,4,V-SA,SA1,105,64,5600.0,0.0
2023-11,C2024Q3,T05,C2024Q3T05,4,V-SA,VIC1,83,73,20000.0,0.0
2023-11,C2024Q3,T05,C2024Q3T05,4,VIC1-NSW1,NSW1,131,108,1932.0,0.0
2023-11,C2024Q3,T05,C2024Q3T05,4,VIC1-NSW1,VIC1,198,125,25000.0,0.0
2023-11,C2024Q4,T04,C2024Q4T04,4,NSW1-QLD1,NSW1,65,45,9003.0,0.0
2023-11,C2024Q4,T04,C2024Q4T04,4,NSW1-QLD1,QLD1,157,117,16115.83,0.0
2023-11,C2024Q4,T04,C2024Q4T04,4,V-SA,SA1,90,64,5468.0,0.0
2023-11,C2024Q4,T04,C2024Q4T04,4,V-SA,VIC1,73,73,18000.0,0.0
2023-11,C2024Q4,T04,C2024Q4T04,4,VIC1-NSW1,NSW1,108,108,1200.0,0.0
2023-11,C2024Q4,T04,C2024Q4T04,4,VIC1-NSW1,VIC1,165,125,25000.0,0.0
2023-11,C2025Q1,T03,C2025Q1T03,4,NSW1-QLD1,NSW1,47,45,11805.0,0.0
2023-11,C2025Q1,T03,C2025Q1T03,4,NSW1-QLD1,QLD1,134,100,20980.08,0.0
2023-11,C2025Q1,T03,C2025Q1T03,4,V-SA,SA1,64,64,7206.0,0.0
2023-11,C2025Q1,T03,C2025Q1T03,4,V-SA,VIC1,76,73,30000.0,0.0
2023-11,C2025Q1,T03,C2025Q1T03,4,VIC1-NSW1,NSW1,108,108,3850.66,0.0
2023-11,C2025Q1,T03,C2025Q1T03,4,VIC1-NSW1,VIC1,144,125,25000.0,0.0
2023-11,C2025Q2,T02,C2025Q2T02,4,NSW1-QLD1,NSW1,52,45,6597.87,0.0
2023-11,C2025Q2,T02,C2025Q2T02,4,NSW1-QLD1,QLD1,100,100,29267.78,0.0
2023-11,C2025Q2,T02,C2025Q2T02,4,V-SA,SA1,64,64,3900.03,0.0
2023-11,C2025Q2,T02,C2025Q2T02,4,V-SA,VIC1,73,73,17963.4,0.0
2023-11,C2025Q2,T02,C2025Q2T02,4,VIC1-NSW1,NSW1,108,108,1447.0,0.0
2023-11,C2025Q2,T02,C2025Q2T02,4,VIC1-NSW1,VIC1,125,125,24120.09,0.0
2023-11,C2025Q3,T01,C2025Q3T01,4,NSW1-QLD1,NSW1,45,45,7320.53,0.0
2023-11,C2025Q3,T01,C2025Q3T01,4,NSW1-QLD1,QLD1,100,100,30910.9,0.0
2023-11,C2025Q3,T01,C2025Q3T01,4,V-SA,SA1,64,64,4384.0,0.0
2023-11,C2025Q3,T01,C2025Q3T01,4,V-SA,VIC1,73,73,18500.0,0.0
2023-11,C2025Q3,T01,C2025Q3T01,4,VIC1-NSW1,NSW1,108,108,1292.28,0.0
2023-11,C2025Q3,T01,C2025Q3T01,4,VIC1-NSW1,VIC1,125,125,25920.09,0.0
2023-11,C2023Q1,T12,C2023Q1T12,4,NSW1-QLD1,NSW1,95,58,23500.0,0.0
2023-11,C2023Q1,T12,C2023Q1T12,4,NSW1-QLD1,QLD1,316,148,15000.0,0.0
2023-11,C2023Q1,T12,C2023Q1T12,4,V-SA,SA1,99,81,8372.0,0.0
2023-11,C2023Q1,T12,C2023Q1T12,4,V-SA,VIC1,129,88,31200.0,0.0
2023-11,C2023Q1,T12,C2023Q1T12,4,VIC1-NSW1,NSW1,147,122,5050.0,0.0
2023-11,C2023Q1,T12,C2023Q1T12,4,VIC1-NSW1,VIC1,285,125,29361.81,0.0
2023-11,C2023Q2,T11,C2023Q2T11,4,NSW1-QLD1,NSW1,86,74,7562.0,0.0
2023-11,C2023Q2,T11,C2023Q2T11,4,NSW1-QLD1,QLD1,298,105,24000.0,0.0
2023-11,C2023Q2,T11,C2023Q2T11,4,V-SA,SA1,138,76,6300.94,0.0
2023-11,C2023Q2,T11,C2023Q2T11,4,V-SA,VIC1,142,73,21000.0,0.0
2023-11,C2023Q2,T11,C2023Q2T11,4,VIC1-NSW1,NSW1,291,125,2931.0,0.0
2023-11,C2025Q3,T01,C2025Q3T01,2,VIC1-NSW1,VIC1,125,125,25920.09,0.0
2023-11,C2023Q1,T12,C2023Q1T12,2,NSW1-QLD1,NSW1,95,58,23500.0,0.0
2023-11,C2023Q1,T12,C2023Q1T12,2,NSW1-QLD1,QLD1,316,148,15000.0,0.0
2023-11,C2023Q1,T12,C2023Q1T12,2,V-SA,SA1,99,81,8372.0,0.0
2023-11,C2023Q1,T12,C2023Q1T12,2,V-SA,VIC1,129,88,31200.0,0.0
2023-11,C2023Q1,T12,C2023Q1T12,2,VIC1-NSW1,NSW1,147,122,5050.0,0.0
2023-11,C2023Q1,T12,C2023Q1T12,2,VIC1-NSW1,VIC1,285,125,29361.81,0.0
2023-11,C2023Q2,T11,C2023Q2T11,2,NSW1-QLD1,NSW1,86,74,7562.0,0.0
2023-11,C2023Q2,T11,C2023Q2T11,2,NSW1-QLD1,QLD1,298,105,24000.0,0.0
2023-11,C2023Q2,T11,C2023Q2T11,2,V-SA,SA1,138,76,6300.94,0.0
2023-11,C2023Q2,T11,C2023Q2T11,2,V-SA,VIC1,142,73,21000.0,0.0
2023-11,C2023Q2,T11,C2023Q2T11,2,VIC1-NSW1,NSW1,291,125,2931.0,0.0
2023-11,C2023Q2,T11,C2023Q2T11,2,VIC1-NSW1,VIC1,293,132,25000.0,0.0
2023-11,C2023Q3,T10,C2023Q3T10,2,NSW1-QLD1,NSW1,67,58,8080.33,0.0
2023-11,C2023Q3,T10,C2023Q3T10,2,NSW1-QLD1,QLD1,255,100,18600.0,0.0
2023-11,C2023Q3,T10,C2023Q3T10,2,V-SA,SA1,136,64,7380.0,0.0
2023-11,C2023Q3,T10,C2023Q3T10,2,V-SA,VIC1,193,73,19954.0,0.0
2023-11,C2023Q3,T10,C2023Q3T10,2,VIC1-NSW1,NSW1,213,131,3244.04,0.0
2023-11,C2023Q3,T10,C2023Q3T10,2,VIC1-NSW1,VIC1,273,125,25000.0,0.0
2023-11,C2023Q4,T09,C2023Q4T09,2,NSW1-QLD1,NSW1,57,45,12156.0,0.0
2023-11,C2023Q4,T09,C2023Q4T09,2,NSW1-QLD1,QLD1,198,111,14000.0,0.0
2023-11,C2023Q4,T09,C2023Q4T09,2,V-SA,SA1,131,64,6667.13,0.0
2023-11,C2023Q4,T09,C2023Q4T09,2,V-SA,VIC1,170,73,17997.83,0.0
2023-11,C2023Q4,T09,C2023Q4T09,2,VIC1-NSW1,NSW1,160,108,1435.2,0.0
2023-11,C2023Q4,T09,C2023Q4T09,2,VIC1-NSW1,VIC1,259,125,25000.0,0.0
2023-11,C2024Q1,T08,C2024Q1T08,2,NSW1-QLD1,NSW1,82,45,18000.96,0.0
2023-11,C2024Q1,T08,C2024Q1T08,2,NSW1-QLD1,QLD1,173,100,16991.52,0.0
2023-11,C2024Q1,T08,C2024Q1T08,2,V-SA,SA1,76,64,7644.0,0.0
2023-11,C2024Q1,T08,C2024Q1T08,2,V-SA,VIC1,174,88,47000.99,0.0
2023-11,C2024Q1,T08,C2024Q1T08,2,VIC1-NSW1,NSW1,141,108,4001.0,0.0
2023-11,C2024Q1,T08,C2024Q1T08,2,VIC1-NSW1,VIC1,264,125,25500.42,0.0
2023-11,C2024Q2,T07,C2024Q2T07,2,NSW1-QLD1,NSW1,60,54,7368.0,0.0
2023-11,C2024Q2,T07,C2024Q2T07,2,NSW1-QLD1,QLD1,158,100,27846.0,0.0
2023-11,C2024Q2,T07,C2024Q2T07,2,V-SA,SA1,111,64,6260.0,0.0
2023-11,C2024Q2,T07,C2024Q2T07,2,V-SA,VIC1,131,73,20124.0,0.0
2023-11,C2024Q2,T07,C2024Q2T07,2,VIC1-NSW1,NSW1,202,110,2385.0,0.0
2023-11,C2024Q2,T07,C2024Q2T07,2,VIC1-NSW1,VIC1,178,125,24200.42,0.0
2023-11,C2024Q3,T06,C2024Q3T06,2,NSW1-QLD1,NSW1,60,54,7416.0,0.0
2023-11,C2024Q3,T06,C2024Q3T06,2,NSW1-QLD1,QLD1,158,100,25833.6,0.0
2023-11,C2024Q3,T06,C2024Q3T06,2,V-SA,SA1,103,64,6805.0,0.0
2023-11,C2024Q3,T06,C2024Q3T06,2,V-SA,VIC1,108,73,21000.0,0.0
2023-11,C2024Q3,T06,C2024Q3T06,2,VIC1-NSW1,NSW1,139,108,2415.0,0.0
2023-11,C2024Q3,T06,C2024Q3T06,2,VIC1-NSW1,VIC1,178,125,23760.68,0.0
2023-11,C2024Q4,T05,C2024Q4T05,2,NSW1-QLD1,NSW1,57,45,10669.33,0.0
2023-11,C2024Q4,T05,C2024Q4T05,2,NSW1-QLD1,QLD1,143,103,14352.0,0.0
2023-11,C2024Q4,T05,C2024Q4T05,2,V-SA,SA1,109,68,6692.83,0.0
2023-11,C2024Q4,T05,C2024Q4T05,2,V-SA,VIC1,99,73,17100.0,0.0
2023-11,C2024Q4,T05,C2024Q4T05,2,VIC1-NSW1,NSW1,126,108,1104.0,0.0
2023-11,C2024Q4,T05,C2024Q4T05,2,VIC1-NSW1,VIC1,153,125,20000.0,0.0
2023-11,C2025Q1,T04,C2025Q1T04,2,NSW1-QLD1,NSW1,47,45,13333.33,0.0
2023-11,C2025Q1,T04,C2025Q1T04,2,NSW1-QLD1,QLD1,125,100,14000.0,0.0
2023-11,C2025Q1,T04,C2025Q1T04,2,V-SA,SA1,64,64,7371.0,0.0
2023-11,C2025Q1,T04,C2025Q1T04,2,V-SA,VIC1,120,73,40009.0,0.0
2023-11,C2025Q1,T04,C2025Q1T04,2,VIC1-NSW1,NSW1,109,108,4006.0,0.0
2023-11,C2025Q1,T04,C2025Q1T04,2,VIC1-NSW1,VIC1,160,125,20475.0,0.0
2023-11,C2025Q2,T03,C2025Q2T03,2,NSW1-QLD1,NSW1,52,52,7466.67,0.0
2023-11,C2025Q2,T03,C2025Q2T03,2,NSW1-QLD1,QLD1,104,104,28392.0,0.0
2023-11,C2025Q2,T03,C2025Q2T03,2,V-SA,SA1,75,64,5238.0,0.0
2023-11,C2025Q2,T03,C2025Q2T03,2,V-SA,VIC1,99,73,21450.0,0.0
2023-11,C2025Q2,T03,C2025Q2T03,2,VIC1-NSW1,NSW1,114,108,1483.0,0.0
2023-11,C2025Q2,T03,C2025Q2T03,2,VIC1-NSW1,VIC1,135,125,21708.08,0.0
2023-11,C2025Q3,T02,C2025Q3T02,2,NSW1-QLD1,NSW1,45,45,8233.0,0.0
2023-11,C2025Q3,T02,C2025Q3T02,2,NSW1-QLD1,QLD1,105,100,27819.81,0.0
2023-11,C2025Q3,T02,C2025Q3T02,2,V-SA,SA1,79,64,5700.94,0.0
2023-11,C2025Q3,T02,C2025Q3T02,2,V-SA,VIC1,85,73,21232.0,0.0
2023-11,C2025Q3,T02,C2025Q3T02,2,VIC1-NSW1,NSW1,126,108,1421.5,0.0
2023-11,C2025Q3,T02,C2025Q3T02,2,VIC1-NSW1,VIC1,135,125,21229.0,0.0
2023-11,C2025Q4,T01,C2025Q4T01,2,NSW1-QLD1,NSW1,45,45,9000.0,0.0
2023-11,C2025Q4,T01,C2025Q4T01,2,NSW1-QLD1,QLD1,100,100,15000.0,0.0
2023-11,C2025Q4,T01,C2025Q4T01,2,V-SA,SA1,64,64,5246.14,0.0
2023-11,C2025Q4,T01,C2025Q4T01,2,V-SA,VIC1,73,73,21233.0,0.0
2023-11,C2025Q4,T01,C2025Q4T01,2,VIC1-NSW1,NSW1,108,108,1056.0,0.0
2023-11,C2025Q4,T01,C2025Q4T01,2,VIC1-NSW1,VIC1,125,125,19850.41,0.0
2023-11,C2023Q2,T11,C2023Q2T11,4,VIC1-NSW1,VIC1,293,132,25000.0,0.0
2023-11,C2023Q3,T10,C2023Q3T10,4,NSW1-QLD1,NSW1,67,58,8080.33,0.0
2023-11,C2023Q3,T10,C2023Q3T10,4,NSW1-QLD1,QLD1,255,100,18600.0,0.0
2023-11,C2023Q3,T10,C2023Q3T10,4,V-SA,SA1,136,64,7380.0,0.0
2023-11,C2023Q3,T10,C2023Q3T10,4,V-SA,VIC1,193,73,19954.0,0.0
2023-11,C2023Q3,T10,C2023Q3T10,4,VIC1-NSW1,NSW1,213,131,3244.04,0.0
2023-11,C2023Q3,T10,C2023Q3T10,4,VIC1-NSW1,VIC1,273,125,25000.0,0.0
2023-11,C2023Q4,T09,C2023Q4T09,4,NSW1-QLD1,NSW1,57,45,12156.0,0.0
2023-11,C2023Q4,T09,C2023Q4T09,4,NSW1-QLD1,QLD1,198,111,14000.0,0.0
2023-11,C2023Q4,T09,C2023Q4T09,4,V-SA,SA1,131,64,6667.13,0.0
2023-11,C2023Q4,T09,C2023Q4T09,4,V-SA,VIC1,170,73,17997.83,0.0
2023-11,C2023Q4,T09,C2023Q4T09,4,VIC1-NSW1,NSW1,160,108,1435.2,0.0
2023-11,C2023Q4,T09,C2023Q4T09,4,VIC1-NSW1,VIC1,259,125,25000.0,0.0
2023-11,C2024Q1,T08,C2024Q1T08,4,NSW1-QLD1,NSW1,82,45,18000.96,0.0
2023-11,C2024Q1,T08,C2024Q1T08,4,NSW1-QLD1,QLD1,173,100,16991.52,0.0
2023-11,C2024Q1,T08,C2024Q1T08,4,V-SA,SA1,76,64,7644.0,0.0
2023-11,C2024Q1,T08,C2024Q1T08,4,V-SA,VIC1,174,88,47000.99,0.0
2023-11,C2024Q1,T08,C2024Q1T08,4,VIC1-NSW1,NSW1,141,108,4001.0,0.0
2023-11,C2024Q1,T08,C2024Q1T08,4,VIC1-NSW1,VIC1,264,125,25500.42,0.0
2023-11,C2024Q2,T07,C2024Q2T07,4,NSW1-QLD1,NSW1,60,54,7368.0,0.0
2023-11,C2024Q2,T07,C2024Q2T07,4,NSW1-QLD1,QLD1,158,100,27846.0,0.0
2023-11,C2024Q2,T07,C2024Q2T07,4,V-SA,SA1,111,64,6260.0,0.0
2023-11,C2024Q2,T07,C2024Q2T07,4,V-SA,VIC1,131,73,20124.0,0.0
2023-11,C2024Q2,T07,C2024Q2T07,4,VIC1-NSW1,NSW1,202,110,2385.0,0.0
2023-11,C2024Q2,T07,C2024Q2T07,4,VIC1-NSW1,VIC1,178,125,24200.42,0.0
2023-11,C2024Q3,T06,C2024Q3T06,4,NSW1-QLD1,NSW1,60,54,7416.0,0.0
2023-11,C2024Q3,T06,C2024Q3T06,4,NSW1-QLD1,QLD1,158,100,25833.6,0.0
2023-11,C2024Q3,T06,C2024Q3T06,4,V-SA,SA1,103,64,6805.0,0.0
2023-11,C2024Q3,T06,C2024Q3T06,4,V-SA,VIC1,108,73,21000.0,0.0
2023-11,C2024Q3,T06,C2024Q3T06,4,VIC1-NSW1,NSW1,139,108,2415.0,0.0
2023-11,C2024Q3,T06,C2024Q3T06,4,VIC1-NSW1,VIC1,178,125,23760.68,0.0
2023-11,C2024Q4,T05,C2024Q4T05,4,NSW1-QLD1,NSW1,57,45,10669.33,0.0
2023-11,C2024Q4,T05,C2024Q4T05,4,NSW1-QLD1,QLD1,143,103,14352.0,0.0
2023-11,C2024Q4,T05,C2024Q4T05,4,V-SA,SA1,109,68,6692.83,0.0
2023-11,C2024Q4,T05,C2024Q4T05,4,V-SA,VIC1,99,73,17100.0,0.0
2023-11,C2024Q4,T05,C2024Q4T05,4,VIC1-NSW1,NSW1,126,108,1104.0,0.0
2023-11,C2024Q4,T05,C2024Q4T05,4,VIC1-NSW1,VIC1,153,125,20000.0,0.0
2023-11,C2025Q1,T04,C2025Q1T04,4,NSW1-QLD1,NSW1,47,45,13333.33,0.0
2023-11,C2025Q1,T04,C2025Q1T04,4,NSW1-QLD1,QLD1,125,100,14000.0,0.0
2023-11,C2025Q1,T04,C2025Q1T04,4,V-SA,SA1,64,64,7371.0,0.0
2023-11,C2025Q1,T04,C2025Q1T04,4,V-SA,VIC1,120,73,40009.0,0.0
2023-11,C2025Q1,T04,C2025Q1T04,4,VIC1-NSW1,NSW1,109,108,4006.0,0.0
2023-11,C2025Q1,T04,C2025Q1T04,4,VIC1-NSW1,VIC1,160,125,20475.0,0.0
2023-11,C2025Q2,T03,C2025Q2T03,4,NSW1-QLD1,NSW1,52,52,7466.67,0.0
2023-11,C2025Q2,T03,C2025Q2T03,4,NSW1-QLD1,QLD1,104,104,28392.0,0.0
2023-11,C2025Q2,T03,C2025Q2T03,4,V-SA,SA1,75,64,5238.0,0.0
2023-11,C2025Q2,T03,C2025Q2T03,4,V-SA,VIC1,99,73,21450.0,0.0
2023-11,C2025Q2,T03,C2025Q2T03,4,VIC1-NSW1,NSW1,114,108,1483.0,0.0
2023-11,C2025Q2,T03,C2025Q2T03,4,VIC1-NSW1,VIC1,135,125,21708.08,0.0
2023-11,C2025Q3,T02,C2025Q3T02,4,NSW1-QLD1,NSW1,45,45,8233.0,0.0
2023-11,C2025Q3,T02,C2025Q3T02,4,NSW1-QLD1,QLD1,105,100,27819.81,0.0
2023-11,C2025Q3,T02,C2025Q3T02,4,V-SA,SA1,79,64,5700.94,0.0
2023-11,C2025Q3,T02,C2025Q3T02,4,V-SA,VIC1,85,73,21232.0,0.0
2023-11,C2025Q3,T02,C2025Q3T02,4,VIC1-NSW1,NSW1,126,108,1421.5,0.0
2023-11,C2025Q3,T02,C2025Q3T02,4,VIC1-NSW1,VIC1,135,125,21229.0,0.0
2023-11,C2025Q4,T01,C2025Q4T01,4,NSW1-QLD1,NSW1,45,45,9000.0,0.0
2023-11,C2025Q4,T01,C2025Q4T01,4,NSW1-QLD1,QLD1,100,100,15000.0,0.0
2023-11,C2025Q4,T01,C2025Q4T01,4,V-SA,SA1,64,64,5246.14,0.0
2023-11,C2025Q4,T01,C2025Q4T01,4,V-SA,VIC1,73,73,21233.0,0.0
2023-11,C2025Q4,T01,C2025Q4T01,4,VIC1-NSW1,NSW1,108,108,1056.0,0.0
2023-11,C2025Q4,T01,C2025Q4T01,4,VIC1-NSW1,VIC1,125,125,19850.41,0.0
2023-11,C2023Q2,T12,C2023Q2T12,4,NSW1-QLD1,NSW1,89,88,7000.4,0.0
2023-11,C2023Q2,T12,C2023Q2T12,4,NSW1-QLD1,QLD1,256,100,15000.34,0.0
2023-11,C2023Q2,T12,C2023Q2T12,4,V-SA,SA1,143,66,4770.85,0.0
2023-11,C2023Q2,T12,C2023Q2T12,4,V-SA,VIC1,186,77,13650.0,0.0
2023-11,C2023Q2,T12,C2023Q2T12,4,VIC1-NSW1,NSW1,234,123,2926.13,0.0
2023-11,C2023Q2,T12,C2023Q2T12,4,VIC1-NSW1,VIC1,327,145,22004.0,0.0
2023-11,C2023Q3,T11,C2023Q3T11,4,NSW1-QLD1,NSW1,78,78,7152.37,0.0
2023-11,C2023Q3,T11,C2023Q3T11,4,NSW1-QLD1,QLD1,233,106,20840.34,0.0
2023-11,C2023Q3,T11,C2023Q3T11,4,V-SA,SA1,151,64,6514.0,0.0
2023-11,C2023Q3,T11,C2023Q3T11,4,V-SA,VIC1,185,73,12970.1,0.0
2023-11,C2023Q3,T11,C2023Q3T11,4,VIC1-NSW1,NSW1,202,117,3409.09,0.0
2023-11,C2023Q3,T11,C2023Q3T11,4,VIC1-NSW1,VIC1,277,135,22010.0,0.0
2023-11,C2023Q4,T10,C2023Q4T10,4,NSW1-QLD1,NSW1,73,54,11223.0,0.0
2023-11,C2023Q4,T10,C2023Q4T10,4,NSW1-QLD1,QLD1,205,107,13328.55,0.0
2023-11,C2023Q4,T10,C2023Q4T10,4,V-SA,SA1,156,64,5982.4,0.0
2023-11,C2023Q4,T10,C2023Q4T10,4,V-SA,VIC1,170,73,12868.45,0.0
2023-11,C2023Q4,T10,C2023Q4T10,4,VIC1-NSW1,NSW1,172,108,1262.98,0.0
2023-11,C2023Q4,T10,C2023Q4T10,4,VIC1-NSW1,VIC1,270,135,22011.0,0.0
2023-11,C2024Q1,T09,C2024Q1T09,4,NSW1-QLD1,NSW1,103,76,13620.0,0.0
2023-11,C2024Q1,T09,C2024Q1T09,4,NSW1-QLD1,QLD1,191,100,15500.0,0.0
2023-11,C2024Q1,T09,C2024Q1T09,4,V-SA,SA1,76,64,5647.4,0.0
2023-11,C2024Q1,T09,C2024Q1T09,4,V-SA,VIC1,119,73,30550.64,0.0
2023-11,C2024Q1,T09,C2024Q1T09,4,VIC1-NSW1,NSW1,153,108,3931.2,0.0
2023-11,C2024Q1,T09,C2024Q1T09,4,VIC1-NSW1,VIC1,254,130,22011.0,0.0
2023-11,C2024Q2,T08,C2024Q2T08,4,NSW1-QLD1,NSW1,69,69,7536.0,0.0
2023-11,C2024Q2,T08,C2024Q2T08,4,NSW1-QLD1,QLD1,184,100,26208.0,0.0
2023-11,C2024Q2,T08,C2024Q2T08,4,V-SA,SA1,121,64,5008.0,0.0
2023-11,C2024Q2,T08,C2024Q2T08,4,V-SA,VIC1,140,73,13080.6,0.0
2023-11,C2024Q2,T08,C2024Q2T08,4,VIC1-NSW1,NSW1,166,108,2184.0,0.0
2023-11,C2024Q2,T08,C2024Q2T08,4,VIC1-NSW1,VIC1,212,125,21000.08,0.0
2023-11,C2024Q3,T07,C2024Q3T07,4,NSW1-QLD1,NSW1,63,63,7592.0,0.0
2023-11,C2024Q3,T07,C2024Q3T07,4,NSW1-QLD1,QLD1,173,100,23990.34,0.0
2023-11,C2024Q3,T07,C2024Q3T07,4,V-SA,SA1,110,64,5500.24,0.0
2023-11,C2024Q3,T07,C2024Q3T07,4,V-SA,VIC1,150,73,13650.0,0.0
2023-11,C2024Q3,T07,C2024Q3T07,4,VIC1-NSW1,NSW1,141,108,2208.0,0.0
2023-11,C2024Q3,T07,C2024Q3T07,4,VIC1-NSW1,VIC1,212,125,22000.08,0.0
2023-11,C2024Q4,T06,C2024Q4T06,4,NSW1-QLD1,NSW1,63,45,9936.0,0.0
2023-11,C2024Q4,T06,C2024Q4T06,4,NSW1-QLD1,QLD1,176,103,14278.0,0.0
2023-11,C2024Q4,T06,C2024Q4T06,4,V-SA,SA1,111,64,5500.24,0.0
2023-11,C2024Q4,T06,C2024Q4T06,4,V-SA,VIC1,108,73,13000.17,0.0
2023-11,C2024Q4,T06,C2024Q4T06,4,VIC1-NSW1,NSW1,148,108,993.6,0.0
2023-11,C2024Q4,T06,C2024Q4T06,4,VIC1-NSW1,VIC1,290,125,17000.0,0.0
2023-11,C2025Q1,T05,C2025Q1T05,4,NSW1-QLD1,NSW1,65,45,13395.11,0.0
2023-11,C2025Q1,T05,C2025Q1T05,4,NSW1-QLD1,QLD1,175,100,16300.34,0.0
2023-11,C2025Q1,T05,C2025Q1T05,4,V-SA,SA1,64,64,5400.0,0.0
2023-11,C2025Q1,T05,C2025Q1T05,4,V-SA,VIC1,76,73,26005.85,0.0
2023-11,C2025Q1,T05,C2025Q1T05,4,VIC1-NSW1,NSW1,133,108,3506.0,0.0
2023-11,C2025Q1,T05,C2025Q1T05,4,VIC1-NSW1,VIC1,200,125,20010.0,0.0
2023-11,C2025Q2,T04,C2025Q2T04,4,NSW1-QLD1,NSW1,45,45,7807.8,0.0
2023-11,C2025Q2,T04,C2025Q2T04,4,NSW1-QLD1,QLD1,100,100,26208.0,0.0
2023-11,C2025Q2,T04,C2025Q2T04,4,V-SA,SA1,75,64,4368.0,0.0
2023-11,C2025Q2,T04,C2025Q2T04,4,V-SA,VIC1,132,73,13942.5,0.0
2023-11,C2025Q2,T04,C2025Q2T04,4,VIC1-NSW1,NSW1,146,108,1310.4,0.0
2023-11,C2025Q2,T04,C2025Q2T04,4,VIC1-NSW1,VIC1,180,125,20374.75,0.0
2023-11,C2025Q3,T03,C2025Q3T03,4,NSW1-QLD1,NSW1,45,45,8030.0,0.0
2023-11,C2025Q3,T03,C2025Q3T03,4,NSW1-QLD1,QLD1,105,100,24448.34,0.0
2023-11,C2025Q3,T03,C2025Q3T03,4,V-SA,SA1,88,64,4505.0,0.0
2023-11,C2025Q3,T03,C2025Q3T03,4,V-SA,VIC1,111,73,13800.8,0.0
2023-11,C2025Q3,T03,C2025Q3T03,4,VIC1-NSW1,NSW1,164,108,1324.8,0.0
2023-11,C2025Q3,T03,C2025Q3T03,4,VIC1-NSW1,VIC1,190,125,19106.09,0.0
2023-11,C2025Q4,T02,C2025Q4T02,4,NSW1-QLD1,NSW1,45,45,8832.0,0.0
2023-11,C2025Q4,T02,C2025Q4T02,4,NSW1-QLD1,QLD1,114,100,14230.56,0.0
2023-11,C2025Q4,T02,C2025Q4T02,4,V-SA,SA1,77,64,4246.14,0.0
2023-11,C2025Q4,T02,C2025Q4T02,4,V-SA,VIC1,89,73,13248.0,0.0
2023-11,C2025Q4,T02,C2025Q4T02,4,VIC1-NSW1,NSW1,108,108,993.6,0.0
2023-11,C2025Q4,T02,C2025Q4T02,4,VIC1-NSW1,VIC1,160,125,17001.59,0.0
2023-11,C2026Q1,T01,C2026Q1T01,4,NSW1-QLD1,NSW1,45,45,14040.0,0.0
2023-11,C2026Q1,T01,C2026Q1T01,4,NSW1-QLD1,QLD1,100,100,17000.34,0.0
2023-11,C2023Q2,T12,C2023Q2T12,2,NSW1-QLD1,NSW1,89,88,7000.4,0.0
2023-11,C2023Q2,T12,C2023Q2T12,2,NSW1-QLD1,QLD1,256,100,15000.34,0.0
2023-11,C2023Q2,T12,C2023Q2T12,2,V-SA,SA1,143,66,4770.85,0.0
2023-11,C2023Q2,T12,C2023Q2T12,2,V-SA,VIC1,186,77,13650.0,0.0
2023-11,C2023Q2,T12,C2023Q2T12,2,VIC1-NSW1,NSW1,234,123,2926.13,0.0
2023-11,C2023Q2,T12,C2023Q2T12,2,VIC1-NSW1,VIC1,327,145,22004.0,0.0
2023-11,C2023Q3,T11,C2023Q3T11,2,NSW1-QLD1,NSW1,78,78,7152.37,0.0
2023-11,C2023Q3,T11,C2023Q3T11,2,NSW1-QLD1,QLD1,233,106,20840.34,0.0
2023-11,C2023Q3,T11,C2023Q3T11,2,V-SA,SA1,151,64,6514.0,0.0
2023-11,C2023Q3,T11,C2023Q3T11,2,V-SA,VIC1,185,73,12970.1,0.0
2023-11,C2023Q3,T11,C2023Q3T11,2,VIC1-NSW1,NSW1,202,117,3409.09,0.0
2023-11,C2023Q3,T11,C2023Q3T11,2,VIC1-NSW1,VIC1,277,135,22010.0,0.0
2023-11,C2023Q4,T10,C2023Q4T10,2,NSW1-QLD1,NSW1,73,54,11223.0,0.0
2023-11,C2023Q4,T10,C2023Q4T10,2,NSW1-QLD1,QLD1,205,107,13328.55,0.0
2023-11,C2023Q4,T10,C2023Q4T10,2,V-SA,SA1,156,64,5982.4,0.0
2023-11,C2023Q4,T10,C2023Q4T10,2,V-SA,VIC1,170,73,12868.45,0.0
2023-11,C2023Q4,T10,C2023Q4T10,2,VIC1-NSW1,NSW1,172,108,1262.98,0.0
2023-11,C2023Q4,T10,C2023Q4T10,2,VIC1-NSW1,VIC1,270,135,22011.0,0.0
2023-11,C2024Q1,T09,C2024Q1T09,2,NSW1-QLD1,NSW1,103,76,13620.0,0.0
2023-11,C2024Q1,T09,C2024Q1T09,2,NSW1-QLD1,QLD1,191,100,15500.0,0.0
2023-11,C2024Q1,T09,C2024Q1T09,2,V-SA,SA1,76,64,5647.4,0.0
2023-11,C2024Q1,T09,C2024Q1T09,2,V-SA,VIC1,119,73,30550.64,0.0
2023-11,C2024Q1,T09,C2024Q1T09,2,VIC1-NSW1,NSW1,153,108,3931.2,0.0
2023-11,C2024Q1,T09,C2024Q1T09,2,VIC1-NSW1,VIC1,254,130,22011.0,0.0
2023-11,C2024Q2,T08,C2024Q2T08,2,NSW1-QLD1,NSW1,69,69,7536.0,0.0
2023-11,C2024Q2,T08,C2024Q2T08,2,NSW1-QLD1,QLD1,184,100,26208.0,0.0
2023-11,C2024Q2,T08,C2024Q2T08,2,V-SA,SA1,121,64,5008.0,0.0
2023-11,C2024Q2,T08,C2024Q2T08,2,V-SA,VIC1,140,73,13080.6,0.0
2023-11,C2024Q2,T08,C2024Q2T08,2,VIC1-NSW1,NSW1,166,108,2184.0,0.0
2023-11,C2024Q2,T08,C2024Q2T08,2,VIC1-NSW1,VIC1,212,125,21000.08,0.0
2023-11,C2024Q3,T07,C2024Q3T07,2,NSW1-QLD1,NSW1,63,63,7592.0,0.0
2023-11,C2024Q3,T07,C2024Q3T07,2,NSW1-QLD1,QLD1,173,100,23990.34,0.0
2023-11,C2024Q3,T07,C2024Q3T07,2,V-SA,SA1,110,64,5500.24,0.0
2023-11,C2024Q3,T07,C2024Q3T07,2,V-SA,VIC1,150,73,13650.0,0.0
2023-11,C2024Q3,T07,C2024Q3T07,2,VIC1-NSW1,NSW1,141,108,2208.0,0.0
2023-11,C2024Q3,T07,C2024Q3T07,2,VIC1-NSW1,VIC1,212,125,22000.08,0.0
2023-11,C2024Q4,T06,C2024Q4T06,2,NSW1-QLD1,NSW1,63,45,9936.0,0.0
2023-11,C2024Q4,T06,C2024Q4T06,2,NSW1-QLD1,QLD1,176,103,14278.0,0.0
2023-11,C2024Q4,T06,C2024Q4T06,2,V-SA,SA1,111,64,5500.24,0.0
2023-11,C2024Q4,T06,C2024Q4T06,2,V-SA,VIC1,108,73,13000.17,0.0
2023-11,C2024Q4,T06,C2024Q4T06,2,VIC1-NSW1,NSW1,148,108,993.6,0.0
2023-11,C2024Q4,T06,C2024Q4T06,2,VIC1-NSW1,VIC1,290,125,17000.0,0.0
2023-11,C2025Q1,T05,C2025Q1T05,2,NSW1-QLD1,NSW1,65,45,13395.11,0.0
2023-11,C2025Q1,T05,C2025Q1T05,2,NSW1-QLD1,QLD1,175,100,16300.34,0.0
2023-11,C2025Q1,T05,C2025Q1T05,2,V-SA,SA1,64,64,5400.0,0.0
2023-11,C2025Q1,T05,C2025Q1T05,2,V-SA,VIC1,76,73,26005.85,0.0
2023-11,C2025Q1,T05,C2025Q1T05,2,VIC1-NSW1,NSW1,133,108,3506.0,0.0
2023-11,C2025Q1,T05,C2025Q1T05,2,VIC1-NSW1,VIC1,200,125,20010.0,0.0
2023-11,C2025Q2,T04,C2025Q2T04,2,NSW1-QLD1,NSW1,45,45,7807.8,0.0
2023-11,C2025Q2,T04,C2025Q2T04,2,NSW1-QLD1,QLD1,100,100,26208.0,0.0
2023-11,C2025Q2,T04,C2025Q2T04,2,V-SA,SA1,75,64,4368.0,0.0
2023-11,C2025Q2,T04,C2025Q2T04,2,V-SA,VIC1,132,73,13942.5,0.0
2023-11,C2025Q2,T04,C2025Q2T04,2,VIC1-NSW1,NSW1,146,108,1310.4,0.0
2023-11,C2025Q2,T04,C2025Q2T04,2,VIC1-NSW1,VIC1,180,125,20374.75,0.0
2023-11,C2025Q3,T03,C2025Q3T03,2,NSW1-QLD1,NSW1,45,45,8030.0,0.0
2023-11,C2025Q3,T03,C2025Q3T03,2,NSW1-QLD1,QLD1,105,100,24448.34,0.0
2023-11,C2025Q3,T03,C2025Q3T03,2,V-SA,SA1,88,64,4505.0,0.0
2023-11,C2025Q3,T03,C2025Q3T03,2,V-SA,VIC1,111,73,13800.8,0.0
2023-11,C2025Q3,T03,C2025Q3T03,2,VIC1-NSW1,NSW1,164,108,1324.8,0.0
2023-11,C2025Q3,T03,C2025Q3T03,2,VIC1-NSW1,VIC1,190,125,19106.09,0.0
2023-11,C2025Q4,T02,C2025Q4T02,2,NSW1-QLD1,NSW1,45,45,8832.0,0.0
2023-11,C2025Q4,T02,C2025Q4T02,2,NSW1-QLD1,QLD1,114,100,14230.56,0.0
2023-11,C2025Q4,T02,C2025Q4T02,2,V-SA,SA1,77,64,4246.14,0.0
2023-11,C2025Q4,T02,C2025Q4T02,2,V-SA,VIC1,89,73,13248.0,0.0
2023-11,C2025Q4,T02,C2025Q4T02,2,VIC1-NSW1,NSW1,108,108,993.6,0.0
2023-11,C2025Q4,T02,C2025Q4T02,2,VIC1-NSW1,VIC1,160,125,17001.59,0.0
2023-11,C2026Q1,T01,C2026Q1T01,2,NSW1-QLD1,NSW1,45,45,14040.0,0.0
2023-11,C2026Q1,T01,C2026Q1T01,2,NSW1-QLD1,QLD1,100,100,17000.34,0.0
2023-11,C2026Q1,T01,C2026Q1T01,2,V-SA,SA1,64,64,5009.0,0.0
2023-11,C2026Q1,T01,C2026Q1T01,2,V-SA,VIC1,73,73,25920.0,0.0
2023-11,C2026Q1,T01,C2026Q1T01,2,VIC1-NSW1,NSW1,108,108,3510.0,0.0
2023-11,C2026Q1,T01,C2026Q1T01,2,VIC1-NSW1,VIC1,125,125,22226.4,0.0
2023-11,C2023Q4,T12,C2023Q4T12,2,NSW1-QLD1,NSW1,76,58,13359.15,0.0
2023-11,C2023Q4,T12,C2023Q4T12,2,NSW1-QLD1,QLD1,238,100,12123.0,0.0
2023-11,C2023Q4,T12,C2023Q4T12,2,V-SA,SA1,201,66,5175.0,0.0
2023-11,C2023Q4,T12,C2023Q4T12,2,V-SA,VIC1,149,77,14400.08,0.0
2023-11,C2023Q4,T12,C2023Q4T12,2,VIC1-NSW1,NSW1,158,125,1278.08,0.0
2023-11,C2023Q4,T12,C2023Q4T12,2,VIC1-NSW1,VIC1,379,129,22040.98,0.0
2023-11,C2024Q1,T11,C2024Q1T11,2,NSW1-QLD1,NSW1,74,60,24005.0,0.0
2023-11,C2024Q1,T11,C2024Q1T11,2,NSW1-QLD1,QLD1,206,100,18880.0,0.0
2023-11,C2024Q1,T11,C2024Q1T11,2,V-SA,SA1,78,66,6500.0,0.0
2023-11,C2024Q1,T11,C2024Q1T11,2,V-SA,VIC1,142,73,32100.0,0.0
2023-11,C2024Q1,T11,C2024Q1T11,2,VIC1-NSW1,NSW1,171,108,4806.0,0.0
2023-11,C2024Q1,T11,C2024Q1T11,2,VIC1-NSW1,VIC1,283,141,27000.0,0.0
2023-11,C2024Q2,T10,C2024Q2T10,2,NSW1-QLD1,NSW1,60,51,6676.0,0.0
2023-11,C2024Q2,T10,C2024Q2T10,2,NSW1-QLD1,QLD1,213,100,25250.0,0.0
2023-11,C2024Q2,T10,C2024Q2T10,2,V-SA,SA1,123,64,4567.89,0.0
2023-11,C2024Q2,T10,C2024Q2T10,2,V-SA,VIC1,140,73,15936.04,0.0
2023-11,C2024Q2,T10,C2024Q2T10,2,VIC1-NSW1,NSW1,183,108,2305.0,0.0
2023-11,C2024Q2,T10,C2024Q2T10,2,VIC1-NSW1,VIC1,279,125,24002.0,0.0
2023-11,C2024Q3,T09,C2024Q3T09,2,NSW1-QLD1,NSW1,57,49,5520.0,0.0
2023-11,C2024Q3,T09,C2024Q3T09,2,NSW1-QLD1,QLD1,228,100,28650.2,0.0
2023-11,C2024Q3,T09,C2024Q3T09,2,V-SA,SA1,131,64,5103.0,0.0
2023-11,C2024Q3,T09,C2024Q3T09,2,V-SA,VIC1,140,73,17280.04,0.0
2023-11,C2024Q3,T09,C2024Q3T09,2,VIC1-NSW1,NSW1,153,108,2000.23,0.0
2023-11,C2024Q3,T09,C2024Q3T09,2,VIC1-NSW1,VIC1,322,125,26400.0,0.0
2023-11,C2024Q4,T08,C2024Q4T08,2,NSW1-QLD1,NSW1,57,45,10294.08,0.0
2023-11,C2024Q4,T08,C2024Q4T08,2,NSW1-QLD1,QLD1,246,100,14250.0,0.0
2023-11,C2024Q4,T08,C2024Q4T08,2,V-SA,SA1,141,64,5225.0,0.0
2023-11,C2024Q4,T08,C2024Q4T08,2,V-SA,VIC1,92,73,16050.08,0.0
2023-11,C2024Q4,T08,C2024Q4T08,2,VIC1-NSW1,NSW1,120,108,1216.0,0.0
2023-11,C2024Q4,T08,C2024Q4T08,2,VIC1-NSW1,VIC1,349,165,20350.75,0.0
2023-11,C2025Q1,T07,C2025Q1T07,2,NSW1-QLD1,NSW1,47,47,17350.0,0.0
2023-11,C2025Q1,T07,C2025Q1T07,2,NSW1-QLD1,QLD1,207,102,18500.55,0.0
2023-11,C2025Q1,T07,C2025Q1T07,2,V-SA,SA1,76,64,6308.0,0.0
2023-11,C2025Q1,T07,C2025Q1T07,2,V-SA,VIC1,103,73,26506.0,0.0
2023-11,C2025Q1,T07,C2025Q1T07,2,VIC1-NSW1,NSW1,140,108,3969.0,0.0
2023-11,C2025Q1,T07,C2025Q1T07,2,VIC1-NSW1,VIC1,271,127,23237.28,0.0
2023-11,C2025Q2,T06,C2025Q2T06,2,NSW1-QLD1,NSW1,45,45,5460.0,0.0
2023-11,C2025Q2,T06,C2025Q2T06,2,NSW1-QLD1,QLD1,142,100,29123.0,0.0
2023-11,C2025Q2,T06,C2025Q2T06,2,V-SA,SA1,87,66,4333.0,0.0
2023-11,C2025Q2,T06,C2025Q2T06,2,V-SA,VIC1,98,73,16537.0,0.0
2023-11,C2025Q2,T06,C2025Q2T06,2,VIC1-NSW1,NSW1,177,111,1350.55,0.0
2023-11,C2025Q2,T06,C2025Q2T06,2,VIC1-NSW1,VIC1,249,125,23003.0,0.0
2023-11,C2025Q3,T05,C2025Q3T05,2,NSW1-QLD1,NSW1,45,45,6005.76,0.0
2023-11,C2025Q3,T05,C2025Q3T05,2,NSW1-QLD1,QLD1,145,100,30794.24,0.0
2023-11,C2025Q3,T05,C2025Q3T05,2,V-SA,SA1,116,64,4408.0,0.0
2023-11,C2025Q3,T05,C2025Q3T05,2,V-SA,VIC1,98,73,15047.13,0.0
2023-11,C2025Q3,T05,C2025Q3T05,2,VIC1-NSW1,NSW1,191,109,1349.99,0.0
2023-11,C2025Q3,T05,C2025Q3T05,2,VIC1-NSW1,VIC1,220,125,22660.54,0.0
2023-11,C2025Q4,T04,C2025Q4T04,2,NSW1-QLD1,NSW1,45,45,8923.0,0.0
2023-11,C2025Q4,T04,C2025Q4T04,2,NSW1-QLD1,QLD1,130,105,15125.21,0.0
2023-11,C2025Q4,T04,C2025Q4T04,2,V-SA,SA1,116,64,4325.89,0.0
2023-11,C2025Q4,T04,C2025Q4T04,2,V-SA,VIC1,88,73,12994.08,0.0
2023-11,C2025Q4,T04,C2025Q4T04,2,VIC1-NSW1,NSW1,108,108,882.0,0.0
2023-11,C2025Q4,T04,C2025Q4T04,2,VIC1-NSW1,VIC1,218,127,17150.0,0.0
2023-11,C2026Q1,T03,C2026Q1T03,2,NSW1-QLD1,NSW1,45,45,16953.3,0.0
2023-11,C2026Q1,T03,C2026Q1T03,2,NSW1-QLD1,QLD1,125,100,20190.0,0.0
2023-11,C2026Q1,T03,C2026Q1T03,2,V-SA,SA1,82,64,4500.89,0.0
2023-11,C2026Q1,T01,C2026Q1T01,4,V-SA,SA1,64,64,5009.0,0.0
2023-11,C2026Q1,T01,C2026Q1T01,4,V-SA,VIC1,73,73,25920.0,0.0
2023-11,C2026Q1,T01,C2026Q1T01,4,VIC1-NSW1,NSW1,108,108,3510.0,0.0
2023-11,C2026Q1,T01,C2026Q1T01,4,VIC1-NSW1,VIC1,125,125,22226.4,0.0
2023-11,C2022Q1,T12,C2022Q1T12,21,NSW1-QLD1,NSW1,94,60,12123.0,0.0
2023-11,C2022Q1,T12,C2022Q1T12,21,NSW1-QLD1,QLD1,329,106,10987.65,0.0
2023-11,C2022Q1,T12,C2022Q1T12,21,V-SA,SA1,111,84,6593.0,0.0
2023-11,C2022Q1,T12,C2022Q1T12,21,V-SA,VIC1,112,77,12500.0,0.0
2023-11,C2022Q1,T12,C2022Q1T12,21,VIC1-NSW1,NSW1,186,137,4320.0,0.0
2023-11,C2022Q1,T12,C2022Q1T12,21,VIC1-NSW1,VIC1,349,125,19422.49,0.0
2023-11,C2022Q2,T11,C2022Q2T11,21,NSW1-QLD1,NSW1,83,55,3906.0,0.0
2023-11,C2022Q2,T11,C2022Q2T11,21,NSW1-QLD1,QLD1,251,100,9350.0,0.0
2023-11,C2022Q2,T11,C2022Q2T11,21,V-SA,SA1,114,66,5192.0,0.0
2023-11,C2022Q2,T11,C2022Q2T11,21,V-SA,VIC1,133,73,7050.0,0.0
2023-11,C2022Q2,T11,C2022Q2T11,21,VIC1-NSW1,NSW1,317,151,1240.0,0.0
2023-11,C2022Q2,T11,C2022Q2T11,21,VIC1-NSW1,VIC1,223,145,15000.0,0.0
2023-11,C2022Q3,T10,C2022Q3T10,21,NSW1-QLD1,NSW1,83,55,2993.94,0.0
2023-11,C2022Q3,T10,C2022Q3T10,21,NSW1-QLD1,QLD1,278,114,12750.0,0.0
2023-11,C2022Q3,T10,C2022Q3T10,21,V-SA,SA1,136,79,5655.55,0.0
2023-11,C2022Q3,T10,C2022Q3T10,21,V-SA,VIC1,133,73,7533.33,0.0
2023-11,C2022Q3,T10,C2022Q3T10,21,VIC1-NSW1,NSW1,265,126,1385.2,0.0
2023-11,C2022Q3,T10,C2022Q3T10,21,VIC1-NSW1,VIC1,263,131,13000.0,0.0
2023-11,C2022Q4,T09,C2022Q4T09,21,NSW1-QLD1,NSW1,73,45,6000.0,0.0
2023-11,C2022Q4,T09,C2022Q4T09,21,NSW1-QLD1,QLD1,285,100,9445.0,0.0
2023-11,C2022Q4,T09,C2022Q4T09,21,V-SA,SA1,108,64,6132.43,0.0
2023-11,C2022Q4,T09,C2022Q4T09,21,V-SA,VIC1,153,73,7940.85,0.0
2023-11,C2022Q4,T09,C2022Q4T09,21,VIC1-NSW1,NSW1,174,108,1200.0,0.0
2023-11,C2022Q4,T09,C2022Q4T09,21,VIC1-NSW1,VIC1,261,128,19024.49,0.0
2023-11,C2023Q1,T08,C2023Q1T08,21,NSW1-QLD1,NSW1,73,45,7800.94,0.0
2023-11,C2023Q1,T08,C2023Q1T08,21,NSW1-QLD1,QLD1,271,105,15164.59,0.0
2023-11,C2023Q1,T08,C2023Q1T08,21,V-SA,SA1,87,77,6603.0,0.0
2023-11,C2023Q1,T08,C2023Q1T08,21,V-SA,VIC1,104,73,13365.0,0.0
2023-11,C2023Q1,T08,C2023Q1T08,21,VIC1-NSW1,NSW1,153,110,4551.0,0.0
2023-11,C2023Q1,T08,C2023Q1T08,21,VIC1-NSW1,VIC1,165,125,21175.95,0.0
2023-11,C2023Q2,T07,C2023Q2T07,21,NSW1-QLD1,NSW1,71,45,2410.0,0.0
2023-11,C2023Q2,T07,C2023Q2T07,21,NSW1-QLD1,QLD1,220,100,17015.0,0.0
2023-11,C2023Q2,T07,C2023Q2T07,21,V-SA,SA1,129,86,4403.0,0.0
2023-11,C2023Q2,T07,C2023Q2T07,21,V-SA,VIC1,113,73,6606.6,0.0
2023-11,C2023Q2,T07,C2023Q2T07,21,VIC1-NSW1,NSW1,188,108,1104.4,0.0
2023-11,C2023Q2,T07,C2023Q2T07,21,VIC1-NSW1,VIC1,223,125,15820.49,0.0
2023-11,C2023Q3,T06,C2023Q3T06,21,NSW1-QLD1,NSW1,75,45,2400.0,0.0
2023-11,C2023Q3,T06,C2023Q3T06,21,NSW1-QLD1,QLD1,170,100,18260.0,0.0
2023-11,C2023Q3,T06,C2023Q3T06,21,V-SA,SA1,118,72,5000.0,0.0
2023-11,C2023Q3,T06,C2023Q3T06,21,V-SA,VIC1,103,73,7500.0,0.0
2023-11,C2023Q3,T06,C2023Q3T06,21,VIC1-NSW1,NSW1,175,108,1106.0,0.0
2023-11,C2023Q3,T06,C2023Q3T06,21,VIC1-NSW1,VIC1,203,125,15590.49,0.0
2023-11,C2023Q4,T05,C2023Q4T05,21,NSW1-QLD1,NSW1,65,45,5349.55,0.0
2023-11,C2023Q4,T05,C2023Q4T05,21,NSW1-QLD1,QLD1,194,100,12500.0,0.0
2023-11,C2023Q4,T05,C2023Q4T05,21,V-SA,SA1,111,64,5500.0,0.0
2023-11,C2023Q4,T05,C2023Q4T05,21,V-SA,VIC1,88,73,8500.79,0.0
2023-11,C2023Q4,T05,C2023Q4T05,21,VIC1-NSW1,NSW1,158,108,1277.0,0.0
2023-11,C2023Q4,T05,C2023Q4T05,21,VIC1-NSW1,VIC1,195,125,18232.5,0.0
2023-11,C2024Q1,T04,C2024Q1T04,21,NSW1-QLD1,NSW1,45,45,7162.96,0.0
2023-11,C2024Q1,T04,C2024Q1T04,21,NSW1-QLD1,QLD1,134,101,20748.0,0.0
2023-11,C2024Q1,T04,C2024Q1T04,21,V-SA,SA1,64,64,6893.3,0.0
2023-11,C2024Q1,T04,C2024Q1T04,21,V-SA,VIC1,90,73,15000.0,0.0
2023-11,C2024Q1,T04,C2024Q1T04,21,VIC1-NSW1,NSW1,124,115,4370.2,0.0
2023-11,C2024Q1,T04,C2024Q1T04,21,VIC1-NSW1,VIC1,145,125,22368.05,0.0
2023-11,C2024Q2,T03,C2024Q2T03,21,NSW1-QLD1,NSW1,45,45,2579.0,0.0
2023-11,C2024Q2,T03,C2024Q2T03,21,NSW1-QLD1,QLD1,100,100,20748.0,0.0
2023-11,C2024Q2,T03,C2024Q2T03,21,V-SA,SA1,79,70,4462.18,0.0
2023-11,C2024Q2,T03,C2024Q2T03,21,V-SA,VIC1,73,73,7500.0,0.0
2023-11,C2024Q2,T03,C2024Q2T03,21,VIC1-NSW1,NSW1,138,108,1048.0,0.0
2023-11,C2024Q2,T03,C2024Q2T03,21,VIC1-NSW1,VIC1,125,125,14742.0,0.0
2023-11,C2024Q3,T02,C2024Q3T02,21,NSW1-QLD1,NSW1,45,45,2400.0,0.0
2023-11,C2024Q3,T02,C2024Q3T02,21,NSW1-QLD1,QLD1,100,100,19126.0,0.0
2023-11,C2024Q3,T02,C2024Q3T02,21,V-SA,SA1,78,75,5352.18,0.0
2023-11,C2024Q3,T02,C2024Q3T02,21,V-SA,VIC1,73,73,7500.0,0.0
2023-11,C2024Q3,T02,C2024Q3T02,21,VIC1-NSW1,NSW1,108,108,1058.0,0.0
2023-11,C2024Q3,T02,C2024Q3T02,21,VIC1-NSW1,VIC1,125,125,15002.0,0.0
2023-11,C2024Q4,T01,C2024Q4T01,21,NSW1-QLD1,NSW1,45,45,5006.08,0.0
2023-11,C2024Q4,T01,C2024Q4T01,21,NSW1-QLD1,QLD1,100,100,12909.44,0.0
2023-11,C2024Q4,T01,C2024Q4T01,21,V-SA,SA1,64,64,5561.0,0.0
2023-11,C2024Q4,T01,C2024Q4T01,21,V-SA,VIC1,73,73,8675.28,0.0
2023-11,C2024Q4,T01,C2024Q4T01,21,VIC1-NSW1,NSW1,108,108,1287.0,0.0
2023-11,C2024Q4,T01,C2024Q4T01,21,VIC1-NSW1,VIC1,125,125,17050.0,0.0
2023-11,C2022Q2,T12,C2022Q2T12,21,NSW1-QLD1,NSW1,127,100,4537.55,0.0
2023-11,C2022Q2,T12,C2022Q2T12,21,NSW1-QLD1,QLD1,207,100,7637.0,0.0
2023-11,C2022Q2,T12,C2022Q2T12,21,V-SA,SA1,106,66,4487.0,0.0
2023-11,C2022Q2,T12,C2022Q2T12,21,V-SA,VIC1,133,83,13539.0,0.0
2023-11,C2022Q2,T12,C2022Q2T12,21,VIC1-NSW1,NSW1,278,112,910.0,0.0
2023-11,C2022Q2,T12,C2022Q2T12,21,VIC1-NSW1,VIC1,225,125,19978.0,0.0
2023-11,C2022Q3,T11,C2022Q3T11,21,NSW1-QLD1,NSW1,84,60,4061.82,0.0
2023-11,C2022Q3,T11,C2022Q3T11,21,NSW1-QLD1,QLD1,244,100,13330.09,0.0
2023-11,C2022Q3,T11,C2022Q3T11,21,V-SA,SA1,113,64,5500.0,0.0
2023-11,C2022Q3,T11,C2022Q3T11,21,V-SA,VIC1,128,73,10000.0,0.0
2023-11,C2022Q3,T11,C2022Q3T11,21,VIC1-NSW1,NSW1,265,108,1198.0,0.0
2023-11,C2022Q3,T11,C2022Q3T11,21,VIC1-NSW1,VIC1,250,135,19272.0,0.0
2023-11,C2022Q4,T10,C2022Q4T10,21,NSW1-QLD1,NSW1,64,45,9300.0,0.0
2023-11,C2022Q4,T10,C2022Q4T10,21,NSW1-QLD1,QLD1,275,100,10925.0,0.0
2023-11,C2022Q4,T10,C2022Q4T10,21,V-SA,SA1,100,64,6046.0,0.0
2023-11,C2022Q4,T10,C2022Q4T10,21,V-SA,VIC1,158,73,10170.83,0.0
2023-11,C2022Q4,T10,C2022Q4T10,21,VIC1-NSW1,NSW1,174,112,1380.0,0.0
2023-11,C2022Q4,T10,C2022Q4T10,21,VIC1-NSW1,VIC1,268,135,24731.84,0.0
2023-11,C2023Q1,T09,C2023Q1T09,21,NSW1-QLD1,NSW1,64,48,15202.0,0.0
2023-11,C2023Q1,T09,C2023Q1T09,21,NSW1-QLD1,QLD1,281,104,17189.17,0.0
2023-11,C2023Q1,T09,C2023Q1T09,21,V-SA,SA1,94,70,6850.0,0.0
2023-11,C2023Q1,T09,C2023Q1T09,21,V-SA,VIC1,99,73,16760.83,0.0
2023-11,C2023Q1,T09,C2023Q1T09,21,VIC1-NSW1,NSW1,171,116,4500.0,0.0
2023-11,C2023Q1,T09,C2023Q1T09,21,VIC1-NSW1,VIC1,200,135,25200.26,0.0
2023-11,C2023Q2,T08,C2023Q2T08,21,NSW1-QLD1,NSW1,61,45,4000.0,0.0
2023-11,C2023Q2,T08,C2023Q2T08,21,NSW1-QLD1,QLD1,194,100,24489.09,0.0
2023-11,C2023Q2,T08,C2023Q2T08,21,V-SA,SA1,114,70,4843.0,0.0
2023-11,C2023Q2,T08,C2023Q2T08,21,V-SA,VIC1,108,73,11000.83,0.0
2023-11,C2023Q2,T08,C2023Q2T08,21,VIC1-NSW1,NSW1,301,109,1270.06,0.0
2023-11,C2023Q2,T08,C2023Q2T08,21,VIC1-NSW1,VIC1,205,125,22960.26,0.0
2023-11,C2023Q3,T07,C2023Q3T07,21,NSW1-QLD1,NSW1,70,45,3336.0,0.0
2023-11,C2023Q3,T07,C2023Q3T07,21,NSW1-QLD1,QLD1,150,100,24416.0,0.0
2023-11,C2023Q3,T07,C2023Q3T07,21,V-SA,SA1,109,64,5297.0,0.0
2023-11,C2023Q3,T07,C2023Q3T07,21,V-SA,VIC1,108,73,10920.83,0.0
2023-11,C2023Q3,T07,C2023Q3T07,21,VIC1-NSW1,NSW1,205,108,1250.0,0.0
2023-11,C2023Q3,T07,C2023Q3T07,21,VIC1-NSW1,VIC1,220,125,22640.26,0.0
2023-11,C2023Q4,T06,C2023Q4T06,21,NSW1-QLD1,NSW1,58,45,8510.0,0.0
2023-11,C2023Q4,T06,C2023Q4T06,21,NSW1-QLD1,QLD1,164,100,17384.0,0.0
2023-11,C2023Q4,T06,C2023Q4T06,21,V-SA,SA1,109,64,6050.0,0.0
2023-11,C2023Q4,T06,C2023Q4T06,21,V-SA,VIC1,88,73,9520.83,0.0
2023-11,C2023Q4,T06,C2023Q4T06,21,VIC1-NSW1,NSW1,143,114,1404.7,0.0
2023-11,C2023Q4,T06,C2023Q4T06,21,VIC1-NSW1,VIC1,217,125,24066.9,0.0
2023-11,C2024Q1,T05,C2024Q1T05,21,NSW1-QLD1,NSW1,48,45,9907.0,0.0
2023-11,C2024Q1,T05,C2024Q1T05,21,NSW1-QLD1,QLD1,130,100,22822.8,0.0
2023-11,C2024Q1,T05,C2024Q1T05,21,V-SA,SA1,64,64,7341.0,0.0
2023-11,C2024Q1,T05,C2024Q1T05,21,V-SA,VIC1,90,73,16500.0,0.0
2023-11,C2024Q1,T05,C2024Q1T05,21,VIC1-NSW1,NSW1,117,108,4368.0,0.0
2023-11,C2024Q1,T05,C2024Q1T05,21,VIC1-NSW1,VIC1,167,125,23800.26,0.0
2023-11,C2024Q2,T04,C2024Q2T04,21,NSW1-QLD1,NSW1,48,45,3307.0,0.0
2023-11,C2024Q2,T04,C2024Q2T04,21,NSW1-QLD1,QLD1,120,100,24438.96,0.0
2023-11,C2024Q2,T04,C2024Q2T04,21,V-SA,SA1,89,64,4732.0,0.0
2023-11,C2024Q2,T04,C2024Q2T04,21,V-SA,VIC1,73,73,9093.0,0.0
2023-11,C2024Q2,T04,C2024Q2T04,21,VIC1-NSW1,NSW1,164,108,1028.0,0.0
2023-11,C2024Q2,T04,C2024Q2T04,21,VIC1-NSW1,VIC1,152,125,16800.25,0.0
2023-11,C2024Q3,T03,C2024Q3T03,21,NSW1-QLD1,NSW1,48,45,3040.0,0.0
2023-11,C2024Q3,T03,C2024Q3T03,21,NSW1-QLD1,QLD1,108,100,21520.64,0.0
2023-11,C2024Q3,T03,C2024Q3T03,21,V-SA,SA1,67,64,4995.37,0.0
2023-11,C2024Q3,T03,C2024Q3T03,21,V-SA,VIC1,74,73,8996.83,0.0
2023-11,C2024Q3,T03,C2024Q3T03,21,VIC1-NSW1,NSW1,108,108,1000.0,0.0
2023-11,C2024Q3,T03,C2024Q3T03,21,VIC1-NSW1,VIC1,135,125,16502.2,0.0
2023-11,C2024Q4,T02,C2024Q4T02,21,NSW1-QLD1,NSW1,48,45,8504.0,0.0
2023-11,C2024Q4,T02,C2024Q4T02,21,NSW1-QLD1,QLD1,100,100,16000.0,0.0
2023-11,C2024Q4,T02,C2024Q4T02,21,V-SA,SA1,64,64,5521.0,0.0
2023-11,C2024Q4,T02,C2024Q4T02,21,V-SA,VIC1,73,73,10284.0,0.0
2023-11,C2024Q4,T02,C2024Q4T02,21,VIC1-NSW1,NSW1,108,108,1457.0,0.0
2023-11,C2024Q4,T02,C2024Q4T02,21,VIC1-NSW1,VIC1,150,125,20800.25,0.0
2023-11,C2025Q1,T01,C2025Q1T01,21,NSW1-QLD1,NSW1,45,45,9506.0,0.0
2023-11,C2025Q1,T01,C2025Q1T01,21,NSW1-QLD1,QLD1,100,100,23392.8,0.0
2023-11,C2025Q1,T01,C2025Q1T01,21,V-SA,SA1,64,64,7210.0,0.0
2023-11,C2025Q1,T01,C2025Q1T01,21,V-SA,VIC1,73,73,16000.0,0.0
2023-11,C2025Q1,T01,C2025Q1T01,21,VIC1-NSW1,NSW1,108,108,4320.0,0.0
2023-11,C2025Q1,T01,C2025Q1T01,21,VIC1-NSW1,VIC1,125,125,20971.0,0.0
2023-11,C2023Q2,T12,C2023Q2T12,5,NSW1-QLD1,NSW1,89,88,7000.4,0.0
2023-11,C2023Q2,T12,C2023Q2T12,5,NSW1-QLD1,QLD1,256,100,15000.34,0.0
2023-11,C2023Q2,T12,C2023Q2T12,5,V-SA,SA1,143,66,4770.85,0.0
2023-11,C2023Q2,T12,C2023Q2T12,5,V-SA,VIC1,186,77,13650.0,0.0
2023-11,C2023Q2,T12,C2023Q2T12,5,VIC1-NSW1,NSW1,234,123,2926.13,0.0
2023-11,C2023Q2,T12,C2023Q2T12,5,VIC1-NSW1,VIC1,327,145,22004.0,0.0
2023-11,C2023Q3,T11,C2023Q3T11,5,NSW1-QLD1,NSW1,78,78,7152.37,0.0
2023-11,C2023Q3,T11,C2023Q3T11,5,NSW1-QLD1,QLD1,233,106,20840.34,0.0
2023-11,C2023Q3,T11,C2023Q3T11,5,V-SA,SA1,151,64,6514.0,0.0
2023-11,C2023Q3,T11,C2023Q3T11,5,V-SA,VIC1,185,73,12970.1,0.0
2023-11,C2023Q3,T11,C2023Q3T11,5,VIC1-NSW1,NSW1,202,117,3409.09,0.0
2023-11,C2023Q3,T11,C2023Q3T11,5,VIC1-NSW1,VIC1,277,135,22010.0,0.0
2023-11,C2023Q4,T10,C2023Q4T10,5,NSW1-QLD1,NSW1,73,54,11223.0,0.0
2023-11,C2023Q4,T10,C2023Q4T10,5,NSW1-QLD1,QLD1,205,107,13328.55,0.0
2023-11,C2023Q4,T10,C2023Q4T10,5,V-SA,SA1,156,64,5982.4,0.0
2023-11,C2023Q4,T10,C2023Q4T10,5,V-SA,VIC1,170,73,12868.45,0.0
2023-11,C2023Q4,T10,C2023Q4T10,5,VIC1-NSW1,NSW1,172,108,1262.98,0.0
2023-11,C2023Q4,T10,C2023Q4T10,5,VIC1-NSW1,VIC1,270,135,22011.0,0.0
2023-11,C2024Q1,T09,C2024Q1T09,5,NSW1-QLD1,NSW1,103,76,13620.0,0.0
2023-11,C2024Q1,T09,C2024Q1T09,5,NSW1-QLD1,QLD1,191,100,15500.0,0.0
2023-11,C2024Q1,T09,C2024Q1T09,5,V-SA,SA1,76,64,5647.4,0.0
2023-11,C2024Q1,T09,C2024Q1T09,5,V-SA,VIC1,119,73,30550.64,0.0
2023-11,C2024Q1,T09,C2024Q1T09,5,VIC1-NSW1,NSW1,153,108,3931.2,0.0
2023-11,C2024Q1,T09,C2024Q1T09,5,VIC1-NSW1,VIC1,254,130,22011.0,0.0
2023-11,C2024Q2,T08,C2024Q2T08,5,NSW1-QLD1,NSW1,69,69,7536.0,0.0
2023-11,C2024Q2,T08,C2024Q2T08,5,NSW1-QLD1,QLD1,184,100,26208.0,0.0
2023-11,C2024Q2,T08,C2024Q2T08,5,V-SA,SA1,121,64,5008.0,0.0
2023-11,C2024Q2,T08,C2024Q2T08,5,V-SA,VIC1,140,73,13080.6,0.0
2023-11,C2024Q2,T08,C2024Q2T08,5,VIC1-NSW1,NSW1,166,108,2184.0,0.0
2023-11,C2024Q2,T08,C2024Q2T08,5,VIC1-NSW1,VIC1,212,125,21000.08,0.0
2023-11,C2024Q3,T07,C2024Q3T07,5,NSW1-QLD1,NSW1,63,63,7592.0,0.0
2023-11,C2024Q3,T07,C2024Q3T07,5,NSW1-QLD1,QLD1,173,100,23990.34,0.0
2023-11,C2024Q3,T07,C2024Q3T07,5,V-SA,SA1,110,64,5500.24,0.0
2023-11,C2024Q3,T07,C2024Q3T07,5,V-SA,VIC1,150,73,13650.0,0.0
2023-11,C2024Q3,T07,C2024Q3T07,5,VIC1-NSW1,NSW1,141,108,2208.0,0.0
2023-11,C2024Q3,T07,C2024Q3T07,5,VIC1-NSW1,VIC1,212,125,22000.08,0.0
2023-11,C2024Q4,T06,C2024Q4T06,5,NSW1-QLD1,NSW1,63,45,9936.0,0.0
2023-11,C2024Q4,T06,C2024Q4T06,5,NSW1-QLD1,QLD1,176,103,14278.0,0.0
2023-11,C2024Q4,T06,C2024Q4T06,5,V-SA,SA1,111,64,5500.24,0.0
2023-11,C2024Q4,T06,C2024Q4T06,5,V-SA,VIC1,108,73,13000.17,0.0
2023-11,C2024Q4,T06,C2024Q4T06,5,VIC1-NSW1,NSW1,148,108,993.6,0.0
2023-11,C2024Q4,T06,C2024Q4T06,5,VIC1-NSW1,VIC1,290,125,17000.0,0.0
2023-11,C2025Q1,T05,C2025Q1T05,5,NSW1-QLD1,NSW1,65,45,13395.11,0.0
2023-11,C2025Q1,T05,C2025Q1T05,5,NSW1-QLD1,QLD1,175,100,16300.34,0.0
2023-11,C2025Q1,T05,C2025Q1T05,5,V-SA,SA1,64,64,5400.0,0.0
2023-11,C2025Q1,T05,C2025Q1T05,5,V-SA,VIC1,76,73,26005.85,0.0
2023-11,C2025Q1,T05,C2025Q1T05,5,VIC1-NSW1,NSW1,133,108,3506.0,0.0
2023-11,C2025Q1,T05,C2025Q1T05,5,VIC1-NSW1,VIC1,200,125,20010.0,0.0
2023-11,C2025Q2,T04,C2025Q2T04,5,NSW1-QLD1,NSW1,45,45,7807.8,0.0
2023-11,C2025Q2,T04,C2025Q2T04,5,NSW1-QLD1,QLD1,100,100,26208.0,0.0
2023-11,C2025Q2,T04,C2025Q2T04,5,V-SA,SA1,75,64,4368.0,0.0
2023-11,C2025Q2,T04,C2025Q2T04,5,V-SA,VIC1,132,73,13942.5,0.0
2023-11,C2025Q2,T04,C2025Q2T04,5,VIC1-NSW1,NSW1,146,108,1310.4,0.0
2023-11,C2025Q2,T04,C2025Q2T04,5,VIC1-NSW1,VIC1,180,125,20374.75,0.0
2023-11,C2025Q3,T03,C2025Q3T03,5,NSW1-QLD1,NSW1,45,45,8030.0,0.0
2023-11,C2025Q3,T03,C2025Q3T03,5,NSW1-QLD1,QLD1,105,100,24448.34,0.0
2023-11,C2025Q3,T03,C2025Q3T03,5,V-SA,SA1,88,64,4505.0,0.0
2023-11,C2025Q3,T03,C2025Q3T03,5,V-SA,VIC1,111,73,13800.8,0.0
2023-11,C2025Q3,T03,C2025Q3T03,5,VIC1-NSW1,NSW1,164,108,1324.8,0.0
2023-11,C2025Q3,T03,C2025Q3T03,5,VIC1-NSW1,VIC1,190,125,19106.09,0.0
2023-11,C2025Q4,T02,C2025Q4T02,5,NSW1-QLD1,NSW1,45,45,8832.0,0.0
2023-11,C2025Q4,T02,C2025Q4T02,5,NSW1-QLD1,QLD1,114,100,14230.56,0.0
2023-11,C2025Q4,T02,C2025Q4T02,5,V-SA,SA1,77,64,4246.14,0.0
2023-11,C2025Q4,T02,C2025Q4T02,5,V-SA,VIC1,89,73,13248.0,0.0
2023-11,C2025Q4,T02,C2025Q4T02,5,VIC1-NSW1,NSW1,108,108,993.6,0.0
2023-11,C2025Q4,T02,C2025Q4T02,5,VIC1-NSW1,VIC1,160,125,17001.59,0.0
2023-11,C2026Q1,T01,C2026Q1T01,5,NSW1-QLD1,NSW1,45,45,14040.0,0.0
2023-11,C2026Q1,T01,C2026Q1T01,5,NSW1-QLD1,QLD1,100,100,17000.34,0.0
2023-11,C2026Q1,T01,C2026Q1T01,5,V-SA,SA1,64,64,5009.0,0.0
2023-11,C2026Q1,T01,C2026Q1T01,5,V-SA,VIC1,73,73,25920.0,0.0
2023-11,C2026Q1,T01,C2026Q1T01,5,VIC1-NSW1,NSW1,108,108,3510.0,0.0
2023-11,C2026Q1,T01,C2026Q1T01,5,VIC1-NSW1,VIC1,125,125,22226.4,0.0
2023-11,C2023Q3,T12,C2023Q3T12,4,NSW1-QLD1,NSW1,73,61,5000.66,0.0
2023-11,C2023Q3,T12,C2023Q3T12,4,NSW1-QLD1,QLD1,237,100,16417.77,0.0
2023-11,C2023Q3,T12,C2023Q3T12,4,V-SA,SA1,154,66,7201.0,0.0
2023-11,C2023Q3,T12,C2023Q3T12,4,V-SA,VIC1,233,82,13050.04,0.0
2023-11,C2023Q3,T12,C2023Q3T12,4,VIC1-NSW1,NSW1,194,112,2760.0,0.0
2023-11,C2023Q3,T12,C2023Q3T12,4,VIC1-NSW1,VIC1,268,125,25000.0,0.0
2023-11,C2023Q4,T11,C2023Q4T11,4,NSW1-QLD1,NSW1,67,55,12723.0,0.0
2023-11,C2023Q4,T11,C2023Q4T11,4,NSW1-QLD1,QLD1,196,100,10000.2,0.0
2023-11,C2023Q4,T11,C2023Q4T11,4,V-SA,SA1,172,64,5739.64,0.0
2023-11,C2023Q4,T11,C2023Q4T11,4,V-SA,VIC1,227,78,11596.04,0.0
2023-11,C2023Q4,T11,C2023Q4T11,4,VIC1-NSW1,NSW1,160,108,1104.0,0.0
2023-11,C2023Q4,T11,C2023Q4T11,4,VIC1-NSW1,VIC1,342,125,25009.0,0.0
2023-11,C2024Q1,T10,C2024Q1T10,4,NSW1-QLD1,NSW1,72,45,20654.0,0.0
2023-11,C2024Q1,T10,C2024Q1T10,4,NSW1-QLD1,QLD1,202,103,16380.0,0.0
2023-11,C2024Q1,T10,C2024Q1T10,4,V-SA,SA1,82,64,6396.79,0.0
2023-11,C2024Q1,T10,C2024Q1T10,4,V-SA,VIC1,172,73,26846.04,0.0
2023-11,C2024Q1,T10,C2024Q1T10,4,VIC1-NSW1,NSW1,148,108,3932.49,0.0
2023-11,C2024Q1,T10,C2024Q1T10,4,VIC1-NSW1,VIC1,253,125,25019.17,0.0
2023-11,C2024Q2,T09,C2024Q2T09,4,NSW1-QLD1,NSW1,63,54,7216.66,0.0
2023-11,C2024Q2,T09,C2024Q2T09,4,NSW1-QLD1,QLD1,187,100,22654.0,0.0
2023-11,C2024Q2,T09,C2024Q2T09,4,V-SA,SA1,129,64,4888.88,0.0
2023-11,C2024Q2,T09,C2024Q2T09,4,V-SA,VIC1,180,73,13280.04,0.0
2023-11,C2024Q2,T09,C2024Q2T09,4,VIC1-NSW1,NSW1,194,110,2508.08,0.0
2023-11,C2024Q2,T09,C2024Q2T09,4,VIC1-NSW1,VIC1,263,125,22050.08,0.0
2023-11,C2024Q3,T08,C2024Q3T08,4,NSW1-QLD1,NSW1,63,54,5828.66,0.0
2023-11,C2024Q3,T08,C2024Q3T08,4,NSW1-QLD1,QLD1,187,100,26150.2,0.0
2023-11,C2024Q3,T08,C2024Q3T08,4,V-SA,SA1,137,64,5400.51,0.0
2023-11,C2024Q3,T08,C2024Q3T08,4,V-SA,VIC1,185,73,14400.04,0.0
2023-11,C2024Q3,T08,C2024Q3T08,4,VIC1-NSW1,NSW1,133,108,2100.0,0.0
2023-11,C2024Q3,T08,C2024Q3T08,4,VIC1-NSW1,VIC1,308,125,23978.88,0.0
2023-11,C2024Q4,T07,C2024Q4T07,4,NSW1-QLD1,NSW1,57,45,9936.0,0.0
2023-11,C2024Q4,T07,C2024Q4T07,4,NSW1-QLD1,QLD1,189,100,12600.2,0.0
2023-11,C2024Q4,T07,C2024Q4T07,4,V-SA,SA1,137,64,5225.22,0.0
2023-11,C2024Q4,T07,C2024Q4T07,4,V-SA,VIC1,152,73,14111.11,0.0
2023-11,C2024Q4,T07,C2024Q4T07,4,VIC1-NSW1,NSW1,126,108,1074.0,0.0
2023-11,C2024Q4,T07,C2024Q4T07,4,VIC1-NSW1,VIC1,356,125,16433.33,0.0
2023-11,C2025Q1,T06,C2025Q1T06,4,NSW1-QLD1,NSW1,47,45,14850.0,0.0
2023-11,C2025Q1,T06,C2025Q1T06,4,NSW1-QLD1,QLD1,199,102,18240.39,0.0
2023-11,C2025Q1,T06,C2025Q1T06,4,V-SA,SA1,82,64,5400.0,0.0
2023-11,C2025Q1,T06,C2025Q1T06,4,V-SA,VIC1,137,73,23760.0,0.0
2023-11,C2025Q1,T06,C2025Q1T06,4,VIC1-NSW1,NSW1,127,108,3256.0,0.0
2023-11,C2025Q1,T06,C2025Q1T06,4,VIC1-NSW1,VIC1,250,125,21124.8,0.0
2023-11,C2025Q2,T05,C2025Q2T05,4,NSW1-QLD1,NSW1,45,45,6569.73,0.0
2023-11,C2025Q2,T05,C2025Q2T05,4,NSW1-QLD1,QLD1,120,100,28392.0,0.0
2023-11,C2025Q2,T05,C2025Q2T05,4,V-SA,SA1,75,64,4333.33,0.0
2023-11,C2025Q2,T05,C2025Q2T05,4,V-SA,VIC1,138,73,12012.0,0.0
2023-11,C2025Q2,T05,C2025Q2T05,4,VIC1-NSW1,NSW1,148,108,1340.1,0.0
2023-11,C2025Q2,T05,C2025Q2T05,4,VIC1-NSW1,VIC1,225,125,20000.77,0.0
2023-11,C2025Q3,T04,C2025Q3T04,4,NSW1-QLD1,NSW1,45,45,7728.0,0.0
2023-11,C2025Q3,T04,C2025Q3T04,4,NSW1-QLD1,QLD1,125,100,28448.34,0.0
2023-11,C2025Q3,T04,C2025Q3T04,4,V-SA,SA1,94,64,4416.0,0.0
2023-11,C2025Q3,T04,C2025Q3T04,4,V-SA,VIC1,117,73,12337.0,0.0
2023-11,C2025Q3,T04,C2025Q3T04,4,VIC1-NSW1,NSW1,164,108,1300.0,0.0
2023-11,C2025Q3,T04,C2025Q3T04,4,VIC1-NSW1,VIC1,225,125,20061.39,0.0
2023-11,C2025Q4,T03,C2025Q4T03,4,NSW1-QLD1,NSW1,45,45,8832.0,0.0
2023-11,C2025Q4,T03,C2025Q4T03,4,NSW1-QLD1,QLD1,100,100,14942.08,0.0
2023-11,C2025Q4,T03,C2025Q4T03,4,V-SA,SA1,94,64,4416.0,0.0
2023-11,C2025Q4,T03,C2025Q4T03,4,V-SA,VIC1,88,73,12144.0,0.0
2023-11,C2025Q4,T03,C2025Q4T03,4,VIC1-NSW1,NSW1,108,108,883.2,0.0
2023-11,C2025Q4,T03,C2025Q4T03,4,VIC1-NSW1,VIC1,180,125,16760.77,0.0
2023-11,C2026Q1,T02,C2026Q1T02,4,NSW1-QLD1,NSW1,45,45,16146.0,0.0
2023-11,C2026Q1,T02,C2026Q1T02,4,NSW1-QLD1,QLD1,125,100,19780.0,0.0
2023-11,C2026Q1,T02,C2026Q1T02,4,V-SA,SA1,64,64,4758.55,0.0
2023-11,C2026Q1,T02,C2026Q1T02,4,V-SA,VIC1,73,73,21000.0,0.0
2023-11,C2026Q1,T02,C2026Q1T02,4,VIC1-NSW1,NSW1,108,108,3240.0,0.0
2023-11,C2026Q1,T02,C2026Q1T02,4,VIC1-NSW1,VIC1,149,125,21664.8,0.0
2023-11,C2026Q2,T01,C2026Q2T01,4,NSW1-QLD1,NSW1,45,45,7012.0,0.0
2023-11,C2026Q2,T01,C2026Q2T01,4,NSW1-QLD1,QLD1,100,100,28392.0,0.0
2023-11,C2026Q2,T01,C2026Q2T01,4,V-SA,SA1,64,64,4333.33,0.0
2023-11,C2026Q2,T01,C2026Q2T01,4,V-SA,VIC1,73,73,12500.04,0.0
2023-11,C2026Q2,T01,C2026Q2T01,4,VIC1-NSW1,NSW1,108,108,1280.1,0.0
2023-11,C2026Q2,T01,C2026Q2T01,4,VIC1-NSW1,VIC1,125,125,19695.59,0.0
2023-11,C2023Q4,T12,C2023Q4T12,4,NSW1-QLD1,NSW1,76,58,13359.15,0.0
2023-11,C2023Q4,T12,C2023Q4T12,4,NSW1-QLD1,QLD1,238,100,12123.0,0.0
2023-11,C2023Q4,T12,C2023Q4T12,4,V-SA,SA1,201,66,5175.0,0.0
2023-11,C2023Q4,T12,C2023Q4T12,4,V-SA,VIC1,149,77,14400.08,0.0
2023-11,C2023Q4,T12,C2023Q4T12,4,VIC1-NSW1,NSW1,158,125,1278.08,0.0
2023-11,C2023Q4,T12,C2023Q4T12,4,VIC1-NSW1,VIC1,379,129,22040.98,0.0
2023-11,C2024Q1,T11,C2024Q1T11,4,NSW1-QLD1,NSW1,74,60,24005.0,0.0
2023-11,C2024Q1,T11,C2024Q1T11,4,NSW1-QLD1,QLD1,206,100,18880.0,0.0
2023-11,C2024Q1,T11,C2024Q1T11,4,V-SA,SA1,78,66,6500.0,0.0
2023-11,C2024Q1,T11,C2024Q1T11,4,V-SA,VIC1,142,73,32100.0,0.0
2023-11,C2024Q1,T11,C2024Q1T11,4,VIC1-NSW1,NSW1,171,108,4806.0,0.0
2023-11,C2024Q1,T11,C2024Q1T11,4,VIC1-NSW1,VIC1,283,141,27000.0,0.0
2023-11,C2024Q2,T10,C2024Q2T10,4,NSW1-QLD1,NSW1,60,51,6676.0,0.0
2023-11,C2024Q2,T10,C2024Q2T10,4,NSW1-QLD1,QLD1,213,100,25250.0,0.0
2023-11,C2024Q2,T10,C2024Q2T10,4,V-SA,SA1,123,64,4567.89,0.0
2023-11,C2024Q2,T10,C2024Q2T10,4,V-SA,VIC1,140,73,15936.04,0.0
2023-11,C2024Q2,T10,C2024Q2T10,4,VIC1-NSW1,NSW1,183,108,2305.0,0.0
2023-11,C2024Q2,T10,C2024Q2T10,4,VIC1-NSW1,VIC1,279,125,24002.0,0.0
2023-11,C2024Q3,T09,C2024Q3T09,4,NSW1-QLD1,NSW1,57,49,5520.0,0.0
2023-11,C2024Q3,T09,C2024Q3T09,4,NSW1-QLD1,QLD1,228,100,28650.2,0.0
2023-11,C2024Q3,T09,C2024Q3T09,4,V-SA,SA1,131,64,5103.0,0.0
2023-11,C2024Q3,T09,C2024Q3T09,4,V-SA,VIC1,140,73,17280.04,0.0
2023-11,C2024Q3,T09,C2024Q3T09,4,VIC1-NSW1,NSW1,153,108,2000.23,0.0
2023-11,C2026Q1,T03,C2026Q1T03,2,V-SA,VIC1,85,73,18358.08,0.0
2023-11,C2026Q1,T03,C2026Q1T03,2,VIC1-NSW1,NSW1,128,108,3402.0,0.0
2023-11,C2026Q1,T03,C2026Q1T03,2,VIC1-NSW1,VIC1,163,125,16489.0,0.0
2023-11,C2026Q2,T02,C2026Q2T02,2,NSW1-QLD1,NSW1,45,45,5460.0,0.0
2023-11,C2026Q2,T02,C2026Q2T02,2,NSW1-QLD1,QLD1,105,100,29484.0,0.0
2023-11,C2026Q2,T02,C2026Q2T02,2,V-SA,SA1,73,64,3276.0,0.0
2023-11,C2026Q2,T02,C2026Q2T02,2,V-SA,VIC1,81,73,12500.0,0.0
2023-11,C2026Q2,T02,C2026Q2T02,2,VIC1-NSW1,NSW1,131,108,1004.0,0.0
2023-11,C2026Q2,T02,C2026Q2T02,2,VIC1-NSW1,VIC1,145,125,16960.98,0.0
2023-11,C2026Q3,T01,C2026Q3T01,2,NSW1-QLD1,NSW1,45,45,5520.0,0.0
2023-11,C2026Q3,T01,C2026Q3T01,2,NSW1-QLD1,QLD1,100,100,29605.0,0.0
2023-11,C2026Q3,T01,C2026Q3T01,2,V-SA,SA1,64,64,3312.0,0.0
2023-11,C2026Q3,T01,C2026Q3T01,2,V-SA,VIC1,73,73,12200.08,0.0
2023-11,C2026Q3,T01,C2026Q3T01,2,VIC1-NSW1,NSW1,108,108,1107.0,0.0
2023-11,C2026Q3,T01,C2026Q3T01,2,VIC1-NSW1,VIC1,125,125,16960.98,0.0
2023-11,C2021Q4,T12,C2021Q4T12,19,NSW1-QLD1,NSW1,87,55,5000.0,0.0
2023-11,C2021Q4,T12,C2021Q4T12,19,NSW1-QLD1,QLD1,275,100,8675.0,0.0
2023-11,C2021Q4,T12,C2021Q4T12,19,V-SA,SA1,90,66,5204.0,0.0
2023-11,C2021Q4,T12,C2021Q4T12,19,V-SA,VIC1,120,77,7001.0,0.0
2023-11,C2021Q4,T12,C2021Q4T12,19,VIC1-NSW1,NSW1,192,112,1004.0,0.0
2023-11,C2021Q4,T12,C2021Q4T12,19,VIC1-NSW1,VIC1,281,125,15500.0,0.0
2023-11,C2022Q1,T11,C2022Q1T11,19,NSW1-QLD1,NSW1,48,45,6584.0,0.0
2023-11,C2022Q1,T11,C2022Q1T11,19,NSW1-QLD1,QLD1,224,103,14560.59,0.0
2023-11,C2022Q1,T11,C2022Q1T11,19,V-SA,SA1,97,65,6277.7,0.0
2023-11,C2022Q1,T11,C2022Q1T11,19,V-SA,VIC1,96,74,10296.0,0.0
2023-11,C2022Q1,T11,C2022Q1T11,19,VIC1-NSW1,NSW1,226,128,4860.0,0.0
2023-11,C2022Q1,T11,C2022Q1T11,19,VIC1-NSW1,VIC1,267,144,17380.87,0.0
2023-11,C2022Q2,T10,C2022Q2T10,19,NSW1-QLD1,NSW1,45,45,2750.0,0.0
2023-11,C2022Q2,T12,C2022Q2T12,23,NSW1-QLD1,NSW1,127,100,4537.55,0.0
2023-11,C2022Q2,T12,C2022Q2T12,23,NSW1-QLD1,QLD1,207,100,7637.0,0.0
2023-11,C2022Q2,T12,C2022Q2T12,23,V-SA,SA1,106,66,4487.0,0.0
2023-11,C2022Q2,T12,C2022Q2T12,23,V-SA,VIC1,133,83,13539.0,0.0
2023-11,C2022Q2,T12,C2022Q2T12,23,VIC1-NSW1,NSW1,278,112,910.0,0.0
2023-11,C2022Q2,T12,C2022Q2T12,23,VIC1-NSW1,VIC1,225,125,19978.0,0.0
2023-11,C2022Q3,T11,C2022Q3T11,23,NSW1-QLD1,NSW1,84,60,4061.82,0.0
2023-11,C2022Q3,T11,C2022Q3T11,23,NSW1-QLD1,QLD1,244,100,13330.09,0.0
2023-11,C2022Q3,T11,C2022Q3T11,23,V-SA,SA1,113,64,5500.0,0.0
2023-11,C2022Q3,T11,C2022Q3T11,23,V-SA,VIC1,128,73,10000.0,0.0
2023-11,C2022Q3,T11,C2022Q3T11,23,VIC1-NSW1,NSW1,265,108,1198.0,0.0
2023-11,C2022Q3,T11,C2022Q3T11,23,VIC1-NSW1,VIC1,250,135,19272.0,0.0
2023-11,C2022Q4,T10,C2022Q4T10,23,NSW1-QLD1,NSW1,64,45,9300.0,0.0
2023-11,C2022Q4,T10,C2022Q4T10,23,NSW1-QLD1,QLD1,275,100,10925.0,0.0
2023-11,C2022Q4,T10,C2022Q4T10,23,V-SA,SA1,100,64,6046.0,0.0
2023-11,C2022Q4,T10,C2022Q4T10,23,V-SA,VIC1,158,73,10170.83,0.0
2023-11,C2022Q4,T10,C2022Q4T10,23,VIC1-NSW1,NSW1,174,112,1380.0,0.0
2023-11,C2022Q4,T10,C2022Q4T10,23,VIC1-NSW1,VIC1,268,135,24731.84,0.0
2023-11,C2023Q1,T09,C2023Q1T09,23,NSW1-QLD1,NSW1,64,48,15202.0,0.0
2023-11,C2023Q1,T09,C2023Q1T09,23,NSW1-QLD1,QLD1,281,104,17189.17,0.0
2023-11,C2023Q1,T09,C2023Q1T09,23,V-SA,SA1,94,70,6850.0,0.0
2023-11,C2023Q1,T09,C2023Q1T09,23,V-SA,VIC1,99,73,16760.83,0.0
2023-11,C2023Q1,T09,C2023Q1T09,23,VIC1-NSW1,NSW1,171,116,4500.0,0.0
2023-11,C2023Q1,T09,C2023Q1T09,23,VIC1-NSW1,VIC1,200,135,25200.26,0.0
2023-11,C2023Q2,T08,C2023Q2T08,23,NSW1-QLD1,NSW1,61,45,4000.0,0.0
2023-11,C2023Q2,T08,C2023Q2T08,23,NSW1-QLD1,QLD1,194,100,24489.09,0.0
2023-11,C2023Q2,T08,C2023Q2T08,23,V-SA,SA1,114,70,4843.0,0.0
2023-11,C2023Q2,T08,C2023Q2T08,23,V-SA,VIC1,108,73,11000.83,0.0
2023-11,C2023Q2,T08,C2023Q2T08,23,VIC1-NSW1,NSW1,301,109,1270.06,0.0
2023-11,C2023Q2,T08,C2023Q2T08,23,VIC1-NSW1,VIC1,205,125,22960.26,0.0
2023-11,C2023Q3,T07,C2023Q3T07,23,NSW1-QLD1,NSW1,70,45,3336.0,0.0
2023-11,C2023Q3,T07,C2023Q3T07,23,NSW1-QLD1,QLD1,150,100,24416.0,0.0
2023-11,C2023Q3,T07,C2023Q3T07,23,V-SA,SA1,109,64,5297.0,0.0
2023-11,C2023Q3,T07,C2023Q3T07,23,V-SA,VIC1,108,73,10920.83,0.0
2023-11,C2023Q3,T07,C2023Q3T07,23,VIC1-NSW1,NSW1,205,108,1250.0,0.0
2023-11,C2023Q3,T07,C2023Q3T07,23,VIC1-NSW1,VIC1,220,125,22640.26,0.0
2023-11,C2023Q4,T06,C2023Q4T06,23,NSW1-QLD1,NSW1,58,45,8510.0,0.0
2023-11,C2023Q4,T06,C2023Q4T06,23,NSW1-QLD1,QLD1,164,100,17384.0,0.0
2023-11,C2023Q4,T06,C2023Q4T06,23,V-SA,SA1,109,64,6050.0,0.0
2023-11,C2023Q4,T06,C2023Q4T06,23,V-SA,VIC1,88,73,9520.83,0.0
2023-11,C2023Q4,T06,C2023Q4T06,23,VIC1-NSW1,NSW1,143,114,1404.7,0.0
2023-11,C2023Q4,T06,C2023Q4T06,23,VIC1-NSW1,VIC1,217,125,24066.9,0.0
2023-11,C2024Q1,T05,C2024Q1T05,23,NSW1-QLD1,NSW1,48,45,9907.0,0.0
2023-11,C2024Q1,T05,C2024Q1T05,23,NSW1-QLD1,QLD1,130,100,22822.8,0.0
2023-11,C2024Q1,T05,C2024Q1T05,23,V-SA,SA1,64,64,7341.0,0.0
2023-11,C2024Q1,T05,C2024Q1T05,23,V-SA,VIC1,90,73,16500.0,0.0
2023-11,C2024Q1,T05,C2024Q1T05,23,VIC1-NSW1,NSW1,117,108,4368.0,0.0
2023-11,C2022Q2,T10,C2022Q2T10,19,NSW1-QLD1,QLD1,187,100,13750.0,0.0
2023-11,C2022Q2,T10,C2022Q2T10,19,V-SA,SA1,90,64,3841.0,0.0
2023-11,C2022Q2,T10,C2022Q2T10,19,V-SA,VIC1,167,82,5171.02,0.0
2023-11,C2022Q2,T10,C2022Q2T10,19,VIC1-NSW1,NSW1,306,108,1204.0,0.0
2023-11,C2022Q2,T10,C2022Q2T10,19,VIC1-NSW1,VIC1,161,125,13750.0,0.0
2023-11,C2022Q3,T09,C2022Q3T09,19,NSW1-QLD1,NSW1,45,45,2439.06,0.0
2023-11,C2022Q3,T09,C2022Q3T09,19,NSW1-QLD1,QLD1,192,100,15250.0,0.0
2023-11,C2022Q3,T09,C2022Q3T09,19,V-SA,SA1,112,64,4763.0,0.0
2023-11,C2022Q3,T09,C2022Q3T09,19,V-SA,VIC1,125,73,6000.0,0.0
2023-11,C2022Q3,T09,C2022Q3T09,19,VIC1-NSW1,NSW1,272,108,1204.0,0.0
2023-11,C2022Q3,T09,C2022Q3T09,19,VIC1-NSW1,VIC1,201,125,13616.76,0.0
2023-11,C2022Q4,T08,C2022Q4T08,19,NSW1-QLD1,NSW1,45,45,4007.9,0.0
2023-11,C2022Q4,T08,C2022Q4T08,19,NSW1-QLD1,QLD1,201,100,12474.59,0.0
2023-11,C2022Q4,T08,C2022Q4T08,19,V-SA,SA1,85,64,5036.0,0.0
2023-11,C2022Q4,T08,C2022Q4T08,19,V-SA,VIC1,147,73,6731.0,0.0
2023-11,C2022Q4,T08,C2022Q4T08,19,VIC1-NSW1,NSW1,174,108,1078.0,0.0
2023-11,C2022Q4,T08,C2022Q4T08,19,VIC1-NSW1,VIC1,258,125,16782.7,0.0
2023-11,C2023Q1,T07,C2023Q1T07,19,NSW1-QLD1,NSW1,45,45,6133.29,0.0
2023-11,C2023Q1,T07,C2023Q1T07,19,NSW1-QLD1,QLD1,242,110,18000.0,0.0
2023-11,C2023Q1,T07,C2023Q1T07,19,V-SA,SA1,81,64,6000.0,0.0
2023-11,C2023Q1,T07,C2023Q1T07,19,V-SA,VIC1,98,74,10165.16,0.0
2023-11,C2023Q1,T07,C2023Q1T07,19,VIC1-NSW1,NSW1,118,108,4989.6,0.0
2023-11,C2023Q1,T07,C2023Q1T07,19,VIC1-NSW1,VIC1,202,130,19250.87,0.0
2023-11,C2023Q2,T06,C2023Q2T06,19,NSW1-QLD1,NSW1,47,45,2000.0,0.0
2023-11,C2023Q2,T06,C2023Q2T06,19,NSW1-QLD1,QLD1,157,100,17909.89,0.0
2023-11,C2023Q2,T06,C2023Q2T06,19,V-SA,SA1,133,64,3548.44,0.0
2023-11,C2023Q2,T06,C2023Q2T06,19,V-SA,VIC1,106,73,5460.0,0.0
2023-11,C2023Q2,T06,C2023Q2T06,19,VIC1-NSW1,NSW1,301,108,1004.0,0.0
2023-11,C2023Q2,T06,C2023Q2T06,19,VIC1-NSW1,VIC1,192,125,15441.4,0.0
2023-11,C2023Q3,T05,C2023Q3T05,19,NSW1-QLD1,NSW1,51,45,2000.0,0.0
2023-11,C2023Q3,T05,C2023Q3T05,19,NSW1-QLD1,QLD1,126,100,19125.36,0.0
2023-11,C2023Q3,T05,C2023Q3T05,19,V-SA,SA1,114,64,4080.9,0.0
2023-11,C2023Q3,T05,C2023Q3T05,19,V-SA,VIC1,96,73,5931.0,0.0
2023-11,C2023Q3,T05,C2023Q3T05,19,VIC1-NSW1,NSW1,154,108,1104.0,0.0
2023-11,C2023Q3,T05,C2023Q3T05,19,VIC1-NSW1,VIC1,191,125,15226.64,0.0
2023-11,C2023Q4,T04,C2023Q4T04,19,NSW1-QLD1,NSW1,45,45,3343.47,0.0
2023-11,C2023Q4,T04,C2023Q4T04,19,NSW1-QLD1,QLD1,120,100,16440.0,0.0
2023-11,C2023Q4,T04,C2023Q4T04,19,V-SA,SA1,90,64,4452.0,0.0
2023-11,C2023Q4,T04,C2023Q4T04,19,V-SA,VIC1,87,73,7728.0,0.0
2023-11,C2023Q4,T04,C2023Q4T04,19,VIC1-NSW1,NSW1,138,108,1170.0,0.0
2023-11,C2023Q4,T04,C2023Q4T04,19,VIC1-NSW1,VIC1,186,125,16575.0,0.0
2023-11,C2024Q1,T03,C2024Q1T03,19,NSW1-QLD1,NSW1,45,45,5458.84,0.0
2023-11,C2024Q1,T03,C2024Q1T03,19,NSW1-QLD1,QLD1,113,100,19807.7,0.0
2023-11,C2024Q1,T03,C2024Q1T03,19,V-SA,SA1,68,64,4754.0,0.0
2023-11,C2024Q1,T03,C2024Q1T03,19,V-SA,VIC1,85,73,9761.0,0.0
2023-11,C2024Q1,T03,C2024Q1T03,19,VIC1-NSW1,NSW1,114,108,4620.43,0.0
2023-11,C2024Q1,T03,C2024Q1T03,19,VIC1-NSW1,VIC1,133,133,20334.59,0.0
2023-11,C2024Q2,T02,C2024Q2T02,19,NSW1-QLD1,NSW1,45,45,2000.0,0.0
2023-11,C2024Q2,T02,C2024Q2T02,19,NSW1-QLD1,QLD1,100,100,20407.93,0.0
2023-11,C2024Q2,T02,C2024Q2T02,19,V-SA,SA1,82,64,3186.17,0.0
2023-11,C2024Q2,T02,C2024Q2T02,19,V-SA,VIC1,73,73,5460.0,0.0
2023-11,C2024Q2,T02,C2024Q2T02,19,VIC1-NSW1,NSW1,164,108,1004.0,0.0
2023-11,C2024Q2,T02,C2024Q2T02,19,VIC1-NSW1,VIC1,126,125,14879.43,0.0
2023-11,C2024Q3,T01,C2024Q3T01,19,NSW1-QLD1,NSW1,45,45,2000.0,0.0
2023-11,C2024Q3,T01,C2024Q3T01,19,NSW1-QLD1,QLD1,100,100,19125.36,0.0
2023-11,C2024Q3,T01,C2024Q3T01,19,V-SA,SA1,64,64,3746.4,0.0
2023-11,C2024Q3,T01,C2024Q3T01,19,V-SA,VIC1,73,73,6000.0,0.0
2023-11,C2024Q3,T01,C2024Q3T01,19,VIC1-NSW1,NSW1,108,108,1046.85,0.0
2023-11,C2024Q3,T01,C2024Q3T01,19,VIC1-NSW1,VIC1,125,125,15226.64,0.0
2023-11,C2022Q1,T12,C2022Q1T12,19,NSW1-QLD1,NSW1,94,60,12123.0,0.0
2023-11,C2022Q1,T12,C2022Q1T12,19,NSW1-QLD1,QLD1,329,106,10987.65,0.0
2023-11,C2022Q1,T12,C2022Q1T12,19,V-SA,SA1,111,84,6593.0,0.0
2023-11,C2022Q1,T12,C2022Q1T12,19,V-SA,VIC1,112,77,12500.0,0.0
2023-11,C2022Q1,T12,C2022Q1T12,19,VIC1-NSW1,NSW1,186,137,4320.0,0.0
2023-11,C2022Q1,T12,C2022Q1T12,19,VIC1-NSW1,VIC1,349,125,19422.49,0.0
2023-11,C2022Q2,T11,C2022Q2T11,19,NSW1-QLD1,NSW1,83,55,3906.0,0.0
2023-11,C2022Q2,T11,C2022Q2T11,19,NSW1-QLD1,QLD1,251,100,9350.0,0.0
2023-11,C2022Q2,T11,C2022Q2T11,19,V-SA,SA1,114,66,5192.0,0.0
2023-11,C2022Q2,T11,C2022Q2T11,19,V-SA,VIC1,133,73,7050.0,0.0
2023-11,C2022Q2,T11,C2022Q2T11,19,VIC1-NSW1,NSW1,317,151,1240.0,0.0
2023-11,C2022Q2,T11,C2022Q2T11,19,VIC1-NSW1,VIC1,223,145,15000.0,0.0
2023-11,C2022Q3,T10,C2022Q3T10,19,NSW1-QLD1,NSW1,83,55,2993.94,0.0
2023-11,C2022Q3,T10,C2022Q3T10,19,NSW1-QLD1,QLD1,278,114,12750.0,0.0
2023-11,C2022Q3,T10,C2022Q3T10,19,V-SA,SA1,136,79,5655.55,0.0
2023-11,C2022Q3,T10,C2022Q3T10,19,V-SA,VIC1,133,73,7533.33,0.0
2023-11,C2022Q3,T10,C2022Q3T10,19,VIC1-NSW1,NSW1,265,126,1385.2,0.0
2023-11,C2022Q3,T10,C2022Q3T10,19,VIC1-NSW1,VIC1,263,131,13000.0,0.0
2023-11,C2022Q4,T09,C2022Q4T09,19,NSW1-QLD1,NSW1,73,45,6000.0,0.0
2023-11,C2022Q4,T09,C2022Q4T09,19,NSW1-QLD1,QLD1,285,100,9445.0,0.0
2023-11,C2022Q4,T09,C2022Q4T09,19,V-SA,SA1,108,64,6132.43,0.0
2023-11,C2022Q4,T09,C2022Q4T09,19,V-SA,VIC1,153,73,7940.85,0.0
2023-11,C2022Q4,T09,C2022Q4T09,19,VIC1-NSW1,NSW1,174,108,1200.0,0.0
2023-11,C2022Q4,T09,C2022Q4T09,19,VIC1-NSW1,VIC1,261,128,19024.49,0.0
2023-11,C2023Q1,T08,C2023Q1T08,19,NSW1-QLD1,NSW1,73,45,7800.94,0.0
2023-11,C2023Q1,T08,C2023Q1T08,19,NSW1-QLD1,QLD1,271,105,15164.59,0.0
2023-11,C2023Q1,T08,C2023Q1T08,19,V-SA,SA1,87,77,6603.0,0.0
2023-11,C2023Q1,T08,C2023Q1T08,19,V-SA,VIC1,104,73,13365.0,0.0
2023-11,C2023Q1,T08,C2023Q1T08,19,VIC1-NSW1,NSW1,153,110,4551.0,0.0
2023-11,C2023Q1,T08,C2023Q1T08,19,VIC1-NSW1,VIC1,165,125,21175.95,0.0
2023-11,C2023Q2,T07,C2023Q2T07,19,NSW1-QLD1,NSW1,71,45,2410.0,0.0
2023-11,C2023Q2,T07,C2023Q2T07,19,NSW1-QLD1,QLD1,220,100,17015.0,0.0
2023-11,C2023Q2,T07,C2023Q2T07,19,V-SA,SA1,129,86,4403.0,0.0
2023-11,C2023Q2,T07,C2023Q2T07,19,V-SA,VIC1,113,73,6606.6,0.0
2023-11,C2023Q2,T07,C2023Q2T07,19,VIC1-NSW1,NSW1,188,108,1104.4,0.0
2023-11,C2023Q2,T07,C2023Q2T07,19,VIC1-NSW1,VIC1,223,125,15820.49,0.0
2023-11,C2023Q3,T06,C2023Q3T06,19,NSW1-QLD1,NSW1,75,45,2400.0,0.0
2023-11,C2023Q3,T06,C2023Q3T06,19,NSW1-QLD1,QLD1,170,100,18260.0,0.0
2023-11,C2023Q3,T06,C2023Q3T06,19,V-SA,SA1,118,72,5000.0,0.0
2023-11,C2023Q3,T06,C2023Q3T06,19,V-SA,VIC1,103,73,7500.0,0.0
2023-11,C2023Q3,T06,C2023Q3T06,19,VIC1-NSW1,NSW1,175,108,1106.0,0.0
2023-11,C2023Q3,T06,C2023Q3T06,19,VIC1-NSW1,VIC1,203,125,15590.49,0.0
2023-11,C2023Q4,T05,C2023Q4T05,19,NSW1-QLD1,NSW1,65,45,5349.55,0.0
2023-11,C2023Q4,T05,C2023Q4T05,19,NSW1-QLD1,QLD1,194,100,12500.0,0.0
2023-11,C2023Q4,T05,C2023Q4T05,19,V-SA,SA1,111,64,5500.0,0.0
2023-11,C2023Q4,T05,C2023Q4T05,19,V-SA,VIC1,88,73,8500.79,0.0
2023-11,C2023Q4,T05,C2023Q4T05,19,VIC1-NSW1,NSW1,158,108,1277.0,0.0
2023-11,C2023Q4,T05,C2023Q4T05,19,VIC1-NSW1,VIC1,195,125,18232.5,0.0
2023-11,C2024Q1,T04,C2024Q1T04,19,NSW1-QLD1,NSW1,45,45,7162.96,0.0
2023-11,C2024Q1,T04,C2024Q1T04,19,NSW1-QLD1,QLD1,134,101,20748.0,0.0
2023-11,C2024Q1,T04,C2024Q1T04,19,V-SA,SA1,64,64,6893.3,0.0
2023-11,C2024Q1,T04,C2024Q1T04,19,V-SA,VIC1,90,73,15000.0,0.0
2023-11,C2024Q1,T04,C2024Q1T04,19,VIC1-NSW1,NSW1,124,115,4370.2,0.0
2023-11,C2024Q1,T04,C2024Q1T04,19,VIC1-NSW1,VIC1,145,125,22368.05,0.0
2023-11,C2024Q2,T03,C2024Q2T03,19,NSW1-QLD1,NSW1,45,45,2579.0,0.0
2023-11,C2024Q2,T03,C2024Q2T03,19,NSW1-QLD1,QLD1,100,100,20748.0,0.0
2023-11,C2024Q2,T03,C2024Q2T03,19,V-SA,SA1,79,70,4462.18,0.0
2023-11,C2024Q2,T03,C2024Q2T03,19,V-SA,VIC1,73,73,7500.0,0.0
2023-11,C2024Q2,T03,C2024Q2T03,19,VIC1-NSW1,NSW1,138,108,1048.0,0.0
2023-11,C2024Q2,T03,C2024Q2T03,19,VIC1-NSW1,VIC1,125,125,14742.0,0.0
2023-11,C2024Q3,T02,C2024Q3T02,19,NSW1-QLD1,NSW1,45,45,2400.0,0.0
2023-11,C2024Q3,T02,C2024Q3T02,19,NSW1-QLD1,QLD1,100,100,19126.0,0.0
2023-11,C2024Q3,T02,C2024Q3T02,19,V-SA,SA1,78,75,5352.18,0.0
2023-11,C2024Q3,T02,C2024Q3T02,19,V-SA,VIC1,73,73,7500.0,0.0
2023-11,C2024Q3,T02,C2024Q3T02,19,VIC1-NSW1,NSW1,108,108,1058.0,0.0
2023-11,C2024Q3,T02,C2024Q3T02,19,VIC1-NSW1,VIC1,125,125,15002.0,0.0
2023-11,C2024Q4,T01,C2024Q4T01,19,NSW1-QLD1,NSW1,45,45,5006.08,0.0
2023-11,C2024Q4,T01,C2024Q4T01,19,NSW1-QLD1,QLD1,100,100,12909.44,0.0
2023-11,C2024Q4,T01,C2024Q4T01,19,V-SA,SA1,64,64,5561.0,0.0
2023-11,C2024Q4,T01,C2024Q4T01,19,V-SA,VIC1,73,73,8675.28,0.0
2023-11,C2024Q4,T01,C2024Q4T01,19,VIC1-NSW1,NSW1,108,108,1287.0,0.0
2023-11,C2024Q1,T05,C2024Q1T05,23,VIC1-NSW1,VIC1,167,125,23800.26,0.0
2023-11,C2024Q2,T04,C2024Q2T04,23,NSW1-QLD1,NSW1,48,45,3307.0,0.0
2023-11,C2024Q2,T04,C2024Q2T04,23,NSW1-QLD1,QLD1,120,100,24438.96,0.0
2023-11,C2024Q2,T04,C2024Q2T04,23,V-SA,SA1,89,64,4732.0,0.0
2023-11,C2024Q2,T04,C2024Q2T04,23,V-SA,VIC1,73,73,9093.0,0.0
2023-11,C2024Q2,T04,C2024Q2T04,23,VIC1-NSW1,NSW1,164,108,1028.0,0.0
2023-11,C2024Q2,T04,C2024Q2T04,23,VIC1-NSW1,VIC1,152,125,16800.25,0.0
2023-11,C2024Q3,T03,C2024Q3T03,23,NSW1-QLD1,NSW1,48,45,3040.0,0.0
2023-11,C2024Q3,T03,C2024Q3T03,23,NSW1-QLD1,QLD1,108,100,21520.64,0.0
2023-11,C2024Q3,T03,C2024Q3T03,23,V-SA,SA1,67,64,4995.37,0.0
2023-11,C2024Q3,T03,C2024Q3T03,23,V-SA,VIC1,74,73,8996.83,0.0
2023-11,C2024Q3,T03,C2024Q3T03,23,VIC1-NSW1,NSW1,108,108,1000.0,0.0
2023-11,C2024Q3,T03,C2024Q3T03,23,VIC1-NSW1,VIC1,135,125,16502.2,0.0
2023-11,C2024Q4,T02,C2024Q4T02,23,NSW1-QLD1,NSW1,48,45,8504.0,0.0
2023-11,C2024Q4,T02,C2024Q4T02,23,NSW1-QLD1,QLD1,100,100,16000.0,0.0
2023-11,C2024Q4,T02,C2024Q4T02,23,V-SA,SA1,64,64,5521.0,0.0
2023-11,C2024Q4,T02,C2024Q4T02,23,V-SA,VIC1,73,73,10284.0,0.0
2023-11,C2024Q4,T02,C2024Q4T02,23,VIC1-NSW1,NSW1,108,108,1457.0,0.0
2023-11,C2024Q4,T02,C2024Q4T02,23,VIC1-NSW1,VIC1,150,125,20800.25,0.0
2023-11,C2025Q1,T01,C2025Q1T01,23,NSW1-QLD1,NSW1,45,45,9506.0,0.0
2023-11,C2025Q1,T01,C2025Q1T01,23,NSW1-QLD1,QLD1,100,100,23392.8,0.0
2023-11,C2025Q1,T01,C2025Q1T01,23,V-SA,SA1,64,64,7210.0,0.0
2023-11,C2025Q1,T01,C2025Q1T01,23,V-SA,VIC1,73,73,16000.0,0.0
2023-11,C2025Q1,T01,C2025Q1T01,23,VIC1-NSW1,NSW1,108,108,4320.0,0.0
2023-11,C2025Q1,T01,C2025Q1T01,23,VIC1-NSW1,VIC1,125,125,20971.0,0.0
2023-11,C2022Q3,T12,C2022Q3T12,8,NSW1-QLD1,NSW1,106,55,5040.0,0.0
2023-11,C2022Q3,T12,C2022Q3T12,8,NSW1-QLD1,QLD1,233,100,10000.0,0.0
2023-11,C2022Q3,T12,C2022Q3T12,8,V-SA,SA1,115,66,5750.3,0.0
2023-11,C2022Q3,T12,C2022Q3T12,8,V-SA,VIC1,125,77,10278.0,0.0
2023-11,C2022Q3,T12,C2022Q3T12,8,VIC1-NSW1,NSW1,246,112,610.6,0.0
2023-11,C2022Q3,T12,C2022Q3T12,8,VIC1-NSW1,VIC1,232,172,38737.0,0.0
2023-11,C2022Q4,T11,C2022Q4T11,8,NSW1-QLD1,NSW1,80,45,11625.0,0.0
2023-11,C2022Q4,T11,C2022Q4T11,8,NSW1-QLD1,QLD1,260,100,11066.0,0.0
2023-11,C2022Q4,T11,C2022Q4T11,8,V-SA,SA1,100,64,6182.4,0.0
2023-11,C2022Q4,T11,C2022Q4T11,8,V-SA,VIC1,93,73,15687.91,0.0
2023-11,C2022Q4,T11,C2022Q4T11,8,VIC1-NSW1,NSW1,150,108,666.6,0.0
2023-11,C2022Q4,T11,C2022Q4T11,8,VIC1-NSW1,VIC1,208,145,44811.36,0.0
2023-11,C2023Q1,T10,C2023Q1T10,8,NSW1-QLD1,NSW1,80,45,19762.59,0.0
2023-11,C2023Q1,T10,C2023Q1T10,8,NSW1-QLD1,QLD1,301,110,17418.36,0.0
2023-11,C2023Q1,T10,C2023Q1T10,8,V-SA,SA1,84,64,7535.0,0.0
2023-11,C2023Q1,T10,C2023Q1T10,8,V-SA,VIC1,98,73,24624.61,0.0
2023-11,C2023Q1,T10,C2023Q1T10,8,VIC1-NSW1,NSW1,143,108,4500.0,0.0
2023-11,C2023Q1,T10,C2023Q1T10,8,VIC1-NSW1,VIC1,190,125,45360.46,0.0
2023-11,C2023Q2,T09,C2023Q2T09,8,NSW1-QLD1,NSW1,82,45,6499.89,0.0
2023-11,C2023Q2,T09,C2023Q2T09,8,NSW1-QLD1,QLD1,214,100,26000.0,0.0
2023-11,C2023Q2,T09,C2023Q2T09,8,V-SA,SA1,104,64,4500.0,0.0
2023-11,C2023Q2,T09,C2023Q2T09,8,V-SA,VIC1,98,73,16380.0,0.0
2023-11,C2023Q2,T09,C2023Q2T09,8,VIC1-NSW1,NSW1,320,108,900.0,0.0
2023-11,C2023Q2,T09,C2023Q2T09,8,VIC1-NSW1,VIC1,215,127,42000.0,0.0
2023-11,C2023Q3,T08,C2023Q3T08,8,NSW1-QLD1,NSW1,63,45,5495.89,0.0
2023-11,C2023Q3,T08,C2023Q3T08,8,NSW1-QLD1,QLD1,190,100,24636.83,0.0
2023-11,C2023Q3,T08,C2023Q3T08,8,V-SA,SA1,109,64,4000.0,0.0
2023-11,C2023Q3,T08,C2023Q3T08,8,V-SA,VIC1,98,73,15456.0,0.0
2023-11,C2023Q3,T08,C2023Q3T08,8,VIC1-NSW1,NSW1,225,108,937.0,0.0
2023-11,C2023Q3,T08,C2023Q3T08,8,VIC1-NSW1,VIC1,215,125,40752.46,0.0
2023-11,C2023Q4,T07,C2023Q4T07,8,NSW1-QLD1,NSW1,55,45,8663.0,0.0
2023-11,C2023Q4,T07,C2023Q4T07,8,NSW1-QLD1,QLD1,233,100,13907.2,0.0
2023-11,C2023Q4,T07,C2023Q4T07,8,V-SA,SA1,109,64,5142.5,0.0
2023-11,C2023Q4,T07,C2023Q4T07,8,V-SA,VIC1,93,73,9936.0,0.0
2023-11,C2023Q4,T07,C2023Q4T07,8,VIC1-NSW1,NSW1,157,108,1000.0,0.0
2023-11,C2023Q4,T07,C2023Q4T07,8,VIC1-NSW1,VIC1,202,150,40000.0,0.0
2023-11,C2024Q1,T06,C2024Q1T06,8,NSW1-QLD1,NSW1,55,45,13104.0,0.0
2023-11,C2024Q1,T06,C2024Q1T06,8,NSW1-QLD1,QLD1,165,100,17500.0,0.0
2023-11,C2024Q1,T06,C2024Q1T06,8,V-SA,SA1,64,64,5505.75,0.0
2023-11,C2024Q1,T06,C2024Q1T06,8,V-SA,VIC1,83,73,20716.66,0.0
2023-11,C2024Q1,T06,C2024Q1T06,8,VIC1-NSW1,NSW1,137,108,3276.0,0.0
2023-11,C2024Q1,T06,C2024Q1T06,8,VIC1-NSW1,VIC1,170,125,30000.0,0.0
2023-11,C2024Q2,T05,C2024Q2T05,8,NSW1-QLD1,NSW1,45,45,4496.89,0.0
2023-11,C2024Q2,T05,C2024Q2T05,8,NSW1-QLD1,QLD1,130,100,25538.71,0.0
2023-11,C2024Q2,T05,C2024Q2T05,8,V-SA,SA1,109,64,3075.8,0.0
2023-11,C2024Q2,T05,C2024Q2T05,8,V-SA,VIC1,83,73,16380.0,0.0
2023-11,C2024Q2,T05,C2024Q2T05,8,VIC1-NSW1,NSW1,164,108,873.6,0.0
2023-11,C2024Q2,T05,C2024Q2T05,8,VIC1-NSW1,VIC1,170,125,21169.0,0.0
2023-11,C2024Q3,T04,C2024Q3T04,8,NSW1-QLD1,NSW1,45,45,4496.89,0.0
2023-11,C2024Q3,T04,C2024Q3T04,8,NSW1-QLD1,QLD1,110,100,20444.61,0.0
2023-11,C2024Q3,T04,C2024Q3T04,8,V-SA,SA1,67,64,3746.52,0.0
2023-11,C2024Q3,T04,C2024Q3T04,8,V-SA,VIC1,83,73,15456.0,0.0
2023-11,C2024Q3,T04,C2024Q3T04,8,VIC1-NSW1,NSW1,108,108,750.6,0.0
2023-11,C2024Q3,T04,C2024Q3T04,8,VIC1-NSW1,VIC1,150,125,20793.0,0.0
2023-11,C2024Q4,T03,C2024Q4T03,8,NSW1-QLD1,NSW1,45,45,7653.6,0.0
2023-11,C2024Q4,T03,C2024Q4T03,8,NSW1-QLD1,QLD1,117,100,13314.24,0.0
2023-11,C2024Q4,T03,C2024Q4T03,8,V-SA,SA1,64,64,4000.0,0.0
2023-11,C2024Q4,T03,C2024Q4T03,8,V-SA,VIC1,73,73,12208.27,0.0
2023-11,C2024Q4,T03,C2024Q4T03,8,VIC1-NSW1,NSW1,108,108,824.69,0.0
2023-11,C2024Q4,T03,C2024Q4T03,8,VIC1-NSW1,VIC1,150,125,21443.0,0.0
2023-11,C2025Q1,T02,C2025Q1T02,8,NSW1-QLD1,NSW1,45,45,9996.89,0.0
2023-11,C2025Q1,T02,C2025Q1T02,8,NSW1-QLD1,QLD1,110,100,19072.8,0.0
2023-11,C2025Q1,T02,C2025Q1T02,8,V-SA,SA1,64,64,5407.5,0.0
2023-11,C2025Q1,T02,C2025Q1T02,8,V-SA,VIC1,73,73,18360.0,0.0
2023-11,C2025Q1,T02,C2025Q1T02,8,VIC1-NSW1,NSW1,108,108,3500.6,0.0
2023-11,C2025Q1,T02,C2025Q1T02,8,VIC1-NSW1,VIC1,135,125,21600.0,0.0
2023-11,C2025Q2,T01,C2025Q2T01,8,NSW1-QLD1,NSW1,45,45,4216.89,0.0
2023-11,C2025Q2,T01,C2025Q2T01,8,NSW1-QLD1,QLD1,100,100,21606.0,0.0
2023-11,C2025Q2,T01,C2025Q2T01,8,V-SA,SA1,64,64,3075.8,0.0
2023-11,C2025Q2,T01,C2025Q2T01,8,V-SA,VIC1,73,73,12500.0,0.0
2023-11,C2025Q2,T01,C2025Q2T01,8,VIC1-NSW1,NSW1,108,108,873.6,0.0
2023-11,C2025Q2,T01,C2025Q2T01,8,VIC1-NSW1,VIC1,125,125,18481.0,0.0
2023-11,C2023Q2,T12,C2023Q2T12,7,NSW1-QLD1,NSW1,89,88,7000.4,0.0
2023-11,C2023Q2,T12,C2023Q2T12,7,NSW1-QLD1,QLD1,256,100,15000.34,0.0
2023-11,C2023Q2,T12,C2023Q2T12,7,V-SA,SA1,143,66,4770.85,0.0
2023-11,C2023Q2,T12,C2023Q2T12,7,V-SA,VIC1,186,77,13650.0,0.0
2023-11,C2023Q2,T12,C2023Q2T12,7,VIC1-NSW1,NSW1,234,123,2926.13,0.0
2023-11,C2023Q2,T12,C2023Q2T12,7,VIC1-NSW1,VIC1,327,145,22004.0,0.0
2023-11,C2023Q3,T11,C2023Q3T11,7,NSW1-QLD1,NSW1,78,78,7152.37,0.0
2023-11,C2023Q3,T11,C2023Q3T11,7,NSW1-QLD1,QLD1,233,106,20840.34,0.0
2023-11,C2023Q3,T11,C2023Q3T11,7,V-SA,SA1,151,64,6514.0,0.0
2023-11,C2023Q3,T11,C2023Q3T11,7,V-SA,VIC1,185,73,12970.1,0.0
2023-11,C2023Q3,T11,C2023Q3T11,7,VIC1-NSW1,NSW1,202,117,3409.09,0.0
2023-11,C2023Q3,T11,C2023Q3T11,7,VIC1-NSW1,VIC1,277,135,22010.0,0.0
2023-11,C2023Q4,T10,C2023Q4T10,7,NSW1-QLD1,NSW1,73,54,11223.0,0.0
2023-11,C2023Q4,T10,C2023Q4T10,7,NSW1-QLD1,QLD1,205,107,13328.55,0.0
2023-11,C2023Q4,T10,C2023Q4T10,7,V-SA,SA1,156,64,5982.4,0.0
2023-11,C2023Q4,T10,C2023Q4T10,7,V-SA,VIC1,170,73,12868.45,0.0
2023-11,C2023Q4,T10,C2023Q4T10,7,VIC1-NSW1,NSW1,172,108,1262.98,0.0
2023-11,C2023Q4,T10,C2023Q4T10,7,VIC1-NSW1,VIC1,270,135,22011.0,0.0
2023-11,C2024Q1,T09,C2024Q1T09,7,NSW1-QLD1,NSW1,103,76,13620.0,0.0
2023-11,C2024Q1,T09,C2024Q1T09,7,NSW1-QLD1,QLD1,191,100,15500.0,0.0
2023-11,C2024Q1,T09,C2024Q1T09,7,V-SA,SA1,76,64,5647.4,0.0
2023-11,C2024Q1,T09,C2024Q1T09,7,V-SA,VIC1,119,73,30550.64,0.0
2023-11,C2024Q1,T09,C2024Q1T09,7,VIC1-NSW1,NSW1,153,108,3931.2,0.0
2023-11,C2024Q1,T09,C2024Q1T09,7,VIC1-NSW1,VIC1,254,130,22011.0,0.0
2023-11,C2024Q2,T08,C2024Q2T08,7,NSW1-QLD1,NSW1,69,69,7536.0,0.0
2023-11,C2024Q2,T08,C2024Q2T08,7,NSW1-QLD1,QLD1,184,100,26208.0,0.0
2023-11,C2024Q2,T08,C2024Q2T08,7,V-SA,SA1,121,64,5008.0,0.0
2023-11,C2024Q2,T08,C2024Q2T08,7,V-SA,VIC1,140,73,13080.6,0.0
2023-11,C2024Q2,T08,C2024Q2T08,7,VIC1-NSW1,NSW1,166,108,2184.0,0.0
2023-11,C2024Q2,T08,C2024Q2T08,7,VIC1-NSW1,VIC1,212,125,21000.08,0.0
2023-11,C2024Q3,T07,C2024Q3T07,7,NSW1-QLD1,NSW1,63,63,7592.0,0.0
2023-11,C2024Q3,T07,C2024Q3T07,7,NSW1-QLD1,QLD1,173,100,23990.34,0.0
2023-11,C2024Q4,T01,C2024Q4T01,19,VIC1-NSW1,VIC1,125,125,17050.0,0.0
2023-11,C2022Q2,T12,C2022Q2T12,19,NSW1-QLD1,NSW1,127,100,4537.55,0.0
2023-11,C2022Q2,T12,C2022Q2T12,19,NSW1-QLD1,QLD1,207,100,7637.0,0.0
2023-11,C2022Q2,T12,C2022Q2T12,19,V-SA,SA1,106,66,4487.0,0.0
2023-11,C2022Q2,T12,C2022Q2T12,19,V-SA,VIC1,133,83,13539.0,0.0
2023-11,C2022Q2,T12,C2022Q2T12,19,VIC1-NSW1,NSW1,278,112,910.0,0.0
2023-11,C2022Q2,T12,C2022Q2T12,19,VIC1-NSW1,VIC1,225,125,19978.0,0.0
2023-11,C2022Q3,T11,C2022Q3T11,19,NSW1-QLD1,NSW1,84,60,4061.82,0.0
2023-11,C2022Q3,T11,C2022Q3T11,19,NSW1-QLD1,QLD1,244,100,13330.09,0.0
2023-11,C2022Q3,T11,C2022Q3T11,19,V-SA,SA1,113,64,5500.0,0.0
2023-11,C2022Q3,T11,C2022Q3T11,19,V-SA,VIC1,128,73,10000.0,0.0
2023-11,C2022Q3,T11,C2022Q3T11,19,VIC1-NSW1,NSW1,265,108,1198.0,0.0
2023-11,C2022Q3,T11,C2022Q3T11,19,VIC1-NSW1,VIC1,250,135,19272.0,0.0
2023-11,C2022Q4,T10,C2022Q4T10,19,NSW1-QLD1,NSW1,64,45,9300.0,0.0
2023-11,C2022Q4,T10,C2022Q4T10,19,NSW1-QLD1,QLD1,275,100,10925.0,0.0
2023-11,C2022Q4,T10,C2022Q4T10,19,V-SA,SA1,100,64,6046.0,0.0
2023-11,C2022Q4,T10,C2022Q4T10,19,V-SA,VIC1,158,73,10170.83,0.0
2023-11,C2022Q4,T10,C2022Q4T10,19,VIC1-NSW1,NSW1,174,112,1380.0,0.0
2023-11,C2022Q4,T10,C2022Q4T10,19,VIC1-NSW1,VIC1,268,135,24731.84,0.0
2023-11,C2023Q1,T09,C2023Q1T09,19,NSW1-QLD1,NSW1,64,48,15202.0,0.0
2023-11,C2023Q1,T09,C2023Q1T09,19,NSW1-QLD1,QLD1,281,104,17189.17,0.0
2023-11,C2023Q1,T09,C2023Q1T09,19,V-SA,SA1,94,70,6850.0,0.0
2023-11,C2023Q1,T09,C2023Q1T09,19,V-SA,VIC1,99,73,16760.83,0.0
2023-11,C2023Q1,T09,C2023Q1T09,19,VIC1-NSW1,NSW1,171,116,4500.0,0.0
2023-11,C2023Q1,T09,C2023Q1T09,19,VIC1-NSW1,VIC1,200,135,25200.26,0.0
2023-11,C2023Q2,T08,C2023Q2T08,19,NSW1-QLD1,NSW1,61,45,4000.0,0.0
2023-11,C2023Q2,T08,C2023Q2T08,19,NSW1-QLD1,QLD1,194,100,24489.09,0.0
2023-11,C2023Q2,T08,C2023Q2T08,19,V-SA,SA1,114,70,4843.0,0.0
2023-11,C2023Q2,T08,C2023Q2T08,19,V-SA,VIC1,108,73,11000.83,0.0
2023-11,C2023Q2,T08,C2023Q2T08,19,VIC1-NSW1,NSW1,301,109,1270.06,0.0
2023-11,C2023Q2,T08,C2023Q2T08,19,VIC1-NSW1,VIC1,205,125,22960.26,0.0
2023-11,C2023Q3,T07,C2023Q3T07,19,NSW1-QLD1,NSW1,70,45,3336.0,0.0
2023-11,C2023Q3,T07,C2023Q3T07,19,NSW1-QLD1,QLD1,150,100,24416.0,0.0
2023-11,C2023Q3,T07,C2023Q3T07,19,V-SA,SA1,109,64,5297.0,0.0
2023-11,C2023Q3,T07,C2023Q3T07,19,V-SA,VIC1,108,73,10920.83,0.0
2023-11,C2023Q3,T07,C2023Q3T07,19,VIC1-NSW1,NSW1,205,108,1250.0,0.0
2023-11,C2023Q3,T07,C2023Q3T07,19,VIC1-NSW1,VIC1,220,125,22640.26,0.0
2023-11,C2023Q4,T06,C2023Q4T06,19,NSW1-QLD1,NSW1,58,45,8510.0,0.0
2023-11,C2023Q4,T06,C2023Q4T06,19,NSW1-QLD1,QLD1,164,100,17384.0,0.0
2023-11,C2023Q4,T06,C2023Q4T06,19,V-SA,SA1,109,64,6050.0,0.0
2023-11,C2023Q4,T06,C2023Q4T06,19,V-SA,VIC1,88,73,9520.83,0.0
2023-11,C2023Q4,T06,C2023Q4T06,19,VIC1-NSW1,NSW1,143,114,1404.7,0.0
2023-11,C2023Q4,T06,C2023Q4T06,19,VIC1-NSW1,VIC1,217,125,24066.9,0.0
2023-11,C2024Q1,T05,C2024Q1T05,19,NSW1-QLD1,NSW1,48,45,9907.0,0.0
2023-11,C2024Q1,T05,C2024Q1T05,19,NSW1-QLD1,QLD1,130,100,22822.8,0.0
2023-11,C2024Q1,T05,C2024Q1T05,19,V-SA,SA1,64,64,7341.0,0.0
2023-11,C2024Q1,T05,C2024Q1T05,19,V-SA,VIC1,90,73,16500.0,0.0
2023-11,C2024Q1,T05,C2024Q1T05,19,VIC1-NSW1,NSW1,117,108,4368.0,0.0
2023-11,C2024Q1,T05,C2024Q1T05,19,VIC1-NSW1,VIC1,167,125,23800.26,0.0
2023-11,C2024Q2,T04,C2024Q2T04,19,NSW1-QLD1,NSW1,48,45,3307.0,0.0
2023-11,C2024Q2,T04,C2024Q2T04,19,NSW1-QLD1,QLD1,120,100,24438.96,0.0
2023-11,C2024Q2,T04,C2024Q2T04,19,V-SA,SA1,89,64,4732.0,0.0
2023-11,C2024Q2,T04,C2024Q2T04,19,V-SA,VIC1,73,73,9093.0,0.0
2023-11,C2024Q2,T04,C2024Q2T04,19,VIC1-NSW1,NSW1,164,108,1028.0,0.0
2023-11,C2024Q2,T04,C2024Q2T04,19,VIC1-NSW1,VIC1,152,125,16800.25,0.0
2023-11,C2024Q3,T03,C2024Q3T03,19,NSW1-QLD1,NSW1,48,45,3040.0,0.0
2023-11,C2024Q3,T03,C2024Q3T03,19,NSW1-QLD1,QLD1,108,100,21520.64,0.0
2023-11,C2024Q3,T09,C2024Q3T09,4,VIC1-NSW1,VIC1,322,125,26400.0,0.0
2023-11,C2024Q4,T08,C2024Q4T08,4,NSW1-QLD1,NSW1,57,45,10294.08,0.0
2023-11,C2024Q4,T08,C2024Q4T08,4,NSW1-QLD1,QLD1,246,100,14250.0,0.0
2023-11,C2024Q4,T08,C2024Q4T08,4,V-SA,SA1,141,64,5225.0,0.0
2023-11,C2024Q4,T08,C2024Q4T08,4,V-SA,VIC1,92,73,16050.08,0.0
2023-11,C2024Q4,T08,C2024Q4T08,4,VIC1-NSW1,NSW1,120,108,1216.0,0.0
2023-11,C2024Q4,T08,C2024Q4T08,4,VIC1-NSW1,VIC1,349,165,20350.75,0.0
2023-11,C2025Q1,T07,C2025Q1T07,4,NSW1-QLD1,NSW1,47,47,17350.0,0.0
2023-11,C2025Q1,T07,C2025Q1T07,4,NSW1-QLD1,QLD1,207,102,18500.55,0.0
2023-11,C2025Q1,T07,C2025Q1T07,4,V-SA,SA1,76,64,6308.0,0.0
2023-11,C2025Q1,T07,C2025Q1T07,4,V-SA,VIC1,103,73,26506.0,0.0
2023-11,C2024Q3,T07,C2024Q3T07,7,V-SA,SA1,110,64,5500.24,0.0
2023-11,C2024Q3,T07,C2024Q3T07,7,V-SA,VIC1,150,73,13650.0,0.0
2023-11,C2024Q3,T07,C2024Q3T07,7,VIC1-NSW1,NSW1,141,108,2208.0,0.0
2023-11,C2024Q3,T07,C2024Q3T07,7,VIC1-NSW1,VIC1,212,125,22000.08,0.0
2023-11,C2024Q4,T06,C2024Q4T06,7,NSW1-QLD1,NSW1,63,45,9936.0,0.0
2023-11,C2024Q4,T06,C2024Q4T06,7,NSW1-QLD1,QLD1,176,103,14278.0,0.0
2023-11,C2024Q4,T06,C2024Q4T06,7,V-SA,SA1,111,64,5500.24,0.0
2023-11,C2024Q4,T06,C2024Q4T06,7,V-SA,VIC1,108,73,13000.17,0.0
2023-11,C2024Q4,T06,C2024Q4T06,7,VIC1-NSW1,NSW1,148,108,993.6,0.0
2023-11,C2024Q4,T06,C2024Q4T06,7,VIC1-NSW1,VIC1,290,125,17000.0,0.0
2023-11,C2025Q1,T05,C2025Q1T05,7,NSW1-QLD1,NSW1,65,45,13395.11,0.0
2023-11,C2025Q1,T05,C2025Q1T05,7,NSW1-QLD1,QLD1,175,100,16300.34,0.0
2023-11,C2025Q1,T05,C2025Q1T05,7,V-SA,SA1,64,64,5400.0,0.0
2023-11,C2025Q1,T05,C2025Q1T05,7,V-SA,VIC1,76,73,26005.85,0.0
2023-11,C2025Q1,T05,C2025Q1T05,7,VIC1-NSW1,NSW1,133,108,3506.0,0.0
2023-11,C2025Q1,T05,C2025Q1T05,7,VIC1-NSW1,VIC1,200,125,20010.0,0.0
2023-11,C2025Q2,T04,C2025Q2T04,7,NSW1-QLD1,NSW1,45,45,7807.8,0.0
2023-11,C2025Q2,T04,C2025Q2T04,7,NSW1-QLD1,QLD1,100,100,26208.0,0.0
2023-11,C2025Q2,T04,C2025Q2T04,7,V-SA,SA1,75,64,4368.0,0.0
2023-11,C2025Q2,T04,C2025Q2T04,7,V-SA,VIC1,132,73,13942.5,0.0
2023-11,C2025Q2,T04,C2025Q2T04,7,VIC1-NSW1,NSW1,146,108,1310.4,0.0
2023-11,C2025Q2,T04,C2025Q2T04,7,VIC1-NSW1,VIC1,180,125,20374.75,0.0
2023-11,C2025Q3,T03,C2025Q3T03,7,NSW1-QLD1,NSW1,45,45,8030.0,0.0
2023-11,C2025Q3,T03,C2025Q3T03,7,NSW1-QLD1,QLD1,105,100,24448.34,0.0
2023-11,C2025Q3,T03,C2025Q3T03,7,V-SA,SA1,88,64,4505.0,0.0
2023-11,C2025Q3,T03,C2025Q3T03,7,V-SA,VIC1,111,73,13800.8,0.0
2023-11,C2025Q3,T03,C2025Q3T03,7,VIC1-NSW1,NSW1,164,108,1324.8,0.0
2023-11,C2025Q3,T03,C2025Q3T03,7,VIC1-NSW1,VIC1,190,125,19106.09,0.0
2023-11,C2025Q4,T02,C2025Q4T02,7,NSW1-QLD1,NSW1,45,45,8832.0,0.0
2023-11,C2025Q4,T02,C2025Q4T02,7,NSW1-QLD1,QLD1,114,100,14230.56,0.0
2023-11,C2025Q4,T02,C2025Q4T02,7,V-SA,SA1,77,64,4246.14,0.0
2023-11,C2025Q4,T02,C2025Q4T02,7,V-SA,VIC1,89,73,13248.0,0.0
2023-11,C2025Q4,T02,C2025Q4T02,7,VIC1-NSW1,NSW1,108,108,993.6,0.0
2023-11,C2025Q4,T02,C2025Q4T02,7,VIC1-NSW1,VIC1,160,125,17001.59,0.0
2023-11,C2026Q1,T01,C2026Q1T01,7,NSW1-QLD1,NSW1,45,45,14040.0,0.0
2023-11,C2026Q1,T01,C2026Q1T01,7,NSW1-QLD1,QLD1,100,100,17000.34,0.0
2023-11,C2026Q1,T01,C2026Q1T01,7,V-SA,SA1,64,64,5009.0,0.0
2023-11,C2026Q1,T01,C2026Q1T01,7,V-SA,VIC1,73,73,25920.0,0.0
2023-11,C2026Q1,T01,C2026Q1T01,7,VIC1-NSW1,NSW1,108,108,3510.0,0.0
2023-11,C2026Q1,T01,C2026Q1T01,7,VIC1-NSW1,VIC1,125,125,22226.4,0.0
2023-11,C2023Q3,T12,C2023Q3T12,5,NSW1-QLD1,NSW1,73,61,5000.66,0.0
2023-11,C2023Q3,T12,C2023Q3T12,5,NSW1-QLD1,QLD1,237,100,16417.77,0.0
2023-11,C2023Q3,T12,C2023Q3T12,5,V-SA,SA1,154,66,7201.0,0.0
2023-11,C2023Q3,T12,C2023Q3T12,5,V-SA,VIC1,233,82,13050.04,0.0
2023-11,C2023Q3,T12,C2023Q3T12,5,VIC1-NSW1,NSW1,194,112,2760.0,0.0
2023-11,C2023Q3,T12,C2023Q3T12,5,VIC1-NSW1,VIC1,268,125,25000.0,0.0
2023-11,C2023Q4,T11,C2023Q4T11,5,NSW1-QLD1,NSW1,67,55,12723.0,0.0
2023-11,C2023Q4,T11,C2023Q4T11,5,NSW1-QLD1,QLD1,196,100,10000.2,0.0
2023-11,C2023Q4,T11,C2023Q4T11,5,V-SA,SA1,172,64,5739.64,0.0
2023-11,C2023Q4,T11,C2023Q4T11,5,V-SA,VIC1,227,78,11596.04,0.0
2023-11,C2023Q4,T11,C2023Q4T11,5,VIC1-NSW1,NSW1,160,108,1104.0,0.0
2023-11,C2023Q4,T11,C2023Q4T11,5,VIC1-NSW1,VIC1,342,125,25009.0,0.0
2023-11,C2024Q1,T10,C2024Q1T10,5,NSW1-QLD1,NSW1,72,45,20654.0,0.0
2023-11,C2024Q1,T10,C2024Q1T10,5,NSW1-QLD1,QLD1,202,103,16380.0,0.0
2023-11,C2024Q1,T10,C2024Q1T10,5,V-SA,SA1,82,64,6396.79,0.0
2023-11,C2024Q1,T10,C2024Q1T10,5,V-SA,VIC1,172,73,26846.04,0.0
2023-11,C2024Q1,T10,C2024Q1T10,5,VIC1-NSW1,NSW1,148,108,3932.49,0.0
2023-11,C2024Q1,T10,C2024Q1T10,5,VIC1-NSW1,VIC1,253,125,25019.17,0.0
2023-11,C2024Q2,T09,C2024Q2T09,5,NSW1-QLD1,NSW1,63,54,7216.66,0.0
2023-11,C2024Q2,T09,C2024Q2T09,5,NSW1-QLD1,QLD1,187,100,22654.0,0.0
2023-11,C2024Q2,T09,C2024Q2T09,5,V-SA,SA1,129,64,4888.88,0.0
2023-11,C2024Q2,T09,C2024Q2T09,5,V-SA,VIC1,180,73,13280.04,0.0
2023-11,C2024Q2,T09,C2024Q2T09,5,VIC1-NSW1,NSW1,194,110,2508.08,0.0
2023-11,C2024Q2,T09,C2024Q2T09,5,VIC1-NSW1,VIC1,263,125,22050.08,0.0
2023-11,C2024Q3,T08,C2024Q3T08,5,NSW1-QLD1,NSW1,63,54,5828.66,0.0
2023-11,C2024Q3,T08,C2024Q3T08,5,NSW1-QLD1,QLD1,187,100,26150.2,0.0
2023-11,C2024Q3,T08,C2024Q3T08,5,V-SA,SA1,137,64,5400.51,0.0
2023-11,C2024Q3,T08,C2024Q3T08,5,V-SA,VIC1,185,73,14400.04,0.0
2023-11,C2024Q3,T08,C2024Q3T08,5,VIC1-NSW1,NSW1,133,108,2100.0,0.0
2023-11,C2024Q3,T08,C2024Q3T08,5,VIC1-NSW1,VIC1,308,125,23978.88,0.0
2023-11,C2024Q4,T07,C2024Q4T07,5,NSW1-QLD1,NSW1,57,45,9936.0,0.0
2023-11,C2024Q4,T07,C2024Q4T07,5,NSW1-QLD1,QLD1,189,100,12600.2,0.0
2023-11,C2024Q4,T07,C2024Q4T07,5,V-SA,SA1,137,64,5225.22,0.0
2023-11,C2024Q4,T07,C2024Q4T07,5,V-SA,VIC1,152,73,14111.11,0.0
2023-11,C2024Q4,T07,C2024Q4T07,5,VIC1-NSW1,NSW1,126,108,1074.0,0.0
2023-11,C2024Q4,T07,C2024Q4T07,5,VIC1-NSW1,VIC1,356,125,16433.33,0.0
2023-11,C2025Q1,T06,C2025Q1T06,5,NSW1-QLD1,NSW1,47,45,14850.0,0.0
2023-11,C2025Q1,T06,C2025Q1T06,5,NSW1-QLD1,QLD1,199,102,18240.39,0.0
2023-11,C2025Q1,T06,C2025Q1T06,5,V-SA,SA1,82,64,5400.0,0.0
2023-11,C2025Q1,T06,C2025Q1T06,5,V-SA,VIC1,137,73,23760.0,0.0
2023-11,C2025Q1,T06,C2025Q1T06,5,VIC1-NSW1,NSW1,127,108,3256.0,0.0
2023-11,C2025Q1,T06,C2025Q1T06,5,VIC1-NSW1,VIC1,250,125,21124.8,0.0
2023-11,C2025Q2,T05,C2025Q2T05,5,NSW1-QLD1,NSW1,45,45,6569.73,0.0
2023-11,C2025Q2,T05,C2025Q2T05,5,NSW1-QLD1,QLD1,120,100,28392.0,0.0
2023-11,C2025Q2,T05,C2025Q2T05,5,V-SA,SA1,75,64,4333.33,0.0
2023-11,C2025Q2,T05,C2025Q2T05,5,V-SA,VIC1,138,73,12012.0,0.0
2023-11,C2025Q2,T05,C2025Q2T05,5,VIC1-NSW1,NSW1,148,108,1340.1,0.0
2023-11,C2025Q2,T05,C2025Q2T05,5,VIC1-NSW1,VIC1,225,125,20000.77,0.0
2023-11,C2025Q3,T04,C2025Q3T04,5,NSW1-QLD1,NSW1,45,45,7728.0,0.0
2023-11,C2025Q3,T04,C2025Q3T04,5,NSW1-QLD1,QLD1,125,100,28448.34,0.0
2023-11,C2025Q3,T04,C2025Q3T04,5,V-SA,SA1,94,64,4416.0,0.0
2023-11,C2025Q3,T04,C2025Q3T04,5,V-SA,VIC1,117,73,12337.0,0.0
2023-11,C2025Q3,T04,C2025Q3T04,5,VIC1-NSW1,NSW1,164,108,1300.0,0.0
2023-11,C2025Q3,T04,C2025Q3T04,5,VIC1-NSW1,VIC1,225,125,20061.39,0.0
2023-11,C2025Q4,T03,C2025Q4T03,5,NSW1-QLD1,NSW1,45,45,8832.0,0.0
2023-11,C2025Q4,T03,C2025Q4T03,5,NSW1-QLD1,QLD1,100,100,14942.08,0.0
2023-11,C2025Q4,T03,C2025Q4T03,5,V-SA,SA1,94,64,4416.0,0.0
2023-11,C2025Q4,T03,C2025Q4T03,5,V-SA,VIC1,88,73,12144.0,0.0
2023-11,C2025Q4,T03,C2025Q4T03,5,VIC1-NSW1,NSW1,108,108,883.2,0.0
2023-11,C2025Q4,T03,C2025Q4T03,5,VIC1-NSW1,VIC1,180,125,16760.77,0.0
2023-11,C2026Q1,T02,C2026Q1T02,5,NSW1-QLD1,NSW1,45,45,16146.0,0.0
2023-11,C2026Q1,T02,C2026Q1T02,5,NSW1-QLD1,QLD1,125,100,19780.0,0.0
2023-11,C2026Q1,T02,C2026Q1T02,5,V-SA,SA1,64,64,4758.55,0.0
2023-11,C2026Q1,T02,C2026Q1T02,5,V-SA,VIC1,73,73,21000.0,0.0
2023-11,C2026Q1,T02,C2026Q1T02,5,VIC1-NSW1,NSW1,108,108,3240.0,0.0
2023-11,C2026Q1,T02,C2026Q1T02,5,VIC1-NSW1,VIC1,149,125,21664.8,0.0
2023-11,C2026Q2,T01,C2026Q2T01,5,NSW1-QLD1,NSW1,45,45,7012.0,0.0
2023-11,C2026Q2,T01,C2026Q2T01,5,NSW1-QLD1,QLD1,100,100,28392.0,0.0
2023-11,C2026Q2,T01,C2026Q2T01,5,V-SA,SA1,64,64,4333.33,0.0
2023-11,C2026Q2,T01,C2026Q2T01,5,V-SA,VIC1,73,73,12500.04,0.0
2023-11,C2026Q2,T01,C2026Q2T01,5,VIC1-NSW1,NSW1,108,108,1280.1,0.0
2023-11,C2026Q2,T01,C2026Q2T01,5,VIC1-NSW1,VIC1,125,125,19695.59,0.0
2023-11,C2023Q4,T12,C2023Q4T12,5,NSW1-QLD1,NSW1,76,58,13359.15,0.0
2023-11,C2023Q4,T12,C2023Q4T12,5,NSW1-QLD1,QLD1,238,100,12123.0,0.0
2023-11,C2023Q4,T12,C2023Q4T12,5,V-SA,SA1,201,66,5175.0,0.0
2023-11,C2023Q4,T12,C2023Q4T12,5,V-SA,VIC1,149,77,14400.08,0.0
2023-11,C2023Q4,T12,C2023Q4T12,5,VIC1-NSW1,NSW1,158,125,1278.08,0.0
2023-11,C2023Q4,T12,C2023Q4T12,5,VIC1-NSW1,VIC1,379,129,22040.98,0.0
2023-11,C2024Q1,T11,C2024Q1T11,5,NSW1-QLD1,NSW1,74,60,24005.0,0.0
2023-11,C2024Q1,T11,C2024Q1T11,5,NSW1-QLD1,QLD1,206,100,18880.0,0.0
2023-11,C2024Q1,T11,C2024Q1T11,5,V-SA,SA1,78,66,6500.0,0.0
2023-11,C2024Q1,T11,C2024Q1T11,5,V-SA,VIC1,142,73,32100.0,0.0
2023-11,C2024Q1,T11,C2024Q1T11,5,VIC1-NSW1,NSW1,171,108,4806.0,0.0
2023-11,C2024Q1,T11,C2024Q1T11,5,VIC1-NSW1,VIC1,283,141,27000.0,0.0
2023-11,C2024Q2,T10,C2024Q2T10,5,NSW1-QLD1,NSW1,60,51,6676.0,0.0
2023-11,C2024Q2,T10,C2024Q2T10,5,NSW1-QLD1,QLD1,213,100,25250.0,0.0
2023-11,C2024Q2,T10,C2024Q2T10,5,V-SA,SA1,123,64,4567.89,0.0
2023-11,C2024Q2,T10,C2024Q2T10,5,V-SA,VIC1,140,73,15936.04,0.0
2023-11,C2024Q2,T10,C2024Q2T10,5,VIC1-NSW1,NSW1,183,108,2305.0,0.0
2023-11,C2024Q3,T03,C2024Q3T03,19,V-SA,SA1,67,64,4995.37,0.0
2023-11,C2024Q3,T03,C2024Q3T03,19,V-SA,VIC1,74,73,8996.83,0.0
2023-11,C2024Q3,T03,C2024Q3T03,19,VIC1-NSW1,NSW1,108,108,1000.0,0.0
2023-11,C2024Q3,T03,C2024Q3T03,19,VIC1-NSW1,VIC1,135,125,16502.2,0.0
2023-11,C2024Q4,T02,C2024Q4T02,19,NSW1-QLD1,NSW1,48,45,8504.0,0.0
2023-11,C2024Q4,T02,C2024Q4T02,19,NSW1-QLD1,QLD1,100,100,16000.0,0.0
2023-11,C2024Q4,T02,C2024Q4T02,19,V-SA,SA1,64,64,5521.0,0.0
2023-11,C2024Q4,T02,C2024Q4T02,19,V-SA,VIC1,73,73,10284.0,0.0
2023-11,C2024Q4,T02,C2024Q4T02,19,VIC1-NSW1,NSW1,108,108,1457.0,0.0
2023-11,C2024Q4,T02,C2024Q4T02,19,VIC1-NSW1,VIC1,150,125,20800.25,0.0
2023-11,C2025Q1,T01,C2025Q1T01,19,NSW1-QLD1,NSW1,45,45,9506.0,0.0
2023-11,C2025Q1,T01,C2025Q1T01,19,NSW1-QLD1,QLD1,100,100,23392.8,0.0
2023-11,C2025Q1,T01,C2025Q1T01,19,V-SA,SA1,64,64,7210.0,0.0
2023-11,C2025Q1,T01,C2025Q1T01,19,V-SA,VIC1,73,73,16000.0,0.0
2023-11,C2025Q1,T01,C2025Q1T01,19,VIC1-NSW1,NSW1,108,108,4320.0,0.0
2023-11,C2025Q1,T01,C2025Q1T01,19,VIC1-NSW1,VIC1,125,125,20971.0,0.0
2023-11,C2022Q3,T12,C2022Q3T12,3,NSW1-QLD1,NSW1,106,55,5040.0,0.0
2023-11,C2022Q3,T12,C2022Q3T12,3,NSW1-QLD1,QLD1,233,100,10000.0,0.0
2023-11,C2022Q3,T12,C2022Q3T12,3,V-SA,SA1,115,66,5750.3,0.0
2023-11,C2022Q3,T12,C2022Q3T12,3,V-SA,VIC1,125,77,10278.0,0.0
2023-11,C2022Q3,T12,C2022Q3T12,3,VIC1-NSW1,NSW1,246,112,610.6,0.0
2023-11,C2022Q3,T12,C2022Q3T12,3,VIC1-NSW1,VIC1,232,172,38737.0,0.0
2023-11,C2022Q4,T11,C2022Q4T11,3,NSW1-QLD1,NSW1,80,45,11625.0,0.0
2023-11,C2022Q4,T11,C2022Q4T11,3,NSW1-QLD1,QLD1,260,100,11066.0,0.0
2023-11,C2022Q4,T11,C2022Q4T11,3,V-SA,SA1,100,64,6182.4,0.0
2023-11,C2022Q4,T11,C2022Q4T11,3,V-SA,VIC1,93,73,15687.91,0.0
2023-11,C2022Q4,T11,C2022Q4T11,3,VIC1-NSW1,NSW1,150,108,666.6,0.0
2023-11,C2022Q4,T11,C2022Q4T11,3,VIC1-NSW1,VIC1,208,145,44811.36,0.0
2023-11,C2023Q1,T10,C2023Q1T10,3,NSW1-QLD1,NSW1,80,45,19762.59,0.0
2023-11,C2023Q1,T10,C2023Q1T10,3,NSW1-QLD1,QLD1,301,110,17418.36,0.0
2023-11,C2023Q1,T10,C2023Q1T10,3,V-SA,SA1,84,64,7535.0,0.0
2023-11,C2023Q1,T10,C2023Q1T10,3,V-SA,VIC1,98,73,24624.61,0.0
2023-11,C2023Q1,T10,C2023Q1T10,3,VIC1-NSW1,NSW1,143,108,4500.0,0.0
2023-11,C2023Q1,T10,C2023Q1T10,3,VIC1-NSW1,VIC1,190,125,45360.46,0.0
2023-11,C2023Q2,T09,C2023Q2T09,3,NSW1-QLD1,NSW1,82,45,6499.89,0.0
2023-11,C2023Q2,T09,C2023Q2T09,3,NSW1-QLD1,QLD1,214,100,26000.0,0.0
2023-11,C2023Q2,T09,C2023Q2T09,3,V-SA,SA1,104,64,4500.0,0.0
2023-11,C2023Q2,T09,C2023Q2T09,3,V-SA,VIC1,98,73,16380.0,0.0
2023-11,C2023Q2,T09,C2023Q2T09,3,VIC1-NSW1,NSW1,320,108,900.0,0.0
2023-11,C2023Q2,T09,C2023Q2T09,3,VIC1-NSW1,VIC1,215,127,42000.0,0.0
2023-11,C2023Q3,T08,C2023Q3T08,3,NSW1-QLD1,NSW1,63,45,5495.89,0.0
2023-11,C2023Q3,T08,C2023Q3T08,3,NSW1-QLD1,QLD1,190,100,24636.83,0.0
2023-11,C2023Q3,T08,C2023Q3T08,3,V-SA,SA1,109,64,4000.0,0.0
2023-11,C2023Q3,T08,C2023Q3T08,3,V-SA,VIC1,98,73,15456.0,0.0
2023-11,C2023Q3,T08,C2023Q3T08,3,VIC1-NSW1,NSW1,225,108,937.0,0.0
2023-11,C2023Q3,T08,C2023Q3T08,3,VIC1-NSW1,VIC1,215,125,40752.46,0.0
2023-11,C2023Q4,T07,C2023Q4T07,3,NSW1-QLD1,NSW1,55,45,8663.0,0.0
2023-11,C2023Q4,T07,C2023Q4T07,3,NSW1-QLD1,QLD1,233,100,13907.2,0.0
2023-11,C2023Q4,T07,C2023Q4T07,3,V-SA,SA1,109,64,5142.5,0.0
2023-11,C2023Q4,T07,C2023Q4T07,3,V-SA,VIC1,93,73,9936.0,0.0
2023-11,C2023Q4,T07,C2023Q4T07,3,VIC1-NSW1,NSW1,157,108,1000.0,0.0
2023-11,C2023Q4,T07,C2023Q4T07,3,VIC1-NSW1,VIC1,202,150,40000.0,0.0
2023-11,C2024Q1,T06,C2024Q1T06,3,NSW1-QLD1,NSW1,55,45,13104.0,0.0
2023-11,C2024Q1,T06,C2024Q1T06,3,NSW1-QLD1,QLD1,165,100,17500.0,0.0
2023-11,C2024Q1,T06,C2024Q1T06,3,V-SA,SA1,64,64,5505.75,0.0
2023-11,C2024Q1,T06,C2024Q1T06,3,V-SA,VIC1,83,73,20716.66,0.0
2023-11,C2024Q1,T06,C2024Q1T06,3,VIC1-NSW1,NSW1,137,108,3276.0,0.0
2023-11,C2024Q1,T06,C2024Q1T06,3,VIC1-NSW1,VIC1,170,125,30000.0,0.0
2023-11,C2024Q2,T05,C2024Q2T05,3,NSW1-QLD1,NSW1,45,45,4496.89,0.0
2023-11,C2024Q2,T05,C2024Q2T05,3,NSW1-QLD1,QLD1,130,100,25538.71,0.0
2023-11,C2024Q2,T05,C2024Q2T05,3,V-SA,SA1,109,64,3075.8,0.0
2023-11,C2024Q2,T05,C2024Q2T05,3,V-SA,VIC1,83,73,16380.0,0.0
2023-11,C2024Q2,T05,C2024Q2T05,3,VIC1-NSW1,NSW1,164,108,873.6,0.0
2023-11,C2024Q2,T05,C2024Q2T05,3,VIC1-NSW1,VIC1,170,125,21169.0,0.0
2023-11,C2024Q3,T04,C2024Q3T04,3,NSW1-QLD1,NSW1,45,45,4496.89,0.0
2023-11,C2024Q3,T04,C2024Q3T04,3,NSW1-QLD1,QLD1,110,100,20444.61,0.0
2023-11,C2024Q3,T04,C2024Q3T04,3,V-SA,SA1,67,64,3746.52,0.0
2023-11,C2024Q3,T04,C2024Q3T04,3,V-SA,VIC1,83,73,15456.0,0.0
2023-11,C2024Q3,T04,C2024Q3T04,3,VIC1-NSW1,NSW1,108,108,750.6,0.0
2023-11,C2024Q3,T04,C2024Q3T04,3,VIC1-NSW1,VIC1,150,125,20793.0,0.0
2023-11,C2024Q4,T03,C2024Q4T03,3,NSW1-QLD1,NSW1,45,45,7653.6,0.0
2023-11,C2024Q4,T03,C2024Q4T03,3,NSW1-QLD1,QLD1,117,100,13314.24,0.0
2023-11,C2024Q4,T03,C2024Q4T03,3,V-SA,SA1,64,64,4000.0,0.0
2023-11,C2024Q4,T03,C2024Q4T03,3,V-SA,VIC1,73,73,12208.27,0.0
2023-11,C2024Q4,T03,C2024Q4T03,3,VIC1-NSW1,NSW1,108,108,824.69,0.0
2023-11,C2024Q4,T03,C2024Q4T03,3,VIC1-NSW1,VIC1,150,125,21443.0,0.0
2023-11,C2025Q1,T02,C2025Q1T02,3,NSW1-QLD1,NSW1,45,45,9996.89,0.0
2023-11,C2025Q1,T02,C2025Q1T02,3,NSW1-QLD1,QLD1,110,100,19072.8,0.0
2023-11,C2025Q1,T02,C2025Q1T02,3,V-SA,SA1,64,64,5407.5,0.0
2023-11,C2025Q1,T02,C2025Q1T02,3,V-SA,VIC1,73,73,18360.0,0.0
2023-11,C2025Q1,T02,C2025Q1T02,3,VIC1-NSW1,NSW1,108,108,3500.6,0.0
2023-11,C2025Q1,T02,C2025Q1T02,3,VIC1-NSW1,VIC1,135,125,21600.0,0.0
2023-11,C2025Q2,T01,C2025Q2T01,3,NSW1-QLD1,NSW1,45,45,4216.89,0.0
2023-11,C2025Q2,T01,C2025Q2T01,3,NSW1-QLD1,QLD1,100,100,21606.0,0.0
2023-11,C2025Q2,T01,C2025Q2T01,3,V-SA,SA1,64,64,3075.8,0.0
2023-11,C2025Q2,T01,C2025Q2T01,3,V-SA,VIC1,73,73,12500.0,0.0
2023-11,C2025Q2,T01,C2025Q2T01,3,VIC1-NSW1,NSW1,108,108,873.6,0.0
2023-11,C2025Q2,T01,C2025Q2T01,3,VIC1-NSW1,VIC1,125,125,18481.0,0.0
2023-11,C2022Q3,T12,C2022Q3T12,4,NSW1-QLD1,NSW1,106,55,5040.0,0.0
2023-11,C2022Q3,T12,C2022Q3T12,4,NSW1-QLD1,QLD1,233,100,10000.0,0.0
2023-11,C2022Q3,T12,C2022Q3T12,4,V-SA,SA1,115,66,5750.3,0.0
2023-11,C2022Q3,T12,C2022Q3T12,4,V-SA,VIC1,125,77,10278.0,0.0
2023-11,C2022Q3,T12,C2022Q3T12,4,VIC1-NSW1,NSW1,246,112,610.6,0.0
2023-11,C2022Q3,T12,C2022Q3T12,4,VIC1-NSW1,VIC1,232,172,38737.0,0.0
2023-11,C2022Q4,T11,C2022Q4T11,4,NSW1-QLD1,NSW1,80,45,11625.0,0.0
2023-11,C2022Q4,T11,C2022Q4T11,4,NSW1-QLD1,QLD1,260,100,11066.0,0.0
2023-11,C2022Q4,T11,C2022Q4T11,4,V-SA,SA1,100,64,6182.4,0.0
2023-11,C2022Q4,T11,C2022Q4T11,4,V-SA,VIC1,93,73,15687.91,0.0
2023-11,C2022Q4,T11,C2022Q4T11,4,VIC1-NSW1,NSW1,150,108,666.6,0.0
2023-11,C2022Q4,T11,C2022Q4T11,4,VIC1-NSW1,VIC1,208,145,44811.36,0.0
2023-11,C2023Q1,T10,C2023Q1T10,4,NSW1-QLD1,NSW1,80,45,19762.59,0.0
2023-11,C2023Q1,T10,C2023Q1T10,4,NSW1-QLD1,QLD1,301,110,17418.36,0.0
2023-11,C2023Q1,T10,C2023Q1T10,4,V-SA,SA1,84,64,7535.0,0.0
2023-11,C2023Q1,T10,C2023Q1T10,4,V-SA,VIC1,98,73,24624.61,0.0
2023-11,C2023Q1,T10,C2023Q1T10,4,VIC1-NSW1,NSW1,143,108,4500.0,0.0
2023-11,C2023Q1,T10,C2023Q1T10,4,VIC1-NSW1,VIC1,190,125,45360.46,0.0
2023-11,C2023Q2,T09,C2023Q2T09,4,NSW1-QLD1,NSW1,82,45,6499.89,0.0
2023-11,C2023Q2,T09,C2023Q2T09,4,NSW1-QLD1,QLD1,214,100,26000.0,0.0
2023-11,C2023Q2,T09,C2023Q2T09,4,V-SA,SA1,104,64,4500.0,0.0
2023-11,C2023Q2,T09,C2023Q2T09,4,V-SA,VIC1,98,73,16380.0,0.0
2023-11,C2023Q2,T09,C2023Q2T09,4,VIC1-NSW1,NSW1,320,108,900.0,0.0
2023-11,C2023Q2,T09,C2023Q2T09,4,VIC1-NSW1,VIC1,215,127,42000.0,0.0
2023-11,C2023Q3,T08,C2023Q3T08,4,NSW1-QLD1,NSW1,63,45,5495.89,0.0
2023-11,C2023Q3,T08,C2023Q3T08,4,NSW1-QLD1,QLD1,190,100,24636.83,0.0
2023-11,C2023Q3,T08,C2023Q3T08,4,V-SA,SA1,109,64,4000.0,0.0
2023-11,C2023Q3,T08,C2023Q3T08,4,V-SA,VIC1,98,73,15456.0,0.0
2023-11,C2023Q3,T08,C2023Q3T08,4,VIC1-NSW1,NSW1,225,108,937.0,0.0
2023-11,C2023Q3,T08,C2023Q3T08,4,VIC1-NSW1,VIC1,215,125,40752.46,0.0
2023-11,C2023Q4,T07,C2023Q4T07,4,NSW1-QLD1,NSW1,55,45,8663.0,0.0
2023-11,C2023Q4,T07,C2023Q4T07,4,NSW1-QLD1,QLD1,233,100,13907.2,0.0
2023-11,C2023Q4,T07,C2023Q4T07,4,V-SA,SA1,109,64,5142.5,0.0
2023-11,C2023Q4,T07,C2023Q4T07,4,V-SA,VIC1,93,73,9936.0,0.0
2023-11,C2023Q4,T07,C2023Q4T07,4,VIC1-NSW1,NSW1,157,108,1000.0,0.0
2023-11,C2023Q4,T07,C2023Q4T07,4,VIC1-NSW1,VIC1,202,150,40000.0,0.0
2023-11,C2024Q1,T06,C2024Q1T06,4,NSW1-QLD1,NSW1,55,45,13104.0,0.0
2023-11,C2024Q1,T06,C2024Q1T06,4,NSW1-QLD1,QLD1,165,100,17500.0,0.0
2023-11,C2024Q1,T06,C2024Q1T06,4,V-SA,SA1,64,64,5505.75,0.0
2023-11,C2024Q1,T06,C2024Q1T06,4,V-SA,VIC1,83,73,20716.66,0.0
2023-11,C2024Q1,T06,C2024Q1T06,4,VIC1-NSW1,NSW1,137,108,3276.0,0.0
2023-11,C2024Q1,T06,C2024Q1T06,4,VIC1-NSW1,VIC1,170,125,30000.0,0.0
2023-11,C2025Q1,T07,C2025Q1T07,4,VIC1-NSW1,NSW1,140,108,3969.0,0.0
2023-11,C2025Q1,T07,C2025Q1T07,4,VIC1-NSW1,VIC1,271,127,23237.28,0.0
2023-11,C2025Q2,T06,C2025Q2T06,4,NSW1-QLD1,NSW1,45,45,5460.0,0.0
2023-11,C2025Q2,T06,C2025Q2T06,4,NSW1-QLD1,QLD1,142,100,29123.0,0.0
2023-11,C2025Q2,T06,C2025Q2T06,4,V-SA,SA1,87,66,4333.0,0.0
2023-11,C2025Q2,T06,C2025Q2T06,4,V-SA,VIC1,98,73,16537.0,0.0
2023-11,C2025Q2,T06,C2025Q2T06,4,VIC1-NSW1,NSW1,177,111,1350.55,0.0
2023-11,C2025Q2,T06,C2025Q2T06,4,VIC1-NSW1,VIC1,249,125,23003.0,0.0
2023-11,C2025Q3,T05,C2025Q3T05,4,NSW1-QLD1,NSW1,45,45,6005.76,0.0
2023-11,C2025Q3,T05,C2025Q3T05,4,NSW1-QLD1,QLD1,145,100,30794.24,0.0
2023-11,C2025Q3,T05,C2025Q3T05,4,V-SA,SA1,116,64,4408.0,0.0
2023-11,C2025Q3,T05,C2025Q3T05,4,V-SA,VIC1,98,73,15047.13,0.0
2023-11,C2025Q3,T05,C2025Q3T05,4,VIC1-NSW1,NSW1,191,109,1349.99,0.0
2023-11,C2025Q3,T05,C2025Q3T05,4,VIC1-NSW1,VIC1,220,125,22660.54,0.0
2023-11,C2025Q4,T04,C2025Q4T04,4,NSW1-QLD1,NSW1,45,45,8923.0,0.0
2023-11,C2025Q4,T04,C2025Q4T04,4,NSW1-QLD1,QLD1,130,105,15125.21,0.0
2023-11,C2025Q4,T04,C2025Q4T04,4,V-SA,SA1,116,64,4325.89,0.0
2023-11,C2025Q4,T04,C2025Q4T04,4,V-SA,VIC1,88,73,12994.08,0.0
2023-11,C2025Q4,T04,C2025Q4T04,4,VIC1-NSW1,NSW1,108,108,882.0,0.0
2023-11,C2025Q4,T04,C2025Q4T04,4,VIC1-NSW1,VIC1,218,127,17150.0,0.0
2023-11,C2026Q1,T03,C2026Q1T03,4,NSW1-QLD1,NSW1,45,45,16953.3,0.0
2023-11,C2026Q1,T03,C2026Q1T03,4,NSW1-QLD1,QLD1,125,100,20190.0,0.0
2023-11,C2026Q1,T03,C2026Q1T03,4,V-SA,SA1,82,64,4500.89,0.0
2023-11,C2026Q1,T03,C2026Q1T03,4,V-SA,VIC1,85,73,18358.08,0.0
2023-11,C2026Q1,T03,C2026Q1T03,4,VIC1-NSW1,NSW1,128,108,3402.0,0.0
2023-11,C2026Q1,T03,C2026Q1T03,4,VIC1-NSW1,VIC1,163,125,16489.0,0.0
2023-11,C2026Q2,T02,C2026Q2T02,4,NSW1-QLD1,NSW1,45,45,5460.0,0.0
2023-11,C2026Q2,T02,C2026Q2T02,4,NSW1-QLD1,QLD1,105,100,29484.0,0.0
2023-11,C2026Q2,T02,C2026Q2T02,4,V-SA,SA1,73,64,3276.0,0.0
2023-11,C2026Q2,T02,C2026Q2T02,4,V-SA,VIC1,81,73,12500.0,0.0
2023-11,C2026Q2,T02,C2026Q2T02,4,VIC1-NSW1,NSW1,131,108,1004.0,0.0
2023-11,C2026Q2,T02,C2026Q2T02,4,VIC1-NSW1,VIC1,145,125,16960.98,0.0
2023-11,C2026Q3,T01,C2026Q3T01,4,NSW1-QLD1,NSW1,45,45,5520.0,0.0
2023-11,C2026Q3,T01,C2026Q3T01,4,NSW1-QLD1,QLD1,100,100,29605.0,0.0
2023-11,C2026Q3,T01,C2026Q3T01,4,V-SA,SA1,64,64,3312.0,0.0
2023-11,C2026Q3,T01,C2026Q3T01,4,V-SA,VIC1,73,73,12200.08,0.0
2023-11,C2026Q3,T01,C2026Q3T01,4,VIC1-NSW1,NSW1,108,108,1107.0,0.0
2023-11,C2026Q3,T01,C2026Q3T01,4,VIC1-NSW1,VIC1,125,125,16960.98,0.0
2023-11,C2022Q2,T12,C2022Q2T12,22,NSW1-QLD1,NSW1,127,100,4537.55,0.0
2023-11,C2022Q2,T12,C2022Q2T12,22,NSW1-QLD1,QLD1,207,100,7637.0,0.0
2023-11,C2022Q2,T12,C2022Q2T12,22,V-SA,SA1,106,66,4487.0,0.0
2023-11,C2022Q2,T12,C2022Q2T12,22,V-SA,VIC1,133,83,13539.0,0.0
2023-11,C2022Q2,T12,C2022Q2T12,22,VIC1-NSW1,NSW1,278,112,910.0,0.0
2023-11,C2022Q2,T12,C2022Q2T12,22,VIC1-NSW1,VIC1,225,125,19978.0,0.0
2023-11,C2022Q3,T11,C2022Q3T11,22,NSW1-QLD1,NSW1,84,60,4061.82,0.0
2023-11,C2022Q3,T11,C2022Q3T11,22,NSW1-QLD1,QLD1,244,100,13330.09,0.0
2023-11,C2022Q3,T11,C2022Q3T11,22,V-SA,SA1,113,64,5500.0,0.0
2023-11,C2022Q3,T11,C2022Q3T11,22,V-SA,VIC1,128,73,10000.0,0.0
2023-11,C2022Q3,T11,C2022Q3T11,22,VIC1-NSW1,NSW1,265,108,1198.0,0.0
2023-11,C2022Q3,T11,C2022Q3T11,22,VIC1-NSW1,VIC1,250,135,19272.0,0.0
2023-11,C2022Q4,T10,C2022Q4T10,22,NSW1-QLD1,NSW1,64,45,9300.0,0.0
2023-11,C2022Q4,T10,C2022Q4T10,22,NSW1-QLD1,QLD1,275,100,10925.0,0.0
2023-11,C2022Q4,T10,C2022Q4T10,22,V-SA,SA1,100,64,6046.0,0.0
2023-11,C2022Q4,T10,C2022Q4T10,22,V-SA,VIC1,158,73,10170.83,0.0
2023-11,C2022Q4,T10,C2022Q4T10,22,VIC1-NSW1,NSW1,174,112,1380.0,0.0
2023-11,C2022Q4,T10,C2022Q4T10,22,VIC1-NSW1,VIC1,268,135,24731.84,0.0
2023-11,C2023Q1,T09,C2023Q1T09,22,NSW1-QLD1,NSW1,64,48,15202.0,0.0
2023-11,C2024Q2,T10,C2024Q2T10,5,VIC1-NSW1,VIC1,279,125,24002.0,0.0
2023-11,C2024Q3,T09,C2024Q3T09,5,NSW1-QLD1,NSW1,57,49,5520.0,0.0
2023-11,C2024Q3,T09,C2024Q3T09,5,NSW1-QLD1,QLD1,228,100,28650.2,0.0
2023-11,C2024Q3,T09,C2024Q3T09,5,V-SA,SA1,131,64,5103.0,0.0
2023-11,C2024Q3,T09,C2024Q3T09,5,V-SA,VIC1,140,73,17280.04,0.0
2023-11,C2024Q3,T09,C2024Q3T09,5,VIC1-NSW1,NSW1,153,108,2000.23,0.0
2023-11,C2024Q3,T09,C2024Q3T09,5,VIC1-NSW1,VIC1,322,125,26400.0,0.0
2023-11,C2024Q4,T08,C2024Q4T08,5,NSW1-QLD1,NSW1,57,45,10294.08,0.0
2023-11,C2024Q4,T08,C2024Q4T08,5,NSW1-QLD1,QLD1,246,100,14250.0,0.0
2023-11,C2024Q4,T08,C2024Q4T08,5,V-SA,SA1,141,64,5225.0,0.0
2023-11,C2024Q4,T08,C2024Q4T08,5,V-SA,VIC1,92,73,16050.08,0.0
2023-11,C2024Q4,T08,C2024Q4T08,5,VIC1-NSW1,NSW1,120,108,1216.0,0.0
2023-11,C2024Q4,T08,C2024Q4T08,5,VIC1-NSW1,VIC1,349,165,20350.75,0.0
2023-11,C2025Q1,T07,C2025Q1T07,5,NSW1-QLD1,NSW1,47,47,17350.0,0.0
2023-11,C2025Q1,T07,C2025Q1T07,5,NSW1-QLD1,QLD1,207,102,18500.55,0.0
2023-11,C2025Q1,T07,C2025Q1T07,5,V-SA,SA1,76,64,6308.0,0.0
2023-11,C2025Q1,T07,C2025Q1T07,5,V-SA,VIC1,103,73,26506.0,0.0
2023-11,C2025Q1,T07,C2025Q1T07,5,VIC1-NSW1,NSW1,140,108,3969.0,0.0
2023-11,C2025Q1,T07,C2025Q1T07,5,VIC1-NSW1,VIC1,271,127,23237.28,0.0
2023-11,C2025Q2,T06,C2025Q2T06,5,NSW1-QLD1,NSW1,45,45,5460.0,0.0
2023-11,C2025Q2,T06,C2025Q2T06,5,NSW1-QLD1,QLD1,142,100,29123.0,0.0
2023-11,C2025Q2,T06,C2025Q2T06,5,V-SA,SA1,87,66,4333.0,0.0
2023-11,C2025Q2,T06,C2025Q2T06,5,V-SA,VIC1,98,73,16537.0,0.0
2023-11,C2025Q2,T06,C2025Q2T06,5,VIC1-NSW1,NSW1,177,111,1350.55,0.0
2023-11,C2025Q2,T06,C2025Q2T06,5,VIC1-NSW1,VIC1,249,125,23003.0,0.0
2023-11,C2025Q3,T05,C2025Q3T05,5,NSW1-QLD1,NSW1,45,45,6005.76,0.0
2023-11,C2025Q3,T05,C2025Q3T05,5,NSW1-QLD1,QLD1,145,100,30794.24,0.0
2023-11,C2025Q3,T05,C2025Q3T05,5,V-SA,SA1,116,64,4408.0,0.0
2023-11,C2025Q3,T05,C2025Q3T05,5,V-SA,VIC1,98,73,15047.13,0.0
2023-11,C2025Q3,T05,C2025Q3T05,5,VIC1-NSW1,NSW1,191,109,1349.99,0.0
2023-11,C2025Q3,T05,C2025Q3T05,5,VIC1-NSW1,VIC1,220,125,22660.54,0.0
2023-11,C2025Q4,T04,C2025Q4T04,5,NSW1-QLD1,NSW1,45,45,8923.0,0.0
2023-11,C2025Q4,T04,C2025Q4T04,5,NSW1-QLD1,QLD1,130,105,15125.21,0.0
2023-11,C2025Q4,T04,C2025Q4T04,5,V-SA,SA1,116,64,4325.89,0.0
2023-11,C2025Q4,T04,C2025Q4T04,5,V-SA,VIC1,88,73,12994.08,0.0
2023-11,C2025Q4,T04,C2025Q4T04,5,VIC1-NSW1,NSW1,108,108,882.0,0.0
2023-11,C2025Q4,T04,C2025Q4T04,5,VIC1-NSW1,VIC1,218,127,17150.0,0.0
2023-11,C2026Q1,T03,C2026Q1T03,5,NSW1-QLD1,NSW1,45,45,16953.3,0.0
2023-11,C2026Q1,T03,C2026Q1T03,5,NSW1-QLD1,QLD1,125,100,20190.0,0.0
2023-11,C2026Q1,T03,C2026Q1T03,5,V-SA,SA1,82,64,4500.89,0.0
2023-11,C2026Q1,T03,C2026Q1T03,5,V-SA,VIC1,85,73,18358.08,0.0
2023-11,C2026Q1,T03,C2026Q1T03,5,VIC1-NSW1,NSW1,128,108,3402.0,0.0
2023-11,C2026Q1,T03,C2026Q1T03,5,VIC1-NSW1,VIC1,163,125,16489.0,0.0
2023-11,C2026Q2,T02,C2026Q2T02,5,NSW1-QLD1,NSW1,45,45,5460.0,0.0
2023-11,C2026Q2,T02,C2026Q2T02,5,NSW1-QLD1,QLD1,105,100,29484.0,0.0
2023-11,C2026Q2,T02,C2026Q2T02,5,V-SA,SA1,73,64,3276.0,0.0
2023-11,C2026Q2,T02,C2026Q2T02,5,V-SA,VIC1,81,73,12500.0,0.0
2023-11,C2026Q2,T02,C2026Q2T02,5,VIC1-NSW1,NSW1,131,108,1004.0,0.0
2023-11,C2026Q2,T02,C2026Q2T02,5,VIC1-NSW1,VIC1,145,125,16960.98,0.0
2023-11,C2026Q3,T01,C2026Q3T01,5,NSW1-QLD1,NSW1,45,45,5520.0,0.0
2023-11,C2026Q3,T01,C2026Q3T01,5,NSW1-QLD1,QLD1,100,100,29605.0,0.0
2023-11,C2026Q3,T01,C2026Q3T01,5,V-SA,SA1,64,64,3312.0,0.0
2023-11,C2026Q3,T01,C2026Q3T01,5,V-SA,VIC1,73,73,12200.08,0.0
2023-11,C2026Q3,T01,C2026Q3T01,5,VIC1-NSW1,NSW1,108,108,1107.0,0.0
2023-11,C2026Q3,T01,C2026Q3T01,5,VIC1-NSW1,VIC1,125,125,16960.98,0.0
2023-11,C2022Q3,T12,C2022Q3T12,9,NSW1-QLD1,NSW1,106,55,5040.0,0.0
2023-11,C2022Q3,T12,C2022Q3T12,9,NSW1-QLD1,QLD1,233,100,10000.0,0.0
2023-11,C2022Q3,T12,C2022Q3T12,9,V-SA,SA1,115,66,5750.3,0.0
2023-11,C2022Q3,T12,C2022Q3T12,9,V-SA,VIC1,125,77,10278.0,0.0
2023-11,C2022Q3,T12,C2022Q3T12,9,VIC1-NSW1,NSW1,246,112,610.6,0.0
2023-11,C2022Q3,T12,C2022Q3T12,9,VIC1-NSW1,VIC1,232,172,38737.0,0.0
2023-11,C2022Q4,T11,C2022Q4T11,9,NSW1-QLD1,NSW1,80,45,11625.0,0.0
2023-11,C2022Q4,T11,C2022Q4T11,9,NSW1-QLD1,QLD1,260,100,11066.0,0.0
2023-11,C2022Q4,T11,C2022Q4T11,9,V-SA,SA1,100,64,6182.4,0.0
2023-11,C2022Q4,T11,C2022Q4T11,9,V-SA,VIC1,93,73,15687.91,0.0
2023-11,C2022Q4,T11,C2022Q4T11,9,VIC1-NSW1,NSW1,150,108,666.6,0.0
2023-11,C2022Q4,T11,C2022Q4T11,9,VIC1-NSW1,VIC1,208,145,44811.36,0.0
2023-11,C2023Q1,T10,C2023Q1T10,9,NSW1-QLD1,NSW1,80,45,19762.59,0.0
2023-11,C2023Q1,T10,C2023Q1T10,9,NSW1-QLD1,QLD1,301,110,17418.36,0.0
2023-11,C2023Q1,T10,C2023Q1T10,9,V-SA,SA1,84,64,7535.0,0.0
2023-11,C2023Q1,T10,C2023Q1T10,9,V-SA,VIC1,98,73,24624.61,0.0
2023-11,C2023Q1,T10,C2023Q1T10,9,VIC1-NSW1,NSW1,143,108,4500.0,0.0
2023-11,C2023Q1,T10,C2023Q1T10,9,VIC1-NSW1,VIC1,190,125,45360.46,0.0
2023-11,C2023Q2,T09,C2023Q2T09,9,NSW1-QLD1,NSW1,82,45,6499.89,0.0
2023-11,C2023Q2,T09,C2023Q2T09,9,NSW1-QLD1,QLD1,214,100,26000.0,0.0
2023-11,C2023Q2,T09,C2023Q2T09,9,V-SA,SA1,104,64,4500.0,0.0
2023-11,C2023Q2,T09,C2023Q2T09,9,V-SA,VIC1,98,73,16380.0,0.0
2023-11,C2023Q2,T09,C2023Q2T09,9,VIC1-NSW1,NSW1,320,108,900.0,0.0
2023-11,C2023Q2,T09,C2023Q2T09,9,VIC1-NSW1,VIC1,215,127,42000.0,0.0
2023-11,C2023Q3,T08,C2023Q3T08,9,NSW1-QLD1,NSW1,63,45,5495.89,0.0
2023-11,C2023Q3,T08,C2023Q3T08,9,NSW1-QLD1,QLD1,190,100,24636.83,0.0
2023-11,C2023Q3,T08,C2023Q3T08,9,V-SA,SA1,109,64,4000.0,0.0
2023-11,C2023Q3,T08,C2023Q3T08,9,V-SA,VIC1,98,73,15456.0,0.0
2023-11,C2023Q3,T08,C2023Q3T08,9,VIC1-NSW1,NSW1,225,108,937.0,0.0
2023-11,C2023Q3,T08,C2023Q3T08,9,VIC1-NSW1,VIC1,215,125,40752.46,0.0
2023-11,C2023Q4,T07,C2023Q4T07,9,NSW1-QLD1,NSW1,55,45,8663.0,0.0
2023-11,C2023Q4,T07,C2023Q4T07,9,NSW1-QLD1,QLD1,233,100,13907.2,0.0
2023-11,C2023Q4,T07,C2023Q4T07,9,V-SA,SA1,109,64,5142.5,0.0
2023-11,C2023Q4,T07,C2023Q4T07,9,V-SA,VIC1,93,73,9936.0,0.0
2023-11,C2023Q4,T07,C2023Q4T07,9,VIC1-NSW1,NSW1,157,108,1000.0,0.0
2023-11,C2023Q4,T07,C2023Q4T07,9,VIC1-NSW1,VIC1,202,150,40000.0,0.0
2023-11,C2024Q1,T06,C2024Q1T06,9,NSW1-QLD1,NSW1,55,45,13104.0,0.0
2023-11,C2024Q1,T06,C2024Q1T06,9,NSW1-QLD1,QLD1,165,100,17500.0,0.0
2023-11,C2024Q1,T06,C2024Q1T06,9,V-SA,SA1,64,64,5505.75,0.0
2023-11,C2024Q1,T06,C2024Q1T06,9,V-SA,VIC1,83,73,20716.66,0.0
2023-11,C2024Q1,T06,C2024Q1T06,9,VIC1-NSW1,NSW1,137,108,3276.0,0.0
2023-11,C2024Q1,T06,C2024Q1T06,9,VIC1-NSW1,VIC1,170,125,30000.0,0.0
2023-11,C2024Q2,T05,C2024Q2T05,9,NSW1-QLD1,NSW1,45,45,4496.89,0.0
2023-11,C2024Q2,T05,C2024Q2T05,9,NSW1-QLD1,QLD1,130,100,25538.71,0.0
2023-11,C2024Q2,T05,C2024Q2T05,9,V-SA,SA1,109,64,3075.8,0.0
2023-11,C2024Q2,T05,C2024Q2T05,9,V-SA,VIC1,83,73,16380.0,0.0
2023-11,C2024Q2,T05,C2024Q2T05,9,VIC1-NSW1,NSW1,164,108,873.6,0.0
2023-11,C2024Q2,T05,C2024Q2T05,9,VIC1-NSW1,VIC1,170,125,21169.0,0.0
2023-11,C2024Q3,T04,C2024Q3T04,9,NSW1-QLD1,NSW1,45,45,4496.89,0.0
2023-11,C2024Q3,T04,C2024Q3T04,9,NSW1-QLD1,QLD1,110,100,20444.61,0.0
2023-11,C2024Q3,T04,C2024Q3T04,9,V-SA,SA1,67,64,3746.52,0.0
2023-11,C2024Q3,T04,C2024Q3T04,9,V-SA,VIC1,83,73,15456.0,0.0
2023-11,C2024Q3,T04,C2024Q3T04,9,VIC1-NSW1,NSW1,108,108,750.6,0.0
2023-11,C2024Q3,T04,C2024Q3T04,9,VIC1-NSW1,VIC1,150,125,20793.0,0.0
2023-11,C2024Q4,T03,C2024Q4T03,9,NSW1-QLD1,NSW1,45,45,7653.6,0.0
2023-11,C2024Q4,T03,C2024Q4T03,9,NSW1-QLD1,QLD1,117,100,13314.24,0.0
2023-11,C2024Q4,T03,C2024Q4T03,9,V-SA,SA1,64,64,4000.0,0.0
2023-11,C2024Q4,T03,C2024Q4T03,9,V-SA,VIC1,73,73,12208.27,0.0
2023-11,C2024Q4,T03,C2024Q4T03,9,VIC1-NSW1,NSW1,108,108,824.69,0.0
2023-11,C2024Q4,T03,C2024Q4T03,9,VIC1-NSW1,VIC1,150,125,21443.0,0.0
2023-11,C2025Q1,T02,C2025Q1T02,9,NSW1-QLD1,NSW1,45,45,9996.89,0.0
2023-11,C2025Q1,T02,C2025Q1T02,9,NSW1-QLD1,QLD1,110,100,19072.8,0.0
2023-11,C2025Q1,T02,C2025Q1T02,9,V-SA,SA1,64,64,5407.5,0.0
2023-11,C2025Q1,T02,C2025Q1T02,9,V-SA,VIC1,73,73,18360.0,0.0
2023-11,C2025Q1,T02,C2025Q1T02,9,VIC1-NSW1,NSW1,108,108,3500.6,0.0
2023-11,C2025Q1,T02,C2025Q1T02,9,VIC1-NSW1,VIC1,135,125,21600.0,0.0
2023-11,C2025Q2,T01,C2025Q2T01,9,NSW1-QLD1,NSW1,45,45,4216.89,0.0
2023-11,C2025Q2,T01,C2025Q2T01,9,NSW1-QLD1,QLD1,100,100,21606.0,0.0
2023-11,C2025Q2,T01,C2025Q2T01,9,V-SA,SA1,64,64,3075.8,0.0
2023-11,C2025Q2,T01,C2025Q2T01,9,V-SA,VIC1,73,73,12500.0,0.0
2023-11,C2025Q2,T01,C2025Q2T01,9,VIC1-NSW1,NSW1,108,108,873.6,0.0
2023-11,C2025Q2,T01,C2025Q2T01,9,VIC1-NSW1,VIC1,125,125,18481.0,0.0
2023-11,C2022Q4,T12,C2022Q4T12,6,NSW1-QLD1,NSW1,95,55,17437.5,0.0
2023-11,C2022Q4,T12,C2022Q4T12,6,NSW1-QLD1,QLD1,335,115,12800.71,0.0
2023-11,C2025Q1,T07,C2025Q1T07,10,NSW1-QLD1,NSW1,47,47,17350.0,0.0
2023-11,C2025Q1,T07,C2025Q1T07,10,NSW1-QLD1,QLD1,207,102,18500.55,0.0
2023-11,C2025Q1,T07,C2025Q1T07,10,V-SA,SA1,76,64,6308.0,0.0
2023-11,C2025Q1,T07,C2025Q1T07,10,V-SA,VIC1,103,73,26506.0,0.0
2023-11,C2025Q1,T07,C2025Q1T07,10,VIC1-NSW1,NSW1,140,108,3969.0,0.0
2023-11,C2025Q1,T07,C2025Q1T07,10,VIC1-NSW1,VIC1,271,127,23237.28,0.0
2023-11,C2025Q2,T06,C2025Q2T06,10,NSW1-QLD1,NSW1,45,45,5460.0,0.0
2023-11,C2025Q2,T06,C2025Q2T06,10,NSW1-QLD1,QLD1,142,100,29123.0,0.0
2023-11,C2025Q2,T06,C2025Q2T06,10,V-SA,SA1,87,66,4333.0,0.0
2023-11,C2025Q2,T06,C2025Q2T06,10,V-SA,VIC1,98,73,16537.0,0.0
2023-11,C2025Q2,T06,C2025Q2T06,10,VIC1-NSW1,NSW1,177,111,1350.55,0.0
2023-11,C2025Q2,T06,C2025Q2T06,10,VIC1-NSW1,VIC1,249,125,23003.0,0.0
2023-11,C2025Q3,T05,C2025Q3T05,10,NSW1-QLD1,NSW1,45,45,6005.76,0.0
2023-11,C2025Q3,T05,C2025Q3T05,10,NSW1-QLD1,QLD1,145,100,30794.24,0.0
2023-11,C2025Q3,T05,C2025Q3T05,10,V-SA,SA1,116,64,4408.0,0.0
2023-11,C2025Q3,T05,C2025Q3T05,10,V-SA,VIC1,98,73,15047.13,0.0
2023-11,C2025Q3,T05,C2025Q3T05,10,VIC1-NSW1,NSW1,191,109,1349.99,0.0
2023-11,C2025Q3,T05,C2025Q3T05,10,VIC1-NSW1,VIC1,220,125,22660.54,0.0
2023-11,C2025Q4,T04,C2025Q4T04,10,NSW1-QLD1,NSW1,45,45,8923.0,0.0
2023-11,C2025Q4,T04,C2025Q4T04,10,NSW1-QLD1,QLD1,130,105,15125.21,0.0
2023-11,C2025Q4,T04,C2025Q4T04,10,V-SA,SA1,116,64,4325.89,0.0
2023-11,C2025Q4,T04,C2025Q4T04,10,V-SA,VIC1,88,73,12994.08,0.0
2023-11,C2025Q4,T04,C2025Q4T04,10,VIC1-NSW1,NSW1,108,108,882.0,0.0
2023-11,C2025Q4,T04,C2025Q4T04,10,VIC1-NSW1,VIC1,218,127,17150.0,0.0
2023-11,C2026Q1,T03,C2026Q1T03,10,NSW1-QLD1,NSW1,45,45,16953.3,0.0
2023-11,C2026Q1,T03,C2026Q1T03,10,NSW1-QLD1,QLD1,125,100,20190.0,0.0
2023-11,C2026Q1,T03,C2026Q1T03,10,V-SA,SA1,82,64,4500.89,0.0
2023-11,C2026Q1,T03,C2026Q1T03,10,V-SA,VIC1,85,73,18358.08,0.0
2023-11,C2026Q1,T03,C2026Q1T03,10,VIC1-NSW1,NSW1,128,108,3402.0,0.0
2023-11,C2026Q1,T03,C2026Q1T03,10,VIC1-NSW1,VIC1,163,125,16489.0,0.0
2023-11,C2026Q2,T02,C2026Q2T02,10,NSW1-QLD1,NSW1,45,45,5460.0,0.0
2023-11,C2026Q2,T02,C2026Q2T02,10,NSW1-QLD1,QLD1,105,100,29484.0,0.0
2023-11,C2026Q2,T02,C2026Q2T02,10,V-SA,SA1,73,64,3276.0,0.0
2023-11,C2026Q2,T02,C2026Q2T02,10,V-SA,VIC1,81,73,12500.0,0.0
2023-11,C2026Q2,T02,C2026Q2T02,10,VIC1-NSW1,NSW1,131,108,1004.0,0.0
2023-11,C2026Q2,T02,C2026Q2T02,10,VIC1-NSW1,VIC1,145,125,16960.98,0.0
2023-11,C2026Q3,T01,C2026Q3T01,10,NSW1-QLD1,NSW1,45,45,5520.0,0.0
2023-11,C2026Q3,T01,C2026Q3T01,10,NSW1-QLD1,QLD1,100,100,29605.0,0.0
2023-11,C2026Q3,T01,C2026Q3T01,10,V-SA,SA1,64,64,3312.0,0.0
2023-11,C2026Q3,T01,C2026Q3T01,10,V-SA,VIC1,73,73,12200.08,0.0
2023-11,C2026Q3,T01,C2026Q3T01,10,VIC1-NSW1,NSW1,108,108,1107.0,0.0
2023-11,C2026Q3,T01,C2026Q3T01,10,VIC1-NSW1,VIC1,125,125,16960.98,0.0
2023-11,C2022Q4,T12,C2022Q4T12,8,NSW1-QLD1,NSW1,95,55,17437.5,0.0
2023-11,C2022Q4,T12,C2022Q4T12,8,NSW1-QLD1,QLD1,335,115,12800.71,0.0
2023-11,C2022Q4,T12,C2022Q4T12,8,V-SA,SA1,106,66,6869.99,0.0
2023-11,C2022Q4,T12,C2022Q4T12,8,V-SA,VIC1,117,77,25000.0,0.0
2023-11,C2022Q4,T12,C2022Q4T12,8,VIC1-NSW1,NSW1,169,112,989.38,0.0
2023-11,C2022Q4,T12,C2022Q4T12,8,VIC1-NSW1,VIC1,253,145,46417.0,0.0
2023-11,C2023Q1,T11,C2023Q1T11,8,NSW1-QLD1,NSW1,65,45,23000.0,0.0
2023-11,C2023Q1,T11,C2023Q1T11,8,NSW1-QLD1,QLD1,295,110,16660.71,0.0
2023-11,C2023Q1,T11,C2023Q1T11,8,V-SA,SA1,94,64,8288.5,0.0
2023-11,C2023Q1,T11,C2023Q1T11,8,V-SA,VIC1,103,73,30000.0,0.0
2023-11,C2023Q1,T11,C2023Q1T11,8,VIC1-NSW1,NSW1,143,113,5000.0,0.0
2023-11,C2023Q1,T11,C2023Q1T11,8,VIC1-NSW1,VIC1,240,130,43320.0,0.0
2023-11,C2023Q2,T10,C2023Q2T10,8,NSW1-QLD1,NSW1,94,45,7800.0,0.0
2023-11,C2023Q2,T10,C2023Q2T10,8,NSW1-QLD1,QLD1,239,113,36800.0,0.0
2023-11,C2023Q2,T10,C2023Q2T10,8,V-SA,SA1,136,64,5600.03,0.0
2023-11,C2023Q2,T10,C2023Q2T10,8,V-SA,VIC1,103,73,21000.0,0.0
2023-11,C2023Q2,T10,C2023Q2T10,8,VIC1-NSW1,NSW1,287,108,2257.0,0.0
2023-11,C2023Q2,T10,C2023Q2T10,8,VIC1-NSW1,VIC1,261,134,48000.0,0.0
2023-11,C2023Q3,T09,C2023Q3T09,8,NSW1-QLD1,NSW1,75,45,6869.86,0.0
2023-11,C2023Q3,T09,C2023Q3T09,8,NSW1-QLD1,QLD1,210,105,30000.0,0.0
2023-11,C2023Q3,T09,C2023Q3T09,8,V-SA,SA1,114,64,6400.03,0.0
2023-11,C2023Q3,T09,C2023Q3T09,8,V-SA,VIC1,103,73,20000.0,0.0
2023-11,C2023Q3,T09,C2023Q3T09,8,VIC1-NSW1,NSW1,225,118,2840.0,0.0
2023-11,C2023Q3,T09,C2023Q3T09,8,VIC1-NSW1,VIC1,264,145,41830.25,0.0
2023-11,C2023Q4,T08,C2023Q4T08,8,NSW1-QLD1,NSW1,65,45,11578.0,0.0
2023-11,C2023Q4,T08,C2023Q4T08,8,NSW1-QLD1,QLD1,220,100,14100.98,0.0
2023-11,C2023Q4,T08,C2023Q4T08,8,V-SA,SA1,109,64,6200.03,0.0
2023-11,C2023Q4,T08,C2023Q4T08,8,V-SA,VIC1,103,73,17928.96,0.0
2023-11,C2023Q4,T08,C2023Q4T08,8,VIC1-NSW1,NSW1,152,108,1477.0,0.0
2023-11,C2023Q4,T08,C2023Q4T08,8,VIC1-NSW1,VIC1,262,159,43000.0,0.0
2023-11,C2024Q1,T07,C2024Q1T07,8,NSW1-QLD1,NSW1,65,45,16421.87,0.0
2023-11,C2024Q1,T07,C2024Q1T07,8,NSW1-QLD1,QLD1,195,100,17000.0,0.0
2023-11,C2024Q1,T07,C2024Q1T07,8,V-SA,SA1,84,64,6909.01,0.0
2023-11,C2024Q1,T07,C2024Q1T07,8,V-SA,VIC1,83,73,30000.0,0.0
2023-11,C2024Q1,T07,C2024Q1T07,8,VIC1-NSW1,NSW1,137,108,4000.0,0.0
2023-11,C2024Q1,T07,C2024Q1T07,8,VIC1-NSW1,VIC1,210,125,31875.0,0.0
2023-11,C2024Q2,T06,C2024Q2T06,8,NSW1-QLD1,NSW1,68,47,6621.11,0.0
2023-11,C2024Q2,T06,C2024Q2T06,8,NSW1-QLD1,QLD1,162,100,29505.84,0.0
2023-11,C2024Q2,T06,C2024Q2T06,8,V-SA,SA1,114,64,5008.0,0.0
2023-11,C2024Q2,T06,C2024Q2T06,8,V-SA,VIC1,83,73,22113.0,0.0
2023-11,C2024Q2,T06,C2024Q2T06,8,VIC1-NSW1,NSW1,184,108,1908.0,0.0
2023-11,C2024Q2,T06,C2024Q2T06,8,VIC1-NSW1,VIC1,215,125,25000.0,0.0
2023-11,C2024Q3,T05,C2024Q3T05,8,NSW1-QLD1,NSW1,68,50,6624.0,0.0
2023-11,C2024Q3,T05,C2024Q3T05,8,NSW1-QLD1,QLD1,165,100,28337.47,0.0
2023-11,C2024Q3,T05,C2024Q3T05,8,V-SA,SA1,105,64,5600.0,0.0
2023-11,C2024Q3,T05,C2024Q3T05,8,V-SA,VIC1,83,73,20000.0,0.0
2023-11,C2024Q3,T05,C2024Q3T05,8,VIC1-NSW1,NSW1,131,108,1932.0,0.0
2023-11,C2024Q3,T05,C2024Q3T05,8,VIC1-NSW1,VIC1,198,125,25000.0,0.0
2023-11,C2024Q4,T04,C2024Q4T04,8,NSW1-QLD1,NSW1,65,45,9003.0,0.0
2023-11,C2024Q4,T04,C2024Q4T04,8,NSW1-QLD1,QLD1,157,117,16115.83,0.0
2023-11,C2024Q4,T04,C2024Q4T04,8,V-SA,SA1,90,64,5468.0,0.0
2023-11,C2024Q4,T04,C2024Q4T04,8,V-SA,VIC1,73,73,18000.0,0.0
2023-11,C2024Q4,T04,C2024Q4T04,8,VIC1-NSW1,NSW1,108,108,1200.0,0.0
2023-11,C2024Q4,T04,C2024Q4T04,8,VIC1-NSW1,VIC1,165,125,25000.0,0.0
2023-11,C2025Q1,T03,C2025Q1T03,8,NSW1-QLD1,NSW1,47,45,11805.0,0.0
2023-11,C2025Q1,T03,C2025Q1T03,8,NSW1-QLD1,QLD1,134,100,20980.08,0.0
2023-11,C2025Q1,T03,C2025Q1T03,8,V-SA,SA1,64,64,7206.0,0.0
2023-11,C2025Q1,T03,C2025Q1T03,8,V-SA,VIC1,76,73,30000.0,0.0
2023-11,C2025Q1,T03,C2025Q1T03,8,VIC1-NSW1,NSW1,108,108,3850.66,0.0
2023-11,C2025Q1,T03,C2025Q1T03,8,VIC1-NSW1,VIC1,144,125,25000.0,0.0
2023-11,C2025Q2,T02,C2025Q2T02,8,NSW1-QLD1,NSW1,52,45,6597.87,0.0
2023-11,C2025Q2,T02,C2025Q2T02,8,NSW1-QLD1,QLD1,100,100,29267.78,0.0
2023-11,C2025Q2,T02,C2025Q2T02,8,V-SA,SA1,64,64,3900.03,0.0
2023-11,C2025Q2,T02,C2025Q2T02,8,V-SA,VIC1,73,73,17963.4,0.0
2023-11,C2025Q2,T02,C2025Q2T02,8,VIC1-NSW1,NSW1,108,108,1447.0,0.0
2023-11,C2025Q2,T02,C2025Q2T02,8,VIC1-NSW1,VIC1,125,125,24120.09,0.0
2023-11,C2025Q3,T01,C2025Q3T01,8,NSW1-QLD1,NSW1,45,45,7320.53,0.0
2023-11,C2025Q3,T01,C2025Q3T01,8,NSW1-QLD1,QLD1,100,100,30910.9,0.0
2023-11,C2025Q3,T01,C2025Q3T01,8,V-SA,SA1,64,64,4384.0,0.0
2023-11,C2025Q3,T01,C2025Q3T01,8,V-SA,VIC1,73,73,18500.0,0.0
2023-11,C2025Q3,T01,C2025Q3T01,8,VIC1-NSW1,NSW1,108,108,1292.28,0.0
2023-11,C2025Q3,T01,C2025Q3T01,8,VIC1-NSW1,VIC1,125,125,25920.09,0.0
2023-11,C2023Q1,T12,C2023Q1T12,8,NSW1-QLD1,NSW1,95,58,23500.0,0.0
2023-11,C2023Q1,T12,C2023Q1T12,8,NSW1-QLD1,QLD1,316,148,15000.0,0.0
2023-11,C2023Q1,T12,C2023Q1T12,8,V-SA,SA1,99,81,8372.0,0.0
2023-11,C2023Q1,T12,C2023Q1T12,8,V-SA,VIC1,129,88,31200.0,0.0
2023-11,C2023Q1,T12,C2023Q1T12,8,VIC1-NSW1,NSW1,147,122,5050.0,0.0
2023-11,C2023Q1,T12,C2023Q1T12,8,VIC1-NSW1,VIC1,285,125,29361.81,0.0
2023-11,C2023Q2,T11,C2023Q2T11,8,NSW1-QLD1,NSW1,86,74,7562.0,0.0
2023-11,C2023Q2,T11,C2023Q2T11,8,NSW1-QLD1,QLD1,298,105,24000.0,0.0
2023-11,C2023Q2,T11,C2023Q2T11,8,V-SA,SA1,138,76,6300.94,0.0
2023-11,C2023Q2,T11,C2023Q2T11,8,V-SA,VIC1,142,73,21000.0,0.0
2023-11,C2023Q2,T11,C2023Q2T11,8,VIC1-NSW1,NSW1,291,125,2931.0,0.0
2023-11,C2023Q2,T11,C2023Q2T11,8,VIC1-NSW1,VIC1,293,132,25000.0,0.0
2023-11,C2023Q3,T10,C2023Q3T10,8,NSW1-QLD1,NSW1,67,58,8080.33,0.0
2023-11,C2023Q3,T10,C2023Q3T10,8,NSW1-QLD1,QLD1,255,100,18600.0,0.0
2023-11,C2023Q3,T10,C2023Q3T10,8,V-SA,SA1,136,64,7380.0,0.0
2023-11,C2023Q3,T10,C2023Q3T10,8,V-SA,VIC1,193,73,19954.0,0.0
2023-11,C2023Q3,T10,C2023Q3T10,8,VIC1-NSW1,NSW1,213,131,3244.04,0.0
2023-11,C2023Q3,T10,C2023Q3T10,8,VIC1-NSW1,VIC1,273,125,25000.0,0.0
2023-11,C2023Q4,T09,C2023Q4T09,8,NSW1-QLD1,NSW1,57,45,12156.0,0.0
2023-11,C2023Q4,T09,C2023Q4T09,8,NSW1-QLD1,QLD1,198,111,14000.0,0.0
2023-11,C2023Q4,T09,C2023Q4T09,8,V-SA,SA1,131,64,6667.13,0.0
2023-11,C2023Q4,T09,C2023Q4T09,8,V-SA,VIC1,170,73,17997.83,0.0
2023-11,C2023Q4,T09,C2023Q4T09,8,VIC1-NSW1,NSW1,160,108,1435.2,0.0
2023-11,C2023Q4,T09,C2023Q4T09,8,VIC1-NSW1,VIC1,259,125,25000.0,0.0
2023-11,C2024Q1,T08,C2024Q1T08,8,NSW1-QLD1,NSW1,82,45,18000.96,0.0
2023-11,C2024Q1,T08,C2024Q1T08,8,NSW1-QLD1,QLD1,173,100,16991.52,0.0
2023-11,C2024Q1,T08,C2024Q1T08,8,V-SA,SA1,76,64,7644.0,0.0
2023-11,C2024Q1,T08,C2024Q1T08,8,V-SA,VIC1,174,88,47000.99,0.0
2023-11,C2024Q1,T08,C2024Q1T08,8,VIC1-NSW1,NSW1,141,108,4001.0,0.0
2023-11,C2024Q1,T08,C2024Q1T08,8,VIC1-NSW1,VIC1,264,125,25500.42,0.0
2023-11,C2024Q2,T07,C2024Q2T07,8,NSW1-QLD1,NSW1,60,54,7368.0,0.0
2023-11,C2024Q2,T07,C2024Q2T07,8,NSW1-QLD1,QLD1,158,100,27846.0,0.0
2023-11,C2024Q2,T07,C2024Q2T07,8,V-SA,SA1,111,64,6260.0,0.0
2023-11,C2024Q2,T07,C2024Q2T07,8,V-SA,VIC1,131,73,20124.0,0.0
2023-11,C2024Q2,T07,C2024Q2T07,8,VIC1-NSW1,NSW1,202,110,2385.0,0.0
2023-11,C2024Q2,T07,C2024Q2T07,8,VIC1-NSW1,VIC1,178,125,24200.42,0.0
2023-11,C2024Q3,T06,C2024Q3T06,8,NSW1-QLD1,NSW1,60,54,7416.0,0.0
2023-11,C2024Q3,T06,C2024Q3T06,8,NSW1-QLD1,QLD1,158,100,25833.6,0.0
2023-11,C2024Q3,T06,C2024Q3T06,8,V-SA,SA1,103,64,6805.0,0.0
2023-11,C2024Q3,T06,C2024Q3T06,8,V-SA,VIC1,108,73,21000.0,0.0
2023-11,C2024Q3,T06,C2024Q3T06,8,VIC1-NSW1,NSW1,139,108,2415.0,0.0
2023-11,C2024Q3,T06,C2024Q3T06,8,VIC1-NSW1,VIC1,178,125,23760.68,0.0
2023-11,C2024Q4,T05,C2024Q4T05,8,NSW1-QLD1,NSW1,57,45,10669.33,0.0
2023-11,C2024Q4,T05,C2024Q4T05,8,NSW1-QLD1,QLD1,143,103,14352.0,0.0
2023-11,C2024Q4,T05,C2024Q4T05,8,V-SA,SA1,109,68,6692.83,0.0
2023-11,C2024Q4,T05,C2024Q4T05,8,V-SA,VIC1,99,73,17100.0,0.0
2023-11,C2024Q4,T05,C2024Q4T05,8,VIC1-NSW1,NSW1,126,108,1104.0,0.0
2023-11,C2024Q4,T05,C2024Q4T05,8,VIC1-NSW1,VIC1,153,125,20000.0,0.0
2023-11,C2025Q1,T04,C2025Q1T04,8,NSW1-QLD1,NSW1,47,45,13333.33,0.0
2023-11,C2025Q1,T04,C2025Q1T04,8,NSW1-QLD1,QLD1,125,100,14000.0,0.0
2023-11,C2025Q1,T04,C2025Q1T04,8,V-SA,SA1,64,64,7371.0,0.0
2023-11,C2025Q1,T04,C2025Q1T04,8,V-SA,VIC1,120,73,40009.0,0.0
2023-11,C2025Q1,T04,C2025Q1T04,8,VIC1-NSW1,NSW1,109,108,4006.0,0.0
2023-11,C2025Q1,T04,C2025Q1T04,8,VIC1-NSW1,VIC1,160,125,20475.0,0.0
2023-11,C2025Q2,T03,C2025Q2T03,8,NSW1-QLD1,NSW1,52,52,7466.67,0.0
2023-11,C2025Q2,T03,C2025Q2T03,8,NSW1-QLD1,QLD1,104,104,28392.0,0.0
2023-11,C2025Q2,T03,C2025Q2T03,8,V-SA,SA1,75,64,5238.0,0.0
2023-11,C2025Q2,T03,C2025Q2T03,8,V-SA,VIC1,99,73,21450.0,0.0
2023-11,C2025Q2,T03,C2025Q2T03,8,VIC1-NSW1,NSW1,114,108,1483.0,0.0
2023-11,C2025Q2,T03,C2025Q2T03,8,VIC1-NSW1,VIC1,135,125,21708.08,0.0
2023-11,C2025Q3,T02,C2025Q3T02,8,NSW1-QLD1,NSW1,45,45,8233.0,0.0
2023-11,C2025Q3,T02,C2025Q3T02,8,NSW1-QLD1,QLD1,105,100,27819.81,0.0
2023-11,C2025Q3,T02,C2025Q3T02,8,V-SA,SA1,79,64,5700.94,0.0
2023-11,C2025Q3,T02,C2025Q3T02,8,V-SA,VIC1,85,73,21232.0,0.0
2023-11,C2025Q3,T02,C2025Q3T02,8,VIC1-NSW1,NSW1,126,108,1421.5,0.0
2023-11,C2025Q3,T02,C2025Q3T02,8,VIC1-NSW1,VIC1,135,125,21229.0,0.0
2023-11,C2025Q4,T01,C2025Q4T01,8,NSW1-QLD1,NSW1,45,45,9000.0,0.0
2023-11,C2025Q4,T01,C2025Q4T01,8,NSW1-QLD1,QLD1,100,100,15000.0,0.0
2023-11,C2025Q4,T01,C2025Q4T01,8,V-SA,SA1,64,64,5246.14,0.0
2023-11,C2025Q4,T01,C2025Q4T01,8,V-SA,VIC1,73,73,21233.0,0.0
2023-11,C2025Q4,T01,C2025Q4T01,8,VIC1-NSW1,NSW1,108,108,1056.0,0.0
2023-11,C2025Q4,T01,C2025Q4T01,8,VIC1-NSW1,VIC1,125,125,19850.41,0.0
2023-11,C2023Q3,T12,C2023Q3T12,7,NSW1-QLD1,NSW1,73,61,5000.66,0.0
2023-11,C2023Q3,T12,C2023Q3T12,7,NSW1-QLD1,QLD1,237,100,16417.77,0.0
2023-11,C2023Q3,T12,C2023Q3T12,7,V-SA,SA1,154,66,7201.0,0.0
2023-11,C2023Q3,T12,C2023Q3T12,7,V-SA,VIC1,233,82,13050.04,0.0
2023-11,C2023Q3,T12,C2023Q3T12,7,VIC1-NSW1,NSW1,194,112,2760.0,0.0
2023-11,C2023Q3,T12,C2023Q3T12,7,VIC1-NSW1,VIC1,268,125,25000.0,0.0
2023-11,C2023Q4,T11,C2023Q4T11,7,NSW1-QLD1,NSW1,67,55,12723.0,0.0
2023-11,C2023Q4,T11,C2023Q4T11,7,NSW1-QLD1,QLD1,196,100,10000.2,0.0
2023-11,C2023Q4,T11,C2023Q4T11,7,V-SA,SA1,172,64,5739.64,0.0
2023-11,C2023Q4,T11,C2023Q4T11,7,V-SA,VIC1,227,78,11596.04,0.0
2023-11,C2023Q4,T11,C2023Q4T11,7,VIC1-NSW1,NSW1,160,108,1104.0,0.0
2023-11,C2023Q4,T11,C2023Q4T11,7,VIC1-NSW1,VIC1,342,125,25009.0,0.0
2023-11,C2024Q1,T10,C2024Q1T10,7,NSW1-QLD1,NSW1,72,45,20654.0,0.0
2023-11,C2024Q1,T10,C2024Q1T10,7,NSW1-QLD1,QLD1,202,103,16380.0,0.0
2023-11,C2024Q1,T10,C2024Q1T10,7,V-SA,SA1,82,64,6396.79,0.0
2023-11,C2024Q1,T10,C2024Q1T10,7,V-SA,VIC1,172,73,26846.04,0.0
2023-11,C2024Q1,T10,C2024Q1T10,7,VIC1-NSW1,NSW1,148,108,3932.49,0.0
2023-11,C2024Q1,T10,C2024Q1T10,7,VIC1-NSW1,VIC1,253,125,25019.17,0.0
2023-11,C2024Q2,T09,C2024Q2T09,7,NSW1-QLD1,NSW1,63,54,7216.66,0.0
2023-11,C2024Q2,T09,C2024Q2T09,7,NSW1-QLD1,QLD1,187,100,22654.0,0.0
2023-11,C2024Q2,T09,C2024Q2T09,7,V-SA,SA1,129,64,4888.88,0.0
2023-11,C2024Q2,T09,C2024Q2T09,7,V-SA,VIC1,180,73,13280.04,0.0
2023-11,C2024Q2,T09,C2024Q2T09,7,VIC1-NSW1,NSW1,194,110,2508.08,0.0
2023-11,C2024Q2,T09,C2024Q2T09,7,VIC1-NSW1,VIC1,263,125,22050.08,0.0
2023-11,C2024Q3,T08,C2024Q3T08,7,NSW1-QLD1,NSW1,63,54,5828.66,0.0
2023-11,C2024Q3,T08,C2024Q3T08,7,NSW1-QLD1,QLD1,187,100,26150.2,0.0
2023-11,C2024Q3,T08,C2024Q3T08,7,V-SA,SA1,137,64,5400.51,0.0
2023-11,C2024Q3,T08,C2024Q3T08,7,V-SA,VIC1,185,73,14400.04,0.0
2023-11,C2024Q3,T08,C2024Q3T08,7,VIC1-NSW1,NSW1,133,108,2100.0,0.0
2023-11,C2024Q3,T08,C2024Q3T08,7,VIC1-NSW1,VIC1,308,125,23978.88,0.0
2023-11,C2024Q4,T07,C2024Q4T07,7,NSW1-QLD1,NSW1,57,45,9936.0,0.0
2023-11,C2024Q4,T07,C2024Q4T07,7,NSW1-QLD1,QLD1,189,100,12600.2,0.0
2023-11,C2024Q4,T07,C2024Q4T07,7,V-SA,SA1,137,64,5225.22,0.0
2023-11,C2024Q4,T07,C2024Q4T07,7,V-SA,VIC1,152,73,14111.11,0.0
2023-11,C2024Q4,T07,C2024Q4T07,7,VIC1-NSW1,NSW1,126,108,1074.0,0.0
2023-11,C2024Q4,T07,C2024Q4T07,7,VIC1-NSW1,VIC1,356,125,16433.33,0.0
2023-11,C2025Q1,T06,C2025Q1T06,7,NSW1-QLD1,NSW1,47,45,14850.0,0.0
2023-11,C2025Q1,T06,C2025Q1T06,7,NSW1-QLD1,QLD1,199,102,18240.39,0.0
2023-11,C2025Q1,T06,C2025Q1T06,7,V-SA,SA1,82,64,5400.0,0.0
2023-11,C2025Q1,T06,C2025Q1T06,7,V-SA,VIC1,137,73,23760.0,0.0
2023-11,C2025Q1,T06,C2025Q1T06,7,VIC1-NSW1,NSW1,127,108,3256.0,0.0
2023-11,C2025Q1,T06,C2025Q1T06,7,VIC1-NSW1,VIC1,250,125,21124.8,0.0
2023-11,C2025Q2,T05,C2025Q2T05,7,NSW1-QLD1,NSW1,45,45,6569.73,0.0
2023-11,C2025Q2,T05,C2025Q2T05,7,NSW1-QLD1,QLD1,120,100,28392.0,0.0
2023-11,C2025Q2,T05,C2025Q2T05,7,V-SA,SA1,75,64,4333.33,0.0
2023-11,C2025Q2,T05,C2025Q2T05,7,V-SA,VIC1,138,73,12012.0,0.0
2023-11,C2025Q2,T05,C2025Q2T05,7,VIC1-NSW1,NSW1,148,108,1340.1,0.0
2023-11,C2025Q2,T05,C2025Q2T05,7,VIC1-NSW1,VIC1,225,125,20000.77,0.0
2023-11,C2025Q3,T04,C2025Q3T04,7,NSW1-QLD1,NSW1,45,45,7728.0,0.0
2023-11,C2025Q3,T04,C2025Q3T04,7,NSW1-QLD1,QLD1,125,100,28448.34,0.0
2023-11,C2025Q3,T04,C2025Q3T04,7,V-SA,SA1,94,64,4416.0,0.0
2023-11,C2025Q3,T04,C2025Q3T04,7,V-SA,VIC1,117,73,12337.0,0.0
2023-11,C2025Q3,T04,C2025Q3T04,7,VIC1-NSW1,NSW1,164,108,1300.0,0.0
2023-11,C2025Q3,T04,C2025Q3T04,7,VIC1-NSW1,VIC1,225,125,20061.39,0.0
2023-11,C2025Q4,T03,C2025Q4T03,7,NSW1-QLD1,NSW1,45,45,8832.0,0.0
2023-11,C2025Q4,T03,C2025Q4T03,7,NSW1-QLD1,QLD1,100,100,14942.08,0.0
2023-11,C2025Q4,T03,C2025Q4T03,7,V-SA,SA1,94,64,4416.0,0.0
2023-11,C2025Q4,T03,C2025Q4T03,7,V-SA,VIC1,88,73,12144.0,0.0
2023-11,C2025Q4,T03,C2025Q4T03,7,VIC1-NSW1,NSW1,108,108,883.2,0.0
2023-11,C2025Q4,T03,C2025Q4T03,7,VIC1-NSW1,VIC1,180,125,16760.77,0.0
2023-11,C2026Q1,T02,C2026Q1T02,7,NSW1-QLD1,NSW1,45,45,16146.0,0.0
2023-11,C2026Q1,T02,C2026Q1T02,7,NSW1-QLD1,QLD1,125,100,19780.0,0.0
2023-11,C2026Q1,T02,C2026Q1T02,7,V-SA,SA1,64,64,4758.55,0.0
2023-11,C2026Q1,T02,C2026Q1T02,7,V-SA,VIC1,73,73,21000.0,0.0
2023-11,C2026Q1,T02,C2026Q1T02,7,VIC1-NSW1,NSW1,108,108,3240.0,0.0
2023-11,C2026Q1,T02,C2026Q1T02,7,VIC1-NSW1,VIC1,149,125,21664.8,0.0
2023-11,C2026Q2,T01,C2026Q2T01,7,NSW1-QLD1,NSW1,45,45,7012.0,0.0
2023-11,C2026Q2,T01,C2026Q2T01,7,NSW1-QLD1,QLD1,100,100,28392.0,0.0
2023-11,C2026Q2,T01,C2026Q2T01,7,V-SA,SA1,64,64,4333.33,0.0
2023-11,C2026Q2,T01,C2026Q2T01,7,V-SA,VIC1,73,73,12500.04,0.0
2023-11,C2026Q2,T01,C2026Q2T01,7,VIC1-NSW1,NSW1,108,108,1280.1,0.0
2023-11,C2026Q2,T01,C2026Q2T01,7,VIC1-NSW1,VIC1,125,125,19695.59,0.0
2023-11,C2023Q4,T12,C2023Q4T12,7,NSW1-QLD1,NSW1,76,58,13359.15,0.0
2023-11,C2023Q4,T12,C2023Q4T12,7,NSW1-QLD1,QLD1,238,100,12123.0,0.0
2023-11,C2023Q4,T12,C2023Q4T12,7,V-SA,SA1,201,66,5175.0,0.0
2023-11,C2023Q4,T12,C2023Q4T12,7,V-SA,VIC1,149,77,14400.08,0.0
2023-11,C2023Q4,T12,C2023Q4T12,7,VIC1-NSW1,NSW1,158,125,1278.08,0.0
2023-11,C2023Q4,T12,C2023Q4T12,7,VIC1-NSW1,VIC1,379,129,22040.98,0.0
2023-11,C2024Q1,T11,C2024Q1T11,7,NSW1-QLD1,NSW1,74,60,24005.0,0.0
2023-11,C2024Q1,T11,C2024Q1T11,7,NSW1-QLD1,QLD1,206,100,18880.0,0.0
2023-11,C2024Q1,T11,C2024Q1T11,7,V-SA,SA1,78,66,6500.0,0.0
2023-11,C2024Q1,T11,C2024Q1T11,7,V-SA,VIC1,142,73,32100.0,0.0
2023-11,C2024Q1,T11,C2024Q1T11,7,VIC1-NSW1,NSW1,171,108,4806.0,0.0
2023-11,C2024Q1,T11,C2024Q1T11,7,VIC1-NSW1,VIC1,283,141,27000.0,0.0
2023-11,C2024Q2,T10,C2024Q2T10,7,NSW1-QLD1,NSW1,60,51,6676.0,0.0
2023-11,C2024Q2,T10,C2024Q2T10,7,NSW1-QLD1,QLD1,213,100,25250.0,0.0
2023-11,C2024Q2,T10,C2024Q2T10,7,V-SA,SA1,123,64,4567.89,0.0
2023-11,C2024Q2,T10,C2024Q2T10,7,V-SA,VIC1,140,73,15936.04,0.0
2023-11,C2024Q2,T10,C2024Q2T10,7,VIC1-NSW1,NSW1,183,108,2305.0,0.0
2023-11,C2024Q2,T10,C2024Q2T10,7,VIC1-NSW1,VIC1,279,125,24002.0,0.0
2023-11,C2024Q3,T09,C2024Q3T09,7,NSW1-QLD1,NSW1,57,49,5520.0,0.0
2023-11,C2024Q3,T09,C2024Q3T09,7,NSW1-QLD1,QLD1,228,100,28650.2,0.0
2023-11,C2024Q3,T09,C2024Q3T09,7,V-SA,SA1,131,64,5103.0,0.0
2023-11,C2024Q3,T09,C2024Q3T09,7,V-SA,VIC1,140,73,17280.04,0.0
2023-11,C2024Q3,T09,C2024Q3T09,7,VIC1-NSW1,NSW1,153,108,2000.23,0.0
2023-11,C2024Q3,T09,C2024Q3T09,7,VIC1-NSW1,VIC1,322,125,26400.0,0.0
2023-11,C2024Q4,T08,C2024Q4T08,7,NSW1-QLD1,NSW1,57,45,10294.08,0.0
2023-11,C2024Q4,T08,C2024Q4T08,7,NSW1-QLD1,QLD1,246,100,14250.0,0.0
2023-11,C2024Q4,T08,C2024Q4T08,7,V-SA,SA1,141,64,5225.0,0.0
2023-11,C2024Q4,T08,C2024Q4T08,7,V-SA,VIC1,92,73,16050.08,0.0
2023-11,C2024Q4,T08,C2024Q4T08,7,VIC1-NSW1,NSW1,120,108,1216.0,0.0
2023-11,C2024Q4,T08,C2024Q4T08,7,VIC1-NSW1,VIC1,349,165,20350.75,0.0
2023-11,C2025Q1,T07,C2025Q1T07,7,NSW1-QLD1,NSW1,47,47,17350.0,0.0
2023-11,C2025Q1,T07,C2025Q1T07,7,NSW1-QLD1,QLD1,207,102,18500.55,0.0
2023-11,C2025Q1,T07,C2025Q1T07,7,V-SA,SA1,76,64,6308.0,0.0
2023-11,C2025Q1,T07,C2025Q1T07,7,V-SA,VIC1,103,73,26506.0,0.0
2023-11,C2025Q1,T07,C2025Q1T07,7,VIC1-NSW1,NSW1,140,108,3969.0,0.0
2023-11,C2025Q1,T07,C2025Q1T07,7,VIC1-NSW1,VIC1,271,127,23237.28,0.0
2023-11,C2025Q2,T06,C2025Q2T06,7,NSW1-QLD1,NSW1,45,45,5460.0,0.0
2023-11,C2025Q2,T06,C2025Q2T06,7,NSW1-QLD1,QLD1,142,100,29123.0,0.0
2023-11,C2025Q2,T06,C2025Q2T06,7,V-SA,SA1,87,66,4333.0,0.0
2023-11,C2025Q2,T06,C2025Q2T06,7,V-SA,VIC1,98,73,16537.0,0.0
2023-11,C2025Q2,T06,C2025Q2T06,7,VIC1-NSW1,NSW1,177,111,1350.55,0.0
2023-11,C2025Q2,T06,C2025Q2T06,7,VIC1-NSW1,VIC1,249,125,23003.0,0.0
2023-11,C2025Q3,T05,C2025Q3T05,7,NSW1-QLD1,NSW1,45,45,6005.76,0.0
2023-11,C2025Q3,T05,C2025Q3T05,7,NSW1-QLD1,QLD1,145,100,30794.24,0.0
2023-11,C2025Q3,T05,C2025Q3T05,7,V-SA,SA1,116,64,4408.0,0.0
2023-11,C2025Q3,T05,C2025Q3T05,7,V-SA,VIC1,98,73,15047.13,0.0
2023-11,C2025Q3,T05,C2025Q3T05,7,VIC1-NSW1,NSW1,191,109,1349.99,0.0
2023-11,C2025Q3,T05,C2025Q3T05,7,VIC1-NSW1,VIC1,220,125,22660.54,0.0
2023-11,C2025Q4,T04,C2025Q4T04,7,NSW1-QLD1,NSW1,45,45,8923.0,0.0
2023-11,C2025Q4,T04,C2025Q4T04,7,NSW1-QLD1,QLD1,130,105,15125.21,0.0
2023-11,C2025Q4,T04,C2025Q4T04,7,V-SA,SA1,116,64,4325.89,0.0
2023-11,C2025Q4,T04,C2025Q4T04,7,V-SA,VIC1,88,73,12994.08,0.0
2023-11,C2025Q4,T04,C2025Q4T04,7,VIC1-NSW1,NSW1,108,108,882.0,0.0
2023-11,C2025Q4,T04,C2025Q4T04,7,VIC1-NSW1,VIC1,218,127,17150.0,0.0
2023-11,C2026Q1,T03,C2026Q1T03,7,NSW1-QLD1,NSW1,45,45,16953.3,0.0
2023-11,C2026Q1,T03,C2026Q1T03,7,NSW1-QLD1,QLD1,125,100,20190.0,0.0
2023-11,C2026Q1,T03,C2026Q1T03,7,V-SA,SA1,82,64,4500.89,0.0
2023-11,C2026Q1,T03,C2026Q1T03,7,V-SA,VIC1,85,73,18358.08,0.0
2023-11,C2026Q1,T03,C2026Q1T03,7,VIC1-NSW1,NSW1,128,108,3402.0,0.0
2023-11,C2026Q1,T03,C2026Q1T03,7,VIC1-NSW1,VIC1,163,125,16489.0,0.0
2023-11,C2026Q2,T02,C2026Q2T02,7,NSW1-QLD1,NSW1,45,45,5460.0,0.0
2023-11,C2026Q2,T02,C2026Q2T02,7,NSW1-QLD1,QLD1,105,100,29484.0,0.0
2023-11,C2026Q2,T02,C2026Q2T02,7,V-SA,SA1,73,64,3276.0,0.0
2023-11,C2026Q2,T02,C2026Q2T02,7,V-SA,VIC1,81,73,12500.0,0.0
2023-11,C2026Q2,T02,C2026Q2T02,7,VIC1-NSW1,NSW1,131,108,1004.0,0.0
2023-11,C2026Q2,T02,C2026Q2T02,7,VIC1-NSW1,VIC1,145,125,16960.98,0.0
2023-11,C2026Q3,T01,C2026Q3T01,7,NSW1-QLD1,NSW1,45,45,5520.0,0.0
2023-11,C2026Q3,T01,C2026Q3T01,7,NSW1-QLD1,QLD1,100,100,29605.0,0.0
2023-11,C2026Q3,T01,C2026Q3T01,7,V-SA,SA1,64,64,3312.0,0.0
2023-11,C2026Q3,T01,C2026Q3T01,7,V-SA,VIC1,73,73,12200.08,0.0
2023-11,C2026Q3,T01,C2026Q3T01,7,VIC1-NSW1,NSW1,108,108,1107.0,0.0
2023-11,C2026Q3,T01,C2026Q3T01,7,VIC1-NSW1,VIC1,125,125,16960.98,0.0
2023-11,C2023Q1,T12,C2023Q1T12,9,NSW1-QLD1,NSW1,95,58,23500.0,0.0
2023-11,C2023Q1,T12,C2023Q1T12,9,NSW1-QLD1,QLD1,316,148,15000.0,0.0
2023-11,C2023Q1,T12,C2023Q1T12,9,V-SA,SA1,99,81,8372.0,0.0
2023-11,C2023Q1,T12,C2023Q1T12,9,V-SA,VIC1,129,88,31200.0,0.0
2023-11,C2023Q1,T12,C2023Q1T12,9,VIC1-NSW1,NSW1,147,122,5050.0,0.0
2023-11,C2023Q1,T12,C2023Q1T12,9,VIC1-NSW1,VIC1,285,125,29361.81,0.0
2023-11,C2023Q2,T11,C2023Q2T11,9,NSW1-QLD1,NSW1,86,74,7562.0,0.0
2023-11,C2023Q2,T11,C2023Q2T11,9,NSW1-QLD1,QLD1,298,105,24000.0,0.0
2023-11,C2023Q2,T11,C2023Q2T11,9,V-SA,SA1,138,76,6300.94,0.0
2023-11,C2023Q2,T11,C2023Q2T11,9,V-SA,VIC1,142,73,21000.0,0.0
2023-11,C2023Q2,T11,C2023Q2T11,9,VIC1-NSW1,NSW1,291,125,2931.0,0.0
2023-11,C2023Q2,T11,C2023Q2T11,9,VIC1-NSW1,VIC1,293,132,25000.0,0.0
2023-11,C2023Q3,T10,C2023Q3T10,9,NSW1-QLD1,NSW1,67,58,8080.33,0.0
2023-11,C2023Q3,T10,C2023Q3T10,9,NSW1-QLD1,QLD1,255,100,18600.0,0.0
2023-11,C2023Q3,T10,C2023Q3T10,9,V-SA,SA1,136,64,7380.0,0.0
2023-11,C2023Q3,T10,C2023Q3T10,9,V-SA,VIC1,193,73,19954.0,0.0
2023-11,C2023Q3,T10,C2023Q3T10,9,VIC1-NSW1,NSW1,213,131,3244.04,0.0
2023-11,C2023Q3,T10,C2023Q3T10,9,VIC1-NSW1,VIC1,273,125,25000.0,0.0
2023-11,C2023Q4,T09,C2023Q4T09,9,NSW1-QLD1,NSW1,57,45,12156.0,0.0
2023-11,C2023Q4,T09,C2023Q4T09,9,NSW1-QLD1,QLD1,198,111,14000.0,0.0
2023-11,C2023Q4,T09,C2023Q4T09,9,V-SA,SA1,131,64,6667.13,0.0
2023-11,C2023Q4,T09,C2023Q4T09,9,V-SA,VIC1,170,73,17997.83,0.0
2023-11,C2023Q4,T09,C2023Q4T09,9,VIC1-NSW1,NSW1,160,108,1435.2,0.0
2023-11,C2023Q4,T09,C2023Q4T09,9,VIC1-NSW1,VIC1,259,125,25000.0,0.0
2023-11,C2024Q1,T08,C2024Q1T08,9,NSW1-QLD1,NSW1,82,45,18000.96,0.0
2023-11,C2024Q1,T08,C2024Q1T08,9,NSW1-QLD1,QLD1,173,100,16991.52,0.0
2023-11,C2024Q1,T08,C2024Q1T08,9,V-SA,SA1,76,64,7644.0,0.0
2023-11,C2024Q1,T08,C2024Q1T08,9,V-SA,VIC1,174,88,47000.99,0.0
2023-11,C2024Q1,T08,C2024Q1T08,9,VIC1-NSW1,NSW1,141,108,4001.0,0.0
2023-11,C2024Q1,T08,C2024Q1T08,9,VIC1-NSW1,VIC1,264,125,25500.42,0.0
2023-11,C2024Q2,T07,C2024Q2T07,9,NSW1-QLD1,NSW1,60,54,7368.0,0.0
2023-11,C2024Q2,T07,C2024Q2T07,9,NSW1-QLD1,QLD1,158,100,27846.0,0.0
2023-11,C2024Q2,T07,C2024Q2T07,9,V-SA,SA1,111,64,6260.0,0.0
2023-11,C2024Q2,T07,C2024Q2T07,9,V-SA,VIC1,131,73,20124.0,0.0
2023-11,C2024Q2,T07,C2024Q2T07,9,VIC1-NSW1,NSW1,202,110,2385.0,0.0
2023-11,C2024Q2,T07,C2024Q2T07,9,VIC1-NSW1,VIC1,178,125,24200.42,0.0
2023-11,C2024Q3,T06,C2024Q3T06,9,NSW1-QLD1,NSW1,60,54,7416.0,0.0
2023-11,C2024Q3,T06,C2024Q3T06,9,NSW1-QLD1,QLD1,158,100,25833.6,0.0
2023-11,C2024Q3,T06,C2024Q3T06,9,V-SA,SA1,103,64,6805.0,0.0
2023-11,C2024Q3,T06,C2024Q3T06,9,V-SA,VIC1,108,73,21000.0,0.0
2023-11,C2024Q3,T06,C2024Q3T06,9,VIC1-NSW1,NSW1,139,108,2415.0,0.0
2023-11,C2024Q3,T06,C2024Q3T06,9,VIC1-NSW1,VIC1,178,125,23760.68,0.0
2023-11,C2024Q4,T05,C2024Q4T05,9,NSW1-QLD1,NSW1,57,45,10669.33,0.0
2023-11,C2024Q4,T05,C2024Q4T05,9,NSW1-QLD1,QLD1,143,103,14352.0,0.0
2023-11,C2024Q4,T05,C2024Q4T05,9,V-SA,SA1,109,68,6692.83,0.0
2023-11,C2024Q4,T05,C2024Q4T05,9,V-SA,VIC1,99,73,17100.0,0.0
2023-11,C2024Q4,T05,C2024Q4T05,9,VIC1-NSW1,NSW1,126,108,1104.0,0.0
2023-11,C2024Q4,T05,C2024Q4T05,9,VIC1-NSW1,VIC1,153,125,20000.0,0.0
2023-11,C2025Q1,T04,C2025Q1T04,9,NSW1-QLD1,NSW1,47,45,13333.33,0.0
2023-11,C2025Q1,T04,C2025Q1T04,9,NSW1-QLD1,QLD1,125,100,14000.0,0.0
2023-11,C2025Q1,T04,C2025Q1T04,9,V-SA,SA1,64,64,7371.0,0.0
2023-11,C2025Q1,T04,C2025Q1T04,9,V-SA,VIC1,120,73,40009.0,0.0
2023-11,C2025Q1,T04,C2025Q1T04,9,VIC1-NSW1,NSW1,109,108,4006.0,0.0
2023-11,C2025Q1,T04,C2025Q1T04,9,VIC1-NSW1,VIC1,160,125,20475.0,0.0
2023-11,C2025Q2,T03,C2025Q2T03,9,NSW1-QLD1,NSW1,52,52,7466.67,0.0
2023-11,C2025Q2,T03,C2025Q2T03,9,NSW1-QLD1,QLD1,104,104,28392.0,0.0
2023-11,C2025Q2,T03,C2025Q2T03,9,V-SA,SA1,75,64,5238.0,0.0
2023-11,C2025Q2,T03,C2025Q2T03,9,V-SA,VIC1,99,73,21450.0,0.0
2023-11,C2025Q2,T03,C2025Q2T03,9,VIC1-NSW1,NSW1,114,108,1483.0,0.0
2023-11,C2025Q2,T03,C2025Q2T03,9,VIC1-NSW1,VIC1,135,125,21708.08,0.0
2023-11,C2025Q3,T02,C2025Q3T02,9,NSW1-QLD1,NSW1,45,45,8233.0,0.0
2023-11,C2025Q3,T02,C2025Q3T02,9,NSW1-QLD1,QLD1,105,100,27819.81,0.0
2023-11,C2025Q3,T02,C2025Q3T02,9,V-SA,SA1,79,64,5700.94,0.0
2023-11,C2025Q3,T02,C2025Q3T02,9,V-SA,VIC1,85,73,21232.0,0.0
2023-11,C2025Q3,T02,C2025Q3T02,9,VIC1-NSW1,NSW1,126,108,1421.5,0.0
2023-11,C2025Q3,T02,C2025Q3T02,9,VIC1-NSW1,VIC1,135,125,21229.0,0.0
2023-11,C2025Q4,T01,C2025Q4T01,9,NSW1-QLD1,NSW1,45,45,9000.0,0.0
2023-11,C2025Q4,T01,C2025Q4T01,9,NSW1-QLD1,QLD1,100,100,15000.0,0.0
2023-11,C2025Q4,T01,C2025Q4T01,9,V-SA,SA1,64,64,5246.14,0.0
2023-11,C2025Q4,T01,C2025Q4T01,9,V-SA,VIC1,73,73,21233.0,0.0
2023-11,C2025Q4,T01,C2025Q4T01,9,VIC1-NSW1,NSW1,108,108,1056.0,0.0
2023-11,C2025Q4,T01,C2025Q4T01,9,VIC1-NSW1,VIC1,125,125,19850.41,0.0
2023-11,C2023Q2,T12,C2023Q2T12,10,NSW1-QLD1,NSW1,89,88,7000.4,0.0
2023-11,C2023Q2,T12,C2023Q2T12,10,NSW1-QLD1,QLD1,256,100,15000.34,0.0
2023-11,C2023Q2,T12,C2023Q2T12,10,V-SA,SA1,143,66,4770.85,0.0
2023-11,C2023Q2,T12,C2023Q2T12,10,V-SA,VIC1,186,77,13650.0,0.0
2023-11,C2023Q2,T12,C2023Q2T12,10,VIC1-NSW1,NSW1,234,123,2926.13,0.0
2023-11,C2023Q2,T12,C2023Q2T12,10,VIC1-NSW1,VIC1,327,145,22004.0,0.0
2023-11,C2023Q3,T11,C2023Q3T11,10,NSW1-QLD1,NSW1,78,78,7152.37,0.0
2023-11,C2023Q3,T11,C2023Q3T11,10,NSW1-QLD1,QLD1,233,106,20840.34,0.0
2023-11,C2023Q3,T11,C2023Q3T11,10,V-SA,SA1,151,64,6514.0,0.0
2023-11,C2023Q3,T11,C2023Q3T11,10,V-SA,VIC1,185,73,12970.1,0.0
2023-11,C2023Q3,T11,C2023Q3T11,10,VIC1-NSW1,NSW1,202,117,3409.09,0.0
2023-11,C2023Q3,T11,C2023Q3T11,10,VIC1-NSW1,VIC1,277,135,22010.0,0.0
2023-11,C2023Q4,T10,C2023Q4T10,10,NSW1-QLD1,NSW1,73,54,11223.0,0.0
2023-11,C2023Q4,T10,C2023Q4T10,10,NSW1-QLD1,QLD1,205,107,13328.55,0.0
2023-11,C2023Q4,T10,C2023Q4T10,10,V-SA,SA1,156,64,5982.4,0.0
2023-11,C2023Q4,T10,C2023Q4T10,10,V-SA,VIC1,170,73,12868.45,0.0
2023-11,C2023Q4,T10,C2023Q4T10,10,VIC1-NSW1,NSW1,172,108,1262.98,0.0
2023-11,C2023Q4,T10,C2023Q4T10,10,VIC1-NSW1,VIC1,270,135,22011.0,0.0
2023-11,C2024Q1,T09,C2024Q1T09,10,NSW1-QLD1,NSW1,103,76,13620.0,0.0
2023-11,C2024Q1,T09,C2024Q1T09,10,NSW1-QLD1,QLD1,191,100,15500.0,0.0
2023-11,C2024Q1,T09,C2024Q1T09,10,V-SA,SA1,76,64,5647.4,0.0
2023-11,C2024Q1,T09,C2024Q1T09,10,V-SA,VIC1,119,73,30550.64,0.0
2023-11,C2024Q1,T09,C2024Q1T09,10,VIC1-NSW1,NSW1,153,108,3931.2,0.0
2023-11,C2024Q1,T09,C2024Q1T09,10,VIC1-NSW1,VIC1,254,130,22011.0,0.0
2023-11,C2024Q2,T08,C2024Q2T08,10,NSW1-QLD1,NSW1,69,69,7536.0,0.0
2023-11,C2024Q2,T08,C2024Q2T08,10,NSW1-QLD1,QLD1,184,100,26208.0,0.0
2023-11,C2024Q2,T08,C2024Q2T08,10,V-SA,SA1,121,64,5008.0,0.0
2023-11,C2024Q2,T08,C2024Q2T08,10,V-SA,VIC1,140,73,13080.6,0.0
2023-11,C2024Q2,T08,C2024Q2T08,10,VIC1-NSW1,NSW1,166,108,2184.0,0.0
2023-11,C2024Q2,T08,C2024Q2T08,10,VIC1-NSW1,VIC1,212,125,21000.08,0.0
2023-11,C2024Q3,T07,C2024Q3T07,10,NSW1-QLD1,NSW1,63,63,7592.0,0.0
2023-11,C2024Q3,T07,C2024Q3T07,10,NSW1-QLD1,QLD1,173,100,23990.34,0.0
2023-11,C2024Q3,T07,C2024Q3T07,10,V-SA,SA1,110,64,5500.24,0.0
2023-11,C2024Q3,T07,C2024Q3T07,10,V-SA,VIC1,150,73,13650.0,0.0
2023-11,C2024Q3,T07,C2024Q3T07,10,VIC1-NSW1,NSW1,141,108,2208.0,0.0
2023-11,C2024Q3,T07,C2024Q3T07,10,VIC1-NSW1,VIC1,212,125,22000.08,0.0
2023-11,C2024Q4,T06,C2024Q4T06,10,NSW1-QLD1,NSW1,63,45,9936.0,0.0
2023-11,C2024Q4,T06,C2024Q4T06,10,NSW1-QLD1,QLD1,176,103,14278.0,0.0
2023-11,C2024Q4,T06,C2024Q4T06,10,V-SA,SA1,111,64,5500.24,0.0
2023-11,C2024Q4,T06,C2024Q4T06,10,V-SA,VIC1,108,73,13000.17,0.0
2023-11,C2024Q4,T06,C2024Q4T06,10,VIC1-NSW1,NSW1,148,108,993.6,0.0
2023-11,C2024Q4,T06,C2024Q4T06,10,VIC1-NSW1,VIC1,290,125,17000.0,0.0
2023-11,C2025Q1,T05,C2025Q1T05,10,NSW1-QLD1,NSW1,65,45,13395.11,0.0
2023-11,C2025Q1,T05,C2025Q1T05,10,NSW1-QLD1,QLD1,175,100,16300.34,0.0
2023-11,C2025Q1,T05,C2025Q1T05,10,V-SA,SA1,64,64,5400.0,0.0
2023-11,C2025Q1,T05,C2025Q1T05,10,V-SA,VIC1,76,73,26005.85,0.0
2023-11,C2025Q1,T05,C2025Q1T05,10,VIC1-NSW1,NSW1,133,108,3506.0,0.0
2023-11,C2025Q1,T05,C2025Q1T05,10,VIC1-NSW1,VIC1,200,125,20010.0,0.0
2023-11,C2025Q2,T04,C2025Q2T04,10,NSW1-QLD1,NSW1,45,45,7807.8,0.0
2023-11,C2025Q2,T04,C2025Q2T04,10,NSW1-QLD1,QLD1,100,100,26208.0,0.0
2023-11,C2025Q2,T04,C2025Q2T04,10,V-SA,SA1,75,64,4368.0,0.0
2023-11,C2025Q2,T04,C2025Q2T04,10,V-SA,VIC1,132,73,13942.5,0.0
2023-11,C2025Q2,T04,C2025Q2T04,10,VIC1-NSW1,NSW1,146,108,1310.4,0.0
2023-11,C2025Q2,T04,C2025Q2T04,10,VIC1-NSW1,VIC1,180,125,20374.75,0.0
2023-11,C2025Q3,T03,C2025Q3T03,10,NSW1-QLD1,NSW1,45,45,8030.0,0.0
2023-11,C2025Q3,T03,C2025Q3T03,10,NSW1-QLD1,QLD1,105,100,24448.34,0.0
2023-11,C2025Q3,T03,C2025Q3T03,10,V-SA,SA1,88,64,4505.0,0.0
2023-11,C2022Q4,T11,C2022Q4T11,10,NSW1-QLD1,NSW1,80,45,11625.0,0.0
2023-11,C2022Q4,T11,C2022Q4T11,10,NSW1-QLD1,QLD1,260,100,11066.0,0.0
2023-11,C2022Q4,T11,C2022Q4T11,10,V-SA,SA1,100,64,6182.4,0.0
2023-11,C2022Q4,T11,C2022Q4T11,10,V-SA,VIC1,93,73,15687.91,0.0
2023-11,C2022Q4,T11,C2022Q4T11,10,VIC1-NSW1,NSW1,150,108,666.6,0.0
2023-11,C2022Q4,T11,C2022Q4T11,10,VIC1-NSW1,VIC1,208,145,44811.36,0.0
2023-11,C2023Q1,T10,C2023Q1T10,10,NSW1-QLD1,NSW1,80,45,19762.59,0.0
2023-11,C2023Q1,T10,C2023Q1T10,10,NSW1-QLD1,QLD1,301,110,17418.36,0.0
2023-11,C2023Q1,T10,C2023Q1T10,10,V-SA,SA1,84,64,7535.0,0.0
2023-11,C2023Q1,T10,C2023Q1T10,10,V-SA,VIC1,98,73,24624.61,0.0
2023-11,C2023Q1,T10,C2023Q1T10,10,VIC1-NSW1,NSW1,143,108,4500.0,0.0
2023-11,C2023Q1,T10,C2023Q1T10,10,VIC1-NSW1,VIC1,190,125,45360.46,0.0
2023-11,C2023Q2,T09,C2023Q2T09,10,NSW1-QLD1,NSW1,82,45,6499.89,0.0
2023-11,C2023Q2,T09,C2023Q2T09,10,NSW1-QLD1,QLD1,214,100,26000.0,0.0
2023-11,C2023Q2,T09,C2023Q2T09,10,V-SA,SA1,104,64,4500.0,0.0
2023-11,C2023Q2,T09,C2023Q2T09,10,V-SA,VIC1,98,73,16380.0,0.0
2023-11,C2023Q2,T09,C2023Q2T09,10,VIC1-NSW1,NSW1,320,108,900.0,0.0
2023-11,C2023Q2,T09,C2023Q2T09,10,VIC1-NSW1,VIC1,215,127,42000.0,0.0
2023-11,C2023Q3,T08,C2023Q3T08,10,NSW1-QLD1,NSW1,63,45,5495.89,0.0
2023-11,C2023Q3,T08,C2023Q3T08,10,NSW1-QLD1,QLD1,190,100,24636.83,0.0
2023-11,C2023Q3,T08,C2023Q3T08,10,V-SA,SA1,109,64,4000.0,0.0
2023-11,C2023Q3,T08,C2023Q3T08,10,V-SA,VIC1,98,73,15456.0,0.0
2023-11,C2023Q3,T08,C2023Q3T08,10,VIC1-NSW1,NSW1,225,108,937.0,0.0
2023-11,C2023Q3,T08,C2023Q3T08,10,VIC1-NSW1,VIC1,215,125,40752.46,0.0
2023-11,C2023Q4,T07,C2023Q4T07,10,NSW1-QLD1,NSW1,55,45,8663.0,0.0
2023-11,C2023Q4,T07,C2023Q4T07,10,NSW1-QLD1,QLD1,233,100,13907.2,0.0
2023-11,C2023Q4,T07,C2023Q4T07,10,V-SA,SA1,109,64,5142.5,0.0
2023-11,C2023Q4,T07,C2023Q4T07,10,V-SA,VIC1,93,73,9936.0,0.0
2023-11,C2023Q4,T07,C2023Q4T07,10,VIC1-NSW1,NSW1,157,108,1000.0,0.0
2023-11,C2023Q4,T07,C2023Q4T07,10,VIC1-NSW1,VIC1,202,150,40000.0,0.0
2023-11,C2024Q1,T06,C2024Q1T06,10,NSW1-QLD1,NSW1,55,45,13104.0,0.0
2023-11,C2024Q1,T06,C2024Q1T06,10,NSW1-QLD1,QLD1,165,100,17500.0,0.0
2023-11,C2024Q1,T06,C2024Q1T06,10,V-SA,SA1,64,64,5505.75,0.0
2023-11,C2024Q1,T06,C2024Q1T06,10,V-SA,VIC1,83,73,20716.66,0.0
2023-11,C2024Q1,T06,C2024Q1T06,10,VIC1-NSW1,NSW1,137,108,3276.0,0.0
2023-11,C2024Q1,T06,C2024Q1T06,10,VIC1-NSW1,VIC1,170,125,30000.0,0.0
2023-11,C2024Q2,T05,C2024Q2T05,10,NSW1-QLD1,NSW1,45,45,4496.89,0.0
2023-11,C2024Q2,T05,C2024Q2T05,10,NSW1-QLD1,QLD1,130,100,25538.71,0.0
2023-11,C2024Q2,T05,C2024Q2T05,10,V-SA,SA1,109,64,3075.8,0.0
2023-11,C2024Q2,T05,C2024Q2T05,10,V-SA,VIC1,83,73,16380.0,0.0
2023-11,C2024Q2,T05,C2024Q2T05,10,VIC1-NSW1,NSW1,164,108,873.6,0.0
2023-11,C2024Q2,T05,C2024Q2T05,10,VIC1-NSW1,VIC1,170,125,21169.0,0.0
2023-11,C2024Q3,T04,C2024Q3T04,10,NSW1-QLD1,NSW1,45,45,4496.89,0.0
2023-11,C2024Q3,T04,C2024Q3T04,10,NSW1-QLD1,QLD1,110,100,20444.61,0.0
2023-11,C2024Q3,T04,C2024Q3T04,10,V-SA,SA1,67,64,3746.52,0.0
2023-11,C2024Q3,T04,C2024Q3T04,10,V-SA,VIC1,83,73,15456.0,0.0
2023-11,C2024Q3,T04,C2024Q3T04,10,VIC1-NSW1,NSW1,108,108,750.6,0.0
2023-11,C2024Q3,T04,C2024Q3T04,10,VIC1-NSW1,VIC1,150,125,20793.0,0.0
2023-11,C2024Q4,T03,C2024Q4T03,10,NSW1-QLD1,NSW1,45,45,7653.6,0.0
2023-11,C2024Q4,T03,C2024Q4T03,10,NSW1-QLD1,QLD1,117,100,13314.24,0.0
2023-11,C2024Q4,T03,C2024Q4T03,10,V-SA,SA1,64,64,4000.0,0.0
2023-11,C2024Q4,T03,C2024Q4T03,10,V-SA,VIC1,73,73,12208.27,0.0
2023-11,C2024Q4,T03,C2024Q4T03,10,VIC1-NSW1,NSW1,108,108,824.69,0.0
2023-11,C2024Q4,T03,C2024Q4T03,10,VIC1-NSW1,VIC1,150,125,21443.0,0.0
2023-11,C2025Q1,T02,C2025Q1T02,10,NSW1-QLD1,NSW1,45,45,9996.89,0.0
2023-11,C2025Q1,T02,C2025Q1T02,10,NSW1-QLD1,QLD1,110,100,19072.8,0.0
2023-11,C2025Q1,T02,C2025Q1T02,10,V-SA,SA1,64,64,5407.5,0.0
2023-11,C2025Q1,T02,C2025Q1T02,10,V-SA,VIC1,73,73,18360.0,0.0
2023-11,C2025Q1,T02,C2025Q1T02,10,VIC1-NSW1,NSW1,108,108,3500.6,0.0
2023-11,C2025Q1,T02,C2025Q1T02,10,VIC1-NSW1,VIC1,135,125,21600.0,0.0
2023-11,C2025Q2,T01,C2025Q2T01,10,NSW1-QLD1,NSW1,45,45,4216.89,0.0
2023-11,C2025Q2,T01,C2025Q2T01,10,NSW1-QLD1,QLD1,100,100,21606.0,0.0
2023-11,C2025Q2,T01,C2025Q2T01,10,V-SA,SA1,64,64,3075.8,0.0
2023-11,C2025Q2,T01,C2025Q2T01,10,V-SA,VIC1,73,73,12500.0,0.0
2023-11,C2025Q2,T01,C2025Q2T01,10,VIC1-NSW1,NSW1,108,108,873.6,0.0
2023-11,C2025Q2,T01,C2025Q2T01,10,VIC1-NSW1,VIC1,125,125,18481.0,0.0
2023-11,C2022Q4,T12,C2022Q4T12,7,NSW1-QLD1,NSW1,95,55,17437.5,0.0
2023-11,C2022Q4,T12,C2022Q4T12,7,NSW1-QLD1,QLD1,335,115,12800.71,0.0
2023-11,C2022Q4,T12,C2022Q4T12,7,V-SA,SA1,106,66,6869.99,0.0
2023-11,C2022Q4,T12,C2022Q4T12,7,V-SA,VIC1,117,77,25000.0,0.0
2023-11,C2022Q4,T12,C2022Q4T12,7,VIC1-NSW1,NSW1,169,112,989.38,0.0
2023-11,C2022Q4,T12,C2022Q4T12,7,VIC1-NSW1,VIC1,253,145,46417.0,0.0
2023-11,C2023Q1,T11,C2023Q1T11,7,NSW1-QLD1,NSW1,65,45,23000.0,0.0
2023-11,C2023Q1,T11,C2023Q1T11,7,NSW1-QLD1,QLD1,295,110,16660.71,0.0
2023-11,C2023Q1,T11,C2023Q1T11,7,V-SA,SA1,94,64,8288.5,0.0
2023-11,C2023Q1,T11,C2023Q1T11,7,V-SA,VIC1,103,73,30000.0,0.0
2023-11,C2023Q1,T11,C2023Q1T11,7,VIC1-NSW1,NSW1,143,113,5000.0,0.0
2023-11,C2023Q1,T11,C2023Q1T11,7,VIC1-NSW1,VIC1,240,130,43320.0,0.0
2023-11,C2023Q2,T10,C2023Q2T10,7,NSW1-QLD1,NSW1,94,45,7800.0,0.0
2023-11,C2023Q2,T10,C2023Q2T10,7,NSW1-QLD1,QLD1,239,113,36800.0,0.0
2023-11,C2023Q2,T10,C2023Q2T10,7,V-SA,SA1,136,64,5600.03,0.0
2023-11,C2023Q2,T10,C2023Q2T10,7,V-SA,VIC1,103,73,21000.0,0.0
2023-11,C2023Q2,T10,C2023Q2T10,7,VIC1-NSW1,NSW1,287,108,2257.0,0.0
2023-11,C2023Q2,T10,C2023Q2T10,7,VIC1-NSW1,VIC1,261,134,48000.0,0.0
2023-11,C2023Q3,T09,C2023Q3T09,7,NSW1-QLD1,NSW1,75,45,6869.86,0.0
2023-11,C2023Q3,T09,C2023Q3T09,7,NSW1-QLD1,QLD1,210,105,30000.0,0.0
2023-11,C2023Q3,T09,C2023Q3T09,7,V-SA,SA1,114,64,6400.03,0.0
2023-11,C2023Q3,T09,C2023Q3T09,7,V-SA,VIC1,103,73,20000.0,0.0
2023-11,C2023Q3,T09,C2023Q3T09,7,VIC1-NSW1,NSW1,225,118,2840.0,0.0
2023-11,C2023Q3,T09,C2023Q3T09,7,VIC1-NSW1,VIC1,264,145,41830.25,0.0
2023-11,C2023Q4,T08,C2023Q4T08,7,NSW1-QLD1,NSW1,65,45,11578.0,0.0
2023-11,C2023Q4,T08,C2023Q4T08,7,NSW1-QLD1,QLD1,220,100,14100.98,0.0
2023-11,C2023Q4,T08,C2023Q4T08,7,V-SA,SA1,109,64,6200.03,0.0
2023-11,C2023Q4,T08,C2023Q4T08,7,V-SA,VIC1,103,73,17928.96,0.0
2023-11,C2023Q4,T08,C2023Q4T08,7,VIC1-NSW1,NSW1,152,108,1477.0,0.0
2023-11,C2023Q4,T08,C2023Q4T08,7,VIC1-NSW1,VIC1,262,159,43000.0,0.0
2023-11,C2024Q1,T07,C2024Q1T07,7,NSW1-QLD1,NSW1,65,45,16421.87,0.0
2023-11,C2024Q1,T07,C2024Q1T07,7,NSW1-QLD1,QLD1,195,100,17000.0,0.0
2023-11,C2024Q1,T07,C2024Q1T07,7,V-SA,SA1,84,64,6909.01,0.0
2023-11,C2024Q1,T07,C2024Q1T07,7,V-SA,VIC1,83,73,30000.0,0.0
2023-11,C2024Q1,T07,C2024Q1T07,7,VIC1-NSW1,NSW1,137,108,4000.0,0.0
2023-11,C2024Q1,T07,C2024Q1T07,7,VIC1-NSW1,VIC1,210,125,31875.0,0.0
2023-11,C2024Q2,T06,C2024Q2T06,7,NSW1-QLD1,NSW1,68,47,6621.11,0.0
2023-11,C2024Q2,T06,C2024Q2T06,7,NSW1-QLD1,QLD1,162,100,29505.84,0.0
2023-11,C2024Q2,T06,C2024Q2T06,7,V-SA,SA1,114,64,5008.0,0.0
2023-11,C2024Q2,T06,C2024Q2T06,7,V-SA,VIC1,83,73,22113.0,0.0
2023-11,C2024Q2,T06,C2024Q2T06,7,VIC1-NSW1,NSW1,184,108,1908.0,0.0
2023-11,C2024Q2,T06,C2024Q2T06,7,VIC1-NSW1,VIC1,215,125,25000.0,0.0
2023-11,C2024Q3,T05,C2024Q3T05,7,NSW1-QLD1,NSW1,68,50,6624.0,0.0
2023-11,C2024Q3,T05,C2024Q3T05,7,NSW1-QLD1,QLD1,165,100,28337.47,0.0
2023-11,C2024Q3,T05,C2024Q3T05,7,V-SA,SA1,105,64,5600.0,0.0
2023-11,C2024Q3,T05,C2024Q3T05,7,V-SA,VIC1,83,73,20000.0,0.0
2023-11,C2024Q3,T05,C2024Q3T05,7,VIC1-NSW1,NSW1,131,108,1932.0,0.0
2023-11,C2024Q3,T05,C2024Q3T05,7,VIC1-NSW1,VIC1,198,125,25000.0,0.0
2023-11,C2024Q4,T04,C2024Q4T04,7,NSW1-QLD1,NSW1,65,45,9003.0,0.0
2023-11,C2024Q4,T04,C2024Q4T04,7,NSW1-QLD1,QLD1,157,117,16115.83,0.0
2023-11,C2024Q4,T04,C2024Q4T04,7,V-SA,SA1,90,64,5468.0,0.0
2023-11,C2024Q4,T04,C2024Q4T04,7,V-SA,VIC1,73,73,18000.0,0.0
2023-11,C2024Q4,T04,C2024Q4T04,7,VIC1-NSW1,NSW1,108,108,1200.0,0.0
2023-11,C2024Q4,T04,C2024Q4T04,7,VIC1-NSW1,VIC1,165,125,25000.0,0.0
2023-11,C2025Q1,T03,C2025Q1T03,7,NSW1-QLD1,NSW1,47,45,11805.0,0.0
2023-11,C2025Q1,T03,C2025Q1T03,7,NSW1-QLD1,QLD1,134,100,20980.08,0.0
2023-11,C2025Q1,T03,C2025Q1T03,7,V-SA,SA1,64,64,7206.0,0.0
2023-11,C2025Q1,T03,C2025Q1T03,7,V-SA,VIC1,76,73,30000.0,0.0
2023-11,C2025Q1,T03,C2025Q1T03,7,VIC1-NSW1,NSW1,108,108,3850.66,0.0
2023-11,C2025Q1,T03,C2025Q1T03,7,VIC1-NSW1,VIC1,144,125,25000.0,0.0
2023-11,C2025Q2,T02,C2025Q2T02,7,NSW1-QLD1,NSW1,52,45,6597.87,0.0
2023-11,C2025Q2,T02,C2025Q2T02,7,NSW1-QLD1,QLD1,100,100,29267.78,0.0
2023-11,C2025Q2,T02,C2025Q2T02,7,V-SA,SA1,64,64,3900.03,0.0
2023-11,C2025Q2,T02,C2025Q2T02,7,V-SA,VIC1,73,73,17963.4,0.0
2023-11,C2025Q2,T02,C2025Q2T02,7,VIC1-NSW1,NSW1,108,108,1447.0,0.0
2023-11,C2025Q2,T02,C2025Q2T02,7,VIC1-NSW1,VIC1,125,125,24120.09,0.0
2023-11,C2025Q3,T01,C2025Q3T01,7,NSW1-QLD1,NSW1,45,45,7320.53,0.0
2023-11,C2025Q3,T01,C2025Q3T01,7,NSW1-QLD1,QLD1,100,100,30910.9,0.0
2023-11,C2025Q3,T01,C2025Q3T01,7,V-SA,SA1,64,64,4384.0,0.0
2023-11,C2025Q3,T01,C2025Q3T01,7,V-SA,VIC1,73,73,18500.0,0.0
2023-11,C2025Q3,T01,C2025Q3T01,7,VIC1-NSW1,NSW1,108,108,1292.28,0.0
2023-11,C2025Q3,T01,C2025Q3T01,7,VIC1-NSW1,VIC1,125,125,25920.09,0.0
2023-11,C2023Q1,T12,C2023Q1T12,7,NSW1-QLD1,NSW1,95,58,23500.0,0.0
2023-11,C2023Q1,T12,C2023Q1T12,7,NSW1-QLD1,QLD1,316,148,15000.0,0.0
2023-11,C2023Q1,T12,C2023Q1T12,7,V-SA,SA1,99,81,8372.0,0.0
2023-11,C2023Q1,T12,C2023Q1T12,7,V-SA,VIC1,129,88,31200.0,0.0
2023-11,C2023Q1,T12,C2023Q1T12,7,VIC1-NSW1,NSW1,147,122,5050.0,0.0
2023-11,C2023Q1,T12,C2023Q1T12,7,VIC1-NSW1,VIC1,285,125,29361.81,0.0
2023-11,C2023Q2,T11,C2023Q2T11,7,NSW1-QLD1,NSW1,86,74,7562.0,0.0
2023-11,C2023Q2,T11,C2023Q2T11,7,NSW1-QLD1,QLD1,298,105,24000.0,0.0
2023-11,C2023Q2,T11,C2023Q2T11,7,V-SA,SA1,138,76,6300.94,0.0
2023-11,C2023Q2,T11,C2023Q2T11,7,V-SA,VIC1,142,73,21000.0,0.0
2023-11,C2023Q2,T11,C2023Q2T11,7,VIC1-NSW1,NSW1,291,125,2931.0,0.0
2023-11,C2023Q2,T11,C2023Q2T11,7,VIC1-NSW1,VIC1,293,132,25000.0,0.0
2023-11,C2023Q3,T10,C2023Q3T10,7,NSW1-QLD1,NSW1,67,58,8080.33,0.0
2023-11,C2023Q3,T10,C2023Q3T10,7,NSW1-QLD1,QLD1,255,100,18600.0,0.0
2023-11,C2023Q3,T10,C2023Q3T10,7,V-SA,SA1,136,64,7380.0,0.0
2023-11,C2023Q3,T10,C2023Q3T10,7,V-SA,VIC1,193,73,19954.0,0.0
2023-11,C2023Q3,T10,C2023Q3T10,7,VIC1-NSW1,NSW1,213,131,3244.04,0.0
2023-11,C2023Q3,T10,C2023Q3T10,7,VIC1-NSW1,VIC1,273,125,25000.0,0.0
2023-11,C2023Q4,T09,C2023Q4T09,7,NSW1-QLD1,NSW1,57,45,12156.0,0.0
2023-11,C2023Q4,T09,C2023Q4T09,7,NSW1-QLD1,QLD1,198,111,14000.0,0.0
2023-11,C2023Q4,T09,C2023Q4T09,7,V-SA,SA1,131,64,6667.13,0.0
2023-11,C2023Q4,T09,C2023Q4T09,7,V-SA,VIC1,170,73,17997.83,0.0
2023-11,C2023Q4,T09,C2023Q4T09,7,VIC1-NSW1,NSW1,160,108,1435.2,0.0
2023-11,C2023Q4,T09,C2023Q4T09,7,VIC1-NSW1,VIC1,259,125,25000.0,0.0
2023-11,C2024Q1,T08,C2024Q1T08,7,NSW1-QLD1,NSW1,82,45,18000.96,0.0
2023-11,C2024Q1,T08,C2024Q1T08,7,NSW1-QLD1,QLD1,173,100,16991.52,0.0
2023-11,C2024Q1,T08,C2024Q1T08,7,V-SA,SA1,76,64,7644.0,0.0
2023-11,C2024Q1,T08,C2024Q1T08,7,V-SA,VIC1,174,88,47000.99,0.0
2023-11,C2024Q1,T08,C2024Q1T08,7,VIC1-NSW1,NSW1,141,108,4001.0,0.0
2023-11,C2024Q1,T08,C2024Q1T08,7,VIC1-NSW1,VIC1,264,125,25500.42,0.0
2023-11,C2024Q2,T07,C2024Q2T07,7,NSW1-QLD1,NSW1,60,54,7368.0,0.0
2023-11,C2024Q2,T07,C2024Q2T07,7,NSW1-QLD1,QLD1,158,100,27846.0,0.0
2023-11,C2024Q2,T07,C2024Q2T07,7,V-SA,SA1,111,64,6260.0,0.0
2023-11,C2024Q2,T07,C2024Q2T07,7,V-SA,VIC1,131,73,20124.0,0.0
2023-11,C2024Q2,T07,C2024Q2T07,7,VIC1-NSW1,NSW1,202,110,2385.0,0.0
2023-11,C2024Q2,T07,C2024Q2T07,7,VIC1-NSW1,VIC1,178,125,24200.42,0.0
2023-11,C2024Q3,T06,C2024Q3T06,7,NSW1-QLD1,NSW1,60,54,7416.0,0.0
2023-11,C2024Q3,T06,C2024Q3T06,7,NSW1-QLD1,QLD1,158,100,25833.6,0.0
2023-11,C2024Q3,T06,C2024Q3T06,7,V-SA,SA1,103,64,6805.0,0.0
2023-11,C2024Q3,T06,C2024Q3T06,7,V-SA,VIC1,108,73,21000.0,0.0
2023-11,C2024Q3,T06,C2024Q3T06,7,VIC1-NSW1,NSW1,139,108,2415.0,0.0
2023-11,C2024Q3,T06,C2024Q3T06,7,VIC1-NSW1,VIC1,178,125,23760.68,0.0
2023-11,C2024Q4,T05,C2024Q4T05,7,NSW1-QLD1,NSW1,57,45,10669.33,0.0
2023-11,C2024Q4,T05,C2024Q4T05,7,NSW1-QLD1,QLD1,143,103,14352.0,0.0
2023-11,C2024Q4,T05,C2024Q4T05,7,V-SA,SA1,109,68,6692.83,0.0
2023-11,C2024Q4,T05,C2024Q4T05,7,V-SA,VIC1,99,73,17100.0,0.0
2023-11,C2024Q4,T05,C2024Q4T05,7,VIC1-NSW1,NSW1,126,108,1104.0,0.0
2023-11,C2024Q4,T05,C2024Q4T05,7,VIC1-NSW1,VIC1,153,125,20000.0,0.0
2023-11,C2025Q1,T04,C2025Q1T04,7,NSW1-QLD1,NSW1,47,45,13333.33,0.0
2023-11,C2025Q1,T04,C2025Q1T04,7,NSW1-QLD1,QLD1,125,100,14000.0,0.0
2023-11,C2025Q1,T04,C2025Q1T04,7,V-SA,SA1,64,64,7371.0,0.0
2023-11,C2025Q1,T04,C2025Q1T04,7,V-SA,VIC1,120,73,40009.0,0.0
2023-11,C2025Q1,T04,C2025Q1T04,7,VIC1-NSW1,NSW1,109,108,4006.0,0.0
2023-11,C2025Q1,T04,C2025Q1T04,7,VIC1-NSW1,VIC1,160,125,20475.0,0.0
2023-11,C2025Q2,T03,C2025Q2T03,7,NSW1-QLD1,NSW1,52,52,7466.67,0.0
2023-11,C2025Q2,T03,C2025Q2T03,7,NSW1-QLD1,QLD1,104,104,28392.0,0.0
2023-11,C2025Q2,T03,C2025Q2T03,7,V-SA,SA1,75,64,5238.0,0.0
2023-11,C2025Q2,T03,C2025Q2T03,7,V-SA,VIC1,99,73,21450.0,0.0
2023-11,C2025Q2,T03,C2025Q2T03,7,VIC1-NSW1,NSW1,114,108,1483.0,0.0
2023-11,C2025Q2,T03,C2025Q2T03,7,VIC1-NSW1,VIC1,135,125,21708.08,0.0
2023-11,C2025Q3,T02,C2025Q3T02,7,NSW1-QLD1,NSW1,45,45,8233.0,0.0
2023-11,C2025Q3,T02,C2025Q3T02,7,NSW1-QLD1,QLD1,105,100,27819.81,0.0
2023-11,C2025Q3,T02,C2025Q3T02,7,V-SA,SA1,79,64,5700.94,0.0
2023-11,C2025Q3,T02,C2025Q3T02,7,V-SA,VIC1,85,73,21232.0,0.0
2023-11,C2025Q3,T02,C2025Q3T02,7,VIC1-NSW1,NSW1,126,108,1421.5,0.0
2023-11,C2025Q3,T02,C2025Q3T02,7,VIC1-NSW1,VIC1,135,125,21229.0,0.0
2023-11,C2025Q4,T01,C2025Q4T01,7,NSW1-QLD1,NSW1,45,45,9000.0,0.0
2023-11,C2025Q4,T01,C2025Q4T01,7,NSW1-QLD1,QLD1,100,100,15000.0,0.0
2023-11,C2025Q4,T01,C2025Q4T01,7,V-SA,SA1,64,64,5246.14,0.0
2023-11,C2025Q4,T01,C2025Q4T01,7,V-SA,VIC1,73,73,21233.0,0.0
2023-11,C2025Q4,T01,C2025Q4T01,7,VIC1-NSW1,NSW1,108,108,1056.0,0.0
2023-11,C2025Q4,T01,C2025Q4T01,7,VIC1-NSW1,VIC1,125,125,19850.41,0.0
2023-11,C2023Q2,T12,C2023Q2T12,9,NSW1-QLD1,NSW1,89,88,7000.4,0.0
2023-11,C2023Q2,T12,C2023Q2T12,9,NSW1-QLD1,QLD1,256,100,15000.34,0.0
2023-11,C2023Q2,T12,C2023Q2T12,9,V-SA,SA1,143,66,4770.85,0.0
2023-11,C2023Q2,T12,C2023Q2T12,9,V-SA,VIC1,186,77,13650.0,0.0
2023-11,C2023Q2,T12,C2023Q2T12,9,VIC1-NSW1,NSW1,234,123,2926.13,0.0
2023-11,C2023Q2,T12,C2023Q2T12,9,VIC1-NSW1,VIC1,327,145,22004.0,0.0
2023-11,C2023Q3,T11,C2023Q3T11,9,NSW1-QLD1,NSW1,78,78,7152.37,0.0
2023-11,C2023Q3,T11,C2023Q3T11,9,NSW1-QLD1,QLD1,233,106,20840.34,0.0
2023-11,C2023Q3,T11,C2023Q3T11,9,V-SA,SA1,151,64,6514.0,0.0
2023-11,C2023Q3,T11,C2023Q3T11,9,V-SA,VIC1,185,73,12970.1,0.0
2023-11,C2023Q3,T11,C2023Q3T11,9,VIC1-NSW1,NSW1,202,117,3409.09,0.0
2023-11,C2023Q3,T11,C2023Q3T11,9,VIC1-NSW1,VIC1,277,135,22010.0,0.0
2023-11,C2023Q4,T10,C2023Q4T10,9,NSW1-QLD1,NSW1,73,54,11223.0,0.0
2023-11,C2023Q4,T10,C2023Q4T10,9,NSW1-QLD1,QLD1,205,107,13328.55,0.0
2023-11,C2023Q4,T10,C2023Q4T10,9,V-SA,SA1,156,64,5982.4,0.0
2023-11,C2023Q4,T10,C2023Q4T10,9,V-SA,VIC1,170,73,12868.45,0.0
2023-11,C2023Q4,T10,C2023Q4T10,9,VIC1-NSW1,NSW1,172,108,1262.98,0.0
2023-11,C2023Q4,T10,C2023Q4T10,9,VIC1-NSW1,VIC1,270,135,22011.0,0.0
2023-11,C2024Q1,T09,C2024Q1T09,9,NSW1-QLD1,NSW1,103,76,13620.0,0.0
2023-11,C2024Q1,T09,C2024Q1T09,9,NSW1-QLD1,QLD1,191,100,15500.0,0.0
2023-11,C2024Q1,T09,C2024Q1T09,9,V-SA,SA1,76,64,5647.4,0.0
2023-11,C2024Q1,T09,C2024Q1T09,9,V-SA,VIC1,119,73,30550.64,0.0
2023-11,C2024Q1,T09,C2024Q1T09,9,VIC1-NSW1,NSW1,153,108,3931.2,0.0
2023-11,C2024Q1,T09,C2024Q1T09,9,VIC1-NSW1,VIC1,254,130,22011.0,0.0
2023-11,C2024Q2,T08,C2024Q2T08,9,NSW1-QLD1,NSW1,69,69,7536.0,0.0
2023-11,C2024Q2,T08,C2024Q2T08,9,NSW1-QLD1,QLD1,184,100,26208.0,0.0
2023-11,C2024Q2,T08,C2024Q2T08,9,V-SA,SA1,121,64,5008.0,0.0
2023-11,C2024Q2,T08,C2024Q2T08,9,V-SA,VIC1,140,73,13080.6,0.0
2023-11,C2024Q2,T08,C2024Q2T08,9,VIC1-NSW1,NSW1,166,108,2184.0,0.0
2023-11,C2024Q2,T08,C2024Q2T08,9,VIC1-NSW1,VIC1,212,125,21000.08,0.0
2023-11,C2024Q3,T07,C2024Q3T07,9,NSW1-QLD1,NSW1,63,63,7592.0,0.0
2023-11,C2024Q3,T07,C2024Q3T07,9,NSW1-QLD1,QLD1,173,100,23990.34,0.0
2023-11,C2024Q3,T07,C2024Q3T07,9,V-SA,SA1,110,64,5500.24,0.0
2023-11,C2024Q3,T07,C2024Q3T07,9,V-SA,VIC1,150,73,13650.0,0.0
2023-11,C2024Q3,T07,C2024Q3T07,9,VIC1-NSW1,NSW1,141,108,2208.0,0.0
2023-11,C2024Q3,T07,C2024Q3T07,9,VIC1-NSW1,VIC1,212,125,22000.08,0.0
2023-11,C2024Q4,T06,C2024Q4T06,9,NSW1-QLD1,NSW1,63,45,9936.0,0.0
2023-11,C2024Q4,T06,C2024Q4T06,9,NSW1-QLD1,QLD1,176,103,14278.0,0.0
2023-11,C2024Q4,T06,C2024Q4T06,9,V-SA,SA1,111,64,5500.24,0.0
2023-11,C2024Q4,T06,C2024Q4T06,9,V-SA,VIC1,108,73,13000.17,0.0
2023-11,C2024Q4,T06,C2024Q4T06,9,VIC1-NSW1,NSW1,148,108,993.6,0.0
2023-11,C2024Q4,T06,C2024Q4T06,9,VIC1-NSW1,VIC1,290,125,17000.0,0.0
2023-11,C2025Q1,T05,C2025Q1T05,9,NSW1-QLD1,NSW1,65,45,13395.11,0.0
2023-11,C2025Q1,T05,C2025Q1T05,9,NSW1-QLD1,QLD1,175,100,16300.34,0.0
2023-11,C2025Q1,T05,C2025Q1T05,9,V-SA,SA1,64,64,5400.0,0.0
2023-11,C2025Q1,T05,C2025Q1T05,9,V-SA,VIC1,76,73,26005.85,0.0
2023-11,C2025Q1,T05,C2025Q1T05,9,VIC1-NSW1,NSW1,133,108,3506.0,0.0
2023-11,C2025Q1,T05,C2025Q1T05,9,VIC1-NSW1,VIC1,200,125,20010.0,0.0
2023-11,C2025Q2,T04,C2025Q2T04,9,NSW1-QLD1,NSW1,45,45,7807.8,0.0
2023-11,C2025Q2,T04,C2025Q2T04,9,NSW1-QLD1,QLD1,100,100,26208.0,0.0
2023-11,C2025Q2,T04,C2025Q2T04,9,V-SA,SA1,75,64,4368.0,0.0
2023-11,C2025Q2,T04,C2025Q2T04,9,V-SA,VIC1,132,73,13942.5,0.0
2023-11,C2025Q2,T04,C2025Q2T04,9,VIC1-NSW1,NSW1,146,108,1310.4,0.0
2023-11,C2025Q2,T04,C2025Q2T04,9,VIC1-NSW1,VIC1,180,125,20374.75,0.0
2023-11,C2025Q3,T03,C2025Q3T03,9,NSW1-QLD1,NSW1,45,45,8030.0,0.0
2023-11,C2025Q3,T03,C2025Q3T03,9,NSW1-QLD1,QLD1,105,100,24448.34,0.0
2023-11,C2025Q3,T03,C2025Q3T03,9,V-SA,SA1,88,64,4505.0,0.0
2023-11,C2025Q3,T03,C2025Q3T03,9,V-SA,VIC1,111,73,13800.8,0.0
2023-11,C2025Q3,T03,C2025Q3T03,9,VIC1-NSW1,NSW1,164,108,1324.8,0.0
2023-11,C2025Q3,T03,C2025Q3T03,9,VIC1-NSW1,VIC1,190,125,19106.09,0.0
2023-11,C2025Q4,T02,C2025Q4T02,9,NSW1-QLD1,NSW1,45,45,8832.0,0.0
2023-11,C2025Q4,T02,C2025Q4T02,9,NSW1-QLD1,QLD1,114,100,14230.56,0.0
2023-11,C2025Q4,T02,C2025Q4T02,9,V-SA,SA1,77,64,4246.14,0.0
2023-11,C2025Q4,T02,C2025Q4T02,9,V-SA,VIC1,89,73,13248.0,0.0
2023-11,C2025Q4,T02,C2025Q4T02,9,VIC1-NSW1,NSW1,108,108,993.6,0.0
2023-11,C2025Q4,T02,C2025Q4T02,9,VIC1-NSW1,VIC1,160,125,17001.59,0.0
2023-11,C2026Q1,T01,C2026Q1T01,9,NSW1-QLD1,NSW1,45,45,14040.0,0.0
2023-11,C2026Q1,T01,C2026Q1T01,9,NSW1-QLD1,QLD1,100,100,17000.34,0.0
2023-11,C2026Q1,T01,C2026Q1T01,9,V-SA,SA1,64,64,5009.0,0.0
2023-11,C2026Q1,T01,C2026Q1T01,9,V-SA,VIC1,73,73,25920.0,0.0
2023-11,C2026Q1,T01,C2026Q1T01,9,VIC1-NSW1,NSW1,108,108,3510.0,0.0
2023-11,C2026Q1,T01,C2026Q1T01,9,VIC1-NSW1,VIC1,125,125,22226.4,0.0
2023-11,C2025Q3,T03,C2025Q3T03,10,V-SA,VIC1,111,73,13800.8,0.0
2023-11,C2025Q3,T03,C2025Q3T03,10,VIC1-NSW1,NSW1,164,108,1324.8,0.0
2023-11,C2025Q3,T03,C2025Q3T03,10,VIC1-NSW1,VIC1,190,125,19106.09,0.0
2023-11,C2025Q4,T02,C2025Q4T02,10,NSW1-QLD1,NSW1,45,45,8832.0,0.0
2023-11,C2025Q4,T02,C2025Q4T02,10,NSW1-QLD1,QLD1,114,100,14230.56,0.0
2023-11,C2025Q4,T02,C2025Q4T02,10,V-SA,SA1,77,64,4246.14,0.0
2023-11,C2025Q4,T02,C2025Q4T02,10,V-SA,VIC1,89,73,13248.0,0.0
2023-11,C2025Q4,T02,C2025Q4T02,10,VIC1-NSW1,NSW1,108,108,993.6,0.0
2023-11,C2025Q4,T02,C2025Q4T02,10,VIC1-NSW1,VIC1,160,125,17001.59,0.0
2023-11,C2026Q1,T01,C2026Q1T01,10,NSW1-QLD1,NSW1,45,45,14040.0,0.0
2023-11,C2026Q1,T01,C2026Q1T01,10,NSW1-QLD1,QLD1,100,100,17000.34,0.0
2023-11,C2026Q1,T01,C2026Q1T01,10,V-SA,SA1,64,64,5009.0,0.0
2023-11,C2026Q1,T01,C2026Q1T01,10,V-SA,VIC1,73,73,25920.0,0.0
2023-11,C2026Q1,T01,C2026Q1T01,10,VIC1-NSW1,NSW1,108,108,3510.0,0.0
2023-11,C2026Q1,T01,C2026Q1T01,10,VIC1-NSW1,VIC1,125,125,22226.4,0.0
2023-11,C2023Q3,T12,C2023Q3T12,8,NSW1-QLD1,NSW1,73,61,5000.66,0.0
2023-11,C2023Q3,T12,C2023Q3T12,8,NSW1-QLD1,QLD1,237,100,16417.77,0.0
2023-11,C2023Q3,T12,C2023Q3T12,8,V-SA,SA1,154,66,7201.0,0.0
2023-11,C2023Q3,T12,C2023Q3T12,8,V-SA,VIC1,233,82,13050.04,0.0
2023-11,C2023Q3,T12,C2023Q3T12,8,VIC1-NSW1,NSW1,194,112,2760.0,0.0
2023-11,C2023Q3,T12,C2023Q3T12,8,VIC1-NSW1,VIC1,268,125,25000.0,0.0
2023-11,C2023Q4,T11,C2023Q4T11,8,NSW1-QLD1,NSW1,67,55,12723.0,0.0
2023-11,C2023Q4,T11,C2023Q4T11,8,NSW1-QLD1,QLD1,196,100,10000.2,0.0
2023-11,C2023Q4,T11,C2023Q4T11,8,V-SA,SA1,172,64,5739.64,0.0
2023-11,C2023Q4,T11,C2023Q4T11,8,V-SA,VIC1,227,78,11596.04,0.0
2023-11,C2023Q4,T11,C2023Q4T11,8,VIC1-NSW1,NSW1,160,108,1104.0,0.0
2023-11,C2023Q4,T11,C2023Q4T11,8,VIC1-NSW1,VIC1,342,125,25009.0,0.0
2023-11,C2024Q1,T10,C2024Q1T10,8,NSW1-QLD1,NSW1,72,45,20654.0,0.0
2023-11,C2024Q1,T10,C2024Q1T10,8,NSW1-QLD1,QLD1,202,103,16380.0,0.0
2023-11,C2024Q1,T10,C2024Q1T10,8,V-SA,SA1,82,64,6396.79,0.0
2023-11,C2024Q1,T10,C2024Q1T10,8,V-SA,VIC1,172,73,26846.04,0.0
2023-11,C2024Q1,T10,C2024Q1T10,8,VIC1-NSW1,NSW1,148,108,3932.49,0.0
2023-11,C2024Q1,T10,C2024Q1T10,8,VIC1-NSW1,VIC1,253,125,25019.17,0.0
2023-11,C2024Q2,T09,C2024Q2T09,8,NSW1-QLD1,NSW1,63,54,7216.66,0.0
2023-11,C2024Q2,T09,C2024Q2T09,8,NSW1-QLD1,QLD1,187,100,22654.0,0.0
2023-11,C2024Q2,T09,C2024Q2T09,8,V-SA,SA1,129,64,4888.88,0.0
2023-11,C2024Q2,T09,C2024Q2T09,8,V-SA,VIC1,180,73,13280.04,0.0
2023-11,C2024Q2,T09,C2024Q2T09,8,VIC1-NSW1,NSW1,194,110,2508.08,0.0
2023-11,C2024Q2,T09,C2024Q2T09,8,VIC1-NSW1,VIC1,263,125,22050.08,0.0
2023-11,C2024Q3,T08,C2024Q3T08,8,NSW1-QLD1,NSW1,63,54,5828.66,0.0
2023-11,C2024Q3,T08,C2024Q3T08,8,NSW1-QLD1,QLD1,187,100,26150.2,0.0
2023-11,C2024Q3,T08,C2024Q3T08,8,V-SA,SA1,137,64,5400.51,0.0
2023-11,C2024Q3,T08,C2024Q3T08,8,V-SA,VIC1,185,73,14400.04,0.0
2023-11,C2024Q3,T08,C2024Q3T08,8,VIC1-NSW1,NSW1,133,108,2100.0,0.0
2023-11,C2024Q3,T08,C2024Q3T08,8,VIC1-NSW1,VIC1,308,125,23978.88,0.0
2023-11,C2024Q4,T07,C2024Q4T07,8,NSW1-QLD1,NSW1,57,45,9936.0,0.0
2023-11,C2024Q4,T07,C2024Q4T07,8,NSW1-QLD1,QLD1,189,100,12600.2,0.0
2023-11,C2024Q4,T07,C2024Q4T07,8,V-SA,SA1,137,64,5225.22,0.0
2023-11,C2024Q4,T07,C2024Q4T07,8,V-SA,VIC1,152,73,14111.11,0.0
2023-11,C2024Q4,T07,C2024Q4T07,8,VIC1-NSW1,NSW1,126,108,1074.0,0.0
2023-11,C2024Q4,T07,C2024Q4T07,8,VIC1-NSW1,VIC1,356,125,16433.33,0.0
2023-11,C2025Q1,T06,C2025Q1T06,8,NSW1-QLD1,NSW1,47,45,14850.0,0.0
2023-11,C2025Q1,T06,C2025Q1T06,8,NSW1-QLD1,QLD1,199,102,18240.39,0.0
2023-11,C2025Q1,T06,C2025Q1T06,8,V-SA,SA1,82,64,5400.0,0.0
2023-11,C2025Q1,T06,C2025Q1T06,8,V-SA,VIC1,137,73,23760.0,0.0
2023-11,C2025Q1,T06,C2025Q1T06,8,VIC1-NSW1,NSW1,127,108,3256.0,0.0
2023-11,C2025Q1,T06,C2025Q1T06,8,VIC1-NSW1,VIC1,250,125,21124.8,0.0
2023-11,C2025Q2,T05,C2025Q2T05,8,NSW1-QLD1,NSW1,45,45,6569.73,0.0
2023-11,C2025Q2,T05,C2025Q2T05,8,NSW1-QLD1,QLD1,120,100,28392.0,0.0
2023-11,C2025Q2,T05,C2025Q2T05,8,V-SA,SA1,75,64,4333.33,0.0
2023-11,C2025Q2,T05,C2025Q2T05,8,V-SA,VIC1,138,73,12012.0,0.0
2023-11,C2025Q2,T05,C2025Q2T05,8,VIC1-NSW1,NSW1,148,108,1340.1,0.0
2023-11,C2025Q2,T05,C2025Q2T05,8,VIC1-NSW1,VIC1,225,125,20000.77,0.0
2023-11,C2025Q3,T04,C2025Q3T04,8,NSW1-QLD1,NSW1,45,45,7728.0,0.0
2023-11,C2025Q3,T04,C2025Q3T04,8,NSW1-QLD1,QLD1,125,100,28448.34,0.0
2023-11,C2025Q3,T04,C2025Q3T04,8,V-SA,SA1,94,64,4416.0,0.0
2023-11,C2025Q3,T04,C2025Q3T04,8,V-SA,VIC1,117,73,12337.0,0.0
2023-11,C2025Q3,T04,C2025Q3T04,8,VIC1-NSW1,NSW1,164,108,1300.0,0.0
2023-11,C2025Q3,T04,C2025Q3T04,8,VIC1-NSW1,VIC1,225,125,20061.39,0.0
2023-11,C2025Q4,T03,C2025Q4T03,8,NSW1-QLD1,NSW1,45,45,8832.0,0.0
2023-11,C2025Q4,T03,C2025Q4T03,8,NSW1-QLD1,QLD1,100,100,14942.08,0.0
2023-11,C2025Q4,T03,C2025Q4T03,8,V-SA,SA1,94,64,4416.0,0.0
2023-11,C2025Q4,T03,C2025Q4T03,8,V-SA,VIC1,88,73,12144.0,0.0
2023-11,C2025Q4,T03,C2025Q4T03,8,VIC1-NSW1,NSW1,108,108,883.2,0.0
2023-11,C2025Q4,T03,C2025Q4T03,8,VIC1-NSW1,VIC1,180,125,16760.77,0.0
2023-11,C2026Q1,T02,C2026Q1T02,8,NSW1-QLD1,NSW1,45,45,16146.0,0.0
2023-11,C2026Q1,T02,C2026Q1T02,8,NSW1-QLD1,QLD1,125,100,19780.0,0.0
2023-11,C2026Q1,T02,C2026Q1T02,8,V-SA,SA1,64,64,4758.55,0.0
2023-11,C2026Q1,T02,C2026Q1T02,8,V-SA,VIC1,73,73,21000.0,0.0
2023-11,C2026Q1,T02,C2026Q1T02,8,VIC1-NSW1,NSW1,108,108,3240.0,0.0
2023-11,C2026Q1,T02,C2026Q1T02,8,VIC1-NSW1,VIC1,149,125,21664.8,0.0
2023-11,C2026Q2,T01,C2026Q2T01,8,NSW1-QLD1,NSW1,45,45,7012.0,0.0
2023-11,C2026Q2,T01,C2026Q2T01,8,NSW1-QLD1,QLD1,100,100,28392.0,0.0
2023-11,C2026Q2,T01,C2026Q2T01,8,V-SA,SA1,64,64,4333.33,0.0
2023-11,C2026Q2,T01,C2026Q2T01,8,V-SA,VIC1,73,73,12500.04,0.0
2023-11,C2026Q2,T01,C2026Q2T01,8,VIC1-NSW1,NSW1,108,108,1280.1,0.0
2023-11,C2026Q2,T01,C2026Q2T01,8,VIC1-NSW1,VIC1,125,125,19695.59,0.0
2023-11,C2023Q4,T12,C2023Q4T12,8,NSW1-QLD1,NSW1,76,58,13359.15,0.0
2023-11,C2023Q4,T12,C2023Q4T12,8,NSW1-QLD1,QLD1,238,100,12123.0,0.0
2023-11,C2023Q4,T12,C2023Q4T12,8,V-SA,SA1,201,66,5175.0,0.0
2023-11,C2023Q4,T12,C2023Q4T12,8,V-SA,VIC1,149,77,14400.08,0.0
2023-11,C2023Q4,T12,C2023Q4T12,8,VIC1-NSW1,NSW1,158,125,1278.08,0.0
2023-11,C2023Q4,T12,C2023Q4T12,8,VIC1-NSW1,VIC1,379,129,22040.98,0.0
2023-11,C2024Q1,T11,C2024Q1T11,8,NSW1-QLD1,NSW1,74,60,24005.0,0.0
2023-11,C2024Q1,T11,C2024Q1T11,8,NSW1-QLD1,QLD1,206,100,18880.0,0.0
2023-11,C2024Q1,T11,C2024Q1T11,8,V-SA,SA1,78,66,6500.0,0.0
2023-11,C2024Q1,T11,C2024Q1T11,8,V-SA,VIC1,142,73,32100.0,0.0
2023-11,C2024Q1,T11,C2024Q1T11,8,VIC1-NSW1,NSW1,171,108,4806.0,0.0
2023-11,C2024Q1,T11,C2024Q1T11,8,VIC1-NSW1,VIC1,283,141,27000.0,0.0
2023-11,C2024Q2,T10,C2024Q2T10,8,NSW1-QLD1,NSW1,60,51,6676.0,0.0
2023-11,C2024Q2,T10,C2024Q2T10,8,NSW1-QLD1,QLD1,213,100,25250.0,0.0
2023-11,C2024Q2,T10,C2024Q2T10,8,V-SA,SA1,123,64,4567.89,0.0
2023-11,C2024Q2,T10,C2024Q2T10,8,V-SA,VIC1,140,73,15936.04,0.0
2023-11,C2024Q2,T10,C2024Q2T10,8,VIC1-NSW1,NSW1,183,108,2305.0,0.0
2023-11,C2024Q2,T10,C2024Q2T10,8,VIC1-NSW1,VIC1,279,125,24002.0,0.0
2023-11,C2024Q3,T09,C2024Q3T09,8,NSW1-QLD1,NSW1,57,49,5520.0,0.0
2023-11,C2024Q3,T09,C2024Q3T09,8,NSW1-QLD1,QLD1,228,100,28650.2,0.0
2023-11,C2024Q3,T09,C2024Q3T09,8,V-SA,SA1,131,64,5103.0,0.0
2023-11,C2024Q3,T09,C2024Q3T09,8,V-SA,VIC1,140,73,17280.04,0.0
2023-11,C2024Q3,T09,C2024Q3T09,8,VIC1-NSW1,NSW1,153,108,2000.23,0.0
2023-11,C2024Q3,T09,C2024Q3T09,8,VIC1-NSW1,VIC1,322,125,26400.0,0.0
2023-11,C2024Q4,T08,C2024Q4T08,8,NSW1-QLD1,NSW1,57,45,10294.08,0.0
2023-11,C2024Q4,T08,C2024Q4T08,8,NSW1-QLD1,QLD1,246,100,14250.0,0.0
2023-11,C2024Q4,T08,C2024Q4T08,8,V-SA,SA1,141,64,5225.0,0.0
2023-11,C2024Q4,T08,C2024Q4T08,8,V-SA,VIC1,92,73,16050.08,0.0
2023-11,C2024Q4,T08,C2024Q4T08,8,VIC1-NSW1,NSW1,120,108,1216.0,0.0
2023-11,C2024Q4,T08,C2024Q4T08,8,VIC1-NSW1,VIC1,349,165,20350.75,0.0
2023-11,C2025Q1,T07,C2025Q1T07,8,NSW1-QLD1,NSW1,47,47,17350.0,0.0
2023-11,C2025Q1,T07,C2025Q1T07,8,NSW1-QLD1,QLD1,207,102,18500.55,0.0
2023-11,C2025Q1,T07,C2025Q1T07,8,V-SA,SA1,76,64,6308.0,0.0
2023-11,C2025Q1,T07,C2025Q1T07,8,V-SA,VIC1,103,73,26506.0,0.0
2023-11,C2025Q1,T07,C2025Q1T07,8,VIC1-NSW1,NSW1,140,108,3969.0,0.0
2023-11,C2025Q1,T07,C2025Q1T07,8,VIC1-NSW1,VIC1,271,127,23237.28,0.0
2023-11,C2025Q2,T06,C2025Q2T06,8,NSW1-QLD1,NSW1,45,45,5460.0,0.0
2023-11,C2025Q2,T06,C2025Q2T06,8,NSW1-QLD1,QLD1,142,100,29123.0,0.0
2023-11,C2025Q2,T06,C2025Q2T06,8,V-SA,SA1,87,66,4333.0,0.0
2023-11,C2025Q2,T06,C2025Q2T06,8,V-SA,VIC1,98,73,16537.0,0.0
2023-11,C2025Q2,T06,C2025Q2T06,8,VIC1-NSW1,NSW1,177,111,1350.55,0.0
2023-11,C2025Q2,T06,C2025Q2T06,8,VIC1-NSW1,VIC1,249,125,23003.0,0.0
2023-11,C2025Q3,T05,C2025Q3T05,8,NSW1-QLD1,NSW1,45,45,6005.76,0.0
2023-11,C2025Q3,T05,C2025Q3T05,8,NSW1-QLD1,QLD1,145,100,30794.24,0.0
2023-11,C2025Q3,T05,C2025Q3T05,8,V-SA,SA1,116,64,4408.0,0.0
2023-11,C2025Q3,T05,C2025Q3T05,8,V-SA,VIC1,98,73,15047.13,0.0
2023-11,C2025Q3,T05,C2025Q3T05,8,VIC1-NSW1,NSW1,191,109,1349.99,0.0
2023-11,C2025Q3,T05,C2025Q3T05,8,VIC1-NSW1,VIC1,220,125,22660.54,0.0
2023-11,C2025Q4,T04,C2025Q4T04,8,NSW1-QLD1,NSW1,45,45,8923.0,0.0
2023-11,C2025Q4,T04,C2025Q4T04,8,NSW1-QLD1,QLD1,130,105,15125.21,0.0
2023-11,C2025Q4,T04,C2025Q4T04,8,V-SA,SA1,116,64,4325.89,0.0
2023-11,C2025Q4,T04,C2025Q4T04,8,V-SA,VIC1,88,73,12994.08,0.0
2023-11,C2025Q4,T04,C2025Q4T04,8,VIC1-NSW1,NSW1,108,108,882.0,0.0
2023-11,C2025Q4,T04,C2025Q4T04,8,VIC1-NSW1,VIC1,218,127,17150.0,0.0
2023-11,C2026Q1,T03,C2026Q1T03,8,NSW1-QLD1,NSW1,45,45,16953.3,0.0
2023-11,C2026Q1,T03,C2026Q1T03,8,NSW1-QLD1,QLD1,125,100,20190.0,0.0
2023-11,C2026Q1,T03,C2026Q1T03,8,V-SA,SA1,82,64,4500.89,0.0
2023-11,C2026Q1,T03,C2026Q1T03,8,V-SA,VIC1,85,73,18358.08,0.0
2023-11,C2026Q1,T03,C2026Q1T03,8,VIC1-NSW1,NSW1,128,108,3402.0,0.0
2023-11,C2026Q1,T03,C2026Q1T03,8,VIC1-NSW1,VIC1,163,125,16489.0,0.0
2023-11,C2026Q2,T02,C2026Q2T02,8,NSW1-QLD1,NSW1,45,45,5460.0,0.0
2023-11,C2026Q2,T02,C2026Q2T02,8,NSW1-QLD1,QLD1,105,100,29484.0,0.0
2023-11,C2026Q2,T02,C2026Q2T02,8,V-SA,SA1,73,64,3276.0,0.0
2023-11,C2026Q2,T02,C2026Q2T02,8,V-SA,VIC1,81,73,12500.0,0.0
2023-11,C2026Q2,T02,C2026Q2T02,8,VIC1-NSW1,NSW1,131,108,1004.0,0.0
2023-11,C2026Q2,T02,C2026Q2T02,8,VIC1-NSW1,VIC1,145,125,16960.98,0.0
2023-11,C2026Q3,T01,C2026Q3T01,8,NSW1-QLD1,NSW1,45,45,5520.0,0.0
2023-11,C2026Q3,T01,C2026Q3T01,8,NSW1-QLD1,QLD1,100,100,29605.0,0.0
2023-11,C2026Q3,T01,C2026Q3T01,8,V-SA,SA1,64,64,3312.0,0.0
2023-11,C2026Q3,T01,C2026Q3T01,8,V-SA,VIC1,73,73,12200.08,0.0
2023-11,C2026Q3,T01,C2026Q3T01,8,VIC1-NSW1,NSW1,108,108,1107.0,0.0
2023-11,C2026Q3,T01,C2026Q3T01,8,VIC1-NSW1,VIC1,125,125,16960.98,0.0
2023-11,C2023Q1,T12,C2023Q1T12,10,NSW1-QLD1,NSW1,95,58,23500.0,0.0
2023-11,C2023Q1,T12,C2023Q1T12,10,NSW1-QLD1,QLD1,316,148,15000.0,0.0
2023-11,C2023Q1,T12,C2023Q1T12,10,V-SA,SA1,99,81,8372.0,0.0
2023-11,C2023Q1,T12,C2023Q1T12,10,V-SA,VIC1,129,88,31200.0,0.0
2023-11,C2023Q1,T12,C2023Q1T12,10,VIC1-NSW1,NSW1,147,122,5050.0,0.0
2023-11,C2023Q1,T12,C2023Q1T12,10,VIC1-NSW1,VIC1,285,125,29361.81,0.0
2023-11,C2023Q2,T11,C2023Q2T11,10,NSW1-QLD1,NSW1,86,74,7562.0,0.0
2023-11,C2023Q2,T11,C2023Q2T11,10,NSW1-QLD1,QLD1,298,105,24000.0,0.0
2023-11,C2023Q2,T11,C2023Q2T11,10,V-SA,SA1,138,76,6300.94,0.0
2023-11,C2023Q2,T11,C2023Q2T11,10,V-SA,VIC1,142,73,21000.0,0.0
2023-11,C2023Q2,T11,C2023Q2T11,10,VIC1-NSW1,NSW1,291,125,2931.0,0.0
2023-11,C2023Q2,T11,C2023Q2T11,10,VIC1-NSW1,VIC1,293,132,25000.0,0.0
2023-11,C2023Q3,T10,C2023Q3T10,10,NSW1-QLD1,NSW1,67,58,8080.33,0.0
2023-11,C2023Q3,T10,C2023Q3T10,10,NSW1-QLD1,QLD1,255,100,18600.0,0.0
2023-11,C2023Q3,T10,C2023Q3T10,10,V-SA,SA1,136,64,7380.0,0.0
2023-11,C2023Q3,T10,C2023Q3T10,10,V-SA,VIC1,193,73,19954.0,0.0
2023-11,C2023Q3,T10,C2023Q3T10,10,VIC1-NSW1,NSW1,213,131,3244.04,0.0
2023-11,C2023Q3,T10,C2023Q3T10,10,VIC1-NSW1,VIC1,273,125,25000.0,0.0
2023-11,C2023Q4,T09,C2023Q4T09,10,NSW1-QLD1,NSW1,57,45,12156.0,0.0
2023-11,C2023Q4,T09,C2023Q4T09,10,NSW1-QLD1,QLD1,198,111,14000.0,0.0
2023-11,C2023Q4,T09,C2023Q4T09,10,V-SA,SA1,131,64,6667.13,0.0
2023-11,C2023Q4,T09,C2023Q4T09,10,V-SA,VIC1,170,73,17997.83,0.0
2023-11,C2023Q4,T09,C2023Q4T09,10,VIC1-NSW1,NSW1,160,108,1435.2,0.0
2023-11,C2023Q4,T09,C2023Q4T09,10,VIC1-NSW1,VIC1,259,125,25000.0,0.0
2023-11,C2024Q1,T08,C2024Q1T08,10,NSW1-QLD1,NSW1,82,45,18000.96,0.0
2023-11,C2024Q1,T08,C2024Q1T08,10,NSW1-QLD1,QLD1,173,100,16991.52,0.0
2023-11,C2024Q1,T08,C2024Q1T08,10,V-SA,SA1,76,64,7644.0,0.0
2023-11,C2024Q1,T08,C2024Q1T08,10,V-SA,VIC1,174,88,47000.99,0.0
2023-11,C2024Q1,T08,C2024Q1T08,10,VIC1-NSW1,NSW1,141,108,4001.0,0.0
2023-11,C2024Q1,T08,C2024Q1T08,10,VIC1-NSW1,VIC1,264,125,25500.42,0.0
2023-11,C2024Q2,T07,C2024Q2T07,10,NSW1-QLD1,NSW1,60,54,7368.0,0.0
2023-11,C2024Q2,T07,C2024Q2T07,10,NSW1-QLD1,QLD1,158,100,27846.0,0.0
2023-11,C2024Q2,T07,C2024Q2T07,10,V-SA,SA1,111,64,6260.0,0.0
2023-11,C2024Q2,T07,C2024Q2T07,10,V-SA,VIC1,131,73,20124.0,0.0
2023-11,C2024Q2,T07,C2024Q2T07,10,VIC1-NSW1,NSW1,202,110,2385.0,0.0
2023-11,C2024Q2,T07,C2024Q2T07,10,VIC1-NSW1,VIC1,178,125,24200.42,0.0
2023-11,C2024Q3,T06,C2024Q3T06,10,NSW1-QLD1,NSW1,60,54,7416.0,0.0
2023-11,C2024Q3,T06,C2024Q3T06,10,NSW1-QLD1,QLD1,158,100,25833.6,0.0
2023-11,C2024Q3,T06,C2024Q3T06,10,V-SA,SA1,103,64,6805.0,0.0
2023-11,C2024Q3,T06,C2024Q3T06,10,V-SA,VIC1,108,73,21000.0,0.0
2023-11,C2024Q3,T06,C2024Q3T06,10,VIC1-NSW1,NSW1,139,108,2415.0,0.0
2023-11,C2024Q3,T06,C2024Q3T06,10,VIC1-NSW1,VIC1,178,125,23760.68,0.0
2023-11,C2024Q4,T05,C2024Q4T05,10,NSW1-QLD1,NSW1,57,45,10669.33,0.0
2023-11,C2024Q4,T05,C2024Q4T05,10,NSW1-QLD1,QLD1,143,103,14352.0,0.0
2023-11,C2024Q4,T05,C2024Q4T05,10,V-SA,SA1,109,68,6692.83,0.0
2023-11,C2024Q4,T05,C2024Q4T05,10,V-SA,VIC1,99,73,17100.0,0.0
2023-11,C2024Q4,T05,C2024Q4T05,10,VIC1-NSW1,NSW1,126,108,1104.0,0.0
2023-11,C2024Q4,T05,C2024Q4T05,10,VIC1-NSW1,VIC1,153,125,20000.0,0.0
2023-11,C2025Q1,T04,C2025Q1T04,10,NSW1-QLD1,NSW1,47,45,13333.33,0.0
2023-11,C2025Q1,T04,C2025Q1T04,10,NSW1-QLD1,QLD1,125,100,14000.0,0.0
2023-11,C2025Q1,T04,C2025Q1T04,10,V-SA,SA1,64,64,7371.0,0.0
2023-11,C2025Q1,T04,C2025Q1T04,10,V-SA,VIC1,120,73,40009.0,0.0
2023-11,C2025Q1,T04,C2025Q1T04,10,VIC1-NSW1,NSW1,109,108,4006.0,0.0
2023-11,C2025Q1,T04,C2025Q1T04,10,VIC1-NSW1,VIC1,160,125,20475.0,0.0
2023-11,C2025Q2,T03,C2025Q2T03,10,NSW1-QLD1,NSW1,52,52,7466.67,0.0
2023-11,C2025Q2,T03,C2025Q2T03,10,NSW1-QLD1,QLD1,104,104,28392.0,0.0
2023-11,C2025Q2,T03,C2025Q2T03,10,V-SA,SA1,75,64,5238.0,0.0
2023-11,C2025Q2,T03,C2025Q2T03,10,V-SA,VIC1,99,73,21450.0,0.0
2023-11,C2025Q2,T03,C2025Q2T03,10,VIC1-NSW1,NSW1,114,108,1483.0,0.0
2023-11,C2025Q2,T03,C2025Q2T03,10,VIC1-NSW1,VIC1,135,125,21708.08,0.0
2023-11,C2025Q3,T02,C2025Q3T02,10,NSW1-QLD1,NSW1,45,45,8233.0,0.0
2023-11,C2025Q3,T02,C2025Q3T02,10,NSW1-QLD1,QLD1,105,100,27819.81,0.0
2023-11,C2025Q3,T02,C2025Q3T02,10,V-SA,SA1,79,64,5700.94,0.0
2023-11,C2025Q3,T02,C2025Q3T02,10,V-SA,VIC1,85,73,21232.0,0.0
2023-11,C2025Q3,T02,C2025Q3T02,10,VIC1-NSW1,NSW1,126,108,1421.5,0.0
2023-11,C2025Q3,T02,C2025Q3T02,10,VIC1-NSW1,VIC1,135,125,21229.0,0.0
2023-11,C2025Q4,T01,C2025Q4T01,10,NSW1-QLD1,NSW1,45,45,9000.0,0.0
2023-11,C2025Q4,T01,C2025Q4T01,10,NSW1-QLD1,QLD1,100,100,15000.0,0.0
2023-11,C2025Q4,T01,C2025Q4T01,10,V-SA,SA1,64,64,5246.14,0.0
2023-11,C2025Q4,T01,C2025Q4T01,10,V-SA,VIC1,73,73,21233.0,0.0
2023-11,C2025Q4,T01,C2025Q4T01,10,VIC1-NSW1,NSW1,108,108,1056.0,0.0
2023-11,C2025Q4,T01,C2025Q4T01,10,VIC1-NSW1,VIC1,125,125,19850.41,0.0
2023-11,C2023Q2,T12,C2023Q2T12,11,NSW1-QLD1,NSW1,89,88,7000.4,0.0
2023-11,C2023Q2,T12,C2023Q2T12,11,NSW1-QLD1,QLD1,256,100,15000.34,0.0
2023-11,C2023Q2,T12,C2023Q2T12,11,V-SA,SA1,143,66,4770.85,0.0
2023-11,C2023Q2,T12,C2023Q2T12,11,V-SA,VIC1,186,77,13650.0,0.0
2023-11,C2023Q2,T12,C2023Q2T12,11,VIC1-NSW1,NSW1,234,123,2926.13,0.0
2023-11,C2023Q2,T12,C2023Q2T12,11,VIC1-NSW1,VIC1,327,145,22004.0,0.0
2023-11,C2023Q3,T11,C2023Q3T11,11,NSW1-QLD1,NSW1,78,78,7152.37,0.0
2023-11,C2023Q3,T11,C2023Q3T11,11,NSW1-QLD1,QLD1,233,106,20840.34,0.0
2023-11,C2023Q3,T11,C2023Q3T11,11,V-SA,SA1,151,64,6514.0,0.0
2023-11,C2023Q3,T11,C2023Q3T11,11,V-SA,VIC1,185,73,12970.1,0.0
2023-11,C2023Q3,T11,C2023Q3T11,11,VIC1-NSW1,NSW1,202,117,3409.09,0.0
2023-11,C2023Q3,T11,C2023Q3T11,11,VIC1-NSW1,VIC1,277,135,22010.0,0.0
2023-11,C2023Q4,T10,C2023Q4T10,11,NSW1-QLD1,NSW1,73,54,11223.0,0.0
2023-11,C2023Q4,T10,C2023Q4T10,11,NSW1-QLD1,QLD1,205,107,13328.55,0.0
2023-11,C2023Q4,T10,C2023Q4T10,11,V-SA,SA1,156,64,5982.4,0.0
2023-11,C2023Q4,T10,C2023Q4T10,11,V-SA,VIC1,170,73,12868.45,0.0
2023-11,C2023Q4,T10,C2023Q4T10,11,VIC1-NSW1,NSW1,172,108,1262.98,0.0
2023-11,C2023Q4,T10,C2023Q4T10,11,VIC1-NSW1,VIC1,270,135,22011.0,0.0
2023-11,C2024Q1,T09,C2024Q1T09,11,NSW1-QLD1,NSW1,103,76,13620.0,0.0
2023-11,C2024Q1,T09,C2024Q1T09,11,NSW1-QLD1,QLD1,191,100,15500.0,0.0
2023-11,C2024Q1,T09,C2024Q1T09,11,V-SA,SA1,76,64,5647.4,0.0
2023-11,C2024Q1,T09,C2024Q1T09,11,V-SA,VIC1,119,73,30550.64,0.0
2023-11,C2024Q1,T09,C2024Q1T09,11,VIC1-NSW1,NSW1,153,108,3931.2,0.0
2023-11,C2024Q1,T09,C2024Q1T09,11,VIC1-NSW1,VIC1,254,130,22011.0,0.0
2023-11,C2024Q2,T08,C2024Q2T08,11,NSW1-QLD1,NSW1,69,69,7536.0,0.0
2023-11,C2024Q2,T08,C2024Q2T08,11,NSW1-QLD1,QLD1,184,100,26208.0,0.0
2023-11,C2024Q2,T08,C2024Q2T08,11,V-SA,SA1,121,64,5008.0,0.0
2023-11,C2024Q2,T08,C2024Q2T08,11,V-SA,VIC1,140,73,13080.6,0.0
2023-11,C2024Q2,T08,C2024Q2T08,11,VIC1-NSW1,NSW1,166,108,2184.0,0.0
2023-11,C2024Q2,T08,C2024Q2T08,11,VIC1-NSW1,VIC1,212,125,21000.08,0.0
2023-11,C2024Q3,T07,C2024Q3T07,11,NSW1-QLD1,NSW1,63,63,7592.0,0.0
2023-11,C2024Q3,T07,C2024Q3T07,11,NSW1-QLD1,QLD1,173,100,23990.34,0.0
2023-11,C2024Q3,T07,C2024Q3T07,11,V-SA,SA1,110,64,5500.24,0.0
2023-11,C2024Q3,T07,C2024Q3T07,11,V-SA,VIC1,150,73,13650.0,0.0
2023-11,C2024Q3,T07,C2024Q3T07,11,VIC1-NSW1,NSW1,141,108,2208.0,0.0
2023-11,C2024Q3,T07,C2024Q3T07,11,VIC1-NSW1,VIC1,212,125,22000.08,0.0
2023-11,C2024Q4,T06,C2024Q4T06,11,NSW1-QLD1,NSW1,63,45,9936.0,0.0
2023-11,C2024Q4,T06,C2024Q4T06,11,NSW1-QLD1,QLD1,176,103,14278.0,0.0
2023-11,C2024Q4,T06,C2024Q4T06,11,V-SA,SA1,111,64,5500.24,0.0
2023-11,C2024Q4,T06,C2024Q4T06,11,V-SA,VIC1,108,73,13000.17,0.0
2023-11,C2024Q4,T06,C2024Q4T06,11,VIC1-NSW1,NSW1,148,108,993.6,0.0
2023-11,C2024Q4,T06,C2024Q4T06,11,VIC1-NSW1,VIC1,290,125,17000.0,0.0
2023-11,C2025Q1,T05,C2025Q1T05,11,NSW1-QLD1,NSW1,65,45,13395.11,0.0
2023-11,C2025Q1,T05,C2025Q1T05,11,NSW1-QLD1,QLD1,175,100,16300.34,0.0
2023-11,C2025Q1,T05,C2025Q1T05,11,V-SA,SA1,64,64,5400.0,0.0
2023-11,C2025Q1,T05,C2025Q1T05,11,V-SA,VIC1,76,73,26005.85,0.0
2023-11,C2025Q1,T05,C2025Q1T05,11,VIC1-NSW1,NSW1,133,108,3506.0,0.0
2023-11,C2025Q1,T05,C2025Q1T05,11,VIC1-NSW1,VIC1,200,125,20010.0,0.0
2023-11,C2025Q2,T04,C2025Q2T04,11,NSW1-QLD1,NSW1,45,45,7807.8,0.0
2023-11,C2025Q2,T04,C2025Q2T04,11,NSW1-QLD1,QLD1,100,100,26208.0,0.0
2023-11,C2025Q2,T04,C2025Q2T04,11,V-SA,SA1,75,64,4368.0,0.0
2023-11,C2025Q2,T04,C2025Q2T04,11,V-SA,VIC1,132,73,13942.5,0.0
2023-11,C2025Q2,T04,C2025Q2T04,11,VIC1-NSW1,NSW1,146,108,1310.4,0.0
2023-11,C2025Q2,T04,C2025Q2T04,11,VIC1-NSW1,VIC1,180,125,20374.75,0.0
2023-11,C2025Q3,T03,C2025Q3T03,11,NSW1-QLD1,NSW1,45,45,8030.0,0.0
2023-11,C2025Q3,T03,C2025Q3T03,11,NSW1-QLD1,QLD1,105,100,24448.34,0.0
2023-11,C2025Q3,T03,C2025Q3T03,11,V-SA,SA1,88,64,4505.0,0.0
2023-11,C2025Q3,T03,C2025Q3T03,11,V-SA,VIC1,111,73,13800.8,0.0
2023-11,C2025Q3,T03,C2025Q3T03,11,VIC1-NSW1,NSW1,164,108,1324.8,0.0
2023-11,C2025Q3,T03,C2025Q3T03,11,VIC1-NSW1,VIC1,190,125,19106.09,0.0
2023-11,C2025Q4,T02,C2025Q4T02,11,NSW1-QLD1,NSW1,45,45,8832.0,0.0
2023-11,C2025Q4,T02,C2025Q4T02,11,NSW1-QLD1,QLD1,114,100,14230.56,0.0
2023-11,C2025Q4,T02,C2025Q4T02,11,V-SA,SA1,77,64,4246.14,0.0
2023-11,C2025Q4,T02,C2025Q4T02,11,V-SA,VIC1,89,73,13248.0,0.0
2023-11,C2025Q4,T02,C2025Q4T02,11,VIC1-NSW1,NSW1,108,108,993.6,0.0
2023-11,C2025Q4,T02,C2025Q4T02,11,VIC1-NSW1,VIC1,160,125,17001.59,0.0
2023-11,C2026Q1,T01,C2026Q1T01,11,NSW1-QLD1,NSW1,45,45,14040.0,0.0
2023-11,C2026Q1,T01,C2026Q1T01,11,NSW1-QLD1,QLD1,100,100,17000.34,0.0
2023-11,C2026Q1,T01,C2026Q1T01,11,V-SA,SA1,64,64,5009.0,0.0
2023-11,C2026Q1,T01,C2026Q1T01,11,V-SA,VIC1,73,73,25920.0,0.0
2023-11,C2026Q1,T01,C2026Q1T01,11,VIC1-NSW1,NSW1,108,108,3510.0,0.0
2023-11,C2026Q1,T01,C2026Q1T01,11,VIC1-NSW1,VIC1,125,125,22226.4,0.0
2023-11,C2023Q3,T12,C2023Q3T12,9,NSW1-QLD1,NSW1,73,61,5000.66,0.0
2023-11,C2023Q3,T12,C2023Q3T12,9,NSW1-QLD1,QLD1,237,100,16417.77,0.0
2023-11,C2023Q3,T12,C2023Q3T12,9,V-SA,SA1,154,66,7201.0,0.0
2023-11,C2023Q3,T12,C2023Q3T12,9,V-SA,VIC1,233,82,13050.04,0.0
2023-11,C2023Q3,T12,C2023Q3T12,9,VIC1-NSW1,NSW1,194,112,2760.0,0.0
2023-11,C2023Q3,T12,C2023Q3T12,9,VIC1-NSW1,VIC1,268,125,25000.0,0.0
2023-11,C2023Q4,T11,C2023Q4T11,9,NSW1-QLD1,NSW1,67,55,12723.0,0.0
2023-11,C2023Q4,T11,C2023Q4T11,9,NSW1-QLD1,QLD1,196,100,10000.2,0.0
2023-11,C2023Q4,T11,C2023Q4T11,9,V-SA,SA1,172,64,5739.64,0.0
2023-11,C2023Q4,T11,C2023Q4T11,9,V-SA,VIC1,227,78,11596.04,0.0
2023-11,C2023Q4,T11,C2023Q4T11,9,VIC1-NSW1,NSW1,160,108,1104.0,0.0
2023-11,C2023Q4,T11,C2023Q4T11,9,VIC1-NSW1,VIC1,342,125,25009.0,0.0
2023-11,C2024Q1,T10,C2024Q1T10,9,NSW1-QLD1,NSW1,72,45,20654.0,0.0
2023-11,C2024Q1,T10,C2024Q1T10,9,NSW1-QLD1,QLD1,202,103,16380.0,0.0
2023-11,C2024Q1,T10,C2024Q1T10,9,V-SA,SA1,82,64,6396.79,0.0
2023-11,C2024Q1,T10,C2024Q1T10,9,V-SA,VIC1,172,73,26846.04,0.0
2023-11,C2024Q1,T10,C2024Q1T10,9,VIC1-NSW1,NSW1,148,108,3932.49,0.0
2023-11,C2024Q1,T10,C2024Q1T10,9,VIC1-NSW1,VIC1,253,125,25019.17,0.0
2023-11,C2024Q2,T09,C2024Q2T09,9,NSW1-QLD1,NSW1,63,54,7216.66,0.0
2023-11,C2024Q2,T09,C2024Q2T09,9,NSW1-QLD1,QLD1,187,100,22654.0,0.0
2023-11,C2024Q2,T09,C2024Q2T09,9,V-SA,SA1,129,64,4888.88,0.0
2023-11,C2024Q2,T09,C2024Q2T09,9,V-SA,VIC1,180,73,13280.04,0.0
2023-11,C2024Q2,T09,C2024Q2T09,9,VIC1-NSW1,NSW1,194,110,2508.08,0.0
2023-11,C2024Q2,T09,C2024Q2T09,9,VIC1-NSW1,VIC1,263,125,22050.08,0.0
2023-11,C2024Q3,T08,C2024Q3T08,9,NSW1-QLD1,NSW1,63,54,5828.66,0.0
2023-11,C2024Q3,T08,C2024Q3T08,9,NSW1-QLD1,QLD1,187,100,26150.2,0.0
2023-11,C2024Q3,T08,C2024Q3T08,9,V-SA,SA1,137,64,5400.51,0.0
2023-11,C2024Q3,T08,C2024Q3T08,9,V-SA,VIC1,185,73,14400.04,0.0
2023-11,C2024Q3,T08,C2024Q3T08,9,VIC1-NSW1,NSW1,133,108,2100.0,0.0
2023-11,C2024Q3,T08,C2024Q3T08,9,VIC1-NSW1,VIC1,308,125,23978.88,0.0
2023-11,C2024Q4,T07,C2024Q4T07,9,NSW1-QLD1,NSW1,57,45,9936.0,0.0
2023-11,C2024Q4,T07,C2024Q4T07,9,NSW1-QLD1,QLD1,189,100,12600.2,0.0
2023-11,C2024Q4,T07,C2024Q4T07,9,V-SA,SA1,137,64,5225.22,0.0
2023-11,C2024Q4,T07,C2024Q4T07,9,V-SA,VIC1,152,73,14111.11,0.0
2023-11,C2024Q4,T07,C2024Q4T07,9,VIC1-NSW1,NSW1,126,108,1074.0,0.0
2023-11,C2024Q4,T07,C2024Q4T07,9,VIC1-NSW1,VIC1,356,125,16433.33,0.0
2023-11,C2025Q1,T06,C2025Q1T06,9,NSW1-QLD1,NSW1,47,45,14850.0,0.0
2023-11,C2025Q1,T06,C2025Q1T06,9,NSW1-QLD1,QLD1,199,102,18240.39,0.0
2023-11,C2025Q1,T06,C2025Q1T06,9,V-SA,SA1,82,64,5400.0,0.0
2023-11,C2025Q1,T06,C2025Q1T06,9,V-SA,VIC1,137,73,23760.0,0.0
2023-11,C2025Q1,T06,C2025Q1T06,9,VIC1-NSW1,NSW1,127,108,3256.0,0.0
2023-11,C2025Q1,T06,C2025Q1T06,9,VIC1-NSW1,VIC1,250,125,21124.8,0.0
2023-11,C2025Q2,T05,C2025Q2T05,9,NSW1-QLD1,NSW1,45,45,6569.73,0.0
2023-11,C2025Q2,T05,C2025Q2T05,9,NSW1-QLD1,QLD1,120,100,28392.0,0.0
2023-11,C2025Q2,T05,C2025Q2T05,9,V-SA,SA1,75,64,4333.33,0.0
2023-11,C2025Q2,T05,C2025Q2T05,9,V-SA,VIC1,138,73,12012.0,0.0
2023-11,C2025Q2,T05,C2025Q2T05,9,VIC1-NSW1,NSW1,148,108,1340.1,0.0
2023-11,C2025Q2,T05,C2025Q2T05,9,VIC1-NSW1,VIC1,225,125,20000.77,0.0
2023-11,C2025Q3,T04,C2025Q3T04,9,NSW1-QLD1,NSW1,45,45,7728.0,0.0
2023-11,C2025Q3,T04,C2025Q3T04,9,NSW1-QLD1,QLD1,125,100,28448.34,0.0
2023-11,C2025Q3,T04,C2025Q3T04,9,V-SA,SA1,94,64,4416.0,0.0
2023-11,C2025Q3,T04,C2025Q3T04,9,V-SA,VIC1,117,73,12337.0,0.0
2023-11,C2025Q3,T04,C2025Q3T04,9,VIC1-NSW1,NSW1,164,108,1300.0,0.0
2023-11,C2025Q3,T04,C2025Q3T04,9,VIC1-NSW1,VIC1,225,125,20061.39,0.0
2023-11,C2025Q4,T03,C2025Q4T03,9,NSW1-QLD1,NSW1,45,45,8832.0,0.0
2023-11,C2025Q4,T03,C2025Q4T03,9,NSW1-QLD1,QLD1,100,100,14942.08,0.0
2023-11,C2025Q4,T03,C2025Q4T03,9,V-SA,SA1,94,64,4416.0,0.0
2023-11,C2025Q4,T03,C2025Q4T03,9,V-SA,VIC1,88,73,12144.0,0.0
2023-11,C2025Q4,T03,C2025Q4T03,9,VIC1-NSW1,NSW1,108,108,883.2,0.0
2023-11,C2025Q4,T03,C2025Q4T03,9,VIC1-NSW1,VIC1,180,125,16760.77,0.0
2023-11,C2026Q1,T02,C2026Q1T02,9,NSW1-QLD1,NSW1,45,45,16146.0,0.0
2023-11,C2026Q1,T02,C2026Q1T02,9,NSW1-QLD1,QLD1,125,100,19780.0,0.0
2023-11,C2026Q1,T02,C2026Q1T02,9,V-SA,SA1,64,64,4758.55,0.0
2023-11,C2026Q1,T02,C2026Q1T02,9,V-SA,VIC1,73,73,21000.0,0.0
2023-11,C2026Q1,T02,C2026Q1T02,9,VIC1-NSW1,NSW1,108,108,3240.0,0.0
2023-11,C2026Q1,T02,C2026Q1T02,9,VIC1-NSW1,VIC1,149,125,21664.8,0.0
2023-11,C2026Q2,T01,C2026Q2T01,9,NSW1-QLD1,NSW1,45,45,7012.0,0.0
2023-11,C2026Q2,T01,C2026Q2T01,9,NSW1-QLD1,QLD1,100,100,28392.0,0.0
2023-11,C2026Q2,T01,C2026Q2T01,9,V-SA,SA1,64,64,4333.33,0.0
2023-11,C2026Q2,T01,C2026Q2T01,9,V-SA,VIC1,73,73,12500.04,0.0
2023-11,C2026Q2,T01,C2026Q2T01,9,VIC1-NSW1,NSW1,108,108,1280.1,0.0
2023-11,C2026Q2,T01,C2026Q2T01,9,VIC1-NSW1,VIC1,125,125,19695.59,0.0
2023-11,C2023Q4,T12,C2023Q4T12,9,NSW1-QLD1,NSW1,76,58,13359.15,0.0
2023-11,C2023Q4,T12,C2023Q4T12,9,NSW1-QLD1,QLD1,238,100,12123.0,0.0
2023-11,C2023Q4,T12,C2023Q4T12,9,V-SA,SA1,201,66,5175.0,0.0
2023-11,C2023Q4,T12,C2023Q4T12,9,V-SA,VIC1,149,77,14400.08,0.0
2023-11,C2023Q4,T12,C2023Q4T12,9,VIC1-NSW1,NSW1,158,125,1278.08,0.0
2023-11,C2023Q4,T12,C2023Q4T12,9,VIC1-NSW1,VIC1,379,129,22040.98,0.0
2023-11,C2024Q1,T11,C2024Q1T11,9,NSW1-QLD1,NSW1,74,60,24005.0,0.0
2023-11,C2024Q1,T11,C2024Q1T11,9,NSW1-QLD1,QLD1,206,100,18880.0,0.0
2023-11,C2024Q1,T11,C2024Q1T11,9,V-SA,SA1,78,66,6500.0,0.0
2023-11,C2024Q1,T11,C2024Q1T11,9,V-SA,VIC1,142,73,32100.0,0.0
2023-11,C2024Q1,T11,C2024Q1T11,9,VIC1-NSW1,NSW1,171,108,4806.0,0.0
2023-11,C2024Q1,T11,C2024Q1T11,9,VIC1-NSW1,VIC1,283,141,27000.0,0.0
2023-11,C2024Q2,T10,C2024Q2T10,9,NSW1-QLD1,NSW1,60,51,6676.0,0.0
2023-11,C2024Q2,T10,C2024Q2T10,9,NSW1-QLD1,QLD1,213,100,25250.0,0.0
2023-11,C2024Q2,T10,C2024Q2T10,9,V-SA,SA1,123,64,4567.89,0.0
2023-11,C2024Q2,T10,C2024Q2T10,9,V-SA,VIC1,140,73,15936.04,0.0
2023-11,C2024Q2,T10,C2024Q2T10,9,VIC1-NSW1,NSW1,183,108,2305.0,0.0
2023-11,C2024Q2,T10,C2024Q2T10,9,VIC1-NSW1,VIC1,279,125,24002.0,0.0
2023-11,C2024Q3,T09,C2024Q3T09,9,NSW1-QLD1,NSW1,57,49,5520.0,0.0
2023-11,C2024Q3,T09,C2024Q3T09,9,NSW1-QLD1,QLD1,228,100,28650.2,0.0
2023-11,C2024Q3,T09,C2024Q3T09,9,V-SA,SA1,131,64,5103.0,0.0
2023-11,C2024Q3,T09,C2024Q3T09,9,V-SA,VIC1,140,73,17280.04,0.0
2023-11,C2024Q3,T09,C2024Q3T09,9,VIC1-NSW1,NSW1,153,108,2000.23,0.0
2023-11,C2024Q3,T09,C2024Q3T09,9,VIC1-NSW1,VIC1,322,125,26400.0,0.0
2023-11,C2024Q4,T08,C2024Q4T08,9,NSW1-QLD1,NSW1,57,45,10294.08,0.0
2023-11,C2024Q4,T08,C2024Q4T08,9,NSW1-QLD1,QLD1,246,100,14250.0,0.0
2023-11,C2024Q4,T08,C2024Q4T08,9,V-SA,SA1,141,64,5225.0,0.0
2023-11,C2024Q4,T08,C2024Q4T08,9,V-SA,VIC1,92,73,16050.08,0.0
2023-11,C2024Q4,T08,C2024Q4T08,9,VIC1-NSW1,NSW1,120,108,1216.0,0.0
2023-11,C2024Q4,T08,C2024Q4T08,9,VIC1-NSW1,VIC1,349,165,20350.75,0.0
2023-11,C2025Q1,T07,C2025Q1T07,9,NSW1-QLD1,NSW1,47,47,17350.0,0.0
2023-11,C2025Q1,T07,C2025Q1T07,9,NSW1-QLD1,QLD1,207,102,18500.55,0.0
2023-11,C2025Q1,T07,C2025Q1T07,9,V-SA,SA1,76,64,6308.0,0.0
2023-11,C2025Q1,T07,C2025Q1T07,9,V-SA,VIC1,103,73,26506.0,0.0
2023-11,C2025Q1,T07,C2025Q1T07,9,VIC1-NSW1,NSW1,140,108,3969.0,0.0
2023-11,C2025Q1,T07,C2025Q1T07,9,VIC1-NSW1,VIC1,271,127,23237.28,0.0
2023-11,C2025Q2,T06,C2025Q2T06,9,NSW1-QLD1,NSW1,45,45,5460.0,0.0
2023-11,C2025Q2,T06,C2025Q2T06,9,NSW1-QLD1,QLD1,142,100,29123.0,0.0
2023-11,C2025Q2,T06,C2025Q2T06,9,V-SA,SA1,87,66,4333.0,0.0
2023-11,C2025Q2,T06,C2025Q2T06,9,V-SA,VIC1,98,73,16537.0,0.0
2023-11,C2025Q2,T06,C2025Q2T06,9,VIC1-NSW1,NSW1,177,111,1350.55,0.0
2023-11,C2025Q2,T06,C2025Q2T06,9,VIC1-NSW1,VIC1,249,125,23003.0,0.0
2023-11,C2025Q3,T05,C2025Q3T05,9,NSW1-QLD1,NSW1,45,45,6005.76,0.0
2023-11,C2025Q3,T05,C2025Q3T05,9,NSW1-QLD1,QLD1,145,100,30794.24,0.0
2023-11,C2025Q3,T05,C2025Q3T05,9,V-SA,SA1,116,64,4408.0,0.0
2023-11,C2025Q3,T05,C2025Q3T05,9,V-SA,VIC1,98,73,15047.13,0.0
2023-11,C2025Q3,T05,C2025Q3T05,9,VIC1-NSW1,NSW1,191,109,1349.99,0.0
2023-11,C2025Q3,T05,C2025Q3T05,9,VIC1-NSW1,VIC1,220,125,22660.54,0.0
2023-11,C2025Q4,T04,C2025Q4T04,9,NSW1-QLD1,NSW1,45,45,8923.0,0.0
2023-11,C2025Q4,T04,C2025Q4T04,9,NSW1-QLD1,QLD1,130,105,15125.21,0.0
2023-11,C2025Q4,T04,C2025Q4T04,9,V-SA,SA1,116,64,4325.89,0.0
2023-11,C2025Q4,T04,C2025Q4T04,9,V-SA,VIC1,88,73,12994.08,0.0
2023-11,C2025Q4,T04,C2025Q4T04,9,VIC1-NSW1,NSW1,108,108,882.0,0.0
2023-11,C2025Q4,T04,C2025Q4T04,9,VIC1-NSW1,VIC1,218,127,17150.0,0.0
2023-11,C2026Q1,T03,C2026Q1T03,9,NSW1-QLD1,NSW1,45,45,16953.3,0.0
2023-11,C2026Q1,T03,C2026Q1T03,9,NSW1-QLD1,QLD1,125,100,20190.0,0.0
2023-11,C2026Q1,T03,C2026Q1T03,9,V-SA,SA1,82,64,4500.89,0.0
2023-11,C2026Q1,T03,C2026Q1T03,9,V-SA,VIC1,85,73,18358.08,0.0
2023-11,C2026Q1,T03,C2026Q1T03,9,VIC1-NSW1,NSW1,128,108,3402.0,0.0
2023-11,C2026Q1,T03,C2026Q1T03,9,VIC1-NSW1,VIC1,163,125,16489.0,0.0
2023-11,C2026Q2,T02,C2026Q2T02,9,NSW1-QLD1,NSW1,45,45,5460.0,0.0
2023-11,C2026Q2,T02,C2026Q2T02,9,NSW1-QLD1,QLD1,105,100,29484.0,0.0
2023-11,C2026Q2,T02,C2026Q2T02,9,V-SA,SA1,73,64,3276.0,0.0
2023-11,C2026Q2,T02,C2026Q2T02,9,V-SA,VIC1,81,73,12500.0,0.0
2023-11,C2026Q2,T02,C2026Q2T02,9,VIC1-NSW1,NSW1,131,108,1004.0,0.0
2023-11,C2026Q2,T02,C2026Q2T02,9,VIC1-NSW1,VIC1,145,125,16960.98,0.0
2023-11,C2026Q3,T01,C2026Q3T01,9,NSW1-QLD1,NSW1,45,45,5520.0,0.0
2023-11,C2026Q3,T01,C2026Q3T01,9,NSW1-QLD1,QLD1,100,100,29605.0,0.0
2023-11,C2026Q3,T01,C2026Q3T01,9,V-SA,SA1,64,64,3312.0,0.0
2023-11,C2026Q3,T01,C2026Q3T01,9,V-SA,VIC1,73,73,12200.08,0.0
2023-11,C2026Q3,T01,C2026Q3T01,9,VIC1-NSW1,NSW1,108,108,1107.0,0.0
2023-11,C2026Q3,T01,C2026Q3T01,9,VIC1-NSW1,VIC1,125,125,16960.98,0.0
2023-11,C2023Q2,T12,C2023Q2T12,12,NSW1-QLD1,NSW1,89,88,7000.4,0.0
2023-11,C2023Q2,T12,C2023Q2T12,12,NSW1-QLD1,QLD1,256,100,15000.34,0.0
2023-11,C2023Q2,T12,C2023Q2T12,12,V-SA,SA1,143,66,4770.85,0.0
2023-11,C2023Q2,T12,C2023Q2T12,12,V-SA,VIC1,186,77,13650.0,0.0
2023-11,C2023Q2,T12,C2023Q2T12,12,VIC1-NSW1,NSW1,234,123,2926.13,0.0
2023-11,C2023Q2,T12,C2023Q2T12,12,VIC1-NSW1,VIC1,327,145,22004.0,0.0
2023-11,C2023Q3,T11,C2023Q3T11,12,NSW1-QLD1,NSW1,78,78,7152.37,0.0
2023-11,C2023Q3,T11,C2023Q3T11,12,NSW1-QLD1,QLD1,233,106,20840.34,0.0
2023-11,C2023Q3,T11,C2023Q3T11,12,V-SA,SA1,151,64,6514.0,0.0
2023-11,C2023Q3,T11,C2023Q3T11,12,V-SA,VIC1,185,73,12970.1,0.0
2023-11,C2023Q3,T11,C2023Q3T11,12,VIC1-NSW1,NSW1,202,117,3409.09,0.0
2023-11,C2023Q3,T11,C2023Q3T11,12,VIC1-NSW1,VIC1,277,135,22010.0,0.0
2023-11,C2023Q4,T10,C2023Q4T10,12,NSW1-QLD1,NSW1,73,54,11223.0,0.0
2023-11,C2023Q4,T10,C2023Q4T10,12,NSW1-QLD1,QLD1,205,107,13328.55,0.0
2023-11,C2023Q4,T10,C2023Q4T10,12,V-SA,SA1,156,64,5982.4,0.0
2023-11,C2023Q4,T10,C2023Q4T10,12,V-SA,VIC1,170,73,12868.45,0.0
2023-11,C2023Q4,T10,C2023Q4T10,12,VIC1-NSW1,NSW1,172,108,1262.98,0.0
2023-11,C2023Q4,T10,C2023Q4T10,12,VIC1-NSW1,VIC1,270,135,22011.0,0.0
2023-11,C2024Q1,T09,C2024Q1T09,12,NSW1-QLD1,NSW1,103,76,13620.0,0.0
2023-11,C2024Q1,T09,C2024Q1T09,12,NSW1-QLD1,QLD1,191,100,15500.0,0.0
2023-11,C2024Q1,T09,C2024Q1T09,12,V-SA,SA1,76,64,5647.4,0.0
2023-11,C2024Q1,T09,C2024Q1T09,12,V-SA,VIC1,119,73,30550.64,0.0
2023-11,C2024Q1,T09,C2024Q1T09,12,VIC1-NSW1,NSW1,153,108,3931.2,0.0
2023-11,C2024Q1,T09,C2024Q1T09,12,VIC1-NSW1,VIC1,254,130,22011.0,0.0
2023-11,C2024Q2,T08,C2024Q2T08,12,NSW1-QLD1,NSW1,69,69,7536.0,0.0
2023-11,C2024Q2,T08,C2024Q2T08,12,NSW1-QLD1,QLD1,184,100,26208.0,0.0
2023-11,C2024Q2,T08,C2024Q2T08,12,V-SA,SA1,121,64,5008.0,0.0
2023-11,C2024Q2,T08,C2024Q2T08,12,V-SA,VIC1,140,73,13080.6,0.0
2023-11,C2024Q2,T08,C2024Q2T08,12,VIC1-NSW1,NSW1,166,108,2184.0,0.0
2023-11,C2024Q2,T08,C2024Q2T08,12,VIC1-NSW1,VIC1,212,125,21000.08,0.0
2023-11,C2024Q3,T07,C2024Q3T07,12,NSW1-QLD1,NSW1,63,63,7592.0,0.0
2023-11,C2024Q3,T07,C2024Q3T07,12,NSW1-QLD1,QLD1,173,100,23990.34,0.0
2023-11,C2024Q3,T07,C2024Q3T07,12,V-SA,SA1,110,64,5500.24,0.0
2023-11,C2024Q3,T07,C2024Q3T07,12,V-SA,VIC1,150,73,13650.0,0.0
2023-11,C2024Q3,T07,C2024Q3T07,12,VIC1-NSW1,NSW1,141,108,2208.0,0.0
2023-11,C2024Q3,T07,C2024Q3T07,12,VIC1-NSW1,VIC1,212,125,22000.08,0.0
2023-11,C2024Q4,T06,C2024Q4T06,12,NSW1-QLD1,NSW1,63,45,9936.0,0.0
2023-11,C2024Q4,T06,C2024Q4T06,12,NSW1-QLD1,QLD1,176,103,14278.0,0.0
2023-11,C2024Q4,T06,C2024Q4T06,12,V-SA,SA1,111,64,5500.24,0.0
2023-11,C2024Q4,T06,C2024Q4T06,12,V-SA,VIC1,108,73,13000.17,0.0
2023-11,C2024Q4,T06,C2024Q4T06,12,VIC1-NSW1,NSW1,148,108,993.6,0.0
2023-11,C2024Q4,T06,C2024Q4T06,12,VIC1-NSW1,VIC1,290,125,17000.0,0.0
2023-11,C2025Q1,T05,C2025Q1T05,12,NSW1-QLD1,NSW1,65,45,13395.11,0.0
2023-11,C2025Q1,T05,C2025Q1T05,12,NSW1-QLD1,QLD1,175,100,16300.34,0.0
2023-11,C2025Q1,T05,C2025Q1T05,12,V-SA,SA1,64,64,5400.0,0.0
2023-11,C2025Q1,T05,C2025Q1T05,12,V-SA,VIC1,76,73,26005.85,0.0
2023-11,C2025Q1,T05,C2025Q1T05,12,VIC1-NSW1,NSW1,133,108,3506.0,0.0
2023-11,C2025Q1,T05,C2025Q1T05,12,VIC1-NSW1,VIC1,200,125,20010.0,0.0
2023-11,C2025Q2,T04,C2025Q2T04,12,NSW1-QLD1,NSW1,45,45,7807.8,0.0
2023-11,C2025Q2,T04,C2025Q2T04,12,NSW1-QLD1,QLD1,100,100,26208.0,0.0
2023-11,C2025Q2,T04,C2025Q2T04,12,V-SA,SA1,75,64,4368.0,0.0
2023-11,C2025Q2,T04,C2025Q2T04,12,V-SA,VIC1,132,73,13942.5,0.0
2023-11,C2025Q2,T04,C2025Q2T04,12,VIC1-NSW1,NSW1,146,108,1310.4,0.0
2023-11,C2025Q2,T04,C2025Q2T04,12,VIC1-NSW1,VIC1,180,125,20374.75,0.0
2023-11,C2025Q3,T03,C2025Q3T03,12,NSW1-QLD1,NSW1,45,45,8030.0,0.0
2023-11,C2025Q3,T03,C2025Q3T03,12,NSW1-QLD1,QLD1,105,100,24448.34,0.0
2023-11,C2025Q3,T03,C2025Q3T03,12,V-SA,SA1,88,64,4505.0,0.0
2023-11,C2025Q3,T03,C2025Q3T03,12,V-SA,VIC1,111,73,13800.8,0.0
2023-11,C2025Q3,T03,C2025Q3T03,12,VIC1-NSW1,NSW1,164,108,1324.8,0.0
2023-11,C2025Q3,T03,C2025Q3T03,12,VIC1-NSW1,VIC1,190,125,19106.09,0.0
2023-11,C2025Q4,T02,C2025Q4T02,12,NSW1-QLD1,NSW1,45,45,8832.0,0.0
2023-11,C2025Q4,T02,C2025Q4T02,12,NSW1-QLD1,QLD1,114,100,14230.56,0.0
2023-11,C2025Q4,T02,C2025Q4T02,12,V-SA,SA1,77,64,4246.14,0.0
2023-11,C2025Q4,T02,C2025Q4T02,12,V-SA,VIC1,89,73,13248.0,0.0
2023-11,C2025Q4,T02,C2025Q4T02,12,VIC1-NSW1,NSW1,108,108,993.6,0.0
2023-11,C2025Q4,T02,C2025Q4T02,12,VIC1-NSW1,VIC1,160,125,17001.59,0.0
2023-11,C2026Q1,T01,C2026Q1T01,12,NSW1-QLD1,NSW1,45,45,14040.0,0.0
2023-11,C2026Q1,T01,C2026Q1T01,12,NSW1-QLD1,QLD1,100,100,17000.34,0.0
2023-11,C2026Q1,T01,C2026Q1T01,12,V-SA,SA1,64,64,5009.0,0.0
2023-11,C2026Q1,T01,C2026Q1T01,12,V-SA,VIC1,73,73,25920.0,0.0
2023-11,C2026Q1,T01,C2026Q1T01,12,VIC1-NSW1,NSW1,108,108,3510.0,0.0
2023-11,C2026Q1,T01,C2026Q1T01,12,VIC1-NSW1,VIC1,125,125,22226.4,0.0
2023-11,C2023Q3,T12,C2023Q3T12,10,NSW1-QLD1,NSW1,73,61,5000.66,0.0
2023-11,C2023Q3,T12,C2023Q3T12,10,NSW1-QLD1,QLD1,237,100,16417.77,0.0
2023-11,C2023Q3,T12,C2023Q3T12,10,V-SA,SA1,154,66,7201.0,0.0
2023-11,C2023Q3,T12,C2023Q3T12,10,V-SA,VIC1,233,82,13050.04,0.0
2023-11,C2023Q3,T12,C2023Q3T12,10,VIC1-NSW1,NSW1,194,112,2760.0,0.0
2023-11,C2023Q3,T12,C2023Q3T12,10,VIC1-NSW1,VIC1,268,125,25000.0,0.0
2023-11,C2023Q4,T11,C2023Q4T11,10,NSW1-QLD1,NSW1,67,55,12723.0,0.0
2023-11,C2023Q4,T11,C2023Q4T11,10,NSW1-QLD1,QLD1,196,100,10000.2,0.0
2023-11,C2023Q4,T11,C2023Q4T11,10,V-SA,SA1,172,64,5739.64,0.0
2023-11,C2023Q4,T11,C2023Q4T11,10,V-SA,VIC1,227,78,11596.04,0.0
2023-11,C2023Q4,T11,C2023Q4T11,10,VIC1-NSW1,NSW1,160,108,1104.0,0.0
2023-11,C2023Q4,T11,C2023Q4T11,10,VIC1-NSW1,VIC1,342,125,25009.0,0.0
2023-11,C2024Q1,T10,C2024Q1T10,10,NSW1-QLD1,NSW1,72,45,20654.0,0.0
2023-11,C2024Q1,T10,C2024Q1T10,10,NSW1-QLD1,QLD1,202,103,16380.0,0.0
2023-11,C2024Q1,T10,C2024Q1T10,10,V-SA,SA1,82,64,6396.79,0.0
2023-11,C2024Q1,T10,C2024Q1T10,10,V-SA,VIC1,172,73,26846.04,0.0
2023-11,C2024Q1,T10,C2024Q1T10,10,VIC1-NSW1,NSW1,148,108,3932.49,0.0
2023-11,C2024Q1,T10,C2024Q1T10,10,VIC1-NSW1,VIC1,253,125,25019.17,0.0
2023-11,C2024Q2,T09,C2024Q2T09,10,NSW1-QLD1,NSW1,63,54,7216.66,0.0
2023-11,C2024Q2,T09,C2024Q2T09,10,NSW1-QLD1,QLD1,187,100,22654.0,0.0
2023-11,C2024Q2,T09,C2024Q2T09,10,V-SA,SA1,129,64,4888.88,0.0
2023-11,C2024Q2,T09,C2024Q2T09,10,V-SA,VIC1,180,73,13280.04,0.0
2023-11,C2024Q2,T09,C2024Q2T09,10,VIC1-NSW1,NSW1,194,110,2508.08,0.0
2023-11,C2024Q2,T09,C2024Q2T09,10,VIC1-NSW1,VIC1,263,125,22050.08,0.0
2023-11,C2024Q3,T08,C2024Q3T08,10,NSW1-QLD1,NSW1,63,54,5828.66,0.0
2023-11,C2024Q3,T08,C2024Q3T08,10,NSW1-QLD1,QLD1,187,100,26150.2,0.0
2023-11,C2024Q3,T08,C2024Q3T08,10,V-SA,SA1,137,64,5400.51,0.0
2023-11,C2024Q3,T08,C2024Q3T08,10,V-SA,VIC1,185,73,14400.04,0.0
2023-11,C2024Q3,T08,C2024Q3T08,10,VIC1-NSW1,NSW1,133,108,2100.0,0.0
2023-11,C2024Q3,T08,C2024Q3T08,10,VIC1-NSW1,VIC1,308,125,23978.88,0.0
2023-11,C2024Q4,T07,C2024Q4T07,10,NSW1-QLD1,NSW1,57,45,9936.0,0.0
2023-11,C2024Q4,T07,C2024Q4T07,10,NSW1-QLD1,QLD1,189,100,12600.2,0.0
2023-11,C2024Q4,T07,C2024Q4T07,10,V-SA,SA1,137,64,5225.22,0.0
2023-11,C2024Q4,T07,C2024Q4T07,10,V-SA,VIC1,152,73,14111.11,0.0
2023-11,C2024Q4,T07,C2024Q4T07,10,VIC1-NSW1,NSW1,126,108,1074.0,0.0
2023-11,C2024Q4,T07,C2024Q4T07,10,VIC1-NSW1,VIC1,356,125,16433.33,0.0
2023-11,C2025Q1,T06,C2025Q1T06,10,NSW1-QLD1,NSW1,47,45,14850.0,0.0
2023-11,C2025Q1,T06,C2025Q1T06,10,NSW1-QLD1,QLD1,199,102,18240.39,0.0
2023-11,C2025Q1,T06,C2025Q1T06,10,V-SA,SA1,82,64,5400.0,0.0
2023-11,C2025Q1,T06,C2025Q1T06,10,V-SA,VIC1,137,73,23760.0,0.0
2023-11,C2025Q1,T06,C2025Q1T06,10,VIC1-NSW1,NSW1,127,108,3256.0,0.0
2023-11,C2025Q1,T06,C2025Q1T06,10,VIC1-NSW1,VIC1,250,125,21124.8,0.0
2023-11,C2025Q2,T05,C2025Q2T05,10,NSW1-QLD1,NSW1,45,45,6569.73,0.0
2023-11,C2025Q2,T05,C2025Q2T05,10,NSW1-QLD1,QLD1,120,100,28392.0,0.0
2023-11,C2025Q2,T05,C2025Q2T05,10,V-SA,SA1,75,64,4333.33,0.0
2023-11,C2025Q2,T05,C2025Q2T05,10,V-SA,VIC1,138,73,12012.0,0.0
2023-11,C2025Q2,T05,C2025Q2T05,10,VIC1-NSW1,NSW1,148,108,1340.1,0.0
2023-11,C2025Q2,T05,C2025Q2T05,10,VIC1-NSW1,VIC1,225,125,20000.77,0.0
2023-11,C2025Q3,T04,C2025Q3T04,10,NSW1-QLD1,NSW1,45,45,7728.0,0.0
2023-11,C2025Q3,T04,C2025Q3T04,10,NSW1-QLD1,QLD1,125,100,28448.34,0.0
2023-11,C2025Q3,T04,C2025Q3T04,10,V-SA,SA1,94,64,4416.0,0.0
2023-11,C2025Q3,T04,C2025Q3T04,10,V-SA,VIC1,117,73,12337.0,0.0
2023-11,C2025Q3,T04,C2025Q3T04,10,VIC1-NSW1,NSW1,164,108,1300.0,0.0
2023-11,C2025Q3,T04,C2025Q3T04,10,VIC1-NSW1,VIC1,225,125,20061.39,0.0
2023-11,C2025Q4,T03,C2025Q4T03,10,NSW1-QLD1,NSW1,45,45,8832.0,0.0
2023-11,C2025Q4,T03,C2025Q4T03,10,NSW1-QLD1,QLD1,100,100,14942.08,0.0
2023-11,C2025Q4,T03,C2025Q4T03,10,V-SA,SA1,94,64,4416.0,0.0
2023-11,C2025Q4,T03,C2025Q4T03,10,V-SA,VIC1,88,73,12144.0,0.0
2023-11,C2025Q4,T03,C2025Q4T03,10,VIC1-NSW1,NSW1,108,108,883.2,0.0
2023-11,C2025Q4,T03,C2025Q4T03,10,VIC1-NSW1,VIC1,180,125,16760.77,0.0
2023-11,C2026Q1,T02,C2026Q1T02,10,NSW1-QLD1,NSW1,45,45,16146.0,0.0
2023-11,C2026Q1,T02,C2026Q1T02,10,NSW1-QLD1,QLD1,125,100,19780.0,0.0
2023-11,C2026Q1,T02,C2026Q1T02,10,V-SA,SA1,64,64,4758.55,0.0
2023-11,C2026Q1,T02,C2026Q1T02,10,V-SA,VIC1,73,73,21000.0,0.0
2023-11,C2026Q1,T02,C2026Q1T02,10,VIC1-NSW1,NSW1,108,108,3240.0,0.0
2023-11,C2026Q1,T02,C2026Q1T02,10,VIC1-NSW1,VIC1,149,125,21664.8,0.0
2023-11,C2026Q2,T01,C2026Q2T01,10,NSW1-QLD1,NSW1,45,45,7012.0,0.0
2023-11,C2026Q2,T01,C2026Q2T01,10,NSW1-QLD1,QLD1,100,100,28392.0,0.0
2023-11,C2026Q2,T01,C2026Q2T01,10,V-SA,SA1,64,64,4333.33,0.0
2023-11,C2026Q2,T01,C2026Q2T01,10,V-SA,VIC1,73,73,12500.04,0.0
2023-11,C2026Q2,T01,C2026Q2T01,10,VIC1-NSW1,NSW1,108,108,1280.1,0.0
2023-11,C2026Q2,T01,C2026Q2T01,10,VIC1-NSW1,VIC1,125,125,19695.59,0.0
2023-11,C2023Q4,T12,C2023Q4T12,10,NSW1-QLD1,NSW1,76,58,13359.15,0.0
2023-11,C2023Q4,T12,C2023Q4T12,10,NSW1-QLD1,QLD1,238,100,12123.0,0.0
2023-11,C2023Q4,T12,C2023Q4T12,10,V-SA,SA1,201,66,5175.0,0.0
2023-11,C2023Q4,T12,C2023Q4T12,10,V-SA,VIC1,149,77,14400.08,0.0
2023-11,C2023Q4,T12,C2023Q4T12,10,VIC1-NSW1,NSW1,158,125,1278.08,0.0
2023-11,C2023Q4,T12,C2023Q4T12,10,VIC1-NSW1,VIC1,379,129,22040.98,0.0
2023-11,C2024Q1,T11,C2024Q1T11,10,NSW1-QLD1,NSW1,74,60,24005.0,0.0
2023-11,C2024Q1,T11,C2024Q1T11,10,NSW1-QLD1,QLD1,206,100,18880.0,0.0
2023-11,C2024Q1,T11,C2024Q1T11,10,V-SA,SA1,78,66,6500.0,0.0
2023-11,C2024Q1,T11,C2024Q1T11,10,V-SA,VIC1,142,73,32100.0,0.0
2023-11,C2024Q1,T11,C2024Q1T11,10,VIC1-NSW1,NSW1,171,108,4806.0,0.0
2023-11,C2024Q1,T11,C2024Q1T11,10,VIC1-NSW1,VIC1,283,141,27000.0,0.0
2023-11,C2024Q2,T10,C2024Q2T10,10,NSW1-QLD1,NSW1,60,51,6676.0,0.0
2023-11,C2024Q2,T10,C2024Q2T10,10,NSW1-QLD1,QLD1,213,100,25250.0,0.0
2023-11,C2024Q2,T10,C2024Q2T10,10,V-SA,SA1,123,64,4567.89,0.0
2023-11,C2024Q2,T10,C2024Q2T10,10,V-SA,VIC1,140,73,15936.04,0.0
2023-11,C2024Q2,T10,C2024Q2T10,10,VIC1-NSW1,NSW1,183,108,2305.0,0.0
2023-11,C2024Q2,T10,C2024Q2T10,10,VIC1-NSW1,VIC1,279,125,24002.0,0.0
2023-11,C2024Q3,T09,C2024Q3T09,10,NSW1-QLD1,NSW1,57,49,5520.0,0.0
2023-11,C2024Q3,T09,C2024Q3T09,10,NSW1-QLD1,QLD1,228,100,28650.2,0.0
2023-11,C2024Q3,T09,C2024Q3T09,10,V-SA,SA1,131,64,5103.0,0.0
2023-11,C2024Q3,T09,C2024Q3T09,10,V-SA,VIC1,140,73,17280.04,0.0
2023-11,C2024Q3,T09,C2024Q3T09,10,VIC1-NSW1,NSW1,153,108,2000.23,0.0
2023-11,C2024Q3,T09,C2024Q3T09,10,VIC1-NSW1,VIC1,322,125,26400.0,0.0
2023-11,C2024Q4,T08,C2024Q4T08,10,NSW1-QLD1,NSW1,57,45,10294.08,0.0
2023-11,C2024Q4,T08,C2024Q4T08,10,NSW1-QLD1,QLD1,246,100,14250.0,0.0
2023-11,C2024Q4,T08,C2024Q4T08,10,V-SA,SA1,141,64,5225.0,0.0
2023-11,C2024Q4,T08,C2024Q4T08,10,V-SA,VIC1,92,73,16050.08,0.0
2023-11,C2024Q4,T08,C2024Q4T08,10,VIC1-NSW1,NSW1,120,108,1216.0,0.0
2023-11,C2024Q4,T08,C2024Q4T08,10,VIC1-NSW1,VIC1,349,165,20350.75,0.0
