mmsdm_month,quarter,tranche,contract_id,version_no,interconnector_id,from_region,units_offered,units_sold,clearing_price,reserve_price
2022-05,C2022Q4,T09,C2022Q4T09,8,NSW1-QLD1,NSW1,73,45,6000.0,0.0
2022-05,C2022Q4,T09,C2022Q4T09,8,NSW1-QLD1,QLD1,285,100,9445.0,0.0
2022-05,C2022Q4,T09,C2022Q4T09,8,V-SA,SA1,108,64,6132.43,0.0
2022-05,C2022Q4,T09,C2022Q4T09,8,V-SA,VIC1,153,73,7940.85,0.0
2022-05,C2022Q4,T09,C2022Q4T09,8,VIC1-NSW1,NSW1,174,108,1200.0,0.0
2022-05,C2022Q4,T09,C2022Q4T09,8,VIC1-NSW1,VIC1,261,128,19024.49,0.0
2022-05,C2023Q1,T08,C2023Q1T08,8,NSW1-QLD1,NSW1,73,45,7800.94,0.0
2022-05,C2023Q1,T08,C2023Q1T08,8,NSW1-QLD1,QLD1,271,105,15164.59,0.0
2022-05,C2023Q1,T08,C2023Q1T08,8,V-SA,SA1,87,77,6603.0,0.0
2022-05,C2023Q1,T08,C2023Q1T08,8,V-SA,VIC1,104,73,13365.0,0.0
2022-05,C2023Q1,T08,C2023Q1T08,8,VIC1-NSW1,NSW1,153,110,4551.0,0.0
2022-05,C2023Q1,T08,C2023Q1T08,8,VIC1-NSW1,VIC1,165,125,21175.95,0.0
2022-05,C2023Q2,T07,C2023Q2T07,8,NSW1-QLD1,NSW1,71,45,2410.0,0.0
2022-05,C2023Q2,T07,C2023Q2T07,8,NSW1-QLD1,QLD1,220,100,17015.0,0.0
2022-05,C2023Q2,T07,C2023Q2T07,8,V-SA,SA1,129,86,4403.0,0.0
2022-05,C2023Q2,T07,C2023Q2T07,8,V-SA,VIC1,113,73,6606.6,0.0
2022-05,C2023Q2,T07,C2023Q2T07,8,VIC1-NSW1,NSW1,188,108,1104.4,0.0
2022-05,C2023Q2,T07,C2023Q2T07,8,VIC1-NSW1,VIC1,223,125,15820.49,0.0
2022-05,C2023Q3,T06,C2023Q3T06,8,NSW1-QLD1,NSW1,75,45,2400.0,0.0
2022-05,C2023Q3,T06,C2023Q3T06,8,NSW1-QLD1,QLD1,170,100,18260.0,0.0
2022-05,C2023Q3,T06,C2023Q3T06,8,V-SA,SA1,118,72,5000.0,0.0
2022-05,C2023Q3,T06,C2023Q3T06,8,V-SA,VIC1,103,73,7500.0,0.0
2022-05,C2023Q3,T06,C2023Q3T06,8,VIC1-NSW1,NSW1,175,108,1106.0,0.0
2022-05,C2023Q3,T06,C2023Q3T06,8,VIC1-NSW1,VIC1,203,125,15590.49,0.0
2022-05,C2023Q4,T05,C2023Q4T05,8,NSW1-QLD1,NSW1,65,45,5349.55,0.0
2022-05,C2023Q4,T05,C2023Q4T05,8,NSW1-QLD1,QLD1,194,100,12500.0,0.0
2022-05,C2023Q4,T05,C2023Q4T05,8,V-SA,SA1,111,64,5500.0,0.0
2022-05,C2023Q4,T05,C2023Q4T05,8,V-SA,VIC1,88,73,8500.79,0.0
2022-05,C2023Q4,T05,C2023Q4T05,8,VIC1-NSW1,NSW1,158,108,1277.0,0.0
2022-05,C2023Q4,T05,C2023Q4T05,8,VIC1-NSW1,VIC1,195,125,18232.5,0.0
2022-05,C2024Q1,T04,C2024Q1T04,8,NSW1-QLD1,NSW1,45,45,7162.96,0.0
2022-05,C2024Q1,T04,C2024Q1T04,8,NSW1-QLD1,QLD1,134,101,20748.0,0.0
2022-05,C2024Q1,T04,C2024Q1T04,8,V-SA,SA1,64,64,6893.3,0.0
2022-05,C2024Q1,T04,C2024Q1T04,8,V-SA,VIC1,90,73,15000.0,0.0
2022-05,C2024Q1,T04,C2024Q1T04,8,VIC1-NSW1,NSW1,124,115,4370.2,0.0
2022-05,C2024Q1,T04,C2024Q1T04,8,VIC1-NSW1,VIC1,145,125,22368.05,0.0
2022-05,C2024Q2,T03,C2024Q2T03,8,NSW1-QLD1,NSW1,45,45,2579.0,0.0
2022-05,C2024Q2,T03,C2024Q2T03,8,NSW1-QLD1,QLD1,100,100,20748.0,0.0
2022-05,C2024Q2,T03,C2024Q2T03,8,V-SA,SA1,79,70,4462.18,0.0
2022-05,C2024Q2,T03,C2024Q2T03,8,V-SA,VIC1,73,73,7500.0,0.0
2022-05,C2024Q2,T03,C2024Q2T03,8,VIC1-NSW1,NSW1,138,108,1048.0,0.0
2022-05,C2024Q2,T03,C2024Q2T03,8,VIC1-NSW1,VIC1,125,125,14742.0,0.0
2022-05,C2024Q3,T02,C2024Q3T02,8,NSW1-QLD1,NSW1,45,45,2400.0,0.0
2022-05,C2024Q3,T02,C2024Q3T02,8,NSW1-QLD1,QLD1,100,100,19126.0,0.0
2022-05,C2024Q3,T02,C2024Q3T02,8,V-SA,SA1,78,75,5352.18,0.0
2022-05,C2024Q3,T02,C2024Q3T02,8,V-SA,VIC1,73,73,7500.0,0.0
2022-05,C2024Q3,T02,C2024Q3T02,8,VIC1-NSW1,NSW1,108,108,1058.0,0.0
2022-05,C2024Q3,T02,C2024Q3T02,8,VIC1-NSW1,VIC1,125,125,15002.0,0.0
2022-05,C2024Q4,T01,C2024Q4T01,8,NSW1-QLD1,NSW1,45,45,5006.08,0.0
2022-05,C2024Q4,T01,C2024Q4T01,8,NSW1-QLD1,QLD1,100,100,12909.44,0.0
2022-05,C2024Q4,T01,C2024Q4T01,8,V-SA,SA1,64,64,5561.0,0.0
2022-05,C2024Q4,T01,C2024Q4T01,8,V-SA,VIC1,73,73,8675.28,0.0
2022-05,C2024Q4,T01,C2024Q4T01,8,VIC1-NSW1,NSW1,108,108,1287.0,0.0
2022-05,C2024Q4,T01,C2024Q4T01,8,VIC1-NSW1,VIC1,125,125,17050.0,0.0
2022-05,C2022Q2,T12,C2022Q2T12,8,NSW1-QLD1,NSW1,127,100,4537.55,0.0
2022-05,C2022Q2,T12,C2022Q2T12,8,NSW1-QLD1,QLD1,207,100,7637.0,0.0
2022-05,C2022Q2,T12,C2022Q2T12,8,V-SA,SA1,106,66,4487.0,0.0
2022-05,C2022Q2,T12,C2022Q2T12,8,V-SA,VIC1,133,83,13539.0,0.0
2022-05,C2022Q2,T12,C2022Q2T12,8,VIC1-NSW1,NSW1,278,112,910.0,0.0
2022-05,C2022Q2,T12,C2022Q2T12,8,VIC1-NSW1,VIC1,225,125,19978.0,0.0
2022-05,C2022Q3,T11,C2022Q3T11,8,NSW1-QLD1,NSW1,84,60,4061.82,0.0
2022-05,C2022Q3,T11,C2022Q3T11,8,NSW1-QLD1,QLD1,244,100,13330.09,0.0
2022-05,C2022Q3,T11,C2022Q3T11,8,V-SA,SA1,113,64,5500.0,0.0
2022-05,C2022Q3,T11,C2022Q3T11,8,V-SA,VIC1,128,73,10000.0,0.0
2022-05,C2022Q3,T11,C2022Q3T11,8,VIC1-NSW1,NSW1,265,108,1198.0,0.0
2022-05,C2022Q3,T11,C2022Q3T11,8,VIC1-NSW1,VIC1,250,135,19272.0,0.0
2022-05,C2022Q4,T10,C2022Q4T10,8,NSW1-QLD1,NSW1,64,45,9300.0,0.0
2022-05,C2022Q4,T10,C2022Q4T10,8,NSW1-QLD1,QLD1,275,100,10925.0,0.0
2022-05,C2022Q4,T10,C2022Q4T10,8,V-SA,SA1,100,64,6046.0,0.0
2022-05,C2022Q4,T10,C2022Q4T10,8,V-SA,VIC1,158,73,10170.83,0.0
2022-05,C2022Q4,T10,C2022Q4T10,8,VIC1-NSW1,NSW1,174,112,1380.0,0.0
2022-05,C2022Q4,T10,C2022Q4T10,8,VIC1-NSW1,VIC1,268,135,24731.84,0.0
2022-05,C2023Q1,T09,C2023Q1T09,8,NSW1-QLD1,NSW1,64,48,15202.0,0.0
2022-05,C2023Q1,T09,C2023Q1T09,8,NSW1-QLD1,QLD1,281,104,17189.17,0.0
2022-05,C2023Q1,T09,C2023Q1T09,8,V-SA,SA1,94,70,6850.0,0.0
2022-05,C2023Q1,T09,C2023Q1T09,8,V-SA,VIC1,99,73,16760.83,0.0
2022-05,C2023Q1,T09,C2023Q1T09,8,VIC1-NSW1,NSW1,171,116,4500.0,0.0
2022-05,C2023Q1,T09,C2023Q1T09,8,VIC1-NSW1,VIC1,200,135,25200.26,0.0
2022-05,C2023Q2,T08,C2023Q2T08,8,NSW1-QLD1,NSW1,61,45,4000.0,0.0
2022-05,C2023Q2,T08,C2023Q2T08,8,NSW1-QLD1,QLD1,194,100,24489.09,0.0
2022-05,C2023Q2,T08,C2023Q2T08,8,V-SA,SA1,114,70,4843.0,0.0
2022-05,C2023Q2,T08,C2023Q2T08,8,V-SA,VIC1,108,73,11000.83,0.0
2022-05,C2023Q2,T08,C2023Q2T08,8,VIC1-NSW1,NSW1,301,109,1270.06,0.0
2022-05,C2023Q2,T08,C2023Q2T08,8,VIC1-NSW1,VIC1,205,125,22960.26,0.0
2022-05,C2023Q3,T07,C2023Q3T07,8,NSW1-QLD1,NSW1,70,45,3336.0,0.0
2022-05,C2023Q3,T07,C2023Q3T07,8,NSW1-QLD1,QLD1,150,100,24416.0,0.0
2022-05,C2023Q3,T07,C2023Q3T07,8,V-SA,SA1,109,64,5297.0,0.0
2022-05,C2023Q3,T07,C2023Q3T07,8,V-SA,VIC1,108,73,10920.83,0.0
2022-05,C2023Q3,T07,C2023Q3T07,8,VIC1-NSW1,NSW1,205,108,1250.0,0.0
2022-05,C2023Q3,T07,C2023Q3T07,8,VIC1-NSW1,VIC1,220,125,22640.26,0.0
2022-05,C2023Q4,T06,C2023Q4T06,8,NSW1-QLD1,NSW1,58,45,8510.0,0.0
2022-05,C2023Q4,T06,C2023Q4T06,8,NSW1-QLD1,QLD1,164,100,17384.0,0.0
2022-05,C2023Q4,T06,C2023Q4T06,8,V-SA,SA1,109,64,6050.0,0.0
2022-05,C2023Q4,T06,C2023Q4T06,8,V-SA,VIC1,88,73,9520.83,0.0
2022-05,C2023Q4,T06,C2023Q4T06,8,VIC1-NSW1,NSW1,143,114,1404.7,0.0
2022-05,C2023Q4,T06,C2023Q4T06,8,VIC1-NSW1,VIC1,217,125,24066.9,0.0
2022-05,C2024Q1,T05,C2024Q1T05,8,NSW1-QLD1,NSW1,48,45,9907.0,0.0
2022-05,C2024Q1,T05,C2024Q1T05,8,NSW1-QLD1,QLD1,130,100,22822.8,0.0
2022-05,C2024Q1,T05,C2024Q1T05,8,V-SA,SA1,64,64,7341.0,0.0
2022-05,C2024Q1,T05,C2024Q1T05,8,V-SA,VIC1,90,73,16500.0,0.0
2022-05,C2024Q1,T05,C2024Q1T05,8,VIC1-NSW1,NSW1,117,108,4368.0,0.0
2022-05,C2024Q1,T05,C2024Q1T05,8,VIC1-NSW1,VIC1,167,125,23800.26,0.0
2022-05,C2024Q2,T04,C2024Q2T04,8,NSW1-QLD1,NSW1,48,45,3307.0,0.0
2022-05,C2024Q2,T04,C2024Q2T04,8,NSW1-QLD1,QLD1,120,100,24438.96,0.0
2022-05,C2024Q2,T04,C2024Q2T04,8,V-SA,SA1,89,64,4732.0,0.0
2022-05,C2024Q2,T04,C2024Q2T04,8,V-SA,VIC1,73,73,9093.0,0.0
2022-05,C2024Q2,T04,C2024Q2T04,8,VIC1-NSW1,NSW1,164,108,1028.0,0.0
2022-05,C2024Q2,T04,C2024Q2T04,8,VIC1-NSW1,VIC1,152,125,16800.25,0.0
2022-05,C2024Q3,T03,C2024Q3T03,8,NSW1-QLD1,NSW1,48,45,3040.0,0.0
2022-05,C2024Q3,T03,C2024Q3T03,8,NSW1-QLD1,QLD1,108,100,21520.64,0.0
2022-05,C2024Q3,T03,C2024Q3T03,8,V-SA,SA1,67,64,4995.37,0.0
2022-05,C2024Q3,T03,C2024Q3T03,8,V-SA,VIC1,74,73,8996.83,0.0
2022-05,C2024Q3,T03,C2024Q3T03,8,VIC1-NSW1,NSW1,108,108,1000.0,0.0
2022-05,C2024Q3,T03,C2024Q3T03,8,VIC1-NSW1,VIC1,135,125,16502.2,0.0
2022-05,C2024Q4,T02,C2024Q4T02,8,NSW1-QLD1,NSW1,48,45,8504.0,0.0
2022-05,C2024Q4,T02,C2024Q4T02,8,NSW1-QLD1,QLD1,100,100,16000.0,0.0
2022-05,C2024Q4,T02,C2024Q4T02,8,V-SA,SA1,64,64,5521.0,0.0
2022-05,C2024Q4,T02,C2024Q4T02,8,V-SA,VIC1,73,73,10284.0,0.0
2022-05,C2024Q4,T02,C2024Q4T02,8,VIC1-NSW1,NSW1,108,108,1457.0,0.0
2022-05,C2024Q4,T02,C2024Q4T02,8,VIC1-NSW1,VIC1,150,125,20800.25,0.0
2022-05,C2025Q1,T01,C2025Q1T01,8,NSW1-QLD1,NSW1,45,45,9506.0,0.0
2022-05,C2025Q1,T01,C2025Q1T01,8,NSW1-QLD1,QLD1,100,100,23392.8,0.0
2022-05,C2025Q1,T01,C2025Q1T01,8,V-SA,SA1,64,64,7210.0,0.0
2022-05,C2025Q1,T01,C2025Q1T01,8,V-SA,VIC1,73,73,16000.0,0.0
2022-05,C2025Q1,T01,C2025Q1T01,8,VIC1-NSW1,NSW1,108,108,4320.0,0.0
2022-05,C2025Q1,T01,C2025Q1T01,8,VIC1-NSW1,VIC1,125,125,20971.0,0.0
2022-05,C2020Q4,T12,C2020Q4T12,28,NSW1-QLD1,NSW1,157,55,804.0,0.0
2022-05,C2020Q4,T12,C2020Q4T12,28,NSW1-QLD1,QLD1,210,100,10450.0,0.0
2022-05,C2020Q4,T12,C2020Q4T12,28,V-SA,SA1,91,66,6500.85,0.0
2022-05,C2020Q4,T12,C2020Q4T12,28,V-SA,VIC1,97,77,3000.33,0.0
2022-05,C2019Q4,T12,C2019Q4T12,10,NSW1-QLD1,NSW1,55,55,600.0,0.0
2022-05,C2019Q4,T12,C2019Q4T12,10,NSW1-QLD1,QLD1,100,100,14748.0,0.0
2022-05,C2019Q4,T12,C2019Q4T12,10,V-SA,SA1,66,66,6125.0,0.0
2022-05,C2019Q4,T12,C2019Q4T12,10,V-SA,VIC1,77,77,1905.0,0.0
2022-05,C2019Q4,T12,C2019Q4T12,10,VIC1-NSW1,NSW1,112,112,3975.91,0.0
2022-05,C2019Q4,T12,C2019Q4T12,10,VIC1-NSW1,VIC1,125,125,4978.0,0.0
2022-05,C2020Q1,T11,C2020Q1T11,10,NSW1-QLD1,NSW1,45,45,3050.0,0.0
2022-05,C2020Q1,T11,C2020Q1T11,10,NSW1-QLD1,QLD1,100,100,16005.0,0.0
2022-05,C2020Q1,T11,C2020Q1T11,10,V-SA,SA1,64,64,5204.0,0.0
2022-05,C2020Q1,T11,C2020Q1T11,10,V-SA,VIC1,73,73,7200.0,0.0
2022-05,C2020Q1,T11,C2020Q1T11,10,VIC1-NSW1,NSW1,108,108,14270.4,0.0
2022-05,C2020Q1,T11,C2020Q1T11,10,VIC1-NSW1,VIC1,125,125,5004.0,0.0
2022-05,C2020Q2,T10,C2020Q2T10,10,NSW1-QLD1,NSW1,45,45,226.0,0.0
2022-05,C2020Q2,T10,C2020Q2T10,10,NSW1-QLD1,QLD1,100,100,14479.92,0.0
2022-05,C2020Q2,T10,C2020Q2T10,10,V-SA,SA1,64,64,5044.0,0.0
2022-05,C2020Q2,T10,C2020Q2T10,10,V-SA,VIC1,73,73,1273.96,0.0
2022-05,C2020Q2,T10,C2020Q2T10,10,VIC1-NSW1,NSW1,108,108,2500.15,0.0
2022-05,C2020Q2,T10,C2020Q2T10,10,VIC1-NSW1,VIC1,125,125,3999.8,0.0
2022-05,C2020Q3,T09,C2020Q3T09,10,NSW1-QLD1,NSW1,45,45,254.0,0.0
2022-05,C2020Q3,T09,C2020Q3T09,10,NSW1-QLD1,QLD1,100,100,13976.64,0.0
2022-05,C2020Q3,T09,C2020Q3T09,10,V-SA,SA1,64,64,9251.0,0.0
2022-05,C2020Q3,T09,C2020Q3T09,10,V-SA,VIC1,73,73,1092.5,0.0
2022-05,C2020Q3,T09,C2020Q3T09,10,VIC1-NSW1,NSW1,108,108,1950.0,0.0
2022-05,C2020Q3,T09,C2020Q3T09,10,VIC1-NSW1,VIC1,125,125,4999.95,0.0
2022-05,C2020Q4,T08,C2020Q4T08,10,NSW1-QLD1,NSW1,45,45,600.0,0.0
2022-05,C2020Q4,T08,C2020Q4T08,10,NSW1-QLD1,QLD1,100,100,12806.4,0.0
2022-05,C2020Q4,T08,C2020Q4T08,10,V-SA,SA1,64,64,7955.0,0.0
2022-05,C2020Q4,T08,C2020Q4T08,10,V-SA,VIC1,73,73,1504.0,0.0
2022-05,C2020Q4,T08,C2020Q4T08,10,VIC1-NSW1,NSW1,108,108,2625.0,0.0
2022-05,C2020Q4,T08,C2020Q4T08,10,VIC1-NSW1,VIC1,125,125,6200.0,0.0
2022-05,C2021Q1,T07,C2021Q1T07,10,NSW1-QLD1,NSW1,45,45,3175.0,0.0
2022-05,C2021Q1,T07,C2021Q1T07,10,NSW1-QLD1,QLD1,100,100,13335.0,0.0
2022-05,C2021Q1,T07,C2021Q1T07,10,V-SA,SA1,64,64,6178.26,0.0
2022-05,C2021Q1,T07,C2021Q1T07,10,V-SA,VIC1,73,73,5961.6,0.0
2022-05,C2021Q1,T07,C2021Q1T07,10,VIC1-NSW1,NSW1,108,108,6975.0,0.0
2022-05,C2021Q1,T07,C2021Q1T07,10,VIC1-NSW1,VIC1,125,125,5500.0,0.0
2022-05,C2021Q2,T06,C2021Q2T06,10,NSW1-QLD1,NSW1,45,45,226.0,0.0
2022-05,C2021Q2,T06,C2021Q2T06,10,NSW1-QLD1,QLD1,100,100,11003.0,0.0
2022-05,C2021Q2,T06,C2021Q2T06,10,V-SA,SA1,64,64,7005.05,0.0
2022-05,C2021Q2,T06,C2021Q2T06,10,V-SA,VIC1,73,73,1528.8,0.0
2022-05,C2021Q2,T06,C2021Q2T06,10,VIC1-NSW1,NSW1,108,108,1659.84,0.0
2022-05,C2021Q2,T06,C2021Q2T06,10,VIC1-NSW1,VIC1,125,125,6200.0,0.0
2022-05,C2021Q3,T05,C2021Q3T05,10,NSW1-QLD1,NSW1,45,45,800.0,0.0
2022-05,C2021Q3,T05,C2021Q3T05,10,NSW1-QLD1,QLD1,100,100,11542.0,0.0
2022-05,C2021Q3,T05,C2021Q3T05,10,V-SA,SA1,64,64,9967.0,0.0
2022-05,C2021Q3,T05,C2021Q3T05,10,V-SA,VIC1,73,73,1662.5,0.0
2022-05,C2021Q3,T05,C2021Q3T05,10,VIC1-NSW1,NSW1,108,108,1650.0,0.0
2022-05,C2021Q3,T05,C2021Q3T05,10,VIC1-NSW1,VIC1,125,125,6200.0,0.0
2022-05,C2021Q4,T04,C2021Q4T04,10,NSW1-QLD1,NSW1,45,45,800.0,0.0
2022-05,C2021Q4,T04,C2021Q4T04,10,NSW1-QLD1,QLD1,100,100,10666.0,0.0
2022-05,C2021Q4,T04,C2021Q4T04,10,V-SA,SA1,64,64,6911.0,0.0
2022-05,C2021Q4,T04,C2021Q4T04,10,V-SA,VIC1,73,73,1729.0,0.0
2022-05,C2021Q4,T04,C2021Q4T04,10,VIC1-NSW1,NSW1,108,108,2208.0,0.0
2022-05,C2021Q4,T04,C2021Q4T04,10,VIC1-NSW1,VIC1,125,125,6200.0,0.0
2022-05,C2022Q1,T03,C2022Q1T03,10,NSW1-QLD1,NSW1,45,45,3175.0,0.0
2022-05,C2022Q1,T03,C2022Q1T03,10,NSW1-QLD1,QLD1,100,100,10250.0,0.0
2022-05,C2022Q1,T03,C2022Q1T03,10,V-SA,SA1,64,64,5533.0,0.0
2022-05,C2022Q1,T03,C2022Q1T03,10,V-SA,VIC1,73,73,5336.0,0.0
2022-05,C2022Q1,T03,C2022Q1T03,10,VIC1-NSW1,NSW1,108,108,5464.8,0.0
2022-05,C2022Q1,T03,C2022Q1T03,10,VIC1-NSW1,VIC1,125,125,6200.0,0.0
2022-05,C2022Q2,T02,C2022Q2T02,10,NSW1-QLD1,NSW1,45,45,305.05,0.0
2022-05,C2022Q2,T02,C2022Q2T02,10,NSW1-QLD1,QLD1,100,100,10750.0,0.0
2022-05,C2022Q2,T02,C2022Q2T02,10,V-SA,SA1,64,64,6592.8,0.0
2022-05,C2022Q2,T02,C2022Q2T02,10,V-SA,VIC1,73,73,1400.0,0.0
2022-05,C2022Q2,T02,C2022Q2T02,10,VIC1-NSW1,NSW1,108,108,1638.0,0.0
2022-05,C2022Q2,T02,C2022Q2T02,10,VIC1-NSW1,VIC1,125,125,6200.0,0.0
2022-05,C2022Q3,T01,C2022Q3T01,10,NSW1-QLD1,NSW1,45,45,800.0,0.0
2022-05,C2022Q3,T01,C2022Q3T01,10,NSW1-QLD1,QLD1,100,100,10465.92,0.0
2022-05,C2022Q3,T01,C2022Q3T01,10,V-SA,SA1,64,64,9967.0,0.0
2022-05,C2022Q3,T01,C2022Q3T01,10,V-SA,VIC1,73,73,1662.5,0.0
2022-05,C2022Q3,T01,C2022Q3T01,10,VIC1-NSW1,NSW1,108,108,1656.0,0.0
2022-05,C2022Q3,T01,C2022Q3T01,10,VIC1-NSW1,VIC1,125,125,6200.0,0.0
2022-05,C2020Q1,T12,C2020Q1T12,28,NSW1-QLD1,NSW1,147,55,2184.0,0.0
2022-05,C2020Q1,T12,C2020Q1T12,28,NSW1-QLD1,QLD1,315,111,13000.0,0.0
2022-05,C2020Q1,T12,C2020Q1T12,28,V-SA,SA1,93,66,8099.0,0.0
2022-05,C2020Q1,T12,C2020Q1T12,28,V-SA,VIC1,139,78,5500.0,0.0
2022-05,C2020Q1,T12,C2020Q1T12,28,VIC1-NSW1,NSW1,280,138,10576.0,0.0
2022-05,C2020Q1,T12,C2020Q1T12,28,VIC1-NSW1,VIC1,432,125,3600.0,0.0
2022-05,C2020Q2,T11,C2020Q2T11,28,NSW1-QLD1,NSW1,112,45,207.96,0.0
2022-05,C2020Q2,T11,C2020Q2T11,28,NSW1-QLD1,QLD1,248,105,14200.0,0.0
2022-05,C2020Q2,T11,C2020Q2T11,28,V-SA,SA1,74,64,10088.0,0.0
2022-05,C2020Q2,T11,C2020Q2T11,28,V-SA,VIC1,185,73,1208.95,0.0
2022-05,C2020Q2,T11,C2020Q2T11,28,VIC1-NSW1,NSW1,211,108,2839.0,0.0
2022-05,C2020Q2,T11,C2020Q2T11,28,VIC1-NSW1,VIC1,297,125,2807.0,0.0
2022-05,C2020Q3,T10,C2020Q3T10,28,NSW1-QLD1,NSW1,112,45,200.0,0.0
2022-05,C2020Q3,T10,C2020Q3T10,28,NSW1-QLD1,QLD1,240,100,16889.0,0.0
2022-05,C2020Q3,T10,C2020Q3T10,28,V-SA,SA1,74,64,12250.0,0.0
2022-05,C2020Q3,T10,C2020Q3T10,28,V-SA,VIC1,185,73,1100.0,0.0
2022-05,C2020Q3,T10,C2020Q3T10,28,VIC1-NSW1,NSW1,239,108,2437.5,0.0
2022-05,C2020Q3,T10,C2020Q3T10,28,VIC1-NSW1,VIC1,297,125,3957.0,0.0
2022-05,C2020Q4,T09,C2020Q4T09,28,NSW1-QLD1,NSW1,170,45,675.0,0.0
2022-05,C2020Q4,T09,C2020Q4T09,28,NSW1-QLD1,QLD1,228,100,14200.0,0.0
2022-05,C2020Q4,T09,C2020Q4T09,28,V-SA,SA1,74,64,13751.0,0.0
2022-05,C2020Q4,T09,C2020Q4T09,28,V-SA,VIC1,163,73,1278.4,0.0
2022-05,C2020Q4,T09,C2020Q4T09,28,VIC1-NSW1,NSW1,204,109,3000.0,0.0
2022-05,C2020Q4,T09,C2020Q4T09,28,VIC1-NSW1,VIC1,243,125,5503.0,0.0
2022-05,C2021Q1,T08,C2021Q1T08,28,NSW1-QLD1,NSW1,69,45,2500.0,0.0
2022-05,C2021Q1,T08,C2021Q1T08,28,NSW1-QLD1,QLD1,256,100,13517.0,0.0
2022-05,C2021Q1,T08,C2021Q1T08,28,V-SA,SA1,78,64,7413.91,0.0
2022-05,C2021Q1,T08,C2021Q1T08,28,V-SA,VIC1,89,73,2666.0,0.0
2022-05,C2021Q1,T08,C2021Q1T08,28,VIC1-NSW1,NSW1,137,119,8718.75,0.0
2022-05,C2021Q1,T08,C2021Q1T08,28,VIC1-NSW1,VIC1,313,125,5620.0,0.0
2022-05,C2021Q2,T07,C2021Q2T07,28,NSW1-QLD1,NSW1,89,45,150.0,0.0
2022-05,C2021Q2,T07,C2021Q2T07,28,NSW1-QLD1,QLD1,159,100,10679.76,0.0
2022-05,C2021Q2,T07,C2021Q2T07,28,V-SA,SA1,74,64,10507.57,0.0
2022-05,C2021Q2,T07,C2021Q2T07,28,V-SA,VIC1,147,73,1509.0,0.0
2022-05,C2021Q2,T07,C2021Q2T07,28,VIC1-NSW1,NSW1,144,108,1706.0,0.0
2022-05,C2021Q2,T07,C2021Q2T07,28,VIC1-NSW1,VIC1,189,125,4793.0,0.0
2022-05,C2021Q3,T06,C2021Q3T06,28,NSW1-QLD1,NSW1,48,45,245.0,0.0
2022-05,C2021Q3,T06,C2021Q3T06,28,NSW1-QLD1,QLD1,171,100,11542.0,0.0
2022-05,C2021Q3,T06,C2021Q3T06,28,V-SA,SA1,74,64,10005.0,0.0
2022-05,C2021Q3,T06,C2021Q3T06,28,V-SA,VIC1,119,73,1413.12,0.0
2022-05,C2021Q3,T06,C2021Q3T06,28,VIC1-NSW1,NSW1,187,108,1656.0,0.0
2022-05,C2021Q3,T06,C2021Q3T06,28,VIC1-NSW1,VIC1,183,125,5420.0,0.0
2022-05,C2021Q4,T05,C2021Q4T05,28,NSW1-QLD1,NSW1,74,45,700.0,0.0
2022-05,C2021Q4,T05,C2021Q4T05,28,NSW1-QLD1,QLD1,135,100,10666.0,0.0
2022-05,C2021Q4,T05,C2021Q4T05,28,V-SA,SA1,74,64,12501.0,0.0
2022-05,C2021Q4,T05,C2021Q4T05,28,V-SA,VIC1,119,73,1642.55,0.0
2022-05,C2021Q4,T05,C2021Q4T05,28,VIC1-NSW1,NSW1,144,108,2002.0,0.0
2022-05,C2021Q4,T05,C2021Q4T05,28,VIC1-NSW1,VIC1,162,125,5270.0,0.0
2022-05,C2022Q1,T04,C2022Q1T04,28,NSW1-QLD1,NSW1,56,45,2222.5,0.0
2022-05,C2022Q1,T04,C2022Q1T04,28,NSW1-QLD1,QLD1,135,100,8512.0,0.0
2022-05,C2022Q1,T04,C2022Q1T04,28,V-SA,SA1,64,64,5540.0,0.0
2022-05,C2022Q1,T04,C2022Q1T04,28,V-SA,VIC1,88,73,2800.0,0.0
2022-05,C2022Q1,T04,C2022Q1T04,28,VIC1-NSW1,NSW1,113,108,6010.0,0.0
2022-05,C2022Q1,T04,C2022Q1T04,28,VIC1-NSW1,VIC1,217,125,5890.0,0.0
2022-05,C2022Q2,T03,C2022Q2T03,28,NSW1-QLD1,NSW1,50,45,200.0,0.0
2022-05,C2022Q2,T03,C2022Q2T03,28,NSW1-QLD1,QLD1,100,100,10750.0,0.0
2022-05,C2022Q2,T03,C2022Q2T03,28,V-SA,SA1,64,64,9889.2,0.0
2022-05,C2022Q2,T03,C2022Q2T03,28,V-SA,VIC1,88,73,1000.0,0.0
2022-05,C2022Q2,T03,C2022Q2T03,28,VIC1-NSW1,NSW1,134,108,1747.0,0.0
2022-05,C2021Q2,T12,C2021Q2T12,3,NSW1-QLD1,NSW1,61,55,354.0,0.0
2022-05,C2021Q2,T12,C2021Q2T12,3,NSW1-QLD1,QLD1,246,110,10087.0,0.0
2022-05,C2021Q2,T12,C2021Q2T12,3,V-SA,SA1,117,70,4654.0,0.0
2022-05,C2021Q2,T12,C2021Q2T12,3,V-SA,VIC1,174,77,2054.0,0.0
2022-05,C2021Q2,T12,C2021Q2T12,3,VIC1-NSW1,NSW1,372,112,480.79,0.0
2022-05,C2021Q2,T12,C2021Q2T12,3,VIC1-NSW1,VIC1,258,125,8004.0,0.0
2022-05,C2021Q3,T11,C2021Q3T11,3,NSW1-QLD1,NSW1,45,45,417.47,0.0
2022-05,C2021Q3,T11,C2021Q3T11,3,NSW1-QLD1,QLD1,245,103,10790.21,0.0
2022-05,C2021Q3,T11,C2021Q3T11,3,V-SA,SA1,112,64,5321.0,0.0
2022-05,C2021Q3,T11,C2021Q3T11,3,V-SA,VIC1,199,73,2455.0,0.0
2022-05,C2021Q3,T11,C2021Q3T11,3,VIC1-NSW1,NSW1,266,108,500.44,0.0
2022-05,C2021Q3,T11,C2021Q3T11,3,VIC1-NSW1,VIC1,275,125,7700.0,0.0
2022-05,C2021Q4,T10,C2021Q4T10,3,NSW1-QLD1,NSW1,85,45,1249.0,0.0
2022-05,C2021Q4,T10,C2021Q4T10,3,NSW1-QLD1,QLD1,255,104,9200.79,0.0
2022-05,C2021Q4,T10,C2021Q4T10,3,V-SA,SA1,111,64,5372.0,0.0
2022-05,C2021Q4,T10,C2021Q4T10,3,V-SA,VIC1,170,73,2780.85,0.0
2022-05,C2021Q4,T10,C2021Q4T10,3,VIC1-NSW1,NSW1,269,114,465.88,0.0
2022-05,C2021Q4,T10,C2021Q4T10,3,VIC1-NSW1,VIC1,248,125,9377.0,0.0
2022-05,C2022Q1,T09,C2022Q1T09,3,NSW1-QLD1,NSW1,69,49,3278.0,0.0
2022-05,C2022Q1,T09,C2022Q1T09,3,NSW1-QLD1,QLD1,185,103,14524.2,0.0
2022-05,C2022Q1,T09,C2022Q1T09,3,V-SA,SA1,124,68,5650.47,0.0
2022-05,C2022Q1,T09,C2022Q1T09,3,V-SA,VIC1,103,73,7019.42,0.0
2022-05,C2022Q1,T09,C2022Q1T09,3,VIC1-NSW1,NSW1,250,117,4356.0,0.0
2022-05,C2022Q1,T09,C2022Q1T09,3,VIC1-NSW1,VIC1,305,125,12347.0,0.0
2022-05,C2022Q2,T08,C2022Q2T08,3,NSW1-QLD1,NSW1,45,45,612.0,0.0
2022-05,C2022Q2,T08,C2022Q2T08,3,NSW1-QLD1,QLD1,200,103,10800.0,0.0
2022-05,C2022Q2,T08,C2022Q2T08,3,V-SA,SA1,111,64,4066.67,0.0
2022-05,C2022Q2,T08,C2022Q2T08,3,V-SA,VIC1,171,73,2502.52,0.0
2022-05,C2022Q2,T08,C2022Q2T08,3,VIC1-NSW1,NSW1,319,115,420.44,0.0
2022-05,C2022Q2,T08,C2022Q2T08,3,VIC1-NSW1,VIC1,188,125,8529.23,0.0
2022-05,C2022Q3,T07,C2022Q3T07,3,NSW1-QLD1,NSW1,45,45,757.75,0.0
2022-05,C2022Q3,T07,C2022Q3T07,3,NSW1-QLD1,QLD1,174,102,13500.0,0.0
2022-05,C2022Q3,T07,C2022Q3T07,3,V-SA,SA1,118,64,5150.72,0.0
2022-05,C2022Q3,T07,C2022Q3T07,3,V-SA,VIC1,150,73,2387.0,0.0
2022-05,C2022Q3,T07,C2022Q3T07,3,VIC1-NSW1,NSW1,267,117,490.44,0.0
2022-05,C2022Q3,T07,C2022Q3T07,3,VIC1-NSW1,VIC1,223,125,9300.43,0.0
2022-05,C2022Q4,T06,C2022Q4T06,3,NSW1-QLD1,NSW1,55,55,1878.78,0.0
2022-05,C2022Q4,T06,C2022Q4T06,3,NSW1-QLD1,QLD1,225,105,10800.52,0.0
2022-05,C2022Q4,T06,C2022Q4T06,3,V-SA,SA1,107,64,5123.85,0.0
2022-05,C2022Q4,T06,C2022Q4T06,3,V-SA,VIC1,146,73,2962.68,0.0
2022-05,C2022Q4,T06,C2022Q4T06,3,VIC1-NSW1,NSW1,217,117,560.44,0.0
2022-05,C2022Q4,T06,C2022Q4T06,3,VIC1-NSW1,VIC1,208,125,10374.0,0.0
2022-05,C2023Q1,T05,C2023Q1T05,3,NSW1-QLD1,NSW1,55,45,3771.0,0.0
2022-05,C2023Q1,T05,C2023Q1T05,3,NSW1-QLD1,QLD1,130,103,13200.2,0.0
2022-05,C2023Q1,T05,C2023Q1T05,3,V-SA,SA1,92,73,5923.47,0.0
2022-05,C2023Q1,T05,C2023Q1T05,3,V-SA,VIC1,96,73,7628.0,0.0
2022-05,C2023Q1,T05,C2023Q1T05,3,VIC1-NSW1,NSW1,177,117,4320.0,0.0
2022-05,C2023Q1,T05,C2023Q1T05,3,VIC1-NSW1,VIC1,155,125,12513.58,0.0
2022-05,C2023Q2,T04,C2023Q2T04,3,NSW1-QLD1,NSW1,45,45,520.0,0.0
2022-05,C2023Q2,T04,C2023Q2T04,3,NSW1-QLD1,QLD1,140,102,15928.0,0.0
2022-05,C2023Q2,T04,C2023Q2T04,3,V-SA,SA1,85,64,3050.72,0.0
2022-05,C2023Q2,T04,C2023Q2T04,3,V-SA,VIC1,130,73,1801.0,0.0
2022-05,C2023Q2,T04,C2023Q2T04,3,VIC1-NSW1,NSW1,198,118,490.44,0.0
2022-05,C2023Q2,T04,C2023Q2T04,3,VIC1-NSW1,VIC1,160,125,9259.0,0.0
2022-05,C2023Q3,T03,C2023Q3T03,3,NSW1-QLD1,NSW1,45,45,501.0,0.0
2022-05,C2023Q3,T03,C2023Q3T03,3,NSW1-QLD1,QLD1,125,100,16230.0,0.0
2022-05,C2023Q3,T03,C2023Q3T03,3,V-SA,SA1,71,64,4300.72,0.0
2022-05,C2023Q3,T03,C2023Q3T03,3,V-SA,VIC1,90,73,1900.68,0.0
2022-05,C2023Q3,T03,C2023Q3T03,3,VIC1-NSW1,NSW1,173,118,501.23,0.0
2022-05,C2023Q3,T03,C2023Q3T03,3,VIC1-NSW1,VIC1,172,125,9680.0,0.0
2022-05,C2023Q4,T02,C2023Q4T02,3,NSW1-QLD1,NSW1,45,45,1501.0,0.0
2022-05,C2023Q4,T02,C2023Q4T02,3,NSW1-QLD1,QLD1,119,104,15459.87,0.0
2022-05,C2023Q4,T02,C2023Q4T02,3,V-SA,SA1,68,64,4204.0,0.0
2022-05,C2023Q4,T02,C2023Q4T02,3,V-SA,VIC1,77,73,2762.2,0.0
2022-05,C2023Q4,T02,C2023Q4T02,3,VIC1-NSW1,NSW1,141,111,587.25,0.0
2022-05,C2022Q2,T03,C2022Q2T03,28,VIC1-NSW1,VIC1,125,125,5822.0,0.0
2022-05,C2022Q3,T02,C2022Q3T02,28,NSW1-QLD1,NSW1,45,45,220.0,0.0
2022-05,C2022Q3,T02,C2022Q3T02,28,NSW1-QLD1,QLD1,100,100,10465.92,0.0
2022-05,C2022Q3,T02,C2022Q3T02,28,V-SA,SA1,64,64,10006.0,0.0
2022-05,C2022Q3,T02,C2022Q3T02,28,V-SA,VIC1,74,73,1000.0,0.0
2022-05,C2022Q3,T02,C2022Q3T02,28,VIC1-NSW1,NSW1,113,108,1656.0,0.0
2022-05,C2022Q3,T02,C2022Q3T02,28,VIC1-NSW1,VIC1,125,125,5822.0,0.0
2022-05,C2022Q4,T01,C2022Q4T01,28,NSW1-QLD1,NSW1,45,45,625.0,0.0
2022-05,C2022Q4,T01,C2022Q4T01,28,NSW1-QLD1,QLD1,100,100,10666.0,0.0
2022-05,C2022Q4,T01,C2022Q4T01,28,V-SA,SA1,64,64,12501.0,0.0
2022-05,C2022Q4,T01,C2022Q4T01,28,V-SA,VIC1,73,73,1346.0,0.0
2022-05,C2022Q4,T01,C2022Q4T01,28,VIC1-NSW1,NSW1,108,108,2208.0,0.0
2022-05,C2022Q4,T01,C2022Q4T01,28,VIC1-NSW1,VIC1,125,125,5979.0,0.0
2022-05,C2020Q2,T12,C2020Q2T12,38,NSW1-QLD1,NSW1,90,55,174.14,0.0
2022-05,C2020Q2,T12,C2020Q2T12,38,NSW1-QLD1,QLD1,230,107,13890.24,0.0
2022-05,C2020Q2,T12,C2020Q2T12,38,V-SA,SA1,96,66,10592.4,0.0
2022-05,C2020Q2,T12,C2020Q2T12,38,V-SA,VIC1,177,77,1250.0,0.0
2022-05,C2020Q2,T12,C2020Q2T12,38,VIC1-NSW1,NSW1,286,132,1482.0,0.0
2022-05,C2020Q2,T12,C2020Q2T12,38,VIC1-NSW1,VIC1,335,155,5865.0,0.0
2022-05,C2020Q3,T11,C2020Q3T11,38,NSW1-QLD1,NSW1,80,45,164.27,0.0
2022-05,C2020Q3,T11,C2020Q3T11,38,NSW1-QLD1,QLD1,200,100,14862.32,0.0
2022-05,C2020Q3,T11,C2020Q3T11,38,V-SA,SA1,84,64,13752.0,0.0
2022-05,C2020Q3,T11,C2020Q3T11,38,V-SA,VIC1,148,73,1565.0,0.0
2022-05,C2020Q3,T11,C2020Q3T11,38,VIC1-NSW1,NSW1,311,108,1462.5,0.0
2022-05,C2020Q3,T11,C2020Q3T11,38,VIC1-NSW1,VIC1,262,125,5703.0,0.0
2022-05,C2020Q4,T10,C2020Q4T10,38,NSW1-QLD1,NSW1,97,45,700.0,0.0
2022-05,C2020Q4,T10,C2020Q4T10,38,NSW1-QLD1,QLD1,196,103,13598.0,0.0
2022-05,C2020Q4,T10,C2020Q4T10,38,V-SA,SA1,84,64,13823.0,0.0
2022-05,C2020Q4,T10,C2020Q4T10,38,V-SA,VIC1,133,73,1760.0,0.0
2022-05,C2020Q4,T10,C2020Q4T10,38,VIC1-NSW1,NSW1,288,108,2400.0,0.0
2022-05,C2020Q4,T10,C2020Q4T10,38,VIC1-NSW1,VIC1,296,127,6275.0,0.0
2022-05,C2021Q1,T09,C2021Q1T09,38,NSW1-QLD1,NSW1,62,45,1750.0,0.0
2022-05,C2021Q1,T09,C2021Q1T09,38,NSW1-QLD1,QLD1,185,100,17058.0,0.0
2022-05,C2021Q1,T09,C2021Q1T09,38,V-SA,SA1,119,64,7828.0,0.0
2022-05,C2021Q1,T09,C2021Q1T09,38,V-SA,VIC1,103,73,4532.0,0.0
2022-05,C2021Q1,T09,C2021Q1T09,38,VIC1-NSW1,NSW1,241,108,7560.0,0.0
2022-05,C2021Q1,T09,C2021Q1T09,38,VIC1-NSW1,VIC1,245,146,7218.66,0.0
2022-05,C2021Q2,T08,C2021Q2T08,38,NSW1-QLD1,NSW1,65,45,114.4,0.0
2022-05,C2021Q2,T08,C2021Q2T08,38,NSW1-QLD1,QLD1,180,100,10893.35,0.0
2022-05,C2021Q2,T08,C2021Q2T08,38,V-SA,SA1,64,64,8616.2,0.0
2022-05,C2021Q2,T08,C2021Q2T08,38,V-SA,VIC1,128,73,1131.75,0.0
2022-05,C2021Q2,T08,C2021Q2T08,38,VIC1-NSW1,NSW1,217,108,1000.85,0.0
2022-05,C2021Q2,T08,C2021Q2T08,38,VIC1-NSW1,VIC1,235,125,6216.0,0.0
2022-05,C2021Q3,T07,C2021Q3T07,38,NSW1-QLD1,NSW1,45,45,200.0,0.0
2022-05,C2021Q3,T07,C2021Q3T07,38,NSW1-QLD1,QLD1,180,100,11772.84,0.0
2022-05,C2021Q3,T07,C2021Q3T07,38,V-SA,SA1,64,64,10205.1,0.0
2022-05,C2021Q3,T07,C2021Q3T07,38,V-SA,VIC1,128,73,1550.0,0.0
2022-05,C2021Q3,T07,C2021Q3T07,38,VIC1-NSW1,NSW1,208,108,993.6,0.0
2022-05,C2021Q3,T07,C2021Q3T07,38,VIC1-NSW1,VIC1,240,125,7500.0,0.0
2022-05,C2021Q4,T06,C2021Q4T06,38,NSW1-QLD1,NSW1,45,45,685.0,0.0
2022-05,C2021Q4,T06,C2021Q4T06,38,NSW1-QLD1,QLD1,185,110,11477.0,0.0
2022-05,C2021Q4,T06,C2021Q4T06,38,V-SA,SA1,64,64,12501.0,0.0
2022-05,C2021Q4,T06,C2021Q4T06,38,V-SA,VIC1,103,73,1754.0,0.0
2022-05,C2021Q4,T06,C2021Q4T06,38,VIC1-NSW1,NSW1,213,113,1601.6,0.0
2022-05,C2021Q4,T06,C2021Q4T06,38,VIC1-NSW1,VIC1,230,125,7441.5,0.0
2022-05,C2022Q1,T05,C2022Q1T05,38,NSW1-QLD1,NSW1,45,45,2160.0,0.0
2022-05,C2022Q1,T05,C2022Q1T05,38,NSW1-QLD1,QLD1,156,100,13083.0,0.0
2022-05,C2022Q1,T05,C2022Q1T05,38,V-SA,SA1,89,64,5810.4,0.0
2022-05,C2022Q1,T05,C2022Q1T05,38,V-SA,VIC1,73,73,5762.88,0.0
2022-05,C2022Q1,T05,C2022Q1T05,38,VIC1-NSW1,NSW1,108,108,6310.5,0.0
2022-05,C2022Q1,T05,C2022Q1T05,38,VIC1-NSW1,VIC1,125,125,7556.0,0.0
2022-05,C2022Q2,T04,C2022Q2T04,38,NSW1-QLD1,NSW1,45,45,200.0,0.0
2022-05,C2022Q2,T04,C2022Q2T04,38,NSW1-QLD1,QLD1,140,100,11972.0,0.0
2022-05,C2022Q2,T04,C2022Q2T04,38,V-SA,SA1,64,64,7916.9,0.0
2022-05,C2022Q2,T04,C2022Q2T04,38,V-SA,VIC1,73,73,1054.0,0.0
2022-05,C2022Q2,T04,C2022Q2T04,38,VIC1-NSW1,NSW1,108,108,1092.0,0.0
2022-05,C2022Q2,T04,C2022Q2T04,38,VIC1-NSW1,VIC1,125,125,8000.0,0.0
2022-05,C2022Q3,T03,C2022Q3T03,38,NSW1-QLD1,NSW1,45,45,154.88,0.0
2022-05,C2022Q3,T03,C2022Q3T03,38,NSW1-QLD1,QLD1,100,100,11512.51,0.0
2022-05,C2022Q3,T03,C2022Q3T03,38,V-SA,SA1,64,64,10006.0,0.0
2022-05,C2022Q3,T03,C2022Q3T03,38,V-SA,VIC1,73,73,1007.0,0.0
2022-05,C2022Q3,T03,C2022Q3T03,38,VIC1-NSW1,NSW1,108,108,1101.0,0.0
2022-05,C2022Q3,T03,C2022Q3T03,38,VIC1-NSW1,VIC1,125,125,8000.0,0.0
2022-05,C2022Q4,T02,C2022Q4T02,38,NSW1-QLD1,NSW1,45,45,552.0,0.0
2022-05,C2022Q4,T02,C2022Q4T02,38,NSW1-QLD1,QLD1,100,100,10879.32,0.0
2022-05,C2022Q4,T02,C2022Q4T02,38,V-SA,SA1,64,64,11500.92,0.0
2022-05,C2022Q4,T02,C2022Q4T02,38,V-SA,VIC1,73,73,1480.6,0.0
2022-05,C2022Q4,T02,C2022Q4T02,38,VIC1-NSW1,NSW1,108,108,1766.4,0.0
2022-05,C2022Q4,T02,C2022Q4T02,38,VIC1-NSW1,VIC1,125,125,8000.0,0.0
2022-05,C2023Q1,T01,C2023Q1T01,38,NSW1-QLD1,NSW1,45,45,1955.8,0.0
2022-05,C2023Q1,T01,C2023Q1T01,38,NSW1-QLD1,QLD1,100,100,11065.6,0.0
2022-05,C2023Q1,T01,C2023Q1T01,38,V-SA,SA1,64,64,4709.0,0.0
2022-05,C2023Q1,T01,C2023Q1T01,38,V-SA,VIC1,73,73,4901.18,0.0
2022-05,C2023Q1,T01,C2023Q1T01,38,VIC1-NSW1,NSW1,108,108,6310.5,0.0
2022-05,C2023Q1,T01,C2023Q1T01,38,VIC1-NSW1,VIC1,125,125,8058.0,0.0
2022-05,C2020Q3,T12,C2020Q3T12,44,NSW1-QLD1,NSW1,90,55,210.08,0.0
2022-05,C2020Q3,T12,C2020Q3T12,44,NSW1-QLD1,QLD1,210,139,11555.0,0.0
2022-05,C2020Q3,T12,C2020Q3T12,44,V-SA,SA1,96,73,9151.07,0.0
2022-05,C2020Q3,T12,C2020Q3T12,44,V-SA,VIC1,193,77,1713.0,0.0
2022-05,C2020Q3,T12,C2020Q3T12,44,VIC1-NSW1,NSW1,296,112,1023.75,0.0
2022-05,C2020Q3,T12,C2020Q3T12,44,VIC1-NSW1,VIC1,355,135,4901.0,0.0
2022-05,C2020Q4,T11,C2020Q4T11,44,NSW1-QLD1,NSW1,193,45,701.23,0.0
2022-05,C2020Q4,T11,C2020Q4T11,44,NSW1-QLD1,QLD1,222,110,10878.4,0.0
2022-05,C2020Q4,T11,C2020Q4T11,44,V-SA,SA1,94,64,8001.2,0.0
2022-05,C2020Q4,T11,C2020Q4T11,44,V-SA,VIC1,168,73,1795.2,0.0
2022-05,C2020Q4,T11,C2020Q4T11,44,VIC1-NSW1,NSW1,234,113,2208.0,0.0
2022-05,C2020Q4,T11,C2020Q4T11,44,VIC1-NSW1,VIC1,340,130,5875.0,0.0
2022-05,C2021Q1,T10,C2021Q1T10,44,NSW1-QLD1,NSW1,76,45,1500.0,0.0
2022-05,C2021Q1,T10,C2021Q1T10,44,NSW1-QLD1,QLD1,245,100,19700.0,0.0
2022-05,C2021Q1,T10,C2021Q1T10,44,V-SA,SA1,119,64,7137.0,0.0
2022-05,C2021Q1,T10,C2021Q1T10,44,V-SA,VIC1,118,73,4666.0,0.0
2022-05,C2021Q1,T10,C2021Q1T10,44,VIC1-NSW1,NSW1,146,108,7501.0,0.0
2022-05,C2021Q1,T10,C2021Q1T10,44,VIC1-NSW1,VIC1,250,125,7940.53,0.0
2022-05,C2021Q2,T09,C2021Q2T09,44,NSW1-QLD1,NSW1,65,45,140.19,0.0
2022-05,C2021Q2,T09,C2021Q2T09,44,NSW1-QLD1,QLD1,200,120,12000.0,0.0
2022-05,C2021Q2,T09,C2021Q2T09,44,V-SA,SA1,121,64,3500.79,0.0
2022-05,C2021Q2,T09,C2021Q2T09,44,V-SA,VIC1,163,73,1711.0,0.0
2022-05,C2021Q2,T09,C2021Q2T09,44,VIC1-NSW1,NSW1,153,108,982.8,0.0
2022-05,C2021Q2,T09,C2021Q2T09,44,VIC1-NSW1,VIC1,237,135,5416.0,0.0
2022-05,C2021Q3,T08,C2021Q3T08,44,NSW1-QLD1,NSW1,45,45,312.0,0.0
2022-05,C2021Q3,T08,C2021Q3T08,44,NSW1-QLD1,QLD1,215,100,10086.0,0.0
2022-05,C2021Q3,T08,C2021Q3T08,44,V-SA,SA1,114,64,3571.78,0.0
2022-05,C2021Q3,T08,C2021Q3T08,44,V-SA,VIC1,215,73,1695.75,0.0
2022-05,C2021Q3,T08,C2021Q3T08,44,VIC1-NSW1,NSW1,197,108,1032.0,0.0
2022-05,C2021Q3,T08,C2021Q3T08,44,VIC1-NSW1,VIC1,219,135,6601.0,0.0
2022-05,C2021Q4,T07,C2021Q4T07,44,NSW1-QLD1,NSW1,112,45,685.0,0.0
2022-05,C2021Q4,T07,C2021Q4T07,44,NSW1-QLD1,QLD1,180,100,11103.0,0.0
2022-05,C2021Q4,T07,C2021Q4T07,44,V-SA,SA1,114,64,4000.0,0.0
2022-05,C2021Q4,T07,C2021Q4T07,44,V-SA,VIC1,192,73,1789.08,0.0
2022-05,C2021Q4,T07,C2021Q4T07,44,VIC1-NSW1,NSW1,148,108,1104.0,0.0
2022-05,C2021Q4,T07,C2021Q4T07,44,VIC1-NSW1,VIC1,235,135,6250.0,0.0
2022-05,C2022Q1,T06,C2022Q1T06,44,NSW1-QLD1,NSW1,50,45,2358.0,0.0
2022-05,C2022Q1,T06,C2022Q1T06,44,NSW1-QLD1,QLD1,236,100,16474.0,0.0
2022-05,C2022Q1,T06,C2022Q1T06,44,V-SA,SA1,111,64,4358.0,0.0
2022-05,C2022Q1,T06,C2022Q1T06,44,V-SA,VIC1,103,73,5878.13,0.0
2022-05,C2022Q1,T06,C2022Q1T06,44,VIC1-NSW1,NSW1,134,108,5750.0,0.0
2022-05,C2022Q1,T06,C2022Q1T06,44,VIC1-NSW1,VIC1,245,125,8311.6,0.0
2022-05,C2022Q2,T05,C2022Q2T05,44,NSW1-QLD1,NSW1,45,45,359.0,0.0
2022-05,C2022Q2,T05,C2022Q2T05,44,NSW1-QLD1,QLD1,175,100,11373.4,0.0
2022-05,C2022Q2,T05,C2022Q2T05,44,V-SA,SA1,114,64,3250.0,0.0
2022-05,C2022Q2,T05,C2022Q2T05,44,V-SA,VIC1,118,73,1401.0,0.0
2022-05,C2022Q2,T05,C2022Q2T05,44,VIC1-NSW1,NSW1,138,108,842.0,0.0
2022-05,C2022Q2,T05,C2022Q2T05,44,VIC1-NSW1,VIC1,160,125,6400.0,0.0
2022-05,C2022Q3,T04,C2022Q3T04,44,NSW1-QLD1,NSW1,51,51,510.0,0.0
2022-05,C2022Q3,T04,C2022Q3T04,44,NSW1-QLD1,QLD1,147,100,11702.4,0.0
2022-05,C2022Q3,T04,C2022Q3T04,44,V-SA,SA1,84,64,3502.1,0.0
2022-05,C2022Q3,T04,C2022Q3T04,44,V-SA,VIC1,93,73,1695.75,0.0
2022-05,C2022Q3,T04,C2022Q3T04,44,VIC1-NSW1,NSW1,138,108,880.8,0.0
2022-05,C2022Q3,T04,C2022Q3T04,44,VIC1-NSW1,VIC1,155,125,6400.0,0.0
2022-05,C2022Q4,T03,C2022Q4T03,44,NSW1-QLD1,NSW1,55,45,889.0,0.0
2022-05,C2022Q4,T03,C2022Q4T03,44,NSW1-QLD1,QLD1,125,100,11250.0,0.0
2022-05,C2022Q4,T03,C2022Q4T03,44,V-SA,SA1,80,64,4000.0,0.0
2022-05,C2022Q4,T03,C2022Q4T03,44,V-SA,VIC1,88,73,1978.0,0.0
2022-05,C2022Q4,T03,C2022Q4T03,44,VIC1-NSW1,NSW1,108,108,1104.0,0.0
2022-05,C2022Q4,T03,C2022Q4T03,44,VIC1-NSW1,VIC1,140,125,6416.0,0.0
2022-05,C2023Q1,T02,C2023Q1T02,44,NSW1-QLD1,NSW1,45,45,2520.0,0.0
2022-05,C2023Q1,T02,C2023Q1T02,44,NSW1-QLD1,QLD1,125,100,14606.59,0.0
2022-05,C2023Q1,T02,C2023Q1T02,44,V-SA,SA1,64,64,4800.0,0.0
2022-05,C2023Q1,T02,C2023Q1T02,44,V-SA,VIC1,82,73,5442.72,0.0
2022-05,C2023Q1,T02,C2023Q1T02,44,VIC1-NSW1,NSW1,108,108,5553.24,0.0
2022-05,C2023Q1,T02,C2023Q1T02,44,VIC1-NSW1,VIC1,150,128,9203.0,0.0
2022-05,C2023Q2,T01,C2023Q2T01,44,NSW1-QLD1,NSW1,45,45,395.0,0.0
2022-05,C2023Q2,T01,C2023Q2T01,44,NSW1-QLD1,QLD1,100,100,11373.4,0.0
2022-05,C2023Q2,T01,C2023Q2T01,44,V-SA,SA1,64,64,3250.0,0.0
2022-05,C2023Q2,T01,C2023Q2T01,44,V-SA,VIC1,73,73,1360.0,0.0
2022-05,C2023Q2,T01,C2023Q2T01,44,VIC1-NSW1,NSW1,108,108,960.96,0.0
2022-05,C2023Q2,T01,C2023Q2T01,44,VIC1-NSW1,VIC1,125,125,6666.0,0.0
2022-05,C2021Q3,T12,C2021Q3T12,7,NSW1-QLD1,NSW1,105,55,2125.0,0.0
2022-05,C2021Q3,T12,C2021Q3T12,7,NSW1-QLD1,QLD1,252,134,10346.29,0.0
2022-05,C2021Q3,T12,C2021Q3T12,7,V-SA,SA1,134,66,4404.0,0.0
2022-05,C2021Q3,T12,C2021Q3T12,7,V-SA,VIC1,248,100,3500.0,0.0
2022-05,C2021Q3,T12,C2021Q3T12,7,VIC1-NSW1,NSW1,316,112,1006.0,0.0
2022-05,C2021Q3,T12,C2021Q3T12,7,VIC1-NSW1,VIC1,200,152,11396.0,0.0
2022-05,C2021Q4,T11,C2021Q4T11,7,NSW1-QLD1,NSW1,148,45,2218.0,0.0
2022-05,C2021Q4,T11,C2021Q4T11,7,NSW1-QLD1,QLD1,292,103,9780.23,0.0
2022-05,C2021Q4,T11,C2021Q4T11,7,V-SA,SA1,123,64,4816.92,0.0
2022-05,C2021Q4,T11,C2021Q4T11,7,V-SA,VIC1,134,86,5996.06,0.0
2022-05,C2021Q4,T11,C2021Q4T11,7,VIC1-NSW1,NSW1,168,108,754.0,0.0
2022-05,C2021Q4,T11,C2021Q4T11,7,VIC1-NSW1,VIC1,227,145,11721.25,0.0
2022-05,C2022Q1,T10,C2022Q1T10,7,NSW1-QLD1,NSW1,55,45,5267.0,0.0
2022-05,C2022Q1,T10,C2022Q1T10,7,NSW1-QLD1,QLD1,234,101,16460.75,0.0
2022-05,C2022Q1,T10,C2022Q1T10,7,V-SA,SA1,114,64,5707.0,0.0
2022-05,C2022Q1,T10,C2022Q1T10,7,V-SA,VIC1,103,73,8775.0,0.0
2022-05,C2022Q1,T10,C2022Q1T10,7,VIC1-NSW1,NSW1,176,108,5028.0,0.0
2022-05,C2022Q1,T10,C2022Q1T10,7,VIC1-NSW1,VIC1,301,125,15434.0,0.0
2022-05,C2022Q2,T09,C2022Q2T09,7,NSW1-QLD1,NSW1,110,45,1814.0,0.0
2022-05,C2022Q2,T09,C2022Q2T09,7,NSW1-QLD1,QLD1,192,120,11340.0,0.0
2022-05,C2022Q2,T09,C2022Q2T09,7,V-SA,SA1,108,64,3456.67,0.0
2022-05,C2022Q2,T09,C2022Q2T09,7,V-SA,VIC1,177,91,4700.93,0.0
2022-05,C2022Q2,T09,C2022Q2T09,7,VIC1-NSW1,NSW1,308,108,750.39,0.0
2022-05,C2022Q2,T09,C2022Q2T09,7,VIC1-NSW1,VIC1,175,138,11258.58,0.0
2022-05,C2022Q3,T08,C2022Q3T08,7,NSW1-QLD1,NSW1,80,45,1626.04,0.0
2022-05,C2022Q3,T08,C2022Q3T08,7,NSW1-QLD1,QLD1,195,101,13635.0,0.0
2022-05,C2022Q3,T08,C2022Q3T08,7,V-SA,SA1,130,64,4404.0,0.0
2022-05,C2022Q3,T08,C2022Q3T08,7,V-SA,VIC1,147,83,4774.0,0.0
2022-05,C2022Q3,T08,C2022Q3T08,7,VIC1-NSW1,NSW1,271,108,675.39,0.0
2022-05,C2022Q3,T08,C2022Q3T08,7,VIC1-NSW1,VIC1,219,125,11253.52,0.0
2022-05,C2020Q4,T12,C2020Q4T12,23,NSW1-QLD1,NSW1,157,55,804.0,0.0
2022-05,C2020Q4,T12,C2020Q4T12,23,NSW1-QLD1,QLD1,210,100,10450.0,0.0
2022-05,C2020Q4,T12,C2020Q4T12,23,V-SA,SA1,91,66,6500.85,0.0
2022-05,C2020Q4,T12,C2020Q4T12,23,V-SA,VIC1,97,77,3000.33,0.0
2022-05,C2020Q4,T12,C2020Q4T12,23,VIC1-NSW1,NSW1,222,112,2755.0,0.0
2022-05,C2020Q4,T12,C2020Q4T12,23,VIC1-NSW1,VIC1,285,126,4500.0,0.0
2022-05,C2021Q1,T11,C2021Q1T11,23,NSW1-QLD1,NSW1,79,45,1755.0,0.0
2022-05,C2021Q1,T11,C2021Q1T11,23,NSW1-QLD1,QLD1,150,100,19785.0,0.0
2022-05,C2021Q1,T11,C2021Q1T11,23,V-SA,SA1,89,64,6750.0,0.0
2022-05,C2021Q1,T11,C2021Q1T11,23,V-SA,VIC1,93,73,5500.0,0.0
2022-05,C2021Q1,T11,C2021Q1T11,23,VIC1-NSW1,NSW1,188,108,8500.93,0.0
2022-05,C2021Q1,T11,C2021Q1T11,23,VIC1-NSW1,VIC1,175,125,6975.0,0.0
2022-05,C2021Q2,T10,C2021Q2T10,23,NSW1-QLD1,NSW1,45,45,160.36,0.0
2022-05,C2021Q2,T10,C2021Q2T10,23,NSW1-QLD1,QLD1,175,100,11750.0,0.0
2022-05,C2021Q2,T10,C2021Q2T10,23,V-SA,SA1,109,64,3850.0,0.0
2022-05,C2021Q2,T10,C2021Q2T10,23,V-SA,VIC1,108,73,1780.0,0.0
2022-05,C2021Q2,T10,C2021Q2T10,23,VIC1-NSW1,NSW1,199,108,1300.84,0.0
2022-05,C2021Q2,T10,C2021Q2T10,23,VIC1-NSW1,VIC1,205,125,4007.84,0.0
2022-05,C2021Q3,T09,C2021Q3T09,23,NSW1-QLD1,NSW1,45,45,252.0,0.0
2022-05,C2021Q3,T09,C2021Q3T09,23,NSW1-QLD1,QLD1,180,100,12950.12,0.0
2022-05,C2021Q3,T09,C2021Q3T09,23,V-SA,SA1,109,64,4504.0,0.0
2022-05,C2021Q3,T09,C2021Q3T09,23,V-SA,VIC1,113,73,1600.94,0.0
2022-05,C2021Q3,T09,C2021Q3T09,23,VIC1-NSW1,NSW1,247,108,1304.0,0.0
2022-05,C2021Q3,T09,C2021Q3T09,23,VIC1-NSW1,VIC1,185,125,4500.0,0.0
2022-05,C2021Q4,T08,C2021Q4T08,23,NSW1-QLD1,NSW1,108,45,604.0,0.0
2022-05,C2021Q4,T08,C2021Q4T08,23,NSW1-QLD1,QLD1,160,100,11150.0,0.0
2022-05,C2021Q4,T08,C2021Q4T08,23,V-SA,SA1,109,64,4833.66,0.0
2022-05,C2021Q4,T08,C2021Q4T08,23,V-SA,VIC1,137,73,2127.76,0.0
2022-05,C2021Q4,T08,C2021Q4T08,23,VIC1-NSW1,NSW1,148,108,1504.0,0.0
2022-05,C2021Q4,T08,C2021Q4T08,23,VIC1-NSW1,VIC1,205,125,5250.0,0.0
2022-05,C2022Q1,T07,C2022Q1T07,23,NSW1-QLD1,NSW1,54,45,2350.0,0.0
2022-05,C2022Q1,T07,C2022Q1T07,23,NSW1-QLD1,QLD1,136,100,16000.0,0.0
2022-05,C2022Q1,T07,C2022Q1T07,23,V-SA,SA1,64,64,5143.26,0.0
2022-05,C2022Q1,T07,C2022Q1T07,23,V-SA,VIC1,73,73,7019.42,0.0
2022-05,C2022Q1,T07,C2022Q1T07,23,VIC1-NSW1,NSW1,162,117,8800.0,0.0
2022-05,C2022Q1,T07,C2022Q1T07,23,VIC1-NSW1,VIC1,175,125,9142.76,0.0
2022-05,C2022Q2,T06,C2022Q2T06,23,NSW1-QLD1,NSW1,45,45,351.0,0.0
2022-05,C2022Q2,T06,C2022Q2T06,23,NSW1-QLD1,QLD1,120,100,11650.0,0.0
2022-05,C2022Q2,T06,C2022Q2T06,23,V-SA,SA1,98,64,4000.0,0.0
2022-05,C2022Q2,T06,C2022Q2T06,23,V-SA,VIC1,73,73,1600.0,0.0
2022-05,C2022Q2,T06,C2022Q2T06,23,VIC1-NSW1,NSW1,198,108,841.91,0.0
2022-05,C2022Q2,T06,C2022Q2T06,23,VIC1-NSW1,VIC1,205,125,6619.68,0.0
2022-05,C2022Q3,T05,C2022Q3T05,23,NSW1-QLD1,NSW1,45,45,561.0,0.0
2022-05,C2022Q3,T05,C2022Q3T05,23,NSW1-QLD1,QLD1,100,100,12150.0,0.0
2022-05,C2022Q3,T05,C2022Q3T05,23,V-SA,SA1,84,64,4000.0,0.0
2022-05,C2022Q3,T05,C2022Q3T05,23,V-SA,VIC1,73,73,1750.0,0.0
2022-05,C2022Q3,T05,C2022Q3T05,23,VIC1-NSW1,NSW1,198,108,1104.01,0.0
2022-05,C2022Q3,T05,C2022Q3T05,23,VIC1-NSW1,VIC1,195,125,6501.0,0.0
2022-05,C2022Q4,T04,C2022Q4T04,23,NSW1-QLD1,NSW1,55,45,1254.0,0.0
2022-05,C2022Q4,T04,C2022Q4T04,23,NSW1-QLD1,QLD1,100,100,10900.0,0.0
2022-05,C2022Q4,T04,C2022Q4T04,23,V-SA,SA1,80,64,4666.98,0.0
2022-05,C2022Q4,T04,C2022Q4T04,23,V-SA,VIC1,73,73,2450.0,0.0
2022-05,C2022Q4,T04,C2022Q4T04,23,VIC1-NSW1,NSW1,148,108,1710.37,0.0
2022-05,C2022Q4,T04,C2022Q4T04,23,VIC1-NSW1,VIC1,185,125,6793.1,0.0
2022-05,C2023Q1,T03,C2023Q1T03,23,NSW1-QLD1,NSW1,45,45,2646.0,0.0
2022-05,C2023Q1,T03,C2023Q1T03,23,NSW1-QLD1,QLD1,100,100,14750.0,0.0
2022-05,C2023Q1,T03,C2023Q1T03,23,V-SA,SA1,74,64,5143.26,0.0
2022-05,C2023Q1,T03,C2023Q1T03,23,V-SA,VIC1,73,73,6004.0,0.0
2022-05,C2023Q1,T03,C2023Q1T03,23,VIC1-NSW1,NSW1,133,120,7500.0,0.0
2022-05,C2023Q1,T03,C2023Q1T03,23,VIC1-NSW1,VIC1,125,125,10123.0,0.0
2022-05,C2023Q2,T02,C2023Q2T02,23,NSW1-QLD1,NSW1,45,45,347.6,0.0
2022-05,C2023Q2,T02,C2023Q2T02,23,NSW1-QLD1,QLD1,100,100,11750.0,0.0
2022-05,C2023Q2,T02,C2023Q2T02,23,V-SA,SA1,84,64,4000.0,0.0
2022-05,C2023Q2,T02,C2023Q2T02,23,V-SA,VIC1,73,73,1450.0,0.0
2022-05,C2023Q2,T02,C2023Q2T02,23,VIC1-NSW1,NSW1,158,108,750.0,0.0
2022-05,C2023Q2,T02,C2023Q2T02,23,VIC1-NSW1,VIC1,125,125,7333.0,0.0
2022-05,C2023Q3,T01,C2023Q3T01,23,NSW1-QLD1,NSW1,45,45,257.0,0.0
2022-05,C2023Q3,T01,C2023Q3T01,23,NSW1-QLD1,QLD1,100,100,12150.0,0.0
2022-05,C2023Q3,T01,C2023Q3T01,23,V-SA,SA1,64,64,4000.0,0.0
2022-05,C2023Q3,T01,C2023Q3T01,23,V-SA,VIC1,73,73,1500.0,0.0
2022-05,C2023Q3,T01,C2023Q3T01,23,VIC1-NSW1,NSW1,108,108,750.75,0.0
2022-05,C2023Q3,T01,C2023Q3T01,23,VIC1-NSW1,VIC1,125,125,7040.0,0.0
2022-05,C2021Q1,T12,C2021Q1T12,12,NSW1-QLD1,NSW1,83,55,2104.0,0.0
2022-05,C2021Q1,T12,C2021Q1T12,12,NSW1-QLD1,QLD1,155,100,21956.0,0.0
2022-05,C2021Q1,T12,C2021Q1T12,12,V-SA,SA1,96,66,7500.0,0.0
2022-05,C2021Q1,T12,C2021Q1T12,12,V-SA,VIC1,137,77,5500.0,0.0
2022-05,C2021Q1,T12,C2021Q1T12,12,VIC1-NSW1,NSW1,222,112,6375.69,0.0
2022-05,C2021Q1,T12,C2021Q1T12,12,VIC1-NSW1,VIC1,170,125,9000.0,0.0
2022-05,C2021Q2,T11,C2021Q2T11,12,NSW1-QLD1,NSW1,45,45,253.0,0.0
2022-05,C2021Q2,T11,C2021Q2T11,12,NSW1-QLD1,QLD1,155,100,13100.0,0.0
2022-05,C2021Q2,T11,C2021Q2T11,12,V-SA,SA1,114,64,4790.09,0.0
2022-05,C2021Q2,T11,C2021Q2T11,12,V-SA,VIC1,133,73,1601.0,0.0
2022-05,C2021Q2,T11,C2021Q2T11,12,VIC1-NSW1,NSW1,224,108,1365.88,0.0
2022-05,C2021Q2,T11,C2021Q2T11,12,VIC1-NSW1,VIC1,195,125,5354.0,0.0
2022-05,C2021Q3,T10,C2021Q3T10,12,NSW1-QLD1,NSW1,45,45,254.0,0.0
2022-05,C2021Q3,T10,C2021Q3T10,12,NSW1-QLD1,QLD1,155,100,12302.5,0.0
2022-05,C2021Q3,T10,C2021Q3T10,12,V-SA,SA1,114,64,5250.0,0.0
2022-05,C2021Q3,T10,C2021Q3T10,12,V-SA,VIC1,174,73,1601.0,0.0
2022-05,C2021Q3,T10,C2021Q3T10,12,VIC1-NSW1,NSW1,257,108,1389.0,0.0
2022-05,C2021Q3,T10,C2021Q3T10,12,VIC1-NSW1,VIC1,179,125,5625.0,0.0
2022-05,C2021Q4,T09,C2021Q4T09,12,NSW1-QLD1,NSW1,120,51,804.0,0.0
2022-05,C2021Q4,T09,C2021Q4T09,12,NSW1-QLD1,QLD1,155,100,12250.0,0.0
2022-05,C2021Q4,T09,C2021Q4T09,12,V-SA,SA1,114,64,5318.0,0.0
2022-05,C2021Q4,T09,C2021Q4T09,12,V-SA,VIC1,167,73,2127.76,0.0
2022-05,C2021Q4,T09,C2021Q4T09,12,VIC1-NSW1,NSW1,158,108,1323.52,0.0
2022-05,C2021Q4,T09,C2021Q4T09,12,VIC1-NSW1,VIC1,170,125,7501.0,0.0
2022-05,C2022Q1,T08,C2022Q1T08,12,NSW1-QLD1,NSW1,66,45,2585.0,0.0
2022-05,C2022Q1,T08,C2022Q1T08,12,NSW1-QLD1,QLD1,173,100,17800.96,0.0
2022-05,C2022Q1,T08,C2022Q1T08,12,V-SA,SA1,94,64,5878.01,0.0
2022-05,C2022Q1,T08,C2022Q1T08,12,V-SA,VIC1,93,73,6004.0,0.0
2022-05,C2022Q1,T08,C2022Q1T08,12,VIC1-NSW1,NSW1,203,108,6600.0,0.0
2022-05,C2022Q1,T08,C2022Q1T08,12,VIC1-NSW1,VIC1,170,125,11224.0,0.0
2022-05,C2022Q2,T07,C2022Q2T07,12,NSW1-QLD1,NSW1,45,45,401.0,0.0
2022-05,C2022Q2,T07,C2022Q2T07,12,NSW1-QLD1,QLD1,155,100,11067.5,0.0
2022-05,C2022Q2,T07,C2022Q2T07,12,V-SA,SA1,128,78,4000.0,0.0
2022-05,C2022Q2,T07,C2022Q2T07,12,V-SA,VIC1,93,73,1668.35,0.0
2022-05,C2022Q2,T07,C2022Q2T07,12,VIC1-NSW1,NSW1,183,108,740.88,0.0
2022-05,C2022Q2,T07,C2022Q2T07,12,VIC1-NSW1,VIC1,175,125,7772.16,0.0
2022-05,C2022Q3,T06,C2022Q3T06,12,NSW1-QLD1,NSW1,45,45,501.0,0.0
2022-05,C2022Q3,T06,C2022Q3T06,12,NSW1-QLD1,QLD1,130,100,11901.12,0.0
2022-05,C2022Q3,T06,C2022Q3T06,12,V-SA,SA1,94,64,5204.0,0.0
2022-05,C2022Q3,T06,C2022Q3T06,12,V-SA,VIC1,93,73,1750.0,0.0
2022-05,C2022Q3,T06,C2022Q3T06,12,VIC1-NSW1,NSW1,183,108,875.0,0.0
2022-05,C2022Q3,T06,C2022Q3T06,12,VIC1-NSW1,VIC1,150,125,8501.0,0.0
2022-05,C2022Q4,T05,C2022Q4T05,12,NSW1-QLD1,NSW1,55,45,1503.03,0.0
2022-05,C2022Q4,T05,C2022Q4T05,12,NSW1-QLD1,QLD1,130,100,11956.92,0.0
2022-05,C2022Q4,T05,C2022Q4T05,12,V-SA,SA1,90,64,5039.85,0.0
2022-05,C2022Q4,T05,C2022Q4T05,12,V-SA,VIC1,93,73,2450.0,0.0
2022-05,C2022Q4,T05,C2022Q4T05,12,VIC1-NSW1,NSW1,158,108,1197.25,0.0
2022-05,C2022Q4,T05,C2022Q4T05,12,VIC1-NSW1,VIC1,168,125,8950.99,0.0
2022-05,C2023Q1,T04,C2023Q1T04,12,NSW1-QLD1,NSW1,57,45,3001.0,0.0
2022-05,C2023Q1,T04,C2023Q1T04,12,NSW1-QLD1,QLD1,100,100,15996.96,0.0
2022-05,C2023Q1,T04,C2023Q1T04,12,V-SA,SA1,74,64,5668.0,0.0
2022-05,C2023Q1,T04,C2023Q1T04,12,V-SA,VIC1,93,73,6004.0,0.0
2022-05,C2023Q1,T04,C2023Q1T04,12,VIC1-NSW1,NSW1,158,108,5625.0,0.0
2022-05,C2023Q1,T04,C2023Q1T04,12,VIC1-NSW1,VIC1,145,125,11375.99,0.0
2022-05,C2023Q2,T03,C2023Q2T03,12,NSW1-QLD1,NSW1,45,45,404.0,0.0
2022-05,C2023Q2,T03,C2023Q2T03,12,NSW1-QLD1,QLD1,100,100,12839.0,0.0
2022-05,C2023Q2,T03,C2023Q2T03,12,V-SA,SA1,91,81,3124.0,0.0
2022-05,C2023Q2,T03,C2023Q2T03,12,V-SA,VIC1,93,73,1454.0,0.0
2022-05,C2023Q2,T03,C2023Q2T03,12,VIC1-NSW1,NSW1,188,108,562.5,0.0
2022-05,C2023Q2,T03,C2023Q2T03,12,VIC1-NSW1,VIC1,150,125,7407.0,0.0
2022-05,C2023Q3,T02,C2023Q3T02,12,NSW1-QLD1,NSW1,45,45,401.0,0.0
2022-05,C2023Q3,T02,C2023Q3T02,12,NSW1-QLD1,QLD1,100,100,12984.0,0.0
2022-05,C2023Q3,T02,C2023Q3T02,12,V-SA,SA1,74,64,3920.0,0.0
2022-05,C2023Q3,T02,C2023Q3T02,12,V-SA,VIC1,93,73,1435.2,0.0
2022-05,C2023Q3,T02,C2023Q3T02,12,VIC1-NSW1,NSW1,138,108,660.66,0.0
2022-05,C2023Q3,T02,C2023Q3T02,12,VIC1-NSW1,VIC1,150,125,7744.0,0.0
2022-05,C2023Q4,T01,C2023Q4T01,12,NSW1-QLD1,NSW1,45,45,1301.0,0.0
2022-05,C2023Q4,T01,C2023Q4T01,12,NSW1-QLD1,QLD1,100,100,12400.96,0.0
2022-05,C2023Q4,T01,C2023Q4T01,12,V-SA,SA1,64,64,4000.0,0.0
2022-05,C2023Q4,T01,C2023Q4T01,12,V-SA,VIC1,73,73,1840.35,0.0
2022-05,C2023Q4,T01,C2023Q4T01,12,VIC1-NSW1,NSW1,108,108,1001.0,0.0
2022-05,C2023Q4,T01,C2023Q4T01,12,VIC1-NSW1,VIC1,125,125,7473.0,0.0
2022-05,C2021Q2,T12,C2021Q2T12,4,NSW1-QLD1,NSW1,61,55,354.0,0.0
2022-05,C2021Q2,T12,C2021Q2T12,4,NSW1-QLD1,QLD1,246,110,10087.0,0.0
2022-05,C2021Q2,T12,C2021Q2T12,4,V-SA,SA1,117,70,4654.0,0.0
2022-05,C2021Q2,T12,C2021Q2T12,4,V-SA,VIC1,174,77,2054.0,0.0
2022-05,C2021Q2,T12,C2021Q2T12,4,VIC1-NSW1,NSW1,372,112,480.79,0.0
2022-05,C2021Q2,T12,C2021Q2T12,4,VIC1-NSW1,VIC1,258,125,8004.0,0.0
2022-05,C2021Q3,T11,C2021Q3T11,4,NSW1-QLD1,NSW1,45,45,417.47,0.0
2022-05,C2021Q3,T11,C2021Q3T11,4,NSW1-QLD1,QLD1,245,103,10790.21,0.0
2022-05,C2021Q3,T11,C2021Q3T11,4,V-SA,SA1,112,64,5321.0,0.0
2022-05,C2021Q3,T11,C2021Q3T11,4,V-SA,VIC1,199,73,2455.0,0.0
2022-05,C2021Q3,T11,C2021Q3T11,4,VIC1-NSW1,NSW1,266,108,500.44,0.0
2022-05,C2021Q3,T11,C2021Q3T11,4,VIC1-NSW1,VIC1,275,125,7700.0,0.0
2022-05,C2021Q4,T10,C2021Q4T10,4,NSW1-QLD1,NSW1,85,45,1249.0,0.0
2022-05,C2021Q4,T10,C2021Q4T10,4,NSW1-QLD1,QLD1,255,104,9200.79,0.0
2022-05,C2021Q4,T10,C2021Q4T10,4,V-SA,SA1,111,64,5372.0,0.0
2022-05,C2021Q4,T10,C2021Q4T10,4,V-SA,VIC1,170,73,2780.85,0.0
2022-05,C2021Q4,T10,C2021Q4T10,4,VIC1-NSW1,NSW1,269,114,465.88,0.0
2022-05,C2021Q4,T10,C2021Q4T10,4,VIC1-NSW1,VIC1,248,125,9377.0,0.0
2022-05,C2022Q1,T09,C2022Q1T09,4,NSW1-QLD1,NSW1,69,49,3278.0,0.0
2022-05,C2022Q1,T09,C2022Q1T09,4,NSW1-QLD1,QLD1,185,103,14524.2,0.0
2022-05,C2022Q1,T09,C2022Q1T09,4,V-SA,SA1,124,68,5650.47,0.0
2022-05,C2022Q1,T09,C2022Q1T09,4,V-SA,VIC1,103,73,7019.42,0.0
2022-05,C2022Q1,T09,C2022Q1T09,4,VIC1-NSW1,NSW1,250,117,4356.0,0.0
2022-05,C2022Q1,T09,C2022Q1T09,4,VIC1-NSW1,VIC1,305,125,12347.0,0.0
2022-05,C2022Q2,T08,C2022Q2T08,4,NSW1-QLD1,NSW1,45,45,612.0,0.0
2022-05,C2022Q2,T08,C2022Q2T08,4,NSW1-QLD1,QLD1,200,103,10800.0,0.0
2022-05,C2022Q2,T08,C2022Q2T08,4,V-SA,SA1,111,64,4066.67,0.0
2022-05,C2022Q2,T08,C2022Q2T08,4,V-SA,VIC1,171,73,2502.52,0.0
2022-05,C2022Q2,T08,C2022Q2T08,4,VIC1-NSW1,NSW1,319,115,420.44,0.0
2022-05,C2022Q2,T08,C2022Q2T08,4,VIC1-NSW1,VIC1,188,125,8529.23,0.0
2022-05,C2022Q3,T07,C2022Q3T07,4,NSW1-QLD1,NSW1,45,45,757.75,0.0
2022-05,C2022Q3,T07,C2022Q3T07,4,NSW1-QLD1,QLD1,174,102,13500.0,0.0
2022-05,C2022Q3,T07,C2022Q3T07,4,V-SA,SA1,118,64,5150.72,0.0
2022-05,C2022Q3,T07,C2022Q3T07,4,V-SA,VIC1,150,73,2387.0,0.0
2022-05,C2022Q3,T07,C2022Q3T07,4,VIC1-NSW1,NSW1,267,117,490.44,0.0
2022-05,C2022Q3,T07,C2022Q3T07,4,VIC1-NSW1,VIC1,223,125,9300.43,0.0
2022-05,C2022Q4,T06,C2022Q4T06,4,NSW1-QLD1,NSW1,55,55,1878.78,0.0
2022-05,C2022Q4,T06,C2022Q4T06,4,NSW1-QLD1,QLD1,225,105,10800.52,0.0
2022-05,C2022Q4,T06,C2022Q4T06,4,V-SA,SA1,107,64,5123.85,0.0
2022-05,C2022Q4,T06,C2022Q4T06,4,V-SA,VIC1,146,73,2962.68,0.0
2022-05,C2022Q4,T06,C2022Q4T06,4,VIC1-NSW1,NSW1,217,117,560.44,0.0
2022-05,C2022Q4,T06,C2022Q4T06,4,VIC1-NSW1,VIC1,208,125,10374.0,0.0
2022-05,C2023Q1,T05,C2023Q1T05,4,NSW1-QLD1,NSW1,55,45,3771.0,0.0
2022-05,C2023Q1,T05,C2023Q1T05,4,NSW1-QLD1,QLD1,130,103,13200.2,0.0
2022-05,C2023Q1,T05,C2023Q1T05,4,V-SA,SA1,92,73,5923.47,0.0
2022-05,C2023Q1,T05,C2023Q1T05,4,V-SA,VIC1,96,73,7628.0,0.0
2022-05,C2023Q1,T05,C2023Q1T05,4,VIC1-NSW1,NSW1,177,117,4320.0,0.0
2022-05,C2023Q1,T05,C2023Q1T05,4,VIC1-NSW1,VIC1,155,125,12513.58,0.0
2022-05,C2023Q2,T04,C2023Q2T04,4,NSW1-QLD1,NSW1,45,45,520.0,0.0
2022-05,C2023Q2,T04,C2023Q2T04,4,NSW1-QLD1,QLD1,140,102,15928.0,0.0
2022-05,C2023Q2,T04,C2023Q2T04,4,V-SA,SA1,85,64,3050.72,0.0
2022-05,C2023Q2,T04,C2023Q2T04,4,V-SA,VIC1,130,73,1801.0,0.0
2022-05,C2023Q2,T04,C2023Q2T04,4,VIC1-NSW1,NSW1,198,118,490.44,0.0
2022-05,C2023Q2,T04,C2023Q2T04,4,VIC1-NSW1,VIC1,160,125,9259.0,0.0
2022-05,C2023Q3,T03,C2023Q3T03,4,NSW1-QLD1,NSW1,45,45,501.0,0.0
2022-05,C2023Q3,T03,C2023Q3T03,4,NSW1-QLD1,QLD1,125,100,16230.0,0.0
2022-05,C2023Q3,T03,C2023Q3T03,4,V-SA,SA1,71,64,4300.72,0.0
2022-05,C2023Q3,T03,C2023Q3T03,4,V-SA,VIC1,90,73,1900.68,0.0
2022-05,C2023Q3,T03,C2023Q3T03,4,VIC1-NSW1,NSW1,173,118,501.23,0.0
2022-05,C2023Q3,T03,C2023Q3T03,4,VIC1-NSW1,VIC1,172,125,9680.0,0.0
2022-05,C2023Q4,T02,C2023Q4T02,4,NSW1-QLD1,NSW1,45,45,1501.0,0.0
2022-05,C2023Q4,T02,C2023Q4T02,4,NSW1-QLD1,QLD1,119,104,15459.87,0.0
2022-05,C2023Q4,T02,C2023Q4T02,4,V-SA,SA1,68,64,4204.0,0.0
2022-05,C2023Q4,T02,C2023Q4T02,4,V-SA,VIC1,77,73,2762.2,0.0
2022-05,C2023Q4,T02,C2023Q4T02,4,VIC1-NSW1,NSW1,141,111,587.25,0.0
2022-05,C2023Q4,T02,C2023Q4T02,4,VIC1-NSW1,VIC1,154,125,9570.43,0.0
2022-05,C2024Q1,T01,C2024Q1T01,4,NSW1-QLD1,NSW1,45,45,3591.0,0.0
2022-05,C2024Q1,T01,C2024Q1T01,4,NSW1-QLD1,QLD1,100,100,15267.0,0.0
2022-05,C2024Q1,T01,C2024Q1T01,4,V-SA,SA1,64,64,5154.0,0.0
2022-05,C2024Q1,T01,C2024Q1T01,4,V-SA,VIC1,73,73,6115.2,0.0
2022-05,C2024Q1,T01,C2024Q1T01,4,VIC1-NSW1,NSW1,108,108,4368.0,0.0
2022-05,C2024Q1,T01,C2024Q1T01,4,VIC1-NSW1,VIC1,125,125,12513.58,0.0
2022-05,C2021Q3,T12,C2021Q3T12,5,NSW1-QLD1,NSW1,105,55,2125.0,0.0
2022-05,C2021Q3,T12,C2021Q3T12,5,NSW1-QLD1,QLD1,252,134,10346.29,0.0
2022-05,C2021Q3,T12,C2021Q3T12,5,V-SA,SA1,134,66,4404.0,0.0
2022-05,C2021Q3,T12,C2021Q3T12,5,V-SA,VIC1,248,100,3500.0,0.0
2022-05,C2021Q3,T12,C2021Q3T12,5,VIC1-NSW1,NSW1,316,112,1006.0,0.0
2022-05,C2021Q3,T12,C2021Q3T12,5,VIC1-NSW1,VIC1,200,152,11396.0,0.0
2022-05,C2021Q4,T11,C2021Q4T11,5,NSW1-QLD1,NSW1,148,45,2218.0,0.0
2022-05,C2021Q4,T11,C2021Q4T11,5,NSW1-QLD1,QLD1,292,103,9780.23,0.0
2022-05,C2021Q4,T11,C2021Q4T11,5,V-SA,SA1,123,64,4816.92,0.0
2022-05,C2021Q4,T11,C2021Q4T11,5,V-SA,VIC1,134,86,5996.06,0.0
2022-05,C2021Q4,T11,C2021Q4T11,5,VIC1-NSW1,NSW1,168,108,754.0,0.0
2022-05,C2021Q4,T11,C2021Q4T11,5,VIC1-NSW1,VIC1,227,145,11721.25,0.0
2022-05,C2022Q1,T10,C2022Q1T10,5,NSW1-QLD1,NSW1,55,45,5267.0,0.0
2022-05,C2022Q1,T10,C2022Q1T10,5,NSW1-QLD1,QLD1,234,101,16460.75,0.0
2022-05,C2022Q1,T10,C2022Q1T10,5,V-SA,SA1,114,64,5707.0,0.0
2022-05,C2022Q1,T10,C2022Q1T10,5,V-SA,VIC1,103,73,8775.0,0.0
2022-05,C2022Q1,T10,C2022Q1T10,5,VIC1-NSW1,NSW1,176,108,5028.0,0.0
2022-05,C2022Q1,T10,C2022Q1T10,5,VIC1-NSW1,VIC1,301,125,15434.0,0.0
2022-05,C2022Q2,T09,C2022Q2T09,5,NSW1-QLD1,NSW1,110,45,1814.0,0.0
2022-05,C2022Q2,T09,C2022Q2T09,5,NSW1-QLD1,QLD1,192,120,11340.0,0.0
2022-05,C2022Q2,T09,C2022Q2T09,5,V-SA,SA1,108,64,3456.67,0.0
2022-05,C2022Q2,T09,C2022Q2T09,5,V-SA,VIC1,177,91,4700.93,0.0
2022-05,C2022Q2,T09,C2022Q2T09,5,VIC1-NSW1,NSW1,308,108,750.39,0.0
2022-05,C2022Q2,T09,C2022Q2T09,5,VIC1-NSW1,VIC1,175,138,11258.58,0.0
2022-05,C2022Q3,T08,C2022Q3T08,5,NSW1-QLD1,NSW1,80,45,1626.04,0.0
2022-05,C2022Q3,T08,C2022Q3T08,5,NSW1-QLD1,QLD1,195,101,13635.0,0.0
2022-05,C2022Q3,T08,C2022Q3T08,5,V-SA,SA1,130,64,4404.0,0.0
2022-05,C2022Q3,T08,C2022Q3T08,5,V-SA,VIC1,147,83,4774.0,0.0
2022-05,C2022Q3,T08,C2022Q3T08,5,VIC1-NSW1,NSW1,271,108,675.39,0.0
2022-05,C2022Q3,T08,C2022Q3T08,5,VIC1-NSW1,VIC1,219,125,11253.52,0.0
2022-05,C2022Q4,T07,C2022Q4T07,5,NSW1-QLD1,NSW1,55,45,2818.17,0.0
2022-05,C2022Q4,T07,C2022Q4T07,5,NSW1-QLD1,QLD1,236,101,11340.54,0.0
2022-05,C2022Q4,T07,C2022Q4T07,5,V-SA,SA1,105,64,4558.0,0.0
2022-05,C2022Q4,T07,C2022Q4T07,5,V-SA,VIC1,145,78,5961.6,0.0
2022-05,C2022Q4,T07,C2022Q4T07,5,VIC1-NSW1,NSW1,181,108,750.39,0.0
2022-05,C2022Q4,T07,C2022Q4T07,5,VIC1-NSW1,VIC1,217,125,13870.0,0.0
2022-05,C2023Q1,T06,C2023Q1T06,5,NSW1-QLD1,NSW1,55,45,5111.08,0.0
2022-05,C2023Q1,T06,C2023Q1T06,5,NSW1-QLD1,QLD1,248,100,16688.0,0.0
2022-05,C2023Q1,T06,C2023Q1T06,5,V-SA,SA1,87,64,5404.0,0.0
2022-05,C2023Q1,T06,C2023Q1T06,5,V-SA,VIC1,87,73,8400.96,0.0
2022-05,C2023Q1,T06,C2023Q1T06,5,VIC1-NSW1,NSW1,113,108,4752.0,0.0
2022-05,C2023Q1,T06,C2023Q1T06,5,VIC1-NSW1,VIC1,160,125,15641.97,0.0
2022-05,C2023Q2,T05,C2023Q2T05,5,NSW1-QLD1,NSW1,52,45,1205.0,0.0
2022-05,C2023Q2,T05,C2023Q2T05,5,NSW1-QLD1,QLD1,165,100,14906.89,0.0
2022-05,C2020Q3,T12,C2020Q3T12,46,NSW1-QLD1,NSW1,90,55,210.08,0.0
2022-05,C2020Q3,T12,C2020Q3T12,46,NSW1-QLD1,QLD1,210,139,11555.0,0.0
2022-05,C2020Q3,T12,C2020Q3T12,46,V-SA,SA1,96,73,9151.07,0.0
2022-05,C2020Q3,T12,C2020Q3T12,46,V-SA,VIC1,193,77,1713.0,0.0
2022-05,C2020Q3,T12,C2020Q3T12,46,VIC1-NSW1,NSW1,296,112,1023.75,0.0
2022-05,C2020Q3,T12,C2020Q3T12,46,VIC1-NSW1,VIC1,355,135,4901.0,0.0
2022-05,C2020Q4,T11,C2020Q4T11,46,NSW1-QLD1,NSW1,193,45,701.23,0.0
2022-05,C2020Q4,T11,C2020Q4T11,46,NSW1-QLD1,QLD1,222,110,10878.4,0.0
2022-05,C2020Q4,T11,C2020Q4T11,46,V-SA,SA1,94,64,8001.2,0.0
2022-05,C2020Q4,T11,C2020Q4T11,46,V-SA,VIC1,168,73,1795.2,0.0
2022-05,C2020Q4,T11,C2020Q4T11,46,VIC1-NSW1,NSW1,234,113,2208.0,0.0
2022-05,C2020Q4,T11,C2020Q4T11,46,VIC1-NSW1,VIC1,340,130,5875.0,0.0
2022-05,C2021Q1,T10,C2021Q1T10,46,NSW1-QLD1,NSW1,76,45,1500.0,0.0
2022-05,C2021Q1,T10,C2021Q1T10,46,NSW1-QLD1,QLD1,245,100,19700.0,0.0
2022-05,C2021Q1,T10,C2021Q1T10,46,V-SA,SA1,119,64,7137.0,0.0
2022-05,C2021Q1,T10,C2021Q1T10,46,V-SA,VIC1,118,73,4666.0,0.0
2022-05,C2021Q1,T10,C2021Q1T10,46,VIC1-NSW1,NSW1,146,108,7501.0,0.0
2022-05,C2021Q1,T10,C2021Q1T10,46,VIC1-NSW1,VIC1,250,125,7940.53,0.0
2022-05,C2021Q2,T09,C2021Q2T09,46,NSW1-QLD1,NSW1,65,45,140.19,0.0
2022-05,C2021Q2,T09,C2021Q2T09,46,NSW1-QLD1,QLD1,200,120,12000.0,0.0
2022-05,C2021Q2,T09,C2021Q2T09,46,V-SA,SA1,121,64,3500.79,0.0
2022-05,C2021Q2,T09,C2021Q2T09,46,V-SA,VIC1,163,73,1711.0,0.0
2022-05,C2021Q2,T09,C2021Q2T09,46,VIC1-NSW1,NSW1,153,108,982.8,0.0
2022-05,C2021Q2,T09,C2021Q2T09,46,VIC1-NSW1,VIC1,237,135,5416.0,0.0
2022-05,C2021Q3,T08,C2021Q3T08,46,NSW1-QLD1,NSW1,45,45,312.0,0.0
2022-05,C2021Q3,T08,C2021Q3T08,46,NSW1-QLD1,QLD1,215,100,10086.0,0.0
2022-05,C2021Q3,T08,C2021Q3T08,46,V-SA,SA1,114,64,3571.78,0.0
2022-05,C2021Q3,T08,C2021Q3T08,46,V-SA,VIC1,215,73,1695.75,0.0
2022-05,C2021Q3,T08,C2021Q3T08,46,VIC1-NSW1,NSW1,197,108,1032.0,0.0
2022-05,C2021Q3,T08,C2021Q3T08,46,VIC1-NSW1,VIC1,219,135,6601.0,0.0
2022-05,C2021Q4,T07,C2021Q4T07,46,NSW1-QLD1,NSW1,112,45,685.0,0.0
2022-05,C2021Q4,T07,C2021Q4T07,46,NSW1-QLD1,QLD1,180,100,11103.0,0.0
2022-05,C2021Q4,T07,C2021Q4T07,46,V-SA,SA1,114,64,4000.0,0.0
2022-05,C2021Q4,T07,C2021Q4T07,46,V-SA,VIC1,192,73,1789.08,0.0
2022-05,C2021Q4,T07,C2021Q4T07,46,VIC1-NSW1,NSW1,148,108,1104.0,0.0
2022-05,C2021Q4,T07,C2021Q4T07,46,VIC1-NSW1,VIC1,235,135,6250.0,0.0
2022-05,C2022Q1,T06,C2022Q1T06,46,NSW1-QLD1,NSW1,50,45,2358.0,0.0
2022-05,C2022Q1,T06,C2022Q1T06,46,NSW1-QLD1,QLD1,236,100,16474.0,0.0
2022-05,C2022Q1,T06,C2022Q1T06,46,V-SA,SA1,111,64,4358.0,0.0
2022-05,C2022Q1,T06,C2022Q1T06,46,V-SA,VIC1,103,73,5878.13,0.0
2022-05,C2022Q1,T06,C2022Q1T06,46,VIC1-NSW1,NSW1,134,108,5750.0,0.0
2022-05,C2022Q1,T06,C2022Q1T06,46,VIC1-NSW1,VIC1,245,125,8311.6,0.0
2022-05,C2022Q2,T05,C2022Q2T05,46,NSW1-QLD1,NSW1,45,45,359.0,0.0
2022-05,C2023Q2,T05,C2023Q2T05,5,V-SA,SA1,118,64,3225.85,0.0
2022-05,C2023Q2,T05,C2023Q2T05,5,V-SA,VIC1,117,79,3675.94,0.0
2022-05,C2023Q2,T05,C2023Q2T05,5,VIC1-NSW1,NSW1,281,108,652.0,0.0
2022-05,C2023Q2,T05,C2023Q2T05,5,VIC1-NSW1,VIC1,201,125,11878.0,0.0
2022-05,C2023Q3,T04,C2023Q3T04,5,NSW1-QLD1,NSW1,52,45,1226.0,0.0
2022-05,C2023Q3,T04,C2023Q3T04,5,NSW1-QLD1,QLD1,136,111,15300.29,0.0
2022-05,C2023Q3,T04,C2023Q3T04,5,V-SA,SA1,104,64,4014.0,0.0
2022-05,C2023Q3,T04,C2023Q3T04,5,V-SA,VIC1,83,73,4050.0,0.0
2022-05,C2023Q3,T04,C2023Q3T04,5,VIC1-NSW1,NSW1,188,108,675.39,0.0
2022-05,C2023Q3,T04,C2023Q3T04,5,VIC1-NSW1,VIC1,205,125,11712.8,0.0
2022-05,C2023Q4,T03,C2023Q4T03,5,NSW1-QLD1,NSW1,45,45,2476.65,0.0
2022-05,C2023Q4,T03,C2023Q4T03,5,NSW1-QLD1,QLD1,120,100,14572.8,0.0
2022-05,C2023Q4,T03,C2023Q4T03,5,V-SA,SA1,84,64,4247.0,0.0
2022-05,C2023Q4,T03,C2023Q4T03,5,V-SA,VIC1,76,73,4200.97,0.0
2022-05,C2023Q4,T03,C2023Q4T03,5,VIC1-NSW1,NSW1,128,108,744.75,0.0
2022-05,C2023Q4,T03,C2023Q4T03,5,VIC1-NSW1,VIC1,166,125,12750.0,0.0
2022-05,C2024Q1,T02,C2024Q1T02,5,NSW1-QLD1,NSW1,45,45,4962.58,0.0
2022-05,C2024Q1,T02,C2024Q1T02,5,NSW1-QLD1,QLD1,113,100,18007.0,0.0
2022-05,C2024Q1,T02,C2024Q1T02,5,V-SA,SA1,64,64,4504.0,0.0
2022-05,C2024Q1,T02,C2024Q1T02,5,V-SA,VIC1,73,73,7213.0,0.0
2022-05,C2024Q1,T02,C2024Q1T02,5,VIC1-NSW1,NSW1,108,108,4200.39,0.0
2022-05,C2024Q1,T02,C2024Q1T02,5,VIC1-NSW1,VIC1,133,125,15642.0,0.0
2022-05,C2024Q2,T01,C2024Q2T01,5,NSW1-QLD1,NSW1,45,45,1455.0,0.0
2022-05,C2024Q2,T01,C2024Q2T01,5,NSW1-QLD1,QLD1,100,100,15267.0,0.0
2022-05,C2024Q2,T01,C2024Q2T01,5,V-SA,SA1,64,64,3300.85,0.0
2022-05,C2024Q2,T01,C2024Q2T01,5,V-SA,VIC1,73,73,4086.47,0.0
2022-05,C2024Q2,T01,C2024Q2T01,5,VIC1-NSW1,NSW1,108,108,600.0,0.0
2022-05,C2024Q2,T01,C2024Q2T01,5,VIC1-NSW1,VIC1,125,125,11445.72,0.0
2022-05,C2021Q4,T12,C2021Q4T12,4,NSW1-QLD1,NSW1,87,55,5000.0,0.0
2022-05,C2021Q4,T12,C2021Q4T12,4,NSW1-QLD1,QLD1,275,100,8675.0,0.0
2022-05,C2021Q4,T12,C2021Q4T12,4,V-SA,SA1,90,66,5204.0,0.0
2022-05,C2021Q4,T12,C2021Q4T12,4,V-SA,VIC1,120,77,7001.0,0.0
2022-05,C2021Q4,T12,C2021Q4T12,4,VIC1-NSW1,NSW1,192,112,1004.0,0.0
2022-05,C2021Q4,T12,C2021Q4T12,4,VIC1-NSW1,VIC1,281,125,15500.0,0.0
2022-05,C2022Q1,T11,C2022Q1T11,4,NSW1-QLD1,NSW1,48,45,6584.0,0.0
2022-05,C2022Q1,T11,C2022Q1T11,4,NSW1-QLD1,QLD1,224,103,14560.59,0.0
2022-05,C2022Q1,T11,C2022Q1T11,4,V-SA,SA1,97,65,6277.7,0.0
2022-05,C2022Q1,T11,C2022Q1T11,4,V-SA,VIC1,96,74,10296.0,0.0
2022-05,C2022Q1,T11,C2022Q1T11,4,VIC1-NSW1,NSW1,226,128,4860.0,0.0
2022-05,C2022Q1,T11,C2022Q1T11,4,VIC1-NSW1,VIC1,267,144,17380.87,0.0
2022-05,C2022Q2,T10,C2022Q2T10,4,NSW1-QLD1,NSW1,45,45,2750.0,0.0
2022-05,C2022Q2,T10,C2022Q2T10,4,NSW1-QLD1,QLD1,187,100,13750.0,0.0
2022-05,C2022Q2,T10,C2022Q2T10,4,V-SA,SA1,90,64,3841.0,0.0
2022-05,C2022Q2,T10,C2022Q2T10,4,V-SA,VIC1,167,82,5171.02,0.0
2022-05,C2022Q2,T10,C2022Q2T10,4,VIC1-NSW1,NSW1,306,108,1204.0,0.0
2022-05,C2022Q2,T10,C2022Q2T10,4,VIC1-NSW1,VIC1,161,125,13750.0,0.0
2022-05,C2022Q3,T09,C2022Q3T09,4,NSW1-QLD1,NSW1,45,45,2439.06,0.0
2022-05,C2022Q3,T09,C2022Q3T09,4,NSW1-QLD1,QLD1,192,100,15250.0,0.0
2022-05,C2022Q3,T09,C2022Q3T09,4,V-SA,SA1,112,64,4763.0,0.0
2022-05,C2022Q3,T09,C2022Q3T09,4,V-SA,VIC1,125,73,6000.0,0.0
2022-05,C2022Q3,T09,C2022Q3T09,4,VIC1-NSW1,NSW1,272,108,1204.0,0.0
2022-05,C2022Q3,T09,C2022Q3T09,4,VIC1-NSW1,VIC1,201,125,13616.76,0.0
2022-05,C2022Q4,T08,C2022Q4T08,4,NSW1-QLD1,NSW1,45,45,4007.9,0.0
2022-05,C2022Q4,T08,C2022Q4T08,4,NSW1-QLD1,QLD1,201,100,12474.59,0.0
2022-05,C2022Q4,T08,C2022Q4T08,4,V-SA,SA1,85,64,5036.0,0.0
2022-05,C2022Q4,T08,C2022Q4T08,4,V-SA,VIC1,147,73,6731.0,0.0
2022-05,C2022Q4,T08,C2022Q4T08,4,VIC1-NSW1,NSW1,174,108,1078.0,0.0
2022-05,C2022Q4,T08,C2022Q4T08,4,VIC1-NSW1,VIC1,258,125,16782.7,0.0
2022-05,C2023Q1,T07,C2023Q1T07,4,NSW1-QLD1,NSW1,45,45,6133.29,0.0
2022-05,C2023Q1,T07,C2023Q1T07,4,NSW1-QLD1,QLD1,242,110,18000.0,0.0
2022-05,C2023Q1,T07,C2023Q1T07,4,V-SA,SA1,81,64,6000.0,0.0
2022-05,C2023Q1,T07,C2023Q1T07,4,V-SA,VIC1,98,74,10165.16,0.0
2022-05,C2023Q1,T07,C2023Q1T07,4,VIC1-NSW1,NSW1,118,108,4989.6,0.0
2022-05,C2023Q1,T07,C2023Q1T07,4,VIC1-NSW1,VIC1,202,130,19250.87,0.0
2022-05,C2023Q2,T06,C2023Q2T06,4,NSW1-QLD1,NSW1,47,45,2000.0,0.0
2022-05,C2023Q2,T06,C2023Q2T06,4,NSW1-QLD1,QLD1,157,100,17909.89,0.0
2022-05,C2023Q2,T06,C2023Q2T06,4,V-SA,SA1,133,64,3548.44,0.0
2022-05,C2023Q2,T06,C2023Q2T06,4,V-SA,VIC1,106,73,5460.0,0.0
2022-05,C2023Q2,T06,C2023Q2T06,4,VIC1-NSW1,NSW1,301,108,1004.0,0.0
2022-05,C2023Q2,T06,C2023Q2T06,4,VIC1-NSW1,VIC1,192,125,15441.4,0.0
2022-05,C2023Q3,T05,C2023Q3T05,4,NSW1-QLD1,NSW1,51,45,2000.0,0.0
2022-05,C2023Q3,T05,C2023Q3T05,4,NSW1-QLD1,QLD1,126,100,19125.36,0.0
2022-05,C2023Q3,T05,C2023Q3T05,4,V-SA,SA1,114,64,4080.9,0.0
2022-05,C2023Q3,T05,C2023Q3T05,4,V-SA,VIC1,96,73,5931.0,0.0
2022-05,C2023Q3,T05,C2023Q3T05,4,VIC1-NSW1,NSW1,154,108,1104.0,0.0
2022-05,C2023Q3,T05,C2023Q3T05,4,VIC1-NSW1,VIC1,191,125,15226.64,0.0
2022-05,C2023Q4,T04,C2023Q4T04,4,NSW1-QLD1,NSW1,45,45,3343.47,0.0
2022-05,C2023Q4,T04,C2023Q4T04,4,NSW1-QLD1,QLD1,120,100,16440.0,0.0
2022-05,C2023Q4,T04,C2023Q4T04,4,V-SA,SA1,90,64,4452.0,0.0
2022-05,C2023Q4,T04,C2023Q4T04,4,V-SA,VIC1,87,73,7728.0,0.0
2022-05,C2023Q4,T04,C2023Q4T04,4,VIC1-NSW1,NSW1,138,108,1170.0,0.0
2022-05,C2023Q4,T04,C2023Q4T04,4,VIC1-NSW1,VIC1,186,125,16575.0,0.0
2022-05,C2024Q1,T03,C2024Q1T03,4,NSW1-QLD1,NSW1,45,45,5458.84,0.0
2022-05,C2024Q1,T03,C2024Q1T03,4,NSW1-QLD1,QLD1,113,100,19807.7,0.0
2022-05,C2024Q1,T03,C2024Q1T03,4,V-SA,SA1,68,64,4754.0,0.0
2022-05,C2024Q1,T03,C2024Q1T03,4,V-SA,VIC1,85,73,9761.0,0.0
2022-05,C2024Q1,T03,C2024Q1T03,4,VIC1-NSW1,NSW1,114,108,4620.43,0.0
2022-05,C2024Q1,T03,C2024Q1T03,4,VIC1-NSW1,VIC1,133,133,20334.59,0.0
2022-05,C2024Q2,T02,C2024Q2T02,4,NSW1-QLD1,NSW1,45,45,2000.0,0.0
2022-05,C2024Q2,T02,C2024Q2T02,4,NSW1-QLD1,QLD1,100,100,20407.93,0.0
2022-05,C2024Q2,T02,C2024Q2T02,4,V-SA,SA1,82,64,3186.17,0.0
2022-05,C2024Q2,T02,C2024Q2T02,4,V-SA,VIC1,73,73,5460.0,0.0
2022-05,C2024Q2,T02,C2024Q2T02,4,VIC1-NSW1,NSW1,164,108,1004.0,0.0
2022-05,C2024Q2,T02,C2024Q2T02,4,VIC1-NSW1,VIC1,126,125,14879.43,0.0
2022-05,C2024Q3,T01,C2024Q3T01,4,NSW1-QLD1,NSW1,45,45,2000.0,0.0
2022-05,C2024Q3,T01,C2024Q3T01,4,NSW1-QLD1,QLD1,100,100,19125.36,0.0
2022-05,C2024Q3,T01,C2024Q3T01,4,V-SA,SA1,64,64,3746.4,0.0
2022-05,C2024Q3,T01,C2024Q3T01,4,V-SA,VIC1,73,73,6000.0,0.0
2022-05,C2024Q3,T01,C2024Q3T01,4,VIC1-NSW1,NSW1,108,108,1046.85,0.0
2022-05,C2024Q3,T01,C2024Q3T01,4,VIC1-NSW1,VIC1,125,125,15226.64,0.0
2022-05,C2022Q1,T12,C2022Q1T12,3,NSW1-QLD1,NSW1,94,60,12123.0,0.0
2022-05,C2022Q1,T12,C2022Q1T12,3,NSW1-QLD1,QLD1,329,106,10987.65,0.0
2022-05,C2022Q1,T12,C2022Q1T12,3,V-SA,SA1,111,84,6593.0,0.0
2022-05,C2022Q1,T12,C2022Q1T12,3,V-SA,VIC1,112,77,12500.0,0.0
2022-05,C2022Q1,T12,C2022Q1T12,3,VIC1-NSW1,NSW1,186,137,4320.0,0.0
2022-05,C2022Q1,T12,C2022Q1T12,3,VIC1-NSW1,VIC1,349,125,19422.49,0.0
2022-05,C2022Q2,T11,C2022Q2T11,3,NSW1-QLD1,NSW1,83,55,3906.0,0.0
2022-05,C2022Q2,T11,C2022Q2T11,3,NSW1-QLD1,QLD1,251,100,9350.0,0.0
2022-05,C2022Q2,T11,C2022Q2T11,3,V-SA,SA1,114,66,5192.0,0.0
2022-05,C2022Q2,T11,C2022Q2T11,3,V-SA,VIC1,133,73,7050.0,0.0
2022-05,C2022Q2,T11,C2022Q2T11,3,VIC1-NSW1,NSW1,317,151,1240.0,0.0
2022-05,C2022Q2,T11,C2022Q2T11,3,VIC1-NSW1,VIC1,223,145,15000.0,0.0
2022-05,C2022Q3,T10,C2022Q3T10,3,NSW1-QLD1,NSW1,83,55,2993.94,0.0
2022-05,C2022Q3,T10,C2022Q3T10,3,NSW1-QLD1,QLD1,278,114,12750.0,0.0
2022-05,C2022Q3,T10,C2022Q3T10,3,V-SA,SA1,136,79,5655.55,0.0
2022-05,C2022Q3,T10,C2022Q3T10,3,V-SA,VIC1,133,73,7533.33,0.0
2022-05,C2022Q3,T10,C2022Q3T10,3,VIC1-NSW1,NSW1,265,126,1385.2,0.0
2022-05,C2022Q3,T10,C2022Q3T10,3,VIC1-NSW1,VIC1,263,131,13000.0,0.0
2022-05,C2022Q4,T09,C2022Q4T09,3,NSW1-QLD1,NSW1,73,45,6000.0,0.0
2022-05,C2022Q4,T09,C2022Q4T09,3,NSW1-QLD1,QLD1,285,100,9445.0,0.0
2022-05,C2022Q4,T09,C2022Q4T09,3,V-SA,SA1,108,64,6132.43,0.0
2022-05,C2022Q4,T09,C2022Q4T09,3,V-SA,VIC1,153,73,7940.85,0.0
2022-05,C2022Q4,T09,C2022Q4T09,3,VIC1-NSW1,NSW1,174,108,1200.0,0.0
2022-05,C2022Q4,T09,C2022Q4T09,3,VIC1-NSW1,VIC1,261,128,19024.49,0.0
2022-05,C2023Q1,T08,C2023Q1T08,3,NSW1-QLD1,NSW1,73,45,7800.94,0.0
2022-05,C2023Q1,T08,C2023Q1T08,3,NSW1-QLD1,QLD1,271,105,15164.59,0.0
2022-05,C2023Q1,T08,C2023Q1T08,3,V-SA,SA1,87,77,6603.0,0.0
2022-05,C2023Q1,T08,C2023Q1T08,3,V-SA,VIC1,104,73,13365.0,0.0
2022-05,C2023Q1,T08,C2023Q1T08,3,VIC1-NSW1,NSW1,153,110,4551.0,0.0
2022-05,C2023Q1,T08,C2023Q1T08,3,VIC1-NSW1,VIC1,165,125,21175.95,0.0
2022-05,C2021Q1,T12,C2021Q1T12,13,NSW1-QLD1,NSW1,83,55,2104.0,0.0
2022-05,C2021Q1,T12,C2021Q1T12,13,NSW1-QLD1,QLD1,155,100,21956.0,0.0
2022-05,C2021Q1,T12,C2021Q1T12,13,V-SA,SA1,96,66,7500.0,0.0
2022-05,C2021Q1,T12,C2021Q1T12,13,V-SA,VIC1,137,77,5500.0,0.0
2022-05,C2021Q1,T12,C2021Q1T12,13,VIC1-NSW1,NSW1,222,112,6375.69,0.0
2022-05,C2021Q1,T12,C2021Q1T12,13,VIC1-NSW1,VIC1,170,125,9000.0,0.0
2022-05,C2021Q2,T11,C2021Q2T11,13,NSW1-QLD1,NSW1,45,45,253.0,0.0
2022-05,C2021Q2,T11,C2021Q2T11,13,NSW1-QLD1,QLD1,155,100,13100.0,0.0
2022-05,C2021Q2,T11,C2021Q2T11,13,V-SA,SA1,114,64,4790.09,0.0
2022-05,C2021Q2,T11,C2021Q2T11,13,V-SA,VIC1,133,73,1601.0,0.0
2022-05,C2021Q2,T11,C2021Q2T11,13,VIC1-NSW1,NSW1,224,108,1365.88,0.0
2022-05,C2021Q2,T11,C2021Q2T11,13,VIC1-NSW1,VIC1,195,125,5354.0,0.0
2022-05,C2021Q3,T10,C2021Q3T10,13,NSW1-QLD1,NSW1,45,45,254.0,0.0
2022-05,C2021Q3,T10,C2021Q3T10,13,NSW1-QLD1,QLD1,155,100,12302.5,0.0
2022-05,C2021Q3,T10,C2021Q3T10,13,V-SA,SA1,114,64,5250.0,0.0
2022-05,C2021Q3,T10,C2021Q3T10,13,V-SA,VIC1,174,73,1601.0,0.0
2022-05,C2021Q3,T10,C2021Q3T10,13,VIC1-NSW1,NSW1,257,108,1389.0,0.0
2022-05,C2021Q3,T10,C2021Q3T10,13,VIC1-NSW1,VIC1,179,125,5625.0,0.0
2022-05,C2021Q4,T09,C2021Q4T09,13,NSW1-QLD1,NSW1,120,51,804.0,0.0
2022-05,C2021Q4,T09,C2021Q4T09,13,NSW1-QLD1,QLD1,155,100,12250.0,0.0
2022-05,C2021Q4,T09,C2021Q4T09,13,V-SA,SA1,114,64,5318.0,0.0
2022-05,C2021Q4,T09,C2021Q4T09,13,V-SA,VIC1,167,73,2127.76,0.0
2022-05,C2021Q4,T09,C2021Q4T09,13,VIC1-NSW1,NSW1,158,108,1323.52,0.0
2022-05,C2021Q4,T09,C2021Q4T09,13,VIC1-NSW1,VIC1,170,125,7501.0,0.0
2022-05,C2022Q1,T08,C2022Q1T08,13,NSW1-QLD1,NSW1,66,45,2585.0,0.0
2022-05,C2022Q1,T08,C2022Q1T08,13,NSW1-QLD1,QLD1,173,100,17800.96,0.0
2022-05,C2022Q1,T08,C2022Q1T08,13,V-SA,SA1,94,64,5878.01,0.0
2022-05,C2022Q1,T08,C2022Q1T08,13,V-SA,VIC1,93,73,6004.0,0.0
2022-05,C2022Q1,T08,C2022Q1T08,13,VIC1-NSW1,NSW1,203,108,6600.0,0.0
2022-05,C2022Q1,T08,C2022Q1T08,13,VIC1-NSW1,VIC1,170,125,11224.0,0.0
2022-05,C2022Q2,T07,C2022Q2T07,13,NSW1-QLD1,NSW1,45,45,401.0,0.0
2022-05,C2022Q2,T07,C2022Q2T07,13,NSW1-QLD1,QLD1,155,100,11067.5,0.0
2022-05,C2022Q2,T07,C2022Q2T07,13,V-SA,SA1,128,78,4000.0,0.0
2022-05,C2022Q2,T07,C2022Q2T07,13,V-SA,VIC1,93,73,1668.35,0.0
2022-05,C2022Q2,T07,C2022Q2T07,13,VIC1-NSW1,NSW1,183,108,740.88,0.0
2022-05,C2022Q2,T07,C2022Q2T07,13,VIC1-NSW1,VIC1,175,125,7772.16,0.0
2022-05,C2022Q3,T06,C2022Q3T06,13,NSW1-QLD1,NSW1,45,45,501.0,0.0
2022-05,C2022Q3,T06,C2022Q3T06,13,NSW1-QLD1,QLD1,130,100,11901.12,0.0
2022-05,C2022Q3,T06,C2022Q3T06,13,V-SA,SA1,94,64,5204.0,0.0
2022-05,C2022Q3,T06,C2022Q3T06,13,V-SA,VIC1,93,73,1750.0,0.0
2022-05,C2022Q3,T06,C2022Q3T06,13,VIC1-NSW1,NSW1,183,108,875.0,0.0
2022-05,C2022Q3,T06,C2022Q3T06,13,VIC1-NSW1,VIC1,150,125,8501.0,0.0
2022-05,C2022Q4,T05,C2022Q4T05,13,NSW1-QLD1,NSW1,55,45,1503.03,0.0
2022-05,C2022Q4,T05,C2022Q4T05,13,NSW1-QLD1,QLD1,130,100,11956.92,0.0
2022-05,C2022Q4,T05,C2022Q4T05,13,V-SA,SA1,90,64,5039.85,0.0
2022-05,C2022Q4,T05,C2022Q4T05,13,V-SA,VIC1,93,73,2450.0,0.0
2022-05,C2022Q4,T05,C2022Q4T05,13,VIC1-NSW1,NSW1,158,108,1197.25,0.0
2022-05,C2022Q4,T05,C2022Q4T05,13,VIC1-NSW1,VIC1,168,125,8950.99,0.0
2022-05,C2023Q1,T04,C2023Q1T04,13,NSW1-QLD1,NSW1,57,45,3001.0,0.0
2022-05,C2023Q1,T04,C2023Q1T04,13,NSW1-QLD1,QLD1,100,100,15996.96,0.0
2022-05,C2023Q1,T04,C2023Q1T04,13,V-SA,SA1,74,64,5668.0,0.0
2022-05,C2023Q1,T04,C2023Q1T04,13,V-SA,VIC1,93,73,6004.0,0.0
2022-05,C2023Q1,T04,C2023Q1T04,13,VIC1-NSW1,NSW1,158,108,5625.0,0.0
2022-05,C2023Q1,T04,C2023Q1T04,13,VIC1-NSW1,VIC1,145,125,11375.99,0.0
2022-05,C2023Q2,T03,C2023Q2T03,13,NSW1-QLD1,NSW1,45,45,404.0,0.0
2022-05,C2023Q2,T03,C2023Q2T03,13,NSW1-QLD1,QLD1,100,100,12839.0,0.0
2022-05,C2023Q2,T03,C2023Q2T03,13,V-SA,SA1,91,81,3124.0,0.0
2022-05,C2023Q2,T03,C2023Q2T03,13,V-SA,VIC1,93,73,1454.0,0.0
2022-05,C2023Q2,T03,C2023Q2T03,13,VIC1-NSW1,NSW1,188,108,562.5,0.0
2022-05,C2023Q2,T03,C2023Q2T03,13,VIC1-NSW1,VIC1,150,125,7407.0,0.0
2022-05,C2023Q3,T02,C2023Q3T02,13,NSW1-QLD1,NSW1,45,45,401.0,0.0
2022-05,C2023Q3,T02,C2023Q3T02,13,NSW1-QLD1,QLD1,100,100,12984.0,0.0
2022-05,C2023Q3,T02,C2023Q3T02,13,V-SA,SA1,74,64,3920.0,0.0
2022-05,C2023Q3,T02,C2023Q3T02,13,V-SA,VIC1,93,73,1435.2,0.0
2022-05,C2023Q3,T02,C2023Q3T02,13,VIC1-NSW1,NSW1,138,108,660.66,0.0
2022-05,C2023Q3,T02,C2023Q3T02,13,VIC1-NSW1,VIC1,150,125,7744.0,0.0
2022-05,C2023Q4,T01,C2023Q4T01,13,NSW1-QLD1,NSW1,45,45,1301.0,0.0
2022-05,C2023Q4,T01,C2023Q4T01,13,NSW1-QLD1,QLD1,100,100,12400.96,0.0
2022-05,C2023Q4,T01,C2023Q4T01,13,V-SA,SA1,64,64,4000.0,0.0
2022-05,C2023Q4,T01,C2023Q4T01,13,V-SA,VIC1,73,73,1840.35,0.0
2022-05,C2023Q4,T01,C2023Q4T01,13,VIC1-NSW1,NSW1,108,108,1001.0,0.0
2022-05,C2023Q4,T01,C2023Q4T01,13,VIC1-NSW1,VIC1,125,125,7473.0,0.0
2022-05,C2021Q2,T12,C2021Q2T12,5,NSW1-QLD1,NSW1,61,55,354.0,0.0
2022-05,C2021Q2,T12,C2021Q2T12,5,NSW1-QLD1,QLD1,246,110,10087.0,0.0
2022-05,C2021Q2,T12,C2021Q2T12,5,V-SA,SA1,117,70,4654.0,0.0
2022-05,C2021Q2,T12,C2021Q2T12,5,V-SA,VIC1,174,77,2054.0,0.0
2022-05,C2021Q2,T12,C2021Q2T12,5,VIC1-NSW1,NSW1,372,112,480.79,0.0
2022-05,C2021Q2,T12,C2021Q2T12,5,VIC1-NSW1,VIC1,258,125,8004.0,0.0
2022-05,C2021Q3,T11,C2021Q3T11,5,NSW1-QLD1,NSW1,45,45,417.47,0.0
2022-05,C2021Q3,T11,C2021Q3T11,5,NSW1-QLD1,QLD1,245,103,10790.21,0.0
2022-05,C2021Q3,T11,C2021Q3T11,5,V-SA,SA1,112,64,5321.0,0.0
2022-05,C2021Q3,T11,C2021Q3T11,5,V-SA,VIC1,199,73,2455.0,0.0
2022-05,C2021Q3,T11,C2021Q3T11,5,VIC1-NSW1,NSW1,266,108,500.44,0.0
2022-05,C2021Q3,T11,C2021Q3T11,5,VIC1-NSW1,VIC1,275,125,7700.0,0.0
2022-05,C2021Q4,T10,C2021Q4T10,5,NSW1-QLD1,NSW1,85,45,1249.0,0.0
2022-05,C2021Q4,T10,C2021Q4T10,5,NSW1-QLD1,QLD1,255,104,9200.79,0.0
2022-05,C2021Q4,T10,C2021Q4T10,5,V-SA,SA1,111,64,5372.0,0.0
2022-05,C2021Q4,T10,C2021Q4T10,5,V-SA,VIC1,170,73,2780.85,0.0
2022-05,C2021Q4,T10,C2021Q4T10,5,VIC1-NSW1,NSW1,269,114,465.88,0.0
2022-05,C2021Q4,T10,C2021Q4T10,5,VIC1-NSW1,VIC1,248,125,9377.0,0.0
2022-05,C2022Q1,T09,C2022Q1T09,5,NSW1-QLD1,NSW1,69,49,3278.0,0.0
2022-05,C2022Q1,T09,C2022Q1T09,5,NSW1-QLD1,QLD1,185,103,14524.2,0.0
2022-05,C2022Q1,T09,C2022Q1T09,5,V-SA,SA1,124,68,5650.47,0.0
2022-05,C2022Q1,T09,C2022Q1T09,5,V-SA,VIC1,103,73,7019.42,0.0
2022-05,C2022Q1,T09,C2022Q1T09,5,VIC1-NSW1,NSW1,250,117,4356.0,0.0
2022-05,C2022Q1,T09,C2022Q1T09,5,VIC1-NSW1,VIC1,305,125,12347.0,0.0
2022-05,C2022Q2,T08,C2022Q2T08,5,NSW1-QLD1,NSW1,45,45,612.0,0.0
2022-05,C2022Q2,T08,C2022Q2T08,5,NSW1-QLD1,QLD1,200,103,10800.0,0.0
2022-05,C2022Q2,T08,C2022Q2T08,5,V-SA,SA1,111,64,4066.67,0.0
2022-05,C2022Q2,T08,C2022Q2T08,5,V-SA,VIC1,171,73,2502.52,0.0
2022-05,C2022Q2,T08,C2022Q2T08,5,VIC1-NSW1,NSW1,319,115,420.44,0.0
2022-05,C2022Q2,T08,C2022Q2T08,5,VIC1-NSW1,VIC1,188,125,8529.23,0.0
2022-05,C2022Q3,T07,C2022Q3T07,5,NSW1-QLD1,NSW1,45,45,757.75,0.0
2022-05,C2022Q3,T07,C2022Q3T07,5,NSW1-QLD1,QLD1,174,102,13500.0,0.0
2022-05,C2022Q3,T07,C2022Q3T07,5,V-SA,SA1,118,64,5150.72,0.0
2022-05,C2022Q3,T07,C2022Q3T07,5,V-SA,VIC1,150,73,2387.0,0.0
2022-05,C2022Q3,T07,C2022Q3T07,5,VIC1-NSW1,NSW1,267,117,490.44,0.0
2022-05,C2022Q3,T07,C2022Q3T07,5,VIC1-NSW1,VIC1,223,125,9300.43,0.0
2022-05,C2022Q4,T06,C2022Q4T06,5,NSW1-QLD1,NSW1,55,55,1878.78,0.0
2022-05,C2022Q4,T06,C2022Q4T06,5,NSW1-QLD1,QLD1,225,105,10800.52,0.0
2022-05,C2022Q4,T06,C2022Q4T06,5,V-SA,SA1,107,64,5123.85,0.0
2022-05,C2022Q4,T06,C2022Q4T06,5,V-SA,VIC1,146,73,2962.68,0.0
2022-05,C2022Q4,T06,C2022Q4T06,5,VIC1-NSW1,NSW1,217,117,560.44,0.0
2022-05,C2022Q4,T06,C2022Q4T06,5,VIC1-NSW1,VIC1,208,125,10374.0,0.0
2022-05,C2023Q1,T05,C2023Q1T05,5,NSW1-QLD1,NSW1,55,45,3771.0,0.0
2022-05,C2023Q1,T05,C2023Q1T05,5,NSW1-QLD1,QLD1,130,103,13200.2,0.0
2022-05,C2023Q1,T05,C2023Q1T05,5,V-SA,SA1,92,73,5923.47,0.0
2022-05,C2023Q1,T05,C2023Q1T05,5,V-SA,VIC1,96,73,7628.0,0.0
2022-05,C2023Q1,T05,C2023Q1T05,5,VIC1-NSW1,NSW1,177,117,4320.0,0.0
2022-05,C2023Q1,T05,C2023Q1T05,5,VIC1-NSW1,VIC1,155,125,12513.58,0.0
2022-05,C2022Q2,T05,C2022Q2T05,46,NSW1-QLD1,QLD1,175,100,11373.4,0.0
2022-05,C2022Q2,T05,C2022Q2T05,46,V-SA,SA1,114,64,3250.0,0.0
2022-05,C2022Q2,T05,C2022Q2T05,46,V-SA,VIC1,118,73,1401.0,0.0
2022-05,C2022Q2,T05,C2022Q2T05,46,VIC1-NSW1,NSW1,138,108,842.0,0.0
2022-05,C2022Q2,T05,C2022Q2T05,46,VIC1-NSW1,VIC1,160,125,6400.0,0.0
2022-05,C2022Q3,T04,C2022Q3T04,46,NSW1-QLD1,NSW1,51,51,510.0,0.0
2022-05,C2022Q3,T04,C2022Q3T04,46,NSW1-QLD1,QLD1,147,100,11702.4,0.0
2022-05,C2022Q3,T04,C2022Q3T04,46,V-SA,SA1,84,64,3502.1,0.0
2022-05,C2022Q3,T04,C2022Q3T04,46,V-SA,VIC1,93,73,1695.75,0.0
2022-05,C2022Q3,T04,C2022Q3T04,46,VIC1-NSW1,NSW1,138,108,880.8,0.0
2022-05,C2022Q3,T04,C2022Q3T04,46,VIC1-NSW1,VIC1,155,125,6400.0,0.0
2022-05,C2022Q4,T03,C2022Q4T03,46,NSW1-QLD1,NSW1,55,45,889.0,0.0
2022-05,C2022Q4,T03,C2022Q4T03,46,NSW1-QLD1,QLD1,125,100,11250.0,0.0
2022-05,C2022Q4,T03,C2022Q4T03,46,V-SA,SA1,80,64,4000.0,0.0
2022-05,C2022Q4,T03,C2022Q4T03,46,V-SA,VIC1,88,73,1978.0,0.0
2022-05,C2022Q4,T03,C2022Q4T03,46,VIC1-NSW1,NSW1,108,108,1104.0,0.0
2022-05,C2022Q4,T03,C2022Q4T03,46,VIC1-NSW1,VIC1,140,125,6416.0,0.0
2022-05,C2023Q1,T02,C2023Q1T02,46,NSW1-QLD1,NSW1,45,45,2520.0,0.0
2022-05,C2023Q1,T02,C2023Q1T02,46,NSW1-QLD1,QLD1,125,100,14606.59,0.0
2022-05,C2023Q1,T02,C2023Q1T02,46,V-SA,SA1,64,64,4800.0,0.0
2022-05,C2023Q1,T02,C2023Q1T02,46,V-SA,VIC1,82,73,5442.72,0.0
2022-05,C2023Q1,T02,C2023Q1T02,46,VIC1-NSW1,NSW1,108,108,5553.24,0.0
2022-05,C2023Q1,T02,C2023Q1T02,46,VIC1-NSW1,VIC1,150,128,9203.0,0.0
2022-05,C2023Q2,T01,C2023Q2T01,46,NSW1-QLD1,NSW1,45,45,395.0,0.0
2022-05,C2023Q2,T01,C2023Q2T01,46,NSW1-QLD1,QLD1,100,100,11373.4,0.0
2022-05,C2023Q2,T01,C2023Q2T01,46,V-SA,SA1,64,64,3250.0,0.0
2022-05,C2023Q2,T01,C2023Q2T01,46,V-SA,VIC1,73,73,1360.0,0.0
2022-05,C2023Q2,T01,C2023Q2T01,46,VIC1-NSW1,NSW1,108,108,960.96,0.0
2022-05,C2023Q2,T01,C2023Q2T01,46,VIC1-NSW1,VIC1,125,125,6666.0,0.0
2022-05,C2020Q4,T12,C2020Q4T12,25,NSW1-QLD1,NSW1,157,55,804.0,0.0
2022-05,C2020Q4,T12,C2020Q4T12,25,NSW1-QLD1,QLD1,210,100,10450.0,0.0
2022-05,C2020Q4,T12,C2020Q4T12,25,V-SA,SA1,91,66,6500.85,0.0
2022-05,C2020Q4,T12,C2020Q4T12,25,V-SA,VIC1,97,77,3000.33,0.0
2022-05,C2020Q4,T12,C2020Q4T12,25,VIC1-NSW1,NSW1,222,112,2755.0,0.0
2022-05,C2020Q4,T12,C2020Q4T12,25,VIC1-NSW1,VIC1,285,126,4500.0,0.0
2022-05,C2021Q1,T11,C2021Q1T11,25,NSW1-QLD1,NSW1,79,45,1755.0,0.0
2022-05,C2021Q1,T11,C2021Q1T11,25,NSW1-QLD1,QLD1,150,100,19785.0,0.0
2022-05,C2021Q1,T11,C2021Q1T11,25,V-SA,SA1,89,64,6750.0,0.0
2022-05,C2021Q1,T11,C2021Q1T11,25,V-SA,VIC1,93,73,5500.0,0.0
2022-05,C2021Q1,T11,C2021Q1T11,25,VIC1-NSW1,NSW1,188,108,8500.93,0.0
2022-05,C2021Q1,T11,C2021Q1T11,25,VIC1-NSW1,VIC1,175,125,6975.0,0.0
2022-05,C2021Q2,T10,C2021Q2T10,25,NSW1-QLD1,NSW1,45,45,160.36,0.0
2022-05,C2021Q2,T10,C2021Q2T10,25,NSW1-QLD1,QLD1,175,100,11750.0,0.0
2022-05,C2021Q2,T10,C2021Q2T10,25,V-SA,SA1,109,64,3850.0,0.0
2022-05,C2021Q2,T10,C2021Q2T10,25,V-SA,VIC1,108,73,1780.0,0.0
2022-05,C2021Q2,T10,C2021Q2T10,25,VIC1-NSW1,NSW1,199,108,1300.84,0.0
2022-05,C2021Q2,T10,C2021Q2T10,25,VIC1-NSW1,VIC1,205,125,4007.84,0.0
2022-05,C2021Q3,T09,C2021Q3T09,25,NSW1-QLD1,NSW1,45,45,252.0,0.0
2022-05,C2021Q3,T09,C2021Q3T09,25,NSW1-QLD1,QLD1,180,100,12950.12,0.0
2022-05,C2021Q3,T09,C2021Q3T09,25,V-SA,SA1,109,64,4504.0,0.0
2022-05,C2021Q3,T09,C2021Q3T09,25,V-SA,VIC1,113,73,1600.94,0.0
2022-05,C2021Q3,T09,C2021Q3T09,25,VIC1-NSW1,NSW1,247,108,1304.0,0.0
2022-05,C2021Q3,T09,C2021Q3T09,25,VIC1-NSW1,VIC1,185,125,4500.0,0.0
2022-05,C2021Q4,T08,C2021Q4T08,25,NSW1-QLD1,NSW1,108,45,604.0,0.0
2022-05,C2021Q4,T08,C2021Q4T08,25,NSW1-QLD1,QLD1,160,100,11150.0,0.0
2022-05,C2021Q4,T08,C2021Q4T08,25,V-SA,SA1,109,64,4833.66,0.0
2022-05,C2021Q4,T08,C2021Q4T08,25,V-SA,VIC1,137,73,2127.76,0.0
2022-05,C2021Q4,T08,C2021Q4T08,25,VIC1-NSW1,NSW1,148,108,1504.0,0.0
2022-05,C2021Q4,T08,C2021Q4T08,25,VIC1-NSW1,VIC1,205,125,5250.0,0.0
2022-05,C2022Q1,T07,C2022Q1T07,25,NSW1-QLD1,NSW1,54,45,2350.0,0.0
2022-05,C2022Q1,T07,C2022Q1T07,25,NSW1-QLD1,QLD1,136,100,16000.0,0.0
2022-05,C2022Q1,T07,C2022Q1T07,25,V-SA,SA1,64,64,5143.26,0.0
2022-05,C2022Q1,T07,C2022Q1T07,25,V-SA,VIC1,73,73,7019.42,0.0
2022-05,C2022Q1,T07,C2022Q1T07,25,VIC1-NSW1,NSW1,162,117,8800.0,0.0
2022-05,C2022Q1,T07,C2022Q1T07,25,VIC1-NSW1,VIC1,175,125,9142.76,0.0
2022-05,C2022Q2,T06,C2022Q2T06,25,NSW1-QLD1,NSW1,45,45,351.0,0.0
2022-05,C2022Q2,T06,C2022Q2T06,25,NSW1-QLD1,QLD1,120,100,11650.0,0.0
2022-05,C2022Q2,T06,C2022Q2T06,25,V-SA,SA1,98,64,4000.0,0.0
2022-05,C2022Q2,T06,C2022Q2T06,25,V-SA,VIC1,73,73,1600.0,0.0
2022-05,C2022Q2,T06,C2022Q2T06,25,VIC1-NSW1,NSW1,198,108,841.91,0.0
2022-05,C2022Q2,T06,C2022Q2T06,25,VIC1-NSW1,VIC1,205,125,6619.68,0.0
2022-05,C2022Q3,T05,C2022Q3T05,25,NSW1-QLD1,NSW1,45,45,561.0,0.0
2022-05,C2022Q3,T05,C2022Q3T05,25,NSW1-QLD1,QLD1,100,100,12150.0,0.0
2022-05,C2022Q3,T05,C2022Q3T05,25,V-SA,SA1,84,64,4000.0,0.0
2022-05,C2022Q3,T05,C2022Q3T05,25,V-SA,VIC1,73,73,1750.0,0.0
2022-05,C2022Q3,T05,C2022Q3T05,25,VIC1-NSW1,NSW1,198,108,1104.01,0.0
2022-05,C2022Q3,T05,C2022Q3T05,25,VIC1-NSW1,VIC1,195,125,6501.0,0.0
2022-05,C2022Q4,T04,C2022Q4T04,25,NSW1-QLD1,NSW1,55,45,1254.0,0.0
2022-05,C2022Q4,T04,C2022Q4T04,25,NSW1-QLD1,QLD1,100,100,10900.0,0.0
2022-05,C2022Q4,T04,C2022Q4T04,25,V-SA,SA1,80,64,4666.98,0.0
2022-05,C2022Q4,T04,C2022Q4T04,25,V-SA,VIC1,73,73,2450.0,0.0
2022-05,C2022Q4,T04,C2022Q4T04,25,VIC1-NSW1,NSW1,148,108,1710.37,0.0
2022-05,C2022Q4,T04,C2022Q4T04,25,VIC1-NSW1,VIC1,185,125,6793.1,0.0
2022-05,C2023Q1,T03,C2023Q1T03,25,NSW1-QLD1,NSW1,45,45,2646.0,0.0
2022-05,C2023Q1,T03,C2023Q1T03,25,NSW1-QLD1,QLD1,100,100,14750.0,0.0
2022-05,C2023Q1,T03,C2023Q1T03,25,V-SA,SA1,74,64,5143.26,0.0
2022-05,C2023Q1,T03,C2023Q1T03,25,V-SA,VIC1,73,73,6004.0,0.0
2022-05,C2023Q1,T03,C2023Q1T03,25,VIC1-NSW1,NSW1,133,120,7500.0,0.0
2022-05,C2023Q1,T03,C2023Q1T03,25,VIC1-NSW1,VIC1,125,125,10123.0,0.0
2022-05,C2023Q2,T02,C2023Q2T02,25,NSW1-QLD1,NSW1,45,45,347.6,0.0
2022-05,C2023Q2,T02,C2023Q2T02,25,NSW1-QLD1,QLD1,100,100,11750.0,0.0
2022-05,C2023Q2,T02,C2023Q2T02,25,V-SA,SA1,84,64,4000.0,0.0
2022-05,C2023Q2,T02,C2023Q2T02,25,V-SA,VIC1,73,73,1450.0,0.0
2022-05,C2023Q2,T02,C2023Q2T02,25,VIC1-NSW1,NSW1,158,108,750.0,0.0
2022-05,C2023Q2,T02,C2023Q2T02,25,VIC1-NSW1,VIC1,125,125,7333.0,0.0
2022-05,C2023Q3,T01,C2023Q3T01,25,NSW1-QLD1,NSW1,45,45,257.0,0.0
2022-05,C2023Q3,T01,C2023Q3T01,25,NSW1-QLD1,QLD1,100,100,12150.0,0.0
2022-05,C2023Q3,T01,C2023Q3T01,25,V-SA,SA1,64,64,4000.0,0.0
2022-05,C2023Q3,T01,C2023Q3T01,25,V-SA,VIC1,73,73,1500.0,0.0
2022-05,C2023Q3,T01,C2023Q3T01,25,VIC1-NSW1,NSW1,108,108,750.75,0.0
2022-05,C2023Q3,T01,C2023Q3T01,25,VIC1-NSW1,VIC1,125,125,7040.0,0.0
2022-05,C2021Q1,T12,C2021Q1T12,15,NSW1-QLD1,NSW1,83,55,2104.0,0.0
2022-05,C2021Q1,T12,C2021Q1T12,15,NSW1-QLD1,QLD1,155,100,21956.0,0.0
2022-05,C2021Q1,T12,C2021Q1T12,15,V-SA,SA1,96,66,7500.0,0.0
2022-05,C2021Q1,T12,C2021Q1T12,15,V-SA,VIC1,137,77,5500.0,0.0
2022-05,C2021Q1,T12,C2021Q1T12,15,VIC1-NSW1,NSW1,222,112,6375.69,0.0
2022-05,C2021Q1,T12,C2021Q1T12,15,VIC1-NSW1,VIC1,170,125,9000.0,0.0
2022-05,C2021Q2,T11,C2021Q2T11,15,NSW1-QLD1,NSW1,45,45,253.0,0.0
2022-05,C2021Q2,T11,C2021Q2T11,15,NSW1-QLD1,QLD1,155,100,13100.0,0.0
2022-05,C2021Q2,T11,C2021Q2T11,15,V-SA,SA1,114,64,4790.09,0.0
2022-05,C2021Q2,T11,C2021Q2T11,15,V-SA,VIC1,133,73,1601.0,0.0
2022-05,C2021Q2,T11,C2021Q2T11,15,VIC1-NSW1,NSW1,224,108,1365.88,0.0
2022-05,C2021Q2,T11,C2021Q2T11,15,VIC1-NSW1,VIC1,195,125,5354.0,0.0
2022-05,C2021Q3,T10,C2021Q3T10,15,NSW1-QLD1,NSW1,45,45,254.0,0.0
2022-05,C2021Q3,T10,C2021Q3T10,15,NSW1-QLD1,QLD1,155,100,12302.5,0.0
2022-05,C2021Q3,T10,C2021Q3T10,15,V-SA,SA1,114,64,5250.0,0.0
2022-05,C2021Q3,T10,C2021Q3T10,15,V-SA,VIC1,174,73,1601.0,0.0
2022-05,C2021Q3,T10,C2021Q3T10,15,VIC1-NSW1,NSW1,257,108,1389.0,0.0
2022-05,C2021Q3,T10,C2021Q3T10,15,VIC1-NSW1,VIC1,179,125,5625.0,0.0
2022-05,C2021Q4,T09,C2021Q4T09,15,NSW1-QLD1,NSW1,120,51,804.0,0.0
2022-05,C2021Q4,T09,C2021Q4T09,15,NSW1-QLD1,QLD1,155,100,12250.0,0.0
2022-05,C2021Q4,T09,C2021Q4T09,15,V-SA,SA1,114,64,5318.0,0.0
2022-05,C2021Q4,T09,C2021Q4T09,15,V-SA,VIC1,167,73,2127.76,0.0
2022-05,C2021Q4,T09,C2021Q4T09,15,VIC1-NSW1,NSW1,158,108,1323.52,0.0
2022-05,C2021Q4,T09,C2021Q4T09,15,VIC1-NSW1,VIC1,170,125,7501.0,0.0
2022-05,C2022Q1,T08,C2022Q1T08,15,NSW1-QLD1,NSW1,66,45,2585.0,0.0
2022-05,C2022Q1,T08,C2022Q1T08,15,NSW1-QLD1,QLD1,173,100,17800.96,0.0
2022-05,C2022Q1,T08,C2022Q1T08,15,V-SA,SA1,94,64,5878.01,0.0
2022-05,C2022Q1,T08,C2022Q1T08,15,V-SA,VIC1,93,73,6004.0,0.0
2022-05,C2022Q1,T08,C2022Q1T08,15,VIC1-NSW1,NSW1,203,108,6600.0,0.0
2022-05,C2022Q1,T08,C2022Q1T08,15,VIC1-NSW1,VIC1,170,125,11224.0,0.0
2022-05,C2023Q2,T07,C2023Q2T07,3,NSW1-QLD1,NSW1,71,45,2410.0,0.0
2022-05,C2023Q2,T07,C2023Q2T07,3,NSW1-QLD1,QLD1,220,100,17015.0,0.0
2022-05,C2023Q2,T07,C2023Q2T07,3,V-SA,SA1,129,86,4403.0,0.0
2022-05,C2023Q2,T07,C2023Q2T07,3,V-SA,VIC1,113,73,6606.6,0.0
2022-05,C2023Q2,T07,C2023Q2T07,3,VIC1-NSW1,NSW1,188,108,1104.4,0.0
2022-05,C2023Q2,T07,C2023Q2T07,3,VIC1-NSW1,VIC1,223,125,15820.49,0.0
2022-05,C2023Q3,T06,C2023Q3T06,3,NSW1-QLD1,NSW1,75,45,2400.0,0.0
2022-05,C2023Q3,T06,C2023Q3T06,3,NSW1-QLD1,QLD1,170,100,18260.0,0.0
2022-05,C2023Q3,T06,C2023Q3T06,3,V-SA,SA1,118,72,5000.0,0.0
2022-05,C2023Q3,T06,C2023Q3T06,3,V-SA,VIC1,103,73,7500.0,0.0
2022-05,C2023Q3,T06,C2023Q3T06,3,VIC1-NSW1,NSW1,175,108,1106.0,0.0
2022-05,C2023Q3,T06,C2023Q3T06,3,VIC1-NSW1,VIC1,203,125,15590.49,0.0
2022-05,C2023Q4,T05,C2023Q4T05,3,NSW1-QLD1,NSW1,65,45,5349.55,0.0
2022-05,C2023Q4,T05,C2023Q4T05,3,NSW1-QLD1,QLD1,194,100,12500.0,0.0
2022-05,C2023Q4,T05,C2023Q4T05,3,V-SA,SA1,111,64,5500.0,0.0
2022-05,C2023Q4,T05,C2023Q4T05,3,V-SA,VIC1,88,73,8500.79,0.0
2022-05,C2023Q4,T05,C2023Q4T05,3,VIC1-NSW1,NSW1,158,108,1277.0,0.0
2022-05,C2023Q4,T05,C2023Q4T05,3,VIC1-NSW1,VIC1,195,125,18232.5,0.0
2022-05,C2024Q1,T04,C2024Q1T04,3,NSW1-QLD1,NSW1,45,45,7162.96,0.0
2022-05,C2024Q1,T04,C2024Q1T04,3,NSW1-QLD1,QLD1,134,101,20748.0,0.0
2022-05,C2024Q1,T04,C2024Q1T04,3,V-SA,SA1,64,64,6893.3,0.0
2022-05,C2024Q1,T04,C2024Q1T04,3,V-SA,VIC1,90,73,15000.0,0.0
2022-05,C2024Q1,T04,C2024Q1T04,3,VIC1-NSW1,NSW1,124,115,4370.2,0.0
2022-05,C2024Q1,T04,C2024Q1T04,3,VIC1-NSW1,VIC1,145,125,22368.05,0.0
2022-05,C2024Q2,T03,C2024Q2T03,3,NSW1-QLD1,NSW1,45,45,2579.0,0.0
2022-05,C2024Q2,T03,C2024Q2T03,3,NSW1-QLD1,QLD1,100,100,20748.0,0.0
2022-05,C2024Q2,T03,C2024Q2T03,3,V-SA,SA1,79,70,4462.18,0.0
2022-05,C2024Q2,T03,C2024Q2T03,3,V-SA,VIC1,73,73,7500.0,0.0
2022-05,C2024Q2,T03,C2024Q2T03,3,VIC1-NSW1,NSW1,138,108,1048.0,0.0
2022-05,C2024Q2,T03,C2024Q2T03,3,VIC1-NSW1,VIC1,125,125,14742.0,0.0
2022-05,C2024Q3,T02,C2024Q3T02,3,NSW1-QLD1,NSW1,45,45,2400.0,0.0
2022-05,C2024Q3,T02,C2024Q3T02,3,NSW1-QLD1,QLD1,100,100,19126.0,0.0
2022-05,C2024Q3,T02,C2024Q3T02,3,V-SA,SA1,78,75,5352.18,0.0
2022-05,C2024Q3,T02,C2024Q3T02,3,V-SA,VIC1,73,73,7500.0,0.0
2022-05,C2024Q3,T02,C2024Q3T02,3,VIC1-NSW1,NSW1,108,108,1058.0,0.0
2022-05,C2024Q3,T02,C2024Q3T02,3,VIC1-NSW1,VIC1,125,125,15002.0,0.0
2022-05,C2024Q4,T01,C2024Q4T01,3,NSW1-QLD1,NSW1,45,45,5006.08,0.0
2022-05,C2024Q4,T01,C2024Q4T01,3,NSW1-QLD1,QLD1,100,100,12909.44,0.0
2022-05,C2024Q4,T01,C2024Q4T01,3,V-SA,SA1,64,64,5561.0,0.0
2022-05,C2024Q4,T01,C2024Q4T01,3,V-SA,VIC1,73,73,8675.28,0.0
2022-05,C2024Q4,T01,C2024Q4T01,3,VIC1-NSW1,NSW1,108,108,1287.0,0.0
2022-05,C2024Q4,T01,C2024Q4T01,3,VIC1-NSW1,VIC1,125,125,17050.0,0.0
2022-05,C2022Q2,T12,C2022Q2T12,4,NSW1-QLD1,NSW1,127,100,4537.55,0.0
2022-05,C2022Q2,T12,C2022Q2T12,4,NSW1-QLD1,QLD1,207,100,7637.0,0.0
2022-05,C2022Q2,T12,C2022Q2T12,4,V-SA,SA1,106,66,4487.0,0.0
2022-05,C2022Q2,T12,C2022Q2T12,4,V-SA,VIC1,133,83,13539.0,0.0
2022-05,C2022Q2,T12,C2022Q2T12,4,VIC1-NSW1,NSW1,278,112,910.0,0.0
2022-05,C2022Q2,T12,C2022Q2T12,4,VIC1-NSW1,VIC1,225,125,19978.0,0.0
2022-05,C2022Q3,T11,C2022Q3T11,4,NSW1-QLD1,NSW1,84,60,4061.82,0.0
2022-05,C2022Q3,T11,C2022Q3T11,4,NSW1-QLD1,QLD1,244,100,13330.09,0.0
2022-05,C2022Q3,T11,C2022Q3T11,4,V-SA,SA1,113,64,5500.0,0.0
2022-05,C2022Q3,T11,C2022Q3T11,4,V-SA,VIC1,128,73,10000.0,0.0
2022-05,C2022Q3,T11,C2022Q3T11,4,VIC1-NSW1,NSW1,265,108,1198.0,0.0
2022-05,C2022Q3,T11,C2022Q3T11,4,VIC1-NSW1,VIC1,250,135,19272.0,0.0
2022-05,C2022Q4,T10,C2022Q4T10,4,NSW1-QLD1,NSW1,64,45,9300.0,0.0
2022-05,C2022Q4,T10,C2022Q4T10,4,NSW1-QLD1,QLD1,275,100,10925.0,0.0
2022-05,C2022Q4,T10,C2022Q4T10,4,V-SA,SA1,100,64,6046.0,0.0
2022-05,C2022Q4,T10,C2022Q4T10,4,V-SA,VIC1,158,73,10170.83,0.0
2022-05,C2022Q4,T10,C2022Q4T10,4,VIC1-NSW1,NSW1,174,112,1380.0,0.0
2022-05,C2022Q4,T10,C2022Q4T10,4,VIC1-NSW1,VIC1,268,135,24731.84,0.0
2022-05,C2023Q1,T09,C2023Q1T09,4,NSW1-QLD1,NSW1,64,48,15202.0,0.0
2022-05,C2023Q1,T09,C2023Q1T09,4,NSW1-QLD1,QLD1,281,104,17189.17,0.0
2022-05,C2023Q1,T09,C2023Q1T09,4,V-SA,SA1,94,70,6850.0,0.0
2022-05,C2023Q1,T09,C2023Q1T09,4,V-SA,VIC1,99,73,16760.83,0.0
2022-05,C2023Q1,T09,C2023Q1T09,4,VIC1-NSW1,NSW1,171,116,4500.0,0.0
2022-05,C2023Q1,T09,C2023Q1T09,4,VIC1-NSW1,VIC1,200,135,25200.26,0.0
2022-05,C2023Q2,T08,C2023Q2T08,4,NSW1-QLD1,NSW1,61,45,4000.0,0.0
2022-05,C2023Q2,T08,C2023Q2T08,4,NSW1-QLD1,QLD1,194,100,24489.09,0.0
2022-05,C2023Q2,T08,C2023Q2T08,4,V-SA,SA1,114,70,4843.0,0.0
2022-05,C2023Q2,T08,C2023Q2T08,4,V-SA,VIC1,108,73,11000.83,0.0
2022-05,C2023Q2,T08,C2023Q2T08,4,VIC1-NSW1,NSW1,301,109,1270.06,0.0
2022-05,C2023Q2,T08,C2023Q2T08,4,VIC1-NSW1,VIC1,205,125,22960.26,0.0
2022-05,C2023Q3,T07,C2023Q3T07,4,NSW1-QLD1,NSW1,70,45,3336.0,0.0
2022-05,C2023Q3,T07,C2023Q3T07,4,NSW1-QLD1,QLD1,150,100,24416.0,0.0
2022-05,C2023Q3,T07,C2023Q3T07,4,V-SA,SA1,109,64,5297.0,0.0
2022-05,C2023Q3,T07,C2023Q3T07,4,V-SA,VIC1,108,73,10920.83,0.0
2022-05,C2023Q3,T07,C2023Q3T07,4,VIC1-NSW1,NSW1,205,108,1250.0,0.0
2022-05,C2023Q3,T07,C2023Q3T07,4,VIC1-NSW1,VIC1,220,125,22640.26,0.0
2022-05,C2023Q4,T06,C2023Q4T06,4,NSW1-QLD1,NSW1,58,45,8510.0,0.0
2022-05,C2023Q4,T06,C2023Q4T06,4,NSW1-QLD1,QLD1,164,100,17384.0,0.0
2022-05,C2023Q4,T06,C2023Q4T06,4,V-SA,SA1,109,64,6050.0,0.0
2022-05,C2023Q4,T06,C2023Q4T06,4,V-SA,VIC1,88,73,9520.83,0.0
2022-05,C2023Q4,T06,C2023Q4T06,4,VIC1-NSW1,NSW1,143,114,1404.7,0.0
2022-05,C2023Q4,T06,C2023Q4T06,4,VIC1-NSW1,VIC1,217,125,24066.9,0.0
2022-05,C2024Q1,T05,C2024Q1T05,4,NSW1-QLD1,NSW1,48,45,9907.0,0.0
2022-05,C2024Q1,T05,C2024Q1T05,4,NSW1-QLD1,QLD1,130,100,22822.8,0.0
2022-05,C2024Q1,T05,C2024Q1T05,4,V-SA,SA1,64,64,7341.0,0.0
2022-05,C2024Q1,T05,C2024Q1T05,4,V-SA,VIC1,90,73,16500.0,0.0
2022-05,C2024Q1,T05,C2024Q1T05,4,VIC1-NSW1,NSW1,117,108,4368.0,0.0
2022-05,C2024Q1,T05,C2024Q1T05,4,VIC1-NSW1,VIC1,167,125,23800.26,0.0
2022-05,C2024Q2,T04,C2024Q2T04,4,NSW1-QLD1,NSW1,48,45,3307.0,0.0
2022-05,C2024Q2,T04,C2024Q2T04,4,NSW1-QLD1,QLD1,120,100,24438.96,0.0
2022-05,C2024Q2,T04,C2024Q2T04,4,V-SA,SA1,89,64,4732.0,0.0
2022-05,C2024Q2,T04,C2024Q2T04,4,V-SA,VIC1,73,73,9093.0,0.0
2022-05,C2024Q2,T04,C2024Q2T04,4,VIC1-NSW1,NSW1,164,108,1028.0,0.0
2022-05,C2024Q2,T04,C2024Q2T04,4,VIC1-NSW1,VIC1,152,125,16800.25,0.0
2022-05,C2024Q3,T03,C2024Q3T03,4,NSW1-QLD1,NSW1,48,45,3040.0,0.0
2022-05,C2024Q3,T03,C2024Q3T03,4,NSW1-QLD1,QLD1,108,100,21520.64,0.0
2022-05,C2024Q3,T03,C2024Q3T03,4,V-SA,SA1,67,64,4995.37,0.0
2022-05,C2024Q3,T03,C2024Q3T03,4,V-SA,VIC1,74,73,8996.83,0.0
2022-05,C2024Q3,T03,C2024Q3T03,4,VIC1-NSW1,NSW1,108,108,1000.0,0.0
2022-05,C2024Q3,T03,C2024Q3T03,4,VIC1-NSW1,VIC1,135,125,16502.2,0.0
2022-05,C2024Q4,T02,C2024Q4T02,4,NSW1-QLD1,NSW1,48,45,8504.0,0.0
2022-05,C2024Q4,T02,C2024Q4T02,4,NSW1-QLD1,QLD1,100,100,16000.0,0.0
2022-05,C2024Q4,T02,C2024Q4T02,4,V-SA,SA1,64,64,5521.0,0.0
2022-05,C2024Q4,T02,C2024Q4T02,4,V-SA,VIC1,73,73,10284.0,0.0
2022-05,C2024Q4,T02,C2024Q4T02,4,VIC1-NSW1,NSW1,108,108,1457.0,0.0
2022-05,C2024Q4,T02,C2024Q4T02,4,VIC1-NSW1,VIC1,150,125,20800.25,0.0
2022-05,C2025Q1,T01,C2025Q1T01,4,NSW1-QLD1,NSW1,45,45,9506.0,0.0
2022-05,C2025Q1,T01,C2025Q1T01,4,NSW1-QLD1,QLD1,100,100,23392.8,0.0
2022-05,C2025Q1,T01,C2025Q1T01,4,V-SA,SA1,64,64,7210.0,0.0
2022-05,C2025Q1,T01,C2025Q1T01,4,V-SA,VIC1,73,73,16000.0,0.0
2022-05,C2025Q1,T01,C2025Q1T01,4,VIC1-NSW1,NSW1,108,108,4320.0,0.0
2022-05,C2025Q1,T01,C2025Q1T01,4,VIC1-NSW1,VIC1,125,125,20971.0,0.0
2022-05,C2022Q4,T07,C2022Q4T07,7,NSW1-QLD1,NSW1,55,45,2818.17,0.0
2022-05,C2022Q4,T07,C2022Q4T07,7,NSW1-QLD1,QLD1,236,101,11340.54,0.0
2022-05,C2022Q4,T07,C2022Q4T07,7,V-SA,SA1,105,64,4558.0,0.0
2022-05,C2022Q4,T07,C2022Q4T07,7,V-SA,VIC1,145,78,5961.6,0.0
2022-05,C2022Q4,T07,C2022Q4T07,7,VIC1-NSW1,NSW1,181,108,750.39,0.0
2022-05,C2022Q4,T07,C2022Q4T07,7,VIC1-NSW1,VIC1,217,125,13870.0,0.0
2022-05,C2023Q1,T06,C2023Q1T06,7,NSW1-QLD1,NSW1,55,45,5111.08,0.0
2022-05,C2023Q1,T06,C2023Q1T06,7,NSW1-QLD1,QLD1,248,100,16688.0,0.0
2022-05,C2023Q1,T06,C2023Q1T06,7,V-SA,SA1,87,64,5404.0,0.0
2022-05,C2023Q1,T06,C2023Q1T06,7,V-SA,VIC1,87,73,8400.96,0.0
2022-05,C2023Q1,T06,C2023Q1T06,7,VIC1-NSW1,NSW1,113,108,4752.0,0.0
2022-05,C2023Q1,T06,C2023Q1T06,7,VIC1-NSW1,VIC1,160,125,15641.97,0.0
2022-05,C2023Q2,T05,C2023Q2T05,7,NSW1-QLD1,NSW1,52,45,1205.0,0.0
2022-05,C2023Q2,T05,C2023Q2T05,7,NSW1-QLD1,QLD1,165,100,14906.89,0.0
2022-05,C2023Q2,T05,C2023Q2T05,7,V-SA,SA1,118,64,3225.85,0.0
2022-05,C2023Q2,T05,C2023Q2T05,7,V-SA,VIC1,117,79,3675.94,0.0
2022-05,C2023Q2,T04,C2023Q2T04,5,NSW1-QLD1,NSW1,45,45,520.0,0.0
2022-05,C2023Q2,T04,C2023Q2T04,5,NSW1-QLD1,QLD1,140,102,15928.0,0.0
2022-05,C2023Q2,T04,C2023Q2T04,5,V-SA,SA1,85,64,3050.72,0.0
2022-05,C2023Q2,T04,C2023Q2T04,5,V-SA,VIC1,130,73,1801.0,0.0
2022-05,C2023Q2,T04,C2023Q2T04,5,VIC1-NSW1,NSW1,198,118,490.44,0.0
2022-05,C2023Q2,T04,C2023Q2T04,5,VIC1-NSW1,VIC1,160,125,9259.0,0.0
2022-05,C2023Q3,T03,C2023Q3T03,5,NSW1-QLD1,NSW1,45,45,501.0,0.0
2022-05,C2023Q3,T03,C2023Q3T03,5,NSW1-QLD1,QLD1,125,100,16230.0,0.0
2022-05,C2023Q3,T03,C2023Q3T03,5,V-SA,SA1,71,64,4300.72,0.0
2022-05,C2023Q3,T03,C2023Q3T03,5,V-SA,VIC1,90,73,1900.68,0.0
2022-05,C2023Q3,T03,C2023Q3T03,5,VIC1-NSW1,NSW1,173,118,501.23,0.0
2022-05,C2023Q3,T03,C2023Q3T03,5,VIC1-NSW1,VIC1,172,125,9680.0,0.0
2022-05,C2023Q4,T02,C2023Q4T02,5,NSW1-QLD1,NSW1,45,45,1501.0,0.0
2022-05,C2023Q4,T02,C2023Q4T02,5,NSW1-QLD1,QLD1,119,104,15459.87,0.0
2022-05,C2023Q4,T02,C2023Q4T02,5,V-SA,SA1,68,64,4204.0,0.0
2022-05,C2023Q4,T02,C2023Q4T02,5,V-SA,VIC1,77,73,2762.2,0.0
2022-05,C2023Q4,T02,C2023Q4T02,5,VIC1-NSW1,NSW1,141,111,587.25,0.0
2022-05,C2023Q4,T02,C2023Q4T02,5,VIC1-NSW1,VIC1,154,125,9570.43,0.0
2022-05,C2024Q1,T01,C2024Q1T01,5,NSW1-QLD1,NSW1,45,45,3591.0,0.0
2022-05,C2024Q1,T01,C2024Q1T01,5,NSW1-QLD1,QLD1,100,100,15267.0,0.0
2022-05,C2024Q1,T01,C2024Q1T01,5,V-SA,SA1,64,64,5154.0,0.0
2022-05,C2024Q1,T01,C2024Q1T01,5,V-SA,VIC1,73,73,6115.2,0.0
2022-05,C2024Q1,T01,C2024Q1T01,5,VIC1-NSW1,NSW1,108,108,4368.0,0.0
2022-05,C2024Q1,T01,C2024Q1T01,5,VIC1-NSW1,VIC1,125,125,12513.58,0.0
2022-05,C2021Q3,T12,C2021Q3T12,6,NSW1-QLD1,NSW1,105,55,2125.0,0.0
2022-05,C2021Q3,T12,C2021Q3T12,6,NSW1-QLD1,QLD1,252,134,10346.29,0.0
2022-05,C2021Q3,T12,C2021Q3T12,6,V-SA,SA1,134,66,4404.0,0.0
2022-05,C2021Q3,T12,C2021Q3T12,6,V-SA,VIC1,248,100,3500.0,0.0
2022-05,C2021Q3,T12,C2021Q3T12,6,VIC1-NSW1,NSW1,316,112,1006.0,0.0
2022-05,C2021Q3,T12,C2021Q3T12,6,VIC1-NSW1,VIC1,200,152,11396.0,0.0
2022-05,C2021Q4,T11,C2021Q4T11,6,NSW1-QLD1,NSW1,148,45,2218.0,0.0
2022-05,C2021Q4,T11,C2021Q4T11,6,NSW1-QLD1,QLD1,292,103,9780.23,0.0
2022-05,C2021Q4,T11,C2021Q4T11,6,V-SA,SA1,123,64,4816.92,0.0
2022-05,C2021Q4,T11,C2021Q4T11,6,V-SA,VIC1,134,86,5996.06,0.0
2022-05,C2021Q4,T11,C2021Q4T11,6,VIC1-NSW1,NSW1,168,108,754.0,0.0
2022-05,C2021Q4,T11,C2021Q4T11,6,VIC1-NSW1,VIC1,227,145,11721.25,0.0
2022-05,C2022Q1,T10,C2022Q1T10,6,NSW1-QLD1,NSW1,55,45,5267.0,0.0
2022-05,C2022Q1,T10,C2022Q1T10,6,NSW1-QLD1,QLD1,234,101,16460.75,0.0
2022-05,C2022Q1,T10,C2022Q1T10,6,V-SA,SA1,114,64,5707.0,0.0
2022-05,C2022Q1,T10,C2022Q1T10,6,V-SA,VIC1,103,73,8775.0,0.0
2022-05,C2022Q1,T10,C2022Q1T10,6,VIC1-NSW1,NSW1,176,108,5028.0,0.0
2022-05,C2022Q1,T10,C2022Q1T10,6,VIC1-NSW1,VIC1,301,125,15434.0,0.0
2022-05,C2022Q2,T09,C2022Q2T09,6,NSW1-QLD1,NSW1,110,45,1814.0,0.0
2022-05,C2022Q2,T09,C2022Q2T09,6,NSW1-QLD1,QLD1,192,120,11340.0,0.0
2022-05,C2022Q2,T09,C2022Q2T09,6,V-SA,SA1,108,64,3456.67,0.0
2022-05,C2022Q2,T09,C2022Q2T09,6,V-SA,VIC1,177,91,4700.93,0.0
2022-05,C2022Q2,T09,C2022Q2T09,6,VIC1-NSW1,NSW1,308,108,750.39,0.0
2022-05,C2022Q2,T09,C2022Q2T09,6,VIC1-NSW1,VIC1,175,138,11258.58,0.0
2022-05,C2022Q3,T08,C2022Q3T08,6,NSW1-QLD1,NSW1,80,45,1626.04,0.0
2022-05,C2022Q3,T08,C2022Q3T08,6,NSW1-QLD1,QLD1,195,101,13635.0,0.0
2022-05,C2022Q3,T08,C2022Q3T08,6,V-SA,SA1,130,64,4404.0,0.0
2022-05,C2022Q3,T08,C2022Q3T08,6,V-SA,VIC1,147,83,4774.0,0.0
2022-05,C2022Q3,T08,C2022Q3T08,6,VIC1-NSW1,NSW1,271,108,675.39,0.0
2022-05,C2022Q3,T08,C2022Q3T08,6,VIC1-NSW1,VIC1,219,125,11253.52,0.0
2022-05,C2022Q4,T07,C2022Q4T07,6,NSW1-QLD1,NSW1,55,45,2818.17,0.0
2022-05,C2022Q4,T07,C2022Q4T07,6,NSW1-QLD1,QLD1,236,101,11340.54,0.0
2022-05,C2022Q4,T07,C2022Q4T07,6,V-SA,SA1,105,64,4558.0,0.0
2022-05,C2022Q4,T07,C2022Q4T07,6,V-SA,VIC1,145,78,5961.6,0.0
2022-05,C2022Q4,T07,C2022Q4T07,6,VIC1-NSW1,NSW1,181,108,750.39,0.0
2022-05,C2022Q4,T07,C2022Q4T07,6,VIC1-NSW1,VIC1,217,125,13870.0,0.0
2022-05,C2023Q1,T06,C2023Q1T06,6,NSW1-QLD1,NSW1,55,45,5111.08,0.0
2022-05,C2023Q1,T06,C2023Q1T06,6,NSW1-QLD1,QLD1,248,100,16688.0,0.0
2022-05,C2023Q1,T06,C2023Q1T06,6,V-SA,SA1,87,64,5404.0,0.0
2022-05,C2023Q1,T06,C2023Q1T06,6,V-SA,VIC1,87,73,8400.96,0.0
2022-05,C2023Q1,T06,C2023Q1T06,6,VIC1-NSW1,NSW1,113,108,4752.0,0.0
2022-05,C2023Q1,T06,C2023Q1T06,6,VIC1-NSW1,VIC1,160,125,15641.97,0.0
2022-05,C2023Q2,T05,C2023Q2T05,6,NSW1-QLD1,NSW1,52,45,1205.0,0.0
2022-05,C2023Q2,T05,C2023Q2T05,6,NSW1-QLD1,QLD1,165,100,14906.89,0.0
2022-05,C2023Q2,T05,C2023Q2T05,6,V-SA,SA1,118,64,3225.85,0.0
2022-05,C2023Q2,T05,C2023Q2T05,6,V-SA,VIC1,117,79,3675.94,0.0
2022-05,C2023Q2,T05,C2023Q2T05,6,VIC1-NSW1,NSW1,281,108,652.0,0.0
2022-05,C2023Q2,T05,C2023Q2T05,6,VIC1-NSW1,VIC1,201,125,11878.0,0.0
2022-05,C2023Q3,T04,C2023Q3T04,6,NSW1-QLD1,NSW1,52,45,1226.0,0.0
2022-05,C2023Q3,T04,C2023Q3T04,6,NSW1-QLD1,QLD1,136,111,15300.29,0.0
2022-05,C2023Q3,T04,C2023Q3T04,6,V-SA,SA1,104,64,4014.0,0.0
2022-05,C2023Q3,T04,C2023Q3T04,6,V-SA,VIC1,83,73,4050.0,0.0
2022-05,C2023Q3,T04,C2023Q3T04,6,VIC1-NSW1,NSW1,188,108,675.39,0.0
2022-05,C2023Q3,T04,C2023Q3T04,6,VIC1-NSW1,VIC1,205,125,11712.8,0.0
2022-05,C2023Q4,T03,C2023Q4T03,6,NSW1-QLD1,NSW1,45,45,2476.65,0.0
2022-05,C2023Q4,T03,C2023Q4T03,6,NSW1-QLD1,QLD1,120,100,14572.8,0.0
2022-05,C2023Q4,T03,C2023Q4T03,6,V-SA,SA1,84,64,4247.0,0.0
2022-05,C2023Q4,T03,C2023Q4T03,6,V-SA,VIC1,76,73,4200.97,0.0
2022-05,C2023Q4,T03,C2023Q4T03,6,VIC1-NSW1,NSW1,128,108,744.75,0.0
2022-05,C2023Q4,T03,C2023Q4T03,6,VIC1-NSW1,VIC1,166,125,12750.0,0.0
2022-05,C2024Q1,T02,C2024Q1T02,6,NSW1-QLD1,NSW1,45,45,4962.58,0.0
2022-05,C2024Q1,T02,C2024Q1T02,6,NSW1-QLD1,QLD1,113,100,18007.0,0.0
2022-05,C2024Q1,T02,C2024Q1T02,6,V-SA,SA1,64,64,4504.0,0.0
2022-05,C2024Q1,T02,C2024Q1T02,6,V-SA,VIC1,73,73,7213.0,0.0
2022-05,C2024Q1,T02,C2024Q1T02,6,VIC1-NSW1,NSW1,108,108,4200.39,0.0
2022-05,C2024Q1,T02,C2024Q1T02,6,VIC1-NSW1,VIC1,133,125,15642.0,0.0
2022-05,C2024Q2,T01,C2024Q2T01,6,NSW1-QLD1,NSW1,45,45,1455.0,0.0
2022-05,C2024Q2,T01,C2024Q2T01,6,NSW1-QLD1,QLD1,100,100,15267.0,0.0
2022-05,C2024Q2,T01,C2024Q2T01,6,V-SA,SA1,64,64,3300.85,0.0
2022-05,C2024Q2,T01,C2024Q2T01,6,V-SA,VIC1,73,73,4086.47,0.0
2022-05,C2024Q2,T01,C2024Q2T01,6,VIC1-NSW1,NSW1,108,108,600.0,0.0
2022-05,C2024Q2,T01,C2024Q2T01,6,VIC1-NSW1,VIC1,125,125,11445.72,0.0
2022-05,C2021Q4,T12,C2021Q4T12,5,NSW1-QLD1,NSW1,87,55,5000.0,0.0
2022-05,C2021Q4,T12,C2021Q4T12,5,NSW1-QLD1,QLD1,275,100,8675.0,0.0
2022-05,C2021Q4,T12,C2021Q4T12,5,V-SA,SA1,90,66,5204.0,0.0
2022-05,C2021Q4,T12,C2021Q4T12,5,V-SA,VIC1,120,77,7001.0,0.0
2022-05,C2021Q4,T12,C2021Q4T12,5,VIC1-NSW1,NSW1,192,112,1004.0,0.0
2022-05,C2021Q4,T12,C2021Q4T12,5,VIC1-NSW1,VIC1,281,125,15500.0,0.0
2022-05,C2022Q1,T11,C2022Q1T11,5,NSW1-QLD1,NSW1,48,45,6584.0,0.0
2022-05,C2022Q1,T11,C2022Q1T11,5,NSW1-QLD1,QLD1,224,103,14560.59,0.0
2022-05,C2022Q1,T11,C2022Q1T11,5,V-SA,SA1,97,65,6277.7,0.0
2022-05,C2022Q1,T11,C2022Q1T11,5,V-SA,VIC1,96,74,10296.0,0.0
2022-05,C2022Q1,T11,C2022Q1T11,5,VIC1-NSW1,NSW1,226,128,4860.0,0.0
2022-05,C2022Q1,T11,C2022Q1T11,5,VIC1-NSW1,VIC1,267,144,17380.87,0.0
2022-05,C2022Q2,T10,C2022Q2T10,5,NSW1-QLD1,NSW1,45,45,2750.0,0.0
2022-05,C2022Q2,T10,C2022Q2T10,5,NSW1-QLD1,QLD1,187,100,13750.0,0.0
2022-05,C2022Q2,T10,C2022Q2T10,5,V-SA,SA1,90,64,3841.0,0.0
2022-05,C2022Q2,T10,C2022Q2T10,5,V-SA,VIC1,167,82,5171.02,0.0
2022-05,C2022Q2,T10,C2022Q2T10,5,VIC1-NSW1,NSW1,306,108,1204.0,0.0
2022-05,C2022Q2,T10,C2022Q2T10,5,VIC1-NSW1,VIC1,161,125,13750.0,0.0
2022-05,C2022Q3,T09,C2022Q3T09,5,NSW1-QLD1,NSW1,45,45,2439.06,0.0
2022-05,C2022Q3,T09,C2022Q3T09,5,NSW1-QLD1,QLD1,192,100,15250.0,0.0
2022-05,C2022Q3,T09,C2022Q3T09,5,V-SA,SA1,112,64,4763.0,0.0
2022-05,C2022Q3,T09,C2022Q3T09,5,V-SA,VIC1,125,73,6000.0,0.0
2022-05,C2022Q3,T09,C2022Q3T09,5,VIC1-NSW1,NSW1,272,108,1204.0,0.0
2022-05,C2022Q3,T09,C2022Q3T09,5,VIC1-NSW1,VIC1,201,125,13616.76,0.0
2022-05,C2022Q4,T08,C2022Q4T08,5,NSW1-QLD1,NSW1,45,45,4007.9,0.0
2022-05,C2022Q4,T08,C2022Q4T08,5,NSW1-QLD1,QLD1,201,100,12474.59,0.0
2022-05,C2022Q4,T08,C2022Q4T08,5,V-SA,SA1,85,64,5036.0,0.0
2022-05,C2022Q4,T08,C2022Q4T08,5,V-SA,VIC1,147,73,6731.0,0.0
2022-05,C2022Q4,T08,C2022Q4T08,5,VIC1-NSW1,NSW1,174,108,1078.0,0.0
2022-05,C2022Q4,T08,C2022Q4T08,5,VIC1-NSW1,VIC1,258,125,16782.7,0.0
2022-05,C2023Q1,T07,C2023Q1T07,5,NSW1-QLD1,NSW1,45,45,6133.29,0.0
2022-05,C2023Q1,T07,C2023Q1T07,5,NSW1-QLD1,QLD1,242,110,18000.0,0.0
2022-05,C2023Q1,T07,C2023Q1T07,5,V-SA,SA1,81,64,6000.0,0.0
2022-05,C2023Q4,T02,C2023Q4T02,3,VIC1-NSW1,VIC1,154,125,9570.43,0.0
2022-05,C2024Q1,T01,C2024Q1T01,3,NSW1-QLD1,NSW1,45,45,3591.0,0.0
2022-05,C2024Q1,T01,C2024Q1T01,3,NSW1-QLD1,QLD1,100,100,15267.0,0.0
2022-05,C2024Q1,T01,C2024Q1T01,3,V-SA,SA1,64,64,5154.0,0.0
2022-05,C2024Q1,T01,C2024Q1T01,3,V-SA,VIC1,73,73,6115.2,0.0
2022-05,C2024Q1,T01,C2024Q1T01,3,VIC1-NSW1,NSW1,108,108,4368.0,0.0
2022-05,C2024Q1,T01,C2024Q1T01,3,VIC1-NSW1,VIC1,125,125,12513.58,0.0
2022-05,C2021Q3,T12,C2021Q3T12,4,NSW1-QLD1,NSW1,105,55,2125.0,0.0
2022-05,C2021Q3,T12,C2021Q3T12,4,NSW1-QLD1,QLD1,252,134,10346.29,0.0
2022-05,C2021Q3,T12,C2021Q3T12,4,V-SA,SA1,134,66,4404.0,0.0
2022-05,C2021Q3,T12,C2021Q3T12,4,V-SA,VIC1,248,100,3500.0,0.0
2022-05,C2021Q3,T12,C2021Q3T12,4,VIC1-NSW1,NSW1,316,112,1006.0,0.0
2022-05,C2021Q3,T12,C2021Q3T12,4,VIC1-NSW1,VIC1,200,152,11396.0,0.0
2022-05,C2021Q4,T11,C2021Q4T11,4,NSW1-QLD1,NSW1,148,45,2218.0,0.0
2022-05,C2021Q4,T11,C2021Q4T11,4,NSW1-QLD1,QLD1,292,103,9780.23,0.0
2022-05,C2021Q4,T11,C2021Q4T11,4,V-SA,SA1,123,64,4816.92,0.0
2022-05,C2021Q4,T11,C2021Q4T11,4,V-SA,VIC1,134,86,5996.06,0.0
2022-05,C2021Q4,T11,C2021Q4T11,4,VIC1-NSW1,NSW1,168,108,754.0,0.0
2022-05,C2021Q4,T11,C2021Q4T11,4,VIC1-NSW1,VIC1,227,145,11721.25,0.0
2022-05,C2022Q1,T10,C2022Q1T10,4,NSW1-QLD1,NSW1,55,45,5267.0,0.0
2022-05,C2022Q1,T10,C2022Q1T10,4,NSW1-QLD1,QLD1,234,101,16460.75,0.0
2022-05,C2022Q1,T10,C2022Q1T10,4,V-SA,SA1,114,64,5707.0,0.0
2022-05,C2022Q1,T10,C2022Q1T10,4,V-SA,VIC1,103,73,8775.0,0.0
2022-05,C2022Q1,T10,C2022Q1T10,4,VIC1-NSW1,NSW1,176,108,5028.0,0.0
2022-05,C2022Q1,T10,C2022Q1T10,4,VIC1-NSW1,VIC1,301,125,15434.0,0.0
2022-05,C2022Q2,T09,C2022Q2T09,4,NSW1-QLD1,NSW1,110,45,1814.0,0.0
2022-05,C2022Q2,T09,C2022Q2T09,4,NSW1-QLD1,QLD1,192,120,11340.0,0.0
2022-05,C2022Q2,T09,C2022Q2T09,4,V-SA,SA1,108,64,3456.67,0.0
2022-05,C2022Q2,T09,C2022Q2T09,4,V-SA,VIC1,177,91,4700.93,0.0
2022-05,C2022Q2,T09,C2022Q2T09,4,VIC1-NSW1,NSW1,308,108,750.39,0.0
2022-05,C2022Q2,T09,C2022Q2T09,4,VIC1-NSW1,VIC1,175,138,11258.58,0.0
2022-05,C2022Q3,T08,C2022Q3T08,4,NSW1-QLD1,NSW1,80,45,1626.04,0.0
2022-05,C2022Q3,T08,C2022Q3T08,4,NSW1-QLD1,QLD1,195,101,13635.0,0.0
2022-05,C2022Q3,T08,C2022Q3T08,4,V-SA,SA1,130,64,4404.0,0.0
2022-05,C2022Q3,T08,C2022Q3T08,4,V-SA,VIC1,147,83,4774.0,0.0
2022-05,C2022Q3,T08,C2022Q3T08,4,VIC1-NSW1,NSW1,271,108,675.39,0.0
2022-05,C2022Q3,T08,C2022Q3T08,4,VIC1-NSW1,VIC1,219,125,11253.52,0.0
2022-05,C2022Q4,T07,C2022Q4T07,4,NSW1-QLD1,NSW1,55,45,2818.17,0.0
2022-05,C2022Q4,T07,C2022Q4T07,4,NSW1-QLD1,QLD1,236,101,11340.54,0.0
2022-05,C2022Q4,T07,C2022Q4T07,4,V-SA,SA1,105,64,4558.0,0.0
2022-05,C2022Q4,T07,C2022Q4T07,4,V-SA,VIC1,145,78,5961.6,0.0
2022-05,C2022Q4,T07,C2022Q4T07,4,VIC1-NSW1,NSW1,181,108,750.39,0.0
2022-05,C2022Q4,T07,C2022Q4T07,4,VIC1-NSW1,VIC1,217,125,13870.0,0.0
2022-05,C2023Q1,T06,C2023Q1T06,4,NSW1-QLD1,NSW1,55,45,5111.08,0.0
2022-05,C2023Q1,T06,C2023Q1T06,4,NSW1-QLD1,QLD1,248,100,16688.0,0.0
2022-05,C2023Q1,T06,C2023Q1T06,4,V-SA,SA1,87,64,5404.0,0.0
2022-05,C2023Q1,T06,C2023Q1T06,4,V-SA,VIC1,87,73,8400.96,0.0
2022-05,C2023Q1,T06,C2023Q1T06,4,VIC1-NSW1,NSW1,113,108,4752.0,0.0
2022-05,C2023Q1,T06,C2023Q1T06,4,VIC1-NSW1,VIC1,160,125,15641.97,0.0
2022-05,C2023Q2,T05,C2023Q2T05,4,NSW1-QLD1,NSW1,52,45,1205.0,0.0
2022-05,C2023Q2,T05,C2023Q2T05,4,NSW1-QLD1,QLD1,165,100,14906.89,0.0
2022-05,C2023Q2,T05,C2023Q2T05,4,V-SA,SA1,118,64,3225.85,0.0
2022-05,C2023Q2,T05,C2023Q2T05,4,V-SA,VIC1,117,79,3675.94,0.0
2022-05,C2023Q2,T05,C2023Q2T05,4,VIC1-NSW1,NSW1,281,108,652.0,0.0
2022-05,C2023Q2,T05,C2023Q2T05,4,VIC1-NSW1,VIC1,201,125,11878.0,0.0
2022-05,C2023Q3,T04,C2023Q3T04,4,NSW1-QLD1,NSW1,52,45,1226.0,0.0
2022-05,C2023Q3,T04,C2023Q3T04,4,NSW1-QLD1,QLD1,136,111,15300.29,0.0
2022-05,C2023Q3,T04,C2023Q3T04,4,V-SA,SA1,104,64,4014.0,0.0
2022-05,C2023Q3,T04,C2023Q3T04,4,V-SA,VIC1,83,73,4050.0,0.0
2022-05,C2022Q2,T07,C2022Q2T07,15,NSW1-QLD1,NSW1,45,45,401.0,0.0
2022-05,C2022Q2,T07,C2022Q2T07,15,NSW1-QLD1,QLD1,155,100,11067.5,0.0
2022-05,C2022Q2,T07,C2022Q2T07,15,V-SA,SA1,128,78,4000.0,0.0
2022-05,C2022Q2,T07,C2022Q2T07,15,V-SA,VIC1,93,73,1668.35,0.0
2022-05,C2022Q2,T07,C2022Q2T07,15,VIC1-NSW1,NSW1,183,108,740.88,0.0
2022-05,C2022Q2,T07,C2022Q2T07,15,VIC1-NSW1,VIC1,175,125,7772.16,0.0
2022-05,C2022Q3,T06,C2022Q3T06,15,NSW1-QLD1,NSW1,45,45,501.0,0.0
2022-05,C2022Q3,T06,C2022Q3T06,15,NSW1-QLD1,QLD1,130,100,11901.12,0.0
2022-05,C2022Q3,T06,C2022Q3T06,15,V-SA,SA1,94,64,5204.0,0.0
2022-05,C2022Q3,T06,C2022Q3T06,15,V-SA,VIC1,93,73,1750.0,0.0
2022-05,C2022Q3,T06,C2022Q3T06,15,VIC1-NSW1,NSW1,183,108,875.0,0.0
2022-05,C2022Q3,T06,C2022Q3T06,15,VIC1-NSW1,VIC1,150,125,8501.0,0.0
2022-05,C2022Q4,T05,C2022Q4T05,15,NSW1-QLD1,NSW1,55,45,1503.03,0.0
2022-05,C2022Q4,T05,C2022Q4T05,15,NSW1-QLD1,QLD1,130,100,11956.92,0.0
2022-05,C2022Q4,T05,C2022Q4T05,15,V-SA,SA1,90,64,5039.85,0.0
2022-05,C2022Q4,T05,C2022Q4T05,15,V-SA,VIC1,93,73,2450.0,0.0
2022-05,C2022Q4,T05,C2022Q4T05,15,VIC1-NSW1,NSW1,158,108,1197.25,0.0
2022-05,C2022Q4,T05,C2022Q4T05,15,VIC1-NSW1,VIC1,168,125,8950.99,0.0
2022-05,C2023Q1,T04,C2023Q1T04,15,NSW1-QLD1,NSW1,57,45,3001.0,0.0
2022-05,C2023Q1,T04,C2023Q1T04,15,NSW1-QLD1,QLD1,100,100,15996.96,0.0
2022-05,C2023Q1,T04,C2023Q1T04,15,V-SA,SA1,74,64,5668.0,0.0
2022-05,C2023Q1,T04,C2023Q1T04,15,V-SA,VIC1,93,73,6004.0,0.0
2022-05,C2023Q1,T04,C2023Q1T04,15,VIC1-NSW1,NSW1,158,108,5625.0,0.0
2022-05,C2023Q1,T04,C2023Q1T04,15,VIC1-NSW1,VIC1,145,125,11375.99,0.0
2022-05,C2023Q2,T03,C2023Q2T03,15,NSW1-QLD1,NSW1,45,45,404.0,0.0
2022-05,C2023Q2,T03,C2023Q2T03,15,NSW1-QLD1,QLD1,100,100,12839.0,0.0
2022-05,C2023Q2,T03,C2023Q2T03,15,V-SA,SA1,91,81,3124.0,0.0
2022-05,C2023Q2,T03,C2023Q2T03,15,V-SA,VIC1,93,73,1454.0,0.0
2022-05,C2023Q2,T03,C2023Q2T03,15,VIC1-NSW1,NSW1,188,108,562.5,0.0
2022-05,C2023Q2,T03,C2023Q2T03,15,VIC1-NSW1,VIC1,150,125,7407.0,0.0
2022-05,C2023Q3,T02,C2023Q3T02,15,NSW1-QLD1,NSW1,45,45,401.0,0.0
2022-05,C2023Q3,T02,C2023Q3T02,15,NSW1-QLD1,QLD1,100,100,12984.0,0.0
2022-05,C2023Q3,T02,C2023Q3T02,15,V-SA,SA1,74,64,3920.0,0.0
2022-05,C2023Q3,T02,C2023Q3T02,15,V-SA,VIC1,93,73,1435.2,0.0
2022-05,C2023Q3,T02,C2023Q3T02,15,VIC1-NSW1,NSW1,138,108,660.66,0.0
2022-05,C2023Q3,T02,C2023Q3T02,15,VIC1-NSW1,VIC1,150,125,7744.0,0.0
2022-05,C2023Q4,T01,C2023Q4T01,15,NSW1-QLD1,NSW1,45,45,1301.0,0.0
2022-05,C2023Q4,T01,C2023Q4T01,15,NSW1-QLD1,QLD1,100,100,12400.96,0.0
2022-05,C2023Q4,T01,C2023Q4T01,15,V-SA,SA1,64,64,4000.0,0.0
2022-05,C2023Q4,T01,C2023Q4T01,15,V-SA,VIC1,73,73,1840.35,0.0
2022-05,C2023Q4,T01,C2023Q4T01,15,VIC1-NSW1,NSW1,108,108,1001.0,0.0
2022-05,C2023Q4,T01,C2023Q4T01,15,VIC1-NSW1,VIC1,125,125,7473.0,0.0
2022-05,C2021Q2,T12,C2021Q2T12,7,NSW1-QLD1,NSW1,61,55,354.0,0.0
2022-05,C2021Q2,T12,C2021Q2T12,7,NSW1-QLD1,QLD1,246,110,10087.0,0.0
2022-05,C2021Q2,T12,C2021Q2T12,7,V-SA,SA1,117,70,4654.0,0.0
2022-05,C2021Q2,T12,C2021Q2T12,7,V-SA,VIC1,174,77,2054.0,0.0
2022-05,C2021Q2,T12,C2021Q2T12,7,VIC1-NSW1,NSW1,372,112,480.79,0.0
2022-05,C2021Q2,T12,C2021Q2T12,7,VIC1-NSW1,VIC1,258,125,8004.0,0.0
2022-05,C2021Q3,T11,C2021Q3T11,7,NSW1-QLD1,NSW1,45,45,417.47,0.0
2022-05,C2021Q3,T11,C2021Q3T11,7,NSW1-QLD1,QLD1,245,103,10790.21,0.0
2022-05,C2021Q3,T11,C2021Q3T11,7,V-SA,SA1,112,64,5321.0,0.0
2022-05,C2021Q3,T11,C2021Q3T11,7,V-SA,VIC1,199,73,2455.0,0.0
2022-05,C2021Q3,T11,C2021Q3T11,7,VIC1-NSW1,NSW1,266,108,500.44,0.0
2022-05,C2021Q3,T11,C2021Q3T11,7,VIC1-NSW1,VIC1,275,125,7700.0,0.0
2022-05,C2021Q4,T10,C2021Q4T10,7,NSW1-QLD1,NSW1,85,45,1249.0,0.0
2022-05,C2021Q4,T10,C2021Q4T10,7,NSW1-QLD1,QLD1,255,104,9200.79,0.0
2022-05,C2021Q4,T10,C2021Q4T10,7,V-SA,SA1,111,64,5372.0,0.0
2022-05,C2021Q4,T10,C2021Q4T10,7,V-SA,VIC1,170,73,2780.85,0.0
2022-05,C2021Q4,T10,C2021Q4T10,7,VIC1-NSW1,NSW1,269,114,465.88,0.0
2022-05,C2021Q4,T10,C2021Q4T10,7,VIC1-NSW1,VIC1,248,125,9377.0,0.0
2022-05,C2022Q1,T09,C2022Q1T09,7,NSW1-QLD1,NSW1,69,49,3278.0,0.0
2022-05,C2022Q1,T09,C2022Q1T09,7,NSW1-QLD1,QLD1,185,103,14524.2,0.0
2022-05,C2022Q1,T09,C2022Q1T09,7,V-SA,SA1,124,68,5650.47,0.0
2022-05,C2022Q1,T09,C2022Q1T09,7,V-SA,VIC1,103,73,7019.42,0.0
2022-05,C2022Q1,T09,C2022Q1T09,7,VIC1-NSW1,NSW1,250,117,4356.0,0.0
2022-05,C2022Q1,T09,C2022Q1T09,7,VIC1-NSW1,VIC1,305,125,12347.0,0.0
2022-05,C2022Q2,T08,C2022Q2T08,7,NSW1-QLD1,NSW1,45,45,612.0,0.0
2022-05,C2022Q2,T08,C2022Q2T08,7,NSW1-QLD1,QLD1,200,103,10800.0,0.0
2022-05,C2022Q2,T08,C2022Q2T08,7,V-SA,SA1,111,64,4066.67,0.0
2022-05,C2022Q2,T08,C2022Q2T08,7,V-SA,VIC1,171,73,2502.52,0.0
2022-05,C2022Q2,T08,C2022Q2T08,7,VIC1-NSW1,NSW1,319,115,420.44,0.0
2022-05,C2022Q2,T08,C2022Q2T08,7,VIC1-NSW1,VIC1,188,125,8529.23,0.0
2022-05,C2022Q3,T07,C2022Q3T07,7,NSW1-QLD1,NSW1,45,45,757.75,0.0
2022-05,C2022Q3,T07,C2022Q3T07,7,NSW1-QLD1,QLD1,174,102,13500.0,0.0
2022-05,C2022Q3,T07,C2022Q3T07,7,V-SA,SA1,118,64,5150.72,0.0
2022-05,C2022Q3,T07,C2022Q3T07,7,V-SA,VIC1,150,73,2387.0,0.0
2022-05,C2022Q3,T07,C2022Q3T07,7,VIC1-NSW1,NSW1,267,117,490.44,0.0
2022-05,C2022Q3,T07,C2022Q3T07,7,VIC1-NSW1,VIC1,223,125,9300.43,0.0
2022-05,C2022Q4,T06,C2022Q4T06,7,NSW1-QLD1,NSW1,55,55,1878.78,0.0
2022-05,C2022Q4,T06,C2022Q4T06,7,NSW1-QLD1,QLD1,225,105,10800.52,0.0
2022-05,C2022Q4,T06,C2022Q4T06,7,V-SA,SA1,107,64,5123.85,0.0
2022-05,C2022Q4,T06,C2022Q4T06,7,V-SA,VIC1,146,73,2962.68,0.0
2022-05,C2022Q4,T06,C2022Q4T06,7,VIC1-NSW1,NSW1,217,117,560.44,0.0
2022-05,C2022Q4,T06,C2022Q4T06,7,VIC1-NSW1,VIC1,208,125,10374.0,0.0
2022-05,C2023Q1,T05,C2023Q1T05,7,NSW1-QLD1,NSW1,55,45,3771.0,0.0
2022-05,C2023Q1,T05,C2023Q1T05,7,NSW1-QLD1,QLD1,130,103,13200.2,0.0
2022-05,C2023Q1,T05,C2023Q1T05,7,V-SA,SA1,92,73,5923.47,0.0
2022-05,C2023Q1,T05,C2023Q1T05,7,V-SA,VIC1,96,73,7628.0,0.0
2022-05,C2023Q1,T05,C2023Q1T05,7,VIC1-NSW1,NSW1,177,117,4320.0,0.0
2022-05,C2023Q1,T05,C2023Q1T05,7,VIC1-NSW1,VIC1,155,125,12513.58,0.0
2022-05,C2023Q2,T04,C2023Q2T04,7,NSW1-QLD1,NSW1,45,45,520.0,0.0
2022-05,C2023Q2,T04,C2023Q2T04,7,NSW1-QLD1,QLD1,140,102,15928.0,0.0
2022-05,C2023Q2,T04,C2023Q2T04,7,V-SA,SA1,85,64,3050.72,0.0
2022-05,C2023Q2,T04,C2023Q2T04,7,V-SA,VIC1,130,73,1801.0,0.0
2022-05,C2023Q2,T04,C2023Q2T04,7,VIC1-NSW1,NSW1,198,118,490.44,0.0
2022-05,C2023Q2,T04,C2023Q2T04,7,VIC1-NSW1,VIC1,160,125,9259.0,0.0
2022-05,C2023Q3,T03,C2023Q3T03,7,NSW1-QLD1,NSW1,45,45,501.0,0.0
2022-05,C2023Q3,T03,C2023Q3T03,7,NSW1-QLD1,QLD1,125,100,16230.0,0.0
2022-05,C2023Q3,T03,C2023Q3T03,7,V-SA,SA1,71,64,4300.72,0.0
2022-05,C2023Q3,T03,C2023Q3T03,7,V-SA,VIC1,90,73,1900.68,0.0
2022-05,C2023Q3,T03,C2023Q3T03,7,VIC1-NSW1,NSW1,173,118,501.23,0.0
2022-05,C2023Q3,T03,C2023Q3T03,7,VIC1-NSW1,VIC1,172,125,9680.0,0.0
2022-05,C2023Q4,T02,C2023Q4T02,7,NSW1-QLD1,NSW1,45,45,1501.0,0.0
2022-05,C2023Q4,T02,C2023Q4T02,7,NSW1-QLD1,QLD1,119,104,15459.87,0.0
2022-05,C2023Q4,T02,C2023Q4T02,7,V-SA,SA1,68,64,4204.0,0.0
2022-05,C2023Q4,T02,C2023Q4T02,7,V-SA,VIC1,77,73,2762.2,0.0
2022-05,C2023Q4,T02,C2023Q4T02,7,VIC1-NSW1,NSW1,141,111,587.25,0.0
2022-05,C2023Q4,T02,C2023Q4T02,7,VIC1-NSW1,VIC1,154,125,9570.43,0.0
2022-05,C2024Q1,T01,C2024Q1T01,7,NSW1-QLD1,NSW1,45,45,3591.0,0.0
2022-05,C2024Q1,T01,C2024Q1T01,7,NSW1-QLD1,QLD1,100,100,15267.0,0.0
2022-05,C2024Q1,T01,C2024Q1T01,7,V-SA,SA1,64,64,5154.0,0.0
2022-05,C2024Q1,T01,C2024Q1T01,7,V-SA,VIC1,73,73,6115.2,0.0
2022-05,C2024Q1,T01,C2024Q1T01,7,VIC1-NSW1,NSW1,108,108,4368.0,0.0
2022-05,C2024Q1,T01,C2024Q1T01,7,VIC1-NSW1,VIC1,125,125,12513.58,0.0
2022-05,C2021Q3,T12,C2021Q3T12,9,NSW1-QLD1,NSW1,105,55,2125.0,0.0
2022-05,C2021Q3,T12,C2021Q3T12,9,NSW1-QLD1,QLD1,252,134,10346.29,0.0
2022-05,C2021Q3,T12,C2021Q3T12,9,V-SA,SA1,134,66,4404.0,0.0
2022-05,C2021Q3,T12,C2021Q3T12,9,V-SA,VIC1,248,100,3500.0,0.0
2022-05,C2021Q3,T12,C2021Q3T12,9,VIC1-NSW1,NSW1,316,112,1006.0,0.0
2022-05,C2021Q3,T12,C2021Q3T12,9,VIC1-NSW1,VIC1,200,152,11396.0,0.0
2022-05,C2021Q4,T11,C2021Q4T11,9,NSW1-QLD1,NSW1,148,45,2218.0,0.0
2022-05,C2021Q4,T11,C2021Q4T11,9,NSW1-QLD1,QLD1,292,103,9780.23,0.0
2022-05,C2021Q4,T11,C2021Q4T11,9,V-SA,SA1,123,64,4816.92,0.0
2022-05,C2021Q4,T11,C2021Q4T11,9,V-SA,VIC1,134,86,5996.06,0.0
2022-05,C2021Q4,T11,C2021Q4T11,9,VIC1-NSW1,NSW1,168,108,754.0,0.0
2022-05,C2021Q4,T11,C2021Q4T11,9,VIC1-NSW1,VIC1,227,145,11721.25,0.0
2022-05,C2022Q1,T10,C2022Q1T10,9,NSW1-QLD1,NSW1,55,45,5267.0,0.0
2022-05,C2022Q1,T10,C2022Q1T10,9,NSW1-QLD1,QLD1,234,101,16460.75,0.0
2022-05,C2022Q1,T10,C2022Q1T10,9,V-SA,SA1,114,64,5707.0,0.0
2022-05,C2022Q1,T10,C2022Q1T10,9,V-SA,VIC1,103,73,8775.0,0.0
2022-05,C2023Q2,T05,C2023Q2T05,7,VIC1-NSW1,NSW1,281,108,652.0,0.0
2022-05,C2023Q2,T05,C2023Q2T05,7,VIC1-NSW1,VIC1,201,125,11878.0,0.0
2022-05,C2023Q3,T04,C2023Q3T04,7,NSW1-QLD1,NSW1,52,45,1226.0,0.0
2022-05,C2023Q3,T04,C2023Q3T04,7,NSW1-QLD1,QLD1,136,111,15300.29,0.0
2022-05,C2023Q3,T04,C2023Q3T04,7,V-SA,SA1,104,64,4014.0,0.0
2022-05,C2023Q3,T04,C2023Q3T04,7,V-SA,VIC1,83,73,4050.0,0.0
2022-05,C2023Q3,T04,C2023Q3T04,7,VIC1-NSW1,NSW1,188,108,675.39,0.0
2022-05,C2023Q3,T04,C2023Q3T04,7,VIC1-NSW1,VIC1,205,125,11712.8,0.0
2022-05,C2023Q4,T03,C2023Q4T03,7,NSW1-QLD1,NSW1,45,45,2476.65,0.0
2022-05,C2023Q4,T03,C2023Q4T03,7,NSW1-QLD1,QLD1,120,100,14572.8,0.0
2022-05,C2023Q4,T03,C2023Q4T03,7,V-SA,SA1,84,64,4247.0,0.0
2022-05,C2023Q4,T03,C2023Q4T03,7,V-SA,VIC1,76,73,4200.97,0.0
2022-05,C2023Q4,T03,C2023Q4T03,7,VIC1-NSW1,NSW1,128,108,744.75,0.0
2022-05,C2023Q4,T03,C2023Q4T03,7,VIC1-NSW1,VIC1,166,125,12750.0,0.0
2022-05,C2024Q1,T02,C2024Q1T02,7,NSW1-QLD1,NSW1,45,45,4962.58,0.0
2022-05,C2024Q1,T02,C2024Q1T02,7,NSW1-QLD1,QLD1,113,100,18007.0,0.0
2022-05,C2024Q1,T02,C2024Q1T02,7,V-SA,SA1,64,64,4504.0,0.0
2022-05,C2024Q1,T02,C2024Q1T02,7,V-SA,VIC1,73,73,7213.0,0.0
2022-05,C2024Q1,T02,C2024Q1T02,7,VIC1-NSW1,NSW1,108,108,4200.39,0.0
2022-05,C2024Q1,T02,C2024Q1T02,7,VIC1-NSW1,VIC1,133,125,15642.0,0.0
2022-05,C2024Q2,T01,C2024Q2T01,7,NSW1-QLD1,NSW1,45,45,1455.0,0.0
2022-05,C2024Q2,T01,C2024Q2T01,7,NSW1-QLD1,QLD1,100,100,15267.0,0.0
2022-05,C2024Q2,T01,C2024Q2T01,7,V-SA,SA1,64,64,3300.85,0.0
2022-05,C2024Q2,T01,C2024Q2T01,7,V-SA,VIC1,73,73,4086.47,0.0
2022-05,C2024Q2,T01,C2024Q2T01,7,VIC1-NSW1,NSW1,108,108,600.0,0.0
2022-05,C2024Q2,T01,C2024Q2T01,7,VIC1-NSW1,VIC1,125,125,11445.72,0.0
2022-05,C2021Q4,T12,C2021Q4T12,6,NSW1-QLD1,NSW1,87,55,5000.0,0.0
2022-05,C2021Q4,T12,C2021Q4T12,6,NSW1-QLD1,QLD1,275,100,8675.0,0.0
2022-05,C2021Q4,T12,C2021Q4T12,6,V-SA,SA1,90,66,5204.0,0.0
2022-05,C2021Q4,T12,C2021Q4T12,6,V-SA,VIC1,120,77,7001.0,0.0
2022-05,C2021Q4,T12,C2021Q4T12,6,VIC1-NSW1,NSW1,192,112,1004.0,0.0
2022-05,C2021Q4,T12,C2021Q4T12,6,VIC1-NSW1,VIC1,281,125,15500.0,0.0
2022-05,C2022Q1,T11,C2022Q1T11,6,NSW1-QLD1,NSW1,48,45,6584.0,0.0
2022-05,C2022Q1,T11,C2022Q1T11,6,NSW1-QLD1,QLD1,224,103,14560.59,0.0
2022-05,C2022Q1,T11,C2022Q1T11,6,V-SA,SA1,97,65,6277.7,0.0
2022-05,C2022Q1,T11,C2022Q1T11,6,V-SA,VIC1,96,74,10296.0,0.0
2022-05,C2022Q1,T11,C2022Q1T11,6,VIC1-NSW1,NSW1,226,128,4860.0,0.0
2022-05,C2022Q1,T11,C2022Q1T11,6,VIC1-NSW1,VIC1,267,144,17380.87,0.0
2022-05,C2022Q2,T10,C2022Q2T10,6,NSW1-QLD1,NSW1,45,45,2750.0,0.0
2022-05,C2022Q2,T10,C2022Q2T10,6,NSW1-QLD1,QLD1,187,100,13750.0,0.0
2022-05,C2022Q2,T10,C2022Q2T10,6,V-SA,SA1,90,64,3841.0,0.0
2022-05,C2022Q2,T10,C2022Q2T10,6,V-SA,VIC1,167,82,5171.02,0.0
2022-05,C2022Q2,T10,C2022Q2T10,6,VIC1-NSW1,NSW1,306,108,1204.0,0.0
2022-05,C2022Q2,T10,C2022Q2T10,6,VIC1-NSW1,VIC1,161,125,13750.0,0.0
2022-05,C2022Q3,T09,C2022Q3T09,6,NSW1-QLD1,NSW1,45,45,2439.06,0.0
2022-05,C2022Q3,T09,C2022Q3T09,6,NSW1-QLD1,QLD1,192,100,15250.0,0.0
2022-05,C2022Q3,T09,C2022Q3T09,6,V-SA,SA1,112,64,4763.0,0.0
2022-05,C2022Q3,T09,C2022Q3T09,6,V-SA,VIC1,125,73,6000.0,0.0
2022-05,C2022Q3,T09,C2022Q3T09,6,VIC1-NSW1,NSW1,272,108,1204.0,0.0
2022-05,C2022Q3,T09,C2022Q3T09,6,VIC1-NSW1,VIC1,201,125,13616.76,0.0
2022-05,C2022Q4,T08,C2022Q4T08,6,NSW1-QLD1,NSW1,45,45,4007.9,0.0
2022-05,C2022Q4,T08,C2022Q4T08,6,NSW1-QLD1,QLD1,201,100,12474.59,0.0
2022-05,C2022Q4,T08,C2022Q4T08,6,V-SA,SA1,85,64,5036.0,0.0
2022-05,C2022Q4,T08,C2022Q4T08,6,V-SA,VIC1,147,73,6731.0,0.0
2022-05,C2022Q4,T08,C2022Q4T08,6,VIC1-NSW1,NSW1,174,108,1078.0,0.0
2022-05,C2022Q4,T08,C2022Q4T08,6,VIC1-NSW1,VIC1,258,125,16782.7,0.0
2022-05,C2023Q1,T07,C2023Q1T07,6,NSW1-QLD1,NSW1,45,45,6133.29,0.0
2022-05,C2023Q1,T07,C2023Q1T07,6,NSW1-QLD1,QLD1,242,110,18000.0,0.0
2022-05,C2023Q1,T07,C2023Q1T07,6,V-SA,SA1,81,64,6000.0,0.0
2022-05,C2023Q1,T07,C2023Q1T07,6,V-SA,VIC1,98,74,10165.16,0.0
2022-05,C2023Q1,T07,C2023Q1T07,6,VIC1-NSW1,NSW1,118,108,4989.6,0.0
2022-05,C2023Q1,T07,C2023Q1T07,6,VIC1-NSW1,VIC1,202,130,19250.87,0.0
2022-05,C2023Q2,T06,C2023Q2T06,6,NSW1-QLD1,NSW1,47,45,2000.0,0.0
2022-05,C2023Q2,T06,C2023Q2T06,6,NSW1-QLD1,QLD1,157,100,17909.89,0.0
2022-05,C2023Q2,T06,C2023Q2T06,6,V-SA,SA1,133,64,3548.44,0.0
2022-05,C2023Q2,T06,C2023Q2T06,6,V-SA,VIC1,106,73,5460.0,0.0
2022-05,C2023Q2,T06,C2023Q2T06,6,VIC1-NSW1,NSW1,301,108,1004.0,0.0
2022-05,C2023Q2,T06,C2023Q2T06,6,VIC1-NSW1,VIC1,192,125,15441.4,0.0
2022-05,C2023Q3,T05,C2023Q3T05,6,NSW1-QLD1,NSW1,51,45,2000.0,0.0
2022-05,C2023Q3,T05,C2023Q3T05,6,NSW1-QLD1,QLD1,126,100,19125.36,0.0
2022-05,C2023Q3,T05,C2023Q3T05,6,V-SA,SA1,114,64,4080.9,0.0
2022-05,C2023Q3,T05,C2023Q3T05,6,V-SA,VIC1,96,73,5931.0,0.0
2022-05,C2023Q3,T05,C2023Q3T05,6,VIC1-NSW1,NSW1,154,108,1104.0,0.0
2022-05,C2023Q3,T05,C2023Q3T05,6,VIC1-NSW1,VIC1,191,125,15226.64,0.0
2022-05,C2023Q4,T04,C2023Q4T04,6,NSW1-QLD1,NSW1,45,45,3343.47,0.0
2022-05,C2023Q4,T04,C2023Q4T04,6,NSW1-QLD1,QLD1,120,100,16440.0,0.0
2022-05,C2023Q4,T04,C2023Q4T04,6,V-SA,SA1,90,64,4452.0,0.0
2022-05,C2023Q4,T04,C2023Q4T04,6,V-SA,VIC1,87,73,7728.0,0.0
2022-05,C2023Q4,T04,C2023Q4T04,6,VIC1-NSW1,NSW1,138,108,1170.0,0.0
2022-05,C2023Q4,T04,C2023Q4T04,6,VIC1-NSW1,VIC1,186,125,16575.0,0.0
2022-05,C2024Q1,T03,C2024Q1T03,6,NSW1-QLD1,NSW1,45,45,5458.84,0.0
2022-05,C2024Q1,T03,C2024Q1T03,6,NSW1-QLD1,QLD1,113,100,19807.7,0.0
2022-05,C2024Q1,T03,C2024Q1T03,6,V-SA,SA1,68,64,4754.0,0.0
2022-05,C2024Q1,T03,C2024Q1T03,6,V-SA,VIC1,85,73,9761.0,0.0
2022-05,C2024Q1,T03,C2024Q1T03,6,VIC1-NSW1,NSW1,114,108,4620.43,0.0
2022-05,C2024Q1,T03,C2024Q1T03,6,VIC1-NSW1,VIC1,133,133,20334.59,0.0
2022-05,C2024Q2,T02,C2024Q2T02,6,NSW1-QLD1,NSW1,45,45,2000.0,0.0
2022-05,C2024Q2,T02,C2024Q2T02,6,NSW1-QLD1,QLD1,100,100,20407.93,0.0
2022-05,C2024Q2,T02,C2024Q2T02,6,V-SA,SA1,82,64,3186.17,0.0
2022-05,C2024Q2,T02,C2024Q2T02,6,V-SA,VIC1,73,73,5460.0,0.0
2022-05,C2024Q2,T02,C2024Q2T02,6,VIC1-NSW1,NSW1,164,108,1004.0,0.0
2022-05,C2024Q2,T02,C2024Q2T02,6,VIC1-NSW1,VIC1,126,125,14879.43,0.0
2022-05,C2024Q3,T01,C2024Q3T01,6,NSW1-QLD1,NSW1,45,45,2000.0,0.0
2022-05,C2024Q3,T01,C2024Q3T01,6,NSW1-QLD1,QLD1,100,100,19125.36,0.0
2022-05,C2024Q3,T01,C2024Q3T01,6,V-SA,SA1,64,64,3746.4,0.0
2022-05,C2024Q3,T01,C2024Q3T01,6,V-SA,VIC1,73,73,6000.0,0.0
2022-05,C2024Q3,T01,C2024Q3T01,6,VIC1-NSW1,NSW1,108,108,1046.85,0.0
2022-05,C2024Q3,T01,C2024Q3T01,6,VIC1-NSW1,VIC1,125,125,15226.64,0.0
2022-05,C2022Q1,T12,C2022Q1T12,5,NSW1-QLD1,NSW1,94,60,12123.0,0.0
2022-05,C2022Q1,T12,C2022Q1T12,5,NSW1-QLD1,QLD1,329,106,10987.65,0.0
2022-05,C2022Q1,T12,C2022Q1T12,5,V-SA,SA1,111,84,6593.0,0.0
2022-05,C2022Q1,T12,C2022Q1T12,5,V-SA,VIC1,112,77,12500.0,0.0
2022-05,C2022Q1,T12,C2022Q1T12,5,VIC1-NSW1,NSW1,186,137,4320.0,0.0
2022-05,C2022Q1,T12,C2022Q1T12,5,VIC1-NSW1,VIC1,349,125,19422.49,0.0
2022-05,C2022Q2,T11,C2022Q2T11,5,NSW1-QLD1,NSW1,83,55,3906.0,0.0
2022-05,C2022Q2,T11,C2022Q2T11,5,NSW1-QLD1,QLD1,251,100,9350.0,0.0
2022-05,C2022Q2,T11,C2022Q2T11,5,V-SA,SA1,114,66,5192.0,0.0
2022-05,C2022Q2,T11,C2022Q2T11,5,V-SA,VIC1,133,73,7050.0,0.0
2022-05,C2022Q2,T11,C2022Q2T11,5,VIC1-NSW1,NSW1,317,151,1240.0,0.0
2022-05,C2022Q2,T11,C2022Q2T11,5,VIC1-NSW1,VIC1,223,145,15000.0,0.0
2022-05,C2022Q3,T10,C2022Q3T10,5,NSW1-QLD1,NSW1,83,55,2993.94,0.0
2022-05,C2022Q3,T10,C2022Q3T10,5,NSW1-QLD1,QLD1,278,114,12750.0,0.0
2022-05,C2022Q3,T10,C2022Q3T10,5,V-SA,SA1,136,79,5655.55,0.0
2022-05,C2022Q3,T10,C2022Q3T10,5,V-SA,VIC1,133,73,7533.33,0.0
2022-05,C2022Q3,T10,C2022Q3T10,5,VIC1-NSW1,NSW1,265,126,1385.2,0.0
2022-05,C2022Q3,T10,C2022Q3T10,5,VIC1-NSW1,VIC1,263,131,13000.0,0.0
2022-05,C2022Q4,T09,C2022Q4T09,5,NSW1-QLD1,NSW1,73,45,6000.0,0.0
2022-05,C2022Q4,T09,C2022Q4T09,5,NSW1-QLD1,QLD1,285,100,9445.0,0.0
2022-05,C2022Q4,T09,C2022Q4T09,5,V-SA,SA1,108,64,6132.43,0.0
2022-05,C2022Q4,T09,C2022Q4T09,5,V-SA,VIC1,153,73,7940.85,0.0
2022-05,C2022Q4,T09,C2022Q4T09,5,VIC1-NSW1,NSW1,174,108,1200.0,0.0
2022-05,C2022Q4,T09,C2022Q4T09,5,VIC1-NSW1,VIC1,261,128,19024.49,0.0
2022-05,C2023Q1,T08,C2023Q1T08,5,NSW1-QLD1,NSW1,73,45,7800.94,0.0
2022-05,C2023Q1,T08,C2023Q1T08,5,NSW1-QLD1,QLD1,271,105,15164.59,0.0
2022-05,C2023Q1,T08,C2023Q1T08,5,V-SA,SA1,87,77,6603.0,0.0
2022-05,C2023Q1,T08,C2023Q1T08,5,V-SA,VIC1,104,73,13365.0,0.0
2022-05,C2023Q1,T08,C2023Q1T08,5,VIC1-NSW1,NSW1,153,110,4551.0,0.0
2022-05,C2023Q1,T08,C2023Q1T08,5,VIC1-NSW1,VIC1,165,125,21175.95,0.0
2022-05,C2023Q2,T07,C2023Q2T07,5,NSW1-QLD1,NSW1,71,45,2410.0,0.0
2022-05,C2023Q1,T07,C2023Q1T07,5,V-SA,VIC1,98,74,10165.16,0.0
2022-05,C2023Q1,T07,C2023Q1T07,5,VIC1-NSW1,NSW1,118,108,4989.6,0.0
2022-05,C2023Q1,T07,C2023Q1T07,5,VIC1-NSW1,VIC1,202,130,19250.87,0.0
2022-05,C2023Q2,T06,C2023Q2T06,5,NSW1-QLD1,NSW1,47,45,2000.0,0.0
2022-05,C2023Q2,T06,C2023Q2T06,5,NSW1-QLD1,QLD1,157,100,17909.89,0.0
2022-05,C2023Q2,T06,C2023Q2T06,5,V-SA,SA1,133,64,3548.44,0.0
2022-05,C2023Q2,T06,C2023Q2T06,5,V-SA,VIC1,106,73,5460.0,0.0
2022-05,C2023Q2,T06,C2023Q2T06,5,VIC1-NSW1,NSW1,301,108,1004.0,0.0
2022-05,C2023Q2,T06,C2023Q2T06,5,VIC1-NSW1,VIC1,192,125,15441.4,0.0
2022-05,C2023Q3,T05,C2023Q3T05,5,NSW1-QLD1,NSW1,51,45,2000.0,0.0
2022-05,C2023Q3,T05,C2023Q3T05,5,NSW1-QLD1,QLD1,126,100,19125.36,0.0
2022-05,C2023Q3,T05,C2023Q3T05,5,V-SA,SA1,114,64,4080.9,0.0
2022-05,C2023Q3,T05,C2023Q3T05,5,V-SA,VIC1,96,73,5931.0,0.0
2022-05,C2023Q3,T05,C2023Q3T05,5,VIC1-NSW1,NSW1,154,108,1104.0,0.0
2022-05,C2023Q3,T05,C2023Q3T05,5,VIC1-NSW1,VIC1,191,125,15226.64,0.0
2022-05,C2023Q4,T04,C2023Q4T04,5,NSW1-QLD1,NSW1,45,45,3343.47,0.0
2022-05,C2023Q4,T04,C2023Q4T04,5,NSW1-QLD1,QLD1,120,100,16440.0,0.0
2022-05,C2023Q4,T04,C2023Q4T04,5,V-SA,SA1,90,64,4452.0,0.0
2022-05,C2023Q4,T04,C2023Q4T04,5,V-SA,VIC1,87,73,7728.0,0.0
2022-05,C2023Q4,T04,C2023Q4T04,5,VIC1-NSW1,NSW1,138,108,1170.0,0.0
2022-05,C2023Q4,T04,C2023Q4T04,5,VIC1-NSW1,VIC1,186,125,16575.0,0.0
2022-05,C2024Q1,T03,C2024Q1T03,5,NSW1-QLD1,NSW1,45,45,5458.84,0.0
2022-05,C2024Q1,T03,C2024Q1T03,5,NSW1-QLD1,QLD1,113,100,19807.7,0.0
2022-05,C2024Q1,T03,C2024Q1T03,5,V-SA,SA1,68,64,4754.0,0.0
2022-05,C2024Q1,T03,C2024Q1T03,5,V-SA,VIC1,85,73,9761.0,0.0
2022-05,C2024Q1,T03,C2024Q1T03,5,VIC1-NSW1,NSW1,114,108,4620.43,0.0
2022-05,C2024Q1,T03,C2024Q1T03,5,VIC1-NSW1,VIC1,133,133,20334.59,0.0
2022-05,C2024Q2,T02,C2024Q2T02,5,NSW1-QLD1,NSW1,45,45,2000.0,0.0
2022-05,C2024Q2,T02,C2024Q2T02,5,NSW1-QLD1,QLD1,100,100,20407.93,0.0
2022-05,C2024Q2,T02,C2024Q2T02,5,V-SA,SA1,82,64,3186.17,0.0
2022-05,C2024Q2,T02,C2024Q2T02,5,V-SA,VIC1,73,73,5460.0,0.0
2022-05,C2024Q2,T02,C2024Q2T02,5,VIC1-NSW1,NSW1,164,108,1004.0,0.0
2022-05,C2024Q2,T02,C2024Q2T02,5,VIC1-NSW1,VIC1,126,125,14879.43,0.0
2022-05,C2024Q3,T01,C2024Q3T01,5,NSW1-QLD1,NSW1,45,45,2000.0,0.0
2022-05,C2024Q3,T01,C2024Q3T01,5,NSW1-QLD1,QLD1,100,100,19125.36,0.0
2022-05,C2024Q3,T01,C2024Q3T01,5,V-SA,SA1,64,64,3746.4,0.0
2022-05,C2024Q3,T01,C2024Q3T01,5,V-SA,VIC1,73,73,6000.0,0.0
2022-05,C2024Q3,T01,C2024Q3T01,5,VIC1-NSW1,NSW1,108,108,1046.85,0.0
2022-05,C2024Q3,T01,C2024Q3T01,5,VIC1-NSW1,VIC1,125,125,15226.64,0.0
2022-05,C2022Q1,T12,C2022Q1T12,4,NSW1-QLD1,NSW1,94,60,12123.0,0.0
2022-05,C2022Q1,T12,C2022Q1T12,4,NSW1-QLD1,QLD1,329,106,10987.65,0.0
2022-05,C2022Q1,T12,C2022Q1T12,4,V-SA,SA1,111,84,6593.0,0.0
2022-05,C2022Q1,T12,C2022Q1T12,4,V-SA,VIC1,112,77,12500.0,0.0
2022-05,C2022Q1,T12,C2022Q1T12,4,VIC1-NSW1,NSW1,186,137,4320.0,0.0
2022-05,C2022Q1,T12,C2022Q1T12,4,VIC1-NSW1,VIC1,349,125,19422.49,0.0
2022-05,C2022Q2,T11,C2022Q2T11,4,NSW1-QLD1,NSW1,83,55,3906.0,0.0
2022-05,C2022Q2,T11,C2022Q2T11,4,NSW1-QLD1,QLD1,251,100,9350.0,0.0
2022-05,C2022Q2,T11,C2022Q2T11,4,V-SA,SA1,114,66,5192.0,0.0
2022-05,C2022Q2,T11,C2022Q2T11,4,V-SA,VIC1,133,73,7050.0,0.0
2022-05,C2022Q2,T11,C2022Q2T11,4,VIC1-NSW1,NSW1,317,151,1240.0,0.0
2022-05,C2022Q2,T11,C2022Q2T11,4,VIC1-NSW1,VIC1,223,145,15000.0,0.0
2022-05,C2022Q3,T10,C2022Q3T10,4,NSW1-QLD1,NSW1,83,55,2993.94,0.0
2022-05,C2022Q3,T10,C2022Q3T10,4,NSW1-QLD1,QLD1,278,114,12750.0,0.0
2022-05,C2022Q3,T10,C2022Q3T10,4,V-SA,SA1,136,79,5655.55,0.0
2022-05,C2022Q3,T10,C2022Q3T10,4,V-SA,VIC1,133,73,7533.33,0.0
2022-05,C2022Q3,T10,C2022Q3T10,4,VIC1-NSW1,NSW1,265,126,1385.2,0.0
2022-05,C2022Q3,T10,C2022Q3T10,4,VIC1-NSW1,VIC1,263,131,13000.0,0.0
2022-05,C2022Q4,T09,C2022Q4T09,4,NSW1-QLD1,NSW1,73,45,6000.0,0.0
2022-05,C2022Q4,T09,C2022Q4T09,4,NSW1-QLD1,QLD1,285,100,9445.0,0.0
2022-05,C2022Q4,T09,C2022Q4T09,4,V-SA,SA1,108,64,6132.43,0.0
2022-05,C2022Q4,T09,C2022Q4T09,4,V-SA,VIC1,153,73,7940.85,0.0
2022-05,C2022Q4,T09,C2022Q4T09,4,VIC1-NSW1,NSW1,174,108,1200.0,0.0
2022-05,C2022Q4,T09,C2022Q4T09,4,VIC1-NSW1,VIC1,261,128,19024.49,0.0
2022-05,C2023Q1,T08,C2023Q1T08,4,NSW1-QLD1,NSW1,73,45,7800.94,0.0
2022-05,C2023Q1,T08,C2023Q1T08,4,NSW1-QLD1,QLD1,271,105,15164.59,0.0
2022-05,C2023Q1,T08,C2023Q1T08,4,V-SA,SA1,87,77,6603.0,0.0
2022-05,C2023Q1,T08,C2023Q1T08,4,V-SA,VIC1,104,73,13365.0,0.0
2022-05,C2023Q1,T08,C2023Q1T08,4,VIC1-NSW1,NSW1,153,110,4551.0,0.0
2022-05,C2023Q1,T08,C2023Q1T08,4,VIC1-NSW1,VIC1,165,125,21175.95,0.0
2022-05,C2023Q2,T07,C2023Q2T07,4,NSW1-QLD1,NSW1,71,45,2410.0,0.0
2022-05,C2023Q2,T07,C2023Q2T07,4,NSW1-QLD1,QLD1,220,100,17015.0,0.0
2022-05,C2023Q2,T07,C2023Q2T07,4,V-SA,SA1,129,86,4403.0,0.0
2022-05,C2023Q2,T07,C2023Q2T07,4,V-SA,VIC1,113,73,6606.6,0.0
2022-05,C2023Q2,T07,C2023Q2T07,4,VIC1-NSW1,NSW1,188,108,1104.4,0.0
2022-05,C2023Q2,T07,C2023Q2T07,4,VIC1-NSW1,VIC1,223,125,15820.49,0.0
2022-05,C2023Q3,T06,C2023Q3T06,4,NSW1-QLD1,NSW1,75,45,2400.0,0.0
2022-05,C2023Q3,T06,C2023Q3T06,4,NSW1-QLD1,QLD1,170,100,18260.0,0.0
2022-05,C2023Q3,T06,C2023Q3T06,4,V-SA,SA1,118,72,5000.0,0.0
2022-05,C2023Q3,T06,C2023Q3T06,4,V-SA,VIC1,103,73,7500.0,0.0
2022-05,C2023Q3,T06,C2023Q3T06,4,VIC1-NSW1,NSW1,175,108,1106.0,0.0
2022-05,C2023Q3,T06,C2023Q3T06,4,VIC1-NSW1,VIC1,203,125,15590.49,0.0
2022-05,C2023Q4,T05,C2023Q4T05,4,NSW1-QLD1,NSW1,65,45,5349.55,0.0
2022-05,C2023Q4,T05,C2023Q4T05,4,NSW1-QLD1,QLD1,194,100,12500.0,0.0
2022-05,C2023Q4,T05,C2023Q4T05,4,V-SA,SA1,111,64,5500.0,0.0
2022-05,C2023Q4,T05,C2023Q4T05,4,V-SA,VIC1,88,73,8500.79,0.0
2022-05,C2023Q4,T05,C2023Q4T05,4,VIC1-NSW1,NSW1,158,108,1277.0,0.0
2022-05,C2023Q4,T05,C2023Q4T05,4,VIC1-NSW1,VIC1,195,125,18232.5,0.0
2022-05,C2024Q1,T04,C2024Q1T04,4,NSW1-QLD1,NSW1,45,45,7162.96,0.0
2022-05,C2024Q1,T04,C2024Q1T04,4,NSW1-QLD1,QLD1,134,101,20748.0,0.0
2022-05,C2024Q1,T04,C2024Q1T04,4,V-SA,SA1,64,64,6893.3,0.0
2022-05,C2024Q1,T04,C2024Q1T04,4,V-SA,VIC1,90,73,15000.0,0.0
2022-05,C2024Q1,T04,C2024Q1T04,4,VIC1-NSW1,NSW1,124,115,4370.2,0.0
2022-05,C2024Q1,T04,C2024Q1T04,4,VIC1-NSW1,VIC1,145,125,22368.05,0.0
2022-05,C2024Q2,T03,C2024Q2T03,4,NSW1-QLD1,NSW1,45,45,2579.0,0.0
2022-05,C2024Q2,T03,C2024Q2T03,4,NSW1-QLD1,QLD1,100,100,20748.0,0.0
2022-05,C2024Q2,T03,C2024Q2T03,4,V-SA,SA1,79,70,4462.18,0.0
2022-05,C2024Q2,T03,C2024Q2T03,4,V-SA,VIC1,73,73,7500.0,0.0
2022-05,C2024Q2,T03,C2024Q2T03,4,VIC1-NSW1,NSW1,138,108,1048.0,0.0
2022-05,C2024Q2,T03,C2024Q2T03,4,VIC1-NSW1,VIC1,125,125,14742.0,0.0
2022-05,C2024Q3,T02,C2024Q3T02,4,NSW1-QLD1,NSW1,45,45,2400.0,0.0
2022-05,C2024Q3,T02,C2024Q3T02,4,NSW1-QLD1,QLD1,100,100,19126.0,0.0
2022-05,C2024Q3,T02,C2024Q3T02,4,V-SA,SA1,78,75,5352.18,0.0
2022-05,C2024Q3,T02,C2024Q3T02,4,V-SA,VIC1,73,73,7500.0,0.0
2022-05,C2024Q3,T02,C2024Q3T02,4,VIC1-NSW1,NSW1,108,108,1058.0,0.0
2022-05,C2024Q3,T02,C2024Q3T02,4,VIC1-NSW1,VIC1,125,125,15002.0,0.0
2022-05,C2024Q4,T01,C2024Q4T01,4,NSW1-QLD1,NSW1,45,45,5006.08,0.0
2022-05,C2024Q4,T01,C2024Q4T01,4,NSW1-QLD1,QLD1,100,100,12909.44,0.0
2022-05,C2024Q4,T01,C2024Q4T01,4,V-SA,SA1,64,64,5561.0,0.0
2022-05,C2024Q4,T01,C2024Q4T01,4,V-SA,VIC1,73,73,8675.28,0.0
2022-05,C2024Q4,T01,C2024Q4T01,4,VIC1-NSW1,NSW1,108,108,1287.0,0.0
2022-05,C2024Q4,T01,C2024Q4T01,4,VIC1-NSW1,VIC1,125,125,17050.0,0.0
2022-05,C2022Q2,T12,C2022Q2T12,5,NSW1-QLD1,NSW1,127,100,4537.55,0.0
2022-05,C2022Q2,T12,C2022Q2T12,5,NSW1-QLD1,QLD1,207,100,7637.0,0.0
2022-05,C2022Q2,T12,C2022Q2T12,5,V-SA,SA1,106,66,4487.0,0.0
2022-05,C2022Q2,T12,C2022Q2T12,5,V-SA,VIC1,133,83,13539.0,0.0
2022-05,C2022Q2,T12,C2022Q2T12,5,VIC1-NSW1,NSW1,278,112,910.0,0.0
2022-05,C2022Q2,T12,C2022Q2T12,5,VIC1-NSW1,VIC1,225,125,19978.0,0.0
2022-05,C2022Q3,T11,C2022Q3T11,5,NSW1-QLD1,NSW1,84,60,4061.82,0.0
2022-05,C2022Q3,T11,C2022Q3T11,5,NSW1-QLD1,QLD1,244,100,13330.09,0.0
2022-05,C2022Q3,T11,C2022Q3T11,5,V-SA,SA1,113,64,5500.0,0.0
2022-05,C2022Q3,T11,C2022Q3T11,5,V-SA,VIC1,128,73,10000.0,0.0
2022-05,C2022Q3,T11,C2022Q3T11,5,VIC1-NSW1,NSW1,265,108,1198.0,0.0
2022-05,C2022Q3,T11,C2022Q3T11,5,VIC1-NSW1,VIC1,250,135,19272.0,0.0
2022-05,C2022Q4,T10,C2022Q4T10,5,NSW1-QLD1,NSW1,64,45,9300.0,0.0
2022-05,C2022Q4,T10,C2022Q4T10,5,NSW1-QLD1,QLD1,275,100,10925.0,0.0
2022-05,C2022Q4,T10,C2022Q4T10,5,V-SA,SA1,100,64,6046.0,0.0
2022-05,C2022Q4,T10,C2022Q4T10,5,V-SA,VIC1,158,73,10170.83,0.0
2022-05,C2022Q4,T10,C2022Q4T10,5,VIC1-NSW1,NSW1,174,112,1380.0,0.0
2022-05,C2022Q4,T10,C2022Q4T10,5,VIC1-NSW1,VIC1,268,135,24731.84,0.0
2022-05,C2023Q1,T09,C2023Q1T09,5,NSW1-QLD1,NSW1,64,48,15202.0,0.0
2022-05,C2023Q3,T04,C2023Q3T04,4,VIC1-NSW1,NSW1,188,108,675.39,0.0
2022-05,C2023Q3,T04,C2023Q3T04,4,VIC1-NSW1,VIC1,205,125,11712.8,0.0
2022-05,C2023Q4,T03,C2023Q4T03,4,NSW1-QLD1,NSW1,45,45,2476.65,0.0
2022-05,C2023Q4,T03,C2023Q4T03,4,NSW1-QLD1,QLD1,120,100,14572.8,0.0
2022-05,C2023Q4,T03,C2023Q4T03,4,V-SA,SA1,84,64,4247.0,0.0
2022-05,C2023Q4,T03,C2023Q4T03,4,V-SA,VIC1,76,73,4200.97,0.0
2022-05,C2023Q4,T03,C2023Q4T03,4,VIC1-NSW1,NSW1,128,108,744.75,0.0
2022-05,C2023Q4,T03,C2023Q4T03,4,VIC1-NSW1,VIC1,166,125,12750.0,0.0
2022-05,C2024Q1,T02,C2024Q1T02,4,NSW1-QLD1,NSW1,45,45,4962.58,0.0
2022-05,C2024Q1,T02,C2024Q1T02,4,NSW1-QLD1,QLD1,113,100,18007.0,0.0
2022-05,C2024Q1,T02,C2024Q1T02,4,V-SA,SA1,64,64,4504.0,0.0
2022-05,C2024Q1,T02,C2024Q1T02,4,V-SA,VIC1,73,73,7213.0,0.0
2022-05,C2024Q1,T02,C2024Q1T02,4,VIC1-NSW1,NSW1,108,108,4200.39,0.0
2022-05,C2024Q1,T02,C2024Q1T02,4,VIC1-NSW1,VIC1,133,125,15642.0,0.0
2022-05,C2024Q2,T01,C2024Q2T01,4,NSW1-QLD1,NSW1,45,45,1455.0,0.0
2022-05,C2024Q2,T01,C2024Q2T01,4,NSW1-QLD1,QLD1,100,100,15267.0,0.0
2022-05,C2024Q2,T01,C2024Q2T01,4,V-SA,SA1,64,64,3300.85,0.0
2022-05,C2024Q2,T01,C2024Q2T01,4,V-SA,VIC1,73,73,4086.47,0.0
2022-05,C2024Q2,T01,C2024Q2T01,4,VIC1-NSW1,NSW1,108,108,600.0,0.0
2022-05,C2024Q2,T01,C2024Q2T01,4,VIC1-NSW1,VIC1,125,125,11445.72,0.0
2022-05,C2023Q2,T04,C2023Q2T04,8,VIC1-NSW1,VIC1,160,125,9259.0,0.0
2022-05,C2023Q3,T03,C2023Q3T03,8,NSW1-QLD1,NSW1,45,45,501.0,0.0
2022-05,C2023Q3,T03,C2023Q3T03,8,NSW1-QLD1,QLD1,125,100,16230.0,0.0
2022-05,C2023Q3,T03,C2023Q3T03,8,V-SA,SA1,71,64,4300.72,0.0
2022-05,C2023Q3,T03,C2023Q3T03,8,V-SA,VIC1,90,73,1900.68,0.0
2022-05,C2023Q3,T03,C2023Q3T03,8,VIC1-NSW1,NSW1,173,118,501.23,0.0
2022-05,C2023Q3,T03,C2023Q3T03,8,VIC1-NSW1,VIC1,172,125,9680.0,0.0
2022-05,C2023Q4,T02,C2023Q4T02,8,NSW1-QLD1,NSW1,45,45,1501.0,0.0
2022-05,C2023Q4,T02,C2023Q4T02,8,NSW1-QLD1,QLD1,119,104,15459.87,0.0
2022-05,C2023Q4,T02,C2023Q4T02,8,V-SA,SA1,68,64,4204.0,0.0
2022-05,C2023Q4,T02,C2023Q4T02,8,V-SA,VIC1,77,73,2762.2,0.0
2022-05,C2023Q4,T02,C2023Q4T02,8,VIC1-NSW1,NSW1,141,111,587.25,0.0
2022-05,C2023Q4,T02,C2023Q4T02,8,VIC1-NSW1,VIC1,154,125,9570.43,0.0
2022-05,C2024Q1,T01,C2024Q1T01,8,NSW1-QLD1,NSW1,45,45,3591.0,0.0
2022-05,C2024Q1,T01,C2024Q1T01,8,NSW1-QLD1,QLD1,100,100,15267.0,0.0
2022-05,C2024Q1,T01,C2024Q1T01,8,V-SA,SA1,64,64,5154.0,0.0
2022-05,C2024Q1,T01,C2024Q1T01,8,V-SA,VIC1,73,73,6115.2,0.0
2022-05,C2024Q1,T01,C2024Q1T01,8,VIC1-NSW1,NSW1,108,108,4368.0,0.0
2022-05,C2024Q1,T01,C2024Q1T01,8,VIC1-NSW1,VIC1,125,125,12513.58,0.0
2022-05,C2021Q3,T12,C2021Q3T12,11,NSW1-QLD1,NSW1,105,55,2125.0,0.0
2022-05,C2021Q3,T12,C2021Q3T12,11,NSW1-QLD1,QLD1,252,134,10346.29,0.0
2022-05,C2021Q3,T12,C2021Q3T12,11,V-SA,SA1,134,66,4404.0,0.0
2022-05,C2021Q3,T12,C2021Q3T12,11,V-SA,VIC1,248,100,3500.0,0.0
2022-05,C2021Q3,T12,C2021Q3T12,11,VIC1-NSW1,NSW1,316,112,1006.0,0.0
2022-05,C2021Q3,T12,C2021Q3T12,11,VIC1-NSW1,VIC1,200,152,11396.0,0.0
2022-05,C2021Q4,T11,C2021Q4T11,11,NSW1-QLD1,NSW1,148,45,2218.0,0.0
2022-05,C2021Q4,T11,C2021Q4T11,11,NSW1-QLD1,QLD1,292,103,9780.23,0.0
2022-05,C2021Q4,T11,C2021Q4T11,11,V-SA,SA1,123,64,4816.92,0.0
2022-05,C2021Q4,T11,C2021Q4T11,11,V-SA,VIC1,134,86,5996.06,0.0
2022-05,C2021Q4,T11,C2021Q4T11,11,VIC1-NSW1,NSW1,168,108,754.0,0.0
2022-05,C2021Q4,T11,C2021Q4T11,11,VIC1-NSW1,VIC1,227,145,11721.25,0.0
2022-05,C2022Q1,T10,C2022Q1T10,11,NSW1-QLD1,NSW1,55,45,5267.0,0.0
2022-05,C2022Q1,T10,C2022Q1T10,11,NSW1-QLD1,QLD1,234,101,16460.75,0.0
2022-05,C2022Q1,T10,C2022Q1T10,11,V-SA,SA1,114,64,5707.0,0.0
2022-05,C2022Q1,T10,C2022Q1T10,11,V-SA,VIC1,103,73,8775.0,0.0
2022-05,C2022Q1,T10,C2022Q1T10,11,VIC1-NSW1,NSW1,176,108,5028.0,0.0
2022-05,C2022Q1,T10,C2022Q1T10,11,VIC1-NSW1,VIC1,301,125,15434.0,0.0
2022-05,C2022Q2,T09,C2022Q2T09,11,NSW1-QLD1,NSW1,110,45,1814.0,0.0
2022-05,C2022Q2,T09,C2022Q2T09,11,NSW1-QLD1,QLD1,192,120,11340.0,0.0
2022-05,C2022Q2,T09,C2022Q2T09,11,V-SA,SA1,108,64,3456.67,0.0
2022-05,C2022Q2,T09,C2022Q2T09,11,V-SA,VIC1,177,91,4700.93,0.0
2022-05,C2022Q2,T09,C2022Q2T09,11,VIC1-NSW1,NSW1,308,108,750.39,0.0
2022-05,C2022Q2,T09,C2022Q2T09,11,VIC1-NSW1,VIC1,175,138,11258.58,0.0
2022-05,C2022Q3,T08,C2022Q3T08,11,NSW1-QLD1,NSW1,80,45,1626.04,0.0
2022-05,C2022Q3,T08,C2022Q3T08,11,NSW1-QLD1,QLD1,195,101,13635.0,0.0
2022-05,C2022Q3,T08,C2022Q3T08,11,V-SA,SA1,130,64,4404.0,0.0
2022-05,C2022Q3,T08,C2022Q3T08,11,V-SA,VIC1,147,83,4774.0,0.0
2022-05,C2022Q3,T08,C2022Q3T08,11,VIC1-NSW1,NSW1,271,108,675.39,0.0
2022-05,C2022Q3,T08,C2022Q3T08,11,VIC1-NSW1,VIC1,219,125,11253.52,0.0
2022-05,C2022Q4,T07,C2022Q4T07,11,NSW1-QLD1,NSW1,55,45,2818.17,0.0
2022-05,C2022Q4,T07,C2022Q4T07,11,NSW1-QLD1,QLD1,236,101,11340.54,0.0
2022-05,C2022Q4,T07,C2022Q4T07,11,V-SA,SA1,105,64,4558.0,0.0
2022-05,C2022Q4,T07,C2022Q4T07,11,V-SA,VIC1,145,78,5961.6,0.0
2022-05,C2022Q4,T07,C2022Q4T07,11,VIC1-NSW1,NSW1,181,108,750.39,0.0
2022-05,C2022Q4,T07,C2022Q4T07,11,VIC1-NSW1,VIC1,217,125,13870.0,0.0
2022-05,C2023Q1,T06,C2023Q1T06,11,NSW1-QLD1,NSW1,55,45,5111.08,0.0
2022-05,C2023Q1,T06,C2023Q1T06,11,NSW1-QLD1,QLD1,248,100,16688.0,0.0
2022-05,C2023Q1,T06,C2023Q1T06,11,V-SA,SA1,87,64,5404.0,0.0
2022-05,C2023Q1,T06,C2023Q1T06,11,V-SA,VIC1,87,73,8400.96,0.0
2022-05,C2023Q1,T06,C2023Q1T06,11,VIC1-NSW1,NSW1,113,108,4752.0,0.0
2022-05,C2023Q1,T06,C2023Q1T06,11,VIC1-NSW1,VIC1,160,125,15641.97,0.0
2022-05,C2023Q2,T05,C2023Q2T05,11,NSW1-QLD1,NSW1,52,45,1205.0,0.0
2022-05,C2023Q2,T05,C2023Q2T05,11,NSW1-QLD1,QLD1,165,100,14906.89,0.0
2022-05,C2023Q2,T05,C2023Q2T05,11,V-SA,SA1,118,64,3225.85,0.0
2022-05,C2023Q2,T05,C2023Q2T05,11,V-SA,VIC1,117,79,3675.94,0.0
2022-05,C2023Q2,T05,C2023Q2T05,11,VIC1-NSW1,NSW1,281,108,652.0,0.0
2022-05,C2023Q2,T05,C2023Q2T05,11,VIC1-NSW1,VIC1,201,125,11878.0,0.0
2022-05,C2023Q3,T04,C2023Q3T04,11,NSW1-QLD1,NSW1,52,45,1226.0,0.0
2022-05,C2023Q3,T04,C2023Q3T04,11,NSW1-QLD1,QLD1,136,111,15300.29,0.0
2022-05,C2023Q3,T04,C2023Q3T04,11,V-SA,SA1,104,64,4014.0,0.0
2022-05,C2023Q3,T04,C2023Q3T04,11,V-SA,VIC1,83,73,4050.0,0.0
2022-05,C2023Q3,T04,C2023Q3T04,11,VIC1-NSW1,NSW1,188,108,675.39,0.0
2022-05,C2023Q3,T04,C2023Q3T04,11,VIC1-NSW1,VIC1,205,125,11712.8,0.0
2022-05,C2023Q4,T03,C2023Q4T03,11,NSW1-QLD1,NSW1,45,45,2476.65,0.0
2022-05,C2023Q4,T03,C2023Q4T03,11,NSW1-QLD1,QLD1,120,100,14572.8,0.0
2022-05,C2023Q4,T03,C2023Q4T03,11,V-SA,SA1,84,64,4247.0,0.0
2022-05,C2023Q4,T03,C2023Q4T03,11,V-SA,VIC1,76,73,4200.97,0.0
2022-05,C2023Q4,T03,C2023Q4T03,11,VIC1-NSW1,NSW1,128,108,744.75,0.0
2022-05,C2023Q4,T03,C2023Q4T03,11,VIC1-NSW1,VIC1,166,125,12750.0,0.0
2022-05,C2024Q1,T02,C2024Q1T02,11,NSW1-QLD1,NSW1,45,45,4962.58,0.0
2022-05,C2024Q1,T02,C2024Q1T02,11,NSW1-QLD1,QLD1,113,100,18007.0,0.0
2022-05,C2024Q1,T02,C2024Q1T02,11,V-SA,SA1,64,64,4504.0,0.0
2022-05,C2024Q1,T02,C2024Q1T02,11,V-SA,VIC1,73,73,7213.0,0.0
2022-05,C2024Q1,T02,C2024Q1T02,11,VIC1-NSW1,NSW1,108,108,4200.39,0.0
2022-05,C2024Q1,T02,C2024Q1T02,11,VIC1-NSW1,VIC1,133,125,15642.0,0.0
2022-05,C2024Q2,T01,C2024Q2T01,11,NSW1-QLD1,NSW1,45,45,1455.0,0.0
2022-05,C2024Q2,T01,C2024Q2T01,11,NSW1-QLD1,QLD1,100,100,15267.0,0.0
2022-05,C2024Q2,T01,C2024Q2T01,11,V-SA,SA1,64,64,3300.85,0.0
2022-05,C2024Q2,T01,C2024Q2T01,11,V-SA,VIC1,73,73,4086.47,0.0
2022-05,C2024Q2,T01,C2024Q2T01,11,VIC1-NSW1,NSW1,108,108,600.0,0.0
2022-05,C2024Q2,T01,C2024Q2T01,11,VIC1-NSW1,VIC1,125,125,11445.72,0.0
2022-05,C2021Q4,T12,C2021Q4T12,10,NSW1-QLD1,NSW1,87,55,5000.0,0.0
2022-05,C2021Q4,T12,C2021Q4T12,10,NSW1-QLD1,QLD1,275,100,8675.0,0.0
2022-05,C2021Q4,T12,C2021Q4T12,10,V-SA,SA1,90,66,5204.0,0.0
2022-05,C2021Q4,T12,C2021Q4T12,10,V-SA,VIC1,120,77,7001.0,0.0
2022-05,C2021Q4,T12,C2021Q4T12,10,VIC1-NSW1,NSW1,192,112,1004.0,0.0
2022-05,C2021Q4,T12,C2021Q4T12,10,VIC1-NSW1,VIC1,281,125,15500.0,0.0
2022-05,C2022Q1,T11,C2022Q1T11,10,NSW1-QLD1,NSW1,48,45,6584.0,0.0
2022-05,C2022Q1,T11,C2022Q1T11,10,NSW1-QLD1,QLD1,224,103,14560.59,0.0
2022-05,C2022Q1,T11,C2022Q1T11,10,V-SA,SA1,97,65,6277.7,0.0
2022-05,C2022Q1,T11,C2022Q1T11,10,V-SA,VIC1,96,74,10296.0,0.0
2022-05,C2022Q1,T11,C2022Q1T11,10,VIC1-NSW1,NSW1,226,128,4860.0,0.0
2022-05,C2022Q1,T11,C2022Q1T11,10,VIC1-NSW1,VIC1,267,144,17380.87,0.0
2022-05,C2022Q2,T10,C2022Q2T10,10,NSW1-QLD1,NSW1,45,45,2750.0,0.0
2022-05,C2022Q2,T10,C2022Q2T10,10,NSW1-QLD1,QLD1,187,100,13750.0,0.0
2022-05,C2022Q2,T10,C2022Q2T10,10,V-SA,SA1,90,64,3841.0,0.0
2022-05,C2022Q2,T10,C2022Q2T10,10,V-SA,VIC1,167,82,5171.02,0.0
2022-05,C2022Q2,T10,C2022Q2T10,10,VIC1-NSW1,NSW1,306,108,1204.0,0.0
2022-05,C2022Q2,T10,C2022Q2T10,10,VIC1-NSW1,VIC1,161,125,13750.0,0.0
2022-05,C2022Q1,T10,C2022Q1T10,9,VIC1-NSW1,NSW1,176,108,5028.0,0.0
2022-05,C2022Q1,T10,C2022Q1T10,9,VIC1-NSW1,VIC1,301,125,15434.0,0.0
2022-05,C2022Q2,T09,C2022Q2T09,9,NSW1-QLD1,NSW1,110,45,1814.0,0.0
2022-05,C2022Q2,T09,C2022Q2T09,9,NSW1-QLD1,QLD1,192,120,11340.0,0.0
2022-05,C2022Q2,T09,C2022Q2T09,9,V-SA,SA1,108,64,3456.67,0.0
2022-05,C2022Q2,T09,C2022Q2T09,9,V-SA,VIC1,177,91,4700.93,0.0
2022-05,C2022Q2,T09,C2022Q2T09,9,VIC1-NSW1,NSW1,308,108,750.39,0.0
2022-05,C2022Q2,T09,C2022Q2T09,9,VIC1-NSW1,VIC1,175,138,11258.58,0.0
2022-05,C2022Q3,T08,C2022Q3T08,9,NSW1-QLD1,NSW1,80,45,1626.04,0.0
2022-05,C2022Q3,T08,C2022Q3T08,9,NSW1-QLD1,QLD1,195,101,13635.0,0.0
2022-05,C2022Q3,T08,C2022Q3T08,9,V-SA,SA1,130,64,4404.0,0.0
2022-05,C2022Q3,T08,C2022Q3T08,9,V-SA,VIC1,147,83,4774.0,0.0
2022-05,C2022Q3,T08,C2022Q3T08,9,VIC1-NSW1,NSW1,271,108,675.39,0.0
2022-05,C2022Q3,T08,C2022Q3T08,9,VIC1-NSW1,VIC1,219,125,11253.52,0.0
2022-05,C2022Q4,T07,C2022Q4T07,9,NSW1-QLD1,NSW1,55,45,2818.17,0.0
2022-05,C2022Q4,T07,C2022Q4T07,9,NSW1-QLD1,QLD1,236,101,11340.54,0.0
2022-05,C2022Q4,T07,C2022Q4T07,9,V-SA,SA1,105,64,4558.0,0.0
2022-05,C2022Q4,T07,C2022Q4T07,9,V-SA,VIC1,145,78,5961.6,0.0
2022-05,C2022Q4,T07,C2022Q4T07,9,VIC1-NSW1,NSW1,181,108,750.39,0.0
2022-05,C2022Q4,T07,C2022Q4T07,9,VIC1-NSW1,VIC1,217,125,13870.0,0.0
2022-05,C2023Q1,T06,C2023Q1T06,9,NSW1-QLD1,NSW1,55,45,5111.08,0.0
2022-05,C2023Q1,T06,C2023Q1T06,9,NSW1-QLD1,QLD1,248,100,16688.0,0.0
2022-05,C2023Q1,T06,C2023Q1T06,9,V-SA,SA1,87,64,5404.0,0.0
2022-05,C2023Q1,T06,C2023Q1T06,9,V-SA,VIC1,87,73,8400.96,0.0
2022-05,C2023Q1,T06,C2023Q1T06,9,VIC1-NSW1,NSW1,113,108,4752.0,0.0
2022-05,C2023Q1,T06,C2023Q1T06,9,VIC1-NSW1,VIC1,160,125,15641.97,0.0
2022-05,C2023Q2,T05,C2023Q2T05,9,NSW1-QLD1,NSW1,52,45,1205.0,0.0
2022-05,C2023Q2,T05,C2023Q2T05,9,NSW1-QLD1,QLD1,165,100,14906.89,0.0
2022-05,C2023Q2,T05,C2023Q2T05,9,V-SA,SA1,118,64,3225.85,0.0
2022-05,C2023Q2,T05,C2023Q2T05,9,V-SA,VIC1,117,79,3675.94,0.0
2022-05,C2023Q2,T05,C2023Q2T05,9,VIC1-NSW1,NSW1,281,108,652.0,0.0
2022-05,C2023Q2,T05,C2023Q2T05,9,VIC1-NSW1,VIC1,201,125,11878.0,0.0
2022-05,C2023Q3,T04,C2023Q3T04,9,NSW1-QLD1,NSW1,52,45,1226.0,0.0
2022-05,C2023Q3,T04,C2023Q3T04,9,NSW1-QLD1,QLD1,136,111,15300.29,0.0
2022-05,C2023Q3,T04,C2023Q3T04,9,V-SA,SA1,104,64,4014.0,0.0
2022-05,C2023Q3,T04,C2023Q3T04,9,V-SA,VIC1,83,73,4050.0,0.0
2022-05,C2023Q3,T04,C2023Q3T04,9,VIC1-NSW1,NSW1,188,108,675.39,0.0
2022-05,C2023Q3,T04,C2023Q3T04,9,VIC1-NSW1,VIC1,205,125,11712.8,0.0
2022-05,C2023Q4,T03,C2023Q4T03,9,NSW1-QLD1,NSW1,45,45,2476.65,0.0
2022-05,C2023Q4,T03,C2023Q4T03,9,NSW1-QLD1,QLD1,120,100,14572.8,0.0
2022-05,C2023Q4,T03,C2023Q4T03,9,V-SA,SA1,84,64,4247.0,0.0
2022-05,C2023Q4,T03,C2023Q4T03,9,V-SA,VIC1,76,73,4200.97,0.0
2022-05,C2023Q4,T03,C2023Q4T03,9,VIC1-NSW1,NSW1,128,108,744.75,0.0
2022-05,C2023Q4,T03,C2023Q4T03,9,VIC1-NSW1,VIC1,166,125,12750.0,0.0
2022-05,C2024Q1,T02,C2024Q1T02,9,NSW1-QLD1,NSW1,45,45,4962.58,0.0
2022-05,C2024Q1,T02,C2024Q1T02,9,NSW1-QLD1,QLD1,113,100,18007.0,0.0
2022-05,C2024Q1,T02,C2024Q1T02,9,V-SA,SA1,64,64,4504.0,0.0
2022-05,C2024Q1,T02,C2024Q1T02,9,V-SA,VIC1,73,73,7213.0,0.0
2022-05,C2024Q1,T02,C2024Q1T02,9,VIC1-NSW1,NSW1,108,108,4200.39,0.0
2022-05,C2024Q1,T02,C2024Q1T02,9,VIC1-NSW1,VIC1,133,125,15642.0,0.0
2022-05,C2024Q2,T01,C2024Q2T01,9,NSW1-QLD1,NSW1,45,45,1455.0,0.0
2022-05,C2024Q2,T01,C2024Q2T01,9,NSW1-QLD1,QLD1,100,100,15267.0,0.0
2022-05,C2024Q2,T01,C2024Q2T01,9,V-SA,SA1,64,64,3300.85,0.0
2022-05,C2024Q2,T01,C2024Q2T01,9,V-SA,VIC1,73,73,4086.47,0.0
2022-05,C2024Q2,T01,C2024Q2T01,9,VIC1-NSW1,NSW1,108,108,600.0,0.0
2022-05,C2024Q2,T01,C2024Q2T01,9,VIC1-NSW1,VIC1,125,125,11445.72,0.0
2022-05,C2021Q4,T12,C2021Q4T12,8,NSW1-QLD1,NSW1,87,55,5000.0,0.0
2022-05,C2021Q4,T12,C2021Q4T12,8,NSW1-QLD1,QLD1,275,100,8675.0,0.0
2022-05,C2021Q4,T12,C2021Q4T12,8,V-SA,SA1,90,66,5204.0,0.0
2022-05,C2021Q4,T12,C2021Q4T12,8,V-SA,VIC1,120,77,7001.0,0.0
2022-05,C2021Q4,T12,C2021Q4T12,8,VIC1-NSW1,NSW1,192,112,1004.0,0.0
2022-05,C2021Q4,T12,C2021Q4T12,8,VIC1-NSW1,VIC1,281,125,15500.0,0.0
2022-05,C2022Q1,T11,C2022Q1T11,8,NSW1-QLD1,NSW1,48,45,6584.0,0.0
2022-05,C2022Q1,T11,C2022Q1T11,8,NSW1-QLD1,QLD1,224,103,14560.59,0.0
2022-05,C2022Q1,T11,C2022Q1T11,8,V-SA,SA1,97,65,6277.7,0.0
2022-05,C2022Q1,T11,C2022Q1T11,8,V-SA,VIC1,96,74,10296.0,0.0
2022-05,C2022Q1,T11,C2022Q1T11,8,VIC1-NSW1,NSW1,226,128,4860.0,0.0
2022-05,C2022Q1,T11,C2022Q1T11,8,VIC1-NSW1,VIC1,267,144,17380.87,0.0
2022-05,C2022Q2,T10,C2022Q2T10,8,NSW1-QLD1,NSW1,45,45,2750.0,0.0
2022-05,C2022Q2,T10,C2022Q2T10,8,NSW1-QLD1,QLD1,187,100,13750.0,0.0
2022-05,C2022Q2,T10,C2022Q2T10,8,V-SA,SA1,90,64,3841.0,0.0
2022-05,C2022Q2,T10,C2022Q2T10,8,V-SA,VIC1,167,82,5171.02,0.0
2022-05,C2022Q2,T10,C2022Q2T10,8,VIC1-NSW1,NSW1,306,108,1204.0,0.0
2022-05,C2022Q2,T10,C2022Q2T10,8,VIC1-NSW1,VIC1,161,125,13750.0,0.0
2022-05,C2022Q3,T09,C2022Q3T09,8,NSW1-QLD1,NSW1,45,45,2439.06,0.0
2022-05,C2022Q3,T09,C2022Q3T09,8,NSW1-QLD1,QLD1,192,100,15250.0,0.0
2022-05,C2022Q3,T09,C2022Q3T09,8,V-SA,SA1,112,64,4763.0,0.0
2022-05,C2022Q3,T09,C2022Q3T09,8,V-SA,VIC1,125,73,6000.0,0.0
2022-05,C2022Q3,T09,C2022Q3T09,8,VIC1-NSW1,NSW1,272,108,1204.0,0.0
2022-05,C2022Q3,T09,C2022Q3T09,8,VIC1-NSW1,VIC1,201,125,13616.76,0.0
2022-05,C2022Q4,T08,C2022Q4T08,8,NSW1-QLD1,NSW1,45,45,4007.9,0.0
2022-05,C2022Q4,T08,C2022Q4T08,8,NSW1-QLD1,QLD1,201,100,12474.59,0.0
2022-05,C2022Q4,T08,C2022Q4T08,8,V-SA,SA1,85,64,5036.0,0.0
2022-05,C2022Q4,T08,C2022Q4T08,8,V-SA,VIC1,147,73,6731.0,0.0
2022-05,C2022Q4,T08,C2022Q4T08,8,VIC1-NSW1,NSW1,174,108,1078.0,0.0
2022-05,C2022Q4,T08,C2022Q4T08,8,VIC1-NSW1,VIC1,258,125,16782.7,0.0
2022-05,C2023Q1,T07,C2023Q1T07,8,NSW1-QLD1,NSW1,45,45,6133.29,0.0
2022-05,C2023Q1,T07,C2023Q1T07,8,NSW1-QLD1,QLD1,242,110,18000.0,0.0
2022-05,C2023Q1,T07,C2023Q1T07,8,V-SA,SA1,81,64,6000.0,0.0
2022-05,C2023Q1,T07,C2023Q1T07,8,V-SA,VIC1,98,74,10165.16,0.0
2022-05,C2023Q1,T07,C2023Q1T07,8,VIC1-NSW1,NSW1,118,108,4989.6,0.0
2022-05,C2023Q1,T07,C2023Q1T07,8,VIC1-NSW1,VIC1,202,130,19250.87,0.0
2022-05,C2023Q2,T06,C2023Q2T06,8,NSW1-QLD1,NSW1,47,45,2000.0,0.0
2022-05,C2023Q2,T06,C2023Q2T06,8,NSW1-QLD1,QLD1,157,100,17909.89,0.0
2022-05,C2023Q2,T06,C2023Q2T06,8,V-SA,SA1,133,64,3548.44,0.0
2022-05,C2023Q2,T06,C2023Q2T06,8,V-SA,VIC1,106,73,5460.0,0.0
2022-05,C2023Q2,T06,C2023Q2T06,8,VIC1-NSW1,NSW1,301,108,1004.0,0.0
2022-05,C2023Q2,T06,C2023Q2T06,8,VIC1-NSW1,VIC1,192,125,15441.4,0.0
2022-05,C2023Q3,T05,C2023Q3T05,8,NSW1-QLD1,NSW1,51,45,2000.0,0.0
2022-05,C2023Q3,T05,C2023Q3T05,8,NSW1-QLD1,QLD1,126,100,19125.36,0.0
2022-05,C2023Q3,T05,C2023Q3T05,8,V-SA,SA1,114,64,4080.9,0.0
2022-05,C2023Q3,T05,C2023Q3T05,8,V-SA,VIC1,96,73,5931.0,0.0
2022-05,C2023Q3,T05,C2023Q3T05,8,VIC1-NSW1,NSW1,154,108,1104.0,0.0
2022-05,C2023Q3,T05,C2023Q3T05,8,VIC1-NSW1,VIC1,191,125,15226.64,0.0
2022-05,C2023Q4,T04,C2023Q4T04,8,NSW1-QLD1,NSW1,45,45,3343.47,0.0
2022-05,C2023Q4,T04,C2023Q4T04,8,NSW1-QLD1,QLD1,120,100,16440.0,0.0
2022-05,C2023Q4,T04,C2023Q4T04,8,V-SA,SA1,90,64,4452.0,0.0
2022-05,C2023Q4,T04,C2023Q4T04,8,V-SA,VIC1,87,73,7728.0,0.0
2022-05,C2023Q4,T04,C2023Q4T04,8,VIC1-NSW1,NSW1,138,108,1170.0,0.0
2022-05,C2023Q4,T04,C2023Q4T04,8,VIC1-NSW1,VIC1,186,125,16575.0,0.0
2022-05,C2024Q1,T03,C2024Q1T03,8,NSW1-QLD1,NSW1,45,45,5458.84,0.0
2022-05,C2024Q1,T03,C2024Q1T03,8,NSW1-QLD1,QLD1,113,100,19807.7,0.0
2022-05,C2024Q1,T03,C2024Q1T03,8,V-SA,SA1,68,64,4754.0,0.0
2022-05,C2024Q1,T03,C2024Q1T03,8,V-SA,VIC1,85,73,9761.0,0.0
2022-05,C2024Q1,T03,C2024Q1T03,8,VIC1-NSW1,NSW1,114,108,4620.43,0.0
2022-05,C2024Q1,T03,C2024Q1T03,8,VIC1-NSW1,VIC1,133,133,20334.59,0.0
2022-05,C2024Q2,T02,C2024Q2T02,8,NSW1-QLD1,NSW1,45,45,2000.0,0.0
2022-05,C2024Q2,T02,C2024Q2T02,8,NSW1-QLD1,QLD1,100,100,20407.93,0.0
2022-05,C2024Q2,T02,C2024Q2T02,8,V-SA,SA1,82,64,3186.17,0.0
2022-05,C2024Q2,T02,C2024Q2T02,8,V-SA,VIC1,73,73,5460.0,0.0
2022-05,C2024Q2,T02,C2024Q2T02,8,VIC1-NSW1,NSW1,164,108,1004.0,0.0
2022-05,C2024Q2,T02,C2024Q2T02,8,VIC1-NSW1,VIC1,126,125,14879.43,0.0
2022-05,C2024Q3,T01,C2024Q3T01,8,NSW1-QLD1,NSW1,45,45,2000.0,0.0
2022-05,C2024Q3,T01,C2024Q3T01,8,NSW1-QLD1,QLD1,100,100,19125.36,0.0
2022-05,C2024Q3,T01,C2024Q3T01,8,V-SA,SA1,64,64,3746.4,0.0
2022-05,C2024Q3,T01,C2024Q3T01,8,V-SA,VIC1,73,73,6000.0,0.0
2022-05,C2024Q3,T01,C2024Q3T01,8,VIC1-NSW1,NSW1,108,108,1046.85,0.0
2022-05,C2024Q3,T01,C2024Q3T01,8,VIC1-NSW1,VIC1,125,125,15226.64,0.0
2022-05,C2022Q1,T12,C2022Q1T12,7,NSW1-QLD1,NSW1,94,60,12123.0,0.0
2022-05,C2023Q2,T07,C2023Q2T07,5,NSW1-QLD1,QLD1,220,100,17015.0,0.0
2022-05,C2023Q2,T07,C2023Q2T07,5,V-SA,SA1,129,86,4403.0,0.0
2022-05,C2023Q2,T07,C2023Q2T07,5,V-SA,VIC1,113,73,6606.6,0.0
2022-05,C2023Q2,T07,C2023Q2T07,5,VIC1-NSW1,NSW1,188,108,1104.4,0.0
2022-05,C2023Q2,T07,C2023Q2T07,5,VIC1-NSW1,VIC1,223,125,15820.49,0.0
2022-05,C2023Q3,T06,C2023Q3T06,5,NSW1-QLD1,NSW1,75,45,2400.0,0.0
2022-05,C2023Q3,T06,C2023Q3T06,5,NSW1-QLD1,QLD1,170,100,18260.0,0.0
2022-05,C2023Q3,T06,C2023Q3T06,5,V-SA,SA1,118,72,5000.0,0.0
2022-05,C2023Q3,T06,C2023Q3T06,5,V-SA,VIC1,103,73,7500.0,0.0
2022-05,C2023Q3,T06,C2023Q3T06,5,VIC1-NSW1,NSW1,175,108,1106.0,0.0
2022-05,C2023Q3,T06,C2023Q3T06,5,VIC1-NSW1,VIC1,203,125,15590.49,0.0
2022-05,C2023Q4,T05,C2023Q4T05,5,NSW1-QLD1,NSW1,65,45,5349.55,0.0
2022-05,C2023Q4,T05,C2023Q4T05,5,NSW1-QLD1,QLD1,194,100,12500.0,0.0
2022-05,C2023Q4,T05,C2023Q4T05,5,V-SA,SA1,111,64,5500.0,0.0
2022-05,C2023Q4,T05,C2023Q4T05,5,V-SA,VIC1,88,73,8500.79,0.0
2022-05,C2023Q4,T05,C2023Q4T05,5,VIC1-NSW1,NSW1,158,108,1277.0,0.0
2022-05,C2023Q4,T05,C2023Q4T05,5,VIC1-NSW1,VIC1,195,125,18232.5,0.0
2022-05,C2024Q1,T04,C2024Q1T04,5,NSW1-QLD1,NSW1,45,45,7162.96,0.0
2022-05,C2024Q1,T04,C2024Q1T04,5,NSW1-QLD1,QLD1,134,101,20748.0,0.0
2022-05,C2024Q1,T04,C2024Q1T04,5,V-SA,SA1,64,64,6893.3,0.0
2022-05,C2024Q1,T04,C2024Q1T04,5,V-SA,VIC1,90,73,15000.0,0.0
2022-05,C2024Q1,T04,C2024Q1T04,5,VIC1-NSW1,NSW1,124,115,4370.2,0.0
2022-05,C2024Q1,T04,C2024Q1T04,5,VIC1-NSW1,VIC1,145,125,22368.05,0.0
2022-05,C2024Q2,T03,C2024Q2T03,5,NSW1-QLD1,NSW1,45,45,2579.0,0.0
2022-05,C2024Q2,T03,C2024Q2T03,5,NSW1-QLD1,QLD1,100,100,20748.0,0.0
2022-05,C2024Q2,T03,C2024Q2T03,5,V-SA,SA1,79,70,4462.18,0.0
2022-05,C2024Q2,T03,C2024Q2T03,5,V-SA,VIC1,73,73,7500.0,0.0
2022-05,C2024Q2,T03,C2024Q2T03,5,VIC1-NSW1,NSW1,138,108,1048.0,0.0
2022-05,C2024Q2,T03,C2024Q2T03,5,VIC1-NSW1,VIC1,125,125,14742.0,0.0
2022-05,C2024Q3,T02,C2024Q3T02,5,NSW1-QLD1,NSW1,45,45,2400.0,0.0
2022-05,C2024Q3,T02,C2024Q3T02,5,NSW1-QLD1,QLD1,100,100,19126.0,0.0
2022-05,C2024Q3,T02,C2024Q3T02,5,V-SA,SA1,78,75,5352.18,0.0
2022-05,C2024Q3,T02,C2024Q3T02,5,V-SA,VIC1,73,73,7500.0,0.0
2022-05,C2024Q3,T02,C2024Q3T02,5,VIC1-NSW1,NSW1,108,108,1058.0,0.0
2022-05,C2024Q3,T02,C2024Q3T02,5,VIC1-NSW1,VIC1,125,125,15002.0,0.0
2022-05,C2024Q4,T01,C2024Q4T01,5,NSW1-QLD1,NSW1,45,45,5006.08,0.0
2022-05,C2024Q4,T01,C2024Q4T01,5,NSW1-QLD1,QLD1,100,100,12909.44,0.0
2022-05,C2024Q4,T01,C2024Q4T01,5,V-SA,SA1,64,64,5561.0,0.0
2022-05,C2024Q4,T01,C2024Q4T01,5,V-SA,VIC1,73,73,8675.28,0.0
2022-05,C2024Q4,T01,C2024Q4T01,5,VIC1-NSW1,NSW1,108,108,1287.0,0.0
2022-05,C2024Q4,T01,C2024Q4T01,5,VIC1-NSW1,VIC1,125,125,17050.0,0.0
2022-05,C2022Q2,T12,C2022Q2T12,6,NSW1-QLD1,NSW1,127,100,4537.55,0.0
2022-05,C2022Q2,T12,C2022Q2T12,6,NSW1-QLD1,QLD1,207,100,7637.0,0.0
2022-05,C2022Q2,T12,C2022Q2T12,6,V-SA,SA1,106,66,4487.0,0.0
2022-05,C2022Q2,T12,C2022Q2T12,6,V-SA,VIC1,133,83,13539.0,0.0
2022-05,C2022Q2,T12,C2022Q2T12,6,VIC1-NSW1,NSW1,278,112,910.0,0.0
2022-05,C2022Q2,T12,C2022Q2T12,6,VIC1-NSW1,VIC1,225,125,19978.0,0.0
2022-05,C2022Q3,T11,C2022Q3T11,6,NSW1-QLD1,NSW1,84,60,4061.82,0.0
2022-05,C2022Q3,T11,C2022Q3T11,6,NSW1-QLD1,QLD1,244,100,13330.09,0.0
2022-05,C2022Q3,T11,C2022Q3T11,6,V-SA,SA1,113,64,5500.0,0.0
2022-05,C2022Q3,T11,C2022Q3T11,6,V-SA,VIC1,128,73,10000.0,0.0
2022-05,C2022Q3,T11,C2022Q3T11,6,VIC1-NSW1,NSW1,265,108,1198.0,0.0
2022-05,C2022Q3,T11,C2022Q3T11,6,VIC1-NSW1,VIC1,250,135,19272.0,0.0
2022-05,C2022Q4,T10,C2022Q4T10,6,NSW1-QLD1,NSW1,64,45,9300.0,0.0
2022-05,C2022Q4,T10,C2022Q4T10,6,NSW1-QLD1,QLD1,275,100,10925.0,0.0
2022-05,C2022Q4,T10,C2022Q4T10,6,V-SA,SA1,100,64,6046.0,0.0
2022-05,C2022Q4,T10,C2022Q4T10,6,V-SA,VIC1,158,73,10170.83,0.0
2022-05,C2022Q4,T10,C2022Q4T10,6,VIC1-NSW1,NSW1,174,112,1380.0,0.0
2022-05,C2022Q4,T10,C2022Q4T10,6,VIC1-NSW1,VIC1,268,135,24731.84,0.0
2022-05,C2023Q1,T09,C2023Q1T09,6,NSW1-QLD1,NSW1,64,48,15202.0,0.0
2022-05,C2023Q1,T09,C2023Q1T09,6,NSW1-QLD1,QLD1,281,104,17189.17,0.0
2022-05,C2023Q1,T09,C2023Q1T09,6,V-SA,SA1,94,70,6850.0,0.0
2022-05,C2023Q1,T09,C2023Q1T09,6,V-SA,VIC1,99,73,16760.83,0.0
2022-05,C2023Q1,T09,C2023Q1T09,6,VIC1-NSW1,NSW1,171,116,4500.0,0.0
2022-05,C2023Q1,T09,C2023Q1T09,6,VIC1-NSW1,VIC1,200,135,25200.26,0.0
2022-05,C2023Q2,T08,C2023Q2T08,6,NSW1-QLD1,NSW1,61,45,4000.0,0.0
2022-05,C2023Q2,T08,C2023Q2T08,6,NSW1-QLD1,QLD1,194,100,24489.09,0.0
2022-05,C2023Q2,T08,C2023Q2T08,6,V-SA,SA1,114,70,4843.0,0.0
2022-05,C2023Q2,T08,C2023Q2T08,6,V-SA,VIC1,108,73,11000.83,0.0
2022-05,C2023Q2,T08,C2023Q2T08,6,VIC1-NSW1,NSW1,301,109,1270.06,0.0
2022-05,C2023Q2,T08,C2023Q2T08,6,VIC1-NSW1,VIC1,205,125,22960.26,0.0
2022-05,C2023Q3,T07,C2023Q3T07,6,NSW1-QLD1,NSW1,70,45,3336.0,0.0
2022-05,C2023Q3,T07,C2023Q3T07,6,NSW1-QLD1,QLD1,150,100,24416.0,0.0
2022-05,C2023Q3,T07,C2023Q3T07,6,V-SA,SA1,109,64,5297.0,0.0
2022-05,C2023Q3,T07,C2023Q3T07,6,V-SA,VIC1,108,73,10920.83,0.0
2022-05,C2023Q3,T07,C2023Q3T07,6,VIC1-NSW1,NSW1,205,108,1250.0,0.0
2022-05,C2023Q3,T07,C2023Q3T07,6,VIC1-NSW1,VIC1,220,125,22640.26,0.0
2022-05,C2023Q4,T06,C2023Q4T06,6,NSW1-QLD1,NSW1,58,45,8510.0,0.0
2022-05,C2023Q4,T06,C2023Q4T06,6,NSW1-QLD1,QLD1,164,100,17384.0,0.0
2022-05,C2023Q4,T06,C2023Q4T06,6,V-SA,SA1,109,64,6050.0,0.0
2022-05,C2023Q4,T06,C2023Q4T06,6,V-SA,VIC1,88,73,9520.83,0.0
2022-05,C2023Q4,T06,C2023Q4T06,6,VIC1-NSW1,NSW1,143,114,1404.7,0.0
2022-05,C2023Q4,T06,C2023Q4T06,6,VIC1-NSW1,VIC1,217,125,24066.9,0.0
2022-05,C2024Q1,T05,C2024Q1T05,6,NSW1-QLD1,NSW1,48,45,9907.0,0.0
2022-05,C2024Q1,T05,C2024Q1T05,6,NSW1-QLD1,QLD1,130,100,22822.8,0.0
2022-05,C2024Q1,T05,C2024Q1T05,6,V-SA,SA1,64,64,7341.0,0.0
2022-05,C2024Q1,T05,C2024Q1T05,6,V-SA,VIC1,90,73,16500.0,0.0
2022-05,C2024Q1,T05,C2024Q1T05,6,VIC1-NSW1,NSW1,117,108,4368.0,0.0
2022-05,C2024Q1,T05,C2024Q1T05,6,VIC1-NSW1,VIC1,167,125,23800.26,0.0
2022-05,C2024Q2,T04,C2024Q2T04,6,NSW1-QLD1,NSW1,48,45,3307.0,0.0
2022-05,C2024Q2,T04,C2024Q2T04,6,NSW1-QLD1,QLD1,120,100,24438.96,0.0
2022-05,C2024Q2,T04,C2024Q2T04,6,V-SA,SA1,89,64,4732.0,0.0
2022-05,C2024Q2,T04,C2024Q2T04,6,V-SA,VIC1,73,73,9093.0,0.0
2022-05,C2024Q2,T04,C2024Q2T04,6,VIC1-NSW1,NSW1,164,108,1028.0,0.0
2022-05,C2024Q2,T04,C2024Q2T04,6,VIC1-NSW1,VIC1,152,125,16800.25,0.0
2022-05,C2024Q3,T03,C2024Q3T03,6,NSW1-QLD1,NSW1,48,45,3040.0,0.0
2022-05,C2024Q3,T03,C2024Q3T03,6,NSW1-QLD1,QLD1,108,100,21520.64,0.0
2022-05,C2024Q3,T03,C2024Q3T03,6,V-SA,SA1,67,64,4995.37,0.0
2022-05,C2024Q3,T03,C2024Q3T03,6,V-SA,VIC1,74,73,8996.83,0.0
2022-05,C2024Q3,T03,C2024Q3T03,6,VIC1-NSW1,NSW1,108,108,1000.0,0.0
2022-05,C2024Q3,T03,C2024Q3T03,6,VIC1-NSW1,VIC1,135,125,16502.2,0.0
2022-05,C2024Q4,T02,C2024Q4T02,6,NSW1-QLD1,NSW1,48,45,8504.0,0.0
2022-05,C2024Q4,T02,C2024Q4T02,6,NSW1-QLD1,QLD1,100,100,16000.0,0.0
2022-05,C2024Q4,T02,C2024Q4T02,6,V-SA,SA1,64,64,5521.0,0.0
2022-05,C2024Q4,T02,C2024Q4T02,6,V-SA,VIC1,73,73,10284.0,0.0
2022-05,C2024Q4,T02,C2024Q4T02,6,VIC1-NSW1,NSW1,108,108,1457.0,0.0
2022-05,C2024Q4,T02,C2024Q4T02,6,VIC1-NSW1,VIC1,150,125,20800.25,0.0
2022-05,C2025Q1,T01,C2025Q1T01,6,NSW1-QLD1,NSW1,45,45,9506.0,0.0
2022-05,C2025Q1,T01,C2025Q1T01,6,NSW1-QLD1,QLD1,100,100,23392.8,0.0
2022-05,C2025Q1,T01,C2025Q1T01,6,V-SA,SA1,64,64,7210.0,0.0
2022-05,C2025Q1,T01,C2025Q1T01,6,V-SA,VIC1,73,73,16000.0,0.0
2022-05,C2025Q1,T01,C2025Q1T01,6,VIC1-NSW1,NSW1,108,108,4320.0,0.0
2022-05,C2025Q1,T01,C2025Q1T01,6,VIC1-NSW1,VIC1,125,125,20971.0,0.0
2022-05,C2020Q1,T12,C2020Q1T12,29,NSW1-QLD1,NSW1,147,55,2184.0,0.0
2022-05,C2020Q1,T12,C2020Q1T12,29,NSW1-QLD1,QLD1,315,111,13000.0,0.0
2022-05,C2020Q1,T12,C2020Q1T12,29,V-SA,SA1,93,66,8099.0,0.0
2022-05,C2020Q1,T12,C2020Q1T12,29,V-SA,VIC1,139,78,5500.0,0.0
2022-05,C2020Q1,T12,C2020Q1T12,29,VIC1-NSW1,NSW1,280,138,10576.0,0.0
2022-05,C2020Q1,T12,C2020Q1T12,29,VIC1-NSW1,VIC1,432,125,3600.0,0.0
2022-05,C2020Q2,T11,C2020Q2T11,29,NSW1-QLD1,NSW1,112,45,207.96,0.0
2022-05,C2020Q2,T11,C2020Q2T11,29,NSW1-QLD1,QLD1,248,105,14200.0,0.0
2022-05,C2020Q2,T11,C2020Q2T11,29,V-SA,SA1,74,64,10088.0,0.0
2022-05,C2020Q2,T11,C2020Q2T11,29,V-SA,VIC1,185,73,1208.95,0.0
2022-05,C2020Q2,T11,C2020Q2T11,29,VIC1-NSW1,NSW1,211,108,2839.0,0.0
2022-05,C2020Q2,T11,C2020Q2T11,29,VIC1-NSW1,VIC1,297,125,2807.0,0.0
2022-05,C2020Q3,T10,C2020Q3T10,29,NSW1-QLD1,NSW1,112,45,200.0,0.0
2022-05,C2020Q3,T10,C2020Q3T10,29,NSW1-QLD1,QLD1,240,100,16889.0,0.0
2022-05,C2020Q3,T10,C2020Q3T10,29,V-SA,SA1,74,64,12250.0,0.0
2022-05,C2020Q3,T10,C2020Q3T10,29,V-SA,VIC1,185,73,1100.0,0.0
2022-05,C2020Q3,T10,C2020Q3T10,29,VIC1-NSW1,NSW1,239,108,2437.5,0.0
2022-05,C2023Q1,T09,C2023Q1T09,5,NSW1-QLD1,QLD1,281,104,17189.17,0.0
2022-05,C2023Q1,T09,C2023Q1T09,5,V-SA,SA1,94,70,6850.0,0.0
2022-05,C2023Q1,T09,C2023Q1T09,5,V-SA,VIC1,99,73,16760.83,0.0
2022-05,C2023Q1,T09,C2023Q1T09,5,VIC1-NSW1,NSW1,171,116,4500.0,0.0
2022-05,C2023Q1,T09,C2023Q1T09,5,VIC1-NSW1,VIC1,200,135,25200.26,0.0
2022-05,C2023Q2,T08,C2023Q2T08,5,NSW1-QLD1,NSW1,61,45,4000.0,0.0
2022-05,C2023Q2,T08,C2023Q2T08,5,NSW1-QLD1,QLD1,194,100,24489.09,0.0
2022-05,C2023Q2,T08,C2023Q2T08,5,V-SA,SA1,114,70,4843.0,0.0
2022-05,C2023Q2,T08,C2023Q2T08,5,V-SA,VIC1,108,73,11000.83,0.0
2022-05,C2023Q2,T08,C2023Q2T08,5,VIC1-NSW1,NSW1,301,109,1270.06,0.0
2022-05,C2023Q2,T08,C2023Q2T08,5,VIC1-NSW1,VIC1,205,125,22960.26,0.0
2022-05,C2023Q3,T07,C2023Q3T07,5,NSW1-QLD1,NSW1,70,45,3336.0,0.0
2022-05,C2023Q3,T07,C2023Q3T07,5,NSW1-QLD1,QLD1,150,100,24416.0,0.0
2022-05,C2023Q3,T07,C2023Q3T07,5,V-SA,SA1,109,64,5297.0,0.0
2022-05,C2023Q3,T07,C2023Q3T07,5,V-SA,VIC1,108,73,10920.83,0.0
2022-05,C2023Q3,T07,C2023Q3T07,5,VIC1-NSW1,NSW1,205,108,1250.0,0.0
2022-05,C2023Q3,T07,C2023Q3T07,5,VIC1-NSW1,VIC1,220,125,22640.26,0.0
2022-05,C2023Q4,T06,C2023Q4T06,5,NSW1-QLD1,NSW1,58,45,8510.0,0.0
2022-05,C2023Q4,T06,C2023Q4T06,5,NSW1-QLD1,QLD1,164,100,17384.0,0.0
2022-05,C2023Q4,T06,C2023Q4T06,5,V-SA,SA1,109,64,6050.0,0.0
2022-05,C2023Q4,T06,C2023Q4T06,5,V-SA,VIC1,88,73,9520.83,0.0
2022-05,C2023Q4,T06,C2023Q4T06,5,VIC1-NSW1,NSW1,143,114,1404.7,0.0
2022-05,C2023Q4,T06,C2023Q4T06,5,VIC1-NSW1,VIC1,217,125,24066.9,0.0
2022-05,C2024Q1,T05,C2024Q1T05,5,NSW1-QLD1,NSW1,48,45,9907.0,0.0
2022-05,C2024Q1,T05,C2024Q1T05,5,NSW1-QLD1,QLD1,130,100,22822.8,0.0
2022-05,C2024Q1,T05,C2024Q1T05,5,V-SA,SA1,64,64,7341.0,0.0
2022-05,C2024Q1,T05,C2024Q1T05,5,V-SA,VIC1,90,73,16500.0,0.0
2022-05,C2024Q1,T05,C2024Q1T05,5,VIC1-NSW1,NSW1,117,108,4368.0,0.0
2022-05,C2024Q1,T05,C2024Q1T05,5,VIC1-NSW1,VIC1,167,125,23800.26,0.0
2022-05,C2024Q2,T04,C2024Q2T04,5,NSW1-QLD1,NSW1,48,45,3307.0,0.0
2022-05,C2024Q2,T04,C2024Q2T04,5,NSW1-QLD1,QLD1,120,100,24438.96,0.0
2022-05,C2024Q2,T04,C2024Q2T04,5,V-SA,SA1,89,64,4732.0,0.0
2022-05,C2024Q2,T04,C2024Q2T04,5,V-SA,VIC1,73,73,9093.0,0.0
2022-05,C2024Q2,T04,C2024Q2T04,5,VIC1-NSW1,NSW1,164,108,1028.0,0.0
2022-05,C2024Q2,T04,C2024Q2T04,5,VIC1-NSW1,VIC1,152,125,16800.25,0.0
2022-05,C2024Q3,T03,C2024Q3T03,5,NSW1-QLD1,NSW1,48,45,3040.0,0.0
2022-05,C2024Q3,T03,C2024Q3T03,5,NSW1-QLD1,QLD1,108,100,21520.64,0.0
2022-05,C2024Q3,T03,C2024Q3T03,5,V-SA,SA1,67,64,4995.37,0.0
2022-05,C2024Q3,T03,C2024Q3T03,5,V-SA,VIC1,74,73,8996.83,0.0
2022-05,C2024Q3,T03,C2024Q3T03,5,VIC1-NSW1,NSW1,108,108,1000.0,0.0
2022-05,C2024Q3,T03,C2024Q3T03,5,VIC1-NSW1,VIC1,135,125,16502.2,0.0
2022-05,C2024Q4,T02,C2024Q4T02,5,NSW1-QLD1,NSW1,48,45,8504.0,0.0
2022-05,C2024Q4,T02,C2024Q4T02,5,NSW1-QLD1,QLD1,100,100,16000.0,0.0
2022-05,C2024Q4,T02,C2024Q4T02,5,V-SA,SA1,64,64,5521.0,0.0
2022-05,C2024Q4,T02,C2024Q4T02,5,V-SA,VIC1,73,73,10284.0,0.0
2022-05,C2024Q4,T02,C2024Q4T02,5,VIC1-NSW1,NSW1,108,108,1457.0,0.0
2022-05,C2024Q4,T02,C2024Q4T02,5,VIC1-NSW1,VIC1,150,125,20800.25,0.0
2022-05,C2025Q1,T01,C2025Q1T01,5,NSW1-QLD1,NSW1,45,45,9506.0,0.0
2022-05,C2025Q1,T01,C2025Q1T01,5,NSW1-QLD1,QLD1,100,100,23392.8,0.0
2022-05,C2025Q1,T01,C2025Q1T01,5,V-SA,SA1,64,64,7210.0,0.0
2022-05,C2025Q1,T01,C2025Q1T01,5,V-SA,VIC1,73,73,16000.0,0.0
2022-05,C2025Q1,T01,C2025Q1T01,5,VIC1-NSW1,NSW1,108,108,4320.0,0.0
2022-05,C2025Q1,T01,C2025Q1T01,5,VIC1-NSW1,VIC1,125,125,20971.0,0.0
2022-05,C2020Q2,T12,C2020Q2T12,41,VIC1-NSW1,NSW1,286,132,1482.0,0.0
2022-05,C2020Q2,T12,C2020Q2T12,41,VIC1-NSW1,VIC1,335,155,5865.0,0.0
2022-05,C2020Q3,T11,C2020Q3T11,41,NSW1-QLD1,NSW1,80,45,164.27,0.0
2022-05,C2020Q3,T11,C2020Q3T11,41,NSW1-QLD1,QLD1,200,100,14862.32,0.0
2022-05,C2020Q3,T11,C2020Q3T11,41,V-SA,SA1,84,64,13752.0,0.0
2022-05,C2020Q3,T11,C2020Q3T11,41,V-SA,VIC1,148,73,1565.0,0.0
2022-05,C2020Q3,T11,C2020Q3T11,41,VIC1-NSW1,NSW1,311,108,1462.5,0.0
2022-05,C2020Q3,T11,C2020Q3T11,41,VIC1-NSW1,VIC1,262,125,5703.0,0.0
2022-05,C2020Q4,T10,C2020Q4T10,41,NSW1-QLD1,NSW1,97,45,700.0,0.0
2022-05,C2020Q4,T10,C2020Q4T10,41,NSW1-QLD1,QLD1,196,103,13598.0,0.0
2022-05,C2020Q4,T10,C2020Q4T10,41,V-SA,SA1,84,64,13823.0,0.0
2022-05,C2020Q4,T10,C2020Q4T10,41,V-SA,VIC1,133,73,1760.0,0.0
2022-05,C2020Q4,T10,C2020Q4T10,41,VIC1-NSW1,NSW1,288,108,2400.0,0.0
2022-05,C2020Q4,T10,C2020Q4T10,41,VIC1-NSW1,VIC1,296,127,6275.0,0.0
2022-05,C2021Q1,T09,C2021Q1T09,41,NSW1-QLD1,NSW1,62,45,1750.0,0.0
2022-05,C2021Q1,T09,C2021Q1T09,41,NSW1-QLD1,QLD1,185,100,17058.0,0.0
2022-05,C2021Q1,T09,C2021Q1T09,41,V-SA,SA1,119,64,7828.0,0.0
2022-05,C2021Q1,T09,C2021Q1T09,41,V-SA,VIC1,103,73,4532.0,0.0
2022-05,C2021Q1,T09,C2021Q1T09,41,VIC1-NSW1,NSW1,241,108,7560.0,0.0
2022-05,C2021Q1,T09,C2021Q1T09,41,VIC1-NSW1,VIC1,245,146,7218.66,0.0
2022-05,C2021Q2,T08,C2021Q2T08,41,NSW1-QLD1,NSW1,65,45,114.4,0.0
2022-05,C2021Q2,T08,C2021Q2T08,41,NSW1-QLD1,QLD1,180,100,10893.35,0.0
2022-05,C2021Q2,T08,C2021Q2T08,41,V-SA,SA1,64,64,8616.2,0.0
2022-05,C2021Q2,T08,C2021Q2T08,41,V-SA,VIC1,128,73,1131.75,0.0
2022-05,C2021Q2,T08,C2021Q2T08,41,VIC1-NSW1,NSW1,217,108,1000.85,0.0
2022-05,C2021Q2,T08,C2021Q2T08,41,VIC1-NSW1,VIC1,235,125,6216.0,0.0
2022-05,C2021Q3,T07,C2021Q3T07,41,NSW1-QLD1,NSW1,45,45,200.0,0.0
2022-05,C2021Q3,T07,C2021Q3T07,41,NSW1-QLD1,QLD1,180,100,11772.84,0.0
2022-05,C2021Q3,T07,C2021Q3T07,41,V-SA,SA1,64,64,10205.1,0.0
2022-05,C2021Q3,T07,C2021Q3T07,41,V-SA,VIC1,128,73,1550.0,0.0
2022-05,C2021Q3,T07,C2021Q3T07,41,VIC1-NSW1,NSW1,208,108,993.6,0.0
2022-05,C2021Q3,T07,C2021Q3T07,41,VIC1-NSW1,VIC1,240,125,7500.0,0.0
2022-05,C2021Q4,T06,C2021Q4T06,41,NSW1-QLD1,NSW1,45,45,685.0,0.0
2022-05,C2021Q4,T06,C2021Q4T06,41,NSW1-QLD1,QLD1,185,110,11477.0,0.0
2022-05,C2021Q4,T06,C2021Q4T06,41,V-SA,SA1,64,64,12501.0,0.0
2022-05,C2021Q4,T06,C2021Q4T06,41,V-SA,VIC1,103,73,1754.0,0.0
2022-05,C2021Q4,T06,C2021Q4T06,41,VIC1-NSW1,NSW1,213,113,1601.6,0.0
2022-05,C2021Q4,T06,C2021Q4T06,41,VIC1-NSW1,VIC1,230,125,7441.5,0.0
2022-05,C2022Q1,T05,C2022Q1T05,41,NSW1-QLD1,NSW1,45,45,2160.0,0.0
2022-05,C2022Q1,T05,C2022Q1T05,41,NSW1-QLD1,QLD1,156,100,13083.0,0.0
2022-05,C2022Q1,T05,C2022Q1T05,41,V-SA,SA1,89,64,5810.4,0.0
2022-05,C2022Q1,T05,C2022Q1T05,41,V-SA,VIC1,73,73,5762.88,0.0
2022-05,C2022Q1,T05,C2022Q1T05,41,VIC1-NSW1,NSW1,108,108,6310.5,0.0
2022-05,C2022Q1,T05,C2022Q1T05,41,VIC1-NSW1,VIC1,125,125,7556.0,0.0
2022-05,C2022Q2,T04,C2022Q2T04,41,NSW1-QLD1,NSW1,45,45,200.0,0.0
2022-05,C2022Q2,T04,C2022Q2T04,41,NSW1-QLD1,QLD1,140,100,11972.0,0.0
2022-05,C2022Q2,T04,C2022Q2T04,41,V-SA,SA1,64,64,7916.9,0.0
2022-05,C2022Q2,T04,C2022Q2T04,41,V-SA,VIC1,73,73,1054.0,0.0
2022-05,C2022Q2,T04,C2022Q2T04,41,VIC1-NSW1,NSW1,108,108,1092.0,0.0
2022-05,C2022Q2,T04,C2022Q2T04,41,VIC1-NSW1,VIC1,125,125,8000.0,0.0
2022-05,C2022Q3,T03,C2022Q3T03,41,NSW1-QLD1,NSW1,45,45,154.88,0.0
2022-05,C2022Q3,T03,C2022Q3T03,41,NSW1-QLD1,QLD1,100,100,11512.51,0.0
2022-05,C2022Q3,T03,C2022Q3T03,41,V-SA,SA1,64,64,10006.0,0.0
2022-05,C2022Q3,T03,C2022Q3T03,41,V-SA,VIC1,73,73,1007.0,0.0
2022-05,C2022Q3,T03,C2022Q3T03,41,VIC1-NSW1,NSW1,108,108,1101.0,0.0
2022-05,C2022Q3,T03,C2022Q3T03,41,VIC1-NSW1,VIC1,125,125,8000.0,0.0
2022-05,C2022Q4,T02,C2022Q4T02,41,NSW1-QLD1,NSW1,45,45,552.0,0.0
2022-05,C2022Q4,T02,C2022Q4T02,41,NSW1-QLD1,QLD1,100,100,10879.32,0.0
2022-05,C2022Q4,T02,C2022Q4T02,41,V-SA,SA1,64,64,11500.92,0.0
2022-05,C2022Q4,T02,C2022Q4T02,41,V-SA,VIC1,73,73,1480.6,0.0
2022-05,C2022Q4,T02,C2022Q4T02,41,VIC1-NSW1,NSW1,108,108,1766.4,0.0
2022-05,C2022Q4,T02,C2022Q4T02,41,VIC1-NSW1,VIC1,125,125,8000.0,0.0
2022-05,C2023Q1,T01,C2023Q1T01,41,NSW1-QLD1,NSW1,45,45,1955.8,0.0
2022-05,C2023Q1,T01,C2023Q1T01,41,NSW1-QLD1,QLD1,100,100,11065.6,0.0
2022-05,C2023Q1,T01,C2023Q1T01,41,V-SA,SA1,64,64,4709.0,0.0
2022-05,C2023Q1,T01,C2023Q1T01,41,V-SA,VIC1,73,73,4901.18,0.0
2022-05,C2023Q1,T01,C2023Q1T01,41,VIC1-NSW1,NSW1,108,108,6310.5,0.0
2022-05,C2023Q1,T01,C2023Q1T01,41,VIC1-NSW1,VIC1,125,125,8058.0,0.0
2022-05,C2020Q3,T12,C2020Q3T12,48,NSW1-QLD1,NSW1,90,55,210.08,0.0
2022-05,C2020Q3,T12,C2020Q3T12,48,NSW1-QLD1,QLD1,210,139,11555.0,0.0
2022-05,C2020Q3,T12,C2020Q3T12,48,V-SA,SA1,96,73,9151.07,0.0
2022-05,C2020Q3,T12,C2020Q3T12,48,V-SA,VIC1,193,77,1713.0,0.0
2022-05,C2020Q3,T12,C2020Q3T12,48,VIC1-NSW1,NSW1,296,112,1023.75,0.0
2022-05,C2020Q3,T12,C2020Q3T12,48,VIC1-NSW1,VIC1,355,135,4901.0,0.0
2022-05,C2020Q4,T11,C2020Q4T11,48,NSW1-QLD1,NSW1,193,45,701.23,0.0
2022-05,C2020Q4,T11,C2020Q4T11,48,NSW1-QLD1,QLD1,222,110,10878.4,0.0
2022-05,C2020Q4,T11,C2020Q4T11,48,V-SA,SA1,94,64,8001.2,0.0
2022-05,C2022Q3,T09,C2022Q3T09,10,NSW1-QLD1,NSW1,45,45,2439.06,0.0
2022-05,C2022Q3,T09,C2022Q3T09,10,NSW1-QLD1,QLD1,192,100,15250.0,0.0
2022-05,C2022Q3,T09,C2022Q3T09,10,V-SA,SA1,112,64,4763.0,0.0
2022-05,C2022Q3,T09,C2022Q3T09,10,V-SA,VIC1,125,73,6000.0,0.0
2022-05,C2022Q3,T09,C2022Q3T09,10,VIC1-NSW1,NSW1,272,108,1204.0,0.0
2022-05,C2022Q3,T09,C2022Q3T09,10,VIC1-NSW1,VIC1,201,125,13616.76,0.0
2022-05,C2022Q4,T08,C2022Q4T08,10,NSW1-QLD1,NSW1,45,45,4007.9,0.0
2022-05,C2022Q4,T08,C2022Q4T08,10,NSW1-QLD1,QLD1,201,100,12474.59,0.0
2022-05,C2022Q4,T08,C2022Q4T08,10,V-SA,SA1,85,64,5036.0,0.0
2022-05,C2022Q4,T08,C2022Q4T08,10,V-SA,VIC1,147,73,6731.0,0.0
2022-05,C2022Q4,T08,C2022Q4T08,10,VIC1-NSW1,NSW1,174,108,1078.0,0.0
2022-05,C2022Q4,T08,C2022Q4T08,10,VIC1-NSW1,VIC1,258,125,16782.7,0.0
2022-05,C2023Q1,T07,C2023Q1T07,10,NSW1-QLD1,NSW1,45,45,6133.29,0.0
2022-05,C2023Q1,T07,C2023Q1T07,10,NSW1-QLD1,QLD1,242,110,18000.0,0.0
2022-05,C2023Q1,T07,C2023Q1T07,10,V-SA,SA1,81,64,6000.0,0.0
2022-05,C2023Q1,T07,C2023Q1T07,10,V-SA,VIC1,98,74,10165.16,0.0
2022-05,C2023Q1,T07,C2023Q1T07,10,VIC1-NSW1,NSW1,118,108,4989.6,0.0
2022-05,C2023Q1,T07,C2023Q1T07,10,VIC1-NSW1,VIC1,202,130,19250.87,0.0
2022-05,C2023Q2,T06,C2023Q2T06,10,NSW1-QLD1,NSW1,47,45,2000.0,0.0
2022-05,C2023Q2,T06,C2023Q2T06,10,NSW1-QLD1,QLD1,157,100,17909.89,0.0
2022-05,C2023Q2,T06,C2023Q2T06,10,V-SA,SA1,133,64,3548.44,0.0
2022-05,C2023Q2,T06,C2023Q2T06,10,V-SA,VIC1,106,73,5460.0,0.0
2022-05,C2023Q2,T06,C2023Q2T06,10,VIC1-NSW1,NSW1,301,108,1004.0,0.0
2022-05,C2023Q2,T06,C2023Q2T06,10,VIC1-NSW1,VIC1,192,125,15441.4,0.0
2022-05,C2023Q3,T05,C2023Q3T05,10,NSW1-QLD1,NSW1,51,45,2000.0,0.0
2022-05,C2023Q3,T05,C2023Q3T05,10,NSW1-QLD1,QLD1,126,100,19125.36,0.0
2022-05,C2023Q3,T05,C2023Q3T05,10,V-SA,SA1,114,64,4080.9,0.0
2022-05,C2023Q3,T05,C2023Q3T05,10,V-SA,VIC1,96,73,5931.0,0.0
2022-05,C2023Q3,T05,C2023Q3T05,10,VIC1-NSW1,NSW1,154,108,1104.0,0.0
2022-05,C2023Q3,T05,C2023Q3T05,10,VIC1-NSW1,VIC1,191,125,15226.64,0.0
2022-05,C2023Q4,T04,C2023Q4T04,10,NSW1-QLD1,NSW1,45,45,3343.47,0.0
2022-05,C2023Q4,T04,C2023Q4T04,10,NSW1-QLD1,QLD1,120,100,16440.0,0.0
2022-05,C2023Q4,T04,C2023Q4T04,10,V-SA,SA1,90,64,4452.0,0.0
2022-05,C2023Q4,T04,C2023Q4T04,10,V-SA,VIC1,87,73,7728.0,0.0
2022-05,C2023Q4,T04,C2023Q4T04,10,VIC1-NSW1,NSW1,138,108,1170.0,0.0
2022-05,C2023Q4,T04,C2023Q4T04,10,VIC1-NSW1,VIC1,186,125,16575.0,0.0
2022-05,C2024Q1,T03,C2024Q1T03,10,NSW1-QLD1,NSW1,45,45,5458.84,0.0
2022-05,C2024Q1,T03,C2024Q1T03,10,NSW1-QLD1,QLD1,113,100,19807.7,0.0
2022-05,C2024Q1,T03,C2024Q1T03,10,V-SA,SA1,68,64,4754.0,0.0
2022-05,C2024Q1,T03,C2024Q1T03,10,V-SA,VIC1,85,73,9761.0,0.0
2022-05,C2024Q1,T03,C2024Q1T03,10,VIC1-NSW1,NSW1,114,108,4620.43,0.0
2022-05,C2024Q1,T03,C2024Q1T03,10,VIC1-NSW1,VIC1,133,133,20334.59,0.0
2022-05,C2024Q2,T02,C2024Q2T02,10,NSW1-QLD1,NSW1,45,45,2000.0,0.0
2022-05,C2024Q2,T02,C2024Q2T02,10,NSW1-QLD1,QLD1,100,100,20407.93,0.0
2022-05,C2024Q2,T02,C2024Q2T02,10,V-SA,SA1,82,64,3186.17,0.0
2022-05,C2024Q2,T02,C2024Q2T02,10,V-SA,VIC1,73,73,5460.0,0.0
2022-05,C2024Q2,T02,C2024Q2T02,10,VIC1-NSW1,NSW1,164,108,1004.0,0.0
2022-05,C2024Q2,T02,C2024Q2T02,10,VIC1-NSW1,VIC1,126,125,14879.43,0.0
2022-05,C2024Q3,T01,C2024Q3T01,10,NSW1-QLD1,NSW1,45,45,2000.0,0.0
2022-05,C2024Q3,T01,C2024Q3T01,10,NSW1-QLD1,QLD1,100,100,19125.36,0.0
2022-05,C2024Q3,T01,C2024Q3T01,10,V-SA,SA1,64,64,3746.4,0.0
2022-05,C2024Q3,T01,C2024Q3T01,10,V-SA,VIC1,73,73,6000.0,0.0
2022-05,C2024Q3,T01,C2024Q3T01,10,VIC1-NSW1,NSW1,108,108,1046.85,0.0
2022-05,C2024Q3,T01,C2024Q3T01,10,VIC1-NSW1,VIC1,125,125,15226.64,0.0
2022-05,C2022Q1,T12,C2022Q1T12,9,NSW1-QLD1,NSW1,94,60,12123.0,0.0
2022-05,C2022Q1,T12,C2022Q1T12,9,NSW1-QLD1,QLD1,329,106,10987.65,0.0
2022-05,C2022Q1,T12,C2022Q1T12,9,V-SA,SA1,111,84,6593.0,0.0
2022-05,C2022Q1,T12,C2022Q1T12,9,V-SA,VIC1,112,77,12500.0,0.0
2022-05,C2022Q1,T12,C2022Q1T12,9,VIC1-NSW1,NSW1,186,137,4320.0,0.0
2022-05,C2022Q1,T12,C2022Q1T12,9,VIC1-NSW1,VIC1,349,125,19422.49,0.0
2022-05,C2022Q2,T11,C2022Q2T11,9,NSW1-QLD1,NSW1,83,55,3906.0,0.0
2022-05,C2022Q2,T11,C2022Q2T11,9,NSW1-QLD1,QLD1,251,100,9350.0,0.0
2022-05,C2022Q2,T11,C2022Q2T11,9,V-SA,SA1,114,66,5192.0,0.0
2022-05,C2022Q2,T11,C2022Q2T11,9,V-SA,VIC1,133,73,7050.0,0.0
2022-05,C2022Q2,T11,C2022Q2T11,9,VIC1-NSW1,NSW1,317,151,1240.0,0.0
2022-05,C2022Q2,T11,C2022Q2T11,9,VIC1-NSW1,VIC1,223,145,15000.0,0.0
2022-05,C2022Q3,T10,C2022Q3T10,9,NSW1-QLD1,NSW1,83,55,2993.94,0.0
2022-05,C2022Q3,T10,C2022Q3T10,9,NSW1-QLD1,QLD1,278,114,12750.0,0.0
2022-05,C2022Q3,T10,C2022Q3T10,9,V-SA,SA1,136,79,5655.55,0.0
2022-05,C2022Q3,T10,C2022Q3T10,9,V-SA,VIC1,133,73,7533.33,0.0
2022-05,C2022Q3,T10,C2022Q3T10,9,VIC1-NSW1,NSW1,265,126,1385.2,0.0
2022-05,C2022Q3,T10,C2022Q3T10,9,VIC1-NSW1,VIC1,263,131,13000.0,0.0
2022-05,C2022Q4,T09,C2022Q4T09,9,NSW1-QLD1,NSW1,73,45,6000.0,0.0
2022-05,C2022Q4,T09,C2022Q4T09,9,NSW1-QLD1,QLD1,285,100,9445.0,0.0
2022-05,C2022Q4,T09,C2022Q4T09,9,V-SA,SA1,108,64,6132.43,0.0
2022-05,C2022Q4,T09,C2022Q4T09,9,V-SA,VIC1,153,73,7940.85,0.0
2022-05,C2022Q4,T09,C2022Q4T09,9,VIC1-NSW1,NSW1,174,108,1200.0,0.0
2022-05,C2022Q4,T09,C2022Q4T09,9,VIC1-NSW1,VIC1,261,128,19024.49,0.0
2022-05,C2023Q1,T08,C2023Q1T08,9,NSW1-QLD1,NSW1,73,45,7800.94,0.0
2022-05,C2023Q1,T08,C2023Q1T08,9,NSW1-QLD1,QLD1,271,105,15164.59,0.0
2022-05,C2023Q1,T08,C2023Q1T08,9,V-SA,SA1,87,77,6603.0,0.0
2022-05,C2023Q1,T08,C2023Q1T08,9,V-SA,VIC1,104,73,13365.0,0.0
2022-05,C2023Q1,T08,C2023Q1T08,9,VIC1-NSW1,NSW1,153,110,4551.0,0.0
2022-05,C2023Q1,T08,C2023Q1T08,9,VIC1-NSW1,VIC1,165,125,21175.95,0.0
2022-05,C2023Q2,T07,C2023Q2T07,9,NSW1-QLD1,NSW1,71,45,2410.0,0.0
2022-05,C2023Q2,T07,C2023Q2T07,9,NSW1-QLD1,QLD1,220,100,17015.0,0.0
2022-05,C2023Q2,T07,C2023Q2T07,9,V-SA,SA1,129,86,4403.0,0.0
2022-05,C2023Q2,T07,C2023Q2T07,9,V-SA,VIC1,113,73,6606.6,0.0
2022-05,C2023Q2,T07,C2023Q2T07,9,VIC1-NSW1,NSW1,188,108,1104.4,0.0
2022-05,C2023Q2,T07,C2023Q2T07,9,VIC1-NSW1,VIC1,223,125,15820.49,0.0
2022-05,C2023Q3,T06,C2023Q3T06,9,NSW1-QLD1,NSW1,75,45,2400.0,0.0
2022-05,C2023Q3,T06,C2023Q3T06,9,NSW1-QLD1,QLD1,170,100,18260.0,0.0
2022-05,C2023Q3,T06,C2023Q3T06,9,V-SA,SA1,118,72,5000.0,0.0
2022-05,C2023Q3,T06,C2023Q3T06,9,V-SA,VIC1,103,73,7500.0,0.0
2022-05,C2023Q3,T06,C2023Q3T06,9,VIC1-NSW1,NSW1,175,108,1106.0,0.0
2022-05,C2023Q3,T06,C2023Q3T06,9,VIC1-NSW1,VIC1,203,125,15590.49,0.0
2022-05,C2023Q4,T05,C2023Q4T05,9,NSW1-QLD1,NSW1,65,45,5349.55,0.0
2022-05,C2023Q4,T05,C2023Q4T05,9,NSW1-QLD1,QLD1,194,100,12500.0,0.0
2022-05,C2023Q4,T05,C2023Q4T05,9,V-SA,SA1,111,64,5500.0,0.0
2022-05,C2023Q4,T05,C2023Q4T05,9,V-SA,VIC1,88,73,8500.79,0.0
2022-05,C2023Q4,T05,C2023Q4T05,9,VIC1-NSW1,NSW1,158,108,1277.0,0.0
2022-05,C2023Q4,T05,C2023Q4T05,9,VIC1-NSW1,VIC1,195,125,18232.5,0.0
2022-05,C2024Q1,T04,C2024Q1T04,9,NSW1-QLD1,NSW1,45,45,7162.96,0.0
2022-05,C2024Q1,T04,C2024Q1T04,9,NSW1-QLD1,QLD1,134,101,20748.0,0.0
2022-05,C2024Q1,T04,C2024Q1T04,9,V-SA,SA1,64,64,6893.3,0.0
2022-05,C2024Q1,T04,C2024Q1T04,9,V-SA,VIC1,90,73,15000.0,0.0
2022-05,C2024Q1,T04,C2024Q1T04,9,VIC1-NSW1,NSW1,124,115,4370.2,0.0
2022-05,C2024Q1,T04,C2024Q1T04,9,VIC1-NSW1,VIC1,145,125,22368.05,0.0
2022-05,C2024Q2,T03,C2024Q2T03,9,NSW1-QLD1,NSW1,45,45,2579.0,0.0
2022-05,C2024Q2,T03,C2024Q2T03,9,NSW1-QLD1,QLD1,100,100,20748.0,0.0
2022-05,C2024Q2,T03,C2024Q2T03,9,V-SA,SA1,79,70,4462.18,0.0
2022-05,C2024Q2,T03,C2024Q2T03,9,V-SA,VIC1,73,73,7500.0,0.0
2022-05,C2024Q2,T03,C2024Q2T03,9,VIC1-NSW1,NSW1,138,108,1048.0,0.0
2022-05,C2024Q2,T03,C2024Q2T03,9,VIC1-NSW1,VIC1,125,125,14742.0,0.0
2022-05,C2024Q3,T02,C2024Q3T02,9,NSW1-QLD1,NSW1,45,45,2400.0,0.0
2022-05,C2024Q3,T02,C2024Q3T02,9,NSW1-QLD1,QLD1,100,100,19126.0,0.0
2022-05,C2024Q3,T02,C2024Q3T02,9,V-SA,SA1,78,75,5352.18,0.0
2022-05,C2024Q3,T02,C2024Q3T02,9,V-SA,VIC1,73,73,7500.0,0.0
2022-05,C2024Q3,T02,C2024Q3T02,9,VIC1-NSW1,NSW1,108,108,1058.0,0.0
2022-05,C2024Q3,T02,C2024Q3T02,9,VIC1-NSW1,VIC1,125,125,15002.0,0.0
2022-05,C2024Q4,T01,C2024Q4T01,9,NSW1-QLD1,NSW1,45,45,5006.08,0.0
2022-05,C2024Q4,T01,C2024Q4T01,9,NSW1-QLD1,QLD1,100,100,12909.44,0.0
2022-05,C2024Q4,T01,C2024Q4T01,9,V-SA,SA1,64,64,5561.0,0.0
2022-05,C2024Q4,T01,C2024Q4T01,9,V-SA,VIC1,73,73,8675.28,0.0
2022-05,C2024Q4,T01,C2024Q4T01,9,VIC1-NSW1,NSW1,108,108,1287.0,0.0
2022-05,C2024Q4,T01,C2024Q4T01,9,VIC1-NSW1,VIC1,125,125,17050.0,0.0
2022-05,C2022Q2,T12,C2022Q2T12,9,NSW1-QLD1,NSW1,127,100,4537.55,0.0
2022-05,C2022Q2,T12,C2022Q2T12,9,NSW1-QLD1,QLD1,207,100,7637.0,0.0
2022-05,C2022Q2,T12,C2022Q2T12,9,V-SA,SA1,106,66,4487.0,0.0
2022-05,C2022Q2,T12,C2022Q2T12,9,V-SA,VIC1,133,83,13539.0,0.0
2022-05,C2022Q1,T12,C2022Q1T12,7,NSW1-QLD1,QLD1,329,106,10987.65,0.0
2022-05,C2022Q1,T12,C2022Q1T12,7,V-SA,SA1,111,84,6593.0,0.0
2022-05,C2022Q1,T12,C2022Q1T12,7,V-SA,VIC1,112,77,12500.0,0.0
2022-05,C2022Q1,T12,C2022Q1T12,7,VIC1-NSW1,NSW1,186,137,4320.0,0.0
2022-05,C2022Q1,T12,C2022Q1T12,7,VIC1-NSW1,VIC1,349,125,19422.49,0.0
2022-05,C2022Q2,T11,C2022Q2T11,7,NSW1-QLD1,NSW1,83,55,3906.0,0.0
2022-05,C2022Q2,T11,C2022Q2T11,7,NSW1-QLD1,QLD1,251,100,9350.0,0.0
2022-05,C2022Q2,T11,C2022Q2T11,7,V-SA,SA1,114,66,5192.0,0.0
2022-05,C2022Q2,T11,C2022Q2T11,7,V-SA,VIC1,133,73,7050.0,0.0
2022-05,C2022Q2,T11,C2022Q2T11,7,VIC1-NSW1,NSW1,317,151,1240.0,0.0
2022-05,C2022Q2,T11,C2022Q2T11,7,VIC1-NSW1,VIC1,223,145,15000.0,0.0
2022-05,C2022Q3,T10,C2022Q3T10,7,NSW1-QLD1,NSW1,83,55,2993.94,0.0
2022-05,C2022Q3,T10,C2022Q3T10,7,NSW1-QLD1,QLD1,278,114,12750.0,0.0
2022-05,C2022Q3,T10,C2022Q3T10,7,V-SA,SA1,136,79,5655.55,0.0
2022-05,C2022Q3,T10,C2022Q3T10,7,V-SA,VIC1,133,73,7533.33,0.0
2022-05,C2022Q3,T10,C2022Q3T10,7,VIC1-NSW1,NSW1,265,126,1385.2,0.0
2022-05,C2022Q3,T10,C2022Q3T10,7,VIC1-NSW1,VIC1,263,131,13000.0,0.0
2022-05,C2022Q4,T09,C2022Q4T09,7,NSW1-QLD1,NSW1,73,45,6000.0,0.0
2022-05,C2022Q4,T09,C2022Q4T09,7,NSW1-QLD1,QLD1,285,100,9445.0,0.0
2022-05,C2022Q4,T09,C2022Q4T09,7,V-SA,SA1,108,64,6132.43,0.0
2022-05,C2022Q4,T09,C2022Q4T09,7,V-SA,VIC1,153,73,7940.85,0.0
2022-05,C2022Q4,T09,C2022Q4T09,7,VIC1-NSW1,NSW1,174,108,1200.0,0.0
2022-05,C2022Q4,T09,C2022Q4T09,7,VIC1-NSW1,VIC1,261,128,19024.49,0.0
2022-05,C2023Q1,T08,C2023Q1T08,7,NSW1-QLD1,NSW1,73,45,7800.94,0.0
2022-05,C2023Q1,T08,C2023Q1T08,7,NSW1-QLD1,QLD1,271,105,15164.59,0.0
2022-05,C2023Q1,T08,C2023Q1T08,7,V-SA,SA1,87,77,6603.0,0.0
2022-05,C2023Q1,T08,C2023Q1T08,7,V-SA,VIC1,104,73,13365.0,0.0
2022-05,C2023Q1,T08,C2023Q1T08,7,VIC1-NSW1,NSW1,153,110,4551.0,0.0
2022-05,C2023Q1,T08,C2023Q1T08,7,VIC1-NSW1,VIC1,165,125,21175.95,0.0
2022-05,C2023Q2,T07,C2023Q2T07,7,NSW1-QLD1,NSW1,71,45,2410.0,0.0
2022-05,C2023Q2,T07,C2023Q2T07,7,NSW1-QLD1,QLD1,220,100,17015.0,0.0
2022-05,C2023Q2,T07,C2023Q2T07,7,V-SA,SA1,129,86,4403.0,0.0
2022-05,C2023Q2,T07,C2023Q2T07,7,V-SA,VIC1,113,73,6606.6,0.0
2022-05,C2023Q2,T07,C2023Q2T07,7,VIC1-NSW1,NSW1,188,108,1104.4,0.0
2022-05,C2023Q2,T07,C2023Q2T07,7,VIC1-NSW1,VIC1,223,125,15820.49,0.0
2022-05,C2023Q3,T06,C2023Q3T06,7,NSW1-QLD1,NSW1,75,45,2400.0,0.0
2022-05,C2023Q3,T06,C2023Q3T06,7,NSW1-QLD1,QLD1,170,100,18260.0,0.0
2022-05,C2023Q3,T06,C2023Q3T06,7,V-SA,SA1,118,72,5000.0,0.0
2022-05,C2023Q3,T06,C2023Q3T06,7,V-SA,VIC1,103,73,7500.0,0.0
2022-05,C2023Q3,T06,C2023Q3T06,7,VIC1-NSW1,NSW1,175,108,1106.0,0.0
2022-05,C2023Q3,T06,C2023Q3T06,7,VIC1-NSW1,VIC1,203,125,15590.49,0.0
2022-05,C2023Q4,T05,C2023Q4T05,7,NSW1-QLD1,NSW1,65,45,5349.55,0.0
2022-05,C2023Q4,T05,C2023Q4T05,7,NSW1-QLD1,QLD1,194,100,12500.0,0.0
2022-05,C2023Q4,T05,C2023Q4T05,7,V-SA,SA1,111,64,5500.0,0.0
2022-05,C2023Q4,T05,C2023Q4T05,7,V-SA,VIC1,88,73,8500.79,0.0
2022-05,C2023Q4,T05,C2023Q4T05,7,VIC1-NSW1,NSW1,158,108,1277.0,0.0
2022-05,C2023Q4,T05,C2023Q4T05,7,VIC1-NSW1,VIC1,195,125,18232.5,0.0
2022-05,C2024Q1,T04,C2024Q1T04,7,NSW1-QLD1,NSW1,45,45,7162.96,0.0
2022-05,C2024Q1,T04,C2024Q1T04,7,NSW1-QLD1,QLD1,134,101,20748.0,0.0
2022-05,C2024Q1,T04,C2024Q1T04,7,V-SA,SA1,64,64,6893.3,0.0
2022-05,C2024Q1,T04,C2024Q1T04,7,V-SA,VIC1,90,73,15000.0,0.0
2022-05,C2024Q1,T04,C2024Q1T04,7,VIC1-NSW1,NSW1,124,115,4370.2,0.0
2022-05,C2024Q1,T04,C2024Q1T04,7,VIC1-NSW1,VIC1,145,125,22368.05,0.0
2022-05,C2024Q2,T03,C2024Q2T03,7,NSW1-QLD1,NSW1,45,45,2579.0,0.0
2022-05,C2024Q2,T03,C2024Q2T03,7,NSW1-QLD1,QLD1,100,100,20748.0,0.0
2022-05,C2024Q2,T03,C2024Q2T03,7,V-SA,SA1,79,70,4462.18,0.0
2022-05,C2024Q2,T03,C2024Q2T03,7,V-SA,VIC1,73,73,7500.0,0.0
2022-05,C2024Q2,T03,C2024Q2T03,7,VIC1-NSW1,NSW1,138,108,1048.0,0.0
2022-05,C2024Q2,T03,C2024Q2T03,7,VIC1-NSW1,VIC1,125,125,14742.0,0.0
2022-05,C2024Q3,T02,C2024Q3T02,7,NSW1-QLD1,NSW1,45,45,2400.0,0.0
2022-05,C2024Q3,T02,C2024Q3T02,7,NSW1-QLD1,QLD1,100,100,19126.0,0.0
2022-05,C2024Q3,T02,C2024Q3T02,7,V-SA,SA1,78,75,5352.18,0.0
2022-05,C2024Q3,T02,C2024Q3T02,7,V-SA,VIC1,73,73,7500.0,0.0
2022-05,C2024Q3,T02,C2024Q3T02,7,VIC1-NSW1,NSW1,108,108,1058.0,0.0
2022-05,C2024Q3,T02,C2024Q3T02,7,VIC1-NSW1,VIC1,125,125,15002.0,0.0
2022-05,C2024Q4,T01,C2024Q4T01,7,NSW1-QLD1,NSW1,45,45,5006.08,0.0
2022-05,C2024Q4,T01,C2024Q4T01,7,NSW1-QLD1,QLD1,100,100,12909.44,0.0
2022-05,C2024Q4,T01,C2024Q4T01,7,V-SA,SA1,64,64,5561.0,0.0
2022-05,C2024Q4,T01,C2024Q4T01,7,V-SA,VIC1,73,73,8675.28,0.0
2022-05,C2024Q4,T01,C2024Q4T01,7,VIC1-NSW1,NSW1,108,108,1287.0,0.0
2022-05,C2024Q4,T01,C2024Q4T01,7,VIC1-NSW1,VIC1,125,125,17050.0,0.0
2022-05,C2022Q2,T05,C2022Q2T05,47,V-SA,VIC1,118,73,1401.0,0.0
2022-05,C2022Q2,T05,C2022Q2T05,47,VIC1-NSW1,NSW1,138,108,842.0,0.0
2022-05,C2022Q2,T05,C2022Q2T05,47,VIC1-NSW1,VIC1,160,125,6400.0,0.0
2022-05,C2022Q3,T04,C2022Q3T04,47,NSW1-QLD1,NSW1,51,51,510.0,0.0
2022-05,C2022Q3,T04,C2022Q3T04,47,NSW1-QLD1,QLD1,147,100,11702.4,0.0
2022-05,C2022Q3,T04,C2022Q3T04,47,V-SA,SA1,84,64,3502.1,0.0
2022-05,C2022Q3,T04,C2022Q3T04,47,V-SA,VIC1,93,73,1695.75,0.0
2022-05,C2022Q3,T04,C2022Q3T04,47,VIC1-NSW1,NSW1,138,108,880.8,0.0
2022-05,C2022Q3,T04,C2022Q3T04,47,VIC1-NSW1,VIC1,155,125,6400.0,0.0
2022-05,C2022Q4,T03,C2022Q4T03,47,NSW1-QLD1,NSW1,55,45,889.0,0.0
2022-05,C2022Q4,T03,C2022Q4T03,47,NSW1-QLD1,QLD1,125,100,11250.0,0.0
2022-05,C2022Q4,T03,C2022Q4T03,47,V-SA,SA1,80,64,4000.0,0.0
2022-05,C2022Q4,T03,C2022Q4T03,47,V-SA,VIC1,88,73,1978.0,0.0
2022-05,C2022Q4,T03,C2022Q4T03,47,VIC1-NSW1,NSW1,108,108,1104.0,0.0
2022-05,C2022Q4,T03,C2022Q4T03,47,VIC1-NSW1,VIC1,140,125,6416.0,0.0
2022-05,C2023Q1,T02,C2023Q1T02,47,NSW1-QLD1,NSW1,45,45,2520.0,0.0
2022-05,C2023Q1,T02,C2023Q1T02,47,NSW1-QLD1,QLD1,125,100,14606.59,0.0
2022-05,C2023Q1,T02,C2023Q1T02,47,V-SA,SA1,64,64,4800.0,0.0
2022-05,C2023Q1,T02,C2023Q1T02,47,V-SA,VIC1,82,73,5442.72,0.0
2022-05,C2023Q1,T02,C2023Q1T02,47,VIC1-NSW1,NSW1,108,108,5553.24,0.0
2022-05,C2023Q1,T02,C2023Q1T02,47,VIC1-NSW1,VIC1,150,128,9203.0,0.0
2022-05,C2023Q2,T01,C2023Q2T01,47,NSW1-QLD1,NSW1,45,45,395.0,0.0
2022-05,C2023Q2,T01,C2023Q2T01,47,NSW1-QLD1,QLD1,100,100,11373.4,0.0
2022-05,C2023Q2,T01,C2023Q2T01,47,V-SA,SA1,64,64,3250.0,0.0
2022-05,C2023Q2,T01,C2023Q2T01,47,V-SA,VIC1,73,73,1360.0,0.0
2022-05,C2023Q2,T01,C2023Q2T01,47,VIC1-NSW1,NSW1,108,108,960.96,0.0
2022-05,C2023Q2,T01,C2023Q2T01,47,VIC1-NSW1,VIC1,125,125,6666.0,0.0
2022-05,C2020Q4,T12,C2020Q4T12,26,NSW1-QLD1,NSW1,157,55,804.0,0.0
2022-05,C2020Q4,T12,C2020Q4T12,26,NSW1-QLD1,QLD1,210,100,10450.0,0.0
2022-05,C2020Q4,T12,C2020Q4T12,26,V-SA,SA1,91,66,6500.85,0.0
2022-05,C2020Q4,T12,C2020Q4T12,26,V-SA,VIC1,97,77,3000.33,0.0
2022-05,C2020Q4,T12,C2020Q4T12,26,VIC1-NSW1,NSW1,222,112,2755.0,0.0
2022-05,C2020Q4,T12,C2020Q4T12,26,VIC1-NSW1,VIC1,285,126,4500.0,0.0
2022-05,C2021Q1,T11,C2021Q1T11,26,NSW1-QLD1,NSW1,79,45,1755.0,0.0
2022-05,C2021Q1,T11,C2021Q1T11,26,NSW1-QLD1,QLD1,150,100,19785.0,0.0
2022-05,C2021Q1,T11,C2021Q1T11,26,V-SA,SA1,89,64,6750.0,0.0
2022-05,C2021Q1,T11,C2021Q1T11,26,V-SA,VIC1,93,73,5500.0,0.0
2022-05,C2021Q1,T11,C2021Q1T11,26,VIC1-NSW1,NSW1,188,108,8500.93,0.0
2022-05,C2021Q1,T11,C2021Q1T11,26,VIC1-NSW1,VIC1,175,125,6975.0,0.0
2022-05,C2021Q2,T10,C2021Q2T10,26,NSW1-QLD1,NSW1,45,45,160.36,0.0
2022-05,C2021Q2,T10,C2021Q2T10,26,NSW1-QLD1,QLD1,175,100,11750.0,0.0
2022-05,C2021Q2,T10,C2021Q2T10,26,V-SA,SA1,109,64,3850.0,0.0
2022-05,C2021Q2,T10,C2021Q2T10,26,V-SA,VIC1,108,73,1780.0,0.0
2022-05,C2021Q2,T10,C2021Q2T10,26,VIC1-NSW1,NSW1,199,108,1300.84,0.0
2022-05,C2021Q2,T10,C2021Q2T10,26,VIC1-NSW1,VIC1,205,125,4007.84,0.0
2022-05,C2021Q3,T09,C2021Q3T09,26,NSW1-QLD1,NSW1,45,45,252.0,0.0
2022-05,C2021Q3,T09,C2021Q3T09,26,NSW1-QLD1,QLD1,180,100,12950.12,0.0
2022-05,C2021Q3,T09,C2021Q3T09,26,V-SA,SA1,109,64,4504.0,0.0
2022-05,C2021Q3,T09,C2021Q3T09,26,V-SA,VIC1,113,73,1600.94,0.0
2022-05,C2021Q3,T09,C2021Q3T09,26,VIC1-NSW1,NSW1,247,108,1304.0,0.0
2022-05,C2021Q3,T09,C2021Q3T09,26,VIC1-NSW1,VIC1,185,125,4500.0,0.0
2022-05,C2021Q4,T08,C2021Q4T08,26,NSW1-QLD1,NSW1,108,45,604.0,0.0
2022-05,C2021Q4,T08,C2021Q4T08,26,NSW1-QLD1,QLD1,160,100,11150.0,0.0
2022-05,C2021Q4,T08,C2021Q4T08,26,V-SA,SA1,109,64,4833.66,0.0
2022-05,C2021Q4,T08,C2021Q4T08,26,V-SA,VIC1,137,73,2127.76,0.0
2022-05,C2021Q4,T08,C2021Q4T08,26,VIC1-NSW1,NSW1,148,108,1504.0,0.0
2022-05,C2021Q4,T08,C2021Q4T08,26,VIC1-NSW1,VIC1,205,125,5250.0,0.0
2022-05,C2022Q1,T07,C2022Q1T07,26,NSW1-QLD1,NSW1,54,45,2350.0,0.0
2022-05,C2022Q1,T07,C2022Q1T07,26,NSW1-QLD1,QLD1,136,100,16000.0,0.0
2022-05,C2020Q3,T10,C2020Q3T10,29,VIC1-NSW1,VIC1,297,125,3957.0,0.0
2022-05,C2020Q4,T09,C2020Q4T09,29,NSW1-QLD1,NSW1,170,45,675.0,0.0
2022-05,C2020Q4,T09,C2020Q4T09,29,NSW1-QLD1,QLD1,228,100,14200.0,0.0
2022-05,C2020Q4,T09,C2020Q4T09,29,V-SA,SA1,74,64,13751.0,0.0
2022-05,C2020Q4,T09,C2020Q4T09,29,V-SA,VIC1,163,73,1278.4,0.0
2022-05,C2020Q4,T09,C2020Q4T09,29,VIC1-NSW1,NSW1,204,109,3000.0,0.0
2022-05,C2020Q4,T09,C2020Q4T09,29,VIC1-NSW1,VIC1,243,125,5503.0,0.0
2022-05,C2021Q1,T08,C2021Q1T08,29,NSW1-QLD1,NSW1,69,45,2500.0,0.0
2022-05,C2021Q1,T08,C2021Q1T08,29,NSW1-QLD1,QLD1,256,100,13517.0,0.0
2022-05,C2021Q1,T08,C2021Q1T08,29,V-SA,SA1,78,64,7413.91,0.0
2022-05,C2021Q1,T08,C2021Q1T08,29,V-SA,VIC1,89,73,2666.0,0.0
2022-05,C2021Q1,T08,C2021Q1T08,29,VIC1-NSW1,NSW1,137,119,8718.75,0.0
2022-05,C2021Q1,T08,C2021Q1T08,29,VIC1-NSW1,VIC1,313,125,5620.0,0.0
2022-05,C2021Q2,T07,C2021Q2T07,29,NSW1-QLD1,NSW1,89,45,150.0,0.0
2022-05,C2021Q2,T07,C2021Q2T07,29,NSW1-QLD1,QLD1,159,100,10679.76,0.0
2022-05,C2021Q2,T07,C2021Q2T07,29,V-SA,SA1,74,64,10507.57,0.0
2022-05,C2021Q2,T07,C2021Q2T07,29,V-SA,VIC1,147,73,1509.0,0.0
2022-05,C2021Q2,T07,C2021Q2T07,29,VIC1-NSW1,NSW1,144,108,1706.0,0.0
2022-05,C2021Q2,T07,C2021Q2T07,29,VIC1-NSW1,VIC1,189,125,4793.0,0.0
2022-05,C2021Q3,T06,C2021Q3T06,29,NSW1-QLD1,NSW1,48,45,245.0,0.0
2022-05,C2021Q3,T06,C2021Q3T06,29,NSW1-QLD1,QLD1,171,100,11542.0,0.0
2022-05,C2021Q3,T06,C2021Q3T06,29,V-SA,SA1,74,64,10005.0,0.0
2022-05,C2021Q3,T06,C2021Q3T06,29,V-SA,VIC1,119,73,1413.12,0.0
2022-05,C2021Q3,T06,C2021Q3T06,29,VIC1-NSW1,NSW1,187,108,1656.0,0.0
2022-05,C2021Q3,T06,C2021Q3T06,29,VIC1-NSW1,VIC1,183,125,5420.0,0.0
2022-05,C2021Q4,T05,C2021Q4T05,29,NSW1-QLD1,NSW1,74,45,700.0,0.0
2022-05,C2021Q4,T05,C2021Q4T05,29,NSW1-QLD1,QLD1,135,100,10666.0,0.0
2022-05,C2021Q4,T05,C2021Q4T05,29,V-SA,SA1,74,64,12501.0,0.0
2022-05,C2021Q4,T05,C2021Q4T05,29,V-SA,VIC1,119,73,1642.55,0.0
2022-05,C2021Q4,T05,C2021Q4T05,29,VIC1-NSW1,NSW1,144,108,2002.0,0.0
2022-05,C2021Q4,T05,C2021Q4T05,29,VIC1-NSW1,VIC1,162,125,5270.0,0.0
2022-05,C2022Q1,T04,C2022Q1T04,29,NSW1-QLD1,NSW1,56,45,2222.5,0.0
2022-05,C2022Q1,T04,C2022Q1T04,29,NSW1-QLD1,QLD1,135,100,8512.0,0.0
2022-05,C2022Q1,T04,C2022Q1T04,29,V-SA,SA1,64,64,5540.0,0.0
2022-05,C2022Q1,T04,C2022Q1T04,29,V-SA,VIC1,88,73,2800.0,0.0
2022-05,C2022Q1,T04,C2022Q1T04,29,VIC1-NSW1,NSW1,113,108,6010.0,0.0
2022-05,C2022Q1,T04,C2022Q1T04,29,VIC1-NSW1,VIC1,217,125,5890.0,0.0
2022-05,C2022Q2,T03,C2022Q2T03,29,NSW1-QLD1,NSW1,50,45,200.0,0.0
2022-05,C2022Q2,T03,C2022Q2T03,29,NSW1-QLD1,QLD1,100,100,10750.0,0.0
2022-05,C2022Q2,T03,C2022Q2T03,29,V-SA,SA1,64,64,9889.2,0.0
2022-05,C2022Q2,T03,C2022Q2T03,29,V-SA,VIC1,88,73,1000.0,0.0
2022-05,C2022Q2,T03,C2022Q2T03,29,VIC1-NSW1,NSW1,134,108,1747.0,0.0
2022-05,C2022Q2,T03,C2022Q2T03,29,VIC1-NSW1,VIC1,125,125,5822.0,0.0
2022-05,C2022Q3,T02,C2022Q3T02,29,NSW1-QLD1,NSW1,45,45,220.0,0.0
2022-05,C2022Q3,T02,C2022Q3T02,29,NSW1-QLD1,QLD1,100,100,10465.92,0.0
2022-05,C2022Q3,T02,C2022Q3T02,29,V-SA,SA1,64,64,10006.0,0.0
2022-05,C2022Q3,T02,C2022Q3T02,29,V-SA,VIC1,74,73,1000.0,0.0
2022-05,C2022Q3,T02,C2022Q3T02,29,VIC1-NSW1,NSW1,113,108,1656.0,0.0
2022-05,C2022Q3,T02,C2022Q3T02,29,VIC1-NSW1,VIC1,125,125,5822.0,0.0
2022-05,C2022Q4,T01,C2022Q4T01,29,NSW1-QLD1,NSW1,45,45,625.0,0.0
2022-05,C2022Q4,T01,C2022Q4T01,29,NSW1-QLD1,QLD1,100,100,10666.0,0.0
2022-05,C2022Q4,T01,C2022Q4T01,29,V-SA,SA1,64,64,12501.0,0.0
2022-05,C2022Q4,T01,C2022Q4T01,29,V-SA,VIC1,73,73,1346.0,0.0
2022-05,C2022Q4,T01,C2022Q4T01,29,VIC1-NSW1,NSW1,108,108,2208.0,0.0
2022-05,C2022Q4,T01,C2022Q4T01,29,VIC1-NSW1,VIC1,125,125,5979.0,0.0
2022-05,C2020Q2,T12,C2020Q2T12,39,NSW1-QLD1,NSW1,90,55,174.14,0.0
2022-05,C2020Q2,T12,C2020Q2T12,39,NSW1-QLD1,QLD1,230,107,13890.24,0.0
2022-05,C2020Q2,T12,C2020Q2T12,39,V-SA,SA1,96,66,10592.4,0.0
2022-05,C2020Q2,T12,C2020Q2T12,39,V-SA,VIC1,177,77,1250.0,0.0
2022-05,C2020Q2,T12,C2020Q2T12,39,VIC1-NSW1,NSW1,286,132,1482.0,0.0
2022-05,C2020Q2,T12,C2020Q2T12,39,VIC1-NSW1,VIC1,335,155,5865.0,0.0
2022-05,C2020Q3,T11,C2020Q3T11,39,NSW1-QLD1,NSW1,80,45,164.27,0.0
2022-05,C2020Q3,T11,C2020Q3T11,39,NSW1-QLD1,QLD1,200,100,14862.32,0.0
2022-05,C2020Q3,T11,C2020Q3T11,39,V-SA,SA1,84,64,13752.0,0.0
2022-05,C2020Q3,T11,C2020Q3T11,39,V-SA,VIC1,148,73,1565.0,0.0
2022-05,C2020Q3,T11,C2020Q3T11,39,VIC1-NSW1,NSW1,311,108,1462.5,0.0
2022-05,C2020Q3,T11,C2020Q3T11,39,VIC1-NSW1,VIC1,262,125,5703.0,0.0
2022-05,C2020Q4,T10,C2020Q4T10,39,NSW1-QLD1,NSW1,97,45,700.0,0.0
2022-05,C2020Q4,T10,C2020Q4T10,39,NSW1-QLD1,QLD1,196,103,13598.0,0.0
2022-05,C2020Q4,T10,C2020Q4T10,39,V-SA,SA1,84,64,13823.0,0.0
2022-05,C2020Q4,T10,C2020Q4T10,39,V-SA,VIC1,133,73,1760.0,0.0
2022-05,C2020Q4,T10,C2020Q4T10,39,VIC1-NSW1,NSW1,288,108,2400.0,0.0
2022-05,C2020Q4,T10,C2020Q4T10,39,VIC1-NSW1,VIC1,296,127,6275.0,0.0
2022-05,C2021Q1,T09,C2021Q1T09,39,NSW1-QLD1,NSW1,62,45,1750.0,0.0
2022-05,C2021Q1,T09,C2021Q1T09,39,NSW1-QLD1,QLD1,185,100,17058.0,0.0
2022-05,C2021Q1,T09,C2021Q1T09,39,V-SA,SA1,119,64,7828.0,0.0
2022-05,C2021Q1,T09,C2021Q1T09,39,V-SA,VIC1,103,73,4532.0,0.0
2022-05,C2021Q1,T09,C2021Q1T09,39,VIC1-NSW1,NSW1,241,108,7560.0,0.0
2022-05,C2021Q1,T09,C2021Q1T09,39,VIC1-NSW1,VIC1,245,146,7218.66,0.0
2022-05,C2021Q2,T08,C2021Q2T08,39,NSW1-QLD1,NSW1,65,45,114.4,0.0
2022-05,C2021Q2,T08,C2021Q2T08,39,NSW1-QLD1,QLD1,180,100,10893.35,0.0
2022-05,C2021Q2,T08,C2021Q2T08,39,V-SA,SA1,64,64,8616.2,0.0
2022-05,C2021Q2,T08,C2021Q2T08,39,V-SA,VIC1,128,73,1131.75,0.0
2022-05,C2021Q2,T08,C2021Q2T08,39,VIC1-NSW1,NSW1,217,108,1000.85,0.0
2022-05,C2021Q2,T08,C2021Q2T08,39,VIC1-NSW1,VIC1,235,125,6216.0,0.0
2022-05,C2021Q3,T07,C2021Q3T07,39,NSW1-QLD1,NSW1,45,45,200.0,0.0
2022-05,C2021Q3,T07,C2021Q3T07,39,NSW1-QLD1,QLD1,180,100,11772.84,0.0
2022-05,C2021Q3,T07,C2021Q3T07,39,V-SA,SA1,64,64,10205.1,0.0
2022-05,C2021Q3,T07,C2021Q3T07,39,V-SA,VIC1,128,73,1550.0,0.0
2022-05,C2021Q3,T07,C2021Q3T07,39,VIC1-NSW1,NSW1,208,108,993.6,0.0
2022-05,C2021Q3,T07,C2021Q3T07,39,VIC1-NSW1,VIC1,240,125,7500.0,0.0
2022-05,C2021Q4,T06,C2021Q4T06,39,NSW1-QLD1,NSW1,45,45,685.0,0.0
2022-05,C2021Q4,T06,C2021Q4T06,39,NSW1-QLD1,QLD1,185,110,11477.0,0.0
2022-05,C2021Q4,T06,C2021Q4T06,39,V-SA,SA1,64,64,12501.0,0.0
2022-05,C2021Q4,T06,C2021Q4T06,39,V-SA,VIC1,103,73,1754.0,0.0
2022-05,C2021Q4,T06,C2021Q4T06,39,VIC1-NSW1,NSW1,213,113,1601.6,0.0
2022-05,C2021Q4,T06,C2021Q4T06,39,VIC1-NSW1,VIC1,230,125,7441.5,0.0
2022-05,C2022Q1,T05,C2022Q1T05,39,NSW1-QLD1,NSW1,45,45,2160.0,0.0
2022-05,C2022Q1,T05,C2022Q1T05,39,NSW1-QLD1,QLD1,156,100,13083.0,0.0
2022-05,C2022Q1,T05,C2022Q1T05,39,V-SA,SA1,89,64,5810.4,0.0
2022-05,C2022Q1,T05,C2022Q1T05,39,V-SA,VIC1,73,73,5762.88,0.0
2022-05,C2022Q1,T05,C2022Q1T05,39,VIC1-NSW1,NSW1,108,108,6310.5,0.0
2022-05,C2022Q1,T05,C2022Q1T05,39,VIC1-NSW1,VIC1,125,125,7556.0,0.0
2022-05,C2022Q2,T04,C2022Q2T04,39,NSW1-QLD1,NSW1,45,45,200.0,0.0
2022-05,C2022Q2,T04,C2022Q2T04,39,NSW1-QLD1,QLD1,140,100,11972.0,0.0
2022-05,C2022Q2,T04,C2022Q2T04,39,V-SA,SA1,64,64,7916.9,0.0
2022-05,C2022Q2,T04,C2022Q2T04,39,V-SA,VIC1,73,73,1054.0,0.0
2022-05,C2022Q2,T04,C2022Q2T04,39,VIC1-NSW1,NSW1,108,108,1092.0,0.0
2022-05,C2022Q2,T04,C2022Q2T04,39,VIC1-NSW1,VIC1,125,125,8000.0,0.0
2022-05,C2022Q3,T03,C2022Q3T03,39,NSW1-QLD1,NSW1,45,45,154.88,0.0
2022-05,C2022Q3,T03,C2022Q3T03,39,NSW1-QLD1,QLD1,100,100,11512.51,0.0
2022-05,C2022Q3,T03,C2022Q3T03,39,V-SA,SA1,64,64,10006.0,0.0
2022-05,C2022Q3,T03,C2022Q3T03,39,V-SA,VIC1,73,73,1007.0,0.0
2022-05,C2022Q3,T03,C2022Q3T03,39,VIC1-NSW1,NSW1,108,108,1101.0,0.0
2022-05,C2022Q3,T03,C2022Q3T03,39,VIC1-NSW1,VIC1,125,125,8000.0,0.0
2022-05,C2022Q4,T02,C2022Q4T02,39,NSW1-QLD1,NSW1,45,45,552.0,0.0
2022-05,C2022Q4,T02,C2022Q4T02,39,NSW1-QLD1,QLD1,100,100,10879.32,0.0
2022-05,C2022Q4,T02,C2022Q4T02,39,V-SA,SA1,64,64,11500.92,0.0
2022-05,C2022Q4,T02,C2022Q4T02,39,V-SA,VIC1,73,73,1480.6,0.0
2022-05,C2022Q4,T02,C2022Q4T02,39,VIC1-NSW1,NSW1,108,108,1766.4,0.0
2022-05,C2022Q4,T02,C2022Q4T02,39,VIC1-NSW1,VIC1,125,125,8000.0,0.0
2022-05,C2023Q1,T01,C2023Q1T01,39,NSW1-QLD1,NSW1,45,45,1955.8,0.0
2022-05,C2023Q1,T01,C2023Q1T01,39,NSW1-QLD1,QLD1,100,100,11065.6,0.0
2022-05,C2023Q1,T01,C2023Q1T01,39,V-SA,SA1,64,64,4709.0,0.0
2022-05,C2023Q1,T01,C2023Q1T01,39,V-SA,VIC1,73,73,4901.18,0.0
2022-05,C2023Q1,T01,C2023Q1T01,39,VIC1-NSW1,NSW1,108,108,6310.5,0.0
2022-05,C2023Q1,T01,C2023Q1T01,39,VIC1-NSW1,VIC1,125,125,8058.0,0.0
2022-05,C2020Q3,T12,C2020Q3T12,45,NSW1-QLD1,NSW1,90,55,210.08,0.0
2022-05,C2020Q3,T12,C2020Q3T12,45,NSW1-QLD1,QLD1,210,139,11555.0,0.0
2022-05,C2020Q3,T12,C2020Q3T12,45,V-SA,SA1,96,73,9151.07,0.0
2022-05,C2020Q4,T11,C2020Q4T11,48,V-SA,VIC1,168,73,1795.2,0.0
2022-05,C2020Q4,T11,C2020Q4T11,48,VIC1-NSW1,NSW1,234,113,2208.0,0.0
2022-05,C2020Q4,T11,C2020Q4T11,48,VIC1-NSW1,VIC1,340,130,5875.0,0.0
2022-05,C2021Q1,T10,C2021Q1T10,48,NSW1-QLD1,NSW1,76,45,1500.0,0.0
2022-05,C2021Q1,T10,C2021Q1T10,48,NSW1-QLD1,QLD1,245,100,19700.0,0.0
2022-05,C2021Q1,T10,C2021Q1T10,48,V-SA,SA1,119,64,7137.0,0.0
2022-05,C2021Q1,T10,C2021Q1T10,48,V-SA,VIC1,118,73,4666.0,0.0
2022-05,C2021Q1,T10,C2021Q1T10,48,VIC1-NSW1,NSW1,146,108,7501.0,0.0
2022-05,C2021Q1,T10,C2021Q1T10,48,VIC1-NSW1,VIC1,250,125,7940.53,0.0
2022-05,C2021Q2,T09,C2021Q2T09,48,NSW1-QLD1,NSW1,65,45,140.19,0.0
2022-05,C2021Q2,T09,C2021Q2T09,48,NSW1-QLD1,QLD1,200,120,12000.0,0.0
2022-05,C2021Q2,T09,C2021Q2T09,48,V-SA,SA1,121,64,3500.79,0.0
2022-05,C2021Q2,T09,C2021Q2T09,48,V-SA,VIC1,163,73,1711.0,0.0
2022-05,C2021Q2,T09,C2021Q2T09,48,VIC1-NSW1,NSW1,153,108,982.8,0.0
2022-05,C2021Q2,T09,C2021Q2T09,48,VIC1-NSW1,VIC1,237,135,5416.0,0.0
2022-05,C2021Q3,T08,C2021Q3T08,48,NSW1-QLD1,NSW1,45,45,312.0,0.0
2022-05,C2021Q3,T08,C2021Q3T08,48,NSW1-QLD1,QLD1,215,100,10086.0,0.0
2022-05,C2021Q3,T08,C2021Q3T08,48,V-SA,SA1,114,64,3571.78,0.0
2022-05,C2021Q3,T08,C2021Q3T08,48,V-SA,VIC1,215,73,1695.75,0.0
2022-05,C2021Q3,T08,C2021Q3T08,48,VIC1-NSW1,NSW1,197,108,1032.0,0.0
2022-05,C2021Q3,T08,C2021Q3T08,48,VIC1-NSW1,VIC1,219,135,6601.0,0.0
2022-05,C2021Q4,T07,C2021Q4T07,48,NSW1-QLD1,NSW1,112,45,685.0,0.0
2022-05,C2021Q4,T07,C2021Q4T07,48,NSW1-QLD1,QLD1,180,100,11103.0,0.0
2022-05,C2021Q4,T07,C2021Q4T07,48,V-SA,SA1,114,64,4000.0,0.0
2022-05,C2021Q4,T07,C2021Q4T07,48,V-SA,VIC1,192,73,1789.08,0.0
2022-05,C2021Q4,T07,C2021Q4T07,48,VIC1-NSW1,NSW1,148,108,1104.0,0.0
2022-05,C2021Q4,T07,C2021Q4T07,48,VIC1-NSW1,VIC1,235,135,6250.0,0.0
2022-05,C2022Q1,T06,C2022Q1T06,48,NSW1-QLD1,NSW1,50,45,2358.0,0.0
2022-05,C2022Q1,T06,C2022Q1T06,48,NSW1-QLD1,QLD1,236,100,16474.0,0.0
2022-05,C2022Q1,T06,C2022Q1T06,48,V-SA,SA1,111,64,4358.0,0.0
2022-05,C2022Q1,T06,C2022Q1T06,48,V-SA,VIC1,103,73,5878.13,0.0
2022-05,C2022Q1,T06,C2022Q1T06,48,VIC1-NSW1,NSW1,134,108,5750.0,0.0
2022-05,C2022Q1,T06,C2022Q1T06,48,VIC1-NSW1,VIC1,245,125,8311.6,0.0
2022-05,C2022Q2,T05,C2022Q2T05,48,NSW1-QLD1,NSW1,45,45,359.0,0.0
2022-05,C2022Q2,T05,C2022Q2T05,48,NSW1-QLD1,QLD1,175,100,11373.4,0.0
2022-05,C2022Q2,T05,C2022Q2T05,48,V-SA,SA1,114,64,3250.0,0.0
2022-05,C2022Q2,T05,C2022Q2T05,48,V-SA,VIC1,118,73,1401.0,0.0
2022-05,C2022Q2,T05,C2022Q2T05,48,VIC1-NSW1,NSW1,138,108,842.0,0.0
2022-05,C2022Q2,T05,C2022Q2T05,48,VIC1-NSW1,VIC1,160,125,6400.0,0.0
2022-05,C2022Q3,T04,C2022Q3T04,48,NSW1-QLD1,NSW1,51,51,510.0,0.0
2022-05,C2022Q3,T04,C2022Q3T04,48,NSW1-QLD1,QLD1,147,100,11702.4,0.0
2022-05,C2022Q3,T04,C2022Q3T04,48,V-SA,SA1,84,64,3502.1,0.0
2022-05,C2022Q3,T04,C2022Q3T04,48,V-SA,VIC1,93,73,1695.75,0.0
2022-05,C2022Q3,T04,C2022Q3T04,48,VIC1-NSW1,NSW1,138,108,880.8,0.0
2022-05,C2022Q3,T04,C2022Q3T04,48,VIC1-NSW1,VIC1,155,125,6400.0,0.0
2022-05,C2022Q4,T03,C2022Q4T03,48,NSW1-QLD1,NSW1,55,45,889.0,0.0
2022-05,C2022Q4,T03,C2022Q4T03,48,NSW1-QLD1,QLD1,125,100,11250.0,0.0
2022-05,C2022Q4,T03,C2022Q4T03,48,V-SA,SA1,80,64,4000.0,0.0
2022-05,C2022Q4,T03,C2022Q4T03,48,V-SA,VIC1,88,73,1978.0,0.0
2022-05,C2022Q4,T03,C2022Q4T03,48,VIC1-NSW1,NSW1,108,108,1104.0,0.0
2022-05,C2022Q4,T03,C2022Q4T03,48,VIC1-NSW1,VIC1,140,125,6416.0,0.0
2022-05,C2023Q1,T02,C2023Q1T02,48,NSW1-QLD1,NSW1,45,45,2520.0,0.0
2022-05,C2023Q1,T02,C2023Q1T02,48,NSW1-QLD1,QLD1,125,100,14606.59,0.0
2022-05,C2023Q1,T02,C2023Q1T02,48,V-SA,SA1,64,64,4800.0,0.0
2022-05,C2023Q1,T02,C2023Q1T02,48,V-SA,VIC1,82,73,5442.72,0.0
2022-05,C2023Q1,T02,C2023Q1T02,48,VIC1-NSW1,NSW1,108,108,5553.24,0.0
2022-05,C2023Q1,T02,C2023Q1T02,48,VIC1-NSW1,VIC1,150,128,9203.0,0.0
2022-05,C2023Q2,T01,C2023Q2T01,48,NSW1-QLD1,NSW1,45,45,395.0,0.0
2022-05,C2023Q2,T01,C2023Q2T01,48,NSW1-QLD1,QLD1,100,100,11373.4,0.0
2022-05,C2023Q2,T01,C2023Q2T01,48,V-SA,SA1,64,64,3250.0,0.0
2022-05,C2023Q2,T01,C2023Q2T01,48,V-SA,VIC1,73,73,1360.0,0.0
2022-05,C2023Q2,T01,C2023Q2T01,48,VIC1-NSW1,NSW1,108,108,960.96,0.0
2022-05,C2023Q2,T01,C2023Q2T01,48,VIC1-NSW1,VIC1,125,125,6666.0,0.0
2022-05,C2020Q4,T12,C2020Q4T12,27,NSW1-QLD1,NSW1,157,55,804.0,0.0
2022-05,C2020Q4,T12,C2020Q4T12,27,NSW1-QLD1,QLD1,210,100,10450.0,0.0
2022-05,C2020Q4,T12,C2020Q4T12,27,V-SA,SA1,91,66,6500.85,0.0
2022-05,C2020Q4,T12,C2020Q4T12,27,V-SA,VIC1,97,77,3000.33,0.0
2022-05,C2020Q4,T12,C2020Q4T12,27,VIC1-NSW1,NSW1,222,112,2755.0,0.0
2022-05,C2020Q4,T12,C2020Q4T12,27,VIC1-NSW1,VIC1,285,126,4500.0,0.0
2022-05,C2021Q1,T11,C2021Q1T11,27,NSW1-QLD1,NSW1,79,45,1755.0,0.0
2022-05,C2021Q1,T11,C2021Q1T11,27,NSW1-QLD1,QLD1,150,100,19785.0,0.0
2022-05,C2021Q1,T11,C2021Q1T11,27,V-SA,SA1,89,64,6750.0,0.0
2022-05,C2021Q1,T11,C2021Q1T11,27,V-SA,VIC1,93,73,5500.0,0.0
2022-05,C2021Q1,T11,C2021Q1T11,27,VIC1-NSW1,NSW1,188,108,8500.93,0.0
2022-05,C2021Q1,T11,C2021Q1T11,27,VIC1-NSW1,VIC1,175,125,6975.0,0.0
2022-05,C2021Q2,T10,C2021Q2T10,27,NSW1-QLD1,NSW1,45,45,160.36,0.0
2022-05,C2021Q2,T10,C2021Q2T10,27,NSW1-QLD1,QLD1,175,100,11750.0,0.0
2022-05,C2021Q2,T10,C2021Q2T10,27,V-SA,SA1,109,64,3850.0,0.0
2022-05,C2021Q2,T10,C2021Q2T10,27,V-SA,VIC1,108,73,1780.0,0.0
2022-05,C2021Q2,T10,C2021Q2T10,27,VIC1-NSW1,NSW1,199,108,1300.84,0.0
2022-05,C2021Q2,T10,C2021Q2T10,27,VIC1-NSW1,VIC1,205,125,4007.84,0.0
2022-05,C2021Q3,T09,C2021Q3T09,27,NSW1-QLD1,NSW1,45,45,252.0,0.0
2022-05,C2021Q3,T09,C2021Q3T09,27,NSW1-QLD1,QLD1,180,100,12950.12,0.0
2022-05,C2021Q3,T09,C2021Q3T09,27,V-SA,SA1,109,64,4504.0,0.0
2022-05,C2021Q3,T09,C2021Q3T09,27,V-SA,VIC1,113,73,1600.94,0.0
2022-05,C2021Q3,T09,C2021Q3T09,27,VIC1-NSW1,NSW1,247,108,1304.0,0.0
2022-05,C2021Q3,T09,C2021Q3T09,27,VIC1-NSW1,VIC1,185,125,4500.0,0.0
2022-05,C2021Q4,T08,C2021Q4T08,27,NSW1-QLD1,NSW1,108,45,604.0,0.0
2022-05,C2021Q4,T08,C2021Q4T08,27,NSW1-QLD1,QLD1,160,100,11150.0,0.0
2022-05,C2021Q4,T08,C2021Q4T08,27,V-SA,SA1,109,64,4833.66,0.0
2022-05,C2021Q4,T08,C2021Q4T08,27,V-SA,VIC1,137,73,2127.76,0.0
2022-05,C2021Q4,T08,C2021Q4T08,27,VIC1-NSW1,NSW1,148,108,1504.0,0.0
2022-05,C2021Q4,T08,C2021Q4T08,27,VIC1-NSW1,VIC1,205,125,5250.0,0.0
2022-05,C2022Q1,T07,C2022Q1T07,27,NSW1-QLD1,NSW1,54,45,2350.0,0.0
2022-05,C2022Q1,T07,C2022Q1T07,27,NSW1-QLD1,QLD1,136,100,16000.0,0.0
2022-05,C2022Q1,T07,C2022Q1T07,27,V-SA,SA1,64,64,5143.26,0.0
2022-05,C2022Q1,T07,C2022Q1T07,27,V-SA,VIC1,73,73,7019.42,0.0
2022-05,C2022Q1,T07,C2022Q1T07,27,VIC1-NSW1,NSW1,162,117,8800.0,0.0
2022-05,C2022Q1,T07,C2022Q1T07,27,VIC1-NSW1,VIC1,175,125,9142.76,0.0
2022-05,C2022Q2,T06,C2022Q2T06,27,NSW1-QLD1,NSW1,45,45,351.0,0.0
2022-05,C2022Q2,T06,C2022Q2T06,27,NSW1-QLD1,QLD1,120,100,11650.0,0.0
2022-05,C2022Q2,T06,C2022Q2T06,27,V-SA,SA1,98,64,4000.0,0.0
2022-05,C2022Q2,T06,C2022Q2T06,27,V-SA,VIC1,73,73,1600.0,0.0
2022-05,C2022Q2,T06,C2022Q2T06,27,VIC1-NSW1,NSW1,198,108,841.91,0.0
2022-05,C2022Q2,T06,C2022Q2T06,27,VIC1-NSW1,VIC1,205,125,6619.68,0.0
2022-05,C2022Q3,T05,C2022Q3T05,27,NSW1-QLD1,NSW1,45,45,561.0,0.0
2022-05,C2022Q3,T05,C2022Q3T05,27,NSW1-QLD1,QLD1,100,100,12150.0,0.0
2022-05,C2022Q3,T05,C2022Q3T05,27,V-SA,SA1,84,64,4000.0,0.0
2022-05,C2022Q3,T05,C2022Q3T05,27,V-SA,VIC1,73,73,1750.0,0.0
2022-05,C2022Q3,T05,C2022Q3T05,27,VIC1-NSW1,NSW1,198,108,1104.01,0.0
2022-05,C2022Q3,T05,C2022Q3T05,27,VIC1-NSW1,VIC1,195,125,6501.0,0.0
2022-05,C2022Q4,T04,C2022Q4T04,27,NSW1-QLD1,NSW1,55,45,1254.0,0.0
2022-05,C2022Q4,T04,C2022Q4T04,27,NSW1-QLD1,QLD1,100,100,10900.0,0.0
2022-05,C2022Q4,T04,C2022Q4T04,27,V-SA,SA1,80,64,4666.98,0.0
2022-05,C2022Q4,T04,C2022Q4T04,27,V-SA,VIC1,73,73,2450.0,0.0
2022-05,C2022Q4,T04,C2022Q4T04,27,VIC1-NSW1,NSW1,148,108,1710.37,0.0
2022-05,C2022Q4,T04,C2022Q4T04,27,VIC1-NSW1,VIC1,185,125,6793.1,0.0
2022-05,C2023Q1,T03,C2023Q1T03,27,NSW1-QLD1,NSW1,45,45,2646.0,0.0
2022-05,C2023Q1,T03,C2023Q1T03,27,NSW1-QLD1,QLD1,100,100,14750.0,0.0
2022-05,C2023Q1,T03,C2023Q1T03,27,V-SA,SA1,74,64,5143.26,0.0
2022-05,C2023Q1,T03,C2023Q1T03,27,V-SA,VIC1,73,73,6004.0,0.0
2022-05,C2023Q1,T03,C2023Q1T03,27,VIC1-NSW1,NSW1,133,120,7500.0,0.0
2022-05,C2023Q1,T03,C2023Q1T03,27,VIC1-NSW1,VIC1,125,125,10123.0,0.0
2022-05,C2023Q2,T02,C2023Q2T02,27,NSW1-QLD1,NSW1,45,45,347.6,0.0
2022-05,C2023Q2,T02,C2023Q2T02,27,NSW1-QLD1,QLD1,100,100,11750.0,0.0
2022-05,C2023Q2,T02,C2023Q2T02,27,V-SA,SA1,84,64,4000.0,0.0
2022-05,C2023Q2,T02,C2023Q2T02,27,V-SA,VIC1,73,73,1450.0,0.0
2022-05,C2023Q2,T02,C2023Q2T02,27,VIC1-NSW1,NSW1,158,108,750.0,0.0
2022-05,C2023Q2,T02,C2023Q2T02,27,VIC1-NSW1,VIC1,125,125,7333.0,0.0
2022-05,C2023Q3,T01,C2023Q3T01,27,NSW1-QLD1,NSW1,45,45,257.0,0.0
2022-05,C2022Q2,T12,C2022Q2T12,9,VIC1-NSW1,NSW1,278,112,910.0,0.0
2022-05,C2022Q2,T12,C2022Q2T12,9,VIC1-NSW1,VIC1,225,125,19978.0,0.0
2022-05,C2022Q3,T11,C2022Q3T11,9,NSW1-QLD1,NSW1,84,60,4061.82,0.0
2022-05,C2022Q3,T11,C2022Q3T11,9,NSW1-QLD1,QLD1,244,100,13330.09,0.0
2022-05,C2022Q3,T11,C2022Q3T11,9,V-SA,SA1,113,64,5500.0,0.0
2022-05,C2022Q3,T11,C2022Q3T11,9,V-SA,VIC1,128,73,10000.0,0.0
2022-05,C2022Q3,T11,C2022Q3T11,9,VIC1-NSW1,NSW1,265,108,1198.0,0.0
2022-05,C2022Q3,T11,C2022Q3T11,9,VIC1-NSW1,VIC1,250,135,19272.0,0.0
2022-05,C2022Q4,T10,C2022Q4T10,9,NSW1-QLD1,NSW1,64,45,9300.0,0.0
2022-05,C2022Q4,T10,C2022Q4T10,9,NSW1-QLD1,QLD1,275,100,10925.0,0.0
2022-05,C2022Q4,T10,C2022Q4T10,9,V-SA,SA1,100,64,6046.0,0.0
2022-05,C2022Q4,T10,C2022Q4T10,9,V-SA,VIC1,158,73,10170.83,0.0
2022-05,C2022Q4,T10,C2022Q4T10,9,VIC1-NSW1,NSW1,174,112,1380.0,0.0
2022-05,C2022Q4,T10,C2022Q4T10,9,VIC1-NSW1,VIC1,268,135,24731.84,0.0
2022-05,C2023Q1,T09,C2023Q1T09,9,NSW1-QLD1,NSW1,64,48,15202.0,0.0
2022-05,C2023Q1,T09,C2023Q1T09,9,NSW1-QLD1,QLD1,281,104,17189.17,0.0
2022-05,C2023Q1,T09,C2023Q1T09,9,V-SA,SA1,94,70,6850.0,0.0
2022-05,C2023Q1,T09,C2023Q1T09,9,V-SA,VIC1,99,73,16760.83,0.0
2022-05,C2023Q1,T09,C2023Q1T09,9,VIC1-NSW1,NSW1,171,116,4500.0,0.0
2022-05,C2023Q1,T09,C2023Q1T09,9,VIC1-NSW1,VIC1,200,135,25200.26,0.0
2022-05,C2023Q2,T08,C2023Q2T08,9,NSW1-QLD1,NSW1,61,45,4000.0,0.0
2022-05,C2023Q2,T08,C2023Q2T08,9,NSW1-QLD1,QLD1,194,100,24489.09,0.0
2022-05,C2023Q2,T08,C2023Q2T08,9,V-SA,SA1,114,70,4843.0,0.0
2022-05,C2023Q2,T08,C2023Q2T08,9,V-SA,VIC1,108,73,11000.83,0.0
2022-05,C2023Q2,T08,C2023Q2T08,9,VIC1-NSW1,NSW1,301,109,1270.06,0.0
2022-05,C2023Q2,T08,C2023Q2T08,9,VIC1-NSW1,VIC1,205,125,22960.26,0.0
2022-05,C2023Q3,T07,C2023Q3T07,9,NSW1-QLD1,NSW1,70,45,3336.0,0.0
2022-05,C2023Q3,T07,C2023Q3T07,9,NSW1-QLD1,QLD1,150,100,24416.0,0.0
2022-05,C2023Q3,T07,C2023Q3T07,9,V-SA,SA1,109,64,5297.0,0.0
2022-05,C2023Q3,T07,C2023Q3T07,9,V-SA,VIC1,108,73,10920.83,0.0
2022-05,C2023Q3,T07,C2023Q3T07,9,VIC1-NSW1,NSW1,205,108,1250.0,0.0
2022-05,C2023Q3,T07,C2023Q3T07,9,VIC1-NSW1,VIC1,220,125,22640.26,0.0
2022-05,C2023Q4,T06,C2023Q4T06,9,NSW1-QLD1,NSW1,58,45,8510.0,0.0
2022-05,C2023Q4,T06,C2023Q4T06,9,NSW1-QLD1,QLD1,164,100,17384.0,0.0
2022-05,C2023Q4,T06,C2023Q4T06,9,V-SA,SA1,109,64,6050.0,0.0
2022-05,C2023Q4,T06,C2023Q4T06,9,V-SA,VIC1,88,73,9520.83,0.0
2022-05,C2023Q4,T06,C2023Q4T06,9,VIC1-NSW1,NSW1,143,114,1404.7,0.0
2022-05,C2023Q4,T06,C2023Q4T06,9,VIC1-NSW1,VIC1,217,125,24066.9,0.0
2022-05,C2024Q1,T05,C2024Q1T05,9,NSW1-QLD1,NSW1,48,45,9907.0,0.0
2022-05,C2024Q1,T05,C2024Q1T05,9,NSW1-QLD1,QLD1,130,100,22822.8,0.0
2022-05,C2024Q1,T05,C2024Q1T05,9,V-SA,SA1,64,64,7341.0,0.0
2022-05,C2024Q1,T05,C2024Q1T05,9,V-SA,VIC1,90,73,16500.0,0.0
2022-05,C2024Q1,T05,C2024Q1T05,9,VIC1-NSW1,NSW1,117,108,4368.0,0.0
2022-05,C2024Q1,T05,C2024Q1T05,9,VIC1-NSW1,VIC1,167,125,23800.26,0.0
2022-05,C2024Q2,T04,C2024Q2T04,9,NSW1-QLD1,NSW1,48,45,3307.0,0.0
2022-05,C2024Q2,T04,C2024Q2T04,9,NSW1-QLD1,QLD1,120,100,24438.96,0.0
2022-05,C2024Q2,T04,C2024Q2T04,9,V-SA,SA1,89,64,4732.0,0.0
2022-05,C2024Q2,T04,C2024Q2T04,9,V-SA,VIC1,73,73,9093.0,0.0
2022-05,C2024Q2,T04,C2024Q2T04,9,VIC1-NSW1,NSW1,164,108,1028.0,0.0
2022-05,C2024Q2,T04,C2024Q2T04,9,VIC1-NSW1,VIC1,152,125,16800.25,0.0
2022-05,C2024Q3,T03,C2024Q3T03,9,NSW1-QLD1,NSW1,48,45,3040.0,0.0
2022-05,C2024Q3,T03,C2024Q3T03,9,NSW1-QLD1,QLD1,108,100,21520.64,0.0
2022-05,C2024Q3,T03,C2024Q3T03,9,V-SA,SA1,67,64,4995.37,0.0
2022-05,C2024Q3,T03,C2024Q3T03,9,V-SA,VIC1,74,73,8996.83,0.0
2022-05,C2024Q3,T03,C2024Q3T03,9,VIC1-NSW1,NSW1,108,108,1000.0,0.0
2022-05,C2024Q3,T03,C2024Q3T03,9,VIC1-NSW1,VIC1,135,125,16502.2,0.0
2022-05,C2024Q4,T02,C2024Q4T02,9,NSW1-QLD1,NSW1,48,45,8504.0,0.0
2022-05,C2024Q4,T02,C2024Q4T02,9,NSW1-QLD1,QLD1,100,100,16000.0,0.0
2022-05,C2024Q4,T02,C2024Q4T02,9,V-SA,SA1,64,64,5521.0,0.0
2022-05,C2024Q4,T02,C2024Q4T02,9,V-SA,VIC1,73,73,10284.0,0.0
2022-05,C2024Q4,T02,C2024Q4T02,9,VIC1-NSW1,NSW1,108,108,1457.0,0.0
2022-05,C2024Q4,T02,C2024Q4T02,9,VIC1-NSW1,VIC1,150,125,20800.25,0.0
2022-05,C2025Q1,T01,C2025Q1T01,9,NSW1-QLD1,NSW1,45,45,9506.0,0.0
2022-05,C2025Q1,T01,C2025Q1T01,9,NSW1-QLD1,QLD1,100,100,23392.8,0.0
2022-05,C2025Q1,T01,C2025Q1T01,9,V-SA,SA1,64,64,7210.0,0.0
2022-05,C2025Q1,T01,C2025Q1T01,9,V-SA,VIC1,73,73,16000.0,0.0
2022-05,C2025Q1,T01,C2025Q1T01,9,VIC1-NSW1,NSW1,108,108,4320.0,0.0
2022-05,C2025Q1,T01,C2025Q1T01,9,VIC1-NSW1,VIC1,125,125,20971.0,0.0
2022-05,C2020Q4,T12,C2020Q4T12,28,VIC1-NSW1,NSW1,222,112,2755.0,0.0
2022-05,C2020Q4,T12,C2020Q4T12,28,VIC1-NSW1,VIC1,285,126,4500.0,0.0
2022-05,C2021Q1,T11,C2021Q1T11,28,NSW1-QLD1,NSW1,79,45,1755.0,0.0
2022-05,C2021Q1,T11,C2021Q1T11,28,NSW1-QLD1,QLD1,150,100,19785.0,0.0
2022-05,C2021Q1,T11,C2021Q1T11,28,V-SA,SA1,89,64,6750.0,0.0
2022-05,C2021Q1,T11,C2021Q1T11,28,V-SA,VIC1,93,73,5500.0,0.0
2022-05,C2021Q1,T11,C2021Q1T11,28,VIC1-NSW1,NSW1,188,108,8500.93,0.0
2022-05,C2021Q1,T11,C2021Q1T11,28,VIC1-NSW1,VIC1,175,125,6975.0,0.0
2022-05,C2021Q2,T10,C2021Q2T10,28,NSW1-QLD1,NSW1,45,45,160.36,0.0
2022-05,C2021Q2,T10,C2021Q2T10,28,NSW1-QLD1,QLD1,175,100,11750.0,0.0
2022-05,C2021Q2,T10,C2021Q2T10,28,V-SA,SA1,109,64,3850.0,0.0
2022-05,C2021Q2,T10,C2021Q2T10,28,V-SA,VIC1,108,73,1780.0,0.0
2022-05,C2021Q2,T10,C2021Q2T10,28,VIC1-NSW1,NSW1,199,108,1300.84,0.0
2022-05,C2021Q2,T10,C2021Q2T10,28,VIC1-NSW1,VIC1,205,125,4007.84,0.0
2022-05,C2021Q3,T09,C2021Q3T09,28,NSW1-QLD1,NSW1,45,45,252.0,0.0
2022-05,C2021Q3,T09,C2021Q3T09,28,NSW1-QLD1,QLD1,180,100,12950.12,0.0
2022-05,C2021Q3,T09,C2021Q3T09,28,V-SA,SA1,109,64,4504.0,0.0
2022-05,C2021Q3,T09,C2021Q3T09,28,V-SA,VIC1,113,73,1600.94,0.0
2022-05,C2021Q3,T09,C2021Q3T09,28,VIC1-NSW1,NSW1,247,108,1304.0,0.0
2022-05,C2021Q3,T09,C2021Q3T09,28,VIC1-NSW1,VIC1,185,125,4500.0,0.0
2022-05,C2021Q4,T08,C2021Q4T08,28,NSW1-QLD1,NSW1,108,45,604.0,0.0
2022-05,C2021Q4,T08,C2021Q4T08,28,NSW1-QLD1,QLD1,160,100,11150.0,0.0
2022-05,C2021Q4,T08,C2021Q4T08,28,V-SA,SA1,109,64,4833.66,0.0
2022-05,C2021Q4,T08,C2021Q4T08,28,V-SA,VIC1,137,73,2127.76,0.0
2022-05,C2021Q4,T08,C2021Q4T08,28,VIC1-NSW1,NSW1,148,108,1504.0,0.0
2022-05,C2021Q4,T08,C2021Q4T08,28,VIC1-NSW1,VIC1,205,125,5250.0,0.0
2022-05,C2022Q1,T07,C2022Q1T07,28,NSW1-QLD1,NSW1,54,45,2350.0,0.0
2022-05,C2022Q1,T07,C2022Q1T07,28,NSW1-QLD1,QLD1,136,100,16000.0,0.0
2022-05,C2022Q1,T07,C2022Q1T07,28,V-SA,SA1,64,64,5143.26,0.0
2022-05,C2022Q1,T07,C2022Q1T07,28,V-SA,VIC1,73,73,7019.42,0.0
2022-05,C2022Q1,T07,C2022Q1T07,28,VIC1-NSW1,NSW1,162,117,8800.0,0.0
2022-05,C2022Q1,T07,C2022Q1T07,28,VIC1-NSW1,VIC1,175,125,9142.76,0.0
2022-05,C2022Q2,T06,C2022Q2T06,28,NSW1-QLD1,NSW1,45,45,351.0,0.0
2022-05,C2022Q2,T06,C2022Q2T06,28,NSW1-QLD1,QLD1,120,100,11650.0,0.0
2022-05,C2022Q2,T06,C2022Q2T06,28,V-SA,SA1,98,64,4000.0,0.0
2022-05,C2022Q2,T06,C2022Q2T06,28,V-SA,VIC1,73,73,1600.0,0.0
2022-05,C2022Q2,T06,C2022Q2T06,28,VIC1-NSW1,NSW1,198,108,841.91,0.0
2022-05,C2022Q2,T06,C2022Q2T06,28,VIC1-NSW1,VIC1,205,125,6619.68,0.0
2022-05,C2022Q3,T05,C2022Q3T05,28,NSW1-QLD1,NSW1,45,45,561.0,0.0
2022-05,C2022Q3,T05,C2022Q3T05,28,NSW1-QLD1,QLD1,100,100,12150.0,0.0
2022-05,C2022Q3,T05,C2022Q3T05,28,V-SA,SA1,84,64,4000.0,0.0
2022-05,C2022Q3,T05,C2022Q3T05,28,V-SA,VIC1,73,73,1750.0,0.0
2022-05,C2022Q3,T05,C2022Q3T05,28,VIC1-NSW1,NSW1,198,108,1104.01,0.0
2022-05,C2022Q3,T05,C2022Q3T05,28,VIC1-NSW1,VIC1,195,125,6501.0,0.0
2022-05,C2022Q4,T04,C2022Q4T04,28,NSW1-QLD1,NSW1,55,45,1254.0,0.0
2022-05,C2022Q4,T04,C2022Q4T04,28,NSW1-QLD1,QLD1,100,100,10900.0,0.0
2022-05,C2022Q4,T04,C2022Q4T04,28,V-SA,SA1,80,64,4666.98,0.0
2022-05,C2022Q4,T04,C2022Q4T04,28,V-SA,VIC1,73,73,2450.0,0.0
2022-05,C2022Q4,T04,C2022Q4T04,28,VIC1-NSW1,NSW1,148,108,1710.37,0.0
2022-05,C2022Q4,T04,C2022Q4T04,28,VIC1-NSW1,VIC1,185,125,6793.1,0.0
2022-05,C2023Q1,T03,C2023Q1T03,28,NSW1-QLD1,NSW1,45,45,2646.0,0.0
2022-05,C2023Q1,T03,C2023Q1T03,28,NSW1-QLD1,QLD1,100,100,14750.0,0.0
2022-05,C2023Q1,T03,C2023Q1T03,28,V-SA,SA1,74,64,5143.26,0.0
2022-05,C2023Q1,T03,C2023Q1T03,28,V-SA,VIC1,73,73,6004.0,0.0
2022-05,C2023Q1,T03,C2023Q1T03,28,VIC1-NSW1,NSW1,133,120,7500.0,0.0
2022-05,C2023Q1,T03,C2023Q1T03,28,VIC1-NSW1,VIC1,125,125,10123.0,0.0
2022-05,C2023Q2,T02,C2023Q2T02,28,NSW1-QLD1,NSW1,45,45,347.6,0.0
2022-05,C2023Q2,T02,C2023Q2T02,28,NSW1-QLD1,QLD1,100,100,11750.0,0.0
2022-05,C2023Q2,T02,C2023Q2T02,28,V-SA,SA1,84,64,4000.0,0.0
2022-05,C2023Q2,T02,C2023Q2T02,28,V-SA,VIC1,73,73,1450.0,0.0
2022-05,C2023Q2,T02,C2023Q2T02,28,VIC1-NSW1,NSW1,158,108,750.0,0.0
2022-05,C2023Q2,T02,C2023Q2T02,28,VIC1-NSW1,VIC1,125,125,7333.0,0.0
2022-05,C2022Q1,T07,C2022Q1T07,26,V-SA,SA1,64,64,5143.26,0.0
2022-05,C2022Q1,T07,C2022Q1T07,26,V-SA,VIC1,73,73,7019.42,0.0
2022-05,C2022Q1,T07,C2022Q1T07,26,VIC1-NSW1,NSW1,162,117,8800.0,0.0
2022-05,C2022Q1,T07,C2022Q1T07,26,VIC1-NSW1,VIC1,175,125,9142.76,0.0
2022-05,C2022Q2,T06,C2022Q2T06,26,NSW1-QLD1,NSW1,45,45,351.0,0.0
2022-05,C2022Q2,T06,C2022Q2T06,26,NSW1-QLD1,QLD1,120,100,11650.0,0.0
2022-05,C2022Q2,T06,C2022Q2T06,26,V-SA,SA1,98,64,4000.0,0.0
2022-05,C2022Q2,T06,C2022Q2T06,26,V-SA,VIC1,73,73,1600.0,0.0
2022-05,C2022Q2,T06,C2022Q2T06,26,VIC1-NSW1,NSW1,198,108,841.91,0.0
2022-05,C2022Q2,T06,C2022Q2T06,26,VIC1-NSW1,VIC1,205,125,6619.68,0.0
2022-05,C2022Q3,T05,C2022Q3T05,26,NSW1-QLD1,NSW1,45,45,561.0,0.0
2022-05,C2022Q3,T05,C2022Q3T05,26,NSW1-QLD1,QLD1,100,100,12150.0,0.0
2022-05,C2022Q3,T05,C2022Q3T05,26,V-SA,SA1,84,64,4000.0,0.0
2022-05,C2022Q3,T05,C2022Q3T05,26,V-SA,VIC1,73,73,1750.0,0.0
2022-05,C2022Q3,T05,C2022Q3T05,26,VIC1-NSW1,NSW1,198,108,1104.01,0.0
2022-05,C2022Q3,T05,C2022Q3T05,26,VIC1-NSW1,VIC1,195,125,6501.0,0.0
2022-05,C2022Q4,T04,C2022Q4T04,26,NSW1-QLD1,NSW1,55,45,1254.0,0.0
2022-05,C2022Q4,T04,C2022Q4T04,26,NSW1-QLD1,QLD1,100,100,10900.0,0.0
2022-05,C2022Q4,T04,C2022Q4T04,26,V-SA,SA1,80,64,4666.98,0.0
2022-05,C2022Q4,T04,C2022Q4T04,26,V-SA,VIC1,73,73,2450.0,0.0
2022-05,C2022Q4,T04,C2022Q4T04,26,VIC1-NSW1,NSW1,148,108,1710.37,0.0
2022-05,C2022Q4,T04,C2022Q4T04,26,VIC1-NSW1,VIC1,185,125,6793.1,0.0
2022-05,C2023Q1,T03,C2023Q1T03,26,NSW1-QLD1,NSW1,45,45,2646.0,0.0
2022-05,C2023Q1,T03,C2023Q1T03,26,NSW1-QLD1,QLD1,100,100,14750.0,0.0
2022-05,C2023Q1,T03,C2023Q1T03,26,V-SA,SA1,74,64,5143.26,0.0
2022-05,C2023Q1,T03,C2023Q1T03,26,V-SA,VIC1,73,73,6004.0,0.0
2022-05,C2023Q1,T03,C2023Q1T03,26,VIC1-NSW1,NSW1,133,120,7500.0,0.0
2022-05,C2023Q1,T03,C2023Q1T03,26,VIC1-NSW1,VIC1,125,125,10123.0,0.0
2022-05,C2023Q2,T02,C2023Q2T02,26,NSW1-QLD1,NSW1,45,45,347.6,0.0
2022-05,C2023Q2,T02,C2023Q2T02,26,NSW1-QLD1,QLD1,100,100,11750.0,0.0
2022-05,C2023Q2,T02,C2023Q2T02,26,V-SA,SA1,84,64,4000.0,0.0
2022-05,C2023Q2,T02,C2023Q2T02,26,V-SA,VIC1,73,73,1450.0,0.0
2022-05,C2023Q2,T02,C2023Q2T02,26,VIC1-NSW1,NSW1,158,108,750.0,0.0
2022-05,C2023Q2,T02,C2023Q2T02,26,VIC1-NSW1,VIC1,125,125,7333.0,0.0
2022-05,C2023Q3,T01,C2023Q3T01,26,NSW1-QLD1,NSW1,45,45,257.0,0.0
2022-05,C2023Q3,T01,C2023Q3T01,26,NSW1-QLD1,QLD1,100,100,12150.0,0.0
2022-05,C2023Q3,T01,C2023Q3T01,26,V-SA,SA1,64,64,4000.0,0.0
2022-05,C2023Q3,T01,C2023Q3T01,26,V-SA,VIC1,73,73,1500.0,0.0
2022-05,C2023Q3,T01,C2023Q3T01,26,VIC1-NSW1,NSW1,108,108,750.75,0.0
2022-05,C2023Q3,T01,C2023Q3T01,26,VIC1-NSW1,VIC1,125,125,7040.0,0.0
2022-05,C2021Q1,T12,C2021Q1T12,16,NSW1-QLD1,NSW1,83,55,2104.0,0.0
2022-05,C2021Q1,T12,C2021Q1T12,16,NSW1-QLD1,QLD1,155,100,21956.0,0.0
2022-05,C2021Q1,T12,C2021Q1T12,16,V-SA,SA1,96,66,7500.0,0.0
2022-05,C2021Q1,T12,C2021Q1T12,16,V-SA,VIC1,137,77,5500.0,0.0
2022-05,C2021Q1,T12,C2021Q1T12,16,VIC1-NSW1,NSW1,222,112,6375.69,0.0
2022-05,C2021Q1,T12,C2021Q1T12,16,VIC1-NSW1,VIC1,170,125,9000.0,0.0
2022-05,C2021Q2,T11,C2021Q2T11,16,NSW1-QLD1,NSW1,45,45,253.0,0.0
2022-05,C2021Q2,T11,C2021Q2T11,16,NSW1-QLD1,QLD1,155,100,13100.0,0.0
2022-05,C2021Q2,T11,C2021Q2T11,16,V-SA,SA1,114,64,4790.09,0.0
2022-05,C2021Q2,T11,C2021Q2T11,16,V-SA,VIC1,133,73,1601.0,0.0
2022-05,C2021Q2,T11,C2021Q2T11,16,VIC1-NSW1,NSW1,224,108,1365.88,0.0
2022-05,C2021Q2,T11,C2021Q2T11,16,VIC1-NSW1,VIC1,195,125,5354.0,0.0
2022-05,C2021Q3,T10,C2021Q3T10,16,NSW1-QLD1,NSW1,45,45,254.0,0.0
2022-05,C2021Q3,T10,C2021Q3T10,16,NSW1-QLD1,QLD1,155,100,12302.5,0.0
2022-05,C2021Q3,T10,C2021Q3T10,16,V-SA,SA1,114,64,5250.0,0.0
2022-05,C2021Q3,T10,C2021Q3T10,16,V-SA,VIC1,174,73,1601.0,0.0
2022-05,C2021Q3,T10,C2021Q3T10,16,VIC1-NSW1,NSW1,257,108,1389.0,0.0
2022-05,C2021Q3,T10,C2021Q3T10,16,VIC1-NSW1,VIC1,179,125,5625.0,0.0
2022-05,C2021Q4,T09,C2021Q4T09,16,NSW1-QLD1,NSW1,120,51,804.0,0.0
2022-05,C2021Q4,T09,C2021Q4T09,16,NSW1-QLD1,QLD1,155,100,12250.0,0.0
2022-05,C2021Q4,T09,C2021Q4T09,16,V-SA,SA1,114,64,5318.0,0.0
2022-05,C2021Q4,T09,C2021Q4T09,16,V-SA,VIC1,167,73,2127.76,0.0
2022-05,C2021Q4,T09,C2021Q4T09,16,VIC1-NSW1,NSW1,158,108,1323.52,0.0
2022-05,C2021Q4,T09,C2021Q4T09,16,VIC1-NSW1,VIC1,170,125,7501.0,0.0
2022-05,C2022Q1,T08,C2022Q1T08,16,NSW1-QLD1,NSW1,66,45,2585.0,0.0
2022-05,C2022Q1,T08,C2022Q1T08,16,NSW1-QLD1,QLD1,173,100,17800.96,0.0
2022-05,C2022Q1,T08,C2022Q1T08,16,V-SA,SA1,94,64,5878.01,0.0
2022-05,C2022Q1,T08,C2022Q1T08,16,V-SA,VIC1,93,73,6004.0,0.0
2022-05,C2022Q1,T08,C2022Q1T08,16,VIC1-NSW1,NSW1,203,108,6600.0,0.0
2022-05,C2022Q1,T08,C2022Q1T08,16,VIC1-NSW1,VIC1,170,125,11224.0,0.0
2022-05,C2022Q2,T07,C2022Q2T07,16,NSW1-QLD1,NSW1,45,45,401.0,0.0
2022-05,C2022Q2,T07,C2022Q2T07,16,NSW1-QLD1,QLD1,155,100,11067.5,0.0
2022-05,C2022Q2,T07,C2022Q2T07,16,V-SA,SA1,128,78,4000.0,0.0
2022-05,C2022Q2,T07,C2022Q2T07,16,V-SA,VIC1,93,73,1668.35,0.0
2022-05,C2022Q2,T07,C2022Q2T07,16,VIC1-NSW1,NSW1,183,108,740.88,0.0
2022-05,C2022Q2,T07,C2022Q2T07,16,VIC1-NSW1,VIC1,175,125,7772.16,0.0
2022-05,C2022Q3,T06,C2022Q3T06,16,NSW1-QLD1,NSW1,45,45,501.0,0.0
2022-05,C2022Q3,T06,C2022Q3T06,16,NSW1-QLD1,QLD1,130,100,11901.12,0.0
2022-05,C2022Q3,T06,C2022Q3T06,16,V-SA,SA1,94,64,5204.0,0.0
2022-05,C2022Q3,T06,C2022Q3T06,16,V-SA,VIC1,93,73,1750.0,0.0
2022-05,C2022Q3,T06,C2022Q3T06,16,VIC1-NSW1,NSW1,183,108,875.0,0.0
2022-05,C2022Q3,T06,C2022Q3T06,16,VIC1-NSW1,VIC1,150,125,8501.0,0.0
2022-05,C2022Q4,T05,C2022Q4T05,16,NSW1-QLD1,NSW1,55,45,1503.03,0.0
2022-05,C2022Q4,T05,C2022Q4T05,16,NSW1-QLD1,QLD1,130,100,11956.92,0.0
2022-05,C2022Q4,T05,C2022Q4T05,16,V-SA,SA1,90,64,5039.85,0.0
2022-05,C2022Q4,T05,C2022Q4T05,16,V-SA,VIC1,93,73,2450.0,0.0
2022-05,C2022Q4,T05,C2022Q4T05,16,VIC1-NSW1,NSW1,158,108,1197.25,0.0
2022-05,C2022Q4,T05,C2022Q4T05,16,VIC1-NSW1,VIC1,168,125,8950.99,0.0
2022-05,C2023Q1,T04,C2023Q1T04,16,NSW1-QLD1,NSW1,57,45,3001.0,0.0
2022-05,C2023Q1,T04,C2023Q1T04,16,NSW1-QLD1,QLD1,100,100,15996.96,0.0
2022-05,C2023Q1,T04,C2023Q1T04,16,V-SA,SA1,74,64,5668.0,0.0
2022-05,C2023Q1,T04,C2023Q1T04,16,V-SA,VIC1,93,73,6004.0,0.0
2022-05,C2023Q1,T04,C2023Q1T04,16,VIC1-NSW1,NSW1,158,108,5625.0,0.0
2022-05,C2023Q1,T04,C2023Q1T04,16,VIC1-NSW1,VIC1,145,125,11375.99,0.0
2022-05,C2023Q2,T03,C2023Q2T03,16,NSW1-QLD1,NSW1,45,45,404.0,0.0
2022-05,C2023Q2,T03,C2023Q2T03,16,NSW1-QLD1,QLD1,100,100,12839.0,0.0
2022-05,C2023Q2,T03,C2023Q2T03,16,V-SA,SA1,91,81,3124.0,0.0
2022-05,C2023Q2,T03,C2023Q2T03,16,V-SA,VIC1,93,73,1454.0,0.0
2022-05,C2023Q2,T03,C2023Q2T03,16,VIC1-NSW1,NSW1,188,108,562.5,0.0
2022-05,C2023Q2,T03,C2023Q2T03,16,VIC1-NSW1,VIC1,150,125,7407.0,0.0
2022-05,C2023Q3,T02,C2023Q3T02,16,NSW1-QLD1,NSW1,45,45,401.0,0.0
2022-05,C2023Q3,T02,C2023Q3T02,16,NSW1-QLD1,QLD1,100,100,12984.0,0.0
2022-05,C2023Q3,T02,C2023Q3T02,16,V-SA,SA1,74,64,3920.0,0.0
2022-05,C2023Q3,T02,C2023Q3T02,16,V-SA,VIC1,93,73,1435.2,0.0
2022-05,C2023Q3,T02,C2023Q3T02,16,VIC1-NSW1,NSW1,138,108,660.66,0.0
2022-05,C2023Q3,T02,C2023Q3T02,16,VIC1-NSW1,VIC1,150,125,7744.0,0.0
2022-05,C2023Q4,T01,C2023Q4T01,16,NSW1-QLD1,NSW1,45,45,1301.0,0.0
2022-05,C2023Q4,T01,C2023Q4T01,16,NSW1-QLD1,QLD1,100,100,12400.96,0.0
2022-05,C2023Q4,T01,C2023Q4T01,16,V-SA,SA1,64,64,4000.0,0.0
2022-05,C2023Q4,T01,C2023Q4T01,16,V-SA,VIC1,73,73,1840.35,0.0
2022-05,C2023Q4,T01,C2023Q4T01,16,VIC1-NSW1,NSW1,108,108,1001.0,0.0
2022-05,C2023Q4,T01,C2023Q4T01,16,VIC1-NSW1,VIC1,125,125,7473.0,0.0
2022-05,C2021Q3,T12,C2021Q3T12,10,NSW1-QLD1,NSW1,105,55,2125.0,0.0
2022-05,C2021Q3,T12,C2021Q3T12,10,NSW1-QLD1,QLD1,252,134,10346.29,0.0
2022-05,C2021Q3,T12,C2021Q3T12,10,V-SA,SA1,134,66,4404.0,0.0
2022-05,C2021Q3,T12,C2021Q3T12,10,V-SA,VIC1,248,100,3500.0,0.0
2022-05,C2021Q3,T12,C2021Q3T12,10,VIC1-NSW1,NSW1,316,112,1006.0,0.0
2022-05,C2021Q3,T12,C2021Q3T12,10,VIC1-NSW1,VIC1,200,152,11396.0,0.0
2022-05,C2021Q4,T11,C2021Q4T11,10,NSW1-QLD1,NSW1,148,45,2218.0,0.0
2022-05,C2021Q4,T11,C2021Q4T11,10,NSW1-QLD1,QLD1,292,103,9780.23,0.0
2022-05,C2021Q4,T11,C2021Q4T11,10,V-SA,SA1,123,64,4816.92,0.0
2022-05,C2021Q4,T11,C2021Q4T11,10,V-SA,VIC1,134,86,5996.06,0.0
2022-05,C2021Q4,T11,C2021Q4T11,10,VIC1-NSW1,NSW1,168,108,754.0,0.0
2022-05,C2021Q4,T11,C2021Q4T11,10,VIC1-NSW1,VIC1,227,145,11721.25,0.0
2022-05,C2022Q1,T10,C2022Q1T10,10,NSW1-QLD1,NSW1,55,45,5267.0,0.0
2022-05,C2022Q1,T10,C2022Q1T10,10,NSW1-QLD1,QLD1,234,101,16460.75,0.0
2022-05,C2022Q1,T10,C2022Q1T10,10,V-SA,SA1,114,64,5707.0,0.0
2022-05,C2022Q1,T10,C2022Q1T10,10,V-SA,VIC1,103,73,8775.0,0.0
2022-05,C2022Q1,T10,C2022Q1T10,10,VIC1-NSW1,NSW1,176,108,5028.0,0.0
2022-05,C2022Q1,T10,C2022Q1T10,10,VIC1-NSW1,VIC1,301,125,15434.0,0.0
2022-05,C2020Q3,T12,C2020Q3T12,45,V-SA,VIC1,193,77,1713.0,0.0
2022-05,C2020Q3,T12,C2020Q3T12,45,VIC1-NSW1,NSW1,296,112,1023.75,0.0
2022-05,C2020Q3,T12,C2020Q3T12,45,VIC1-NSW1,VIC1,355,135,4901.0,0.0
2022-05,C2020Q4,T11,C2020Q4T11,45,NSW1-QLD1,NSW1,193,45,701.23,0.0
2022-05,C2020Q4,T11,C2020Q4T11,45,NSW1-QLD1,QLD1,222,110,10878.4,0.0
2022-05,C2020Q4,T11,C2020Q4T11,45,V-SA,SA1,94,64,8001.2,0.0
2022-05,C2020Q4,T11,C2020Q4T11,45,V-SA,VIC1,168,73,1795.2,0.0
2022-05,C2020Q4,T11,C2020Q4T11,45,VIC1-NSW1,NSW1,234,113,2208.0,0.0
2022-05,C2020Q4,T11,C2020Q4T11,45,VIC1-NSW1,VIC1,340,130,5875.0,0.0
2022-05,C2021Q1,T10,C2021Q1T10,45,NSW1-QLD1,NSW1,76,45,1500.0,0.0
2022-05,C2021Q1,T10,C2021Q1T10,45,NSW1-QLD1,QLD1,245,100,19700.0,0.0
2022-05,C2021Q1,T10,C2021Q1T10,45,V-SA,SA1,119,64,7137.0,0.0
2022-05,C2021Q1,T10,C2021Q1T10,45,V-SA,VIC1,118,73,4666.0,0.0
2022-05,C2021Q1,T10,C2021Q1T10,45,VIC1-NSW1,NSW1,146,108,7501.0,0.0
2022-05,C2021Q1,T10,C2021Q1T10,45,VIC1-NSW1,VIC1,250,125,7940.53,0.0
2022-05,C2021Q2,T09,C2021Q2T09,45,NSW1-QLD1,NSW1,65,45,140.19,0.0
2022-05,C2021Q2,T09,C2021Q2T09,45,NSW1-QLD1,QLD1,200,120,12000.0,0.0
2022-05,C2021Q2,T09,C2021Q2T09,45,V-SA,SA1,121,64,3500.79,0.0
2022-05,C2021Q2,T09,C2021Q2T09,45,V-SA,VIC1,163,73,1711.0,0.0
2022-05,C2021Q2,T09,C2021Q2T09,45,VIC1-NSW1,NSW1,153,108,982.8,0.0
2022-05,C2021Q2,T09,C2021Q2T09,45,VIC1-NSW1,VIC1,237,135,5416.0,0.0
2022-05,C2021Q3,T08,C2021Q3T08,45,NSW1-QLD1,NSW1,45,45,312.0,0.0
2022-05,C2021Q3,T08,C2021Q3T08,45,NSW1-QLD1,QLD1,215,100,10086.0,0.0
2022-05,C2021Q3,T08,C2021Q3T08,45,V-SA,SA1,114,64,3571.78,0.0
2022-05,C2021Q3,T08,C2021Q3T08,45,V-SA,VIC1,215,73,1695.75,0.0
2022-05,C2021Q3,T08,C2021Q3T08,45,VIC1-NSW1,NSW1,197,108,1032.0,0.0
2022-05,C2021Q3,T08,C2021Q3T08,45,VIC1-NSW1,VIC1,219,135,6601.0,0.0
2022-05,C2021Q4,T07,C2021Q4T07,45,NSW1-QLD1,NSW1,112,45,685.0,0.0
2022-05,C2021Q4,T07,C2021Q4T07,45,NSW1-QLD1,QLD1,180,100,11103.0,0.0
2022-05,C2021Q4,T07,C2021Q4T07,45,V-SA,SA1,114,64,4000.0,0.0
2022-05,C2021Q4,T07,C2021Q4T07,45,V-SA,VIC1,192,73,1789.08,0.0
2022-05,C2021Q4,T07,C2021Q4T07,45,VIC1-NSW1,NSW1,148,108,1104.0,0.0
2022-05,C2021Q4,T07,C2021Q4T07,45,VIC1-NSW1,VIC1,235,135,6250.0,0.0
2022-05,C2022Q1,T06,C2022Q1T06,45,NSW1-QLD1,NSW1,50,45,2358.0,0.0
2022-05,C2022Q1,T06,C2022Q1T06,45,NSW1-QLD1,QLD1,236,100,16474.0,0.0
2022-05,C2022Q1,T06,C2022Q1T06,45,V-SA,SA1,111,64,4358.0,0.0
2022-05,C2022Q1,T06,C2022Q1T06,45,V-SA,VIC1,103,73,5878.13,0.0
2022-05,C2022Q1,T06,C2022Q1T06,45,VIC1-NSW1,NSW1,134,108,5750.0,0.0
2022-05,C2022Q1,T06,C2022Q1T06,45,VIC1-NSW1,VIC1,245,125,8311.6,0.0
2022-05,C2022Q2,T05,C2022Q2T05,45,NSW1-QLD1,NSW1,45,45,359.0,0.0
2022-05,C2022Q2,T05,C2022Q2T05,45,NSW1-QLD1,QLD1,175,100,11373.4,0.0
2022-05,C2022Q2,T05,C2022Q2T05,45,V-SA,SA1,114,64,3250.0,0.0
2022-05,C2022Q2,T05,C2022Q2T05,45,V-SA,VIC1,118,73,1401.0,0.0
2022-05,C2022Q2,T05,C2022Q2T05,45,VIC1-NSW1,NSW1,138,108,842.0,0.0
2022-05,C2022Q2,T05,C2022Q2T05,45,VIC1-NSW1,VIC1,160,125,6400.0,0.0
2022-05,C2022Q3,T04,C2022Q3T04,45,NSW1-QLD1,NSW1,51,51,510.0,0.0
2022-05,C2022Q3,T04,C2022Q3T04,45,NSW1-QLD1,QLD1,147,100,11702.4,0.0
2022-05,C2022Q3,T04,C2022Q3T04,45,V-SA,SA1,84,64,3502.1,0.0
2022-05,C2022Q3,T04,C2022Q3T04,45,V-SA,VIC1,93,73,1695.75,0.0
2022-05,C2022Q3,T04,C2022Q3T04,45,VIC1-NSW1,NSW1,138,108,880.8,0.0
2022-05,C2022Q3,T04,C2022Q3T04,45,VIC1-NSW1,VIC1,155,125,6400.0,0.0
2022-05,C2022Q4,T03,C2022Q4T03,45,NSW1-QLD1,NSW1,55,45,889.0,0.0
2022-05,C2022Q4,T03,C2022Q4T03,45,NSW1-QLD1,QLD1,125,100,11250.0,0.0
2022-05,C2022Q4,T03,C2022Q4T03,45,V-SA,SA1,80,64,4000.0,0.0
2022-05,C2022Q4,T03,C2022Q4T03,45,V-SA,VIC1,88,73,1978.0,0.0
2022-05,C2022Q4,T03,C2022Q4T03,45,VIC1-NSW1,NSW1,108,108,1104.0,0.0
2022-05,C2022Q4,T03,C2022Q4T03,45,VIC1-NSW1,VIC1,140,125,6416.0,0.0
2022-05,C2023Q1,T02,C2023Q1T02,45,NSW1-QLD1,NSW1,45,45,2520.0,0.0
2022-05,C2023Q1,T02,C2023Q1T02,45,NSW1-QLD1,QLD1,125,100,14606.59,0.0
2022-05,C2023Q1,T02,C2023Q1T02,45,V-SA,SA1,64,64,4800.0,0.0
2022-05,C2023Q1,T02,C2023Q1T02,45,V-SA,VIC1,82,73,5442.72,0.0
2022-05,C2023Q1,T02,C2023Q1T02,45,VIC1-NSW1,NSW1,108,108,5553.24,0.0
2022-05,C2023Q1,T02,C2023Q1T02,45,VIC1-NSW1,VIC1,150,128,9203.0,0.0
2022-05,C2023Q2,T01,C2023Q2T01,45,NSW1-QLD1,NSW1,45,45,395.0,0.0
2022-05,C2023Q2,T01,C2023Q2T01,45,NSW1-QLD1,QLD1,100,100,11373.4,0.0
2022-05,C2023Q2,T01,C2023Q2T01,45,V-SA,SA1,64,64,3250.0,0.0
2022-05,C2023Q2,T01,C2023Q2T01,45,V-SA,VIC1,73,73,1360.0,0.0
2022-05,C2023Q2,T01,C2023Q2T01,45,VIC1-NSW1,NSW1,108,108,960.96,0.0
2022-05,C2023Q2,T01,C2023Q2T01,45,VIC1-NSW1,VIC1,125,125,6666.0,0.0
2022-05,C2020Q4,T12,C2020Q4T12,24,NSW1-QLD1,NSW1,157,55,804.0,0.0
2022-05,C2020Q4,T12,C2020Q4T12,24,NSW1-QLD1,QLD1,210,100,10450.0,0.0
2022-05,C2020Q4,T12,C2020Q4T12,24,V-SA,SA1,91,66,6500.85,0.0
2022-05,C2020Q4,T12,C2020Q4T12,24,V-SA,VIC1,97,77,3000.33,0.0
2022-05,C2020Q4,T12,C2020Q4T12,24,VIC1-NSW1,NSW1,222,112,2755.0,0.0
2022-05,C2020Q4,T12,C2020Q4T12,24,VIC1-NSW1,VIC1,285,126,4500.0,0.0
2022-05,C2021Q1,T11,C2021Q1T11,24,NSW1-QLD1,NSW1,79,45,1755.0,0.0
2022-05,C2021Q1,T11,C2021Q1T11,24,NSW1-QLD1,QLD1,150,100,19785.0,0.0
2022-05,C2021Q1,T11,C2021Q1T11,24,V-SA,SA1,89,64,6750.0,0.0
2022-05,C2021Q1,T11,C2021Q1T11,24,V-SA,VIC1,93,73,5500.0,0.0
2022-05,C2021Q1,T11,C2021Q1T11,24,VIC1-NSW1,NSW1,188,108,8500.93,0.0
2022-05,C2021Q1,T11,C2021Q1T11,24,VIC1-NSW1,VIC1,175,125,6975.0,0.0
2022-05,C2021Q2,T10,C2021Q2T10,24,NSW1-QLD1,NSW1,45,45,160.36,0.0
2022-05,C2021Q2,T10,C2021Q2T10,24,NSW1-QLD1,QLD1,175,100,11750.0,0.0
2022-05,C2021Q2,T10,C2021Q2T10,24,V-SA,SA1,109,64,3850.0,0.0
2022-05,C2021Q2,T10,C2021Q2T10,24,V-SA,VIC1,108,73,1780.0,0.0
2022-05,C2021Q2,T10,C2021Q2T10,24,VIC1-NSW1,NSW1,199,108,1300.84,0.0
2022-05,C2021Q2,T10,C2021Q2T10,24,VIC1-NSW1,VIC1,205,125,4007.84,0.0
2022-05,C2021Q3,T09,C2021Q3T09,24,NSW1-QLD1,NSW1,45,45,252.0,0.0
2022-05,C2021Q3,T09,C2021Q3T09,24,NSW1-QLD1,QLD1,180,100,12950.12,0.0
2022-05,C2021Q3,T09,C2021Q3T09,24,V-SA,SA1,109,64,4504.0,0.0
2022-05,C2021Q3,T09,C2021Q3T09,24,V-SA,VIC1,113,73,1600.94,0.0
2022-05,C2021Q3,T09,C2021Q3T09,24,VIC1-NSW1,NSW1,247,108,1304.0,0.0
2022-05,C2021Q3,T09,C2021Q3T09,24,VIC1-NSW1,VIC1,185,125,4500.0,0.0
2022-05,C2021Q4,T08,C2021Q4T08,24,NSW1-QLD1,NSW1,108,45,604.0,0.0
2022-05,C2021Q4,T08,C2021Q4T08,24,NSW1-QLD1,QLD1,160,100,11150.0,0.0
2022-05,C2021Q4,T08,C2021Q4T08,24,V-SA,SA1,109,64,4833.66,0.0
2022-05,C2021Q4,T08,C2021Q4T08,24,V-SA,VIC1,137,73,2127.76,0.0
2022-05,C2021Q4,T08,C2021Q4T08,24,VIC1-NSW1,NSW1,148,108,1504.0,0.0
2022-05,C2021Q4,T08,C2021Q4T08,24,VIC1-NSW1,VIC1,205,125,5250.0,0.0
2022-05,C2022Q1,T07,C2022Q1T07,24,NSW1-QLD1,NSW1,54,45,2350.0,0.0
2022-05,C2022Q1,T07,C2022Q1T07,24,NSW1-QLD1,QLD1,136,100,16000.0,0.0
2022-05,C2022Q1,T07,C2022Q1T07,24,V-SA,SA1,64,64,5143.26,0.0
2022-05,C2022Q1,T07,C2022Q1T07,24,V-SA,VIC1,73,73,7019.42,0.0
2022-05,C2022Q1,T07,C2022Q1T07,24,VIC1-NSW1,NSW1,162,117,8800.0,0.0
2022-05,C2022Q1,T07,C2022Q1T07,24,VIC1-NSW1,VIC1,175,125,9142.76,0.0
2022-05,C2022Q2,T06,C2022Q2T06,24,NSW1-QLD1,NSW1,45,45,351.0,0.0
2022-05,C2022Q2,T06,C2022Q2T06,24,NSW1-QLD1,QLD1,120,100,11650.0,0.0
2022-05,C2022Q2,T06,C2022Q2T06,24,V-SA,SA1,98,64,4000.0,0.0
2022-05,C2022Q2,T06,C2022Q2T06,24,V-SA,VIC1,73,73,1600.0,0.0
2022-05,C2022Q2,T06,C2022Q2T06,24,VIC1-NSW1,NSW1,198,108,841.91,0.0
2022-05,C2022Q2,T06,C2022Q2T06,24,VIC1-NSW1,VIC1,205,125,6619.68,0.0
2022-05,C2022Q3,T05,C2022Q3T05,24,NSW1-QLD1,NSW1,45,45,561.0,0.0
2022-05,C2022Q3,T05,C2022Q3T05,24,NSW1-QLD1,QLD1,100,100,12150.0,0.0
2022-05,C2022Q3,T05,C2022Q3T05,24,V-SA,SA1,84,64,4000.0,0.0
2022-05,C2022Q3,T05,C2022Q3T05,24,V-SA,VIC1,73,73,1750.0,0.0
2022-05,C2022Q3,T05,C2022Q3T05,24,VIC1-NSW1,NSW1,198,108,1104.01,0.0
2022-05,C2022Q3,T05,C2022Q3T05,24,VIC1-NSW1,VIC1,195,125,6501.0,0.0
2022-05,C2022Q4,T04,C2022Q4T04,24,NSW1-QLD1,NSW1,55,45,1254.0,0.0
2022-05,C2022Q4,T04,C2022Q4T04,24,NSW1-QLD1,QLD1,100,100,10900.0,0.0
2022-05,C2022Q4,T04,C2022Q4T04,24,V-SA,SA1,80,64,4666.98,0.0
2022-05,C2022Q4,T04,C2022Q4T04,24,V-SA,VIC1,73,73,2450.0,0.0
2022-05,C2022Q4,T04,C2022Q4T04,24,VIC1-NSW1,NSW1,148,108,1710.37,0.0
2022-05,C2022Q4,T04,C2022Q4T04,24,VIC1-NSW1,VIC1,185,125,6793.1,0.0
2022-05,C2023Q1,T03,C2023Q1T03,24,NSW1-QLD1,NSW1,45,45,2646.0,0.0
2022-05,C2023Q1,T03,C2023Q1T03,24,NSW1-QLD1,QLD1,100,100,14750.0,0.0
2022-05,C2023Q1,T03,C2023Q1T03,24,V-SA,SA1,74,64,5143.26,0.0
2022-05,C2023Q1,T03,C2023Q1T03,24,V-SA,VIC1,73,73,6004.0,0.0
2022-05,C2023Q1,T03,C2023Q1T03,24,VIC1-NSW1,NSW1,133,120,7500.0,0.0
2022-05,C2023Q1,T03,C2023Q1T03,24,VIC1-NSW1,VIC1,125,125,10123.0,0.0
2022-05,C2023Q2,T02,C2023Q2T02,24,NSW1-QLD1,NSW1,45,45,347.6,0.0
2022-05,C2023Q3,T01,C2023Q3T01,27,NSW1-QLD1,QLD1,100,100,12150.0,0.0
2022-05,C2023Q3,T01,C2023Q3T01,27,V-SA,SA1,64,64,4000.0,0.0
2022-05,C2023Q3,T01,C2023Q3T01,27,V-SA,VIC1,73,73,1500.0,0.0
2022-05,C2023Q3,T01,C2023Q3T01,27,VIC1-NSW1,NSW1,108,108,750.75,0.0
2022-05,C2023Q3,T01,C2023Q3T01,27,VIC1-NSW1,VIC1,125,125,7040.0,0.0
2022-05,C2021Q1,T12,C2021Q1T12,17,NSW1-QLD1,NSW1,83,55,2104.0,0.0
2022-05,C2021Q1,T12,C2021Q1T12,17,NSW1-QLD1,QLD1,155,100,21956.0,0.0
2022-05,C2021Q1,T12,C2021Q1T12,17,V-SA,SA1,96,66,7500.0,0.0
2022-05,C2021Q1,T12,C2021Q1T12,17,V-SA,VIC1,137,77,5500.0,0.0
2022-05,C2021Q1,T12,C2021Q1T12,17,VIC1-NSW1,NSW1,222,112,6375.69,0.0
2022-05,C2021Q1,T12,C2021Q1T12,17,VIC1-NSW1,VIC1,170,125,9000.0,0.0
2022-05,C2021Q2,T11,C2021Q2T11,17,NSW1-QLD1,NSW1,45,45,253.0,0.0
2022-05,C2021Q2,T11,C2021Q2T11,17,NSW1-QLD1,QLD1,155,100,13100.0,0.0
2022-05,C2021Q2,T11,C2021Q2T11,17,V-SA,SA1,114,64,4790.09,0.0
2022-05,C2021Q2,T11,C2021Q2T11,17,V-SA,VIC1,133,73,1601.0,0.0
2022-05,C2021Q2,T11,C2021Q2T11,17,VIC1-NSW1,NSW1,224,108,1365.88,0.0
2022-05,C2021Q2,T11,C2021Q2T11,17,VIC1-NSW1,VIC1,195,125,5354.0,0.0
2022-05,C2021Q3,T10,C2021Q3T10,17,NSW1-QLD1,NSW1,45,45,254.0,0.0
2022-05,C2021Q3,T10,C2021Q3T10,17,NSW1-QLD1,QLD1,155,100,12302.5,0.0
2022-05,C2021Q3,T10,C2021Q3T10,17,V-SA,SA1,114,64,5250.0,0.0
2022-05,C2021Q3,T10,C2021Q3T10,17,V-SA,VIC1,174,73,1601.0,0.0
2022-05,C2021Q3,T10,C2021Q3T10,17,VIC1-NSW1,NSW1,257,108,1389.0,0.0
2022-05,C2021Q3,T10,C2021Q3T10,17,VIC1-NSW1,VIC1,179,125,5625.0,0.0
2022-05,C2021Q4,T09,C2021Q4T09,17,NSW1-QLD1,NSW1,120,51,804.0,0.0
2022-05,C2021Q4,T09,C2021Q4T09,17,NSW1-QLD1,QLD1,155,100,12250.0,0.0
2022-05,C2021Q4,T09,C2021Q4T09,17,V-SA,SA1,114,64,5318.0,0.0
2022-05,C2021Q4,T09,C2021Q4T09,17,V-SA,VIC1,167,73,2127.76,0.0
2022-05,C2021Q4,T09,C2021Q4T09,17,VIC1-NSW1,NSW1,158,108,1323.52,0.0
2022-05,C2021Q4,T09,C2021Q4T09,17,VIC1-NSW1,VIC1,170,125,7501.0,0.0
2022-05,C2022Q1,T08,C2022Q1T08,17,NSW1-QLD1,NSW1,66,45,2585.0,0.0
2022-05,C2022Q1,T08,C2022Q1T08,17,NSW1-QLD1,QLD1,173,100,17800.96,0.0
2022-05,C2022Q1,T08,C2022Q1T08,17,V-SA,SA1,94,64,5878.01,0.0
2022-05,C2022Q1,T08,C2022Q1T08,17,V-SA,VIC1,93,73,6004.0,0.0
2022-05,C2022Q1,T08,C2022Q1T08,17,VIC1-NSW1,NSW1,203,108,6600.0,0.0
2022-05,C2022Q1,T08,C2022Q1T08,17,VIC1-NSW1,VIC1,170,125,11224.0,0.0
2022-05,C2022Q2,T07,C2022Q2T07,17,NSW1-QLD1,NSW1,45,45,401.0,0.0
2022-05,C2022Q2,T07,C2022Q2T07,17,NSW1-QLD1,QLD1,155,100,11067.5,0.0
2022-05,C2022Q2,T07,C2022Q2T07,17,V-SA,SA1,128,78,4000.0,0.0
2022-05,C2022Q2,T07,C2022Q2T07,17,V-SA,VIC1,93,73,1668.35,0.0
2022-05,C2022Q2,T07,C2022Q2T07,17,VIC1-NSW1,NSW1,183,108,740.88,0.0
2022-05,C2022Q2,T07,C2022Q2T07,17,VIC1-NSW1,VIC1,175,125,7772.16,0.0
2022-05,C2022Q3,T06,C2022Q3T06,17,NSW1-QLD1,NSW1,45,45,501.0,0.0
2022-05,C2022Q3,T06,C2022Q3T06,17,NSW1-QLD1,QLD1,130,100,11901.12,0.0
2022-05,C2022Q3,T06,C2022Q3T06,17,V-SA,SA1,94,64,5204.0,0.0
2022-05,C2022Q3,T06,C2022Q3T06,17,V-SA,VIC1,93,73,1750.0,0.0
2022-05,C2022Q3,T06,C2022Q3T06,17,VIC1-NSW1,NSW1,183,108,875.0,0.0
2022-05,C2022Q3,T06,C2022Q3T06,17,VIC1-NSW1,VIC1,150,125,8501.0,0.0
2022-05,C2022Q4,T05,C2022Q4T05,17,NSW1-QLD1,NSW1,55,45,1503.03,0.0
2022-05,C2022Q4,T05,C2022Q4T05,17,NSW1-QLD1,QLD1,130,100,11956.92,0.0
2022-05,C2022Q4,T05,C2022Q4T05,17,V-SA,SA1,90,64,5039.85,0.0
2022-05,C2022Q4,T05,C2022Q4T05,17,V-SA,VIC1,93,73,2450.0,0.0
2022-05,C2022Q4,T05,C2022Q4T05,17,VIC1-NSW1,NSW1,158,108,1197.25,0.0
2022-05,C2022Q4,T05,C2022Q4T05,17,VIC1-NSW1,VIC1,168,125,8950.99,0.0
2022-05,C2023Q1,T04,C2023Q1T04,17,NSW1-QLD1,NSW1,57,45,3001.0,0.0
2022-05,C2023Q1,T04,C2023Q1T04,17,NSW1-QLD1,QLD1,100,100,15996.96,0.0
2022-05,C2023Q1,T04,C2023Q1T04,17,V-SA,SA1,74,64,5668.0,0.0
2022-05,C2023Q1,T04,C2023Q1T04,17,V-SA,VIC1,93,73,6004.0,0.0
2022-05,C2023Q1,T04,C2023Q1T04,17,VIC1-NSW1,NSW1,158,108,5625.0,0.0
2022-05,C2023Q1,T04,C2023Q1T04,17,VIC1-NSW1,VIC1,145,125,11375.99,0.0
2022-05,C2023Q2,T03,C2023Q2T03,17,NSW1-QLD1,NSW1,45,45,404.0,0.0
2022-05,C2023Q2,T03,C2023Q2T03,17,NSW1-QLD1,QLD1,100,100,12839.0,0.0
2022-05,C2023Q2,T03,C2023Q2T03,17,V-SA,SA1,91,81,3124.0,0.0
2022-05,C2023Q2,T03,C2023Q2T03,17,V-SA,VIC1,93,73,1454.0,0.0
2022-05,C2023Q2,T03,C2023Q2T03,17,VIC1-NSW1,NSW1,188,108,562.5,0.0
2022-05,C2023Q2,T03,C2023Q2T03,17,VIC1-NSW1,VIC1,150,125,7407.0,0.0
2022-05,C2023Q3,T02,C2023Q3T02,17,NSW1-QLD1,NSW1,45,45,401.0,0.0
2022-05,C2023Q3,T02,C2023Q3T02,17,NSW1-QLD1,QLD1,100,100,12984.0,0.0
2022-05,C2023Q3,T02,C2023Q3T02,17,V-SA,SA1,74,64,3920.0,0.0
2022-05,C2023Q3,T02,C2023Q3T02,17,V-SA,VIC1,93,73,1435.2,0.0
2022-05,C2023Q3,T02,C2023Q3T02,17,VIC1-NSW1,NSW1,138,108,660.66,0.0
2022-05,C2023Q3,T02,C2023Q3T02,17,VIC1-NSW1,VIC1,150,125,7744.0,0.0
2022-05,C2023Q4,T01,C2023Q4T01,17,NSW1-QLD1,NSW1,45,45,1301.0,0.0
2022-05,C2023Q4,T01,C2023Q4T01,17,NSW1-QLD1,QLD1,100,100,12400.96,0.0
2022-05,C2023Q4,T01,C2023Q4T01,17,V-SA,SA1,64,64,4000.0,0.0
2022-05,C2023Q4,T01,C2023Q4T01,17,V-SA,VIC1,73,73,1840.35,0.0
2022-05,C2023Q4,T01,C2023Q4T01,17,VIC1-NSW1,NSW1,108,108,1001.0,0.0
2022-05,C2023Q4,T01,C2023Q4T01,17,VIC1-NSW1,VIC1,125,125,7473.0,0.0
2022-05,C2021Q2,T12,C2021Q2T12,8,NSW1-QLD1,NSW1,61,55,354.0,0.0
2022-05,C2021Q2,T12,C2021Q2T12,8,NSW1-QLD1,QLD1,246,110,10087.0,0.0
2022-05,C2021Q2,T12,C2021Q2T12,8,V-SA,SA1,117,70,4654.0,0.0
2022-05,C2021Q2,T12,C2021Q2T12,8,V-SA,VIC1,174,77,2054.0,0.0
2022-05,C2021Q2,T12,C2021Q2T12,8,VIC1-NSW1,NSW1,372,112,480.79,0.0
2022-05,C2021Q2,T12,C2021Q2T12,8,VIC1-NSW1,VIC1,258,125,8004.0,0.0
2022-05,C2021Q3,T11,C2021Q3T11,8,NSW1-QLD1,NSW1,45,45,417.47,0.0
2022-05,C2021Q3,T11,C2021Q3T11,8,NSW1-QLD1,QLD1,245,103,10790.21,0.0
2022-05,C2021Q3,T11,C2021Q3T11,8,V-SA,SA1,112,64,5321.0,0.0
2022-05,C2021Q3,T11,C2021Q3T11,8,V-SA,VIC1,199,73,2455.0,0.0
2022-05,C2021Q3,T11,C2021Q3T11,8,VIC1-NSW1,NSW1,266,108,500.44,0.0
2022-05,C2021Q3,T11,C2021Q3T11,8,VIC1-NSW1,VIC1,275,125,7700.0,0.0
2022-05,C2021Q4,T10,C2021Q4T10,8,NSW1-QLD1,NSW1,85,45,1249.0,0.0
2022-05,C2021Q4,T10,C2021Q4T10,8,NSW1-QLD1,QLD1,255,104,9200.79,0.0
2022-05,C2021Q4,T10,C2021Q4T10,8,V-SA,SA1,111,64,5372.0,0.0
2022-05,C2021Q4,T10,C2021Q4T10,8,V-SA,VIC1,170,73,2780.85,0.0
2022-05,C2021Q4,T10,C2021Q4T10,8,VIC1-NSW1,NSW1,269,114,465.88,0.0
2022-05,C2021Q4,T10,C2021Q4T10,8,VIC1-NSW1,VIC1,248,125,9377.0,0.0
2022-05,C2022Q1,T09,C2022Q1T09,8,NSW1-QLD1,NSW1,69,49,3278.0,0.0
2022-05,C2022Q1,T09,C2022Q1T09,8,NSW1-QLD1,QLD1,185,103,14524.2,0.0
2022-05,C2022Q1,T09,C2022Q1T09,8,V-SA,SA1,124,68,5650.47,0.0
2022-05,C2022Q1,T09,C2022Q1T09,8,V-SA,VIC1,103,73,7019.42,0.0
2022-05,C2022Q1,T09,C2022Q1T09,8,VIC1-NSW1,NSW1,250,117,4356.0,0.0
2022-05,C2022Q1,T09,C2022Q1T09,8,VIC1-NSW1,VIC1,305,125,12347.0,0.0
2022-05,C2022Q2,T08,C2022Q2T08,8,NSW1-QLD1,NSW1,45,45,612.0,0.0
2022-05,C2022Q2,T08,C2022Q2T08,8,NSW1-QLD1,QLD1,200,103,10800.0,0.0
2022-05,C2022Q2,T08,C2022Q2T08,8,V-SA,SA1,111,64,4066.67,0.0
2022-05,C2022Q2,T08,C2022Q2T08,8,V-SA,VIC1,171,73,2502.52,0.0
2022-05,C2022Q2,T08,C2022Q2T08,8,VIC1-NSW1,NSW1,319,115,420.44,0.0
2022-05,C2022Q2,T08,C2022Q2T08,8,VIC1-NSW1,VIC1,188,125,8529.23,0.0
2022-05,C2022Q3,T07,C2022Q3T07,8,NSW1-QLD1,NSW1,45,45,757.75,0.0
2022-05,C2022Q3,T07,C2022Q3T07,8,NSW1-QLD1,QLD1,174,102,13500.0,0.0
2022-05,C2022Q3,T07,C2022Q3T07,8,V-SA,SA1,118,64,5150.72,0.0
2022-05,C2022Q3,T07,C2022Q3T07,8,V-SA,VIC1,150,73,2387.0,0.0
2022-05,C2022Q3,T07,C2022Q3T07,8,VIC1-NSW1,NSW1,267,117,490.44,0.0
2022-05,C2022Q3,T07,C2022Q3T07,8,VIC1-NSW1,VIC1,223,125,9300.43,0.0
2022-05,C2022Q4,T06,C2022Q4T06,8,NSW1-QLD1,NSW1,55,55,1878.78,0.0
2022-05,C2022Q4,T06,C2022Q4T06,8,NSW1-QLD1,QLD1,225,105,10800.52,0.0
2022-05,C2022Q4,T06,C2022Q4T06,8,V-SA,SA1,107,64,5123.85,0.0
2022-05,C2022Q4,T06,C2022Q4T06,8,V-SA,VIC1,146,73,2962.68,0.0
2022-05,C2022Q4,T06,C2022Q4T06,8,VIC1-NSW1,NSW1,217,117,560.44,0.0
2022-05,C2022Q4,T06,C2022Q4T06,8,VIC1-NSW1,VIC1,208,125,10374.0,0.0
2022-05,C2023Q1,T05,C2023Q1T05,8,NSW1-QLD1,NSW1,55,45,3771.0,0.0
2022-05,C2023Q1,T05,C2023Q1T05,8,NSW1-QLD1,QLD1,130,103,13200.2,0.0
2022-05,C2023Q1,T05,C2023Q1T05,8,V-SA,SA1,92,73,5923.47,0.0
2022-05,C2023Q1,T05,C2023Q1T05,8,V-SA,VIC1,96,73,7628.0,0.0
2022-05,C2023Q1,T05,C2023Q1T05,8,VIC1-NSW1,NSW1,177,117,4320.0,0.0
2022-05,C2023Q1,T05,C2023Q1T05,8,VIC1-NSW1,VIC1,155,125,12513.58,0.0
2022-05,C2023Q2,T04,C2023Q2T04,8,NSW1-QLD1,NSW1,45,45,520.0,0.0
2022-05,C2023Q2,T04,C2023Q2T04,8,NSW1-QLD1,QLD1,140,102,15928.0,0.0
2022-05,C2023Q2,T04,C2023Q2T04,8,V-SA,SA1,85,64,3050.72,0.0
2022-05,C2023Q2,T04,C2023Q2T04,8,V-SA,VIC1,130,73,1801.0,0.0
2022-05,C2023Q2,T04,C2023Q2T04,8,VIC1-NSW1,NSW1,198,118,490.44,0.0
2022-05,C2019Q4,T12,C2019Q4T12,11,NSW1-QLD1,NSW1,55,55,600.0,0.0
2022-05,C2019Q4,T12,C2019Q4T12,11,NSW1-QLD1,QLD1,100,100,14748.0,0.0
2022-05,C2019Q4,T12,C2019Q4T12,11,V-SA,SA1,66,66,6125.0,0.0
2022-05,C2019Q4,T12,C2019Q4T12,11,V-SA,VIC1,77,77,1905.0,0.0
2022-05,C2019Q4,T12,C2019Q4T12,11,VIC1-NSW1,NSW1,112,112,3975.91,0.0
2022-05,C2019Q4,T12,C2019Q4T12,11,VIC1-NSW1,VIC1,125,125,4978.0,0.0
2022-05,C2020Q1,T11,C2020Q1T11,11,NSW1-QLD1,NSW1,45,45,3050.0,0.0
2022-05,C2020Q1,T11,C2020Q1T11,11,NSW1-QLD1,QLD1,100,100,16005.0,0.0
2022-05,C2020Q1,T11,C2020Q1T11,11,V-SA,SA1,64,64,5204.0,0.0
2022-05,C2020Q1,T11,C2020Q1T11,11,V-SA,VIC1,73,73,7200.0,0.0
2022-05,C2020Q1,T11,C2020Q1T11,11,VIC1-NSW1,NSW1,108,108,14270.4,0.0
2022-05,C2020Q1,T11,C2020Q1T11,11,VIC1-NSW1,VIC1,125,125,5004.0,0.0
2022-05,C2020Q2,T10,C2020Q2T10,11,NSW1-QLD1,NSW1,45,45,226.0,0.0
2022-05,C2020Q2,T10,C2020Q2T10,11,NSW1-QLD1,QLD1,100,100,14479.92,0.0
2022-05,C2020Q2,T10,C2020Q2T10,11,V-SA,SA1,64,64,5044.0,0.0
2022-05,C2020Q2,T10,C2020Q2T10,11,V-SA,VIC1,73,73,1273.96,0.0
2022-05,C2020Q2,T10,C2020Q2T10,11,VIC1-NSW1,NSW1,108,108,2500.15,0.0
2022-05,C2020Q2,T10,C2020Q2T10,11,VIC1-NSW1,VIC1,125,125,3999.8,0.0
2022-05,C2020Q3,T09,C2020Q3T09,11,NSW1-QLD1,NSW1,45,45,254.0,0.0
2022-05,C2020Q3,T09,C2020Q3T09,11,NSW1-QLD1,QLD1,100,100,13976.64,0.0
2022-05,C2020Q3,T09,C2020Q3T09,11,V-SA,SA1,64,64,9251.0,0.0
2022-05,C2020Q3,T09,C2020Q3T09,11,V-SA,VIC1,73,73,1092.5,0.0
2022-05,C2020Q3,T09,C2020Q3T09,11,VIC1-NSW1,NSW1,108,108,1950.0,0.0
2022-05,C2020Q3,T09,C2020Q3T09,11,VIC1-NSW1,VIC1,125,125,4999.95,0.0
2022-05,C2020Q4,T08,C2020Q4T08,11,NSW1-QLD1,NSW1,45,45,600.0,0.0
2022-05,C2020Q4,T08,C2020Q4T08,11,NSW1-QLD1,QLD1,100,100,12806.4,0.0
2022-05,C2020Q4,T08,C2020Q4T08,11,V-SA,SA1,64,64,7955.0,0.0
2022-05,C2020Q4,T08,C2020Q4T08,11,V-SA,VIC1,73,73,1504.0,0.0
2022-05,C2020Q4,T08,C2020Q4T08,11,VIC1-NSW1,NSW1,108,108,2625.0,0.0
2022-05,C2020Q4,T08,C2020Q4T08,11,VIC1-NSW1,VIC1,125,125,6200.0,0.0
2022-05,C2021Q1,T07,C2021Q1T07,11,NSW1-QLD1,NSW1,45,45,3175.0,0.0
2022-05,C2021Q1,T07,C2021Q1T07,11,NSW1-QLD1,QLD1,100,100,13335.0,0.0
2022-05,C2021Q1,T07,C2021Q1T07,11,V-SA,SA1,64,64,6178.26,0.0
2022-05,C2021Q1,T07,C2021Q1T07,11,V-SA,VIC1,73,73,5961.6,0.0
2022-05,C2021Q1,T07,C2021Q1T07,11,VIC1-NSW1,NSW1,108,108,6975.0,0.0
2022-05,C2021Q1,T07,C2021Q1T07,11,VIC1-NSW1,VIC1,125,125,5500.0,0.0
2022-05,C2021Q2,T06,C2021Q2T06,11,NSW1-QLD1,NSW1,45,45,226.0,0.0
2022-05,C2021Q2,T06,C2021Q2T06,11,NSW1-QLD1,QLD1,100,100,11003.0,0.0
2022-05,C2021Q2,T06,C2021Q2T06,11,V-SA,SA1,64,64,7005.05,0.0
2022-05,C2021Q2,T06,C2021Q2T06,11,V-SA,VIC1,73,73,1528.8,0.0
2022-05,C2021Q2,T06,C2021Q2T06,11,VIC1-NSW1,NSW1,108,108,1659.84,0.0
2022-05,C2021Q2,T06,C2021Q2T06,11,VIC1-NSW1,VIC1,125,125,6200.0,0.0
2022-05,C2021Q3,T05,C2021Q3T05,11,NSW1-QLD1,NSW1,45,45,800.0,0.0
2022-05,C2021Q3,T05,C2021Q3T05,11,NSW1-QLD1,QLD1,100,100,11542.0,0.0
2022-05,C2021Q3,T05,C2021Q3T05,11,V-SA,SA1,64,64,9967.0,0.0
2022-05,C2021Q3,T05,C2021Q3T05,11,V-SA,VIC1,73,73,1662.5,0.0
2022-05,C2021Q3,T05,C2021Q3T05,11,VIC1-NSW1,NSW1,108,108,1650.0,0.0
2022-05,C2021Q3,T05,C2021Q3T05,11,VIC1-NSW1,VIC1,125,125,6200.0,0.0
2022-05,C2021Q4,T04,C2021Q4T04,11,NSW1-QLD1,NSW1,45,45,800.0,0.0
2022-05,C2021Q4,T04,C2021Q4T04,11,NSW1-QLD1,QLD1,100,100,10666.0,0.0
2022-05,C2021Q4,T04,C2021Q4T04,11,V-SA,SA1,64,64,6911.0,0.0
2022-05,C2021Q4,T04,C2021Q4T04,11,V-SA,VIC1,73,73,1729.0,0.0
2022-05,C2021Q4,T04,C2021Q4T04,11,VIC1-NSW1,NSW1,108,108,2208.0,0.0
2022-05,C2021Q4,T04,C2021Q4T04,11,VIC1-NSW1,VIC1,125,125,6200.0,0.0
2022-05,C2022Q1,T03,C2022Q1T03,11,NSW1-QLD1,NSW1,45,45,3175.0,0.0
2022-05,C2022Q1,T03,C2022Q1T03,11,NSW1-QLD1,QLD1,100,100,10250.0,0.0
2022-05,C2022Q1,T03,C2022Q1T03,11,V-SA,SA1,64,64,5533.0,0.0
2022-05,C2022Q1,T03,C2022Q1T03,11,V-SA,VIC1,73,73,5336.0,0.0
2022-05,C2022Q1,T03,C2022Q1T03,11,VIC1-NSW1,NSW1,108,108,5464.8,0.0
2022-05,C2022Q1,T03,C2022Q1T03,11,VIC1-NSW1,VIC1,125,125,6200.0,0.0
2022-05,C2022Q2,T02,C2022Q2T02,11,NSW1-QLD1,NSW1,45,45,305.05,0.0
2022-05,C2022Q2,T02,C2022Q2T02,11,NSW1-QLD1,QLD1,100,100,10750.0,0.0
2022-05,C2022Q2,T02,C2022Q2T02,11,V-SA,SA1,64,64,6592.8,0.0
2022-05,C2022Q2,T02,C2022Q2T02,11,V-SA,VIC1,73,73,1400.0,0.0
2022-05,C2022Q2,T02,C2022Q2T02,11,VIC1-NSW1,NSW1,108,108,1638.0,0.0
2022-05,C2022Q2,T02,C2022Q2T02,11,VIC1-NSW1,VIC1,125,125,6200.0,0.0
2022-05,C2022Q3,T01,C2022Q3T01,11,NSW1-QLD1,NSW1,45,45,800.0,0.0
2022-05,C2022Q3,T01,C2022Q3T01,11,NSW1-QLD1,QLD1,100,100,10465.92,0.0
2022-05,C2022Q3,T01,C2022Q3T01,11,V-SA,SA1,64,64,9967.0,0.0
2022-05,C2022Q3,T01,C2022Q3T01,11,V-SA,VIC1,73,73,1662.5,0.0
2022-05,C2022Q3,T01,C2022Q3T01,11,VIC1-NSW1,NSW1,108,108,1656.0,0.0
2022-05,C2022Q3,T01,C2022Q3T01,11,VIC1-NSW1,VIC1,125,125,6200.0,0.0
2022-05,C2020Q1,T12,C2020Q1T12,30,NSW1-QLD1,NSW1,147,55,2184.0,0.0
2022-05,C2020Q1,T12,C2020Q1T12,30,NSW1-QLD1,QLD1,315,111,13000.0,0.0
2022-05,C2020Q1,T12,C2020Q1T12,30,V-SA,SA1,93,66,8099.0,0.0
2022-05,C2020Q1,T12,C2020Q1T12,30,V-SA,VIC1,139,78,5500.0,0.0
2022-05,C2020Q1,T12,C2020Q1T12,30,VIC1-NSW1,NSW1,280,138,10576.0,0.0
2022-05,C2020Q1,T12,C2020Q1T12,30,VIC1-NSW1,VIC1,432,125,3600.0,0.0
2022-05,C2020Q2,T11,C2020Q2T11,30,NSW1-QLD1,NSW1,112,45,207.96,0.0
2022-05,C2020Q2,T11,C2020Q2T11,30,NSW1-QLD1,QLD1,248,105,14200.0,0.0
2022-05,C2020Q2,T11,C2020Q2T11,30,V-SA,SA1,74,64,10088.0,0.0
2022-05,C2020Q2,T11,C2020Q2T11,30,V-SA,VIC1,185,73,1208.95,0.0
2022-05,C2020Q2,T11,C2020Q2T11,30,VIC1-NSW1,NSW1,211,108,2839.0,0.0
2022-05,C2020Q2,T11,C2020Q2T11,30,VIC1-NSW1,VIC1,297,125,2807.0,0.0
2022-05,C2020Q3,T10,C2020Q3T10,30,NSW1-QLD1,NSW1,112,45,200.0,0.0
2022-05,C2020Q3,T10,C2020Q3T10,30,NSW1-QLD1,QLD1,240,100,16889.0,0.0
2022-05,C2020Q3,T10,C2020Q3T10,30,V-SA,SA1,74,64,12250.0,0.0
2022-05,C2020Q3,T10,C2020Q3T10,30,V-SA,VIC1,185,73,1100.0,0.0
2022-05,C2020Q3,T10,C2020Q3T10,30,VIC1-NSW1,NSW1,239,108,2437.5,0.0
2022-05,C2020Q3,T10,C2020Q3T10,30,VIC1-NSW1,VIC1,297,125,3957.0,0.0
2022-05,C2020Q4,T09,C2020Q4T09,30,NSW1-QLD1,NSW1,170,45,675.0,0.0
2022-05,C2020Q4,T09,C2020Q4T09,30,NSW1-QLD1,QLD1,228,100,14200.0,0.0
2022-05,C2020Q4,T09,C2020Q4T09,30,V-SA,SA1,74,64,13751.0,0.0
2022-05,C2020Q4,T09,C2020Q4T09,30,V-SA,VIC1,163,73,1278.4,0.0
2022-05,C2020Q4,T09,C2020Q4T09,30,VIC1-NSW1,NSW1,204,109,3000.0,0.0
2022-05,C2020Q4,T09,C2020Q4T09,30,VIC1-NSW1,VIC1,243,125,5503.0,0.0
2022-05,C2021Q1,T08,C2021Q1T08,30,NSW1-QLD1,NSW1,69,45,2500.0,0.0
2022-05,C2021Q1,T08,C2021Q1T08,30,NSW1-QLD1,QLD1,256,100,13517.0,0.0
2022-05,C2021Q1,T08,C2021Q1T08,30,V-SA,SA1,78,64,7413.91,0.0
2022-05,C2021Q1,T08,C2021Q1T08,30,V-SA,VIC1,89,73,2666.0,0.0
2022-05,C2021Q1,T08,C2021Q1T08,30,VIC1-NSW1,NSW1,137,119,8718.75,0.0
2022-05,C2021Q1,T08,C2021Q1T08,30,VIC1-NSW1,VIC1,313,125,5620.0,0.0
2022-05,C2021Q2,T07,C2021Q2T07,30,NSW1-QLD1,NSW1,89,45,150.0,0.0
2022-05,C2021Q2,T07,C2021Q2T07,30,NSW1-QLD1,QLD1,159,100,10679.76,0.0
2022-05,C2021Q2,T07,C2021Q2T07,30,V-SA,SA1,74,64,10507.57,0.0
2022-05,C2021Q2,T07,C2021Q2T07,30,V-SA,VIC1,147,73,1509.0,0.0
2022-05,C2021Q2,T07,C2021Q2T07,30,VIC1-NSW1,NSW1,144,108,1706.0,0.0
2022-05,C2021Q2,T07,C2021Q2T07,30,VIC1-NSW1,VIC1,189,125,4793.0,0.0
2022-05,C2021Q3,T06,C2021Q3T06,30,NSW1-QLD1,NSW1,48,45,245.0,0.0
2022-05,C2021Q3,T06,C2021Q3T06,30,NSW1-QLD1,QLD1,171,100,11542.0,0.0
2022-05,C2021Q3,T06,C2021Q3T06,30,V-SA,SA1,74,64,10005.0,0.0
2022-05,C2021Q3,T06,C2021Q3T06,30,V-SA,VIC1,119,73,1413.12,0.0
2022-05,C2021Q3,T06,C2021Q3T06,30,VIC1-NSW1,NSW1,187,108,1656.0,0.0
2022-05,C2021Q3,T06,C2021Q3T06,30,VIC1-NSW1,VIC1,183,125,5420.0,0.0
2022-05,C2021Q4,T05,C2021Q4T05,30,NSW1-QLD1,NSW1,74,45,700.0,0.0
2022-05,C2021Q4,T05,C2021Q4T05,30,NSW1-QLD1,QLD1,135,100,10666.0,0.0
2022-05,C2021Q4,T05,C2021Q4T05,30,V-SA,SA1,74,64,12501.0,0.0
2022-05,C2021Q4,T05,C2021Q4T05,30,V-SA,VIC1,119,73,1642.55,0.0
2022-05,C2021Q4,T05,C2021Q4T05,30,VIC1-NSW1,NSW1,144,108,2002.0,0.0
2022-05,C2021Q4,T05,C2021Q4T05,30,VIC1-NSW1,VIC1,162,125,5270.0,0.0
2022-05,C2022Q1,T04,C2022Q1T04,30,NSW1-QLD1,NSW1,56,45,2222.5,0.0
2022-05,C2022Q1,T04,C2022Q1T04,30,NSW1-QLD1,QLD1,135,100,8512.0,0.0
2022-05,C2022Q1,T04,C2022Q1T04,30,V-SA,SA1,64,64,5540.0,0.0
2022-05,C2022Q1,T04,C2022Q1T04,30,V-SA,VIC1,88,73,2800.0,0.0
2022-05,C2022Q1,T04,C2022Q1T04,30,VIC1-NSW1,NSW1,113,108,6010.0,0.0
2022-05,C2022Q1,T04,C2022Q1T04,30,VIC1-NSW1,VIC1,217,125,5890.0,0.0
2022-05,C2022Q2,T03,C2022Q2T03,30,NSW1-QLD1,NSW1,50,45,200.0,0.0
2022-05,C2022Q2,T03,C2022Q2T03,30,NSW1-QLD1,QLD1,100,100,10750.0,0.0
2022-05,C2022Q2,T03,C2022Q2T03,30,V-SA,SA1,64,64,9889.2,0.0
2022-05,C2022Q2,T03,C2022Q2T03,30,V-SA,VIC1,88,73,1000.0,0.0
2022-05,C2022Q2,T03,C2022Q2T03,30,VIC1-NSW1,NSW1,134,108,1747.0,0.0
2022-05,C2023Q2,T02,C2023Q2T02,24,NSW1-QLD1,QLD1,100,100,11750.0,0.0
2022-05,C2023Q2,T02,C2023Q2T02,24,V-SA,SA1,84,64,4000.0,0.0
2022-05,C2023Q2,T02,C2023Q2T02,24,V-SA,VIC1,73,73,1450.0,0.0
2022-05,C2023Q2,T02,C2023Q2T02,24,VIC1-NSW1,NSW1,158,108,750.0,0.0
2022-05,C2023Q2,T02,C2023Q2T02,24,VIC1-NSW1,VIC1,125,125,7333.0,0.0
2022-05,C2023Q3,T01,C2023Q3T01,24,NSW1-QLD1,NSW1,45,45,257.0,0.0
2022-05,C2023Q3,T01,C2023Q3T01,24,NSW1-QLD1,QLD1,100,100,12150.0,0.0
2022-05,C2023Q3,T01,C2023Q3T01,24,V-SA,SA1,64,64,4000.0,0.0
2022-05,C2023Q3,T01,C2023Q3T01,24,V-SA,VIC1,73,73,1500.0,0.0
2022-05,C2023Q3,T01,C2023Q3T01,24,VIC1-NSW1,NSW1,108,108,750.75,0.0
2022-05,C2023Q3,T01,C2023Q3T01,24,VIC1-NSW1,VIC1,125,125,7040.0,0.0
2022-05,C2021Q1,T12,C2021Q1T12,14,NSW1-QLD1,NSW1,83,55,2104.0,0.0
2022-05,C2021Q1,T12,C2021Q1T12,14,NSW1-QLD1,QLD1,155,100,21956.0,0.0
2022-05,C2021Q1,T12,C2021Q1T12,14,V-SA,SA1,96,66,7500.0,0.0
2022-05,C2021Q1,T12,C2021Q1T12,14,V-SA,VIC1,137,77,5500.0,0.0
2022-05,C2021Q1,T12,C2021Q1T12,14,VIC1-NSW1,NSW1,222,112,6375.69,0.0
2022-05,C2021Q1,T12,C2021Q1T12,14,VIC1-NSW1,VIC1,170,125,9000.0,0.0
2022-05,C2021Q2,T11,C2021Q2T11,14,NSW1-QLD1,NSW1,45,45,253.0,0.0
2022-05,C2021Q2,T11,C2021Q2T11,14,NSW1-QLD1,QLD1,155,100,13100.0,0.0
2022-05,C2021Q2,T11,C2021Q2T11,14,V-SA,SA1,114,64,4790.09,0.0
2022-05,C2021Q2,T11,C2021Q2T11,14,V-SA,VIC1,133,73,1601.0,0.0
2022-05,C2021Q2,T11,C2021Q2T11,14,VIC1-NSW1,NSW1,224,108,1365.88,0.0
2022-05,C2021Q2,T11,C2021Q2T11,14,VIC1-NSW1,VIC1,195,125,5354.0,0.0
2022-05,C2021Q3,T10,C2021Q3T10,14,NSW1-QLD1,NSW1,45,45,254.0,0.0
2022-05,C2021Q3,T10,C2021Q3T10,14,NSW1-QLD1,QLD1,155,100,12302.5,0.0
2022-05,C2021Q3,T10,C2021Q3T10,14,V-SA,SA1,114,64,5250.0,0.0
2022-05,C2021Q3,T10,C2021Q3T10,14,V-SA,VIC1,174,73,1601.0,0.0
2022-05,C2021Q3,T10,C2021Q3T10,14,VIC1-NSW1,NSW1,257,108,1389.0,0.0
2022-05,C2021Q3,T10,C2021Q3T10,14,VIC1-NSW1,VIC1,179,125,5625.0,0.0
2022-05,C2021Q4,T09,C2021Q4T09,14,NSW1-QLD1,NSW1,120,51,804.0,0.0
2022-05,C2021Q4,T09,C2021Q4T09,14,NSW1-QLD1,QLD1,155,100,12250.0,0.0
2022-05,C2021Q4,T09,C2021Q4T09,14,V-SA,SA1,114,64,5318.0,0.0
2022-05,C2021Q4,T09,C2021Q4T09,14,V-SA,VIC1,167,73,2127.76,0.0
2022-05,C2021Q4,T09,C2021Q4T09,14,VIC1-NSW1,NSW1,158,108,1323.52,0.0
2022-05,C2021Q4,T09,C2021Q4T09,14,VIC1-NSW1,VIC1,170,125,7501.0,0.0
2022-05,C2022Q1,T08,C2022Q1T08,14,NSW1-QLD1,NSW1,66,45,2585.0,0.0
2022-05,C2022Q1,T08,C2022Q1T08,14,NSW1-QLD1,QLD1,173,100,17800.96,0.0
2022-05,C2022Q1,T08,C2022Q1T08,14,V-SA,SA1,94,64,5878.01,0.0
2022-05,C2022Q1,T08,C2022Q1T08,14,V-SA,VIC1,93,73,6004.0,0.0
2022-05,C2022Q1,T08,C2022Q1T08,14,VIC1-NSW1,NSW1,203,108,6600.0,0.0
2022-05,C2022Q1,T08,C2022Q1T08,14,VIC1-NSW1,VIC1,170,125,11224.0,0.0
2022-05,C2022Q2,T07,C2022Q2T07,14,NSW1-QLD1,NSW1,45,45,401.0,0.0
2022-05,C2022Q2,T07,C2022Q2T07,14,NSW1-QLD1,QLD1,155,100,11067.5,0.0
2022-05,C2022Q2,T07,C2022Q2T07,14,V-SA,SA1,128,78,4000.0,0.0
2022-05,C2022Q2,T07,C2022Q2T07,14,V-SA,VIC1,93,73,1668.35,0.0
2022-05,C2022Q2,T07,C2022Q2T07,14,VIC1-NSW1,NSW1,183,108,740.88,0.0
2022-05,C2022Q2,T07,C2022Q2T07,14,VIC1-NSW1,VIC1,175,125,7772.16,0.0
2022-05,C2022Q3,T06,C2022Q3T06,14,NSW1-QLD1,NSW1,45,45,501.0,0.0
2022-05,C2022Q3,T06,C2022Q3T06,14,NSW1-QLD1,QLD1,130,100,11901.12,0.0
2022-05,C2022Q3,T06,C2022Q3T06,14,V-SA,SA1,94,64,5204.0,0.0
2022-05,C2022Q3,T06,C2022Q3T06,14,V-SA,VIC1,93,73,1750.0,0.0
2022-05,C2022Q3,T06,C2022Q3T06,14,VIC1-NSW1,NSW1,183,108,875.0,0.0
2022-05,C2022Q3,T06,C2022Q3T06,14,VIC1-NSW1,VIC1,150,125,8501.0,0.0
2022-05,C2022Q4,T05,C2022Q4T05,14,NSW1-QLD1,NSW1,55,45,1503.03,0.0
2022-05,C2022Q4,T05,C2022Q4T05,14,NSW1-QLD1,QLD1,130,100,11956.92,0.0
2022-05,C2022Q4,T05,C2022Q4T05,14,V-SA,SA1,90,64,5039.85,0.0
2022-05,C2022Q4,T05,C2022Q4T05,14,V-SA,VIC1,93,73,2450.0,0.0
2022-05,C2022Q4,T05,C2022Q4T05,14,VIC1-NSW1,NSW1,158,108,1197.25,0.0
2022-05,C2022Q4,T05,C2022Q4T05,14,VIC1-NSW1,VIC1,168,125,8950.99,0.0
2022-05,C2023Q1,T04,C2023Q1T04,14,NSW1-QLD1,NSW1,57,45,3001.0,0.0
2022-05,C2023Q1,T04,C2023Q1T04,14,NSW1-QLD1,QLD1,100,100,15996.96,0.0
2022-05,C2023Q1,T04,C2023Q1T04,14,V-SA,SA1,74,64,5668.0,0.0
2022-05,C2023Q1,T04,C2023Q1T04,14,V-SA,VIC1,93,73,6004.0,0.0
2022-05,C2023Q1,T04,C2023Q1T04,14,VIC1-NSW1,NSW1,158,108,5625.0,0.0
2022-05,C2023Q1,T04,C2023Q1T04,14,VIC1-NSW1,VIC1,145,125,11375.99,0.0
2022-05,C2023Q2,T03,C2023Q2T03,14,NSW1-QLD1,NSW1,45,45,404.0,0.0
2022-05,C2023Q2,T03,C2023Q2T03,14,NSW1-QLD1,QLD1,100,100,12839.0,0.0
2022-05,C2023Q2,T03,C2023Q2T03,14,V-SA,SA1,91,81,3124.0,0.0
2022-05,C2023Q2,T03,C2023Q2T03,14,V-SA,VIC1,93,73,1454.0,0.0
2022-05,C2023Q2,T03,C2023Q2T03,14,VIC1-NSW1,NSW1,188,108,562.5,0.0
2022-05,C2023Q2,T03,C2023Q2T03,14,VIC1-NSW1,VIC1,150,125,7407.0,0.0
2022-05,C2023Q3,T02,C2023Q3T02,14,NSW1-QLD1,NSW1,45,45,401.0,0.0
2022-05,C2023Q3,T02,C2023Q3T02,14,NSW1-QLD1,QLD1,100,100,12984.0,0.0
2022-05,C2023Q3,T02,C2023Q3T02,14,V-SA,SA1,74,64,3920.0,0.0
2022-05,C2023Q3,T02,C2023Q3T02,14,V-SA,VIC1,93,73,1435.2,0.0
2022-05,C2023Q3,T02,C2023Q3T02,14,VIC1-NSW1,NSW1,138,108,660.66,0.0
2022-05,C2023Q3,T02,C2023Q3T02,14,VIC1-NSW1,VIC1,150,125,7744.0,0.0
2022-05,C2023Q4,T01,C2023Q4T01,14,NSW1-QLD1,NSW1,45,45,1301.0,0.0
2022-05,C2023Q4,T01,C2023Q4T01,14,NSW1-QLD1,QLD1,100,100,12400.96,0.0
2022-05,C2023Q4,T01,C2023Q4T01,14,V-SA,SA1,64,64,4000.0,0.0
2022-05,C2023Q4,T01,C2023Q4T01,14,V-SA,VIC1,73,73,1840.35,0.0
2022-05,C2023Q4,T01,C2023Q4T01,14,VIC1-NSW1,NSW1,108,108,1001.0,0.0
2022-05,C2023Q4,T01,C2023Q4T01,14,VIC1-NSW1,VIC1,125,125,7473.0,0.0
2022-05,C2021Q2,T12,C2021Q2T12,6,NSW1-QLD1,NSW1,61,55,354.0,0.0
2022-05,C2021Q2,T12,C2021Q2T12,6,NSW1-QLD1,QLD1,246,110,10087.0,0.0
2022-05,C2021Q2,T12,C2021Q2T12,6,V-SA,SA1,117,70,4654.0,0.0
2022-05,C2021Q2,T12,C2021Q2T12,6,V-SA,VIC1,174,77,2054.0,0.0
2022-05,C2021Q2,T12,C2021Q2T12,6,VIC1-NSW1,NSW1,372,112,480.79,0.0
2022-05,C2021Q2,T12,C2021Q2T12,6,VIC1-NSW1,VIC1,258,125,8004.0,0.0
2022-05,C2021Q3,T11,C2021Q3T11,6,NSW1-QLD1,NSW1,45,45,417.47,0.0
2022-05,C2021Q3,T11,C2021Q3T11,6,NSW1-QLD1,QLD1,245,103,10790.21,0.0
2022-05,C2021Q3,T11,C2021Q3T11,6,V-SA,SA1,112,64,5321.0,0.0
2022-05,C2021Q3,T11,C2021Q3T11,6,V-SA,VIC1,199,73,2455.0,0.0
2022-05,C2021Q3,T11,C2021Q3T11,6,VIC1-NSW1,NSW1,266,108,500.44,0.0
2022-05,C2021Q3,T11,C2021Q3T11,6,VIC1-NSW1,VIC1,275,125,7700.0,0.0
2022-05,C2021Q4,T10,C2021Q4T10,6,NSW1-QLD1,NSW1,85,45,1249.0,0.0
2022-05,C2021Q4,T10,C2021Q4T10,6,NSW1-QLD1,QLD1,255,104,9200.79,0.0
2022-05,C2021Q4,T10,C2021Q4T10,6,V-SA,SA1,111,64,5372.0,0.0
2022-05,C2021Q4,T10,C2021Q4T10,6,V-SA,VIC1,170,73,2780.85,0.0
2022-05,C2021Q4,T10,C2021Q4T10,6,VIC1-NSW1,NSW1,269,114,465.88,0.0
2022-05,C2021Q4,T10,C2021Q4T10,6,VIC1-NSW1,VIC1,248,125,9377.0,0.0
2022-05,C2022Q1,T09,C2022Q1T09,6,NSW1-QLD1,NSW1,69,49,3278.0,0.0
2022-05,C2022Q1,T09,C2022Q1T09,6,NSW1-QLD1,QLD1,185,103,14524.2,0.0
2022-05,C2022Q1,T09,C2022Q1T09,6,V-SA,SA1,124,68,5650.47,0.0
2022-05,C2022Q1,T09,C2022Q1T09,6,V-SA,VIC1,103,73,7019.42,0.0
2022-05,C2022Q1,T09,C2022Q1T09,6,VIC1-NSW1,NSW1,250,117,4356.0,0.0
2022-05,C2022Q1,T09,C2022Q1T09,6,VIC1-NSW1,VIC1,305,125,12347.0,0.0
2022-05,C2022Q2,T08,C2022Q2T08,6,NSW1-QLD1,NSW1,45,45,612.0,0.0
2022-05,C2022Q2,T08,C2022Q2T08,6,NSW1-QLD1,QLD1,200,103,10800.0,0.0
2022-05,C2022Q2,T08,C2022Q2T08,6,V-SA,SA1,111,64,4066.67,0.0
2022-05,C2022Q2,T08,C2022Q2T08,6,V-SA,VIC1,171,73,2502.52,0.0
2022-05,C2022Q2,T08,C2022Q2T08,6,VIC1-NSW1,NSW1,319,115,420.44,0.0
2022-05,C2022Q2,T08,C2022Q2T08,6,VIC1-NSW1,VIC1,188,125,8529.23,0.0
2022-05,C2022Q3,T07,C2022Q3T07,6,NSW1-QLD1,NSW1,45,45,757.75,0.0
2022-05,C2022Q3,T07,C2022Q3T07,6,NSW1-QLD1,QLD1,174,102,13500.0,0.0
2022-05,C2022Q3,T07,C2022Q3T07,6,V-SA,SA1,118,64,5150.72,0.0
2022-05,C2022Q3,T07,C2022Q3T07,6,V-SA,VIC1,150,73,2387.0,0.0
2022-05,C2022Q3,T07,C2022Q3T07,6,VIC1-NSW1,NSW1,267,117,490.44,0.0
2022-05,C2022Q3,T07,C2022Q3T07,6,VIC1-NSW1,VIC1,223,125,9300.43,0.0
2022-05,C2022Q4,T06,C2022Q4T06,6,NSW1-QLD1,NSW1,55,55,1878.78,0.0
2022-05,C2022Q4,T06,C2022Q4T06,6,NSW1-QLD1,QLD1,225,105,10800.52,0.0
2022-05,C2022Q4,T06,C2022Q4T06,6,V-SA,SA1,107,64,5123.85,0.0
2022-05,C2022Q4,T06,C2022Q4T06,6,V-SA,VIC1,146,73,2962.68,0.0
2022-05,C2022Q4,T06,C2022Q4T06,6,VIC1-NSW1,NSW1,217,117,560.44,0.0
2022-05,C2022Q4,T06,C2022Q4T06,6,VIC1-NSW1,VIC1,208,125,10374.0,0.0
2022-05,C2023Q1,T05,C2023Q1T05,6,NSW1-QLD1,NSW1,55,45,3771.0,0.0
2022-05,C2023Q1,T05,C2023Q1T05,6,NSW1-QLD1,QLD1,130,103,13200.2,0.0
2022-05,C2023Q1,T05,C2023Q1T05,6,V-SA,SA1,92,73,5923.47,0.0
2022-05,C2023Q1,T05,C2023Q1T05,6,V-SA,VIC1,96,73,7628.0,0.0
2022-05,C2023Q1,T05,C2023Q1T05,6,VIC1-NSW1,NSW1,177,117,4320.0,0.0
2022-05,C2022Q2,T03,C2022Q2T03,30,VIC1-NSW1,VIC1,125,125,5822.0,0.0
2022-05,C2022Q3,T02,C2022Q3T02,30,NSW1-QLD1,NSW1,45,45,220.0,0.0
2022-05,C2022Q3,T02,C2022Q3T02,30,NSW1-QLD1,QLD1,100,100,10465.92,0.0
2022-05,C2022Q3,T02,C2022Q3T02,30,V-SA,SA1,64,64,10006.0,0.0
2022-05,C2022Q3,T02,C2022Q3T02,30,V-SA,VIC1,74,73,1000.0,0.0
2022-05,C2022Q3,T02,C2022Q3T02,30,VIC1-NSW1,NSW1,113,108,1656.0,0.0
2022-05,C2022Q3,T02,C2022Q3T02,30,VIC1-NSW1,VIC1,125,125,5822.0,0.0
2022-05,C2022Q4,T01,C2022Q4T01,30,NSW1-QLD1,NSW1,45,45,625.0,0.0
2022-05,C2022Q4,T01,C2022Q4T01,30,NSW1-QLD1,QLD1,100,100,10666.0,0.0
2022-05,C2022Q4,T01,C2022Q4T01,30,V-SA,SA1,64,64,12501.0,0.0
2022-05,C2022Q4,T01,C2022Q4T01,30,V-SA,VIC1,73,73,1346.0,0.0
2022-05,C2022Q4,T01,C2022Q4T01,30,VIC1-NSW1,NSW1,108,108,2208.0,0.0
2022-05,C2022Q4,T01,C2022Q4T01,30,VIC1-NSW1,VIC1,125,125,5979.0,0.0
2022-05,C2020Q2,T12,C2020Q2T12,40,NSW1-QLD1,NSW1,90,55,174.14,0.0
2022-05,C2020Q2,T12,C2020Q2T12,40,NSW1-QLD1,QLD1,230,107,13890.24,0.0
2022-05,C2020Q2,T12,C2020Q2T12,40,V-SA,SA1,96,66,10592.4,0.0
2022-05,C2020Q2,T12,C2020Q2T12,40,V-SA,VIC1,177,77,1250.0,0.0
2022-05,C2020Q2,T12,C2020Q2T12,40,VIC1-NSW1,NSW1,286,132,1482.0,0.0
2022-05,C2020Q2,T12,C2020Q2T12,40,VIC1-NSW1,VIC1,335,155,5865.0,0.0
2022-05,C2020Q3,T11,C2020Q3T11,40,NSW1-QLD1,NSW1,80,45,164.27,0.0
2022-05,C2020Q3,T11,C2020Q3T11,40,NSW1-QLD1,QLD1,200,100,14862.32,0.0
2022-05,C2020Q3,T11,C2020Q3T11,40,V-SA,SA1,84,64,13752.0,0.0
2022-05,C2020Q3,T11,C2020Q3T11,40,V-SA,VIC1,148,73,1565.0,0.0
2022-05,C2020Q3,T11,C2020Q3T11,40,VIC1-NSW1,NSW1,311,108,1462.5,0.0
2022-05,C2020Q3,T11,C2020Q3T11,40,VIC1-NSW1,VIC1,262,125,5703.0,0.0
2022-05,C2020Q4,T10,C2020Q4T10,40,NSW1-QLD1,NSW1,97,45,700.0,0.0
2022-05,C2020Q4,T10,C2020Q4T10,40,NSW1-QLD1,QLD1,196,103,13598.0,0.0
2022-05,C2020Q4,T10,C2020Q4T10,40,V-SA,SA1,84,64,13823.0,0.0
2022-05,C2020Q4,T10,C2020Q4T10,40,V-SA,VIC1,133,73,1760.0,0.0
2022-05,C2020Q4,T10,C2020Q4T10,40,VIC1-NSW1,NSW1,288,108,2400.0,0.0
2022-05,C2020Q4,T10,C2020Q4T10,40,VIC1-NSW1,VIC1,296,127,6275.0,0.0
2022-05,C2021Q1,T09,C2021Q1T09,40,NSW1-QLD1,NSW1,62,45,1750.0,0.0
2022-05,C2021Q1,T09,C2021Q1T09,40,NSW1-QLD1,QLD1,185,100,17058.0,0.0
2022-05,C2021Q1,T09,C2021Q1T09,40,V-SA,SA1,119,64,7828.0,0.0
2022-05,C2021Q1,T09,C2021Q1T09,40,V-SA,VIC1,103,73,4532.0,0.0
2022-05,C2021Q1,T09,C2021Q1T09,40,VIC1-NSW1,NSW1,241,108,7560.0,0.0
2022-05,C2021Q1,T09,C2021Q1T09,40,VIC1-NSW1,VIC1,245,146,7218.66,0.0
2022-05,C2021Q2,T08,C2021Q2T08,40,NSW1-QLD1,NSW1,65,45,114.4,0.0
2022-05,C2021Q2,T08,C2021Q2T08,40,NSW1-QLD1,QLD1,180,100,10893.35,0.0
2022-05,C2021Q2,T08,C2021Q2T08,40,V-SA,SA1,64,64,8616.2,0.0
2022-05,C2021Q2,T08,C2021Q2T08,40,V-SA,VIC1,128,73,1131.75,0.0
2022-05,C2021Q2,T08,C2021Q2T08,40,VIC1-NSW1,NSW1,217,108,1000.85,0.0
2022-05,C2021Q2,T08,C2021Q2T08,40,VIC1-NSW1,VIC1,235,125,6216.0,0.0
2022-05,C2021Q3,T07,C2021Q3T07,40,NSW1-QLD1,NSW1,45,45,200.0,0.0
2022-05,C2021Q3,T07,C2021Q3T07,40,NSW1-QLD1,QLD1,180,100,11772.84,0.0
2022-05,C2021Q3,T07,C2021Q3T07,40,V-SA,SA1,64,64,10205.1,0.0
2022-05,C2021Q3,T07,C2021Q3T07,40,V-SA,VIC1,128,73,1550.0,0.0
2022-05,C2021Q3,T07,C2021Q3T07,40,VIC1-NSW1,NSW1,208,108,993.6,0.0
2022-05,C2021Q3,T07,C2021Q3T07,40,VIC1-NSW1,VIC1,240,125,7500.0,0.0
2022-05,C2021Q4,T06,C2021Q4T06,40,NSW1-QLD1,NSW1,45,45,685.0,0.0
2022-05,C2021Q4,T06,C2021Q4T06,40,NSW1-QLD1,QLD1,185,110,11477.0,0.0
2022-05,C2021Q4,T06,C2021Q4T06,40,V-SA,SA1,64,64,12501.0,0.0
2022-05,C2021Q4,T06,C2021Q4T06,40,V-SA,VIC1,103,73,1754.0,0.0
2022-05,C2021Q4,T06,C2021Q4T06,40,VIC1-NSW1,NSW1,213,113,1601.6,0.0
2022-05,C2021Q4,T06,C2021Q4T06,40,VIC1-NSW1,VIC1,230,125,7441.5,0.0
2022-05,C2022Q1,T05,C2022Q1T05,40,NSW1-QLD1,NSW1,45,45,2160.0,0.0
2022-05,C2022Q1,T05,C2022Q1T05,40,NSW1-QLD1,QLD1,156,100,13083.0,0.0
2022-05,C2022Q1,T05,C2022Q1T05,40,V-SA,SA1,89,64,5810.4,0.0
2022-05,C2022Q1,T05,C2022Q1T05,40,V-SA,VIC1,73,73,5762.88,0.0
2022-05,C2022Q1,T05,C2022Q1T05,40,VIC1-NSW1,NSW1,108,108,6310.5,0.0
2022-05,C2022Q1,T05,C2022Q1T05,40,VIC1-NSW1,VIC1,125,125,7556.0,0.0
2022-05,C2022Q2,T04,C2022Q2T04,40,NSW1-QLD1,NSW1,45,45,200.0,0.0
2022-05,C2022Q2,T04,C2022Q2T04,40,NSW1-QLD1,QLD1,140,100,11972.0,0.0
2022-05,C2022Q2,T04,C2022Q2T04,40,V-SA,SA1,64,64,7916.9,0.0
2022-05,C2022Q2,T04,C2022Q2T04,40,V-SA,VIC1,73,73,1054.0,0.0
2022-05,C2022Q2,T04,C2022Q2T04,40,VIC1-NSW1,NSW1,108,108,1092.0,0.0
2022-05,C2022Q2,T04,C2022Q2T04,40,VIC1-NSW1,VIC1,125,125,8000.0,0.0
2022-05,C2022Q3,T03,C2022Q3T03,40,NSW1-QLD1,NSW1,45,45,154.88,0.0
2022-05,C2022Q3,T03,C2022Q3T03,40,NSW1-QLD1,QLD1,100,100,11512.51,0.0
2022-05,C2022Q3,T03,C2022Q3T03,40,V-SA,SA1,64,64,10006.0,0.0
2022-05,C2022Q3,T03,C2022Q3T03,40,V-SA,VIC1,73,73,1007.0,0.0
2022-05,C2022Q3,T03,C2022Q3T03,40,VIC1-NSW1,NSW1,108,108,1101.0,0.0
2022-05,C2022Q3,T03,C2022Q3T03,40,VIC1-NSW1,VIC1,125,125,8000.0,0.0
2022-05,C2022Q4,T02,C2022Q4T02,40,NSW1-QLD1,NSW1,45,45,552.0,0.0
2022-05,C2022Q4,T02,C2022Q4T02,40,NSW1-QLD1,QLD1,100,100,10879.32,0.0
2022-05,C2022Q4,T02,C2022Q4T02,40,V-SA,SA1,64,64,11500.92,0.0
2022-05,C2022Q4,T02,C2022Q4T02,40,V-SA,VIC1,73,73,1480.6,0.0
2022-05,C2022Q4,T02,C2022Q4T02,40,VIC1-NSW1,NSW1,108,108,1766.4,0.0
2022-05,C2022Q4,T02,C2022Q4T02,40,VIC1-NSW1,VIC1,125,125,8000.0,0.0
2022-05,C2023Q1,T01,C2023Q1T01,40,NSW1-QLD1,NSW1,45,45,1955.8,0.0
2022-05,C2023Q1,T01,C2023Q1T01,40,NSW1-QLD1,QLD1,100,100,11065.6,0.0
2022-05,C2023Q1,T01,C2023Q1T01,40,V-SA,SA1,64,64,4709.0,0.0
2022-05,C2023Q1,T01,C2023Q1T01,40,V-SA,VIC1,73,73,4901.18,0.0
2022-05,C2023Q1,T01,C2023Q1T01,40,VIC1-NSW1,NSW1,108,108,6310.5,0.0
2022-05,C2023Q1,T01,C2023Q1T01,40,VIC1-NSW1,VIC1,125,125,8058.0,0.0
2022-05,C2020Q3,T12,C2020Q3T12,47,NSW1-QLD1,NSW1,90,55,210.08,0.0
2022-05,C2020Q3,T12,C2020Q3T12,47,NSW1-QLD1,QLD1,210,139,11555.0,0.0
2022-05,C2020Q3,T12,C2020Q3T12,47,V-SA,SA1,96,73,9151.07,0.0
2022-05,C2020Q3,T12,C2020Q3T12,47,V-SA,VIC1,193,77,1713.0,0.0
2022-05,C2020Q3,T12,C2020Q3T12,47,VIC1-NSW1,NSW1,296,112,1023.75,0.0
2022-05,C2020Q3,T12,C2020Q3T12,47,VIC1-NSW1,VIC1,355,135,4901.0,0.0
2022-05,C2020Q4,T11,C2020Q4T11,47,NSW1-QLD1,NSW1,193,45,701.23,0.0
2022-05,C2020Q4,T11,C2020Q4T11,47,NSW1-QLD1,QLD1,222,110,10878.4,0.0
2022-05,C2020Q4,T11,C2020Q4T11,47,V-SA,SA1,94,64,8001.2,0.0
2022-05,C2020Q4,T11,C2020Q4T11,47,V-SA,VIC1,168,73,1795.2,0.0
2022-05,C2020Q4,T11,C2020Q4T11,47,VIC1-NSW1,NSW1,234,113,2208.0,0.0
2022-05,C2020Q4,T11,C2020Q4T11,47,VIC1-NSW1,VIC1,340,130,5875.0,0.0
2022-05,C2021Q1,T10,C2021Q1T10,47,NSW1-QLD1,NSW1,76,45,1500.0,0.0
2022-05,C2021Q1,T10,C2021Q1T10,47,NSW1-QLD1,QLD1,245,100,19700.0,0.0
2022-05,C2021Q1,T10,C2021Q1T10,47,V-SA,SA1,119,64,7137.0,0.0
2022-05,C2021Q1,T10,C2021Q1T10,47,V-SA,VIC1,118,73,4666.0,0.0
2022-05,C2021Q1,T10,C2021Q1T10,47,VIC1-NSW1,NSW1,146,108,7501.0,0.0
2022-05,C2021Q1,T10,C2021Q1T10,47,VIC1-NSW1,VIC1,250,125,7940.53,0.0
2022-05,C2021Q2,T09,C2021Q2T09,47,NSW1-QLD1,NSW1,65,45,140.19,0.0
2022-05,C2021Q2,T09,C2021Q2T09,47,NSW1-QLD1,QLD1,200,120,12000.0,0.0
2022-05,C2021Q2,T09,C2021Q2T09,47,V-SA,SA1,121,64,3500.79,0.0
2022-05,C2021Q2,T09,C2021Q2T09,47,V-SA,VIC1,163,73,1711.0,0.0
2022-05,C2021Q2,T09,C2021Q2T09,47,VIC1-NSW1,NSW1,153,108,982.8,0.0
2022-05,C2021Q2,T09,C2021Q2T09,47,VIC1-NSW1,VIC1,237,135,5416.0,0.0
2022-05,C2021Q3,T08,C2021Q3T08,47,NSW1-QLD1,NSW1,45,45,312.0,0.0
2022-05,C2021Q3,T08,C2021Q3T08,47,NSW1-QLD1,QLD1,215,100,10086.0,0.0
2022-05,C2021Q3,T08,C2021Q3T08,47,V-SA,SA1,114,64,3571.78,0.0
2022-05,C2021Q3,T08,C2021Q3T08,47,V-SA,VIC1,215,73,1695.75,0.0
2022-05,C2021Q3,T08,C2021Q3T08,47,VIC1-NSW1,NSW1,197,108,1032.0,0.0
2022-05,C2021Q3,T08,C2021Q3T08,47,VIC1-NSW1,VIC1,219,135,6601.0,0.0
2022-05,C2021Q4,T07,C2021Q4T07,47,NSW1-QLD1,NSW1,112,45,685.0,0.0
2022-05,C2021Q4,T07,C2021Q4T07,47,NSW1-QLD1,QLD1,180,100,11103.0,0.0
2022-05,C2021Q4,T07,C2021Q4T07,47,V-SA,SA1,114,64,4000.0,0.0
2022-05,C2021Q4,T07,C2021Q4T07,47,V-SA,VIC1,192,73,1789.08,0.0
2022-05,C2021Q4,T07,C2021Q4T07,47,VIC1-NSW1,NSW1,148,108,1104.0,0.0
2022-05,C2021Q4,T07,C2021Q4T07,47,VIC1-NSW1,VIC1,235,135,6250.0,0.0
2022-05,C2022Q1,T06,C2022Q1T06,47,NSW1-QLD1,NSW1,50,45,2358.0,0.0
2022-05,C2022Q1,T06,C2022Q1T06,47,NSW1-QLD1,QLD1,236,100,16474.0,0.0
2022-05,C2022Q1,T06,C2022Q1T06,47,V-SA,SA1,111,64,4358.0,0.0
2022-05,C2022Q1,T06,C2022Q1T06,47,V-SA,VIC1,103,73,5878.13,0.0
2022-05,C2022Q1,T06,C2022Q1T06,47,VIC1-NSW1,NSW1,134,108,5750.0,0.0
2022-05,C2022Q1,T06,C2022Q1T06,47,VIC1-NSW1,VIC1,245,125,8311.6,0.0
2022-05,C2022Q2,T05,C2022Q2T05,47,NSW1-QLD1,NSW1,45,45,359.0,0.0
2022-05,C2022Q2,T05,C2022Q2T05,47,NSW1-QLD1,QLD1,175,100,11373.4,0.0
2022-05,C2022Q2,T05,C2022Q2T05,47,V-SA,SA1,114,64,3250.0,0.0
2022-05,C2022Q2,T09,C2022Q2T09,10,NSW1-QLD1,NSW1,110,45,1814.0,0.0
2022-05,C2022Q2,T09,C2022Q2T09,10,NSW1-QLD1,QLD1,192,120,11340.0,0.0
2022-05,C2022Q2,T09,C2022Q2T09,10,V-SA,SA1,108,64,3456.67,0.0
2022-05,C2022Q2,T09,C2022Q2T09,10,V-SA,VIC1,177,91,4700.93,0.0
2022-05,C2022Q2,T09,C2022Q2T09,10,VIC1-NSW1,NSW1,308,108,750.39,0.0
2022-05,C2022Q2,T09,C2022Q2T09,10,VIC1-NSW1,VIC1,175,138,11258.58,0.0
2022-05,C2022Q3,T08,C2022Q3T08,10,NSW1-QLD1,NSW1,80,45,1626.04,0.0
2022-05,C2022Q3,T08,C2022Q3T08,10,NSW1-QLD1,QLD1,195,101,13635.0,0.0
2022-05,C2022Q3,T08,C2022Q3T08,10,V-SA,SA1,130,64,4404.0,0.0
2022-05,C2022Q3,T08,C2022Q3T08,10,V-SA,VIC1,147,83,4774.0,0.0
2022-05,C2022Q3,T08,C2022Q3T08,10,VIC1-NSW1,NSW1,271,108,675.39,0.0
2022-05,C2022Q3,T08,C2022Q3T08,10,VIC1-NSW1,VIC1,219,125,11253.52,0.0
2022-05,C2022Q4,T07,C2022Q4T07,10,NSW1-QLD1,NSW1,55,45,2818.17,0.0
2022-05,C2022Q4,T07,C2022Q4T07,10,NSW1-QLD1,QLD1,236,101,11340.54,0.0
2022-05,C2022Q4,T07,C2022Q4T07,10,V-SA,SA1,105,64,4558.0,0.0
2022-05,C2022Q4,T07,C2022Q4T07,10,V-SA,VIC1,145,78,5961.6,0.0
2022-05,C2022Q4,T07,C2022Q4T07,10,VIC1-NSW1,NSW1,181,108,750.39,0.0
2022-05,C2022Q4,T07,C2022Q4T07,10,VIC1-NSW1,VIC1,217,125,13870.0,0.0
2022-05,C2023Q1,T06,C2023Q1T06,10,NSW1-QLD1,NSW1,55,45,5111.08,0.0
2022-05,C2023Q1,T06,C2023Q1T06,10,NSW1-QLD1,QLD1,248,100,16688.0,0.0
2022-05,C2023Q1,T06,C2023Q1T06,10,V-SA,SA1,87,64,5404.0,0.0
2022-05,C2023Q1,T06,C2023Q1T06,10,V-SA,VIC1,87,73,8400.96,0.0
2022-05,C2023Q1,T06,C2023Q1T06,10,VIC1-NSW1,NSW1,113,108,4752.0,0.0
2022-05,C2023Q1,T06,C2023Q1T06,10,VIC1-NSW1,VIC1,160,125,15641.97,0.0
2022-05,C2023Q2,T05,C2023Q2T05,10,NSW1-QLD1,NSW1,52,45,1205.0,0.0
2022-05,C2023Q2,T05,C2023Q2T05,10,NSW1-QLD1,QLD1,165,100,14906.89,0.0
2022-05,C2023Q2,T05,C2023Q2T05,10,V-SA,SA1,118,64,3225.85,0.0
2022-05,C2023Q2,T05,C2023Q2T05,10,V-SA,VIC1,117,79,3675.94,0.0
2022-05,C2023Q2,T05,C2023Q2T05,10,VIC1-NSW1,NSW1,281,108,652.0,0.0
2022-05,C2023Q2,T05,C2023Q2T05,10,VIC1-NSW1,VIC1,201,125,11878.0,0.0
2022-05,C2023Q3,T04,C2023Q3T04,10,NSW1-QLD1,NSW1,52,45,1226.0,0.0
2022-05,C2023Q3,T04,C2023Q3T04,10,NSW1-QLD1,QLD1,136,111,15300.29,0.0
2022-05,C2023Q3,T04,C2023Q3T04,10,V-SA,SA1,104,64,4014.0,0.0
2022-05,C2023Q3,T04,C2023Q3T04,10,V-SA,VIC1,83,73,4050.0,0.0
2022-05,C2023Q3,T04,C2023Q3T04,10,VIC1-NSW1,NSW1,188,108,675.39,0.0
2022-05,C2023Q3,T04,C2023Q3T04,10,VIC1-NSW1,VIC1,205,125,11712.8,0.0
2022-05,C2023Q4,T03,C2023Q4T03,10,NSW1-QLD1,NSW1,45,45,2476.65,0.0
2022-05,C2023Q4,T03,C2023Q4T03,10,NSW1-QLD1,QLD1,120,100,14572.8,0.0
2022-05,C2023Q4,T03,C2023Q4T03,10,V-SA,SA1,84,64,4247.0,0.0
2022-05,C2023Q4,T03,C2023Q4T03,10,V-SA,VIC1,76,73,4200.97,0.0
2022-05,C2023Q4,T03,C2023Q4T03,10,VIC1-NSW1,NSW1,128,108,744.75,0.0
2022-05,C2023Q4,T03,C2023Q4T03,10,VIC1-NSW1,VIC1,166,125,12750.0,0.0
2022-05,C2024Q1,T02,C2024Q1T02,10,NSW1-QLD1,NSW1,45,45,4962.58,0.0
2022-05,C2024Q1,T02,C2024Q1T02,10,NSW1-QLD1,QLD1,113,100,18007.0,0.0
2022-05,C2024Q1,T02,C2024Q1T02,10,V-SA,SA1,64,64,4504.0,0.0
2022-05,C2024Q1,T02,C2024Q1T02,10,V-SA,VIC1,73,73,7213.0,0.0
2022-05,C2024Q1,T02,C2024Q1T02,10,VIC1-NSW1,NSW1,108,108,4200.39,0.0
2022-05,C2024Q1,T02,C2024Q1T02,10,VIC1-NSW1,VIC1,133,125,15642.0,0.0
2022-05,C2024Q2,T01,C2024Q2T01,10,NSW1-QLD1,NSW1,45,45,1455.0,0.0
2022-05,C2024Q2,T01,C2024Q2T01,10,NSW1-QLD1,QLD1,100,100,15267.0,0.0
2022-05,C2024Q2,T01,C2024Q2T01,10,V-SA,SA1,64,64,3300.85,0.0
2022-05,C2024Q2,T01,C2024Q2T01,10,V-SA,VIC1,73,73,4086.47,0.0
2022-05,C2024Q2,T01,C2024Q2T01,10,VIC1-NSW1,NSW1,108,108,600.0,0.0
2022-05,C2024Q2,T01,C2024Q2T01,10,VIC1-NSW1,VIC1,125,125,11445.72,0.0
2022-05,C2021Q4,T12,C2021Q4T12,9,NSW1-QLD1,NSW1,87,55,5000.0,0.0
2022-05,C2021Q4,T12,C2021Q4T12,9,NSW1-QLD1,QLD1,275,100,8675.0,0.0
2022-05,C2021Q4,T12,C2021Q4T12,9,V-SA,SA1,90,66,5204.0,0.0
2022-05,C2021Q4,T12,C2021Q4T12,9,V-SA,VIC1,120,77,7001.0,0.0
2022-05,C2021Q4,T12,C2021Q4T12,9,VIC1-NSW1,NSW1,192,112,1004.0,0.0
2022-05,C2021Q4,T12,C2021Q4T12,9,VIC1-NSW1,VIC1,281,125,15500.0,0.0
2022-05,C2022Q1,T11,C2022Q1T11,9,NSW1-QLD1,NSW1,48,45,6584.0,0.0
2022-05,C2022Q1,T11,C2022Q1T11,9,NSW1-QLD1,QLD1,224,103,14560.59,0.0
2022-05,C2022Q1,T11,C2022Q1T11,9,V-SA,SA1,97,65,6277.7,0.0
2022-05,C2022Q1,T11,C2022Q1T11,9,V-SA,VIC1,96,74,10296.0,0.0
2022-05,C2022Q1,T11,C2022Q1T11,9,VIC1-NSW1,NSW1,226,128,4860.0,0.0
2022-05,C2022Q1,T11,C2022Q1T11,9,VIC1-NSW1,VIC1,267,144,17380.87,0.0
2022-05,C2022Q2,T10,C2022Q2T10,9,NSW1-QLD1,NSW1,45,45,2750.0,0.0
2022-05,C2022Q2,T10,C2022Q2T10,9,NSW1-QLD1,QLD1,187,100,13750.0,0.0
2022-05,C2022Q2,T10,C2022Q2T10,9,V-SA,SA1,90,64,3841.0,0.0
2022-05,C2022Q2,T10,C2022Q2T10,9,V-SA,VIC1,167,82,5171.02,0.0
2022-05,C2022Q2,T10,C2022Q2T10,9,VIC1-NSW1,NSW1,306,108,1204.0,0.0
2022-05,C2022Q2,T10,C2022Q2T10,9,VIC1-NSW1,VIC1,161,125,13750.0,0.0
2022-05,C2022Q3,T09,C2022Q3T09,9,NSW1-QLD1,NSW1,45,45,2439.06,0.0
2022-05,C2022Q3,T09,C2022Q3T09,9,NSW1-QLD1,QLD1,192,100,15250.0,0.0
2022-05,C2022Q3,T09,C2022Q3T09,9,V-SA,SA1,112,64,4763.0,0.0
2022-05,C2022Q3,T09,C2022Q3T09,9,V-SA,VIC1,125,73,6000.0,0.0
2022-05,C2022Q3,T09,C2022Q3T09,9,VIC1-NSW1,NSW1,272,108,1204.0,0.0
2022-05,C2022Q3,T09,C2022Q3T09,9,VIC1-NSW1,VIC1,201,125,13616.76,0.0
2022-05,C2022Q4,T08,C2022Q4T08,9,NSW1-QLD1,NSW1,45,45,4007.9,0.0
2022-05,C2022Q4,T08,C2022Q4T08,9,NSW1-QLD1,QLD1,201,100,12474.59,0.0
2022-05,C2022Q4,T08,C2022Q4T08,9,V-SA,SA1,85,64,5036.0,0.0
2022-05,C2022Q4,T08,C2022Q4T08,9,V-SA,VIC1,147,73,6731.0,0.0
2022-05,C2022Q4,T08,C2022Q4T08,9,VIC1-NSW1,NSW1,174,108,1078.0,0.0
2022-05,C2022Q4,T08,C2022Q4T08,9,VIC1-NSW1,VIC1,258,125,16782.7,0.0
2022-05,C2023Q1,T07,C2023Q1T07,9,NSW1-QLD1,NSW1,45,45,6133.29,0.0
2022-05,C2023Q1,T07,C2023Q1T07,9,NSW1-QLD1,QLD1,242,110,18000.0,0.0
2022-05,C2023Q1,T07,C2023Q1T07,9,V-SA,SA1,81,64,6000.0,0.0
2022-05,C2023Q1,T07,C2023Q1T07,9,V-SA,VIC1,98,74,10165.16,0.0
2022-05,C2023Q1,T07,C2023Q1T07,9,VIC1-NSW1,NSW1,118,108,4989.6,0.0
2022-05,C2023Q1,T07,C2023Q1T07,9,VIC1-NSW1,VIC1,202,130,19250.87,0.0
2022-05,C2023Q2,T06,C2023Q2T06,9,NSW1-QLD1,NSW1,47,45,2000.0,0.0
2022-05,C2023Q2,T06,C2023Q2T06,9,NSW1-QLD1,QLD1,157,100,17909.89,0.0
2022-05,C2023Q2,T06,C2023Q2T06,9,V-SA,SA1,133,64,3548.44,0.0
2022-05,C2023Q2,T06,C2023Q2T06,9,V-SA,VIC1,106,73,5460.0,0.0
2022-05,C2023Q2,T06,C2023Q2T06,9,VIC1-NSW1,NSW1,301,108,1004.0,0.0
2022-05,C2023Q2,T06,C2023Q2T06,9,VIC1-NSW1,VIC1,192,125,15441.4,0.0
2022-05,C2023Q3,T05,C2023Q3T05,9,NSW1-QLD1,NSW1,51,45,2000.0,0.0
2022-05,C2023Q3,T05,C2023Q3T05,9,NSW1-QLD1,QLD1,126,100,19125.36,0.0
2022-05,C2023Q3,T05,C2023Q3T05,9,V-SA,SA1,114,64,4080.9,0.0
2022-05,C2023Q3,T05,C2023Q3T05,9,V-SA,VIC1,96,73,5931.0,0.0
2022-05,C2023Q3,T05,C2023Q3T05,9,VIC1-NSW1,NSW1,154,108,1104.0,0.0
2022-05,C2023Q3,T05,C2023Q3T05,9,VIC1-NSW1,VIC1,191,125,15226.64,0.0
2022-05,C2023Q4,T04,C2023Q4T04,9,NSW1-QLD1,NSW1,45,45,3343.47,0.0
2022-05,C2023Q4,T04,C2023Q4T04,9,NSW1-QLD1,QLD1,120,100,16440.0,0.0
2022-05,C2023Q4,T04,C2023Q4T04,9,V-SA,SA1,90,64,4452.0,0.0
2022-05,C2023Q4,T04,C2023Q4T04,9,V-SA,VIC1,87,73,7728.0,0.0
2022-05,C2023Q4,T04,C2023Q4T04,9,VIC1-NSW1,NSW1,138,108,1170.0,0.0
2022-05,C2023Q4,T04,C2023Q4T04,9,VIC1-NSW1,VIC1,186,125,16575.0,0.0
2022-05,C2024Q1,T03,C2024Q1T03,9,NSW1-QLD1,NSW1,45,45,5458.84,0.0
2022-05,C2024Q1,T03,C2024Q1T03,9,NSW1-QLD1,QLD1,113,100,19807.7,0.0
2022-05,C2024Q1,T03,C2024Q1T03,9,V-SA,SA1,68,64,4754.0,0.0
2022-05,C2024Q1,T03,C2024Q1T03,9,V-SA,VIC1,85,73,9761.0,0.0
2022-05,C2024Q1,T03,C2024Q1T03,9,VIC1-NSW1,NSW1,114,108,4620.43,0.0
2022-05,C2024Q1,T03,C2024Q1T03,9,VIC1-NSW1,VIC1,133,133,20334.59,0.0
2022-05,C2024Q2,T02,C2024Q2T02,9,NSW1-QLD1,NSW1,45,45,2000.0,0.0
2022-05,C2023Q1,T05,C2023Q1T05,6,VIC1-NSW1,VIC1,155,125,12513.58,0.0
2022-05,C2023Q2,T04,C2023Q2T04,6,NSW1-QLD1,NSW1,45,45,520.0,0.0
2022-05,C2023Q2,T04,C2023Q2T04,6,NSW1-QLD1,QLD1,140,102,15928.0,0.0
2022-05,C2023Q2,T04,C2023Q2T04,6,V-SA,SA1,85,64,3050.72,0.0
2022-05,C2023Q2,T04,C2023Q2T04,6,V-SA,VIC1,130,73,1801.0,0.0
2022-05,C2023Q2,T04,C2023Q2T04,6,VIC1-NSW1,NSW1,198,118,490.44,0.0
2022-05,C2023Q2,T04,C2023Q2T04,6,VIC1-NSW1,VIC1,160,125,9259.0,0.0
2022-05,C2023Q3,T03,C2023Q3T03,6,NSW1-QLD1,NSW1,45,45,501.0,0.0
2022-05,C2023Q3,T03,C2023Q3T03,6,NSW1-QLD1,QLD1,125,100,16230.0,0.0
2022-05,C2023Q3,T03,C2023Q3T03,6,V-SA,SA1,71,64,4300.72,0.0
2022-05,C2023Q3,T03,C2023Q3T03,6,V-SA,VIC1,90,73,1900.68,0.0
2022-05,C2023Q3,T03,C2023Q3T03,6,VIC1-NSW1,NSW1,173,118,501.23,0.0
2022-05,C2023Q3,T03,C2023Q3T03,6,VIC1-NSW1,VIC1,172,125,9680.0,0.0
2022-05,C2023Q4,T02,C2023Q4T02,6,NSW1-QLD1,NSW1,45,45,1501.0,0.0
2022-05,C2023Q4,T02,C2023Q4T02,6,NSW1-QLD1,QLD1,119,104,15459.87,0.0
2022-05,C2023Q4,T02,C2023Q4T02,6,V-SA,SA1,68,64,4204.0,0.0
2022-05,C2023Q4,T02,C2023Q4T02,6,V-SA,VIC1,77,73,2762.2,0.0
2022-05,C2023Q4,T02,C2023Q4T02,6,VIC1-NSW1,NSW1,141,111,587.25,0.0
2022-05,C2023Q4,T02,C2023Q4T02,6,VIC1-NSW1,VIC1,154,125,9570.43,0.0
2022-05,C2024Q1,T01,C2024Q1T01,6,NSW1-QLD1,NSW1,45,45,3591.0,0.0
2022-05,C2024Q1,T01,C2024Q1T01,6,NSW1-QLD1,QLD1,100,100,15267.0,0.0
2022-05,C2024Q1,T01,C2024Q1T01,6,V-SA,SA1,64,64,5154.0,0.0
2022-05,C2024Q1,T01,C2024Q1T01,6,V-SA,VIC1,73,73,6115.2,0.0
2022-05,C2024Q1,T01,C2024Q1T01,6,VIC1-NSW1,NSW1,108,108,4368.0,0.0
2022-05,C2024Q1,T01,C2024Q1T01,6,VIC1-NSW1,VIC1,125,125,12513.58,0.0
2022-05,C2021Q3,T12,C2021Q3T12,8,NSW1-QLD1,NSW1,105,55,2125.0,0.0
2022-05,C2021Q3,T12,C2021Q3T12,8,NSW1-QLD1,QLD1,252,134,10346.29,0.0
2022-05,C2021Q3,T12,C2021Q3T12,8,V-SA,SA1,134,66,4404.0,0.0
2022-05,C2021Q3,T12,C2021Q3T12,8,V-SA,VIC1,248,100,3500.0,0.0
2022-05,C2021Q3,T12,C2021Q3T12,8,VIC1-NSW1,NSW1,316,112,1006.0,0.0
2022-05,C2021Q3,T12,C2021Q3T12,8,VIC1-NSW1,VIC1,200,152,11396.0,0.0
2022-05,C2021Q4,T11,C2021Q4T11,8,NSW1-QLD1,NSW1,148,45,2218.0,0.0
2022-05,C2021Q4,T11,C2021Q4T11,8,NSW1-QLD1,QLD1,292,103,9780.23,0.0
2022-05,C2021Q4,T11,C2021Q4T11,8,V-SA,SA1,123,64,4816.92,0.0
2022-05,C2021Q4,T11,C2021Q4T11,8,V-SA,VIC1,134,86,5996.06,0.0
2022-05,C2021Q4,T11,C2021Q4T11,8,VIC1-NSW1,NSW1,168,108,754.0,0.0
2022-05,C2021Q4,T11,C2021Q4T11,8,VIC1-NSW1,VIC1,227,145,11721.25,0.0
2022-05,C2022Q1,T10,C2022Q1T10,8,NSW1-QLD1,NSW1,55,45,5267.0,0.0
2022-05,C2022Q1,T10,C2022Q1T10,8,NSW1-QLD1,QLD1,234,101,16460.75,0.0
2022-05,C2022Q1,T10,C2022Q1T10,8,V-SA,SA1,114,64,5707.0,0.0
2022-05,C2022Q1,T10,C2022Q1T10,8,V-SA,VIC1,103,73,8775.0,0.0
2022-05,C2022Q1,T10,C2022Q1T10,8,VIC1-NSW1,NSW1,176,108,5028.0,0.0
2022-05,C2022Q1,T10,C2022Q1T10,8,VIC1-NSW1,VIC1,301,125,15434.0,0.0
2022-05,C2022Q2,T09,C2022Q2T09,8,NSW1-QLD1,NSW1,110,45,1814.0,0.0
2022-05,C2022Q2,T09,C2022Q2T09,8,NSW1-QLD1,QLD1,192,120,11340.0,0.0
2022-05,C2022Q2,T09,C2022Q2T09,8,V-SA,SA1,108,64,3456.67,0.0
2022-05,C2022Q2,T09,C2022Q2T09,8,V-SA,VIC1,177,91,4700.93,0.0
2022-05,C2022Q2,T09,C2022Q2T09,8,VIC1-NSW1,NSW1,308,108,750.39,0.0
2022-05,C2022Q2,T09,C2022Q2T09,8,VIC1-NSW1,VIC1,175,138,11258.58,0.0
2022-05,C2022Q3,T08,C2022Q3T08,8,NSW1-QLD1,NSW1,80,45,1626.04,0.0
2022-05,C2022Q3,T08,C2022Q3T08,8,NSW1-QLD1,QLD1,195,101,13635.0,0.0
2022-05,C2022Q3,T08,C2022Q3T08,8,V-SA,SA1,130,64,4404.0,0.0
2022-05,C2022Q3,T08,C2022Q3T08,8,V-SA,VIC1,147,83,4774.0,0.0
2022-05,C2022Q3,T08,C2022Q3T08,8,VIC1-NSW1,NSW1,271,108,675.39,0.0
2022-05,C2022Q3,T08,C2022Q3T08,8,VIC1-NSW1,VIC1,219,125,11253.52,0.0
2022-05,C2022Q4,T07,C2022Q4T07,8,NSW1-QLD1,NSW1,55,45,2818.17,0.0
2022-05,C2022Q4,T07,C2022Q4T07,8,NSW1-QLD1,QLD1,236,101,11340.54,0.0
2022-05,C2022Q4,T07,C2022Q4T07,8,V-SA,SA1,105,64,4558.0,0.0
2022-05,C2022Q4,T07,C2022Q4T07,8,V-SA,VIC1,145,78,5961.6,0.0
2022-05,C2022Q4,T07,C2022Q4T07,8,VIC1-NSW1,NSW1,181,108,750.39,0.0
2022-05,C2022Q4,T07,C2022Q4T07,8,VIC1-NSW1,VIC1,217,125,13870.0,0.0
2022-05,C2023Q1,T06,C2023Q1T06,8,NSW1-QLD1,NSW1,55,45,5111.08,0.0
2022-05,C2023Q1,T06,C2023Q1T06,8,NSW1-QLD1,QLD1,248,100,16688.0,0.0
2022-05,C2023Q1,T06,C2023Q1T06,8,V-SA,SA1,87,64,5404.0,0.0
2022-05,C2023Q1,T06,C2023Q1T06,8,V-SA,VIC1,87,73,8400.96,0.0
2022-05,C2023Q1,T06,C2023Q1T06,8,VIC1-NSW1,NSW1,113,108,4752.0,0.0
2022-05,C2023Q1,T06,C2023Q1T06,8,VIC1-NSW1,VIC1,160,125,15641.97,0.0
2022-05,C2023Q2,T05,C2023Q2T05,8,NSW1-QLD1,NSW1,52,45,1205.0,0.0
2022-05,C2023Q2,T05,C2023Q2T05,8,NSW1-QLD1,QLD1,165,100,14906.89,0.0
2022-05,C2023Q2,T05,C2023Q2T05,8,V-SA,SA1,118,64,3225.85,0.0
2022-05,C2023Q2,T05,C2023Q2T05,8,V-SA,VIC1,117,79,3675.94,0.0
2022-05,C2023Q2,T05,C2023Q2T05,8,VIC1-NSW1,NSW1,281,108,652.0,0.0
2022-05,C2023Q2,T05,C2023Q2T05,8,VIC1-NSW1,VIC1,201,125,11878.0,0.0
2022-05,C2023Q3,T04,C2023Q3T04,8,NSW1-QLD1,NSW1,52,45,1226.0,0.0
2022-05,C2023Q3,T04,C2023Q3T04,8,NSW1-QLD1,QLD1,136,111,15300.29,0.0
2022-05,C2023Q3,T04,C2023Q3T04,8,V-SA,SA1,104,64,4014.0,0.0
2022-05,C2023Q3,T04,C2023Q3T04,8,V-SA,VIC1,83,73,4050.0,0.0
2022-05,C2023Q3,T04,C2023Q3T04,8,VIC1-NSW1,NSW1,188,108,675.39,0.0
2022-05,C2023Q3,T04,C2023Q3T04,8,VIC1-NSW1,VIC1,205,125,11712.8,0.0
2022-05,C2023Q4,T03,C2023Q4T03,8,NSW1-QLD1,NSW1,45,45,2476.65,0.0
2022-05,C2023Q4,T03,C2023Q4T03,8,NSW1-QLD1,QLD1,120,100,14572.8,0.0
2022-05,C2023Q4,T03,C2023Q4T03,8,V-SA,SA1,84,64,4247.0,0.0
2022-05,C2023Q4,T03,C2023Q4T03,8,V-SA,VIC1,76,73,4200.97,0.0
2022-05,C2023Q4,T03,C2023Q4T03,8,VIC1-NSW1,NSW1,128,108,744.75,0.0
2022-05,C2023Q4,T03,C2023Q4T03,8,VIC1-NSW1,VIC1,166,125,12750.0,0.0
2022-05,C2024Q1,T02,C2024Q1T02,8,NSW1-QLD1,NSW1,45,45,4962.58,0.0
2022-05,C2024Q1,T02,C2024Q1T02,8,NSW1-QLD1,QLD1,113,100,18007.0,0.0
2022-05,C2024Q1,T02,C2024Q1T02,8,V-SA,SA1,64,64,4504.0,0.0
2022-05,C2024Q1,T02,C2024Q1T02,8,V-SA,VIC1,73,73,7213.0,0.0
2022-05,C2024Q1,T02,C2024Q1T02,8,VIC1-NSW1,NSW1,108,108,4200.39,0.0
2022-05,C2024Q1,T02,C2024Q1T02,8,VIC1-NSW1,VIC1,133,125,15642.0,0.0
2022-05,C2024Q2,T01,C2024Q2T01,8,NSW1-QLD1,NSW1,45,45,1455.0,0.0
2022-05,C2024Q2,T01,C2024Q2T01,8,NSW1-QLD1,QLD1,100,100,15267.0,0.0
2022-05,C2024Q2,T01,C2024Q2T01,8,V-SA,SA1,64,64,3300.85,0.0
2022-05,C2024Q2,T01,C2024Q2T01,8,V-SA,VIC1,73,73,4086.47,0.0
2022-05,C2024Q2,T01,C2024Q2T01,8,VIC1-NSW1,NSW1,108,108,600.0,0.0
2022-05,C2024Q2,T01,C2024Q2T01,8,VIC1-NSW1,VIC1,125,125,11445.72,0.0
2022-05,C2021Q4,T12,C2021Q4T12,7,NSW1-QLD1,NSW1,87,55,5000.0,0.0
2022-05,C2021Q4,T12,C2021Q4T12,7,NSW1-QLD1,QLD1,275,100,8675.0,0.0
2022-05,C2021Q4,T12,C2021Q4T12,7,V-SA,SA1,90,66,5204.0,0.0
2022-05,C2021Q4,T12,C2021Q4T12,7,V-SA,VIC1,120,77,7001.0,0.0
2022-05,C2021Q4,T12,C2021Q4T12,7,VIC1-NSW1,NSW1,192,112,1004.0,0.0
2022-05,C2021Q4,T12,C2021Q4T12,7,VIC1-NSW1,VIC1,281,125,15500.0,0.0
2022-05,C2022Q1,T11,C2022Q1T11,7,NSW1-QLD1,NSW1,48,45,6584.0,0.0
2022-05,C2022Q1,T11,C2022Q1T11,7,NSW1-QLD1,QLD1,224,103,14560.59,0.0
2022-05,C2022Q1,T11,C2022Q1T11,7,V-SA,SA1,97,65,6277.7,0.0
2022-05,C2022Q1,T11,C2022Q1T11,7,V-SA,VIC1,96,74,10296.0,0.0
2022-05,C2022Q1,T11,C2022Q1T11,7,VIC1-NSW1,NSW1,226,128,4860.0,0.0
2022-05,C2022Q1,T11,C2022Q1T11,7,VIC1-NSW1,VIC1,267,144,17380.87,0.0
2022-05,C2022Q2,T10,C2022Q2T10,7,NSW1-QLD1,NSW1,45,45,2750.0,0.0
2022-05,C2022Q2,T10,C2022Q2T10,7,NSW1-QLD1,QLD1,187,100,13750.0,0.0
2022-05,C2022Q2,T10,C2022Q2T10,7,V-SA,SA1,90,64,3841.0,0.0
2022-05,C2022Q2,T10,C2022Q2T10,7,V-SA,VIC1,167,82,5171.02,0.0
2022-05,C2022Q2,T10,C2022Q2T10,7,VIC1-NSW1,NSW1,306,108,1204.0,0.0
2022-05,C2022Q2,T10,C2022Q2T10,7,VIC1-NSW1,VIC1,161,125,13750.0,0.0
2022-05,C2022Q3,T09,C2022Q3T09,7,NSW1-QLD1,NSW1,45,45,2439.06,0.0
2022-05,C2022Q3,T09,C2022Q3T09,7,NSW1-QLD1,QLD1,192,100,15250.0,0.0
2022-05,C2022Q3,T09,C2022Q3T09,7,V-SA,SA1,112,64,4763.0,0.0
2022-05,C2022Q3,T09,C2022Q3T09,7,V-SA,VIC1,125,73,6000.0,0.0
2022-05,C2022Q3,T09,C2022Q3T09,7,VIC1-NSW1,NSW1,272,108,1204.0,0.0
2022-05,C2022Q3,T09,C2022Q3T09,7,VIC1-NSW1,VIC1,201,125,13616.76,0.0
2022-05,C2022Q4,T08,C2022Q4T08,7,NSW1-QLD1,NSW1,45,45,4007.9,0.0
2022-05,C2022Q4,T08,C2022Q4T08,7,NSW1-QLD1,QLD1,201,100,12474.59,0.0
2022-05,C2022Q4,T08,C2022Q4T08,7,V-SA,SA1,85,64,5036.0,0.0
2022-05,C2022Q4,T08,C2022Q4T08,7,V-SA,VIC1,147,73,6731.0,0.0
2022-05,C2022Q4,T08,C2022Q4T08,7,VIC1-NSW1,NSW1,174,108,1078.0,0.0
2022-05,C2022Q4,T08,C2022Q4T08,7,VIC1-NSW1,VIC1,258,125,16782.7,0.0
2022-05,C2023Q1,T07,C2023Q1T07,7,NSW1-QLD1,NSW1,45,45,6133.29,0.0
2022-05,C2023Q1,T07,C2023Q1T07,7,NSW1-QLD1,QLD1,242,110,18000.0,0.0
2022-05,C2023Q1,T07,C2023Q1T07,7,V-SA,SA1,81,64,6000.0,0.0
2022-05,C2023Q1,T07,C2023Q1T07,7,V-SA,VIC1,98,74,10165.16,0.0
2022-05,C2023Q1,T07,C2023Q1T07,7,VIC1-NSW1,NSW1,118,108,4989.6,0.0
2022-05,C2023Q1,T07,C2023Q1T07,7,VIC1-NSW1,VIC1,202,130,19250.87,0.0
2022-05,C2023Q2,T06,C2023Q2T06,7,NSW1-QLD1,NSW1,47,45,2000.0,0.0
2022-05,C2023Q2,T06,C2023Q2T06,7,NSW1-QLD1,QLD1,157,100,17909.89,0.0
2022-05,C2023Q2,T06,C2023Q2T06,7,V-SA,SA1,133,64,3548.44,0.0
2022-05,C2023Q2,T06,C2023Q2T06,7,V-SA,VIC1,106,73,5460.0,0.0
2022-05,C2023Q2,T06,C2023Q2T06,7,VIC1-NSW1,NSW1,301,108,1004.0,0.0
2022-05,C2023Q2,T06,C2023Q2T06,7,VIC1-NSW1,VIC1,192,125,15441.4,0.0
2022-05,C2023Q3,T05,C2023Q3T05,7,NSW1-QLD1,NSW1,51,45,2000.0,0.0
2022-05,C2023Q3,T05,C2023Q3T05,7,NSW1-QLD1,QLD1,126,100,19125.36,0.0
2022-05,C2023Q3,T05,C2023Q3T05,7,V-SA,SA1,114,64,4080.9,0.0
2022-05,C2023Q3,T05,C2023Q3T05,7,V-SA,VIC1,96,73,5931.0,0.0
2022-05,C2023Q3,T05,C2023Q3T05,7,VIC1-NSW1,NSW1,154,108,1104.0,0.0
2022-05,C2023Q3,T05,C2023Q3T05,7,VIC1-NSW1,VIC1,191,125,15226.64,0.0
2022-05,C2023Q4,T04,C2023Q4T04,7,NSW1-QLD1,NSW1,45,45,3343.47,0.0
2022-05,C2023Q4,T04,C2023Q4T04,7,NSW1-QLD1,QLD1,120,100,16440.0,0.0
2022-05,C2023Q4,T04,C2023Q4T04,7,V-SA,SA1,90,64,4452.0,0.0
2022-05,C2023Q4,T04,C2023Q4T04,7,V-SA,VIC1,87,73,7728.0,0.0
2022-05,C2023Q4,T04,C2023Q4T04,7,VIC1-NSW1,NSW1,138,108,1170.0,0.0
2022-05,C2023Q4,T04,C2023Q4T04,7,VIC1-NSW1,VIC1,186,125,16575.0,0.0
2022-05,C2024Q1,T03,C2024Q1T03,7,NSW1-QLD1,NSW1,45,45,5458.84,0.0
2022-05,C2024Q1,T03,C2024Q1T03,7,NSW1-QLD1,QLD1,113,100,19807.7,0.0
2022-05,C2024Q1,T03,C2024Q1T03,7,V-SA,SA1,68,64,4754.0,0.0
2022-05,C2024Q1,T03,C2024Q1T03,7,V-SA,VIC1,85,73,9761.0,0.0
2022-05,C2024Q1,T03,C2024Q1T03,7,VIC1-NSW1,NSW1,114,108,4620.43,0.0
2022-05,C2024Q1,T03,C2024Q1T03,7,VIC1-NSW1,VIC1,133,133,20334.59,0.0
2022-05,C2024Q2,T02,C2024Q2T02,7,NSW1-QLD1,NSW1,45,45,2000.0,0.0
2022-05,C2024Q2,T02,C2024Q2T02,7,NSW1-QLD1,QLD1,100,100,20407.93,0.0
2022-05,C2024Q2,T02,C2024Q2T02,7,V-SA,SA1,82,64,3186.17,0.0
2022-05,C2024Q2,T02,C2024Q2T02,7,V-SA,VIC1,73,73,5460.0,0.0
2022-05,C2024Q2,T02,C2024Q2T02,7,VIC1-NSW1,NSW1,164,108,1004.0,0.0
2022-05,C2024Q2,T02,C2024Q2T02,7,VIC1-NSW1,VIC1,126,125,14879.43,0.0
2022-05,C2024Q3,T01,C2024Q3T01,7,NSW1-QLD1,NSW1,45,45,2000.0,0.0
2022-05,C2024Q3,T01,C2024Q3T01,7,NSW1-QLD1,QLD1,100,100,19125.36,0.0
2022-05,C2024Q3,T01,C2024Q3T01,7,V-SA,SA1,64,64,3746.4,0.0
2022-05,C2024Q3,T01,C2024Q3T01,7,V-SA,VIC1,73,73,6000.0,0.0
2022-05,C2024Q3,T01,C2024Q3T01,7,VIC1-NSW1,NSW1,108,108,1046.85,0.0
2022-05,C2024Q3,T01,C2024Q3T01,7,VIC1-NSW1,VIC1,125,125,15226.64,0.0
2022-05,C2022Q1,T12,C2022Q1T12,6,NSW1-QLD1,NSW1,94,60,12123.0,0.0
2022-05,C2022Q1,T12,C2022Q1T12,6,NSW1-QLD1,QLD1,329,106,10987.65,0.0
2022-05,C2022Q1,T12,C2022Q1T12,6,V-SA,SA1,111,84,6593.0,0.0
2022-05,C2022Q1,T12,C2022Q1T12,6,V-SA,VIC1,112,77,12500.0,0.0
2022-05,C2022Q1,T12,C2022Q1T12,6,VIC1-NSW1,NSW1,186,137,4320.0,0.0
2022-05,C2022Q1,T12,C2022Q1T12,6,VIC1-NSW1,VIC1,349,125,19422.49,0.0
2022-05,C2022Q2,T11,C2022Q2T11,6,NSW1-QLD1,NSW1,83,55,3906.0,0.0
2022-05,C2022Q2,T11,C2022Q2T11,6,NSW1-QLD1,QLD1,251,100,9350.0,0.0
2022-05,C2022Q2,T11,C2022Q2T11,6,V-SA,SA1,114,66,5192.0,0.0
2022-05,C2022Q2,T11,C2022Q2T11,6,V-SA,VIC1,133,73,7050.0,0.0
2022-05,C2022Q2,T11,C2022Q2T11,6,VIC1-NSW1,NSW1,317,151,1240.0,0.0
2022-05,C2022Q2,T11,C2022Q2T11,6,VIC1-NSW1,VIC1,223,145,15000.0,0.0
2022-05,C2022Q3,T10,C2022Q3T10,6,NSW1-QLD1,NSW1,83,55,2993.94,0.0
2022-05,C2022Q3,T10,C2022Q3T10,6,NSW1-QLD1,QLD1,278,114,12750.0,0.0
2022-05,C2022Q3,T10,C2022Q3T10,6,V-SA,SA1,136,79,5655.55,0.0
2022-05,C2022Q3,T10,C2022Q3T10,6,V-SA,VIC1,133,73,7533.33,0.0
2022-05,C2022Q3,T10,C2022Q3T10,6,VIC1-NSW1,NSW1,265,126,1385.2,0.0
2022-05,C2022Q3,T10,C2022Q3T10,6,VIC1-NSW1,VIC1,263,131,13000.0,0.0
2022-05,C2022Q4,T09,C2022Q4T09,6,NSW1-QLD1,NSW1,73,45,6000.0,0.0
2022-05,C2022Q4,T09,C2022Q4T09,6,NSW1-QLD1,QLD1,285,100,9445.0,0.0
2022-05,C2022Q4,T09,C2022Q4T09,6,V-SA,SA1,108,64,6132.43,0.0
2022-05,C2022Q4,T09,C2022Q4T09,6,V-SA,VIC1,153,73,7940.85,0.0
2022-05,C2022Q4,T09,C2022Q4T09,6,VIC1-NSW1,NSW1,174,108,1200.0,0.0
2022-05,C2022Q4,T09,C2022Q4T09,6,VIC1-NSW1,VIC1,261,128,19024.49,0.0
2022-05,C2023Q1,T08,C2023Q1T08,6,NSW1-QLD1,NSW1,73,45,7800.94,0.0
2022-05,C2023Q1,T08,C2023Q1T08,6,NSW1-QLD1,QLD1,271,105,15164.59,0.0
2022-05,C2023Q1,T08,C2023Q1T08,6,V-SA,SA1,87,77,6603.0,0.0
2022-05,C2023Q1,T08,C2023Q1T08,6,V-SA,VIC1,104,73,13365.0,0.0
2022-05,C2023Q1,T08,C2023Q1T08,6,VIC1-NSW1,NSW1,153,110,4551.0,0.0
2022-05,C2023Q1,T08,C2023Q1T08,6,VIC1-NSW1,VIC1,165,125,21175.95,0.0
2022-05,C2023Q2,T07,C2023Q2T07,6,NSW1-QLD1,NSW1,71,45,2410.0,0.0
2022-05,C2023Q2,T07,C2023Q2T07,6,NSW1-QLD1,QLD1,220,100,17015.0,0.0
2022-05,C2023Q2,T07,C2023Q2T07,6,V-SA,SA1,129,86,4403.0,0.0
2022-05,C2023Q2,T07,C2023Q2T07,6,V-SA,VIC1,113,73,6606.6,0.0
2022-05,C2023Q2,T07,C2023Q2T07,6,VIC1-NSW1,NSW1,188,108,1104.4,0.0
2022-05,C2023Q2,T07,C2023Q2T07,6,VIC1-NSW1,VIC1,223,125,15820.49,0.0
2022-05,C2023Q3,T06,C2023Q3T06,6,NSW1-QLD1,NSW1,75,45,2400.0,0.0
2022-05,C2023Q3,T06,C2023Q3T06,6,NSW1-QLD1,QLD1,170,100,18260.0,0.0
2022-05,C2023Q3,T06,C2023Q3T06,6,V-SA,SA1,118,72,5000.0,0.0
2022-05,C2023Q3,T06,C2023Q3T06,6,V-SA,VIC1,103,73,7500.0,0.0
2022-05,C2023Q3,T06,C2023Q3T06,6,VIC1-NSW1,NSW1,175,108,1106.0,0.0
2022-05,C2023Q3,T06,C2023Q3T06,6,VIC1-NSW1,VIC1,203,125,15590.49,0.0
2022-05,C2023Q4,T05,C2023Q4T05,6,NSW1-QLD1,NSW1,65,45,5349.55,0.0
2022-05,C2023Q4,T05,C2023Q4T05,6,NSW1-QLD1,QLD1,194,100,12500.0,0.0
2022-05,C2023Q4,T05,C2023Q4T05,6,V-SA,SA1,111,64,5500.0,0.0
2022-05,C2023Q4,T05,C2023Q4T05,6,V-SA,VIC1,88,73,8500.79,0.0
2022-05,C2023Q4,T05,C2023Q4T05,6,VIC1-NSW1,NSW1,158,108,1277.0,0.0
2022-05,C2023Q4,T05,C2023Q4T05,6,VIC1-NSW1,VIC1,195,125,18232.5,0.0
2022-05,C2024Q1,T04,C2024Q1T04,6,NSW1-QLD1,NSW1,45,45,7162.96,0.0
2022-05,C2024Q1,T04,C2024Q1T04,6,NSW1-QLD1,QLD1,134,101,20748.0,0.0
2022-05,C2024Q1,T04,C2024Q1T04,6,V-SA,SA1,64,64,6893.3,0.0
2022-05,C2024Q1,T04,C2024Q1T04,6,V-SA,VIC1,90,73,15000.0,0.0
2022-05,C2024Q1,T04,C2024Q1T04,6,VIC1-NSW1,NSW1,124,115,4370.2,0.0
2022-05,C2024Q1,T04,C2024Q1T04,6,VIC1-NSW1,VIC1,145,125,22368.05,0.0
2022-05,C2024Q2,T03,C2024Q2T03,6,NSW1-QLD1,NSW1,45,45,2579.0,0.0
2022-05,C2024Q2,T03,C2024Q2T03,6,NSW1-QLD1,QLD1,100,100,20748.0,0.0
2022-05,C2024Q2,T03,C2024Q2T03,6,V-SA,SA1,79,70,4462.18,0.0
2022-05,C2024Q2,T03,C2024Q2T03,6,V-SA,VIC1,73,73,7500.0,0.0
2022-05,C2024Q2,T03,C2024Q2T03,6,VIC1-NSW1,NSW1,138,108,1048.0,0.0
2022-05,C2024Q2,T03,C2024Q2T03,6,VIC1-NSW1,VIC1,125,125,14742.0,0.0
2022-05,C2024Q3,T02,C2024Q3T02,6,NSW1-QLD1,NSW1,45,45,2400.0,0.0
2022-05,C2024Q3,T02,C2024Q3T02,6,NSW1-QLD1,QLD1,100,100,19126.0,0.0
2022-05,C2024Q3,T02,C2024Q3T02,6,V-SA,SA1,78,75,5352.18,0.0
2022-05,C2024Q3,T02,C2024Q3T02,6,V-SA,VIC1,73,73,7500.0,0.0
2022-05,C2024Q3,T02,C2024Q3T02,6,VIC1-NSW1,NSW1,108,108,1058.0,0.0
2022-05,C2024Q3,T02,C2024Q3T02,6,VIC1-NSW1,VIC1,125,125,15002.0,0.0
2022-05,C2024Q4,T01,C2024Q4T01,6,NSW1-QLD1,NSW1,45,45,5006.08,0.0
2022-05,C2024Q4,T01,C2024Q4T01,6,NSW1-QLD1,QLD1,100,100,12909.44,0.0
2022-05,C2024Q4,T01,C2024Q4T01,6,V-SA,SA1,64,64,5561.0,0.0
2022-05,C2024Q4,T01,C2024Q4T01,6,V-SA,VIC1,73,73,8675.28,0.0
2022-05,C2024Q4,T01,C2024Q4T01,6,VIC1-NSW1,NSW1,108,108,1287.0,0.0
2022-05,C2024Q4,T01,C2024Q4T01,6,VIC1-NSW1,VIC1,125,125,17050.0,0.0
2022-05,C2022Q2,T12,C2022Q2T12,7,NSW1-QLD1,NSW1,127,100,4537.55,0.0
2022-05,C2022Q2,T12,C2022Q2T12,7,NSW1-QLD1,QLD1,207,100,7637.0,0.0
2022-05,C2022Q2,T12,C2022Q2T12,7,V-SA,SA1,106,66,4487.0,0.0
2022-05,C2022Q2,T12,C2022Q2T12,7,V-SA,VIC1,133,83,13539.0,0.0
2022-05,C2022Q2,T12,C2022Q2T12,7,VIC1-NSW1,NSW1,278,112,910.0,0.0
2022-05,C2022Q2,T12,C2022Q2T12,7,VIC1-NSW1,VIC1,225,125,19978.0,0.0
2022-05,C2022Q3,T11,C2022Q3T11,7,NSW1-QLD1,NSW1,84,60,4061.82,0.0
2022-05,C2022Q3,T11,C2022Q3T11,7,NSW1-QLD1,QLD1,244,100,13330.09,0.0
2022-05,C2022Q3,T11,C2022Q3T11,7,V-SA,SA1,113,64,5500.0,0.0
2022-05,C2022Q3,T11,C2022Q3T11,7,V-SA,VIC1,128,73,10000.0,0.0
2022-05,C2022Q3,T11,C2022Q3T11,7,VIC1-NSW1,NSW1,265,108,1198.0,0.0
2022-05,C2022Q3,T11,C2022Q3T11,7,VIC1-NSW1,VIC1,250,135,19272.0,0.0
2022-05,C2022Q4,T10,C2022Q4T10,7,NSW1-QLD1,NSW1,64,45,9300.0,0.0
2022-05,C2022Q4,T10,C2022Q4T10,7,NSW1-QLD1,QLD1,275,100,10925.0,0.0
2022-05,C2022Q4,T10,C2022Q4T10,7,V-SA,SA1,100,64,6046.0,0.0
2022-05,C2022Q4,T10,C2022Q4T10,7,V-SA,VIC1,158,73,10170.83,0.0
2022-05,C2022Q4,T10,C2022Q4T10,7,VIC1-NSW1,NSW1,174,112,1380.0,0.0
2022-05,C2022Q4,T10,C2022Q4T10,7,VIC1-NSW1,VIC1,268,135,24731.84,0.0
2022-05,C2023Q1,T09,C2023Q1T09,7,NSW1-QLD1,NSW1,64,48,15202.0,0.0
2022-05,C2023Q1,T09,C2023Q1T09,7,NSW1-QLD1,QLD1,281,104,17189.17,0.0
2022-05,C2023Q1,T09,C2023Q1T09,7,V-SA,SA1,94,70,6850.0,0.0
2022-05,C2023Q1,T09,C2023Q1T09,7,V-SA,VIC1,99,73,16760.83,0.0
2022-05,C2023Q1,T09,C2023Q1T09,7,VIC1-NSW1,NSW1,171,116,4500.0,0.0
2022-05,C2023Q1,T09,C2023Q1T09,7,VIC1-NSW1,VIC1,200,135,25200.26,0.0
2022-05,C2023Q2,T08,C2023Q2T08,7,NSW1-QLD1,NSW1,61,45,4000.0,0.0
2022-05,C2023Q2,T08,C2023Q2T08,7,NSW1-QLD1,QLD1,194,100,24489.09,0.0
2022-05,C2023Q2,T08,C2023Q2T08,7,V-SA,SA1,114,70,4843.0,0.0
2022-05,C2023Q2,T08,C2023Q2T08,7,V-SA,VIC1,108,73,11000.83,0.0
2022-05,C2023Q2,T08,C2023Q2T08,7,VIC1-NSW1,NSW1,301,109,1270.06,0.0
2022-05,C2023Q2,T08,C2023Q2T08,7,VIC1-NSW1,VIC1,205,125,22960.26,0.0
2022-05,C2023Q3,T07,C2023Q3T07,7,NSW1-QLD1,NSW1,70,45,3336.0,0.0
2022-05,C2023Q3,T07,C2023Q3T07,7,NSW1-QLD1,QLD1,150,100,24416.0,0.0
2022-05,C2023Q3,T07,C2023Q3T07,7,V-SA,SA1,109,64,5297.0,0.0
2022-05,C2023Q3,T07,C2023Q3T07,7,V-SA,VIC1,108,73,10920.83,0.0
2022-05,C2023Q3,T07,C2023Q3T07,7,VIC1-NSW1,NSW1,205,108,1250.0,0.0
2022-05,C2023Q3,T07,C2023Q3T07,7,VIC1-NSW1,VIC1,220,125,22640.26,0.0
2022-05,C2023Q4,T06,C2023Q4T06,7,NSW1-QLD1,NSW1,58,45,8510.0,0.0
2022-05,C2023Q4,T06,C2023Q4T06,7,NSW1-QLD1,QLD1,164,100,17384.0,0.0
2022-05,C2023Q4,T06,C2023Q4T06,7,V-SA,SA1,109,64,6050.0,0.0
2022-05,C2023Q4,T06,C2023Q4T06,7,V-SA,VIC1,88,73,9520.83,0.0
2022-05,C2023Q4,T06,C2023Q4T06,7,VIC1-NSW1,NSW1,143,114,1404.7,0.0
2022-05,C2023Q4,T06,C2023Q4T06,7,VIC1-NSW1,VIC1,217,125,24066.9,0.0
2022-05,C2024Q1,T05,C2024Q1T05,7,NSW1-QLD1,NSW1,48,45,9907.0,0.0
2022-05,C2024Q1,T05,C2024Q1T05,7,NSW1-QLD1,QLD1,130,100,22822.8,0.0
2022-05,C2024Q1,T05,C2024Q1T05,7,V-SA,SA1,64,64,7341.0,0.0
2022-05,C2024Q1,T05,C2024Q1T05,7,V-SA,VIC1,90,73,16500.0,0.0
2022-05,C2024Q1,T05,C2024Q1T05,7,VIC1-NSW1,NSW1,117,108,4368.0,0.0
2022-05,C2024Q1,T05,C2024Q1T05,7,VIC1-NSW1,VIC1,167,125,23800.26,0.0
2022-05,C2024Q2,T04,C2024Q2T04,7,NSW1-QLD1,NSW1,48,45,3307.0,0.0
2022-05,C2024Q2,T04,C2024Q2T04,7,NSW1-QLD1,QLD1,120,100,24438.96,0.0
2022-05,C2024Q2,T04,C2024Q2T04,7,V-SA,SA1,89,64,4732.0,0.0
2022-05,C2024Q2,T04,C2024Q2T04,7,V-SA,VIC1,73,73,9093.0,0.0
2022-05,C2024Q2,T04,C2024Q2T04,7,VIC1-NSW1,NSW1,164,108,1028.0,0.0
2022-05,C2024Q2,T04,C2024Q2T04,7,VIC1-NSW1,VIC1,152,125,16800.25,0.0
2022-05,C2024Q3,T03,C2024Q3T03,7,NSW1-QLD1,NSW1,48,45,3040.0,0.0
2022-05,C2024Q3,T03,C2024Q3T03,7,NSW1-QLD1,QLD1,108,100,21520.64,0.0
2022-05,C2024Q3,T03,C2024Q3T03,7,V-SA,SA1,67,64,4995.37,0.0
2022-05,C2024Q3,T03,C2024Q3T03,7,V-SA,VIC1,74,73,8996.83,0.0
2022-05,C2024Q3,T03,C2024Q3T03,7,VIC1-NSW1,NSW1,108,108,1000.0,0.0
2022-05,C2024Q3,T03,C2024Q3T03,7,VIC1-NSW1,VIC1,135,125,16502.2,0.0
2022-05,C2024Q4,T02,C2024Q4T02,7,NSW1-QLD1,NSW1,48,45,8504.0,0.0
2022-05,C2024Q4,T02,C2024Q4T02,7,NSW1-QLD1,QLD1,100,100,16000.0,0.0
2022-05,C2024Q4,T02,C2024Q4T02,7,V-SA,SA1,64,64,5521.0,0.0
2022-05,C2024Q4,T02,C2024Q4T02,7,V-SA,VIC1,73,73,10284.0,0.0
2022-05,C2024Q4,T02,C2024Q4T02,7,VIC1-NSW1,NSW1,108,108,1457.0,0.0
2022-05,C2024Q4,T02,C2024Q4T02,7,VIC1-NSW1,VIC1,150,125,20800.25,0.0
2022-05,C2025Q1,T01,C2025Q1T01,7,NSW1-QLD1,NSW1,45,45,9506.0,0.0
2022-05,C2025Q1,T01,C2025Q1T01,7,NSW1-QLD1,QLD1,100,100,23392.8,0.0
2022-05,C2025Q1,T01,C2025Q1T01,7,V-SA,SA1,64,64,7210.0,0.0
2022-05,C2025Q1,T01,C2025Q1T01,7,V-SA,VIC1,73,73,16000.0,0.0
2022-05,C2025Q1,T01,C2025Q1T01,7,VIC1-NSW1,NSW1,108,108,4320.0,0.0
2022-05,C2025Q1,T01,C2025Q1T01,7,VIC1-NSW1,VIC1,125,125,20971.0,0.0
2022-05,C2020Q1,T12,C2020Q1T12,31,NSW1-QLD1,NSW1,147,55,2184.0,0.0
2022-05,C2020Q1,T12,C2020Q1T12,31,NSW1-QLD1,QLD1,315,111,13000.0,0.0
2022-05,C2020Q1,T12,C2020Q1T12,31,V-SA,SA1,93,66,8099.0,0.0
2022-05,C2020Q1,T12,C2020Q1T12,31,V-SA,VIC1,139,78,5500.0,0.0
2022-05,C2020Q1,T12,C2020Q1T12,31,VIC1-NSW1,NSW1,280,138,10576.0,0.0
2022-05,C2020Q1,T12,C2020Q1T12,31,VIC1-NSW1,VIC1,432,125,3600.0,0.0
2022-05,C2020Q2,T11,C2020Q2T11,31,NSW1-QLD1,NSW1,112,45,207.96,0.0
2022-05,C2020Q2,T11,C2020Q2T11,31,NSW1-QLD1,QLD1,248,105,14200.0,0.0
2022-05,C2020Q2,T11,C2020Q2T11,31,V-SA,SA1,74,64,10088.0,0.0
2022-05,C2020Q2,T11,C2020Q2T11,31,V-SA,VIC1,185,73,1208.95,0.0
2022-05,C2020Q2,T11,C2020Q2T11,31,VIC1-NSW1,NSW1,211,108,2839.0,0.0
2022-05,C2020Q2,T11,C2020Q2T11,31,VIC1-NSW1,VIC1,297,125,2807.0,0.0
2022-05,C2020Q3,T10,C2020Q3T10,31,NSW1-QLD1,NSW1,112,45,200.0,0.0
2022-05,C2020Q3,T10,C2020Q3T10,31,NSW1-QLD1,QLD1,240,100,16889.0,0.0
2022-05,C2020Q3,T10,C2020Q3T10,31,V-SA,SA1,74,64,12250.0,0.0
2022-05,C2020Q3,T10,C2020Q3T10,31,V-SA,VIC1,185,73,1100.0,0.0
2022-05,C2020Q3,T10,C2020Q3T10,31,VIC1-NSW1,NSW1,239,108,2437.5,0.0
2022-05,C2020Q3,T10,C2020Q3T10,31,VIC1-NSW1,VIC1,297,125,3957.0,0.0
2022-05,C2020Q4,T09,C2020Q4T09,31,NSW1-QLD1,NSW1,170,45,675.0,0.0
2022-05,C2020Q4,T09,C2020Q4T09,31,NSW1-QLD1,QLD1,228,100,14200.0,0.0
2022-05,C2020Q4,T09,C2020Q4T09,31,V-SA,SA1,74,64,13751.0,0.0
2022-05,C2020Q4,T09,C2020Q4T09,31,V-SA,VIC1,163,73,1278.4,0.0
2022-05,C2020Q4,T09,C2020Q4T09,31,VIC1-NSW1,NSW1,204,109,3000.0,0.0
2022-05,C2020Q4,T09,C2020Q4T09,31,VIC1-NSW1,VIC1,243,125,5503.0,0.0
2022-05,C2021Q1,T08,C2021Q1T08,31,NSW1-QLD1,NSW1,69,45,2500.0,0.0
2022-05,C2021Q1,T08,C2021Q1T08,31,NSW1-QLD1,QLD1,256,100,13517.0,0.0
2022-05,C2021Q1,T08,C2021Q1T08,31,V-SA,SA1,78,64,7413.91,0.0
2022-05,C2021Q1,T08,C2021Q1T08,31,V-SA,VIC1,89,73,2666.0,0.0
2022-05,C2021Q1,T08,C2021Q1T08,31,VIC1-NSW1,NSW1,137,119,8718.75,0.0
2022-05,C2021Q1,T08,C2021Q1T08,31,VIC1-NSW1,VIC1,313,125,5620.0,0.0
2022-05,C2021Q2,T07,C2021Q2T07,31,NSW1-QLD1,NSW1,89,45,150.0,0.0
2022-05,C2021Q2,T07,C2021Q2T07,31,NSW1-QLD1,QLD1,159,100,10679.76,0.0
2022-05,C2021Q2,T07,C2021Q2T07,31,V-SA,SA1,74,64,10507.57,0.0
2022-05,C2021Q2,T07,C2021Q2T07,31,V-SA,VIC1,147,73,1509.0,0.0
2022-05,C2021Q2,T07,C2021Q2T07,31,VIC1-NSW1,NSW1,144,108,1706.0,0.0
2022-05,C2021Q2,T07,C2021Q2T07,31,VIC1-NSW1,VIC1,189,125,4793.0,0.0
2022-05,C2021Q3,T06,C2021Q3T06,31,NSW1-QLD1,NSW1,48,45,245.0,0.0
2022-05,C2021Q3,T06,C2021Q3T06,31,NSW1-QLD1,QLD1,171,100,11542.0,0.0
2022-05,C2021Q3,T06,C2021Q3T06,31,V-SA,SA1,74,64,10005.0,0.0
2022-05,C2021Q3,T06,C2021Q3T06,31,V-SA,VIC1,119,73,1413.12,0.0
2022-05,C2021Q3,T06,C2021Q3T06,31,VIC1-NSW1,NSW1,187,108,1656.0,0.0
2022-05,C2021Q3,T06,C2021Q3T06,31,VIC1-NSW1,VIC1,183,125,5420.0,0.0
2022-05,C2021Q4,T05,C2021Q4T05,31,NSW1-QLD1,NSW1,74,45,700.0,0.0
2022-05,C2021Q4,T05,C2021Q4T05,31,NSW1-QLD1,QLD1,135,100,10666.0,0.0
2022-05,C2021Q4,T05,C2021Q4T05,31,V-SA,SA1,74,64,12501.0,0.0
2022-05,C2021Q4,T05,C2021Q4T05,31,V-SA,VIC1,119,73,1642.55,0.0
2022-05,C2021Q4,T05,C2021Q4T05,31,VIC1-NSW1,NSW1,144,108,2002.0,0.0
2022-05,C2021Q4,T05,C2021Q4T05,31,VIC1-NSW1,VIC1,162,125,5270.0,0.0
2022-05,C2022Q1,T04,C2022Q1T04,31,NSW1-QLD1,NSW1,56,45,2222.5,0.0
2022-05,C2022Q1,T04,C2022Q1T04,31,NSW1-QLD1,QLD1,135,100,8512.0,0.0
2022-05,C2022Q1,T04,C2022Q1T04,31,V-SA,SA1,64,64,5540.0,0.0
2022-05,C2022Q1,T04,C2022Q1T04,31,V-SA,VIC1,88,73,2800.0,0.0
2022-05,C2022Q1,T04,C2022Q1T04,31,VIC1-NSW1,NSW1,113,108,6010.0,0.0
2022-05,C2022Q1,T04,C2022Q1T04,31,VIC1-NSW1,VIC1,217,125,5890.0,0.0
2022-05,C2022Q2,T03,C2022Q2T03,31,NSW1-QLD1,NSW1,50,45,200.0,0.0
2022-05,C2022Q2,T03,C2022Q2T03,31,NSW1-QLD1,QLD1,100,100,10750.0,0.0
2022-05,C2022Q2,T03,C2022Q2T03,31,V-SA,SA1,64,64,9889.2,0.0
2022-05,C2022Q2,T03,C2022Q2T03,31,V-SA,VIC1,88,73,1000.0,0.0
2022-05,C2022Q2,T03,C2022Q2T03,31,VIC1-NSW1,NSW1,134,108,1747.0,0.0
2022-05,C2022Q2,T03,C2022Q2T03,31,VIC1-NSW1,VIC1,125,125,5822.0,0.0
2022-05,C2022Q3,T02,C2022Q3T02,31,NSW1-QLD1,NSW1,45,45,220.0,0.0
2022-05,C2022Q3,T02,C2022Q3T02,31,NSW1-QLD1,QLD1,100,100,10465.92,0.0
2022-05,C2022Q3,T02,C2022Q3T02,31,V-SA,SA1,64,64,10006.0,0.0
2022-05,C2022Q3,T02,C2022Q3T02,31,V-SA,VIC1,74,73,1000.0,0.0
2022-05,C2022Q3,T02,C2022Q3T02,31,VIC1-NSW1,NSW1,113,108,1656.0,0.0
2022-05,C2022Q3,T02,C2022Q3T02,31,VIC1-NSW1,VIC1,125,125,5822.0,0.0
2022-05,C2022Q4,T01,C2022Q4T01,31,NSW1-QLD1,NSW1,45,45,625.0,0.0
2022-05,C2022Q4,T01,C2022Q4T01,31,NSW1-QLD1,QLD1,100,100,10666.0,0.0
2022-05,C2022Q4,T01,C2022Q4T01,31,V-SA,SA1,64,64,12501.0,0.0
2022-05,C2022Q4,T01,C2022Q4T01,31,V-SA,VIC1,73,73,1346.0,0.0
2022-05,C2022Q4,T01,C2022Q4T01,31,VIC1-NSW1,NSW1,108,108,2208.0,0.0
2022-05,C2022Q4,T01,C2022Q4T01,31,VIC1-NSW1,VIC1,125,125,5979.0,0.0
2022-05,C2020Q2,T12,C2020Q2T12,41,NSW1-QLD1,NSW1,90,55,174.14,0.0
2022-05,C2020Q2,T12,C2020Q2T12,41,NSW1-QLD1,QLD1,230,107,13890.24,0.0
2022-05,C2020Q2,T12,C2020Q2T12,41,V-SA,SA1,96,66,10592.4,0.0
2022-05,C2020Q2,T12,C2020Q2T12,41,V-SA,VIC1,177,77,1250.0,0.0
2022-05,C2024Q2,T02,C2024Q2T02,9,NSW1-QLD1,QLD1,100,100,20407.93,0.0
2022-05,C2024Q2,T02,C2024Q2T02,9,V-SA,SA1,82,64,3186.17,0.0
2022-05,C2024Q2,T02,C2024Q2T02,9,V-SA,VIC1,73,73,5460.0,0.0
2022-05,C2024Q2,T02,C2024Q2T02,9,VIC1-NSW1,NSW1,164,108,1004.0,0.0
2022-05,C2024Q2,T02,C2024Q2T02,9,VIC1-NSW1,VIC1,126,125,14879.43,0.0
2022-05,C2024Q3,T01,C2024Q3T01,9,NSW1-QLD1,NSW1,45,45,2000.0,0.0
2022-05,C2024Q3,T01,C2024Q3T01,9,NSW1-QLD1,QLD1,100,100,19125.36,0.0
2022-05,C2024Q3,T01,C2024Q3T01,9,V-SA,SA1,64,64,3746.4,0.0
2022-05,C2024Q3,T01,C2024Q3T01,9,V-SA,VIC1,73,73,6000.0,0.0
2022-05,C2024Q3,T01,C2024Q3T01,9,VIC1-NSW1,NSW1,108,108,1046.85,0.0
2022-05,C2024Q3,T01,C2024Q3T01,9,VIC1-NSW1,VIC1,125,125,15226.64,0.0
2022-05,C2022Q1,T12,C2022Q1T12,8,NSW1-QLD1,NSW1,94,60,12123.0,0.0
2022-05,C2022Q1,T12,C2022Q1T12,8,NSW1-QLD1,QLD1,329,106,10987.65,0.0
2022-05,C2022Q1,T12,C2022Q1T12,8,V-SA,SA1,111,84,6593.0,0.0
2022-05,C2022Q1,T12,C2022Q1T12,8,V-SA,VIC1,112,77,12500.0,0.0
2022-05,C2022Q1,T12,C2022Q1T12,8,VIC1-NSW1,NSW1,186,137,4320.0,0.0
2022-05,C2022Q1,T12,C2022Q1T12,8,VIC1-NSW1,VIC1,349,125,19422.49,0.0
2022-05,C2022Q2,T11,C2022Q2T11,8,NSW1-QLD1,NSW1,83,55,3906.0,0.0
2022-05,C2022Q2,T11,C2022Q2T11,8,NSW1-QLD1,QLD1,251,100,9350.0,0.0
2022-05,C2022Q2,T11,C2022Q2T11,8,V-SA,SA1,114,66,5192.0,0.0
2022-05,C2022Q2,T11,C2022Q2T11,8,V-SA,VIC1,133,73,7050.0,0.0
2022-05,C2022Q2,T11,C2022Q2T11,8,VIC1-NSW1,NSW1,317,151,1240.0,0.0
2022-05,C2022Q2,T11,C2022Q2T11,8,VIC1-NSW1,VIC1,223,145,15000.0,0.0
2022-05,C2022Q3,T10,C2022Q3T10,8,NSW1-QLD1,NSW1,83,55,2993.94,0.0
2022-05,C2022Q3,T10,C2022Q3T10,8,NSW1-QLD1,QLD1,278,114,12750.0,0.0
2022-05,C2022Q3,T10,C2022Q3T10,8,V-SA,SA1,136,79,5655.55,0.0
2022-05,C2022Q3,T10,C2022Q3T10,8,V-SA,VIC1,133,73,7533.33,0.0
2022-05,C2022Q3,T10,C2022Q3T10,8,VIC1-NSW1,NSW1,265,126,1385.2,0.0
2022-05,C2022Q3,T10,C2022Q3T10,8,VIC1-NSW1,VIC1,263,131,13000.0,0.0
2022-05,C2023Q2,T01,C2023Q2T01,49,V-SA,SA1,64,64,3250.0,0.0
2022-05,C2023Q2,T01,C2023Q2T01,49,V-SA,VIC1,73,73,1360.0,0.0
2022-05,C2023Q2,T01,C2023Q2T01,49,VIC1-NSW1,NSW1,108,108,960.96,0.0
2022-05,C2023Q2,T01,C2023Q2T01,49,VIC1-NSW1,VIC1,125,125,6666.0,0.0
2022-05,C2020Q4,T12,C2020Q4T12,29,NSW1-QLD1,NSW1,157,55,804.0,0.0
2022-05,C2020Q4,T12,C2020Q4T12,29,NSW1-QLD1,QLD1,210,100,10450.0,0.0
2022-05,C2020Q4,T12,C2020Q4T12,29,V-SA,SA1,91,66,6500.85,0.0
2022-05,C2020Q4,T12,C2020Q4T12,29,V-SA,VIC1,97,77,3000.33,0.0
2022-05,C2020Q4,T12,C2020Q4T12,29,VIC1-NSW1,NSW1,222,112,2755.0,0.0
2022-05,C2020Q4,T12,C2020Q4T12,29,VIC1-NSW1,VIC1,285,126,4500.0,0.0
2022-05,C2021Q1,T11,C2021Q1T11,29,NSW1-QLD1,NSW1,79,45,1755.0,0.0
2022-05,C2021Q1,T11,C2021Q1T11,29,NSW1-QLD1,QLD1,150,100,19785.0,0.0
2022-05,C2021Q1,T11,C2021Q1T11,29,V-SA,SA1,89,64,6750.0,0.0
2022-05,C2021Q1,T11,C2021Q1T11,29,V-SA,VIC1,93,73,5500.0,0.0
2022-05,C2021Q1,T11,C2021Q1T11,29,VIC1-NSW1,NSW1,188,108,8500.93,0.0
2022-05,C2021Q1,T11,C2021Q1T11,29,VIC1-NSW1,VIC1,175,125,6975.0,0.0
2022-05,C2021Q2,T10,C2021Q2T10,29,NSW1-QLD1,NSW1,45,45,160.36,0.0
2022-05,C2021Q2,T10,C2021Q2T10,29,NSW1-QLD1,QLD1,175,100,11750.0,0.0
2022-05,C2021Q2,T10,C2021Q2T10,29,V-SA,SA1,109,64,3850.0,0.0
2022-05,C2021Q2,T10,C2021Q2T10,29,V-SA,VIC1,108,73,1780.0,0.0
2022-05,C2021Q2,T10,C2021Q2T10,29,VIC1-NSW1,NSW1,199,108,1300.84,0.0
2022-05,C2021Q2,T10,C2021Q2T10,29,VIC1-NSW1,VIC1,205,125,4007.84,0.0
2022-05,C2021Q3,T09,C2021Q3T09,29,NSW1-QLD1,NSW1,45,45,252.0,0.0
2022-05,C2021Q3,T09,C2021Q3T09,29,NSW1-QLD1,QLD1,180,100,12950.12,0.0
2022-05,C2021Q3,T09,C2021Q3T09,29,V-SA,SA1,109,64,4504.0,0.0
2022-05,C2021Q3,T09,C2021Q3T09,29,V-SA,VIC1,113,73,1600.94,0.0
2022-05,C2021Q3,T09,C2021Q3T09,29,VIC1-NSW1,NSW1,247,108,1304.0,0.0
2022-05,C2021Q3,T09,C2021Q3T09,29,VIC1-NSW1,VIC1,185,125,4500.0,0.0
2022-05,C2021Q4,T08,C2021Q4T08,29,NSW1-QLD1,NSW1,108,45,604.0,0.0
2022-05,C2021Q4,T08,C2021Q4T08,29,NSW1-QLD1,QLD1,160,100,11150.0,0.0
2022-05,C2021Q4,T08,C2021Q4T08,29,V-SA,SA1,109,64,4833.66,0.0
2022-05,C2021Q4,T08,C2021Q4T08,29,V-SA,VIC1,137,73,2127.76,0.0
2022-05,C2021Q4,T08,C2021Q4T08,29,VIC1-NSW1,NSW1,148,108,1504.0,0.0
2022-05,C2021Q4,T08,C2021Q4T08,29,VIC1-NSW1,VIC1,205,125,5250.0,0.0
2022-05,C2022Q1,T07,C2022Q1T07,29,NSW1-QLD1,NSW1,54,45,2350.0,0.0
2022-05,C2022Q1,T07,C2022Q1T07,29,NSW1-QLD1,QLD1,136,100,16000.0,0.0
2022-05,C2022Q1,T07,C2022Q1T07,29,V-SA,SA1,64,64,5143.26,0.0
2022-05,C2022Q1,T07,C2022Q1T07,29,V-SA,VIC1,73,73,7019.42,0.0
2022-05,C2022Q1,T07,C2022Q1T07,29,VIC1-NSW1,NSW1,162,117,8800.0,0.0
2022-05,C2022Q1,T07,C2022Q1T07,29,VIC1-NSW1,VIC1,175,125,9142.76,0.0
2022-05,C2022Q2,T06,C2022Q2T06,29,NSW1-QLD1,NSW1,45,45,351.0,0.0
2022-05,C2022Q2,T06,C2022Q2T06,29,NSW1-QLD1,QLD1,120,100,11650.0,0.0
2022-05,C2022Q2,T06,C2022Q2T06,29,V-SA,SA1,98,64,4000.0,0.0
2022-05,C2022Q2,T06,C2022Q2T06,29,V-SA,VIC1,73,73,1600.0,0.0
2022-05,C2022Q2,T06,C2022Q2T06,29,VIC1-NSW1,NSW1,198,108,841.91,0.0
2022-05,C2022Q2,T06,C2022Q2T06,29,VIC1-NSW1,VIC1,205,125,6619.68,0.0
2022-05,C2022Q3,T05,C2022Q3T05,29,NSW1-QLD1,NSW1,45,45,561.0,0.0
2022-05,C2022Q3,T05,C2022Q3T05,29,NSW1-QLD1,QLD1,100,100,12150.0,0.0
2022-05,C2022Q3,T05,C2022Q3T05,29,V-SA,SA1,84,64,4000.0,0.0
2022-05,C2022Q3,T05,C2022Q3T05,29,V-SA,VIC1,73,73,1750.0,0.0
2022-05,C2022Q3,T05,C2022Q3T05,29,VIC1-NSW1,NSW1,198,108,1104.01,0.0
2022-05,C2022Q3,T05,C2022Q3T05,29,VIC1-NSW1,VIC1,195,125,6501.0,0.0
2022-05,C2022Q4,T04,C2022Q4T04,29,NSW1-QLD1,NSW1,55,45,1254.0,0.0
2022-05,C2022Q4,T04,C2022Q4T04,29,NSW1-QLD1,QLD1,100,100,10900.0,0.0
2022-05,C2022Q4,T04,C2022Q4T04,29,V-SA,SA1,80,64,4666.98,0.0
2022-05,C2022Q4,T04,C2022Q4T04,29,V-SA,VIC1,73,73,2450.0,0.0
2022-05,C2022Q4,T04,C2022Q4T04,29,VIC1-NSW1,NSW1,148,108,1710.37,0.0
2022-05,C2022Q4,T04,C2022Q4T04,29,VIC1-NSW1,VIC1,185,125,6793.1,0.0
2022-05,C2023Q1,T03,C2023Q1T03,29,NSW1-QLD1,NSW1,45,45,2646.0,0.0
2022-05,C2023Q1,T03,C2023Q1T03,29,NSW1-QLD1,QLD1,100,100,14750.0,0.0
2022-05,C2023Q1,T03,C2023Q1T03,29,V-SA,SA1,74,64,5143.26,0.0
2022-05,C2023Q1,T03,C2023Q1T03,29,V-SA,VIC1,73,73,6004.0,0.0
2022-05,C2023Q1,T03,C2023Q1T03,29,VIC1-NSW1,NSW1,133,120,7500.0,0.0
2022-05,C2023Q1,T03,C2023Q1T03,29,VIC1-NSW1,VIC1,125,125,10123.0,0.0
2022-05,C2023Q2,T02,C2023Q2T02,29,NSW1-QLD1,NSW1,45,45,347.6,0.0
2022-05,C2023Q2,T02,C2023Q2T02,29,NSW1-QLD1,QLD1,100,100,11750.0,0.0
2022-05,C2023Q2,T02,C2023Q2T02,29,V-SA,SA1,84,64,4000.0,0.0
2022-05,C2023Q2,T02,C2023Q2T02,29,V-SA,VIC1,73,73,1450.0,0.0
2022-05,C2023Q2,T02,C2023Q2T02,29,VIC1-NSW1,NSW1,158,108,750.0,0.0
2022-05,C2023Q2,T02,C2023Q2T02,29,VIC1-NSW1,VIC1,125,125,7333.0,0.0
2022-05,C2023Q3,T01,C2023Q3T01,29,NSW1-QLD1,NSW1,45,45,257.0,0.0
2022-05,C2023Q3,T01,C2023Q3T01,29,NSW1-QLD1,QLD1,100,100,12150.0,0.0
2022-05,C2023Q3,T01,C2023Q3T01,29,V-SA,SA1,64,64,4000.0,0.0
2022-05,C2023Q3,T01,C2023Q3T01,29,V-SA,VIC1,73,73,1500.0,0.0
2022-05,C2023Q3,T01,C2023Q3T01,29,VIC1-NSW1,NSW1,108,108,750.75,0.0
2022-05,C2023Q3,T01,C2023Q3T01,29,VIC1-NSW1,VIC1,125,125,7040.0,0.0
2022-05,C2021Q1,T12,C2021Q1T12,19,NSW1-QLD1,NSW1,83,55,2104.0,0.0
2022-05,C2021Q1,T12,C2021Q1T12,19,NSW1-QLD1,QLD1,155,100,21956.0,0.0
2022-05,C2021Q1,T12,C2021Q1T12,19,V-SA,SA1,96,66,7500.0,0.0
2022-05,C2021Q1,T12,C2021Q1T12,19,V-SA,VIC1,137,77,5500.0,0.0
2022-05,C2021Q1,T12,C2021Q1T12,19,VIC1-NSW1,NSW1,222,112,6375.69,0.0
2022-05,C2021Q1,T12,C2021Q1T12,19,VIC1-NSW1,VIC1,170,125,9000.0,0.0
2022-05,C2021Q2,T11,C2021Q2T11,19,NSW1-QLD1,NSW1,45,45,253.0,0.0
2022-05,C2021Q2,T11,C2021Q2T11,19,NSW1-QLD1,QLD1,155,100,13100.0,0.0
2022-05,C2021Q2,T11,C2021Q2T11,19,V-SA,SA1,114,64,4790.09,0.0
2022-05,C2021Q2,T11,C2021Q2T11,19,V-SA,VIC1,133,73,1601.0,0.0
2022-05,C2021Q2,T11,C2021Q2T11,19,VIC1-NSW1,NSW1,224,108,1365.88,0.0
2022-05,C2021Q2,T11,C2021Q2T11,19,VIC1-NSW1,VIC1,195,125,5354.0,0.0
2022-05,C2021Q3,T10,C2021Q3T10,19,NSW1-QLD1,NSW1,45,45,254.0,0.0
2022-05,C2021Q3,T10,C2021Q3T10,19,NSW1-QLD1,QLD1,155,100,12302.5,0.0
2022-05,C2021Q3,T10,C2021Q3T10,19,V-SA,SA1,114,64,5250.0,0.0
2022-05,C2021Q3,T10,C2021Q3T10,19,V-SA,VIC1,174,73,1601.0,0.0
2022-05,C2021Q3,T10,C2021Q3T10,19,VIC1-NSW1,NSW1,257,108,1389.0,0.0
2022-05,C2021Q3,T10,C2021Q3T10,19,VIC1-NSW1,VIC1,179,125,5625.0,0.0
2022-05,C2021Q4,T09,C2021Q4T09,19,NSW1-QLD1,NSW1,120,51,804.0,0.0
2022-05,C2021Q4,T09,C2021Q4T09,19,NSW1-QLD1,QLD1,155,100,12250.0,0.0
2022-05,C2021Q4,T09,C2021Q4T09,19,V-SA,SA1,114,64,5318.0,0.0
2022-05,C2021Q4,T09,C2021Q4T09,19,V-SA,VIC1,167,73,2127.76,0.0
2022-05,C2021Q4,T09,C2021Q4T09,19,VIC1-NSW1,NSW1,158,108,1323.52,0.0
2022-05,C2021Q4,T09,C2021Q4T09,19,VIC1-NSW1,VIC1,170,125,7501.0,0.0
2022-05,C2022Q1,T08,C2022Q1T08,19,NSW1-QLD1,NSW1,66,45,2585.0,0.0
2022-05,C2022Q1,T08,C2022Q1T08,19,NSW1-QLD1,QLD1,173,100,17800.96,0.0
2022-05,C2022Q1,T08,C2022Q1T08,19,V-SA,SA1,94,64,5878.01,0.0
2022-05,C2022Q1,T08,C2022Q1T08,19,V-SA,VIC1,93,73,6004.0,0.0
2022-05,C2022Q1,T08,C2022Q1T08,19,VIC1-NSW1,NSW1,203,108,6600.0,0.0
2022-05,C2022Q1,T08,C2022Q1T08,19,VIC1-NSW1,VIC1,170,125,11224.0,0.0
2022-05,C2022Q2,T07,C2022Q2T07,19,NSW1-QLD1,NSW1,45,45,401.0,0.0
2022-05,C2022Q2,T07,C2022Q2T07,19,NSW1-QLD1,QLD1,155,100,11067.5,0.0
2022-05,C2022Q2,T07,C2022Q2T07,19,V-SA,SA1,128,78,4000.0,0.0
2022-05,C2022Q2,T07,C2022Q2T07,19,V-SA,VIC1,93,73,1668.35,0.0
2022-05,C2022Q2,T07,C2022Q2T07,19,VIC1-NSW1,NSW1,183,108,740.88,0.0
2022-05,C2022Q2,T07,C2022Q2T07,19,VIC1-NSW1,VIC1,175,125,7772.16,0.0
2022-05,C2022Q3,T06,C2022Q3T06,19,NSW1-QLD1,NSW1,45,45,501.0,0.0
2022-05,C2022Q3,T06,C2022Q3T06,19,NSW1-QLD1,QLD1,130,100,11901.12,0.0
2022-05,C2022Q3,T06,C2022Q3T06,19,V-SA,SA1,94,64,5204.0,0.0
2022-05,C2022Q3,T06,C2022Q3T06,19,V-SA,VIC1,93,73,1750.0,0.0
2022-05,C2022Q3,T06,C2022Q3T06,19,VIC1-NSW1,NSW1,183,108,875.0,0.0
2022-05,C2022Q3,T06,C2022Q3T06,19,VIC1-NSW1,VIC1,150,125,8501.0,0.0
2022-05,C2022Q4,T05,C2022Q4T05,19,NSW1-QLD1,NSW1,55,45,1503.03,0.0
2022-05,C2022Q4,T05,C2022Q4T05,19,NSW1-QLD1,QLD1,130,100,11956.92,0.0
2022-05,C2022Q4,T05,C2022Q4T05,19,V-SA,SA1,90,64,5039.85,0.0
2022-05,C2022Q4,T05,C2022Q4T05,19,V-SA,VIC1,93,73,2450.0,0.0
2022-05,C2022Q4,T05,C2022Q4T05,19,VIC1-NSW1,NSW1,158,108,1197.25,0.0
2022-05,C2022Q4,T05,C2022Q4T05,19,VIC1-NSW1,VIC1,168,125,8950.99,0.0
2022-05,C2023Q1,T04,C2023Q1T04,19,NSW1-QLD1,NSW1,57,45,3001.0,0.0
2022-05,C2023Q1,T04,C2023Q1T04,19,NSW1-QLD1,QLD1,100,100,15996.96,0.0
2022-05,C2023Q1,T04,C2023Q1T04,19,V-SA,SA1,74,64,5668.0,0.0
2022-05,C2023Q1,T04,C2023Q1T04,19,V-SA,VIC1,93,73,6004.0,0.0
2022-05,C2023Q1,T04,C2023Q1T04,19,VIC1-NSW1,NSW1,158,108,5625.0,0.0
2022-05,C2023Q1,T04,C2023Q1T04,19,VIC1-NSW1,VIC1,145,125,11375.99,0.0
2022-05,C2023Q2,T03,C2023Q2T03,19,NSW1-QLD1,NSW1,45,45,404.0,0.0
2022-05,C2022Q4,T05,C2022Q4T05,20,V-SA,SA1,90,64,5039.85,0.0
2022-05,C2022Q4,T05,C2022Q4T05,20,V-SA,VIC1,93,73,2450.0,0.0
2022-05,C2022Q4,T05,C2022Q4T05,20,VIC1-NSW1,NSW1,158,108,1197.25,0.0
2022-05,C2022Q4,T05,C2022Q4T05,20,VIC1-NSW1,VIC1,168,125,8950.99,0.0
2022-05,C2023Q1,T04,C2023Q1T04,20,NSW1-QLD1,NSW1,57,45,3001.0,0.0
2022-05,C2023Q1,T04,C2023Q1T04,20,NSW1-QLD1,QLD1,100,100,15996.96,0.0
2022-05,C2023Q1,T04,C2023Q1T04,20,V-SA,SA1,74,64,5668.0,0.0
2022-05,C2023Q1,T04,C2023Q1T04,20,V-SA,VIC1,93,73,6004.0,0.0
2022-05,C2023Q1,T04,C2023Q1T04,20,VIC1-NSW1,NSW1,158,108,5625.0,0.0
2022-05,C2023Q1,T04,C2023Q1T04,20,VIC1-NSW1,VIC1,145,125,11375.99,0.0
2022-05,C2023Q2,T03,C2023Q2T03,20,NSW1-QLD1,NSW1,45,45,404.0,0.0
2022-05,C2023Q2,T03,C2023Q2T03,20,NSW1-QLD1,QLD1,100,100,12839.0,0.0
2022-05,C2023Q2,T03,C2023Q2T03,20,V-SA,SA1,91,81,3124.0,0.0
2022-05,C2023Q2,T03,C2023Q2T03,20,V-SA,VIC1,93,73,1454.0,0.0
2022-05,C2023Q2,T03,C2023Q2T03,20,VIC1-NSW1,NSW1,188,108,562.5,0.0
2022-05,C2023Q2,T03,C2023Q2T03,20,VIC1-NSW1,VIC1,150,125,7407.0,0.0
2022-05,C2023Q3,T02,C2023Q3T02,20,NSW1-QLD1,NSW1,45,45,401.0,0.0
2022-05,C2023Q3,T02,C2023Q3T02,20,NSW1-QLD1,QLD1,100,100,12984.0,0.0
2022-05,C2023Q3,T02,C2023Q3T02,20,V-SA,SA1,74,64,3920.0,0.0
2022-05,C2023Q3,T02,C2023Q3T02,20,V-SA,VIC1,93,73,1435.2,0.0
2022-05,C2023Q3,T02,C2023Q3T02,20,VIC1-NSW1,NSW1,138,108,660.66,0.0
2022-05,C2023Q3,T02,C2023Q3T02,20,VIC1-NSW1,VIC1,150,125,7744.0,0.0
2022-05,C2023Q4,T01,C2023Q4T01,20,NSW1-QLD1,NSW1,45,45,1301.0,0.0
2022-05,C2023Q4,T01,C2023Q4T01,20,NSW1-QLD1,QLD1,100,100,12400.96,0.0
2022-05,C2023Q4,T01,C2023Q4T01,20,V-SA,SA1,64,64,4000.0,0.0
2022-05,C2023Q4,T01,C2023Q4T01,20,V-SA,VIC1,73,73,1840.35,0.0
2022-05,C2023Q4,T01,C2023Q4T01,20,VIC1-NSW1,NSW1,108,108,1001.0,0.0
2022-05,C2023Q4,T01,C2023Q4T01,20,VIC1-NSW1,VIC1,125,125,7473.0,0.0
2022-05,C2021Q2,T12,C2021Q2T12,10,NSW1-QLD1,NSW1,61,55,354.0,0.0
2022-05,C2021Q2,T12,C2021Q2T12,10,NSW1-QLD1,QLD1,246,110,10087.0,0.0
2022-05,C2021Q2,T12,C2021Q2T12,10,V-SA,SA1,117,70,4654.0,0.0
2022-05,C2021Q2,T12,C2021Q2T12,10,V-SA,VIC1,174,77,2054.0,0.0
2022-05,C2021Q2,T12,C2021Q2T12,10,VIC1-NSW1,NSW1,372,112,480.79,0.0
2022-05,C2021Q2,T12,C2021Q2T12,10,VIC1-NSW1,VIC1,258,125,8004.0,0.0
2022-05,C2021Q3,T11,C2021Q3T11,10,NSW1-QLD1,NSW1,45,45,417.47,0.0
2022-05,C2021Q3,T11,C2021Q3T11,10,NSW1-QLD1,QLD1,245,103,10790.21,0.0
2022-05,C2021Q3,T11,C2021Q3T11,10,V-SA,SA1,112,64,5321.0,0.0
2022-05,C2021Q3,T11,C2021Q3T11,10,V-SA,VIC1,199,73,2455.0,0.0
2022-05,C2021Q3,T11,C2021Q3T11,10,VIC1-NSW1,NSW1,266,108,500.44,0.0
2022-05,C2021Q3,T11,C2021Q3T11,10,VIC1-NSW1,VIC1,275,125,7700.0,0.0
2022-05,C2021Q4,T10,C2021Q4T10,10,NSW1-QLD1,NSW1,85,45,1249.0,0.0
2022-05,C2021Q4,T10,C2021Q4T10,10,NSW1-QLD1,QLD1,255,104,9200.79,0.0
2022-05,C2021Q4,T10,C2021Q4T10,10,V-SA,SA1,111,64,5372.0,0.0
2022-05,C2021Q4,T10,C2021Q4T10,10,V-SA,VIC1,170,73,2780.85,0.0
2022-05,C2021Q4,T10,C2021Q4T10,10,VIC1-NSW1,NSW1,269,114,465.88,0.0
2022-05,C2021Q4,T10,C2021Q4T10,10,VIC1-NSW1,VIC1,248,125,9377.0,0.0
2022-05,C2022Q1,T09,C2022Q1T09,10,NSW1-QLD1,NSW1,69,49,3278.0,0.0
2022-05,C2022Q1,T09,C2022Q1T09,10,NSW1-QLD1,QLD1,185,103,14524.2,0.0
2022-05,C2022Q1,T09,C2022Q1T09,10,V-SA,SA1,124,68,5650.47,0.0
2022-05,C2022Q1,T09,C2022Q1T09,10,V-SA,VIC1,103,73,7019.42,0.0
2022-05,C2022Q1,T09,C2022Q1T09,10,VIC1-NSW1,NSW1,250,117,4356.0,0.0
2022-05,C2022Q1,T09,C2022Q1T09,10,VIC1-NSW1,VIC1,305,125,12347.0,0.0
2022-05,C2022Q2,T08,C2022Q2T08,10,NSW1-QLD1,NSW1,45,45,612.0,0.0
2022-05,C2022Q2,T08,C2022Q2T08,10,NSW1-QLD1,QLD1,200,103,10800.0,0.0
2022-05,C2022Q2,T08,C2022Q2T08,10,V-SA,SA1,111,64,4066.67,0.0
2022-05,C2022Q2,T08,C2022Q2T08,10,V-SA,VIC1,171,73,2502.52,0.0
2022-05,C2022Q2,T08,C2022Q2T08,10,VIC1-NSW1,NSW1,319,115,420.44,0.0
2022-05,C2022Q2,T08,C2022Q2T08,10,VIC1-NSW1,VIC1,188,125,8529.23,0.0
2022-05,C2022Q3,T07,C2022Q3T07,10,NSW1-QLD1,NSW1,45,45,757.75,0.0
2022-05,C2022Q3,T07,C2022Q3T07,10,NSW1-QLD1,QLD1,174,102,13500.0,0.0
2022-05,C2022Q3,T07,C2022Q3T07,10,V-SA,SA1,118,64,5150.72,0.0
2022-05,C2022Q3,T07,C2022Q3T07,10,V-SA,VIC1,150,73,2387.0,0.0
2022-05,C2022Q3,T07,C2022Q3T07,10,VIC1-NSW1,NSW1,267,117,490.44,0.0
2022-05,C2022Q3,T07,C2022Q3T07,10,VIC1-NSW1,VIC1,223,125,9300.43,0.0
2022-05,C2022Q4,T06,C2022Q4T06,10,NSW1-QLD1,NSW1,55,55,1878.78,0.0
2022-05,C2022Q4,T06,C2022Q4T06,10,NSW1-QLD1,QLD1,225,105,10800.52,0.0
2022-05,C2022Q4,T06,C2022Q4T06,10,V-SA,SA1,107,64,5123.85,0.0
2022-05,C2022Q4,T06,C2022Q4T06,10,V-SA,VIC1,146,73,2962.68,0.0
2022-05,C2022Q4,T06,C2022Q4T06,10,VIC1-NSW1,NSW1,217,117,560.44,0.0
2022-05,C2022Q4,T06,C2022Q4T06,10,VIC1-NSW1,VIC1,208,125,10374.0,0.0
2022-05,C2023Q1,T05,C2023Q1T05,10,NSW1-QLD1,NSW1,55,45,3771.0,0.0
2022-05,C2023Q1,T05,C2023Q1T05,10,NSW1-QLD1,QLD1,130,103,13200.2,0.0
2022-05,C2023Q1,T05,C2023Q1T05,10,V-SA,SA1,92,73,5923.47,0.0
2022-05,C2023Q1,T05,C2023Q1T05,10,V-SA,VIC1,96,73,7628.0,0.0
2022-05,C2023Q1,T05,C2023Q1T05,10,VIC1-NSW1,NSW1,177,117,4320.0,0.0
2022-05,C2023Q1,T05,C2023Q1T05,10,VIC1-NSW1,VIC1,155,125,12513.58,0.0
2022-05,C2023Q2,T04,C2023Q2T04,10,NSW1-QLD1,NSW1,45,45,520.0,0.0
2022-05,C2023Q2,T04,C2023Q2T04,10,NSW1-QLD1,QLD1,140,102,15928.0,0.0
2022-05,C2023Q2,T04,C2023Q2T04,10,V-SA,SA1,85,64,3050.72,0.0
2022-05,C2023Q2,T04,C2023Q2T04,10,V-SA,VIC1,130,73,1801.0,0.0
2022-05,C2023Q2,T04,C2023Q2T04,10,VIC1-NSW1,NSW1,198,118,490.44,0.0
2022-05,C2023Q2,T04,C2023Q2T04,10,VIC1-NSW1,VIC1,160,125,9259.0,0.0
2022-05,C2023Q3,T03,C2023Q3T03,10,NSW1-QLD1,NSW1,45,45,501.0,0.0
2022-05,C2023Q3,T03,C2023Q3T03,10,NSW1-QLD1,QLD1,125,100,16230.0,0.0
2022-05,C2023Q3,T03,C2023Q3T03,10,V-SA,SA1,71,64,4300.72,0.0
2022-05,C2023Q3,T03,C2023Q3T03,10,V-SA,VIC1,90,73,1900.68,0.0
2022-05,C2023Q3,T03,C2023Q3T03,10,VIC1-NSW1,NSW1,173,118,501.23,0.0
2022-05,C2023Q3,T03,C2023Q3T03,10,VIC1-NSW1,VIC1,172,125,9680.0,0.0
2022-05,C2023Q4,T02,C2023Q4T02,10,NSW1-QLD1,NSW1,45,45,1501.0,0.0
2022-05,C2023Q4,T02,C2023Q4T02,10,NSW1-QLD1,QLD1,119,104,15459.87,0.0
2022-05,C2023Q4,T02,C2023Q4T02,10,V-SA,SA1,68,64,4204.0,0.0
2022-05,C2023Q4,T02,C2023Q4T02,10,V-SA,VIC1,77,73,2762.2,0.0
2022-05,C2023Q4,T02,C2023Q4T02,10,VIC1-NSW1,NSW1,141,111,587.25,0.0
2022-05,C2023Q4,T02,C2023Q4T02,10,VIC1-NSW1,VIC1,154,125,9570.43,0.0
2022-05,C2024Q1,T01,C2024Q1T01,10,NSW1-QLD1,NSW1,45,45,3591.0,0.0
2022-05,C2024Q1,T01,C2024Q1T01,10,NSW1-QLD1,QLD1,100,100,15267.0,0.0
2022-05,C2024Q1,T01,C2024Q1T01,10,V-SA,SA1,64,64,5154.0,0.0
2022-05,C2024Q1,T01,C2024Q1T01,10,V-SA,VIC1,73,73,6115.2,0.0
2022-05,C2024Q1,T01,C2024Q1T01,10,VIC1-NSW1,NSW1,108,108,4368.0,0.0
2022-05,C2024Q1,T01,C2024Q1T01,10,VIC1-NSW1,VIC1,125,125,12513.58,0.0
2022-05,C2021Q3,T12,C2021Q3T12,14,NSW1-QLD1,NSW1,105,55,2125.0,0.0
2022-05,C2021Q3,T12,C2021Q3T12,14,NSW1-QLD1,QLD1,252,134,10346.29,0.0
2022-05,C2021Q3,T12,C2021Q3T12,14,V-SA,SA1,134,66,4404.0,0.0
2022-05,C2021Q3,T12,C2021Q3T12,14,V-SA,VIC1,248,100,3500.0,0.0
2022-05,C2021Q3,T12,C2021Q3T12,14,VIC1-NSW1,NSW1,316,112,1006.0,0.0
2022-05,C2021Q3,T12,C2021Q3T12,14,VIC1-NSW1,VIC1,200,152,11396.0,0.0
2022-05,C2021Q4,T11,C2021Q4T11,14,NSW1-QLD1,NSW1,148,45,2218.0,0.0
2022-05,C2021Q4,T11,C2021Q4T11,14,NSW1-QLD1,QLD1,292,103,9780.23,0.0
2022-05,C2021Q4,T11,C2021Q4T11,14,V-SA,SA1,123,64,4816.92,0.0
2022-05,C2021Q4,T11,C2021Q4T11,14,V-SA,VIC1,134,86,5996.06,0.0
2022-05,C2021Q4,T11,C2021Q4T11,14,VIC1-NSW1,NSW1,168,108,754.0,0.0
2022-05,C2021Q4,T11,C2021Q4T11,14,VIC1-NSW1,VIC1,227,145,11721.25,0.0
2022-05,C2022Q1,T10,C2022Q1T10,14,NSW1-QLD1,NSW1,55,45,5267.0,0.0
2022-05,C2022Q1,T10,C2022Q1T10,14,NSW1-QLD1,QLD1,234,101,16460.75,0.0
2022-05,C2022Q1,T10,C2022Q1T10,14,V-SA,SA1,114,64,5707.0,0.0
2022-05,C2022Q1,T10,C2022Q1T10,14,V-SA,VIC1,103,73,8775.0,0.0
2022-05,C2022Q1,T10,C2022Q1T10,14,VIC1-NSW1,NSW1,176,108,5028.0,0.0
2022-05,C2022Q1,T10,C2022Q1T10,14,VIC1-NSW1,VIC1,301,125,15434.0,0.0
2022-05,C2022Q2,T09,C2022Q2T09,14,NSW1-QLD1,NSW1,110,45,1814.0,0.0
2022-05,C2022Q2,T09,C2022Q2T09,14,NSW1-QLD1,QLD1,192,120,11340.0,0.0
2022-05,C2022Q2,T09,C2022Q2T09,14,V-SA,SA1,108,64,3456.67,0.0
2022-05,C2022Q2,T09,C2022Q2T09,14,V-SA,VIC1,177,91,4700.93,0.0
2022-05,C2022Q2,T09,C2022Q2T09,14,VIC1-NSW1,NSW1,308,108,750.39,0.0
2022-05,C2022Q2,T09,C2022Q2T09,14,VIC1-NSW1,VIC1,175,138,11258.58,0.0
2022-05,C2022Q3,T08,C2022Q3T08,14,NSW1-QLD1,NSW1,80,45,1626.04,0.0
2022-05,C2022Q3,T08,C2022Q3T08,14,NSW1-QLD1,QLD1,195,101,13635.0,0.0
2022-05,C2022Q3,T08,C2022Q3T08,14,V-SA,SA1,130,64,4404.0,0.0
2022-05,C2022Q3,T08,C2022Q3T08,14,V-SA,VIC1,147,83,4774.0,0.0
2022-05,C2022Q3,T08,C2022Q3T08,14,VIC1-NSW1,NSW1,271,108,675.39,0.0
2022-05,C2022Q2,T12,C2022Q2T12,17,NSW1-QLD1,NSW1,127,100,4537.55,0.0
2022-05,C2022Q2,T12,C2022Q2T12,17,NSW1-QLD1,QLD1,207,100,7637.0,0.0
2022-05,C2022Q2,T12,C2022Q2T12,17,V-SA,SA1,106,66,4487.0,0.0
2022-05,C2022Q2,T12,C2022Q2T12,17,V-SA,VIC1,133,83,13539.0,0.0
2022-05,C2022Q2,T12,C2022Q2T12,17,VIC1-NSW1,NSW1,278,112,910.0,0.0
2022-05,C2022Q2,T12,C2022Q2T12,17,VIC1-NSW1,VIC1,225,125,19978.0,0.0
2022-05,C2022Q3,T11,C2022Q3T11,17,NSW1-QLD1,NSW1,84,60,4061.82,0.0
2022-05,C2022Q3,T11,C2022Q3T11,17,NSW1-QLD1,QLD1,244,100,13330.09,0.0
2022-05,C2022Q3,T11,C2022Q3T11,17,V-SA,SA1,113,64,5500.0,0.0
2022-05,C2022Q3,T11,C2022Q3T11,17,V-SA,VIC1,128,73,10000.0,0.0
2022-05,C2022Q3,T11,C2022Q3T11,17,VIC1-NSW1,NSW1,265,108,1198.0,0.0
2022-05,C2022Q3,T11,C2022Q3T11,17,VIC1-NSW1,VIC1,250,135,19272.0,0.0
2022-05,C2022Q4,T10,C2022Q4T10,17,NSW1-QLD1,NSW1,64,45,9300.0,0.0
2022-05,C2022Q4,T10,C2022Q4T10,17,NSW1-QLD1,QLD1,275,100,10925.0,0.0
2022-05,C2022Q4,T10,C2022Q4T10,17,V-SA,SA1,100,64,6046.0,0.0
2022-05,C2022Q4,T10,C2022Q4T10,17,V-SA,VIC1,158,73,10170.83,0.0
2022-05,C2022Q4,T10,C2022Q4T10,17,VIC1-NSW1,NSW1,174,112,1380.0,0.0
2022-05,C2022Q4,T10,C2022Q4T10,17,VIC1-NSW1,VIC1,268,135,24731.84,0.0
2022-05,C2023Q1,T09,C2023Q1T09,17,NSW1-QLD1,NSW1,64,48,15202.0,0.0
2022-05,C2023Q1,T09,C2023Q1T09,17,NSW1-QLD1,QLD1,281,104,17189.17,0.0
2022-05,C2023Q1,T09,C2023Q1T09,17,V-SA,SA1,94,70,6850.0,0.0
2022-05,C2023Q1,T09,C2023Q1T09,17,V-SA,VIC1,99,73,16760.83,0.0
2022-05,C2023Q1,T09,C2023Q1T09,17,VIC1-NSW1,NSW1,171,116,4500.0,0.0
2022-05,C2023Q1,T09,C2023Q1T09,17,VIC1-NSW1,VIC1,200,135,25200.26,0.0
2022-05,C2023Q2,T08,C2023Q2T08,17,NSW1-QLD1,NSW1,61,45,4000.0,0.0
2022-05,C2023Q2,T08,C2023Q2T08,17,NSW1-QLD1,QLD1,194,100,24489.09,0.0
2022-05,C2023Q2,T08,C2023Q2T08,17,V-SA,SA1,114,70,4843.0,0.0
2022-05,C2023Q2,T08,C2023Q2T08,17,V-SA,VIC1,108,73,11000.83,0.0
2022-05,C2023Q2,T08,C2023Q2T08,17,VIC1-NSW1,NSW1,301,109,1270.06,0.0
2022-05,C2023Q2,T08,C2023Q2T08,17,VIC1-NSW1,VIC1,205,125,22960.26,0.0
2022-05,C2023Q3,T07,C2023Q3T07,17,NSW1-QLD1,NSW1,70,45,3336.0,0.0
2022-05,C2023Q3,T07,C2023Q3T07,17,NSW1-QLD1,QLD1,150,100,24416.0,0.0
2022-05,C2023Q3,T07,C2023Q3T07,17,V-SA,SA1,109,64,5297.0,0.0
2022-05,C2023Q3,T07,C2023Q3T07,17,V-SA,VIC1,108,73,10920.83,0.0
2022-05,C2023Q3,T07,C2023Q3T07,17,VIC1-NSW1,NSW1,205,108,1250.0,0.0
2022-05,C2023Q3,T07,C2023Q3T07,17,VIC1-NSW1,VIC1,220,125,22640.26,0.0
2022-05,C2023Q4,T06,C2023Q4T06,17,NSW1-QLD1,NSW1,58,45,8510.0,0.0
2022-05,C2023Q4,T06,C2023Q4T06,17,NSW1-QLD1,QLD1,164,100,17384.0,0.0
2022-05,C2023Q4,T06,C2023Q4T06,17,V-SA,SA1,109,64,6050.0,0.0
2022-05,C2023Q4,T06,C2023Q4T06,17,V-SA,VIC1,88,73,9520.83,0.0
2022-05,C2023Q4,T06,C2023Q4T06,17,VIC1-NSW1,NSW1,143,114,1404.7,0.0
2022-05,C2023Q4,T06,C2023Q4T06,17,VIC1-NSW1,VIC1,217,125,24066.9,0.0
2022-05,C2024Q1,T05,C2024Q1T05,17,NSW1-QLD1,NSW1,48,45,9907.0,0.0
2022-05,C2024Q1,T05,C2024Q1T05,17,NSW1-QLD1,QLD1,130,100,22822.8,0.0
2022-05,C2024Q1,T05,C2024Q1T05,17,V-SA,SA1,64,64,7341.0,0.0
2022-05,C2024Q1,T05,C2024Q1T05,17,V-SA,VIC1,90,73,16500.0,0.0
2022-05,C2024Q1,T05,C2024Q1T05,17,VIC1-NSW1,NSW1,117,108,4368.0,0.0
2022-05,C2024Q1,T05,C2024Q1T05,17,VIC1-NSW1,VIC1,167,125,23800.26,0.0
2022-05,C2024Q2,T04,C2024Q2T04,17,NSW1-QLD1,NSW1,48,45,3307.0,0.0
2022-05,C2024Q2,T04,C2024Q2T04,17,NSW1-QLD1,QLD1,120,100,24438.96,0.0
2022-05,C2024Q2,T04,C2024Q2T04,17,V-SA,SA1,89,64,4732.0,0.0
2022-05,C2024Q2,T04,C2024Q2T04,17,V-SA,VIC1,73,73,9093.0,0.0
2022-05,C2024Q2,T04,C2024Q2T04,17,VIC1-NSW1,NSW1,164,108,1028.0,0.0
2022-05,C2024Q2,T04,C2024Q2T04,17,VIC1-NSW1,VIC1,152,125,16800.25,0.0
2022-05,C2024Q3,T03,C2024Q3T03,17,NSW1-QLD1,NSW1,48,45,3040.0,0.0
2022-05,C2024Q3,T03,C2024Q3T03,17,NSW1-QLD1,QLD1,108,100,21520.64,0.0
2022-05,C2024Q3,T03,C2024Q3T03,17,V-SA,SA1,67,64,4995.37,0.0
2022-05,C2024Q3,T03,C2024Q3T03,17,V-SA,VIC1,74,73,8996.83,0.0
2022-05,C2024Q3,T03,C2024Q3T03,17,VIC1-NSW1,NSW1,108,108,1000.0,0.0
2022-05,C2024Q3,T03,C2024Q3T03,17,VIC1-NSW1,VIC1,135,125,16502.2,0.0
2022-05,C2024Q4,T02,C2024Q4T02,17,NSW1-QLD1,NSW1,48,45,8504.0,0.0
2022-05,C2024Q4,T02,C2024Q4T02,17,NSW1-QLD1,QLD1,100,100,16000.0,0.0
2022-05,C2024Q4,T02,C2024Q4T02,17,V-SA,SA1,64,64,5521.0,0.0
2022-05,C2024Q4,T02,C2024Q4T02,17,V-SA,VIC1,73,73,10284.0,0.0
2022-05,C2024Q4,T02,C2024Q4T02,17,VIC1-NSW1,NSW1,108,108,1457.0,0.0
2022-05,C2024Q4,T02,C2024Q4T02,17,VIC1-NSW1,VIC1,150,125,20800.25,0.0
2022-05,C2025Q1,T01,C2025Q1T01,17,NSW1-QLD1,NSW1,45,45,9506.0,0.0
2022-05,C2025Q1,T01,C2025Q1T01,17,NSW1-QLD1,QLD1,100,100,23392.8,0.0
2022-05,C2025Q1,T01,C2025Q1T01,17,V-SA,SA1,64,64,7210.0,0.0
2022-05,C2025Q1,T01,C2025Q1T01,17,V-SA,VIC1,73,73,16000.0,0.0
2022-05,C2025Q1,T01,C2025Q1T01,17,VIC1-NSW1,NSW1,108,108,4320.0,0.0
2022-05,C2025Q1,T01,C2025Q1T01,17,VIC1-NSW1,VIC1,125,125,20971.0,0.0
2022-05,C2022Q3,T08,C2022Q3T08,14,VIC1-NSW1,VIC1,219,125,11253.52,0.0
2022-05,C2022Q4,T07,C2022Q4T07,14,NSW1-QLD1,NSW1,55,45,2818.17,0.0
2022-05,C2022Q4,T07,C2022Q4T07,14,NSW1-QLD1,QLD1,236,101,11340.54,0.0
2022-05,C2022Q4,T07,C2022Q4T07,14,V-SA,SA1,105,64,4558.0,0.0
2022-05,C2022Q4,T07,C2022Q4T07,14,V-SA,VIC1,145,78,5961.6,0.0
2022-05,C2022Q4,T07,C2022Q4T07,14,VIC1-NSW1,NSW1,181,108,750.39,0.0
2022-05,C2022Q4,T07,C2022Q4T07,14,VIC1-NSW1,VIC1,217,125,13870.0,0.0
2022-05,C2023Q1,T06,C2023Q1T06,14,NSW1-QLD1,NSW1,55,45,5111.08,0.0
2022-05,C2023Q1,T06,C2023Q1T06,14,NSW1-QLD1,QLD1,248,100,16688.0,0.0
2022-05,C2023Q1,T06,C2023Q1T06,14,V-SA,SA1,87,64,5404.0,0.0
2022-05,C2023Q1,T06,C2023Q1T06,14,V-SA,VIC1,87,73,8400.96,0.0
2022-05,C2023Q1,T06,C2023Q1T06,14,VIC1-NSW1,NSW1,113,108,4752.0,0.0
2022-05,C2023Q1,T06,C2023Q1T06,14,VIC1-NSW1,VIC1,160,125,15641.97,0.0
2022-05,C2023Q2,T05,C2023Q2T05,14,NSW1-QLD1,NSW1,52,45,1205.0,0.0
2022-05,C2023Q2,T05,C2023Q2T05,14,NSW1-QLD1,QLD1,165,100,14906.89,0.0
2022-05,C2023Q2,T05,C2023Q2T05,14,V-SA,SA1,118,64,3225.85,0.0
2022-05,C2023Q2,T05,C2023Q2T05,14,V-SA,VIC1,117,79,3675.94,0.0
2022-05,C2023Q2,T05,C2023Q2T05,14,VIC1-NSW1,NSW1,281,108,652.0,0.0
2022-05,C2023Q2,T05,C2023Q2T05,14,VIC1-NSW1,VIC1,201,125,11878.0,0.0
2022-05,C2023Q3,T04,C2023Q3T04,14,NSW1-QLD1,NSW1,52,45,1226.0,0.0
2022-05,C2023Q3,T04,C2023Q3T04,14,NSW1-QLD1,QLD1,136,111,15300.29,0.0
2022-05,C2023Q3,T04,C2023Q3T04,14,V-SA,SA1,104,64,4014.0,0.0
2022-05,C2023Q3,T04,C2023Q3T04,14,V-SA,VIC1,83,73,4050.0,0.0
2022-05,C2023Q3,T04,C2023Q3T04,14,VIC1-NSW1,NSW1,188,108,675.39,0.0
2022-05,C2023Q3,T04,C2023Q3T04,14,VIC1-NSW1,VIC1,205,125,11712.8,0.0
2022-05,C2023Q4,T03,C2023Q4T03,14,NSW1-QLD1,NSW1,45,45,2476.65,0.0
2022-05,C2023Q4,T03,C2023Q4T03,14,NSW1-QLD1,QLD1,120,100,14572.8,0.0
2022-05,C2023Q4,T03,C2023Q4T03,14,V-SA,SA1,84,64,4247.0,0.0
2022-05,C2023Q4,T03,C2023Q4T03,14,V-SA,VIC1,76,73,4200.97,0.0
2022-05,C2023Q4,T03,C2023Q4T03,14,VIC1-NSW1,NSW1,128,108,744.75,0.0
2022-05,C2023Q4,T03,C2023Q4T03,14,VIC1-NSW1,VIC1,166,125,12750.0,0.0
2022-05,C2024Q1,T02,C2024Q1T02,14,NSW1-QLD1,NSW1,45,45,4962.58,0.0
2022-05,C2024Q1,T02,C2024Q1T02,14,NSW1-QLD1,QLD1,113,100,18007.0,0.0
2022-05,C2024Q1,T02,C2024Q1T02,14,V-SA,SA1,64,64,4504.0,0.0
2022-05,C2024Q1,T02,C2024Q1T02,14,V-SA,VIC1,73,73,7213.0,0.0
2022-05,C2024Q1,T02,C2024Q1T02,14,VIC1-NSW1,NSW1,108,108,4200.39,0.0
2022-05,C2024Q1,T02,C2024Q1T02,14,VIC1-NSW1,VIC1,133,125,15642.0,0.0
2022-05,C2024Q2,T01,C2024Q2T01,14,NSW1-QLD1,NSW1,45,45,1455.0,0.0
2022-05,C2024Q2,T01,C2024Q2T01,14,NSW1-QLD1,QLD1,100,100,15267.0,0.0
2022-05,C2024Q2,T01,C2024Q2T01,14,V-SA,SA1,64,64,3300.85,0.0
2022-05,C2024Q2,T01,C2024Q2T01,14,V-SA,VIC1,73,73,4086.47,0.0
2022-05,C2024Q2,T01,C2024Q2T01,14,VIC1-NSW1,NSW1,108,108,600.0,0.0
2022-05,C2024Q2,T01,C2024Q2T01,14,VIC1-NSW1,VIC1,125,125,11445.72,0.0
2022-05,C2021Q4,T12,C2021Q4T12,13,NSW1-QLD1,NSW1,87,55,5000.0,0.0
2022-05,C2021Q4,T12,C2021Q4T12,13,NSW1-QLD1,QLD1,275,100,8675.0,0.0
2022-05,C2021Q4,T12,C2021Q4T12,13,V-SA,SA1,90,66,5204.0,0.0
2022-05,C2021Q4,T12,C2021Q4T12,13,V-SA,VIC1,120,77,7001.0,0.0
2022-05,C2021Q4,T12,C2021Q4T12,13,VIC1-NSW1,NSW1,192,112,1004.0,0.0
2022-05,C2021Q4,T12,C2021Q4T12,13,VIC1-NSW1,VIC1,281,125,15500.0,0.0
2022-05,C2022Q1,T11,C2022Q1T11,13,NSW1-QLD1,NSW1,48,45,6584.0,0.0
2022-05,C2022Q1,T11,C2022Q1T11,13,NSW1-QLD1,QLD1,224,103,14560.59,0.0
2022-05,C2022Q1,T11,C2022Q1T11,13,V-SA,SA1,97,65,6277.7,0.0
2022-05,C2022Q1,T11,C2022Q1T11,13,V-SA,VIC1,96,74,10296.0,0.0
2022-05,C2022Q1,T11,C2022Q1T11,13,VIC1-NSW1,NSW1,226,128,4860.0,0.0
2022-05,C2022Q1,T11,C2022Q1T11,13,VIC1-NSW1,VIC1,267,144,17380.87,0.0
2022-05,C2022Q2,T10,C2022Q2T10,13,NSW1-QLD1,NSW1,45,45,2750.0,0.0
2022-05,C2022Q2,T10,C2022Q2T10,13,NSW1-QLD1,QLD1,187,100,13750.0,0.0
2022-05,C2022Q2,T10,C2022Q2T10,13,V-SA,SA1,90,64,3841.0,0.0
2022-05,C2022Q2,T10,C2022Q2T10,13,V-SA,VIC1,167,82,5171.02,0.0
2022-05,C2022Q2,T10,C2022Q2T10,13,VIC1-NSW1,NSW1,306,108,1204.0,0.0
2022-05,C2022Q2,T10,C2022Q2T10,13,VIC1-NSW1,VIC1,161,125,13750.0,0.0
2022-05,C2022Q3,T09,C2022Q3T09,13,NSW1-QLD1,NSW1,45,45,2439.06,0.0
2022-05,C2022Q3,T09,C2022Q3T09,13,NSW1-QLD1,QLD1,192,100,15250.0,0.0
2022-05,C2022Q3,T09,C2022Q3T09,13,V-SA,SA1,112,64,4763.0,0.0
2022-05,C2022Q3,T09,C2022Q3T09,13,V-SA,VIC1,125,73,6000.0,0.0
2022-05,C2022Q3,T09,C2022Q3T09,13,VIC1-NSW1,NSW1,272,108,1204.0,0.0
2022-05,C2022Q3,T09,C2022Q3T09,13,VIC1-NSW1,VIC1,201,125,13616.76,0.0
2022-05,C2022Q4,T08,C2022Q4T08,13,NSW1-QLD1,NSW1,45,45,4007.9,0.0
2022-05,C2022Q4,T08,C2022Q4T08,13,NSW1-QLD1,QLD1,201,100,12474.59,0.0
2022-05,C2022Q4,T08,C2022Q4T08,13,V-SA,SA1,85,64,5036.0,0.0
2022-05,C2022Q4,T08,C2022Q4T08,13,V-SA,VIC1,147,73,6731.0,0.0
2022-05,C2022Q4,T08,C2022Q4T08,13,VIC1-NSW1,NSW1,174,108,1078.0,0.0
2022-05,C2022Q4,T08,C2022Q4T08,13,VIC1-NSW1,VIC1,258,125,16782.7,0.0
2022-05,C2023Q1,T07,C2023Q1T07,13,NSW1-QLD1,NSW1,45,45,6133.29,0.0
2022-05,C2023Q1,T07,C2023Q1T07,13,NSW1-QLD1,QLD1,242,110,18000.0,0.0
2022-05,C2023Q1,T07,C2023Q1T07,13,V-SA,SA1,81,64,6000.0,0.0
2022-05,C2023Q1,T07,C2023Q1T07,13,V-SA,VIC1,98,74,10165.16,0.0
2022-05,C2023Q1,T07,C2023Q1T07,13,VIC1-NSW1,NSW1,118,108,4989.6,0.0
2022-05,C2023Q1,T07,C2023Q1T07,13,VIC1-NSW1,VIC1,202,130,19250.87,0.0
2022-05,C2023Q2,T06,C2023Q2T06,13,NSW1-QLD1,NSW1,47,45,2000.0,0.0
2022-05,C2023Q2,T06,C2023Q2T06,13,NSW1-QLD1,QLD1,157,100,17909.89,0.0
2022-05,C2023Q2,T06,C2023Q2T06,13,V-SA,SA1,133,64,3548.44,0.0
2022-05,C2023Q2,T06,C2023Q2T06,13,V-SA,VIC1,106,73,5460.0,0.0
2022-05,C2023Q2,T06,C2023Q2T06,13,VIC1-NSW1,NSW1,301,108,1004.0,0.0
2022-05,C2023Q2,T06,C2023Q2T06,13,VIC1-NSW1,VIC1,192,125,15441.4,0.0
2022-05,C2023Q3,T05,C2023Q3T05,13,NSW1-QLD1,NSW1,51,45,2000.0,0.0
2022-05,C2023Q3,T05,C2023Q3T05,13,NSW1-QLD1,QLD1,126,100,19125.36,0.0
2022-05,C2023Q3,T05,C2023Q3T05,13,V-SA,SA1,114,64,4080.9,0.0
2022-05,C2023Q3,T05,C2023Q3T05,13,V-SA,VIC1,96,73,5931.0,0.0
2022-05,C2023Q3,T05,C2023Q3T05,13,VIC1-NSW1,NSW1,154,108,1104.0,0.0
2022-05,C2023Q3,T05,C2023Q3T05,13,VIC1-NSW1,VIC1,191,125,15226.64,0.0
2022-05,C2023Q4,T04,C2023Q4T04,13,NSW1-QLD1,NSW1,45,45,3343.47,0.0
2022-05,C2023Q4,T04,C2023Q4T04,13,NSW1-QLD1,QLD1,120,100,16440.0,0.0
2022-05,C2023Q4,T04,C2023Q4T04,13,V-SA,SA1,90,64,4452.0,0.0
2022-05,C2023Q4,T04,C2023Q4T04,13,V-SA,VIC1,87,73,7728.0,0.0
2022-05,C2023Q4,T04,C2023Q4T04,13,VIC1-NSW1,NSW1,138,108,1170.0,0.0
2022-05,C2023Q4,T04,C2023Q4T04,13,VIC1-NSW1,VIC1,186,125,16575.0,0.0
2022-05,C2024Q1,T03,C2024Q1T03,13,NSW1-QLD1,NSW1,45,45,5458.84,0.0
2022-05,C2024Q1,T03,C2024Q1T03,13,NSW1-QLD1,QLD1,113,100,19807.7,0.0
2022-05,C2024Q1,T03,C2024Q1T03,13,V-SA,SA1,68,64,4754.0,0.0
2022-05,C2024Q1,T03,C2024Q1T03,13,V-SA,VIC1,85,73,9761.0,0.0
2022-05,C2024Q1,T03,C2024Q1T03,13,VIC1-NSW1,NSW1,114,108,4620.43,0.0
2022-05,C2024Q1,T03,C2024Q1T03,13,VIC1-NSW1,VIC1,133,133,20334.59,0.0
2022-05,C2024Q2,T02,C2024Q2T02,13,NSW1-QLD1,NSW1,45,45,2000.0,0.0
2022-05,C2024Q2,T02,C2024Q2T02,13,NSW1-QLD1,QLD1,100,100,20407.93,0.0
2022-05,C2024Q2,T02,C2024Q2T02,13,V-SA,SA1,82,64,3186.17,0.0
2022-05,C2024Q2,T02,C2024Q2T02,13,V-SA,VIC1,73,73,5460.0,0.0
2022-05,C2024Q2,T02,C2024Q2T02,13,VIC1-NSW1,NSW1,164,108,1004.0,0.0
2022-05,C2024Q2,T02,C2024Q2T02,13,VIC1-NSW1,VIC1,126,125,14879.43,0.0
2022-05,C2024Q3,T01,C2024Q3T01,13,NSW1-QLD1,NSW1,45,45,2000.0,0.0
2022-05,C2024Q3,T01,C2024Q3T01,13,NSW1-QLD1,QLD1,100,100,19125.36,0.0
2022-05,C2024Q3,T01,C2024Q3T01,13,V-SA,SA1,64,64,3746.4,0.0
2022-05,C2024Q3,T01,C2024Q3T01,13,V-SA,VIC1,73,73,6000.0,0.0
2022-05,C2024Q3,T01,C2024Q3T01,13,VIC1-NSW1,NSW1,108,108,1046.85,0.0
2022-05,C2024Q3,T01,C2024Q3T01,13,VIC1-NSW1,VIC1,125,125,15226.64,0.0
2022-05,C2022Q1,T12,C2022Q1T12,12,NSW1-QLD1,NSW1,94,60,12123.0,0.0
2022-05,C2022Q1,T12,C2022Q1T12,12,NSW1-QLD1,QLD1,329,106,10987.65,0.0
2022-05,C2022Q1,T12,C2022Q1T12,12,V-SA,SA1,111,84,6593.0,0.0
2022-05,C2022Q1,T12,C2022Q1T12,12,V-SA,VIC1,112,77,12500.0,0.0
2022-05,C2022Q1,T12,C2022Q1T12,12,VIC1-NSW1,NSW1,186,137,4320.0,0.0
2022-05,C2022Q1,T12,C2022Q1T12,12,VIC1-NSW1,VIC1,349,125,19422.49,0.0
2022-05,C2022Q2,T11,C2022Q2T11,12,NSW1-QLD1,NSW1,83,55,3906.0,0.0
2022-05,C2022Q2,T11,C2022Q2T11,12,NSW1-QLD1,QLD1,251,100,9350.0,0.0
2022-05,C2022Q2,T11,C2022Q2T11,12,V-SA,SA1,114,66,5192.0,0.0
2022-05,C2022Q2,T11,C2022Q2T11,12,V-SA,VIC1,133,73,7050.0,0.0
2022-05,C2022Q2,T11,C2022Q2T11,12,VIC1-NSW1,NSW1,317,151,1240.0,0.0
2022-05,C2022Q2,T11,C2022Q2T11,12,VIC1-NSW1,VIC1,223,145,15000.0,0.0
2022-05,C2022Q3,T10,C2022Q3T10,12,NSW1-QLD1,NSW1,83,55,2993.94,0.0
2022-05,C2022Q3,T10,C2022Q3T10,12,NSW1-QLD1,QLD1,278,114,12750.0,0.0
2022-05,C2022Q3,T10,C2022Q3T10,12,V-SA,SA1,136,79,5655.55,0.0
2022-05,C2022Q3,T10,C2022Q3T10,12,V-SA,VIC1,133,73,7533.33,0.0
2022-05,C2022Q3,T10,C2022Q3T10,12,VIC1-NSW1,NSW1,265,126,1385.2,0.0
2022-05,C2022Q3,T10,C2022Q3T10,12,VIC1-NSW1,VIC1,263,131,13000.0,0.0
2022-05,C2022Q4,T09,C2022Q4T09,12,NSW1-QLD1,NSW1,73,45,6000.0,0.0
2022-05,C2022Q4,T09,C2022Q4T09,12,NSW1-QLD1,QLD1,285,100,9445.0,0.0
2022-05,C2022Q4,T09,C2022Q4T09,12,V-SA,SA1,108,64,6132.43,0.0
2022-05,C2022Q4,T09,C2022Q4T09,12,V-SA,VIC1,153,73,7940.85,0.0
2022-05,C2022Q4,T09,C2022Q4T09,12,VIC1-NSW1,NSW1,174,108,1200.0,0.0
2022-05,C2022Q4,T09,C2022Q4T09,12,VIC1-NSW1,VIC1,261,128,19024.49,0.0
2022-05,C2023Q1,T08,C2023Q1T08,12,NSW1-QLD1,NSW1,73,45,7800.94,0.0
2022-05,C2023Q1,T08,C2023Q1T08,12,NSW1-QLD1,QLD1,271,105,15164.59,0.0
2022-05,C2023Q1,T08,C2023Q1T08,12,V-SA,SA1,87,77,6603.0,0.0
2022-05,C2023Q1,T08,C2023Q1T08,12,V-SA,VIC1,104,73,13365.0,0.0
2022-05,C2023Q1,T08,C2023Q1T08,12,VIC1-NSW1,NSW1,153,110,4551.0,0.0
2022-05,C2023Q1,T08,C2023Q1T08,12,VIC1-NSW1,VIC1,165,125,21175.95,0.0
2022-05,C2023Q2,T07,C2023Q2T07,12,NSW1-QLD1,NSW1,71,45,2410.0,0.0
2022-05,C2023Q2,T07,C2023Q2T07,12,NSW1-QLD1,QLD1,220,100,17015.0,0.0
2022-05,C2023Q2,T07,C2023Q2T07,12,V-SA,SA1,129,86,4403.0,0.0
2022-05,C2023Q2,T07,C2023Q2T07,12,V-SA,VIC1,113,73,6606.6,0.0
2022-05,C2023Q2,T07,C2023Q2T07,12,VIC1-NSW1,NSW1,188,108,1104.4,0.0
2022-05,C2023Q2,T07,C2023Q2T07,12,VIC1-NSW1,VIC1,223,125,15820.49,0.0
2022-05,C2023Q3,T06,C2023Q3T06,12,NSW1-QLD1,NSW1,75,45,2400.0,0.0
2022-05,C2023Q3,T06,C2023Q3T06,12,NSW1-QLD1,QLD1,170,100,18260.0,0.0
2022-05,C2023Q3,T06,C2023Q3T06,12,V-SA,SA1,118,72,5000.0,0.0
2022-05,C2023Q3,T06,C2023Q3T06,12,V-SA,VIC1,103,73,7500.0,0.0
2022-05,C2023Q3,T06,C2023Q3T06,12,VIC1-NSW1,NSW1,175,108,1106.0,0.0
2022-05,C2023Q3,T06,C2023Q3T06,12,VIC1-NSW1,VIC1,203,125,15590.49,0.0
2022-05,C2023Q4,T05,C2023Q4T05,12,NSW1-QLD1,NSW1,65,45,5349.55,0.0
2022-05,C2023Q4,T05,C2023Q4T05,12,NSW1-QLD1,QLD1,194,100,12500.0,0.0
2022-05,C2023Q4,T05,C2023Q4T05,12,V-SA,SA1,111,64,5500.0,0.0
2022-05,C2023Q4,T05,C2023Q4T05,12,V-SA,VIC1,88,73,8500.79,0.0
2022-05,C2023Q4,T05,C2023Q4T05,12,VIC1-NSW1,NSW1,158,108,1277.0,0.0
2022-05,C2023Q4,T05,C2023Q4T05,12,VIC1-NSW1,VIC1,195,125,18232.5,0.0
2022-05,C2024Q1,T04,C2024Q1T04,12,NSW1-QLD1,NSW1,45,45,7162.96,0.0
2022-05,C2024Q1,T04,C2024Q1T04,12,NSW1-QLD1,QLD1,134,101,20748.0,0.0
2022-05,C2024Q1,T04,C2024Q1T04,12,V-SA,SA1,64,64,6893.3,0.0
2022-05,C2024Q1,T04,C2024Q1T04,12,V-SA,VIC1,90,73,15000.0,0.0
2022-05,C2024Q1,T04,C2024Q1T04,12,VIC1-NSW1,NSW1,124,115,4370.2,0.0
2022-05,C2024Q1,T04,C2024Q1T04,12,VIC1-NSW1,VIC1,145,125,22368.05,0.0
2022-05,C2024Q2,T03,C2024Q2T03,12,NSW1-QLD1,NSW1,45,45,2579.0,0.0
2022-05,C2024Q2,T03,C2024Q2T03,12,NSW1-QLD1,QLD1,100,100,20748.0,0.0
2022-05,C2024Q2,T03,C2024Q2T03,12,V-SA,SA1,79,70,4462.18,0.0
2022-05,C2024Q2,T03,C2024Q2T03,12,V-SA,VIC1,73,73,7500.0,0.0
2022-05,C2024Q2,T03,C2024Q2T03,12,VIC1-NSW1,NSW1,138,108,1048.0,0.0
2022-05,C2024Q2,T03,C2024Q2T03,12,VIC1-NSW1,VIC1,125,125,14742.0,0.0
2022-05,C2024Q3,T02,C2024Q3T02,12,NSW1-QLD1,NSW1,45,45,2400.0,0.0
2022-05,C2024Q3,T02,C2024Q3T02,12,NSW1-QLD1,QLD1,100,100,19126.0,0.0
2022-05,C2024Q3,T02,C2024Q3T02,12,V-SA,SA1,78,75,5352.18,0.0
2022-05,C2024Q3,T02,C2024Q3T02,12,V-SA,VIC1,73,73,7500.0,0.0
2022-05,C2024Q3,T02,C2024Q3T02,12,VIC1-NSW1,NSW1,108,108,1058.0,0.0
2022-05,C2024Q3,T02,C2024Q3T02,12,VIC1-NSW1,VIC1,125,125,15002.0,0.0
2022-05,C2024Q4,T01,C2024Q4T01,12,NSW1-QLD1,NSW1,45,45,5006.08,0.0
2022-05,C2024Q4,T01,C2024Q4T01,12,NSW1-QLD1,QLD1,100,100,12909.44,0.0
2022-05,C2024Q4,T01,C2024Q4T01,12,V-SA,SA1,64,64,5561.0,0.0
2022-05,C2024Q4,T01,C2024Q4T01,12,V-SA,VIC1,73,73,8675.28,0.0
2022-05,C2024Q4,T01,C2024Q4T01,12,VIC1-NSW1,NSW1,108,108,1287.0,0.0
2022-05,C2024Q4,T01,C2024Q4T01,12,VIC1-NSW1,VIC1,125,125,17050.0,0.0
2022-05,C2022Q2,T12,C2022Q2T12,12,NSW1-QLD1,NSW1,127,100,4537.55,0.0
2022-05,C2022Q2,T12,C2022Q2T12,12,NSW1-QLD1,QLD1,207,100,7637.0,0.0
2022-05,C2022Q2,T12,C2022Q2T12,12,V-SA,SA1,106,66,4487.0,0.0
2022-05,C2022Q2,T12,C2022Q2T12,12,V-SA,VIC1,133,83,13539.0,0.0
2022-05,C2022Q2,T12,C2022Q2T12,12,VIC1-NSW1,NSW1,278,112,910.0,0.0
2022-05,C2022Q2,T12,C2022Q2T12,12,VIC1-NSW1,VIC1,225,125,19978.0,0.0
2022-05,C2022Q3,T11,C2022Q3T11,12,NSW1-QLD1,NSW1,84,60,4061.82,0.0
2022-05,C2022Q3,T11,C2022Q3T11,12,NSW1-QLD1,QLD1,244,100,13330.09,0.0
2022-05,C2022Q3,T11,C2022Q3T11,12,V-SA,SA1,113,64,5500.0,0.0
2022-05,C2022Q3,T11,C2022Q3T11,12,V-SA,VIC1,128,73,10000.0,0.0
2022-05,C2022Q3,T11,C2022Q3T11,12,VIC1-NSW1,NSW1,265,108,1198.0,0.0
2022-05,C2022Q3,T11,C2022Q3T11,12,VIC1-NSW1,VIC1,250,135,19272.0,0.0
2022-05,C2022Q4,T10,C2022Q4T10,12,NSW1-QLD1,NSW1,64,45,9300.0,0.0
2022-05,C2022Q4,T10,C2022Q4T10,12,NSW1-QLD1,QLD1,275,100,10925.0,0.0
2022-05,C2022Q4,T10,C2022Q4T10,12,V-SA,SA1,100,64,6046.0,0.0
2022-05,C2022Q4,T10,C2022Q4T10,12,V-SA,VIC1,158,73,10170.83,0.0
2022-05,C2022Q4,T10,C2022Q4T10,12,VIC1-NSW1,NSW1,174,112,1380.0,0.0
2022-05,C2022Q4,T10,C2022Q4T10,12,VIC1-NSW1,VIC1,268,135,24731.84,0.0
2022-05,C2023Q1,T09,C2023Q1T09,12,NSW1-QLD1,NSW1,64,48,15202.0,0.0
2022-05,C2023Q1,T09,C2023Q1T09,12,NSW1-QLD1,QLD1,281,104,17189.17,0.0
2022-05,C2023Q1,T09,C2023Q1T09,12,V-SA,SA1,94,70,6850.0,0.0
2022-05,C2023Q1,T09,C2023Q1T09,12,V-SA,VIC1,99,73,16760.83,0.0
2022-05,C2023Q1,T09,C2023Q1T09,12,VIC1-NSW1,NSW1,171,116,4500.0,0.0
2022-05,C2023Q1,T09,C2023Q1T09,12,VIC1-NSW1,VIC1,200,135,25200.26,0.0
2022-05,C2023Q2,T08,C2023Q2T08,12,NSW1-QLD1,NSW1,61,45,4000.0,0.0
2022-05,C2023Q2,T08,C2023Q2T08,12,NSW1-QLD1,QLD1,194,100,24489.09,0.0
2022-05,C2023Q2,T08,C2023Q2T08,12,V-SA,SA1,114,70,4843.0,0.0
2022-05,C2023Q2,T08,C2023Q2T08,12,V-SA,VIC1,108,73,11000.83,0.0
2022-05,C2023Q2,T08,C2023Q2T08,12,VIC1-NSW1,NSW1,301,109,1270.06,0.0
2022-05,C2023Q2,T08,C2023Q2T08,12,VIC1-NSW1,VIC1,205,125,22960.26,0.0
2022-05,C2023Q3,T07,C2023Q3T07,12,NSW1-QLD1,NSW1,70,45,3336.0,0.0
2022-05,C2023Q3,T07,C2023Q3T07,12,NSW1-QLD1,QLD1,150,100,24416.0,0.0
2022-05,C2023Q3,T07,C2023Q3T07,12,V-SA,SA1,109,64,5297.0,0.0
2022-05,C2023Q3,T07,C2023Q3T07,12,V-SA,VIC1,108,73,10920.83,0.0
2022-05,C2023Q3,T07,C2023Q3T07,12,VIC1-NSW1,NSW1,205,108,1250.0,0.0
2022-05,C2023Q3,T07,C2023Q3T07,12,VIC1-NSW1,VIC1,220,125,22640.26,0.0
2022-05,C2023Q4,T06,C2023Q4T06,12,NSW1-QLD1,NSW1,58,45,8510.0,0.0
2022-05,C2023Q4,T06,C2023Q4T06,12,NSW1-QLD1,QLD1,164,100,17384.0,0.0
2022-05,C2023Q4,T06,C2023Q4T06,12,V-SA,SA1,109,64,6050.0,0.0
2022-05,C2023Q4,T06,C2023Q4T06,12,V-SA,VIC1,88,73,9520.83,0.0
2022-05,C2023Q4,T06,C2023Q4T06,12,VIC1-NSW1,NSW1,143,114,1404.7,0.0
2022-05,C2023Q4,T06,C2023Q4T06,12,VIC1-NSW1,VIC1,217,125,24066.9,0.0
2022-05,C2024Q1,T05,C2024Q1T05,12,NSW1-QLD1,NSW1,48,45,9907.0,0.0
2022-05,C2024Q1,T05,C2024Q1T05,12,NSW1-QLD1,QLD1,130,100,22822.8,0.0
2022-05,C2024Q1,T05,C2024Q1T05,12,V-SA,SA1,64,64,7341.0,0.0
2022-05,C2024Q1,T05,C2024Q1T05,12,V-SA,VIC1,90,73,16500.0,0.0
2022-05,C2024Q1,T05,C2024Q1T05,12,VIC1-NSW1,NSW1,117,108,4368.0,0.0
2022-05,C2024Q1,T05,C2024Q1T05,12,VIC1-NSW1,VIC1,167,125,23800.26,0.0
2022-05,C2024Q2,T04,C2024Q2T04,12,NSW1-QLD1,NSW1,48,45,3307.0,0.0
2022-05,C2024Q2,T04,C2024Q2T04,12,NSW1-QLD1,QLD1,120,100,24438.96,0.0
2022-05,C2024Q2,T04,C2024Q2T04,12,V-SA,SA1,89,64,4732.0,0.0
2022-05,C2024Q2,T04,C2024Q2T04,12,V-SA,VIC1,73,73,9093.0,0.0
2022-05,C2024Q2,T04,C2024Q2T04,12,VIC1-NSW1,NSW1,164,108,1028.0,0.0
2022-05,C2024Q2,T04,C2024Q2T04,12,VIC1-NSW1,VIC1,152,125,16800.25,0.0
2022-05,C2024Q3,T03,C2024Q3T03,12,NSW1-QLD1,NSW1,48,45,3040.0,0.0
2022-05,C2024Q3,T03,C2024Q3T03,12,NSW1-QLD1,QLD1,108,100,21520.64,0.0
2022-05,C2024Q3,T03,C2024Q3T03,12,V-SA,SA1,67,64,4995.37,0.0
2022-05,C2024Q3,T03,C2024Q3T03,12,V-SA,VIC1,74,73,8996.83,0.0
2022-05,C2024Q3,T03,C2024Q3T03,12,VIC1-NSW1,NSW1,108,108,1000.0,0.0
2022-05,C2024Q3,T03,C2024Q3T03,12,VIC1-NSW1,VIC1,135,125,16502.2,0.0
2022-05,C2024Q4,T02,C2024Q4T02,12,NSW1-QLD1,NSW1,48,45,8504.0,0.0
2022-05,C2024Q4,T02,C2024Q4T02,12,NSW1-QLD1,QLD1,100,100,16000.0,0.0
2022-05,C2024Q4,T02,C2024Q4T02,12,V-SA,SA1,64,64,5521.0,0.0
2022-05,C2024Q4,T02,C2024Q4T02,12,V-SA,VIC1,73,73,10284.0,0.0
2022-05,C2024Q4,T02,C2024Q4T02,12,VIC1-NSW1,NSW1,108,108,1457.0,0.0
2022-05,C2024Q4,T02,C2024Q4T02,12,VIC1-NSW1,VIC1,150,125,20800.25,0.0
2022-05,C2025Q1,T01,C2025Q1T01,12,NSW1-QLD1,NSW1,45,45,9506.0,0.0
2022-05,C2025Q1,T01,C2025Q1T01,12,NSW1-QLD1,QLD1,100,100,23392.8,0.0
2022-05,C2025Q1,T01,C2025Q1T01,12,V-SA,SA1,64,64,7210.0,0.0
2022-05,C2025Q1,T01,C2025Q1T01,12,V-SA,VIC1,73,73,16000.0,0.0
2022-05,C2025Q1,T01,C2025Q1T01,12,VIC1-NSW1,NSW1,108,108,4320.0,0.0
2022-05,C2025Q1,T01,C2025Q1T01,12,VIC1-NSW1,VIC1,125,125,20971.0,0.0
2022-05,C2021Q2,T12,C2021Q2T12,13,NSW1-QLD1,QLD1,246,110,10087.0,0.0
2022-05,C2021Q2,T12,C2021Q2T12,13,V-SA,SA1,117,70,4654.0,0.0
2022-05,C2021Q2,T12,C2021Q2T12,13,V-SA,VIC1,174,77,2054.0,0.0
2022-05,C2021Q2,T12,C2021Q2T12,13,VIC1-NSW1,NSW1,372,112,480.79,0.0
2022-05,C2021Q2,T12,C2021Q2T12,13,VIC1-NSW1,VIC1,258,125,8004.0,0.0
2022-05,C2021Q3,T11,C2021Q3T11,13,NSW1-QLD1,NSW1,45,45,417.47,0.0
2022-05,C2021Q3,T11,C2021Q3T11,13,NSW1-QLD1,QLD1,245,103,10790.21,0.0
2022-05,C2021Q3,T11,C2021Q3T11,13,V-SA,SA1,112,64,5321.0,0.0
2022-05,C2021Q3,T11,C2021Q3T11,13,V-SA,VIC1,199,73,2455.0,0.0
2022-05,C2021Q3,T11,C2021Q3T11,13,VIC1-NSW1,NSW1,266,108,500.44,0.0
2022-05,C2021Q3,T11,C2021Q3T11,13,VIC1-NSW1,VIC1,275,125,7700.0,0.0
2022-05,C2021Q4,T10,C2021Q4T10,13,NSW1-QLD1,NSW1,85,45,1249.0,0.0
2022-05,C2021Q4,T10,C2021Q4T10,13,NSW1-QLD1,QLD1,255,104,9200.79,0.0
2022-05,C2021Q4,T10,C2021Q4T10,13,V-SA,SA1,111,64,5372.0,0.0
2022-05,C2021Q4,T10,C2021Q4T10,13,V-SA,VIC1,170,73,2780.85,0.0
2022-05,C2021Q4,T10,C2021Q4T10,13,VIC1-NSW1,NSW1,269,114,465.88,0.0
2022-05,C2021Q4,T10,C2021Q4T10,13,VIC1-NSW1,VIC1,248,125,9377.0,0.0
2022-05,C2022Q1,T09,C2022Q1T09,13,NSW1-QLD1,NSW1,69,49,3278.0,0.0
2022-05,C2022Q1,T09,C2022Q1T09,13,NSW1-QLD1,QLD1,185,103,14524.2,0.0
2022-05,C2022Q1,T09,C2022Q1T09,13,V-SA,SA1,124,68,5650.47,0.0
2022-05,C2022Q1,T09,C2022Q1T09,13,V-SA,VIC1,103,73,7019.42,0.0
2022-05,C2022Q1,T09,C2022Q1T09,13,VIC1-NSW1,NSW1,250,117,4356.0,0.0
2022-05,C2022Q1,T09,C2022Q1T09,13,VIC1-NSW1,VIC1,305,125,12347.0,0.0
2022-05,C2022Q2,T08,C2022Q2T08,13,NSW1-QLD1,NSW1,45,45,612.0,0.0
2022-05,C2022Q2,T08,C2022Q2T08,13,NSW1-QLD1,QLD1,200,103,10800.0,0.0
2022-05,C2022Q2,T08,C2022Q2T08,13,V-SA,SA1,111,64,4066.67,0.0
2022-05,C2022Q2,T08,C2022Q2T08,13,V-SA,VIC1,171,73,2502.52,0.0
2022-05,C2022Q2,T08,C2022Q2T08,13,VIC1-NSW1,NSW1,319,115,420.44,0.0
2022-05,C2022Q2,T08,C2022Q2T08,13,VIC1-NSW1,VIC1,188,125,8529.23,0.0
2022-05,C2022Q3,T07,C2022Q3T07,13,NSW1-QLD1,NSW1,45,45,757.75,0.0
2022-05,C2022Q3,T07,C2022Q3T07,13,NSW1-QLD1,QLD1,174,102,13500.0,0.0
2022-05,C2022Q3,T07,C2022Q3T07,13,V-SA,SA1,118,64,5150.72,0.0
2022-05,C2022Q3,T07,C2022Q3T07,13,V-SA,VIC1,150,73,2387.0,0.0
2022-05,C2022Q3,T07,C2022Q3T07,13,VIC1-NSW1,NSW1,267,117,490.44,0.0
2022-05,C2022Q3,T07,C2022Q3T07,13,VIC1-NSW1,VIC1,223,125,9300.43,0.0
2022-05,C2022Q4,T06,C2022Q4T06,13,NSW1-QLD1,NSW1,55,55,1878.78,0.0
2022-05,C2022Q4,T06,C2022Q4T06,13,NSW1-QLD1,QLD1,225,105,10800.52,0.0
2022-05,C2022Q4,T06,C2022Q4T06,13,V-SA,SA1,107,64,5123.85,0.0
2022-05,C2022Q4,T06,C2022Q4T06,13,V-SA,VIC1,146,73,2962.68,0.0
2022-05,C2022Q4,T06,C2022Q4T06,13,VIC1-NSW1,NSW1,217,117,560.44,0.0
2022-05,C2022Q4,T06,C2022Q4T06,13,VIC1-NSW1,VIC1,208,125,10374.0,0.0
2022-05,C2023Q1,T05,C2023Q1T05,13,NSW1-QLD1,NSW1,55,45,3771.0,0.0
2022-05,C2023Q1,T05,C2023Q1T05,13,NSW1-QLD1,QLD1,130,103,13200.2,0.0
2022-05,C2023Q1,T05,C2023Q1T05,13,V-SA,SA1,92,73,5923.47,0.0
2022-05,C2023Q1,T05,C2023Q1T05,13,V-SA,VIC1,96,73,7628.0,0.0
2022-05,C2023Q1,T05,C2023Q1T05,13,VIC1-NSW1,NSW1,177,117,4320.0,0.0
2022-05,C2023Q1,T05,C2023Q1T05,13,VIC1-NSW1,VIC1,155,125,12513.58,0.0
2022-05,C2023Q2,T04,C2023Q2T04,13,NSW1-QLD1,NSW1,45,45,520.0,0.0
2022-05,C2023Q2,T04,C2023Q2T04,13,NSW1-QLD1,QLD1,140,102,15928.0,0.0
2022-05,C2023Q2,T04,C2023Q2T04,13,V-SA,SA1,85,64,3050.72,0.0
2022-05,C2023Q2,T04,C2023Q2T04,13,V-SA,VIC1,130,73,1801.0,0.0
2022-05,C2023Q2,T04,C2023Q2T04,13,VIC1-NSW1,NSW1,198,118,490.44,0.0
2022-05,C2023Q2,T04,C2023Q2T04,13,VIC1-NSW1,VIC1,160,125,9259.0,0.0
2022-05,C2023Q3,T03,C2023Q3T03,13,NSW1-QLD1,NSW1,45,45,501.0,0.0
2022-05,C2023Q3,T03,C2023Q3T03,13,NSW1-QLD1,QLD1,125,100,16230.0,0.0
2022-05,C2023Q3,T03,C2023Q3T03,13,V-SA,SA1,71,64,4300.72,0.0
2022-05,C2023Q3,T03,C2023Q3T03,13,V-SA,VIC1,90,73,1900.68,0.0
2022-05,C2023Q3,T03,C2023Q3T03,13,VIC1-NSW1,NSW1,173,118,501.23,0.0
2022-05,C2023Q3,T03,C2023Q3T03,13,VIC1-NSW1,VIC1,172,125,9680.0,0.0
2022-05,C2023Q4,T02,C2023Q4T02,13,NSW1-QLD1,NSW1,45,45,1501.0,0.0
2022-05,C2023Q4,T02,C2023Q4T02,13,NSW1-QLD1,QLD1,119,104,15459.87,0.0
2022-05,C2023Q4,T02,C2023Q4T02,13,V-SA,SA1,68,64,4204.0,0.0
2022-05,C2023Q4,T02,C2023Q4T02,13,V-SA,VIC1,77,73,2762.2,0.0
2022-05,C2023Q4,T02,C2023Q4T02,13,VIC1-NSW1,NSW1,141,111,587.25,0.0
2022-05,C2023Q4,T02,C2023Q4T02,13,VIC1-NSW1,VIC1,154,125,9570.43,0.0
2022-05,C2024Q1,T01,C2024Q1T01,13,NSW1-QLD1,NSW1,45,45,3591.0,0.0
2022-05,C2024Q1,T01,C2024Q1T01,13,NSW1-QLD1,QLD1,100,100,15267.0,0.0
2022-05,C2024Q1,T01,C2024Q1T01,13,V-SA,SA1,64,64,5154.0,0.0
2022-05,C2024Q1,T01,C2024Q1T01,13,V-SA,VIC1,73,73,6115.2,0.0
2022-05,C2024Q1,T01,C2024Q1T01,13,VIC1-NSW1,NSW1,108,108,4368.0,0.0
2022-05,C2024Q1,T01,C2024Q1T01,13,VIC1-NSW1,VIC1,125,125,12513.58,0.0
2022-05,C2021Q3,T12,C2021Q3T12,17,NSW1-QLD1,NSW1,105,55,2125.0,0.0
2022-05,C2021Q3,T12,C2021Q3T12,17,NSW1-QLD1,QLD1,252,134,10346.29,0.0
2022-05,C2021Q3,T12,C2021Q3T12,17,V-SA,SA1,134,66,4404.0,0.0
2022-05,C2021Q3,T12,C2021Q3T12,17,V-SA,VIC1,248,100,3500.0,0.0
2022-05,C2021Q3,T12,C2021Q3T12,17,VIC1-NSW1,NSW1,316,112,1006.0,0.0
2022-05,C2021Q3,T12,C2021Q3T12,17,VIC1-NSW1,VIC1,200,152,11396.0,0.0
2022-05,C2021Q4,T11,C2021Q4T11,17,NSW1-QLD1,NSW1,148,45,2218.0,0.0
2022-05,C2021Q4,T11,C2021Q4T11,17,NSW1-QLD1,QLD1,292,103,9780.23,0.0
2022-05,C2021Q4,T11,C2021Q4T11,17,V-SA,SA1,123,64,4816.92,0.0
2022-05,C2021Q4,T11,C2021Q4T11,17,V-SA,VIC1,134,86,5996.06,0.0
2022-05,C2021Q4,T11,C2021Q4T11,17,VIC1-NSW1,NSW1,168,108,754.0,0.0
2022-05,C2021Q4,T11,C2021Q4T11,17,VIC1-NSW1,VIC1,227,145,11721.25,0.0
2022-05,C2022Q1,T10,C2022Q1T10,17,NSW1-QLD1,NSW1,55,45,5267.0,0.0
2022-05,C2022Q1,T10,C2022Q1T10,17,NSW1-QLD1,QLD1,234,101,16460.75,0.0
2022-05,C2022Q1,T10,C2022Q1T10,17,V-SA,SA1,114,64,5707.0,0.0
2022-05,C2022Q1,T10,C2022Q1T10,17,V-SA,VIC1,103,73,8775.0,0.0
2022-05,C2022Q1,T10,C2022Q1T10,17,VIC1-NSW1,NSW1,176,108,5028.0,0.0
2022-05,C2022Q1,T10,C2022Q1T10,17,VIC1-NSW1,VIC1,301,125,15434.0,0.0
2022-05,C2022Q2,T09,C2022Q2T09,17,NSW1-QLD1,NSW1,110,45,1814.0,0.0
2022-05,C2022Q2,T09,C2022Q2T09,17,NSW1-QLD1,QLD1,192,120,11340.0,0.0
2022-05,C2022Q2,T09,C2022Q2T09,17,V-SA,SA1,108,64,3456.67,0.0
2022-05,C2022Q2,T09,C2022Q2T09,17,V-SA,VIC1,177,91,4700.93,0.0
2022-05,C2022Q2,T09,C2022Q2T09,17,VIC1-NSW1,NSW1,308,108,750.39,0.0
2022-05,C2022Q2,T09,C2022Q2T09,17,VIC1-NSW1,VIC1,175,138,11258.58,0.0
2022-05,C2022Q3,T08,C2022Q3T08,17,NSW1-QLD1,NSW1,80,45,1626.04,0.0
2022-05,C2022Q3,T08,C2022Q3T08,17,NSW1-QLD1,QLD1,195,101,13635.0,0.0
2022-05,C2022Q3,T08,C2022Q3T08,17,V-SA,SA1,130,64,4404.0,0.0
2022-05,C2022Q3,T08,C2022Q3T08,17,V-SA,VIC1,147,83,4774.0,0.0
2022-05,C2022Q3,T08,C2022Q3T08,17,VIC1-NSW1,NSW1,271,108,675.39,0.0
2022-05,C2022Q3,T08,C2022Q3T08,17,VIC1-NSW1,VIC1,219,125,11253.52,0.0
2022-05,C2022Q4,T07,C2022Q4T07,17,NSW1-QLD1,NSW1,55,45,2818.17,0.0
2022-05,C2022Q4,T07,C2022Q4T07,17,NSW1-QLD1,QLD1,236,101,11340.54,0.0
2022-05,C2022Q4,T07,C2022Q4T07,17,V-SA,SA1,105,64,4558.0,0.0
2022-05,C2022Q4,T07,C2022Q4T07,17,V-SA,VIC1,145,78,5961.6,0.0
2022-05,C2022Q4,T07,C2022Q4T07,17,VIC1-NSW1,NSW1,181,108,750.39,0.0
2022-05,C2022Q4,T07,C2022Q4T07,17,VIC1-NSW1,VIC1,217,125,13870.0,0.0
2022-05,C2023Q1,T06,C2023Q1T06,17,NSW1-QLD1,NSW1,55,45,5111.08,0.0
2022-05,C2023Q1,T06,C2023Q1T06,17,NSW1-QLD1,QLD1,248,100,16688.0,0.0
2022-05,C2023Q1,T06,C2023Q1T06,17,V-SA,SA1,87,64,5404.0,0.0
2022-05,C2023Q1,T06,C2023Q1T06,17,V-SA,VIC1,87,73,8400.96,0.0
2022-05,C2023Q1,T06,C2023Q1T06,17,VIC1-NSW1,NSW1,113,108,4752.0,0.0
2022-05,C2023Q1,T06,C2023Q1T06,17,VIC1-NSW1,VIC1,160,125,15641.97,0.0
2022-05,C2023Q2,T05,C2023Q2T05,17,NSW1-QLD1,NSW1,52,45,1205.0,0.0
2022-05,C2023Q2,T05,C2023Q2T05,17,NSW1-QLD1,QLD1,165,100,14906.89,0.0
2022-05,C2023Q2,T05,C2023Q2T05,17,V-SA,SA1,118,64,3225.85,0.0
2022-05,C2023Q2,T05,C2023Q2T05,17,V-SA,VIC1,117,79,3675.94,0.0
2022-05,C2023Q2,T05,C2023Q2T05,17,VIC1-NSW1,NSW1,281,108,652.0,0.0
2022-05,C2023Q2,T05,C2023Q2T05,17,VIC1-NSW1,VIC1,201,125,11878.0,0.0
2022-05,C2023Q3,T04,C2023Q3T04,17,NSW1-QLD1,NSW1,52,45,1226.0,0.0
2022-05,C2023Q3,T04,C2023Q3T04,17,NSW1-QLD1,QLD1,136,111,15300.29,0.0
2022-05,C2023Q3,T04,C2023Q3T04,17,V-SA,SA1,104,64,4014.0,0.0
2022-05,C2023Q3,T04,C2023Q3T04,17,V-SA,VIC1,83,73,4050.0,0.0
2022-05,C2023Q3,T04,C2023Q3T04,17,VIC1-NSW1,NSW1,188,108,675.39,0.0
2022-05,C2023Q3,T04,C2023Q3T04,17,VIC1-NSW1,VIC1,205,125,11712.8,0.0
2022-05,C2023Q4,T03,C2023Q4T03,17,NSW1-QLD1,NSW1,45,45,2476.65,0.0
2022-05,C2023Q4,T03,C2023Q4T03,17,NSW1-QLD1,QLD1,120,100,14572.8,0.0
2022-05,C2023Q4,T03,C2023Q4T03,17,V-SA,SA1,84,64,4247.0,0.0
2022-05,C2023Q4,T03,C2023Q4T03,17,V-SA,VIC1,76,73,4200.97,0.0
2022-05,C2023Q4,T03,C2023Q4T03,17,VIC1-NSW1,NSW1,128,108,744.75,0.0
2022-05,C2020Q2,T12,C2020Q2T12,45,NSW1-QLD1,NSW1,90,55,174.14,0.0
2022-05,C2020Q2,T12,C2020Q2T12,45,NSW1-QLD1,QLD1,230,107,13890.24,0.0
2022-05,C2020Q2,T12,C2020Q2T12,45,V-SA,SA1,96,66,10592.4,0.0
2022-05,C2020Q2,T12,C2020Q2T12,45,V-SA,VIC1,177,77,1250.0,0.0
2022-05,C2020Q2,T12,C2020Q2T12,45,VIC1-NSW1,NSW1,286,132,1482.0,0.0
2022-05,C2020Q2,T12,C2020Q2T12,45,VIC1-NSW1,VIC1,335,155,5865.0,0.0
2022-05,C2020Q3,T11,C2020Q3T11,45,NSW1-QLD1,NSW1,80,45,164.27,0.0
2022-05,C2020Q3,T11,C2020Q3T11,45,NSW1-QLD1,QLD1,200,100,14862.32,0.0
2022-05,C2020Q3,T11,C2020Q3T11,45,V-SA,SA1,84,64,13752.0,0.0
2022-05,C2020Q3,T11,C2020Q3T11,45,V-SA,VIC1,148,73,1565.0,0.0
2022-05,C2020Q3,T11,C2020Q3T11,45,VIC1-NSW1,NSW1,311,108,1462.5,0.0
2022-05,C2020Q3,T11,C2020Q3T11,45,VIC1-NSW1,VIC1,262,125,5703.0,0.0
2022-05,C2020Q4,T10,C2020Q4T10,45,NSW1-QLD1,NSW1,97,45,700.0,0.0
2022-05,C2020Q4,T10,C2020Q4T10,45,NSW1-QLD1,QLD1,196,103,13598.0,0.0
2022-05,C2020Q4,T10,C2020Q4T10,45,V-SA,SA1,84,64,13823.0,0.0
2022-05,C2020Q4,T10,C2020Q4T10,45,V-SA,VIC1,133,73,1760.0,0.0
2022-05,C2020Q4,T10,C2020Q4T10,45,VIC1-NSW1,NSW1,288,108,2400.0,0.0
2022-05,C2020Q4,T10,C2020Q4T10,45,VIC1-NSW1,VIC1,296,127,6275.0,0.0
2022-05,C2021Q1,T09,C2021Q1T09,45,NSW1-QLD1,NSW1,62,45,1750.0,0.0
2022-05,C2021Q1,T09,C2021Q1T09,45,NSW1-QLD1,QLD1,185,100,17058.0,0.0
2022-05,C2021Q1,T09,C2021Q1T09,45,V-SA,SA1,119,64,7828.0,0.0
2022-05,C2021Q1,T09,C2021Q1T09,45,V-SA,VIC1,103,73,4532.0,0.0
2022-05,C2021Q1,T09,C2021Q1T09,45,VIC1-NSW1,NSW1,241,108,7560.0,0.0
2022-05,C2021Q1,T09,C2021Q1T09,45,VIC1-NSW1,VIC1,245,146,7218.66,0.0
2022-05,C2021Q2,T08,C2021Q2T08,45,NSW1-QLD1,NSW1,65,45,114.4,0.0
2022-05,C2021Q2,T08,C2021Q2T08,45,NSW1-QLD1,QLD1,180,100,10893.35,0.0
2022-05,C2021Q2,T08,C2021Q2T08,45,V-SA,SA1,64,64,8616.2,0.0
2022-05,C2021Q2,T08,C2021Q2T08,45,V-SA,VIC1,128,73,1131.75,0.0
2022-05,C2021Q2,T08,C2021Q2T08,45,VIC1-NSW1,NSW1,217,108,1000.85,0.0
2022-05,C2021Q2,T08,C2021Q2T08,45,VIC1-NSW1,VIC1,235,125,6216.0,0.0
2022-05,C2021Q3,T07,C2021Q3T07,45,NSW1-QLD1,NSW1,45,45,200.0,0.0
2022-05,C2021Q3,T07,C2021Q3T07,45,NSW1-QLD1,QLD1,180,100,11772.84,0.0
2022-05,C2021Q3,T07,C2021Q3T07,45,V-SA,SA1,64,64,10205.1,0.0
2022-05,C2021Q3,T07,C2021Q3T07,45,V-SA,VIC1,128,73,1550.0,0.0
2022-05,C2021Q3,T07,C2021Q3T07,45,VIC1-NSW1,NSW1,208,108,993.6,0.0
2022-05,C2021Q3,T07,C2021Q3T07,45,VIC1-NSW1,VIC1,240,125,7500.0,0.0
2022-05,C2021Q4,T06,C2021Q4T06,45,NSW1-QLD1,NSW1,45,45,685.0,0.0
2022-05,C2021Q4,T06,C2021Q4T06,45,NSW1-QLD1,QLD1,185,110,11477.0,0.0
2022-05,C2021Q4,T06,C2021Q4T06,45,V-SA,SA1,64,64,12501.0,0.0
2022-05,C2021Q4,T06,C2021Q4T06,45,V-SA,VIC1,103,73,1754.0,0.0
2022-05,C2021Q4,T06,C2021Q4T06,45,VIC1-NSW1,NSW1,213,113,1601.6,0.0
2022-05,C2021Q4,T06,C2021Q4T06,45,VIC1-NSW1,VIC1,230,125,7441.5,0.0
2022-05,C2022Q1,T05,C2022Q1T05,45,NSW1-QLD1,NSW1,45,45,2160.0,0.0
2022-05,C2022Q1,T05,C2022Q1T05,45,NSW1-QLD1,QLD1,156,100,13083.0,0.0
2022-05,C2022Q1,T05,C2022Q1T05,45,V-SA,SA1,89,64,5810.4,0.0
2022-05,C2022Q1,T05,C2022Q1T05,45,V-SA,VIC1,73,73,5762.88,0.0
2022-05,C2022Q1,T05,C2022Q1T05,45,VIC1-NSW1,NSW1,108,108,6310.5,0.0
2022-05,C2022Q1,T05,C2022Q1T05,45,VIC1-NSW1,VIC1,125,125,7556.0,0.0
2022-05,C2022Q2,T04,C2022Q2T04,45,NSW1-QLD1,NSW1,45,45,200.0,0.0
2022-05,C2022Q2,T04,C2022Q2T04,45,NSW1-QLD1,QLD1,140,100,11972.0,0.0
2022-05,C2022Q2,T04,C2022Q2T04,45,V-SA,SA1,64,64,7916.9,0.0
2022-05,C2022Q2,T04,C2022Q2T04,45,V-SA,VIC1,73,73,1054.0,0.0
2022-05,C2022Q2,T04,C2022Q2T04,45,VIC1-NSW1,NSW1,108,108,1092.0,0.0
2022-05,C2022Q2,T04,C2022Q2T04,45,VIC1-NSW1,VIC1,125,125,8000.0,0.0
2022-05,C2022Q3,T03,C2022Q3T03,45,NSW1-QLD1,NSW1,45,45,154.88,0.0
2022-05,C2022Q3,T03,C2022Q3T03,45,NSW1-QLD1,QLD1,100,100,11512.51,0.0
2022-05,C2022Q3,T03,C2022Q3T03,45,V-SA,SA1,64,64,10006.0,0.0
2022-05,C2022Q3,T03,C2022Q3T03,45,V-SA,VIC1,73,73,1007.0,0.0
2022-05,C2022Q3,T03,C2022Q3T03,45,VIC1-NSW1,NSW1,108,108,1101.0,0.0
2022-05,C2022Q3,T03,C2022Q3T03,45,VIC1-NSW1,VIC1,125,125,8000.0,0.0
2022-05,C2022Q4,T02,C2022Q4T02,45,NSW1-QLD1,NSW1,45,45,552.0,0.0
2022-05,C2022Q4,T02,C2022Q4T02,45,NSW1-QLD1,QLD1,100,100,10879.32,0.0
2022-05,C2022Q4,T02,C2022Q4T02,45,V-SA,SA1,64,64,11500.92,0.0
2022-05,C2022Q4,T02,C2022Q4T02,45,V-SA,VIC1,73,73,1480.6,0.0
2022-05,C2022Q4,T02,C2022Q4T02,45,VIC1-NSW1,NSW1,108,108,1766.4,0.0
2022-05,C2022Q4,T02,C2022Q4T02,45,VIC1-NSW1,VIC1,125,125,8000.0,0.0
2022-05,C2023Q1,T01,C2023Q1T01,45,NSW1-QLD1,NSW1,45,45,1955.8,0.0
2022-05,C2023Q1,T01,C2023Q1T01,45,NSW1-QLD1,QLD1,100,100,11065.6,0.0
2022-05,C2023Q1,T01,C2023Q1T01,45,V-SA,SA1,64,64,4709.0,0.0
2022-05,C2023Q1,T01,C2023Q1T01,45,V-SA,VIC1,73,73,4901.18,0.0
2022-05,C2023Q1,T01,C2023Q1T01,45,VIC1-NSW1,NSW1,108,108,6310.5,0.0
2022-05,C2023Q1,T01,C2023Q1T01,45,VIC1-NSW1,VIC1,125,125,8058.0,0.0
2022-05,C2020Q3,T12,C2020Q3T12,52,NSW1-QLD1,NSW1,90,55,210.08,0.0
2022-05,C2020Q3,T12,C2020Q3T12,52,NSW1-QLD1,QLD1,210,139,11555.0,0.0
2022-05,C2020Q3,T12,C2020Q3T12,52,V-SA,SA1,96,73,9151.07,0.0
2022-05,C2020Q3,T12,C2020Q3T12,52,V-SA,VIC1,193,77,1713.0,0.0
2022-05,C2020Q3,T12,C2020Q3T12,52,VIC1-NSW1,NSW1,296,112,1023.75,0.0
2022-05,C2020Q3,T12,C2020Q3T12,52,VIC1-NSW1,VIC1,355,135,4901.0,0.0
2022-05,C2020Q4,T11,C2020Q4T11,52,NSW1-QLD1,NSW1,193,45,701.23,0.0
2022-05,C2020Q4,T11,C2020Q4T11,52,NSW1-QLD1,QLD1,222,110,10878.4,0.0
2022-05,C2020Q4,T11,C2020Q4T11,52,V-SA,SA1,94,64,8001.2,0.0
2022-05,C2020Q4,T11,C2020Q4T11,52,V-SA,VIC1,168,73,1795.2,0.0
2022-05,C2020Q4,T11,C2020Q4T11,52,VIC1-NSW1,NSW1,234,113,2208.0,0.0
2022-05,C2020Q4,T11,C2020Q4T11,52,VIC1-NSW1,VIC1,340,130,5875.0,0.0
2022-05,C2021Q1,T10,C2021Q1T10,52,NSW1-QLD1,NSW1,76,45,1500.0,0.0
2022-05,C2021Q1,T10,C2021Q1T10,52,NSW1-QLD1,QLD1,245,100,19700.0,0.0
2022-05,C2021Q1,T10,C2021Q1T10,52,V-SA,SA1,119,64,7137.0,0.0
2022-05,C2021Q1,T10,C2021Q1T10,52,V-SA,VIC1,118,73,4666.0,0.0
2022-05,C2021Q1,T10,C2021Q1T10,52,VIC1-NSW1,NSW1,146,108,7501.0,0.0
2022-05,C2021Q1,T10,C2021Q1T10,52,VIC1-NSW1,VIC1,250,125,7940.53,0.0
2022-05,C2021Q2,T09,C2021Q2T09,52,NSW1-QLD1,NSW1,65,45,140.19,0.0
2022-05,C2021Q2,T09,C2021Q2T09,52,NSW1-QLD1,QLD1,200,120,12000.0,0.0
2022-05,C2021Q2,T09,C2021Q2T09,52,V-SA,SA1,121,64,3500.79,0.0
2022-05,C2021Q2,T09,C2021Q2T09,52,V-SA,VIC1,163,73,1711.0,0.0
2022-05,C2021Q2,T09,C2021Q2T09,52,VIC1-NSW1,NSW1,153,108,982.8,0.0
2022-05,C2021Q2,T09,C2021Q2T09,52,VIC1-NSW1,VIC1,237,135,5416.0,0.0
2022-05,C2021Q3,T08,C2021Q3T08,52,NSW1-QLD1,NSW1,45,45,312.0,0.0
2022-05,C2021Q3,T08,C2021Q3T08,52,NSW1-QLD1,QLD1,215,100,10086.0,0.0
2022-05,C2021Q3,T08,C2021Q3T08,52,V-SA,SA1,114,64,3571.78,0.0
2022-05,C2021Q3,T08,C2021Q3T08,52,V-SA,VIC1,215,73,1695.75,0.0
2022-05,C2021Q3,T08,C2021Q3T08,52,VIC1-NSW1,NSW1,197,108,1032.0,0.0
2022-05,C2021Q3,T08,C2021Q3T08,52,VIC1-NSW1,VIC1,219,135,6601.0,0.0
2022-05,C2021Q4,T07,C2021Q4T07,52,NSW1-QLD1,NSW1,112,45,685.0,0.0
2022-05,C2021Q4,T07,C2021Q4T07,52,NSW1-QLD1,QLD1,180,100,11103.0,0.0
2022-05,C2021Q4,T07,C2021Q4T07,52,V-SA,SA1,114,64,4000.0,0.0
2022-05,C2021Q4,T07,C2021Q4T07,52,V-SA,VIC1,192,73,1789.08,0.0
2022-05,C2021Q4,T07,C2021Q4T07,52,VIC1-NSW1,NSW1,148,108,1104.0,0.0
2022-05,C2021Q4,T07,C2021Q4T07,52,VIC1-NSW1,VIC1,235,135,6250.0,0.0
2022-05,C2022Q1,T06,C2022Q1T06,52,NSW1-QLD1,NSW1,50,45,2358.0,0.0
2022-05,C2022Q1,T06,C2022Q1T06,52,NSW1-QLD1,QLD1,236,100,16474.0,0.0
2022-05,C2022Q1,T06,C2022Q1T06,52,V-SA,SA1,111,64,4358.0,0.0
2022-05,C2022Q1,T06,C2022Q1T06,52,V-SA,VIC1,103,73,5878.13,0.0
2022-05,C2022Q1,T06,C2022Q1T06,52,VIC1-NSW1,NSW1,134,108,5750.0,0.0
2022-05,C2022Q1,T06,C2022Q1T06,52,VIC1-NSW1,VIC1,245,125,8311.6,0.0
2022-05,C2022Q2,T05,C2022Q2T05,52,NSW1-QLD1,NSW1,45,45,359.0,0.0
2022-05,C2022Q2,T05,C2022Q2T05,52,NSW1-QLD1,QLD1,175,100,11373.4,0.0
2022-05,C2022Q2,T05,C2022Q2T05,52,V-SA,SA1,114,64,3250.0,0.0
2022-05,C2022Q2,T05,C2022Q2T05,52,V-SA,VIC1,118,73,1401.0,0.0
2022-05,C2022Q2,T05,C2022Q2T05,52,VIC1-NSW1,NSW1,138,108,842.0,0.0
2022-05,C2022Q2,T05,C2022Q2T05,52,VIC1-NSW1,VIC1,160,125,6400.0,0.0
2022-05,C2022Q3,T04,C2022Q3T04,52,NSW1-QLD1,NSW1,51,51,510.0,0.0
2022-05,C2022Q3,T04,C2022Q3T04,52,NSW1-QLD1,QLD1,147,100,11702.4,0.0
2022-05,C2022Q3,T04,C2022Q3T04,52,V-SA,SA1,84,64,3502.1,0.0
2022-05,C2022Q3,T04,C2022Q3T04,52,V-SA,VIC1,93,73,1695.75,0.0
2022-05,C2022Q3,T04,C2022Q3T04,52,VIC1-NSW1,NSW1,138,108,880.8,0.0
2022-05,C2022Q3,T04,C2022Q3T04,52,VIC1-NSW1,VIC1,155,125,6400.0,0.0
2022-05,C2022Q4,T03,C2022Q4T03,52,NSW1-QLD1,NSW1,55,45,889.0,0.0
2022-05,C2022Q4,T03,C2022Q4T03,52,NSW1-QLD1,QLD1,125,100,11250.0,0.0
2022-05,C2022Q4,T03,C2022Q4T03,52,V-SA,SA1,80,64,4000.0,0.0
2022-05,C2022Q4,T03,C2022Q4T03,52,V-SA,VIC1,88,73,1978.0,0.0
2022-05,C2023Q4,T03,C2023Q4T03,17,VIC1-NSW1,VIC1,166,125,12750.0,0.0
2022-05,C2024Q1,T02,C2024Q1T02,17,NSW1-QLD1,NSW1,45,45,4962.58,0.0
2022-05,C2024Q1,T02,C2024Q1T02,17,NSW1-QLD1,QLD1,113,100,18007.0,0.0
2022-05,C2024Q1,T02,C2024Q1T02,17,V-SA,SA1,64,64,4504.0,0.0
2022-05,C2024Q1,T02,C2024Q1T02,17,V-SA,VIC1,73,73,7213.0,0.0
2022-05,C2024Q1,T02,C2024Q1T02,17,VIC1-NSW1,NSW1,108,108,4200.39,0.0
2022-05,C2024Q1,T02,C2024Q1T02,17,VIC1-NSW1,VIC1,133,125,15642.0,0.0
2022-05,C2024Q2,T01,C2024Q2T01,17,NSW1-QLD1,NSW1,45,45,1455.0,0.0
2022-05,C2024Q2,T01,C2024Q2T01,17,NSW1-QLD1,QLD1,100,100,15267.0,0.0
2022-05,C2024Q2,T01,C2024Q2T01,17,V-SA,SA1,64,64,3300.85,0.0
2022-05,C2024Q2,T01,C2024Q2T01,17,V-SA,VIC1,73,73,4086.47,0.0
2022-05,C2024Q2,T01,C2024Q2T01,17,VIC1-NSW1,NSW1,108,108,600.0,0.0
2022-05,C2024Q2,T01,C2024Q2T01,17,VIC1-NSW1,VIC1,125,125,11445.72,0.0
2022-05,C2021Q4,T12,C2021Q4T12,16,NSW1-QLD1,NSW1,87,55,5000.0,0.0
2022-05,C2021Q4,T12,C2021Q4T12,16,NSW1-QLD1,QLD1,275,100,8675.0,0.0
2022-05,C2021Q4,T12,C2021Q4T12,16,V-SA,SA1,90,66,5204.0,0.0
2022-05,C2021Q4,T12,C2021Q4T12,16,V-SA,VIC1,120,77,7001.0,0.0
2022-05,C2021Q4,T12,C2021Q4T12,16,VIC1-NSW1,NSW1,192,112,1004.0,0.0
2022-05,C2021Q4,T12,C2021Q4T12,16,VIC1-NSW1,VIC1,281,125,15500.0,0.0
2022-05,C2022Q1,T11,C2022Q1T11,16,NSW1-QLD1,NSW1,48,45,6584.0,0.0
2022-05,C2022Q1,T11,C2022Q1T11,16,NSW1-QLD1,QLD1,224,103,14560.59,0.0
2022-05,C2022Q1,T11,C2022Q1T11,16,V-SA,SA1,97,65,6277.7,0.0
2022-05,C2022Q1,T11,C2022Q1T11,16,V-SA,VIC1,96,74,10296.0,0.0
2022-05,C2022Q1,T11,C2022Q1T11,16,VIC1-NSW1,NSW1,226,128,4860.0,0.0
2022-05,C2022Q1,T11,C2022Q1T11,16,VIC1-NSW1,VIC1,267,144,17380.87,0.0
2022-05,C2022Q2,T10,C2022Q2T10,16,NSW1-QLD1,NSW1,45,45,2750.0,0.0
2022-05,C2022Q2,T10,C2022Q2T10,16,NSW1-QLD1,QLD1,187,100,13750.0,0.0
2022-05,C2022Q2,T10,C2022Q2T10,16,V-SA,SA1,90,64,3841.0,0.0
2022-05,C2022Q2,T10,C2022Q2T10,16,V-SA,VIC1,167,82,5171.02,0.0
2022-05,C2022Q2,T10,C2022Q2T10,16,VIC1-NSW1,NSW1,306,108,1204.0,0.0
2022-05,C2022Q2,T10,C2022Q2T10,16,VIC1-NSW1,VIC1,161,125,13750.0,0.0
2022-05,C2022Q3,T09,C2022Q3T09,16,NSW1-QLD1,NSW1,45,45,2439.06,0.0
2022-05,C2022Q3,T09,C2022Q3T09,16,NSW1-QLD1,QLD1,192,100,15250.0,0.0
2022-05,C2022Q3,T09,C2022Q3T09,16,V-SA,SA1,112,64,4763.0,0.0
2022-05,C2022Q3,T09,C2022Q3T09,16,V-SA,VIC1,125,73,6000.0,0.0
2022-05,C2022Q3,T09,C2022Q3T09,16,VIC1-NSW1,NSW1,272,108,1204.0,0.0
2022-05,C2022Q3,T09,C2022Q3T09,16,VIC1-NSW1,VIC1,201,125,13616.76,0.0
2022-05,C2022Q4,T08,C2022Q4T08,16,NSW1-QLD1,NSW1,45,45,4007.9,0.0
2022-05,C2022Q4,T08,C2022Q4T08,16,NSW1-QLD1,QLD1,201,100,12474.59,0.0
2022-05,C2022Q4,T08,C2022Q4T08,16,V-SA,SA1,85,64,5036.0,0.0
2022-05,C2022Q4,T08,C2022Q4T08,16,V-SA,VIC1,147,73,6731.0,0.0
2022-05,C2022Q4,T08,C2022Q4T08,16,VIC1-NSW1,NSW1,174,108,1078.0,0.0
2022-05,C2022Q4,T08,C2022Q4T08,16,VIC1-NSW1,VIC1,258,125,16782.7,0.0
2022-05,C2023Q1,T07,C2023Q1T07,16,NSW1-QLD1,NSW1,45,45,6133.29,0.0
2022-05,C2023Q1,T07,C2023Q1T07,16,NSW1-QLD1,QLD1,242,110,18000.0,0.0
2022-05,C2023Q1,T07,C2023Q1T07,16,V-SA,SA1,81,64,6000.0,0.0
2022-05,C2023Q1,T07,C2023Q1T07,16,V-SA,VIC1,98,74,10165.16,0.0
2022-05,C2023Q1,T07,C2023Q1T07,16,VIC1-NSW1,NSW1,118,108,4989.6,0.0
2022-05,C2023Q1,T07,C2023Q1T07,16,VIC1-NSW1,VIC1,202,130,19250.87,0.0
2022-05,C2023Q2,T06,C2023Q2T06,16,NSW1-QLD1,NSW1,47,45,2000.0,0.0
2022-05,C2023Q2,T06,C2023Q2T06,16,NSW1-QLD1,QLD1,157,100,17909.89,0.0
2022-05,C2023Q2,T06,C2023Q2T06,16,V-SA,SA1,133,64,3548.44,0.0
2022-05,C2023Q2,T06,C2023Q2T06,16,V-SA,VIC1,106,73,5460.0,0.0
2022-05,C2023Q2,T06,C2023Q2T06,16,VIC1-NSW1,NSW1,301,108,1004.0,0.0
2022-05,C2023Q2,T06,C2023Q2T06,16,VIC1-NSW1,VIC1,192,125,15441.4,0.0
2022-05,C2023Q3,T05,C2023Q3T05,16,NSW1-QLD1,NSW1,51,45,2000.0,0.0
2022-05,C2023Q3,T05,C2023Q3T05,16,NSW1-QLD1,QLD1,126,100,19125.36,0.0
2022-05,C2023Q3,T05,C2023Q3T05,16,V-SA,SA1,114,64,4080.9,0.0
2022-05,C2023Q3,T05,C2023Q3T05,16,V-SA,VIC1,96,73,5931.0,0.0
2022-05,C2023Q3,T05,C2023Q3T05,16,VIC1-NSW1,NSW1,154,108,1104.0,0.0
2022-05,C2023Q3,T05,C2023Q3T05,16,VIC1-NSW1,VIC1,191,125,15226.64,0.0
2022-05,C2023Q4,T04,C2023Q4T04,16,NSW1-QLD1,NSW1,45,45,3343.47,0.0
2022-05,C2023Q4,T04,C2023Q4T04,16,NSW1-QLD1,QLD1,120,100,16440.0,0.0
2022-05,C2023Q4,T04,C2023Q4T04,16,V-SA,SA1,90,64,4452.0,0.0
2022-05,C2023Q4,T04,C2023Q4T04,16,V-SA,VIC1,87,73,7728.0,0.0
2022-05,C2023Q4,T04,C2023Q4T04,16,VIC1-NSW1,NSW1,138,108,1170.0,0.0
2022-05,C2023Q4,T04,C2023Q4T04,16,VIC1-NSW1,VIC1,186,125,16575.0,0.0
2022-05,C2024Q1,T03,C2024Q1T03,16,NSW1-QLD1,NSW1,45,45,5458.84,0.0
2022-05,C2024Q1,T03,C2024Q1T03,16,NSW1-QLD1,QLD1,113,100,19807.7,0.0
2022-05,C2024Q1,T03,C2024Q1T03,16,V-SA,SA1,68,64,4754.0,0.0
2022-05,C2024Q1,T03,C2024Q1T03,16,V-SA,VIC1,85,73,9761.0,0.0
2022-05,C2024Q1,T03,C2024Q1T03,16,VIC1-NSW1,NSW1,114,108,4620.43,0.0
2022-05,C2024Q1,T03,C2024Q1T03,16,VIC1-NSW1,VIC1,133,133,20334.59,0.0
2022-05,C2024Q2,T02,C2024Q2T02,16,NSW1-QLD1,NSW1,45,45,2000.0,0.0
2022-05,C2024Q2,T02,C2024Q2T02,16,NSW1-QLD1,QLD1,100,100,20407.93,0.0
2022-05,C2024Q2,T02,C2024Q2T02,16,V-SA,SA1,82,64,3186.17,0.0
2022-05,C2024Q2,T02,C2024Q2T02,16,V-SA,VIC1,73,73,5460.0,0.0
2022-05,C2024Q2,T02,C2024Q2T02,16,VIC1-NSW1,NSW1,164,108,1004.0,0.0
2022-05,C2024Q2,T02,C2024Q2T02,16,VIC1-NSW1,VIC1,126,125,14879.43,0.0
2022-05,C2024Q3,T01,C2024Q3T01,16,NSW1-QLD1,NSW1,45,45,2000.0,0.0
2022-05,C2024Q3,T01,C2024Q3T01,16,NSW1-QLD1,QLD1,100,100,19125.36,0.0
2022-05,C2024Q3,T01,C2024Q3T01,16,V-SA,SA1,64,64,3746.4,0.0
2022-05,C2024Q3,T01,C2024Q3T01,16,V-SA,VIC1,73,73,6000.0,0.0
2022-05,C2024Q3,T01,C2024Q3T01,16,VIC1-NSW1,NSW1,108,108,1046.85,0.0
2022-05,C2024Q3,T01,C2024Q3T01,16,VIC1-NSW1,VIC1,125,125,15226.64,0.0
2022-05,C2022Q1,T12,C2022Q1T12,15,NSW1-QLD1,NSW1,94,60,12123.0,0.0
2022-05,C2022Q1,T12,C2022Q1T12,15,NSW1-QLD1,QLD1,329,106,10987.65,0.0
2022-05,C2022Q1,T12,C2022Q1T12,15,V-SA,SA1,111,84,6593.0,0.0
2022-05,C2022Q1,T12,C2022Q1T12,15,V-SA,VIC1,112,77,12500.0,0.0
2022-05,C2022Q1,T12,C2022Q1T12,15,VIC1-NSW1,NSW1,186,137,4320.0,0.0
2022-05,C2022Q1,T12,C2022Q1T12,15,VIC1-NSW1,VIC1,349,125,19422.49,0.0
2022-05,C2022Q2,T11,C2022Q2T11,15,NSW1-QLD1,NSW1,83,55,3906.0,0.0
2022-05,C2022Q2,T11,C2022Q2T11,15,NSW1-QLD1,QLD1,251,100,9350.0,0.0
2022-05,C2022Q2,T11,C2022Q2T11,15,V-SA,SA1,114,66,5192.0,0.0
2022-05,C2022Q2,T11,C2022Q2T11,15,V-SA,VIC1,133,73,7050.0,0.0
2022-05,C2022Q2,T11,C2022Q2T11,15,VIC1-NSW1,NSW1,317,151,1240.0,0.0
2022-05,C2022Q2,T11,C2022Q2T11,15,VIC1-NSW1,VIC1,223,145,15000.0,0.0
2022-05,C2022Q3,T10,C2022Q3T10,15,NSW1-QLD1,NSW1,83,55,2993.94,0.0
2022-05,C2022Q3,T10,C2022Q3T10,15,NSW1-QLD1,QLD1,278,114,12750.0,0.0
2022-05,C2022Q3,T10,C2022Q3T10,15,V-SA,SA1,136,79,5655.55,0.0
2022-05,C2022Q3,T10,C2022Q3T10,15,V-SA,VIC1,133,73,7533.33,0.0
2022-05,C2022Q3,T10,C2022Q3T10,15,VIC1-NSW1,NSW1,265,126,1385.2,0.0
2022-05,C2022Q3,T10,C2022Q3T10,15,VIC1-NSW1,VIC1,263,131,13000.0,0.0
2022-05,C2022Q4,T09,C2022Q4T09,15,NSW1-QLD1,NSW1,73,45,6000.0,0.0
2022-05,C2022Q4,T09,C2022Q4T09,15,NSW1-QLD1,QLD1,285,100,9445.0,0.0
2022-05,C2022Q4,T09,C2022Q4T09,15,V-SA,SA1,108,64,6132.43,0.0
2022-05,C2022Q4,T09,C2022Q4T09,15,V-SA,VIC1,153,73,7940.85,0.0
2022-05,C2022Q4,T09,C2022Q4T09,15,VIC1-NSW1,NSW1,174,108,1200.0,0.0
2022-05,C2022Q4,T09,C2022Q4T09,15,VIC1-NSW1,VIC1,261,128,19024.49,0.0
2022-05,C2023Q1,T08,C2023Q1T08,15,NSW1-QLD1,NSW1,73,45,7800.94,0.0
2022-05,C2023Q1,T08,C2023Q1T08,15,NSW1-QLD1,QLD1,271,105,15164.59,0.0
2022-05,C2023Q1,T08,C2023Q1T08,15,V-SA,SA1,87,77,6603.0,0.0
2022-05,C2023Q1,T08,C2023Q1T08,15,V-SA,VIC1,104,73,13365.0,0.0
2022-05,C2023Q1,T08,C2023Q1T08,15,VIC1-NSW1,NSW1,153,110,4551.0,0.0
2022-05,C2023Q1,T08,C2023Q1T08,15,VIC1-NSW1,VIC1,165,125,21175.95,0.0
2022-05,C2023Q2,T07,C2023Q2T07,15,NSW1-QLD1,NSW1,71,45,2410.0,0.0
2022-05,C2023Q2,T07,C2023Q2T07,15,NSW1-QLD1,QLD1,220,100,17015.0,0.0
2022-05,C2023Q2,T07,C2023Q2T07,15,V-SA,SA1,129,86,4403.0,0.0
2022-05,C2023Q2,T07,C2023Q2T07,15,V-SA,VIC1,113,73,6606.6,0.0
2022-05,C2023Q2,T07,C2023Q2T07,15,VIC1-NSW1,NSW1,188,108,1104.4,0.0
2022-05,C2023Q2,T07,C2023Q2T07,15,VIC1-NSW1,VIC1,223,125,15820.49,0.0
2022-05,C2023Q3,T06,C2023Q3T06,15,NSW1-QLD1,NSW1,75,45,2400.0,0.0
2022-05,C2023Q3,T06,C2023Q3T06,15,NSW1-QLD1,QLD1,170,100,18260.0,0.0
2022-05,C2023Q3,T06,C2023Q3T06,15,V-SA,SA1,118,72,5000.0,0.0
2022-05,C2023Q3,T06,C2023Q3T06,15,V-SA,VIC1,103,73,7500.0,0.0
2022-05,C2023Q3,T06,C2023Q3T06,15,VIC1-NSW1,NSW1,175,108,1106.0,0.0
2022-05,C2023Q3,T06,C2023Q3T06,15,VIC1-NSW1,VIC1,203,125,15590.49,0.0
2022-05,C2023Q4,T05,C2023Q4T05,15,NSW1-QLD1,NSW1,65,45,5349.55,0.0
2022-05,C2023Q4,T05,C2023Q4T05,15,NSW1-QLD1,QLD1,194,100,12500.0,0.0
2022-05,C2023Q4,T05,C2023Q4T05,15,V-SA,SA1,111,64,5500.0,0.0
2022-05,C2021Q2,T12,C2021Q2T12,11,NSW1-QLD1,NSW1,61,55,354.0,0.0
2022-05,C2021Q2,T12,C2021Q2T12,11,NSW1-QLD1,QLD1,246,110,10087.0,0.0
2022-05,C2021Q2,T12,C2021Q2T12,11,V-SA,SA1,117,70,4654.0,0.0
2022-05,C2021Q2,T12,C2021Q2T12,11,V-SA,VIC1,174,77,2054.0,0.0
2022-05,C2021Q2,T12,C2021Q2T12,11,VIC1-NSW1,NSW1,372,112,480.79,0.0
2022-05,C2021Q2,T12,C2021Q2T12,11,VIC1-NSW1,VIC1,258,125,8004.0,0.0
2022-05,C2021Q3,T11,C2021Q3T11,11,NSW1-QLD1,NSW1,45,45,417.47,0.0
2022-05,C2021Q3,T11,C2021Q3T11,11,NSW1-QLD1,QLD1,245,103,10790.21,0.0
2022-05,C2021Q3,T11,C2021Q3T11,11,V-SA,SA1,112,64,5321.0,0.0
2022-05,C2021Q3,T11,C2021Q3T11,11,V-SA,VIC1,199,73,2455.0,0.0
2022-05,C2021Q3,T11,C2021Q3T11,11,VIC1-NSW1,NSW1,266,108,500.44,0.0
2022-05,C2021Q3,T11,C2021Q3T11,11,VIC1-NSW1,VIC1,275,125,7700.0,0.0
2022-05,C2021Q4,T10,C2021Q4T10,11,NSW1-QLD1,NSW1,85,45,1249.0,0.0
2022-05,C2021Q4,T10,C2021Q4T10,11,NSW1-QLD1,QLD1,255,104,9200.79,0.0
2022-05,C2021Q4,T10,C2021Q4T10,11,V-SA,SA1,111,64,5372.0,0.0
2022-05,C2021Q4,T10,C2021Q4T10,11,V-SA,VIC1,170,73,2780.85,0.0
2022-05,C2021Q4,T10,C2021Q4T10,11,VIC1-NSW1,NSW1,269,114,465.88,0.0
2022-05,C2021Q4,T10,C2021Q4T10,11,VIC1-NSW1,VIC1,248,125,9377.0,0.0
2022-05,C2022Q1,T09,C2022Q1T09,11,NSW1-QLD1,NSW1,69,49,3278.0,0.0
2022-05,C2022Q1,T09,C2022Q1T09,11,NSW1-QLD1,QLD1,185,103,14524.2,0.0
2022-05,C2022Q1,T09,C2022Q1T09,11,V-SA,SA1,124,68,5650.47,0.0
2022-05,C2022Q1,T09,C2022Q1T09,11,V-SA,VIC1,103,73,7019.42,0.0
2022-05,C2022Q1,T09,C2022Q1T09,11,VIC1-NSW1,NSW1,250,117,4356.0,0.0
2022-05,C2022Q1,T09,C2022Q1T09,11,VIC1-NSW1,VIC1,305,125,12347.0,0.0
2022-05,C2022Q2,T08,C2022Q2T08,11,NSW1-QLD1,NSW1,45,45,612.0,0.0
2022-05,C2022Q2,T08,C2022Q2T08,11,NSW1-QLD1,QLD1,200,103,10800.0,0.0
2022-05,C2022Q2,T08,C2022Q2T08,11,V-SA,SA1,111,64,4066.67,0.0
2022-05,C2022Q2,T08,C2022Q2T08,11,V-SA,VIC1,171,73,2502.52,0.0
2022-05,C2022Q2,T08,C2022Q2T08,11,VIC1-NSW1,NSW1,319,115,420.44,0.0
2022-05,C2022Q2,T08,C2022Q2T08,11,VIC1-NSW1,VIC1,188,125,8529.23,0.0
2022-05,C2022Q3,T07,C2022Q3T07,11,NSW1-QLD1,NSW1,45,45,757.75,0.0
2022-05,C2022Q3,T07,C2022Q3T07,11,NSW1-QLD1,QLD1,174,102,13500.0,0.0
2022-05,C2022Q3,T07,C2022Q3T07,11,V-SA,SA1,118,64,5150.72,0.0
2022-05,C2022Q3,T07,C2022Q3T07,11,V-SA,VIC1,150,73,2387.0,0.0
2022-05,C2022Q3,T07,C2022Q3T07,11,VIC1-NSW1,NSW1,267,117,490.44,0.0
2022-05,C2022Q3,T07,C2022Q3T07,11,VIC1-NSW1,VIC1,223,125,9300.43,0.0
2022-05,C2022Q4,T06,C2022Q4T06,11,NSW1-QLD1,NSW1,55,55,1878.78,0.0
2022-05,C2022Q4,T06,C2022Q4T06,11,NSW1-QLD1,QLD1,225,105,10800.52,0.0
2022-05,C2022Q4,T06,C2022Q4T06,11,V-SA,SA1,107,64,5123.85,0.0
2022-05,C2022Q4,T06,C2022Q4T06,11,V-SA,VIC1,146,73,2962.68,0.0
2022-05,C2022Q4,T06,C2022Q4T06,11,VIC1-NSW1,NSW1,217,117,560.44,0.0
2022-05,C2022Q4,T06,C2022Q4T06,11,VIC1-NSW1,VIC1,208,125,10374.0,0.0
2022-05,C2023Q1,T05,C2023Q1T05,11,NSW1-QLD1,NSW1,55,45,3771.0,0.0
2022-05,C2023Q1,T05,C2023Q1T05,11,NSW1-QLD1,QLD1,130,103,13200.2,0.0
2022-05,C2023Q1,T05,C2023Q1T05,11,V-SA,SA1,92,73,5923.47,0.0
2022-05,C2023Q1,T05,C2023Q1T05,11,V-SA,VIC1,96,73,7628.0,0.0
2022-05,C2023Q1,T05,C2023Q1T05,11,VIC1-NSW1,NSW1,177,117,4320.0,0.0
2022-05,C2023Q1,T05,C2023Q1T05,11,VIC1-NSW1,VIC1,155,125,12513.58,0.0
2022-05,C2023Q2,T04,C2023Q2T04,11,NSW1-QLD1,NSW1,45,45,520.0,0.0
2022-05,C2023Q2,T04,C2023Q2T04,11,NSW1-QLD1,QLD1,140,102,15928.0,0.0
2022-05,C2023Q2,T04,C2023Q2T04,11,V-SA,SA1,85,64,3050.72,0.0
2022-05,C2023Q2,T04,C2023Q2T04,11,V-SA,VIC1,130,73,1801.0,0.0
2022-05,C2023Q2,T04,C2023Q2T04,11,VIC1-NSW1,NSW1,198,118,490.44,0.0
2022-05,C2023Q2,T04,C2023Q2T04,11,VIC1-NSW1,VIC1,160,125,9259.0,0.0
2022-05,C2023Q3,T03,C2023Q3T03,11,NSW1-QLD1,NSW1,45,45,501.0,0.0
2022-05,C2023Q3,T03,C2023Q3T03,11,NSW1-QLD1,QLD1,125,100,16230.0,0.0
2022-05,C2023Q3,T03,C2023Q3T03,11,V-SA,SA1,71,64,4300.72,0.0
2022-05,C2023Q3,T03,C2023Q3T03,11,V-SA,VIC1,90,73,1900.68,0.0
2022-05,C2023Q3,T03,C2023Q3T03,11,VIC1-NSW1,NSW1,173,118,501.23,0.0
2022-05,C2023Q3,T03,C2023Q3T03,11,VIC1-NSW1,VIC1,172,125,9680.0,0.0
2022-05,C2023Q4,T02,C2023Q4T02,11,NSW1-QLD1,NSW1,45,45,1501.0,0.0
2022-05,C2023Q4,T02,C2023Q4T02,11,NSW1-QLD1,QLD1,119,104,15459.87,0.0
2022-05,C2023Q4,T02,C2023Q4T02,11,V-SA,SA1,68,64,4204.0,0.0
2022-05,C2023Q4,T02,C2023Q4T02,11,V-SA,VIC1,77,73,2762.2,0.0
2022-05,C2023Q4,T02,C2023Q4T02,11,VIC1-NSW1,NSW1,141,111,587.25,0.0
2022-05,C2023Q4,T02,C2023Q4T02,11,VIC1-NSW1,VIC1,154,125,9570.43,0.0
2022-05,C2024Q1,T01,C2024Q1T01,11,NSW1-QLD1,NSW1,45,45,3591.0,0.0
2022-05,C2024Q1,T01,C2024Q1T01,11,NSW1-QLD1,QLD1,100,100,15267.0,0.0
2022-05,C2024Q1,T01,C2024Q1T01,11,V-SA,SA1,64,64,5154.0,0.0
2022-05,C2024Q1,T01,C2024Q1T01,11,V-SA,VIC1,73,73,6115.2,0.0
2022-05,C2024Q1,T01,C2024Q1T01,11,VIC1-NSW1,NSW1,108,108,4368.0,0.0
2022-05,C2024Q1,T01,C2024Q1T01,11,VIC1-NSW1,VIC1,125,125,12513.58,0.0
2022-05,C2021Q3,T12,C2021Q3T12,15,NSW1-QLD1,NSW1,105,55,2125.0,0.0
2022-05,C2021Q3,T12,C2021Q3T12,15,NSW1-QLD1,QLD1,252,134,10346.29,0.0
2022-05,C2021Q3,T12,C2021Q3T12,15,V-SA,SA1,134,66,4404.0,0.0
2022-05,C2021Q3,T12,C2021Q3T12,15,V-SA,VIC1,248,100,3500.0,0.0
2022-05,C2021Q3,T12,C2021Q3T12,15,VIC1-NSW1,NSW1,316,112,1006.0,0.0
2022-05,C2021Q3,T12,C2021Q3T12,15,VIC1-NSW1,VIC1,200,152,11396.0,0.0
2022-05,C2021Q4,T11,C2021Q4T11,15,NSW1-QLD1,NSW1,148,45,2218.0,0.0
2022-05,C2021Q4,T11,C2021Q4T11,15,NSW1-QLD1,QLD1,292,103,9780.23,0.0
2022-05,C2021Q4,T11,C2021Q4T11,15,V-SA,SA1,123,64,4816.92,0.0
2022-05,C2021Q4,T11,C2021Q4T11,15,V-SA,VIC1,134,86,5996.06,0.0
2022-05,C2021Q4,T11,C2021Q4T11,15,VIC1-NSW1,NSW1,168,108,754.0,0.0
2022-05,C2021Q4,T11,C2021Q4T11,15,VIC1-NSW1,VIC1,227,145,11721.25,0.0
2022-05,C2022Q1,T10,C2022Q1T10,15,NSW1-QLD1,NSW1,55,45,5267.0,0.0
2022-05,C2022Q1,T10,C2022Q1T10,15,NSW1-QLD1,QLD1,234,101,16460.75,0.0
2022-05,C2022Q1,T10,C2022Q1T10,15,V-SA,SA1,114,64,5707.0,0.0
2022-05,C2022Q1,T10,C2022Q1T10,15,V-SA,VIC1,103,73,8775.0,0.0
2022-05,C2022Q1,T10,C2022Q1T10,15,VIC1-NSW1,NSW1,176,108,5028.0,0.0
2022-05,C2022Q1,T10,C2022Q1T10,15,VIC1-NSW1,VIC1,301,125,15434.0,0.0
2022-05,C2022Q2,T09,C2022Q2T09,15,NSW1-QLD1,NSW1,110,45,1814.0,0.0
2022-05,C2022Q2,T09,C2022Q2T09,15,NSW1-QLD1,QLD1,192,120,11340.0,0.0
2022-05,C2022Q2,T09,C2022Q2T09,15,V-SA,SA1,108,64,3456.67,0.0
2022-05,C2022Q2,T09,C2022Q2T09,15,V-SA,VIC1,177,91,4700.93,0.0
2022-05,C2022Q2,T09,C2022Q2T09,15,VIC1-NSW1,NSW1,308,108,750.39,0.0
2022-05,C2022Q2,T09,C2022Q2T09,15,VIC1-NSW1,VIC1,175,138,11258.58,0.0
2022-05,C2022Q3,T08,C2022Q3T08,15,NSW1-QLD1,NSW1,80,45,1626.04,0.0
2022-05,C2022Q3,T08,C2022Q3T08,15,NSW1-QLD1,QLD1,195,101,13635.0,0.0
2022-05,C2022Q3,T08,C2022Q3T08,15,V-SA,SA1,130,64,4404.0,0.0
2022-05,C2022Q3,T08,C2022Q3T08,15,V-SA,VIC1,147,83,4774.0,0.0
2022-05,C2022Q3,T08,C2022Q3T08,15,VIC1-NSW1,NSW1,271,108,675.39,0.0
2022-05,C2022Q3,T08,C2022Q3T08,15,VIC1-NSW1,VIC1,219,125,11253.52,0.0
2022-05,C2022Q4,T07,C2022Q4T07,15,NSW1-QLD1,NSW1,55,45,2818.17,0.0
2022-05,C2022Q4,T07,C2022Q4T07,15,NSW1-QLD1,QLD1,236,101,11340.54,0.0
2022-05,C2022Q4,T07,C2022Q4T07,15,V-SA,SA1,105,64,4558.0,0.0
2022-05,C2022Q4,T07,C2022Q4T07,15,V-SA,VIC1,145,78,5961.6,0.0
2022-05,C2022Q4,T07,C2022Q4T07,15,VIC1-NSW1,NSW1,181,108,750.39,0.0
2022-05,C2022Q4,T07,C2022Q4T07,15,VIC1-NSW1,VIC1,217,125,13870.0,0.0
2022-05,C2023Q1,T06,C2023Q1T06,15,NSW1-QLD1,NSW1,55,45,5111.08,0.0
2022-05,C2023Q1,T06,C2023Q1T06,15,NSW1-QLD1,QLD1,248,100,16688.0,0.0
2022-05,C2023Q1,T06,C2023Q1T06,15,V-SA,SA1,87,64,5404.0,0.0
2022-05,C2023Q1,T06,C2023Q1T06,15,V-SA,VIC1,87,73,8400.96,0.0
2022-05,C2023Q1,T06,C2023Q1T06,15,VIC1-NSW1,NSW1,113,108,4752.0,0.0
2022-05,C2023Q1,T06,C2023Q1T06,15,VIC1-NSW1,VIC1,160,125,15641.97,0.0
2022-05,C2023Q2,T05,C2023Q2T05,15,NSW1-QLD1,NSW1,52,45,1205.0,0.0
2022-05,C2023Q2,T05,C2023Q2T05,15,NSW1-QLD1,QLD1,165,100,14906.89,0.0
2022-05,C2023Q2,T05,C2023Q2T05,15,V-SA,SA1,118,64,3225.85,0.0
2022-05,C2023Q2,T05,C2023Q2T05,15,V-SA,VIC1,117,79,3675.94,0.0
2022-05,C2023Q2,T05,C2023Q2T05,15,VIC1-NSW1,NSW1,281,108,652.0,0.0
2022-05,C2023Q2,T05,C2023Q2T05,15,VIC1-NSW1,VIC1,201,125,11878.0,0.0
2022-05,C2023Q3,T04,C2023Q3T04,15,NSW1-QLD1,NSW1,52,45,1226.0,0.0
2022-05,C2023Q3,T04,C2023Q3T04,15,NSW1-QLD1,QLD1,136,111,15300.29,0.0
2022-05,C2023Q3,T04,C2023Q3T04,15,V-SA,SA1,104,64,4014.0,0.0
2022-05,C2023Q3,T04,C2023Q3T04,15,V-SA,VIC1,83,73,4050.0,0.0
2022-05,C2023Q3,T04,C2023Q3T04,15,VIC1-NSW1,NSW1,188,108,675.39,0.0
2022-05,C2023Q3,T04,C2023Q3T04,15,VIC1-NSW1,VIC1,205,125,11712.8,0.0
2022-05,C2023Q4,T03,C2023Q4T03,15,NSW1-QLD1,NSW1,45,45,2476.65,0.0
2022-05,C2023Q4,T03,C2023Q4T03,15,NSW1-QLD1,QLD1,120,100,14572.8,0.0
2022-05,C2023Q4,T03,C2023Q4T03,15,V-SA,SA1,84,64,4247.0,0.0
2022-05,C2023Q4,T05,C2023Q4T05,15,V-SA,VIC1,88,73,8500.79,0.0
2022-05,C2023Q4,T05,C2023Q4T05,15,VIC1-NSW1,NSW1,158,108,1277.0,0.0
2022-05,C2023Q4,T05,C2023Q4T05,15,VIC1-NSW1,VIC1,195,125,18232.5,0.0
2022-05,C2024Q1,T04,C2024Q1T04,15,NSW1-QLD1,NSW1,45,45,7162.96,0.0
2022-05,C2024Q1,T04,C2024Q1T04,15,NSW1-QLD1,QLD1,134,101,20748.0,0.0
2022-05,C2024Q1,T04,C2024Q1T04,15,V-SA,SA1,64,64,6893.3,0.0
2022-05,C2024Q1,T04,C2024Q1T04,15,V-SA,VIC1,90,73,15000.0,0.0
2022-05,C2024Q1,T04,C2024Q1T04,15,VIC1-NSW1,NSW1,124,115,4370.2,0.0
2022-05,C2024Q1,T04,C2024Q1T04,15,VIC1-NSW1,VIC1,145,125,22368.05,0.0
2022-05,C2024Q2,T03,C2024Q2T03,15,NSW1-QLD1,NSW1,45,45,2579.0,0.0
2022-05,C2024Q2,T03,C2024Q2T03,15,NSW1-QLD1,QLD1,100,100,20748.0,0.0
2022-05,C2024Q2,T03,C2024Q2T03,15,V-SA,SA1,79,70,4462.18,0.0
2022-05,C2024Q2,T03,C2024Q2T03,15,V-SA,VIC1,73,73,7500.0,0.0
2022-05,C2024Q2,T03,C2024Q2T03,15,VIC1-NSW1,NSW1,138,108,1048.0,0.0
2022-05,C2024Q2,T03,C2024Q2T03,15,VIC1-NSW1,VIC1,125,125,14742.0,0.0
2022-05,C2024Q3,T02,C2024Q3T02,15,NSW1-QLD1,NSW1,45,45,2400.0,0.0
2022-05,C2024Q3,T02,C2024Q3T02,15,NSW1-QLD1,QLD1,100,100,19126.0,0.0
2022-05,C2024Q3,T02,C2024Q3T02,15,V-SA,SA1,78,75,5352.18,0.0
2022-05,C2024Q3,T02,C2024Q3T02,15,V-SA,VIC1,73,73,7500.0,0.0
2022-05,C2024Q3,T02,C2024Q3T02,15,VIC1-NSW1,NSW1,108,108,1058.0,0.0
2022-05,C2024Q3,T02,C2024Q3T02,15,VIC1-NSW1,VIC1,125,125,15002.0,0.0
2022-05,C2024Q4,T01,C2024Q4T01,15,NSW1-QLD1,NSW1,45,45,5006.08,0.0
2022-05,C2024Q4,T01,C2024Q4T01,15,NSW1-QLD1,QLD1,100,100,12909.44,0.0
2022-05,C2024Q4,T01,C2024Q4T01,15,V-SA,SA1,64,64,5561.0,0.0
2022-05,C2024Q4,T01,C2024Q4T01,15,V-SA,VIC1,73,73,8675.28,0.0
2022-05,C2024Q4,T01,C2024Q4T01,15,VIC1-NSW1,NSW1,108,108,1287.0,0.0
2022-05,C2024Q4,T01,C2024Q4T01,15,VIC1-NSW1,VIC1,125,125,17050.0,0.0
2022-05,C2022Q2,T12,C2022Q2T12,15,NSW1-QLD1,NSW1,127,100,4537.55,0.0
2022-05,C2022Q2,T12,C2022Q2T12,15,NSW1-QLD1,QLD1,207,100,7637.0,0.0
2022-05,C2022Q2,T12,C2022Q2T12,15,V-SA,SA1,106,66,4487.0,0.0
2022-05,C2022Q2,T12,C2022Q2T12,15,V-SA,VIC1,133,83,13539.0,0.0
2022-05,C2022Q2,T12,C2022Q2T12,15,VIC1-NSW1,NSW1,278,112,910.0,0.0
2022-05,C2022Q2,T12,C2022Q2T12,15,VIC1-NSW1,VIC1,225,125,19978.0,0.0
2022-05,C2022Q3,T11,C2022Q3T11,15,NSW1-QLD1,NSW1,84,60,4061.82,0.0
2022-05,C2022Q3,T11,C2022Q3T11,15,NSW1-QLD1,QLD1,244,100,13330.09,0.0
2022-05,C2022Q3,T11,C2022Q3T11,15,V-SA,SA1,113,64,5500.0,0.0
2022-05,C2022Q3,T11,C2022Q3T11,15,V-SA,VIC1,128,73,10000.0,0.0
2022-05,C2022Q3,T11,C2022Q3T11,15,VIC1-NSW1,NSW1,265,108,1198.0,0.0
2022-05,C2022Q3,T11,C2022Q3T11,15,VIC1-NSW1,VIC1,250,135,19272.0,0.0
2022-05,C2022Q4,T10,C2022Q4T10,15,NSW1-QLD1,NSW1,64,45,9300.0,0.0
2022-05,C2022Q4,T10,C2022Q4T10,15,NSW1-QLD1,QLD1,275,100,10925.0,0.0
2022-05,C2022Q4,T10,C2022Q4T10,15,V-SA,SA1,100,64,6046.0,0.0
2022-05,C2022Q4,T10,C2022Q4T10,15,V-SA,VIC1,158,73,10170.83,0.0
2022-05,C2022Q4,T10,C2022Q4T10,15,VIC1-NSW1,NSW1,174,112,1380.0,0.0
2022-05,C2022Q4,T10,C2022Q4T10,15,VIC1-NSW1,VIC1,268,135,24731.84,0.0
2022-05,C2023Q1,T09,C2023Q1T09,15,NSW1-QLD1,NSW1,64,48,15202.0,0.0
2022-05,C2023Q1,T09,C2023Q1T09,15,NSW1-QLD1,QLD1,281,104,17189.17,0.0
2022-05,C2023Q1,T09,C2023Q1T09,15,V-SA,SA1,94,70,6850.0,0.0
2022-05,C2023Q1,T09,C2023Q1T09,15,V-SA,VIC1,99,73,16760.83,0.0
2022-05,C2023Q1,T09,C2023Q1T09,15,VIC1-NSW1,NSW1,171,116,4500.0,0.0
2022-05,C2023Q1,T09,C2023Q1T09,15,VIC1-NSW1,VIC1,200,135,25200.26,0.0
2022-05,C2023Q2,T08,C2023Q2T08,15,NSW1-QLD1,NSW1,61,45,4000.0,0.0
2022-05,C2023Q2,T08,C2023Q2T08,15,NSW1-QLD1,QLD1,194,100,24489.09,0.0
2022-05,C2023Q2,T08,C2023Q2T08,15,V-SA,SA1,114,70,4843.0,0.0
2022-05,C2023Q2,T08,C2023Q2T08,15,V-SA,VIC1,108,73,11000.83,0.0
2022-05,C2023Q2,T08,C2023Q2T08,15,VIC1-NSW1,NSW1,301,109,1270.06,0.0
2022-05,C2023Q2,T08,C2023Q2T08,15,VIC1-NSW1,VIC1,205,125,22960.26,0.0
2022-05,C2023Q3,T07,C2023Q3T07,15,NSW1-QLD1,NSW1,70,45,3336.0,0.0
2022-05,C2023Q3,T07,C2023Q3T07,15,NSW1-QLD1,QLD1,150,100,24416.0,0.0
2022-05,C2023Q3,T07,C2023Q3T07,15,V-SA,SA1,109,64,5297.0,0.0
2022-05,C2023Q3,T07,C2023Q3T07,15,V-SA,VIC1,108,73,10920.83,0.0
2022-05,C2023Q3,T07,C2023Q3T07,15,VIC1-NSW1,NSW1,205,108,1250.0,0.0
2022-05,C2023Q3,T07,C2023Q3T07,15,VIC1-NSW1,VIC1,220,125,22640.26,0.0
2022-05,C2023Q4,T06,C2023Q4T06,15,NSW1-QLD1,NSW1,58,45,8510.0,0.0
2022-05,C2023Q4,T06,C2023Q4T06,15,NSW1-QLD1,QLD1,164,100,17384.0,0.0
2022-05,C2023Q4,T06,C2023Q4T06,15,V-SA,SA1,109,64,6050.0,0.0
2022-05,C2023Q4,T06,C2023Q4T06,15,V-SA,VIC1,88,73,9520.83,0.0
2022-05,C2023Q4,T06,C2023Q4T06,15,VIC1-NSW1,NSW1,143,114,1404.7,0.0
2022-05,C2023Q4,T06,C2023Q4T06,15,VIC1-NSW1,VIC1,217,125,24066.9,0.0
2022-05,C2024Q1,T05,C2024Q1T05,15,NSW1-QLD1,NSW1,48,45,9907.0,0.0
2022-05,C2024Q1,T05,C2024Q1T05,15,NSW1-QLD1,QLD1,130,100,22822.8,0.0
2022-05,C2024Q1,T05,C2024Q1T05,15,V-SA,SA1,64,64,7341.0,0.0
2022-05,C2024Q1,T05,C2024Q1T05,15,V-SA,VIC1,90,73,16500.0,0.0
2022-05,C2024Q1,T05,C2024Q1T05,15,VIC1-NSW1,NSW1,117,108,4368.0,0.0
2022-05,C2024Q1,T05,C2024Q1T05,15,VIC1-NSW1,VIC1,167,125,23800.26,0.0
2022-05,C2024Q2,T04,C2024Q2T04,15,NSW1-QLD1,NSW1,48,45,3307.0,0.0
2022-05,C2024Q2,T04,C2024Q2T04,15,NSW1-QLD1,QLD1,120,100,24438.96,0.0
2022-05,C2024Q2,T04,C2024Q2T04,15,V-SA,SA1,89,64,4732.0,0.0
2022-05,C2024Q2,T04,C2024Q2T04,15,V-SA,VIC1,73,73,9093.0,0.0
2022-05,C2024Q2,T04,C2024Q2T04,15,VIC1-NSW1,NSW1,164,108,1028.0,0.0
2022-05,C2024Q2,T04,C2024Q2T04,15,VIC1-NSW1,VIC1,152,125,16800.25,0.0
2022-05,C2024Q3,T03,C2024Q3T03,15,NSW1-QLD1,NSW1,48,45,3040.0,0.0
2022-05,C2024Q3,T03,C2024Q3T03,15,NSW1-QLD1,QLD1,108,100,21520.64,0.0
2022-05,C2024Q3,T03,C2024Q3T03,15,V-SA,SA1,67,64,4995.37,0.0
2022-05,C2024Q3,T03,C2024Q3T03,15,V-SA,VIC1,74,73,8996.83,0.0
2022-05,C2024Q3,T03,C2024Q3T03,15,VIC1-NSW1,NSW1,108,108,1000.0,0.0
2022-05,C2024Q3,T03,C2024Q3T03,15,VIC1-NSW1,VIC1,135,125,16502.2,0.0
2022-05,C2024Q4,T02,C2024Q4T02,15,NSW1-QLD1,NSW1,48,45,8504.0,0.0
2022-05,C2024Q4,T02,C2024Q4T02,15,NSW1-QLD1,QLD1,100,100,16000.0,0.0
2022-05,C2024Q4,T02,C2024Q4T02,15,V-SA,SA1,64,64,5521.0,0.0
2022-05,C2024Q4,T02,C2024Q4T02,15,V-SA,VIC1,73,73,10284.0,0.0
2022-05,C2024Q4,T02,C2024Q4T02,15,VIC1-NSW1,NSW1,108,108,1457.0,0.0
2022-05,C2024Q4,T02,C2024Q4T02,15,VIC1-NSW1,VIC1,150,125,20800.25,0.0
2022-05,C2025Q1,T01,C2025Q1T01,15,NSW1-QLD1,NSW1,45,45,9506.0,0.0
2022-05,C2025Q1,T01,C2025Q1T01,15,NSW1-QLD1,QLD1,100,100,23392.8,0.0
2022-05,C2025Q1,T01,C2025Q1T01,15,V-SA,SA1,64,64,7210.0,0.0
2022-05,C2025Q1,T01,C2025Q1T01,15,V-SA,VIC1,73,73,16000.0,0.0
2022-05,C2025Q1,T01,C2025Q1T01,15,VIC1-NSW1,NSW1,108,108,4320.0,0.0
2022-05,C2025Q1,T01,C2025Q1T01,15,VIC1-NSW1,VIC1,125,125,20971.0,0.0
2022-05,C2019Q4,T12,C2019Q4T12,13,NSW1-QLD1,NSW1,55,55,600.0,0.0
2022-05,C2019Q4,T12,C2019Q4T12,13,NSW1-QLD1,QLD1,100,100,14748.0,0.0
2022-05,C2019Q4,T12,C2019Q4T12,13,V-SA,SA1,66,66,6125.0,0.0
2022-05,C2019Q4,T12,C2019Q4T12,13,V-SA,VIC1,77,77,1905.0,0.0
2022-05,C2019Q4,T12,C2019Q4T12,13,VIC1-NSW1,NSW1,112,112,3975.91,0.0
2022-05,C2019Q4,T12,C2019Q4T12,13,VIC1-NSW1,VIC1,125,125,4978.0,0.0
2022-05,C2020Q1,T11,C2020Q1T11,13,NSW1-QLD1,NSW1,45,45,3050.0,0.0
2022-05,C2020Q1,T11,C2020Q1T11,13,NSW1-QLD1,QLD1,100,100,16005.0,0.0
2022-05,C2020Q1,T11,C2020Q1T11,13,V-SA,SA1,64,64,5204.0,0.0
2022-05,C2020Q1,T11,C2020Q1T11,13,V-SA,VIC1,73,73,7200.0,0.0
2022-05,C2020Q1,T11,C2020Q1T11,13,VIC1-NSW1,NSW1,108,108,14270.4,0.0
2022-05,C2020Q1,T11,C2020Q1T11,13,VIC1-NSW1,VIC1,125,125,5004.0,0.0
2022-05,C2020Q2,T10,C2020Q2T10,13,NSW1-QLD1,NSW1,45,45,226.0,0.0
2022-05,C2020Q2,T10,C2020Q2T10,13,NSW1-QLD1,QLD1,100,100,14479.92,0.0
2022-05,C2020Q2,T10,C2020Q2T10,13,V-SA,SA1,64,64,5044.0,0.0
2022-05,C2020Q2,T10,C2020Q2T10,13,V-SA,VIC1,73,73,1273.96,0.0
2022-05,C2020Q2,T10,C2020Q2T10,13,VIC1-NSW1,NSW1,108,108,2500.15,0.0
2022-05,C2020Q2,T10,C2020Q2T10,13,VIC1-NSW1,VIC1,125,125,3999.8,0.0
2022-05,C2020Q3,T09,C2020Q3T09,13,NSW1-QLD1,NSW1,45,45,254.0,0.0
2022-05,C2020Q3,T09,C2020Q3T09,13,NSW1-QLD1,QLD1,100,100,13976.64,0.0
2022-05,C2020Q3,T09,C2020Q3T09,13,V-SA,SA1,64,64,9251.0,0.0
2022-05,C2020Q3,T09,C2020Q3T09,13,V-SA,VIC1,73,73,1092.5,0.0
2022-05,C2020Q3,T09,C2020Q3T09,13,VIC1-NSW1,NSW1,108,108,1950.0,0.0
2022-05,C2020Q3,T09,C2020Q3T09,13,VIC1-NSW1,VIC1,125,125,4999.95,0.0
2022-05,C2020Q4,T08,C2020Q4T08,13,NSW1-QLD1,NSW1,45,45,600.0,0.0
2022-05,C2020Q4,T08,C2020Q4T08,13,NSW1-QLD1,QLD1,100,100,12806.4,0.0
2022-05,C2020Q4,T08,C2020Q4T08,13,V-SA,SA1,64,64,7955.0,0.0
2022-05,C2020Q4,T08,C2020Q4T08,13,V-SA,VIC1,73,73,1504.0,0.0
2022-05,C2020Q4,T08,C2020Q4T08,13,VIC1-NSW1,NSW1,108,108,2625.0,0.0
2022-05,C2020Q4,T08,C2020Q4T08,13,VIC1-NSW1,VIC1,125,125,6200.0,0.0
2022-05,C2021Q1,T07,C2021Q1T07,13,NSW1-QLD1,NSW1,45,45,3175.0,0.0
2022-05,C2021Q1,T07,C2021Q1T07,13,NSW1-QLD1,QLD1,100,100,13335.0,0.0
2022-05,C2021Q1,T07,C2021Q1T07,13,V-SA,SA1,64,64,6178.26,0.0
2022-05,C2021Q1,T07,C2021Q1T07,13,V-SA,VIC1,73,73,5961.6,0.0
2022-05,C2021Q1,T07,C2021Q1T07,13,VIC1-NSW1,NSW1,108,108,6975.0,0.0
2022-05,C2021Q1,T07,C2021Q1T07,13,VIC1-NSW1,VIC1,125,125,5500.0,0.0
2022-05,C2021Q2,T06,C2021Q2T06,13,NSW1-QLD1,NSW1,45,45,226.0,0.0
2022-05,C2021Q2,T06,C2021Q2T06,13,NSW1-QLD1,QLD1,100,100,11003.0,0.0
2022-05,C2021Q2,T06,C2021Q2T06,13,V-SA,SA1,64,64,7005.05,0.0
2022-05,C2021Q2,T06,C2021Q2T06,13,V-SA,VIC1,73,73,1528.8,0.0
2022-05,C2021Q2,T06,C2021Q2T06,13,VIC1-NSW1,NSW1,108,108,1659.84,0.0
2022-05,C2021Q2,T06,C2021Q2T06,13,VIC1-NSW1,VIC1,125,125,6200.0,0.0
2022-05,C2021Q3,T05,C2021Q3T05,13,NSW1-QLD1,NSW1,45,45,800.0,0.0
2022-05,C2021Q3,T05,C2021Q3T05,13,NSW1-QLD1,QLD1,100,100,11542.0,0.0
2022-05,C2021Q3,T05,C2021Q3T05,13,V-SA,SA1,64,64,9967.0,0.0
2022-05,C2021Q3,T05,C2021Q3T05,13,V-SA,VIC1,73,73,1662.5,0.0
2022-05,C2021Q3,T05,C2021Q3T05,13,VIC1-NSW1,NSW1,108,108,1650.0,0.0
2022-05,C2021Q3,T05,C2021Q3T05,13,VIC1-NSW1,VIC1,125,125,6200.0,0.0
2022-05,C2021Q4,T04,C2021Q4T04,13,NSW1-QLD1,NSW1,45,45,800.0,0.0
2022-05,C2021Q4,T04,C2021Q4T04,13,NSW1-QLD1,QLD1,100,100,10666.0,0.0
2022-05,C2021Q4,T04,C2021Q4T04,13,V-SA,SA1,64,64,6911.0,0.0
2022-05,C2021Q4,T04,C2021Q4T04,13,V-SA,VIC1,73,73,1729.0,0.0
2022-05,C2021Q4,T04,C2021Q4T04,13,VIC1-NSW1,NSW1,108,108,2208.0,0.0
2022-05,C2021Q4,T04,C2021Q4T04,13,VIC1-NSW1,VIC1,125,125,6200.0,0.0
2022-05,C2022Q1,T03,C2022Q1T03,13,NSW1-QLD1,NSW1,45,45,3175.0,0.0
2022-05,C2022Q1,T03,C2022Q1T03,13,NSW1-QLD1,QLD1,100,100,10250.0,0.0
2022-05,C2022Q1,T03,C2022Q1T03,13,V-SA,SA1,64,64,5533.0,0.0
2022-05,C2022Q1,T03,C2022Q1T03,13,V-SA,VIC1,73,73,5336.0,0.0
2022-05,C2022Q1,T03,C2022Q1T03,13,VIC1-NSW1,NSW1,108,108,5464.8,0.0
2022-05,C2022Q1,T03,C2022Q1T03,13,VIC1-NSW1,VIC1,125,125,6200.0,0.0
2022-05,C2022Q2,T02,C2022Q2T02,13,NSW1-QLD1,NSW1,45,45,305.05,0.0
2022-05,C2022Q2,T02,C2022Q2T02,13,NSW1-QLD1,QLD1,100,100,10750.0,0.0
2022-05,C2022Q2,T02,C2022Q2T02,13,V-SA,SA1,64,64,6592.8,0.0
2022-05,C2022Q2,T02,C2022Q2T02,13,V-SA,VIC1,73,73,1400.0,0.0
2022-05,C2022Q2,T02,C2022Q2T02,13,VIC1-NSW1,NSW1,108,108,1638.0,0.0
2022-05,C2022Q2,T02,C2022Q2T02,13,VIC1-NSW1,VIC1,125,125,6200.0,0.0
2022-05,C2022Q3,T01,C2022Q3T01,13,NSW1-QLD1,NSW1,45,45,800.0,0.0
2022-05,C2022Q3,T01,C2022Q3T01,13,NSW1-QLD1,QLD1,100,100,10465.92,0.0
2022-05,C2022Q3,T01,C2022Q3T01,13,V-SA,SA1,64,64,9967.0,0.0
2022-05,C2022Q3,T01,C2022Q3T01,13,V-SA,VIC1,73,73,1662.5,0.0
2022-05,C2022Q3,T01,C2022Q3T01,13,VIC1-NSW1,NSW1,108,108,1656.0,0.0
2022-05,C2022Q3,T01,C2022Q3T01,13,VIC1-NSW1,VIC1,125,125,6200.0,0.0
2022-05,C2020Q1,T12,C2020Q1T12,33,NSW1-QLD1,NSW1,147,55,2184.0,0.0
2022-05,C2020Q1,T12,C2020Q1T12,33,NSW1-QLD1,QLD1,315,111,13000.0,0.0
2022-05,C2020Q1,T12,C2020Q1T12,33,V-SA,SA1,93,66,8099.0,0.0
2022-05,C2020Q1,T12,C2020Q1T12,33,V-SA,VIC1,139,78,5500.0,0.0
2022-05,C2020Q1,T12,C2020Q1T12,33,VIC1-NSW1,NSW1,280,138,10576.0,0.0
2022-05,C2020Q1,T12,C2020Q1T12,33,VIC1-NSW1,VIC1,432,125,3600.0,0.0
2022-05,C2020Q2,T11,C2020Q2T11,33,NSW1-QLD1,NSW1,112,45,207.96,0.0
2022-05,C2020Q2,T11,C2020Q2T11,33,NSW1-QLD1,QLD1,248,105,14200.0,0.0
2022-05,C2020Q2,T11,C2020Q2T11,33,V-SA,SA1,74,64,10088.0,0.0
2022-05,C2020Q2,T11,C2020Q2T11,33,V-SA,VIC1,185,73,1208.95,0.0
2022-05,C2020Q2,T11,C2020Q2T11,33,VIC1-NSW1,NSW1,211,108,2839.0,0.0
2022-05,C2020Q2,T11,C2020Q2T11,33,VIC1-NSW1,VIC1,297,125,2807.0,0.0
2022-05,C2020Q3,T10,C2020Q3T10,33,NSW1-QLD1,NSW1,112,45,200.0,0.0
2022-05,C2020Q3,T10,C2020Q3T10,33,NSW1-QLD1,QLD1,240,100,16889.0,0.0
2022-05,C2020Q3,T10,C2020Q3T10,33,V-SA,SA1,74,64,12250.0,0.0
2022-05,C2020Q3,T10,C2020Q3T10,33,V-SA,VIC1,185,73,1100.0,0.0
2022-05,C2020Q3,T10,C2020Q3T10,33,VIC1-NSW1,NSW1,239,108,2437.5,0.0
2022-05,C2020Q3,T10,C2020Q3T10,33,VIC1-NSW1,VIC1,297,125,3957.0,0.0
2022-05,C2020Q4,T09,C2020Q4T09,33,NSW1-QLD1,NSW1,170,45,675.0,0.0
2022-05,C2020Q4,T09,C2020Q4T09,33,NSW1-QLD1,QLD1,228,100,14200.0,0.0
2022-05,C2020Q4,T09,C2020Q4T09,33,V-SA,SA1,74,64,13751.0,0.0
2022-05,C2020Q4,T09,C2020Q4T09,33,V-SA,VIC1,163,73,1278.4,0.0
2022-05,C2020Q4,T09,C2020Q4T09,33,VIC1-NSW1,NSW1,204,109,3000.0,0.0
2022-05,C2020Q4,T09,C2020Q4T09,33,VIC1-NSW1,VIC1,243,125,5503.0,0.0
2022-05,C2021Q1,T08,C2021Q1T08,33,NSW1-QLD1,NSW1,69,45,2500.0,0.0
2022-05,C2021Q1,T08,C2021Q1T08,33,NSW1-QLD1,QLD1,256,100,13517.0,0.0
2022-05,C2021Q1,T08,C2021Q1T08,33,V-SA,SA1,78,64,7413.91,0.0
2022-05,C2021Q1,T08,C2021Q1T08,33,V-SA,VIC1,89,73,2666.0,0.0
2022-05,C2021Q1,T08,C2021Q1T08,33,VIC1-NSW1,NSW1,137,119,8718.75,0.0
2022-05,C2021Q1,T08,C2021Q1T08,33,VIC1-NSW1,VIC1,313,125,5620.0,0.0
2022-05,C2021Q2,T07,C2021Q2T07,33,NSW1-QLD1,NSW1,89,45,150.0,0.0
2022-05,C2021Q2,T07,C2021Q2T07,33,NSW1-QLD1,QLD1,159,100,10679.76,0.0
2022-05,C2021Q2,T07,C2021Q2T07,33,V-SA,SA1,74,64,10507.57,0.0
2022-05,C2021Q2,T07,C2021Q2T07,33,V-SA,VIC1,147,73,1509.0,0.0
2022-05,C2021Q2,T07,C2021Q2T07,33,VIC1-NSW1,NSW1,144,108,1706.0,0.0
2022-05,C2021Q2,T07,C2021Q2T07,33,VIC1-NSW1,VIC1,189,125,4793.0,0.0
2022-05,C2021Q3,T06,C2021Q3T06,33,NSW1-QLD1,NSW1,48,45,245.0,0.0
2022-05,C2021Q3,T06,C2021Q3T06,33,NSW1-QLD1,QLD1,171,100,11542.0,0.0
2022-05,C2021Q3,T06,C2021Q3T06,33,V-SA,SA1,74,64,10005.0,0.0
2022-05,C2021Q3,T06,C2021Q3T06,33,V-SA,VIC1,119,73,1413.12,0.0
2022-05,C2021Q3,T06,C2021Q3T06,33,VIC1-NSW1,NSW1,187,108,1656.0,0.0
2022-05,C2021Q3,T06,C2021Q3T06,33,VIC1-NSW1,VIC1,183,125,5420.0,0.0
2022-05,C2021Q4,T05,C2021Q4T05,33,NSW1-QLD1,NSW1,74,45,700.0,0.0
2022-05,C2021Q4,T05,C2021Q4T05,33,NSW1-QLD1,QLD1,135,100,10666.0,0.0
2022-05,C2021Q4,T05,C2021Q4T05,33,V-SA,SA1,74,64,12501.0,0.0
2022-05,C2021Q4,T05,C2021Q4T05,33,V-SA,VIC1,119,73,1642.55,0.0
2022-05,C2021Q4,T05,C2021Q4T05,33,VIC1-NSW1,NSW1,144,108,2002.0,0.0
2022-05,C2021Q4,T05,C2021Q4T05,33,VIC1-NSW1,VIC1,162,125,5270.0,0.0
2022-05,C2022Q1,T04,C2022Q1T04,33,NSW1-QLD1,NSW1,56,45,2222.5,0.0
2022-05,C2022Q1,T04,C2022Q1T04,33,NSW1-QLD1,QLD1,135,100,8512.0,0.0
2022-05,C2022Q1,T04,C2022Q1T04,33,V-SA,SA1,64,64,5540.0,0.0
2022-05,C2022Q1,T04,C2022Q1T04,33,V-SA,VIC1,88,73,2800.0,0.0
2022-05,C2022Q1,T04,C2022Q1T04,33,VIC1-NSW1,NSW1,113,108,6010.0,0.0
2022-05,C2022Q1,T04,C2022Q1T04,33,VIC1-NSW1,VIC1,217,125,5890.0,0.0
2022-05,C2022Q2,T03,C2022Q2T03,33,NSW1-QLD1,NSW1,50,45,200.0,0.0
2022-05,C2022Q2,T03,C2022Q2T03,33,NSW1-QLD1,QLD1,100,100,10750.0,0.0
2022-05,C2022Q2,T03,C2022Q2T03,33,V-SA,SA1,64,64,9889.2,0.0
2022-05,C2022Q2,T03,C2022Q2T03,33,V-SA,VIC1,88,73,1000.0,0.0
2022-05,C2022Q2,T03,C2022Q2T03,33,VIC1-NSW1,NSW1,134,108,1747.0,0.0
2022-05,C2023Q4,T03,C2023Q4T03,15,V-SA,VIC1,76,73,4200.97,0.0
2022-05,C2023Q4,T03,C2023Q4T03,15,VIC1-NSW1,NSW1,128,108,744.75,0.0
2022-05,C2023Q4,T03,C2023Q4T03,15,VIC1-NSW1,VIC1,166,125,12750.0,0.0
2022-05,C2024Q1,T02,C2024Q1T02,15,NSW1-QLD1,NSW1,45,45,4962.58,0.0
2022-05,C2024Q1,T02,C2024Q1T02,15,NSW1-QLD1,QLD1,113,100,18007.0,0.0
2022-05,C2024Q1,T02,C2024Q1T02,15,V-SA,SA1,64,64,4504.0,0.0
2022-05,C2024Q1,T02,C2024Q1T02,15,V-SA,VIC1,73,73,7213.0,0.0
2022-05,C2024Q1,T02,C2024Q1T02,15,VIC1-NSW1,NSW1,108,108,4200.39,0.0
2022-05,C2024Q1,T02,C2024Q1T02,15,VIC1-NSW1,VIC1,133,125,15642.0,0.0
2022-05,C2024Q2,T01,C2024Q2T01,15,NSW1-QLD1,NSW1,45,45,1455.0,0.0
2022-05,C2024Q2,T01,C2024Q2T01,15,NSW1-QLD1,QLD1,100,100,15267.0,0.0
2022-05,C2024Q2,T01,C2024Q2T01,15,V-SA,SA1,64,64,3300.85,0.0
2022-05,C2024Q2,T01,C2024Q2T01,15,V-SA,VIC1,73,73,4086.47,0.0
2022-05,C2024Q2,T01,C2024Q2T01,15,VIC1-NSW1,NSW1,108,108,600.0,0.0
2022-05,C2024Q2,T01,C2024Q2T01,15,VIC1-NSW1,VIC1,125,125,11445.72,0.0
2022-05,C2021Q4,T12,C2021Q4T12,14,NSW1-QLD1,NSW1,87,55,5000.0,0.0
2022-05,C2021Q4,T12,C2021Q4T12,14,NSW1-QLD1,QLD1,275,100,8675.0,0.0
2022-05,C2021Q4,T12,C2021Q4T12,14,V-SA,SA1,90,66,5204.0,0.0
2022-05,C2021Q4,T12,C2021Q4T12,14,V-SA,VIC1,120,77,7001.0,0.0
2022-05,C2021Q4,T12,C2021Q4T12,14,VIC1-NSW1,NSW1,192,112,1004.0,0.0
2022-05,C2021Q4,T12,C2021Q4T12,14,VIC1-NSW1,VIC1,281,125,15500.0,0.0
2022-05,C2022Q1,T11,C2022Q1T11,14,NSW1-QLD1,NSW1,48,45,6584.0,0.0
2022-05,C2022Q1,T11,C2022Q1T11,14,NSW1-QLD1,QLD1,224,103,14560.59,0.0
2022-05,C2022Q1,T11,C2022Q1T11,14,V-SA,SA1,97,65,6277.7,0.0
2022-05,C2022Q1,T11,C2022Q1T11,14,V-SA,VIC1,96,74,10296.0,0.0
2022-05,C2022Q1,T11,C2022Q1T11,14,VIC1-NSW1,NSW1,226,128,4860.0,0.0
2022-05,C2022Q1,T11,C2022Q1T11,14,VIC1-NSW1,VIC1,267,144,17380.87,0.0
2022-05,C2022Q2,T10,C2022Q2T10,14,NSW1-QLD1,NSW1,45,45,2750.0,0.0
2022-05,C2022Q2,T10,C2022Q2T10,14,NSW1-QLD1,QLD1,187,100,13750.0,0.0
2022-05,C2022Q2,T10,C2022Q2T10,14,V-SA,SA1,90,64,3841.0,0.0
2022-05,C2022Q2,T10,C2022Q2T10,14,V-SA,VIC1,167,82,5171.02,0.0
2022-05,C2022Q2,T10,C2022Q2T10,14,VIC1-NSW1,NSW1,306,108,1204.0,0.0
2022-05,C2022Q2,T10,C2022Q2T10,14,VIC1-NSW1,VIC1,161,125,13750.0,0.0
2022-05,C2022Q3,T09,C2022Q3T09,14,NSW1-QLD1,NSW1,45,45,2439.06,0.0
2022-05,C2022Q3,T09,C2022Q3T09,14,NSW1-QLD1,QLD1,192,100,15250.0,0.0
2022-05,C2022Q3,T09,C2022Q3T09,14,V-SA,SA1,112,64,4763.0,0.0
2022-05,C2022Q3,T09,C2022Q3T09,14,V-SA,VIC1,125,73,6000.0,0.0
2022-05,C2022Q3,T09,C2022Q3T09,14,VIC1-NSW1,NSW1,272,108,1204.0,0.0
2022-05,C2022Q3,T09,C2022Q3T09,14,VIC1-NSW1,VIC1,201,125,13616.76,0.0
2022-05,C2022Q4,T08,C2022Q4T08,14,NSW1-QLD1,NSW1,45,45,4007.9,0.0
2022-05,C2022Q4,T08,C2022Q4T08,14,NSW1-QLD1,QLD1,201,100,12474.59,0.0
2022-05,C2022Q4,T08,C2022Q4T08,14,V-SA,SA1,85,64,5036.0,0.0
2022-05,C2022Q4,T08,C2022Q4T08,14,V-SA,VIC1,147,73,6731.0,0.0
2022-05,C2022Q4,T08,C2022Q4T08,14,VIC1-NSW1,NSW1,174,108,1078.0,0.0
2022-05,C2022Q4,T08,C2022Q4T08,14,VIC1-NSW1,VIC1,258,125,16782.7,0.0
2022-05,C2023Q1,T07,C2023Q1T07,14,NSW1-QLD1,NSW1,45,45,6133.29,0.0
2022-05,C2023Q1,T07,C2023Q1T07,14,NSW1-QLD1,QLD1,242,110,18000.0,0.0
2022-05,C2023Q1,T07,C2023Q1T07,14,V-SA,SA1,81,64,6000.0,0.0
2022-05,C2023Q1,T07,C2023Q1T07,14,V-SA,VIC1,98,74,10165.16,0.0
2022-05,C2023Q1,T07,C2023Q1T07,14,VIC1-NSW1,NSW1,118,108,4989.6,0.0
2022-05,C2023Q1,T07,C2023Q1T07,14,VIC1-NSW1,VIC1,202,130,19250.87,0.0
2022-05,C2023Q2,T06,C2023Q2T06,14,NSW1-QLD1,NSW1,47,45,2000.0,0.0
2022-05,C2023Q2,T06,C2023Q2T06,14,NSW1-QLD1,QLD1,157,100,17909.89,0.0
2022-05,C2023Q2,T06,C2023Q2T06,14,V-SA,SA1,133,64,3548.44,0.0
2022-05,C2023Q2,T06,C2023Q2T06,14,V-SA,VIC1,106,73,5460.0,0.0
2022-05,C2023Q2,T06,C2023Q2T06,14,VIC1-NSW1,NSW1,301,108,1004.0,0.0
2022-05,C2023Q2,T06,C2023Q2T06,14,VIC1-NSW1,VIC1,192,125,15441.4,0.0
2022-05,C2023Q3,T05,C2023Q3T05,14,NSW1-QLD1,NSW1,51,45,2000.0,0.0
2022-05,C2023Q3,T05,C2023Q3T05,14,NSW1-QLD1,QLD1,126,100,19125.36,0.0
2022-05,C2023Q3,T05,C2023Q3T05,14,V-SA,SA1,114,64,4080.9,0.0
2022-05,C2023Q3,T05,C2023Q3T05,14,V-SA,VIC1,96,73,5931.0,0.0
2022-05,C2023Q3,T05,C2023Q3T05,14,VIC1-NSW1,NSW1,154,108,1104.0,0.0
2022-05,C2023Q3,T05,C2023Q3T05,14,VIC1-NSW1,VIC1,191,125,15226.64,0.0
2022-05,C2023Q4,T04,C2023Q4T04,14,NSW1-QLD1,NSW1,45,45,3343.47,0.0
2022-05,C2023Q4,T04,C2023Q4T04,14,NSW1-QLD1,QLD1,120,100,16440.0,0.0
2022-05,C2023Q4,T04,C2023Q4T04,14,V-SA,SA1,90,64,4452.0,0.0
2022-05,C2023Q4,T04,C2023Q4T04,14,V-SA,VIC1,87,73,7728.0,0.0
2022-05,C2023Q4,T04,C2023Q4T04,14,VIC1-NSW1,NSW1,138,108,1170.0,0.0
2022-05,C2023Q4,T04,C2023Q4T04,14,VIC1-NSW1,VIC1,186,125,16575.0,0.0
2022-05,C2024Q1,T03,C2024Q1T03,14,NSW1-QLD1,NSW1,45,45,5458.84,0.0
2022-05,C2024Q1,T03,C2024Q1T03,14,NSW1-QLD1,QLD1,113,100,19807.7,0.0
2022-05,C2024Q1,T03,C2024Q1T03,14,V-SA,SA1,68,64,4754.0,0.0
2022-05,C2024Q1,T03,C2024Q1T03,14,V-SA,VIC1,85,73,9761.0,0.0
2022-05,C2024Q1,T03,C2024Q1T03,14,VIC1-NSW1,NSW1,114,108,4620.43,0.0
2022-05,C2024Q1,T03,C2024Q1T03,14,VIC1-NSW1,VIC1,133,133,20334.59,0.0
2022-05,C2024Q2,T02,C2024Q2T02,14,NSW1-QLD1,NSW1,45,45,2000.0,0.0
2022-05,C2024Q2,T02,C2024Q2T02,14,NSW1-QLD1,QLD1,100,100,20407.93,0.0
2022-05,C2024Q2,T02,C2024Q2T02,14,V-SA,SA1,82,64,3186.17,0.0
2022-05,C2024Q2,T02,C2024Q2T02,14,V-SA,VIC1,73,73,5460.0,0.0
2022-05,C2024Q2,T02,C2024Q2T02,14,VIC1-NSW1,NSW1,164,108,1004.0,0.0
2022-05,C2024Q2,T02,C2024Q2T02,14,VIC1-NSW1,VIC1,126,125,14879.43,0.0
2022-05,C2024Q3,T01,C2024Q3T01,14,NSW1-QLD1,NSW1,45,45,2000.0,0.0
2022-05,C2024Q3,T01,C2024Q3T01,14,NSW1-QLD1,QLD1,100,100,19125.36,0.0
2022-05,C2024Q3,T01,C2024Q3T01,14,V-SA,SA1,64,64,3746.4,0.0
2022-05,C2024Q3,T01,C2024Q3T01,14,V-SA,VIC1,73,73,6000.0,0.0
2022-05,C2024Q3,T01,C2024Q3T01,14,VIC1-NSW1,NSW1,108,108,1046.85,0.0
2022-05,C2024Q3,T01,C2024Q3T01,14,VIC1-NSW1,VIC1,125,125,15226.64,0.0
2022-05,C2022Q1,T12,C2022Q1T12,13,NSW1-QLD1,NSW1,94,60,12123.0,0.0
2022-05,C2022Q1,T12,C2022Q1T12,13,NSW1-QLD1,QLD1,329,106,10987.65,0.0
2022-05,C2022Q1,T12,C2022Q1T12,13,V-SA,SA1,111,84,6593.0,0.0
2022-05,C2022Q1,T12,C2022Q1T12,13,V-SA,VIC1,112,77,12500.0,0.0
2022-05,C2022Q1,T12,C2022Q1T12,13,VIC1-NSW1,NSW1,186,137,4320.0,0.0
2022-05,C2022Q1,T12,C2022Q1T12,13,VIC1-NSW1,VIC1,349,125,19422.49,0.0
2022-05,C2022Q2,T11,C2022Q2T11,13,NSW1-QLD1,NSW1,83,55,3906.0,0.0
2022-05,C2022Q2,T11,C2022Q2T11,13,NSW1-QLD1,QLD1,251,100,9350.0,0.0
2022-05,C2022Q2,T11,C2022Q2T11,13,V-SA,SA1,114,66,5192.0,0.0
2022-05,C2022Q2,T11,C2022Q2T11,13,V-SA,VIC1,133,73,7050.0,0.0
2022-05,C2022Q2,T11,C2022Q2T11,13,VIC1-NSW1,NSW1,317,151,1240.0,0.0
2022-05,C2022Q2,T11,C2022Q2T11,13,VIC1-NSW1,VIC1,223,145,15000.0,0.0
2022-05,C2022Q3,T10,C2022Q3T10,13,NSW1-QLD1,NSW1,83,55,2993.94,0.0
2022-05,C2022Q3,T10,C2022Q3T10,13,NSW1-QLD1,QLD1,278,114,12750.0,0.0
2022-05,C2022Q3,T10,C2022Q3T10,13,V-SA,SA1,136,79,5655.55,0.0
2022-05,C2022Q3,T10,C2022Q3T10,13,V-SA,VIC1,133,73,7533.33,0.0
2022-05,C2022Q3,T10,C2022Q3T10,13,VIC1-NSW1,NSW1,265,126,1385.2,0.0
2022-05,C2022Q3,T10,C2022Q3T10,13,VIC1-NSW1,VIC1,263,131,13000.0,0.0
2022-05,C2022Q4,T09,C2022Q4T09,13,NSW1-QLD1,NSW1,73,45,6000.0,0.0
2022-05,C2022Q4,T09,C2022Q4T09,13,NSW1-QLD1,QLD1,285,100,9445.0,0.0
2022-05,C2022Q4,T09,C2022Q4T09,13,V-SA,SA1,108,64,6132.43,0.0
2022-05,C2022Q4,T09,C2022Q4T09,13,V-SA,VIC1,153,73,7940.85,0.0
2022-05,C2022Q4,T09,C2022Q4T09,13,VIC1-NSW1,NSW1,174,108,1200.0,0.0
2022-05,C2022Q4,T09,C2022Q4T09,13,VIC1-NSW1,VIC1,261,128,19024.49,0.0
2022-05,C2023Q1,T08,C2023Q1T08,13,NSW1-QLD1,NSW1,73,45,7800.94,0.0
2022-05,C2023Q1,T08,C2023Q1T08,13,NSW1-QLD1,QLD1,271,105,15164.59,0.0
2022-05,C2023Q1,T08,C2023Q1T08,13,V-SA,SA1,87,77,6603.0,0.0
2022-05,C2023Q1,T08,C2023Q1T08,13,V-SA,VIC1,104,73,13365.0,0.0
2022-05,C2023Q1,T08,C2023Q1T08,13,VIC1-NSW1,NSW1,153,110,4551.0,0.0
2022-05,C2023Q1,T08,C2023Q1T08,13,VIC1-NSW1,VIC1,165,125,21175.95,0.0
2022-05,C2023Q2,T07,C2023Q2T07,13,NSW1-QLD1,NSW1,71,45,2410.0,0.0
2022-05,C2023Q2,T07,C2023Q2T07,13,NSW1-QLD1,QLD1,220,100,17015.0,0.0
2022-05,C2023Q2,T07,C2023Q2T07,13,V-SA,SA1,129,86,4403.0,0.0
2022-05,C2023Q2,T07,C2023Q2T07,13,V-SA,VIC1,113,73,6606.6,0.0
2022-05,C2023Q2,T07,C2023Q2T07,13,VIC1-NSW1,NSW1,188,108,1104.4,0.0
2022-05,C2023Q2,T07,C2023Q2T07,13,VIC1-NSW1,VIC1,223,125,15820.49,0.0
2022-05,C2023Q3,T06,C2023Q3T06,13,NSW1-QLD1,NSW1,75,45,2400.0,0.0
2022-05,C2023Q3,T06,C2023Q3T06,13,NSW1-QLD1,QLD1,170,100,18260.0,0.0
2022-05,C2023Q3,T06,C2023Q3T06,13,V-SA,SA1,118,72,5000.0,0.0
2022-05,C2023Q3,T06,C2023Q3T06,13,V-SA,VIC1,103,73,7500.0,0.0
2022-05,C2023Q3,T06,C2023Q3T06,13,VIC1-NSW1,NSW1,175,108,1106.0,0.0
2022-05,C2023Q3,T06,C2023Q3T06,13,VIC1-NSW1,VIC1,203,125,15590.49,0.0
2022-05,C2023Q4,T05,C2023Q4T05,13,NSW1-QLD1,NSW1,65,45,5349.55,0.0
2022-05,C2022Q2,T03,C2022Q2T03,33,VIC1-NSW1,VIC1,125,125,5822.0,0.0
2022-05,C2022Q3,T02,C2022Q3T02,33,NSW1-QLD1,NSW1,45,45,220.0,0.0
2022-05,C2022Q3,T02,C2022Q3T02,33,NSW1-QLD1,QLD1,100,100,10465.92,0.0
2022-05,C2022Q3,T02,C2022Q3T02,33,V-SA,SA1,64,64,10006.0,0.0
2022-05,C2022Q3,T02,C2022Q3T02,33,V-SA,VIC1,74,73,1000.0,0.0
2022-05,C2022Q3,T02,C2022Q3T02,33,VIC1-NSW1,NSW1,113,108,1656.0,0.0
2022-05,C2022Q3,T02,C2022Q3T02,33,VIC1-NSW1,VIC1,125,125,5822.0,0.0
2022-05,C2022Q4,T01,C2022Q4T01,33,NSW1-QLD1,NSW1,45,45,625.0,0.0
2022-05,C2022Q4,T01,C2022Q4T01,33,NSW1-QLD1,QLD1,100,100,10666.0,0.0
2022-05,C2022Q4,T01,C2022Q4T01,33,V-SA,SA1,64,64,12501.0,0.0
2022-05,C2022Q4,T01,C2022Q4T01,33,V-SA,VIC1,73,73,1346.0,0.0
2022-05,C2022Q4,T01,C2022Q4T01,33,VIC1-NSW1,NSW1,108,108,2208.0,0.0
2022-05,C2022Q4,T01,C2022Q4T01,33,VIC1-NSW1,VIC1,125,125,5979.0,0.0
2022-05,C2020Q2,T12,C2020Q2T12,44,NSW1-QLD1,NSW1,90,55,174.14,0.0
2022-05,C2020Q2,T12,C2020Q2T12,44,NSW1-QLD1,QLD1,230,107,13890.24,0.0
2022-05,C2020Q2,T12,C2020Q2T12,44,V-SA,SA1,96,66,10592.4,0.0
2022-05,C2020Q2,T12,C2020Q2T12,44,V-SA,VIC1,177,77,1250.0,0.0
2022-05,C2020Q2,T12,C2020Q2T12,44,VIC1-NSW1,NSW1,286,132,1482.0,0.0
2022-05,C2020Q2,T12,C2020Q2T12,44,VIC1-NSW1,VIC1,335,155,5865.0,0.0
2022-05,C2020Q3,T11,C2020Q3T11,44,NSW1-QLD1,NSW1,80,45,164.27,0.0
2022-05,C2020Q3,T11,C2020Q3T11,44,NSW1-QLD1,QLD1,200,100,14862.32,0.0
2022-05,C2020Q3,T11,C2020Q3T11,44,V-SA,SA1,84,64,13752.0,0.0
2022-05,C2020Q3,T11,C2020Q3T11,44,V-SA,VIC1,148,73,1565.0,0.0
2022-05,C2020Q3,T11,C2020Q3T11,44,VIC1-NSW1,NSW1,311,108,1462.5,0.0
2022-05,C2020Q3,T11,C2020Q3T11,44,VIC1-NSW1,VIC1,262,125,5703.0,0.0
2022-05,C2020Q4,T10,C2020Q4T10,44,NSW1-QLD1,NSW1,97,45,700.0,0.0
2022-05,C2020Q4,T10,C2020Q4T10,44,NSW1-QLD1,QLD1,196,103,13598.0,0.0
2022-05,C2020Q4,T10,C2020Q4T10,44,V-SA,SA1,84,64,13823.0,0.0
2022-05,C2020Q4,T10,C2020Q4T10,44,V-SA,VIC1,133,73,1760.0,0.0
2022-05,C2020Q4,T10,C2020Q4T10,44,VIC1-NSW1,NSW1,288,108,2400.0,0.0
2022-05,C2020Q4,T10,C2020Q4T10,44,VIC1-NSW1,VIC1,296,127,6275.0,0.0
2022-05,C2021Q1,T09,C2021Q1T09,44,NSW1-QLD1,NSW1,62,45,1750.0,0.0
2022-05,C2021Q1,T09,C2021Q1T09,44,NSW1-QLD1,QLD1,185,100,17058.0,0.0
2022-05,C2021Q1,T09,C2021Q1T09,44,V-SA,SA1,119,64,7828.0,0.0
2022-05,C2021Q1,T09,C2021Q1T09,44,V-SA,VIC1,103,73,4532.0,0.0
2022-05,C2021Q1,T09,C2021Q1T09,44,VIC1-NSW1,NSW1,241,108,7560.0,0.0
2022-05,C2021Q1,T09,C2021Q1T09,44,VIC1-NSW1,VIC1,245,146,7218.66,0.0
2022-05,C2021Q2,T08,C2021Q2T08,44,NSW1-QLD1,NSW1,65,45,114.4,0.0
2022-05,C2021Q2,T08,C2021Q2T08,44,NSW1-QLD1,QLD1,180,100,10893.35,0.0
2022-05,C2021Q2,T08,C2021Q2T08,44,V-SA,SA1,64,64,8616.2,0.0
2022-05,C2021Q2,T08,C2021Q2T08,44,V-SA,VIC1,128,73,1131.75,0.0
2022-05,C2021Q2,T08,C2021Q2T08,44,VIC1-NSW1,NSW1,217,108,1000.85,0.0
2022-05,C2021Q2,T08,C2021Q2T08,44,VIC1-NSW1,VIC1,235,125,6216.0,0.0
2022-05,C2021Q3,T07,C2021Q3T07,44,NSW1-QLD1,NSW1,45,45,200.0,0.0
2022-05,C2021Q3,T07,C2021Q3T07,44,NSW1-QLD1,QLD1,180,100,11772.84,0.0
2022-05,C2021Q3,T07,C2021Q3T07,44,V-SA,SA1,64,64,10205.1,0.0
2022-05,C2021Q3,T07,C2021Q3T07,44,V-SA,VIC1,128,73,1550.0,0.0
2022-05,C2021Q3,T07,C2021Q3T07,44,VIC1-NSW1,NSW1,208,108,993.6,0.0
2022-05,C2021Q3,T07,C2021Q3T07,44,VIC1-NSW1,VIC1,240,125,7500.0,0.0
2022-05,C2021Q4,T06,C2021Q4T06,44,NSW1-QLD1,NSW1,45,45,685.0,0.0
2022-05,C2021Q4,T06,C2021Q4T06,44,NSW1-QLD1,QLD1,185,110,11477.0,0.0
2022-05,C2021Q4,T06,C2021Q4T06,44,V-SA,SA1,64,64,12501.0,0.0
2022-05,C2021Q4,T06,C2021Q4T06,44,V-SA,VIC1,103,73,1754.0,0.0
2022-05,C2021Q4,T06,C2021Q4T06,44,VIC1-NSW1,NSW1,213,113,1601.6,0.0
2022-05,C2021Q4,T06,C2021Q4T06,44,VIC1-NSW1,VIC1,230,125,7441.5,0.0
2022-05,C2022Q1,T05,C2022Q1T05,44,NSW1-QLD1,NSW1,45,45,2160.0,0.0
2022-05,C2022Q1,T05,C2022Q1T05,44,NSW1-QLD1,QLD1,156,100,13083.0,0.0
2022-05,C2022Q1,T05,C2022Q1T05,44,V-SA,SA1,89,64,5810.4,0.0
2022-05,C2022Q1,T05,C2022Q1T05,44,V-SA,VIC1,73,73,5762.88,0.0
2022-05,C2022Q1,T05,C2022Q1T05,44,VIC1-NSW1,NSW1,108,108,6310.5,0.0
2022-05,C2022Q1,T05,C2022Q1T05,44,VIC1-NSW1,VIC1,125,125,7556.0,0.0
2022-05,C2022Q2,T04,C2022Q2T04,44,NSW1-QLD1,NSW1,45,45,200.0,0.0
2022-05,C2022Q2,T04,C2022Q2T04,44,NSW1-QLD1,QLD1,140,100,11972.0,0.0
2022-05,C2022Q2,T04,C2022Q2T04,44,V-SA,SA1,64,64,7916.9,0.0
2022-05,C2022Q2,T04,C2022Q2T04,44,V-SA,VIC1,73,73,1054.0,0.0
2022-05,C2022Q2,T04,C2022Q2T04,44,VIC1-NSW1,NSW1,108,108,1092.0,0.0
2022-05,C2022Q2,T04,C2022Q2T04,44,VIC1-NSW1,VIC1,125,125,8000.0,0.0
2022-05,C2022Q3,T03,C2022Q3T03,44,NSW1-QLD1,NSW1,45,45,154.88,0.0
2022-05,C2022Q3,T03,C2022Q3T03,44,NSW1-QLD1,QLD1,100,100,11512.51,0.0
2022-05,C2022Q3,T03,C2022Q3T03,44,V-SA,SA1,64,64,10006.0,0.0
2022-05,C2022Q3,T03,C2022Q3T03,44,V-SA,VIC1,73,73,1007.0,0.0
2022-05,C2022Q3,T03,C2022Q3T03,44,VIC1-NSW1,NSW1,108,108,1101.0,0.0
2022-05,C2022Q3,T03,C2022Q3T03,44,VIC1-NSW1,VIC1,125,125,8000.0,0.0
2022-05,C2022Q4,T02,C2022Q4T02,44,NSW1-QLD1,NSW1,45,45,552.0,0.0
2022-05,C2022Q4,T02,C2022Q4T02,44,NSW1-QLD1,QLD1,100,100,10879.32,0.0
2022-05,C2022Q4,T02,C2022Q4T02,44,V-SA,SA1,64,64,11500.92,0.0
2022-05,C2022Q4,T02,C2022Q4T02,44,V-SA,VIC1,73,73,1480.6,0.0
2022-05,C2022Q4,T02,C2022Q4T02,44,VIC1-NSW1,NSW1,108,108,1766.4,0.0
2022-05,C2022Q4,T02,C2022Q4T02,44,VIC1-NSW1,VIC1,125,125,8000.0,0.0
2022-05,C2023Q1,T01,C2023Q1T01,44,NSW1-QLD1,NSW1,45,45,1955.8,0.0
2022-05,C2023Q1,T01,C2023Q1T01,44,NSW1-QLD1,QLD1,100,100,11065.6,0.0
2022-05,C2023Q1,T01,C2023Q1T01,44,V-SA,SA1,64,64,4709.0,0.0
2022-05,C2023Q1,T01,C2023Q1T01,44,V-SA,VIC1,73,73,4901.18,0.0
2022-05,C2023Q1,T01,C2023Q1T01,44,VIC1-NSW1,NSW1,108,108,6310.5,0.0
2022-05,C2023Q1,T01,C2023Q1T01,44,VIC1-NSW1,VIC1,125,125,8058.0,0.0
2022-05,C2020Q3,T12,C2020Q3T12,51,NSW1-QLD1,NSW1,90,55,210.08,0.0
2022-05,C2020Q3,T12,C2020Q3T12,51,NSW1-QLD1,QLD1,210,139,11555.0,0.0
2022-05,C2020Q3,T12,C2020Q3T12,51,V-SA,SA1,96,73,9151.07,0.0
2022-05,C2020Q3,T12,C2020Q3T12,51,V-SA,VIC1,193,77,1713.0,0.0
2022-05,C2020Q3,T12,C2020Q3T12,51,VIC1-NSW1,NSW1,296,112,1023.75,0.0
2022-05,C2020Q3,T12,C2020Q3T12,51,VIC1-NSW1,VIC1,355,135,4901.0,0.0
2022-05,C2020Q4,T11,C2020Q4T11,51,NSW1-QLD1,NSW1,193,45,701.23,0.0
2022-05,C2020Q4,T11,C2020Q4T11,51,NSW1-QLD1,QLD1,222,110,10878.4,0.0
2022-05,C2020Q4,T11,C2020Q4T11,51,V-SA,SA1,94,64,8001.2,0.0
2022-05,C2020Q4,T11,C2020Q4T11,51,V-SA,VIC1,168,73,1795.2,0.0
2022-05,C2020Q4,T11,C2020Q4T11,51,VIC1-NSW1,NSW1,234,113,2208.0,0.0
2022-05,C2020Q4,T11,C2020Q4T11,51,VIC1-NSW1,VIC1,340,130,5875.0,0.0
2022-05,C2021Q1,T10,C2021Q1T10,51,NSW1-QLD1,NSW1,76,45,1500.0,0.0
2022-05,C2021Q1,T10,C2021Q1T10,51,NSW1-QLD1,QLD1,245,100,19700.0,0.0
2022-05,C2021Q1,T10,C2021Q1T10,51,V-SA,SA1,119,64,7137.0,0.0
2022-05,C2021Q1,T10,C2021Q1T10,51,V-SA,VIC1,118,73,4666.0,0.0
2022-05,C2021Q1,T10,C2021Q1T10,51,VIC1-NSW1,NSW1,146,108,7501.0,0.0
2022-05,C2021Q1,T10,C2021Q1T10,51,VIC1-NSW1,VIC1,250,125,7940.53,0.0
2022-05,C2021Q2,T09,C2021Q2T09,51,NSW1-QLD1,NSW1,65,45,140.19,0.0
2022-05,C2021Q2,T09,C2021Q2T09,51,NSW1-QLD1,QLD1,200,120,12000.0,0.0
2022-05,C2021Q2,T09,C2021Q2T09,51,V-SA,SA1,121,64,3500.79,0.0
2022-05,C2021Q2,T09,C2021Q2T09,51,V-SA,VIC1,163,73,1711.0,0.0
2022-05,C2021Q2,T09,C2021Q2T09,51,VIC1-NSW1,NSW1,153,108,982.8,0.0
2022-05,C2021Q2,T09,C2021Q2T09,51,VIC1-NSW1,VIC1,237,135,5416.0,0.0
2022-05,C2021Q3,T08,C2021Q3T08,51,NSW1-QLD1,NSW1,45,45,312.0,0.0
2022-05,C2021Q3,T08,C2021Q3T08,51,NSW1-QLD1,QLD1,215,100,10086.0,0.0
2022-05,C2021Q3,T08,C2021Q3T08,51,V-SA,SA1,114,64,3571.78,0.0
2022-05,C2021Q3,T08,C2021Q3T08,51,V-SA,VIC1,215,73,1695.75,0.0
2022-05,C2021Q3,T08,C2021Q3T08,51,VIC1-NSW1,NSW1,197,108,1032.0,0.0
2022-05,C2021Q3,T08,C2021Q3T08,51,VIC1-NSW1,VIC1,219,135,6601.0,0.0
2022-05,C2021Q4,T07,C2021Q4T07,51,NSW1-QLD1,NSW1,112,45,685.0,0.0
2022-05,C2021Q4,T07,C2021Q4T07,51,NSW1-QLD1,QLD1,180,100,11103.0,0.0
2022-05,C2021Q4,T07,C2021Q4T07,51,V-SA,SA1,114,64,4000.0,0.0
2022-05,C2021Q4,T07,C2021Q4T07,51,V-SA,VIC1,192,73,1789.08,0.0
2022-05,C2021Q4,T07,C2021Q4T07,51,VIC1-NSW1,NSW1,148,108,1104.0,0.0
2022-05,C2021Q4,T07,C2021Q4T07,51,VIC1-NSW1,VIC1,235,135,6250.0,0.0
2022-05,C2022Q1,T06,C2022Q1T06,51,NSW1-QLD1,NSW1,50,45,2358.0,0.0
2022-05,C2022Q1,T06,C2022Q1T06,51,NSW1-QLD1,QLD1,236,100,16474.0,0.0
2022-05,C2022Q1,T06,C2022Q1T06,51,V-SA,SA1,111,64,4358.0,0.0
2022-05,C2022Q1,T06,C2022Q1T06,51,V-SA,VIC1,103,73,5878.13,0.0
2022-05,C2022Q1,T06,C2022Q1T06,51,VIC1-NSW1,NSW1,134,108,5750.0,0.0
2022-05,C2022Q1,T06,C2022Q1T06,51,VIC1-NSW1,VIC1,245,125,8311.6,0.0
2022-05,C2022Q2,T05,C2022Q2T05,51,NSW1-QLD1,NSW1,45,45,359.0,0.0
2022-05,C2022Q2,T05,C2022Q2T05,51,NSW1-QLD1,QLD1,175,100,11373.4,0.0
2022-05,C2022Q2,T05,C2022Q2T05,51,V-SA,SA1,114,64,3250.0,0.0
2022-05,C2023Q4,T05,C2023Q4T05,13,NSW1-QLD1,QLD1,194,100,12500.0,0.0
2022-05,C2023Q4,T05,C2023Q4T05,13,V-SA,SA1,111,64,5500.0,0.0
2022-05,C2023Q4,T05,C2023Q4T05,13,V-SA,VIC1,88,73,8500.79,0.0
2022-05,C2023Q4,T05,C2023Q4T05,13,VIC1-NSW1,NSW1,158,108,1277.0,0.0
2022-05,C2023Q4,T05,C2023Q4T05,13,VIC1-NSW1,VIC1,195,125,18232.5,0.0
2022-05,C2024Q1,T04,C2024Q1T04,13,NSW1-QLD1,NSW1,45,45,7162.96,0.0
2022-05,C2024Q1,T04,C2024Q1T04,13,NSW1-QLD1,QLD1,134,101,20748.0,0.0
2022-05,C2024Q1,T04,C2024Q1T04,13,V-SA,SA1,64,64,6893.3,0.0
2022-05,C2024Q1,T04,C2024Q1T04,13,V-SA,VIC1,90,73,15000.0,0.0
2022-05,C2024Q1,T04,C2024Q1T04,13,VIC1-NSW1,NSW1,124,115,4370.2,0.0
2022-05,C2024Q1,T04,C2024Q1T04,13,VIC1-NSW1,VIC1,145,125,22368.05,0.0
2022-05,C2024Q2,T03,C2024Q2T03,13,NSW1-QLD1,NSW1,45,45,2579.0,0.0
2022-05,C2024Q2,T03,C2024Q2T03,13,NSW1-QLD1,QLD1,100,100,20748.0,0.0
2022-05,C2024Q2,T03,C2024Q2T03,13,V-SA,SA1,79,70,4462.18,0.0
2022-05,C2024Q2,T03,C2024Q2T03,13,V-SA,VIC1,73,73,7500.0,0.0
2022-05,C2024Q2,T03,C2024Q2T03,13,VIC1-NSW1,NSW1,138,108,1048.0,0.0
2022-05,C2024Q2,T03,C2024Q2T03,13,VIC1-NSW1,VIC1,125,125,14742.0,0.0
2022-05,C2024Q3,T02,C2024Q3T02,13,NSW1-QLD1,NSW1,45,45,2400.0,0.0
2022-05,C2024Q3,T02,C2024Q3T02,13,NSW1-QLD1,QLD1,100,100,19126.0,0.0
2022-05,C2024Q3,T02,C2024Q3T02,13,V-SA,SA1,78,75,5352.18,0.0
2022-05,C2024Q3,T02,C2024Q3T02,13,V-SA,VIC1,73,73,7500.0,0.0
2022-05,C2024Q3,T02,C2024Q3T02,13,VIC1-NSW1,NSW1,108,108,1058.0,0.0
2022-05,C2024Q3,T02,C2024Q3T02,13,VIC1-NSW1,VIC1,125,125,15002.0,0.0
2022-05,C2024Q4,T01,C2024Q4T01,13,NSW1-QLD1,NSW1,45,45,5006.08,0.0
2022-05,C2024Q4,T01,C2024Q4T01,13,NSW1-QLD1,QLD1,100,100,12909.44,0.0
2022-05,C2024Q4,T01,C2024Q4T01,13,V-SA,SA1,64,64,5561.0,0.0
2022-05,C2024Q4,T01,C2024Q4T01,13,V-SA,VIC1,73,73,8675.28,0.0
2022-05,C2024Q4,T01,C2024Q4T01,13,VIC1-NSW1,NSW1,108,108,1287.0,0.0
2022-05,C2024Q4,T01,C2024Q4T01,13,VIC1-NSW1,VIC1,125,125,17050.0,0.0
2022-05,C2022Q2,T12,C2022Q2T12,13,NSW1-QLD1,NSW1,127,100,4537.55,0.0
2022-05,C2022Q2,T12,C2022Q2T12,13,NSW1-QLD1,QLD1,207,100,7637.0,0.0
2022-05,C2022Q2,T12,C2022Q2T12,13,V-SA,SA1,106,66,4487.0,0.0
2022-05,C2022Q2,T12,C2022Q2T12,13,V-SA,VIC1,133,83,13539.0,0.0
2022-05,C2022Q2,T12,C2022Q2T12,13,VIC1-NSW1,NSW1,278,112,910.0,0.0
2022-05,C2022Q2,T12,C2022Q2T12,13,VIC1-NSW1,VIC1,225,125,19978.0,0.0
2022-05,C2022Q3,T11,C2022Q3T11,13,NSW1-QLD1,NSW1,84,60,4061.82,0.0
2022-05,C2022Q3,T11,C2022Q3T11,13,NSW1-QLD1,QLD1,244,100,13330.09,0.0
2022-05,C2022Q3,T11,C2022Q3T11,13,V-SA,SA1,113,64,5500.0,0.0
2022-05,C2022Q3,T11,C2022Q3T11,13,V-SA,VIC1,128,73,10000.0,0.0
2022-05,C2022Q3,T11,C2022Q3T11,13,VIC1-NSW1,NSW1,265,108,1198.0,0.0
2022-05,C2022Q3,T11,C2022Q3T11,13,VIC1-NSW1,VIC1,250,135,19272.0,0.0
2022-05,C2022Q4,T10,C2022Q4T10,13,NSW1-QLD1,NSW1,64,45,9300.0,0.0
2022-05,C2022Q4,T10,C2022Q4T10,13,NSW1-QLD1,QLD1,275,100,10925.0,0.0
2022-05,C2022Q4,T10,C2022Q4T10,13,V-SA,SA1,100,64,6046.0,0.0
2022-05,C2022Q4,T10,C2022Q4T10,13,V-SA,VIC1,158,73,10170.83,0.0
2022-05,C2022Q4,T10,C2022Q4T10,13,VIC1-NSW1,NSW1,174,112,1380.0,0.0
2022-05,C2022Q4,T10,C2022Q4T10,13,VIC1-NSW1,VIC1,268,135,24731.84,0.0
2022-05,C2023Q1,T09,C2023Q1T09,13,NSW1-QLD1,NSW1,64,48,15202.0,0.0
2022-05,C2023Q1,T09,C2023Q1T09,13,NSW1-QLD1,QLD1,281,104,17189.17,0.0
2022-05,C2023Q1,T09,C2023Q1T09,13,V-SA,SA1,94,70,6850.0,0.0
2022-05,C2023Q1,T09,C2023Q1T09,13,V-SA,VIC1,99,73,16760.83,0.0
2022-05,C2023Q1,T09,C2023Q1T09,13,VIC1-NSW1,NSW1,171,116,4500.0,0.0
2022-05,C2023Q1,T09,C2023Q1T09,13,VIC1-NSW1,VIC1,200,135,25200.26,0.0
2022-05,C2023Q2,T08,C2023Q2T08,13,NSW1-QLD1,NSW1,61,45,4000.0,0.0
2022-05,C2023Q2,T08,C2023Q2T08,13,NSW1-QLD1,QLD1,194,100,24489.09,0.0
2022-05,C2023Q2,T08,C2023Q2T08,13,V-SA,SA1,114,70,4843.0,0.0
2022-05,C2023Q2,T08,C2023Q2T08,13,V-SA,VIC1,108,73,11000.83,0.0
2022-05,C2023Q2,T08,C2023Q2T08,13,VIC1-NSW1,NSW1,301,109,1270.06,0.0
2022-05,C2023Q2,T08,C2023Q2T08,13,VIC1-NSW1,VIC1,205,125,22960.26,0.0
2022-05,C2023Q3,T07,C2023Q3T07,13,NSW1-QLD1,NSW1,70,45,3336.0,0.0
2022-05,C2023Q3,T07,C2023Q3T07,13,NSW1-QLD1,QLD1,150,100,24416.0,0.0
2022-05,C2023Q3,T07,C2023Q3T07,13,V-SA,SA1,109,64,5297.0,0.0
2022-05,C2023Q3,T07,C2023Q3T07,13,V-SA,VIC1,108,73,10920.83,0.0
2022-05,C2023Q3,T07,C2023Q3T07,13,VIC1-NSW1,NSW1,205,108,1250.0,0.0
2022-05,C2023Q3,T07,C2023Q3T07,13,VIC1-NSW1,VIC1,220,125,22640.26,0.0
2022-05,C2023Q4,T06,C2023Q4T06,13,NSW1-QLD1,NSW1,58,45,8510.0,0.0
2022-05,C2023Q4,T06,C2023Q4T06,13,NSW1-QLD1,QLD1,164,100,17384.0,0.0
2022-05,C2023Q4,T06,C2023Q4T06,13,V-SA,SA1,109,64,6050.0,0.0
2022-05,C2023Q4,T06,C2023Q4T06,13,V-SA,VIC1,88,73,9520.83,0.0
2022-05,C2023Q4,T06,C2023Q4T06,13,VIC1-NSW1,NSW1,143,114,1404.7,0.0
2022-05,C2023Q4,T06,C2023Q4T06,13,VIC1-NSW1,VIC1,217,125,24066.9,0.0
2022-05,C2024Q1,T05,C2024Q1T05,13,NSW1-QLD1,NSW1,48,45,9907.0,0.0
2022-05,C2024Q1,T05,C2024Q1T05,13,NSW1-QLD1,QLD1,130,100,22822.8,0.0
2022-05,C2024Q1,T05,C2024Q1T05,13,V-SA,SA1,64,64,7341.0,0.0
2022-05,C2024Q1,T05,C2024Q1T05,13,V-SA,VIC1,90,73,16500.0,0.0
2022-05,C2024Q1,T05,C2024Q1T05,13,VIC1-NSW1,NSW1,117,108,4368.0,0.0
2022-05,C2024Q1,T05,C2024Q1T05,13,VIC1-NSW1,VIC1,167,125,23800.26,0.0
2022-05,C2024Q2,T04,C2024Q2T04,13,NSW1-QLD1,NSW1,48,45,3307.0,0.0
2022-05,C2024Q2,T04,C2024Q2T04,13,NSW1-QLD1,QLD1,120,100,24438.96,0.0
2022-05,C2024Q2,T04,C2024Q2T04,13,V-SA,SA1,89,64,4732.0,0.0
2022-05,C2024Q2,T04,C2024Q2T04,13,V-SA,VIC1,73,73,9093.0,0.0
2022-05,C2024Q2,T04,C2024Q2T04,13,VIC1-NSW1,NSW1,164,108,1028.0,0.0
2022-05,C2024Q2,T04,C2024Q2T04,13,VIC1-NSW1,VIC1,152,125,16800.25,0.0
2022-05,C2024Q3,T03,C2024Q3T03,13,NSW1-QLD1,NSW1,48,45,3040.0,0.0
2022-05,C2024Q3,T03,C2024Q3T03,13,NSW1-QLD1,QLD1,108,100,21520.64,0.0
2022-05,C2024Q3,T03,C2024Q3T03,13,V-SA,SA1,67,64,4995.37,0.0
2022-05,C2024Q3,T03,C2024Q3T03,13,V-SA,VIC1,74,73,8996.83,0.0
2022-05,C2024Q3,T03,C2024Q3T03,13,VIC1-NSW1,NSW1,108,108,1000.0,0.0
2022-05,C2024Q3,T03,C2024Q3T03,13,VIC1-NSW1,VIC1,135,125,16502.2,0.0
2022-05,C2024Q4,T02,C2024Q4T02,13,NSW1-QLD1,NSW1,48,45,8504.0,0.0
2022-05,C2024Q4,T02,C2024Q4T02,13,NSW1-QLD1,QLD1,100,100,16000.0,0.0
2022-05,C2024Q4,T02,C2024Q4T02,13,V-SA,SA1,64,64,5521.0,0.0
2022-05,C2024Q4,T02,C2024Q4T02,13,V-SA,VIC1,73,73,10284.0,0.0
2022-05,C2024Q4,T02,C2024Q4T02,13,VIC1-NSW1,NSW1,108,108,1457.0,0.0
2022-05,C2024Q4,T02,C2024Q4T02,13,VIC1-NSW1,VIC1,150,125,20800.25,0.0
2022-05,C2025Q1,T01,C2025Q1T01,13,NSW1-QLD1,NSW1,45,45,9506.0,0.0
2022-05,C2025Q1,T01,C2025Q1T01,13,NSW1-QLD1,QLD1,100,100,23392.8,0.0
2022-05,C2025Q1,T01,C2025Q1T01,13,V-SA,SA1,64,64,7210.0,0.0
2022-05,C2025Q1,T01,C2025Q1T01,13,V-SA,VIC1,73,73,16000.0,0.0
2022-05,C2025Q1,T01,C2025Q1T01,13,VIC1-NSW1,NSW1,108,108,4320.0,0.0
2022-05,C2025Q1,T01,C2025Q1T01,13,VIC1-NSW1,VIC1,125,125,20971.0,0.0
2022-05,C2022Q4,T03,C2022Q4T03,52,VIC1-NSW1,NSW1,108,108,1104.0,0.0
2022-05,C2022Q4,T03,C2022Q4T03,52,VIC1-NSW1,VIC1,140,125,6416.0,0.0
2022-05,C2023Q1,T02,C2023Q1T02,52,NSW1-QLD1,NSW1,45,45,2520.0,0.0
2022-05,C2023Q1,T02,C2023Q1T02,52,NSW1-QLD1,QLD1,125,100,14606.59,0.0
2022-05,C2023Q1,T02,C2023Q1T02,52,V-SA,SA1,64,64,4800.0,0.0
2022-05,C2023Q1,T02,C2023Q1T02,52,V-SA,VIC1,82,73,5442.72,0.0
2022-05,C2023Q1,T02,C2023Q1T02,52,VIC1-NSW1,NSW1,108,108,5553.24,0.0
2022-05,C2023Q1,T02,C2023Q1T02,52,VIC1-NSW1,VIC1,150,128,9203.0,0.0
2022-05,C2023Q2,T01,C2023Q2T01,52,NSW1-QLD1,NSW1,45,45,395.0,0.0
2022-05,C2023Q2,T01,C2023Q2T01,52,NSW1-QLD1,QLD1,100,100,11373.4,0.0
2022-05,C2023Q2,T01,C2023Q2T01,52,V-SA,SA1,64,64,3250.0,0.0
2022-05,C2023Q2,T01,C2023Q2T01,52,V-SA,VIC1,73,73,1360.0,0.0
2022-05,C2023Q2,T01,C2023Q2T01,52,VIC1-NSW1,NSW1,108,108,960.96,0.0
2022-05,C2023Q2,T01,C2023Q2T01,52,VIC1-NSW1,VIC1,125,125,6666.0,0.0
2022-05,C2020Q4,T12,C2020Q4T12,32,NSW1-QLD1,NSW1,157,55,804.0,0.0
2022-05,C2020Q4,T12,C2020Q4T12,32,NSW1-QLD1,QLD1,210,100,10450.0,0.0
2022-05,C2020Q4,T12,C2020Q4T12,32,V-SA,SA1,91,66,6500.85,0.0
2022-05,C2020Q4,T12,C2020Q4T12,32,V-SA,VIC1,97,77,3000.33,0.0
2022-05,C2020Q4,T12,C2020Q4T12,32,VIC1-NSW1,NSW1,222,112,2755.0,0.0
2022-05,C2020Q4,T12,C2020Q4T12,32,VIC1-NSW1,VIC1,285,126,4500.0,0.0
2022-05,C2021Q1,T11,C2021Q1T11,32,NSW1-QLD1,NSW1,79,45,1755.0,0.0
2022-05,C2021Q1,T11,C2021Q1T11,32,NSW1-QLD1,QLD1,150,100,19785.0,0.0
2022-05,C2021Q1,T11,C2021Q1T11,32,V-SA,SA1,89,64,6750.0,0.0
2022-05,C2021Q1,T11,C2021Q1T11,32,V-SA,VIC1,93,73,5500.0,0.0
2022-05,C2021Q1,T11,C2021Q1T11,32,VIC1-NSW1,NSW1,188,108,8500.93,0.0
2022-05,C2021Q1,T11,C2021Q1T11,32,VIC1-NSW1,VIC1,175,125,6975.0,0.0
2022-05,C2021Q2,T10,C2021Q2T10,32,NSW1-QLD1,NSW1,45,45,160.36,0.0
2022-05,C2021Q2,T10,C2021Q2T10,32,NSW1-QLD1,QLD1,175,100,11750.0,0.0
2022-05,C2021Q2,T10,C2021Q2T10,32,V-SA,SA1,109,64,3850.0,0.0
2022-05,C2022Q2,T05,C2022Q2T05,51,V-SA,VIC1,118,73,1401.0,0.0
2022-05,C2022Q2,T05,C2022Q2T05,51,VIC1-NSW1,NSW1,138,108,842.0,0.0
2022-05,C2022Q2,T05,C2022Q2T05,51,VIC1-NSW1,VIC1,160,125,6400.0,0.0
2022-05,C2022Q3,T04,C2022Q3T04,51,NSW1-QLD1,NSW1,51,51,510.0,0.0
2022-05,C2022Q3,T04,C2022Q3T04,51,NSW1-QLD1,QLD1,147,100,11702.4,0.0
2022-05,C2022Q3,T04,C2022Q3T04,51,V-SA,SA1,84,64,3502.1,0.0
2022-05,C2022Q3,T04,C2022Q3T04,51,V-SA,VIC1,93,73,1695.75,0.0
2022-05,C2022Q3,T04,C2022Q3T04,51,VIC1-NSW1,NSW1,138,108,880.8,0.0
2022-05,C2022Q3,T04,C2022Q3T04,51,VIC1-NSW1,VIC1,155,125,6400.0,0.0
2022-05,C2022Q4,T03,C2022Q4T03,51,NSW1-QLD1,NSW1,55,45,889.0,0.0
2022-05,C2022Q4,T03,C2022Q4T03,51,NSW1-QLD1,QLD1,125,100,11250.0,0.0
2022-05,C2022Q4,T03,C2022Q4T03,51,V-SA,SA1,80,64,4000.0,0.0
2022-05,C2022Q4,T03,C2022Q4T03,51,V-SA,VIC1,88,73,1978.0,0.0
2022-05,C2022Q4,T03,C2022Q4T03,51,VIC1-NSW1,NSW1,108,108,1104.0,0.0
2022-05,C2022Q4,T03,C2022Q4T03,51,VIC1-NSW1,VIC1,140,125,6416.0,0.0
2022-05,C2023Q1,T02,C2023Q1T02,51,NSW1-QLD1,NSW1,45,45,2520.0,0.0
2022-05,C2023Q1,T02,C2023Q1T02,51,NSW1-QLD1,QLD1,125,100,14606.59,0.0
2022-05,C2023Q1,T02,C2023Q1T02,51,V-SA,SA1,64,64,4800.0,0.0
2022-05,C2023Q1,T02,C2023Q1T02,51,V-SA,VIC1,82,73,5442.72,0.0
2022-05,C2023Q1,T02,C2023Q1T02,51,VIC1-NSW1,NSW1,108,108,5553.24,0.0
2022-05,C2023Q1,T02,C2023Q1T02,51,VIC1-NSW1,VIC1,150,128,9203.0,0.0
2022-05,C2023Q2,T01,C2023Q2T01,51,NSW1-QLD1,NSW1,45,45,395.0,0.0
2022-05,C2023Q2,T01,C2023Q2T01,51,NSW1-QLD1,QLD1,100,100,11373.4,0.0
2022-05,C2023Q2,T01,C2023Q2T01,51,V-SA,SA1,64,64,3250.0,0.0
2022-05,C2023Q2,T01,C2023Q2T01,51,V-SA,VIC1,73,73,1360.0,0.0
2022-05,C2023Q2,T01,C2023Q2T01,51,VIC1-NSW1,NSW1,108,108,960.96,0.0
2022-05,C2023Q2,T01,C2023Q2T01,51,VIC1-NSW1,VIC1,125,125,6666.0,0.0
2022-05,C2020Q4,T12,C2020Q4T12,31,NSW1-QLD1,NSW1,157,55,804.0,0.0
2022-05,C2020Q4,T12,C2020Q4T12,31,NSW1-QLD1,QLD1,210,100,10450.0,0.0
2022-05,C2020Q4,T12,C2020Q4T12,31,V-SA,SA1,91,66,6500.85,0.0
2022-05,C2020Q4,T12,C2020Q4T12,31,V-SA,VIC1,97,77,3000.33,0.0
2022-05,C2020Q4,T12,C2020Q4T12,31,VIC1-NSW1,NSW1,222,112,2755.0,0.0
2022-05,C2020Q4,T12,C2020Q4T12,31,VIC1-NSW1,VIC1,285,126,4500.0,0.0
2022-05,C2021Q1,T11,C2021Q1T11,31,NSW1-QLD1,NSW1,79,45,1755.0,0.0
2022-05,C2021Q1,T11,C2021Q1T11,31,NSW1-QLD1,QLD1,150,100,19785.0,0.0
2022-05,C2021Q1,T11,C2021Q1T11,31,V-SA,SA1,89,64,6750.0,0.0
2022-05,C2021Q1,T11,C2021Q1T11,31,V-SA,VIC1,93,73,5500.0,0.0
2022-05,C2021Q1,T11,C2021Q1T11,31,VIC1-NSW1,NSW1,188,108,8500.93,0.0
2022-05,C2021Q1,T11,C2021Q1T11,31,VIC1-NSW1,VIC1,175,125,6975.0,0.0
2022-05,C2021Q2,T10,C2021Q2T10,31,NSW1-QLD1,NSW1,45,45,160.36,0.0
2022-05,C2021Q2,T10,C2021Q2T10,31,NSW1-QLD1,QLD1,175,100,11750.0,0.0
2022-05,C2021Q2,T10,C2021Q2T10,31,V-SA,SA1,109,64,3850.0,0.0
2022-05,C2021Q2,T10,C2021Q2T10,31,V-SA,VIC1,108,73,1780.0,0.0
2022-05,C2021Q2,T10,C2021Q2T10,31,VIC1-NSW1,NSW1,199,108,1300.84,0.0
2022-05,C2021Q2,T10,C2021Q2T10,31,VIC1-NSW1,VIC1,205,125,4007.84,0.0
2022-05,C2021Q3,T09,C2021Q3T09,31,NSW1-QLD1,NSW1,45,45,252.0,0.0
2022-05,C2021Q3,T09,C2021Q3T09,31,NSW1-QLD1,QLD1,180,100,12950.12,0.0
2022-05,C2021Q3,T09,C2021Q3T09,31,V-SA,SA1,109,64,4504.0,0.0
2022-05,C2021Q3,T09,C2021Q3T09,31,V-SA,VIC1,113,73,1600.94,0.0
2022-05,C2021Q3,T09,C2021Q3T09,31,VIC1-NSW1,NSW1,247,108,1304.0,0.0
2022-05,C2021Q3,T09,C2021Q3T09,31,VIC1-NSW1,VIC1,185,125,4500.0,0.0
2022-05,C2021Q4,T08,C2021Q4T08,31,NSW1-QLD1,NSW1,108,45,604.0,0.0
2022-05,C2021Q4,T08,C2021Q4T08,31,NSW1-QLD1,QLD1,160,100,11150.0,0.0
2022-05,C2021Q4,T08,C2021Q4T08,31,V-SA,SA1,109,64,4833.66,0.0
2022-05,C2021Q4,T08,C2021Q4T08,31,V-SA,VIC1,137,73,2127.76,0.0
2022-05,C2021Q4,T08,C2021Q4T08,31,VIC1-NSW1,NSW1,148,108,1504.0,0.0
2022-05,C2021Q4,T08,C2021Q4T08,31,VIC1-NSW1,VIC1,205,125,5250.0,0.0
2022-05,C2022Q1,T07,C2022Q1T07,31,NSW1-QLD1,NSW1,54,45,2350.0,0.0
2022-05,C2022Q1,T07,C2022Q1T07,31,NSW1-QLD1,QLD1,136,100,16000.0,0.0
2022-05,C2022Q1,T07,C2022Q1T07,31,V-SA,SA1,64,64,5143.26,0.0
2022-05,C2022Q1,T07,C2022Q1T07,31,V-SA,VIC1,73,73,7019.42,0.0
2022-05,C2022Q1,T07,C2022Q1T07,31,VIC1-NSW1,NSW1,162,117,8800.0,0.0
2022-05,C2022Q1,T07,C2022Q1T07,31,VIC1-NSW1,VIC1,175,125,9142.76,0.0
2022-05,C2022Q2,T06,C2022Q2T06,31,NSW1-QLD1,NSW1,45,45,351.0,0.0
2022-05,C2022Q2,T06,C2022Q2T06,31,NSW1-QLD1,QLD1,120,100,11650.0,0.0
2022-05,C2022Q2,T06,C2022Q2T06,31,V-SA,SA1,98,64,4000.0,0.0
2022-05,C2022Q2,T06,C2022Q2T06,31,V-SA,VIC1,73,73,1600.0,0.0
2022-05,C2022Q2,T06,C2022Q2T06,31,VIC1-NSW1,NSW1,198,108,841.91,0.0
2022-05,C2022Q2,T06,C2022Q2T06,31,VIC1-NSW1,VIC1,205,125,6619.68,0.0
2022-05,C2022Q3,T05,C2022Q3T05,31,NSW1-QLD1,NSW1,45,45,561.0,0.0
2022-05,C2022Q3,T05,C2022Q3T05,31,NSW1-QLD1,QLD1,100,100,12150.0,0.0
2022-05,C2022Q3,T05,C2022Q3T05,31,V-SA,SA1,84,64,4000.0,0.0
2022-05,C2022Q3,T05,C2022Q3T05,31,V-SA,VIC1,73,73,1750.0,0.0
2022-05,C2022Q3,T05,C2022Q3T05,31,VIC1-NSW1,NSW1,198,108,1104.01,0.0
2022-05,C2022Q3,T05,C2022Q3T05,31,VIC1-NSW1,VIC1,195,125,6501.0,0.0
2022-05,C2022Q4,T04,C2022Q4T04,31,NSW1-QLD1,NSW1,55,45,1254.0,0.0
2022-05,C2022Q4,T04,C2022Q4T04,31,NSW1-QLD1,QLD1,100,100,10900.0,0.0
2022-05,C2022Q4,T04,C2022Q4T04,31,V-SA,SA1,80,64,4666.98,0.0
2022-05,C2022Q4,T04,C2022Q4T04,31,V-SA,VIC1,73,73,2450.0,0.0
2022-05,C2022Q4,T04,C2022Q4T04,31,VIC1-NSW1,NSW1,148,108,1710.37,0.0
2022-05,C2022Q4,T04,C2022Q4T04,31,VIC1-NSW1,VIC1,185,125,6793.1,0.0
2022-05,C2023Q1,T03,C2023Q1T03,31,NSW1-QLD1,NSW1,45,45,2646.0,0.0
2022-05,C2023Q1,T03,C2023Q1T03,31,NSW1-QLD1,QLD1,100,100,14750.0,0.0
2022-05,C2023Q1,T03,C2023Q1T03,31,V-SA,SA1,74,64,5143.26,0.0
2022-05,C2023Q1,T03,C2023Q1T03,31,V-SA,VIC1,73,73,6004.0,0.0
2022-05,C2023Q1,T03,C2023Q1T03,31,VIC1-NSW1,NSW1,133,120,7500.0,0.0
2022-05,C2023Q1,T03,C2023Q1T03,31,VIC1-NSW1,VIC1,125,125,10123.0,0.0
2022-05,C2023Q2,T02,C2023Q2T02,31,NSW1-QLD1,NSW1,45,45,347.6,0.0
2022-05,C2023Q2,T02,C2023Q2T02,31,NSW1-QLD1,QLD1,100,100,11750.0,0.0
2022-05,C2023Q2,T02,C2023Q2T02,31,V-SA,SA1,84,64,4000.0,0.0
2022-05,C2023Q2,T02,C2023Q2T02,31,V-SA,VIC1,73,73,1450.0,0.0
2022-05,C2023Q2,T02,C2023Q2T02,31,VIC1-NSW1,NSW1,158,108,750.0,0.0
2022-05,C2023Q2,T02,C2023Q2T02,31,VIC1-NSW1,VIC1,125,125,7333.0,0.0
2022-05,C2023Q3,T01,C2023Q3T01,31,NSW1-QLD1,NSW1,45,45,257.0,0.0
2022-05,C2023Q3,T01,C2023Q3T01,31,NSW1-QLD1,QLD1,100,100,12150.0,0.0
2022-05,C2023Q3,T01,C2023Q3T01,31,V-SA,SA1,64,64,4000.0,0.0
2022-05,C2023Q3,T01,C2023Q3T01,31,V-SA,VIC1,73,73,1500.0,0.0
2022-05,C2023Q3,T01,C2023Q3T01,31,VIC1-NSW1,NSW1,108,108,750.75,0.0
2022-05,C2023Q3,T01,C2023Q3T01,31,VIC1-NSW1,VIC1,125,125,7040.0,0.0
2022-05,C2021Q1,T12,C2021Q1T12,21,NSW1-QLD1,NSW1,83,55,2104.0,0.0
2022-05,C2021Q1,T12,C2021Q1T12,21,NSW1-QLD1,QLD1,155,100,21956.0,0.0
2022-05,C2021Q1,T12,C2021Q1T12,21,V-SA,SA1,96,66,7500.0,0.0
2022-05,C2021Q1,T12,C2021Q1T12,21,V-SA,VIC1,137,77,5500.0,0.0
2022-05,C2021Q1,T12,C2021Q1T12,21,VIC1-NSW1,NSW1,222,112,6375.69,0.0
2022-05,C2021Q1,T12,C2021Q1T12,21,VIC1-NSW1,VIC1,170,125,9000.0,0.0
2022-05,C2021Q2,T11,C2021Q2T11,21,NSW1-QLD1,NSW1,45,45,253.0,0.0
2022-05,C2021Q2,T11,C2021Q2T11,21,NSW1-QLD1,QLD1,155,100,13100.0,0.0
2022-05,C2021Q2,T11,C2021Q2T11,21,V-SA,SA1,114,64,4790.09,0.0
2022-05,C2021Q2,T11,C2021Q2T11,21,V-SA,VIC1,133,73,1601.0,0.0
2022-05,C2021Q2,T11,C2021Q2T11,21,VIC1-NSW1,NSW1,224,108,1365.88,0.0
2022-05,C2021Q2,T11,C2021Q2T11,21,VIC1-NSW1,VIC1,195,125,5354.0,0.0
2022-05,C2021Q3,T10,C2021Q3T10,21,NSW1-QLD1,NSW1,45,45,254.0,0.0
2022-05,C2021Q3,T10,C2021Q3T10,21,NSW1-QLD1,QLD1,155,100,12302.5,0.0
2022-05,C2021Q3,T10,C2021Q3T10,21,V-SA,SA1,114,64,5250.0,0.0
2022-05,C2021Q3,T10,C2021Q3T10,21,V-SA,VIC1,174,73,1601.0,0.0
2022-05,C2021Q3,T10,C2021Q3T10,21,VIC1-NSW1,NSW1,257,108,1389.0,0.0
2022-05,C2021Q3,T10,C2021Q3T10,21,VIC1-NSW1,VIC1,179,125,5625.0,0.0
2022-05,C2021Q4,T09,C2021Q4T09,21,NSW1-QLD1,NSW1,120,51,804.0,0.0
2022-05,C2021Q4,T09,C2021Q4T09,21,NSW1-QLD1,QLD1,155,100,12250.0,0.0
2022-05,C2021Q4,T09,C2021Q4T09,21,V-SA,SA1,114,64,5318.0,0.0
2022-05,C2021Q4,T09,C2021Q4T09,21,V-SA,VIC1,167,73,2127.76,0.0
2022-05,C2021Q4,T09,C2021Q4T09,21,VIC1-NSW1,NSW1,158,108,1323.52,0.0
2022-05,C2021Q4,T09,C2021Q4T09,21,VIC1-NSW1,VIC1,170,125,7501.0,0.0
2022-05,C2022Q1,T08,C2022Q1T08,21,NSW1-QLD1,NSW1,66,45,2585.0,0.0
2022-05,C2022Q1,T08,C2022Q1T08,21,NSW1-QLD1,QLD1,173,100,17800.96,0.0
2022-05,C2022Q1,T08,C2022Q1T08,21,V-SA,SA1,94,64,5878.01,0.0
2022-05,C2022Q1,T08,C2022Q1T08,21,V-SA,VIC1,93,73,6004.0,0.0
2022-05,C2022Q1,T08,C2022Q1T08,21,VIC1-NSW1,NSW1,203,108,6600.0,0.0
2022-05,C2022Q1,T08,C2022Q1T08,21,VIC1-NSW1,VIC1,170,125,11224.0,0.0
2022-05,C2022Q2,T07,C2022Q2T07,21,NSW1-QLD1,NSW1,45,45,401.0,0.0
2022-05,C2022Q2,T07,C2022Q2T07,21,NSW1-QLD1,QLD1,155,100,11067.5,0.0
2022-05,C2021Q2,T10,C2021Q2T10,32,V-SA,VIC1,108,73,1780.0,0.0
2022-05,C2021Q2,T10,C2021Q2T10,32,VIC1-NSW1,NSW1,199,108,1300.84,0.0
2022-05,C2021Q2,T10,C2021Q2T10,32,VIC1-NSW1,VIC1,205,125,4007.84,0.0
2022-05,C2021Q3,T09,C2021Q3T09,32,NSW1-QLD1,NSW1,45,45,252.0,0.0
2022-05,C2021Q3,T09,C2021Q3T09,32,NSW1-QLD1,QLD1,180,100,12950.12,0.0
2022-05,C2021Q3,T09,C2021Q3T09,32,V-SA,SA1,109,64,4504.0,0.0
2022-05,C2021Q3,T09,C2021Q3T09,32,V-SA,VIC1,113,73,1600.94,0.0
2022-05,C2021Q3,T09,C2021Q3T09,32,VIC1-NSW1,NSW1,247,108,1304.0,0.0
2022-05,C2021Q3,T09,C2021Q3T09,32,VIC1-NSW1,VIC1,185,125,4500.0,0.0
2022-05,C2021Q4,T08,C2021Q4T08,32,NSW1-QLD1,NSW1,108,45,604.0,0.0
2022-05,C2021Q4,T08,C2021Q4T08,32,NSW1-QLD1,QLD1,160,100,11150.0,0.0
2022-05,C2021Q4,T08,C2021Q4T08,32,V-SA,SA1,109,64,4833.66,0.0
2022-05,C2021Q4,T08,C2021Q4T08,32,V-SA,VIC1,137,73,2127.76,0.0
2022-05,C2021Q4,T08,C2021Q4T08,32,VIC1-NSW1,NSW1,148,108,1504.0,0.0
2022-05,C2021Q4,T08,C2021Q4T08,32,VIC1-NSW1,VIC1,205,125,5250.0,0.0
2022-05,C2022Q1,T07,C2022Q1T07,32,NSW1-QLD1,NSW1,54,45,2350.0,0.0
2022-05,C2022Q1,T07,C2022Q1T07,32,NSW1-QLD1,QLD1,136,100,16000.0,0.0
2022-05,C2022Q1,T07,C2022Q1T07,32,V-SA,SA1,64,64,5143.26,0.0
2022-05,C2022Q1,T07,C2022Q1T07,32,V-SA,VIC1,73,73,7019.42,0.0
2022-05,C2022Q1,T07,C2022Q1T07,32,VIC1-NSW1,NSW1,162,117,8800.0,0.0
2022-05,C2022Q1,T07,C2022Q1T07,32,VIC1-NSW1,VIC1,175,125,9142.76,0.0
2022-05,C2022Q2,T06,C2022Q2T06,32,NSW1-QLD1,NSW1,45,45,351.0,0.0
2022-05,C2022Q2,T06,C2022Q2T06,32,NSW1-QLD1,QLD1,120,100,11650.0,0.0
2022-05,C2022Q2,T06,C2022Q2T06,32,V-SA,SA1,98,64,4000.0,0.0
2022-05,C2022Q2,T06,C2022Q2T06,32,V-SA,VIC1,73,73,1600.0,0.0
2022-05,C2022Q2,T06,C2022Q2T06,32,VIC1-NSW1,NSW1,198,108,841.91,0.0
2022-05,C2022Q2,T06,C2022Q2T06,32,VIC1-NSW1,VIC1,205,125,6619.68,0.0
2022-05,C2022Q3,T05,C2022Q3T05,32,NSW1-QLD1,NSW1,45,45,561.0,0.0
2022-05,C2022Q3,T05,C2022Q3T05,32,NSW1-QLD1,QLD1,100,100,12150.0,0.0
2022-05,C2022Q3,T05,C2022Q3T05,32,V-SA,SA1,84,64,4000.0,0.0
2022-05,C2022Q3,T05,C2022Q3T05,32,V-SA,VIC1,73,73,1750.0,0.0
2022-05,C2022Q3,T05,C2022Q3T05,32,VIC1-NSW1,NSW1,198,108,1104.01,0.0
2022-05,C2022Q3,T05,C2022Q3T05,32,VIC1-NSW1,VIC1,195,125,6501.0,0.0
2022-05,C2022Q4,T04,C2022Q4T04,32,NSW1-QLD1,NSW1,55,45,1254.0,0.0
2022-05,C2022Q4,T04,C2022Q4T04,32,NSW1-QLD1,QLD1,100,100,10900.0,0.0
2022-05,C2022Q4,T04,C2022Q4T04,32,V-SA,SA1,80,64,4666.98,0.0
2022-05,C2022Q4,T04,C2022Q4T04,32,V-SA,VIC1,73,73,2450.0,0.0
2022-05,C2022Q4,T04,C2022Q4T04,32,VIC1-NSW1,NSW1,148,108,1710.37,0.0
2022-05,C2022Q4,T04,C2022Q4T04,32,VIC1-NSW1,VIC1,185,125,6793.1,0.0
2022-05,C2023Q1,T03,C2023Q1T03,32,NSW1-QLD1,NSW1,45,45,2646.0,0.0
2022-05,C2023Q1,T03,C2023Q1T03,32,NSW1-QLD1,QLD1,100,100,14750.0,0.0
2022-05,C2023Q1,T03,C2023Q1T03,32,V-SA,SA1,74,64,5143.26,0.0
2022-05,C2023Q1,T03,C2023Q1T03,32,V-SA,VIC1,73,73,6004.0,0.0
2022-05,C2023Q1,T03,C2023Q1T03,32,VIC1-NSW1,NSW1,133,120,7500.0,0.0
2022-05,C2023Q1,T03,C2023Q1T03,32,VIC1-NSW1,VIC1,125,125,10123.0,0.0
2022-05,C2023Q2,T02,C2023Q2T02,32,NSW1-QLD1,NSW1,45,45,347.6,0.0
2022-05,C2023Q2,T02,C2023Q2T02,32,NSW1-QLD1,QLD1,100,100,11750.0,0.0
2022-05,C2023Q2,T02,C2023Q2T02,32,V-SA,SA1,84,64,4000.0,0.0
2022-05,C2023Q2,T02,C2023Q2T02,32,V-SA,VIC1,73,73,1450.0,0.0
2022-05,C2023Q2,T02,C2023Q2T02,32,VIC1-NSW1,NSW1,158,108,750.0,0.0
2022-05,C2023Q2,T02,C2023Q2T02,32,VIC1-NSW1,VIC1,125,125,7333.0,0.0
2022-05,C2023Q3,T01,C2023Q3T01,32,NSW1-QLD1,NSW1,45,45,257.0,0.0
2022-05,C2023Q3,T01,C2023Q3T01,32,NSW1-QLD1,QLD1,100,100,12150.0,0.0
2022-05,C2023Q3,T01,C2023Q3T01,32,V-SA,SA1,64,64,4000.0,0.0
2022-05,C2023Q3,T01,C2023Q3T01,32,V-SA,VIC1,73,73,1500.0,0.0
2022-05,C2023Q3,T01,C2023Q3T01,32,VIC1-NSW1,NSW1,108,108,750.75,0.0
2022-05,C2023Q3,T01,C2023Q3T01,32,VIC1-NSW1,VIC1,125,125,7040.0,0.0
2022-05,C2021Q1,T12,C2021Q1T12,22,NSW1-QLD1,NSW1,83,55,2104.0,0.0
2022-05,C2021Q1,T12,C2021Q1T12,22,NSW1-QLD1,QLD1,155,100,21956.0,0.0
2022-05,C2021Q1,T12,C2021Q1T12,22,V-SA,SA1,96,66,7500.0,0.0
2022-05,C2021Q1,T12,C2021Q1T12,22,V-SA,VIC1,137,77,5500.0,0.0
2022-05,C2021Q1,T12,C2021Q1T12,22,VIC1-NSW1,NSW1,222,112,6375.69,0.0
2022-05,C2021Q1,T12,C2021Q1T12,22,VIC1-NSW1,VIC1,170,125,9000.0,0.0
2022-05,C2021Q2,T11,C2021Q2T11,22,NSW1-QLD1,NSW1,45,45,253.0,0.0
2022-05,C2021Q2,T11,C2021Q2T11,22,NSW1-QLD1,QLD1,155,100,13100.0,0.0
2022-05,C2021Q2,T11,C2021Q2T11,22,V-SA,SA1,114,64,4790.09,0.0
2022-05,C2021Q2,T11,C2021Q2T11,22,V-SA,VIC1,133,73,1601.0,0.0
2022-05,C2021Q2,T11,C2021Q2T11,22,VIC1-NSW1,NSW1,224,108,1365.88,0.0
2022-05,C2021Q2,T11,C2021Q2T11,22,VIC1-NSW1,VIC1,195,125,5354.0,0.0
2022-05,C2021Q3,T10,C2021Q3T10,22,NSW1-QLD1,NSW1,45,45,254.0,0.0
2022-05,C2021Q3,T10,C2021Q3T10,22,NSW1-QLD1,QLD1,155,100,12302.5,0.0
2022-05,C2021Q3,T10,C2021Q3T10,22,V-SA,SA1,114,64,5250.0,0.0
2022-05,C2021Q3,T10,C2021Q3T10,22,V-SA,VIC1,174,73,1601.0,0.0
2022-05,C2021Q3,T10,C2021Q3T10,22,VIC1-NSW1,NSW1,257,108,1389.0,0.0
2022-05,C2021Q3,T10,C2021Q3T10,22,VIC1-NSW1,VIC1,179,125,5625.0,0.0
2022-05,C2021Q4,T09,C2021Q4T09,22,NSW1-QLD1,NSW1,120,51,804.0,0.0
2022-05,C2021Q4,T09,C2021Q4T09,22,NSW1-QLD1,QLD1,155,100,12250.0,0.0
2022-05,C2021Q4,T09,C2021Q4T09,22,V-SA,SA1,114,64,5318.0,0.0
2022-05,C2021Q4,T09,C2021Q4T09,22,V-SA,VIC1,167,73,2127.76,0.0
2022-05,C2021Q4,T09,C2021Q4T09,22,VIC1-NSW1,NSW1,158,108,1323.52,0.0
2022-05,C2021Q4,T09,C2021Q4T09,22,VIC1-NSW1,VIC1,170,125,7501.0,0.0
2022-05,C2022Q1,T08,C2022Q1T08,22,NSW1-QLD1,NSW1,66,45,2585.0,0.0
2022-05,C2022Q1,T08,C2022Q1T08,22,NSW1-QLD1,QLD1,173,100,17800.96,0.0
2022-05,C2022Q1,T08,C2022Q1T08,22,V-SA,SA1,94,64,5878.01,0.0
2022-05,C2022Q1,T08,C2022Q1T08,22,V-SA,VIC1,93,73,6004.0,0.0
2022-05,C2022Q1,T08,C2022Q1T08,22,VIC1-NSW1,NSW1,203,108,6600.0,0.0
2022-05,C2022Q1,T08,C2022Q1T08,22,VIC1-NSW1,VIC1,170,125,11224.0,0.0
2022-05,C2022Q2,T07,C2022Q2T07,22,NSW1-QLD1,NSW1,45,45,401.0,0.0
2022-05,C2022Q2,T07,C2022Q2T07,22,NSW1-QLD1,QLD1,155,100,11067.5,0.0
2022-05,C2022Q2,T07,C2022Q2T07,22,V-SA,SA1,128,78,4000.0,0.0
2022-05,C2022Q2,T07,C2022Q2T07,22,V-SA,VIC1,93,73,1668.35,0.0
2022-05,C2022Q2,T07,C2022Q2T07,22,VIC1-NSW1,NSW1,183,108,740.88,0.0
2022-05,C2022Q2,T07,C2022Q2T07,22,VIC1-NSW1,VIC1,175,125,7772.16,0.0
2022-05,C2022Q3,T06,C2022Q3T06,22,NSW1-QLD1,NSW1,45,45,501.0,0.0
2022-05,C2022Q3,T06,C2022Q3T06,22,NSW1-QLD1,QLD1,130,100,11901.12,0.0
2022-05,C2022Q3,T06,C2022Q3T06,22,V-SA,SA1,94,64,5204.0,0.0
2022-05,C2022Q3,T06,C2022Q3T06,22,V-SA,VIC1,93,73,1750.0,0.0
2022-05,C2022Q3,T06,C2022Q3T06,22,VIC1-NSW1,NSW1,183,108,875.0,0.0
2022-05,C2022Q3,T06,C2022Q3T06,22,VIC1-NSW1,VIC1,150,125,8501.0,0.0
2022-05,C2022Q4,T05,C2022Q4T05,22,NSW1-QLD1,NSW1,55,45,1503.03,0.0
2022-05,C2022Q4,T05,C2022Q4T05,22,NSW1-QLD1,QLD1,130,100,11956.92,0.0
2022-05,C2022Q4,T05,C2022Q4T05,22,V-SA,SA1,90,64,5039.85,0.0
2022-05,C2022Q4,T05,C2022Q4T05,22,V-SA,VIC1,93,73,2450.0,0.0
2022-05,C2022Q4,T05,C2022Q4T05,22,VIC1-NSW1,NSW1,158,108,1197.25,0.0
2022-05,C2022Q4,T05,C2022Q4T05,22,VIC1-NSW1,VIC1,168,125,8950.99,0.0
2022-05,C2023Q1,T04,C2023Q1T04,22,NSW1-QLD1,NSW1,57,45,3001.0,0.0
2022-05,C2023Q1,T04,C2023Q1T04,22,NSW1-QLD1,QLD1,100,100,15996.96,0.0
2022-05,C2023Q1,T04,C2023Q1T04,22,V-SA,SA1,74,64,5668.0,0.0
2022-05,C2023Q1,T04,C2023Q1T04,22,V-SA,VIC1,93,73,6004.0,0.0
2022-05,C2023Q1,T04,C2023Q1T04,22,VIC1-NSW1,NSW1,158,108,5625.0,0.0
2022-05,C2023Q1,T04,C2023Q1T04,22,VIC1-NSW1,VIC1,145,125,11375.99,0.0
2022-05,C2023Q2,T03,C2023Q2T03,22,NSW1-QLD1,NSW1,45,45,404.0,0.0
2022-05,C2023Q2,T03,C2023Q2T03,22,NSW1-QLD1,QLD1,100,100,12839.0,0.0
2022-05,C2023Q2,T03,C2023Q2T03,22,V-SA,SA1,91,81,3124.0,0.0
2022-05,C2023Q2,T03,C2023Q2T03,22,V-SA,VIC1,93,73,1454.0,0.0
2022-05,C2023Q2,T03,C2023Q2T03,22,VIC1-NSW1,NSW1,188,108,562.5,0.0
2022-05,C2023Q2,T03,C2023Q2T03,22,VIC1-NSW1,VIC1,150,125,7407.0,0.0
2022-05,C2023Q3,T02,C2023Q3T02,22,NSW1-QLD1,NSW1,45,45,401.0,0.0
2022-05,C2023Q3,T02,C2023Q3T02,22,NSW1-QLD1,QLD1,100,100,12984.0,0.0
2022-05,C2023Q3,T02,C2023Q3T02,22,V-SA,SA1,74,64,3920.0,0.0
2022-05,C2023Q3,T02,C2023Q3T02,22,V-SA,VIC1,93,73,1435.2,0.0
2022-05,C2023Q3,T02,C2023Q3T02,22,VIC1-NSW1,NSW1,138,108,660.66,0.0
2022-05,C2023Q3,T02,C2023Q3T02,22,VIC1-NSW1,VIC1,150,125,7744.0,0.0
2022-05,C2023Q4,T01,C2023Q4T01,22,NSW1-QLD1,NSW1,45,45,1301.0,0.0
2022-05,C2023Q4,T01,C2023Q4T01,22,NSW1-QLD1,QLD1,100,100,12400.96,0.0
2022-05,C2023Q4,T01,C2023Q4T01,22,V-SA,SA1,64,64,4000.0,0.0
2022-05,C2023Q4,T01,C2023Q4T01,22,V-SA,VIC1,73,73,1840.35,0.0
2022-05,C2023Q4,T01,C2023Q4T01,22,VIC1-NSW1,NSW1,108,108,1001.0,0.0
2022-05,C2023Q4,T01,C2023Q4T01,22,VIC1-NSW1,VIC1,125,125,7473.0,0.0
2022-05,C2021Q2,T12,C2021Q2T12,13,NSW1-QLD1,NSW1,61,55,354.0,0.0
2022-05,C2022Q2,T07,C2022Q2T07,21,V-SA,SA1,128,78,4000.0,0.0
2022-05,C2022Q2,T07,C2022Q2T07,21,V-SA,VIC1,93,73,1668.35,0.0
2022-05,C2022Q2,T07,C2022Q2T07,21,VIC1-NSW1,NSW1,183,108,740.88,0.0
2022-05,C2022Q2,T07,C2022Q2T07,21,VIC1-NSW1,VIC1,175,125,7772.16,0.0
2022-05,C2022Q3,T06,C2022Q3T06,21,NSW1-QLD1,NSW1,45,45,501.0,0.0
2022-05,C2022Q3,T06,C2022Q3T06,21,NSW1-QLD1,QLD1,130,100,11901.12,0.0
2022-05,C2022Q3,T06,C2022Q3T06,21,V-SA,SA1,94,64,5204.0,0.0
2022-05,C2022Q3,T06,C2022Q3T06,21,V-SA,VIC1,93,73,1750.0,0.0
2022-05,C2022Q3,T06,C2022Q3T06,21,VIC1-NSW1,NSW1,183,108,875.0,0.0
2022-05,C2022Q3,T06,C2022Q3T06,21,VIC1-NSW1,VIC1,150,125,8501.0,0.0
2022-05,C2022Q4,T05,C2022Q4T05,21,NSW1-QLD1,NSW1,55,45,1503.03,0.0
2022-05,C2022Q4,T05,C2022Q4T05,21,NSW1-QLD1,QLD1,130,100,11956.92,0.0
2022-05,C2022Q4,T05,C2022Q4T05,21,V-SA,SA1,90,64,5039.85,0.0
2022-05,C2022Q4,T05,C2022Q4T05,21,V-SA,VIC1,93,73,2450.0,0.0
2022-05,C2022Q4,T05,C2022Q4T05,21,VIC1-NSW1,NSW1,158,108,1197.25,0.0
2022-05,C2022Q4,T05,C2022Q4T05,21,VIC1-NSW1,VIC1,168,125,8950.99,0.0
2022-05,C2023Q1,T04,C2023Q1T04,21,NSW1-QLD1,NSW1,57,45,3001.0,0.0
2022-05,C2023Q1,T04,C2023Q1T04,21,NSW1-QLD1,QLD1,100,100,15996.96,0.0
2022-05,C2023Q1,T04,C2023Q1T04,21,V-SA,SA1,74,64,5668.0,0.0
2022-05,C2023Q1,T04,C2023Q1T04,21,V-SA,VIC1,93,73,6004.0,0.0
2022-05,C2023Q1,T04,C2023Q1T04,21,VIC1-NSW1,NSW1,158,108,5625.0,0.0
2022-05,C2023Q1,T04,C2023Q1T04,21,VIC1-NSW1,VIC1,145,125,11375.99,0.0
2022-05,C2023Q2,T03,C2023Q2T03,21,NSW1-QLD1,NSW1,45,45,404.0,0.0
2022-05,C2023Q2,T03,C2023Q2T03,21,NSW1-QLD1,QLD1,100,100,12839.0,0.0
2022-05,C2023Q2,T03,C2023Q2T03,21,V-SA,SA1,91,81,3124.0,0.0
2022-05,C2023Q2,T03,C2023Q2T03,21,V-SA,VIC1,93,73,1454.0,0.0
2022-05,C2023Q2,T03,C2023Q2T03,21,VIC1-NSW1,NSW1,188,108,562.5,0.0
2022-05,C2023Q2,T03,C2023Q2T03,21,VIC1-NSW1,VIC1,150,125,7407.0,0.0
2022-05,C2023Q3,T02,C2023Q3T02,21,NSW1-QLD1,NSW1,45,45,401.0,0.0
2022-05,C2023Q3,T02,C2023Q3T02,21,NSW1-QLD1,QLD1,100,100,12984.0,0.0
2022-05,C2023Q3,T02,C2023Q3T02,21,V-SA,SA1,74,64,3920.0,0.0
2022-05,C2023Q3,T02,C2023Q3T02,21,V-SA,VIC1,93,73,1435.2,0.0
2022-05,C2023Q3,T02,C2023Q3T02,21,VIC1-NSW1,NSW1,138,108,660.66,0.0
2022-05,C2023Q3,T02,C2023Q3T02,21,VIC1-NSW1,VIC1,150,125,7744.0,0.0
2022-05,C2023Q4,T01,C2023Q4T01,21,NSW1-QLD1,NSW1,45,45,1301.0,0.0
2022-05,C2023Q4,T01,C2023Q4T01,21,NSW1-QLD1,QLD1,100,100,12400.96,0.0
2022-05,C2023Q4,T01,C2023Q4T01,21,V-SA,SA1,64,64,4000.0,0.0
2022-05,C2023Q4,T01,C2023Q4T01,21,V-SA,VIC1,73,73,1840.35,0.0
2022-05,C2023Q4,T01,C2023Q4T01,21,VIC1-NSW1,NSW1,108,108,1001.0,0.0
2022-05,C2023Q4,T01,C2023Q4T01,21,VIC1-NSW1,VIC1,125,125,7473.0,0.0
2022-05,C2021Q2,T12,C2021Q2T12,12,NSW1-QLD1,NSW1,61,55,354.0,0.0
2022-05,C2021Q2,T12,C2021Q2T12,12,NSW1-QLD1,QLD1,246,110,10087.0,0.0
2022-05,C2021Q2,T12,C2021Q2T12,12,V-SA,SA1,117,70,4654.0,0.0
2022-05,C2021Q2,T12,C2021Q2T12,12,V-SA,VIC1,174,77,2054.0,0.0
2022-05,C2021Q2,T12,C2021Q2T12,12,VIC1-NSW1,NSW1,372,112,480.79,0.0
2022-05,C2021Q2,T12,C2021Q2T12,12,VIC1-NSW1,VIC1,258,125,8004.0,0.0
2022-05,C2021Q3,T11,C2021Q3T11,12,NSW1-QLD1,NSW1,45,45,417.47,0.0
2022-05,C2021Q3,T11,C2021Q3T11,12,NSW1-QLD1,QLD1,245,103,10790.21,0.0
2022-05,C2021Q3,T11,C2021Q3T11,12,V-SA,SA1,112,64,5321.0,0.0
2022-05,C2021Q3,T11,C2021Q3T11,12,V-SA,VIC1,199,73,2455.0,0.0
2022-05,C2021Q3,T11,C2021Q3T11,12,VIC1-NSW1,NSW1,266,108,500.44,0.0
2022-05,C2021Q3,T11,C2021Q3T11,12,VIC1-NSW1,VIC1,275,125,7700.0,0.0
2022-05,C2021Q4,T10,C2021Q4T10,12,NSW1-QLD1,NSW1,85,45,1249.0,0.0
2022-05,C2021Q4,T10,C2021Q4T10,12,NSW1-QLD1,QLD1,255,104,9200.79,0.0
2022-05,C2021Q4,T10,C2021Q4T10,12,V-SA,SA1,111,64,5372.0,0.0
2022-05,C2021Q4,T10,C2021Q4T10,12,V-SA,VIC1,170,73,2780.85,0.0
2022-05,C2021Q4,T10,C2021Q4T10,12,VIC1-NSW1,NSW1,269,114,465.88,0.0
2022-05,C2021Q4,T10,C2021Q4T10,12,VIC1-NSW1,VIC1,248,125,9377.0,0.0
2022-05,C2022Q1,T09,C2022Q1T09,12,NSW1-QLD1,NSW1,69,49,3278.0,0.0
2022-05,C2022Q1,T09,C2022Q1T09,12,NSW1-QLD1,QLD1,185,103,14524.2,0.0
2022-05,C2022Q1,T09,C2022Q1T09,12,V-SA,SA1,124,68,5650.47,0.0
2022-05,C2022Q1,T09,C2022Q1T09,12,V-SA,VIC1,103,73,7019.42,0.0
2022-05,C2022Q1,T09,C2022Q1T09,12,VIC1-NSW1,NSW1,250,117,4356.0,0.0
2022-05,C2022Q1,T09,C2022Q1T09,12,VIC1-NSW1,VIC1,305,125,12347.0,0.0
2022-05,C2022Q2,T08,C2022Q2T08,12,NSW1-QLD1,NSW1,45,45,612.0,0.0
2022-05,C2022Q2,T08,C2022Q2T08,12,NSW1-QLD1,QLD1,200,103,10800.0,0.0
2022-05,C2022Q2,T08,C2022Q2T08,12,V-SA,SA1,111,64,4066.67,0.0
2022-05,C2022Q2,T08,C2022Q2T08,12,V-SA,VIC1,171,73,2502.52,0.0
2022-05,C2022Q2,T08,C2022Q2T08,12,VIC1-NSW1,NSW1,319,115,420.44,0.0
2022-05,C2022Q2,T08,C2022Q2T08,12,VIC1-NSW1,VIC1,188,125,8529.23,0.0
2022-05,C2022Q3,T07,C2022Q3T07,12,NSW1-QLD1,NSW1,45,45,757.75,0.0
2022-05,C2022Q3,T07,C2022Q3T07,12,NSW1-QLD1,QLD1,174,102,13500.0,0.0
2022-05,C2022Q3,T07,C2022Q3T07,12,V-SA,SA1,118,64,5150.72,0.0
2022-05,C2022Q3,T07,C2022Q3T07,12,V-SA,VIC1,150,73,2387.0,0.0
2022-05,C2022Q3,T07,C2022Q3T07,12,VIC1-NSW1,NSW1,267,117,490.44,0.0
2022-05,C2022Q3,T07,C2022Q3T07,12,VIC1-NSW1,VIC1,223,125,9300.43,0.0
2022-05,C2022Q4,T06,C2022Q4T06,12,NSW1-QLD1,NSW1,55,55,1878.78,0.0
2022-05,C2022Q4,T06,C2022Q4T06,12,NSW1-QLD1,QLD1,225,105,10800.52,0.0
2022-05,C2022Q4,T06,C2022Q4T06,12,V-SA,SA1,107,64,5123.85,0.0
2022-05,C2022Q4,T06,C2022Q4T06,12,V-SA,VIC1,146,73,2962.68,0.0
2022-05,C2022Q4,T06,C2022Q4T06,12,VIC1-NSW1,NSW1,217,117,560.44,0.0
2022-05,C2022Q4,T06,C2022Q4T06,12,VIC1-NSW1,VIC1,208,125,10374.0,0.0
2022-05,C2023Q1,T05,C2023Q1T05,12,NSW1-QLD1,NSW1,55,45,3771.0,0.0
2022-05,C2023Q1,T05,C2023Q1T05,12,NSW1-QLD1,QLD1,130,103,13200.2,0.0
2022-05,C2023Q1,T05,C2023Q1T05,12,V-SA,SA1,92,73,5923.47,0.0
2022-05,C2023Q1,T05,C2023Q1T05,12,V-SA,VIC1,96,73,7628.0,0.0
2022-05,C2023Q1,T05,C2023Q1T05,12,VIC1-NSW1,NSW1,177,117,4320.0,0.0
2022-05,C2023Q1,T05,C2023Q1T05,12,VIC1-NSW1,VIC1,155,125,12513.58,0.0
2022-05,C2023Q2,T04,C2023Q2T04,12,NSW1-QLD1,NSW1,45,45,520.0,0.0
2022-05,C2023Q2,T04,C2023Q2T04,12,NSW1-QLD1,QLD1,140,102,15928.0,0.0
2022-05,C2023Q2,T04,C2023Q2T04,12,V-SA,SA1,85,64,3050.72,0.0
2022-05,C2023Q2,T04,C2023Q2T04,12,V-SA,VIC1,130,73,1801.0,0.0
2022-05,C2023Q2,T04,C2023Q2T04,12,VIC1-NSW1,NSW1,198,118,490.44,0.0
2022-05,C2023Q2,T04,C2023Q2T04,12,VIC1-NSW1,VIC1,160,125,9259.0,0.0
2022-05,C2023Q3,T03,C2023Q3T03,12,NSW1-QLD1,NSW1,45,45,501.0,0.0
2022-05,C2023Q3,T03,C2023Q3T03,12,NSW1-QLD1,QLD1,125,100,16230.0,0.0
2022-05,C2023Q3,T03,C2023Q3T03,12,V-SA,SA1,71,64,4300.72,0.0
2022-05,C2023Q3,T03,C2023Q3T03,12,V-SA,VIC1,90,73,1900.68,0.0
2022-05,C2023Q3,T03,C2023Q3T03,12,VIC1-NSW1,NSW1,173,118,501.23,0.0
2022-05,C2023Q3,T03,C2023Q3T03,12,VIC1-NSW1,VIC1,172,125,9680.0,0.0
2022-05,C2023Q4,T02,C2023Q4T02,12,NSW1-QLD1,NSW1,45,45,1501.0,0.0
2022-05,C2023Q4,T02,C2023Q4T02,12,NSW1-QLD1,QLD1,119,104,15459.87,0.0
2022-05,C2023Q4,T02,C2023Q4T02,12,V-SA,SA1,68,64,4204.0,0.0
2022-05,C2023Q4,T02,C2023Q4T02,12,V-SA,VIC1,77,73,2762.2,0.0
2022-05,C2023Q4,T02,C2023Q4T02,12,VIC1-NSW1,NSW1,141,111,587.25,0.0
2022-05,C2023Q4,T02,C2023Q4T02,12,VIC1-NSW1,VIC1,154,125,9570.43,0.0
2022-05,C2024Q1,T01,C2024Q1T01,12,NSW1-QLD1,NSW1,45,45,3591.0,0.0
2022-05,C2024Q1,T01,C2024Q1T01,12,NSW1-QLD1,QLD1,100,100,15267.0,0.0
2022-05,C2024Q1,T01,C2024Q1T01,12,V-SA,SA1,64,64,5154.0,0.0
2022-05,C2024Q1,T01,C2024Q1T01,12,V-SA,VIC1,73,73,6115.2,0.0
2022-05,C2024Q1,T01,C2024Q1T01,12,VIC1-NSW1,NSW1,108,108,4368.0,0.0
2022-05,C2024Q1,T01,C2024Q1T01,12,VIC1-NSW1,VIC1,125,125,12513.58,0.0
2022-05,C2021Q3,T12,C2021Q3T12,16,NSW1-QLD1,NSW1,105,55,2125.0,0.0
2022-05,C2021Q3,T12,C2021Q3T12,16,NSW1-QLD1,QLD1,252,134,10346.29,0.0
2022-05,C2021Q3,T12,C2021Q3T12,16,V-SA,SA1,134,66,4404.0,0.0
2022-05,C2021Q3,T12,C2021Q3T12,16,V-SA,VIC1,248,100,3500.0,0.0
2022-05,C2021Q3,T12,C2021Q3T12,16,VIC1-NSW1,NSW1,316,112,1006.0,0.0
2022-05,C2021Q3,T12,C2021Q3T12,16,VIC1-NSW1,VIC1,200,152,11396.0,0.0
2022-05,C2021Q4,T11,C2021Q4T11,16,NSW1-QLD1,NSW1,148,45,2218.0,0.0
2022-05,C2021Q4,T11,C2021Q4T11,16,NSW1-QLD1,QLD1,292,103,9780.23,0.0
2022-05,C2021Q4,T11,C2021Q4T11,16,V-SA,SA1,123,64,4816.92,0.0
2022-05,C2021Q4,T11,C2021Q4T11,16,V-SA,VIC1,134,86,5996.06,0.0
2022-05,C2021Q4,T11,C2021Q4T11,16,VIC1-NSW1,NSW1,168,108,754.0,0.0
2022-05,C2021Q4,T11,C2021Q4T11,16,VIC1-NSW1,VIC1,227,145,11721.25,0.0
2022-05,C2022Q1,T10,C2022Q1T10,16,NSW1-QLD1,NSW1,55,45,5267.0,0.0
2022-05,C2022Q1,T10,C2022Q1T10,16,NSW1-QLD1,QLD1,234,101,16460.75,0.0
2022-05,C2022Q1,T10,C2022Q1T10,16,V-SA,SA1,114,64,5707.0,0.0
2022-05,C2022Q1,T10,C2022Q1T10,16,V-SA,VIC1,103,73,8775.0,0.0
2022-05,C2022Q1,T10,C2022Q1T10,16,VIC1-NSW1,NSW1,176,108,5028.0,0.0
2022-05,C2022Q1,T10,C2022Q1T10,16,VIC1-NSW1,VIC1,301,125,15434.0,0.0
2022-05,C2020Q2,T12,C2020Q2T12,43,NSW1-QLD1,NSW1,90,55,174.14,0.0
2022-05,C2020Q2,T12,C2020Q2T12,43,NSW1-QLD1,QLD1,230,107,13890.24,0.0
2022-05,C2020Q2,T12,C2020Q2T12,43,V-SA,SA1,96,66,10592.4,0.0
2022-05,C2020Q2,T12,C2020Q2T12,43,V-SA,VIC1,177,77,1250.0,0.0
2022-05,C2020Q2,T12,C2020Q2T12,43,VIC1-NSW1,NSW1,286,132,1482.0,0.0
2022-05,C2020Q2,T12,C2020Q2T12,43,VIC1-NSW1,VIC1,335,155,5865.0,0.0
2022-05,C2020Q3,T11,C2020Q3T11,43,NSW1-QLD1,NSW1,80,45,164.27,0.0
2022-05,C2020Q3,T11,C2020Q3T11,43,NSW1-QLD1,QLD1,200,100,14862.32,0.0
2022-05,C2020Q3,T11,C2020Q3T11,43,V-SA,SA1,84,64,13752.0,0.0
2022-05,C2020Q3,T11,C2020Q3T11,43,V-SA,VIC1,148,73,1565.0,0.0
2022-05,C2020Q3,T11,C2020Q3T11,43,VIC1-NSW1,NSW1,311,108,1462.5,0.0
2022-05,C2020Q3,T11,C2020Q3T11,43,VIC1-NSW1,VIC1,262,125,5703.0,0.0
2022-05,C2020Q4,T10,C2020Q4T10,43,NSW1-QLD1,NSW1,97,45,700.0,0.0
2022-05,C2020Q4,T10,C2020Q4T10,43,NSW1-QLD1,QLD1,196,103,13598.0,0.0
2022-05,C2020Q4,T10,C2020Q4T10,43,V-SA,SA1,84,64,13823.0,0.0
2022-05,C2020Q4,T10,C2020Q4T10,43,V-SA,VIC1,133,73,1760.0,0.0
2022-05,C2020Q4,T10,C2020Q4T10,43,VIC1-NSW1,NSW1,288,108,2400.0,0.0
2022-05,C2020Q4,T10,C2020Q4T10,43,VIC1-NSW1,VIC1,296,127,6275.0,0.0
2022-05,C2021Q1,T09,C2021Q1T09,43,NSW1-QLD1,NSW1,62,45,1750.0,0.0
2022-05,C2021Q1,T09,C2021Q1T09,43,NSW1-QLD1,QLD1,185,100,17058.0,0.0
2022-05,C2021Q1,T09,C2021Q1T09,43,V-SA,SA1,119,64,7828.0,0.0
2022-05,C2021Q1,T09,C2021Q1T09,43,V-SA,VIC1,103,73,4532.0,0.0
2022-05,C2021Q1,T09,C2021Q1T09,43,VIC1-NSW1,NSW1,241,108,7560.0,0.0
2022-05,C2021Q1,T09,C2021Q1T09,43,VIC1-NSW1,VIC1,245,146,7218.66,0.0
2022-05,C2021Q2,T08,C2021Q2T08,43,NSW1-QLD1,NSW1,65,45,114.4,0.0
2022-05,C2021Q2,T08,C2021Q2T08,43,NSW1-QLD1,QLD1,180,100,10893.35,0.0
2022-05,C2021Q2,T08,C2021Q2T08,43,V-SA,SA1,64,64,8616.2,0.0
2022-05,C2021Q2,T08,C2021Q2T08,43,V-SA,VIC1,128,73,1131.75,0.0
2022-05,C2021Q2,T08,C2021Q2T08,43,VIC1-NSW1,NSW1,217,108,1000.85,0.0
2022-05,C2021Q2,T08,C2021Q2T08,43,VIC1-NSW1,VIC1,235,125,6216.0,0.0
2022-05,C2021Q3,T07,C2021Q3T07,43,NSW1-QLD1,NSW1,45,45,200.0,0.0
2022-05,C2021Q3,T07,C2021Q3T07,43,NSW1-QLD1,QLD1,180,100,11772.84,0.0
2022-05,C2021Q3,T07,C2021Q3T07,43,V-SA,SA1,64,64,10205.1,0.0
2022-05,C2021Q3,T07,C2021Q3T07,43,V-SA,VIC1,128,73,1550.0,0.0
2022-05,C2021Q3,T07,C2021Q3T07,43,VIC1-NSW1,NSW1,208,108,993.6,0.0
2022-05,C2021Q3,T07,C2021Q3T07,43,VIC1-NSW1,VIC1,240,125,7500.0,0.0
2022-05,C2021Q4,T06,C2021Q4T06,43,NSW1-QLD1,NSW1,45,45,685.0,0.0
2022-05,C2021Q4,T06,C2021Q4T06,43,NSW1-QLD1,QLD1,185,110,11477.0,0.0
2022-05,C2021Q4,T06,C2021Q4T06,43,V-SA,SA1,64,64,12501.0,0.0
2022-05,C2021Q4,T06,C2021Q4T06,43,V-SA,VIC1,103,73,1754.0,0.0
2022-05,C2021Q4,T06,C2021Q4T06,43,VIC1-NSW1,NSW1,213,113,1601.6,0.0
2022-05,C2021Q4,T06,C2021Q4T06,43,VIC1-NSW1,VIC1,230,125,7441.5,0.0
2022-05,C2022Q1,T05,C2022Q1T05,43,NSW1-QLD1,NSW1,45,45,2160.0,0.0
2022-05,C2022Q1,T05,C2022Q1T05,43,NSW1-QLD1,QLD1,156,100,13083.0,0.0
2022-05,C2022Q1,T05,C2022Q1T05,43,V-SA,SA1,89,64,5810.4,0.0
2022-05,C2022Q1,T05,C2022Q1T05,43,V-SA,VIC1,73,73,5762.88,0.0
2022-05,C2022Q1,T05,C2022Q1T05,43,VIC1-NSW1,NSW1,108,108,6310.5,0.0
2022-05,C2022Q1,T05,C2022Q1T05,43,VIC1-NSW1,VIC1,125,125,7556.0,0.0
2022-05,C2022Q2,T04,C2022Q2T04,43,NSW1-QLD1,NSW1,45,45,200.0,0.0
2022-05,C2022Q2,T04,C2022Q2T04,43,NSW1-QLD1,QLD1,140,100,11972.0,0.0
2022-05,C2022Q2,T04,C2022Q2T04,43,V-SA,SA1,64,64,7916.9,0.0
2022-05,C2022Q2,T04,C2022Q2T04,43,V-SA,VIC1,73,73,1054.0,0.0
2022-05,C2022Q2,T04,C2022Q2T04,43,VIC1-NSW1,NSW1,108,108,1092.0,0.0
2022-05,C2022Q2,T04,C2022Q2T04,43,VIC1-NSW1,VIC1,125,125,8000.0,0.0
2022-05,C2022Q3,T03,C2022Q3T03,43,NSW1-QLD1,NSW1,45,45,154.88,0.0
2022-05,C2022Q3,T03,C2022Q3T03,43,NSW1-QLD1,QLD1,100,100,11512.51,0.0
2022-05,C2022Q3,T03,C2022Q3T03,43,V-SA,SA1,64,64,10006.0,0.0
2022-05,C2022Q3,T03,C2022Q3T03,43,V-SA,VIC1,73,73,1007.0,0.0
2022-05,C2022Q3,T03,C2022Q3T03,43,VIC1-NSW1,NSW1,108,108,1101.0,0.0
2022-05,C2022Q3,T03,C2022Q3T03,43,VIC1-NSW1,VIC1,125,125,8000.0,0.0
2022-05,C2022Q4,T02,C2022Q4T02,43,NSW1-QLD1,NSW1,45,45,552.0,0.0
2022-05,C2022Q4,T02,C2022Q4T02,43,NSW1-QLD1,QLD1,100,100,10879.32,0.0
2022-05,C2022Q4,T02,C2022Q4T02,43,V-SA,SA1,64,64,11500.92,0.0
2022-05,C2022Q4,T02,C2022Q4T02,43,V-SA,VIC1,73,73,1480.6,0.0
2022-05,C2022Q4,T02,C2022Q4T02,43,VIC1-NSW1,NSW1,108,108,1766.4,0.0
2022-05,C2022Q4,T02,C2022Q4T02,43,VIC1-NSW1,VIC1,125,125,8000.0,0.0
2022-05,C2023Q1,T01,C2023Q1T01,43,NSW1-QLD1,NSW1,45,45,1955.8,0.0
2022-05,C2023Q1,T01,C2023Q1T01,43,NSW1-QLD1,QLD1,100,100,11065.6,0.0
2022-05,C2023Q1,T01,C2023Q1T01,43,V-SA,SA1,64,64,4709.0,0.0
2022-05,C2023Q1,T01,C2023Q1T01,43,V-SA,VIC1,73,73,4901.18,0.0
2022-05,C2023Q1,T01,C2023Q1T01,43,VIC1-NSW1,NSW1,108,108,6310.5,0.0
2022-05,C2023Q1,T01,C2023Q1T01,43,VIC1-NSW1,VIC1,125,125,8058.0,0.0
2022-05,C2020Q3,T12,C2020Q3T12,50,NSW1-QLD1,NSW1,90,55,210.08,0.0
2022-05,C2020Q3,T12,C2020Q3T12,50,NSW1-QLD1,QLD1,210,139,11555.0,0.0
2022-05,C2020Q3,T12,C2020Q3T12,50,V-SA,SA1,96,73,9151.07,0.0
2022-05,C2020Q3,T12,C2020Q3T12,50,V-SA,VIC1,193,77,1713.0,0.0
2022-05,C2020Q3,T12,C2020Q3T12,50,VIC1-NSW1,NSW1,296,112,1023.75,0.0
2022-05,C2020Q3,T12,C2020Q3T12,50,VIC1-NSW1,VIC1,355,135,4901.0,0.0
2022-05,C2020Q4,T11,C2020Q4T11,50,NSW1-QLD1,NSW1,193,45,701.23,0.0
2022-05,C2020Q4,T11,C2020Q4T11,50,NSW1-QLD1,QLD1,222,110,10878.4,0.0
2022-05,C2020Q4,T11,C2020Q4T11,50,V-SA,SA1,94,64,8001.2,0.0
2022-05,C2020Q4,T11,C2020Q4T11,50,V-SA,VIC1,168,73,1795.2,0.0
2022-05,C2020Q4,T11,C2020Q4T11,50,VIC1-NSW1,NSW1,234,113,2208.0,0.0
2022-05,C2020Q4,T11,C2020Q4T11,50,VIC1-NSW1,VIC1,340,130,5875.0,0.0
2022-05,C2021Q1,T10,C2021Q1T10,50,NSW1-QLD1,NSW1,76,45,1500.0,0.0
2022-05,C2021Q1,T10,C2021Q1T10,50,NSW1-QLD1,QLD1,245,100,19700.0,0.0
2022-05,C2021Q1,T10,C2021Q1T10,50,V-SA,SA1,119,64,7137.0,0.0
2022-05,C2021Q1,T10,C2021Q1T10,50,V-SA,VIC1,118,73,4666.0,0.0
2022-05,C2021Q1,T10,C2021Q1T10,50,VIC1-NSW1,NSW1,146,108,7501.0,0.0
2022-05,C2021Q1,T10,C2021Q1T10,50,VIC1-NSW1,VIC1,250,125,7940.53,0.0
2022-05,C2021Q2,T09,C2021Q2T09,50,NSW1-QLD1,NSW1,65,45,140.19,0.0
2022-05,C2021Q2,T09,C2021Q2T09,50,NSW1-QLD1,QLD1,200,120,12000.0,0.0
2022-05,C2021Q2,T09,C2021Q2T09,50,V-SA,SA1,121,64,3500.79,0.0
2022-05,C2021Q2,T09,C2021Q2T09,50,V-SA,VIC1,163,73,1711.0,0.0
2022-05,C2021Q2,T09,C2021Q2T09,50,VIC1-NSW1,NSW1,153,108,982.8,0.0
2022-05,C2021Q2,T09,C2021Q2T09,50,VIC1-NSW1,VIC1,237,135,5416.0,0.0
2022-05,C2021Q3,T08,C2021Q3T08,50,NSW1-QLD1,NSW1,45,45,312.0,0.0
2022-05,C2021Q3,T08,C2021Q3T08,50,NSW1-QLD1,QLD1,215,100,10086.0,0.0
2022-05,C2021Q3,T08,C2021Q3T08,50,V-SA,SA1,114,64,3571.78,0.0
2022-05,C2021Q3,T08,C2021Q3T08,50,V-SA,VIC1,215,73,1695.75,0.0
2022-05,C2021Q3,T08,C2021Q3T08,50,VIC1-NSW1,NSW1,197,108,1032.0,0.0
2022-05,C2021Q3,T08,C2021Q3T08,50,VIC1-NSW1,VIC1,219,135,6601.0,0.0
2022-05,C2021Q4,T07,C2021Q4T07,50,NSW1-QLD1,NSW1,112,45,685.0,0.0
2022-05,C2021Q4,T07,C2021Q4T07,50,NSW1-QLD1,QLD1,180,100,11103.0,0.0
2022-05,C2021Q4,T07,C2021Q4T07,50,V-SA,SA1,114,64,4000.0,0.0
2022-05,C2021Q4,T07,C2021Q4T07,50,V-SA,VIC1,192,73,1789.08,0.0
2022-05,C2021Q4,T07,C2021Q4T07,50,VIC1-NSW1,NSW1,148,108,1104.0,0.0
2022-05,C2021Q4,T07,C2021Q4T07,50,VIC1-NSW1,VIC1,235,135,6250.0,0.0
2022-05,C2022Q1,T06,C2022Q1T06,50,NSW1-QLD1,NSW1,50,45,2358.0,0.0
2022-05,C2022Q1,T06,C2022Q1T06,50,NSW1-QLD1,QLD1,236,100,16474.0,0.0
2022-05,C2022Q1,T06,C2022Q1T06,50,V-SA,SA1,111,64,4358.0,0.0
2022-05,C2022Q1,T06,C2022Q1T06,50,V-SA,VIC1,103,73,5878.13,0.0
2022-05,C2022Q1,T06,C2022Q1T06,50,VIC1-NSW1,NSW1,134,108,5750.0,0.0
2022-05,C2022Q1,T06,C2022Q1T06,50,VIC1-NSW1,VIC1,245,125,8311.6,0.0
2022-05,C2022Q2,T05,C2022Q2T05,50,NSW1-QLD1,NSW1,45,45,359.0,0.0
2022-05,C2022Q2,T05,C2022Q2T05,50,NSW1-QLD1,QLD1,175,100,11373.4,0.0
2022-05,C2022Q2,T05,C2022Q2T05,50,V-SA,SA1,114,64,3250.0,0.0
2022-05,C2022Q2,T05,C2022Q2T05,50,V-SA,VIC1,118,73,1401.0,0.0
2022-05,C2022Q2,T05,C2022Q2T05,50,VIC1-NSW1,NSW1,138,108,842.0,0.0
2022-05,C2022Q2,T05,C2022Q2T05,50,VIC1-NSW1,VIC1,160,125,6400.0,0.0
2022-05,C2022Q3,T04,C2022Q3T04,50,NSW1-QLD1,NSW1,51,51,510.0,0.0
2022-05,C2022Q3,T04,C2022Q3T04,50,NSW1-QLD1,QLD1,147,100,11702.4,0.0
2022-05,C2022Q3,T04,C2022Q3T04,50,V-SA,SA1,84,64,3502.1,0.0
2022-05,C2022Q3,T04,C2022Q3T04,50,V-SA,VIC1,93,73,1695.75,0.0
2022-05,C2022Q3,T04,C2022Q3T04,50,VIC1-NSW1,NSW1,138,108,880.8,0.0
2022-05,C2022Q3,T04,C2022Q3T04,50,VIC1-NSW1,VIC1,155,125,6400.0,0.0
2022-05,C2022Q4,T03,C2022Q4T03,50,NSW1-QLD1,NSW1,55,45,889.0,0.0
2022-05,C2022Q4,T03,C2022Q4T03,50,NSW1-QLD1,QLD1,125,100,11250.0,0.0
2022-05,C2022Q4,T03,C2022Q4T03,50,V-SA,SA1,80,64,4000.0,0.0
2022-05,C2022Q4,T03,C2022Q4T03,50,V-SA,VIC1,88,73,1978.0,0.0
2022-05,C2021Q3,T12,C2021Q3T12,18,NSW1-QLD1,NSW1,105,55,2125.0,0.0
2022-05,C2021Q3,T12,C2021Q3T12,18,NSW1-QLD1,QLD1,252,134,10346.29,0.0
2022-05,C2021Q3,T12,C2021Q3T12,18,V-SA,SA1,134,66,4404.0,0.0
2022-05,C2021Q3,T12,C2021Q3T12,18,V-SA,VIC1,248,100,3500.0,0.0
2022-05,C2021Q3,T12,C2021Q3T12,18,VIC1-NSW1,NSW1,316,112,1006.0,0.0
2022-05,C2021Q3,T12,C2021Q3T12,18,VIC1-NSW1,VIC1,200,152,11396.0,0.0
2022-05,C2021Q4,T11,C2021Q4T11,18,NSW1-QLD1,NSW1,148,45,2218.0,0.0
2022-05,C2021Q4,T11,C2021Q4T11,18,NSW1-QLD1,QLD1,292,103,9780.23,0.0
2022-05,C2021Q4,T11,C2021Q4T11,18,V-SA,SA1,123,64,4816.92,0.0
2022-05,C2021Q4,T11,C2021Q4T11,18,V-SA,VIC1,134,86,5996.06,0.0
2022-05,C2021Q4,T11,C2021Q4T11,18,VIC1-NSW1,NSW1,168,108,754.0,0.0
2022-05,C2021Q4,T11,C2021Q4T11,18,VIC1-NSW1,VIC1,227,145,11721.25,0.0
2022-05,C2022Q1,T10,C2022Q1T10,18,NSW1-QLD1,NSW1,55,45,5267.0,0.0
2022-05,C2022Q1,T10,C2022Q1T10,18,NSW1-QLD1,QLD1,234,101,16460.75,0.0
2022-05,C2022Q1,T10,C2022Q1T10,18,V-SA,SA1,114,64,5707.0,0.0
2022-05,C2022Q1,T10,C2022Q1T10,18,V-SA,VIC1,103,73,8775.0,0.0
2022-05,C2022Q1,T10,C2022Q1T10,18,VIC1-NSW1,NSW1,176,108,5028.0,0.0
2022-05,C2022Q1,T10,C2022Q1T10,18,VIC1-NSW1,VIC1,301,125,15434.0,0.0
2022-05,C2022Q2,T09,C2022Q2T09,18,NSW1-QLD1,NSW1,110,45,1814.0,0.0
2022-05,C2022Q2,T09,C2022Q2T09,18,NSW1-QLD1,QLD1,192,120,11340.0,0.0
2022-05,C2022Q2,T09,C2022Q2T09,18,V-SA,SA1,108,64,3456.67,0.0
2022-05,C2022Q2,T09,C2022Q2T09,18,V-SA,VIC1,177,91,4700.93,0.0
2022-05,C2022Q2,T09,C2022Q2T09,18,VIC1-NSW1,NSW1,308,108,750.39,0.0
2022-05,C2022Q2,T09,C2022Q2T09,18,VIC1-NSW1,VIC1,175,138,11258.58,0.0
2022-05,C2022Q3,T08,C2022Q3T08,18,NSW1-QLD1,NSW1,80,45,1626.04,0.0
2022-05,C2022Q3,T08,C2022Q3T08,18,NSW1-QLD1,QLD1,195,101,13635.0,0.0
2022-05,C2022Q3,T08,C2022Q3T08,18,V-SA,SA1,130,64,4404.0,0.0
2022-05,C2022Q3,T08,C2022Q3T08,18,V-SA,VIC1,147,83,4774.0,0.0
2022-05,C2022Q3,T08,C2022Q3T08,18,VIC1-NSW1,NSW1,271,108,675.39,0.0
2022-05,C2022Q3,T08,C2022Q3T08,18,VIC1-NSW1,VIC1,219,125,11253.52,0.0
2022-05,C2022Q4,T07,C2022Q4T07,18,NSW1-QLD1,NSW1,55,45,2818.17,0.0
2022-05,C2022Q4,T07,C2022Q4T07,18,NSW1-QLD1,QLD1,236,101,11340.54,0.0
2022-05,C2022Q4,T07,C2022Q4T07,18,V-SA,SA1,105,64,4558.0,0.0
2022-05,C2022Q4,T07,C2022Q4T07,18,V-SA,VIC1,145,78,5961.6,0.0
2022-05,C2022Q4,T07,C2022Q4T07,18,VIC1-NSW1,NSW1,181,108,750.39,0.0
2022-05,C2022Q4,T07,C2022Q4T07,18,VIC1-NSW1,VIC1,217,125,13870.0,0.0
2022-05,C2023Q1,T06,C2023Q1T06,18,NSW1-QLD1,NSW1,55,45,5111.08,0.0
2022-05,C2023Q1,T06,C2023Q1T06,18,NSW1-QLD1,QLD1,248,100,16688.0,0.0
2022-05,C2023Q1,T06,C2023Q1T06,18,V-SA,SA1,87,64,5404.0,0.0
2022-05,C2023Q1,T06,C2023Q1T06,18,V-SA,VIC1,87,73,8400.96,0.0
2022-05,C2023Q1,T06,C2023Q1T06,18,VIC1-NSW1,NSW1,113,108,4752.0,0.0
2022-05,C2023Q1,T06,C2023Q1T06,18,VIC1-NSW1,VIC1,160,125,15641.97,0.0
2022-05,C2023Q2,T05,C2023Q2T05,18,NSW1-QLD1,NSW1,52,45,1205.0,0.0
2022-05,C2023Q2,T05,C2023Q2T05,18,NSW1-QLD1,QLD1,165,100,14906.89,0.0
2022-05,C2023Q2,T05,C2023Q2T05,18,V-SA,SA1,118,64,3225.85,0.0
2022-05,C2023Q2,T05,C2023Q2T05,18,V-SA,VIC1,117,79,3675.94,0.0
2022-05,C2023Q2,T05,C2023Q2T05,18,VIC1-NSW1,NSW1,281,108,652.0,0.0
2022-05,C2023Q2,T05,C2023Q2T05,18,VIC1-NSW1,VIC1,201,125,11878.0,0.0
2022-05,C2023Q3,T04,C2023Q3T04,18,NSW1-QLD1,NSW1,52,45,1226.0,0.0
2022-05,C2023Q3,T04,C2023Q3T04,18,NSW1-QLD1,QLD1,136,111,15300.29,0.0
2022-05,C2023Q3,T04,C2023Q3T04,18,V-SA,SA1,104,64,4014.0,0.0
2022-05,C2023Q3,T04,C2023Q3T04,18,V-SA,VIC1,83,73,4050.0,0.0
2022-05,C2023Q3,T04,C2023Q3T04,18,VIC1-NSW1,NSW1,188,108,675.39,0.0
2022-05,C2023Q3,T04,C2023Q3T04,18,VIC1-NSW1,VIC1,205,125,11712.8,0.0
2022-05,C2023Q4,T03,C2023Q4T03,18,NSW1-QLD1,NSW1,45,45,2476.65,0.0
2022-05,C2023Q4,T03,C2023Q4T03,18,NSW1-QLD1,QLD1,120,100,14572.8,0.0
2022-05,C2023Q4,T03,C2023Q4T03,18,V-SA,SA1,84,64,4247.0,0.0
2022-05,C2023Q4,T03,C2023Q4T03,18,V-SA,VIC1,76,73,4200.97,0.0
2022-05,C2023Q4,T03,C2023Q4T03,18,VIC1-NSW1,NSW1,128,108,744.75,0.0
2022-05,C2023Q4,T03,C2023Q4T03,18,VIC1-NSW1,VIC1,166,125,12750.0,0.0
2022-05,C2024Q1,T02,C2024Q1T02,18,NSW1-QLD1,NSW1,45,45,4962.58,0.0
2022-05,C2024Q1,T02,C2024Q1T02,18,NSW1-QLD1,QLD1,113,100,18007.0,0.0
2022-05,C2024Q1,T02,C2024Q1T02,18,V-SA,SA1,64,64,4504.0,0.0
2022-05,C2024Q1,T02,C2024Q1T02,18,V-SA,VIC1,73,73,7213.0,0.0
2022-05,C2024Q1,T02,C2024Q1T02,18,VIC1-NSW1,NSW1,108,108,4200.39,0.0
2022-05,C2024Q1,T02,C2024Q1T02,18,VIC1-NSW1,VIC1,133,125,15642.0,0.0
2022-05,C2024Q2,T01,C2024Q2T01,18,NSW1-QLD1,NSW1,45,45,1455.0,0.0
2022-05,C2024Q2,T01,C2024Q2T01,18,NSW1-QLD1,QLD1,100,100,15267.0,0.0
2022-05,C2024Q2,T01,C2024Q2T01,18,V-SA,SA1,64,64,3300.85,0.0
2022-05,C2024Q2,T01,C2024Q2T01,18,V-SA,VIC1,73,73,4086.47,0.0
2022-05,C2024Q2,T01,C2024Q2T01,18,VIC1-NSW1,NSW1,108,108,600.0,0.0
2022-05,C2024Q2,T01,C2024Q2T01,18,VIC1-NSW1,VIC1,125,125,11445.72,0.0
2022-05,C2021Q4,T12,C2021Q4T12,17,NSW1-QLD1,NSW1,87,55,5000.0,0.0
2022-05,C2021Q4,T12,C2021Q4T12,17,NSW1-QLD1,QLD1,275,100,8675.0,0.0
2022-05,C2021Q4,T12,C2021Q4T12,17,V-SA,SA1,90,66,5204.0,0.0
2022-05,C2021Q4,T12,C2021Q4T12,17,V-SA,VIC1,120,77,7001.0,0.0
2022-05,C2021Q4,T12,C2021Q4T12,17,VIC1-NSW1,NSW1,192,112,1004.0,0.0
2022-05,C2021Q4,T12,C2021Q4T12,17,VIC1-NSW1,VIC1,281,125,15500.0,0.0
2022-05,C2022Q1,T11,C2022Q1T11,17,NSW1-QLD1,NSW1,48,45,6584.0,0.0
2022-05,C2022Q1,T11,C2022Q1T11,17,NSW1-QLD1,QLD1,224,103,14560.59,0.0
2022-05,C2022Q1,T11,C2022Q1T11,17,V-SA,SA1,97,65,6277.7,0.0
2022-05,C2022Q1,T11,C2022Q1T11,17,V-SA,VIC1,96,74,10296.0,0.0
2022-05,C2022Q1,T11,C2022Q1T11,17,VIC1-NSW1,NSW1,226,128,4860.0,0.0
2022-05,C2022Q1,T11,C2022Q1T11,17,VIC1-NSW1,VIC1,267,144,17380.87,0.0
2022-05,C2022Q2,T10,C2022Q2T10,17,NSW1-QLD1,NSW1,45,45,2750.0,0.0
2022-05,C2022Q2,T10,C2022Q2T10,17,NSW1-QLD1,QLD1,187,100,13750.0,0.0
2022-05,C2022Q2,T10,C2022Q2T10,17,V-SA,SA1,90,64,3841.0,0.0
2022-05,C2022Q2,T10,C2022Q2T10,17,V-SA,VIC1,167,82,5171.02,0.0
2022-05,C2022Q2,T10,C2022Q2T10,17,VIC1-NSW1,NSW1,306,108,1204.0,0.0
2022-05,C2022Q2,T10,C2022Q2T10,17,VIC1-NSW1,VIC1,161,125,13750.0,0.0
2022-05,C2022Q3,T09,C2022Q3T09,17,NSW1-QLD1,NSW1,45,45,2439.06,0.0
2022-05,C2022Q3,T09,C2022Q3T09,17,NSW1-QLD1,QLD1,192,100,15250.0,0.0
2022-05,C2022Q3,T09,C2022Q3T09,17,V-SA,SA1,112,64,4763.0,0.0
2022-05,C2022Q3,T09,C2022Q3T09,17,V-SA,VIC1,125,73,6000.0,0.0
2022-05,C2022Q3,T09,C2022Q3T09,17,VIC1-NSW1,NSW1,272,108,1204.0,0.0
2022-05,C2022Q3,T09,C2022Q3T09,17,VIC1-NSW1,VIC1,201,125,13616.76,0.0
2022-05,C2022Q4,T08,C2022Q4T08,17,NSW1-QLD1,NSW1,45,45,4007.9,0.0
2022-05,C2022Q4,T08,C2022Q4T08,17,NSW1-QLD1,QLD1,201,100,12474.59,0.0
2022-05,C2022Q4,T08,C2022Q4T08,17,V-SA,SA1,85,64,5036.0,0.0
2022-05,C2022Q4,T08,C2022Q4T08,17,V-SA,VIC1,147,73,6731.0,0.0
2022-05,C2022Q4,T08,C2022Q4T08,17,VIC1-NSW1,NSW1,174,108,1078.0,0.0
2022-05,C2022Q4,T08,C2022Q4T08,17,VIC1-NSW1,VIC1,258,125,16782.7,0.0
2022-05,C2023Q1,T07,C2023Q1T07,17,NSW1-QLD1,NSW1,45,45,6133.29,0.0
2022-05,C2023Q1,T07,C2023Q1T07,17,NSW1-QLD1,QLD1,242,110,18000.0,0.0
2022-05,C2023Q1,T07,C2023Q1T07,17,V-SA,SA1,81,64,6000.0,0.0
2022-05,C2023Q1,T07,C2023Q1T07,17,V-SA,VIC1,98,74,10165.16,0.0
2022-05,C2023Q1,T07,C2023Q1T07,17,VIC1-NSW1,NSW1,118,108,4989.6,0.0
2022-05,C2023Q1,T07,C2023Q1T07,17,VIC1-NSW1,VIC1,202,130,19250.87,0.0
2022-05,C2023Q2,T06,C2023Q2T06,17,NSW1-QLD1,NSW1,47,45,2000.0,0.0
2022-05,C2023Q2,T06,C2023Q2T06,17,NSW1-QLD1,QLD1,157,100,17909.89,0.0
2022-05,C2023Q2,T06,C2023Q2T06,17,V-SA,SA1,133,64,3548.44,0.0
2022-05,C2023Q2,T06,C2023Q2T06,17,V-SA,VIC1,106,73,5460.0,0.0
2022-05,C2023Q2,T06,C2023Q2T06,17,VIC1-NSW1,NSW1,301,108,1004.0,0.0
2022-05,C2023Q2,T06,C2023Q2T06,17,VIC1-NSW1,VIC1,192,125,15441.4,0.0
2022-05,C2023Q3,T05,C2023Q3T05,17,NSW1-QLD1,NSW1,51,45,2000.0,0.0
2022-05,C2023Q3,T05,C2023Q3T05,17,NSW1-QLD1,QLD1,126,100,19125.36,0.0
2022-05,C2023Q3,T05,C2023Q3T05,17,V-SA,SA1,114,64,4080.9,0.0
2022-05,C2023Q3,T05,C2023Q3T05,17,V-SA,VIC1,96,73,5931.0,0.0
2022-05,C2023Q3,T05,C2023Q3T05,17,VIC1-NSW1,NSW1,154,108,1104.0,0.0
2022-05,C2023Q3,T05,C2023Q3T05,17,VIC1-NSW1,VIC1,191,125,15226.64,0.0
2022-05,C2023Q4,T04,C2023Q4T04,17,NSW1-QLD1,NSW1,45,45,3343.47,0.0
2022-05,C2023Q4,T04,C2023Q4T04,17,NSW1-QLD1,QLD1,120,100,16440.0,0.0
2022-05,C2023Q4,T04,C2023Q4T04,17,V-SA,SA1,90,64,4452.0,0.0
2022-05,C2023Q4,T04,C2023Q4T04,17,V-SA,VIC1,87,73,7728.0,0.0
2022-05,C2023Q4,T04,C2023Q4T04,17,VIC1-NSW1,NSW1,138,108,1170.0,0.0
2022-05,C2023Q4,T04,C2023Q4T04,17,VIC1-NSW1,VIC1,186,125,16575.0,0.0
2022-05,C2024Q1,T03,C2024Q1T03,17,NSW1-QLD1,NSW1,45,45,5458.84,0.0
2022-05,C2024Q1,T03,C2024Q1T03,17,NSW1-QLD1,QLD1,113,100,19807.7,0.0
2022-05,C2024Q1,T03,C2024Q1T03,17,V-SA,SA1,68,64,4754.0,0.0
2022-05,C2022Q2,T09,C2022Q2T09,16,NSW1-QLD1,NSW1,110,45,1814.0,0.0
2022-05,C2022Q2,T09,C2022Q2T09,16,NSW1-QLD1,QLD1,192,120,11340.0,0.0
2022-05,C2022Q2,T09,C2022Q2T09,16,V-SA,SA1,108,64,3456.67,0.0
2022-05,C2022Q2,T09,C2022Q2T09,16,V-SA,VIC1,177,91,4700.93,0.0
2022-05,C2022Q2,T09,C2022Q2T09,16,VIC1-NSW1,NSW1,308,108,750.39,0.0
2022-05,C2022Q2,T09,C2022Q2T09,16,VIC1-NSW1,VIC1,175,138,11258.58,0.0
2022-05,C2022Q3,T08,C2022Q3T08,16,NSW1-QLD1,NSW1,80,45,1626.04,0.0
2022-05,C2022Q3,T08,C2022Q3T08,16,NSW1-QLD1,QLD1,195,101,13635.0,0.0
2022-05,C2022Q3,T08,C2022Q3T08,16,V-SA,SA1,130,64,4404.0,0.0
2022-05,C2022Q3,T08,C2022Q3T08,16,V-SA,VIC1,147,83,4774.0,0.0
2022-05,C2022Q3,T08,C2022Q3T08,16,VIC1-NSW1,NSW1,271,108,675.39,0.0
2022-05,C2022Q3,T08,C2022Q3T08,16,VIC1-NSW1,VIC1,219,125,11253.52,0.0
2022-05,C2022Q4,T07,C2022Q4T07,16,NSW1-QLD1,NSW1,55,45,2818.17,0.0
2022-05,C2022Q4,T07,C2022Q4T07,16,NSW1-QLD1,QLD1,236,101,11340.54,0.0
2022-05,C2022Q4,T07,C2022Q4T07,16,V-SA,SA1,105,64,4558.0,0.0
2022-05,C2022Q4,T07,C2022Q4T07,16,V-SA,VIC1,145,78,5961.6,0.0
2022-05,C2022Q4,T07,C2022Q4T07,16,VIC1-NSW1,NSW1,181,108,750.39,0.0
2022-05,C2022Q4,T07,C2022Q4T07,16,VIC1-NSW1,VIC1,217,125,13870.0,0.0
2022-05,C2023Q1,T06,C2023Q1T06,16,NSW1-QLD1,NSW1,55,45,5111.08,0.0
2022-05,C2023Q1,T06,C2023Q1T06,16,NSW1-QLD1,QLD1,248,100,16688.0,0.0
2022-05,C2023Q1,T06,C2023Q1T06,16,V-SA,SA1,87,64,5404.0,0.0
2022-05,C2023Q1,T06,C2023Q1T06,16,V-SA,VIC1,87,73,8400.96,0.0
2022-05,C2023Q1,T06,C2023Q1T06,16,VIC1-NSW1,NSW1,113,108,4752.0,0.0
2022-05,C2023Q1,T06,C2023Q1T06,16,VIC1-NSW1,VIC1,160,125,15641.97,0.0
2022-05,C2023Q2,T05,C2023Q2T05,16,NSW1-QLD1,NSW1,52,45,1205.0,0.0
2022-05,C2023Q2,T05,C2023Q2T05,16,NSW1-QLD1,QLD1,165,100,14906.89,0.0
2022-05,C2023Q2,T05,C2023Q2T05,16,V-SA,SA1,118,64,3225.85,0.0
2022-05,C2023Q2,T05,C2023Q2T05,16,V-SA,VIC1,117,79,3675.94,0.0
2022-05,C2023Q2,T05,C2023Q2T05,16,VIC1-NSW1,NSW1,281,108,652.0,0.0
2022-05,C2023Q2,T05,C2023Q2T05,16,VIC1-NSW1,VIC1,201,125,11878.0,0.0
2022-05,C2023Q3,T04,C2023Q3T04,16,NSW1-QLD1,NSW1,52,45,1226.0,0.0
2022-05,C2023Q3,T04,C2023Q3T04,16,NSW1-QLD1,QLD1,136,111,15300.29,0.0
2022-05,C2023Q3,T04,C2023Q3T04,16,V-SA,SA1,104,64,4014.0,0.0
2022-05,C2023Q3,T04,C2023Q3T04,16,V-SA,VIC1,83,73,4050.0,0.0
2022-05,C2023Q3,T04,C2023Q3T04,16,VIC1-NSW1,NSW1,188,108,675.39,0.0
2022-05,C2023Q3,T04,C2023Q3T04,16,VIC1-NSW1,VIC1,205,125,11712.8,0.0
2022-05,C2023Q4,T03,C2023Q4T03,16,NSW1-QLD1,NSW1,45,45,2476.65,0.0
2022-05,C2023Q4,T03,C2023Q4T03,16,NSW1-QLD1,QLD1,120,100,14572.8,0.0
2022-05,C2023Q4,T03,C2023Q4T03,16,V-SA,SA1,84,64,4247.0,0.0
2022-05,C2023Q4,T03,C2023Q4T03,16,V-SA,VIC1,76,73,4200.97,0.0
2022-05,C2023Q4,T03,C2023Q4T03,16,VIC1-NSW1,NSW1,128,108,744.75,0.0
2022-05,C2023Q4,T03,C2023Q4T03,16,VIC1-NSW1,VIC1,166,125,12750.0,0.0
2022-05,C2024Q1,T02,C2024Q1T02,16,NSW1-QLD1,NSW1,45,45,4962.58,0.0
2022-05,C2024Q1,T02,C2024Q1T02,16,NSW1-QLD1,QLD1,113,100,18007.0,0.0
2022-05,C2024Q1,T02,C2024Q1T02,16,V-SA,SA1,64,64,4504.0,0.0
2022-05,C2024Q1,T02,C2024Q1T02,16,V-SA,VIC1,73,73,7213.0,0.0
2022-05,C2024Q1,T02,C2024Q1T02,16,VIC1-NSW1,NSW1,108,108,4200.39,0.0
2022-05,C2024Q1,T02,C2024Q1T02,16,VIC1-NSW1,VIC1,133,125,15642.0,0.0
2022-05,C2024Q2,T01,C2024Q2T01,16,NSW1-QLD1,NSW1,45,45,1455.0,0.0
2022-05,C2024Q2,T01,C2024Q2T01,16,NSW1-QLD1,QLD1,100,100,15267.0,0.0
2022-05,C2024Q2,T01,C2024Q2T01,16,V-SA,SA1,64,64,3300.85,0.0
2022-05,C2024Q2,T01,C2024Q2T01,16,V-SA,VIC1,73,73,4086.47,0.0
2022-05,C2024Q2,T01,C2024Q2T01,16,VIC1-NSW1,NSW1,108,108,600.0,0.0
2022-05,C2024Q2,T01,C2024Q2T01,16,VIC1-NSW1,VIC1,125,125,11445.72,0.0
2022-05,C2021Q4,T12,C2021Q4T12,15,NSW1-QLD1,NSW1,87,55,5000.0,0.0
2022-05,C2021Q4,T12,C2021Q4T12,15,NSW1-QLD1,QLD1,275,100,8675.0,0.0
2022-05,C2021Q4,T12,C2021Q4T12,15,V-SA,SA1,90,66,5204.0,0.0
2022-05,C2021Q4,T12,C2021Q4T12,15,V-SA,VIC1,120,77,7001.0,0.0
2022-05,C2021Q4,T12,C2021Q4T12,15,VIC1-NSW1,NSW1,192,112,1004.0,0.0
2022-05,C2021Q4,T12,C2021Q4T12,15,VIC1-NSW1,VIC1,281,125,15500.0,0.0
2022-05,C2022Q1,T11,C2022Q1T11,15,NSW1-QLD1,NSW1,48,45,6584.0,0.0
2022-05,C2022Q1,T11,C2022Q1T11,15,NSW1-QLD1,QLD1,224,103,14560.59,0.0
2022-05,C2022Q1,T11,C2022Q1T11,15,V-SA,SA1,97,65,6277.7,0.0
2022-05,C2022Q1,T11,C2022Q1T11,15,V-SA,VIC1,96,74,10296.0,0.0
2022-05,C2022Q1,T11,C2022Q1T11,15,VIC1-NSW1,NSW1,226,128,4860.0,0.0
2022-05,C2022Q1,T11,C2022Q1T11,15,VIC1-NSW1,VIC1,267,144,17380.87,0.0
2022-05,C2022Q2,T10,C2022Q2T10,15,NSW1-QLD1,NSW1,45,45,2750.0,0.0
2022-05,C2022Q2,T10,C2022Q2T10,15,NSW1-QLD1,QLD1,187,100,13750.0,0.0
2022-05,C2022Q2,T10,C2022Q2T10,15,V-SA,SA1,90,64,3841.0,0.0
2022-05,C2022Q2,T10,C2022Q2T10,15,V-SA,VIC1,167,82,5171.02,0.0
2022-05,C2022Q2,T10,C2022Q2T10,15,VIC1-NSW1,NSW1,306,108,1204.0,0.0
2022-05,C2022Q2,T10,C2022Q2T10,15,VIC1-NSW1,VIC1,161,125,13750.0,0.0
2022-05,C2022Q3,T09,C2022Q3T09,15,NSW1-QLD1,NSW1,45,45,2439.06,0.0
2022-05,C2022Q3,T09,C2022Q3T09,15,NSW1-QLD1,QLD1,192,100,15250.0,0.0
2022-05,C2022Q3,T09,C2022Q3T09,15,V-SA,SA1,112,64,4763.0,0.0
2022-05,C2022Q3,T09,C2022Q3T09,15,V-SA,VIC1,125,73,6000.0,0.0
2022-05,C2022Q3,T09,C2022Q3T09,15,VIC1-NSW1,NSW1,272,108,1204.0,0.0
2022-05,C2022Q3,T09,C2022Q3T09,15,VIC1-NSW1,VIC1,201,125,13616.76,0.0
2022-05,C2022Q4,T08,C2022Q4T08,15,NSW1-QLD1,NSW1,45,45,4007.9,0.0
2022-05,C2022Q4,T08,C2022Q4T08,15,NSW1-QLD1,QLD1,201,100,12474.59,0.0
2022-05,C2022Q4,T08,C2022Q4T08,15,V-SA,SA1,85,64,5036.0,0.0
2022-05,C2022Q4,T08,C2022Q4T08,15,V-SA,VIC1,147,73,6731.0,0.0
2022-05,C2022Q4,T08,C2022Q4T08,15,VIC1-NSW1,NSW1,174,108,1078.0,0.0
2022-05,C2022Q4,T08,C2022Q4T08,15,VIC1-NSW1,VIC1,258,125,16782.7,0.0
2022-05,C2023Q1,T07,C2023Q1T07,15,NSW1-QLD1,NSW1,45,45,6133.29,0.0
2022-05,C2023Q1,T07,C2023Q1T07,15,NSW1-QLD1,QLD1,242,110,18000.0,0.0
2022-05,C2023Q1,T07,C2023Q1T07,15,V-SA,SA1,81,64,6000.0,0.0
2022-05,C2023Q1,T07,C2023Q1T07,15,V-SA,VIC1,98,74,10165.16,0.0
2022-05,C2023Q1,T07,C2023Q1T07,15,VIC1-NSW1,NSW1,118,108,4989.6,0.0
2022-05,C2023Q1,T07,C2023Q1T07,15,VIC1-NSW1,VIC1,202,130,19250.87,0.0
2022-05,C2023Q2,T06,C2023Q2T06,15,NSW1-QLD1,NSW1,47,45,2000.0,0.0
2022-05,C2023Q2,T06,C2023Q2T06,15,NSW1-QLD1,QLD1,157,100,17909.89,0.0
2022-05,C2023Q2,T06,C2023Q2T06,15,V-SA,SA1,133,64,3548.44,0.0
2022-05,C2023Q2,T06,C2023Q2T06,15,V-SA,VIC1,106,73,5460.0,0.0
2022-05,C2023Q2,T06,C2023Q2T06,15,VIC1-NSW1,NSW1,301,108,1004.0,0.0
2022-05,C2023Q2,T06,C2023Q2T06,15,VIC1-NSW1,VIC1,192,125,15441.4,0.0
2022-05,C2023Q3,T05,C2023Q3T05,15,NSW1-QLD1,NSW1,51,45,2000.0,0.0
2022-05,C2023Q3,T05,C2023Q3T05,15,NSW1-QLD1,QLD1,126,100,19125.36,0.0
2022-05,C2023Q3,T05,C2023Q3T05,15,V-SA,SA1,114,64,4080.9,0.0
2022-05,C2023Q3,T05,C2023Q3T05,15,V-SA,VIC1,96,73,5931.0,0.0
2022-05,C2023Q3,T05,C2023Q3T05,15,VIC1-NSW1,NSW1,154,108,1104.0,0.0
2022-05,C2023Q3,T05,C2023Q3T05,15,VIC1-NSW1,VIC1,191,125,15226.64,0.0
2022-05,C2023Q4,T04,C2023Q4T04,15,NSW1-QLD1,NSW1,45,45,3343.47,0.0
2022-05,C2023Q4,T04,C2023Q4T04,15,NSW1-QLD1,QLD1,120,100,16440.0,0.0
2022-05,C2023Q4,T04,C2023Q4T04,15,V-SA,SA1,90,64,4452.0,0.0
2022-05,C2023Q4,T04,C2023Q4T04,15,V-SA,VIC1,87,73,7728.0,0.0
2022-05,C2023Q4,T04,C2023Q4T04,15,VIC1-NSW1,NSW1,138,108,1170.0,0.0
2022-05,C2023Q4,T04,C2023Q4T04,15,VIC1-NSW1,VIC1,186,125,16575.0,0.0
2022-05,C2024Q1,T03,C2024Q1T03,15,NSW1-QLD1,NSW1,45,45,5458.84,0.0
2022-05,C2024Q1,T03,C2024Q1T03,15,NSW1-QLD1,QLD1,113,100,19807.7,0.0
2022-05,C2024Q1,T03,C2024Q1T03,15,V-SA,SA1,68,64,4754.0,0.0
2022-05,C2024Q1,T03,C2024Q1T03,15,V-SA,VIC1,85,73,9761.0,0.0
2022-05,C2024Q1,T03,C2024Q1T03,15,VIC1-NSW1,NSW1,114,108,4620.43,0.0
2022-05,C2024Q1,T03,C2024Q1T03,15,VIC1-NSW1,VIC1,133,133,20334.59,0.0
2022-05,C2024Q2,T02,C2024Q2T02,15,NSW1-QLD1,NSW1,45,45,2000.0,0.0
2022-05,C2024Q2,T02,C2024Q2T02,15,NSW1-QLD1,QLD1,100,100,20407.93,0.0
2022-05,C2024Q2,T02,C2024Q2T02,15,V-SA,SA1,82,64,3186.17,0.0
2022-05,C2024Q2,T02,C2024Q2T02,15,V-SA,VIC1,73,73,5460.0,0.0
2022-05,C2024Q2,T02,C2024Q2T02,15,VIC1-NSW1,NSW1,164,108,1004.0,0.0
2022-05,C2024Q2,T02,C2024Q2T02,15,VIC1-NSW1,VIC1,126,125,14879.43,0.0
2022-05,C2024Q3,T01,C2024Q3T01,15,NSW1-QLD1,NSW1,45,45,2000.0,0.0
2022-05,C2024Q3,T01,C2024Q3T01,15,NSW1-QLD1,QLD1,100,100,19125.36,0.0
2022-05,C2024Q3,T01,C2024Q3T01,15,V-SA,SA1,64,64,3746.4,0.0
2022-05,C2024Q3,T01,C2024Q3T01,15,V-SA,VIC1,73,73,6000.0,0.0
2022-05,C2024Q3,T01,C2024Q3T01,15,VIC1-NSW1,NSW1,108,108,1046.85,0.0
2022-05,C2024Q3,T01,C2024Q3T01,15,VIC1-NSW1,VIC1,125,125,15226.64,0.0
2022-05,C2022Q1,T12,C2022Q1T12,14,NSW1-QLD1,NSW1,94,60,12123.0,0.0
2022-05,C2022Q1,T12,C2022Q1T12,14,NSW1-QLD1,QLD1,329,106,10987.65,0.0
2022-05,C2022Q1,T12,C2022Q1T12,14,V-SA,SA1,111,84,6593.0,0.0
2022-05,C2022Q1,T12,C2022Q1T12,14,V-SA,VIC1,112,77,12500.0,0.0
2022-05,C2022Q4,T03,C2022Q4T03,50,VIC1-NSW1,NSW1,108,108,1104.0,0.0
2022-05,C2022Q4,T03,C2022Q4T03,50,VIC1-NSW1,VIC1,140,125,6416.0,0.0
2022-05,C2023Q1,T02,C2023Q1T02,50,NSW1-QLD1,NSW1,45,45,2520.0,0.0
2022-05,C2023Q1,T02,C2023Q1T02,50,NSW1-QLD1,QLD1,125,100,14606.59,0.0
2022-05,C2023Q1,T02,C2023Q1T02,50,V-SA,SA1,64,64,4800.0,0.0
2022-05,C2023Q1,T02,C2023Q1T02,50,V-SA,VIC1,82,73,5442.72,0.0
2022-05,C2023Q1,T02,C2023Q1T02,50,VIC1-NSW1,NSW1,108,108,5553.24,0.0
2022-05,C2023Q1,T02,C2023Q1T02,50,VIC1-NSW1,VIC1,150,128,9203.0,0.0
2022-05,C2023Q2,T01,C2023Q2T01,50,NSW1-QLD1,NSW1,45,45,395.0,0.0
2022-05,C2023Q2,T01,C2023Q2T01,50,NSW1-QLD1,QLD1,100,100,11373.4,0.0
2022-05,C2023Q2,T01,C2023Q2T01,50,V-SA,SA1,64,64,3250.0,0.0
2022-05,C2023Q2,T01,C2023Q2T01,50,V-SA,VIC1,73,73,1360.0,0.0
2022-05,C2023Q2,T01,C2023Q2T01,50,VIC1-NSW1,NSW1,108,108,960.96,0.0
2022-05,C2023Q2,T01,C2023Q2T01,50,VIC1-NSW1,VIC1,125,125,6666.0,0.0
2022-05,C2020Q4,T12,C2020Q4T12,30,NSW1-QLD1,NSW1,157,55,804.0,0.0
2022-05,C2020Q4,T12,C2020Q4T12,30,NSW1-QLD1,QLD1,210,100,10450.0,0.0
2022-05,C2020Q4,T12,C2020Q4T12,30,V-SA,SA1,91,66,6500.85,0.0
2022-05,C2020Q4,T12,C2020Q4T12,30,V-SA,VIC1,97,77,3000.33,0.0
2022-05,C2020Q4,T12,C2020Q4T12,30,VIC1-NSW1,NSW1,222,112,2755.0,0.0
2022-05,C2020Q4,T12,C2020Q4T12,30,VIC1-NSW1,VIC1,285,126,4500.0,0.0
2022-05,C2021Q1,T11,C2021Q1T11,30,NSW1-QLD1,NSW1,79,45,1755.0,0.0
2022-05,C2021Q1,T11,C2021Q1T11,30,NSW1-QLD1,QLD1,150,100,19785.0,0.0
2022-05,C2021Q1,T11,C2021Q1T11,30,V-SA,SA1,89,64,6750.0,0.0
2022-05,C2021Q1,T11,C2021Q1T11,30,V-SA,VIC1,93,73,5500.0,0.0
2022-05,C2021Q1,T11,C2021Q1T11,30,VIC1-NSW1,NSW1,188,108,8500.93,0.0
2022-05,C2021Q1,T11,C2021Q1T11,30,VIC1-NSW1,VIC1,175,125,6975.0,0.0
2022-05,C2021Q2,T10,C2021Q2T10,30,NSW1-QLD1,NSW1,45,45,160.36,0.0
2022-05,C2021Q2,T10,C2021Q2T10,30,NSW1-QLD1,QLD1,175,100,11750.0,0.0
2022-05,C2021Q2,T10,C2021Q2T10,30,V-SA,SA1,109,64,3850.0,0.0
2022-05,C2021Q2,T10,C2021Q2T10,30,V-SA,VIC1,108,73,1780.0,0.0
2022-05,C2021Q2,T10,C2021Q2T10,30,VIC1-NSW1,NSW1,199,108,1300.84,0.0
2022-05,C2021Q2,T10,C2021Q2T10,30,VIC1-NSW1,VIC1,205,125,4007.84,0.0
2022-05,C2021Q3,T09,C2021Q3T09,30,NSW1-QLD1,NSW1,45,45,252.0,0.0
2022-05,C2021Q3,T09,C2021Q3T09,30,NSW1-QLD1,QLD1,180,100,12950.12,0.0
2022-05,C2021Q3,T09,C2021Q3T09,30,V-SA,SA1,109,64,4504.0,0.0
2022-05,C2021Q3,T09,C2021Q3T09,30,V-SA,VIC1,113,73,1600.94,0.0
2022-05,C2021Q3,T09,C2021Q3T09,30,VIC1-NSW1,NSW1,247,108,1304.0,0.0
2022-05,C2021Q3,T09,C2021Q3T09,30,VIC1-NSW1,VIC1,185,125,4500.0,0.0
2022-05,C2021Q4,T08,C2021Q4T08,30,NSW1-QLD1,NSW1,108,45,604.0,0.0
2022-05,C2021Q4,T08,C2021Q4T08,30,NSW1-QLD1,QLD1,160,100,11150.0,0.0
2022-05,C2021Q4,T08,C2021Q4T08,30,V-SA,SA1,109,64,4833.66,0.0
2022-05,C2021Q4,T08,C2021Q4T08,30,V-SA,VIC1,137,73,2127.76,0.0
2022-05,C2021Q4,T08,C2021Q4T08,30,VIC1-NSW1,NSW1,148,108,1504.0,0.0
2022-05,C2021Q4,T08,C2021Q4T08,30,VIC1-NSW1,VIC1,205,125,5250.0,0.0
2022-05,C2022Q1,T07,C2022Q1T07,30,NSW1-QLD1,NSW1,54,45,2350.0,0.0
2022-05,C2022Q1,T07,C2022Q1T07,30,NSW1-QLD1,QLD1,136,100,16000.0,0.0
2022-05,C2022Q1,T07,C2022Q1T07,30,V-SA,SA1,64,64,5143.26,0.0
2022-05,C2022Q1,T07,C2022Q1T07,30,V-SA,VIC1,73,73,7019.42,0.0
2022-05,C2022Q1,T07,C2022Q1T07,30,VIC1-NSW1,NSW1,162,117,8800.0,0.0
2022-05,C2022Q1,T07,C2022Q1T07,30,VIC1-NSW1,VIC1,175,125,9142.76,0.0
2022-05,C2022Q2,T06,C2022Q2T06,30,NSW1-QLD1,NSW1,45,45,351.0,0.0
2022-05,C2022Q2,T06,C2022Q2T06,30,NSW1-QLD1,QLD1,120,100,11650.0,0.0
2022-05,C2022Q2,T06,C2022Q2T06,30,V-SA,SA1,98,64,4000.0,0.0
2022-05,C2022Q2,T06,C2022Q2T06,30,V-SA,VIC1,73,73,1600.0,0.0
2022-05,C2022Q2,T06,C2022Q2T06,30,VIC1-NSW1,NSW1,198,108,841.91,0.0
2022-05,C2022Q2,T06,C2022Q2T06,30,VIC1-NSW1,VIC1,205,125,6619.68,0.0
2022-05,C2022Q3,T05,C2022Q3T05,30,NSW1-QLD1,NSW1,45,45,561.0,0.0
2022-05,C2022Q3,T05,C2022Q3T05,30,NSW1-QLD1,QLD1,100,100,12150.0,0.0
2022-05,C2022Q3,T05,C2022Q3T05,30,V-SA,SA1,84,64,4000.0,0.0
2022-05,C2022Q3,T05,C2022Q3T05,30,V-SA,VIC1,73,73,1750.0,0.0
2022-05,C2022Q3,T05,C2022Q3T05,30,VIC1-NSW1,NSW1,198,108,1104.01,0.0
2022-05,C2022Q3,T05,C2022Q3T05,30,VIC1-NSW1,VIC1,195,125,6501.0,0.0
2022-05,C2022Q4,T04,C2022Q4T04,30,NSW1-QLD1,NSW1,55,45,1254.0,0.0
2022-05,C2022Q4,T04,C2022Q4T04,30,NSW1-QLD1,QLD1,100,100,10900.0,0.0
2022-05,C2022Q4,T04,C2022Q4T04,30,V-SA,SA1,80,64,4666.98,0.0
2022-05,C2022Q4,T04,C2022Q4T04,30,V-SA,VIC1,73,73,2450.0,0.0
2022-05,C2022Q4,T04,C2022Q4T04,30,VIC1-NSW1,NSW1,148,108,1710.37,0.0
2022-05,C2022Q4,T04,C2022Q4T04,30,VIC1-NSW1,VIC1,185,125,6793.1,0.0
2022-05,C2023Q1,T03,C2023Q1T03,30,NSW1-QLD1,NSW1,45,45,2646.0,0.0
2022-05,C2023Q1,T03,C2023Q1T03,30,NSW1-QLD1,QLD1,100,100,14750.0,0.0
2022-05,C2023Q1,T03,C2023Q1T03,30,V-SA,SA1,74,64,5143.26,0.0
2022-05,C2023Q1,T03,C2023Q1T03,30,V-SA,VIC1,73,73,6004.0,0.0
2022-05,C2023Q1,T03,C2023Q1T03,30,VIC1-NSW1,NSW1,133,120,7500.0,0.0
2022-05,C2023Q1,T03,C2023Q1T03,30,VIC1-NSW1,VIC1,125,125,10123.0,0.0
2022-05,C2023Q2,T02,C2023Q2T02,30,NSW1-QLD1,NSW1,45,45,347.6,0.0
2022-05,C2023Q2,T02,C2023Q2T02,30,NSW1-QLD1,QLD1,100,100,11750.0,0.0
2022-05,C2023Q2,T02,C2023Q2T02,30,V-SA,SA1,84,64,4000.0,0.0
2022-05,C2023Q2,T02,C2023Q2T02,30,V-SA,VIC1,73,73,1450.0,0.0
2022-05,C2023Q2,T02,C2023Q2T02,30,VIC1-NSW1,NSW1,158,108,750.0,0.0
2022-05,C2023Q2,T02,C2023Q2T02,30,VIC1-NSW1,VIC1,125,125,7333.0,0.0
2022-05,C2023Q3,T01,C2023Q3T01,30,NSW1-QLD1,NSW1,45,45,257.0,0.0
2022-05,C2023Q3,T01,C2023Q3T01,30,NSW1-QLD1,QLD1,100,100,12150.0,0.0
2022-05,C2023Q3,T01,C2023Q3T01,30,V-SA,SA1,64,64,4000.0,0.0
2022-05,C2023Q3,T01,C2023Q3T01,30,V-SA,VIC1,73,73,1500.0,0.0
2022-05,C2023Q3,T01,C2023Q3T01,30,VIC1-NSW1,NSW1,108,108,750.75,0.0
2022-05,C2023Q3,T01,C2023Q3T01,30,VIC1-NSW1,VIC1,125,125,7040.0,0.0
2022-05,C2021Q1,T12,C2021Q1T12,20,NSW1-QLD1,NSW1,83,55,2104.0,0.0
2022-05,C2021Q1,T12,C2021Q1T12,20,NSW1-QLD1,QLD1,155,100,21956.0,0.0
2022-05,C2021Q1,T12,C2021Q1T12,20,V-SA,SA1,96,66,7500.0,0.0
2022-05,C2021Q1,T12,C2021Q1T12,20,V-SA,VIC1,137,77,5500.0,0.0
2022-05,C2021Q1,T12,C2021Q1T12,20,VIC1-NSW1,NSW1,222,112,6375.69,0.0
2022-05,C2021Q1,T12,C2021Q1T12,20,VIC1-NSW1,VIC1,170,125,9000.0,0.0
2022-05,C2021Q2,T11,C2021Q2T11,20,NSW1-QLD1,NSW1,45,45,253.0,0.0
2022-05,C2021Q2,T11,C2021Q2T11,20,NSW1-QLD1,QLD1,155,100,13100.0,0.0
2022-05,C2021Q2,T11,C2021Q2T11,20,V-SA,SA1,114,64,4790.09,0.0
2022-05,C2021Q2,T11,C2021Q2T11,20,V-SA,VIC1,133,73,1601.0,0.0
2022-05,C2021Q2,T11,C2021Q2T11,20,VIC1-NSW1,NSW1,224,108,1365.88,0.0
2022-05,C2021Q2,T11,C2021Q2T11,20,VIC1-NSW1,VIC1,195,125,5354.0,0.0
2022-05,C2021Q3,T10,C2021Q3T10,20,NSW1-QLD1,NSW1,45,45,254.0,0.0
2022-05,C2021Q3,T10,C2021Q3T10,20,NSW1-QLD1,QLD1,155,100,12302.5,0.0
2022-05,C2021Q3,T10,C2021Q3T10,20,V-SA,SA1,114,64,5250.0,0.0
2022-05,C2021Q3,T10,C2021Q3T10,20,V-SA,VIC1,174,73,1601.0,0.0
2022-05,C2021Q3,T10,C2021Q3T10,20,VIC1-NSW1,NSW1,257,108,1389.0,0.0
2022-05,C2021Q3,T10,C2021Q3T10,20,VIC1-NSW1,VIC1,179,125,5625.0,0.0
2022-05,C2021Q4,T09,C2021Q4T09,20,NSW1-QLD1,NSW1,120,51,804.0,0.0
2022-05,C2021Q4,T09,C2021Q4T09,20,NSW1-QLD1,QLD1,155,100,12250.0,0.0
2022-05,C2021Q4,T09,C2021Q4T09,20,V-SA,SA1,114,64,5318.0,0.0
2022-05,C2021Q4,T09,C2021Q4T09,20,V-SA,VIC1,167,73,2127.76,0.0
2022-05,C2021Q4,T09,C2021Q4T09,20,VIC1-NSW1,NSW1,158,108,1323.52,0.0
2022-05,C2021Q4,T09,C2021Q4T09,20,VIC1-NSW1,VIC1,170,125,7501.0,0.0
2022-05,C2022Q1,T08,C2022Q1T08,20,NSW1-QLD1,NSW1,66,45,2585.0,0.0
2022-05,C2022Q1,T08,C2022Q1T08,20,NSW1-QLD1,QLD1,173,100,17800.96,0.0
2022-05,C2022Q1,T08,C2022Q1T08,20,V-SA,SA1,94,64,5878.01,0.0
2022-05,C2022Q1,T08,C2022Q1T08,20,V-SA,VIC1,93,73,6004.0,0.0
2022-05,C2022Q1,T08,C2022Q1T08,20,VIC1-NSW1,NSW1,203,108,6600.0,0.0
2022-05,C2022Q1,T08,C2022Q1T08,20,VIC1-NSW1,VIC1,170,125,11224.0,0.0
2022-05,C2022Q2,T07,C2022Q2T07,20,NSW1-QLD1,NSW1,45,45,401.0,0.0
2022-05,C2022Q2,T07,C2022Q2T07,20,NSW1-QLD1,QLD1,155,100,11067.5,0.0
2022-05,C2022Q2,T07,C2022Q2T07,20,V-SA,SA1,128,78,4000.0,0.0
2022-05,C2022Q2,T07,C2022Q2T07,20,V-SA,VIC1,93,73,1668.35,0.0
2022-05,C2022Q2,T07,C2022Q2T07,20,VIC1-NSW1,NSW1,183,108,740.88,0.0
2022-05,C2022Q2,T07,C2022Q2T07,20,VIC1-NSW1,VIC1,175,125,7772.16,0.0
2022-05,C2022Q3,T06,C2022Q3T06,20,NSW1-QLD1,NSW1,45,45,501.0,0.0
2022-05,C2022Q3,T06,C2022Q3T06,20,NSW1-QLD1,QLD1,130,100,11901.12,0.0
2022-05,C2022Q3,T06,C2022Q3T06,20,V-SA,SA1,94,64,5204.0,0.0
2022-05,C2022Q3,T06,C2022Q3T06,20,V-SA,VIC1,93,73,1750.0,0.0
2022-05,C2022Q3,T06,C2022Q3T06,20,VIC1-NSW1,NSW1,183,108,875.0,0.0
2022-05,C2022Q3,T06,C2022Q3T06,20,VIC1-NSW1,VIC1,150,125,8501.0,0.0
2022-05,C2022Q4,T05,C2022Q4T05,20,NSW1-QLD1,NSW1,55,45,1503.03,0.0
2022-05,C2022Q4,T05,C2022Q4T05,20,NSW1-QLD1,QLD1,130,100,11956.92,0.0
2022-05,C2024Q1,T03,C2024Q1T03,17,V-SA,VIC1,85,73,9761.0,0.0
2022-05,C2024Q1,T03,C2024Q1T03,17,VIC1-NSW1,NSW1,114,108,4620.43,0.0
2022-05,C2024Q1,T03,C2024Q1T03,17,VIC1-NSW1,VIC1,133,133,20334.59,0.0
2022-05,C2024Q2,T02,C2024Q2T02,17,NSW1-QLD1,NSW1,45,45,2000.0,0.0
2022-05,C2024Q2,T02,C2024Q2T02,17,NSW1-QLD1,QLD1,100,100,20407.93,0.0
2022-05,C2024Q2,T02,C2024Q2T02,17,V-SA,SA1,82,64,3186.17,0.0
2022-05,C2024Q2,T02,C2024Q2T02,17,V-SA,VIC1,73,73,5460.0,0.0
2022-05,C2024Q2,T02,C2024Q2T02,17,VIC1-NSW1,NSW1,164,108,1004.0,0.0
2022-05,C2024Q2,T02,C2024Q2T02,17,VIC1-NSW1,VIC1,126,125,14879.43,0.0
2022-05,C2024Q3,T01,C2024Q3T01,17,NSW1-QLD1,NSW1,45,45,2000.0,0.0
2022-05,C2024Q3,T01,C2024Q3T01,17,NSW1-QLD1,QLD1,100,100,19125.36,0.0
2022-05,C2024Q3,T01,C2024Q3T01,17,V-SA,SA1,64,64,3746.4,0.0
2022-05,C2024Q3,T01,C2024Q3T01,17,V-SA,VIC1,73,73,6000.0,0.0
2022-05,C2024Q3,T01,C2024Q3T01,17,VIC1-NSW1,NSW1,108,108,1046.85,0.0
2022-05,C2024Q3,T01,C2024Q3T01,17,VIC1-NSW1,VIC1,125,125,15226.64,0.0
2022-05,C2022Q1,T12,C2022Q1T12,16,NSW1-QLD1,NSW1,94,60,12123.0,0.0
2022-05,C2022Q1,T12,C2022Q1T12,16,NSW1-QLD1,QLD1,329,106,10987.65,0.0
2022-05,C2022Q1,T12,C2022Q1T12,16,V-SA,SA1,111,84,6593.0,0.0
2022-05,C2022Q1,T12,C2022Q1T12,16,V-SA,VIC1,112,77,12500.0,0.0
2022-05,C2022Q1,T12,C2022Q1T12,16,VIC1-NSW1,NSW1,186,137,4320.0,0.0
2022-05,C2022Q1,T12,C2022Q1T12,16,VIC1-NSW1,VIC1,349,125,19422.49,0.0
2022-05,C2022Q2,T11,C2022Q2T11,16,NSW1-QLD1,NSW1,83,55,3906.0,0.0
2022-05,C2022Q2,T11,C2022Q2T11,16,NSW1-QLD1,QLD1,251,100,9350.0,0.0
2022-05,C2022Q2,T11,C2022Q2T11,16,V-SA,SA1,114,66,5192.0,0.0
2022-05,C2022Q2,T11,C2022Q2T11,16,V-SA,VIC1,133,73,7050.0,0.0
2022-05,C2022Q2,T11,C2022Q2T11,16,VIC1-NSW1,NSW1,317,151,1240.0,0.0
2022-05,C2022Q2,T11,C2022Q2T11,16,VIC1-NSW1,VIC1,223,145,15000.0,0.0
2022-05,C2022Q3,T10,C2022Q3T10,16,NSW1-QLD1,NSW1,83,55,2993.94,0.0
2022-05,C2022Q3,T10,C2022Q3T10,16,NSW1-QLD1,QLD1,278,114,12750.0,0.0
2022-05,C2022Q3,T10,C2022Q3T10,16,V-SA,SA1,136,79,5655.55,0.0
2022-05,C2022Q3,T10,C2022Q3T10,16,V-SA,VIC1,133,73,7533.33,0.0
2022-05,C2022Q3,T10,C2022Q3T10,16,VIC1-NSW1,NSW1,265,126,1385.2,0.0
2022-05,C2022Q3,T10,C2022Q3T10,16,VIC1-NSW1,VIC1,263,131,13000.0,0.0
2022-05,C2022Q4,T09,C2022Q4T09,16,NSW1-QLD1,NSW1,73,45,6000.0,0.0
2022-05,C2022Q4,T09,C2022Q4T09,16,NSW1-QLD1,QLD1,285,100,9445.0,0.0
2022-05,C2022Q4,T09,C2022Q4T09,16,V-SA,SA1,108,64,6132.43,0.0
2022-05,C2022Q4,T09,C2022Q4T09,16,V-SA,VIC1,153,73,7940.85,0.0
2022-05,C2022Q4,T09,C2022Q4T09,16,VIC1-NSW1,NSW1,174,108,1200.0,0.0
2022-05,C2022Q4,T09,C2022Q4T09,16,VIC1-NSW1,VIC1,261,128,19024.49,0.0
2022-05,C2023Q1,T08,C2023Q1T08,16,NSW1-QLD1,NSW1,73,45,7800.94,0.0
2022-05,C2023Q1,T08,C2023Q1T08,16,NSW1-QLD1,QLD1,271,105,15164.59,0.0
2022-05,C2023Q1,T08,C2023Q1T08,16,V-SA,SA1,87,77,6603.0,0.0
2022-05,C2023Q1,T08,C2023Q1T08,16,V-SA,VIC1,104,73,13365.0,0.0
2022-05,C2023Q1,T08,C2023Q1T08,16,VIC1-NSW1,NSW1,153,110,4551.0,0.0
2022-05,C2023Q1,T08,C2023Q1T08,16,VIC1-NSW1,VIC1,165,125,21175.95,0.0
2022-05,C2023Q2,T07,C2023Q2T07,16,NSW1-QLD1,NSW1,71,45,2410.0,0.0
2022-05,C2023Q2,T07,C2023Q2T07,16,NSW1-QLD1,QLD1,220,100,17015.0,0.0
2022-05,C2023Q2,T07,C2023Q2T07,16,V-SA,SA1,129,86,4403.0,0.0
2022-05,C2023Q2,T07,C2023Q2T07,16,V-SA,VIC1,113,73,6606.6,0.0
2022-05,C2023Q2,T07,C2023Q2T07,16,VIC1-NSW1,NSW1,188,108,1104.4,0.0
2022-05,C2023Q2,T07,C2023Q2T07,16,VIC1-NSW1,VIC1,223,125,15820.49,0.0
2022-05,C2023Q3,T06,C2023Q3T06,16,NSW1-QLD1,NSW1,75,45,2400.0,0.0
2022-05,C2023Q3,T06,C2023Q3T06,16,NSW1-QLD1,QLD1,170,100,18260.0,0.0
2022-05,C2023Q3,T06,C2023Q3T06,16,V-SA,SA1,118,72,5000.0,0.0
2022-05,C2023Q3,T06,C2023Q3T06,16,V-SA,VIC1,103,73,7500.0,0.0
2022-05,C2023Q3,T06,C2023Q3T06,16,VIC1-NSW1,NSW1,175,108,1106.0,0.0
2022-05,C2023Q3,T06,C2023Q3T06,16,VIC1-NSW1,VIC1,203,125,15590.49,0.0
2022-05,C2023Q4,T05,C2023Q4T05,16,NSW1-QLD1,NSW1,65,45,5349.55,0.0
2022-05,C2023Q4,T05,C2023Q4T05,16,NSW1-QLD1,QLD1,194,100,12500.0,0.0
2022-05,C2023Q4,T05,C2023Q4T05,16,V-SA,SA1,111,64,5500.0,0.0
2022-05,C2023Q4,T05,C2023Q4T05,16,V-SA,VIC1,88,73,8500.79,0.0
2022-05,C2023Q4,T05,C2023Q4T05,16,VIC1-NSW1,NSW1,158,108,1277.0,0.0
2022-05,C2023Q4,T05,C2023Q4T05,16,VIC1-NSW1,VIC1,195,125,18232.5,0.0
2022-05,C2024Q1,T04,C2024Q1T04,16,NSW1-QLD1,NSW1,45,45,7162.96,0.0
2022-05,C2024Q1,T04,C2024Q1T04,16,NSW1-QLD1,QLD1,134,101,20748.0,0.0
2022-05,C2024Q1,T04,C2024Q1T04,16,V-SA,SA1,64,64,6893.3,0.0
2022-05,C2024Q1,T04,C2024Q1T04,16,V-SA,VIC1,90,73,15000.0,0.0
2022-05,C2024Q1,T04,C2024Q1T04,16,VIC1-NSW1,NSW1,124,115,4370.2,0.0
2022-05,C2024Q1,T04,C2024Q1T04,16,VIC1-NSW1,VIC1,145,125,22368.05,0.0
2022-05,C2024Q2,T03,C2024Q2T03,16,NSW1-QLD1,NSW1,45,45,2579.0,0.0
2022-05,C2024Q2,T03,C2024Q2T03,16,NSW1-QLD1,QLD1,100,100,20748.0,0.0
2022-05,C2024Q2,T03,C2024Q2T03,16,V-SA,SA1,79,70,4462.18,0.0
2022-05,C2024Q2,T03,C2024Q2T03,16,V-SA,VIC1,73,73,7500.0,0.0
2022-05,C2024Q2,T03,C2024Q2T03,16,VIC1-NSW1,NSW1,138,108,1048.0,0.0
2022-05,C2024Q2,T03,C2024Q2T03,16,VIC1-NSW1,VIC1,125,125,14742.0,0.0
2022-05,C2024Q3,T02,C2024Q3T02,16,NSW1-QLD1,NSW1,45,45,2400.0,0.0
2022-05,C2024Q3,T02,C2024Q3T02,16,NSW1-QLD1,QLD1,100,100,19126.0,0.0
2022-05,C2024Q3,T02,C2024Q3T02,16,V-SA,SA1,78,75,5352.18,0.0
2022-05,C2024Q3,T02,C2024Q3T02,16,V-SA,VIC1,73,73,7500.0,0.0
2022-05,C2024Q3,T02,C2024Q3T02,16,VIC1-NSW1,NSW1,108,108,1058.0,0.0
2022-05,C2024Q3,T02,C2024Q3T02,16,VIC1-NSW1,VIC1,125,125,15002.0,0.0
2022-05,C2024Q4,T01,C2024Q4T01,16,NSW1-QLD1,NSW1,45,45,5006.08,0.0
2022-05,C2024Q4,T01,C2024Q4T01,16,NSW1-QLD1,QLD1,100,100,12909.44,0.0
2022-05,C2024Q4,T01,C2024Q4T01,16,V-SA,SA1,64,64,5561.0,0.0
2022-05,C2024Q4,T01,C2024Q4T01,16,V-SA,VIC1,73,73,8675.28,0.0
2022-05,C2024Q4,T01,C2024Q4T01,16,VIC1-NSW1,NSW1,108,108,1287.0,0.0
2022-05,C2024Q4,T01,C2024Q4T01,16,VIC1-NSW1,VIC1,125,125,17050.0,0.0
2022-05,C2022Q2,T12,C2022Q2T12,16,NSW1-QLD1,NSW1,127,100,4537.55,0.0
2022-05,C2022Q2,T12,C2022Q2T12,16,NSW1-QLD1,QLD1,207,100,7637.0,0.0
2022-05,C2022Q2,T12,C2022Q2T12,16,V-SA,SA1,106,66,4487.0,0.0
2022-05,C2022Q2,T12,C2022Q2T12,16,V-SA,VIC1,133,83,13539.0,0.0
2022-05,C2022Q2,T12,C2022Q2T12,16,VIC1-NSW1,NSW1,278,112,910.0,0.0
2022-05,C2022Q2,T12,C2022Q2T12,16,VIC1-NSW1,VIC1,225,125,19978.0,0.0
2022-05,C2022Q3,T11,C2022Q3T11,16,NSW1-QLD1,NSW1,84,60,4061.82,0.0
2022-05,C2022Q3,T11,C2022Q3T11,16,NSW1-QLD1,QLD1,244,100,13330.09,0.0
2022-05,C2022Q3,T11,C2022Q3T11,16,V-SA,SA1,113,64,5500.0,0.0
2022-05,C2022Q3,T11,C2022Q3T11,16,V-SA,VIC1,128,73,10000.0,0.0
2022-05,C2022Q3,T11,C2022Q3T11,16,VIC1-NSW1,NSW1,265,108,1198.0,0.0
2022-05,C2022Q3,T11,C2022Q3T11,16,VIC1-NSW1,VIC1,250,135,19272.0,0.0
2022-05,C2022Q4,T10,C2022Q4T10,16,NSW1-QLD1,NSW1,64,45,9300.0,0.0
2022-05,C2022Q4,T10,C2022Q4T10,16,NSW1-QLD1,QLD1,275,100,10925.0,0.0
2022-05,C2022Q4,T10,C2022Q4T10,16,V-SA,SA1,100,64,6046.0,0.0
2022-05,C2022Q4,T10,C2022Q4T10,16,V-SA,VIC1,158,73,10170.83,0.0
2022-05,C2022Q4,T10,C2022Q4T10,16,VIC1-NSW1,NSW1,174,112,1380.0,0.0
2022-05,C2022Q4,T10,C2022Q4T10,16,VIC1-NSW1,VIC1,268,135,24731.84,0.0
2022-05,C2023Q1,T09,C2023Q1T09,16,NSW1-QLD1,NSW1,64,48,15202.0,0.0
2022-05,C2023Q1,T09,C2023Q1T09,16,NSW1-QLD1,QLD1,281,104,17189.17,0.0
2022-05,C2023Q1,T09,C2023Q1T09,16,V-SA,SA1,94,70,6850.0,0.0
2022-05,C2023Q1,T09,C2023Q1T09,16,V-SA,VIC1,99,73,16760.83,0.0
2022-05,C2023Q1,T09,C2023Q1T09,16,VIC1-NSW1,NSW1,171,116,4500.0,0.0
2022-05,C2023Q1,T09,C2023Q1T09,16,VIC1-NSW1,VIC1,200,135,25200.26,0.0
2022-05,C2023Q2,T08,C2023Q2T08,16,NSW1-QLD1,NSW1,61,45,4000.0,0.0
2022-05,C2023Q2,T08,C2023Q2T08,16,NSW1-QLD1,QLD1,194,100,24489.09,0.0
2022-05,C2023Q2,T08,C2023Q2T08,16,V-SA,SA1,114,70,4843.0,0.0
2022-05,C2023Q2,T08,C2023Q2T08,16,V-SA,VIC1,108,73,11000.83,0.0
2022-05,C2023Q2,T08,C2023Q2T08,16,VIC1-NSW1,NSW1,301,109,1270.06,0.0
2022-05,C2023Q2,T08,C2023Q2T08,16,VIC1-NSW1,VIC1,205,125,22960.26,0.0
2022-05,C2023Q3,T07,C2023Q3T07,16,NSW1-QLD1,NSW1,70,45,3336.0,0.0
2022-05,C2023Q3,T07,C2023Q3T07,16,NSW1-QLD1,QLD1,150,100,24416.0,0.0
2022-05,C2023Q3,T07,C2023Q3T07,16,V-SA,SA1,109,64,5297.0,0.0
2022-05,C2023Q3,T07,C2023Q3T07,16,V-SA,VIC1,108,73,10920.83,0.0
2022-05,C2023Q3,T07,C2023Q3T07,16,VIC1-NSW1,NSW1,205,108,1250.0,0.0
2022-05,C2023Q3,T07,C2023Q3T07,16,VIC1-NSW1,VIC1,220,125,22640.26,0.0
2022-05,C2023Q4,T06,C2023Q4T06,16,NSW1-QLD1,NSW1,58,45,8510.0,0.0
2022-05,C2023Q4,T06,C2023Q4T06,16,NSW1-QLD1,QLD1,164,100,17384.0,0.0
2022-05,C2023Q4,T06,C2023Q4T06,16,V-SA,SA1,109,64,6050.0,0.0
2022-05,C2023Q4,T06,C2023Q4T06,16,V-SA,VIC1,88,73,9520.83,0.0
2022-05,C2023Q4,T06,C2023Q4T06,16,VIC1-NSW1,NSW1,143,114,1404.7,0.0
2022-05,C2023Q4,T06,C2023Q4T06,16,VIC1-NSW1,VIC1,217,125,24066.9,0.0
2022-05,C2024Q1,T05,C2024Q1T05,16,NSW1-QLD1,NSW1,48,45,9907.0,0.0
2022-05,C2022Q1,T12,C2022Q1T12,14,VIC1-NSW1,NSW1,186,137,4320.0,0.0
2022-05,C2022Q1,T12,C2022Q1T12,14,VIC1-NSW1,VIC1,349,125,19422.49,0.0
2022-05,C2022Q2,T11,C2022Q2T11,14,NSW1-QLD1,NSW1,83,55,3906.0,0.0
2022-05,C2022Q2,T11,C2022Q2T11,14,NSW1-QLD1,QLD1,251,100,9350.0,0.0
2022-05,C2022Q2,T11,C2022Q2T11,14,V-SA,SA1,114,66,5192.0,0.0
2022-05,C2022Q2,T11,C2022Q2T11,14,V-SA,VIC1,133,73,7050.0,0.0
2022-05,C2022Q2,T11,C2022Q2T11,14,VIC1-NSW1,NSW1,317,151,1240.0,0.0
2022-05,C2022Q2,T11,C2022Q2T11,14,VIC1-NSW1,VIC1,223,145,15000.0,0.0
2022-05,C2022Q3,T10,C2022Q3T10,14,NSW1-QLD1,NSW1,83,55,2993.94,0.0
2022-05,C2022Q3,T10,C2022Q3T10,14,NSW1-QLD1,QLD1,278,114,12750.0,0.0
2022-05,C2022Q3,T10,C2022Q3T10,14,V-SA,SA1,136,79,5655.55,0.0
2022-05,C2022Q3,T10,C2022Q3T10,14,V-SA,VIC1,133,73,7533.33,0.0
2022-05,C2022Q3,T10,C2022Q3T10,14,VIC1-NSW1,NSW1,265,126,1385.2,0.0
2022-05,C2022Q3,T10,C2022Q3T10,14,VIC1-NSW1,VIC1,263,131,13000.0,0.0
2022-05,C2022Q4,T09,C2022Q4T09,14,NSW1-QLD1,NSW1,73,45,6000.0,0.0
2022-05,C2022Q4,T09,C2022Q4T09,14,NSW1-QLD1,QLD1,285,100,9445.0,0.0
2022-05,C2022Q4,T09,C2022Q4T09,14,V-SA,SA1,108,64,6132.43,0.0
2022-05,C2022Q4,T09,C2022Q4T09,14,V-SA,VIC1,153,73,7940.85,0.0
2022-05,C2022Q4,T09,C2022Q4T09,14,VIC1-NSW1,NSW1,174,108,1200.0,0.0
2022-05,C2022Q4,T09,C2022Q4T09,14,VIC1-NSW1,VIC1,261,128,19024.49,0.0
2022-05,C2023Q1,T08,C2023Q1T08,14,NSW1-QLD1,NSW1,73,45,7800.94,0.0
2022-05,C2023Q1,T08,C2023Q1T08,14,NSW1-QLD1,QLD1,271,105,15164.59,0.0
2022-05,C2023Q1,T08,C2023Q1T08,14,V-SA,SA1,87,77,6603.0,0.0
2022-05,C2023Q1,T08,C2023Q1T08,14,V-SA,VIC1,104,73,13365.0,0.0
2022-05,C2023Q1,T08,C2023Q1T08,14,VIC1-NSW1,NSW1,153,110,4551.0,0.0
2022-05,C2023Q1,T08,C2023Q1T08,14,VIC1-NSW1,VIC1,165,125,21175.95,0.0
2022-05,C2023Q2,T07,C2023Q2T07,14,NSW1-QLD1,NSW1,71,45,2410.0,0.0
2022-05,C2023Q2,T07,C2023Q2T07,14,NSW1-QLD1,QLD1,220,100,17015.0,0.0
2022-05,C2023Q2,T07,C2023Q2T07,14,V-SA,SA1,129,86,4403.0,0.0
2022-05,C2023Q2,T07,C2023Q2T07,14,V-SA,VIC1,113,73,6606.6,0.0
2022-05,C2023Q2,T07,C2023Q2T07,14,VIC1-NSW1,NSW1,188,108,1104.4,0.0
2022-05,C2023Q2,T07,C2023Q2T07,14,VIC1-NSW1,VIC1,223,125,15820.49,0.0
2022-05,C2023Q3,T06,C2023Q3T06,14,NSW1-QLD1,NSW1,75,45,2400.0,0.0
2022-05,C2023Q3,T06,C2023Q3T06,14,NSW1-QLD1,QLD1,170,100,18260.0,0.0
2022-05,C2023Q3,T06,C2023Q3T06,14,V-SA,SA1,118,72,5000.0,0.0
2022-05,C2023Q3,T06,C2023Q3T06,14,V-SA,VIC1,103,73,7500.0,0.0
2022-05,C2023Q3,T06,C2023Q3T06,14,VIC1-NSW1,NSW1,175,108,1106.0,0.0
2022-05,C2023Q3,T06,C2023Q3T06,14,VIC1-NSW1,VIC1,203,125,15590.49,0.0
2022-05,C2023Q4,T05,C2023Q4T05,14,NSW1-QLD1,NSW1,65,45,5349.55,0.0
2022-05,C2023Q4,T05,C2023Q4T05,14,NSW1-QLD1,QLD1,194,100,12500.0,0.0
2022-05,C2023Q4,T05,C2023Q4T05,14,V-SA,SA1,111,64,5500.0,0.0
2022-05,C2023Q4,T05,C2023Q4T05,14,V-SA,VIC1,88,73,8500.79,0.0
2022-05,C2023Q4,T05,C2023Q4T05,14,VIC1-NSW1,NSW1,158,108,1277.0,0.0
2022-05,C2023Q4,T05,C2023Q4T05,14,VIC1-NSW1,VIC1,195,125,18232.5,0.0
2022-05,C2024Q1,T04,C2024Q1T04,14,NSW1-QLD1,NSW1,45,45,7162.96,0.0
2022-05,C2024Q1,T04,C2024Q1T04,14,NSW1-QLD1,QLD1,134,101,20748.0,0.0
2022-05,C2024Q1,T04,C2024Q1T04,14,V-SA,SA1,64,64,6893.3,0.0
2022-05,C2024Q1,T04,C2024Q1T04,14,V-SA,VIC1,90,73,15000.0,0.0
2022-05,C2024Q1,T04,C2024Q1T04,14,VIC1-NSW1,NSW1,124,115,4370.2,0.0
2022-05,C2024Q1,T04,C2024Q1T04,14,VIC1-NSW1,VIC1,145,125,22368.05,0.0
2022-05,C2024Q2,T03,C2024Q2T03,14,NSW1-QLD1,NSW1,45,45,2579.0,0.0
2022-05,C2024Q2,T03,C2024Q2T03,14,NSW1-QLD1,QLD1,100,100,20748.0,0.0
2022-05,C2024Q2,T03,C2024Q2T03,14,V-SA,SA1,79,70,4462.18,0.0
2022-05,C2024Q2,T03,C2024Q2T03,14,V-SA,VIC1,73,73,7500.0,0.0
2022-05,C2024Q2,T03,C2024Q2T03,14,VIC1-NSW1,NSW1,138,108,1048.0,0.0
2022-05,C2024Q2,T03,C2024Q2T03,14,VIC1-NSW1,VIC1,125,125,14742.0,0.0
2022-05,C2024Q3,T02,C2024Q3T02,14,NSW1-QLD1,NSW1,45,45,2400.0,0.0
2022-05,C2024Q3,T02,C2024Q3T02,14,NSW1-QLD1,QLD1,100,100,19126.0,0.0
2022-05,C2024Q3,T02,C2024Q3T02,14,V-SA,SA1,78,75,5352.18,0.0
2022-05,C2024Q3,T02,C2024Q3T02,14,V-SA,VIC1,73,73,7500.0,0.0
2022-05,C2024Q3,T02,C2024Q3T02,14,VIC1-NSW1,NSW1,108,108,1058.0,0.0
2022-05,C2024Q3,T02,C2024Q3T02,14,VIC1-NSW1,VIC1,125,125,15002.0,0.0
2022-05,C2024Q4,T01,C2024Q4T01,14,NSW1-QLD1,NSW1,45,45,5006.08,0.0
2022-05,C2024Q4,T01,C2024Q4T01,14,NSW1-QLD1,QLD1,100,100,12909.44,0.0
2022-05,C2024Q4,T01,C2024Q4T01,14,V-SA,SA1,64,64,5561.0,0.0
2022-05,C2024Q4,T01,C2024Q4T01,14,V-SA,VIC1,73,73,8675.28,0.0
2022-05,C2024Q4,T01,C2024Q4T01,14,VIC1-NSW1,NSW1,108,108,1287.0,0.0
2022-05,C2024Q4,T01,C2024Q4T01,14,VIC1-NSW1,VIC1,125,125,17050.0,0.0
2022-05,C2022Q2,T12,C2022Q2T12,14,NSW1-QLD1,NSW1,127,100,4537.55,0.0
2022-05,C2022Q2,T12,C2022Q2T12,14,NSW1-QLD1,QLD1,207,100,7637.0,0.0
2022-05,C2022Q2,T12,C2022Q2T12,14,V-SA,SA1,106,66,4487.0,0.0
2022-05,C2022Q2,T12,C2022Q2T12,14,V-SA,VIC1,133,83,13539.0,0.0
2022-05,C2022Q2,T12,C2022Q2T12,14,VIC1-NSW1,NSW1,278,112,910.0,0.0
2022-05,C2022Q2,T12,C2022Q2T12,14,VIC1-NSW1,VIC1,225,125,19978.0,0.0
2022-05,C2022Q3,T11,C2022Q3T11,14,NSW1-QLD1,NSW1,84,60,4061.82,0.0
2022-05,C2022Q3,T11,C2022Q3T11,14,NSW1-QLD1,QLD1,244,100,13330.09,0.0
2022-05,C2022Q3,T11,C2022Q3T11,14,V-SA,SA1,113,64,5500.0,0.0
2022-05,C2022Q3,T11,C2022Q3T11,14,V-SA,VIC1,128,73,10000.0,0.0
2022-05,C2022Q3,T11,C2022Q3T11,14,VIC1-NSW1,NSW1,265,108,1198.0,0.0
2022-05,C2022Q3,T11,C2022Q3T11,14,VIC1-NSW1,VIC1,250,135,19272.0,0.0
2022-05,C2022Q4,T10,C2022Q4T10,14,NSW1-QLD1,NSW1,64,45,9300.0,0.0
2022-05,C2022Q4,T10,C2022Q4T10,14,NSW1-QLD1,QLD1,275,100,10925.0,0.0
2022-05,C2022Q4,T10,C2022Q4T10,14,V-SA,SA1,100,64,6046.0,0.0
2022-05,C2022Q4,T10,C2022Q4T10,14,V-SA,VIC1,158,73,10170.83,0.0
2022-05,C2022Q4,T10,C2022Q4T10,14,VIC1-NSW1,NSW1,174,112,1380.0,0.0
2022-05,C2022Q4,T10,C2022Q4T10,14,VIC1-NSW1,VIC1,268,135,24731.84,0.0
2022-05,C2023Q1,T09,C2023Q1T09,14,NSW1-QLD1,NSW1,64,48,15202.0,0.0
2022-05,C2023Q1,T09,C2023Q1T09,14,NSW1-QLD1,QLD1,281,104,17189.17,0.0
2022-05,C2023Q1,T09,C2023Q1T09,14,V-SA,SA1,94,70,6850.0,0.0
2022-05,C2023Q1,T09,C2023Q1T09,14,V-SA,VIC1,99,73,16760.83,0.0
2022-05,C2023Q1,T09,C2023Q1T09,14,VIC1-NSW1,NSW1,171,116,4500.0,0.0
2022-05,C2023Q1,T09,C2023Q1T09,14,VIC1-NSW1,VIC1,200,135,25200.26,0.0
2022-05,C2023Q2,T08,C2023Q2T08,14,NSW1-QLD1,NSW1,61,45,4000.0,0.0
2022-05,C2023Q2,T08,C2023Q2T08,14,NSW1-QLD1,QLD1,194,100,24489.09,0.0
2022-05,C2023Q2,T08,C2023Q2T08,14,V-SA,SA1,114,70,4843.0,0.0
2022-05,C2023Q2,T08,C2023Q2T08,14,V-SA,VIC1,108,73,11000.83,0.0
2022-05,C2023Q2,T08,C2023Q2T08,14,VIC1-NSW1,NSW1,301,109,1270.06,0.0
2022-05,C2023Q2,T08,C2023Q2T08,14,VIC1-NSW1,VIC1,205,125,22960.26,0.0
2022-05,C2023Q3,T07,C2023Q3T07,14,NSW1-QLD1,NSW1,70,45,3336.0,0.0
2022-05,C2023Q3,T07,C2023Q3T07,14,NSW1-QLD1,QLD1,150,100,24416.0,0.0
2022-05,C2023Q3,T07,C2023Q3T07,14,V-SA,SA1,109,64,5297.0,0.0
2022-05,C2023Q3,T07,C2023Q3T07,14,V-SA,VIC1,108,73,10920.83,0.0
2022-05,C2023Q3,T07,C2023Q3T07,14,VIC1-NSW1,NSW1,205,108,1250.0,0.0
2022-05,C2023Q3,T07,C2023Q3T07,14,VIC1-NSW1,VIC1,220,125,22640.26,0.0
2022-05,C2023Q4,T06,C2023Q4T06,14,NSW1-QLD1,NSW1,58,45,8510.0,0.0
2022-05,C2023Q4,T06,C2023Q4T06,14,NSW1-QLD1,QLD1,164,100,17384.0,0.0
2022-05,C2023Q4,T06,C2023Q4T06,14,V-SA,SA1,109,64,6050.0,0.0
2022-05,C2023Q4,T06,C2023Q4T06,14,V-SA,VIC1,88,73,9520.83,0.0
2022-05,C2023Q4,T06,C2023Q4T06,14,VIC1-NSW1,NSW1,143,114,1404.7,0.0
2022-05,C2023Q4,T06,C2023Q4T06,14,VIC1-NSW1,VIC1,217,125,24066.9,0.0
2022-05,C2024Q1,T05,C2024Q1T05,14,NSW1-QLD1,NSW1,48,45,9907.0,0.0
2022-05,C2024Q1,T05,C2024Q1T05,14,NSW1-QLD1,QLD1,130,100,22822.8,0.0
2022-05,C2024Q1,T05,C2024Q1T05,14,V-SA,SA1,64,64,7341.0,0.0
2022-05,C2024Q1,T05,C2024Q1T05,14,V-SA,VIC1,90,73,16500.0,0.0
2022-05,C2024Q1,T05,C2024Q1T05,14,VIC1-NSW1,NSW1,117,108,4368.0,0.0
2022-05,C2024Q1,T05,C2024Q1T05,14,VIC1-NSW1,VIC1,167,125,23800.26,0.0
2022-05,C2024Q2,T04,C2024Q2T04,14,NSW1-QLD1,NSW1,48,45,3307.0,0.0
2022-05,C2024Q2,T04,C2024Q2T04,14,NSW1-QLD1,QLD1,120,100,24438.96,0.0
2022-05,C2024Q2,T04,C2024Q2T04,14,V-SA,SA1,89,64,4732.0,0.0
2022-05,C2024Q2,T04,C2024Q2T04,14,V-SA,VIC1,73,73,9093.0,0.0
2022-05,C2024Q2,T04,C2024Q2T04,14,VIC1-NSW1,NSW1,164,108,1028.0,0.0
2022-05,C2024Q2,T04,C2024Q2T04,14,VIC1-NSW1,VIC1,152,125,16800.25,0.0
2022-05,C2024Q3,T03,C2024Q3T03,14,NSW1-QLD1,NSW1,48,45,3040.0,0.0
2022-05,C2024Q3,T03,C2024Q3T03,14,NSW1-QLD1,QLD1,108,100,21520.64,0.0
2022-05,C2024Q3,T03,C2024Q3T03,14,V-SA,SA1,67,64,4995.37,0.0
2022-05,C2024Q3,T03,C2024Q3T03,14,V-SA,VIC1,74,73,8996.83,0.0
2022-05,C2024Q3,T03,C2024Q3T03,14,VIC1-NSW1,NSW1,108,108,1000.0,0.0
2022-05,C2024Q3,T03,C2024Q3T03,14,VIC1-NSW1,VIC1,135,125,16502.2,0.0
2022-05,C2024Q4,T02,C2024Q4T02,14,NSW1-QLD1,NSW1,48,45,8504.0,0.0
2022-05,C2024Q4,T02,C2024Q4T02,14,NSW1-QLD1,QLD1,100,100,16000.0,0.0
2022-05,C2019Q4,T12,C2019Q4T12,12,NSW1-QLD1,NSW1,55,55,600.0,0.0
2022-05,C2019Q4,T12,C2019Q4T12,12,NSW1-QLD1,QLD1,100,100,14748.0,0.0
2022-05,C2019Q4,T12,C2019Q4T12,12,V-SA,SA1,66,66,6125.0,0.0
2022-05,C2019Q4,T12,C2019Q4T12,12,V-SA,VIC1,77,77,1905.0,0.0
2022-05,C2019Q4,T12,C2019Q4T12,12,VIC1-NSW1,NSW1,112,112,3975.91,0.0
2022-05,C2019Q4,T12,C2019Q4T12,12,VIC1-NSW1,VIC1,125,125,4978.0,0.0
2022-05,C2020Q1,T11,C2020Q1T11,12,NSW1-QLD1,NSW1,45,45,3050.0,0.0
2022-05,C2020Q1,T11,C2020Q1T11,12,NSW1-QLD1,QLD1,100,100,16005.0,0.0
2022-05,C2020Q1,T11,C2020Q1T11,12,V-SA,SA1,64,64,5204.0,0.0
2022-05,C2020Q1,T11,C2020Q1T11,12,V-SA,VIC1,73,73,7200.0,0.0
2022-05,C2020Q1,T11,C2020Q1T11,12,VIC1-NSW1,NSW1,108,108,14270.4,0.0
2022-05,C2020Q1,T11,C2020Q1T11,12,VIC1-NSW1,VIC1,125,125,5004.0,0.0
2022-05,C2020Q2,T10,C2020Q2T10,12,NSW1-QLD1,NSW1,45,45,226.0,0.0
2022-05,C2020Q2,T10,C2020Q2T10,12,NSW1-QLD1,QLD1,100,100,14479.92,0.0
2022-05,C2020Q2,T10,C2020Q2T10,12,V-SA,SA1,64,64,5044.0,0.0
2022-05,C2020Q2,T10,C2020Q2T10,12,V-SA,VIC1,73,73,1273.96,0.0
2022-05,C2020Q2,T10,C2020Q2T10,12,VIC1-NSW1,NSW1,108,108,2500.15,0.0
2022-05,C2020Q2,T10,C2020Q2T10,12,VIC1-NSW1,VIC1,125,125,3999.8,0.0
2022-05,C2020Q3,T09,C2020Q3T09,12,NSW1-QLD1,NSW1,45,45,254.0,0.0
2022-05,C2020Q3,T09,C2020Q3T09,12,NSW1-QLD1,QLD1,100,100,13976.64,0.0
2022-05,C2020Q3,T09,C2020Q3T09,12,V-SA,SA1,64,64,9251.0,0.0
2022-05,C2020Q3,T09,C2020Q3T09,12,V-SA,VIC1,73,73,1092.5,0.0
2022-05,C2020Q3,T09,C2020Q3T09,12,VIC1-NSW1,NSW1,108,108,1950.0,0.0
2022-05,C2020Q3,T09,C2020Q3T09,12,VIC1-NSW1,VIC1,125,125,4999.95,0.0
2022-05,C2020Q4,T08,C2020Q4T08,12,NSW1-QLD1,NSW1,45,45,600.0,0.0
2022-05,C2020Q4,T08,C2020Q4T08,12,NSW1-QLD1,QLD1,100,100,12806.4,0.0
2022-05,C2020Q4,T08,C2020Q4T08,12,V-SA,SA1,64,64,7955.0,0.0
2022-05,C2020Q4,T08,C2020Q4T08,12,V-SA,VIC1,73,73,1504.0,0.0
2022-05,C2020Q4,T08,C2020Q4T08,12,VIC1-NSW1,NSW1,108,108,2625.0,0.0
2022-05,C2020Q4,T08,C2020Q4T08,12,VIC1-NSW1,VIC1,125,125,6200.0,0.0
2022-05,C2021Q1,T07,C2021Q1T07,12,NSW1-QLD1,NSW1,45,45,3175.0,0.0
2022-05,C2021Q1,T07,C2021Q1T07,12,NSW1-QLD1,QLD1,100,100,13335.0,0.0
2022-05,C2021Q1,T07,C2021Q1T07,12,V-SA,SA1,64,64,6178.26,0.0
2022-05,C2021Q1,T07,C2021Q1T07,12,V-SA,VIC1,73,73,5961.6,0.0
2022-05,C2021Q1,T07,C2021Q1T07,12,VIC1-NSW1,NSW1,108,108,6975.0,0.0
2022-05,C2021Q1,T07,C2021Q1T07,12,VIC1-NSW1,VIC1,125,125,5500.0,0.0
2022-05,C2021Q2,T06,C2021Q2T06,12,NSW1-QLD1,NSW1,45,45,226.0,0.0
2022-05,C2021Q2,T06,C2021Q2T06,12,NSW1-QLD1,QLD1,100,100,11003.0,0.0
2022-05,C2021Q2,T06,C2021Q2T06,12,V-SA,SA1,64,64,7005.05,0.0
2022-05,C2021Q2,T06,C2021Q2T06,12,V-SA,VIC1,73,73,1528.8,0.0
2022-05,C2021Q2,T06,C2021Q2T06,12,VIC1-NSW1,NSW1,108,108,1659.84,0.0
2022-05,C2021Q2,T06,C2021Q2T06,12,VIC1-NSW1,VIC1,125,125,6200.0,0.0
2022-05,C2021Q3,T05,C2021Q3T05,12,NSW1-QLD1,NSW1,45,45,800.0,0.0
2022-05,C2021Q3,T05,C2021Q3T05,12,NSW1-QLD1,QLD1,100,100,11542.0,0.0
2022-05,C2021Q3,T05,C2021Q3T05,12,V-SA,SA1,64,64,9967.0,0.0
2022-05,C2021Q3,T05,C2021Q3T05,12,V-SA,VIC1,73,73,1662.5,0.0
2022-05,C2021Q3,T05,C2021Q3T05,12,VIC1-NSW1,NSW1,108,108,1650.0,0.0
2022-05,C2021Q3,T05,C2021Q3T05,12,VIC1-NSW1,VIC1,125,125,6200.0,0.0
2022-05,C2021Q4,T04,C2021Q4T04,12,NSW1-QLD1,NSW1,45,45,800.0,0.0
2022-05,C2021Q4,T04,C2021Q4T04,12,NSW1-QLD1,QLD1,100,100,10666.0,0.0
2022-05,C2021Q4,T04,C2021Q4T04,12,V-SA,SA1,64,64,6911.0,0.0
2022-05,C2021Q4,T04,C2021Q4T04,12,V-SA,VIC1,73,73,1729.0,0.0
2022-05,C2021Q4,T04,C2021Q4T04,12,VIC1-NSW1,NSW1,108,108,2208.0,0.0
2022-05,C2021Q4,T04,C2021Q4T04,12,VIC1-NSW1,VIC1,125,125,6200.0,0.0
2022-05,C2022Q1,T03,C2022Q1T03,12,NSW1-QLD1,NSW1,45,45,3175.0,0.0
2022-05,C2022Q1,T03,C2022Q1T03,12,NSW1-QLD1,QLD1,100,100,10250.0,0.0
2022-05,C2022Q1,T03,C2022Q1T03,12,V-SA,SA1,64,64,5533.0,0.0
2022-05,C2022Q1,T03,C2022Q1T03,12,V-SA,VIC1,73,73,5336.0,0.0
2022-05,C2022Q1,T03,C2022Q1T03,12,VIC1-NSW1,NSW1,108,108,5464.8,0.0
2022-05,C2022Q1,T03,C2022Q1T03,12,VIC1-NSW1,VIC1,125,125,6200.0,0.0
2022-05,C2022Q2,T02,C2022Q2T02,12,NSW1-QLD1,NSW1,45,45,305.05,0.0
2022-05,C2022Q2,T02,C2022Q2T02,12,NSW1-QLD1,QLD1,100,100,10750.0,0.0
2022-05,C2022Q2,T02,C2022Q2T02,12,V-SA,SA1,64,64,6592.8,0.0
2022-05,C2022Q2,T02,C2022Q2T02,12,V-SA,VIC1,73,73,1400.0,0.0
2022-05,C2022Q2,T02,C2022Q2T02,12,VIC1-NSW1,NSW1,108,108,1638.0,0.0
2022-05,C2022Q2,T02,C2022Q2T02,12,VIC1-NSW1,VIC1,125,125,6200.0,0.0
2022-05,C2022Q3,T01,C2022Q3T01,12,NSW1-QLD1,NSW1,45,45,800.0,0.0
2022-05,C2022Q3,T01,C2022Q3T01,12,NSW1-QLD1,QLD1,100,100,10465.92,0.0
2022-05,C2022Q3,T01,C2022Q3T01,12,V-SA,SA1,64,64,9967.0,0.0
2022-05,C2022Q3,T01,C2022Q3T01,12,V-SA,VIC1,73,73,1662.5,0.0
2022-05,C2022Q3,T01,C2022Q3T01,12,VIC1-NSW1,NSW1,108,108,1656.0,0.0
2022-05,C2022Q3,T01,C2022Q3T01,12,VIC1-NSW1,VIC1,125,125,6200.0,0.0
2022-05,C2020Q1,T12,C2020Q1T12,32,NSW1-QLD1,NSW1,147,55,2184.0,0.0
2022-05,C2020Q1,T12,C2020Q1T12,32,NSW1-QLD1,QLD1,315,111,13000.0,0.0
2022-05,C2020Q1,T12,C2020Q1T12,32,V-SA,SA1,93,66,8099.0,0.0
2022-05,C2020Q1,T12,C2020Q1T12,32,V-SA,VIC1,139,78,5500.0,0.0
2022-05,C2020Q1,T12,C2020Q1T12,32,VIC1-NSW1,NSW1,280,138,10576.0,0.0
2022-05,C2020Q1,T12,C2020Q1T12,32,VIC1-NSW1,VIC1,432,125,3600.0,0.0
2022-05,C2020Q2,T11,C2020Q2T11,32,NSW1-QLD1,NSW1,112,45,207.96,0.0
2022-05,C2020Q2,T11,C2020Q2T11,32,NSW1-QLD1,QLD1,248,105,14200.0,0.0
2022-05,C2020Q2,T11,C2020Q2T11,32,V-SA,SA1,74,64,10088.0,0.0
2022-05,C2020Q2,T11,C2020Q2T11,32,V-SA,VIC1,185,73,1208.95,0.0
2022-05,C2020Q2,T11,C2020Q2T11,32,VIC1-NSW1,NSW1,211,108,2839.0,0.0
2022-05,C2020Q2,T11,C2020Q2T11,32,VIC1-NSW1,VIC1,297,125,2807.0,0.0
2022-05,C2020Q3,T10,C2020Q3T10,32,NSW1-QLD1,NSW1,112,45,200.0,0.0
2022-05,C2020Q3,T10,C2020Q3T10,32,NSW1-QLD1,QLD1,240,100,16889.0,0.0
2022-05,C2020Q3,T10,C2020Q3T10,32,V-SA,SA1,74,64,12250.0,0.0
2022-05,C2020Q3,T10,C2020Q3T10,32,V-SA,VIC1,185,73,1100.0,0.0
2022-05,C2020Q3,T10,C2020Q3T10,32,VIC1-NSW1,NSW1,239,108,2437.5,0.0
2022-05,C2020Q3,T10,C2020Q3T10,32,VIC1-NSW1,VIC1,297,125,3957.0,0.0
2022-05,C2020Q4,T09,C2020Q4T09,32,NSW1-QLD1,NSW1,170,45,675.0,0.0
2022-05,C2020Q4,T09,C2020Q4T09,32,NSW1-QLD1,QLD1,228,100,14200.0,0.0
2022-05,C2020Q4,T09,C2020Q4T09,32,V-SA,SA1,74,64,13751.0,0.0
2022-05,C2020Q4,T09,C2020Q4T09,32,V-SA,VIC1,163,73,1278.4,0.0
2022-05,C2020Q4,T09,C2020Q4T09,32,VIC1-NSW1,NSW1,204,109,3000.0,0.0
2022-05,C2020Q4,T09,C2020Q4T09,32,VIC1-NSW1,VIC1,243,125,5503.0,0.0
2022-05,C2021Q1,T08,C2021Q1T08,32,NSW1-QLD1,NSW1,69,45,2500.0,0.0
2022-05,C2021Q1,T08,C2021Q1T08,32,NSW1-QLD1,QLD1,256,100,13517.0,0.0
2022-05,C2021Q1,T08,C2021Q1T08,32,V-SA,SA1,78,64,7413.91,0.0
2022-05,C2021Q1,T08,C2021Q1T08,32,V-SA,VIC1,89,73,2666.0,0.0
2022-05,C2021Q1,T08,C2021Q1T08,32,VIC1-NSW1,NSW1,137,119,8718.75,0.0
2022-05,C2021Q1,T08,C2021Q1T08,32,VIC1-NSW1,VIC1,313,125,5620.0,0.0
2022-05,C2021Q2,T07,C2021Q2T07,32,NSW1-QLD1,NSW1,89,45,150.0,0.0
2022-05,C2021Q2,T07,C2021Q2T07,32,NSW1-QLD1,QLD1,159,100,10679.76,0.0
2022-05,C2021Q2,T07,C2021Q2T07,32,V-SA,SA1,74,64,10507.57,0.0
2022-05,C2021Q2,T07,C2021Q2T07,32,V-SA,VIC1,147,73,1509.0,0.0
2022-05,C2021Q2,T07,C2021Q2T07,32,VIC1-NSW1,NSW1,144,108,1706.0,0.0
2022-05,C2021Q2,T07,C2021Q2T07,32,VIC1-NSW1,VIC1,189,125,4793.0,0.0
2022-05,C2021Q3,T06,C2021Q3T06,32,NSW1-QLD1,NSW1,48,45,245.0,0.0
2022-05,C2021Q3,T06,C2021Q3T06,32,NSW1-QLD1,QLD1,171,100,11542.0,0.0
2022-05,C2021Q3,T06,C2021Q3T06,32,V-SA,SA1,74,64,10005.0,0.0
2022-05,C2021Q3,T06,C2021Q3T06,32,V-SA,VIC1,119,73,1413.12,0.0
2022-05,C2021Q3,T06,C2021Q3T06,32,VIC1-NSW1,NSW1,187,108,1656.0,0.0
2022-05,C2021Q3,T06,C2021Q3T06,32,VIC1-NSW1,VIC1,183,125,5420.0,0.0
2022-05,C2021Q4,T05,C2021Q4T05,32,NSW1-QLD1,NSW1,74,45,700.0,0.0
2022-05,C2021Q4,T05,C2021Q4T05,32,NSW1-QLD1,QLD1,135,100,10666.0,0.0
2022-05,C2021Q4,T05,C2021Q4T05,32,V-SA,SA1,74,64,12501.0,0.0
2022-05,C2021Q4,T05,C2021Q4T05,32,V-SA,VIC1,119,73,1642.55,0.0
2022-05,C2021Q4,T05,C2021Q4T05,32,VIC1-NSW1,NSW1,144,108,2002.0,0.0
2022-05,C2021Q4,T05,C2021Q4T05,32,VIC1-NSW1,VIC1,162,125,5270.0,0.0
2022-05,C2022Q1,T04,C2022Q1T04,32,NSW1-QLD1,NSW1,56,45,2222.5,0.0
2022-05,C2022Q1,T04,C2022Q1T04,32,NSW1-QLD1,QLD1,135,100,8512.0,0.0
2022-05,C2022Q1,T04,C2022Q1T04,32,V-SA,SA1,64,64,5540.0,0.0
2022-05,C2022Q1,T04,C2022Q1T04,32,V-SA,VIC1,88,73,2800.0,0.0
2022-05,C2022Q1,T04,C2022Q1T04,32,VIC1-NSW1,NSW1,113,108,6010.0,0.0
2022-05,C2022Q1,T04,C2022Q1T04,32,VIC1-NSW1,VIC1,217,125,5890.0,0.0
2022-05,C2022Q2,T03,C2022Q2T03,32,NSW1-QLD1,NSW1,50,45,200.0,0.0
2022-05,C2022Q2,T03,C2022Q2T03,32,NSW1-QLD1,QLD1,100,100,10750.0,0.0
2022-05,C2022Q2,T03,C2022Q2T03,32,V-SA,SA1,64,64,9889.2,0.0
2022-05,C2022Q2,T03,C2022Q2T03,32,V-SA,VIC1,88,73,1000.0,0.0
2022-05,C2022Q2,T03,C2022Q2T03,32,VIC1-NSW1,NSW1,134,108,1747.0,0.0
2022-05,C2024Q1,T05,C2024Q1T05,16,NSW1-QLD1,QLD1,130,100,22822.8,0.0
2022-05,C2024Q1,T05,C2024Q1T05,16,V-SA,SA1,64,64,7341.0,0.0
2022-05,C2024Q1,T05,C2024Q1T05,16,V-SA,VIC1,90,73,16500.0,0.0
2022-05,C2024Q1,T05,C2024Q1T05,16,VIC1-NSW1,NSW1,117,108,4368.0,0.0
2022-05,C2024Q1,T05,C2024Q1T05,16,VIC1-NSW1,VIC1,167,125,23800.26,0.0
2022-05,C2024Q2,T04,C2024Q2T04,16,NSW1-QLD1,NSW1,48,45,3307.0,0.0
2022-05,C2024Q2,T04,C2024Q2T04,16,NSW1-QLD1,QLD1,120,100,24438.96,0.0
2022-05,C2024Q2,T04,C2024Q2T04,16,V-SA,SA1,89,64,4732.0,0.0
2022-05,C2024Q2,T04,C2024Q2T04,16,V-SA,VIC1,73,73,9093.0,0.0
2022-05,C2024Q2,T04,C2024Q2T04,16,VIC1-NSW1,NSW1,164,108,1028.0,0.0
2022-05,C2024Q2,T04,C2024Q2T04,16,VIC1-NSW1,VIC1,152,125,16800.25,0.0
2022-05,C2024Q3,T03,C2024Q3T03,16,NSW1-QLD1,NSW1,48,45,3040.0,0.0
2022-05,C2024Q3,T03,C2024Q3T03,16,NSW1-QLD1,QLD1,108,100,21520.64,0.0
2022-05,C2024Q3,T03,C2024Q3T03,16,V-SA,SA1,67,64,4995.37,0.0
2022-05,C2024Q3,T03,C2024Q3T03,16,V-SA,VIC1,74,73,8996.83,0.0
2022-05,C2024Q3,T03,C2024Q3T03,16,VIC1-NSW1,NSW1,108,108,1000.0,0.0
2022-05,C2024Q3,T03,C2024Q3T03,16,VIC1-NSW1,VIC1,135,125,16502.2,0.0
2022-05,C2024Q4,T02,C2024Q4T02,16,NSW1-QLD1,NSW1,48,45,8504.0,0.0
2022-05,C2024Q4,T02,C2024Q4T02,16,NSW1-QLD1,QLD1,100,100,16000.0,0.0
2022-05,C2024Q4,T02,C2024Q4T02,16,V-SA,SA1,64,64,5521.0,0.0
2022-05,C2024Q4,T02,C2024Q4T02,16,V-SA,VIC1,73,73,10284.0,0.0
2022-05,C2024Q4,T02,C2024Q4T02,16,VIC1-NSW1,NSW1,108,108,1457.0,0.0
2022-05,C2024Q4,T02,C2024Q4T02,16,VIC1-NSW1,VIC1,150,125,20800.25,0.0
2022-05,C2025Q1,T01,C2025Q1T01,16,NSW1-QLD1,NSW1,45,45,9506.0,0.0
2022-05,C2025Q1,T01,C2025Q1T01,16,NSW1-QLD1,QLD1,100,100,23392.8,0.0
2022-05,C2025Q1,T01,C2025Q1T01,16,V-SA,SA1,64,64,7210.0,0.0
2022-05,C2025Q1,T01,C2025Q1T01,16,V-SA,VIC1,73,73,16000.0,0.0
2022-05,C2025Q1,T01,C2025Q1T01,16,VIC1-NSW1,NSW1,108,108,4320.0,0.0
2022-05,C2025Q1,T01,C2025Q1T01,16,VIC1-NSW1,VIC1,125,125,20971.0,0.0
2022-05,C2023Q2,T03,C2023Q2T03,19,NSW1-QLD1,QLD1,100,100,12839.0,0.0
2022-05,C2023Q2,T03,C2023Q2T03,19,V-SA,SA1,91,81,3124.0,0.0
2022-05,C2023Q2,T03,C2023Q2T03,19,V-SA,VIC1,93,73,1454.0,0.0
2022-05,C2023Q2,T03,C2023Q2T03,19,VIC1-NSW1,NSW1,188,108,562.5,0.0
2022-05,C2023Q2,T03,C2023Q2T03,19,VIC1-NSW1,VIC1,150,125,7407.0,0.0
2022-05,C2023Q3,T02,C2023Q3T02,19,NSW1-QLD1,NSW1,45,45,401.0,0.0
2022-05,C2023Q3,T02,C2023Q3T02,19,NSW1-QLD1,QLD1,100,100,12984.0,0.0
2022-05,C2023Q3,T02,C2023Q3T02,19,V-SA,SA1,74,64,3920.0,0.0
2022-05,C2023Q3,T02,C2023Q3T02,19,V-SA,VIC1,93,73,1435.2,0.0
2022-05,C2023Q3,T02,C2023Q3T02,19,VIC1-NSW1,NSW1,138,108,660.66,0.0
2022-05,C2023Q3,T02,C2023Q3T02,19,VIC1-NSW1,VIC1,150,125,7744.0,0.0
2022-05,C2023Q4,T01,C2023Q4T01,19,NSW1-QLD1,NSW1,45,45,1301.0,0.0
2022-05,C2023Q4,T01,C2023Q4T01,19,NSW1-QLD1,QLD1,100,100,12400.96,0.0
2022-05,C2023Q4,T01,C2023Q4T01,19,V-SA,SA1,64,64,4000.0,0.0
2022-05,C2023Q4,T01,C2023Q4T01,19,V-SA,VIC1,73,73,1840.35,0.0
2022-05,C2023Q4,T01,C2023Q4T01,19,VIC1-NSW1,NSW1,108,108,1001.0,0.0
2022-05,C2023Q4,T01,C2023Q4T01,19,VIC1-NSW1,VIC1,125,125,7473.0,0.0
2022-05,C2021Q2,T12,C2021Q2T12,9,NSW1-QLD1,NSW1,61,55,354.0,0.0
2022-05,C2021Q2,T12,C2021Q2T12,9,NSW1-QLD1,QLD1,246,110,10087.0,0.0
2022-05,C2021Q2,T12,C2021Q2T12,9,V-SA,SA1,117,70,4654.0,0.0
2022-05,C2021Q2,T12,C2021Q2T12,9,V-SA,VIC1,174,77,2054.0,0.0
2022-05,C2021Q2,T12,C2021Q2T12,9,VIC1-NSW1,NSW1,372,112,480.79,0.0
2022-05,C2021Q2,T12,C2021Q2T12,9,VIC1-NSW1,VIC1,258,125,8004.0,0.0
2022-05,C2021Q3,T11,C2021Q3T11,9,NSW1-QLD1,NSW1,45,45,417.47,0.0
2022-05,C2021Q3,T11,C2021Q3T11,9,NSW1-QLD1,QLD1,245,103,10790.21,0.0
2022-05,C2021Q3,T11,C2021Q3T11,9,V-SA,SA1,112,64,5321.0,0.0
2022-05,C2021Q3,T11,C2021Q3T11,9,V-SA,VIC1,199,73,2455.0,0.0
2022-05,C2021Q3,T11,C2021Q3T11,9,VIC1-NSW1,NSW1,266,108,500.44,0.0
2022-05,C2021Q3,T11,C2021Q3T11,9,VIC1-NSW1,VIC1,275,125,7700.0,0.0
2022-05,C2021Q4,T10,C2021Q4T10,9,NSW1-QLD1,NSW1,85,45,1249.0,0.0
2022-05,C2021Q4,T10,C2021Q4T10,9,NSW1-QLD1,QLD1,255,104,9200.79,0.0
2022-05,C2021Q4,T10,C2021Q4T10,9,V-SA,SA1,111,64,5372.0,0.0
2022-05,C2021Q4,T10,C2021Q4T10,9,V-SA,VIC1,170,73,2780.85,0.0
2022-05,C2021Q4,T10,C2021Q4T10,9,VIC1-NSW1,NSW1,269,114,465.88,0.0
2022-05,C2021Q4,T10,C2021Q4T10,9,VIC1-NSW1,VIC1,248,125,9377.0,0.0
2022-05,C2022Q1,T09,C2022Q1T09,9,NSW1-QLD1,NSW1,69,49,3278.0,0.0
2022-05,C2022Q1,T09,C2022Q1T09,9,NSW1-QLD1,QLD1,185,103,14524.2,0.0
2022-05,C2022Q1,T09,C2022Q1T09,9,V-SA,SA1,124,68,5650.47,0.0
2022-05,C2022Q1,T09,C2022Q1T09,9,V-SA,VIC1,103,73,7019.42,0.0
2022-05,C2022Q1,T09,C2022Q1T09,9,VIC1-NSW1,NSW1,250,117,4356.0,0.0
2022-05,C2022Q1,T09,C2022Q1T09,9,VIC1-NSW1,VIC1,305,125,12347.0,0.0
2022-05,C2022Q2,T08,C2022Q2T08,9,NSW1-QLD1,NSW1,45,45,612.0,0.0
2022-05,C2022Q2,T08,C2022Q2T08,9,NSW1-QLD1,QLD1,200,103,10800.0,0.0
2022-05,C2022Q2,T08,C2022Q2T08,9,V-SA,SA1,111,64,4066.67,0.0
2022-05,C2022Q2,T08,C2022Q2T08,9,V-SA,VIC1,171,73,2502.52,0.0
2022-05,C2022Q2,T08,C2022Q2T08,9,VIC1-NSW1,NSW1,319,115,420.44,0.0
2022-05,C2022Q2,T08,C2022Q2T08,9,VIC1-NSW1,VIC1,188,125,8529.23,0.0
2022-05,C2022Q3,T07,C2022Q3T07,9,NSW1-QLD1,NSW1,45,45,757.75,0.0
2022-05,C2022Q3,T07,C2022Q3T07,9,NSW1-QLD1,QLD1,174,102,13500.0,0.0
2022-05,C2022Q3,T07,C2022Q3T07,9,V-SA,SA1,118,64,5150.72,0.0
2022-05,C2022Q3,T07,C2022Q3T07,9,V-SA,VIC1,150,73,2387.0,0.0
2022-05,C2022Q3,T07,C2022Q3T07,9,VIC1-NSW1,NSW1,267,117,490.44,0.0
2022-05,C2022Q3,T07,C2022Q3T07,9,VIC1-NSW1,VIC1,223,125,9300.43,0.0
2022-05,C2022Q4,T06,C2022Q4T06,9,NSW1-QLD1,NSW1,55,55,1878.78,0.0
2022-05,C2022Q4,T06,C2022Q4T06,9,NSW1-QLD1,QLD1,225,105,10800.52,0.0
2022-05,C2022Q4,T06,C2022Q4T06,9,V-SA,SA1,107,64,5123.85,0.0
2022-05,C2022Q4,T06,C2022Q4T06,9,V-SA,VIC1,146,73,2962.68,0.0
2022-05,C2022Q4,T06,C2022Q4T06,9,VIC1-NSW1,NSW1,217,117,560.44,0.0
2022-05,C2022Q4,T06,C2022Q4T06,9,VIC1-NSW1,VIC1,208,125,10374.0,0.0
2022-05,C2023Q1,T05,C2023Q1T05,9,NSW1-QLD1,NSW1,55,45,3771.0,0.0
2022-05,C2023Q1,T05,C2023Q1T05,9,NSW1-QLD1,QLD1,130,103,13200.2,0.0
2022-05,C2023Q1,T05,C2023Q1T05,9,V-SA,SA1,92,73,5923.47,0.0
2022-05,C2023Q1,T05,C2023Q1T05,9,V-SA,VIC1,96,73,7628.0,0.0
2022-05,C2023Q1,T05,C2023Q1T05,9,VIC1-NSW1,NSW1,177,117,4320.0,0.0
2022-05,C2023Q1,T05,C2023Q1T05,9,VIC1-NSW1,VIC1,155,125,12513.58,0.0
2022-05,C2023Q2,T04,C2023Q2T04,9,NSW1-QLD1,NSW1,45,45,520.0,0.0
2022-05,C2023Q2,T04,C2023Q2T04,9,NSW1-QLD1,QLD1,140,102,15928.0,0.0
2022-05,C2023Q2,T04,C2023Q2T04,9,V-SA,SA1,85,64,3050.72,0.0
2022-05,C2023Q2,T04,C2023Q2T04,9,V-SA,VIC1,130,73,1801.0,0.0
2022-05,C2023Q2,T04,C2023Q2T04,9,VIC1-NSW1,NSW1,198,118,490.44,0.0
2022-05,C2023Q2,T04,C2023Q2T04,9,VIC1-NSW1,VIC1,160,125,9259.0,0.0
2022-05,C2023Q3,T03,C2023Q3T03,9,NSW1-QLD1,NSW1,45,45,501.0,0.0
2022-05,C2023Q3,T03,C2023Q3T03,9,NSW1-QLD1,QLD1,125,100,16230.0,0.0
2022-05,C2023Q3,T03,C2023Q3T03,9,V-SA,SA1,71,64,4300.72,0.0
2022-05,C2023Q3,T03,C2023Q3T03,9,V-SA,VIC1,90,73,1900.68,0.0
2022-05,C2023Q3,T03,C2023Q3T03,9,VIC1-NSW1,NSW1,173,118,501.23,0.0
2022-05,C2023Q3,T03,C2023Q3T03,9,VIC1-NSW1,VIC1,172,125,9680.0,0.0
2022-05,C2023Q4,T02,C2023Q4T02,9,NSW1-QLD1,NSW1,45,45,1501.0,0.0
2022-05,C2023Q4,T02,C2023Q4T02,9,NSW1-QLD1,QLD1,119,104,15459.87,0.0
2022-05,C2023Q4,T02,C2023Q4T02,9,V-SA,SA1,68,64,4204.0,0.0
2022-05,C2023Q4,T02,C2023Q4T02,9,V-SA,VIC1,77,73,2762.2,0.0
2022-05,C2023Q4,T02,C2023Q4T02,9,VIC1-NSW1,NSW1,141,111,587.25,0.0
2022-05,C2023Q4,T02,C2023Q4T02,9,VIC1-NSW1,VIC1,154,125,9570.43,0.0
2022-05,C2024Q1,T01,C2024Q1T01,9,NSW1-QLD1,NSW1,45,45,3591.0,0.0
2022-05,C2024Q1,T01,C2024Q1T01,9,NSW1-QLD1,QLD1,100,100,15267.0,0.0
2022-05,C2024Q1,T01,C2024Q1T01,9,V-SA,SA1,64,64,5154.0,0.0
2022-05,C2024Q1,T01,C2024Q1T01,9,V-SA,VIC1,73,73,6115.2,0.0
2022-05,C2024Q1,T01,C2024Q1T01,9,VIC1-NSW1,NSW1,108,108,4368.0,0.0
2022-05,C2024Q1,T01,C2024Q1T01,9,VIC1-NSW1,VIC1,125,125,12513.58,0.0
2022-05,C2021Q3,T12,C2021Q3T12,13,NSW1-QLD1,NSW1,105,55,2125.0,0.0
2022-05,C2021Q3,T12,C2021Q3T12,13,NSW1-QLD1,QLD1,252,134,10346.29,0.0
2022-05,C2021Q3,T12,C2021Q3T12,13,V-SA,SA1,134,66,4404.0,0.0
2022-05,C2021Q3,T12,C2021Q3T12,13,V-SA,VIC1,248,100,3500.0,0.0
2022-05,C2021Q3,T12,C2021Q3T12,13,VIC1-NSW1,NSW1,316,112,1006.0,0.0
2022-05,C2021Q3,T12,C2021Q3T12,13,VIC1-NSW1,VIC1,200,152,11396.0,0.0
2022-05,C2021Q4,T11,C2021Q4T11,13,NSW1-QLD1,NSW1,148,45,2218.0,0.0
2022-05,C2021Q4,T11,C2021Q4T11,13,NSW1-QLD1,QLD1,292,103,9780.23,0.0
2022-05,C2021Q4,T11,C2021Q4T11,13,V-SA,SA1,123,64,4816.92,0.0
2022-05,C2021Q4,T11,C2021Q4T11,13,V-SA,VIC1,134,86,5996.06,0.0
2022-05,C2021Q4,T11,C2021Q4T11,13,VIC1-NSW1,NSW1,168,108,754.0,0.0
2022-05,C2021Q4,T11,C2021Q4T11,13,VIC1-NSW1,VIC1,227,145,11721.25,0.0
2022-05,C2022Q1,T10,C2022Q1T10,13,NSW1-QLD1,NSW1,55,45,5267.0,0.0
2022-05,C2022Q1,T10,C2022Q1T10,13,NSW1-QLD1,QLD1,234,101,16460.75,0.0
2022-05,C2022Q1,T10,C2022Q1T10,13,V-SA,SA1,114,64,5707.0,0.0
2022-05,C2022Q1,T10,C2022Q1T10,13,V-SA,VIC1,103,73,8775.0,0.0
2022-05,C2022Q1,T10,C2022Q1T10,13,VIC1-NSW1,NSW1,176,108,5028.0,0.0
2022-05,C2022Q1,T10,C2022Q1T10,13,VIC1-NSW1,VIC1,301,125,15434.0,0.0
2022-05,C2022Q2,T09,C2022Q2T09,13,NSW1-QLD1,NSW1,110,45,1814.0,0.0
2022-05,C2022Q2,T09,C2022Q2T09,13,NSW1-QLD1,QLD1,192,120,11340.0,0.0
2022-05,C2022Q2,T09,C2022Q2T09,13,V-SA,SA1,108,64,3456.67,0.0
2022-05,C2022Q2,T09,C2022Q2T09,13,V-SA,VIC1,177,91,4700.93,0.0
2022-05,C2022Q2,T09,C2022Q2T09,13,VIC1-NSW1,NSW1,308,108,750.39,0.0
2022-05,C2022Q2,T09,C2022Q2T09,13,VIC1-NSW1,VIC1,175,138,11258.58,0.0
2022-05,C2022Q3,T08,C2022Q3T08,13,NSW1-QLD1,NSW1,80,45,1626.04,0.0
2022-05,C2022Q3,T08,C2022Q3T08,13,NSW1-QLD1,QLD1,195,101,13635.0,0.0
2022-05,C2022Q3,T08,C2022Q3T08,13,V-SA,SA1,130,64,4404.0,0.0
2022-05,C2022Q3,T08,C2022Q3T08,13,V-SA,VIC1,147,83,4774.0,0.0
2022-05,C2022Q3,T08,C2022Q3T08,13,VIC1-NSW1,NSW1,271,108,675.39,0.0
2022-05,C2022Q3,T08,C2022Q3T08,13,VIC1-NSW1,VIC1,219,125,11253.52,0.0
2022-05,C2022Q4,T07,C2022Q4T07,13,NSW1-QLD1,NSW1,55,45,2818.17,0.0
2022-05,C2022Q4,T07,C2022Q4T07,13,NSW1-QLD1,QLD1,236,101,11340.54,0.0
2022-05,C2022Q4,T07,C2022Q4T07,13,V-SA,SA1,105,64,4558.0,0.0
2022-05,C2022Q4,T07,C2022Q4T07,13,V-SA,VIC1,145,78,5961.6,0.0
2022-05,C2022Q4,T07,C2022Q4T07,13,VIC1-NSW1,NSW1,181,108,750.39,0.0
2022-05,C2022Q4,T07,C2022Q4T07,13,VIC1-NSW1,VIC1,217,125,13870.0,0.0
2022-05,C2023Q1,T06,C2023Q1T06,13,NSW1-QLD1,NSW1,55,45,5111.08,0.0
2022-05,C2023Q1,T06,C2023Q1T06,13,NSW1-QLD1,QLD1,248,100,16688.0,0.0
2022-05,C2023Q1,T06,C2023Q1T06,13,V-SA,SA1,87,64,5404.0,0.0
2022-05,C2023Q1,T06,C2023Q1T06,13,V-SA,VIC1,87,73,8400.96,0.0
2022-05,C2024Q4,T02,C2024Q4T02,14,V-SA,SA1,64,64,5521.0,0.0
2022-05,C2024Q4,T02,C2024Q4T02,14,V-SA,VIC1,73,73,10284.0,0.0
2022-05,C2024Q4,T02,C2024Q4T02,14,VIC1-NSW1,NSW1,108,108,1457.0,0.0
2022-05,C2024Q4,T02,C2024Q4T02,14,VIC1-NSW1,VIC1,150,125,20800.25,0.0
2022-05,C2025Q1,T01,C2025Q1T01,14,NSW1-QLD1,NSW1,45,45,9506.0,0.0
2022-05,C2025Q1,T01,C2025Q1T01,14,NSW1-QLD1,QLD1,100,100,23392.8,0.0
2022-05,C2025Q1,T01,C2025Q1T01,14,V-SA,SA1,64,64,7210.0,0.0
2022-05,C2025Q1,T01,C2025Q1T01,14,V-SA,VIC1,73,73,16000.0,0.0
2022-05,C2025Q1,T01,C2025Q1T01,14,VIC1-NSW1,NSW1,108,108,4320.0,0.0
2022-05,C2025Q1,T01,C2025Q1T01,14,VIC1-NSW1,VIC1,125,125,20971.0,0.0
2022-05,C2023Q3,T01,C2023Q3T01,28,NSW1-QLD1,NSW1,45,45,257.0,0.0
2022-05,C2023Q3,T01,C2023Q3T01,28,NSW1-QLD1,QLD1,100,100,12150.0,0.0
2022-05,C2023Q3,T01,C2023Q3T01,28,V-SA,SA1,64,64,4000.0,0.0
2022-05,C2023Q3,T01,C2023Q3T01,28,V-SA,VIC1,73,73,1500.0,0.0
2022-05,C2023Q3,T01,C2023Q3T01,28,VIC1-NSW1,NSW1,108,108,750.75,0.0
2022-05,C2023Q3,T01,C2023Q3T01,28,VIC1-NSW1,VIC1,125,125,7040.0,0.0
2022-05,C2021Q1,T12,C2021Q1T12,18,NSW1-QLD1,NSW1,83,55,2104.0,0.0
2022-05,C2021Q1,T12,C2021Q1T12,18,NSW1-QLD1,QLD1,155,100,21956.0,0.0
2022-05,C2021Q1,T12,C2021Q1T12,18,V-SA,SA1,96,66,7500.0,0.0
2022-05,C2021Q1,T12,C2021Q1T12,18,V-SA,VIC1,137,77,5500.0,0.0
2022-05,C2021Q1,T12,C2021Q1T12,18,VIC1-NSW1,NSW1,222,112,6375.69,0.0
2022-05,C2021Q1,T12,C2021Q1T12,18,VIC1-NSW1,VIC1,170,125,9000.0,0.0
2022-05,C2021Q2,T11,C2021Q2T11,18,NSW1-QLD1,NSW1,45,45,253.0,0.0
2022-05,C2021Q2,T11,C2021Q2T11,18,NSW1-QLD1,QLD1,155,100,13100.0,0.0
2022-05,C2021Q2,T11,C2021Q2T11,18,V-SA,SA1,114,64,4790.09,0.0
2022-05,C2021Q2,T11,C2021Q2T11,18,V-SA,VIC1,133,73,1601.0,0.0
2022-05,C2021Q2,T11,C2021Q2T11,18,VIC1-NSW1,NSW1,224,108,1365.88,0.0
2022-05,C2021Q2,T11,C2021Q2T11,18,VIC1-NSW1,VIC1,195,125,5354.0,0.0
2022-05,C2021Q3,T10,C2021Q3T10,18,NSW1-QLD1,NSW1,45,45,254.0,0.0
2022-05,C2021Q3,T10,C2021Q3T10,18,NSW1-QLD1,QLD1,155,100,12302.5,0.0
2022-05,C2021Q3,T10,C2021Q3T10,18,V-SA,SA1,114,64,5250.0,0.0
2022-05,C2021Q3,T10,C2021Q3T10,18,V-SA,VIC1,174,73,1601.0,0.0
2022-05,C2021Q3,T10,C2021Q3T10,18,VIC1-NSW1,NSW1,257,108,1389.0,0.0
2022-05,C2021Q3,T10,C2021Q3T10,18,VIC1-NSW1,VIC1,179,125,5625.0,0.0
2022-05,C2021Q4,T09,C2021Q4T09,18,NSW1-QLD1,NSW1,120,51,804.0,0.0
2022-05,C2021Q4,T09,C2021Q4T09,18,NSW1-QLD1,QLD1,155,100,12250.0,0.0
2022-05,C2021Q4,T09,C2021Q4T09,18,V-SA,SA1,114,64,5318.0,0.0
2022-05,C2021Q4,T09,C2021Q4T09,18,V-SA,VIC1,167,73,2127.76,0.0
2022-05,C2021Q4,T09,C2021Q4T09,18,VIC1-NSW1,NSW1,158,108,1323.52,0.0
2022-05,C2021Q4,T09,C2021Q4T09,18,VIC1-NSW1,VIC1,170,125,7501.0,0.0
2022-05,C2022Q1,T08,C2022Q1T08,18,NSW1-QLD1,NSW1,66,45,2585.0,0.0
2022-05,C2022Q1,T08,C2022Q1T08,18,NSW1-QLD1,QLD1,173,100,17800.96,0.0
2022-05,C2022Q1,T08,C2022Q1T08,18,V-SA,SA1,94,64,5878.01,0.0
2022-05,C2022Q1,T08,C2022Q1T08,18,V-SA,VIC1,93,73,6004.0,0.0
2022-05,C2022Q1,T08,C2022Q1T08,18,VIC1-NSW1,NSW1,203,108,6600.0,0.0
2022-05,C2022Q1,T08,C2022Q1T08,18,VIC1-NSW1,VIC1,170,125,11224.0,0.0
2022-05,C2022Q2,T07,C2022Q2T07,18,NSW1-QLD1,NSW1,45,45,401.0,0.0
2022-05,C2022Q2,T07,C2022Q2T07,18,NSW1-QLD1,QLD1,155,100,11067.5,0.0
2022-05,C2022Q2,T07,C2022Q2T07,18,V-SA,SA1,128,78,4000.0,0.0
2022-05,C2022Q2,T07,C2022Q2T07,18,V-SA,VIC1,93,73,1668.35,0.0
2022-05,C2022Q2,T07,C2022Q2T07,18,VIC1-NSW1,NSW1,183,108,740.88,0.0
2022-05,C2022Q2,T07,C2022Q2T07,18,VIC1-NSW1,VIC1,175,125,7772.16,0.0
2022-05,C2022Q3,T06,C2022Q3T06,18,NSW1-QLD1,NSW1,45,45,501.0,0.0
2022-05,C2022Q3,T06,C2022Q3T06,18,NSW1-QLD1,QLD1,130,100,11901.12,0.0
2022-05,C2022Q3,T06,C2022Q3T06,18,V-SA,SA1,94,64,5204.0,0.0
2022-05,C2022Q3,T06,C2022Q3T06,18,V-SA,VIC1,93,73,1750.0,0.0
2022-05,C2022Q3,T06,C2022Q3T06,18,VIC1-NSW1,NSW1,183,108,875.0,0.0
2022-05,C2022Q3,T06,C2022Q3T06,18,VIC1-NSW1,VIC1,150,125,8501.0,0.0
2022-05,C2022Q4,T05,C2022Q4T05,18,NSW1-QLD1,NSW1,55,45,1503.03,0.0
2022-05,C2022Q4,T05,C2022Q4T05,18,NSW1-QLD1,QLD1,130,100,11956.92,0.0
2022-05,C2022Q4,T05,C2022Q4T05,18,V-SA,SA1,90,64,5039.85,0.0
2022-05,C2022Q4,T05,C2022Q4T05,18,V-SA,VIC1,93,73,2450.0,0.0
2022-05,C2022Q4,T05,C2022Q4T05,18,VIC1-NSW1,NSW1,158,108,1197.25,0.0
2022-05,C2022Q4,T05,C2022Q4T05,18,VIC1-NSW1,VIC1,168,125,8950.99,0.0
2022-05,C2023Q1,T04,C2023Q1T04,18,NSW1-QLD1,NSW1,57,45,3001.0,0.0
2022-05,C2023Q1,T04,C2023Q1T04,18,NSW1-QLD1,QLD1,100,100,15996.96,0.0
2022-05,C2023Q1,T04,C2023Q1T04,18,V-SA,SA1,74,64,5668.0,0.0
2022-05,C2023Q1,T04,C2023Q1T04,18,V-SA,VIC1,93,73,6004.0,0.0
2022-05,C2023Q1,T04,C2023Q1T04,18,VIC1-NSW1,NSW1,158,108,5625.0,0.0
2022-05,C2023Q1,T04,C2023Q1T04,18,VIC1-NSW1,VIC1,145,125,11375.99,0.0
2022-05,C2023Q2,T03,C2023Q2T03,18,NSW1-QLD1,NSW1,45,45,404.0,0.0
2022-05,C2023Q2,T03,C2023Q2T03,18,NSW1-QLD1,QLD1,100,100,12839.0,0.0
2022-05,C2023Q2,T03,C2023Q2T03,18,V-SA,SA1,91,81,3124.0,0.0
2022-05,C2023Q2,T03,C2023Q2T03,18,V-SA,VIC1,93,73,1454.0,0.0
2022-05,C2023Q2,T03,C2023Q2T03,18,VIC1-NSW1,NSW1,188,108,562.5,0.0
2022-05,C2023Q2,T03,C2023Q2T03,18,VIC1-NSW1,VIC1,150,125,7407.0,0.0
2022-05,C2023Q3,T02,C2023Q3T02,18,NSW1-QLD1,NSW1,45,45,401.0,0.0
2022-05,C2023Q3,T02,C2023Q3T02,18,NSW1-QLD1,QLD1,100,100,12984.0,0.0
2022-05,C2023Q3,T02,C2023Q3T02,18,V-SA,SA1,74,64,3920.0,0.0
2022-05,C2023Q3,T02,C2023Q3T02,18,V-SA,VIC1,93,73,1435.2,0.0
2022-05,C2023Q3,T02,C2023Q3T02,18,VIC1-NSW1,NSW1,138,108,660.66,0.0
2022-05,C2023Q3,T02,C2023Q3T02,18,VIC1-NSW1,VIC1,150,125,7744.0,0.0
2022-05,C2023Q4,T01,C2023Q4T01,18,NSW1-QLD1,NSW1,45,45,1301.0,0.0
2022-05,C2023Q4,T01,C2023Q4T01,18,NSW1-QLD1,QLD1,100,100,12400.96,0.0
2022-05,C2023Q4,T01,C2023Q4T01,18,V-SA,SA1,64,64,4000.0,0.0
2022-05,C2023Q4,T01,C2023Q4T01,18,V-SA,VIC1,73,73,1840.35,0.0
2022-05,C2023Q4,T01,C2023Q4T01,18,VIC1-NSW1,NSW1,108,108,1001.0,0.0
2022-05,C2023Q4,T01,C2023Q4T01,18,VIC1-NSW1,VIC1,125,125,7473.0,0.0
2022-05,C2021Q3,T12,C2021Q3T12,12,NSW1-QLD1,NSW1,105,55,2125.0,0.0
2022-05,C2021Q3,T12,C2021Q3T12,12,NSW1-QLD1,QLD1,252,134,10346.29,0.0
2022-05,C2021Q3,T12,C2021Q3T12,12,V-SA,SA1,134,66,4404.0,0.0
2022-05,C2021Q3,T12,C2021Q3T12,12,V-SA,VIC1,248,100,3500.0,0.0
2022-05,C2021Q3,T12,C2021Q3T12,12,VIC1-NSW1,NSW1,316,112,1006.0,0.0
2022-05,C2021Q3,T12,C2021Q3T12,12,VIC1-NSW1,VIC1,200,152,11396.0,0.0
2022-05,C2021Q4,T11,C2021Q4T11,12,NSW1-QLD1,NSW1,148,45,2218.0,0.0
2022-05,C2021Q4,T11,C2021Q4T11,12,NSW1-QLD1,QLD1,292,103,9780.23,0.0
2022-05,C2021Q4,T11,C2021Q4T11,12,V-SA,SA1,123,64,4816.92,0.0
2022-05,C2021Q4,T11,C2021Q4T11,12,V-SA,VIC1,134,86,5996.06,0.0
2022-05,C2021Q4,T11,C2021Q4T11,12,VIC1-NSW1,NSW1,168,108,754.0,0.0
2022-05,C2021Q4,T11,C2021Q4T11,12,VIC1-NSW1,VIC1,227,145,11721.25,0.0
2022-05,C2022Q1,T10,C2022Q1T10,12,NSW1-QLD1,NSW1,55,45,5267.0,0.0
2022-05,C2022Q1,T10,C2022Q1T10,12,NSW1-QLD1,QLD1,234,101,16460.75,0.0
2022-05,C2022Q1,T10,C2022Q1T10,12,V-SA,SA1,114,64,5707.0,0.0
2022-05,C2022Q1,T10,C2022Q1T10,12,V-SA,VIC1,103,73,8775.0,0.0
2022-05,C2022Q1,T10,C2022Q1T10,12,VIC1-NSW1,NSW1,176,108,5028.0,0.0
2022-05,C2022Q1,T10,C2022Q1T10,12,VIC1-NSW1,VIC1,301,125,15434.0,0.0
2022-05,C2022Q2,T09,C2022Q2T09,12,NSW1-QLD1,NSW1,110,45,1814.0,0.0
2022-05,C2022Q2,T09,C2022Q2T09,12,NSW1-QLD1,QLD1,192,120,11340.0,0.0
2022-05,C2022Q2,T09,C2022Q2T09,12,V-SA,SA1,108,64,3456.67,0.0
2022-05,C2022Q2,T09,C2022Q2T09,12,V-SA,VIC1,177,91,4700.93,0.0
2022-05,C2022Q2,T09,C2022Q2T09,12,VIC1-NSW1,NSW1,308,108,750.39,0.0
2022-05,C2022Q2,T09,C2022Q2T09,12,VIC1-NSW1,VIC1,175,138,11258.58,0.0
2022-05,C2022Q3,T08,C2022Q3T08,12,NSW1-QLD1,NSW1,80,45,1626.04,0.0
2022-05,C2022Q3,T08,C2022Q3T08,12,NSW1-QLD1,QLD1,195,101,13635.0,0.0
2022-05,C2022Q3,T08,C2022Q3T08,12,V-SA,SA1,130,64,4404.0,0.0
2022-05,C2022Q3,T08,C2022Q3T08,12,V-SA,VIC1,147,83,4774.0,0.0
2022-05,C2022Q3,T08,C2022Q3T08,12,VIC1-NSW1,NSW1,271,108,675.39,0.0
2022-05,C2022Q3,T08,C2022Q3T08,12,VIC1-NSW1,VIC1,219,125,11253.52,0.0
2022-05,C2022Q4,T07,C2022Q4T07,12,NSW1-QLD1,NSW1,55,45,2818.17,0.0
2022-05,C2022Q4,T07,C2022Q4T07,12,NSW1-QLD1,QLD1,236,101,11340.54,0.0
2022-05,C2022Q4,T07,C2022Q4T07,12,V-SA,SA1,105,64,4558.0,0.0
2022-05,C2022Q4,T07,C2022Q4T07,12,V-SA,VIC1,145,78,5961.6,0.0
2022-05,C2022Q4,T07,C2022Q4T07,12,VIC1-NSW1,NSW1,181,108,750.39,0.0
2022-05,C2022Q4,T07,C2022Q4T07,12,VIC1-NSW1,VIC1,217,125,13870.0,0.0
2022-05,C2023Q1,T06,C2023Q1T06,12,NSW1-QLD1,NSW1,55,45,5111.08,0.0
2022-05,C2023Q1,T06,C2023Q1T06,12,NSW1-QLD1,QLD1,248,100,16688.0,0.0
2022-05,C2023Q1,T06,C2023Q1T06,12,V-SA,SA1,87,64,5404.0,0.0
2022-05,C2023Q1,T06,C2023Q1T06,12,V-SA,VIC1,87,73,8400.96,0.0
2022-05,C2023Q1,T06,C2023Q1T06,12,VIC1-NSW1,NSW1,113,108,4752.0,0.0
2022-05,C2023Q1,T06,C2023Q1T06,12,VIC1-NSW1,VIC1,160,125,15641.97,0.0
2022-05,C2023Q2,T05,C2023Q2T05,12,NSW1-QLD1,NSW1,52,45,1205.0,0.0
2022-05,C2023Q2,T05,C2023Q2T05,12,NSW1-QLD1,QLD1,165,100,14906.89,0.0
2022-05,C2023Q2,T05,C2023Q2T05,12,V-SA,SA1,118,64,3225.85,0.0
2022-05,C2023Q2,T05,C2023Q2T05,12,V-SA,VIC1,117,79,3675.94,0.0
2022-05,C2023Q2,T05,C2023Q2T05,12,VIC1-NSW1,NSW1,281,108,652.0,0.0
2022-05,C2023Q2,T05,C2023Q2T05,12,VIC1-NSW1,VIC1,201,125,11878.0,0.0
2022-05,C2023Q3,T04,C2023Q3T04,12,NSW1-QLD1,NSW1,52,45,1226.0,0.0
2022-05,C2023Q3,T04,C2023Q3T04,12,NSW1-QLD1,QLD1,136,111,15300.29,0.0
2022-05,C2023Q3,T04,C2023Q3T04,12,V-SA,SA1,104,64,4014.0,0.0
2022-05,C2023Q3,T04,C2023Q3T04,12,V-SA,VIC1,83,73,4050.0,0.0
2022-05,C2023Q1,T06,C2023Q1T06,13,VIC1-NSW1,NSW1,113,108,4752.0,0.0
2022-05,C2023Q1,T06,C2023Q1T06,13,VIC1-NSW1,VIC1,160,125,15641.97,0.0
2022-05,C2023Q2,T05,C2023Q2T05,13,NSW1-QLD1,NSW1,52,45,1205.0,0.0
2022-05,C2023Q2,T05,C2023Q2T05,13,NSW1-QLD1,QLD1,165,100,14906.89,0.0
2022-05,C2023Q2,T05,C2023Q2T05,13,V-SA,SA1,118,64,3225.85,0.0
2022-05,C2023Q2,T05,C2023Q2T05,13,V-SA,VIC1,117,79,3675.94,0.0
2022-05,C2023Q2,T05,C2023Q2T05,13,VIC1-NSW1,NSW1,281,108,652.0,0.0
2022-05,C2023Q2,T05,C2023Q2T05,13,VIC1-NSW1,VIC1,201,125,11878.0,0.0
2022-05,C2023Q3,T04,C2023Q3T04,13,NSW1-QLD1,NSW1,52,45,1226.0,0.0
2022-05,C2023Q3,T04,C2023Q3T04,13,NSW1-QLD1,QLD1,136,111,15300.29,0.0
2022-05,C2023Q3,T04,C2023Q3T04,13,V-SA,SA1,104,64,4014.0,0.0
2022-05,C2023Q3,T04,C2023Q3T04,13,V-SA,VIC1,83,73,4050.0,0.0
2022-05,C2023Q3,T04,C2023Q3T04,13,VIC1-NSW1,NSW1,188,108,675.39,0.0
2022-05,C2023Q3,T04,C2023Q3T04,13,VIC1-NSW1,VIC1,205,125,11712.8,0.0
2022-05,C2023Q4,T03,C2023Q4T03,13,NSW1-QLD1,NSW1,45,45,2476.65,0.0
2022-05,C2023Q4,T03,C2023Q4T03,13,NSW1-QLD1,QLD1,120,100,14572.8,0.0
2022-05,C2023Q4,T03,C2023Q4T03,13,V-SA,SA1,84,64,4247.0,0.0
2022-05,C2023Q4,T03,C2023Q4T03,13,V-SA,VIC1,76,73,4200.97,0.0
2022-05,C2023Q4,T03,C2023Q4T03,13,VIC1-NSW1,NSW1,128,108,744.75,0.0
2022-05,C2023Q4,T03,C2023Q4T03,13,VIC1-NSW1,VIC1,166,125,12750.0,0.0
2022-05,C2024Q1,T02,C2024Q1T02,13,NSW1-QLD1,NSW1,45,45,4962.58,0.0
2022-05,C2024Q1,T02,C2024Q1T02,13,NSW1-QLD1,QLD1,113,100,18007.0,0.0
2022-05,C2024Q1,T02,C2024Q1T02,13,V-SA,SA1,64,64,4504.0,0.0
2022-05,C2024Q1,T02,C2024Q1T02,13,V-SA,VIC1,73,73,7213.0,0.0
2022-05,C2024Q1,T02,C2024Q1T02,13,VIC1-NSW1,NSW1,108,108,4200.39,0.0
2022-05,C2024Q1,T02,C2024Q1T02,13,VIC1-NSW1,VIC1,133,125,15642.0,0.0
2022-05,C2024Q2,T01,C2024Q2T01,13,NSW1-QLD1,NSW1,45,45,1455.0,0.0
2022-05,C2024Q2,T01,C2024Q2T01,13,NSW1-QLD1,QLD1,100,100,15267.0,0.0
2022-05,C2024Q2,T01,C2024Q2T01,13,V-SA,SA1,64,64,3300.85,0.0
2022-05,C2024Q2,T01,C2024Q2T01,13,V-SA,VIC1,73,73,4086.47,0.0
2022-05,C2024Q2,T01,C2024Q2T01,13,VIC1-NSW1,NSW1,108,108,600.0,0.0
2022-05,C2024Q2,T01,C2024Q2T01,13,VIC1-NSW1,VIC1,125,125,11445.72,0.0
2022-05,C2021Q4,T12,C2021Q4T12,12,NSW1-QLD1,NSW1,87,55,5000.0,0.0
2022-05,C2021Q4,T12,C2021Q4T12,12,NSW1-QLD1,QLD1,275,100,8675.0,0.0
2022-05,C2021Q4,T12,C2021Q4T12,12,V-SA,SA1,90,66,5204.0,0.0
2022-05,C2021Q4,T12,C2021Q4T12,12,V-SA,VIC1,120,77,7001.0,0.0
2022-05,C2021Q4,T12,C2021Q4T12,12,VIC1-NSW1,NSW1,192,112,1004.0,0.0
2022-05,C2021Q4,T12,C2021Q4T12,12,VIC1-NSW1,VIC1,281,125,15500.0,0.0
2022-05,C2022Q1,T11,C2022Q1T11,12,NSW1-QLD1,NSW1,48,45,6584.0,0.0
2022-05,C2022Q1,T11,C2022Q1T11,12,NSW1-QLD1,QLD1,224,103,14560.59,0.0
2022-05,C2022Q1,T11,C2022Q1T11,12,V-SA,SA1,97,65,6277.7,0.0
2022-05,C2022Q1,T11,C2022Q1T11,12,V-SA,VIC1,96,74,10296.0,0.0
2022-05,C2022Q1,T11,C2022Q1T11,12,VIC1-NSW1,NSW1,226,128,4860.0,0.0
2022-05,C2022Q1,T11,C2022Q1T11,12,VIC1-NSW1,VIC1,267,144,17380.87,0.0
2022-05,C2022Q2,T10,C2022Q2T10,12,NSW1-QLD1,NSW1,45,45,2750.0,0.0
2022-05,C2022Q2,T10,C2022Q2T10,12,NSW1-QLD1,QLD1,187,100,13750.0,0.0
2022-05,C2022Q2,T10,C2022Q2T10,12,V-SA,SA1,90,64,3841.0,0.0
2022-05,C2022Q2,T10,C2022Q2T10,12,V-SA,VIC1,167,82,5171.02,0.0
2022-05,C2022Q2,T10,C2022Q2T10,12,VIC1-NSW1,NSW1,306,108,1204.0,0.0
2022-05,C2022Q2,T10,C2022Q2T10,12,VIC1-NSW1,VIC1,161,125,13750.0,0.0
2022-05,C2022Q3,T09,C2022Q3T09,12,NSW1-QLD1,NSW1,45,45,2439.06,0.0
2022-05,C2022Q3,T09,C2022Q3T09,12,NSW1-QLD1,QLD1,192,100,15250.0,0.0
2022-05,C2022Q3,T09,C2022Q3T09,12,V-SA,SA1,112,64,4763.0,0.0
2022-05,C2022Q3,T09,C2022Q3T09,12,V-SA,VIC1,125,73,6000.0,0.0
2022-05,C2022Q3,T09,C2022Q3T09,12,VIC1-NSW1,NSW1,272,108,1204.0,0.0
2022-05,C2022Q3,T09,C2022Q3T09,12,VIC1-NSW1,VIC1,201,125,13616.76,0.0
2022-05,C2022Q4,T08,C2022Q4T08,12,NSW1-QLD1,NSW1,45,45,4007.9,0.0
2022-05,C2022Q4,T08,C2022Q4T08,12,NSW1-QLD1,QLD1,201,100,12474.59,0.0
2022-05,C2022Q4,T08,C2022Q4T08,12,V-SA,SA1,85,64,5036.0,0.0
2022-05,C2022Q4,T08,C2022Q4T08,12,V-SA,VIC1,147,73,6731.0,0.0
2022-05,C2022Q4,T08,C2022Q4T08,12,VIC1-NSW1,NSW1,174,108,1078.0,0.0
2022-05,C2022Q4,T08,C2022Q4T08,12,VIC1-NSW1,VIC1,258,125,16782.7,0.0
2022-05,C2023Q1,T07,C2023Q1T07,12,NSW1-QLD1,NSW1,45,45,6133.29,0.0
2022-05,C2023Q1,T07,C2023Q1T07,12,NSW1-QLD1,QLD1,242,110,18000.0,0.0
2022-05,C2023Q1,T07,C2023Q1T07,12,V-SA,SA1,81,64,6000.0,0.0
2022-05,C2023Q1,T07,C2023Q1T07,12,V-SA,VIC1,98,74,10165.16,0.0
2022-05,C2023Q1,T07,C2023Q1T07,12,VIC1-NSW1,NSW1,118,108,4989.6,0.0
2022-05,C2023Q1,T07,C2023Q1T07,12,VIC1-NSW1,VIC1,202,130,19250.87,0.0
2022-05,C2023Q2,T06,C2023Q2T06,12,NSW1-QLD1,NSW1,47,45,2000.0,0.0
2022-05,C2023Q2,T06,C2023Q2T06,12,NSW1-QLD1,QLD1,157,100,17909.89,0.0
2022-05,C2023Q2,T06,C2023Q2T06,12,V-SA,SA1,133,64,3548.44,0.0
2022-05,C2023Q2,T06,C2023Q2T06,12,V-SA,VIC1,106,73,5460.0,0.0
2022-05,C2023Q2,T06,C2023Q2T06,12,VIC1-NSW1,NSW1,301,108,1004.0,0.0
2022-05,C2023Q2,T06,C2023Q2T06,12,VIC1-NSW1,VIC1,192,125,15441.4,0.0
2022-05,C2023Q3,T05,C2023Q3T05,12,NSW1-QLD1,NSW1,51,45,2000.0,0.0
2022-05,C2023Q3,T05,C2023Q3T05,12,NSW1-QLD1,QLD1,126,100,19125.36,0.0
2022-05,C2023Q3,T05,C2023Q3T05,12,V-SA,SA1,114,64,4080.9,0.0
2022-05,C2023Q3,T05,C2023Q3T05,12,V-SA,VIC1,96,73,5931.0,0.0
2022-05,C2023Q3,T05,C2023Q3T05,12,VIC1-NSW1,NSW1,154,108,1104.0,0.0
2022-05,C2023Q3,T05,C2023Q3T05,12,VIC1-NSW1,VIC1,191,125,15226.64,0.0
2022-05,C2023Q4,T04,C2023Q4T04,12,NSW1-QLD1,NSW1,45,45,3343.47,0.0
2022-05,C2023Q4,T04,C2023Q4T04,12,NSW1-QLD1,QLD1,120,100,16440.0,0.0
2022-05,C2023Q4,T04,C2023Q4T04,12,V-SA,SA1,90,64,4452.0,0.0
2022-05,C2023Q4,T04,C2023Q4T04,12,V-SA,VIC1,87,73,7728.0,0.0
2022-05,C2023Q4,T04,C2023Q4T04,12,VIC1-NSW1,NSW1,138,108,1170.0,0.0
2022-05,C2023Q4,T04,C2023Q4T04,12,VIC1-NSW1,VIC1,186,125,16575.0,0.0
2022-05,C2024Q1,T03,C2024Q1T03,12,NSW1-QLD1,NSW1,45,45,5458.84,0.0
2022-05,C2024Q1,T03,C2024Q1T03,12,NSW1-QLD1,QLD1,113,100,19807.7,0.0
2022-05,C2024Q1,T03,C2024Q1T03,12,V-SA,SA1,68,64,4754.0,0.0
2022-05,C2024Q1,T03,C2024Q1T03,12,V-SA,VIC1,85,73,9761.0,0.0
2022-05,C2024Q1,T03,C2024Q1T03,12,VIC1-NSW1,NSW1,114,108,4620.43,0.0
2022-05,C2024Q1,T03,C2024Q1T03,12,VIC1-NSW1,VIC1,133,133,20334.59,0.0
2022-05,C2024Q2,T02,C2024Q2T02,12,NSW1-QLD1,NSW1,45,45,2000.0,0.0
2022-05,C2024Q2,T02,C2024Q2T02,12,NSW1-QLD1,QLD1,100,100,20407.93,0.0
2022-05,C2024Q2,T02,C2024Q2T02,12,V-SA,SA1,82,64,3186.17,0.0
2022-05,C2024Q2,T02,C2024Q2T02,12,V-SA,VIC1,73,73,5460.0,0.0
2022-05,C2024Q2,T02,C2024Q2T02,12,VIC1-NSW1,NSW1,164,108,1004.0,0.0
2022-05,C2024Q2,T02,C2024Q2T02,12,VIC1-NSW1,VIC1,126,125,14879.43,0.0
2022-05,C2024Q3,T01,C2024Q3T01,12,NSW1-QLD1,NSW1,45,45,2000.0,0.0
2022-05,C2024Q3,T01,C2024Q3T01,12,NSW1-QLD1,QLD1,100,100,19125.36,0.0
2022-05,C2024Q3,T01,C2024Q3T01,12,V-SA,SA1,64,64,3746.4,0.0
2022-05,C2024Q3,T01,C2024Q3T01,12,V-SA,VIC1,73,73,6000.0,0.0
2022-05,C2024Q3,T01,C2024Q3T01,12,VIC1-NSW1,NSW1,108,108,1046.85,0.0
2022-05,C2024Q3,T01,C2024Q3T01,12,VIC1-NSW1,VIC1,125,125,15226.64,0.0
2022-05,C2022Q1,T12,C2022Q1T12,11,NSW1-QLD1,NSW1,94,60,12123.0,0.0
2022-05,C2022Q1,T12,C2022Q1T12,11,NSW1-QLD1,QLD1,329,106,10987.65,0.0
2022-05,C2022Q1,T12,C2022Q1T12,11,V-SA,SA1,111,84,6593.0,0.0
2022-05,C2022Q1,T12,C2022Q1T12,11,V-SA,VIC1,112,77,12500.0,0.0
2022-05,C2022Q1,T12,C2022Q1T12,11,VIC1-NSW1,NSW1,186,137,4320.0,0.0
2022-05,C2022Q1,T12,C2022Q1T12,11,VIC1-NSW1,VIC1,349,125,19422.49,0.0
2022-05,C2022Q2,T11,C2022Q2T11,11,NSW1-QLD1,NSW1,83,55,3906.0,0.0
2022-05,C2022Q2,T11,C2022Q2T11,11,NSW1-QLD1,QLD1,251,100,9350.0,0.0
2022-05,C2022Q2,T11,C2022Q2T11,11,V-SA,SA1,114,66,5192.0,0.0
2022-05,C2022Q2,T11,C2022Q2T11,11,V-SA,VIC1,133,73,7050.0,0.0
2022-05,C2022Q2,T11,C2022Q2T11,11,VIC1-NSW1,NSW1,317,151,1240.0,0.0
2022-05,C2022Q2,T11,C2022Q2T11,11,VIC1-NSW1,VIC1,223,145,15000.0,0.0
2022-05,C2022Q3,T10,C2022Q3T10,11,NSW1-QLD1,NSW1,83,55,2993.94,0.0
2022-05,C2022Q3,T10,C2022Q3T10,11,NSW1-QLD1,QLD1,278,114,12750.0,0.0
2022-05,C2022Q3,T10,C2022Q3T10,11,V-SA,SA1,136,79,5655.55,0.0
2022-05,C2022Q3,T10,C2022Q3T10,11,V-SA,VIC1,133,73,7533.33,0.0
2022-05,C2022Q3,T10,C2022Q3T10,11,VIC1-NSW1,NSW1,265,126,1385.2,0.0
2022-05,C2022Q3,T10,C2022Q3T10,11,VIC1-NSW1,VIC1,263,131,13000.0,0.0
2022-05,C2022Q4,T09,C2022Q4T09,11,NSW1-QLD1,NSW1,73,45,6000.0,0.0
2022-05,C2022Q4,T09,C2022Q4T09,11,NSW1-QLD1,QLD1,285,100,9445.0,0.0
2022-05,C2022Q4,T09,C2022Q4T09,11,V-SA,SA1,108,64,6132.43,0.0
2022-05,C2022Q4,T09,C2022Q4T09,11,V-SA,VIC1,153,73,7940.85,0.0
2022-05,C2022Q4,T09,C2022Q4T09,11,VIC1-NSW1,NSW1,174,108,1200.0,0.0
2022-05,C2022Q4,T09,C2022Q4T09,11,VIC1-NSW1,VIC1,261,128,19024.49,0.0
2022-05,C2023Q1,T08,C2023Q1T08,11,NSW1-QLD1,NSW1,73,45,7800.94,0.0
2022-05,C2023Q3,T04,C2023Q3T04,12,VIC1-NSW1,NSW1,188,108,675.39,0.0
2022-05,C2023Q3,T04,C2023Q3T04,12,VIC1-NSW1,VIC1,205,125,11712.8,0.0
2022-05,C2023Q4,T03,C2023Q4T03,12,NSW1-QLD1,NSW1,45,45,2476.65,0.0
2022-05,C2023Q4,T03,C2023Q4T03,12,NSW1-QLD1,QLD1,120,100,14572.8,0.0
2022-05,C2023Q4,T03,C2023Q4T03,12,V-SA,SA1,84,64,4247.0,0.0
2022-05,C2023Q4,T03,C2023Q4T03,12,V-SA,VIC1,76,73,4200.97,0.0
2022-05,C2023Q4,T03,C2023Q4T03,12,VIC1-NSW1,NSW1,128,108,744.75,0.0
2022-05,C2023Q4,T03,C2023Q4T03,12,VIC1-NSW1,VIC1,166,125,12750.0,0.0
2022-05,C2024Q1,T02,C2024Q1T02,12,NSW1-QLD1,NSW1,45,45,4962.58,0.0
2022-05,C2024Q1,T02,C2024Q1T02,12,NSW1-QLD1,QLD1,113,100,18007.0,0.0
2022-05,C2024Q1,T02,C2024Q1T02,12,V-SA,SA1,64,64,4504.0,0.0
2022-05,C2024Q1,T02,C2024Q1T02,12,V-SA,VIC1,73,73,7213.0,0.0
2022-05,C2024Q1,T02,C2024Q1T02,12,VIC1-NSW1,NSW1,108,108,4200.39,0.0
2022-05,C2024Q1,T02,C2024Q1T02,12,VIC1-NSW1,VIC1,133,125,15642.0,0.0
2022-05,C2024Q2,T01,C2024Q2T01,12,NSW1-QLD1,NSW1,45,45,1455.0,0.0
2022-05,C2024Q2,T01,C2024Q2T01,12,NSW1-QLD1,QLD1,100,100,15267.0,0.0
2022-05,C2024Q2,T01,C2024Q2T01,12,V-SA,SA1,64,64,3300.85,0.0
2022-05,C2024Q2,T01,C2024Q2T01,12,V-SA,VIC1,73,73,4086.47,0.0
2022-05,C2024Q2,T01,C2024Q2T01,12,VIC1-NSW1,NSW1,108,108,600.0,0.0
2022-05,C2024Q2,T01,C2024Q2T01,12,VIC1-NSW1,VIC1,125,125,11445.72,0.0
2022-05,C2021Q4,T12,C2021Q4T12,11,NSW1-QLD1,NSW1,87,55,5000.0,0.0
2022-05,C2021Q4,T12,C2021Q4T12,11,NSW1-QLD1,QLD1,275,100,8675.0,0.0
2022-05,C2021Q4,T12,C2021Q4T12,11,V-SA,SA1,90,66,5204.0,0.0
2022-05,C2021Q4,T12,C2021Q4T12,11,V-SA,VIC1,120,77,7001.0,0.0
2022-05,C2021Q4,T12,C2021Q4T12,11,VIC1-NSW1,NSW1,192,112,1004.0,0.0
2022-05,C2021Q4,T12,C2021Q4T12,11,VIC1-NSW1,VIC1,281,125,15500.0,0.0
2022-05,C2022Q1,T11,C2022Q1T11,11,NSW1-QLD1,NSW1,48,45,6584.0,0.0
2022-05,C2022Q1,T11,C2022Q1T11,11,NSW1-QLD1,QLD1,224,103,14560.59,0.0
2022-05,C2022Q1,T11,C2022Q1T11,11,V-SA,SA1,97,65,6277.7,0.0
2022-05,C2022Q1,T11,C2022Q1T11,11,V-SA,VIC1,96,74,10296.0,0.0
2022-05,C2022Q1,T11,C2022Q1T11,11,VIC1-NSW1,NSW1,226,128,4860.0,0.0
2022-05,C2022Q1,T11,C2022Q1T11,11,VIC1-NSW1,VIC1,267,144,17380.87,0.0
2022-05,C2022Q2,T10,C2022Q2T10,11,NSW1-QLD1,NSW1,45,45,2750.0,0.0
2022-05,C2022Q2,T10,C2022Q2T10,11,NSW1-QLD1,QLD1,187,100,13750.0,0.0
2022-05,C2022Q2,T10,C2022Q2T10,11,V-SA,SA1,90,64,3841.0,0.0
2022-05,C2022Q2,T10,C2022Q2T10,11,V-SA,VIC1,167,82,5171.02,0.0
2022-05,C2022Q2,T10,C2022Q2T10,11,VIC1-NSW1,NSW1,306,108,1204.0,0.0
2022-05,C2022Q2,T10,C2022Q2T10,11,VIC1-NSW1,VIC1,161,125,13750.0,0.0
2022-05,C2022Q3,T09,C2022Q3T09,11,NSW1-QLD1,NSW1,45,45,2439.06,0.0
2022-05,C2022Q3,T09,C2022Q3T09,11,NSW1-QLD1,QLD1,192,100,15250.0,0.0
2022-05,C2022Q3,T09,C2022Q3T09,11,V-SA,SA1,112,64,4763.0,0.0
2022-05,C2022Q3,T09,C2022Q3T09,11,V-SA,VIC1,125,73,6000.0,0.0
2022-05,C2022Q3,T09,C2022Q3T09,11,VIC1-NSW1,NSW1,272,108,1204.0,0.0
2022-05,C2022Q3,T09,C2022Q3T09,11,VIC1-NSW1,VIC1,201,125,13616.76,0.0
2022-05,C2022Q4,T08,C2022Q4T08,11,NSW1-QLD1,NSW1,45,45,4007.9,0.0
2022-05,C2022Q4,T08,C2022Q4T08,11,NSW1-QLD1,QLD1,201,100,12474.59,0.0
2022-05,C2022Q4,T08,C2022Q4T08,11,V-SA,SA1,85,64,5036.0,0.0
2022-05,C2022Q4,T08,C2022Q4T08,11,V-SA,VIC1,147,73,6731.0,0.0
2022-05,C2022Q4,T08,C2022Q4T08,11,VIC1-NSW1,NSW1,174,108,1078.0,0.0
2022-05,C2022Q4,T08,C2022Q4T08,11,VIC1-NSW1,VIC1,258,125,16782.7,0.0
2022-05,C2023Q1,T07,C2023Q1T07,11,NSW1-QLD1,NSW1,45,45,6133.29,0.0
2022-05,C2023Q1,T07,C2023Q1T07,11,NSW1-QLD1,QLD1,242,110,18000.0,0.0
2022-05,C2023Q1,T07,C2023Q1T07,11,V-SA,SA1,81,64,6000.0,0.0
2022-05,C2023Q1,T07,C2023Q1T07,11,V-SA,VIC1,98,74,10165.16,0.0
2022-05,C2023Q1,T07,C2023Q1T07,11,VIC1-NSW1,NSW1,118,108,4989.6,0.0
2022-05,C2023Q1,T07,C2023Q1T07,11,VIC1-NSW1,VIC1,202,130,19250.87,0.0
2022-05,C2023Q2,T06,C2023Q2T06,11,NSW1-QLD1,NSW1,47,45,2000.0,0.0
2022-05,C2023Q2,T06,C2023Q2T06,11,NSW1-QLD1,QLD1,157,100,17909.89,0.0
2022-05,C2023Q2,T06,C2023Q2T06,11,V-SA,SA1,133,64,3548.44,0.0
2022-05,C2023Q2,T06,C2023Q2T06,11,V-SA,VIC1,106,73,5460.0,0.0
2022-05,C2023Q2,T06,C2023Q2T06,11,VIC1-NSW1,NSW1,301,108,1004.0,0.0
2022-05,C2023Q2,T06,C2023Q2T06,11,VIC1-NSW1,VIC1,192,125,15441.4,0.0
2022-05,C2023Q3,T05,C2023Q3T05,11,NSW1-QLD1,NSW1,51,45,2000.0,0.0
2022-05,C2023Q3,T05,C2023Q3T05,11,NSW1-QLD1,QLD1,126,100,19125.36,0.0
2022-05,C2023Q3,T05,C2023Q3T05,11,V-SA,SA1,114,64,4080.9,0.0
2022-05,C2023Q3,T05,C2023Q3T05,11,V-SA,VIC1,96,73,5931.0,0.0
2022-05,C2023Q3,T05,C2023Q3T05,11,VIC1-NSW1,NSW1,154,108,1104.0,0.0
2022-05,C2023Q3,T05,C2023Q3T05,11,VIC1-NSW1,VIC1,191,125,15226.64,0.0
2022-05,C2023Q4,T04,C2023Q4T04,11,NSW1-QLD1,NSW1,45,45,3343.47,0.0
2022-05,C2023Q4,T04,C2023Q4T04,11,NSW1-QLD1,QLD1,120,100,16440.0,0.0
2022-05,C2023Q4,T04,C2023Q4T04,11,V-SA,SA1,90,64,4452.0,0.0
2022-05,C2023Q4,T04,C2023Q4T04,11,V-SA,VIC1,87,73,7728.0,0.0
2022-05,C2023Q4,T04,C2023Q4T04,11,VIC1-NSW1,NSW1,138,108,1170.0,0.0
2022-05,C2023Q4,T04,C2023Q4T04,11,VIC1-NSW1,VIC1,186,125,16575.0,0.0
2022-05,C2024Q1,T03,C2024Q1T03,11,NSW1-QLD1,NSW1,45,45,5458.84,0.0
2022-05,C2024Q1,T03,C2024Q1T03,11,NSW1-QLD1,QLD1,113,100,19807.7,0.0
2022-05,C2024Q1,T03,C2024Q1T03,11,V-SA,SA1,68,64,4754.0,0.0
2022-05,C2024Q1,T03,C2024Q1T03,11,V-SA,VIC1,85,73,9761.0,0.0
2022-05,C2024Q1,T03,C2024Q1T03,11,VIC1-NSW1,NSW1,114,108,4620.43,0.0
2022-05,C2024Q1,T03,C2024Q1T03,11,VIC1-NSW1,VIC1,133,133,20334.59,0.0
2022-05,C2024Q2,T02,C2024Q2T02,11,NSW1-QLD1,NSW1,45,45,2000.0,0.0
2022-05,C2024Q2,T02,C2024Q2T02,11,NSW1-QLD1,QLD1,100,100,20407.93,0.0
2022-05,C2024Q2,T02,C2024Q2T02,11,V-SA,SA1,82,64,3186.17,0.0
2022-05,C2024Q2,T02,C2024Q2T02,11,V-SA,VIC1,73,73,5460.0,0.0
2022-05,C2024Q2,T02,C2024Q2T02,11,VIC1-NSW1,NSW1,164,108,1004.0,0.0
2022-05,C2024Q2,T02,C2024Q2T02,11,VIC1-NSW1,VIC1,126,125,14879.43,0.0
2022-05,C2024Q3,T01,C2024Q3T01,11,NSW1-QLD1,NSW1,45,45,2000.0,0.0
2022-05,C2024Q3,T01,C2024Q3T01,11,NSW1-QLD1,QLD1,100,100,19125.36,0.0
2022-05,C2024Q3,T01,C2024Q3T01,11,V-SA,SA1,64,64,3746.4,0.0
2022-05,C2024Q3,T01,C2024Q3T01,11,V-SA,VIC1,73,73,6000.0,0.0
2022-05,C2024Q3,T01,C2024Q3T01,11,VIC1-NSW1,NSW1,108,108,1046.85,0.0
2022-05,C2024Q3,T01,C2024Q3T01,11,VIC1-NSW1,VIC1,125,125,15226.64,0.0
2022-05,C2022Q1,T12,C2022Q1T12,10,NSW1-QLD1,NSW1,94,60,12123.0,0.0
2022-05,C2022Q1,T12,C2022Q1T12,10,NSW1-QLD1,QLD1,329,106,10987.65,0.0
2022-05,C2022Q1,T12,C2022Q1T12,10,V-SA,SA1,111,84,6593.0,0.0
2022-05,C2022Q1,T12,C2022Q1T12,10,V-SA,VIC1,112,77,12500.0,0.0
2022-05,C2022Q1,T12,C2022Q1T12,10,VIC1-NSW1,NSW1,186,137,4320.0,0.0
2022-05,C2022Q1,T12,C2022Q1T12,10,VIC1-NSW1,VIC1,349,125,19422.49,0.0
2022-05,C2022Q2,T11,C2022Q2T11,10,NSW1-QLD1,NSW1,83,55,3906.0,0.0
2022-05,C2022Q2,T11,C2022Q2T11,10,NSW1-QLD1,QLD1,251,100,9350.0,0.0
2022-05,C2022Q2,T11,C2022Q2T11,10,V-SA,SA1,114,66,5192.0,0.0
2022-05,C2022Q2,T11,C2022Q2T11,10,V-SA,VIC1,133,73,7050.0,0.0
2022-05,C2022Q2,T11,C2022Q2T11,10,VIC1-NSW1,NSW1,317,151,1240.0,0.0
2022-05,C2022Q2,T11,C2022Q2T11,10,VIC1-NSW1,VIC1,223,145,15000.0,0.0
2022-05,C2022Q3,T10,C2022Q3T10,10,NSW1-QLD1,NSW1,83,55,2993.94,0.0
2022-05,C2022Q3,T10,C2022Q3T10,10,NSW1-QLD1,QLD1,278,114,12750.0,0.0
2022-05,C2022Q3,T10,C2022Q3T10,10,V-SA,SA1,136,79,5655.55,0.0
2022-05,C2022Q3,T10,C2022Q3T10,10,V-SA,VIC1,133,73,7533.33,0.0
2022-05,C2022Q3,T10,C2022Q3T10,10,VIC1-NSW1,NSW1,265,126,1385.2,0.0
2022-05,C2022Q3,T10,C2022Q3T10,10,VIC1-NSW1,VIC1,263,131,13000.0,0.0
2022-05,C2022Q4,T09,C2022Q4T09,10,NSW1-QLD1,NSW1,73,45,6000.0,0.0
2022-05,C2022Q4,T09,C2022Q4T09,10,NSW1-QLD1,QLD1,285,100,9445.0,0.0
2022-05,C2022Q4,T09,C2022Q4T09,10,V-SA,SA1,108,64,6132.43,0.0
2022-05,C2022Q4,T09,C2022Q4T09,10,V-SA,VIC1,153,73,7940.85,0.0
2022-05,C2022Q4,T09,C2022Q4T09,10,VIC1-NSW1,NSW1,174,108,1200.0,0.0
2022-05,C2022Q4,T09,C2022Q4T09,10,VIC1-NSW1,VIC1,261,128,19024.49,0.0
2022-05,C2023Q1,T08,C2023Q1T08,10,NSW1-QLD1,NSW1,73,45,7800.94,0.0
2022-05,C2023Q1,T08,C2023Q1T08,10,NSW1-QLD1,QLD1,271,105,15164.59,0.0
2022-05,C2023Q1,T08,C2023Q1T08,10,V-SA,SA1,87,77,6603.0,0.0
2022-05,C2023Q1,T08,C2023Q1T08,10,V-SA,VIC1,104,73,13365.0,0.0
2022-05,C2023Q1,T08,C2023Q1T08,10,VIC1-NSW1,NSW1,153,110,4551.0,0.0
2022-05,C2023Q1,T08,C2023Q1T08,10,VIC1-NSW1,VIC1,165,125,21175.95,0.0
2022-05,C2023Q2,T07,C2023Q2T07,10,NSW1-QLD1,NSW1,71,45,2410.0,0.0
2022-05,C2023Q2,T07,C2023Q2T07,10,NSW1-QLD1,QLD1,220,100,17015.0,0.0
2022-05,C2023Q2,T07,C2023Q2T07,10,V-SA,SA1,129,86,4403.0,0.0
2022-05,C2023Q2,T07,C2023Q2T07,10,V-SA,VIC1,113,73,6606.6,0.0
2022-05,C2023Q2,T07,C2023Q2T07,10,VIC1-NSW1,NSW1,188,108,1104.4,0.0
2022-05,C2023Q2,T07,C2023Q2T07,10,VIC1-NSW1,VIC1,223,125,15820.49,0.0
2022-05,C2023Q3,T06,C2023Q3T06,10,NSW1-QLD1,NSW1,75,45,2400.0,0.0
2022-05,C2023Q1,T08,C2023Q1T08,11,NSW1-QLD1,QLD1,271,105,15164.59,0.0
2022-05,C2023Q1,T08,C2023Q1T08,11,V-SA,SA1,87,77,6603.0,0.0
2022-05,C2023Q1,T08,C2023Q1T08,11,V-SA,VIC1,104,73,13365.0,0.0
2022-05,C2023Q1,T08,C2023Q1T08,11,VIC1-NSW1,NSW1,153,110,4551.0,0.0
2022-05,C2023Q1,T08,C2023Q1T08,11,VIC1-NSW1,VIC1,165,125,21175.95,0.0
2022-05,C2023Q2,T07,C2023Q2T07,11,NSW1-QLD1,NSW1,71,45,2410.0,0.0
2022-05,C2023Q2,T07,C2023Q2T07,11,NSW1-QLD1,QLD1,220,100,17015.0,0.0
2022-05,C2023Q2,T07,C2023Q2T07,11,V-SA,SA1,129,86,4403.0,0.0
2022-05,C2023Q2,T07,C2023Q2T07,11,V-SA,VIC1,113,73,6606.6,0.0
2022-05,C2023Q2,T07,C2023Q2T07,11,VIC1-NSW1,NSW1,188,108,1104.4,0.0
2022-05,C2023Q2,T07,C2023Q2T07,11,VIC1-NSW1,VIC1,223,125,15820.49,0.0
2022-05,C2023Q3,T06,C2023Q3T06,11,NSW1-QLD1,NSW1,75,45,2400.0,0.0
2022-05,C2023Q3,T06,C2023Q3T06,11,NSW1-QLD1,QLD1,170,100,18260.0,0.0
2022-05,C2023Q3,T06,C2023Q3T06,11,V-SA,SA1,118,72,5000.0,0.0
2022-05,C2023Q3,T06,C2023Q3T06,11,V-SA,VIC1,103,73,7500.0,0.0
2022-05,C2023Q3,T06,C2023Q3T06,11,VIC1-NSW1,NSW1,175,108,1106.0,0.0
2022-05,C2023Q3,T06,C2023Q3T06,11,VIC1-NSW1,VIC1,203,125,15590.49,0.0
2022-05,C2023Q4,T05,C2023Q4T05,11,NSW1-QLD1,NSW1,65,45,5349.55,0.0
2022-05,C2023Q4,T05,C2023Q4T05,11,NSW1-QLD1,QLD1,194,100,12500.0,0.0
2022-05,C2023Q4,T05,C2023Q4T05,11,V-SA,SA1,111,64,5500.0,0.0
2022-05,C2023Q4,T05,C2023Q4T05,11,V-SA,VIC1,88,73,8500.79,0.0
2022-05,C2023Q4,T05,C2023Q4T05,11,VIC1-NSW1,NSW1,158,108,1277.0,0.0
2022-05,C2023Q4,T05,C2023Q4T05,11,VIC1-NSW1,VIC1,195,125,18232.5,0.0
2022-05,C2024Q1,T04,C2024Q1T04,11,NSW1-QLD1,NSW1,45,45,7162.96,0.0
2022-05,C2024Q1,T04,C2024Q1T04,11,NSW1-QLD1,QLD1,134,101,20748.0,0.0
2022-05,C2024Q1,T04,C2024Q1T04,11,V-SA,SA1,64,64,6893.3,0.0
2022-05,C2024Q1,T04,C2024Q1T04,11,V-SA,VIC1,90,73,15000.0,0.0
2022-05,C2024Q1,T04,C2024Q1T04,11,VIC1-NSW1,NSW1,124,115,4370.2,0.0
2022-05,C2024Q1,T04,C2024Q1T04,11,VIC1-NSW1,VIC1,145,125,22368.05,0.0
2022-05,C2024Q2,T03,C2024Q2T03,11,NSW1-QLD1,NSW1,45,45,2579.0,0.0
2022-05,C2024Q2,T03,C2024Q2T03,11,NSW1-QLD1,QLD1,100,100,20748.0,0.0
2022-05,C2024Q2,T03,C2024Q2T03,11,V-SA,SA1,79,70,4462.18,0.0
2022-05,C2024Q2,T03,C2024Q2T03,11,V-SA,VIC1,73,73,7500.0,0.0
2022-05,C2024Q2,T03,C2024Q2T03,11,VIC1-NSW1,NSW1,138,108,1048.0,0.0
2022-05,C2024Q2,T03,C2024Q2T03,11,VIC1-NSW1,VIC1,125,125,14742.0,0.0
2022-05,C2024Q3,T02,C2024Q3T02,11,NSW1-QLD1,NSW1,45,45,2400.0,0.0
2022-05,C2024Q3,T02,C2024Q3T02,11,NSW1-QLD1,QLD1,100,100,19126.0,0.0
2022-05,C2024Q3,T02,C2024Q3T02,11,V-SA,SA1,78,75,5352.18,0.0
2022-05,C2024Q3,T02,C2024Q3T02,11,V-SA,VIC1,73,73,7500.0,0.0
2022-05,C2024Q3,T02,C2024Q3T02,11,VIC1-NSW1,NSW1,108,108,1058.0,0.0
2022-05,C2024Q3,T02,C2024Q3T02,11,VIC1-NSW1,VIC1,125,125,15002.0,0.0
2022-05,C2024Q4,T01,C2024Q4T01,11,NSW1-QLD1,NSW1,45,45,5006.08,0.0
2022-05,C2024Q4,T01,C2024Q4T01,11,NSW1-QLD1,QLD1,100,100,12909.44,0.0
2022-05,C2024Q4,T01,C2024Q4T01,11,V-SA,SA1,64,64,5561.0,0.0
2022-05,C2024Q4,T01,C2024Q4T01,11,V-SA,VIC1,73,73,8675.28,0.0
2022-05,C2024Q4,T01,C2024Q4T01,11,VIC1-NSW1,NSW1,108,108,1287.0,0.0
2022-05,C2024Q4,T01,C2024Q4T01,11,VIC1-NSW1,VIC1,125,125,17050.0,0.0
2022-05,C2022Q2,T12,C2022Q2T12,11,NSW1-QLD1,NSW1,127,100,4537.55,0.0
2022-05,C2022Q2,T12,C2022Q2T12,11,NSW1-QLD1,QLD1,207,100,7637.0,0.0
2022-05,C2022Q2,T12,C2022Q2T12,11,V-SA,SA1,106,66,4487.0,0.0
2022-05,C2022Q2,T12,C2022Q2T12,11,V-SA,VIC1,133,83,13539.0,0.0
2022-05,C2022Q2,T12,C2022Q2T12,11,VIC1-NSW1,NSW1,278,112,910.0,0.0
2022-05,C2022Q2,T12,C2022Q2T12,11,VIC1-NSW1,VIC1,225,125,19978.0,0.0
2022-05,C2022Q3,T11,C2022Q3T11,11,NSW1-QLD1,NSW1,84,60,4061.82,0.0
2022-05,C2022Q3,T11,C2022Q3T11,11,NSW1-QLD1,QLD1,244,100,13330.09,0.0
2022-05,C2022Q3,T11,C2022Q3T11,11,V-SA,SA1,113,64,5500.0,0.0
2022-05,C2022Q3,T11,C2022Q3T11,11,V-SA,VIC1,128,73,10000.0,0.0
2022-05,C2022Q3,T11,C2022Q3T11,11,VIC1-NSW1,NSW1,265,108,1198.0,0.0
2022-05,C2022Q3,T11,C2022Q3T11,11,VIC1-NSW1,VIC1,250,135,19272.0,0.0
2022-05,C2022Q4,T10,C2022Q4T10,11,NSW1-QLD1,NSW1,64,45,9300.0,0.0
2022-05,C2022Q4,T10,C2022Q4T10,11,NSW1-QLD1,QLD1,275,100,10925.0,0.0
2022-05,C2022Q4,T10,C2022Q4T10,11,V-SA,SA1,100,64,6046.0,0.0
2022-05,C2022Q4,T10,C2022Q4T10,11,V-SA,VIC1,158,73,10170.83,0.0
2022-05,C2022Q4,T10,C2022Q4T10,11,VIC1-NSW1,NSW1,174,112,1380.0,0.0
2022-05,C2022Q4,T10,C2022Q4T10,11,VIC1-NSW1,VIC1,268,135,24731.84,0.0
2022-05,C2023Q1,T09,C2023Q1T09,11,NSW1-QLD1,NSW1,64,48,15202.0,0.0
2022-05,C2023Q1,T09,C2023Q1T09,11,NSW1-QLD1,QLD1,281,104,17189.17,0.0
2022-05,C2023Q1,T09,C2023Q1T09,11,V-SA,SA1,94,70,6850.0,0.0
2022-05,C2023Q1,T09,C2023Q1T09,11,V-SA,VIC1,99,73,16760.83,0.0
2022-05,C2023Q1,T09,C2023Q1T09,11,VIC1-NSW1,NSW1,171,116,4500.0,0.0
2022-05,C2023Q1,T09,C2023Q1T09,11,VIC1-NSW1,VIC1,200,135,25200.26,0.0
2022-05,C2023Q2,T08,C2023Q2T08,11,NSW1-QLD1,NSW1,61,45,4000.0,0.0
2022-05,C2023Q2,T08,C2023Q2T08,11,NSW1-QLD1,QLD1,194,100,24489.09,0.0
2022-05,C2023Q2,T08,C2023Q2T08,11,V-SA,SA1,114,70,4843.0,0.0
2022-05,C2023Q2,T08,C2023Q2T08,11,V-SA,VIC1,108,73,11000.83,0.0
2022-05,C2023Q2,T08,C2023Q2T08,11,VIC1-NSW1,NSW1,301,109,1270.06,0.0
2022-05,C2023Q2,T08,C2023Q2T08,11,VIC1-NSW1,VIC1,205,125,22960.26,0.0
2022-05,C2023Q3,T07,C2023Q3T07,11,NSW1-QLD1,NSW1,70,45,3336.0,0.0
2022-05,C2023Q3,T07,C2023Q3T07,11,NSW1-QLD1,QLD1,150,100,24416.0,0.0
2022-05,C2023Q3,T07,C2023Q3T07,11,V-SA,SA1,109,64,5297.0,0.0
2022-05,C2023Q3,T07,C2023Q3T07,11,V-SA,VIC1,108,73,10920.83,0.0
2022-05,C2023Q3,T07,C2023Q3T07,11,VIC1-NSW1,NSW1,205,108,1250.0,0.0
2022-05,C2023Q3,T07,C2023Q3T07,11,VIC1-NSW1,VIC1,220,125,22640.26,0.0
2022-05,C2023Q4,T06,C2023Q4T06,11,NSW1-QLD1,NSW1,58,45,8510.0,0.0
2022-05,C2023Q4,T06,C2023Q4T06,11,NSW1-QLD1,QLD1,164,100,17384.0,0.0
2022-05,C2023Q4,T06,C2023Q4T06,11,V-SA,SA1,109,64,6050.0,0.0
2022-05,C2023Q4,T06,C2023Q4T06,11,V-SA,VIC1,88,73,9520.83,0.0
2022-05,C2023Q4,T06,C2023Q4T06,11,VIC1-NSW1,NSW1,143,114,1404.7,0.0
2022-05,C2023Q4,T06,C2023Q4T06,11,VIC1-NSW1,VIC1,217,125,24066.9,0.0
2022-05,C2024Q1,T05,C2024Q1T05,11,NSW1-QLD1,NSW1,48,45,9907.0,0.0
2022-05,C2024Q1,T05,C2024Q1T05,11,NSW1-QLD1,QLD1,130,100,22822.8,0.0
2022-05,C2024Q1,T05,C2024Q1T05,11,V-SA,SA1,64,64,7341.0,0.0
2022-05,C2024Q1,T05,C2024Q1T05,11,V-SA,VIC1,90,73,16500.0,0.0
2022-05,C2024Q1,T05,C2024Q1T05,11,VIC1-NSW1,NSW1,117,108,4368.0,0.0
2022-05,C2024Q1,T05,C2024Q1T05,11,VIC1-NSW1,VIC1,167,125,23800.26,0.0
2022-05,C2024Q2,T04,C2024Q2T04,11,NSW1-QLD1,NSW1,48,45,3307.0,0.0
2022-05,C2024Q2,T04,C2024Q2T04,11,NSW1-QLD1,QLD1,120,100,24438.96,0.0
2022-05,C2024Q2,T04,C2024Q2T04,11,V-SA,SA1,89,64,4732.0,0.0
2022-05,C2024Q2,T04,C2024Q2T04,11,V-SA,VIC1,73,73,9093.0,0.0
2022-05,C2024Q2,T04,C2024Q2T04,11,VIC1-NSW1,NSW1,164,108,1028.0,0.0
2022-05,C2024Q2,T04,C2024Q2T04,11,VIC1-NSW1,VIC1,152,125,16800.25,0.0
2022-05,C2024Q3,T03,C2024Q3T03,11,NSW1-QLD1,NSW1,48,45,3040.0,0.0
2022-05,C2024Q3,T03,C2024Q3T03,11,NSW1-QLD1,QLD1,108,100,21520.64,0.0
2022-05,C2024Q3,T03,C2024Q3T03,11,V-SA,SA1,67,64,4995.37,0.0
2022-05,C2024Q3,T03,C2024Q3T03,11,V-SA,VIC1,74,73,8996.83,0.0
2022-05,C2024Q3,T03,C2024Q3T03,11,VIC1-NSW1,NSW1,108,108,1000.0,0.0
2022-05,C2024Q3,T03,C2024Q3T03,11,VIC1-NSW1,VIC1,135,125,16502.2,0.0
2022-05,C2024Q4,T02,C2024Q4T02,11,NSW1-QLD1,NSW1,48,45,8504.0,0.0
2022-05,C2024Q4,T02,C2024Q4T02,11,NSW1-QLD1,QLD1,100,100,16000.0,0.0
2022-05,C2024Q4,T02,C2024Q4T02,11,V-SA,SA1,64,64,5521.0,0.0
2022-05,C2024Q4,T02,C2024Q4T02,11,V-SA,VIC1,73,73,10284.0,0.0
2022-05,C2024Q4,T02,C2024Q4T02,11,VIC1-NSW1,NSW1,108,108,1457.0,0.0
2022-05,C2024Q4,T02,C2024Q4T02,11,VIC1-NSW1,VIC1,150,125,20800.25,0.0
2022-05,C2025Q1,T01,C2025Q1T01,11,NSW1-QLD1,NSW1,45,45,9506.0,0.0
2022-05,C2025Q1,T01,C2025Q1T01,11,NSW1-QLD1,QLD1,100,100,23392.8,0.0
2022-05,C2025Q1,T01,C2025Q1T01,11,V-SA,SA1,64,64,7210.0,0.0
2022-05,C2025Q1,T01,C2025Q1T01,11,V-SA,VIC1,73,73,16000.0,0.0
2022-05,C2025Q1,T01,C2025Q1T01,11,VIC1-NSW1,NSW1,108,108,4320.0,0.0
2022-05,C2025Q1,T01,C2025Q1T01,11,VIC1-NSW1,VIC1,125,125,20971.0,0.0
2022-05,C2023Q3,T06,C2023Q3T06,10,NSW1-QLD1,QLD1,170,100,18260.0,0.0
2022-05,C2023Q3,T06,C2023Q3T06,10,V-SA,SA1,118,72,5000.0,0.0
2022-05,C2023Q3,T06,C2023Q3T06,10,V-SA,VIC1,103,73,7500.0,0.0
2022-05,C2023Q3,T06,C2023Q3T06,10,VIC1-NSW1,NSW1,175,108,1106.0,0.0
2022-05,C2023Q3,T06,C2023Q3T06,10,VIC1-NSW1,VIC1,203,125,15590.49,0.0
2022-05,C2023Q4,T05,C2023Q4T05,10,NSW1-QLD1,NSW1,65,45,5349.55,0.0
2022-05,C2023Q4,T05,C2023Q4T05,10,NSW1-QLD1,QLD1,194,100,12500.0,0.0
2022-05,C2023Q4,T05,C2023Q4T05,10,V-SA,SA1,111,64,5500.0,0.0
2022-05,C2023Q4,T05,C2023Q4T05,10,V-SA,VIC1,88,73,8500.79,0.0
2022-05,C2023Q4,T05,C2023Q4T05,10,VIC1-NSW1,NSW1,158,108,1277.0,0.0
2022-05,C2023Q4,T05,C2023Q4T05,10,VIC1-NSW1,VIC1,195,125,18232.5,0.0
2022-05,C2024Q1,T04,C2024Q1T04,10,NSW1-QLD1,NSW1,45,45,7162.96,0.0
2022-05,C2024Q1,T04,C2024Q1T04,10,NSW1-QLD1,QLD1,134,101,20748.0,0.0
2022-05,C2024Q1,T04,C2024Q1T04,10,V-SA,SA1,64,64,6893.3,0.0
2022-05,C2024Q1,T04,C2024Q1T04,10,V-SA,VIC1,90,73,15000.0,0.0
2022-05,C2024Q1,T04,C2024Q1T04,10,VIC1-NSW1,NSW1,124,115,4370.2,0.0
2022-05,C2024Q1,T04,C2024Q1T04,10,VIC1-NSW1,VIC1,145,125,22368.05,0.0
2022-05,C2024Q2,T03,C2024Q2T03,10,NSW1-QLD1,NSW1,45,45,2579.0,0.0
2022-05,C2024Q2,T03,C2024Q2T03,10,NSW1-QLD1,QLD1,100,100,20748.0,0.0
2022-05,C2024Q2,T03,C2024Q2T03,10,V-SA,SA1,79,70,4462.18,0.0
2022-05,C2024Q2,T03,C2024Q2T03,10,V-SA,VIC1,73,73,7500.0,0.0
2022-05,C2024Q2,T03,C2024Q2T03,10,VIC1-NSW1,NSW1,138,108,1048.0,0.0
2022-05,C2024Q2,T03,C2024Q2T03,10,VIC1-NSW1,VIC1,125,125,14742.0,0.0
2022-05,C2024Q3,T02,C2024Q3T02,10,NSW1-QLD1,NSW1,45,45,2400.0,0.0
2022-05,C2024Q3,T02,C2024Q3T02,10,NSW1-QLD1,QLD1,100,100,19126.0,0.0
2022-05,C2024Q3,T02,C2024Q3T02,10,V-SA,SA1,78,75,5352.18,0.0
2022-05,C2024Q3,T02,C2024Q3T02,10,V-SA,VIC1,73,73,7500.0,0.0
2022-05,C2024Q3,T02,C2024Q3T02,10,VIC1-NSW1,NSW1,108,108,1058.0,0.0
2022-05,C2024Q3,T02,C2024Q3T02,10,VIC1-NSW1,VIC1,125,125,15002.0,0.0
2022-05,C2024Q4,T01,C2024Q4T01,10,NSW1-QLD1,NSW1,45,45,5006.08,0.0
2022-05,C2024Q4,T01,C2024Q4T01,10,NSW1-QLD1,QLD1,100,100,12909.44,0.0
2022-05,C2024Q4,T01,C2024Q4T01,10,V-SA,SA1,64,64,5561.0,0.0
2022-05,C2024Q4,T01,C2024Q4T01,10,V-SA,VIC1,73,73,8675.28,0.0
2022-05,C2024Q4,T01,C2024Q4T01,10,VIC1-NSW1,NSW1,108,108,1287.0,0.0
2022-05,C2024Q4,T01,C2024Q4T01,10,VIC1-NSW1,VIC1,125,125,17050.0,0.0
2022-05,C2022Q2,T12,C2022Q2T12,10,NSW1-QLD1,NSW1,127,100,4537.55,0.0
2022-05,C2022Q2,T12,C2022Q2T12,10,NSW1-QLD1,QLD1,207,100,7637.0,0.0
2022-05,C2022Q2,T12,C2022Q2T12,10,V-SA,SA1,106,66,4487.0,0.0
2022-05,C2022Q2,T12,C2022Q2T12,10,V-SA,VIC1,133,83,13539.0,0.0
2022-05,C2022Q2,T12,C2022Q2T12,10,VIC1-NSW1,NSW1,278,112,910.0,0.0
2022-05,C2022Q2,T12,C2022Q2T12,10,VIC1-NSW1,VIC1,225,125,19978.0,0.0
2022-05,C2022Q3,T11,C2022Q3T11,10,NSW1-QLD1,NSW1,84,60,4061.82,0.0
2022-05,C2022Q3,T11,C2022Q3T11,10,NSW1-QLD1,QLD1,244,100,13330.09,0.0
2022-05,C2022Q3,T11,C2022Q3T11,10,V-SA,SA1,113,64,5500.0,0.0
2022-05,C2022Q3,T11,C2022Q3T11,10,V-SA,VIC1,128,73,10000.0,0.0
2022-05,C2022Q3,T11,C2022Q3T11,10,VIC1-NSW1,NSW1,265,108,1198.0,0.0
2022-05,C2022Q3,T11,C2022Q3T11,10,VIC1-NSW1,VIC1,250,135,19272.0,0.0
2022-05,C2022Q4,T10,C2022Q4T10,10,NSW1-QLD1,NSW1,64,45,9300.0,0.0
2022-05,C2022Q4,T10,C2022Q4T10,10,NSW1-QLD1,QLD1,275,100,10925.0,0.0
2022-05,C2022Q4,T10,C2022Q4T10,10,V-SA,SA1,100,64,6046.0,0.0
2022-05,C2022Q4,T10,C2022Q4T10,10,V-SA,VIC1,158,73,10170.83,0.0
2022-05,C2022Q4,T10,C2022Q4T10,10,VIC1-NSW1,NSW1,174,112,1380.0,0.0
2022-05,C2022Q4,T10,C2022Q4T10,10,VIC1-NSW1,VIC1,268,135,24731.84,0.0
2022-05,C2023Q1,T09,C2023Q1T09,10,NSW1-QLD1,NSW1,64,48,15202.0,0.0
2022-05,C2023Q1,T09,C2023Q1T09,10,NSW1-QLD1,QLD1,281,104,17189.17,0.0
2022-05,C2023Q1,T09,C2023Q1T09,10,V-SA,SA1,94,70,6850.0,0.0
2022-05,C2023Q1,T09,C2023Q1T09,10,V-SA,VIC1,99,73,16760.83,0.0
2022-05,C2023Q1,T09,C2023Q1T09,10,VIC1-NSW1,NSW1,171,116,4500.0,0.0
2022-05,C2023Q1,T09,C2023Q1T09,10,VIC1-NSW1,VIC1,200,135,25200.26,0.0
2022-05,C2023Q2,T08,C2023Q2T08,10,NSW1-QLD1,NSW1,61,45,4000.0,0.0
2022-05,C2023Q2,T08,C2023Q2T08,10,NSW1-QLD1,QLD1,194,100,24489.09,0.0
2022-05,C2023Q2,T08,C2023Q2T08,10,V-SA,SA1,114,70,4843.0,0.0
2022-05,C2023Q2,T08,C2023Q2T08,10,V-SA,VIC1,108,73,11000.83,0.0
2022-05,C2023Q2,T08,C2023Q2T08,10,VIC1-NSW1,NSW1,301,109,1270.06,0.0
2022-05,C2023Q2,T08,C2023Q2T08,10,VIC1-NSW1,VIC1,205,125,22960.26,0.0
2022-05,C2023Q3,T07,C2023Q3T07,10,NSW1-QLD1,NSW1,70,45,3336.0,0.0
2022-05,C2023Q3,T07,C2023Q3T07,10,NSW1-QLD1,QLD1,150,100,24416.0,0.0
2022-05,C2023Q3,T07,C2023Q3T07,10,V-SA,SA1,109,64,5297.0,0.0
2022-05,C2023Q3,T07,C2023Q3T07,10,V-SA,VIC1,108,73,10920.83,0.0
2022-05,C2023Q3,T07,C2023Q3T07,10,VIC1-NSW1,NSW1,205,108,1250.0,0.0
2022-05,C2023Q3,T07,C2023Q3T07,10,VIC1-NSW1,VIC1,220,125,22640.26,0.0
2022-05,C2023Q4,T06,C2023Q4T06,10,NSW1-QLD1,NSW1,58,45,8510.0,0.0
2022-05,C2023Q4,T06,C2023Q4T06,10,NSW1-QLD1,QLD1,164,100,17384.0,0.0
2022-05,C2023Q4,T06,C2023Q4T06,10,V-SA,SA1,109,64,6050.0,0.0
2022-05,C2023Q4,T06,C2023Q4T06,10,V-SA,VIC1,88,73,9520.83,0.0
2022-05,C2023Q4,T06,C2023Q4T06,10,VIC1-NSW1,NSW1,143,114,1404.7,0.0
2022-05,C2023Q4,T06,C2023Q4T06,10,VIC1-NSW1,VIC1,217,125,24066.9,0.0
2022-05,C2024Q1,T05,C2024Q1T05,10,NSW1-QLD1,NSW1,48,45,9907.0,0.0
2022-05,C2024Q1,T05,C2024Q1T05,10,NSW1-QLD1,QLD1,130,100,22822.8,0.0
2022-05,C2024Q1,T05,C2024Q1T05,10,V-SA,SA1,64,64,7341.0,0.0
2022-05,C2024Q1,T05,C2024Q1T05,10,V-SA,VIC1,90,73,16500.0,0.0
2022-05,C2024Q1,T05,C2024Q1T05,10,VIC1-NSW1,NSW1,117,108,4368.0,0.0
2022-05,C2024Q1,T05,C2024Q1T05,10,VIC1-NSW1,VIC1,167,125,23800.26,0.0
2022-05,C2024Q2,T04,C2024Q2T04,10,NSW1-QLD1,NSW1,48,45,3307.0,0.0
2022-05,C2024Q2,T04,C2024Q2T04,10,NSW1-QLD1,QLD1,120,100,24438.96,0.0
2022-05,C2024Q2,T04,C2024Q2T04,10,V-SA,SA1,89,64,4732.0,0.0
2022-05,C2024Q2,T04,C2024Q2T04,10,V-SA,VIC1,73,73,9093.0,0.0
2022-05,C2024Q2,T04,C2024Q2T04,10,VIC1-NSW1,NSW1,164,108,1028.0,0.0
2022-05,C2024Q2,T04,C2024Q2T04,10,VIC1-NSW1,VIC1,152,125,16800.25,0.0
2022-05,C2024Q3,T03,C2024Q3T03,10,NSW1-QLD1,NSW1,48,45,3040.0,0.0
2022-05,C2024Q3,T03,C2024Q3T03,10,NSW1-QLD1,QLD1,108,100,21520.64,0.0
2022-05,C2024Q3,T03,C2024Q3T03,10,V-SA,SA1,67,64,4995.37,0.0
2022-05,C2024Q3,T03,C2024Q3T03,10,V-SA,VIC1,74,73,8996.83,0.0
2022-05,C2024Q3,T03,C2024Q3T03,10,VIC1-NSW1,NSW1,108,108,1000.0,0.0
2022-05,C2024Q3,T03,C2024Q3T03,10,VIC1-NSW1,VIC1,135,125,16502.2,0.0
2022-05,C2024Q4,T02,C2024Q4T02,10,NSW1-QLD1,NSW1,48,45,8504.0,0.0
2022-05,C2024Q4,T02,C2024Q4T02,10,NSW1-QLD1,QLD1,100,100,16000.0,0.0
2022-05,C2024Q4,T02,C2024Q4T02,10,V-SA,SA1,64,64,5521.0,0.0
2022-05,C2024Q4,T02,C2024Q4T02,10,V-SA,VIC1,73,73,10284.0,0.0
2022-05,C2024Q4,T02,C2024Q4T02,10,VIC1-NSW1,NSW1,108,108,1457.0,0.0
2022-05,C2024Q4,T02,C2024Q4T02,10,VIC1-NSW1,VIC1,150,125,20800.25,0.0
2022-05,C2025Q1,T01,C2025Q1T01,10,NSW1-QLD1,NSW1,45,45,9506.0,0.0
2022-05,C2025Q1,T01,C2025Q1T01,10,NSW1-QLD1,QLD1,100,100,23392.8,0.0
2022-05,C2025Q1,T01,C2025Q1T01,10,V-SA,SA1,64,64,7210.0,0.0
2022-05,C2025Q1,T01,C2025Q1T01,10,V-SA,VIC1,73,73,16000.0,0.0
2022-05,C2025Q1,T01,C2025Q1T01,10,VIC1-NSW1,NSW1,108,108,4320.0,0.0
2022-05,C2025Q1,T01,C2025Q1T01,10,VIC1-NSW1,VIC1,125,125,20971.0,0.0
2022-05,C2022Q2,T03,C2022Q2T03,32,VIC1-NSW1,VIC1,125,125,5822.0,0.0
2022-05,C2022Q3,T02,C2022Q3T02,32,NSW1-QLD1,NSW1,45,45,220.0,0.0
2022-05,C2022Q3,T02,C2022Q3T02,32,NSW1-QLD1,QLD1,100,100,10465.92,0.0
2022-05,C2022Q3,T02,C2022Q3T02,32,V-SA,SA1,64,64,10006.0,0.0
2022-05,C2022Q3,T02,C2022Q3T02,32,V-SA,VIC1,74,73,1000.0,0.0
2022-05,C2022Q3,T02,C2022Q3T02,32,VIC1-NSW1,NSW1,113,108,1656.0,0.0
2022-05,C2022Q3,T02,C2022Q3T02,32,VIC1-NSW1,VIC1,125,125,5822.0,0.0
2022-05,C2022Q4,T01,C2022Q4T01,32,NSW1-QLD1,NSW1,45,45,625.0,0.0
2022-05,C2022Q4,T01,C2022Q4T01,32,NSW1-QLD1,QLD1,100,100,10666.0,0.0
2022-05,C2022Q4,T01,C2022Q4T01,32,V-SA,SA1,64,64,12501.0,0.0
2022-05,C2022Q4,T01,C2022Q4T01,32,V-SA,VIC1,73,73,1346.0,0.0
2022-05,C2022Q4,T01,C2022Q4T01,32,VIC1-NSW1,NSW1,108,108,2208.0,0.0
2022-05,C2022Q4,T01,C2022Q4T01,32,VIC1-NSW1,VIC1,125,125,5979.0,0.0
2022-05,C2020Q2,T12,C2020Q2T12,42,NSW1-QLD1,NSW1,90,55,174.14,0.0
2022-05,C2020Q2,T12,C2020Q2T12,42,NSW1-QLD1,QLD1,230,107,13890.24,0.0
2022-05,C2020Q2,T12,C2020Q2T12,42,V-SA,SA1,96,66,10592.4,0.0
2022-05,C2020Q2,T12,C2020Q2T12,42,V-SA,VIC1,177,77,1250.0,0.0
2022-05,C2020Q2,T12,C2020Q2T12,42,VIC1-NSW1,NSW1,286,132,1482.0,0.0
2022-05,C2020Q2,T12,C2020Q2T12,42,VIC1-NSW1,VIC1,335,155,5865.0,0.0
2022-05,C2020Q3,T11,C2020Q3T11,42,NSW1-QLD1,NSW1,80,45,164.27,0.0
2022-05,C2020Q3,T11,C2020Q3T11,42,NSW1-QLD1,QLD1,200,100,14862.32,0.0
2022-05,C2020Q3,T11,C2020Q3T11,42,V-SA,SA1,84,64,13752.0,0.0
2022-05,C2020Q3,T11,C2020Q3T11,42,V-SA,VIC1,148,73,1565.0,0.0
2022-05,C2020Q3,T11,C2020Q3T11,42,VIC1-NSW1,NSW1,311,108,1462.5,0.0
2022-05,C2020Q3,T11,C2020Q3T11,42,VIC1-NSW1,VIC1,262,125,5703.0,0.0
2022-05,C2020Q4,T10,C2020Q4T10,42,NSW1-QLD1,NSW1,97,45,700.0,0.0
2022-05,C2020Q4,T10,C2020Q4T10,42,NSW1-QLD1,QLD1,196,103,13598.0,0.0
2022-05,C2020Q4,T10,C2020Q4T10,42,V-SA,SA1,84,64,13823.0,0.0
2022-05,C2020Q4,T10,C2020Q4T10,42,V-SA,VIC1,133,73,1760.0,0.0
2022-05,C2020Q4,T10,C2020Q4T10,42,VIC1-NSW1,NSW1,288,108,2400.0,0.0
2022-05,C2020Q4,T10,C2020Q4T10,42,VIC1-NSW1,VIC1,296,127,6275.0,0.0
2022-05,C2021Q1,T09,C2021Q1T09,42,NSW1-QLD1,NSW1,62,45,1750.0,0.0
2022-05,C2021Q1,T09,C2021Q1T09,42,NSW1-QLD1,QLD1,185,100,17058.0,0.0
2022-05,C2021Q1,T09,C2021Q1T09,42,V-SA,SA1,119,64,7828.0,0.0
2022-05,C2021Q1,T09,C2021Q1T09,42,V-SA,VIC1,103,73,4532.0,0.0
2022-05,C2021Q1,T09,C2021Q1T09,42,VIC1-NSW1,NSW1,241,108,7560.0,0.0
2022-05,C2021Q1,T09,C2021Q1T09,42,VIC1-NSW1,VIC1,245,146,7218.66,0.0
2022-05,C2021Q2,T08,C2021Q2T08,42,NSW1-QLD1,NSW1,65,45,114.4,0.0
2022-05,C2021Q2,T08,C2021Q2T08,42,NSW1-QLD1,QLD1,180,100,10893.35,0.0
2022-05,C2021Q2,T08,C2021Q2T08,42,V-SA,SA1,64,64,8616.2,0.0
2022-05,C2021Q2,T08,C2021Q2T08,42,V-SA,VIC1,128,73,1131.75,0.0
2022-05,C2021Q2,T08,C2021Q2T08,42,VIC1-NSW1,NSW1,217,108,1000.85,0.0
2022-05,C2021Q2,T08,C2021Q2T08,42,VIC1-NSW1,VIC1,235,125,6216.0,0.0
2022-05,C2021Q3,T07,C2021Q3T07,42,NSW1-QLD1,NSW1,45,45,200.0,0.0
2022-05,C2021Q3,T07,C2021Q3T07,42,NSW1-QLD1,QLD1,180,100,11772.84,0.0
2022-05,C2021Q3,T07,C2021Q3T07,42,V-SA,SA1,64,64,10205.1,0.0
2022-05,C2021Q3,T07,C2021Q3T07,42,V-SA,VIC1,128,73,1550.0,0.0
2022-05,C2021Q3,T07,C2021Q3T07,42,VIC1-NSW1,NSW1,208,108,993.6,0.0
2022-05,C2021Q3,T07,C2021Q3T07,42,VIC1-NSW1,VIC1,240,125,7500.0,0.0
2022-05,C2021Q4,T06,C2021Q4T06,42,NSW1-QLD1,NSW1,45,45,685.0,0.0
2022-05,C2021Q4,T06,C2021Q4T06,42,NSW1-QLD1,QLD1,185,110,11477.0,0.0
2022-05,C2021Q4,T06,C2021Q4T06,42,V-SA,SA1,64,64,12501.0,0.0
2022-05,C2021Q4,T06,C2021Q4T06,42,V-SA,VIC1,103,73,1754.0,0.0
2022-05,C2021Q4,T06,C2021Q4T06,42,VIC1-NSW1,NSW1,213,113,1601.6,0.0
2022-05,C2021Q4,T06,C2021Q4T06,42,VIC1-NSW1,VIC1,230,125,7441.5,0.0
2022-05,C2022Q1,T05,C2022Q1T05,42,NSW1-QLD1,NSW1,45,45,2160.0,0.0
2022-05,C2022Q1,T05,C2022Q1T05,42,NSW1-QLD1,QLD1,156,100,13083.0,0.0
2022-05,C2022Q1,T05,C2022Q1T05,42,V-SA,SA1,89,64,5810.4,0.0
2022-05,C2022Q1,T05,C2022Q1T05,42,V-SA,VIC1,73,73,5762.88,0.0
2022-05,C2022Q1,T05,C2022Q1T05,42,VIC1-NSW1,NSW1,108,108,6310.5,0.0
2022-05,C2022Q1,T05,C2022Q1T05,42,VIC1-NSW1,VIC1,125,125,7556.0,0.0
2022-05,C2022Q2,T04,C2022Q2T04,42,NSW1-QLD1,NSW1,45,45,200.0,0.0
2022-05,C2022Q2,T04,C2022Q2T04,42,NSW1-QLD1,QLD1,140,100,11972.0,0.0
2022-05,C2022Q2,T04,C2022Q2T04,42,V-SA,SA1,64,64,7916.9,0.0
2022-05,C2022Q2,T04,C2022Q2T04,42,V-SA,VIC1,73,73,1054.0,0.0
2022-05,C2022Q2,T04,C2022Q2T04,42,VIC1-NSW1,NSW1,108,108,1092.0,0.0
2022-05,C2022Q2,T04,C2022Q2T04,42,VIC1-NSW1,VIC1,125,125,8000.0,0.0
2022-05,C2022Q3,T03,C2022Q3T03,42,NSW1-QLD1,NSW1,45,45,154.88,0.0
2022-05,C2022Q3,T03,C2022Q3T03,42,NSW1-QLD1,QLD1,100,100,11512.51,0.0
2022-05,C2022Q3,T03,C2022Q3T03,42,V-SA,SA1,64,64,10006.0,0.0
2022-05,C2022Q3,T03,C2022Q3T03,42,V-SA,VIC1,73,73,1007.0,0.0
2022-05,C2022Q3,T03,C2022Q3T03,42,VIC1-NSW1,NSW1,108,108,1101.0,0.0
2022-05,C2022Q3,T03,C2022Q3T03,42,VIC1-NSW1,VIC1,125,125,8000.0,0.0
2022-05,C2022Q4,T02,C2022Q4T02,42,NSW1-QLD1,NSW1,45,45,552.0,0.0
2022-05,C2022Q4,T02,C2022Q4T02,42,NSW1-QLD1,QLD1,100,100,10879.32,0.0
2022-05,C2022Q4,T02,C2022Q4T02,42,V-SA,SA1,64,64,11500.92,0.0
2022-05,C2022Q4,T02,C2022Q4T02,42,V-SA,VIC1,73,73,1480.6,0.0
2022-05,C2022Q4,T02,C2022Q4T02,42,VIC1-NSW1,NSW1,108,108,1766.4,0.0
2022-05,C2022Q4,T02,C2022Q4T02,42,VIC1-NSW1,VIC1,125,125,8000.0,0.0
2022-05,C2023Q1,T01,C2023Q1T01,42,NSW1-QLD1,NSW1,45,45,1955.8,0.0
2022-05,C2023Q1,T01,C2023Q1T01,42,NSW1-QLD1,QLD1,100,100,11065.6,0.0
2022-05,C2023Q1,T01,C2023Q1T01,42,V-SA,SA1,64,64,4709.0,0.0
2022-05,C2023Q1,T01,C2023Q1T01,42,V-SA,VIC1,73,73,4901.18,0.0
2022-05,C2023Q1,T01,C2023Q1T01,42,VIC1-NSW1,NSW1,108,108,6310.5,0.0
2022-05,C2023Q1,T01,C2023Q1T01,42,VIC1-NSW1,VIC1,125,125,8058.0,0.0
2022-05,C2020Q3,T12,C2020Q3T12,49,NSW1-QLD1,NSW1,90,55,210.08,0.0
2022-05,C2020Q3,T12,C2020Q3T12,49,NSW1-QLD1,QLD1,210,139,11555.0,0.0
2022-05,C2020Q3,T12,C2020Q3T12,49,V-SA,SA1,96,73,9151.07,0.0
2022-05,C2020Q3,T12,C2020Q3T12,49,V-SA,VIC1,193,77,1713.0,0.0
2022-05,C2020Q3,T12,C2020Q3T12,49,VIC1-NSW1,NSW1,296,112,1023.75,0.0
2022-05,C2020Q3,T12,C2020Q3T12,49,VIC1-NSW1,VIC1,355,135,4901.0,0.0
2022-05,C2020Q4,T11,C2020Q4T11,49,NSW1-QLD1,NSW1,193,45,701.23,0.0
2022-05,C2020Q4,T11,C2020Q4T11,49,NSW1-QLD1,QLD1,222,110,10878.4,0.0
2022-05,C2020Q4,T11,C2020Q4T11,49,V-SA,SA1,94,64,8001.2,0.0
2022-05,C2020Q4,T11,C2020Q4T11,49,V-SA,VIC1,168,73,1795.2,0.0
2022-05,C2020Q4,T11,C2020Q4T11,49,VIC1-NSW1,NSW1,234,113,2208.0,0.0
2022-05,C2020Q4,T11,C2020Q4T11,49,VIC1-NSW1,VIC1,340,130,5875.0,0.0
2022-05,C2021Q1,T10,C2021Q1T10,49,NSW1-QLD1,NSW1,76,45,1500.0,0.0
2022-05,C2021Q1,T10,C2021Q1T10,49,NSW1-QLD1,QLD1,245,100,19700.0,0.0
2022-05,C2021Q1,T10,C2021Q1T10,49,V-SA,SA1,119,64,7137.0,0.0
2022-05,C2021Q1,T10,C2021Q1T10,49,V-SA,VIC1,118,73,4666.0,0.0
2022-05,C2021Q1,T10,C2021Q1T10,49,VIC1-NSW1,NSW1,146,108,7501.0,0.0
2022-05,C2021Q1,T10,C2021Q1T10,49,VIC1-NSW1,VIC1,250,125,7940.53,0.0
2022-05,C2021Q2,T09,C2021Q2T09,49,NSW1-QLD1,NSW1,65,45,140.19,0.0
2022-05,C2021Q2,T09,C2021Q2T09,49,NSW1-QLD1,QLD1,200,120,12000.0,0.0
2022-05,C2021Q2,T09,C2021Q2T09,49,V-SA,SA1,121,64,3500.79,0.0
2022-05,C2021Q2,T09,C2021Q2T09,49,V-SA,VIC1,163,73,1711.0,0.0
2022-05,C2021Q2,T09,C2021Q2T09,49,VIC1-NSW1,NSW1,153,108,982.8,0.0
2022-05,C2021Q2,T09,C2021Q2T09,49,VIC1-NSW1,VIC1,237,135,5416.0,0.0
2022-05,C2021Q3,T08,C2021Q3T08,49,NSW1-QLD1,NSW1,45,45,312.0,0.0
2022-05,C2021Q3,T08,C2021Q3T08,49,NSW1-QLD1,QLD1,215,100,10086.0,0.0
2022-05,C2021Q3,T08,C2021Q3T08,49,V-SA,SA1,114,64,3571.78,0.0
2022-05,C2021Q3,T08,C2021Q3T08,49,V-SA,VIC1,215,73,1695.75,0.0
2022-05,C2021Q3,T08,C2021Q3T08,49,VIC1-NSW1,NSW1,197,108,1032.0,0.0
2022-05,C2021Q3,T08,C2021Q3T08,49,VIC1-NSW1,VIC1,219,135,6601.0,0.0
2022-05,C2021Q4,T07,C2021Q4T07,49,NSW1-QLD1,NSW1,112,45,685.0,0.0
2022-05,C2021Q4,T07,C2021Q4T07,49,NSW1-QLD1,QLD1,180,100,11103.0,0.0
2022-05,C2021Q4,T07,C2021Q4T07,49,V-SA,SA1,114,64,4000.0,0.0
2022-05,C2021Q4,T07,C2021Q4T07,49,V-SA,VIC1,192,73,1789.08,0.0
2022-05,C2021Q4,T07,C2021Q4T07,49,VIC1-NSW1,NSW1,148,108,1104.0,0.0
2022-05,C2021Q4,T07,C2021Q4T07,49,VIC1-NSW1,VIC1,235,135,6250.0,0.0
2022-05,C2022Q1,T06,C2022Q1T06,49,NSW1-QLD1,NSW1,50,45,2358.0,0.0
2022-05,C2022Q1,T06,C2022Q1T06,49,NSW1-QLD1,QLD1,236,100,16474.0,0.0
2022-05,C2022Q1,T06,C2022Q1T06,49,V-SA,SA1,111,64,4358.0,0.0
2022-05,C2022Q1,T06,C2022Q1T06,49,V-SA,VIC1,103,73,5878.13,0.0
2022-05,C2022Q1,T06,C2022Q1T06,49,VIC1-NSW1,NSW1,134,108,5750.0,0.0
2022-05,C2022Q1,T06,C2022Q1T06,49,VIC1-NSW1,VIC1,245,125,8311.6,0.0
2022-05,C2022Q2,T05,C2022Q2T05,49,NSW1-QLD1,NSW1,45,45,359.0,0.0
2022-05,C2022Q2,T05,C2022Q2T05,49,NSW1-QLD1,QLD1,175,100,11373.4,0.0
2022-05,C2022Q2,T05,C2022Q2T05,49,V-SA,SA1,114,64,3250.0,0.0
2022-05,C2022Q2,T05,C2022Q2T05,49,V-SA,VIC1,118,73,1401.0,0.0
2022-05,C2022Q2,T05,C2022Q2T05,49,VIC1-NSW1,NSW1,138,108,842.0,0.0
2022-05,C2022Q2,T05,C2022Q2T05,49,VIC1-NSW1,VIC1,160,125,6400.0,0.0
2022-05,C2022Q3,T04,C2022Q3T04,49,NSW1-QLD1,NSW1,51,51,510.0,0.0
2022-05,C2022Q3,T04,C2022Q3T04,49,NSW1-QLD1,QLD1,147,100,11702.4,0.0
2022-05,C2022Q3,T04,C2022Q3T04,49,V-SA,SA1,84,64,3502.1,0.0
2022-05,C2022Q3,T04,C2022Q3T04,49,V-SA,VIC1,93,73,1695.75,0.0
2022-05,C2022Q3,T04,C2022Q3T04,49,VIC1-NSW1,NSW1,138,108,880.8,0.0
2022-05,C2022Q3,T04,C2022Q3T04,49,VIC1-NSW1,VIC1,155,125,6400.0,0.0
2022-05,C2022Q4,T03,C2022Q4T03,49,NSW1-QLD1,NSW1,55,45,889.0,0.0
2022-05,C2022Q4,T03,C2022Q4T03,49,NSW1-QLD1,QLD1,125,100,11250.0,0.0
2022-05,C2022Q4,T03,C2022Q4T03,49,V-SA,SA1,80,64,4000.0,0.0
2022-05,C2022Q4,T03,C2022Q4T03,49,V-SA,VIC1,88,73,1978.0,0.0
2022-05,C2022Q4,T03,C2022Q4T03,49,VIC1-NSW1,NSW1,108,108,1104.0,0.0
2022-05,C2022Q4,T03,C2022Q4T03,49,VIC1-NSW1,VIC1,140,125,6416.0,0.0
2022-05,C2023Q1,T02,C2023Q1T02,49,NSW1-QLD1,NSW1,45,45,2520.0,0.0
2022-05,C2023Q1,T02,C2023Q1T02,49,NSW1-QLD1,QLD1,125,100,14606.59,0.0
2022-05,C2023Q1,T02,C2023Q1T02,49,V-SA,SA1,64,64,4800.0,0.0
2022-05,C2023Q1,T02,C2023Q1T02,49,V-SA,VIC1,82,73,5442.72,0.0
2022-05,C2023Q1,T02,C2023Q1T02,49,VIC1-NSW1,NSW1,108,108,5553.24,0.0
2022-05,C2023Q1,T02,C2023Q1T02,49,VIC1-NSW1,VIC1,150,128,9203.0,0.0
2022-05,C2023Q2,T01,C2023Q2T01,49,NSW1-QLD1,NSW1,45,45,395.0,0.0
2022-05,C2023Q2,T01,C2023Q2T01,49,NSW1-QLD1,QLD1,100,100,11373.4,0.0
