mmsdm_month,quarter,tranche,contract_id,version_no,interconnector_id,from_region,units_offered,units_sold,clearing_price,reserve_price
2021-02,C2018Q3,T12,C2018Q3T12,7,NSW1-QLD1,NSW1,55,55,411.27,0.0
2021-02,C2018Q3,T12,C2018Q3T12,7,NSW1-QLD1,QLD1,100,100,8832.0,0.0
2021-02,C2018Q3,T12,C2018Q3T12,7,V-SA,SA1,66,66,3224.84,0.0
2021-02,C2018Q3,T12,C2018Q3T12,7,V-SA,VIC1,77,77,2570.0,0.0
2021-02,C2018Q3,T12,C2018Q3T12,7,VIC1-NSW1,NSW1,112,112,2348.45,0.0
2021-02,C2018Q3,T12,C2018Q3T12,7,VIC1-NSW1,VIC1,125,125,3627.0,0.0
2021-02,C2018Q4,T11,C2018Q4T11,7,NSW1-QLD1,NSW1,45,45,1290.0,0.0
2021-02,C2018Q4,T11,C2018Q4T11,7,NSW1-QLD1,QLD1,100,100,6523.0,0.0
2021-02,C2018Q4,T11,C2018Q4T11,7,V-SA,SA1,64,64,3474.07,0.0
2021-02,C2018Q4,T11,C2018Q4T11,7,V-SA,VIC1,73,73,3201.0,0.0
2021-02,C2018Q4,T11,C2018Q4T11,7,VIC1-NSW1,NSW1,108,108,2500.0,0.0
2021-02,C2018Q4,T11,C2018Q4T11,7,VIC1-NSW1,VIC1,125,125,4011.0,0.0
2021-02,C2019Q1,T10,C2019Q1T10,7,NSW1-QLD1,NSW1,45,45,4390.0,0.0
2021-02,C2019Q1,T10,C2019Q1T10,7,NSW1-QLD1,QLD1,100,100,10750.0,0.0
2021-02,C2019Q1,T10,C2019Q1T10,7,V-SA,SA1,64,64,5676.98,0.0
2021-02,C2019Q1,T10,C2019Q1T10,7,V-SA,VIC1,73,73,7940.0,0.0
2021-02,C2019Q1,T10,C2019Q1T10,7,VIC1-NSW1,NSW1,108,108,7011.88,0.0
2021-02,C2019Q1,T10,C2019Q1T10,7,VIC1-NSW1,VIC1,125,125,5148.0,0.0
2021-02,C2019Q2,T09,C2019Q2T09,7,NSW1-QLD1,NSW1,45,45,459.0,0.0
2021-02,C2019Q2,T09,C2019Q2T09,7,NSW1-QLD1,QLD1,100,100,10326.0,0.0
2021-02,C2019Q2,T09,C2019Q2T09,7,V-SA,SA1,64,64,5635.0,0.0
2021-02,C2019Q2,T09,C2019Q2T09,7,V-SA,VIC1,73,73,3049.0,0.0
2021-02,C2019Q2,T09,C2019Q2T09,7,VIC1-NSW1,NSW1,108,108,2311.0,0.0
2021-02,C2019Q2,T09,C2019Q2T09,7,VIC1-NSW1,VIC1,125,125,3374.6,0.0
2021-02,C2019Q3,T08,C2019Q3T08,7,NSW1-QLD1,NSW1,45,45,773.0,0.0
2021-02,C2019Q3,T08,C2019Q3T08,7,NSW1-QLD1,QLD1,100,100,11620.0,0.0
2021-02,C2019Q3,T08,C2019Q3T08,7,V-SA,SA1,64,64,6611.0,0.0
2021-02,C2019Q3,T08,C2019Q3T08,7,V-SA,VIC1,73,73,3268.94,0.0
2021-02,C2019Q3,T08,C2019Q3T08,7,VIC1-NSW1,NSW1,108,108,2711.0,0.0
2021-02,C2019Q3,T08,C2019Q3T08,7,VIC1-NSW1,VIC1,125,125,3815.0,0.0
2021-02,C2019Q4,T07,C2019Q4T07,7,NSW1-QLD1,NSW1,45,45,1500.0,0.0
2021-02,C2019Q4,T07,C2019Q4T07,7,NSW1-QLD1,QLD1,100,100,6967.0,0.0
2021-02,C2019Q4,T07,C2019Q4T07,7,V-SA,SA1,64,64,6511.0,0.0
2021-02,C2019Q4,T07,C2019Q4T07,7,V-SA,VIC1,73,73,3860.0,0.0
2021-02,C2019Q4,T07,C2019Q4T07,7,VIC1-NSW1,NSW1,108,108,2962.49,0.0
2021-02,C2019Q4,T07,C2019Q4T07,7,VIC1-NSW1,VIC1,125,125,3812.0,0.0
2021-02,C2020Q1,T06,C2020Q1T06,7,NSW1-QLD1,NSW1,45,45,5442.0,0.0
2021-02,C2020Q1,T06,C2020Q1T06,7,NSW1-QLD1,QLD1,100,100,7975.0,0.0
2021-02,C2020Q1,T06,C2020Q1T06,7,V-SA,SA1,64,64,6783.42,0.0
2021-02,C2020Q1,T06,C2020Q1T06,7,V-SA,VIC1,73,73,10386.5,0.0
2021-02,C2020Q1,T06,C2020Q1T06,7,VIC1-NSW1,NSW1,108,108,4888.0,0.0
2021-02,C2020Q1,T06,C2020Q1T06,7,VIC1-NSW1,VIC1,125,125,5023.0,0.0
2021-02,C2020Q2,T05,C2020Q2T05,7,NSW1-QLD1,NSW1,45,45,915.0,0.0
2021-02,C2020Q2,T05,C2020Q2T05,7,NSW1-QLD1,QLD1,100,100,9777.0,0.0
2021-02,C2020Q2,T05,C2020Q2T05,7,V-SA,SA1,64,64,5494.06,0.0
2021-02,C2020Q2,T05,C2020Q2T05,7,V-SA,VIC1,73,73,3386.0,0.0
2021-02,C2020Q2,T05,C2020Q2T05,7,VIC1-NSW1,NSW1,108,108,2629.97,0.0
2021-02,C2020Q2,T05,C2020Q2T05,7,VIC1-NSW1,VIC1,125,125,3958.2,0.0
2021-02,C2020Q3,T04,C2020Q3T04,7,NSW1-QLD1,NSW1,45,45,915.0,0.0
2021-02,C2020Q3,T04,C2020Q3T04,7,NSW1-QLD1,QLD1,100,100,10395.0,0.0
2021-02,C2020Q3,T04,C2020Q3T04,7,V-SA,SA1,64,64,5635.0,0.0
2021-02,C2020Q3,T04,C2020Q3T04,7,V-SA,VIC1,73,73,3560.0,0.0
2021-02,C2020Q3,T04,C2020Q3T04,7,VIC1-NSW1,NSW1,108,108,2208.0,0.0
2021-02,C2020Q3,T04,C2020Q3T04,7,VIC1-NSW1,VIC1,125,125,4384.0,0.0
2021-02,C2020Q4,T03,C2020Q4T03,7,NSW1-QLD1,NSW1,45,45,1451.0,0.0
2021-02,C2020Q4,T03,C2020Q4T03,7,NSW1-QLD1,QLD1,100,100,5985.0,0.0
2021-02,C2020Q4,T03,C2020Q4T03,7,V-SA,SA1,64,64,5635.0,0.0
2021-02,C2020Q4,T03,C2020Q4T03,7,V-SA,VIC1,73,73,3993.5,0.0
2021-02,C2020Q4,T03,C2020Q4T03,7,VIC1-NSW1,NSW1,108,108,2208.0,0.0
2021-02,C2020Q4,T03,C2020Q4T03,7,VIC1-NSW1,VIC1,125,125,4198.0,0.0
2021-02,C2021Q1,T02,C2021Q1T02,7,NSW1-QLD1,NSW1,45,45,4150.0,0.0
2021-02,C2021Q1,T02,C2021Q1T02,7,NSW1-QLD1,QLD1,100,100,6541.44,0.0
2021-02,C2021Q1,T02,C2021Q1T02,7,V-SA,SA1,64,64,6783.42,0.0
2021-02,C2021Q1,T02,C2021Q1T02,7,V-SA,VIC1,73,73,10800.0,0.0
2021-02,C2021Q1,T02,C2021Q1T02,7,VIC1-NSW1,NSW1,108,108,4444.0,0.0
2021-02,C2021Q1,T02,C2021Q1T02,7,VIC1-NSW1,VIC1,125,125,5362.0,0.0
2021-02,C2021Q2,T01,C2021Q2T01,7,NSW1-QLD1,NSW1,45,45,915.0,0.0
2021-02,C2021Q2,T01,C2021Q2T01,7,NSW1-QLD1,QLD1,100,100,7226.0,0.0
2021-02,C2021Q2,T01,C2021Q2T01,7,V-SA,SA1,64,64,5494.06,0.0
2021-02,C2021Q2,T01,C2021Q2T01,7,V-SA,VIC1,73,73,3399.1,0.0
2021-02,C2021Q2,T01,C2021Q2T01,7,VIC1-NSW1,NSW1,108,108,2184.0,0.0
2021-02,C2021Q2,T01,C2021Q2T01,7,VIC1-NSW1,VIC1,125,125,4026.0,0.0
2021-02,C2018Q4,T12,C2018Q4T12,11,NSW1-QLD1,NSW1,55,55,666.66,0.0
2021-02,C2018Q4,T12,C2018Q4T12,11,NSW1-QLD1,QLD1,100,100,7001.9,0.0
2021-02,C2018Q4,T12,C2018Q4T12,11,V-SA,SA1,66,66,3446.0,0.0
2021-02,C2018Q4,T12,C2018Q4T12,11,V-SA,VIC1,77,77,2501.55,0.0
2021-02,C2018Q4,T12,C2018Q4T12,11,VIC1-NSW1,NSW1,112,112,2030.88,0.0
2021-02,C2018Q4,T12,C2018Q4T12,11,VIC1-NSW1,VIC1,125,125,5125.0,0.0
2021-02,C2019Q1,T11,C2019Q1T11,11,NSW1-QLD1,NSW1,45,45,2567.37,0.0
2021-02,C2019Q1,T11,C2019Q1T11,11,NSW1-QLD1,QLD1,100,100,13812.0,0.0
2021-02,C2019Q1,T11,C2019Q1T11,11,V-SA,SA1,64,64,4997.86,0.0
2021-02,C2019Q1,T11,C2019Q1T11,11,V-SA,VIC1,73,73,6071.0,0.0
2021-02,C2019Q1,T11,C2019Q1T11,11,VIC1-NSW1,NSW1,108,108,7011.0,0.0
2021-02,C2019Q1,T11,C2019Q1T11,11,VIC1-NSW1,VIC1,125,125,6012.0,0.0
2021-02,C2019Q2,T10,C2019Q2T10,11,NSW1-QLD1,NSW1,45,45,393.0,0.0
2021-02,C2019Q2,T10,C2019Q2T10,11,NSW1-QLD1,QLD1,100,100,12500.0,0.0
2021-02,C2019Q2,T10,C2019Q2T10,11,V-SA,SA1,64,64,5030.55,0.0
2021-02,C2019Q2,T10,C2019Q2T10,11,V-SA,VIC1,73,73,2439.0,0.0
2021-02,C2019Q2,T10,C2019Q2T10,11,VIC1-NSW1,NSW1,108,108,2926.9,0.0
2021-02,C2019Q2,T10,C2019Q2T10,11,VIC1-NSW1,VIC1,125,125,4012.0,0.0
2021-02,C2019Q3,T09,C2019Q3T09,11,NSW1-QLD1,NSW1,45,45,397.0,0.0
2021-02,C2019Q3,T09,C2019Q3T09,11,NSW1-QLD1,QLD1,100,100,11620.0,0.0
2021-02,C2019Q3,T09,C2019Q3T09,11,V-SA,SA1,64,64,7933.0,0.0
2021-02,C2019Q3,T09,C2019Q3T09,11,V-SA,VIC1,73,73,2180.0,0.0
2021-02,C2019Q3,T09,C2019Q3T09,11,VIC1-NSW1,NSW1,108,108,2993.98,0.0
2021-02,C2019Q3,T09,C2019Q3T09,11,VIC1-NSW1,VIC1,125,125,5012.0,0.0
2021-02,C2019Q4,T08,C2019Q4T08,11,NSW1-QLD1,NSW1,45,45,883.0,0.0
2021-02,C2019Q4,T08,C2019Q4T08,11,NSW1-QLD1,QLD1,100,100,7852.0,0.0
2021-02,C2019Q4,T08,C2019Q4T08,11,V-SA,SA1,64,64,6511.0,0.0
2021-02,C2019Q4,T08,C2019Q4T08,11,V-SA,VIC1,73,73,2531.0,0.0
2021-02,C2019Q4,T08,C2019Q4T08,11,VIC1-NSW1,NSW1,108,108,2946.01,0.0
2021-02,C2019Q4,T08,C2019Q4T08,11,VIC1-NSW1,VIC1,125,125,5012.0,0.0
2021-02,C2020Q1,T07,C2020Q1T07,11,NSW1-QLD1,NSW1,45,45,4354.0,0.0
2021-02,C2020Q1,T07,C2020Q1T07,11,NSW1-QLD1,QLD1,100,100,9570.0,0.0
2021-02,C2020Q1,T07,C2020Q1T07,11,V-SA,SA1,64,64,8140.0,0.0
2021-02,C2020Q1,T07,C2020Q1T07,11,V-SA,VIC1,73,73,7113.0,0.0
2021-02,C2020Q1,T07,C2020Q1T07,11,VIC1-NSW1,NSW1,108,108,5011.0,0.0
2021-02,C2020Q1,T07,C2020Q1T07,11,VIC1-NSW1,VIC1,125,125,6028.0,0.0
2021-02,C2020Q2,T06,C2020Q2T06,11,NSW1-QLD1,NSW1,45,45,425.72,0.0
2021-02,C2020Q2,T06,C2020Q2T06,11,NSW1-QLD1,QLD1,100,100,10333.0,0.0
2021-02,C2020Q2,T06,C2020Q2T06,11,V-SA,SA1,64,64,5494.0,0.0
2021-02,C2020Q2,T06,C2020Q2T06,11,V-SA,VIC1,73,73,2235.02,0.0
2021-02,C2020Q2,T06,C2020Q2T06,11,VIC1-NSW1,NSW1,108,108,2630.0,0.0
2021-02,C2020Q2,T06,C2020Q2T06,11,VIC1-NSW1,VIC1,125,125,4511.0,0.0
2021-02,C2020Q3,T05,C2020Q3T05,11,NSW1-QLD1,NSW1,45,45,426.99,0.0
2021-02,C2020Q3,T05,C2020Q3T05,11,NSW1-QLD1,QLD1,100,100,10055.0,0.0
2021-02,C2020Q3,T05,C2020Q3T05,11,V-SA,SA1,64,64,5635.0,0.0
2021-02,C2020Q3,T05,C2020Q3T05,11,V-SA,VIC1,73,73,2286.72,0.0
2021-02,C2020Q3,T05,C2020Q3T05,11,VIC1-NSW1,NSW1,108,108,2025.0,0.0
2021-02,C2020Q3,T05,C2020Q3T05,11,VIC1-NSW1,VIC1,125,125,5052.0,0.0
2021-02,C2020Q4,T04,C2020Q4T04,11,NSW1-QLD1,NSW1,45,45,750.0,0.0
2021-02,C2020Q4,T04,C2020Q4T04,11,NSW1-QLD1,QLD1,100,100,6384.0,0.0
2021-02,C2020Q4,T04,C2020Q4T04,11,V-SA,SA1,64,64,5741.0,0.0
2021-02,C2020Q4,T04,C2020Q4T04,11,V-SA,VIC1,73,73,2815.2,0.0
2021-02,C2020Q4,T04,C2020Q4T04,11,VIC1-NSW1,NSW1,108,108,1999.0,0.0
2021-02,C2020Q4,T04,C2020Q4T04,11,VIC1-NSW1,VIC1,125,125,4447.87,0.0
2021-02,C2021Q1,T03,C2021Q1T03,11,NSW1-QLD1,NSW1,45,45,4150.0,0.0
2021-02,C2021Q1,T03,C2021Q1T03,11,NSW1-QLD1,QLD1,100,100,9089.84,0.0
2021-02,C2021Q1,T03,C2021Q1T03,11,V-SA,SA1,64,64,8140.0,0.0
2021-02,C2021Q1,T03,C2021Q1T03,11,V-SA,VIC1,73,73,8100.94,0.0
2021-02,C2021Q1,T03,C2021Q1T03,11,VIC1-NSW1,NSW1,108,108,4428.0,0.0
2021-02,C2021Q1,T03,C2021Q1T03,11,VIC1-NSW1,VIC1,125,125,5616.0,0.0
2021-02,C2021Q2,T02,C2021Q2T02,11,NSW1-QLD1,NSW1,45,45,427.02,0.0
2021-02,C2021Q2,T02,C2021Q2T02,11,NSW1-QLD1,QLD1,100,100,7332.97,0.0
2021-02,C2021Q2,T02,C2021Q2T02,11,V-SA,SA1,64,64,5494.0,0.0
2021-02,C2021Q2,T02,C2021Q2T02,11,V-SA,VIC1,73,73,2730.0,0.0
2021-02,C2021Q2,T02,C2021Q2T02,11,VIC1-NSW1,NSW1,108,108,2184.0,0.0
2021-02,C2021Q2,T02,C2021Q2T02,11,VIC1-NSW1,VIC1,125,125,4306.0,0.0
2021-02,C2021Q3,T01,C2021Q3T01,11,NSW1-QLD1,NSW1,45,45,502.0,0.0
2021-02,C2021Q3,T01,C2021Q3T01,11,NSW1-QLD1,QLD1,100,100,10228.2,0.0
2021-02,C2021Q3,T01,C2021Q3T01,11,V-SA,SA1,64,64,9568.8,0.0
2021-02,C2021Q3,T01,C2021Q3T01,11,V-SA,VIC1,73,73,2760.0,0.0
2021-02,C2021Q3,T01,C2021Q3T01,11,VIC1-NSW1,NSW1,108,108,2208.0,0.0
2021-02,C2021Q3,T01,C2021Q3T01,11,VIC1-NSW1,VIC1,125,125,5918.4,0.0
2021-02,C2019Q1,T12,C2019Q1T12,11,NSW1-QLD1,NSW1,55,55,2501.98,0.0
2021-02,C2019Q1,T12,C2019Q1T12,11,NSW1-QLD1,QLD1,100,100,12750.0,0.0
2021-02,C2019Q1,T12,C2019Q1T12,11,V-SA,SA1,66,66,4536.0,0.0
2021-02,C2019Q1,T12,C2019Q1T12,11,V-SA,VIC1,77,77,7205.89,0.0
2021-02,C2019Q1,T12,C2019Q1T12,11,VIC1-NSW1,NSW1,112,112,6500.0,0.0
2021-02,C2019Q1,T12,C2019Q1T12,11,VIC1-NSW1,VIC1,125,125,4999.37,0.0
2021-02,C2019Q2,T11,C2019Q2T11,11,NSW1-QLD1,NSW1,45,45,283.0,0.0
2021-02,C2019Q2,T11,C2019Q2T11,11,NSW1-QLD1,QLD1,100,100,12352.0,0.0
2021-02,C2019Q2,T11,C2019Q2T11,11,V-SA,SA1,64,64,2694.0,0.0
2021-02,C2019Q2,T11,C2019Q2T11,11,V-SA,VIC1,73,73,2135.0,0.0
2021-02,C2019Q2,T11,C2019Q2T11,11,VIC1-NSW1,NSW1,108,108,3015.0,0.0
2021-02,C2019Q2,T11,C2019Q2T11,11,VIC1-NSW1,VIC1,125,125,3851.52,0.0
2021-02,C2019Q3,T10,C2019Q3T10,11,NSW1-QLD1,NSW1,45,45,420.0,0.0
2021-02,C2019Q3,T10,C2019Q3T10,11,NSW1-QLD1,QLD1,100,100,11001.98,0.0
2021-02,C2019Q3,T10,C2019Q3T10,11,V-SA,SA1,64,64,5505.55,0.0
2021-02,C2019Q3,T10,C2019Q3T10,11,V-SA,VIC1,73,73,1930.0,0.0
2021-02,C2019Q3,T10,C2019Q3T10,11,VIC1-NSW1,NSW1,108,108,3015.0,0.0
2021-02,C2019Q3,T10,C2019Q3T10,11,VIC1-NSW1,VIC1,125,125,5213.0,0.0
2021-02,C2019Q4,T09,C2019Q4T09,11,NSW1-QLD1,NSW1,45,45,1001.43,0.0
2021-02,C2019Q4,T09,C2019Q4T09,11,NSW1-QLD1,QLD1,100,100,6500.0,0.0
2021-02,C2019Q4,T09,C2019Q4T09,11,V-SA,SA1,64,64,4858.0,0.0
2021-02,C2019Q4,T09,C2019Q4T09,11,V-SA,VIC1,73,73,1911.0,0.0
2021-02,C2019Q4,T09,C2019Q4T09,11,VIC1-NSW1,NSW1,108,108,3001.85,0.0
2021-02,C2019Q4,T09,C2019Q4T09,11,VIC1-NSW1,VIC1,125,125,4230.0,0.0
2021-02,C2020Q1,T08,C2020Q1T08,11,NSW1-QLD1,NSW1,45,45,4354.0,0.0
2021-02,C2020Q1,T08,C2020Q1T08,11,NSW1-QLD1,QLD1,100,100,9078.0,0.0
2021-02,C2020Q1,T08,C2020Q1T08,11,V-SA,SA1,64,64,4116.22,0.0
2021-02,C2020Q1,T08,C2020Q1T08,11,V-SA,VIC1,73,73,7113.0,0.0
2021-02,C2020Q1,T08,C2020Q1T08,11,VIC1-NSW1,NSW1,108,108,3910.0,0.0
2021-02,C2020Q1,T08,C2020Q1T08,11,VIC1-NSW1,VIC1,125,125,4270.0,0.0
2021-02,C2020Q2,T07,C2020Q2T07,11,NSW1-QLD1,NSW1,45,45,381.0,0.0
2021-02,C2020Q2,T07,C2020Q2T07,11,NSW1-QLD1,QLD1,100,100,9279.0,0.0
2021-02,C2020Q2,T07,C2020Q2T07,11,V-SA,SA1,64,64,4368.0,0.0
2021-02,C2020Q2,T07,C2020Q2T07,11,V-SA,VIC1,73,73,1768.0,0.0
2021-02,C2020Q2,T07,C2020Q2T07,11,VIC1-NSW1,NSW1,108,108,2175.0,0.0
2021-02,C2020Q2,T07,C2020Q2T07,11,VIC1-NSW1,VIC1,125,125,4111.0,0.0
2021-02,C2020Q3,T06,C2020Q3T06,11,NSW1-QLD1,NSW1,45,45,366.0,0.0
2021-02,C2020Q3,T06,C2020Q3T06,11,NSW1-QLD1,QLD1,100,100,8942.0,0.0
2021-02,C2020Q3,T06,C2020Q3T06,11,V-SA,SA1,64,64,4933.0,0.0
2021-02,C2020Q3,T06,C2020Q3T06,11,V-SA,VIC1,73,73,1730.0,0.0
2021-02,C2020Q3,T06,C2020Q3T06,11,VIC1-NSW1,NSW1,108,108,1975.0,0.0
2021-02,C2020Q3,T06,C2020Q3T06,11,VIC1-NSW1,VIC1,125,125,5382.0,0.0
2021-02,C2020Q4,T05,C2020Q4T05,11,NSW1-QLD1,NSW1,45,45,875.0,0.0
2021-02,C2020Q4,T05,C2020Q4T05,11,NSW1-QLD1,QLD1,100,100,5858.0,0.0
2021-02,C2020Q4,T05,C2020Q4T05,11,V-SA,SA1,64,64,4933.0,0.0
2021-02,C2020Q4,T05,C2020Q4T05,11,V-SA,VIC1,73,73,1916.88,0.0
2021-02,C2020Q4,T05,C2020Q4T05,11,VIC1-NSW1,NSW1,108,108,2208.0,0.0
2021-02,C2020Q4,T05,C2020Q4T05,11,VIC1-NSW1,VIC1,125,125,4269.96,0.0
2021-02,C2021Q1,T04,C2021Q1T04,11,NSW1-QLD1,NSW1,45,45,3650.0,0.0
2021-02,C2021Q1,T04,C2021Q1T04,11,NSW1-QLD1,QLD1,100,100,8554.0,0.0
2021-02,C2021Q1,T04,C2021Q1T04,11,V-SA,SA1,64,64,4933.0,0.0
2021-02,C2021Q1,T04,C2021Q1T04,11,V-SA,VIC1,73,73,7128.0,0.0
2021-02,C2021Q1,T04,C2021Q1T04,11,VIC1-NSW1,NSW1,108,108,3780.0,0.0
2021-02,C2021Q1,T04,C2021Q1T04,11,VIC1-NSW1,VIC1,125,125,5362.0,0.0
2021-02,C2021Q2,T03,C2021Q2T03,11,NSW1-QLD1,NSW1,45,45,387.0,0.0
2021-02,C2021Q2,T03,C2021Q2T03,11,NSW1-QLD1,QLD1,100,100,7316.0,0.0
2021-02,C2021Q2,T03,C2021Q2T03,11,V-SA,SA1,64,64,4933.0,0.0
2021-02,C2021Q2,T03,C2021Q2T03,11,V-SA,VIC1,73,73,1885.0,0.0
2021-02,C2021Q2,T03,C2021Q2T03,11,VIC1-NSW1,NSW1,108,108,1856.0,0.0
2021-02,C2021Q2,T03,C2021Q2T03,11,VIC1-NSW1,VIC1,125,125,4026.0,0.0
2021-02,C2021Q3,T02,C2021Q3T02,11,NSW1-QLD1,NSW1,45,45,800.0,0.0
2021-02,C2021Q3,T02,C2021Q3T02,11,NSW1-QLD1,QLD1,100,100,6003.0,0.0
2021-02,C2021Q3,T02,C2021Q3T02,11,V-SA,SA1,64,64,6315.41,0.0
2021-02,C2021Q3,T02,C2021Q3T02,11,V-SA,VIC1,73,73,2525.0,0.0
2021-02,C2021Q3,T02,C2021Q3T02,11,VIC1-NSW1,NSW1,108,108,1975.0,0.0
2021-02,C2021Q3,T02,C2021Q3T02,11,VIC1-NSW1,VIC1,125,125,5602.0,0.0
2021-02,C2021Q4,T01,C2021Q4T01,11,NSW1-QLD1,NSW1,45,45,970.0,0.0
2021-02,C2021Q4,T01,C2021Q4T01,11,NSW1-QLD1,QLD1,100,100,5741.0,0.0
2021-02,C2021Q4,T01,C2021Q4T01,11,V-SA,SA1,64,64,4933.0,0.0
2021-02,C2021Q4,T01,C2021Q4T01,11,V-SA,VIC1,73,73,2525.0,0.0
2021-02,C2021Q4,T01,C2021Q4T01,11,VIC1-NSW1,NSW1,108,108,2208.0,0.0
2021-02,C2020Q4,T12,C2020Q4T12,18,NSW1-QLD1,NSW1,157,55,804.0,0.0
2021-02,C2020Q4,T12,C2020Q4T12,18,NSW1-QLD1,QLD1,210,100,10450.0,0.0
2021-02,C2020Q4,T12,C2020Q4T12,18,V-SA,SA1,91,66,6500.85,0.0
2021-02,C2020Q4,T12,C2020Q4T12,18,V-SA,VIC1,97,77,3000.33,0.0
2021-02,C2020Q4,T12,C2020Q4T12,18,VIC1-NSW1,NSW1,222,112,2755.0,0.0
2021-02,C2020Q4,T12,C2020Q4T12,18,VIC1-NSW1,VIC1,285,126,4500.0,0.0
2021-02,C2021Q1,T11,C2021Q1T11,18,NSW1-QLD1,NSW1,79,45,1755.0,0.0
2021-02,C2021Q1,T11,C2021Q1T11,18,NSW1-QLD1,QLD1,150,100,19785.0,0.0
2021-02,C2021Q1,T11,C2021Q1T11,18,V-SA,SA1,89,64,6750.0,0.0
2021-02,C2021Q1,T11,C2021Q1T11,18,V-SA,VIC1,93,73,5500.0,0.0
2021-02,C2021Q1,T11,C2021Q1T11,18,VIC1-NSW1,NSW1,188,108,8500.93,0.0
2021-02,C2021Q1,T11,C2021Q1T11,18,VIC1-NSW1,VIC1,175,125,6975.0,0.0
2021-02,C2021Q2,T10,C2021Q2T10,18,NSW1-QLD1,NSW1,45,45,160.36,0.0
2021-02,C2021Q2,T10,C2021Q2T10,18,NSW1-QLD1,QLD1,175,100,11750.0,0.0
2021-02,C2021Q2,T10,C2021Q2T10,18,V-SA,SA1,109,64,3850.0,0.0
2021-02,C2021Q2,T10,C2021Q2T10,18,V-SA,VIC1,108,73,1780.0,0.0
2021-02,C2021Q2,T10,C2021Q2T10,18,VIC1-NSW1,NSW1,199,108,1300.84,0.0
2021-02,C2021Q2,T10,C2021Q2T10,18,VIC1-NSW1,VIC1,205,125,4007.84,0.0
2021-02,C2021Q3,T09,C2021Q3T09,18,NSW1-QLD1,NSW1,45,45,252.0,0.0
2021-02,C2021Q3,T09,C2021Q3T09,18,NSW1-QLD1,QLD1,180,100,12950.12,0.0
2021-02,C2021Q3,T09,C2021Q3T09,18,V-SA,SA1,109,64,4504.0,0.0
2021-02,C2021Q3,T09,C2021Q3T09,18,V-SA,VIC1,113,73,1600.94,0.0
2021-02,C2021Q3,T09,C2021Q3T09,18,VIC1-NSW1,NSW1,247,108,1304.0,0.0
2021-02,C2021Q3,T09,C2021Q3T09,18,VIC1-NSW1,VIC1,185,125,4500.0,0.0
2021-02,C2021Q4,T08,C2021Q4T08,18,NSW1-QLD1,NSW1,108,45,604.0,0.0
2021-02,C2021Q4,T08,C2021Q4T08,18,NSW1-QLD1,QLD1,160,100,11150.0,0.0
2021-02,C2021Q4,T08,C2021Q4T08,18,V-SA,SA1,109,64,4833.66,0.0
2021-02,C2021Q4,T08,C2021Q4T08,18,V-SA,VIC1,137,73,2127.76,0.0
2021-02,C2021Q4,T08,C2021Q4T08,18,VIC1-NSW1,NSW1,148,108,1504.0,0.0
2021-02,C2021Q4,T08,C2021Q4T08,18,VIC1-NSW1,VIC1,205,125,5250.0,0.0
2021-02,C2022Q1,T07,C2022Q1T07,18,NSW1-QLD1,NSW1,54,45,2350.0,0.0
2021-02,C2022Q1,T07,C2022Q1T07,18,NSW1-QLD1,QLD1,136,100,16000.0,0.0
2021-02,C2022Q1,T07,C2022Q1T07,18,V-SA,SA1,64,64,5143.26,0.0
2021-02,C2022Q1,T07,C2022Q1T07,18,V-SA,VIC1,73,73,7019.42,0.0
2021-02,C2021Q4,T01,C2021Q4T01,11,VIC1-NSW1,VIC1,125,125,5000.0,0.0
2021-02,C2019Q2,T12,C2019Q2T12,18,NSW1-QLD1,NSW1,55,55,184.0,0.0
2021-02,C2019Q2,T12,C2019Q2T12,18,NSW1-QLD1,QLD1,100,100,12329.0,0.0
2021-02,C2019Q2,T12,C2019Q2T12,18,V-SA,SA1,66,66,2184.0,0.0
2021-02,C2019Q2,T12,C2019Q2T12,18,V-SA,VIC1,77,77,2600.68,0.0
2021-02,C2019Q2,T12,C2019Q2T12,18,VIC1-NSW1,NSW1,112,112,3489.0,0.0
2021-02,C2019Q2,T12,C2019Q2T12,18,VIC1-NSW1,VIC1,125,125,3500.94,0.0
2021-02,C2019Q3,T11,C2019Q3T11,18,NSW1-QLD1,NSW1,45,45,395.0,0.0
2021-02,C2019Q3,T11,C2019Q3T11,18,NSW1-QLD1,QLD1,100,100,11758.0,0.0
2021-02,C2019Q3,T11,C2019Q3T11,18,V-SA,SA1,64,64,5000.0,0.0
2021-02,C2019Q3,T11,C2019Q3T11,18,V-SA,VIC1,73,73,1447.5,0.0
2021-02,C2019Q3,T11,C2019Q3T11,18,VIC1-NSW1,NSW1,108,108,3075.3,0.0
2021-02,C2019Q3,T11,C2019Q3T11,18,VIC1-NSW1,VIC1,125,125,4344.0,0.0
2021-02,C2019Q4,T10,C2019Q4T10,18,NSW1-QLD1,NSW1,45,45,675.0,0.0
2021-02,C2019Q4,T10,C2019Q4T10,18,NSW1-QLD1,QLD1,100,100,8937.79,0.0
2021-02,C2019Q4,T10,C2019Q4T10,18,V-SA,SA1,64,64,4416.0,0.0
2021-02,C2019Q4,T10,C2019Q4T10,18,V-SA,VIC1,73,73,1600.0,0.0
2021-02,C2019Q4,T10,C2019Q4T10,18,VIC1-NSW1,NSW1,108,108,3350.0,0.0
2021-02,C2019Q4,T10,C2019Q4T10,18,VIC1-NSW1,VIC1,125,125,5203.0,0.0
2021-02,C2020Q1,T09,C2020Q1T09,18,NSW1-QLD1,NSW1,45,45,2516.0,0.0
2021-02,C2020Q1,T09,C2020Q1T09,18,NSW1-QLD1,QLD1,100,100,12895.0,0.0
2021-02,C2020Q1,T09,C2020Q1T09,18,V-SA,SA1,64,64,4611.0,0.0
2021-02,C2020Q1,T09,C2020Q1T09,18,V-SA,VIC1,73,73,6231.9,0.0
2021-02,C2020Q1,T09,C2020Q1T09,18,VIC1-NSW1,NSW1,108,108,6750.0,0.0
2021-02,C2020Q1,T09,C2020Q1T09,18,VIC1-NSW1,VIC1,125,125,4822.4,0.0
2021-02,C2020Q2,T08,C2020Q2T08,18,NSW1-QLD1,NSW1,45,45,240.0,0.0
2021-02,C2020Q2,T08,C2020Q2T08,18,NSW1-QLD1,QLD1,100,100,10434.0,0.0
2021-02,C2020Q2,T08,C2020Q2T08,18,V-SA,SA1,64,64,4000.0,0.0
2021-02,C2020Q2,T08,C2020Q2T08,18,V-SA,VIC1,73,73,1811.0,0.0
2021-02,C2020Q2,T08,C2020Q2T08,18,VIC1-NSW1,NSW1,108,108,1638.0,0.0
2021-02,C2020Q2,T08,C2020Q2T08,18,VIC1-NSW1,VIC1,125,125,4175.0,0.0
2021-02,C2020Q3,T07,C2020Q3T07,18,NSW1-QLD1,NSW1,45,45,281.0,0.0
2021-02,C2020Q3,T07,C2020Q3T07,18,NSW1-QLD1,QLD1,100,100,10730.4,0.0
2021-02,C2020Q3,T07,C2020Q3T07,18,V-SA,SA1,64,64,4416.0,0.0
2021-02,C2020Q3,T07,C2020Q3T07,18,V-SA,VIC1,73,73,1557.0,0.0
2021-02,C2020Q3,T07,C2020Q3T07,18,VIC1-NSW1,NSW1,108,108,1656.0,0.0
2021-02,C2020Q3,T07,C2020Q3T07,18,VIC1-NSW1,VIC1,125,125,5166.72,0.0
2021-02,C2020Q4,T06,C2020Q4T06,18,NSW1-QLD1,NSW1,45,45,675.0,0.0
2021-02,C2020Q4,T06,C2020Q4T06,18,NSW1-QLD1,QLD1,100,100,8650.0,0.0
2021-02,C2020Q4,T06,C2020Q4T06,18,V-SA,SA1,64,64,4416.0,0.0
2021-02,C2020Q4,T06,C2020Q4T06,18,V-SA,VIC1,73,73,2000.0,0.0
2021-02,C2020Q4,T06,C2020Q4T06,18,VIC1-NSW1,NSW1,108,108,2000.0,0.0
2021-02,C2020Q4,T06,C2020Q4T06,18,VIC1-NSW1,VIC1,125,125,4650.0,0.0
2021-02,C2021Q1,T05,C2021Q1T05,18,NSW1-QLD1,NSW1,45,45,3320.0,0.0
2021-02,C2021Q1,T05,C2021Q1T05,18,NSW1-QLD1,QLD1,100,100,10692.5,0.0
2021-02,C2021Q1,T05,C2021Q1T05,18,V-SA,SA1,64,64,5372.4,0.0
2021-02,C2021Q1,T05,C2021Q1T05,18,V-SA,VIC1,73,73,6480.0,0.0
2021-02,C2021Q1,T05,C2021Q1T05,18,VIC1-NSW1,NSW1,108,108,4150.0,0.0
2021-02,C2021Q1,T05,C2021Q1T05,18,VIC1-NSW1,VIC1,125,125,4875.0,0.0
2021-02,C2021Q2,T04,C2021Q2T04,18,NSW1-QLD1,NSW1,45,45,300.0,0.0
2021-02,C2021Q2,T04,C2021Q2T04,18,NSW1-QLD1,QLD1,100,100,9001.0,0.0
2021-02,C2021Q2,T04,C2021Q2T04,18,V-SA,SA1,64,64,4368.0,0.0
2021-02,C2021Q2,T04,C2021Q2T04,18,V-SA,VIC1,73,73,2149.0,0.0
2021-02,C2021Q2,T04,C2021Q2T04,18,VIC1-NSW1,NSW1,108,108,1638.0,0.0
2021-02,C2021Q2,T04,C2021Q2T04,18,VIC1-NSW1,VIC1,125,125,4350.0,0.0
2021-02,C2021Q3,T03,C2021Q3T03,18,NSW1-QLD1,NSW1,45,45,800.0,0.0
2021-02,C2021Q3,T03,C2021Q3T03,18,NSW1-QLD1,QLD1,100,100,7729.0,0.0
2021-02,C2021Q3,T03,C2021Q3T03,18,V-SA,SA1,64,64,6315.41,0.0
2021-02,C2021Q3,T03,C2021Q3T03,18,V-SA,VIC1,73,73,2272.5,0.0
2021-02,C2021Q3,T03,C2021Q3T03,18,VIC1-NSW1,NSW1,108,108,1656.0,0.0
2021-02,C2021Q3,T03,C2021Q3T03,18,VIC1-NSW1,VIC1,125,125,5681.66,0.0
2021-02,C2021Q4,T02,C2021Q4T02,18,NSW1-QLD1,NSW1,45,45,800.0,0.0
2021-02,C2021Q4,T02,C2021Q4T02,18,NSW1-QLD1,QLD1,100,100,7176.25,0.0
2021-02,C2021Q4,T02,C2021Q4T02,18,V-SA,SA1,64,64,4933.0,0.0
2021-02,C2021Q4,T02,C2021Q4T02,18,V-SA,VIC1,73,73,2396.1,0.0
2021-02,C2021Q4,T02,C2021Q4T02,18,VIC1-NSW1,NSW1,108,108,2208.0,0.0
2021-02,C2021Q4,T02,C2021Q4T02,18,VIC1-NSW1,VIC1,125,125,4823.0,0.0
2021-02,C2022Q1,T01,C2022Q1T01,18,NSW1-QLD1,NSW1,45,45,3320.0,0.0
2021-02,C2022Q1,T01,C2022Q1T01,18,NSW1-QLD1,QLD1,100,100,10141.0,0.0
2021-02,C2022Q1,T01,C2022Q1T01,18,V-SA,SA1,64,64,5372.4,0.0
2021-02,C2022Q1,T01,C2022Q1T01,18,V-SA,VIC1,73,73,6097.0,0.0
2021-02,C2022Q1,T01,C2022Q1T01,18,VIC1-NSW1,NSW1,108,108,3850.0,0.0
2021-02,C2022Q1,T01,C2022Q1T01,18,VIC1-NSW1,VIC1,125,125,5350.0,0.0
2021-02,C2020Q1,T12,C2020Q1T12,24,NSW1-QLD1,NSW1,147,55,2184.0,0.0
2021-02,C2020Q1,T12,C2020Q1T12,24,NSW1-QLD1,QLD1,315,111,13000.0,0.0
2021-02,C2020Q1,T12,C2020Q1T12,24,V-SA,SA1,93,66,8099.0,0.0
2021-02,C2020Q1,T12,C2020Q1T12,24,V-SA,VIC1,139,78,5500.0,0.0
2021-02,C2020Q1,T12,C2020Q1T12,24,VIC1-NSW1,NSW1,280,138,10576.0,0.0
2021-02,C2020Q1,T12,C2020Q1T12,24,VIC1-NSW1,VIC1,432,125,3600.0,0.0
2021-02,C2020Q2,T11,C2020Q2T11,24,NSW1-QLD1,NSW1,112,45,207.96,0.0
2021-02,C2020Q2,T11,C2020Q2T11,24,NSW1-QLD1,QLD1,248,105,14200.0,0.0
2021-02,C2020Q2,T11,C2020Q2T11,24,V-SA,SA1,74,64,10088.0,0.0
2021-02,C2020Q2,T11,C2020Q2T11,24,V-SA,VIC1,185,73,1208.95,0.0
2021-02,C2020Q2,T11,C2020Q2T11,24,VIC1-NSW1,NSW1,211,108,2839.0,0.0
2021-02,C2020Q2,T11,C2020Q2T11,24,VIC1-NSW1,VIC1,297,125,2807.0,0.0
2021-02,C2020Q3,T10,C2020Q3T10,24,NSW1-QLD1,NSW1,112,45,200.0,0.0
2021-02,C2020Q3,T10,C2020Q3T10,24,NSW1-QLD1,QLD1,240,100,16889.0,0.0
2021-02,C2020Q3,T10,C2020Q3T10,24,V-SA,SA1,74,64,12250.0,0.0
2021-02,C2020Q3,T10,C2020Q3T10,24,V-SA,VIC1,185,73,1100.0,0.0
2021-02,C2020Q3,T10,C2020Q3T10,24,VIC1-NSW1,NSW1,239,108,2437.5,0.0
2021-02,C2020Q3,T10,C2020Q3T10,24,VIC1-NSW1,VIC1,297,125,3957.0,0.0
2021-02,C2020Q4,T09,C2020Q4T09,24,NSW1-QLD1,NSW1,170,45,675.0,0.0
2021-02,C2020Q4,T09,C2020Q4T09,24,NSW1-QLD1,QLD1,228,100,14200.0,0.0
2021-02,C2020Q4,T09,C2020Q4T09,24,V-SA,SA1,74,64,13751.0,0.0
2021-02,C2020Q4,T09,C2020Q4T09,24,V-SA,VIC1,163,73,1278.4,0.0
2021-02,C2020Q4,T09,C2020Q4T09,24,VIC1-NSW1,NSW1,204,109,3000.0,0.0
2021-02,C2020Q4,T09,C2020Q4T09,24,VIC1-NSW1,VIC1,243,125,5503.0,0.0
2021-02,C2021Q1,T08,C2021Q1T08,24,NSW1-QLD1,NSW1,69,45,2500.0,0.0
2021-02,C2021Q1,T08,C2021Q1T08,24,NSW1-QLD1,QLD1,256,100,13517.0,0.0
2021-02,C2021Q1,T08,C2021Q1T08,24,V-SA,SA1,78,64,7413.91,0.0
2021-02,C2021Q1,T08,C2021Q1T08,24,V-SA,VIC1,89,73,2666.0,0.0
2021-02,C2021Q1,T08,C2021Q1T08,24,VIC1-NSW1,NSW1,137,119,8718.75,0.0
2021-02,C2021Q1,T08,C2021Q1T08,24,VIC1-NSW1,VIC1,313,125,5620.0,0.0
2021-02,C2021Q2,T07,C2021Q2T07,24,NSW1-QLD1,NSW1,89,45,150.0,0.0
2021-02,C2021Q2,T07,C2021Q2T07,24,NSW1-QLD1,QLD1,159,100,10679.76,0.0
2021-02,C2021Q2,T07,C2021Q2T07,24,V-SA,SA1,74,64,10507.57,0.0
2021-02,C2021Q2,T07,C2021Q2T07,24,V-SA,VIC1,147,73,1509.0,0.0
2021-02,C2021Q2,T07,C2021Q2T07,24,VIC1-NSW1,NSW1,144,108,1706.0,0.0
2021-02,C2021Q2,T07,C2021Q2T07,24,VIC1-NSW1,VIC1,189,125,4793.0,0.0
2021-02,C2021Q3,T06,C2021Q3T06,24,NSW1-QLD1,NSW1,48,45,245.0,0.0
2021-02,C2021Q3,T06,C2021Q3T06,24,NSW1-QLD1,QLD1,171,100,11542.0,0.0
2021-02,C2021Q3,T06,C2021Q3T06,24,V-SA,SA1,74,64,10005.0,0.0
2021-02,C2021Q3,T06,C2021Q3T06,24,V-SA,VIC1,119,73,1413.12,0.0
2021-02,C2021Q3,T06,C2021Q3T06,24,VIC1-NSW1,NSW1,187,108,1656.0,0.0
2021-02,C2021Q3,T06,C2021Q3T06,24,VIC1-NSW1,VIC1,183,125,5420.0,0.0
2021-02,C2021Q4,T05,C2021Q4T05,24,NSW1-QLD1,NSW1,74,45,700.0,0.0
2021-02,C2021Q4,T05,C2021Q4T05,24,NSW1-QLD1,QLD1,135,100,10666.0,0.0
2021-02,C2021Q4,T05,C2021Q4T05,24,V-SA,SA1,74,64,12501.0,0.0
2021-02,C2021Q4,T05,C2021Q4T05,24,V-SA,VIC1,119,73,1642.55,0.0
2021-02,C2021Q4,T05,C2021Q4T05,24,VIC1-NSW1,NSW1,144,108,2002.0,0.0
2021-02,C2021Q4,T05,C2021Q4T05,24,VIC1-NSW1,VIC1,162,125,5270.0,0.0
2021-02,C2022Q1,T04,C2022Q1T04,24,NSW1-QLD1,NSW1,56,45,2222.5,0.0
2021-02,C2022Q1,T04,C2022Q1T04,24,NSW1-QLD1,QLD1,135,100,8512.0,0.0
2021-02,C2022Q1,T04,C2022Q1T04,24,V-SA,SA1,64,64,5540.0,0.0
2021-02,C2022Q1,T04,C2022Q1T04,24,V-SA,VIC1,88,73,2800.0,0.0
2021-02,C2022Q1,T04,C2022Q1T04,24,VIC1-NSW1,NSW1,113,108,6010.0,0.0
2021-02,C2022Q1,T04,C2022Q1T04,24,VIC1-NSW1,VIC1,217,125,5890.0,0.0
2021-02,C2022Q2,T03,C2022Q2T03,24,NSW1-QLD1,NSW1,50,45,200.0,0.0
2021-02,C2022Q2,T03,C2022Q2T03,24,NSW1-QLD1,QLD1,100,100,10750.0,0.0
2021-02,C2022Q2,T03,C2022Q2T03,24,V-SA,SA1,64,64,9889.2,0.0
2021-02,C2022Q2,T03,C2022Q2T03,24,V-SA,VIC1,88,73,1000.0,0.0
2021-02,C2022Q2,T03,C2022Q2T03,24,VIC1-NSW1,NSW1,134,108,1747.0,0.0
2021-02,C2022Q2,T03,C2022Q2T03,24,VIC1-NSW1,VIC1,125,125,5822.0,0.0
2021-02,C2022Q3,T02,C2022Q3T02,24,NSW1-QLD1,NSW1,45,45,220.0,0.0
2021-02,C2022Q3,T02,C2022Q3T02,24,NSW1-QLD1,QLD1,100,100,10465.92,0.0
2021-02,C2022Q3,T02,C2022Q3T02,24,V-SA,SA1,64,64,10006.0,0.0
2021-02,C2022Q3,T02,C2022Q3T02,24,V-SA,VIC1,74,73,1000.0,0.0
2021-02,C2022Q3,T02,C2022Q3T02,24,VIC1-NSW1,NSW1,113,108,1656.0,0.0
2021-02,C2022Q3,T02,C2022Q3T02,24,VIC1-NSW1,VIC1,125,125,5822.0,0.0
2021-02,C2022Q4,T01,C2022Q4T01,24,NSW1-QLD1,NSW1,45,45,625.0,0.0
2021-02,C2022Q4,T01,C2022Q4T01,24,NSW1-QLD1,QLD1,100,100,10666.0,0.0
2021-02,C2022Q4,T01,C2022Q4T01,24,V-SA,SA1,64,64,12501.0,0.0
2021-02,C2022Q4,T01,C2022Q4T01,24,V-SA,VIC1,73,73,1346.0,0.0
2021-02,C2022Q4,T01,C2022Q4T01,24,VIC1-NSW1,NSW1,108,108,2208.0,0.0
2021-02,C2022Q4,T01,C2022Q4T01,24,VIC1-NSW1,VIC1,125,125,5979.0,0.0
2021-02,C2020Q2,T12,C2020Q2T12,34,NSW1-QLD1,NSW1,90,55,174.14,0.0
2021-02,C2020Q2,T12,C2020Q2T12,34,NSW1-QLD1,QLD1,230,107,13890.24,0.0
2021-02,C2020Q2,T12,C2020Q2T12,34,V-SA,SA1,96,66,10592.4,0.0
2021-02,C2020Q2,T12,C2020Q2T12,34,V-SA,VIC1,177,77,1250.0,0.0
2021-02,C2020Q2,T12,C2020Q2T12,34,VIC1-NSW1,NSW1,286,132,1482.0,0.0
2021-02,C2020Q2,T12,C2020Q2T12,34,VIC1-NSW1,VIC1,335,155,5865.0,0.0
2021-02,C2020Q3,T11,C2020Q3T11,34,NSW1-QLD1,NSW1,80,45,164.27,0.0
2021-02,C2020Q3,T11,C2020Q3T11,34,NSW1-QLD1,QLD1,200,100,14862.32,0.0
2021-02,C2020Q3,T11,C2020Q3T11,34,V-SA,SA1,84,64,13752.0,0.0
2021-02,C2020Q3,T11,C2020Q3T11,34,V-SA,VIC1,148,73,1565.0,0.0
2021-02,C2020Q3,T11,C2020Q3T11,34,VIC1-NSW1,NSW1,311,108,1462.5,0.0
2021-02,C2020Q3,T11,C2020Q3T11,34,VIC1-NSW1,VIC1,262,125,5703.0,0.0
2021-02,C2020Q4,T10,C2020Q4T10,34,NSW1-QLD1,NSW1,97,45,700.0,0.0
2021-02,C2020Q4,T10,C2020Q4T10,34,NSW1-QLD1,QLD1,196,103,13598.0,0.0
2021-02,C2020Q4,T10,C2020Q4T10,34,V-SA,SA1,84,64,13823.0,0.0
2021-02,C2020Q4,T10,C2020Q4T10,34,V-SA,VIC1,133,73,1760.0,0.0
2021-02,C2020Q4,T10,C2020Q4T10,34,VIC1-NSW1,NSW1,288,108,2400.0,0.0
2021-02,C2020Q4,T10,C2020Q4T10,34,VIC1-NSW1,VIC1,296,127,6275.0,0.0
2021-02,C2021Q1,T09,C2021Q1T09,34,NSW1-QLD1,NSW1,62,45,1750.0,0.0
2021-02,C2021Q1,T09,C2021Q1T09,34,NSW1-QLD1,QLD1,185,100,17058.0,0.0
2021-02,C2021Q1,T09,C2021Q1T09,34,V-SA,SA1,119,64,7828.0,0.0
2021-02,C2021Q1,T09,C2021Q1T09,34,V-SA,VIC1,103,73,4532.0,0.0
2021-02,C2021Q1,T09,C2021Q1T09,34,VIC1-NSW1,NSW1,241,108,7560.0,0.0
2021-02,C2021Q1,T09,C2021Q1T09,34,VIC1-NSW1,VIC1,245,146,7218.66,0.0
2021-02,C2021Q2,T08,C2021Q2T08,34,NSW1-QLD1,NSW1,65,45,114.4,0.0
2021-02,C2021Q2,T08,C2021Q2T08,34,NSW1-QLD1,QLD1,180,100,10893.35,0.0
2021-02,C2021Q2,T08,C2021Q2T08,34,V-SA,SA1,64,64,8616.2,0.0
2021-02,C2021Q2,T08,C2021Q2T08,34,V-SA,VIC1,128,73,1131.75,0.0
2021-02,C2021Q2,T08,C2021Q2T08,34,VIC1-NSW1,NSW1,217,108,1000.85,0.0
2021-02,C2021Q2,T08,C2021Q2T08,34,VIC1-NSW1,VIC1,235,125,6216.0,0.0
2021-02,C2021Q3,T07,C2021Q3T07,34,NSW1-QLD1,NSW1,45,45,200.0,0.0
2021-02,C2021Q3,T07,C2021Q3T07,34,NSW1-QLD1,QLD1,180,100,11772.84,0.0
2021-02,C2021Q3,T07,C2021Q3T07,34,V-SA,SA1,64,64,10205.1,0.0
2021-02,C2021Q3,T07,C2021Q3T07,34,V-SA,VIC1,128,73,1550.0,0.0
2021-02,C2021Q3,T07,C2021Q3T07,34,VIC1-NSW1,NSW1,208,108,993.6,0.0
2021-02,C2021Q3,T07,C2021Q3T07,34,VIC1-NSW1,VIC1,240,125,7500.0,0.0
2021-02,C2021Q4,T06,C2021Q4T06,34,NSW1-QLD1,NSW1,45,45,685.0,0.0
2021-02,C2021Q4,T06,C2021Q4T06,34,NSW1-QLD1,QLD1,185,110,11477.0,0.0
2021-02,C2021Q4,T06,C2021Q4T06,34,V-SA,SA1,64,64,12501.0,0.0
2021-02,C2021Q4,T06,C2021Q4T06,34,V-SA,VIC1,103,73,1754.0,0.0
2021-02,C2021Q4,T06,C2021Q4T06,34,VIC1-NSW1,NSW1,213,113,1601.6,0.0
2021-02,C2021Q4,T06,C2021Q4T06,34,VIC1-NSW1,VIC1,230,125,7441.5,0.0
2021-02,C2022Q1,T05,C2022Q1T05,34,NSW1-QLD1,NSW1,45,45,2160.0,0.0
2021-02,C2022Q1,T05,C2022Q1T05,34,NSW1-QLD1,QLD1,156,100,13083.0,0.0
2021-02,C2022Q1,T05,C2022Q1T05,34,V-SA,SA1,89,64,5810.4,0.0
2021-02,C2022Q1,T05,C2022Q1T05,34,V-SA,VIC1,73,73,5762.88,0.0
2021-02,C2022Q1,T05,C2022Q1T05,34,VIC1-NSW1,NSW1,108,108,6310.5,0.0
2021-02,C2022Q1,T05,C2022Q1T05,34,VIC1-NSW1,VIC1,125,125,7556.0,0.0
2021-02,C2022Q2,T04,C2022Q2T04,34,NSW1-QLD1,NSW1,45,45,200.0,0.0
2021-02,C2022Q2,T04,C2022Q2T04,34,NSW1-QLD1,QLD1,140,100,11972.0,0.0
2021-02,C2022Q2,T04,C2022Q2T04,34,V-SA,SA1,64,64,7916.9,0.0
2021-02,C2022Q2,T04,C2022Q2T04,34,V-SA,VIC1,73,73,1054.0,0.0
2021-02,C2022Q2,T04,C2022Q2T04,34,VIC1-NSW1,NSW1,108,108,1092.0,0.0
2021-02,C2022Q2,T04,C2022Q2T04,34,VIC1-NSW1,VIC1,125,125,8000.0,0.0
2021-02,C2022Q3,T03,C2022Q3T03,34,NSW1-QLD1,NSW1,45,45,154.88,0.0
2021-02,C2022Q3,T03,C2022Q3T03,34,NSW1-QLD1,QLD1,100,100,11512.51,0.0
2021-02,C2022Q3,T03,C2022Q3T03,34,V-SA,SA1,64,64,10006.0,0.0
2021-02,C2022Q3,T03,C2022Q3T03,34,V-SA,VIC1,73,73,1007.0,0.0
2021-02,C2022Q3,T03,C2022Q3T03,34,VIC1-NSW1,NSW1,108,108,1101.0,0.0
2021-02,C2022Q3,T03,C2022Q3T03,34,VIC1-NSW1,VIC1,125,125,8000.0,0.0
2021-02,C2022Q4,T02,C2022Q4T02,34,NSW1-QLD1,NSW1,45,45,552.0,0.0
2021-02,C2022Q4,T02,C2022Q4T02,34,NSW1-QLD1,QLD1,100,100,10879.32,0.0
2021-02,C2022Q4,T02,C2022Q4T02,34,V-SA,SA1,64,64,11500.92,0.0
2021-02,C2022Q4,T02,C2022Q4T02,34,V-SA,VIC1,73,73,1480.6,0.0
2021-02,C2022Q4,T02,C2022Q4T02,34,VIC1-NSW1,NSW1,108,108,1766.4,0.0
2021-02,C2022Q4,T02,C2022Q4T02,34,VIC1-NSW1,VIC1,125,125,8000.0,0.0
2021-02,C2023Q1,T01,C2023Q1T01,34,NSW1-QLD1,NSW1,45,45,1955.8,0.0
2021-02,C2023Q1,T01,C2023Q1T01,34,NSW1-QLD1,QLD1,100,100,11065.6,0.0
2021-02,C2023Q1,T01,C2023Q1T01,34,V-SA,SA1,64,64,4709.0,0.0
2021-02,C2023Q1,T01,C2023Q1T01,34,V-SA,VIC1,73,73,4901.18,0.0
2021-02,C2023Q1,T01,C2023Q1T01,34,VIC1-NSW1,NSW1,108,108,6310.5,0.0
2021-02,C2023Q1,T01,C2023Q1T01,34,VIC1-NSW1,VIC1,125,125,8058.0,0.0
2021-02,C2022Q1,T07,C2022Q1T07,18,VIC1-NSW1,NSW1,162,117,8800.0,0.0
2021-02,C2022Q1,T07,C2022Q1T07,18,VIC1-NSW1,VIC1,175,125,9142.76,0.0
2021-02,C2022Q2,T06,C2022Q2T06,18,NSW1-QLD1,NSW1,45,45,351.0,0.0
2021-02,C2022Q2,T06,C2022Q2T06,18,NSW1-QLD1,QLD1,120,100,11650.0,0.0
2021-02,C2022Q2,T06,C2022Q2T06,18,V-SA,SA1,98,64,4000.0,0.0
2021-02,C2022Q2,T06,C2022Q2T06,18,V-SA,VIC1,73,73,1600.0,0.0
2021-02,C2022Q2,T06,C2022Q2T06,18,VIC1-NSW1,NSW1,198,108,841.91,0.0
2021-02,C2022Q2,T06,C2022Q2T06,18,VIC1-NSW1,VIC1,205,125,6619.68,0.0
2021-02,C2022Q3,T05,C2022Q3T05,18,NSW1-QLD1,NSW1,45,45,561.0,0.0
2021-02,C2022Q3,T05,C2022Q3T05,18,NSW1-QLD1,QLD1,100,100,12150.0,0.0
2021-02,C2022Q3,T05,C2022Q3T05,18,V-SA,SA1,84,64,4000.0,0.0
2021-02,C2022Q3,T05,C2022Q3T05,18,V-SA,VIC1,73,73,1750.0,0.0
2021-02,C2022Q3,T05,C2022Q3T05,18,VIC1-NSW1,NSW1,198,108,1104.01,0.0
2021-02,C2022Q3,T05,C2022Q3T05,18,VIC1-NSW1,VIC1,195,125,6501.0,0.0
2021-02,C2022Q4,T04,C2022Q4T04,18,NSW1-QLD1,NSW1,55,45,1254.0,0.0
2021-02,C2022Q4,T04,C2022Q4T04,18,NSW1-QLD1,QLD1,100,100,10900.0,0.0
2021-02,C2022Q4,T04,C2022Q4T04,18,V-SA,SA1,80,64,4666.98,0.0
2021-02,C2022Q4,T04,C2022Q4T04,18,V-SA,VIC1,73,73,2450.0,0.0
2021-02,C2022Q4,T04,C2022Q4T04,18,VIC1-NSW1,NSW1,148,108,1710.37,0.0
2021-02,C2022Q4,T04,C2022Q4T04,18,VIC1-NSW1,VIC1,185,125,6793.1,0.0
2021-02,C2023Q1,T03,C2023Q1T03,18,NSW1-QLD1,NSW1,45,45,2646.0,0.0
2021-02,C2023Q1,T03,C2023Q1T03,18,NSW1-QLD1,QLD1,100,100,14750.0,0.0
2021-02,C2023Q1,T03,C2023Q1T03,18,V-SA,SA1,74,64,5143.26,0.0
2021-02,C2023Q1,T03,C2023Q1T03,18,V-SA,VIC1,73,73,6004.0,0.0
2021-02,C2023Q1,T03,C2023Q1T03,18,VIC1-NSW1,NSW1,133,120,7500.0,0.0
2021-02,C2023Q1,T03,C2023Q1T03,18,VIC1-NSW1,VIC1,125,125,10123.0,0.0
2021-02,C2023Q2,T02,C2023Q2T02,18,NSW1-QLD1,NSW1,45,45,347.6,0.0
2021-02,C2023Q2,T02,C2023Q2T02,18,NSW1-QLD1,QLD1,100,100,11750.0,0.0
2021-02,C2023Q2,T02,C2023Q2T02,18,V-SA,SA1,84,64,4000.0,0.0
2021-02,C2023Q2,T02,C2023Q2T02,18,V-SA,VIC1,73,73,1450.0,0.0
2021-02,C2023Q2,T02,C2023Q2T02,18,VIC1-NSW1,NSW1,158,108,750.0,0.0
2021-02,C2023Q2,T02,C2023Q2T02,18,VIC1-NSW1,VIC1,125,125,7333.0,0.0
2021-02,C2023Q3,T01,C2023Q3T01,18,NSW1-QLD1,NSW1,45,45,257.0,0.0
2021-02,C2023Q3,T01,C2023Q3T01,18,NSW1-QLD1,QLD1,100,100,12150.0,0.0
2021-02,C2023Q3,T01,C2023Q3T01,18,V-SA,SA1,64,64,4000.0,0.0
2021-02,C2023Q3,T01,C2023Q3T01,18,V-SA,VIC1,73,73,1500.0,0.0
2021-02,C2023Q3,T01,C2023Q3T01,18,VIC1-NSW1,NSW1,108,108,750.75,0.0
2021-02,C2023Q3,T01,C2023Q3T01,18,VIC1-NSW1,VIC1,125,125,7040.0,0.0
2021-02,C2021Q1,T12,C2021Q1T12,2,NSW1-QLD1,NSW1,83,55,2104.0,0.0
2021-02,C2021Q1,T12,C2021Q1T12,2,NSW1-QLD1,QLD1,155,100,21956.0,0.0
2021-02,C2021Q1,T12,C2021Q1T12,2,V-SA,SA1,96,66,7500.0,0.0
2021-02,C2021Q1,T12,C2021Q1T12,2,V-SA,VIC1,137,77,5500.0,0.0
2021-02,C2021Q1,T12,C2021Q1T12,2,VIC1-NSW1,NSW1,222,112,6375.69,0.0
2021-02,C2021Q1,T12,C2021Q1T12,2,VIC1-NSW1,VIC1,170,125,9000.0,0.0
2021-02,C2018Q4,T12,C2018Q4T12,12,NSW1-QLD1,NSW1,55,55,666.66,0.0
2021-02,C2018Q4,T12,C2018Q4T12,12,NSW1-QLD1,QLD1,100,100,7001.9,0.0
2021-02,C2018Q4,T12,C2018Q4T12,12,V-SA,SA1,66,66,3446.0,0.0
2021-02,C2018Q4,T12,C2018Q4T12,12,V-SA,VIC1,77,77,2501.55,0.0
2021-02,C2018Q4,T12,C2018Q4T12,12,VIC1-NSW1,NSW1,112,112,2030.88,0.0
2021-02,C2018Q4,T12,C2018Q4T12,12,VIC1-NSW1,VIC1,125,125,5125.0,0.0
2021-02,C2019Q1,T11,C2019Q1T11,12,NSW1-QLD1,NSW1,45,45,2567.37,0.0
2021-02,C2019Q1,T11,C2019Q1T11,12,NSW1-QLD1,QLD1,100,100,13812.0,0.0
2021-02,C2019Q1,T11,C2019Q1T11,12,V-SA,SA1,64,64,4997.86,0.0
2021-02,C2019Q1,T11,C2019Q1T11,12,V-SA,VIC1,73,73,6071.0,0.0
2021-02,C2019Q1,T11,C2019Q1T11,12,VIC1-NSW1,NSW1,108,108,7011.0,0.0
2021-02,C2019Q1,T11,C2019Q1T11,12,VIC1-NSW1,VIC1,125,125,6012.0,0.0
2021-02,C2019Q2,T10,C2019Q2T10,12,NSW1-QLD1,NSW1,45,45,393.0,0.0
2021-02,C2019Q2,T10,C2019Q2T10,12,NSW1-QLD1,QLD1,100,100,12500.0,0.0
2021-02,C2019Q2,T10,C2019Q2T10,12,V-SA,SA1,64,64,5030.55,0.0
2021-02,C2019Q2,T10,C2019Q2T10,12,V-SA,VIC1,73,73,2439.0,0.0
2021-02,C2019Q2,T10,C2019Q2T10,12,VIC1-NSW1,NSW1,108,108,2926.9,0.0
2021-02,C2019Q2,T10,C2019Q2T10,12,VIC1-NSW1,VIC1,125,125,4012.0,0.0
2021-02,C2019Q3,T09,C2019Q3T09,12,NSW1-QLD1,NSW1,45,45,397.0,0.0
2021-02,C2019Q3,T09,C2019Q3T09,12,NSW1-QLD1,QLD1,100,100,11620.0,0.0
2021-02,C2019Q3,T09,C2019Q3T09,12,V-SA,SA1,64,64,7933.0,0.0
2021-02,C2019Q3,T09,C2019Q3T09,12,V-SA,VIC1,73,73,2180.0,0.0
2021-02,C2019Q3,T09,C2019Q3T09,12,VIC1-NSW1,NSW1,108,108,2993.98,0.0
2021-02,C2019Q3,T09,C2019Q3T09,12,VIC1-NSW1,VIC1,125,125,5012.0,0.0
2021-02,C2019Q4,T08,C2019Q4T08,12,NSW1-QLD1,NSW1,45,45,883.0,0.0
2021-02,C2019Q4,T08,C2019Q4T08,12,NSW1-QLD1,QLD1,100,100,7852.0,0.0
2021-02,C2019Q4,T08,C2019Q4T08,12,V-SA,SA1,64,64,6511.0,0.0
2021-02,C2019Q4,T08,C2019Q4T08,12,V-SA,VIC1,73,73,2531.0,0.0
2021-02,C2019Q4,T08,C2019Q4T08,12,VIC1-NSW1,NSW1,108,108,2946.01,0.0
2021-02,C2019Q4,T08,C2019Q4T08,12,VIC1-NSW1,VIC1,125,125,5012.0,0.0
2021-02,C2020Q1,T07,C2020Q1T07,12,NSW1-QLD1,NSW1,45,45,4354.0,0.0
2021-02,C2020Q1,T07,C2020Q1T07,12,NSW1-QLD1,QLD1,100,100,9570.0,0.0
2021-02,C2020Q1,T07,C2020Q1T07,12,V-SA,SA1,64,64,8140.0,0.0
2021-02,C2020Q1,T07,C2020Q1T07,12,V-SA,VIC1,73,73,7113.0,0.0
2021-02,C2020Q1,T07,C2020Q1T07,12,VIC1-NSW1,NSW1,108,108,5011.0,0.0
2021-02,C2020Q1,T07,C2020Q1T07,12,VIC1-NSW1,VIC1,125,125,6028.0,0.0
2021-02,C2020Q2,T06,C2020Q2T06,12,NSW1-QLD1,NSW1,45,45,425.72,0.0
2021-02,C2020Q2,T06,C2020Q2T06,12,NSW1-QLD1,QLD1,100,100,10333.0,0.0
2021-02,C2020Q2,T06,C2020Q2T06,12,V-SA,SA1,64,64,5494.0,0.0
2021-02,C2020Q2,T06,C2020Q2T06,12,V-SA,VIC1,73,73,2235.02,0.0
2021-02,C2020Q2,T06,C2020Q2T06,12,VIC1-NSW1,NSW1,108,108,2630.0,0.0
2021-02,C2020Q2,T06,C2020Q2T06,12,VIC1-NSW1,VIC1,125,125,4511.0,0.0
2021-02,C2020Q3,T05,C2020Q3T05,12,NSW1-QLD1,NSW1,45,45,426.99,0.0
2021-02,C2020Q3,T05,C2020Q3T05,12,NSW1-QLD1,QLD1,100,100,10055.0,0.0
2021-02,C2020Q3,T05,C2020Q3T05,12,V-SA,SA1,64,64,5635.0,0.0
2021-02,C2020Q3,T05,C2020Q3T05,12,V-SA,VIC1,73,73,2286.72,0.0
2021-02,C2020Q3,T05,C2020Q3T05,12,VIC1-NSW1,NSW1,108,108,2025.0,0.0
2021-02,C2020Q3,T05,C2020Q3T05,12,VIC1-NSW1,VIC1,125,125,5052.0,0.0
2021-02,C2020Q4,T04,C2020Q4T04,12,NSW1-QLD1,NSW1,45,45,750.0,0.0
2021-02,C2020Q4,T04,C2020Q4T04,12,NSW1-QLD1,QLD1,100,100,6384.0,0.0
2021-02,C2020Q4,T04,C2020Q4T04,12,V-SA,SA1,64,64,5741.0,0.0
2021-02,C2020Q4,T04,C2020Q4T04,12,V-SA,VIC1,73,73,2815.2,0.0
2021-02,C2020Q4,T04,C2020Q4T04,12,VIC1-NSW1,NSW1,108,108,1999.0,0.0
2021-02,C2020Q4,T04,C2020Q4T04,12,VIC1-NSW1,VIC1,125,125,4447.87,0.0
2021-02,C2021Q1,T03,C2021Q1T03,12,NSW1-QLD1,NSW1,45,45,4150.0,0.0
2021-02,C2021Q1,T03,C2021Q1T03,12,NSW1-QLD1,QLD1,100,100,9089.84,0.0
2021-02,C2021Q1,T03,C2021Q1T03,12,V-SA,SA1,64,64,8140.0,0.0
2021-02,C2021Q1,T03,C2021Q1T03,12,V-SA,VIC1,73,73,8100.94,0.0
2021-02,C2021Q1,T03,C2021Q1T03,12,VIC1-NSW1,NSW1,108,108,4428.0,0.0
2021-02,C2021Q1,T03,C2021Q1T03,12,VIC1-NSW1,VIC1,125,125,5616.0,0.0
2021-02,C2021Q2,T02,C2021Q2T02,12,NSW1-QLD1,NSW1,45,45,427.02,0.0
2021-02,C2021Q2,T02,C2021Q2T02,12,NSW1-QLD1,QLD1,100,100,7332.97,0.0
2021-02,C2021Q2,T02,C2021Q2T02,12,V-SA,SA1,64,64,5494.0,0.0
2021-02,C2021Q2,T02,C2021Q2T02,12,V-SA,VIC1,73,73,2730.0,0.0
2021-02,C2021Q2,T02,C2021Q2T02,12,VIC1-NSW1,NSW1,108,108,2184.0,0.0
2021-02,C2021Q2,T02,C2021Q2T02,12,VIC1-NSW1,VIC1,125,125,4306.0,0.0
2021-02,C2021Q3,T01,C2021Q3T01,12,NSW1-QLD1,NSW1,45,45,502.0,0.0
2021-02,C2021Q3,T01,C2021Q3T01,12,NSW1-QLD1,QLD1,100,100,10228.2,0.0
2021-02,C2021Q3,T01,C2021Q3T01,12,V-SA,SA1,64,64,9568.8,0.0
2021-02,C2021Q3,T01,C2021Q3T01,12,V-SA,VIC1,73,73,2760.0,0.0
2021-02,C2021Q3,T01,C2021Q3T01,12,VIC1-NSW1,NSW1,108,108,2208.0,0.0
2021-02,C2021Q3,T01,C2021Q3T01,12,VIC1-NSW1,VIC1,125,125,5918.4,0.0
2021-02,C2019Q1,T12,C2019Q1T12,12,NSW1-QLD1,NSW1,55,55,2501.98,0.0
2021-02,C2019Q1,T12,C2019Q1T12,12,NSW1-QLD1,QLD1,100,100,12750.0,0.0
2021-02,C2019Q1,T12,C2019Q1T12,12,V-SA,SA1,66,66,4536.0,0.0
2021-02,C2019Q1,T12,C2019Q1T12,12,V-SA,VIC1,77,77,7205.89,0.0
2021-02,C2019Q1,T12,C2019Q1T12,12,VIC1-NSW1,NSW1,112,112,6500.0,0.0
2021-02,C2019Q1,T12,C2019Q1T12,12,VIC1-NSW1,VIC1,125,125,4999.37,0.0
2021-02,C2019Q2,T11,C2019Q2T11,12,NSW1-QLD1,NSW1,45,45,283.0,0.0
2021-02,C2019Q2,T11,C2019Q2T11,12,NSW1-QLD1,QLD1,100,100,12352.0,0.0
2021-02,C2019Q2,T11,C2019Q2T11,12,V-SA,SA1,64,64,2694.0,0.0
2021-02,C2019Q2,T11,C2019Q2T11,12,V-SA,VIC1,73,73,2135.0,0.0
2021-02,C2019Q2,T11,C2019Q2T11,12,VIC1-NSW1,NSW1,108,108,3015.0,0.0
2021-02,C2019Q2,T11,C2019Q2T11,12,VIC1-NSW1,VIC1,125,125,3851.52,0.0
2021-02,C2019Q3,T10,C2019Q3T10,12,NSW1-QLD1,NSW1,45,45,420.0,0.0
2021-02,C2019Q3,T10,C2019Q3T10,12,NSW1-QLD1,QLD1,100,100,11001.98,0.0
2021-02,C2019Q3,T10,C2019Q3T10,12,V-SA,SA1,64,64,5505.55,0.0
2021-02,C2019Q3,T10,C2019Q3T10,12,V-SA,VIC1,73,73,1930.0,0.0
2021-02,C2019Q3,T10,C2019Q3T10,12,VIC1-NSW1,NSW1,108,108,3015.0,0.0
2021-02,C2019Q3,T10,C2019Q3T10,12,VIC1-NSW1,VIC1,125,125,5213.0,0.0
2021-02,C2019Q4,T09,C2019Q4T09,12,NSW1-QLD1,NSW1,45,45,1001.43,0.0
2021-02,C2019Q4,T09,C2019Q4T09,12,NSW1-QLD1,QLD1,100,100,6500.0,0.0
2021-02,C2019Q4,T09,C2019Q4T09,12,V-SA,SA1,64,64,4858.0,0.0
2021-02,C2019Q4,T09,C2019Q4T09,12,V-SA,VIC1,73,73,1911.0,0.0
2021-02,C2019Q4,T09,C2019Q4T09,12,VIC1-NSW1,NSW1,108,108,3001.85,0.0
2021-02,C2019Q4,T09,C2019Q4T09,12,VIC1-NSW1,VIC1,125,125,4230.0,0.0
2021-02,C2020Q1,T08,C2020Q1T08,12,NSW1-QLD1,NSW1,45,45,4354.0,0.0
2021-02,C2020Q1,T08,C2020Q1T08,12,NSW1-QLD1,QLD1,100,100,9078.0,0.0
2021-02,C2020Q1,T08,C2020Q1T08,12,V-SA,SA1,64,64,4116.22,0.0
2021-02,C2020Q1,T08,C2020Q1T08,12,V-SA,VIC1,73,73,7113.0,0.0
2021-02,C2020Q1,T08,C2020Q1T08,12,VIC1-NSW1,NSW1,108,108,3910.0,0.0
2021-02,C2020Q1,T08,C2020Q1T08,12,VIC1-NSW1,VIC1,125,125,4270.0,0.0
2021-02,C2020Q2,T07,C2020Q2T07,12,NSW1-QLD1,NSW1,45,45,381.0,0.0
2021-02,C2020Q2,T07,C2020Q2T07,12,NSW1-QLD1,QLD1,100,100,9279.0,0.0
2021-02,C2020Q2,T07,C2020Q2T07,12,V-SA,SA1,64,64,4368.0,0.0
2021-02,C2020Q2,T07,C2020Q2T07,12,V-SA,VIC1,73,73,1768.0,0.0
2021-02,C2020Q2,T07,C2020Q2T07,12,VIC1-NSW1,NSW1,108,108,2175.0,0.0
2021-02,C2020Q2,T07,C2020Q2T07,12,VIC1-NSW1,VIC1,125,125,4111.0,0.0
2021-02,C2020Q3,T06,C2020Q3T06,12,NSW1-QLD1,NSW1,45,45,366.0,0.0
2021-02,C2020Q3,T06,C2020Q3T06,12,NSW1-QLD1,QLD1,100,100,8942.0,0.0
2021-02,C2020Q3,T06,C2020Q3T06,12,V-SA,SA1,64,64,4933.0,0.0
2021-02,C2020Q3,T06,C2020Q3T06,12,V-SA,VIC1,73,73,1730.0,0.0
2021-02,C2020Q3,T06,C2020Q3T06,12,VIC1-NSW1,NSW1,108,108,1975.0,0.0
2021-02,C2020Q3,T06,C2020Q3T06,12,VIC1-NSW1,VIC1,125,125,5382.0,0.0
2021-02,C2020Q4,T05,C2020Q4T05,12,NSW1-QLD1,NSW1,45,45,875.0,0.0
2021-02,C2020Q4,T05,C2020Q4T05,12,NSW1-QLD1,QLD1,100,100,5858.0,0.0
2021-02,C2020Q4,T05,C2020Q4T05,12,V-SA,SA1,64,64,4933.0,0.0
2021-02,C2020Q4,T05,C2020Q4T05,12,V-SA,VIC1,73,73,1916.88,0.0
2021-02,C2020Q4,T05,C2020Q4T05,12,VIC1-NSW1,NSW1,108,108,2208.0,0.0
2021-02,C2020Q4,T05,C2020Q4T05,12,VIC1-NSW1,VIC1,125,125,4269.96,0.0
2021-02,C2021Q1,T04,C2021Q1T04,12,NSW1-QLD1,NSW1,45,45,3650.0,0.0
2021-02,C2021Q1,T04,C2021Q1T04,12,NSW1-QLD1,QLD1,100,100,8554.0,0.0
2021-02,C2021Q1,T04,C2021Q1T04,12,V-SA,SA1,64,64,4933.0,0.0
2021-02,C2021Q1,T04,C2021Q1T04,12,V-SA,VIC1,73,73,7128.0,0.0
2021-02,C2021Q1,T04,C2021Q1T04,12,VIC1-NSW1,NSW1,108,108,3780.0,0.0
2021-02,C2021Q1,T04,C2021Q1T04,12,VIC1-NSW1,VIC1,125,125,5362.0,0.0
2021-02,C2021Q2,T03,C2021Q2T03,12,NSW1-QLD1,NSW1,45,45,387.0,0.0
2021-02,C2021Q2,T03,C2021Q2T03,12,NSW1-QLD1,QLD1,100,100,7316.0,0.0
2021-02,C2021Q2,T03,C2021Q2T03,12,V-SA,SA1,64,64,4933.0,0.0
2021-02,C2021Q2,T03,C2021Q2T03,12,V-SA,VIC1,73,73,1885.0,0.0
2021-02,C2021Q2,T03,C2021Q2T03,12,VIC1-NSW1,NSW1,108,108,1856.0,0.0
2021-02,C2019Q2,T12,C2019Q2T12,19,NSW1-QLD1,NSW1,55,55,184.0,0.0
2021-02,C2019Q2,T12,C2019Q2T12,19,NSW1-QLD1,QLD1,100,100,12329.0,0.0
2021-02,C2019Q2,T12,C2019Q2T12,19,V-SA,SA1,66,66,2184.0,0.0
2021-02,C2019Q2,T12,C2019Q2T12,19,V-SA,VIC1,77,77,2600.68,0.0
2021-02,C2019Q2,T12,C2019Q2T12,19,VIC1-NSW1,NSW1,112,112,3489.0,0.0
2021-02,C2019Q2,T12,C2019Q2T12,19,VIC1-NSW1,VIC1,125,125,3500.94,0.0
2021-02,C2019Q3,T11,C2019Q3T11,19,NSW1-QLD1,NSW1,45,45,395.0,0.0
2021-02,C2019Q3,T11,C2019Q3T11,19,NSW1-QLD1,QLD1,100,100,11758.0,0.0
2021-02,C2019Q3,T11,C2019Q3T11,19,V-SA,SA1,64,64,5000.0,0.0
2021-02,C2019Q3,T11,C2019Q3T11,19,V-SA,VIC1,73,73,1447.5,0.0
2021-02,C2019Q3,T11,C2019Q3T11,19,VIC1-NSW1,NSW1,108,108,3075.3,0.0
2021-02,C2019Q3,T11,C2019Q3T11,19,VIC1-NSW1,VIC1,125,125,4344.0,0.0
2021-02,C2019Q4,T10,C2019Q4T10,19,NSW1-QLD1,NSW1,45,45,675.0,0.0
2021-02,C2019Q4,T10,C2019Q4T10,19,NSW1-QLD1,QLD1,100,100,8937.79,0.0
2021-02,C2019Q4,T10,C2019Q4T10,19,V-SA,SA1,64,64,4416.0,0.0
2021-02,C2019Q4,T10,C2019Q4T10,19,V-SA,VIC1,73,73,1600.0,0.0
2021-02,C2019Q4,T10,C2019Q4T10,19,VIC1-NSW1,NSW1,108,108,3350.0,0.0
2021-02,C2019Q4,T10,C2019Q4T10,19,VIC1-NSW1,VIC1,125,125,5203.0,0.0
2021-02,C2020Q1,T09,C2020Q1T09,19,NSW1-QLD1,NSW1,45,45,2516.0,0.0
2021-02,C2020Q1,T09,C2020Q1T09,19,NSW1-QLD1,QLD1,100,100,12895.0,0.0
2021-02,C2020Q1,T09,C2020Q1T09,19,V-SA,SA1,64,64,4611.0,0.0
2021-02,C2020Q1,T09,C2020Q1T09,19,V-SA,VIC1,73,73,6231.9,0.0
2021-02,C2020Q1,T09,C2020Q1T09,19,VIC1-NSW1,NSW1,108,108,6750.0,0.0
2021-02,C2020Q1,T09,C2020Q1T09,19,VIC1-NSW1,VIC1,125,125,4822.4,0.0
2021-02,C2020Q2,T08,C2020Q2T08,19,NSW1-QLD1,NSW1,45,45,240.0,0.0
2021-02,C2020Q2,T08,C2020Q2T08,19,NSW1-QLD1,QLD1,100,100,10434.0,0.0
2021-02,C2020Q2,T08,C2020Q2T08,19,V-SA,SA1,64,64,4000.0,0.0
2021-02,C2020Q2,T08,C2020Q2T08,19,V-SA,VIC1,73,73,1811.0,0.0
2021-02,C2020Q2,T08,C2020Q2T08,19,VIC1-NSW1,NSW1,108,108,1638.0,0.0
2021-02,C2020Q2,T08,C2020Q2T08,19,VIC1-NSW1,VIC1,125,125,4175.0,0.0
2021-02,C2020Q3,T07,C2020Q3T07,19,NSW1-QLD1,NSW1,45,45,281.0,0.0
2021-02,C2020Q3,T07,C2020Q3T07,19,NSW1-QLD1,QLD1,100,100,10730.4,0.0
2021-02,C2020Q3,T07,C2020Q3T07,19,V-SA,SA1,64,64,4416.0,0.0
2021-02,C2020Q3,T07,C2020Q3T07,19,V-SA,VIC1,73,73,1557.0,0.0
2021-02,C2020Q3,T07,C2020Q3T07,19,VIC1-NSW1,NSW1,108,108,1656.0,0.0
2021-02,C2020Q3,T07,C2020Q3T07,19,VIC1-NSW1,VIC1,125,125,5166.72,0.0
2021-02,C2020Q4,T06,C2020Q4T06,19,NSW1-QLD1,NSW1,45,45,675.0,0.0
2021-02,C2020Q4,T06,C2020Q4T06,19,NSW1-QLD1,QLD1,100,100,8650.0,0.0
2021-02,C2020Q4,T06,C2020Q4T06,19,V-SA,SA1,64,64,4416.0,0.0
2021-02,C2020Q4,T06,C2020Q4T06,19,V-SA,VIC1,73,73,2000.0,0.0
2021-02,C2020Q4,T06,C2020Q4T06,19,VIC1-NSW1,NSW1,108,108,2000.0,0.0
2021-02,C2020Q4,T06,C2020Q4T06,19,VIC1-NSW1,VIC1,125,125,4650.0,0.0
2021-02,C2021Q1,T05,C2021Q1T05,19,NSW1-QLD1,NSW1,45,45,3320.0,0.0
2021-02,C2021Q1,T05,C2021Q1T05,19,NSW1-QLD1,QLD1,100,100,10692.5,0.0
2021-02,C2021Q1,T05,C2021Q1T05,19,V-SA,SA1,64,64,5372.4,0.0
2021-02,C2021Q1,T05,C2021Q1T05,19,V-SA,VIC1,73,73,6480.0,0.0
2021-02,C2021Q1,T05,C2021Q1T05,19,VIC1-NSW1,NSW1,108,108,4150.0,0.0
2021-02,C2021Q1,T05,C2021Q1T05,19,VIC1-NSW1,VIC1,125,125,4875.0,0.0
2021-02,C2021Q2,T04,C2021Q2T04,19,NSW1-QLD1,NSW1,45,45,300.0,0.0
2021-02,C2021Q2,T04,C2021Q2T04,19,NSW1-QLD1,QLD1,100,100,9001.0,0.0
2021-02,C2021Q2,T04,C2021Q2T04,19,V-SA,SA1,64,64,4368.0,0.0
2021-02,C2021Q2,T04,C2021Q2T04,19,V-SA,VIC1,73,73,2149.0,0.0
2021-02,C2021Q2,T04,C2021Q2T04,19,VIC1-NSW1,NSW1,108,108,1638.0,0.0
2021-02,C2021Q2,T04,C2021Q2T04,19,VIC1-NSW1,VIC1,125,125,4350.0,0.0
2021-02,C2021Q3,T03,C2021Q3T03,19,NSW1-QLD1,NSW1,45,45,800.0,0.0
2021-02,C2021Q3,T03,C2021Q3T03,19,NSW1-QLD1,QLD1,100,100,7729.0,0.0
2021-02,C2021Q3,T03,C2021Q3T03,19,V-SA,SA1,64,64,6315.41,0.0
2021-02,C2021Q3,T03,C2021Q3T03,19,V-SA,VIC1,73,73,2272.5,0.0
2021-02,C2021Q3,T03,C2021Q3T03,19,VIC1-NSW1,NSW1,108,108,1656.0,0.0
2021-02,C2021Q3,T03,C2021Q3T03,19,VIC1-NSW1,VIC1,125,125,5681.66,0.0
2021-02,C2021Q4,T02,C2021Q4T02,19,NSW1-QLD1,NSW1,45,45,800.0,0.0
2021-02,C2021Q4,T02,C2021Q4T02,19,NSW1-QLD1,QLD1,100,100,7176.25,0.0
2021-02,C2021Q4,T02,C2021Q4T02,19,V-SA,SA1,64,64,4933.0,0.0
2021-02,C2021Q4,T02,C2021Q4T02,19,V-SA,VIC1,73,73,2396.1,0.0
2021-02,C2021Q4,T02,C2021Q4T02,19,VIC1-NSW1,NSW1,108,108,2208.0,0.0
2021-02,C2021Q4,T02,C2021Q4T02,19,VIC1-NSW1,VIC1,125,125,4823.0,0.0
2021-02,C2022Q1,T01,C2022Q1T01,19,NSW1-QLD1,NSW1,45,45,3320.0,0.0
2021-02,C2022Q1,T01,C2022Q1T01,19,NSW1-QLD1,QLD1,100,100,10141.0,0.0
2021-02,C2022Q1,T01,C2022Q1T01,19,V-SA,SA1,64,64,5372.4,0.0
2021-02,C2022Q1,T01,C2022Q1T01,19,V-SA,VIC1,73,73,6097.0,0.0
2021-02,C2022Q1,T01,C2022Q1T01,19,VIC1-NSW1,NSW1,108,108,3850.0,0.0
2021-02,C2022Q1,T01,C2022Q1T01,19,VIC1-NSW1,VIC1,125,125,5350.0,0.0
2021-02,C2019Q3,T12,C2019Q3T12,24,NSW1-QLD1,NSW1,55,55,450.0,0.0
2021-02,C2019Q3,T12,C2019Q3T12,24,NSW1-QLD1,QLD1,100,100,9130.0,0.0
2021-02,C2019Q3,T12,C2019Q3T12,24,V-SA,SA1,66,66,5699.15,0.0
2021-02,C2019Q3,T12,C2019Q3T12,24,V-SA,VIC1,77,77,1744.0,0.0
2021-02,C2019Q3,T12,C2019Q3T12,24,VIC1-NSW1,NSW1,112,112,4050.0,0.0
2021-02,C2019Q3,T12,C2019Q3T12,24,VIC1-NSW1,VIC1,125,125,4600.0,0.0
2021-02,C2019Q4,T11,C2019Q4T11,24,NSW1-QLD1,NSW1,45,45,557.0,0.0
2021-02,C2019Q4,T11,C2019Q4T11,24,NSW1-QLD1,QLD1,100,100,9779.99,0.0
2021-02,C2019Q4,T11,C2019Q4T11,24,V-SA,SA1,64,64,5000.0,0.0
2021-02,C2019Q4,T11,C2019Q4T11,24,V-SA,VIC1,73,73,1518.6,0.0
2021-02,C2019Q4,T11,C2019Q4T11,24,VIC1-NSW1,NSW1,108,108,3950.0,0.0
2021-02,C2019Q4,T11,C2019Q4T11,24,VIC1-NSW1,VIC1,125,125,4850.0,0.0
2021-02,C2020Q1,T10,C2020Q1T10,24,NSW1-QLD1,NSW1,45,45,2375.0,0.0
2021-02,C2021Q2,T11,C2021Q2T11,2,NSW1-QLD1,NSW1,45,45,253.0,0.0
2021-02,C2021Q2,T11,C2021Q2T11,2,NSW1-QLD1,QLD1,155,100,13100.0,0.0
2021-02,C2021Q2,T11,C2021Q2T11,2,V-SA,SA1,114,64,4790.09,0.0
2021-02,C2021Q2,T11,C2021Q2T11,2,V-SA,VIC1,133,73,1601.0,0.0
2021-02,C2021Q2,T11,C2021Q2T11,2,VIC1-NSW1,NSW1,224,108,1365.88,0.0
2021-02,C2021Q2,T11,C2021Q2T11,2,VIC1-NSW1,VIC1,195,125,5354.0,0.0
2021-02,C2021Q3,T10,C2021Q3T10,2,NSW1-QLD1,NSW1,45,45,254.0,0.0
2021-02,C2021Q3,T10,C2021Q3T10,2,NSW1-QLD1,QLD1,155,100,12302.5,0.0
2021-02,C2021Q3,T10,C2021Q3T10,2,V-SA,SA1,114,64,5250.0,0.0
2021-02,C2021Q3,T10,C2021Q3T10,2,V-SA,VIC1,174,73,1601.0,0.0
2021-02,C2021Q3,T10,C2021Q3T10,2,VIC1-NSW1,NSW1,257,108,1389.0,0.0
2021-02,C2021Q3,T10,C2021Q3T10,2,VIC1-NSW1,VIC1,179,125,5625.0,0.0
2021-02,C2021Q4,T09,C2021Q4T09,2,NSW1-QLD1,NSW1,120,51,804.0,0.0
2021-02,C2021Q4,T09,C2021Q4T09,2,NSW1-QLD1,QLD1,155,100,12250.0,0.0
2021-02,C2021Q4,T09,C2021Q4T09,2,V-SA,SA1,114,64,5318.0,0.0
2021-02,C2021Q4,T09,C2021Q4T09,2,V-SA,VIC1,167,73,2127.76,0.0
2021-02,C2021Q4,T09,C2021Q4T09,2,VIC1-NSW1,NSW1,158,108,1323.52,0.0
2021-02,C2021Q4,T09,C2021Q4T09,2,VIC1-NSW1,VIC1,170,125,7501.0,0.0
2021-02,C2022Q1,T08,C2022Q1T08,2,NSW1-QLD1,NSW1,66,45,2585.0,0.0
2021-02,C2022Q1,T08,C2022Q1T08,2,NSW1-QLD1,QLD1,173,100,17800.96,0.0
2021-02,C2022Q1,T08,C2022Q1T08,2,V-SA,SA1,94,64,5878.01,0.0
2021-02,C2022Q1,T08,C2022Q1T08,2,V-SA,VIC1,93,73,6004.0,0.0
2021-02,C2022Q1,T08,C2022Q1T08,2,VIC1-NSW1,NSW1,203,108,6600.0,0.0
2021-02,C2022Q1,T08,C2022Q1T08,2,VIC1-NSW1,VIC1,170,125,11224.0,0.0
2021-02,C2022Q2,T07,C2022Q2T07,2,NSW1-QLD1,NSW1,45,45,401.0,0.0
2021-02,C2022Q2,T07,C2022Q2T07,2,NSW1-QLD1,QLD1,155,100,11067.5,0.0
2021-02,C2022Q2,T07,C2022Q2T07,2,V-SA,SA1,128,78,4000.0,0.0
2021-02,C2022Q2,T07,C2022Q2T07,2,V-SA,VIC1,93,73,1668.35,0.0
2021-02,C2022Q2,T07,C2022Q2T07,2,VIC1-NSW1,NSW1,183,108,740.88,0.0
2021-02,C2022Q2,T07,C2022Q2T07,2,VIC1-NSW1,VIC1,175,125,7772.16,0.0
2021-02,C2022Q3,T06,C2022Q3T06,2,NSW1-QLD1,NSW1,45,45,501.0,0.0
2021-02,C2022Q3,T06,C2022Q3T06,2,NSW1-QLD1,QLD1,130,100,11901.12,0.0
2021-02,C2022Q3,T06,C2022Q3T06,2,V-SA,SA1,94,64,5204.0,0.0
2021-02,C2022Q3,T06,C2022Q3T06,2,V-SA,VIC1,93,73,1750.0,0.0
2021-02,C2022Q3,T06,C2022Q3T06,2,VIC1-NSW1,NSW1,183,108,875.0,0.0
2021-02,C2022Q3,T06,C2022Q3T06,2,VIC1-NSW1,VIC1,150,125,8501.0,0.0
2021-02,C2022Q4,T05,C2022Q4T05,2,NSW1-QLD1,NSW1,55,45,1503.03,0.0
2021-02,C2022Q4,T05,C2022Q4T05,2,NSW1-QLD1,QLD1,130,100,11956.92,0.0
2021-02,C2022Q4,T05,C2022Q4T05,2,V-SA,SA1,90,64,5039.85,0.0
2021-02,C2022Q4,T05,C2022Q4T05,2,V-SA,VIC1,93,73,2450.0,0.0
2021-02,C2022Q4,T05,C2022Q4T05,2,VIC1-NSW1,NSW1,158,108,1197.25,0.0
2021-02,C2022Q4,T05,C2022Q4T05,2,VIC1-NSW1,VIC1,168,125,8950.99,0.0
2021-02,C2023Q1,T04,C2023Q1T04,2,NSW1-QLD1,NSW1,57,45,3001.0,0.0
2021-02,C2023Q1,T04,C2023Q1T04,2,NSW1-QLD1,QLD1,100,100,15996.96,0.0
2021-02,C2023Q1,T04,C2023Q1T04,2,V-SA,SA1,74,64,5668.0,0.0
2021-02,C2023Q1,T04,C2023Q1T04,2,V-SA,VIC1,93,73,6004.0,0.0
2021-02,C2023Q1,T04,C2023Q1T04,2,VIC1-NSW1,NSW1,158,108,5625.0,0.0
2021-02,C2023Q1,T04,C2023Q1T04,2,VIC1-NSW1,VIC1,145,125,11375.99,0.0
2021-02,C2023Q2,T03,C2023Q2T03,2,NSW1-QLD1,NSW1,45,45,404.0,0.0
2021-02,C2023Q2,T03,C2023Q2T03,2,NSW1-QLD1,QLD1,100,100,12839.0,0.0
2021-02,C2023Q2,T03,C2023Q2T03,2,V-SA,SA1,91,81,3124.0,0.0
2021-02,C2023Q2,T03,C2023Q2T03,2,V-SA,VIC1,93,73,1454.0,0.0
2021-02,C2023Q2,T03,C2023Q2T03,2,VIC1-NSW1,NSW1,188,108,562.5,0.0
2021-02,C2023Q2,T03,C2023Q2T03,2,VIC1-NSW1,VIC1,150,125,7407.0,0.0
2021-02,C2023Q3,T02,C2023Q3T02,2,NSW1-QLD1,NSW1,45,45,401.0,0.0
2021-02,C2023Q3,T02,C2023Q3T02,2,NSW1-QLD1,QLD1,100,100,12984.0,0.0
2021-02,C2023Q3,T02,C2023Q3T02,2,V-SA,SA1,74,64,3920.0,0.0
2021-02,C2023Q3,T02,C2023Q3T02,2,V-SA,VIC1,93,73,1435.2,0.0
2021-02,C2023Q3,T02,C2023Q3T02,2,VIC1-NSW1,NSW1,138,108,660.66,0.0
2021-02,C2023Q3,T02,C2023Q3T02,2,VIC1-NSW1,VIC1,150,125,7744.0,0.0
2021-02,C2023Q4,T01,C2023Q4T01,2,NSW1-QLD1,NSW1,45,45,1301.0,0.0
2021-02,C2023Q4,T01,C2023Q4T01,2,NSW1-QLD1,QLD1,100,100,12400.96,0.0
2021-02,C2023Q4,T01,C2023Q4T01,2,V-SA,SA1,64,64,4000.0,0.0
2021-02,C2023Q4,T01,C2023Q4T01,2,V-SA,VIC1,73,73,1840.35,0.0
2021-02,C2023Q4,T01,C2023Q4T01,2,VIC1-NSW1,NSW1,108,108,1001.0,0.0
2021-02,C2023Q4,T01,C2023Q4T01,2,VIC1-NSW1,VIC1,125,125,7473.0,0.0
2021-02,C2021Q2,T05,C2021Q2T05,25,VIC1-NSW1,NSW1,108,108,1650.0,0.0
2021-02,C2021Q2,T05,C2021Q2T05,25,VIC1-NSW1,VIC1,125,125,5220.0,0.0
2021-02,C2021Q3,T04,C2021Q3T04,25,NSW1-QLD1,NSW1,45,45,800.0,0.0
2021-02,C2021Q3,T04,C2021Q3T04,25,NSW1-QLD1,QLD1,100,100,9001.0,0.0
2021-02,C2021Q3,T04,C2021Q3T04,25,V-SA,SA1,64,64,9967.0,0.0
2021-02,C2021Q3,T04,C2021Q3T04,25,V-SA,VIC1,73,73,1750.0,0.0
2021-02,C2021Q3,T04,C2021Q3T04,25,VIC1-NSW1,NSW1,108,108,1650.0,0.0
2021-02,C2021Q3,T04,C2021Q3T04,25,VIC1-NSW1,VIC1,125,125,5681.66,0.0
2021-02,C2021Q4,T03,C2021Q4T03,25,NSW1-QLD1,NSW1,45,45,800.0,0.0
2021-02,C2021Q4,T03,C2021Q4T03,25,NSW1-QLD1,QLD1,100,100,9001.0,0.0
2021-02,C2021Q4,T03,C2021Q4T03,25,V-SA,SA1,64,64,6889.2,0.0
2021-02,C2021Q4,T03,C2021Q4T03,25,V-SA,VIC1,73,73,1820.0,0.0
2021-02,C2021Q4,T03,C2021Q4T03,25,VIC1-NSW1,NSW1,108,108,2208.0,0.0
2021-02,C2021Q4,T03,C2021Q4T03,25,VIC1-NSW1,VIC1,125,125,5823.0,0.0
2021-02,C2022Q1,T02,C2022Q1T02,25,NSW1-QLD1,NSW1,45,45,3070.0,0.0
2021-02,C2022Q1,T02,C2022Q1T02,25,NSW1-QLD1,QLD1,100,100,14040.0,0.0
2021-02,C2022Q1,T02,C2022Q1T02,25,V-SA,SA1,64,64,5372.4,0.0
2021-02,C2022Q1,T02,C2022Q1T02,25,V-SA,VIC1,73,73,4640.0,0.0
2021-02,C2022Q1,T02,C2022Q1T02,25,VIC1-NSW1,NSW1,108,108,3555.0,0.0
2021-02,C2022Q1,T02,C2022Q1T02,25,VIC1-NSW1,VIC1,125,125,5500.0,0.0
2021-02,C2022Q2,T01,C2022Q2T01,25,NSW1-QLD1,NSW1,45,45,226.0,0.0
2021-02,C2022Q2,T01,C2022Q2T01,25,NSW1-QLD1,QLD1,100,100,10750.0,0.0
2021-02,C2022Q2,T01,C2022Q2T01,25,V-SA,SA1,64,64,6592.8,0.0
2021-02,C2022Q2,T01,C2022Q2T01,25,V-SA,VIC1,73,73,1866.0,0.0
2021-02,C2022Q2,T01,C2022Q2T01,25,VIC1-NSW1,NSW1,108,108,1747.0,0.0
2021-02,C2022Q2,T01,C2022Q2T01,25,VIC1-NSW1,VIC1,125,125,5220.0,0.0
2021-02,C2021Q1,T12,C2021Q1T12,3,NSW1-QLD1,NSW1,83,55,2104.0,0.0
2021-02,C2021Q1,T12,C2021Q1T12,3,NSW1-QLD1,QLD1,155,100,21956.0,0.0
2021-02,C2021Q1,T12,C2021Q1T12,3,V-SA,SA1,96,66,7500.0,0.0
2021-02,C2021Q1,T12,C2021Q1T12,3,V-SA,VIC1,137,77,5500.0,0.0
2021-02,C2021Q1,T12,C2021Q1T12,3,VIC1-NSW1,NSW1,222,112,6375.69,0.0
2021-02,C2021Q1,T12,C2021Q1T12,3,VIC1-NSW1,VIC1,170,125,9000.0,0.0
2021-02,C2021Q2,T11,C2021Q2T11,3,NSW1-QLD1,NSW1,45,45,253.0,0.0
2021-02,C2021Q2,T11,C2021Q2T11,3,NSW1-QLD1,QLD1,155,100,13100.0,0.0
2021-02,C2021Q2,T11,C2021Q2T11,3,V-SA,SA1,114,64,4790.09,0.0
2021-02,C2021Q2,T11,C2021Q2T11,3,V-SA,VIC1,133,73,1601.0,0.0
2021-02,C2021Q2,T11,C2021Q2T11,3,VIC1-NSW1,NSW1,224,108,1365.88,0.0
2021-02,C2021Q2,T11,C2021Q2T11,3,VIC1-NSW1,VIC1,195,125,5354.0,0.0
2021-02,C2021Q3,T10,C2021Q3T10,3,NSW1-QLD1,NSW1,45,45,254.0,0.0
2021-02,C2021Q3,T10,C2021Q3T10,3,NSW1-QLD1,QLD1,155,100,12302.5,0.0
2021-02,C2021Q3,T10,C2021Q3T10,3,V-SA,SA1,114,64,5250.0,0.0
2021-02,C2021Q3,T10,C2021Q3T10,3,V-SA,VIC1,174,73,1601.0,0.0
2021-02,C2021Q3,T10,C2021Q3T10,3,VIC1-NSW1,NSW1,257,108,1389.0,0.0
2021-02,C2021Q3,T10,C2021Q3T10,3,VIC1-NSW1,VIC1,179,125,5625.0,0.0
2021-02,C2021Q4,T09,C2021Q4T09,3,NSW1-QLD1,NSW1,120,51,804.0,0.0
2021-02,C2021Q4,T09,C2021Q4T09,3,NSW1-QLD1,QLD1,155,100,12250.0,0.0
2021-02,C2021Q4,T09,C2021Q4T09,3,V-SA,SA1,114,64,5318.0,0.0
2021-02,C2021Q4,T09,C2021Q4T09,3,V-SA,VIC1,167,73,2127.76,0.0
2021-02,C2021Q4,T09,C2021Q4T09,3,VIC1-NSW1,NSW1,158,108,1323.52,0.0
2021-02,C2021Q4,T09,C2021Q4T09,3,VIC1-NSW1,VIC1,170,125,7501.0,0.0
2021-02,C2020Q1,T10,C2020Q1T10,24,NSW1-QLD1,QLD1,100,100,14829.25,0.0
2021-02,C2020Q1,T10,C2020Q1T10,24,V-SA,SA1,64,64,4400.78,0.0
2021-02,C2020Q1,T10,C2020Q1T10,24,V-SA,VIC1,73,73,4985.52,0.0
2021-02,C2020Q1,T10,C2020Q1T10,24,VIC1-NSW1,NSW1,108,108,7928.0,0.0
2021-02,C2020Q1,T10,C2020Q1T10,24,VIC1-NSW1,VIC1,125,125,4855.0,0.0
2021-02,C2020Q2,T09,C2020Q2T09,24,NSW1-QLD1,NSW1,45,45,201.0,0.0
2021-02,C2020Q2,T09,C2020Q2T09,24,NSW1-QLD1,QLD1,100,100,12000.0,0.0
2021-02,C2020Q2,T09,C2020Q2T09,24,V-SA,SA1,64,64,5000.0,0.0
2021-02,C2020Q2,T09,C2020Q2T09,24,V-SA,VIC1,73,73,1341.01,0.0
2021-02,C2020Q2,T09,C2020Q2T09,24,VIC1-NSW1,NSW1,108,108,1998.0,0.0
2021-02,C2020Q2,T09,C2020Q2T09,24,VIC1-NSW1,VIC1,125,125,4201.0,0.0
2021-02,C2020Q3,T08,C2020Q3T08,24,NSW1-QLD1,NSW1,45,45,203.0,0.0
2021-02,C2020Q3,T08,C2020Q3T08,24,NSW1-QLD1,QLD1,100,100,11132.0,0.0
2021-02,C2020Q3,T08,C2020Q3T08,24,V-SA,SA1,64,64,6762.0,0.0
2021-02,C2020Q3,T08,C2020Q3T08,24,V-SA,VIC1,73,73,950.0,0.0
2021-02,C2020Q3,T08,C2020Q3T08,24,VIC1-NSW1,NSW1,108,108,1750.25,0.0
2021-02,C2020Q3,T08,C2020Q3T08,24,VIC1-NSW1,VIC1,125,125,5166.72,0.0
2021-02,C2020Q4,T07,C2020Q4T07,24,NSW1-QLD1,NSW1,45,45,590.0,0.0
2021-02,C2020Q4,T07,C2020Q4T07,24,NSW1-QLD1,QLD1,100,100,10150.0,0.0
2021-02,C2020Q4,T07,C2020Q4T07,24,V-SA,SA1,64,64,6889.2,0.0
2021-02,C2020Q4,T07,C2020Q4T07,24,V-SA,VIC1,73,73,1727.0,0.0
2021-02,C2020Q4,T07,C2020Q4T07,24,VIC1-NSW1,NSW1,108,108,2215.0,0.0
2021-02,C2020Q4,T07,C2020Q4T07,24,VIC1-NSW1,VIC1,125,125,5580.0,0.0
2021-02,C2021Q1,T06,C2021Q1T06,24,NSW1-QLD1,NSW1,45,45,3070.0,0.0
2021-02,C2021Q1,T06,C2021Q1T06,24,NSW1-QLD1,QLD1,100,100,11745.0,0.0
2021-02,C2021Q1,T06,C2021Q1T06,24,V-SA,SA1,64,64,5372.4,0.0
2021-02,C2021Q1,T06,C2021Q1T06,24,V-SA,VIC1,73,73,5184.0,0.0
2021-02,C2021Q1,T06,C2021Q1T06,24,VIC1-NSW1,NSW1,108,108,4320.0,0.0
2021-02,C2021Q1,T06,C2021Q1T06,24,VIC1-NSW1,VIC1,125,125,4791.0,0.0
2021-02,C2021Q2,T05,C2021Q2T05,24,NSW1-QLD1,NSW1,45,45,218.4,0.0
2021-02,C2021Q2,T05,C2021Q2T05,24,NSW1-QLD1,QLD1,100,100,10000.0,0.0
2021-02,C2021Q2,T05,C2021Q2T05,24,V-SA,SA1,64,64,6592.8,0.0
2021-02,C2021Q2,T05,C2021Q2T05,24,V-SA,VIC1,73,73,2184.0,0.0
2021-02,C2021Q2,T05,C2021Q2T05,24,VIC1-NSW1,NSW1,108,108,1650.0,0.0
2021-02,C2021Q2,T05,C2021Q2T05,24,VIC1-NSW1,VIC1,125,125,5220.0,0.0
2021-02,C2021Q3,T04,C2021Q3T04,24,NSW1-QLD1,NSW1,45,45,800.0,0.0
2021-02,C2021Q3,T04,C2021Q3T04,24,NSW1-QLD1,QLD1,100,100,9001.0,0.0
2021-02,C2021Q3,T04,C2021Q3T04,24,V-SA,SA1,64,64,9967.0,0.0
2021-02,C2021Q3,T04,C2021Q3T04,24,V-SA,VIC1,73,73,1750.0,0.0
2021-02,C2021Q3,T04,C2021Q3T04,24,VIC1-NSW1,NSW1,108,108,1650.0,0.0
2021-02,C2021Q3,T04,C2021Q3T04,24,VIC1-NSW1,VIC1,125,125,5681.66,0.0
2021-02,C2021Q4,T03,C2021Q4T03,24,NSW1-QLD1,NSW1,45,45,800.0,0.0
2021-02,C2021Q4,T03,C2021Q4T03,24,NSW1-QLD1,QLD1,100,100,9001.0,0.0
2021-02,C2021Q4,T03,C2021Q4T03,24,V-SA,SA1,64,64,6889.2,0.0
2021-02,C2021Q4,T03,C2021Q4T03,24,V-SA,VIC1,73,73,1820.0,0.0
2021-02,C2021Q4,T03,C2021Q4T03,24,VIC1-NSW1,NSW1,108,108,2208.0,0.0
2021-02,C2021Q4,T03,C2021Q4T03,24,VIC1-NSW1,VIC1,125,125,5823.0,0.0
2021-02,C2022Q1,T02,C2022Q1T02,24,NSW1-QLD1,NSW1,45,45,3070.0,0.0
2021-02,C2022Q1,T02,C2022Q1T02,24,NSW1-QLD1,QLD1,100,100,14040.0,0.0
2021-02,C2022Q1,T02,C2022Q1T02,24,V-SA,SA1,64,64,5372.4,0.0
2021-02,C2022Q1,T02,C2022Q1T02,24,V-SA,VIC1,73,73,4640.0,0.0
2021-02,C2022Q1,T02,C2022Q1T02,24,VIC1-NSW1,NSW1,108,108,3555.0,0.0
2021-02,C2022Q1,T02,C2022Q1T02,24,VIC1-NSW1,VIC1,125,125,5500.0,0.0
2021-02,C2022Q2,T01,C2022Q2T01,24,NSW1-QLD1,NSW1,45,45,226.0,0.0
2021-02,C2022Q2,T01,C2022Q2T01,24,NSW1-QLD1,QLD1,100,100,10750.0,0.0
2021-02,C2022Q2,T01,C2022Q2T01,24,V-SA,SA1,64,64,6592.8,0.0
2021-02,C2022Q2,T01,C2022Q2T01,24,V-SA,VIC1,73,73,1866.0,0.0
2021-02,C2022Q2,T01,C2022Q2T01,24,VIC1-NSW1,NSW1,108,108,1747.0,0.0
2021-02,C2022Q2,T01,C2022Q2T01,24,VIC1-NSW1,VIC1,125,125,5220.0,0.0
2021-02,C2020Q3,T12,C2020Q3T12,33,NSW1-QLD1,NSW1,90,55,210.08,0.0
2021-02,C2020Q3,T12,C2020Q3T12,33,NSW1-QLD1,QLD1,210,139,11555.0,0.0
2021-02,C2020Q3,T12,C2020Q3T12,33,V-SA,SA1,96,73,9151.07,0.0
2021-02,C2020Q3,T12,C2020Q3T12,33,V-SA,VIC1,193,77,1713.0,0.0
2021-02,C2020Q3,T12,C2020Q3T12,33,VIC1-NSW1,NSW1,296,112,1023.75,0.0
2021-02,C2020Q3,T12,C2020Q3T12,33,VIC1-NSW1,VIC1,355,135,4901.0,0.0
2021-02,C2020Q4,T11,C2020Q4T11,33,NSW1-QLD1,NSW1,193,45,701.23,0.0
2021-02,C2020Q4,T11,C2020Q4T11,33,NSW1-QLD1,QLD1,222,110,10878.4,0.0
2021-02,C2020Q4,T11,C2020Q4T11,33,V-SA,SA1,94,64,8001.2,0.0
2021-02,C2020Q4,T11,C2020Q4T11,33,V-SA,VIC1,168,73,1795.2,0.0
2021-02,C2020Q4,T11,C2020Q4T11,33,VIC1-NSW1,NSW1,234,113,2208.0,0.0
2021-02,C2020Q4,T11,C2020Q4T11,33,VIC1-NSW1,VIC1,340,130,5875.0,0.0
2021-02,C2021Q1,T10,C2021Q1T10,33,NSW1-QLD1,NSW1,76,45,1500.0,0.0
2021-02,C2021Q1,T10,C2021Q1T10,33,NSW1-QLD1,QLD1,245,100,19700.0,0.0
2021-02,C2021Q1,T10,C2021Q1T10,33,V-SA,SA1,119,64,7137.0,0.0
2021-02,C2021Q1,T10,C2021Q1T10,33,V-SA,VIC1,118,73,4666.0,0.0
2021-02,C2021Q1,T10,C2021Q1T10,33,VIC1-NSW1,NSW1,146,108,7501.0,0.0
2021-02,C2021Q1,T10,C2021Q1T10,33,VIC1-NSW1,VIC1,250,125,7940.53,0.0
2021-02,C2021Q2,T09,C2021Q2T09,33,NSW1-QLD1,NSW1,65,45,140.19,0.0
2021-02,C2021Q2,T09,C2021Q2T09,33,NSW1-QLD1,QLD1,200,120,12000.0,0.0
2021-02,C2021Q2,T09,C2021Q2T09,33,V-SA,SA1,121,64,3500.79,0.0
2021-02,C2021Q2,T09,C2021Q2T09,33,V-SA,VIC1,163,73,1711.0,0.0
2021-02,C2021Q2,T09,C2021Q2T09,33,VIC1-NSW1,NSW1,153,108,982.8,0.0
2021-02,C2021Q2,T09,C2021Q2T09,33,VIC1-NSW1,VIC1,237,135,5416.0,0.0
2021-02,C2021Q3,T08,C2021Q3T08,33,NSW1-QLD1,NSW1,45,45,312.0,0.0
2021-02,C2021Q3,T08,C2021Q3T08,33,NSW1-QLD1,QLD1,215,100,10086.0,0.0
2021-02,C2021Q3,T08,C2021Q3T08,33,V-SA,SA1,114,64,3571.78,0.0
2021-02,C2021Q3,T08,C2021Q3T08,33,V-SA,VIC1,215,73,1695.75,0.0
2021-02,C2021Q3,T08,C2021Q3T08,33,VIC1-NSW1,NSW1,197,108,1032.0,0.0
2021-02,C2021Q3,T08,C2021Q3T08,33,VIC1-NSW1,VIC1,219,135,6601.0,0.0
2021-02,C2021Q4,T07,C2021Q4T07,33,NSW1-QLD1,NSW1,112,45,685.0,0.0
2021-02,C2021Q4,T07,C2021Q4T07,33,NSW1-QLD1,QLD1,180,100,11103.0,0.0
2021-02,C2021Q4,T07,C2021Q4T07,33,V-SA,SA1,114,64,4000.0,0.0
2021-02,C2021Q4,T07,C2021Q4T07,33,V-SA,VIC1,192,73,1789.08,0.0
2021-02,C2021Q4,T07,C2021Q4T07,33,VIC1-NSW1,NSW1,148,108,1104.0,0.0
2021-02,C2021Q4,T07,C2021Q4T07,33,VIC1-NSW1,VIC1,235,135,6250.0,0.0
2021-02,C2022Q1,T06,C2022Q1T06,33,NSW1-QLD1,NSW1,50,45,2358.0,0.0
2021-02,C2022Q1,T06,C2022Q1T06,33,NSW1-QLD1,QLD1,236,100,16474.0,0.0
2021-02,C2022Q1,T06,C2022Q1T06,33,V-SA,SA1,111,64,4358.0,0.0
2021-02,C2022Q1,T06,C2022Q1T06,33,V-SA,VIC1,103,73,5878.13,0.0
2021-02,C2022Q1,T06,C2022Q1T06,33,VIC1-NSW1,NSW1,134,108,5750.0,0.0
2021-02,C2022Q1,T06,C2022Q1T06,33,VIC1-NSW1,VIC1,245,125,8311.6,0.0
2021-02,C2022Q2,T05,C2022Q2T05,33,NSW1-QLD1,NSW1,45,45,359.0,0.0
2021-02,C2022Q2,T05,C2022Q2T05,33,NSW1-QLD1,QLD1,175,100,11373.4,0.0
2021-02,C2022Q2,T05,C2022Q2T05,33,V-SA,SA1,114,64,3250.0,0.0
2021-02,C2022Q2,T05,C2022Q2T05,33,V-SA,VIC1,118,73,1401.0,0.0
2021-02,C2022Q2,T05,C2022Q2T05,33,VIC1-NSW1,NSW1,138,108,842.0,0.0
2021-02,C2022Q2,T05,C2022Q2T05,33,VIC1-NSW1,VIC1,160,125,6400.0,0.0
2021-02,C2022Q3,T04,C2022Q3T04,33,NSW1-QLD1,NSW1,51,51,510.0,0.0
2021-02,C2022Q3,T04,C2022Q3T04,33,NSW1-QLD1,QLD1,147,100,11702.4,0.0
2021-02,C2022Q3,T04,C2022Q3T04,33,V-SA,SA1,84,64,3502.1,0.0
2021-02,C2022Q3,T04,C2022Q3T04,33,V-SA,VIC1,93,73,1695.75,0.0
2021-02,C2022Q3,T04,C2022Q3T04,33,VIC1-NSW1,NSW1,138,108,880.8,0.0
2021-02,C2022Q3,T04,C2022Q3T04,33,VIC1-NSW1,VIC1,155,125,6400.0,0.0
2021-02,C2022Q4,T03,C2022Q4T03,33,NSW1-QLD1,NSW1,55,45,889.0,0.0
2021-02,C2022Q4,T03,C2022Q4T03,33,NSW1-QLD1,QLD1,125,100,11250.0,0.0
2021-02,C2022Q4,T03,C2022Q4T03,33,V-SA,SA1,80,64,4000.0,0.0
2021-02,C2022Q4,T03,C2022Q4T03,33,V-SA,VIC1,88,73,1978.0,0.0
2021-02,C2022Q4,T03,C2022Q4T03,33,VIC1-NSW1,NSW1,108,108,1104.0,0.0
2021-02,C2022Q4,T03,C2022Q4T03,33,VIC1-NSW1,VIC1,140,125,6416.0,0.0
2021-02,C2023Q1,T02,C2023Q1T02,33,NSW1-QLD1,NSW1,45,45,2520.0,0.0
2021-02,C2023Q1,T02,C2023Q1T02,33,NSW1-QLD1,QLD1,125,100,14606.59,0.0
2021-02,C2023Q1,T02,C2023Q1T02,33,V-SA,SA1,64,64,4800.0,0.0
2021-02,C2023Q1,T02,C2023Q1T02,33,V-SA,VIC1,82,73,5442.72,0.0
2021-02,C2023Q1,T02,C2023Q1T02,33,VIC1-NSW1,NSW1,108,108,5553.24,0.0
2021-02,C2023Q1,T02,C2023Q1T02,33,VIC1-NSW1,VIC1,150,128,9203.0,0.0
2021-02,C2023Q2,T01,C2023Q2T01,33,NSW1-QLD1,NSW1,45,45,395.0,0.0
2021-02,C2023Q2,T01,C2023Q2T01,33,NSW1-QLD1,QLD1,100,100,11373.4,0.0
2021-02,C2023Q2,T01,C2023Q2T01,33,V-SA,SA1,64,64,3250.0,0.0
2021-02,C2023Q2,T01,C2023Q2T01,33,V-SA,VIC1,73,73,1360.0,0.0
2021-02,C2023Q2,T01,C2023Q2T01,33,VIC1-NSW1,NSW1,108,108,960.96,0.0
2021-02,C2023Q2,T01,C2023Q2T01,33,VIC1-NSW1,VIC1,125,125,6666.0,0.0
2021-02,C2021Q2,T03,C2021Q2T03,12,VIC1-NSW1,VIC1,125,125,4026.0,0.0
2021-02,C2021Q3,T02,C2021Q3T02,12,NSW1-QLD1,NSW1,45,45,800.0,0.0
2021-02,C2021Q3,T02,C2021Q3T02,12,NSW1-QLD1,QLD1,100,100,6003.0,0.0
2021-02,C2021Q3,T02,C2021Q3T02,12,V-SA,SA1,64,64,6315.41,0.0
2021-02,C2021Q3,T02,C2021Q3T02,12,V-SA,VIC1,73,73,2525.0,0.0
2021-02,C2021Q3,T02,C2021Q3T02,12,VIC1-NSW1,NSW1,108,108,1975.0,0.0
2021-02,C2021Q3,T02,C2021Q3T02,12,VIC1-NSW1,VIC1,125,125,5602.0,0.0
2021-02,C2021Q4,T01,C2021Q4T01,12,NSW1-QLD1,NSW1,45,45,970.0,0.0
2021-02,C2021Q4,T01,C2021Q4T01,12,NSW1-QLD1,QLD1,100,100,5741.0,0.0
2021-02,C2021Q4,T01,C2021Q4T01,12,V-SA,SA1,64,64,4933.0,0.0
2021-02,C2021Q4,T01,C2021Q4T01,12,V-SA,VIC1,73,73,2525.0,0.0
2021-02,C2021Q4,T01,C2021Q4T01,12,VIC1-NSW1,NSW1,108,108,2208.0,0.0
2021-02,C2021Q4,T01,C2021Q4T01,12,VIC1-NSW1,VIC1,125,125,5000.0,0.0
2021-02,C2019Q2,T12,C2019Q2T12,20,NSW1-QLD1,NSW1,55,55,184.0,0.0
2021-02,C2019Q2,T12,C2019Q2T12,20,NSW1-QLD1,QLD1,100,100,12329.0,0.0
2021-02,C2019Q2,T12,C2019Q2T12,20,V-SA,SA1,66,66,2184.0,0.0
2021-02,C2019Q2,T12,C2019Q2T12,20,V-SA,VIC1,77,77,2600.68,0.0
2021-02,C2019Q2,T12,C2019Q2T12,20,VIC1-NSW1,NSW1,112,112,3489.0,0.0
2021-02,C2019Q2,T12,C2019Q2T12,20,VIC1-NSW1,VIC1,125,125,3500.94,0.0
2021-02,C2019Q3,T11,C2019Q3T11,20,NSW1-QLD1,NSW1,45,45,395.0,0.0
2021-02,C2019Q3,T11,C2019Q3T11,20,NSW1-QLD1,QLD1,100,100,11758.0,0.0
2021-02,C2019Q3,T11,C2019Q3T11,20,V-SA,SA1,64,64,5000.0,0.0
2021-02,C2019Q3,T11,C2019Q3T11,20,V-SA,VIC1,73,73,1447.5,0.0
2021-02,C2019Q3,T11,C2019Q3T11,20,VIC1-NSW1,NSW1,108,108,3075.3,0.0
2021-02,C2019Q3,T11,C2019Q3T11,20,VIC1-NSW1,VIC1,125,125,4344.0,0.0
2021-02,C2019Q4,T10,C2019Q4T10,20,NSW1-QLD1,NSW1,45,45,675.0,0.0
2021-02,C2019Q4,T10,C2019Q4T10,20,NSW1-QLD1,QLD1,100,100,8937.79,0.0
2021-02,C2019Q4,T10,C2019Q4T10,20,V-SA,SA1,64,64,4416.0,0.0
2021-02,C2019Q4,T10,C2019Q4T10,20,V-SA,VIC1,73,73,1600.0,0.0
2021-02,C2019Q4,T10,C2019Q4T10,20,VIC1-NSW1,NSW1,108,108,3350.0,0.0
2021-02,C2019Q4,T10,C2019Q4T10,20,VIC1-NSW1,VIC1,125,125,5203.0,0.0
2021-02,C2020Q1,T09,C2020Q1T09,20,NSW1-QLD1,NSW1,45,45,2516.0,0.0
2021-02,C2020Q1,T09,C2020Q1T09,20,NSW1-QLD1,QLD1,100,100,12895.0,0.0
2021-02,C2020Q1,T09,C2020Q1T09,20,V-SA,SA1,64,64,4611.0,0.0
2021-02,C2020Q1,T09,C2020Q1T09,20,V-SA,VIC1,73,73,6231.9,0.0
2021-02,C2020Q1,T09,C2020Q1T09,20,VIC1-NSW1,NSW1,108,108,6750.0,0.0
2021-02,C2020Q1,T09,C2020Q1T09,20,VIC1-NSW1,VIC1,125,125,4822.4,0.0
2021-02,C2020Q2,T08,C2020Q2T08,20,NSW1-QLD1,NSW1,45,45,240.0,0.0
2021-02,C2020Q2,T08,C2020Q2T08,20,NSW1-QLD1,QLD1,100,100,10434.0,0.0
2021-02,C2020Q2,T08,C2020Q2T08,20,V-SA,SA1,64,64,4000.0,0.0
2021-02,C2020Q2,T08,C2020Q2T08,20,V-SA,VIC1,73,73,1811.0,0.0
2021-02,C2020Q2,T08,C2020Q2T08,20,VIC1-NSW1,NSW1,108,108,1638.0,0.0
2021-02,C2020Q2,T08,C2020Q2T08,20,VIC1-NSW1,VIC1,125,125,4175.0,0.0
2021-02,C2020Q3,T07,C2020Q3T07,20,NSW1-QLD1,NSW1,45,45,281.0,0.0
2021-02,C2020Q3,T07,C2020Q3T07,20,NSW1-QLD1,QLD1,100,100,10730.4,0.0
2021-02,C2020Q3,T07,C2020Q3T07,20,V-SA,SA1,64,64,4416.0,0.0
2021-02,C2020Q3,T07,C2020Q3T07,20,V-SA,VIC1,73,73,1557.0,0.0
2021-02,C2020Q3,T07,C2020Q3T07,20,VIC1-NSW1,NSW1,108,108,1656.0,0.0
2021-02,C2020Q3,T07,C2020Q3T07,20,VIC1-NSW1,VIC1,125,125,5166.72,0.0
2021-02,C2020Q4,T06,C2020Q4T06,20,NSW1-QLD1,NSW1,45,45,675.0,0.0
2021-02,C2020Q4,T06,C2020Q4T06,20,NSW1-QLD1,QLD1,100,100,8650.0,0.0
2021-02,C2020Q4,T06,C2020Q4T06,20,V-SA,SA1,64,64,4416.0,0.0
2021-02,C2020Q4,T06,C2020Q4T06,20,V-SA,VIC1,73,73,2000.0,0.0
2021-02,C2020Q4,T06,C2020Q4T06,20,VIC1-NSW1,NSW1,108,108,2000.0,0.0
2021-02,C2020Q4,T06,C2020Q4T06,20,VIC1-NSW1,VIC1,125,125,4650.0,0.0
2021-02,C2021Q1,T05,C2021Q1T05,20,NSW1-QLD1,NSW1,45,45,3320.0,0.0
2021-02,C2021Q1,T05,C2021Q1T05,20,NSW1-QLD1,QLD1,100,100,10692.5,0.0
2021-02,C2021Q1,T05,C2021Q1T05,20,V-SA,SA1,64,64,5372.4,0.0
2021-02,C2021Q1,T05,C2021Q1T05,20,V-SA,VIC1,73,73,6480.0,0.0
2021-02,C2021Q1,T05,C2021Q1T05,20,VIC1-NSW1,NSW1,108,108,4150.0,0.0
2021-02,C2021Q1,T05,C2021Q1T05,20,VIC1-NSW1,VIC1,125,125,4875.0,0.0
2021-02,C2021Q2,T04,C2021Q2T04,20,NSW1-QLD1,NSW1,45,45,300.0,0.0
2021-02,C2021Q2,T04,C2021Q2T04,20,NSW1-QLD1,QLD1,100,100,9001.0,0.0
2021-02,C2021Q2,T04,C2021Q2T04,20,V-SA,SA1,64,64,4368.0,0.0
2021-02,C2021Q2,T04,C2021Q2T04,20,V-SA,VIC1,73,73,2149.0,0.0
2021-02,C2021Q2,T04,C2021Q2T04,20,VIC1-NSW1,NSW1,108,108,1638.0,0.0
2021-02,C2021Q2,T04,C2021Q2T04,20,VIC1-NSW1,VIC1,125,125,4350.0,0.0
2021-02,C2021Q3,T03,C2021Q3T03,20,NSW1-QLD1,NSW1,45,45,800.0,0.0
2021-02,C2021Q3,T03,C2021Q3T03,20,NSW1-QLD1,QLD1,100,100,7729.0,0.0
2021-02,C2021Q3,T03,C2021Q3T03,20,V-SA,SA1,64,64,6315.41,0.0
2021-02,C2021Q3,T03,C2021Q3T03,20,V-SA,VIC1,73,73,2272.5,0.0
2021-02,C2021Q3,T03,C2021Q3T03,20,VIC1-NSW1,NSW1,108,108,1656.0,0.0
2021-02,C2021Q3,T03,C2021Q3T03,20,VIC1-NSW1,VIC1,125,125,5681.66,0.0
2021-02,C2021Q4,T02,C2021Q4T02,20,NSW1-QLD1,NSW1,45,45,800.0,0.0
2021-02,C2021Q4,T02,C2021Q4T02,20,NSW1-QLD1,QLD1,100,100,7176.25,0.0
2021-02,C2021Q4,T02,C2021Q4T02,20,V-SA,SA1,64,64,4933.0,0.0
2021-02,C2021Q4,T02,C2021Q4T02,20,V-SA,VIC1,73,73,2396.1,0.0
2021-02,C2021Q4,T02,C2021Q4T02,20,VIC1-NSW1,NSW1,108,108,2208.0,0.0
2021-02,C2021Q4,T02,C2021Q4T02,20,VIC1-NSW1,VIC1,125,125,4823.0,0.0
2021-02,C2022Q1,T01,C2022Q1T01,20,NSW1-QLD1,NSW1,45,45,3320.0,0.0
2021-02,C2022Q1,T01,C2022Q1T01,20,NSW1-QLD1,QLD1,100,100,10141.0,0.0
2021-02,C2022Q1,T01,C2022Q1T01,20,V-SA,SA1,64,64,5372.4,0.0
2021-02,C2022Q1,T01,C2022Q1T01,20,V-SA,VIC1,73,73,6097.0,0.0
2021-02,C2022Q1,T01,C2022Q1T01,20,VIC1-NSW1,NSW1,108,108,3850.0,0.0
2021-02,C2022Q1,T01,C2022Q1T01,20,VIC1-NSW1,VIC1,125,125,5350.0,0.0
2021-02,C2019Q3,T12,C2019Q3T12,25,NSW1-QLD1,NSW1,55,55,450.0,0.0
2021-02,C2019Q3,T12,C2019Q3T12,25,NSW1-QLD1,QLD1,100,100,9130.0,0.0
2021-02,C2019Q3,T12,C2019Q3T12,25,V-SA,SA1,66,66,5699.15,0.0
2021-02,C2019Q3,T12,C2019Q3T12,25,V-SA,VIC1,77,77,1744.0,0.0
2021-02,C2019Q3,T12,C2019Q3T12,25,VIC1-NSW1,NSW1,112,112,4050.0,0.0
2021-02,C2019Q3,T12,C2019Q3T12,25,VIC1-NSW1,VIC1,125,125,4600.0,0.0
2021-02,C2019Q4,T11,C2019Q4T11,25,NSW1-QLD1,NSW1,45,45,557.0,0.0
2021-02,C2019Q4,T11,C2019Q4T11,25,NSW1-QLD1,QLD1,100,100,9779.99,0.0
2021-02,C2019Q4,T11,C2019Q4T11,25,V-SA,SA1,64,64,5000.0,0.0
2021-02,C2019Q4,T11,C2019Q4T11,25,V-SA,VIC1,73,73,1518.6,0.0
2021-02,C2019Q4,T11,C2019Q4T11,25,VIC1-NSW1,NSW1,108,108,3950.0,0.0
2021-02,C2019Q4,T11,C2019Q4T11,25,VIC1-NSW1,VIC1,125,125,4850.0,0.0
2021-02,C2020Q1,T10,C2020Q1T10,25,NSW1-QLD1,NSW1,45,45,2375.0,0.0
2021-02,C2020Q1,T10,C2020Q1T10,25,NSW1-QLD1,QLD1,100,100,14829.25,0.0
2021-02,C2020Q1,T10,C2020Q1T10,25,V-SA,SA1,64,64,4400.78,0.0
2021-02,C2020Q1,T10,C2020Q1T10,25,V-SA,VIC1,73,73,4985.52,0.0
2021-02,C2020Q1,T10,C2020Q1T10,25,VIC1-NSW1,NSW1,108,108,7928.0,0.0
2021-02,C2020Q1,T10,C2020Q1T10,25,VIC1-NSW1,VIC1,125,125,4855.0,0.0
2021-02,C2020Q2,T09,C2020Q2T09,25,NSW1-QLD1,NSW1,45,45,201.0,0.0
2021-02,C2020Q2,T09,C2020Q2T09,25,NSW1-QLD1,QLD1,100,100,12000.0,0.0
2021-02,C2020Q2,T09,C2020Q2T09,25,V-SA,SA1,64,64,5000.0,0.0
2021-02,C2020Q2,T09,C2020Q2T09,25,V-SA,VIC1,73,73,1341.01,0.0
2021-02,C2020Q2,T09,C2020Q2T09,25,VIC1-NSW1,NSW1,108,108,1998.0,0.0
2021-02,C2020Q2,T09,C2020Q2T09,25,VIC1-NSW1,VIC1,125,125,4201.0,0.0
2021-02,C2020Q3,T08,C2020Q3T08,25,NSW1-QLD1,NSW1,45,45,203.0,0.0
2021-02,C2020Q3,T08,C2020Q3T08,25,NSW1-QLD1,QLD1,100,100,11132.0,0.0
2021-02,C2020Q3,T08,C2020Q3T08,25,V-SA,SA1,64,64,6762.0,0.0
2021-02,C2020Q3,T08,C2020Q3T08,25,V-SA,VIC1,73,73,950.0,0.0
2021-02,C2020Q3,T08,C2020Q3T08,25,VIC1-NSW1,NSW1,108,108,1750.25,0.0
2021-02,C2020Q3,T08,C2020Q3T08,25,VIC1-NSW1,VIC1,125,125,5166.72,0.0
2021-02,C2020Q4,T07,C2020Q4T07,25,NSW1-QLD1,NSW1,45,45,590.0,0.0
2021-02,C2020Q4,T07,C2020Q4T07,25,NSW1-QLD1,QLD1,100,100,10150.0,0.0
2021-02,C2020Q4,T07,C2020Q4T07,25,V-SA,SA1,64,64,6889.2,0.0
2021-02,C2020Q4,T07,C2020Q4T07,25,V-SA,VIC1,73,73,1727.0,0.0
2021-02,C2020Q4,T07,C2020Q4T07,25,VIC1-NSW1,NSW1,108,108,2215.0,0.0
2021-02,C2020Q4,T07,C2020Q4T07,25,VIC1-NSW1,VIC1,125,125,5580.0,0.0
2021-02,C2021Q1,T06,C2021Q1T06,25,NSW1-QLD1,NSW1,45,45,3070.0,0.0
2021-02,C2021Q1,T06,C2021Q1T06,25,NSW1-QLD1,QLD1,100,100,11745.0,0.0
2021-02,C2021Q1,T06,C2021Q1T06,25,V-SA,SA1,64,64,5372.4,0.0
2021-02,C2021Q1,T06,C2021Q1T06,25,V-SA,VIC1,73,73,5184.0,0.0
2021-02,C2021Q1,T06,C2021Q1T06,25,VIC1-NSW1,NSW1,108,108,4320.0,0.0
2021-02,C2021Q1,T06,C2021Q1T06,25,VIC1-NSW1,VIC1,125,125,4791.0,0.0
2021-02,C2021Q2,T05,C2021Q2T05,25,NSW1-QLD1,NSW1,45,45,218.4,0.0
2021-02,C2021Q2,T05,C2021Q2T05,25,NSW1-QLD1,QLD1,100,100,10000.0,0.0
2021-02,C2021Q2,T05,C2021Q2T05,25,V-SA,SA1,64,64,6592.8,0.0
2021-02,C2021Q2,T05,C2021Q2T05,25,V-SA,VIC1,73,73,2184.0,0.0
2021-02,C2022Q2,T05,C2022Q2T05,34,V-SA,VIC1,118,73,1401.0,0.0
2021-02,C2022Q2,T05,C2022Q2T05,34,VIC1-NSW1,NSW1,138,108,842.0,0.0
2021-02,C2022Q2,T05,C2022Q2T05,34,VIC1-NSW1,VIC1,160,125,6400.0,0.0
2021-02,C2022Q3,T04,C2022Q3T04,34,NSW1-QLD1,NSW1,51,51,510.0,0.0
2021-02,C2022Q3,T04,C2022Q3T04,34,NSW1-QLD1,QLD1,147,100,11702.4,0.0
2021-02,C2022Q3,T04,C2022Q3T04,34,V-SA,SA1,84,64,3502.1,0.0
2021-02,C2022Q3,T04,C2022Q3T04,34,V-SA,VIC1,93,73,1695.75,0.0
2021-02,C2022Q3,T04,C2022Q3T04,34,VIC1-NSW1,NSW1,138,108,880.8,0.0
2021-02,C2022Q3,T04,C2022Q3T04,34,VIC1-NSW1,VIC1,155,125,6400.0,0.0
2021-02,C2022Q4,T03,C2022Q4T03,34,NSW1-QLD1,NSW1,55,45,889.0,0.0
2021-02,C2022Q4,T03,C2022Q4T03,34,NSW1-QLD1,QLD1,125,100,11250.0,0.0
2021-02,C2022Q4,T03,C2022Q4T03,34,V-SA,SA1,80,64,4000.0,0.0
2021-02,C2022Q4,T03,C2022Q4T03,34,V-SA,VIC1,88,73,1978.0,0.0
2021-02,C2022Q4,T03,C2022Q4T03,34,VIC1-NSW1,NSW1,108,108,1104.0,0.0
2021-02,C2022Q4,T03,C2022Q4T03,34,VIC1-NSW1,VIC1,140,125,6416.0,0.0
2021-02,C2023Q1,T02,C2023Q1T02,34,NSW1-QLD1,NSW1,45,45,2520.0,0.0
2021-02,C2023Q1,T02,C2023Q1T02,34,NSW1-QLD1,QLD1,125,100,14606.59,0.0
2021-02,C2023Q1,T02,C2023Q1T02,34,V-SA,SA1,64,64,4800.0,0.0
2021-02,C2023Q1,T02,C2023Q1T02,34,V-SA,VIC1,82,73,5442.72,0.0
2021-02,C2023Q1,T02,C2023Q1T02,34,VIC1-NSW1,NSW1,108,108,5553.24,0.0
2021-02,C2023Q1,T02,C2023Q1T02,34,VIC1-NSW1,VIC1,150,128,9203.0,0.0
2021-02,C2023Q2,T01,C2023Q2T01,34,NSW1-QLD1,NSW1,45,45,395.0,0.0
2021-02,C2023Q2,T01,C2023Q2T01,34,NSW1-QLD1,QLD1,100,100,11373.4,0.0
2021-02,C2023Q2,T01,C2023Q2T01,34,V-SA,SA1,64,64,3250.0,0.0
2021-02,C2023Q2,T01,C2023Q2T01,34,V-SA,VIC1,73,73,1360.0,0.0
2021-02,C2023Q2,T01,C2023Q2T01,34,VIC1-NSW1,NSW1,108,108,960.96,0.0
2021-02,C2023Q2,T01,C2023Q2T01,34,VIC1-NSW1,VIC1,125,125,6666.0,0.0
2021-02,C2020Q4,T12,C2020Q4T12,19,NSW1-QLD1,NSW1,157,55,804.0,0.0
2021-02,C2020Q4,T12,C2020Q4T12,19,NSW1-QLD1,QLD1,210,100,10450.0,0.0
2021-02,C2020Q4,T12,C2020Q4T12,19,V-SA,SA1,91,66,6500.85,0.0
2021-02,C2020Q4,T12,C2020Q4T12,19,V-SA,VIC1,97,77,3000.33,0.0
2021-02,C2020Q4,T12,C2020Q4T12,19,VIC1-NSW1,NSW1,222,112,2755.0,0.0
2021-02,C2020Q4,T12,C2020Q4T12,19,VIC1-NSW1,VIC1,285,126,4500.0,0.0
2021-02,C2021Q1,T11,C2021Q1T11,19,NSW1-QLD1,NSW1,79,45,1755.0,0.0
2021-02,C2021Q1,T11,C2021Q1T11,19,NSW1-QLD1,QLD1,150,100,19785.0,0.0
2021-02,C2021Q1,T11,C2021Q1T11,19,V-SA,SA1,89,64,6750.0,0.0
2021-02,C2021Q1,T11,C2021Q1T11,19,V-SA,VIC1,93,73,5500.0,0.0
2021-02,C2021Q1,T11,C2021Q1T11,19,VIC1-NSW1,NSW1,188,108,8500.93,0.0
2021-02,C2021Q1,T11,C2021Q1T11,19,VIC1-NSW1,VIC1,175,125,6975.0,0.0
2021-02,C2021Q2,T10,C2021Q2T10,19,NSW1-QLD1,NSW1,45,45,160.36,0.0
2021-02,C2021Q2,T10,C2021Q2T10,19,NSW1-QLD1,QLD1,175,100,11750.0,0.0
2021-02,C2021Q2,T10,C2021Q2T10,19,V-SA,SA1,109,64,3850.0,0.0
2021-02,C2021Q2,T10,C2021Q2T10,19,V-SA,VIC1,108,73,1780.0,0.0
2021-02,C2021Q2,T10,C2021Q2T10,19,VIC1-NSW1,NSW1,199,108,1300.84,0.0
2021-02,C2021Q2,T10,C2021Q2T10,19,VIC1-NSW1,VIC1,205,125,4007.84,0.0
2021-02,C2021Q3,T09,C2021Q3T09,19,NSW1-QLD1,NSW1,45,45,252.0,0.0
2021-02,C2021Q3,T09,C2021Q3T09,19,NSW1-QLD1,QLD1,180,100,12950.12,0.0
2021-02,C2021Q3,T09,C2021Q3T09,19,V-SA,SA1,109,64,4504.0,0.0
2021-02,C2021Q3,T09,C2021Q3T09,19,V-SA,VIC1,113,73,1600.94,0.0
2021-02,C2021Q3,T09,C2021Q3T09,19,VIC1-NSW1,NSW1,247,108,1304.0,0.0
2021-02,C2021Q3,T09,C2021Q3T09,19,VIC1-NSW1,VIC1,185,125,4500.0,0.0
2021-02,C2021Q4,T08,C2021Q4T08,19,NSW1-QLD1,NSW1,108,45,604.0,0.0
2021-02,C2021Q4,T08,C2021Q4T08,19,NSW1-QLD1,QLD1,160,100,11150.0,0.0
2021-02,C2021Q4,T08,C2021Q4T08,19,V-SA,SA1,109,64,4833.66,0.0
2021-02,C2021Q4,T08,C2021Q4T08,19,V-SA,VIC1,137,73,2127.76,0.0
2021-02,C2021Q4,T08,C2021Q4T08,19,VIC1-NSW1,NSW1,148,108,1504.0,0.0
2021-02,C2021Q4,T08,C2021Q4T08,19,VIC1-NSW1,VIC1,205,125,5250.0,0.0
2021-02,C2022Q1,T07,C2022Q1T07,19,NSW1-QLD1,NSW1,54,45,2350.0,0.0
2021-02,C2022Q1,T07,C2022Q1T07,19,NSW1-QLD1,QLD1,136,100,16000.0,0.0
2021-02,C2022Q1,T07,C2022Q1T07,19,V-SA,SA1,64,64,5143.26,0.0
2021-02,C2022Q1,T07,C2022Q1T07,19,V-SA,VIC1,73,73,7019.42,0.0
2021-02,C2022Q1,T07,C2022Q1T07,19,VIC1-NSW1,NSW1,162,117,8800.0,0.0
2021-02,C2022Q1,T07,C2022Q1T07,19,VIC1-NSW1,VIC1,175,125,9142.76,0.0
2021-02,C2022Q2,T06,C2022Q2T06,19,NSW1-QLD1,NSW1,45,45,351.0,0.0
2021-02,C2022Q2,T06,C2022Q2T06,19,NSW1-QLD1,QLD1,120,100,11650.0,0.0
2021-02,C2022Q2,T06,C2022Q2T06,19,V-SA,SA1,98,64,4000.0,0.0
2021-02,C2022Q2,T06,C2022Q2T06,19,V-SA,VIC1,73,73,1600.0,0.0
2021-02,C2022Q2,T06,C2022Q2T06,19,VIC1-NSW1,NSW1,198,108,841.91,0.0
2021-02,C2022Q2,T06,C2022Q2T06,19,VIC1-NSW1,VIC1,205,125,6619.68,0.0
2021-02,C2022Q3,T05,C2022Q3T05,19,NSW1-QLD1,NSW1,45,45,561.0,0.0
2021-02,C2022Q3,T05,C2022Q3T05,19,NSW1-QLD1,QLD1,100,100,12150.0,0.0
2021-02,C2022Q3,T05,C2022Q3T05,19,V-SA,SA1,84,64,4000.0,0.0
2021-02,C2022Q3,T05,C2022Q3T05,19,V-SA,VIC1,73,73,1750.0,0.0
2021-02,C2022Q3,T05,C2022Q3T05,19,VIC1-NSW1,NSW1,198,108,1104.01,0.0
2021-02,C2022Q3,T05,C2022Q3T05,19,VIC1-NSW1,VIC1,195,125,6501.0,0.0
2021-02,C2022Q4,T04,C2022Q4T04,19,NSW1-QLD1,NSW1,55,45,1254.0,0.0
2021-02,C2022Q4,T04,C2022Q4T04,19,NSW1-QLD1,QLD1,100,100,10900.0,0.0
2021-02,C2022Q4,T04,C2022Q4T04,19,V-SA,SA1,80,64,4666.98,0.0
2021-02,C2022Q4,T04,C2022Q4T04,19,V-SA,VIC1,73,73,2450.0,0.0
2021-02,C2022Q4,T04,C2022Q4T04,19,VIC1-NSW1,NSW1,148,108,1710.37,0.0
2021-02,C2022Q4,T04,C2022Q4T04,19,VIC1-NSW1,VIC1,185,125,6793.1,0.0
2021-02,C2023Q1,T03,C2023Q1T03,19,NSW1-QLD1,NSW1,45,45,2646.0,0.0
2021-02,C2023Q1,T03,C2023Q1T03,19,NSW1-QLD1,QLD1,100,100,14750.0,0.0
2021-02,C2023Q1,T03,C2023Q1T03,19,V-SA,SA1,74,64,5143.26,0.0
2021-02,C2023Q1,T03,C2023Q1T03,19,V-SA,VIC1,73,73,6004.0,0.0
2021-02,C2023Q1,T03,C2023Q1T03,19,VIC1-NSW1,NSW1,133,120,7500.0,0.0
2021-02,C2023Q1,T03,C2023Q1T03,19,VIC1-NSW1,VIC1,125,125,10123.0,0.0
2021-02,C2023Q2,T02,C2023Q2T02,19,NSW1-QLD1,NSW1,45,45,347.6,0.0
2021-02,C2023Q2,T02,C2023Q2T02,19,NSW1-QLD1,QLD1,100,100,11750.0,0.0
2021-02,C2023Q2,T02,C2023Q2T02,19,V-SA,SA1,84,64,4000.0,0.0
2021-02,C2023Q2,T02,C2023Q2T02,19,V-SA,VIC1,73,73,1450.0,0.0
2021-02,C2023Q2,T02,C2023Q2T02,19,VIC1-NSW1,NSW1,158,108,750.0,0.0
2021-02,C2023Q2,T02,C2023Q2T02,19,VIC1-NSW1,VIC1,125,125,7333.0,0.0
2021-02,C2023Q3,T01,C2023Q3T01,19,NSW1-QLD1,NSW1,45,45,257.0,0.0
2021-02,C2023Q3,T01,C2023Q3T01,19,NSW1-QLD1,QLD1,100,100,12150.0,0.0
2021-02,C2023Q3,T01,C2023Q3T01,19,V-SA,SA1,64,64,4000.0,0.0
2021-02,C2023Q3,T01,C2023Q3T01,19,V-SA,VIC1,73,73,1500.0,0.0
2021-02,C2023Q3,T01,C2023Q3T01,19,VIC1-NSW1,NSW1,108,108,750.75,0.0
2021-02,C2023Q3,T01,C2023Q3T01,19,VIC1-NSW1,VIC1,125,125,7040.0,0.0
2021-02,C2021Q1,T12,C2021Q1T12,4,NSW1-QLD1,NSW1,83,55,2104.0,0.0
2021-02,C2021Q1,T12,C2021Q1T12,4,NSW1-QLD1,QLD1,155,100,21956.0,0.0
2021-02,C2021Q1,T12,C2021Q1T12,4,V-SA,SA1,96,66,7500.0,0.0
2021-02,C2021Q1,T12,C2021Q1T12,4,V-SA,VIC1,137,77,5500.0,0.0
2021-02,C2021Q1,T12,C2021Q1T12,4,VIC1-NSW1,NSW1,222,112,6375.69,0.0
2021-02,C2021Q1,T12,C2021Q1T12,4,VIC1-NSW1,VIC1,170,125,9000.0,0.0
2021-02,C2021Q2,T11,C2021Q2T11,4,NSW1-QLD1,NSW1,45,45,253.0,0.0
2021-02,C2021Q2,T11,C2021Q2T11,4,NSW1-QLD1,QLD1,155,100,13100.0,0.0
2021-02,C2021Q2,T11,C2021Q2T11,4,V-SA,SA1,114,64,4790.09,0.0
2021-02,C2021Q2,T11,C2021Q2T11,4,V-SA,VIC1,133,73,1601.0,0.0
2021-02,C2021Q2,T11,C2021Q2T11,4,VIC1-NSW1,NSW1,224,108,1365.88,0.0
2021-02,C2021Q2,T11,C2021Q2T11,4,VIC1-NSW1,VIC1,195,125,5354.0,0.0
2021-02,C2021Q3,T10,C2021Q3T10,4,NSW1-QLD1,NSW1,45,45,254.0,0.0
2021-02,C2021Q3,T10,C2021Q3T10,4,NSW1-QLD1,QLD1,155,100,12302.5,0.0
2021-02,C2021Q3,T10,C2021Q3T10,4,V-SA,SA1,114,64,5250.0,0.0
2021-02,C2021Q3,T10,C2021Q3T10,4,V-SA,VIC1,174,73,1601.0,0.0
2021-02,C2021Q3,T10,C2021Q3T10,4,VIC1-NSW1,NSW1,257,108,1389.0,0.0
2021-02,C2021Q3,T10,C2021Q3T10,4,VIC1-NSW1,VIC1,179,125,5625.0,0.0
2021-02,C2021Q4,T09,C2021Q4T09,4,NSW1-QLD1,NSW1,120,51,804.0,0.0
2021-02,C2021Q4,T09,C2021Q4T09,4,NSW1-QLD1,QLD1,155,100,12250.0,0.0
2021-02,C2021Q4,T09,C2021Q4T09,4,V-SA,SA1,114,64,5318.0,0.0
2021-02,C2021Q4,T09,C2021Q4T09,4,V-SA,VIC1,167,73,2127.76,0.0
2021-02,C2021Q4,T09,C2021Q4T09,4,VIC1-NSW1,NSW1,158,108,1323.52,0.0
2021-02,C2021Q4,T09,C2021Q4T09,4,VIC1-NSW1,VIC1,170,125,7501.0,0.0
2021-02,C2022Q1,T08,C2022Q1T08,4,NSW1-QLD1,NSW1,66,45,2585.0,0.0
2021-02,C2022Q1,T08,C2022Q1T08,4,NSW1-QLD1,QLD1,173,100,17800.96,0.0
2021-02,C2022Q1,T08,C2022Q1T08,4,V-SA,SA1,94,64,5878.01,0.0
2021-02,C2022Q1,T08,C2022Q1T08,4,V-SA,VIC1,93,73,6004.0,0.0
2021-02,C2022Q1,T08,C2022Q1T08,4,VIC1-NSW1,NSW1,203,108,6600.0,0.0
2021-02,C2022Q1,T08,C2022Q1T08,4,VIC1-NSW1,VIC1,170,125,11224.0,0.0
2021-02,C2022Q2,T07,C2022Q2T07,4,NSW1-QLD1,NSW1,45,45,401.0,0.0
2021-02,C2022Q2,T07,C2022Q2T07,4,NSW1-QLD1,QLD1,155,100,11067.5,0.0
2021-02,C2022Q2,T07,C2022Q2T07,4,V-SA,SA1,128,78,4000.0,0.0
2021-02,C2022Q2,T07,C2022Q2T07,4,V-SA,VIC1,93,73,1668.35,0.0
2021-02,C2022Q2,T07,C2022Q2T07,4,VIC1-NSW1,NSW1,183,108,740.88,0.0
2021-02,C2022Q2,T07,C2022Q2T07,4,VIC1-NSW1,VIC1,175,125,7772.16,0.0
2021-02,C2022Q3,T06,C2022Q3T06,4,NSW1-QLD1,NSW1,45,45,501.0,0.0
2021-02,C2022Q3,T06,C2022Q3T06,4,NSW1-QLD1,QLD1,130,100,11901.12,0.0
2021-02,C2022Q3,T06,C2022Q3T06,4,V-SA,SA1,94,64,5204.0,0.0
2021-02,C2022Q3,T06,C2022Q3T06,4,V-SA,VIC1,93,73,1750.0,0.0
2021-02,C2022Q3,T06,C2022Q3T06,4,VIC1-NSW1,NSW1,183,108,875.0,0.0
2021-02,C2022Q3,T06,C2022Q3T06,4,VIC1-NSW1,VIC1,150,125,8501.0,0.0
2021-02,C2022Q4,T05,C2022Q4T05,4,NSW1-QLD1,NSW1,55,45,1503.03,0.0
2021-02,C2022Q4,T05,C2022Q4T05,4,NSW1-QLD1,QLD1,130,100,11956.92,0.0
2021-02,C2022Q4,T05,C2022Q4T05,4,V-SA,SA1,90,64,5039.85,0.0
2021-02,C2022Q4,T05,C2022Q4T05,4,V-SA,VIC1,93,73,2450.0,0.0
2021-02,C2022Q4,T05,C2022Q4T05,4,VIC1-NSW1,NSW1,158,108,1197.25,0.0
2021-02,C2022Q4,T05,C2022Q4T05,4,VIC1-NSW1,VIC1,168,125,8950.99,0.0
2021-02,C2023Q1,T04,C2023Q1T04,4,NSW1-QLD1,NSW1,57,45,3001.0,0.0
2021-02,C2023Q1,T04,C2023Q1T04,4,NSW1-QLD1,QLD1,100,100,15996.96,0.0
2021-02,C2023Q1,T04,C2023Q1T04,4,V-SA,SA1,74,64,5668.0,0.0
2021-02,C2023Q1,T04,C2023Q1T04,4,V-SA,VIC1,93,73,6004.0,0.0
2021-02,C2023Q1,T04,C2023Q1T04,4,VIC1-NSW1,NSW1,158,108,5625.0,0.0
2021-02,C2023Q1,T04,C2023Q1T04,4,VIC1-NSW1,VIC1,145,125,11375.99,0.0
2021-02,C2023Q2,T03,C2023Q2T03,4,NSW1-QLD1,NSW1,45,45,404.0,0.0
2021-02,C2023Q2,T03,C2023Q2T03,4,NSW1-QLD1,QLD1,100,100,12839.0,0.0
2021-02,C2023Q2,T03,C2023Q2T03,4,V-SA,SA1,91,81,3124.0,0.0
2021-02,C2023Q2,T03,C2023Q2T03,4,V-SA,VIC1,93,73,1454.0,0.0
2021-02,C2023Q2,T03,C2023Q2T03,4,VIC1-NSW1,NSW1,188,108,562.5,0.0
2021-02,C2023Q2,T03,C2023Q2T03,4,VIC1-NSW1,VIC1,150,125,7407.0,0.0
2021-02,C2023Q3,T02,C2023Q3T02,4,NSW1-QLD1,NSW1,45,45,401.0,0.0
2021-02,C2023Q3,T02,C2023Q3T02,4,NSW1-QLD1,QLD1,100,100,12984.0,0.0
2021-02,C2023Q3,T02,C2023Q3T02,4,V-SA,SA1,74,64,3920.0,0.0
2021-02,C2023Q3,T02,C2023Q3T02,4,V-SA,VIC1,93,73,1435.2,0.0
2021-02,C2023Q3,T02,C2023Q3T02,4,VIC1-NSW1,NSW1,138,108,660.66,0.0
2021-02,C2023Q3,T02,C2023Q3T02,4,VIC1-NSW1,VIC1,150,125,7744.0,0.0
2021-02,C2023Q4,T01,C2023Q4T01,4,NSW1-QLD1,NSW1,45,45,1301.0,0.0
2021-02,C2023Q4,T01,C2023Q4T01,4,NSW1-QLD1,QLD1,100,100,12400.96,0.0
2021-02,C2023Q4,T01,C2023Q4T01,4,V-SA,SA1,64,64,4000.0,0.0
2021-02,C2023Q4,T01,C2023Q4T01,4,V-SA,VIC1,73,73,1840.35,0.0
2021-02,C2023Q4,T01,C2023Q4T01,4,VIC1-NSW1,NSW1,108,108,1001.0,0.0
2021-02,C2023Q4,T01,C2023Q4T01,4,VIC1-NSW1,VIC1,125,125,7473.0,0.0
2021-02,C2020Q3,T12,C2020Q3T12,40,NSW1-QLD1,NSW1,90,55,210.08,0.0
2021-02,C2020Q3,T12,C2020Q3T12,40,NSW1-QLD1,QLD1,210,139,11555.0,0.0
2021-02,C2020Q3,T12,C2020Q3T12,40,V-SA,SA1,96,73,9151.07,0.0
2021-02,C2020Q3,T12,C2020Q3T12,40,V-SA,VIC1,193,77,1713.0,0.0
2021-02,C2020Q3,T12,C2020Q3T12,40,VIC1-NSW1,NSW1,296,112,1023.75,0.0
2021-02,C2020Q3,T12,C2020Q3T12,40,VIC1-NSW1,VIC1,355,135,4901.0,0.0
2021-02,C2020Q4,T11,C2020Q4T11,40,NSW1-QLD1,NSW1,193,45,701.23,0.0
2021-02,C2020Q4,T11,C2020Q4T11,40,NSW1-QLD1,QLD1,222,110,10878.4,0.0
2021-02,C2020Q4,T11,C2020Q4T11,40,V-SA,SA1,94,64,8001.2,0.0
2021-02,C2020Q4,T11,C2020Q4T11,40,V-SA,VIC1,168,73,1795.2,0.0
2021-02,C2020Q4,T11,C2020Q4T11,40,VIC1-NSW1,NSW1,234,113,2208.0,0.0
2021-02,C2020Q4,T11,C2020Q4T11,40,VIC1-NSW1,VIC1,340,130,5875.0,0.0
2021-02,C2021Q1,T10,C2021Q1T10,40,NSW1-QLD1,NSW1,76,45,1500.0,0.0
2021-02,C2021Q1,T10,C2021Q1T10,40,NSW1-QLD1,QLD1,245,100,19700.0,0.0
2021-02,C2021Q1,T10,C2021Q1T10,40,V-SA,SA1,119,64,7137.0,0.0
2021-02,C2021Q1,T10,C2021Q1T10,40,V-SA,VIC1,118,73,4666.0,0.0
2021-02,C2021Q1,T10,C2021Q1T10,40,VIC1-NSW1,NSW1,146,108,7501.0,0.0
2021-02,C2021Q1,T10,C2021Q1T10,40,VIC1-NSW1,VIC1,250,125,7940.53,0.0
2021-02,C2021Q2,T09,C2021Q2T09,40,NSW1-QLD1,NSW1,65,45,140.19,0.0
2021-02,C2021Q2,T09,C2021Q2T09,40,NSW1-QLD1,QLD1,200,120,12000.0,0.0
2021-02,C2021Q2,T09,C2021Q2T09,40,V-SA,SA1,121,64,3500.79,0.0
2021-02,C2021Q2,T09,C2021Q2T09,40,V-SA,VIC1,163,73,1711.0,0.0
2021-02,C2021Q2,T09,C2021Q2T09,40,VIC1-NSW1,NSW1,153,108,982.8,0.0
2021-02,C2021Q2,T09,C2021Q2T09,40,VIC1-NSW1,VIC1,237,135,5416.0,0.0
2021-02,C2021Q3,T08,C2021Q3T08,40,NSW1-QLD1,NSW1,45,45,312.0,0.0
2021-02,C2021Q3,T08,C2021Q3T08,40,NSW1-QLD1,QLD1,215,100,10086.0,0.0
2021-02,C2021Q3,T08,C2021Q3T08,40,V-SA,SA1,114,64,3571.78,0.0
2021-02,C2021Q3,T08,C2021Q3T08,40,V-SA,VIC1,215,73,1695.75,0.0
2021-02,C2021Q3,T08,C2021Q3T08,40,VIC1-NSW1,NSW1,197,108,1032.0,0.0
2021-02,C2021Q3,T08,C2021Q3T08,40,VIC1-NSW1,VIC1,219,135,6601.0,0.0
2021-02,C2021Q4,T07,C2021Q4T07,40,NSW1-QLD1,NSW1,112,45,685.0,0.0
2021-02,C2021Q4,T07,C2021Q4T07,40,NSW1-QLD1,QLD1,180,100,11103.0,0.0
2021-02,C2021Q4,T07,C2021Q4T07,40,V-SA,SA1,114,64,4000.0,0.0
2021-02,C2021Q4,T07,C2021Q4T07,40,V-SA,VIC1,192,73,1789.08,0.0
2021-02,C2021Q4,T07,C2021Q4T07,40,VIC1-NSW1,NSW1,148,108,1104.0,0.0
2021-02,C2021Q4,T07,C2021Q4T07,40,VIC1-NSW1,VIC1,235,135,6250.0,0.0
2021-02,C2022Q1,T06,C2022Q1T06,40,NSW1-QLD1,NSW1,50,45,2358.0,0.0
2021-02,C2022Q1,T06,C2022Q1T06,40,NSW1-QLD1,QLD1,236,100,16474.0,0.0
2021-02,C2022Q1,T06,C2022Q1T06,40,V-SA,SA1,111,64,4358.0,0.0
2021-02,C2022Q1,T06,C2022Q1T06,40,V-SA,VIC1,103,73,5878.13,0.0
2021-02,C2022Q1,T06,C2022Q1T06,40,VIC1-NSW1,NSW1,134,108,5750.0,0.0
2021-02,C2022Q1,T06,C2022Q1T06,40,VIC1-NSW1,VIC1,245,125,8311.6,0.0
2021-02,C2022Q2,T05,C2022Q2T05,40,NSW1-QLD1,NSW1,45,45,359.0,0.0
2021-02,C2022Q2,T05,C2022Q2T05,40,NSW1-QLD1,QLD1,175,100,11373.4,0.0
2021-02,C2022Q2,T05,C2022Q2T05,40,V-SA,SA1,114,64,3250.0,0.0
2021-02,C2022Q2,T05,C2022Q2T05,40,V-SA,VIC1,118,73,1401.0,0.0
2021-02,C2022Q2,T05,C2022Q2T05,40,VIC1-NSW1,NSW1,138,108,842.0,0.0
2021-02,C2022Q2,T05,C2022Q2T05,40,VIC1-NSW1,VIC1,160,125,6400.0,0.0
2021-02,C2022Q3,T04,C2022Q3T04,40,NSW1-QLD1,NSW1,51,51,510.0,0.0
2021-02,C2022Q3,T04,C2022Q3T04,40,NSW1-QLD1,QLD1,147,100,11702.4,0.0
2021-02,C2022Q3,T04,C2022Q3T04,40,V-SA,SA1,84,64,3502.1,0.0
2021-02,C2022Q3,T04,C2022Q3T04,40,V-SA,VIC1,93,73,1695.75,0.0
2021-02,C2022Q3,T04,C2022Q3T04,40,VIC1-NSW1,NSW1,138,108,880.8,0.0
2021-02,C2022Q3,T04,C2022Q3T04,40,VIC1-NSW1,VIC1,155,125,6400.0,0.0
2021-02,C2022Q4,T03,C2022Q4T03,40,NSW1-QLD1,NSW1,55,45,889.0,0.0
2021-02,C2022Q4,T03,C2022Q4T03,40,NSW1-QLD1,QLD1,125,100,11250.0,0.0
2021-02,C2022Q4,T03,C2022Q4T03,40,V-SA,SA1,80,64,4000.0,0.0
2021-02,C2022Q4,T03,C2022Q4T03,40,V-SA,VIC1,88,73,1978.0,0.0
2021-02,C2022Q4,T03,C2022Q4T03,40,VIC1-NSW1,NSW1,108,108,1104.0,0.0
2021-02,C2022Q4,T03,C2022Q4T03,40,VIC1-NSW1,VIC1,140,125,6416.0,0.0
2021-02,C2023Q1,T02,C2023Q1T02,40,NSW1-QLD1,NSW1,45,45,2520.0,0.0
2021-02,C2023Q1,T02,C2023Q1T02,40,NSW1-QLD1,QLD1,125,100,14606.59,0.0
2021-02,C2023Q1,T02,C2023Q1T02,40,V-SA,SA1,64,64,4800.0,0.0
2021-02,C2023Q1,T02,C2023Q1T02,40,V-SA,VIC1,82,73,5442.72,0.0
2021-02,C2023Q1,T02,C2023Q1T02,40,VIC1-NSW1,NSW1,108,108,5553.24,0.0
2021-02,C2023Q1,T02,C2023Q1T02,40,VIC1-NSW1,VIC1,150,128,9203.0,0.0
2021-02,C2023Q2,T01,C2023Q2T01,40,NSW1-QLD1,NSW1,45,45,395.0,0.0
2021-02,C2023Q2,T01,C2023Q2T01,40,NSW1-QLD1,QLD1,100,100,11373.4,0.0
2021-02,C2023Q2,T01,C2023Q2T01,40,V-SA,SA1,64,64,3250.0,0.0
2021-02,C2023Q2,T01,C2023Q2T01,40,V-SA,VIC1,73,73,1360.0,0.0
2021-02,C2023Q2,T01,C2023Q2T01,40,VIC1-NSW1,NSW1,108,108,960.96,0.0
2021-02,C2023Q2,T01,C2023Q2T01,40,VIC1-NSW1,VIC1,125,125,6666.0,0.0
2021-02,C2021Q1,T12,C2021Q1T12,10,NSW1-QLD1,NSW1,83,55,2104.0,0.0
2021-02,C2021Q1,T12,C2021Q1T12,10,NSW1-QLD1,QLD1,155,100,21956.0,0.0
2021-02,C2021Q1,T12,C2021Q1T12,10,V-SA,SA1,96,66,7500.0,0.0
2021-02,C2021Q1,T12,C2021Q1T12,10,V-SA,VIC1,137,77,5500.0,0.0
2021-02,C2021Q1,T12,C2021Q1T12,10,VIC1-NSW1,NSW1,222,112,6375.69,0.0
2021-02,C2021Q1,T12,C2021Q1T12,10,VIC1-NSW1,VIC1,170,125,9000.0,0.0
2021-02,C2021Q2,T11,C2021Q2T11,10,NSW1-QLD1,NSW1,45,45,253.0,0.0
2021-02,C2021Q2,T11,C2021Q2T11,10,NSW1-QLD1,QLD1,155,100,13100.0,0.0
2021-02,C2021Q2,T11,C2021Q2T11,10,V-SA,SA1,114,64,4790.09,0.0
2021-02,C2021Q2,T11,C2021Q2T11,10,V-SA,VIC1,133,73,1601.0,0.0
2021-02,C2021Q2,T11,C2021Q2T11,10,VIC1-NSW1,NSW1,224,108,1365.88,0.0
2021-02,C2021Q2,T11,C2021Q2T11,10,VIC1-NSW1,VIC1,195,125,5354.0,0.0
2021-02,C2021Q3,T10,C2021Q3T10,10,NSW1-QLD1,NSW1,45,45,254.0,0.0
2021-02,C2021Q3,T10,C2021Q3T10,10,NSW1-QLD1,QLD1,155,100,12302.5,0.0
2021-02,C2021Q3,T10,C2021Q3T10,10,V-SA,SA1,114,64,5250.0,0.0
2021-02,C2021Q3,T10,C2021Q3T10,10,V-SA,VIC1,174,73,1601.0,0.0
2021-02,C2021Q3,T10,C2021Q3T10,10,VIC1-NSW1,NSW1,257,108,1389.0,0.0
2021-02,C2021Q3,T10,C2021Q3T10,10,VIC1-NSW1,VIC1,179,125,5625.0,0.0
2021-02,C2021Q4,T09,C2021Q4T09,10,NSW1-QLD1,NSW1,120,51,804.0,0.0
2021-02,C2021Q4,T09,C2021Q4T09,10,NSW1-QLD1,QLD1,155,100,12250.0,0.0
2021-02,C2021Q4,T09,C2021Q4T09,10,V-SA,SA1,114,64,5318.0,0.0
2021-02,C2021Q4,T09,C2021Q4T09,10,V-SA,VIC1,167,73,2127.76,0.0
2021-02,C2021Q4,T09,C2021Q4T09,10,VIC1-NSW1,NSW1,158,108,1323.52,0.0
2021-02,C2021Q4,T09,C2021Q4T09,10,VIC1-NSW1,VIC1,170,125,7501.0,0.0
2021-02,C2022Q1,T08,C2022Q1T08,10,NSW1-QLD1,NSW1,66,45,2585.0,0.0
2021-02,C2022Q1,T08,C2022Q1T08,10,NSW1-QLD1,QLD1,173,100,17800.96,0.0
2021-02,C2022Q1,T08,C2022Q1T08,10,V-SA,SA1,94,64,5878.01,0.0
2021-02,C2022Q1,T08,C2022Q1T08,10,V-SA,VIC1,93,73,6004.0,0.0
2021-02,C2022Q1,T08,C2022Q1T08,10,VIC1-NSW1,NSW1,203,108,6600.0,0.0
2021-02,C2022Q1,T08,C2022Q1T08,10,VIC1-NSW1,VIC1,170,125,11224.0,0.0
2021-02,C2022Q2,T07,C2022Q2T07,10,NSW1-QLD1,NSW1,45,45,401.0,0.0
2021-02,C2022Q2,T07,C2022Q2T07,10,NSW1-QLD1,QLD1,155,100,11067.5,0.0
2021-02,C2022Q2,T07,C2022Q2T07,10,V-SA,SA1,128,78,4000.0,0.0
2021-02,C2022Q2,T07,C2022Q2T07,10,V-SA,VIC1,93,73,1668.35,0.0
2021-02,C2022Q2,T07,C2022Q2T07,10,VIC1-NSW1,NSW1,183,108,740.88,0.0
2021-02,C2022Q2,T07,C2022Q2T07,10,VIC1-NSW1,VIC1,175,125,7772.16,0.0
2021-02,C2022Q3,T06,C2022Q3T06,10,NSW1-QLD1,NSW1,45,45,501.0,0.0
2021-02,C2022Q3,T06,C2022Q3T06,10,NSW1-QLD1,QLD1,130,100,11901.12,0.0
2021-02,C2022Q3,T06,C2022Q3T06,10,V-SA,SA1,94,64,5204.0,0.0
2021-02,C2022Q3,T06,C2022Q3T06,10,V-SA,VIC1,93,73,1750.0,0.0
2021-02,C2022Q3,T06,C2022Q3T06,10,VIC1-NSW1,NSW1,183,108,875.0,0.0
2021-02,C2022Q3,T06,C2022Q3T06,10,VIC1-NSW1,VIC1,150,125,8501.0,0.0
2021-02,C2022Q4,T05,C2022Q4T05,10,NSW1-QLD1,NSW1,55,45,1503.03,0.0
2021-02,C2022Q4,T05,C2022Q4T05,10,NSW1-QLD1,QLD1,130,100,11956.92,0.0
2021-02,C2022Q4,T05,C2022Q4T05,10,V-SA,SA1,90,64,5039.85,0.0
2021-02,C2022Q4,T05,C2022Q4T05,10,V-SA,VIC1,93,73,2450.0,0.0
2021-02,C2022Q4,T05,C2022Q4T05,10,VIC1-NSW1,NSW1,158,108,1197.25,0.0
2021-02,C2022Q4,T05,C2022Q4T05,10,VIC1-NSW1,VIC1,168,125,8950.99,0.0
2021-02,C2023Q1,T04,C2023Q1T04,10,NSW1-QLD1,NSW1,57,45,3001.0,0.0
2021-02,C2023Q1,T04,C2023Q1T04,10,NSW1-QLD1,QLD1,100,100,15996.96,0.0
2021-02,C2023Q1,T04,C2023Q1T04,10,V-SA,SA1,74,64,5668.0,0.0
2021-02,C2023Q1,T04,C2023Q1T04,10,V-SA,VIC1,93,73,6004.0,0.0
2021-02,C2023Q1,T04,C2023Q1T04,10,VIC1-NSW1,NSW1,158,108,5625.0,0.0
2021-02,C2023Q1,T04,C2023Q1T04,10,VIC1-NSW1,VIC1,145,125,11375.99,0.0
2021-02,C2023Q2,T03,C2023Q2T03,10,NSW1-QLD1,NSW1,45,45,404.0,0.0
2021-02,C2023Q2,T03,C2023Q2T03,10,NSW1-QLD1,QLD1,100,100,12839.0,0.0
2021-02,C2023Q2,T03,C2023Q2T03,10,V-SA,SA1,91,81,3124.0,0.0
2021-02,C2023Q2,T03,C2023Q2T03,10,V-SA,VIC1,93,73,1454.0,0.0
2021-02,C2023Q2,T03,C2023Q2T03,10,VIC1-NSW1,NSW1,188,108,562.5,0.0
2021-02,C2023Q2,T03,C2023Q2T03,10,VIC1-NSW1,VIC1,150,125,7407.0,0.0
2021-02,C2023Q3,T02,C2023Q3T02,10,NSW1-QLD1,NSW1,45,45,401.0,0.0
2021-02,C2023Q3,T02,C2023Q3T02,10,NSW1-QLD1,QLD1,100,100,12984.0,0.0
2021-02,C2023Q3,T02,C2023Q3T02,10,V-SA,SA1,74,64,3920.0,0.0
2021-02,C2023Q3,T02,C2023Q3T02,10,V-SA,VIC1,93,73,1435.2,0.0
2021-02,C2023Q3,T02,C2023Q3T02,10,VIC1-NSW1,NSW1,138,108,660.66,0.0
2021-02,C2023Q3,T02,C2023Q3T02,10,VIC1-NSW1,VIC1,150,125,7744.0,0.0
2021-02,C2023Q4,T01,C2023Q4T01,10,NSW1-QLD1,NSW1,45,45,1301.0,0.0
2021-02,C2023Q4,T01,C2023Q4T01,10,NSW1-QLD1,QLD1,100,100,12400.96,0.0
2021-02,C2023Q4,T01,C2023Q4T01,10,V-SA,SA1,64,64,4000.0,0.0
2021-02,C2023Q4,T01,C2023Q4T01,10,V-SA,VIC1,73,73,1840.35,0.0
2021-02,C2023Q4,T01,C2023Q4T01,10,VIC1-NSW1,NSW1,108,108,1001.0,0.0
2021-02,C2023Q4,T01,C2023Q4T01,10,VIC1-NSW1,VIC1,125,125,7473.0,0.0
2021-02,C2019Q2,T12,C2019Q2T12,23,NSW1-QLD1,NSW1,55,55,184.0,0.0
2021-02,C2019Q2,T12,C2019Q2T12,23,NSW1-QLD1,QLD1,100,100,12329.0,0.0
2021-02,C2019Q2,T12,C2019Q2T12,23,V-SA,SA1,66,66,2184.0,0.0
2021-02,C2019Q2,T12,C2019Q2T12,23,V-SA,VIC1,77,77,2600.68,0.0
2021-02,C2019Q2,T12,C2019Q2T12,23,VIC1-NSW1,NSW1,112,112,3489.0,0.0
2021-02,C2019Q2,T12,C2019Q2T12,23,VIC1-NSW1,VIC1,125,125,3500.94,0.0
2021-02,C2019Q3,T11,C2019Q3T11,23,NSW1-QLD1,NSW1,45,45,395.0,0.0
2021-02,C2019Q3,T11,C2019Q3T11,23,NSW1-QLD1,QLD1,100,100,11758.0,0.0
2021-02,C2019Q3,T11,C2019Q3T11,23,V-SA,SA1,64,64,5000.0,0.0
2021-02,C2019Q3,T11,C2019Q3T11,23,V-SA,VIC1,73,73,1447.5,0.0
2021-02,C2019Q3,T11,C2019Q3T11,23,VIC1-NSW1,NSW1,108,108,3075.3,0.0
2021-02,C2019Q3,T11,C2019Q3T11,23,VIC1-NSW1,VIC1,125,125,4344.0,0.0
2021-02,C2019Q4,T10,C2019Q4T10,23,NSW1-QLD1,NSW1,45,45,675.0,0.0
2021-02,C2019Q4,T10,C2019Q4T10,23,NSW1-QLD1,QLD1,100,100,8937.79,0.0
2021-02,C2019Q4,T10,C2019Q4T10,23,V-SA,SA1,64,64,4416.0,0.0
2021-02,C2019Q4,T10,C2019Q4T10,23,V-SA,VIC1,73,73,1600.0,0.0
2021-02,C2019Q4,T10,C2019Q4T10,23,VIC1-NSW1,NSW1,108,108,3350.0,0.0
2021-02,C2019Q4,T10,C2019Q4T10,23,VIC1-NSW1,VIC1,125,125,5203.0,0.0
2021-02,C2020Q1,T09,C2020Q1T09,23,NSW1-QLD1,NSW1,45,45,2516.0,0.0
2021-02,C2020Q1,T09,C2020Q1T09,23,NSW1-QLD1,QLD1,100,100,12895.0,0.0
2021-02,C2020Q1,T09,C2020Q1T09,23,V-SA,SA1,64,64,4611.0,0.0
2021-02,C2020Q1,T09,C2020Q1T09,23,V-SA,VIC1,73,73,6231.9,0.0
2021-02,C2020Q1,T09,C2020Q1T09,23,VIC1-NSW1,NSW1,108,108,6750.0,0.0
2021-02,C2020Q1,T09,C2020Q1T09,23,VIC1-NSW1,VIC1,125,125,4822.4,0.0
2021-02,C2020Q2,T08,C2020Q2T08,23,NSW1-QLD1,NSW1,45,45,240.0,0.0
2021-02,C2020Q2,T08,C2020Q2T08,23,NSW1-QLD1,QLD1,100,100,10434.0,0.0
2021-02,C2020Q2,T08,C2020Q2T08,23,V-SA,SA1,64,64,4000.0,0.0
2021-02,C2020Q2,T08,C2020Q2T08,23,V-SA,VIC1,73,73,1811.0,0.0
2021-02,C2020Q2,T08,C2020Q2T08,23,VIC1-NSW1,NSW1,108,108,1638.0,0.0
2021-02,C2020Q2,T08,C2020Q2T08,23,VIC1-NSW1,VIC1,125,125,4175.0,0.0
2021-02,C2020Q3,T07,C2020Q3T07,23,NSW1-QLD1,NSW1,45,45,281.0,0.0
2021-02,C2020Q3,T07,C2020Q3T07,23,NSW1-QLD1,QLD1,100,100,10730.4,0.0
2021-02,C2020Q3,T07,C2020Q3T07,23,V-SA,SA1,64,64,4416.0,0.0
2021-02,C2020Q3,T07,C2020Q3T07,23,V-SA,VIC1,73,73,1557.0,0.0
2021-02,C2020Q3,T07,C2020Q3T07,23,VIC1-NSW1,NSW1,108,108,1656.0,0.0
2021-02,C2020Q3,T07,C2020Q3T07,23,VIC1-NSW1,VIC1,125,125,5166.72,0.0
2021-02,C2020Q4,T06,C2020Q4T06,23,NSW1-QLD1,NSW1,45,45,675.0,0.0
2021-02,C2020Q4,T06,C2020Q4T06,23,NSW1-QLD1,QLD1,100,100,8650.0,0.0
2021-02,C2020Q4,T06,C2020Q4T06,23,V-SA,SA1,64,64,4416.0,0.0
2021-02,C2020Q4,T06,C2020Q4T06,23,V-SA,VIC1,73,73,2000.0,0.0
2021-02,C2020Q4,T06,C2020Q4T06,23,VIC1-NSW1,NSW1,108,108,2000.0,0.0
2021-02,C2020Q4,T06,C2020Q4T06,23,VIC1-NSW1,VIC1,125,125,4650.0,0.0
2021-02,C2021Q1,T05,C2021Q1T05,23,NSW1-QLD1,NSW1,45,45,3320.0,0.0
2021-02,C2021Q1,T05,C2021Q1T05,23,NSW1-QLD1,QLD1,100,100,10692.5,0.0
2021-02,C2021Q1,T05,C2021Q1T05,23,V-SA,SA1,64,64,5372.4,0.0
2021-02,C2021Q1,T05,C2021Q1T05,23,V-SA,VIC1,73,73,6480.0,0.0
2021-02,C2021Q1,T05,C2021Q1T05,23,VIC1-NSW1,NSW1,108,108,4150.0,0.0
2021-02,C2021Q1,T05,C2021Q1T05,23,VIC1-NSW1,VIC1,125,125,4875.0,0.0
2021-02,C2021Q2,T04,C2021Q2T04,23,NSW1-QLD1,NSW1,45,45,300.0,0.0
2021-02,C2021Q2,T04,C2021Q2T04,23,NSW1-QLD1,QLD1,100,100,9001.0,0.0
2021-02,C2021Q2,T04,C2021Q2T04,23,V-SA,SA1,64,64,4368.0,0.0
2021-02,C2021Q2,T04,C2021Q2T04,23,V-SA,VIC1,73,73,2149.0,0.0
2021-02,C2021Q2,T04,C2021Q2T04,23,VIC1-NSW1,NSW1,108,108,1638.0,0.0
2021-02,C2021Q2,T04,C2021Q2T04,23,VIC1-NSW1,VIC1,125,125,4350.0,0.0
2021-02,C2021Q3,T03,C2021Q3T03,23,NSW1-QLD1,NSW1,45,45,800.0,0.0
2021-02,C2021Q3,T03,C2021Q3T03,23,NSW1-QLD1,QLD1,100,100,7729.0,0.0
2021-02,C2021Q3,T03,C2021Q3T03,23,V-SA,SA1,64,64,6315.41,0.0
2021-02,C2021Q3,T03,C2021Q3T03,23,V-SA,VIC1,73,73,2272.5,0.0
2021-02,C2021Q3,T03,C2021Q3T03,23,VIC1-NSW1,NSW1,108,108,1656.0,0.0
2021-02,C2021Q3,T03,C2021Q3T03,23,VIC1-NSW1,VIC1,125,125,5681.66,0.0
2021-02,C2021Q4,T02,C2021Q4T02,23,NSW1-QLD1,NSW1,45,45,800.0,0.0
2021-02,C2021Q4,T02,C2021Q4T02,23,NSW1-QLD1,QLD1,100,100,7176.25,0.0
2021-02,C2021Q4,T02,C2021Q4T02,23,V-SA,SA1,64,64,4933.0,0.0
2021-02,C2021Q4,T02,C2021Q4T02,23,V-SA,VIC1,73,73,2396.1,0.0
2021-02,C2021Q4,T02,C2021Q4T02,23,VIC1-NSW1,NSW1,108,108,2208.0,0.0
2021-02,C2021Q4,T02,C2021Q4T02,23,VIC1-NSW1,VIC1,125,125,4823.0,0.0
2021-02,C2022Q1,T01,C2022Q1T01,23,NSW1-QLD1,NSW1,45,45,3320.0,0.0
2021-02,C2022Q1,T01,C2022Q1T01,23,NSW1-QLD1,QLD1,100,100,10141.0,0.0
2021-02,C2022Q1,T01,C2022Q1T01,23,V-SA,SA1,64,64,5372.4,0.0
2021-02,C2022Q1,T01,C2022Q1T01,23,V-SA,VIC1,73,73,6097.0,0.0
2021-02,C2022Q1,T01,C2022Q1T01,23,VIC1-NSW1,NSW1,108,108,3850.0,0.0
2021-02,C2022Q1,T01,C2022Q1T01,23,VIC1-NSW1,VIC1,125,125,5350.0,0.0
2021-02,C2019Q3,T12,C2019Q3T12,28,NSW1-QLD1,NSW1,55,55,450.0,0.0
2021-02,C2019Q3,T12,C2019Q3T12,28,NSW1-QLD1,QLD1,100,100,9130.0,0.0
2021-02,C2019Q3,T12,C2019Q3T12,28,V-SA,SA1,66,66,5699.15,0.0
2021-02,C2019Q3,T12,C2019Q3T12,28,V-SA,VIC1,77,77,1744.0,0.0
2021-02,C2019Q3,T12,C2019Q3T12,28,VIC1-NSW1,NSW1,112,112,4050.0,0.0
2021-02,C2019Q3,T12,C2019Q3T12,28,VIC1-NSW1,VIC1,125,125,4600.0,0.0
2021-02,C2019Q4,T11,C2019Q4T11,28,NSW1-QLD1,NSW1,45,45,557.0,0.0
2021-02,C2019Q4,T11,C2019Q4T11,28,NSW1-QLD1,QLD1,100,100,9779.99,0.0
2021-02,C2019Q4,T11,C2019Q4T11,28,V-SA,SA1,64,64,5000.0,0.0
2021-02,C2019Q4,T11,C2019Q4T11,28,V-SA,VIC1,73,73,1518.6,0.0
2021-02,C2019Q4,T11,C2019Q4T11,28,VIC1-NSW1,NSW1,108,108,3950.0,0.0
2021-02,C2019Q4,T11,C2019Q4T11,28,VIC1-NSW1,VIC1,125,125,4850.0,0.0
2021-02,C2020Q1,T10,C2020Q1T10,28,NSW1-QLD1,NSW1,45,45,2375.0,0.0
2021-02,C2020Q1,T10,C2020Q1T10,28,NSW1-QLD1,QLD1,100,100,14829.25,0.0
2021-02,C2020Q1,T10,C2020Q1T10,28,V-SA,SA1,64,64,4400.78,0.0
2021-02,C2020Q1,T10,C2020Q1T10,28,V-SA,VIC1,73,73,4985.52,0.0
2021-02,C2020Q1,T10,C2020Q1T10,28,VIC1-NSW1,NSW1,108,108,7928.0,0.0
2021-02,C2020Q1,T10,C2020Q1T10,28,VIC1-NSW1,VIC1,125,125,4855.0,0.0
2021-02,C2020Q2,T09,C2020Q2T09,28,NSW1-QLD1,NSW1,45,45,201.0,0.0
2021-02,C2020Q2,T09,C2020Q2T09,28,NSW1-QLD1,QLD1,100,100,12000.0,0.0
2021-02,C2020Q2,T09,C2020Q2T09,28,V-SA,SA1,64,64,5000.0,0.0
2021-02,C2020Q2,T09,C2020Q2T09,28,V-SA,VIC1,73,73,1341.01,0.0
2021-02,C2020Q2,T09,C2020Q2T09,28,VIC1-NSW1,NSW1,108,108,1998.0,0.0
2021-02,C2020Q2,T09,C2020Q2T09,28,VIC1-NSW1,VIC1,125,125,4201.0,0.0
2021-02,C2020Q3,T08,C2020Q3T08,28,NSW1-QLD1,NSW1,45,45,203.0,0.0
2021-02,C2020Q3,T08,C2020Q3T08,28,NSW1-QLD1,QLD1,100,100,11132.0,0.0
2021-02,C2020Q3,T08,C2020Q3T08,28,V-SA,SA1,64,64,6762.0,0.0
2021-02,C2020Q3,T08,C2020Q3T08,28,V-SA,VIC1,73,73,950.0,0.0
2021-02,C2020Q3,T08,C2020Q3T08,28,VIC1-NSW1,NSW1,108,108,1750.25,0.0
2021-02,C2020Q3,T08,C2020Q3T08,28,VIC1-NSW1,VIC1,125,125,5166.72,0.0
2021-02,C2020Q4,T07,C2020Q4T07,28,NSW1-QLD1,NSW1,45,45,590.0,0.0
2021-02,C2020Q4,T07,C2020Q4T07,28,NSW1-QLD1,QLD1,100,100,10150.0,0.0
2021-02,C2020Q4,T07,C2020Q4T07,28,V-SA,SA1,64,64,6889.2,0.0
2021-02,C2020Q4,T07,C2020Q4T07,28,V-SA,VIC1,73,73,1727.0,0.0
2021-02,C2020Q4,T07,C2020Q4T07,28,VIC1-NSW1,NSW1,108,108,2215.0,0.0
2021-02,C2020Q4,T07,C2020Q4T07,28,VIC1-NSW1,VIC1,125,125,5580.0,0.0
2021-02,C2021Q1,T06,C2021Q1T06,28,NSW1-QLD1,NSW1,45,45,3070.0,0.0
2021-02,C2021Q1,T06,C2021Q1T06,28,NSW1-QLD1,QLD1,100,100,11745.0,0.0
2021-02,C2021Q1,T06,C2021Q1T06,28,V-SA,SA1,64,64,5372.4,0.0
2021-02,C2021Q1,T06,C2021Q1T06,28,V-SA,VIC1,73,73,5184.0,0.0
2021-02,C2021Q1,T06,C2021Q1T06,28,VIC1-NSW1,NSW1,108,108,4320.0,0.0
2021-02,C2021Q1,T06,C2021Q1T06,28,VIC1-NSW1,VIC1,125,125,4791.0,0.0
2021-02,C2021Q2,T05,C2021Q2T05,28,NSW1-QLD1,NSW1,45,45,218.4,0.0
2021-02,C2021Q2,T05,C2021Q2T05,28,NSW1-QLD1,QLD1,100,100,10000.0,0.0
2021-02,C2021Q2,T05,C2021Q2T05,28,V-SA,SA1,64,64,6592.8,0.0
2021-02,C2021Q2,T05,C2021Q2T05,28,V-SA,VIC1,73,73,2184.0,0.0
2021-02,C2021Q2,T05,C2021Q2T05,28,VIC1-NSW1,NSW1,108,108,1650.0,0.0
2021-02,C2021Q2,T05,C2021Q2T05,28,VIC1-NSW1,VIC1,125,125,5220.0,0.0
2021-02,C2021Q3,T04,C2021Q3T04,28,NSW1-QLD1,NSW1,45,45,800.0,0.0
2021-02,C2021Q3,T04,C2021Q3T04,28,NSW1-QLD1,QLD1,100,100,9001.0,0.0
2021-02,C2021Q3,T04,C2021Q3T04,28,V-SA,SA1,64,64,9967.0,0.0
2021-02,C2021Q3,T04,C2021Q3T04,28,V-SA,VIC1,73,73,1750.0,0.0
2021-02,C2021Q3,T04,C2021Q3T04,28,VIC1-NSW1,NSW1,108,108,1650.0,0.0
2021-02,C2021Q3,T04,C2021Q3T04,28,VIC1-NSW1,VIC1,125,125,5681.66,0.0
2021-02,C2021Q4,T03,C2021Q4T03,28,NSW1-QLD1,NSW1,45,45,800.0,0.0
2021-02,C2021Q4,T03,C2021Q4T03,28,NSW1-QLD1,QLD1,100,100,9001.0,0.0
2021-02,C2021Q4,T03,C2021Q4T03,28,V-SA,SA1,64,64,6889.2,0.0
2021-02,C2021Q4,T03,C2021Q4T03,28,V-SA,VIC1,73,73,1820.0,0.0
2021-02,C2021Q4,T03,C2021Q4T03,28,VIC1-NSW1,NSW1,108,108,2208.0,0.0
2021-02,C2021Q4,T03,C2021Q4T03,28,VIC1-NSW1,VIC1,125,125,5823.0,0.0
2021-02,C2022Q1,T02,C2022Q1T02,28,NSW1-QLD1,NSW1,45,45,3070.0,0.0
2021-02,C2022Q1,T02,C2022Q1T02,28,NSW1-QLD1,QLD1,100,100,14040.0,0.0
2021-02,C2022Q1,T02,C2022Q1T02,28,V-SA,SA1,64,64,5372.4,0.0
2021-02,C2022Q1,T02,C2022Q1T02,28,V-SA,VIC1,73,73,4640.0,0.0
2021-02,C2022Q1,T02,C2022Q1T02,28,VIC1-NSW1,NSW1,108,108,3555.0,0.0
2021-02,C2022Q1,T02,C2022Q1T02,28,VIC1-NSW1,VIC1,125,125,5500.0,0.0
2021-02,C2022Q2,T01,C2022Q2T01,28,NSW1-QLD1,NSW1,45,45,226.0,0.0
2021-02,C2022Q2,T01,C2022Q2T01,28,NSW1-QLD1,QLD1,100,100,10750.0,0.0
2021-02,C2022Q2,T01,C2022Q2T01,28,V-SA,SA1,64,64,6592.8,0.0
2021-02,C2022Q2,T01,C2022Q2T01,28,V-SA,VIC1,73,73,1866.0,0.0
2021-02,C2022Q2,T01,C2022Q2T01,28,VIC1-NSW1,NSW1,108,108,1747.0,0.0
2021-02,C2022Q2,T01,C2022Q2T01,28,VIC1-NSW1,VIC1,125,125,5220.0,0.0
2021-02,C2020Q2,T12,C2020Q2T12,36,NSW1-QLD1,NSW1,90,55,174.14,0.0
2021-02,C2020Q2,T12,C2020Q2T12,36,NSW1-QLD1,QLD1,230,107,13890.24,0.0
2021-02,C2020Q2,T12,C2020Q2T12,36,V-SA,SA1,96,66,10592.4,0.0
2021-02,C2020Q2,T12,C2020Q2T12,36,V-SA,VIC1,177,77,1250.0,0.0
2021-02,C2020Q2,T12,C2020Q2T12,36,VIC1-NSW1,NSW1,286,132,1482.0,0.0
2021-02,C2020Q2,T12,C2020Q2T12,36,VIC1-NSW1,VIC1,335,155,5865.0,0.0
2021-02,C2020Q3,T11,C2020Q3T11,36,NSW1-QLD1,NSW1,80,45,164.27,0.0
2021-02,C2020Q3,T11,C2020Q3T11,36,NSW1-QLD1,QLD1,200,100,14862.32,0.0
2021-02,C2020Q3,T11,C2020Q3T11,36,V-SA,SA1,84,64,13752.0,0.0
2021-02,C2020Q3,T11,C2020Q3T11,36,V-SA,VIC1,148,73,1565.0,0.0
2021-02,C2020Q3,T11,C2020Q3T11,36,VIC1-NSW1,NSW1,311,108,1462.5,0.0
2021-02,C2020Q3,T11,C2020Q3T11,36,VIC1-NSW1,VIC1,262,125,5703.0,0.0
2021-02,C2020Q4,T10,C2020Q4T10,36,NSW1-QLD1,NSW1,97,45,700.0,0.0
2021-02,C2020Q4,T10,C2020Q4T10,36,NSW1-QLD1,QLD1,196,103,13598.0,0.0
2021-02,C2020Q4,T10,C2020Q4T10,36,V-SA,SA1,84,64,13823.0,0.0
2021-02,C2020Q4,T10,C2020Q4T10,36,V-SA,VIC1,133,73,1760.0,0.0
2021-02,C2020Q4,T10,C2020Q4T10,36,VIC1-NSW1,NSW1,288,108,2400.0,0.0
2021-02,C2020Q4,T10,C2020Q4T10,36,VIC1-NSW1,VIC1,296,127,6275.0,0.0
2021-02,C2021Q1,T09,C2021Q1T09,36,NSW1-QLD1,NSW1,62,45,1750.0,0.0
2021-02,C2021Q1,T09,C2021Q1T09,36,NSW1-QLD1,QLD1,185,100,17058.0,0.0
2021-02,C2021Q1,T09,C2021Q1T09,36,V-SA,SA1,119,64,7828.0,0.0
2021-02,C2021Q1,T09,C2021Q1T09,36,V-SA,VIC1,103,73,4532.0,0.0
2021-02,C2021Q1,T09,C2021Q1T09,36,VIC1-NSW1,NSW1,241,108,7560.0,0.0
2021-02,C2021Q1,T09,C2021Q1T09,36,VIC1-NSW1,VIC1,245,146,7218.66,0.0
2021-02,C2021Q2,T08,C2021Q2T08,36,NSW1-QLD1,NSW1,65,45,114.4,0.0
2021-02,C2021Q2,T08,C2021Q2T08,36,NSW1-QLD1,QLD1,180,100,10893.35,0.0
2021-02,C2021Q2,T08,C2021Q2T08,36,V-SA,SA1,64,64,8616.2,0.0
2021-02,C2021Q2,T08,C2021Q2T08,36,V-SA,VIC1,128,73,1131.75,0.0
2021-02,C2021Q2,T08,C2021Q2T08,36,VIC1-NSW1,NSW1,217,108,1000.85,0.0
2021-02,C2021Q2,T08,C2021Q2T08,36,VIC1-NSW1,VIC1,235,125,6216.0,0.0
2021-02,C2021Q3,T07,C2021Q3T07,36,NSW1-QLD1,NSW1,45,45,200.0,0.0
2021-02,C2021Q3,T07,C2021Q3T07,36,NSW1-QLD1,QLD1,180,100,11772.84,0.0
2021-02,C2021Q3,T07,C2021Q3T07,36,V-SA,SA1,64,64,10205.1,0.0
2021-02,C2021Q3,T07,C2021Q3T07,36,V-SA,VIC1,128,73,1550.0,0.0
2021-02,C2021Q3,T07,C2021Q3T07,36,VIC1-NSW1,NSW1,208,108,993.6,0.0
2021-02,C2021Q3,T07,C2021Q3T07,36,VIC1-NSW1,VIC1,240,125,7500.0,0.0
2021-02,C2021Q4,T06,C2021Q4T06,36,NSW1-QLD1,NSW1,45,45,685.0,0.0
2021-02,C2021Q4,T06,C2021Q4T06,36,NSW1-QLD1,QLD1,185,110,11477.0,0.0
2021-02,C2021Q4,T06,C2021Q4T06,36,V-SA,SA1,64,64,12501.0,0.0
2021-02,C2021Q4,T06,C2021Q4T06,36,V-SA,VIC1,103,73,1754.0,0.0
2021-02,C2021Q4,T06,C2021Q4T06,36,VIC1-NSW1,NSW1,213,113,1601.6,0.0
2021-02,C2021Q4,T06,C2021Q4T06,36,VIC1-NSW1,VIC1,230,125,7441.5,0.0
2021-02,C2022Q1,T05,C2022Q1T05,36,NSW1-QLD1,NSW1,45,45,2160.0,0.0
2021-02,C2022Q1,T05,C2022Q1T05,36,NSW1-QLD1,QLD1,156,100,13083.0,0.0
2021-02,C2022Q1,T05,C2022Q1T05,36,V-SA,SA1,89,64,5810.4,0.0
2021-02,C2022Q1,T05,C2022Q1T05,36,V-SA,VIC1,73,73,5762.88,0.0
2021-02,C2022Q1,T05,C2022Q1T05,36,VIC1-NSW1,NSW1,108,108,6310.5,0.0
2021-02,C2022Q1,T05,C2022Q1T05,36,VIC1-NSW1,VIC1,125,125,7556.0,0.0
2021-02,C2022Q2,T04,C2022Q2T04,36,NSW1-QLD1,NSW1,45,45,200.0,0.0
2021-02,C2022Q2,T04,C2022Q2T04,36,NSW1-QLD1,QLD1,140,100,11972.0,0.0
2021-02,C2022Q2,T04,C2022Q2T04,36,V-SA,SA1,64,64,7916.9,0.0
2021-02,C2022Q2,T04,C2022Q2T04,36,V-SA,VIC1,73,73,1054.0,0.0
2021-02,C2022Q2,T04,C2022Q2T04,36,VIC1-NSW1,NSW1,108,108,1092.0,0.0
2021-02,C2022Q2,T04,C2022Q2T04,36,VIC1-NSW1,VIC1,125,125,8000.0,0.0
2021-02,C2022Q3,T03,C2022Q3T03,36,NSW1-QLD1,NSW1,45,45,154.88,0.0
2021-02,C2022Q3,T03,C2022Q3T03,36,NSW1-QLD1,QLD1,100,100,11512.51,0.0
2021-02,C2022Q3,T03,C2022Q3T03,36,V-SA,SA1,64,64,10006.0,0.0
2021-02,C2022Q3,T03,C2022Q3T03,36,V-SA,VIC1,73,73,1007.0,0.0
2021-02,C2022Q3,T03,C2022Q3T03,36,VIC1-NSW1,NSW1,108,108,1101.0,0.0
2021-02,C2022Q3,T03,C2022Q3T03,36,VIC1-NSW1,VIC1,125,125,8000.0,0.0
2021-02,C2022Q4,T02,C2022Q4T02,36,NSW1-QLD1,NSW1,45,45,552.0,0.0
2021-02,C2022Q4,T02,C2022Q4T02,36,NSW1-QLD1,QLD1,100,100,10879.32,0.0
2021-02,C2022Q4,T02,C2022Q4T02,36,V-SA,SA1,64,64,11500.92,0.0
2021-02,C2022Q4,T02,C2022Q4T02,36,V-SA,VIC1,73,73,1480.6,0.0
2021-02,C2022Q4,T02,C2022Q4T02,36,VIC1-NSW1,NSW1,108,108,1766.4,0.0
2021-02,C2022Q4,T02,C2022Q4T02,36,VIC1-NSW1,VIC1,125,125,8000.0,0.0
2021-02,C2023Q1,T01,C2023Q1T01,36,NSW1-QLD1,NSW1,45,45,1955.8,0.0
2021-02,C2023Q1,T01,C2023Q1T01,36,NSW1-QLD1,QLD1,100,100,11065.6,0.0
2021-02,C2023Q1,T01,C2023Q1T01,36,V-SA,SA1,64,64,4709.0,0.0
2021-02,C2023Q1,T01,C2023Q1T01,36,V-SA,VIC1,73,73,4901.18,0.0
2021-02,C2023Q1,T01,C2023Q1T01,36,VIC1-NSW1,NSW1,108,108,6310.5,0.0
2021-02,C2023Q1,T01,C2023Q1T01,36,VIC1-NSW1,VIC1,125,125,8058.0,0.0
2021-02,C2020Q3,T12,C2020Q3T12,36,NSW1-QLD1,NSW1,90,55,210.08,0.0
2021-02,C2020Q3,T12,C2020Q3T12,36,NSW1-QLD1,QLD1,210,139,11555.0,0.0
2021-02,C2020Q3,T12,C2020Q3T12,36,V-SA,SA1,96,73,9151.07,0.0
2021-02,C2020Q3,T12,C2020Q3T12,36,V-SA,VIC1,193,77,1713.0,0.0
2021-02,C2020Q3,T12,C2020Q3T12,36,VIC1-NSW1,NSW1,296,112,1023.75,0.0
2021-02,C2020Q3,T12,C2020Q3T12,36,VIC1-NSW1,VIC1,355,135,4901.0,0.0
2021-02,C2020Q4,T11,C2020Q4T11,36,NSW1-QLD1,NSW1,193,45,701.23,0.0
2021-02,C2020Q4,T11,C2020Q4T11,36,NSW1-QLD1,QLD1,222,110,10878.4,0.0
2021-02,C2020Q4,T11,C2020Q4T11,36,V-SA,SA1,94,64,8001.2,0.0
2021-02,C2020Q4,T11,C2020Q4T11,36,V-SA,VIC1,168,73,1795.2,0.0
2021-02,C2020Q4,T11,C2020Q4T11,36,VIC1-NSW1,NSW1,234,113,2208.0,0.0
2021-02,C2020Q4,T11,C2020Q4T11,36,VIC1-NSW1,VIC1,340,130,5875.0,0.0
2021-02,C2021Q1,T10,C2021Q1T10,36,NSW1-QLD1,NSW1,76,45,1500.0,0.0
2021-02,C2021Q1,T10,C2021Q1T10,36,NSW1-QLD1,QLD1,245,100,19700.0,0.0
2021-02,C2021Q1,T10,C2021Q1T10,36,V-SA,SA1,119,64,7137.0,0.0
2021-02,C2021Q1,T10,C2021Q1T10,36,V-SA,VIC1,118,73,4666.0,0.0
2021-02,C2021Q1,T10,C2021Q1T10,36,VIC1-NSW1,NSW1,146,108,7501.0,0.0
2021-02,C2021Q1,T10,C2021Q1T10,36,VIC1-NSW1,VIC1,250,125,7940.53,0.0
2021-02,C2021Q2,T09,C2021Q2T09,36,NSW1-QLD1,NSW1,65,45,140.19,0.0
2021-02,C2021Q2,T09,C2021Q2T09,36,NSW1-QLD1,QLD1,200,120,12000.0,0.0
2021-02,C2021Q2,T09,C2021Q2T09,36,V-SA,SA1,121,64,3500.79,0.0
2021-02,C2021Q2,T09,C2021Q2T09,36,V-SA,VIC1,163,73,1711.0,0.0
2021-02,C2021Q2,T09,C2021Q2T09,36,VIC1-NSW1,NSW1,153,108,982.8,0.0
2021-02,C2021Q2,T09,C2021Q2T09,36,VIC1-NSW1,VIC1,237,135,5416.0,0.0
2021-02,C2021Q3,T08,C2021Q3T08,36,NSW1-QLD1,NSW1,45,45,312.0,0.0
2021-02,C2021Q3,T08,C2021Q3T08,36,NSW1-QLD1,QLD1,215,100,10086.0,0.0
2021-02,C2021Q3,T08,C2021Q3T08,36,V-SA,SA1,114,64,3571.78,0.0
2021-02,C2021Q3,T08,C2021Q3T08,36,V-SA,VIC1,215,73,1695.75,0.0
2021-02,C2021Q3,T08,C2021Q3T08,36,VIC1-NSW1,NSW1,197,108,1032.0,0.0
2021-02,C2021Q3,T08,C2021Q3T08,36,VIC1-NSW1,VIC1,219,135,6601.0,0.0
2021-02,C2021Q4,T07,C2021Q4T07,36,NSW1-QLD1,NSW1,112,45,685.0,0.0
2021-02,C2021Q4,T07,C2021Q4T07,36,NSW1-QLD1,QLD1,180,100,11103.0,0.0
2021-02,C2021Q4,T07,C2021Q4T07,36,V-SA,SA1,114,64,4000.0,0.0
2021-02,C2021Q4,T07,C2021Q4T07,36,V-SA,VIC1,192,73,1789.08,0.0
2021-02,C2021Q4,T07,C2021Q4T07,36,VIC1-NSW1,NSW1,148,108,1104.0,0.0
2021-02,C2021Q4,T07,C2021Q4T07,36,VIC1-NSW1,VIC1,235,135,6250.0,0.0
2021-02,C2022Q1,T06,C2022Q1T06,36,NSW1-QLD1,NSW1,50,45,2358.0,0.0
2021-02,C2022Q1,T06,C2022Q1T06,36,NSW1-QLD1,QLD1,236,100,16474.0,0.0
2021-02,C2022Q1,T06,C2022Q1T06,36,V-SA,SA1,111,64,4358.0,0.0
2021-02,C2022Q1,T06,C2022Q1T06,36,V-SA,VIC1,103,73,5878.13,0.0
2021-02,C2022Q1,T06,C2022Q1T06,36,VIC1-NSW1,NSW1,134,108,5750.0,0.0
2021-02,C2022Q1,T06,C2022Q1T06,36,VIC1-NSW1,VIC1,245,125,8311.6,0.0
2021-02,C2022Q2,T05,C2022Q2T05,36,NSW1-QLD1,NSW1,45,45,359.0,0.0
2021-02,C2022Q2,T05,C2022Q2T05,36,NSW1-QLD1,QLD1,175,100,11373.4,0.0
2021-02,C2022Q2,T05,C2022Q2T05,36,V-SA,SA1,114,64,3250.0,0.0
2021-02,C2020Q3,T12,C2020Q3T12,41,NSW1-QLD1,NSW1,90,55,210.08,0.0
2021-02,C2020Q3,T12,C2020Q3T12,41,NSW1-QLD1,QLD1,210,139,11555.0,0.0
2021-02,C2020Q3,T12,C2020Q3T12,41,V-SA,SA1,96,73,9151.07,0.0
2021-02,C2020Q3,T12,C2020Q3T12,41,V-SA,VIC1,193,77,1713.0,0.0
2021-02,C2020Q3,T12,C2020Q3T12,41,VIC1-NSW1,NSW1,296,112,1023.75,0.0
2021-02,C2020Q3,T12,C2020Q3T12,41,VIC1-NSW1,VIC1,355,135,4901.0,0.0
2021-02,C2020Q4,T11,C2020Q4T11,41,NSW1-QLD1,NSW1,193,45,701.23,0.0
2021-02,C2020Q4,T11,C2020Q4T11,41,NSW1-QLD1,QLD1,222,110,10878.4,0.0
2021-02,C2020Q4,T11,C2020Q4T11,41,V-SA,SA1,94,64,8001.2,0.0
2021-02,C2020Q4,T11,C2020Q4T11,41,V-SA,VIC1,168,73,1795.2,0.0
2021-02,C2020Q4,T11,C2020Q4T11,41,VIC1-NSW1,NSW1,234,113,2208.0,0.0
2021-02,C2020Q4,T11,C2020Q4T11,41,VIC1-NSW1,VIC1,340,130,5875.0,0.0
2021-02,C2021Q1,T10,C2021Q1T10,41,NSW1-QLD1,NSW1,76,45,1500.0,0.0
2021-02,C2021Q1,T10,C2021Q1T10,41,NSW1-QLD1,QLD1,245,100,19700.0,0.0
2021-02,C2021Q1,T10,C2021Q1T10,41,V-SA,SA1,119,64,7137.0,0.0
2021-02,C2021Q1,T10,C2021Q1T10,41,V-SA,VIC1,118,73,4666.0,0.0
2021-02,C2021Q1,T10,C2021Q1T10,41,VIC1-NSW1,NSW1,146,108,7501.0,0.0
2021-02,C2021Q1,T10,C2021Q1T10,41,VIC1-NSW1,VIC1,250,125,7940.53,0.0
2021-02,C2021Q2,T09,C2021Q2T09,41,NSW1-QLD1,NSW1,65,45,140.19,0.0
2021-02,C2021Q2,T09,C2021Q2T09,41,NSW1-QLD1,QLD1,200,120,12000.0,0.0
2021-02,C2021Q2,T09,C2021Q2T09,41,V-SA,SA1,121,64,3500.79,0.0
2021-02,C2021Q2,T09,C2021Q2T09,41,V-SA,VIC1,163,73,1711.0,0.0
2021-02,C2021Q2,T09,C2021Q2T09,41,VIC1-NSW1,NSW1,153,108,982.8,0.0
2021-02,C2021Q2,T09,C2021Q2T09,41,VIC1-NSW1,VIC1,237,135,5416.0,0.0
2021-02,C2021Q3,T08,C2021Q3T08,41,NSW1-QLD1,NSW1,45,45,312.0,0.0
2021-02,C2021Q3,T08,C2021Q3T08,41,NSW1-QLD1,QLD1,215,100,10086.0,0.0
2021-02,C2021Q3,T08,C2021Q3T08,41,V-SA,SA1,114,64,3571.78,0.0
2021-02,C2021Q3,T08,C2021Q3T08,41,V-SA,VIC1,215,73,1695.75,0.0
2021-02,C2021Q3,T08,C2021Q3T08,41,VIC1-NSW1,NSW1,197,108,1032.0,0.0
2021-02,C2021Q3,T08,C2021Q3T08,41,VIC1-NSW1,VIC1,219,135,6601.0,0.0
2021-02,C2021Q4,T07,C2021Q4T07,41,NSW1-QLD1,NSW1,112,45,685.0,0.0
2021-02,C2021Q4,T07,C2021Q4T07,41,NSW1-QLD1,QLD1,180,100,11103.0,0.0
2021-02,C2021Q4,T07,C2021Q4T07,41,V-SA,SA1,114,64,4000.0,0.0
2021-02,C2021Q4,T07,C2021Q4T07,41,V-SA,VIC1,192,73,1789.08,0.0
2021-02,C2021Q4,T07,C2021Q4T07,41,VIC1-NSW1,NSW1,148,108,1104.0,0.0
2021-02,C2021Q4,T07,C2021Q4T07,41,VIC1-NSW1,VIC1,235,135,6250.0,0.0
2021-02,C2022Q1,T06,C2022Q1T06,41,NSW1-QLD1,NSW1,50,45,2358.0,0.0
2021-02,C2022Q1,T06,C2022Q1T06,41,NSW1-QLD1,QLD1,236,100,16474.0,0.0
2021-02,C2022Q1,T06,C2022Q1T06,41,V-SA,SA1,111,64,4358.0,0.0
2021-02,C2022Q1,T06,C2022Q1T06,41,V-SA,VIC1,103,73,5878.13,0.0
2021-02,C2022Q1,T06,C2022Q1T06,41,VIC1-NSW1,NSW1,134,108,5750.0,0.0
2021-02,C2022Q1,T06,C2022Q1T06,41,VIC1-NSW1,VIC1,245,125,8311.6,0.0
2021-02,C2022Q2,T05,C2022Q2T05,41,NSW1-QLD1,NSW1,45,45,359.0,0.0
2021-02,C2022Q2,T05,C2022Q2T05,41,NSW1-QLD1,QLD1,175,100,11373.4,0.0
2021-02,C2022Q2,T05,C2022Q2T05,41,V-SA,SA1,114,64,3250.0,0.0
2021-02,C2022Q2,T05,C2022Q2T05,41,V-SA,VIC1,118,73,1401.0,0.0
2021-02,C2022Q2,T05,C2022Q2T05,41,VIC1-NSW1,NSW1,138,108,842.0,0.0
2021-02,C2022Q2,T05,C2022Q2T05,41,VIC1-NSW1,VIC1,160,125,6400.0,0.0
2021-02,C2022Q3,T04,C2022Q3T04,41,NSW1-QLD1,NSW1,51,51,510.0,0.0
2021-02,C2022Q3,T04,C2022Q3T04,41,NSW1-QLD1,QLD1,147,100,11702.4,0.0
2021-02,C2022Q3,T04,C2022Q3T04,41,V-SA,SA1,84,64,3502.1,0.0
2021-02,C2022Q3,T04,C2022Q3T04,41,V-SA,VIC1,93,73,1695.75,0.0
2021-02,C2022Q3,T04,C2022Q3T04,41,VIC1-NSW1,NSW1,138,108,880.8,0.0
2021-02,C2022Q3,T04,C2022Q3T04,41,VIC1-NSW1,VIC1,155,125,6400.0,0.0
2021-02,C2022Q4,T03,C2022Q4T03,41,NSW1-QLD1,NSW1,55,45,889.0,0.0
2021-02,C2022Q4,T03,C2022Q4T03,41,NSW1-QLD1,QLD1,125,100,11250.0,0.0
2021-02,C2022Q4,T03,C2022Q4T03,41,V-SA,SA1,80,64,4000.0,0.0
2021-02,C2022Q4,T03,C2022Q4T03,41,V-SA,VIC1,88,73,1978.0,0.0
2021-02,C2022Q4,T03,C2022Q4T03,41,VIC1-NSW1,NSW1,108,108,1104.0,0.0
2021-02,C2022Q4,T03,C2022Q4T03,41,VIC1-NSW1,VIC1,140,125,6416.0,0.0
2021-02,C2023Q1,T02,C2023Q1T02,41,NSW1-QLD1,NSW1,45,45,2520.0,0.0
2021-02,C2023Q1,T02,C2023Q1T02,41,NSW1-QLD1,QLD1,125,100,14606.59,0.0
2021-02,C2023Q1,T02,C2023Q1T02,41,V-SA,SA1,64,64,4800.0,0.0
2021-02,C2023Q1,T02,C2023Q1T02,41,V-SA,VIC1,82,73,5442.72,0.0
2021-02,C2023Q1,T02,C2023Q1T02,41,VIC1-NSW1,NSW1,108,108,5553.24,0.0
2021-02,C2023Q1,T02,C2023Q1T02,41,VIC1-NSW1,VIC1,150,128,9203.0,0.0
2021-02,C2023Q2,T01,C2023Q2T01,41,NSW1-QLD1,NSW1,45,45,395.0,0.0
2021-02,C2023Q2,T01,C2023Q2T01,41,NSW1-QLD1,QLD1,100,100,11373.4,0.0
2021-02,C2023Q2,T01,C2023Q2T01,41,V-SA,SA1,64,64,3250.0,0.0
2021-02,C2023Q2,T01,C2023Q2T01,41,V-SA,VIC1,73,73,1360.0,0.0
2021-02,C2023Q2,T01,C2023Q2T01,41,VIC1-NSW1,NSW1,108,108,960.96,0.0
2021-02,C2023Q2,T01,C2023Q2T01,41,VIC1-NSW1,VIC1,125,125,6666.0,0.0
2021-02,C2020Q4,T12,C2020Q4T12,22,NSW1-QLD1,NSW1,157,55,804.0,0.0
2021-02,C2020Q4,T12,C2020Q4T12,22,NSW1-QLD1,QLD1,210,100,10450.0,0.0
2021-02,C2020Q4,T12,C2020Q4T12,22,V-SA,SA1,91,66,6500.85,0.0
2021-02,C2020Q4,T12,C2020Q4T12,22,V-SA,VIC1,97,77,3000.33,0.0
2021-02,C2020Q4,T12,C2020Q4T12,22,VIC1-NSW1,NSW1,222,112,2755.0,0.0
2021-02,C2020Q4,T12,C2020Q4T12,22,VIC1-NSW1,VIC1,285,126,4500.0,0.0
2021-02,C2021Q1,T11,C2021Q1T11,22,NSW1-QLD1,NSW1,79,45,1755.0,0.0
2021-02,C2021Q1,T11,C2021Q1T11,22,NSW1-QLD1,QLD1,150,100,19785.0,0.0
2021-02,C2021Q1,T11,C2021Q1T11,22,V-SA,SA1,89,64,6750.0,0.0
2021-02,C2021Q1,T11,C2021Q1T11,22,V-SA,VIC1,93,73,5500.0,0.0
2021-02,C2021Q1,T11,C2021Q1T11,22,VIC1-NSW1,NSW1,188,108,8500.93,0.0
2021-02,C2021Q1,T11,C2021Q1T11,22,VIC1-NSW1,VIC1,175,125,6975.0,0.0
2021-02,C2021Q2,T10,C2021Q2T10,22,NSW1-QLD1,NSW1,45,45,160.36,0.0
2021-02,C2021Q2,T10,C2021Q2T10,22,NSW1-QLD1,QLD1,175,100,11750.0,0.0
2021-02,C2021Q2,T10,C2021Q2T10,22,V-SA,SA1,109,64,3850.0,0.0
2021-02,C2021Q2,T10,C2021Q2T10,22,V-SA,VIC1,108,73,1780.0,0.0
2021-02,C2021Q2,T10,C2021Q2T10,22,VIC1-NSW1,NSW1,199,108,1300.84,0.0
2021-02,C2021Q2,T10,C2021Q2T10,22,VIC1-NSW1,VIC1,205,125,4007.84,0.0
2021-02,C2021Q3,T09,C2021Q3T09,22,NSW1-QLD1,NSW1,45,45,252.0,0.0
2021-02,C2021Q3,T09,C2021Q3T09,22,NSW1-QLD1,QLD1,180,100,12950.12,0.0
2021-02,C2021Q3,T09,C2021Q3T09,22,V-SA,SA1,109,64,4504.0,0.0
2021-02,C2021Q3,T09,C2021Q3T09,22,V-SA,VIC1,113,73,1600.94,0.0
2021-02,C2021Q3,T09,C2021Q3T09,22,VIC1-NSW1,NSW1,247,108,1304.0,0.0
2021-02,C2021Q3,T09,C2021Q3T09,22,VIC1-NSW1,VIC1,185,125,4500.0,0.0
2021-02,C2021Q4,T08,C2021Q4T08,22,NSW1-QLD1,NSW1,108,45,604.0,0.0
2021-02,C2021Q4,T08,C2021Q4T08,22,NSW1-QLD1,QLD1,160,100,11150.0,0.0
2021-02,C2021Q4,T08,C2021Q4T08,22,V-SA,SA1,109,64,4833.66,0.0
2021-02,C2021Q4,T08,C2021Q4T08,22,V-SA,VIC1,137,73,2127.76,0.0
2021-02,C2021Q4,T08,C2021Q4T08,22,VIC1-NSW1,NSW1,148,108,1504.0,0.0
2021-02,C2021Q4,T08,C2021Q4T08,22,VIC1-NSW1,VIC1,205,125,5250.0,0.0
2021-02,C2022Q1,T07,C2022Q1T07,22,NSW1-QLD1,NSW1,54,45,2350.0,0.0
2021-02,C2022Q1,T07,C2022Q1T07,22,NSW1-QLD1,QLD1,136,100,16000.0,0.0
2021-02,C2022Q1,T07,C2022Q1T07,22,V-SA,SA1,64,64,5143.26,0.0
2021-02,C2022Q1,T07,C2022Q1T07,22,V-SA,VIC1,73,73,7019.42,0.0
2021-02,C2022Q1,T07,C2022Q1T07,22,VIC1-NSW1,NSW1,162,117,8800.0,0.0
2021-02,C2022Q1,T07,C2022Q1T07,22,VIC1-NSW1,VIC1,175,125,9142.76,0.0
2021-02,C2022Q2,T06,C2022Q2T06,22,NSW1-QLD1,NSW1,45,45,351.0,0.0
2021-02,C2022Q2,T06,C2022Q2T06,22,NSW1-QLD1,QLD1,120,100,11650.0,0.0
2021-02,C2022Q2,T06,C2022Q2T06,22,V-SA,SA1,98,64,4000.0,0.0
2021-02,C2022Q2,T06,C2022Q2T06,22,V-SA,VIC1,73,73,1600.0,0.0
2021-02,C2022Q2,T06,C2022Q2T06,22,VIC1-NSW1,NSW1,198,108,841.91,0.0
2021-02,C2022Q2,T06,C2022Q2T06,22,VIC1-NSW1,VIC1,205,125,6619.68,0.0
2021-02,C2022Q3,T05,C2022Q3T05,22,NSW1-QLD1,NSW1,45,45,561.0,0.0
2021-02,C2022Q3,T05,C2022Q3T05,22,NSW1-QLD1,QLD1,100,100,12150.0,0.0
2021-02,C2022Q3,T05,C2022Q3T05,22,V-SA,SA1,84,64,4000.0,0.0
2021-02,C2022Q3,T05,C2022Q3T05,22,V-SA,VIC1,73,73,1750.0,0.0
2021-02,C2022Q3,T05,C2022Q3T05,22,VIC1-NSW1,NSW1,198,108,1104.01,0.0
2021-02,C2022Q3,T05,C2022Q3T05,22,VIC1-NSW1,VIC1,195,125,6501.0,0.0
2021-02,C2022Q4,T04,C2022Q4T04,22,NSW1-QLD1,NSW1,55,45,1254.0,0.0
2021-02,C2022Q4,T04,C2022Q4T04,22,NSW1-QLD1,QLD1,100,100,10900.0,0.0
2021-02,C2022Q4,T04,C2022Q4T04,22,V-SA,SA1,80,64,4666.98,0.0
2021-02,C2022Q4,T04,C2022Q4T04,22,V-SA,VIC1,73,73,2450.0,0.0
2021-02,C2022Q4,T04,C2022Q4T04,22,VIC1-NSW1,NSW1,148,108,1710.37,0.0
2021-02,C2022Q4,T04,C2022Q4T04,22,VIC1-NSW1,VIC1,185,125,6793.1,0.0
2021-02,C2023Q1,T03,C2023Q1T03,22,NSW1-QLD1,NSW1,45,45,2646.0,0.0
2021-02,C2023Q1,T03,C2023Q1T03,22,NSW1-QLD1,QLD1,100,100,14750.0,0.0
2021-02,C2023Q1,T03,C2023Q1T03,22,V-SA,SA1,74,64,5143.26,0.0
2021-02,C2023Q1,T03,C2023Q1T03,22,V-SA,VIC1,73,73,6004.0,0.0
2021-02,C2022Q1,T08,C2022Q1T08,3,NSW1-QLD1,NSW1,66,45,2585.0,0.0
2021-02,C2022Q1,T08,C2022Q1T08,3,NSW1-QLD1,QLD1,173,100,17800.96,0.0
2021-02,C2022Q1,T08,C2022Q1T08,3,V-SA,SA1,94,64,5878.01,0.0
2021-02,C2022Q1,T08,C2022Q1T08,3,V-SA,VIC1,93,73,6004.0,0.0
2021-02,C2022Q1,T08,C2022Q1T08,3,VIC1-NSW1,NSW1,203,108,6600.0,0.0
2021-02,C2022Q1,T08,C2022Q1T08,3,VIC1-NSW1,VIC1,170,125,11224.0,0.0
2021-02,C2022Q2,T07,C2022Q2T07,3,NSW1-QLD1,NSW1,45,45,401.0,0.0
2021-02,C2022Q2,T07,C2022Q2T07,3,NSW1-QLD1,QLD1,155,100,11067.5,0.0
2021-02,C2022Q2,T07,C2022Q2T07,3,V-SA,SA1,128,78,4000.0,0.0
2021-02,C2022Q2,T07,C2022Q2T07,3,V-SA,VIC1,93,73,1668.35,0.0
2021-02,C2022Q2,T07,C2022Q2T07,3,VIC1-NSW1,NSW1,183,108,740.88,0.0
2021-02,C2022Q2,T07,C2022Q2T07,3,VIC1-NSW1,VIC1,175,125,7772.16,0.0
2021-02,C2022Q3,T06,C2022Q3T06,3,NSW1-QLD1,NSW1,45,45,501.0,0.0
2021-02,C2022Q3,T06,C2022Q3T06,3,NSW1-QLD1,QLD1,130,100,11901.12,0.0
2021-02,C2022Q3,T06,C2022Q3T06,3,V-SA,SA1,94,64,5204.0,0.0
2021-02,C2022Q3,T06,C2022Q3T06,3,V-SA,VIC1,93,73,1750.0,0.0
2021-02,C2022Q3,T06,C2022Q3T06,3,VIC1-NSW1,NSW1,183,108,875.0,0.0
2021-02,C2022Q3,T06,C2022Q3T06,3,VIC1-NSW1,VIC1,150,125,8501.0,0.0
2021-02,C2022Q4,T05,C2022Q4T05,3,NSW1-QLD1,NSW1,55,45,1503.03,0.0
2021-02,C2022Q4,T05,C2022Q4T05,3,NSW1-QLD1,QLD1,130,100,11956.92,0.0
2021-02,C2022Q4,T05,C2022Q4T05,3,V-SA,SA1,90,64,5039.85,0.0
2021-02,C2022Q4,T05,C2022Q4T05,3,V-SA,VIC1,93,73,2450.0,0.0
2021-02,C2022Q4,T05,C2022Q4T05,3,VIC1-NSW1,NSW1,158,108,1197.25,0.0
2021-02,C2022Q4,T05,C2022Q4T05,3,VIC1-NSW1,VIC1,168,125,8950.99,0.0
2021-02,C2023Q1,T04,C2023Q1T04,3,NSW1-QLD1,NSW1,57,45,3001.0,0.0
2021-02,C2023Q1,T04,C2023Q1T04,3,NSW1-QLD1,QLD1,100,100,15996.96,0.0
2021-02,C2023Q1,T04,C2023Q1T04,3,V-SA,SA1,74,64,5668.0,0.0
2021-02,C2023Q1,T04,C2023Q1T04,3,V-SA,VIC1,93,73,6004.0,0.0
2021-02,C2023Q1,T04,C2023Q1T04,3,VIC1-NSW1,NSW1,158,108,5625.0,0.0
2021-02,C2023Q1,T04,C2023Q1T04,3,VIC1-NSW1,VIC1,145,125,11375.99,0.0
2021-02,C2023Q2,T03,C2023Q2T03,3,NSW1-QLD1,NSW1,45,45,404.0,0.0
2021-02,C2023Q2,T03,C2023Q2T03,3,NSW1-QLD1,QLD1,100,100,12839.0,0.0
2021-02,C2023Q2,T03,C2023Q2T03,3,V-SA,SA1,91,81,3124.0,0.0
2021-02,C2023Q2,T03,C2023Q2T03,3,V-SA,VIC1,93,73,1454.0,0.0
2021-02,C2023Q2,T03,C2023Q2T03,3,VIC1-NSW1,NSW1,188,108,562.5,0.0
2021-02,C2023Q2,T03,C2023Q2T03,3,VIC1-NSW1,VIC1,150,125,7407.0,0.0
2021-02,C2023Q3,T02,C2023Q3T02,3,NSW1-QLD1,NSW1,45,45,401.0,0.0
2021-02,C2023Q3,T02,C2023Q3T02,3,NSW1-QLD1,QLD1,100,100,12984.0,0.0
2021-02,C2023Q3,T02,C2023Q3T02,3,V-SA,SA1,74,64,3920.0,0.0
2021-02,C2023Q3,T02,C2023Q3T02,3,V-SA,VIC1,93,73,1435.2,0.0
2021-02,C2023Q3,T02,C2023Q3T02,3,VIC1-NSW1,NSW1,138,108,660.66,0.0
2021-02,C2023Q3,T02,C2023Q3T02,3,VIC1-NSW1,VIC1,150,125,7744.0,0.0
2021-02,C2023Q4,T01,C2023Q4T01,3,NSW1-QLD1,NSW1,45,45,1301.0,0.0
2021-02,C2023Q4,T01,C2023Q4T01,3,NSW1-QLD1,QLD1,100,100,12400.96,0.0
2021-02,C2023Q4,T01,C2023Q4T01,3,V-SA,SA1,64,64,4000.0,0.0
2021-02,C2023Q4,T01,C2023Q4T01,3,V-SA,VIC1,73,73,1840.35,0.0
2021-02,C2023Q4,T01,C2023Q4T01,3,VIC1-NSW1,NSW1,108,108,1001.0,0.0
2021-02,C2023Q4,T01,C2023Q4T01,3,VIC1-NSW1,VIC1,125,125,7473.0,0.0
2021-02,C2022Q2,T05,C2022Q2T05,36,V-SA,VIC1,118,73,1401.0,0.0
2021-02,C2022Q2,T05,C2022Q2T05,36,VIC1-NSW1,NSW1,138,108,842.0,0.0
2021-02,C2022Q2,T05,C2022Q2T05,36,VIC1-NSW1,VIC1,160,125,6400.0,0.0
2021-02,C2022Q3,T04,C2022Q3T04,36,NSW1-QLD1,NSW1,51,51,510.0,0.0
2021-02,C2022Q3,T04,C2022Q3T04,36,NSW1-QLD1,QLD1,147,100,11702.4,0.0
2021-02,C2022Q3,T04,C2022Q3T04,36,V-SA,SA1,84,64,3502.1,0.0
2021-02,C2022Q3,T04,C2022Q3T04,36,V-SA,VIC1,93,73,1695.75,0.0
2021-02,C2022Q3,T04,C2022Q3T04,36,VIC1-NSW1,NSW1,138,108,880.8,0.0
2021-02,C2022Q3,T04,C2022Q3T04,36,VIC1-NSW1,VIC1,155,125,6400.0,0.0
2021-02,C2022Q4,T03,C2022Q4T03,36,NSW1-QLD1,NSW1,55,45,889.0,0.0
2021-02,C2022Q4,T03,C2022Q4T03,36,NSW1-QLD1,QLD1,125,100,11250.0,0.0
2021-02,C2022Q4,T03,C2022Q4T03,36,V-SA,SA1,80,64,4000.0,0.0
2021-02,C2022Q4,T03,C2022Q4T03,36,V-SA,VIC1,88,73,1978.0,0.0
2021-02,C2022Q4,T03,C2022Q4T03,36,VIC1-NSW1,NSW1,108,108,1104.0,0.0
2021-02,C2022Q4,T03,C2022Q4T03,36,VIC1-NSW1,VIC1,140,125,6416.0,0.0
2021-02,C2023Q1,T02,C2023Q1T02,36,NSW1-QLD1,NSW1,45,45,2520.0,0.0
2021-02,C2023Q1,T02,C2023Q1T02,36,NSW1-QLD1,QLD1,125,100,14606.59,0.0
2021-02,C2023Q1,T02,C2023Q1T02,36,V-SA,SA1,64,64,4800.0,0.0
2021-02,C2023Q1,T02,C2023Q1T02,36,V-SA,VIC1,82,73,5442.72,0.0
2021-02,C2023Q1,T02,C2023Q1T02,36,VIC1-NSW1,NSW1,108,108,5553.24,0.0
2021-02,C2023Q1,T02,C2023Q1T02,36,VIC1-NSW1,VIC1,150,128,9203.0,0.0
2021-02,C2023Q2,T01,C2023Q2T01,36,NSW1-QLD1,NSW1,45,45,395.0,0.0
2021-02,C2023Q2,T01,C2023Q2T01,36,NSW1-QLD1,QLD1,100,100,11373.4,0.0
2021-02,C2023Q2,T01,C2023Q2T01,36,V-SA,SA1,64,64,3250.0,0.0
2021-02,C2023Q2,T01,C2023Q2T01,36,V-SA,VIC1,73,73,1360.0,0.0
2021-02,C2023Q2,T01,C2023Q2T01,36,VIC1-NSW1,NSW1,108,108,960.96,0.0
2021-02,C2023Q2,T01,C2023Q2T01,36,VIC1-NSW1,VIC1,125,125,6666.0,0.0
2021-02,C2020Q4,T12,C2020Q4T12,20,NSW1-QLD1,NSW1,157,55,804.0,0.0
2021-02,C2020Q4,T12,C2020Q4T12,20,NSW1-QLD1,QLD1,210,100,10450.0,0.0
2021-02,C2020Q4,T12,C2020Q4T12,20,V-SA,SA1,91,66,6500.85,0.0
2021-02,C2020Q4,T12,C2020Q4T12,20,V-SA,VIC1,97,77,3000.33,0.0
2021-02,C2020Q4,T12,C2020Q4T12,20,VIC1-NSW1,NSW1,222,112,2755.0,0.0
2021-02,C2020Q4,T12,C2020Q4T12,20,VIC1-NSW1,VIC1,285,126,4500.0,0.0
2021-02,C2021Q1,T11,C2021Q1T11,20,NSW1-QLD1,NSW1,79,45,1755.0,0.0
2021-02,C2021Q1,T11,C2021Q1T11,20,NSW1-QLD1,QLD1,150,100,19785.0,0.0
2021-02,C2021Q1,T11,C2021Q1T11,20,V-SA,SA1,89,64,6750.0,0.0
2021-02,C2021Q1,T11,C2021Q1T11,20,V-SA,VIC1,93,73,5500.0,0.0
2021-02,C2021Q1,T11,C2021Q1T11,20,VIC1-NSW1,NSW1,188,108,8500.93,0.0
2021-02,C2021Q1,T11,C2021Q1T11,20,VIC1-NSW1,VIC1,175,125,6975.0,0.0
2021-02,C2021Q2,T10,C2021Q2T10,20,NSW1-QLD1,NSW1,45,45,160.36,0.0
2021-02,C2021Q2,T10,C2021Q2T10,20,NSW1-QLD1,QLD1,175,100,11750.0,0.0
2021-02,C2021Q2,T10,C2021Q2T10,20,V-SA,SA1,109,64,3850.0,0.0
2021-02,C2021Q2,T10,C2021Q2T10,20,V-SA,VIC1,108,73,1780.0,0.0
2021-02,C2021Q2,T10,C2021Q2T10,20,VIC1-NSW1,NSW1,199,108,1300.84,0.0
2021-02,C2021Q2,T10,C2021Q2T10,20,VIC1-NSW1,VIC1,205,125,4007.84,0.0
2021-02,C2021Q3,T09,C2021Q3T09,20,NSW1-QLD1,NSW1,45,45,252.0,0.0
2021-02,C2021Q3,T09,C2021Q3T09,20,NSW1-QLD1,QLD1,180,100,12950.12,0.0
2021-02,C2021Q3,T09,C2021Q3T09,20,V-SA,SA1,109,64,4504.0,0.0
2021-02,C2021Q3,T09,C2021Q3T09,20,V-SA,VIC1,113,73,1600.94,0.0
2021-02,C2021Q3,T09,C2021Q3T09,20,VIC1-NSW1,NSW1,247,108,1304.0,0.0
2021-02,C2021Q3,T09,C2021Q3T09,20,VIC1-NSW1,VIC1,185,125,4500.0,0.0
2021-02,C2021Q4,T08,C2021Q4T08,20,NSW1-QLD1,NSW1,108,45,604.0,0.0
2021-02,C2021Q4,T08,C2021Q4T08,20,NSW1-QLD1,QLD1,160,100,11150.0,0.0
2021-02,C2021Q4,T08,C2021Q4T08,20,V-SA,SA1,109,64,4833.66,0.0
2021-02,C2021Q4,T08,C2021Q4T08,20,V-SA,VIC1,137,73,2127.76,0.0
2021-02,C2021Q4,T08,C2021Q4T08,20,VIC1-NSW1,NSW1,148,108,1504.0,0.0
2021-02,C2021Q4,T08,C2021Q4T08,20,VIC1-NSW1,VIC1,205,125,5250.0,0.0
2021-02,C2022Q1,T07,C2022Q1T07,20,NSW1-QLD1,NSW1,54,45,2350.0,0.0
2021-02,C2022Q1,T07,C2022Q1T07,20,NSW1-QLD1,QLD1,136,100,16000.0,0.0
2021-02,C2022Q1,T07,C2022Q1T07,20,V-SA,SA1,64,64,5143.26,0.0
2021-02,C2022Q1,T07,C2022Q1T07,20,V-SA,VIC1,73,73,7019.42,0.0
2021-02,C2022Q1,T07,C2022Q1T07,20,VIC1-NSW1,NSW1,162,117,8800.0,0.0
2021-02,C2022Q1,T07,C2022Q1T07,20,VIC1-NSW1,VIC1,175,125,9142.76,0.0
2021-02,C2022Q2,T06,C2022Q2T06,20,NSW1-QLD1,NSW1,45,45,351.0,0.0
2021-02,C2022Q2,T06,C2022Q2T06,20,NSW1-QLD1,QLD1,120,100,11650.0,0.0
2021-02,C2022Q2,T06,C2022Q2T06,20,V-SA,SA1,98,64,4000.0,0.0
2021-02,C2022Q2,T06,C2022Q2T06,20,V-SA,VIC1,73,73,1600.0,0.0
2021-02,C2022Q2,T06,C2022Q2T06,20,VIC1-NSW1,NSW1,198,108,841.91,0.0
2021-02,C2022Q2,T06,C2022Q2T06,20,VIC1-NSW1,VIC1,205,125,6619.68,0.0
2021-02,C2022Q3,T05,C2022Q3T05,20,NSW1-QLD1,NSW1,45,45,561.0,0.0
2021-02,C2022Q3,T05,C2022Q3T05,20,NSW1-QLD1,QLD1,100,100,12150.0,0.0
2021-02,C2022Q3,T05,C2022Q3T05,20,V-SA,SA1,84,64,4000.0,0.0
2021-02,C2022Q3,T05,C2022Q3T05,20,V-SA,VIC1,73,73,1750.0,0.0
2021-02,C2022Q3,T05,C2022Q3T05,20,VIC1-NSW1,NSW1,198,108,1104.01,0.0
2021-02,C2022Q3,T05,C2022Q3T05,20,VIC1-NSW1,VIC1,195,125,6501.0,0.0
2021-02,C2022Q4,T04,C2022Q4T04,20,NSW1-QLD1,NSW1,55,45,1254.0,0.0
2021-02,C2022Q4,T04,C2022Q4T04,20,NSW1-QLD1,QLD1,100,100,10900.0,0.0
2021-02,C2022Q4,T04,C2022Q4T04,20,V-SA,SA1,80,64,4666.98,0.0
2021-02,C2022Q4,T04,C2022Q4T04,20,V-SA,VIC1,73,73,2450.0,0.0
2021-02,C2022Q4,T04,C2022Q4T04,20,VIC1-NSW1,NSW1,148,108,1710.37,0.0
2021-02,C2022Q4,T04,C2022Q4T04,20,VIC1-NSW1,VIC1,185,125,6793.1,0.0
2021-02,C2023Q1,T03,C2023Q1T03,20,NSW1-QLD1,NSW1,45,45,2646.0,0.0
2021-02,C2023Q1,T03,C2023Q1T03,22,VIC1-NSW1,NSW1,133,120,7500.0,0.0
2021-02,C2023Q1,T03,C2023Q1T03,22,VIC1-NSW1,VIC1,125,125,10123.0,0.0
2021-02,C2023Q2,T02,C2023Q2T02,22,NSW1-QLD1,NSW1,45,45,347.6,0.0
2021-02,C2023Q2,T02,C2023Q2T02,22,NSW1-QLD1,QLD1,100,100,11750.0,0.0
2021-02,C2023Q2,T02,C2023Q2T02,22,V-SA,SA1,84,64,4000.0,0.0
2021-02,C2023Q2,T02,C2023Q2T02,22,V-SA,VIC1,73,73,1450.0,0.0
2021-02,C2023Q2,T02,C2023Q2T02,22,VIC1-NSW1,NSW1,158,108,750.0,0.0
2021-02,C2023Q2,T02,C2023Q2T02,22,VIC1-NSW1,VIC1,125,125,7333.0,0.0
2021-02,C2023Q3,T01,C2023Q3T01,22,NSW1-QLD1,NSW1,45,45,257.0,0.0
2021-02,C2023Q3,T01,C2023Q3T01,22,NSW1-QLD1,QLD1,100,100,12150.0,0.0
2021-02,C2023Q3,T01,C2023Q3T01,22,V-SA,SA1,64,64,4000.0,0.0
2021-02,C2023Q3,T01,C2023Q3T01,22,V-SA,VIC1,73,73,1500.0,0.0
2021-02,C2023Q3,T01,C2023Q3T01,22,VIC1-NSW1,NSW1,108,108,750.75,0.0
2021-02,C2023Q3,T01,C2023Q3T01,22,VIC1-NSW1,VIC1,125,125,7040.0,0.0
2021-02,C2021Q1,T12,C2021Q1T12,11,NSW1-QLD1,NSW1,83,55,2104.0,0.0
2021-02,C2021Q1,T12,C2021Q1T12,11,NSW1-QLD1,QLD1,155,100,21956.0,0.0
2021-02,C2021Q1,T12,C2021Q1T12,11,V-SA,SA1,96,66,7500.0,0.0
2021-02,C2021Q1,T12,C2021Q1T12,11,V-SA,VIC1,137,77,5500.0,0.0
2021-02,C2021Q1,T12,C2021Q1T12,11,VIC1-NSW1,NSW1,222,112,6375.69,0.0
2021-02,C2021Q1,T12,C2021Q1T12,11,VIC1-NSW1,VIC1,170,125,9000.0,0.0
2021-02,C2021Q2,T11,C2021Q2T11,11,NSW1-QLD1,NSW1,45,45,253.0,0.0
2021-02,C2021Q2,T11,C2021Q2T11,11,NSW1-QLD1,QLD1,155,100,13100.0,0.0
2021-02,C2021Q2,T11,C2021Q2T11,11,V-SA,SA1,114,64,4790.09,0.0
2021-02,C2021Q2,T11,C2021Q2T11,11,V-SA,VIC1,133,73,1601.0,0.0
2021-02,C2021Q2,T11,C2021Q2T11,11,VIC1-NSW1,NSW1,224,108,1365.88,0.0
2021-02,C2021Q2,T11,C2021Q2T11,11,VIC1-NSW1,VIC1,195,125,5354.0,0.0
2021-02,C2021Q3,T10,C2021Q3T10,11,NSW1-QLD1,NSW1,45,45,254.0,0.0
2021-02,C2021Q3,T10,C2021Q3T10,11,NSW1-QLD1,QLD1,155,100,12302.5,0.0
2021-02,C2021Q3,T10,C2021Q3T10,11,V-SA,SA1,114,64,5250.0,0.0
2021-02,C2021Q3,T10,C2021Q3T10,11,V-SA,VIC1,174,73,1601.0,0.0
2021-02,C2021Q3,T10,C2021Q3T10,11,VIC1-NSW1,NSW1,257,108,1389.0,0.0
2021-02,C2021Q3,T10,C2021Q3T10,11,VIC1-NSW1,VIC1,179,125,5625.0,0.0
2021-02,C2021Q4,T09,C2021Q4T09,11,NSW1-QLD1,NSW1,120,51,804.0,0.0
2021-02,C2021Q4,T09,C2021Q4T09,11,NSW1-QLD1,QLD1,155,100,12250.0,0.0
2021-02,C2021Q4,T09,C2021Q4T09,11,V-SA,SA1,114,64,5318.0,0.0
2021-02,C2021Q4,T09,C2021Q4T09,11,V-SA,VIC1,167,73,2127.76,0.0
2021-02,C2021Q4,T09,C2021Q4T09,11,VIC1-NSW1,NSW1,158,108,1323.52,0.0
2021-02,C2021Q4,T09,C2021Q4T09,11,VIC1-NSW1,VIC1,170,125,7501.0,0.0
2021-02,C2022Q1,T08,C2022Q1T08,11,NSW1-QLD1,NSW1,66,45,2585.0,0.0
2021-02,C2022Q1,T08,C2022Q1T08,11,NSW1-QLD1,QLD1,173,100,17800.96,0.0
2021-02,C2022Q1,T08,C2022Q1T08,11,V-SA,SA1,94,64,5878.01,0.0
2021-02,C2022Q1,T08,C2022Q1T08,11,V-SA,VIC1,93,73,6004.0,0.0
2021-02,C2022Q1,T08,C2022Q1T08,11,VIC1-NSW1,NSW1,203,108,6600.0,0.0
2021-02,C2022Q1,T08,C2022Q1T08,11,VIC1-NSW1,VIC1,170,125,11224.0,0.0
2021-02,C2022Q2,T07,C2022Q2T07,11,NSW1-QLD1,NSW1,45,45,401.0,0.0
2021-02,C2022Q2,T07,C2022Q2T07,11,NSW1-QLD1,QLD1,155,100,11067.5,0.0
2021-02,C2022Q2,T07,C2022Q2T07,11,V-SA,SA1,128,78,4000.0,0.0
2021-02,C2022Q2,T07,C2022Q2T07,11,V-SA,VIC1,93,73,1668.35,0.0
2021-02,C2022Q2,T07,C2022Q2T07,11,VIC1-NSW1,NSW1,183,108,740.88,0.0
2021-02,C2022Q2,T07,C2022Q2T07,11,VIC1-NSW1,VIC1,175,125,7772.16,0.0
2021-02,C2022Q3,T06,C2022Q3T06,11,NSW1-QLD1,NSW1,45,45,501.0,0.0
2021-02,C2022Q3,T06,C2022Q3T06,11,NSW1-QLD1,QLD1,130,100,11901.12,0.0
2021-02,C2022Q3,T06,C2022Q3T06,11,V-SA,SA1,94,64,5204.0,0.0
2021-02,C2022Q3,T06,C2022Q3T06,11,V-SA,VIC1,93,73,1750.0,0.0
2021-02,C2022Q3,T06,C2022Q3T06,11,VIC1-NSW1,NSW1,183,108,875.0,0.0
2021-02,C2022Q3,T06,C2022Q3T06,11,VIC1-NSW1,VIC1,150,125,8501.0,0.0
2021-02,C2022Q4,T05,C2022Q4T05,11,NSW1-QLD1,NSW1,55,45,1503.03,0.0
2021-02,C2022Q4,T05,C2022Q4T05,11,NSW1-QLD1,QLD1,130,100,11956.92,0.0
2021-02,C2022Q4,T05,C2022Q4T05,11,V-SA,SA1,90,64,5039.85,0.0
2021-02,C2022Q4,T05,C2022Q4T05,11,V-SA,VIC1,93,73,2450.0,0.0
2021-02,C2022Q4,T05,C2022Q4T05,11,VIC1-NSW1,NSW1,158,108,1197.25,0.0
2021-02,C2022Q4,T05,C2022Q4T05,11,VIC1-NSW1,VIC1,168,125,8950.99,0.0
2021-02,C2023Q1,T04,C2023Q1T04,11,NSW1-QLD1,NSW1,57,45,3001.0,0.0
2021-02,C2023Q1,T04,C2023Q1T04,11,NSW1-QLD1,QLD1,100,100,15996.96,0.0
2021-02,C2023Q1,T04,C2023Q1T04,11,V-SA,SA1,74,64,5668.0,0.0
2021-02,C2023Q1,T04,C2023Q1T04,11,V-SA,VIC1,93,73,6004.0,0.0
2021-02,C2023Q1,T04,C2023Q1T04,11,VIC1-NSW1,NSW1,158,108,5625.0,0.0
2021-02,C2023Q1,T04,C2023Q1T04,11,VIC1-NSW1,VIC1,145,125,11375.99,0.0
2021-02,C2023Q2,T03,C2023Q2T03,11,NSW1-QLD1,NSW1,45,45,404.0,0.0
2021-02,C2023Q2,T03,C2023Q2T03,11,NSW1-QLD1,QLD1,100,100,12839.0,0.0
2021-02,C2023Q2,T03,C2023Q2T03,11,V-SA,SA1,91,81,3124.0,0.0
2021-02,C2023Q2,T03,C2023Q2T03,11,V-SA,VIC1,93,73,1454.0,0.0
2021-02,C2023Q2,T03,C2023Q2T03,11,VIC1-NSW1,NSW1,188,108,562.5,0.0
2021-02,C2023Q2,T03,C2023Q2T03,11,VIC1-NSW1,VIC1,150,125,7407.0,0.0
2021-02,C2023Q3,T02,C2023Q3T02,11,NSW1-QLD1,NSW1,45,45,401.0,0.0
2021-02,C2023Q3,T02,C2023Q3T02,11,NSW1-QLD1,QLD1,100,100,12984.0,0.0
2021-02,C2023Q3,T02,C2023Q3T02,11,V-SA,SA1,74,64,3920.0,0.0
2021-02,C2023Q3,T02,C2023Q3T02,11,V-SA,VIC1,93,73,1435.2,0.0
2021-02,C2023Q3,T02,C2023Q3T02,11,VIC1-NSW1,NSW1,138,108,660.66,0.0
2021-02,C2023Q3,T02,C2023Q3T02,11,VIC1-NSW1,VIC1,150,125,7744.0,0.0
2021-02,C2023Q4,T01,C2023Q4T01,11,NSW1-QLD1,NSW1,45,45,1301.0,0.0
2021-02,C2023Q4,T01,C2023Q4T01,11,NSW1-QLD1,QLD1,100,100,12400.96,0.0
2021-02,C2023Q4,T01,C2023Q4T01,11,V-SA,SA1,64,64,4000.0,0.0
2021-02,C2023Q4,T01,C2023Q4T01,11,V-SA,VIC1,73,73,1840.35,0.0
2021-02,C2023Q4,T01,C2023Q4T01,11,VIC1-NSW1,NSW1,108,108,1001.0,0.0
2021-02,C2023Q4,T01,C2023Q4T01,11,VIC1-NSW1,VIC1,125,125,7473.0,0.0
2021-02,C2023Q1,T03,C2023Q1T03,20,NSW1-QLD1,QLD1,100,100,14750.0,0.0
2021-02,C2023Q1,T03,C2023Q1T03,20,V-SA,SA1,74,64,5143.26,0.0
2021-02,C2023Q1,T03,C2023Q1T03,20,V-SA,VIC1,73,73,6004.0,0.0
2021-02,C2023Q1,T03,C2023Q1T03,20,VIC1-NSW1,NSW1,133,120,7500.0,0.0
2021-02,C2023Q1,T03,C2023Q1T03,20,VIC1-NSW1,VIC1,125,125,10123.0,0.0
2021-02,C2023Q2,T02,C2023Q2T02,20,NSW1-QLD1,NSW1,45,45,347.6,0.0
2021-02,C2023Q2,T02,C2023Q2T02,20,NSW1-QLD1,QLD1,100,100,11750.0,0.0
2021-02,C2023Q2,T02,C2023Q2T02,20,V-SA,SA1,84,64,4000.0,0.0
2021-02,C2023Q2,T02,C2023Q2T02,20,V-SA,VIC1,73,73,1450.0,0.0
2021-02,C2023Q2,T02,C2023Q2T02,20,VIC1-NSW1,NSW1,158,108,750.0,0.0
2021-02,C2023Q2,T02,C2023Q2T02,20,VIC1-NSW1,VIC1,125,125,7333.0,0.0
2021-02,C2023Q3,T01,C2023Q3T01,20,NSW1-QLD1,NSW1,45,45,257.0,0.0
2021-02,C2023Q3,T01,C2023Q3T01,20,NSW1-QLD1,QLD1,100,100,12150.0,0.0
2021-02,C2023Q3,T01,C2023Q3T01,20,V-SA,SA1,64,64,4000.0,0.0
2021-02,C2023Q3,T01,C2023Q3T01,20,V-SA,VIC1,73,73,1500.0,0.0
2021-02,C2023Q3,T01,C2023Q3T01,20,VIC1-NSW1,NSW1,108,108,750.75,0.0
2021-02,C2023Q3,T01,C2023Q3T01,20,VIC1-NSW1,VIC1,125,125,7040.0,0.0
2021-02,C2021Q1,T12,C2021Q1T12,6,NSW1-QLD1,NSW1,83,55,2104.0,0.0
2021-02,C2021Q1,T12,C2021Q1T12,6,NSW1-QLD1,QLD1,155,100,21956.0,0.0
2021-02,C2021Q1,T12,C2021Q1T12,6,V-SA,SA1,96,66,7500.0,0.0
2021-02,C2021Q1,T12,C2021Q1T12,6,V-SA,VIC1,137,77,5500.0,0.0
2021-02,C2021Q1,T12,C2021Q1T12,6,VIC1-NSW1,NSW1,222,112,6375.69,0.0
2021-02,C2021Q1,T12,C2021Q1T12,6,VIC1-NSW1,VIC1,170,125,9000.0,0.0
2021-02,C2021Q2,T11,C2021Q2T11,6,NSW1-QLD1,NSW1,45,45,253.0,0.0
2021-02,C2021Q2,T11,C2021Q2T11,6,NSW1-QLD1,QLD1,155,100,13100.0,0.0
2021-02,C2021Q2,T11,C2021Q2T11,6,V-SA,SA1,114,64,4790.09,0.0
2021-02,C2021Q2,T11,C2021Q2T11,6,V-SA,VIC1,133,73,1601.0,0.0
2021-02,C2021Q2,T11,C2021Q2T11,6,VIC1-NSW1,NSW1,224,108,1365.88,0.0
2021-02,C2021Q2,T11,C2021Q2T11,6,VIC1-NSW1,VIC1,195,125,5354.0,0.0
2021-02,C2021Q3,T10,C2021Q3T10,6,NSW1-QLD1,NSW1,45,45,254.0,0.0
2021-02,C2021Q3,T10,C2021Q3T10,6,NSW1-QLD1,QLD1,155,100,12302.5,0.0
2021-02,C2021Q3,T10,C2021Q3T10,6,V-SA,SA1,114,64,5250.0,0.0
2021-02,C2021Q3,T10,C2021Q3T10,6,V-SA,VIC1,174,73,1601.0,0.0
2021-02,C2021Q3,T10,C2021Q3T10,6,VIC1-NSW1,NSW1,257,108,1389.0,0.0
2021-02,C2021Q3,T10,C2021Q3T10,6,VIC1-NSW1,VIC1,179,125,5625.0,0.0
2021-02,C2021Q4,T09,C2021Q4T09,6,NSW1-QLD1,NSW1,120,51,804.0,0.0
2021-02,C2021Q4,T09,C2021Q4T09,6,NSW1-QLD1,QLD1,155,100,12250.0,0.0
2021-02,C2021Q4,T09,C2021Q4T09,6,V-SA,SA1,114,64,5318.0,0.0
2021-02,C2021Q4,T09,C2021Q4T09,6,V-SA,VIC1,167,73,2127.76,0.0
2021-02,C2021Q4,T09,C2021Q4T09,6,VIC1-NSW1,NSW1,158,108,1323.52,0.0
2021-02,C2021Q4,T09,C2021Q4T09,6,VIC1-NSW1,VIC1,170,125,7501.0,0.0
2021-02,C2022Q1,T08,C2022Q1T08,6,NSW1-QLD1,NSW1,66,45,2585.0,0.0
2021-02,C2022Q1,T08,C2022Q1T08,6,NSW1-QLD1,QLD1,173,100,17800.96,0.0
2021-02,C2022Q1,T08,C2022Q1T08,6,V-SA,SA1,94,64,5878.01,0.0
2021-02,C2022Q1,T08,C2022Q1T08,6,V-SA,VIC1,93,73,6004.0,0.0
2021-02,C2022Q1,T08,C2022Q1T08,6,VIC1-NSW1,NSW1,203,108,6600.0,0.0
2021-02,C2022Q1,T08,C2022Q1T08,6,VIC1-NSW1,VIC1,170,125,11224.0,0.0
2021-02,C2022Q2,T07,C2022Q2T07,6,NSW1-QLD1,NSW1,45,45,401.0,0.0
2021-02,C2022Q2,T07,C2022Q2T07,6,NSW1-QLD1,QLD1,155,100,11067.5,0.0
2021-02,C2022Q2,T07,C2022Q2T07,6,V-SA,SA1,128,78,4000.0,0.0
2021-02,C2022Q2,T07,C2022Q2T07,6,V-SA,VIC1,93,73,1668.35,0.0
2021-02,C2022Q2,T07,C2022Q2T07,6,VIC1-NSW1,NSW1,183,108,740.88,0.0
2021-02,C2022Q2,T07,C2022Q2T07,6,VIC1-NSW1,VIC1,175,125,7772.16,0.0
2021-02,C2022Q3,T06,C2022Q3T06,6,NSW1-QLD1,NSW1,45,45,501.0,0.0
2021-02,C2022Q3,T06,C2022Q3T06,6,NSW1-QLD1,QLD1,130,100,11901.12,0.0
2021-02,C2022Q3,T06,C2022Q3T06,6,V-SA,SA1,94,64,5204.0,0.0
2021-02,C2022Q3,T06,C2022Q3T06,6,V-SA,VIC1,93,73,1750.0,0.0
2021-02,C2022Q3,T06,C2022Q3T06,6,VIC1-NSW1,NSW1,183,108,875.0,0.0
2021-02,C2022Q3,T06,C2022Q3T06,6,VIC1-NSW1,VIC1,150,125,8501.0,0.0
2021-02,C2022Q4,T05,C2022Q4T05,6,NSW1-QLD1,NSW1,55,45,1503.03,0.0
2021-02,C2022Q4,T05,C2022Q4T05,6,NSW1-QLD1,QLD1,130,100,11956.92,0.0
2021-02,C2022Q4,T05,C2022Q4T05,6,V-SA,SA1,90,64,5039.85,0.0
2021-02,C2022Q4,T05,C2022Q4T05,6,V-SA,VIC1,93,73,2450.0,0.0
2021-02,C2022Q4,T05,C2022Q4T05,6,VIC1-NSW1,NSW1,158,108,1197.25,0.0
2021-02,C2022Q4,T05,C2022Q4T05,6,VIC1-NSW1,VIC1,168,125,8950.99,0.0
2021-02,C2023Q1,T04,C2023Q1T04,6,NSW1-QLD1,NSW1,57,45,3001.0,0.0
2021-02,C2023Q1,T04,C2023Q1T04,6,NSW1-QLD1,QLD1,100,100,15996.96,0.0
2021-02,C2023Q1,T04,C2023Q1T04,6,V-SA,SA1,74,64,5668.0,0.0
2021-02,C2023Q1,T04,C2023Q1T04,6,V-SA,VIC1,93,73,6004.0,0.0
2021-02,C2023Q1,T04,C2023Q1T04,6,VIC1-NSW1,NSW1,158,108,5625.0,0.0
2021-02,C2023Q1,T04,C2023Q1T04,6,VIC1-NSW1,VIC1,145,125,11375.99,0.0
2021-02,C2023Q2,T03,C2023Q2T03,6,NSW1-QLD1,NSW1,45,45,404.0,0.0
2021-02,C2023Q2,T03,C2023Q2T03,6,NSW1-QLD1,QLD1,100,100,12839.0,0.0
2021-02,C2023Q2,T03,C2023Q2T03,6,V-SA,SA1,91,81,3124.0,0.0
2021-02,C2023Q2,T03,C2023Q2T03,6,V-SA,VIC1,93,73,1454.0,0.0
2021-02,C2023Q2,T03,C2023Q2T03,6,VIC1-NSW1,NSW1,188,108,562.5,0.0
2021-02,C2023Q2,T03,C2023Q2T03,6,VIC1-NSW1,VIC1,150,125,7407.0,0.0
2021-02,C2023Q3,T02,C2023Q3T02,6,NSW1-QLD1,NSW1,45,45,401.0,0.0
2021-02,C2023Q3,T02,C2023Q3T02,6,NSW1-QLD1,QLD1,100,100,12984.0,0.0
2021-02,C2023Q3,T02,C2023Q3T02,6,V-SA,SA1,74,64,3920.0,0.0
2021-02,C2023Q3,T02,C2023Q3T02,6,V-SA,VIC1,93,73,1435.2,0.0
2021-02,C2023Q3,T02,C2023Q3T02,6,VIC1-NSW1,NSW1,138,108,660.66,0.0
2021-02,C2023Q3,T02,C2023Q3T02,6,VIC1-NSW1,VIC1,150,125,7744.0,0.0
2021-02,C2023Q4,T01,C2023Q4T01,6,NSW1-QLD1,NSW1,45,45,1301.0,0.0
2021-02,C2023Q4,T01,C2023Q4T01,6,NSW1-QLD1,QLD1,100,100,12400.96,0.0
2021-02,C2023Q4,T01,C2023Q4T01,6,V-SA,SA1,64,64,4000.0,0.0
2021-02,C2023Q4,T01,C2023Q4T01,6,V-SA,VIC1,73,73,1840.35,0.0
2021-02,C2023Q4,T01,C2023Q4T01,6,VIC1-NSW1,NSW1,108,108,1001.0,0.0
2021-02,C2023Q4,T01,C2023Q4T01,6,VIC1-NSW1,VIC1,125,125,7473.0,0.0
2021-02,C2019Q2,T12,C2019Q2T12,24,NSW1-QLD1,NSW1,55,55,184.0,0.0
2021-02,C2019Q2,T12,C2019Q2T12,24,NSW1-QLD1,QLD1,100,100,12329.0,0.0
2021-02,C2019Q2,T12,C2019Q2T12,24,V-SA,SA1,66,66,2184.0,0.0
2021-02,C2019Q2,T12,C2019Q2T12,24,V-SA,VIC1,77,77,2600.68,0.0
2021-02,C2019Q2,T12,C2019Q2T12,24,VIC1-NSW1,NSW1,112,112,3489.0,0.0
2021-02,C2019Q2,T12,C2019Q2T12,24,VIC1-NSW1,VIC1,125,125,3500.94,0.0
2021-02,C2019Q3,T11,C2019Q3T11,24,NSW1-QLD1,NSW1,45,45,395.0,0.0
2021-02,C2019Q3,T11,C2019Q3T11,24,NSW1-QLD1,QLD1,100,100,11758.0,0.0
2021-02,C2019Q3,T11,C2019Q3T11,24,V-SA,SA1,64,64,5000.0,0.0
2021-02,C2019Q3,T11,C2019Q3T11,24,V-SA,VIC1,73,73,1447.5,0.0
2021-02,C2019Q3,T11,C2019Q3T11,24,VIC1-NSW1,NSW1,108,108,3075.3,0.0
2021-02,C2019Q3,T11,C2019Q3T11,24,VIC1-NSW1,VIC1,125,125,4344.0,0.0
2021-02,C2019Q4,T10,C2019Q4T10,24,NSW1-QLD1,NSW1,45,45,675.0,0.0
2021-02,C2019Q4,T10,C2019Q4T10,24,NSW1-QLD1,QLD1,100,100,8937.79,0.0
2021-02,C2019Q4,T10,C2019Q4T10,24,V-SA,SA1,64,64,4416.0,0.0
2021-02,C2019Q4,T10,C2019Q4T10,24,V-SA,VIC1,73,73,1600.0,0.0
2021-02,C2019Q4,T10,C2019Q4T10,24,VIC1-NSW1,NSW1,108,108,3350.0,0.0
2021-02,C2019Q4,T10,C2019Q4T10,24,VIC1-NSW1,VIC1,125,125,5203.0,0.0
2021-02,C2020Q1,T09,C2020Q1T09,24,NSW1-QLD1,NSW1,45,45,2516.0,0.0
2021-02,C2020Q1,T09,C2020Q1T09,24,NSW1-QLD1,QLD1,100,100,12895.0,0.0
2021-02,C2020Q1,T09,C2020Q1T09,24,V-SA,SA1,64,64,4611.0,0.0
2021-02,C2020Q1,T09,C2020Q1T09,24,V-SA,VIC1,73,73,6231.9,0.0
2021-02,C2020Q1,T09,C2020Q1T09,24,VIC1-NSW1,NSW1,108,108,6750.0,0.0
2021-02,C2020Q1,T09,C2020Q1T09,24,VIC1-NSW1,VIC1,125,125,4822.4,0.0
2021-02,C2020Q2,T08,C2020Q2T08,24,NSW1-QLD1,NSW1,45,45,240.0,0.0
2021-02,C2020Q2,T08,C2020Q2T08,24,NSW1-QLD1,QLD1,100,100,10434.0,0.0
2021-02,C2020Q2,T08,C2020Q2T08,24,V-SA,SA1,64,64,4000.0,0.0
2021-02,C2020Q2,T08,C2020Q2T08,24,V-SA,VIC1,73,73,1811.0,0.0
2021-02,C2020Q2,T08,C2020Q2T08,24,VIC1-NSW1,NSW1,108,108,1638.0,0.0
2021-02,C2020Q2,T08,C2020Q2T08,24,VIC1-NSW1,VIC1,125,125,4175.0,0.0
2021-02,C2020Q3,T07,C2020Q3T07,24,NSW1-QLD1,NSW1,45,45,281.0,0.0
2021-02,C2020Q3,T07,C2020Q3T07,24,NSW1-QLD1,QLD1,100,100,10730.4,0.0
2021-02,C2020Q3,T07,C2020Q3T07,24,V-SA,SA1,64,64,4416.0,0.0
2021-02,C2020Q3,T07,C2020Q3T07,24,V-SA,VIC1,73,73,1557.0,0.0
2021-02,C2020Q3,T07,C2020Q3T07,24,VIC1-NSW1,NSW1,108,108,1656.0,0.0
2021-02,C2020Q3,T07,C2020Q3T07,24,VIC1-NSW1,VIC1,125,125,5166.72,0.0
2021-02,C2020Q4,T06,C2020Q4T06,24,NSW1-QLD1,NSW1,45,45,675.0,0.0
2021-02,C2020Q4,T06,C2020Q4T06,24,NSW1-QLD1,QLD1,100,100,8650.0,0.0
2021-02,C2020Q4,T06,C2020Q4T06,24,V-SA,SA1,64,64,4416.0,0.0
2021-02,C2020Q4,T06,C2020Q4T06,24,V-SA,VIC1,73,73,2000.0,0.0
2021-02,C2020Q4,T06,C2020Q4T06,24,VIC1-NSW1,NSW1,108,108,2000.0,0.0
2021-02,C2020Q4,T06,C2020Q4T06,24,VIC1-NSW1,VIC1,125,125,4650.0,0.0
2021-02,C2019Q1,T12,C2019Q1T12,13,NSW1-QLD1,NSW1,55,55,2501.98,0.0
2021-02,C2019Q1,T12,C2019Q1T12,13,NSW1-QLD1,QLD1,100,100,12750.0,0.0
2021-02,C2019Q1,T12,C2019Q1T12,13,V-SA,SA1,66,66,4536.0,0.0
2021-02,C2019Q1,T12,C2019Q1T12,13,V-SA,VIC1,77,77,7205.89,0.0
2021-02,C2019Q1,T12,C2019Q1T12,13,VIC1-NSW1,NSW1,112,112,6500.0,0.0
2021-02,C2019Q1,T12,C2019Q1T12,13,VIC1-NSW1,VIC1,125,125,4999.37,0.0
2021-02,C2019Q2,T11,C2019Q2T11,13,NSW1-QLD1,NSW1,45,45,283.0,0.0
2021-02,C2019Q2,T11,C2019Q2T11,13,NSW1-QLD1,QLD1,100,100,12352.0,0.0
2021-02,C2019Q2,T11,C2019Q2T11,13,V-SA,SA1,64,64,2694.0,0.0
2021-02,C2019Q2,T11,C2019Q2T11,13,V-SA,VIC1,73,73,2135.0,0.0
2021-02,C2019Q2,T11,C2019Q2T11,13,VIC1-NSW1,NSW1,108,108,3015.0,0.0
2021-02,C2019Q2,T11,C2019Q2T11,13,VIC1-NSW1,VIC1,125,125,3851.52,0.0
2021-02,C2019Q3,T10,C2019Q3T10,13,NSW1-QLD1,NSW1,45,45,420.0,0.0
2021-02,C2019Q3,T10,C2019Q3T10,13,NSW1-QLD1,QLD1,100,100,11001.98,0.0
2021-02,C2019Q3,T10,C2019Q3T10,13,V-SA,SA1,64,64,5505.55,0.0
2021-02,C2019Q3,T10,C2019Q3T10,13,V-SA,VIC1,73,73,1930.0,0.0
2021-02,C2019Q3,T10,C2019Q3T10,13,VIC1-NSW1,NSW1,108,108,3015.0,0.0
2021-02,C2019Q3,T10,C2019Q3T10,13,VIC1-NSW1,VIC1,125,125,5213.0,0.0
2021-02,C2019Q4,T09,C2019Q4T09,13,NSW1-QLD1,NSW1,45,45,1001.43,0.0
2021-02,C2019Q4,T09,C2019Q4T09,13,NSW1-QLD1,QLD1,100,100,6500.0,0.0
2021-02,C2019Q4,T09,C2019Q4T09,13,V-SA,SA1,64,64,4858.0,0.0
2021-02,C2019Q4,T09,C2019Q4T09,13,V-SA,VIC1,73,73,1911.0,0.0
2021-02,C2019Q4,T09,C2019Q4T09,13,VIC1-NSW1,NSW1,108,108,3001.85,0.0
2021-02,C2019Q4,T09,C2019Q4T09,13,VIC1-NSW1,VIC1,125,125,4230.0,0.0
2021-02,C2020Q1,T08,C2020Q1T08,13,NSW1-QLD1,NSW1,45,45,4354.0,0.0
2021-02,C2020Q1,T08,C2020Q1T08,13,NSW1-QLD1,QLD1,100,100,9078.0,0.0
2021-02,C2020Q1,T08,C2020Q1T08,13,V-SA,SA1,64,64,4116.22,0.0
2021-02,C2020Q1,T08,C2020Q1T08,13,V-SA,VIC1,73,73,7113.0,0.0
2021-02,C2020Q1,T08,C2020Q1T08,13,VIC1-NSW1,NSW1,108,108,3910.0,0.0
2021-02,C2020Q1,T08,C2020Q1T08,13,VIC1-NSW1,VIC1,125,125,4270.0,0.0
2021-02,C2020Q2,T07,C2020Q2T07,13,NSW1-QLD1,NSW1,45,45,381.0,0.0
2021-02,C2020Q2,T07,C2020Q2T07,13,NSW1-QLD1,QLD1,100,100,9279.0,0.0
2021-02,C2020Q2,T07,C2020Q2T07,13,V-SA,SA1,64,64,4368.0,0.0
2021-02,C2020Q2,T07,C2020Q2T07,13,V-SA,VIC1,73,73,1768.0,0.0
2021-02,C2020Q2,T07,C2020Q2T07,13,VIC1-NSW1,NSW1,108,108,2175.0,0.0
2021-02,C2020Q2,T07,C2020Q2T07,13,VIC1-NSW1,VIC1,125,125,4111.0,0.0
2021-02,C2020Q3,T06,C2020Q3T06,13,NSW1-QLD1,NSW1,45,45,366.0,0.0
2021-02,C2020Q3,T06,C2020Q3T06,13,NSW1-QLD1,QLD1,100,100,8942.0,0.0
2021-02,C2020Q3,T06,C2020Q3T06,13,V-SA,SA1,64,64,4933.0,0.0
2021-02,C2020Q3,T06,C2020Q3T06,13,V-SA,VIC1,73,73,1730.0,0.0
2021-02,C2020Q3,T06,C2020Q3T06,13,VIC1-NSW1,NSW1,108,108,1975.0,0.0
2021-02,C2020Q3,T06,C2020Q3T06,13,VIC1-NSW1,VIC1,125,125,5382.0,0.0
2021-02,C2020Q4,T05,C2020Q4T05,13,NSW1-QLD1,NSW1,45,45,875.0,0.0
2021-02,C2020Q4,T05,C2020Q4T05,13,NSW1-QLD1,QLD1,100,100,5858.0,0.0
2021-02,C2020Q4,T05,C2020Q4T05,13,V-SA,SA1,64,64,4933.0,0.0
2021-02,C2020Q4,T05,C2020Q4T05,13,V-SA,VIC1,73,73,1916.88,0.0
2021-02,C2020Q4,T05,C2020Q4T05,13,VIC1-NSW1,NSW1,108,108,2208.0,0.0
2021-02,C2020Q4,T05,C2020Q4T05,13,VIC1-NSW1,VIC1,125,125,4269.96,0.0
2021-02,C2021Q1,T04,C2021Q1T04,13,NSW1-QLD1,NSW1,45,45,3650.0,0.0
2021-02,C2021Q1,T04,C2021Q1T04,13,NSW1-QLD1,QLD1,100,100,8554.0,0.0
2021-02,C2021Q1,T04,C2021Q1T04,13,V-SA,SA1,64,64,4933.0,0.0
2021-02,C2021Q1,T04,C2021Q1T04,13,V-SA,VIC1,73,73,7128.0,0.0
2021-02,C2021Q1,T04,C2021Q1T04,13,VIC1-NSW1,NSW1,108,108,3780.0,0.0
2021-02,C2021Q1,T04,C2021Q1T04,13,VIC1-NSW1,VIC1,125,125,5362.0,0.0
2021-02,C2021Q2,T03,C2021Q2T03,13,NSW1-QLD1,NSW1,45,45,387.0,0.0
2021-02,C2021Q2,T03,C2021Q2T03,13,NSW1-QLD1,QLD1,100,100,7316.0,0.0
2021-02,C2021Q2,T03,C2021Q2T03,13,V-SA,SA1,64,64,4933.0,0.0
2021-02,C2021Q2,T03,C2021Q2T03,13,V-SA,VIC1,73,73,1885.0,0.0
2021-02,C2021Q2,T03,C2021Q2T03,13,VIC1-NSW1,NSW1,108,108,1856.0,0.0
2021-02,C2021Q2,T03,C2021Q2T03,13,VIC1-NSW1,VIC1,125,125,4026.0,0.0
2021-02,C2021Q3,T02,C2021Q3T02,13,NSW1-QLD1,NSW1,45,45,800.0,0.0
2021-02,C2021Q3,T02,C2021Q3T02,13,NSW1-QLD1,QLD1,100,100,6003.0,0.0
2021-02,C2021Q3,T02,C2021Q3T02,13,V-SA,SA1,64,64,6315.41,0.0
2021-02,C2021Q3,T02,C2021Q3T02,13,V-SA,VIC1,73,73,2525.0,0.0
2021-02,C2021Q3,T02,C2021Q3T02,13,VIC1-NSW1,NSW1,108,108,1975.0,0.0
2021-02,C2021Q3,T02,C2021Q3T02,13,VIC1-NSW1,VIC1,125,125,5602.0,0.0
2021-02,C2021Q4,T01,C2021Q4T01,13,NSW1-QLD1,NSW1,45,45,970.0,0.0
2021-02,C2021Q4,T01,C2021Q4T01,13,NSW1-QLD1,QLD1,100,100,5741.0,0.0
2021-02,C2021Q4,T01,C2021Q4T01,13,V-SA,SA1,64,64,4933.0,0.0
2021-02,C2021Q4,T01,C2021Q4T01,13,V-SA,VIC1,73,73,2525.0,0.0
2021-02,C2021Q4,T01,C2021Q4T01,13,VIC1-NSW1,NSW1,108,108,2208.0,0.0
2021-02,C2021Q4,T01,C2021Q4T01,13,VIC1-NSW1,VIC1,125,125,5000.0,0.0
2021-02,C2019Q2,T12,C2019Q2T12,22,NSW1-QLD1,NSW1,55,55,184.0,0.0
2021-02,C2019Q2,T12,C2019Q2T12,22,NSW1-QLD1,QLD1,100,100,12329.0,0.0
2021-02,C2019Q2,T12,C2019Q2T12,22,V-SA,SA1,66,66,2184.0,0.0
2021-02,C2019Q2,T12,C2019Q2T12,22,V-SA,VIC1,77,77,2600.68,0.0
2021-02,C2019Q2,T12,C2019Q2T12,22,VIC1-NSW1,NSW1,112,112,3489.0,0.0
2021-02,C2019Q2,T12,C2019Q2T12,22,VIC1-NSW1,VIC1,125,125,3500.94,0.0
2021-02,C2019Q3,T11,C2019Q3T11,22,NSW1-QLD1,NSW1,45,45,395.0,0.0
2021-02,C2019Q3,T11,C2019Q3T11,22,NSW1-QLD1,QLD1,100,100,11758.0,0.0
2021-02,C2019Q3,T11,C2019Q3T11,22,V-SA,SA1,64,64,5000.0,0.0
2021-02,C2019Q3,T11,C2019Q3T11,22,V-SA,VIC1,73,73,1447.5,0.0
2021-02,C2019Q3,T11,C2019Q3T11,22,VIC1-NSW1,NSW1,108,108,3075.3,0.0
2021-02,C2019Q3,T11,C2019Q3T11,22,VIC1-NSW1,VIC1,125,125,4344.0,0.0
2021-02,C2019Q4,T10,C2019Q4T10,22,NSW1-QLD1,NSW1,45,45,675.0,0.0
2021-02,C2019Q4,T10,C2019Q4T10,22,NSW1-QLD1,QLD1,100,100,8937.79,0.0
2021-02,C2019Q4,T10,C2019Q4T10,22,V-SA,SA1,64,64,4416.0,0.0
2021-02,C2019Q4,T10,C2019Q4T10,22,V-SA,VIC1,73,73,1600.0,0.0
2021-02,C2019Q4,T10,C2019Q4T10,22,VIC1-NSW1,NSW1,108,108,3350.0,0.0
2021-02,C2019Q4,T10,C2019Q4T10,22,VIC1-NSW1,VIC1,125,125,5203.0,0.0
2021-02,C2020Q1,T09,C2020Q1T09,22,NSW1-QLD1,NSW1,45,45,2516.0,0.0
2021-02,C2020Q1,T09,C2020Q1T09,22,NSW1-QLD1,QLD1,100,100,12895.0,0.0
2021-02,C2020Q1,T09,C2020Q1T09,22,V-SA,SA1,64,64,4611.0,0.0
2021-02,C2020Q1,T09,C2020Q1T09,22,V-SA,VIC1,73,73,6231.9,0.0
2021-02,C2020Q1,T09,C2020Q1T09,22,VIC1-NSW1,NSW1,108,108,6750.0,0.0
2021-02,C2020Q1,T09,C2020Q1T09,22,VIC1-NSW1,VIC1,125,125,4822.4,0.0
2021-02,C2020Q2,T08,C2020Q2T08,22,NSW1-QLD1,NSW1,45,45,240.0,0.0
2021-02,C2020Q2,T08,C2020Q2T08,22,NSW1-QLD1,QLD1,100,100,10434.0,0.0
2021-02,C2020Q2,T08,C2020Q2T08,22,V-SA,SA1,64,64,4000.0,0.0
2021-02,C2020Q2,T08,C2020Q2T08,22,V-SA,VIC1,73,73,1811.0,0.0
2021-02,C2020Q2,T08,C2020Q2T08,22,VIC1-NSW1,NSW1,108,108,1638.0,0.0
2021-02,C2020Q2,T08,C2020Q2T08,22,VIC1-NSW1,VIC1,125,125,4175.0,0.0
2021-02,C2020Q3,T07,C2020Q3T07,22,NSW1-QLD1,NSW1,45,45,281.0,0.0
2021-02,C2020Q3,T07,C2020Q3T07,22,NSW1-QLD1,QLD1,100,100,10730.4,0.0
2021-02,C2020Q3,T07,C2020Q3T07,22,V-SA,SA1,64,64,4416.0,0.0
2021-02,C2020Q3,T07,C2020Q3T07,22,V-SA,VIC1,73,73,1557.0,0.0
2021-02,C2020Q3,T07,C2020Q3T07,22,VIC1-NSW1,NSW1,108,108,1656.0,0.0
2021-02,C2020Q3,T07,C2020Q3T07,22,VIC1-NSW1,VIC1,125,125,5166.72,0.0
2021-02,C2020Q4,T06,C2020Q4T06,22,NSW1-QLD1,NSW1,45,45,675.0,0.0
2021-02,C2020Q4,T06,C2020Q4T06,22,NSW1-QLD1,QLD1,100,100,8650.0,0.0
2021-02,C2020Q4,T06,C2020Q4T06,22,V-SA,SA1,64,64,4416.0,0.0
2021-02,C2020Q4,T06,C2020Q4T06,22,V-SA,VIC1,73,73,2000.0,0.0
2021-02,C2020Q4,T06,C2020Q4T06,22,VIC1-NSW1,NSW1,108,108,2000.0,0.0
2021-02,C2020Q4,T06,C2020Q4T06,22,VIC1-NSW1,VIC1,125,125,4650.0,0.0
2021-02,C2021Q1,T05,C2021Q1T05,22,NSW1-QLD1,NSW1,45,45,3320.0,0.0
2021-02,C2021Q1,T05,C2021Q1T05,22,NSW1-QLD1,QLD1,100,100,10692.5,0.0
2021-02,C2021Q1,T05,C2021Q1T05,22,V-SA,SA1,64,64,5372.4,0.0
2021-02,C2021Q1,T05,C2021Q1T05,22,V-SA,VIC1,73,73,6480.0,0.0
2021-02,C2021Q1,T05,C2021Q1T05,22,VIC1-NSW1,NSW1,108,108,4150.0,0.0
2021-02,C2021Q1,T05,C2021Q1T05,22,VIC1-NSW1,VIC1,125,125,4875.0,0.0
2021-02,C2021Q2,T04,C2021Q2T04,22,NSW1-QLD1,NSW1,45,45,300.0,0.0
2021-02,C2021Q2,T04,C2021Q2T04,22,NSW1-QLD1,QLD1,100,100,9001.0,0.0
2021-02,C2021Q2,T04,C2021Q2T04,22,V-SA,SA1,64,64,4368.0,0.0
2021-02,C2021Q2,T04,C2021Q2T04,22,V-SA,VIC1,73,73,2149.0,0.0
2021-02,C2021Q2,T04,C2021Q2T04,22,VIC1-NSW1,NSW1,108,108,1638.0,0.0
2021-02,C2021Q2,T04,C2021Q2T04,22,VIC1-NSW1,VIC1,125,125,4350.0,0.0
2021-02,C2021Q3,T03,C2021Q3T03,22,NSW1-QLD1,NSW1,45,45,800.0,0.0
2021-02,C2021Q3,T03,C2021Q3T03,22,NSW1-QLD1,QLD1,100,100,7729.0,0.0
2021-02,C2021Q3,T03,C2021Q3T03,22,V-SA,SA1,64,64,6315.41,0.0
2021-02,C2021Q3,T03,C2021Q3T03,22,V-SA,VIC1,73,73,2272.5,0.0
2021-02,C2021Q3,T03,C2021Q3T03,22,VIC1-NSW1,NSW1,108,108,1656.0,0.0
2021-02,C2021Q3,T03,C2021Q3T03,22,VIC1-NSW1,VIC1,125,125,5681.66,0.0
2021-02,C2021Q1,T05,C2021Q1T05,24,NSW1-QLD1,NSW1,45,45,3320.0,0.0
2021-02,C2021Q1,T05,C2021Q1T05,24,NSW1-QLD1,QLD1,100,100,10692.5,0.0
2021-02,C2021Q1,T05,C2021Q1T05,24,V-SA,SA1,64,64,5372.4,0.0
2021-02,C2021Q1,T05,C2021Q1T05,24,V-SA,VIC1,73,73,6480.0,0.0
2021-02,C2021Q1,T05,C2021Q1T05,24,VIC1-NSW1,NSW1,108,108,4150.0,0.0
2021-02,C2021Q1,T05,C2021Q1T05,24,VIC1-NSW1,VIC1,125,125,4875.0,0.0
2021-02,C2021Q2,T04,C2021Q2T04,24,NSW1-QLD1,NSW1,45,45,300.0,0.0
2021-02,C2021Q2,T04,C2021Q2T04,24,NSW1-QLD1,QLD1,100,100,9001.0,0.0
2021-02,C2021Q2,T04,C2021Q2T04,24,V-SA,SA1,64,64,4368.0,0.0
2021-02,C2021Q2,T04,C2021Q2T04,24,V-SA,VIC1,73,73,2149.0,0.0
2021-02,C2021Q2,T04,C2021Q2T04,24,VIC1-NSW1,NSW1,108,108,1638.0,0.0
2021-02,C2021Q2,T04,C2021Q2T04,24,VIC1-NSW1,VIC1,125,125,4350.0,0.0
2021-02,C2021Q3,T03,C2021Q3T03,24,NSW1-QLD1,NSW1,45,45,800.0,0.0
2021-02,C2021Q3,T03,C2021Q3T03,24,NSW1-QLD1,QLD1,100,100,7729.0,0.0
2021-02,C2021Q3,T03,C2021Q3T03,24,V-SA,SA1,64,64,6315.41,0.0
2021-02,C2021Q3,T03,C2021Q3T03,24,V-SA,VIC1,73,73,2272.5,0.0
2021-02,C2021Q3,T03,C2021Q3T03,24,VIC1-NSW1,NSW1,108,108,1656.0,0.0
2021-02,C2021Q3,T03,C2021Q3T03,24,VIC1-NSW1,VIC1,125,125,5681.66,0.0
2021-02,C2021Q4,T02,C2021Q4T02,24,NSW1-QLD1,NSW1,45,45,800.0,0.0
2021-02,C2021Q4,T02,C2021Q4T02,24,NSW1-QLD1,QLD1,100,100,7176.25,0.0
2021-02,C2021Q4,T02,C2021Q4T02,24,V-SA,SA1,64,64,4933.0,0.0
2021-02,C2021Q4,T02,C2021Q4T02,24,V-SA,VIC1,73,73,2396.1,0.0
2021-02,C2021Q4,T02,C2021Q4T02,24,VIC1-NSW1,NSW1,108,108,2208.0,0.0
2021-02,C2021Q4,T02,C2021Q4T02,24,VIC1-NSW1,VIC1,125,125,4823.0,0.0
2021-02,C2022Q1,T01,C2022Q1T01,24,NSW1-QLD1,NSW1,45,45,3320.0,0.0
2021-02,C2022Q1,T01,C2022Q1T01,24,NSW1-QLD1,QLD1,100,100,10141.0,0.0
2021-02,C2022Q1,T01,C2022Q1T01,24,V-SA,SA1,64,64,5372.4,0.0
2021-02,C2022Q1,T01,C2022Q1T01,24,V-SA,VIC1,73,73,6097.0,0.0
2021-02,C2022Q1,T01,C2022Q1T01,24,VIC1-NSW1,NSW1,108,108,3850.0,0.0
2021-02,C2022Q1,T01,C2022Q1T01,24,VIC1-NSW1,VIC1,125,125,5350.0,0.0
2021-02,C2019Q4,T12,C2019Q4T12,9,NSW1-QLD1,NSW1,55,55,600.0,0.0
2021-02,C2019Q4,T12,C2019Q4T12,9,NSW1-QLD1,QLD1,100,100,14748.0,0.0
2021-02,C2019Q4,T12,C2019Q4T12,9,V-SA,SA1,66,66,6125.0,0.0
2021-02,C2019Q4,T12,C2019Q4T12,9,V-SA,VIC1,77,77,1905.0,0.0
2021-02,C2019Q4,T12,C2019Q4T12,9,VIC1-NSW1,NSW1,112,112,3975.91,0.0
2021-02,C2019Q4,T12,C2019Q4T12,9,VIC1-NSW1,VIC1,125,125,4978.0,0.0
2021-02,C2020Q1,T11,C2020Q1T11,9,NSW1-QLD1,NSW1,45,45,3050.0,0.0
2021-02,C2020Q1,T11,C2020Q1T11,9,NSW1-QLD1,QLD1,100,100,16005.0,0.0
2021-02,C2020Q1,T11,C2020Q1T11,9,V-SA,SA1,64,64,5204.0,0.0
2021-02,C2020Q1,T11,C2020Q1T11,9,V-SA,VIC1,73,73,7200.0,0.0
2021-02,C2020Q1,T11,C2020Q1T11,9,VIC1-NSW1,NSW1,108,108,14270.4,0.0
2021-02,C2020Q1,T11,C2020Q1T11,9,VIC1-NSW1,VIC1,125,125,5004.0,0.0
2021-02,C2020Q2,T10,C2020Q2T10,9,NSW1-QLD1,NSW1,45,45,226.0,0.0
2021-02,C2020Q2,T10,C2020Q2T10,9,NSW1-QLD1,QLD1,100,100,14479.92,0.0
2021-02,C2020Q2,T10,C2020Q2T10,9,V-SA,SA1,64,64,5044.0,0.0
2021-02,C2020Q2,T10,C2020Q2T10,9,V-SA,VIC1,73,73,1273.96,0.0
2021-02,C2020Q2,T10,C2020Q2T10,9,VIC1-NSW1,NSW1,108,108,2500.15,0.0
2021-02,C2020Q2,T10,C2020Q2T10,9,VIC1-NSW1,VIC1,125,125,3999.8,0.0
2021-02,C2020Q3,T09,C2020Q3T09,9,NSW1-QLD1,NSW1,45,45,254.0,0.0
2021-02,C2020Q3,T09,C2020Q3T09,9,NSW1-QLD1,QLD1,100,100,13976.64,0.0
2021-02,C2020Q3,T09,C2020Q3T09,9,V-SA,SA1,64,64,9251.0,0.0
2021-02,C2020Q3,T09,C2020Q3T09,9,V-SA,VIC1,73,73,1092.5,0.0
2021-02,C2020Q3,T09,C2020Q3T09,9,VIC1-NSW1,NSW1,108,108,1950.0,0.0
2021-02,C2020Q3,T09,C2020Q3T09,9,VIC1-NSW1,VIC1,125,125,4999.95,0.0
2021-02,C2020Q4,T08,C2020Q4T08,9,NSW1-QLD1,NSW1,45,45,600.0,0.0
2021-02,C2020Q4,T08,C2020Q4T08,9,NSW1-QLD1,QLD1,100,100,12806.4,0.0
2021-02,C2020Q4,T08,C2020Q4T08,9,V-SA,SA1,64,64,7955.0,0.0
2021-02,C2020Q4,T08,C2020Q4T08,9,V-SA,VIC1,73,73,1504.0,0.0
2021-02,C2020Q4,T08,C2020Q4T08,9,VIC1-NSW1,NSW1,108,108,2625.0,0.0
2021-02,C2020Q4,T08,C2020Q4T08,9,VIC1-NSW1,VIC1,125,125,6200.0,0.0
2021-02,C2021Q1,T07,C2021Q1T07,9,NSW1-QLD1,NSW1,45,45,3175.0,0.0
2021-02,C2021Q1,T07,C2021Q1T07,9,NSW1-QLD1,QLD1,100,100,13335.0,0.0
2021-02,C2021Q1,T07,C2021Q1T07,9,V-SA,SA1,64,64,6178.26,0.0
2021-02,C2021Q1,T07,C2021Q1T07,9,V-SA,VIC1,73,73,5961.6,0.0
2021-02,C2021Q1,T07,C2021Q1T07,9,VIC1-NSW1,NSW1,108,108,6975.0,0.0
2021-02,C2021Q1,T07,C2021Q1T07,9,VIC1-NSW1,VIC1,125,125,5500.0,0.0
2021-02,C2021Q2,T06,C2021Q2T06,9,NSW1-QLD1,NSW1,45,45,226.0,0.0
2021-02,C2021Q2,T06,C2021Q2T06,9,NSW1-QLD1,QLD1,100,100,11003.0,0.0
2021-02,C2021Q2,T06,C2021Q2T06,9,V-SA,SA1,64,64,7005.05,0.0
2021-02,C2021Q2,T06,C2021Q2T06,9,V-SA,VIC1,73,73,1528.8,0.0
2021-02,C2021Q2,T06,C2021Q2T06,9,VIC1-NSW1,NSW1,108,108,1659.84,0.0
2021-02,C2021Q2,T06,C2021Q2T06,9,VIC1-NSW1,VIC1,125,125,6200.0,0.0
2021-02,C2021Q3,T05,C2021Q3T05,9,NSW1-QLD1,NSW1,45,45,800.0,0.0
2021-02,C2021Q3,T05,C2021Q3T05,9,NSW1-QLD1,QLD1,100,100,11542.0,0.0
2021-02,C2021Q3,T05,C2021Q3T05,9,V-SA,SA1,64,64,9967.0,0.0
2021-02,C2021Q3,T05,C2021Q3T05,9,V-SA,VIC1,73,73,1662.5,0.0
2021-02,C2021Q3,T05,C2021Q3T05,9,VIC1-NSW1,NSW1,108,108,1650.0,0.0
2021-02,C2021Q3,T05,C2021Q3T05,9,VIC1-NSW1,VIC1,125,125,6200.0,0.0
2021-02,C2021Q4,T04,C2021Q4T04,9,NSW1-QLD1,NSW1,45,45,800.0,0.0
2021-02,C2021Q4,T04,C2021Q4T04,9,NSW1-QLD1,QLD1,100,100,10666.0,0.0
2021-02,C2021Q4,T04,C2021Q4T04,9,V-SA,SA1,64,64,6911.0,0.0
2021-02,C2021Q4,T04,C2021Q4T04,9,V-SA,VIC1,73,73,1729.0,0.0
2021-02,C2021Q4,T04,C2021Q4T04,9,VIC1-NSW1,NSW1,108,108,2208.0,0.0
2021-02,C2021Q4,T04,C2021Q4T04,9,VIC1-NSW1,VIC1,125,125,6200.0,0.0
2021-02,C2022Q1,T03,C2022Q1T03,9,NSW1-QLD1,NSW1,45,45,3175.0,0.0
2021-02,C2022Q1,T03,C2022Q1T03,9,NSW1-QLD1,QLD1,100,100,10250.0,0.0
2021-02,C2022Q1,T03,C2022Q1T03,9,V-SA,SA1,64,64,5533.0,0.0
2021-02,C2022Q1,T03,C2022Q1T03,9,V-SA,VIC1,73,73,5336.0,0.0
2021-02,C2022Q1,T03,C2022Q1T03,9,VIC1-NSW1,NSW1,108,108,5464.8,0.0
2021-02,C2022Q1,T03,C2022Q1T03,9,VIC1-NSW1,VIC1,125,125,6200.0,0.0
2021-02,C2022Q2,T02,C2022Q2T02,9,NSW1-QLD1,NSW1,45,45,305.05,0.0
2021-02,C2022Q2,T02,C2022Q2T02,9,NSW1-QLD1,QLD1,100,100,10750.0,0.0
2021-02,C2022Q2,T02,C2022Q2T02,9,V-SA,SA1,64,64,6592.8,0.0
2021-02,C2022Q2,T02,C2022Q2T02,9,V-SA,VIC1,73,73,1400.0,0.0
2021-02,C2022Q2,T02,C2022Q2T02,9,VIC1-NSW1,NSW1,108,108,1638.0,0.0
2021-02,C2022Q2,T02,C2022Q2T02,9,VIC1-NSW1,VIC1,125,125,6200.0,0.0
2021-02,C2022Q3,T01,C2022Q3T01,9,NSW1-QLD1,NSW1,45,45,800.0,0.0
2021-02,C2022Q3,T01,C2022Q3T01,9,NSW1-QLD1,QLD1,100,100,10465.92,0.0
2021-02,C2022Q3,T01,C2022Q3T01,9,V-SA,SA1,64,64,9967.0,0.0
2021-02,C2022Q3,T01,C2022Q3T01,9,V-SA,VIC1,73,73,1662.5,0.0
2021-02,C2022Q3,T01,C2022Q3T01,9,VIC1-NSW1,NSW1,108,108,1656.0,0.0
2021-02,C2022Q3,T01,C2022Q3T01,9,VIC1-NSW1,VIC1,125,125,6200.0,0.0
2021-02,C2020Q1,T12,C2020Q1T12,25,NSW1-QLD1,NSW1,147,55,2184.0,0.0
2021-02,C2020Q1,T12,C2020Q1T12,25,NSW1-QLD1,QLD1,315,111,13000.0,0.0
2021-02,C2020Q1,T12,C2020Q1T12,25,V-SA,SA1,93,66,8099.0,0.0
2021-02,C2020Q1,T12,C2020Q1T12,25,V-SA,VIC1,139,78,5500.0,0.0
2021-02,C2020Q1,T12,C2020Q1T12,25,VIC1-NSW1,NSW1,280,138,10576.0,0.0
2021-02,C2020Q1,T12,C2020Q1T12,25,VIC1-NSW1,VIC1,432,125,3600.0,0.0
2021-02,C2020Q2,T11,C2020Q2T11,25,NSW1-QLD1,NSW1,112,45,207.96,0.0
2021-02,C2020Q2,T11,C2020Q2T11,25,NSW1-QLD1,QLD1,248,105,14200.0,0.0
2021-02,C2020Q2,T11,C2020Q2T11,25,V-SA,SA1,74,64,10088.0,0.0
2021-02,C2020Q2,T11,C2020Q2T11,25,V-SA,VIC1,185,73,1208.95,0.0
2021-02,C2020Q2,T11,C2020Q2T11,25,VIC1-NSW1,NSW1,211,108,2839.0,0.0
2021-02,C2020Q2,T11,C2020Q2T11,25,VIC1-NSW1,VIC1,297,125,2807.0,0.0
2021-02,C2020Q3,T10,C2020Q3T10,25,NSW1-QLD1,NSW1,112,45,200.0,0.0
2021-02,C2020Q3,T10,C2020Q3T10,25,NSW1-QLD1,QLD1,240,100,16889.0,0.0
2021-02,C2020Q3,T10,C2020Q3T10,25,V-SA,SA1,74,64,12250.0,0.0
2021-02,C2020Q3,T10,C2020Q3T10,25,V-SA,VIC1,185,73,1100.0,0.0
2021-02,C2020Q3,T10,C2020Q3T10,25,VIC1-NSW1,NSW1,239,108,2437.5,0.0
2021-02,C2020Q3,T10,C2020Q3T10,25,VIC1-NSW1,VIC1,297,125,3957.0,0.0
2021-02,C2020Q4,T09,C2020Q4T09,25,NSW1-QLD1,NSW1,170,45,675.0,0.0
2021-02,C2020Q4,T09,C2020Q4T09,25,NSW1-QLD1,QLD1,228,100,14200.0,0.0
2021-02,C2020Q4,T09,C2020Q4T09,25,V-SA,SA1,74,64,13751.0,0.0
2021-02,C2020Q4,T09,C2020Q4T09,25,V-SA,VIC1,163,73,1278.4,0.0
2021-02,C2020Q4,T09,C2020Q4T09,25,VIC1-NSW1,NSW1,204,109,3000.0,0.0
2021-02,C2020Q4,T09,C2020Q4T09,25,VIC1-NSW1,VIC1,243,125,5503.0,0.0
2021-02,C2021Q1,T08,C2021Q1T08,25,NSW1-QLD1,NSW1,69,45,2500.0,0.0
2021-02,C2021Q1,T08,C2021Q1T08,25,NSW1-QLD1,QLD1,256,100,13517.0,0.0
2021-02,C2021Q1,T08,C2021Q1T08,25,V-SA,SA1,78,64,7413.91,0.0
2021-02,C2021Q1,T08,C2021Q1T08,25,V-SA,VIC1,89,73,2666.0,0.0
2021-02,C2021Q1,T08,C2021Q1T08,25,VIC1-NSW1,NSW1,137,119,8718.75,0.0
2021-02,C2021Q4,T02,C2021Q4T02,22,NSW1-QLD1,NSW1,45,45,800.0,0.0
2021-02,C2021Q4,T02,C2021Q4T02,22,NSW1-QLD1,QLD1,100,100,7176.25,0.0
2021-02,C2021Q4,T02,C2021Q4T02,22,V-SA,SA1,64,64,4933.0,0.0
2021-02,C2021Q4,T02,C2021Q4T02,22,V-SA,VIC1,73,73,2396.1,0.0
2021-02,C2021Q4,T02,C2021Q4T02,22,VIC1-NSW1,NSW1,108,108,2208.0,0.0
2021-02,C2021Q4,T02,C2021Q4T02,22,VIC1-NSW1,VIC1,125,125,4823.0,0.0
2021-02,C2022Q1,T01,C2022Q1T01,22,NSW1-QLD1,NSW1,45,45,3320.0,0.0
2021-02,C2022Q1,T01,C2022Q1T01,22,NSW1-QLD1,QLD1,100,100,10141.0,0.0
2021-02,C2022Q1,T01,C2022Q1T01,22,V-SA,SA1,64,64,5372.4,0.0
2021-02,C2022Q1,T01,C2022Q1T01,22,V-SA,VIC1,73,73,6097.0,0.0
2021-02,C2022Q1,T01,C2022Q1T01,22,VIC1-NSW1,NSW1,108,108,3850.0,0.0
2021-02,C2022Q1,T01,C2022Q1T01,22,VIC1-NSW1,VIC1,125,125,5350.0,0.0
2021-02,C2019Q3,T12,C2019Q3T12,27,NSW1-QLD1,NSW1,55,55,450.0,0.0
2021-02,C2019Q3,T12,C2019Q3T12,27,NSW1-QLD1,QLD1,100,100,9130.0,0.0
2021-02,C2019Q3,T12,C2019Q3T12,27,V-SA,SA1,66,66,5699.15,0.0
2021-02,C2019Q3,T12,C2019Q3T12,27,V-SA,VIC1,77,77,1744.0,0.0
2021-02,C2019Q3,T12,C2019Q3T12,27,VIC1-NSW1,NSW1,112,112,4050.0,0.0
2021-02,C2019Q3,T12,C2019Q3T12,27,VIC1-NSW1,VIC1,125,125,4600.0,0.0
2021-02,C2019Q4,T11,C2019Q4T11,27,NSW1-QLD1,NSW1,45,45,557.0,0.0
2021-02,C2019Q4,T11,C2019Q4T11,27,NSW1-QLD1,QLD1,100,100,9779.99,0.0
2021-02,C2019Q4,T11,C2019Q4T11,27,V-SA,SA1,64,64,5000.0,0.0
2021-02,C2019Q4,T11,C2019Q4T11,27,V-SA,VIC1,73,73,1518.6,0.0
2021-02,C2019Q4,T11,C2019Q4T11,27,VIC1-NSW1,NSW1,108,108,3950.0,0.0
2021-02,C2019Q4,T11,C2019Q4T11,27,VIC1-NSW1,VIC1,125,125,4850.0,0.0
2021-02,C2020Q1,T10,C2020Q1T10,27,NSW1-QLD1,NSW1,45,45,2375.0,0.0
2021-02,C2020Q1,T10,C2020Q1T10,27,NSW1-QLD1,QLD1,100,100,14829.25,0.0
2021-02,C2020Q1,T10,C2020Q1T10,27,V-SA,SA1,64,64,4400.78,0.0
2021-02,C2020Q1,T10,C2020Q1T10,27,V-SA,VIC1,73,73,4985.52,0.0
2021-02,C2020Q1,T10,C2020Q1T10,27,VIC1-NSW1,NSW1,108,108,7928.0,0.0
2021-02,C2020Q1,T10,C2020Q1T10,27,VIC1-NSW1,VIC1,125,125,4855.0,0.0
2021-02,C2020Q2,T09,C2020Q2T09,27,NSW1-QLD1,NSW1,45,45,201.0,0.0
2021-02,C2020Q2,T09,C2020Q2T09,27,NSW1-QLD1,QLD1,100,100,12000.0,0.0
2021-02,C2020Q2,T09,C2020Q2T09,27,V-SA,SA1,64,64,5000.0,0.0
2021-02,C2020Q2,T09,C2020Q2T09,27,V-SA,VIC1,73,73,1341.01,0.0
2021-02,C2020Q2,T09,C2020Q2T09,27,VIC1-NSW1,NSW1,108,108,1998.0,0.0
2021-02,C2020Q2,T09,C2020Q2T09,27,VIC1-NSW1,VIC1,125,125,4201.0,0.0
2021-02,C2020Q3,T08,C2020Q3T08,27,NSW1-QLD1,NSW1,45,45,203.0,0.0
2021-02,C2020Q3,T08,C2020Q3T08,27,NSW1-QLD1,QLD1,100,100,11132.0,0.0
2021-02,C2020Q3,T08,C2020Q3T08,27,V-SA,SA1,64,64,6762.0,0.0
2021-02,C2020Q3,T08,C2020Q3T08,27,V-SA,VIC1,73,73,950.0,0.0
2021-02,C2020Q3,T08,C2020Q3T08,27,VIC1-NSW1,NSW1,108,108,1750.25,0.0
2021-02,C2020Q3,T08,C2020Q3T08,27,VIC1-NSW1,VIC1,125,125,5166.72,0.0
2021-02,C2020Q4,T07,C2020Q4T07,27,NSW1-QLD1,NSW1,45,45,590.0,0.0
2021-02,C2020Q4,T07,C2020Q4T07,27,NSW1-QLD1,QLD1,100,100,10150.0,0.0
2021-02,C2020Q4,T07,C2020Q4T07,27,V-SA,SA1,64,64,6889.2,0.0
2021-02,C2020Q4,T07,C2020Q4T07,27,V-SA,VIC1,73,73,1727.0,0.0
2021-02,C2020Q4,T07,C2020Q4T07,27,VIC1-NSW1,NSW1,108,108,2215.0,0.0
2021-02,C2020Q4,T07,C2020Q4T07,27,VIC1-NSW1,VIC1,125,125,5580.0,0.0
2021-02,C2021Q1,T06,C2021Q1T06,27,NSW1-QLD1,NSW1,45,45,3070.0,0.0
2021-02,C2021Q1,T06,C2021Q1T06,27,NSW1-QLD1,QLD1,100,100,11745.0,0.0
2021-02,C2021Q1,T06,C2021Q1T06,27,V-SA,SA1,64,64,5372.4,0.0
2021-02,C2021Q1,T06,C2021Q1T06,27,V-SA,VIC1,73,73,5184.0,0.0
2021-02,C2021Q1,T06,C2021Q1T06,27,VIC1-NSW1,NSW1,108,108,4320.0,0.0
2021-02,C2021Q1,T06,C2021Q1T06,27,VIC1-NSW1,VIC1,125,125,4791.0,0.0
2021-02,C2021Q2,T05,C2021Q2T05,27,NSW1-QLD1,NSW1,45,45,218.4,0.0
2021-02,C2021Q2,T05,C2021Q2T05,27,NSW1-QLD1,QLD1,100,100,10000.0,0.0
2021-02,C2021Q2,T05,C2021Q2T05,27,V-SA,SA1,64,64,6592.8,0.0
2021-02,C2021Q2,T05,C2021Q2T05,27,V-SA,VIC1,73,73,2184.0,0.0
2021-02,C2021Q2,T05,C2021Q2T05,27,VIC1-NSW1,NSW1,108,108,1650.0,0.0
2021-02,C2021Q2,T05,C2021Q2T05,27,VIC1-NSW1,VIC1,125,125,5220.0,0.0
2021-02,C2021Q3,T04,C2021Q3T04,27,NSW1-QLD1,NSW1,45,45,800.0,0.0
2021-02,C2021Q3,T04,C2021Q3T04,27,NSW1-QLD1,QLD1,100,100,9001.0,0.0
2021-02,C2021Q3,T04,C2021Q3T04,27,V-SA,SA1,64,64,9967.0,0.0
2021-02,C2021Q3,T04,C2021Q3T04,27,V-SA,VIC1,73,73,1750.0,0.0
2021-02,C2021Q3,T04,C2021Q3T04,27,VIC1-NSW1,NSW1,108,108,1650.0,0.0
2021-02,C2021Q3,T04,C2021Q3T04,27,VIC1-NSW1,VIC1,125,125,5681.66,0.0
2021-02,C2021Q4,T03,C2021Q4T03,27,NSW1-QLD1,NSW1,45,45,800.0,0.0
2021-02,C2021Q4,T03,C2021Q4T03,27,NSW1-QLD1,QLD1,100,100,9001.0,0.0
2021-02,C2021Q4,T03,C2021Q4T03,27,V-SA,SA1,64,64,6889.2,0.0
2021-02,C2021Q4,T03,C2021Q4T03,27,V-SA,VIC1,73,73,1820.0,0.0
2021-02,C2021Q4,T03,C2021Q4T03,27,VIC1-NSW1,NSW1,108,108,2208.0,0.0
2021-02,C2021Q4,T03,C2021Q4T03,27,VIC1-NSW1,VIC1,125,125,5823.0,0.0
2021-02,C2022Q1,T02,C2022Q1T02,27,NSW1-QLD1,NSW1,45,45,3070.0,0.0
2021-02,C2022Q1,T02,C2022Q1T02,27,NSW1-QLD1,QLD1,100,100,14040.0,0.0
2021-02,C2022Q1,T02,C2022Q1T02,27,V-SA,SA1,64,64,5372.4,0.0
2021-02,C2022Q1,T02,C2022Q1T02,27,V-SA,VIC1,73,73,4640.0,0.0
2021-02,C2022Q1,T02,C2022Q1T02,27,VIC1-NSW1,NSW1,108,108,3555.0,0.0
2021-02,C2022Q1,T02,C2022Q1T02,27,VIC1-NSW1,VIC1,125,125,5500.0,0.0
2021-02,C2022Q2,T01,C2022Q2T01,27,NSW1-QLD1,NSW1,45,45,226.0,0.0
2021-02,C2022Q2,T01,C2022Q2T01,27,NSW1-QLD1,QLD1,100,100,10750.0,0.0
2021-02,C2022Q2,T01,C2022Q2T01,27,V-SA,SA1,64,64,6592.8,0.0
2021-02,C2022Q2,T01,C2022Q2T01,27,V-SA,VIC1,73,73,1866.0,0.0
2021-02,C2022Q2,T01,C2022Q2T01,27,VIC1-NSW1,NSW1,108,108,1747.0,0.0
2021-02,C2022Q2,T01,C2022Q2T01,27,VIC1-NSW1,VIC1,125,125,5220.0,0.0
2021-02,C2020Q3,T12,C2020Q3T12,35,NSW1-QLD1,NSW1,90,55,210.08,0.0
2021-02,C2020Q3,T12,C2020Q3T12,35,NSW1-QLD1,QLD1,210,139,11555.0,0.0
2021-02,C2020Q3,T12,C2020Q3T12,35,V-SA,SA1,96,73,9151.07,0.0
2021-02,C2020Q3,T12,C2020Q3T12,35,V-SA,VIC1,193,77,1713.0,0.0
2021-02,C2020Q3,T12,C2020Q3T12,35,VIC1-NSW1,NSW1,296,112,1023.75,0.0
2021-02,C2020Q3,T12,C2020Q3T12,35,VIC1-NSW1,VIC1,355,135,4901.0,0.0
2021-02,C2020Q4,T11,C2020Q4T11,35,NSW1-QLD1,NSW1,193,45,701.23,0.0
2021-02,C2020Q4,T11,C2020Q4T11,35,NSW1-QLD1,QLD1,222,110,10878.4,0.0
2021-02,C2020Q4,T11,C2020Q4T11,35,V-SA,SA1,94,64,8001.2,0.0
2021-02,C2020Q4,T11,C2020Q4T11,35,V-SA,VIC1,168,73,1795.2,0.0
2021-02,C2020Q4,T11,C2020Q4T11,35,VIC1-NSW1,NSW1,234,113,2208.0,0.0
2021-02,C2020Q4,T11,C2020Q4T11,35,VIC1-NSW1,VIC1,340,130,5875.0,0.0
2021-02,C2021Q1,T10,C2021Q1T10,35,NSW1-QLD1,NSW1,76,45,1500.0,0.0
2021-02,C2021Q1,T10,C2021Q1T10,35,NSW1-QLD1,QLD1,245,100,19700.0,0.0
2021-02,C2021Q1,T10,C2021Q1T10,35,V-SA,SA1,119,64,7137.0,0.0
2021-02,C2021Q1,T10,C2021Q1T10,35,V-SA,VIC1,118,73,4666.0,0.0
2021-02,C2021Q1,T10,C2021Q1T10,35,VIC1-NSW1,NSW1,146,108,7501.0,0.0
2021-02,C2021Q1,T10,C2021Q1T10,35,VIC1-NSW1,VIC1,250,125,7940.53,0.0
2021-02,C2021Q2,T09,C2021Q2T09,35,NSW1-QLD1,NSW1,65,45,140.19,0.0
2021-02,C2021Q2,T09,C2021Q2T09,35,NSW1-QLD1,QLD1,200,120,12000.0,0.0
2021-02,C2021Q2,T09,C2021Q2T09,35,V-SA,SA1,121,64,3500.79,0.0
2021-02,C2021Q2,T09,C2021Q2T09,35,V-SA,VIC1,163,73,1711.0,0.0
2021-02,C2021Q2,T09,C2021Q2T09,35,VIC1-NSW1,NSW1,153,108,982.8,0.0
2021-02,C2021Q2,T09,C2021Q2T09,35,VIC1-NSW1,VIC1,237,135,5416.0,0.0
2021-02,C2021Q3,T08,C2021Q3T08,35,NSW1-QLD1,NSW1,45,45,312.0,0.0
2021-02,C2021Q3,T08,C2021Q3T08,35,NSW1-QLD1,QLD1,215,100,10086.0,0.0
2021-02,C2021Q3,T08,C2021Q3T08,35,V-SA,SA1,114,64,3571.78,0.0
2021-02,C2021Q3,T08,C2021Q3T08,35,V-SA,VIC1,215,73,1695.75,0.0
2021-02,C2021Q3,T08,C2021Q3T08,35,VIC1-NSW1,NSW1,197,108,1032.0,0.0
2021-02,C2021Q3,T08,C2021Q3T08,35,VIC1-NSW1,VIC1,219,135,6601.0,0.0
2021-02,C2021Q4,T07,C2021Q4T07,35,NSW1-QLD1,NSW1,112,45,685.0,0.0
2021-02,C2021Q4,T07,C2021Q4T07,35,NSW1-QLD1,QLD1,180,100,11103.0,0.0
2021-02,C2021Q4,T07,C2021Q4T07,35,V-SA,SA1,114,64,4000.0,0.0
2021-02,C2021Q4,T07,C2021Q4T07,35,V-SA,VIC1,192,73,1789.08,0.0
2021-02,C2021Q4,T07,C2021Q4T07,35,VIC1-NSW1,NSW1,148,108,1104.0,0.0
2021-02,C2021Q4,T07,C2021Q4T07,35,VIC1-NSW1,VIC1,235,135,6250.0,0.0
2021-02,C2022Q1,T06,C2022Q1T06,35,NSW1-QLD1,NSW1,50,45,2358.0,0.0
2021-02,C2022Q1,T06,C2022Q1T06,35,NSW1-QLD1,QLD1,236,100,16474.0,0.0
2021-02,C2022Q1,T06,C2022Q1T06,35,V-SA,SA1,111,64,4358.0,0.0
2021-02,C2022Q1,T06,C2022Q1T06,35,V-SA,VIC1,103,73,5878.13,0.0
2021-02,C2022Q1,T06,C2022Q1T06,35,VIC1-NSW1,NSW1,134,108,5750.0,0.0
2021-02,C2022Q1,T06,C2022Q1T06,35,VIC1-NSW1,VIC1,245,125,8311.6,0.0
2021-02,C2022Q2,T05,C2022Q2T05,35,NSW1-QLD1,NSW1,45,45,359.0,0.0
2021-02,C2022Q2,T05,C2022Q2T05,35,NSW1-QLD1,QLD1,175,100,11373.4,0.0
2021-02,C2022Q2,T05,C2022Q2T05,35,V-SA,SA1,114,64,3250.0,0.0
2021-02,C2022Q2,T05,C2022Q2T05,35,V-SA,VIC1,118,73,1401.0,0.0
2021-02,C2022Q2,T05,C2022Q2T05,35,VIC1-NSW1,NSW1,138,108,842.0,0.0
2021-02,C2021Q1,T08,C2021Q1T08,25,VIC1-NSW1,VIC1,313,125,5620.0,0.0
2021-02,C2021Q2,T07,C2021Q2T07,25,NSW1-QLD1,NSW1,89,45,150.0,0.0
2021-02,C2021Q2,T07,C2021Q2T07,25,NSW1-QLD1,QLD1,159,100,10679.76,0.0
2021-02,C2021Q2,T07,C2021Q2T07,25,V-SA,SA1,74,64,10507.57,0.0
2021-02,C2021Q2,T07,C2021Q2T07,25,V-SA,VIC1,147,73,1509.0,0.0
2021-02,C2021Q2,T07,C2021Q2T07,25,VIC1-NSW1,NSW1,144,108,1706.0,0.0
2021-02,C2021Q2,T07,C2021Q2T07,25,VIC1-NSW1,VIC1,189,125,4793.0,0.0
2021-02,C2021Q3,T06,C2021Q3T06,25,NSW1-QLD1,NSW1,48,45,245.0,0.0
2021-02,C2021Q3,T06,C2021Q3T06,25,NSW1-QLD1,QLD1,171,100,11542.0,0.0
2021-02,C2021Q3,T06,C2021Q3T06,25,V-SA,SA1,74,64,10005.0,0.0
2021-02,C2021Q3,T06,C2021Q3T06,25,V-SA,VIC1,119,73,1413.12,0.0
2021-02,C2021Q3,T06,C2021Q3T06,25,VIC1-NSW1,NSW1,187,108,1656.0,0.0
2021-02,C2021Q3,T06,C2021Q3T06,25,VIC1-NSW1,VIC1,183,125,5420.0,0.0
2021-02,C2021Q4,T05,C2021Q4T05,25,NSW1-QLD1,NSW1,74,45,700.0,0.0
2021-02,C2021Q4,T05,C2021Q4T05,25,NSW1-QLD1,QLD1,135,100,10666.0,0.0
2021-02,C2021Q4,T05,C2021Q4T05,25,V-SA,SA1,74,64,12501.0,0.0
2021-02,C2021Q4,T05,C2021Q4T05,25,V-SA,VIC1,119,73,1642.55,0.0
2021-02,C2021Q4,T05,C2021Q4T05,25,VIC1-NSW1,NSW1,144,108,2002.0,0.0
2021-02,C2021Q4,T05,C2021Q4T05,25,VIC1-NSW1,VIC1,162,125,5270.0,0.0
2021-02,C2022Q1,T04,C2022Q1T04,25,NSW1-QLD1,NSW1,56,45,2222.5,0.0
2021-02,C2022Q1,T04,C2022Q1T04,25,NSW1-QLD1,QLD1,135,100,8512.0,0.0
2021-02,C2022Q1,T04,C2022Q1T04,25,V-SA,SA1,64,64,5540.0,0.0
2021-02,C2022Q1,T04,C2022Q1T04,25,V-SA,VIC1,88,73,2800.0,0.0
2021-02,C2022Q1,T04,C2022Q1T04,25,VIC1-NSW1,NSW1,113,108,6010.0,0.0
2021-02,C2022Q1,T04,C2022Q1T04,25,VIC1-NSW1,VIC1,217,125,5890.0,0.0
2021-02,C2022Q2,T03,C2022Q2T03,25,NSW1-QLD1,NSW1,50,45,200.0,0.0
2021-02,C2022Q2,T03,C2022Q2T03,25,NSW1-QLD1,QLD1,100,100,10750.0,0.0
2021-02,C2022Q2,T03,C2022Q2T03,25,V-SA,SA1,64,64,9889.2,0.0
2021-02,C2022Q2,T03,C2022Q2T03,25,V-SA,VIC1,88,73,1000.0,0.0
2021-02,C2022Q2,T03,C2022Q2T03,25,VIC1-NSW1,NSW1,134,108,1747.0,0.0
2021-02,C2022Q2,T03,C2022Q2T03,25,VIC1-NSW1,VIC1,125,125,5822.0,0.0
2021-02,C2022Q3,T02,C2022Q3T02,25,NSW1-QLD1,NSW1,45,45,220.0,0.0
2021-02,C2022Q3,T02,C2022Q3T02,25,NSW1-QLD1,QLD1,100,100,10465.92,0.0
2021-02,C2022Q3,T02,C2022Q3T02,25,V-SA,SA1,64,64,10006.0,0.0
2021-02,C2022Q3,T02,C2022Q3T02,25,V-SA,VIC1,74,73,1000.0,0.0
2021-02,C2022Q3,T02,C2022Q3T02,25,VIC1-NSW1,NSW1,113,108,1656.0,0.0
2021-02,C2022Q3,T02,C2022Q3T02,25,VIC1-NSW1,VIC1,125,125,5822.0,0.0
2021-02,C2022Q4,T01,C2022Q4T01,25,NSW1-QLD1,NSW1,45,45,625.0,0.0
2021-02,C2022Q4,T01,C2022Q4T01,25,NSW1-QLD1,QLD1,100,100,10666.0,0.0
2021-02,C2022Q4,T01,C2022Q4T01,25,V-SA,SA1,64,64,12501.0,0.0
2021-02,C2022Q4,T01,C2022Q4T01,25,V-SA,VIC1,73,73,1346.0,0.0
2021-02,C2022Q4,T01,C2022Q4T01,25,VIC1-NSW1,NSW1,108,108,2208.0,0.0
2021-02,C2022Q4,T01,C2022Q4T01,25,VIC1-NSW1,VIC1,125,125,5979.0,0.0
2021-02,C2020Q3,T12,C2020Q3T12,37,NSW1-QLD1,NSW1,90,55,210.08,0.0
2021-02,C2020Q3,T12,C2020Q3T12,37,NSW1-QLD1,QLD1,210,139,11555.0,0.0
2021-02,C2020Q3,T12,C2020Q3T12,37,V-SA,SA1,96,73,9151.07,0.0
2021-02,C2020Q3,T12,C2020Q3T12,37,V-SA,VIC1,193,77,1713.0,0.0
2021-02,C2020Q3,T12,C2020Q3T12,37,VIC1-NSW1,NSW1,296,112,1023.75,0.0
2021-02,C2020Q3,T12,C2020Q3T12,37,VIC1-NSW1,VIC1,355,135,4901.0,0.0
2021-02,C2020Q4,T11,C2020Q4T11,37,NSW1-QLD1,NSW1,193,45,701.23,0.0
2021-02,C2020Q4,T11,C2020Q4T11,37,NSW1-QLD1,QLD1,222,110,10878.4,0.0
2021-02,C2020Q4,T11,C2020Q4T11,37,V-SA,SA1,94,64,8001.2,0.0
2021-02,C2020Q4,T11,C2020Q4T11,37,V-SA,VIC1,168,73,1795.2,0.0
2021-02,C2020Q4,T11,C2020Q4T11,37,VIC1-NSW1,NSW1,234,113,2208.0,0.0
2021-02,C2020Q4,T11,C2020Q4T11,37,VIC1-NSW1,VIC1,340,130,5875.0,0.0
2021-02,C2021Q1,T10,C2021Q1T10,37,NSW1-QLD1,NSW1,76,45,1500.0,0.0
2021-02,C2021Q1,T10,C2021Q1T10,37,NSW1-QLD1,QLD1,245,100,19700.0,0.0
2021-02,C2021Q1,T10,C2021Q1T10,37,V-SA,SA1,119,64,7137.0,0.0
2021-02,C2021Q1,T10,C2021Q1T10,37,V-SA,VIC1,118,73,4666.0,0.0
2021-02,C2021Q1,T10,C2021Q1T10,37,VIC1-NSW1,NSW1,146,108,7501.0,0.0
2021-02,C2021Q1,T10,C2021Q1T10,37,VIC1-NSW1,VIC1,250,125,7940.53,0.0
2021-02,C2021Q2,T09,C2021Q2T09,37,NSW1-QLD1,NSW1,65,45,140.19,0.0
2021-02,C2021Q2,T09,C2021Q2T09,37,NSW1-QLD1,QLD1,200,120,12000.0,0.0
2021-02,C2021Q2,T09,C2021Q2T09,37,V-SA,SA1,121,64,3500.79,0.0
2021-02,C2021Q2,T09,C2021Q2T09,37,V-SA,VIC1,163,73,1711.0,0.0
2021-02,C2021Q2,T09,C2021Q2T09,37,VIC1-NSW1,NSW1,153,108,982.8,0.0
2021-02,C2021Q2,T09,C2021Q2T09,37,VIC1-NSW1,VIC1,237,135,5416.0,0.0
2021-02,C2021Q3,T08,C2021Q3T08,37,NSW1-QLD1,NSW1,45,45,312.0,0.0
2021-02,C2021Q3,T08,C2021Q3T08,37,NSW1-QLD1,QLD1,215,100,10086.0,0.0
2021-02,C2021Q3,T08,C2021Q3T08,37,V-SA,SA1,114,64,3571.78,0.0
2021-02,C2021Q3,T08,C2021Q3T08,37,V-SA,VIC1,215,73,1695.75,0.0
2021-02,C2021Q3,T08,C2021Q3T08,37,VIC1-NSW1,NSW1,197,108,1032.0,0.0
2021-02,C2021Q3,T08,C2021Q3T08,37,VIC1-NSW1,VIC1,219,135,6601.0,0.0
2021-02,C2021Q4,T07,C2021Q4T07,37,NSW1-QLD1,NSW1,112,45,685.0,0.0
2021-02,C2021Q4,T07,C2021Q4T07,37,NSW1-QLD1,QLD1,180,100,11103.0,0.0
2021-02,C2021Q4,T07,C2021Q4T07,37,V-SA,SA1,114,64,4000.0,0.0
2021-02,C2021Q4,T07,C2021Q4T07,37,V-SA,VIC1,192,73,1789.08,0.0
2021-02,C2021Q4,T07,C2021Q4T07,37,VIC1-NSW1,NSW1,148,108,1104.0,0.0
2021-02,C2021Q4,T07,C2021Q4T07,37,VIC1-NSW1,VIC1,235,135,6250.0,0.0
2021-02,C2022Q1,T06,C2022Q1T06,37,NSW1-QLD1,NSW1,50,45,2358.0,0.0
2021-02,C2022Q1,T06,C2022Q1T06,37,NSW1-QLD1,QLD1,236,100,16474.0,0.0
2021-02,C2022Q1,T06,C2022Q1T06,37,V-SA,SA1,111,64,4358.0,0.0
2021-02,C2022Q1,T06,C2022Q1T06,37,V-SA,VIC1,103,73,5878.13,0.0
2021-02,C2022Q1,T06,C2022Q1T06,37,VIC1-NSW1,NSW1,134,108,5750.0,0.0
2021-02,C2022Q1,T06,C2022Q1T06,37,VIC1-NSW1,VIC1,245,125,8311.6,0.0
2021-02,C2022Q2,T05,C2022Q2T05,37,NSW1-QLD1,NSW1,45,45,359.0,0.0
2021-02,C2022Q2,T05,C2022Q2T05,37,NSW1-QLD1,QLD1,175,100,11373.4,0.0
2021-02,C2022Q2,T05,C2022Q2T05,37,V-SA,SA1,114,64,3250.0,0.0
2021-02,C2022Q2,T05,C2022Q2T05,37,V-SA,VIC1,118,73,1401.0,0.0
2021-02,C2022Q2,T05,C2022Q2T05,37,VIC1-NSW1,NSW1,138,108,842.0,0.0
2021-02,C2022Q2,T05,C2022Q2T05,37,VIC1-NSW1,VIC1,160,125,6400.0,0.0
2021-02,C2022Q3,T04,C2022Q3T04,37,NSW1-QLD1,NSW1,51,51,510.0,0.0
2021-02,C2022Q3,T04,C2022Q3T04,37,NSW1-QLD1,QLD1,147,100,11702.4,0.0
2021-02,C2022Q3,T04,C2022Q3T04,37,V-SA,SA1,84,64,3502.1,0.0
2021-02,C2022Q3,T04,C2022Q3T04,37,V-SA,VIC1,93,73,1695.75,0.0
2021-02,C2022Q3,T04,C2022Q3T04,37,VIC1-NSW1,NSW1,138,108,880.8,0.0
2021-02,C2022Q3,T04,C2022Q3T04,37,VIC1-NSW1,VIC1,155,125,6400.0,0.0
2021-02,C2022Q4,T03,C2022Q4T03,37,NSW1-QLD1,NSW1,55,45,889.0,0.0
2021-02,C2022Q4,T03,C2022Q4T03,37,NSW1-QLD1,QLD1,125,100,11250.0,0.0
2021-02,C2022Q4,T03,C2022Q4T03,37,V-SA,SA1,80,64,4000.0,0.0
2021-02,C2022Q4,T03,C2022Q4T03,37,V-SA,VIC1,88,73,1978.0,0.0
2021-02,C2022Q4,T03,C2022Q4T03,37,VIC1-NSW1,NSW1,108,108,1104.0,0.0
2021-02,C2022Q4,T03,C2022Q4T03,37,VIC1-NSW1,VIC1,140,125,6416.0,0.0
2021-02,C2023Q1,T02,C2023Q1T02,37,NSW1-QLD1,NSW1,45,45,2520.0,0.0
2021-02,C2023Q1,T02,C2023Q1T02,37,NSW1-QLD1,QLD1,125,100,14606.59,0.0
2021-02,C2023Q1,T02,C2023Q1T02,37,V-SA,SA1,64,64,4800.0,0.0
2021-02,C2023Q1,T02,C2023Q1T02,37,V-SA,VIC1,82,73,5442.72,0.0
2021-02,C2023Q1,T02,C2023Q1T02,37,VIC1-NSW1,NSW1,108,108,5553.24,0.0
2021-02,C2023Q1,T02,C2023Q1T02,37,VIC1-NSW1,VIC1,150,128,9203.0,0.0
2021-02,C2023Q2,T01,C2023Q2T01,37,NSW1-QLD1,NSW1,45,45,395.0,0.0
2021-02,C2023Q2,T01,C2023Q2T01,37,NSW1-QLD1,QLD1,100,100,11373.4,0.0
2021-02,C2023Q2,T01,C2023Q2T01,37,V-SA,SA1,64,64,3250.0,0.0
2021-02,C2023Q2,T01,C2023Q2T01,37,V-SA,VIC1,73,73,1360.0,0.0
2021-02,C2023Q2,T01,C2023Q2T01,37,VIC1-NSW1,NSW1,108,108,960.96,0.0
2021-02,C2023Q2,T01,C2023Q2T01,37,VIC1-NSW1,VIC1,125,125,6666.0,0.0
2021-02,C2021Q1,T12,C2021Q1T12,7,NSW1-QLD1,NSW1,83,55,2104.0,0.0
2021-02,C2021Q1,T12,C2021Q1T12,7,NSW1-QLD1,QLD1,155,100,21956.0,0.0
2021-02,C2021Q1,T12,C2021Q1T12,7,V-SA,SA1,96,66,7500.0,0.0
2021-02,C2021Q1,T12,C2021Q1T12,7,V-SA,VIC1,137,77,5500.0,0.0
2021-02,C2021Q1,T12,C2021Q1T12,7,VIC1-NSW1,NSW1,222,112,6375.69,0.0
2021-02,C2021Q1,T12,C2021Q1T12,7,VIC1-NSW1,VIC1,170,125,9000.0,0.0
2021-02,C2021Q2,T11,C2021Q2T11,7,NSW1-QLD1,NSW1,45,45,253.0,0.0
2021-02,C2021Q2,T11,C2021Q2T11,7,NSW1-QLD1,QLD1,155,100,13100.0,0.0
2021-02,C2021Q2,T11,C2021Q2T11,7,V-SA,SA1,114,64,4790.09,0.0
2021-02,C2021Q2,T11,C2021Q2T11,7,V-SA,VIC1,133,73,1601.0,0.0
2021-02,C2021Q2,T11,C2021Q2T11,7,VIC1-NSW1,NSW1,224,108,1365.88,0.0
2021-02,C2021Q2,T11,C2021Q2T11,7,VIC1-NSW1,VIC1,195,125,5354.0,0.0
2021-02,C2021Q3,T10,C2021Q3T10,7,NSW1-QLD1,NSW1,45,45,254.0,0.0
2021-02,C2021Q3,T10,C2021Q3T10,7,NSW1-QLD1,QLD1,155,100,12302.5,0.0
2021-02,C2021Q3,T10,C2021Q3T10,7,V-SA,SA1,114,64,5250.0,0.0
2021-02,C2022Q2,T05,C2022Q2T05,35,VIC1-NSW1,VIC1,160,125,6400.0,0.0
2021-02,C2022Q3,T04,C2022Q3T04,35,NSW1-QLD1,NSW1,51,51,510.0,0.0
2021-02,C2022Q3,T04,C2022Q3T04,35,NSW1-QLD1,QLD1,147,100,11702.4,0.0
2021-02,C2022Q3,T04,C2022Q3T04,35,V-SA,SA1,84,64,3502.1,0.0
2021-02,C2022Q3,T04,C2022Q3T04,35,V-SA,VIC1,93,73,1695.75,0.0
2021-02,C2022Q3,T04,C2022Q3T04,35,VIC1-NSW1,NSW1,138,108,880.8,0.0
2021-02,C2022Q3,T04,C2022Q3T04,35,VIC1-NSW1,VIC1,155,125,6400.0,0.0
2021-02,C2022Q4,T03,C2022Q4T03,35,NSW1-QLD1,NSW1,55,45,889.0,0.0
2021-02,C2022Q4,T03,C2022Q4T03,35,NSW1-QLD1,QLD1,125,100,11250.0,0.0
2021-02,C2022Q4,T03,C2022Q4T03,35,V-SA,SA1,80,64,4000.0,0.0
2021-02,C2022Q4,T03,C2022Q4T03,35,V-SA,VIC1,88,73,1978.0,0.0
2021-02,C2022Q4,T03,C2022Q4T03,35,VIC1-NSW1,NSW1,108,108,1104.0,0.0
2021-02,C2022Q4,T03,C2022Q4T03,35,VIC1-NSW1,VIC1,140,125,6416.0,0.0
2021-02,C2023Q1,T02,C2023Q1T02,35,NSW1-QLD1,NSW1,45,45,2520.0,0.0
2021-02,C2023Q1,T02,C2023Q1T02,35,NSW1-QLD1,QLD1,125,100,14606.59,0.0
2021-02,C2023Q1,T02,C2023Q1T02,35,V-SA,SA1,64,64,4800.0,0.0
2021-02,C2023Q1,T02,C2023Q1T02,35,V-SA,VIC1,82,73,5442.72,0.0
2021-02,C2023Q1,T02,C2023Q1T02,35,VIC1-NSW1,NSW1,108,108,5553.24,0.0
2021-02,C2023Q1,T02,C2023Q1T02,35,VIC1-NSW1,VIC1,150,128,9203.0,0.0
2021-02,C2023Q2,T01,C2023Q2T01,35,NSW1-QLD1,NSW1,45,45,395.0,0.0
2021-02,C2023Q2,T01,C2023Q2T01,35,NSW1-QLD1,QLD1,100,100,11373.4,0.0
2021-02,C2023Q2,T01,C2023Q2T01,35,V-SA,SA1,64,64,3250.0,0.0
2021-02,C2023Q2,T01,C2023Q2T01,35,V-SA,VIC1,73,73,1360.0,0.0
2021-02,C2023Q2,T01,C2023Q2T01,35,VIC1-NSW1,NSW1,108,108,960.96,0.0
2021-02,C2023Q2,T01,C2023Q2T01,35,VIC1-NSW1,VIC1,125,125,6666.0,0.0
2021-02,C2021Q1,T12,C2021Q1T12,5,NSW1-QLD1,NSW1,83,55,2104.0,0.0
2021-02,C2021Q1,T12,C2021Q1T12,5,NSW1-QLD1,QLD1,155,100,21956.0,0.0
2021-02,C2021Q1,T12,C2021Q1T12,5,V-SA,SA1,96,66,7500.0,0.0
2021-02,C2021Q1,T12,C2021Q1T12,5,V-SA,VIC1,137,77,5500.0,0.0
2021-02,C2021Q1,T12,C2021Q1T12,5,VIC1-NSW1,NSW1,222,112,6375.69,0.0
2021-02,C2021Q1,T12,C2021Q1T12,5,VIC1-NSW1,VIC1,170,125,9000.0,0.0
2021-02,C2021Q2,T11,C2021Q2T11,5,NSW1-QLD1,NSW1,45,45,253.0,0.0
2021-02,C2021Q2,T11,C2021Q2T11,5,NSW1-QLD1,QLD1,155,100,13100.0,0.0
2021-02,C2021Q2,T11,C2021Q2T11,5,V-SA,SA1,114,64,4790.09,0.0
2021-02,C2021Q2,T11,C2021Q2T11,5,V-SA,VIC1,133,73,1601.0,0.0
2021-02,C2021Q2,T11,C2021Q2T11,5,VIC1-NSW1,NSW1,224,108,1365.88,0.0
2021-02,C2021Q2,T11,C2021Q2T11,5,VIC1-NSW1,VIC1,195,125,5354.0,0.0
2021-02,C2021Q3,T10,C2021Q3T10,5,NSW1-QLD1,NSW1,45,45,254.0,0.0
2021-02,C2021Q3,T10,C2021Q3T10,5,NSW1-QLD1,QLD1,155,100,12302.5,0.0
2021-02,C2021Q3,T10,C2021Q3T10,5,V-SA,SA1,114,64,5250.0,0.0
2021-02,C2021Q3,T10,C2021Q3T10,5,V-SA,VIC1,174,73,1601.0,0.0
2021-02,C2021Q3,T10,C2021Q3T10,5,VIC1-NSW1,NSW1,257,108,1389.0,0.0
2021-02,C2021Q3,T10,C2021Q3T10,5,VIC1-NSW1,VIC1,179,125,5625.0,0.0
2021-02,C2021Q4,T09,C2021Q4T09,5,NSW1-QLD1,NSW1,120,51,804.0,0.0
2021-02,C2021Q4,T09,C2021Q4T09,5,NSW1-QLD1,QLD1,155,100,12250.0,0.0
2021-02,C2021Q4,T09,C2021Q4T09,5,V-SA,SA1,114,64,5318.0,0.0
2021-02,C2021Q4,T09,C2021Q4T09,5,V-SA,VIC1,167,73,2127.76,0.0
2021-02,C2021Q4,T09,C2021Q4T09,5,VIC1-NSW1,NSW1,158,108,1323.52,0.0
2021-02,C2021Q4,T09,C2021Q4T09,5,VIC1-NSW1,VIC1,170,125,7501.0,0.0
2021-02,C2022Q1,T08,C2022Q1T08,5,NSW1-QLD1,NSW1,66,45,2585.0,0.0
2021-02,C2022Q1,T08,C2022Q1T08,5,NSW1-QLD1,QLD1,173,100,17800.96,0.0
2021-02,C2022Q1,T08,C2022Q1T08,5,V-SA,SA1,94,64,5878.01,0.0
2021-02,C2022Q1,T08,C2022Q1T08,5,V-SA,VIC1,93,73,6004.0,0.0
2021-02,C2022Q1,T08,C2022Q1T08,5,VIC1-NSW1,NSW1,203,108,6600.0,0.0
2021-02,C2022Q1,T08,C2022Q1T08,5,VIC1-NSW1,VIC1,170,125,11224.0,0.0
2021-02,C2022Q2,T07,C2022Q2T07,5,NSW1-QLD1,NSW1,45,45,401.0,0.0
2021-02,C2022Q2,T07,C2022Q2T07,5,NSW1-QLD1,QLD1,155,100,11067.5,0.0
2021-02,C2022Q2,T07,C2022Q2T07,5,V-SA,SA1,128,78,4000.0,0.0
2021-02,C2022Q2,T07,C2022Q2T07,5,V-SA,VIC1,93,73,1668.35,0.0
2021-02,C2022Q2,T07,C2022Q2T07,5,VIC1-NSW1,NSW1,183,108,740.88,0.0
2021-02,C2022Q2,T07,C2022Q2T07,5,VIC1-NSW1,VIC1,175,125,7772.16,0.0
2021-02,C2022Q3,T06,C2022Q3T06,5,NSW1-QLD1,NSW1,45,45,501.0,0.0
2021-02,C2022Q3,T06,C2022Q3T06,5,NSW1-QLD1,QLD1,130,100,11901.12,0.0
2021-02,C2022Q3,T06,C2022Q3T06,5,V-SA,SA1,94,64,5204.0,0.0
2021-02,C2022Q3,T06,C2022Q3T06,5,V-SA,VIC1,93,73,1750.0,0.0
2021-02,C2022Q3,T06,C2022Q3T06,5,VIC1-NSW1,NSW1,183,108,875.0,0.0
2021-02,C2022Q3,T06,C2022Q3T06,5,VIC1-NSW1,VIC1,150,125,8501.0,0.0
2021-02,C2022Q4,T05,C2022Q4T05,5,NSW1-QLD1,NSW1,55,45,1503.03,0.0
2021-02,C2022Q4,T05,C2022Q4T05,5,NSW1-QLD1,QLD1,130,100,11956.92,0.0
2021-02,C2022Q4,T05,C2022Q4T05,5,V-SA,SA1,90,64,5039.85,0.0
2021-02,C2022Q4,T05,C2022Q4T05,5,V-SA,VIC1,93,73,2450.0,0.0
2021-02,C2022Q4,T05,C2022Q4T05,5,VIC1-NSW1,NSW1,158,108,1197.25,0.0
2021-02,C2022Q4,T05,C2022Q4T05,5,VIC1-NSW1,VIC1,168,125,8950.99,0.0
2021-02,C2023Q1,T04,C2023Q1T04,5,NSW1-QLD1,NSW1,57,45,3001.0,0.0
2021-02,C2023Q1,T04,C2023Q1T04,5,NSW1-QLD1,QLD1,100,100,15996.96,0.0
2021-02,C2023Q1,T04,C2023Q1T04,5,V-SA,SA1,74,64,5668.0,0.0
2021-02,C2023Q1,T04,C2023Q1T04,5,V-SA,VIC1,93,73,6004.0,0.0
2021-02,C2023Q1,T04,C2023Q1T04,5,VIC1-NSW1,NSW1,158,108,5625.0,0.0
2021-02,C2023Q1,T04,C2023Q1T04,5,VIC1-NSW1,VIC1,145,125,11375.99,0.0
2021-02,C2023Q2,T03,C2023Q2T03,5,NSW1-QLD1,NSW1,45,45,404.0,0.0
2021-02,C2023Q2,T03,C2023Q2T03,5,NSW1-QLD1,QLD1,100,100,12839.0,0.0
2021-02,C2023Q2,T03,C2023Q2T03,5,V-SA,SA1,91,81,3124.0,0.0
2021-02,C2023Q2,T03,C2023Q2T03,5,V-SA,VIC1,93,73,1454.0,0.0
2021-02,C2023Q2,T03,C2023Q2T03,5,VIC1-NSW1,NSW1,188,108,562.5,0.0
2021-02,C2023Q2,T03,C2023Q2T03,5,VIC1-NSW1,VIC1,150,125,7407.0,0.0
2021-02,C2023Q3,T02,C2023Q3T02,5,NSW1-QLD1,NSW1,45,45,401.0,0.0
2021-02,C2023Q3,T02,C2023Q3T02,5,NSW1-QLD1,QLD1,100,100,12984.0,0.0
2021-02,C2023Q3,T02,C2023Q3T02,5,V-SA,SA1,74,64,3920.0,0.0
2021-02,C2023Q3,T02,C2023Q3T02,5,V-SA,VIC1,93,73,1435.2,0.0
2021-02,C2023Q3,T02,C2023Q3T02,5,VIC1-NSW1,NSW1,138,108,660.66,0.0
2021-02,C2023Q3,T02,C2023Q3T02,5,VIC1-NSW1,VIC1,150,125,7744.0,0.0
2021-02,C2023Q4,T01,C2023Q4T01,5,NSW1-QLD1,NSW1,45,45,1301.0,0.0
2021-02,C2023Q4,T01,C2023Q4T01,5,NSW1-QLD1,QLD1,100,100,12400.96,0.0
2021-02,C2023Q4,T01,C2023Q4T01,5,V-SA,SA1,64,64,4000.0,0.0
2021-02,C2023Q4,T01,C2023Q4T01,5,V-SA,VIC1,73,73,1840.35,0.0
2021-02,C2023Q4,T01,C2023Q4T01,5,VIC1-NSW1,NSW1,108,108,1001.0,0.0
2021-02,C2023Q4,T01,C2023Q4T01,5,VIC1-NSW1,VIC1,125,125,7473.0,0.0
2021-02,C2021Q3,T10,C2021Q3T10,7,V-SA,VIC1,174,73,1601.0,0.0
2021-02,C2021Q3,T10,C2021Q3T10,7,VIC1-NSW1,NSW1,257,108,1389.0,0.0
2021-02,C2021Q3,T10,C2021Q3T10,7,VIC1-NSW1,VIC1,179,125,5625.0,0.0
2021-02,C2021Q4,T09,C2021Q4T09,7,NSW1-QLD1,NSW1,120,51,804.0,0.0
2021-02,C2021Q4,T09,C2021Q4T09,7,NSW1-QLD1,QLD1,155,100,12250.0,0.0
2021-02,C2021Q4,T09,C2021Q4T09,7,V-SA,SA1,114,64,5318.0,0.0
2021-02,C2021Q4,T09,C2021Q4T09,7,V-SA,VIC1,167,73,2127.76,0.0
2021-02,C2021Q4,T09,C2021Q4T09,7,VIC1-NSW1,NSW1,158,108,1323.52,0.0
2021-02,C2021Q4,T09,C2021Q4T09,7,VIC1-NSW1,VIC1,170,125,7501.0,0.0
2021-02,C2022Q1,T08,C2022Q1T08,7,NSW1-QLD1,NSW1,66,45,2585.0,0.0
2021-02,C2022Q1,T08,C2022Q1T08,7,NSW1-QLD1,QLD1,173,100,17800.96,0.0
2021-02,C2022Q1,T08,C2022Q1T08,7,V-SA,SA1,94,64,5878.01,0.0
2021-02,C2022Q1,T08,C2022Q1T08,7,V-SA,VIC1,93,73,6004.0,0.0
2021-02,C2022Q1,T08,C2022Q1T08,7,VIC1-NSW1,NSW1,203,108,6600.0,0.0
2021-02,C2022Q1,T08,C2022Q1T08,7,VIC1-NSW1,VIC1,170,125,11224.0,0.0
2021-02,C2022Q2,T07,C2022Q2T07,7,NSW1-QLD1,NSW1,45,45,401.0,0.0
2021-02,C2022Q2,T07,C2022Q2T07,7,NSW1-QLD1,QLD1,155,100,11067.5,0.0
2021-02,C2022Q2,T07,C2022Q2T07,7,V-SA,SA1,128,78,4000.0,0.0
2021-02,C2022Q2,T07,C2022Q2T07,7,V-SA,VIC1,93,73,1668.35,0.0
2021-02,C2022Q2,T07,C2022Q2T07,7,VIC1-NSW1,NSW1,183,108,740.88,0.0
2021-02,C2022Q2,T07,C2022Q2T07,7,VIC1-NSW1,VIC1,175,125,7772.16,0.0
2021-02,C2022Q3,T06,C2022Q3T06,7,NSW1-QLD1,NSW1,45,45,501.0,0.0
2021-02,C2022Q3,T06,C2022Q3T06,7,NSW1-QLD1,QLD1,130,100,11901.12,0.0
2021-02,C2022Q3,T06,C2022Q3T06,7,V-SA,SA1,94,64,5204.0,0.0
2021-02,C2022Q3,T06,C2022Q3T06,7,V-SA,VIC1,93,73,1750.0,0.0
2021-02,C2022Q3,T06,C2022Q3T06,7,VIC1-NSW1,NSW1,183,108,875.0,0.0
2021-02,C2022Q3,T06,C2022Q3T06,7,VIC1-NSW1,VIC1,150,125,8501.0,0.0
2021-02,C2022Q4,T05,C2022Q4T05,7,NSW1-QLD1,NSW1,55,45,1503.03,0.0
2021-02,C2022Q4,T05,C2022Q4T05,7,NSW1-QLD1,QLD1,130,100,11956.92,0.0
2021-02,C2022Q4,T05,C2022Q4T05,7,V-SA,SA1,90,64,5039.85,0.0
2021-02,C2022Q4,T05,C2022Q4T05,7,V-SA,VIC1,93,73,2450.0,0.0
2021-02,C2022Q4,T05,C2022Q4T05,7,VIC1-NSW1,NSW1,158,108,1197.25,0.0
2021-02,C2022Q4,T05,C2022Q4T05,7,VIC1-NSW1,VIC1,168,125,8950.99,0.0
2021-02,C2023Q1,T04,C2023Q1T04,7,NSW1-QLD1,NSW1,57,45,3001.0,0.0
2021-02,C2023Q1,T04,C2023Q1T04,7,NSW1-QLD1,QLD1,100,100,15996.96,0.0
2021-02,C2023Q1,T04,C2023Q1T04,7,V-SA,SA1,74,64,5668.0,0.0
2021-02,C2023Q1,T04,C2023Q1T04,7,V-SA,VIC1,93,73,6004.0,0.0
2021-02,C2023Q1,T04,C2023Q1T04,7,VIC1-NSW1,NSW1,158,108,5625.0,0.0
2021-02,C2023Q1,T04,C2023Q1T04,7,VIC1-NSW1,VIC1,145,125,11375.99,0.0
2021-02,C2023Q2,T03,C2023Q2T03,7,NSW1-QLD1,NSW1,45,45,404.0,0.0
2021-02,C2023Q2,T03,C2023Q2T03,7,NSW1-QLD1,QLD1,100,100,12839.0,0.0
2021-02,C2023Q2,T03,C2023Q2T03,7,V-SA,SA1,91,81,3124.0,0.0
2021-02,C2023Q2,T03,C2023Q2T03,7,V-SA,VIC1,93,73,1454.0,0.0
2021-02,C2023Q2,T03,C2023Q2T03,7,VIC1-NSW1,NSW1,188,108,562.5,0.0
2021-02,C2023Q2,T03,C2023Q2T03,7,VIC1-NSW1,VIC1,150,125,7407.0,0.0
2021-02,C2023Q3,T02,C2023Q3T02,7,NSW1-QLD1,NSW1,45,45,401.0,0.0
2021-02,C2023Q3,T02,C2023Q3T02,7,NSW1-QLD1,QLD1,100,100,12984.0,0.0
2021-02,C2023Q3,T02,C2023Q3T02,7,V-SA,SA1,74,64,3920.0,0.0
2021-02,C2023Q3,T02,C2023Q3T02,7,V-SA,VIC1,93,73,1435.2,0.0
2021-02,C2023Q3,T02,C2023Q3T02,7,VIC1-NSW1,NSW1,138,108,660.66,0.0
2021-02,C2023Q3,T02,C2023Q3T02,7,VIC1-NSW1,VIC1,150,125,7744.0,0.0
2021-02,C2023Q4,T01,C2023Q4T01,7,NSW1-QLD1,NSW1,45,45,1301.0,0.0
2021-02,C2023Q4,T01,C2023Q4T01,7,NSW1-QLD1,QLD1,100,100,12400.96,0.0
2021-02,C2023Q4,T01,C2023Q4T01,7,V-SA,SA1,64,64,4000.0,0.0
2021-02,C2023Q4,T01,C2023Q4T01,7,V-SA,VIC1,73,73,1840.35,0.0
2021-02,C2023Q4,T01,C2023Q4T01,7,VIC1-NSW1,NSW1,108,108,1001.0,0.0
2021-02,C2023Q4,T01,C2023Q4T01,7,VIC1-NSW1,VIC1,125,125,7473.0,0.0
2021-02,C2020Q3,T12,C2020Q3T12,39,NSW1-QLD1,NSW1,90,55,210.08,0.0
2021-02,C2020Q3,T12,C2020Q3T12,39,NSW1-QLD1,QLD1,210,139,11555.0,0.0
2021-02,C2020Q3,T12,C2020Q3T12,39,V-SA,SA1,96,73,9151.07,0.0
2021-02,C2020Q3,T12,C2020Q3T12,39,V-SA,VIC1,193,77,1713.0,0.0
2021-02,C2020Q3,T12,C2020Q3T12,39,VIC1-NSW1,NSW1,296,112,1023.75,0.0
2021-02,C2020Q3,T12,C2020Q3T12,39,VIC1-NSW1,VIC1,355,135,4901.0,0.0
2021-02,C2020Q4,T11,C2020Q4T11,39,NSW1-QLD1,NSW1,193,45,701.23,0.0
2021-02,C2020Q4,T11,C2020Q4T11,39,NSW1-QLD1,QLD1,222,110,10878.4,0.0
2021-02,C2020Q4,T11,C2020Q4T11,39,V-SA,SA1,94,64,8001.2,0.0
2021-02,C2020Q4,T11,C2020Q4T11,39,V-SA,VIC1,168,73,1795.2,0.0
2021-02,C2020Q4,T11,C2020Q4T11,39,VIC1-NSW1,NSW1,234,113,2208.0,0.0
2021-02,C2020Q4,T11,C2020Q4T11,39,VIC1-NSW1,VIC1,340,130,5875.0,0.0
2021-02,C2021Q1,T10,C2021Q1T10,39,NSW1-QLD1,NSW1,76,45,1500.0,0.0
2021-02,C2021Q1,T10,C2021Q1T10,39,NSW1-QLD1,QLD1,245,100,19700.0,0.0
2021-02,C2021Q1,T10,C2021Q1T10,39,V-SA,SA1,119,64,7137.0,0.0
2021-02,C2021Q1,T10,C2021Q1T10,39,V-SA,VIC1,118,73,4666.0,0.0
2021-02,C2021Q1,T10,C2021Q1T10,39,VIC1-NSW1,NSW1,146,108,7501.0,0.0
2021-02,C2021Q1,T10,C2021Q1T10,39,VIC1-NSW1,VIC1,250,125,7940.53,0.0
2021-02,C2021Q2,T09,C2021Q2T09,39,NSW1-QLD1,NSW1,65,45,140.19,0.0
2021-02,C2021Q2,T09,C2021Q2T09,39,NSW1-QLD1,QLD1,200,120,12000.0,0.0
2021-02,C2021Q2,T09,C2021Q2T09,39,V-SA,SA1,121,64,3500.79,0.0
2021-02,C2021Q2,T09,C2021Q2T09,39,V-SA,VIC1,163,73,1711.0,0.0
2021-02,C2021Q2,T09,C2021Q2T09,39,VIC1-NSW1,NSW1,153,108,982.8,0.0
2021-02,C2021Q2,T09,C2021Q2T09,39,VIC1-NSW1,VIC1,237,135,5416.0,0.0
2021-02,C2021Q3,T08,C2021Q3T08,39,NSW1-QLD1,NSW1,45,45,312.0,0.0
2021-02,C2021Q3,T08,C2021Q3T08,39,NSW1-QLD1,QLD1,215,100,10086.0,0.0
2021-02,C2021Q3,T08,C2021Q3T08,39,V-SA,SA1,114,64,3571.78,0.0
2021-02,C2021Q3,T08,C2021Q3T08,39,V-SA,VIC1,215,73,1695.75,0.0
2021-02,C2021Q3,T08,C2021Q3T08,39,VIC1-NSW1,NSW1,197,108,1032.0,0.0
2021-02,C2021Q3,T08,C2021Q3T08,39,VIC1-NSW1,VIC1,219,135,6601.0,0.0
2021-02,C2021Q4,T07,C2021Q4T07,39,NSW1-QLD1,NSW1,112,45,685.0,0.0
2021-02,C2021Q4,T07,C2021Q4T07,39,NSW1-QLD1,QLD1,180,100,11103.0,0.0
2021-02,C2021Q4,T07,C2021Q4T07,39,V-SA,SA1,114,64,4000.0,0.0
2021-02,C2021Q4,T07,C2021Q4T07,39,V-SA,VIC1,192,73,1789.08,0.0
2021-02,C2021Q4,T07,C2021Q4T07,39,VIC1-NSW1,NSW1,148,108,1104.0,0.0
2021-02,C2021Q4,T07,C2021Q4T07,39,VIC1-NSW1,VIC1,235,135,6250.0,0.0
2021-02,C2022Q1,T06,C2022Q1T06,39,NSW1-QLD1,NSW1,50,45,2358.0,0.0
2021-02,C2022Q1,T06,C2022Q1T06,39,NSW1-QLD1,QLD1,236,100,16474.0,0.0
2021-02,C2022Q1,T06,C2022Q1T06,39,V-SA,SA1,111,64,4358.0,0.0
2021-02,C2022Q1,T06,C2022Q1T06,39,V-SA,VIC1,103,73,5878.13,0.0
2021-02,C2022Q1,T06,C2022Q1T06,39,VIC1-NSW1,NSW1,134,108,5750.0,0.0
2021-02,C2022Q1,T06,C2022Q1T06,39,VIC1-NSW1,VIC1,245,125,8311.6,0.0
2021-02,C2022Q2,T05,C2022Q2T05,39,NSW1-QLD1,NSW1,45,45,359.0,0.0
2021-02,C2022Q2,T05,C2022Q2T05,39,NSW1-QLD1,QLD1,175,100,11373.4,0.0
2021-02,C2022Q2,T05,C2022Q2T05,39,V-SA,SA1,114,64,3250.0,0.0
2021-02,C2022Q2,T05,C2022Q2T05,39,V-SA,VIC1,118,73,1401.0,0.0
2021-02,C2022Q2,T05,C2022Q2T05,39,VIC1-NSW1,NSW1,138,108,842.0,0.0
2021-02,C2022Q2,T05,C2022Q2T05,39,VIC1-NSW1,VIC1,160,125,6400.0,0.0
2021-02,C2022Q3,T04,C2022Q3T04,39,NSW1-QLD1,NSW1,51,51,510.0,0.0
2021-02,C2022Q3,T04,C2022Q3T04,39,NSW1-QLD1,QLD1,147,100,11702.4,0.0
2021-02,C2022Q3,T04,C2022Q3T04,39,V-SA,SA1,84,64,3502.1,0.0
2021-02,C2022Q3,T04,C2022Q3T04,39,V-SA,VIC1,93,73,1695.75,0.0
2021-02,C2022Q3,T04,C2022Q3T04,39,VIC1-NSW1,NSW1,138,108,880.8,0.0
2021-02,C2022Q3,T04,C2022Q3T04,39,VIC1-NSW1,VIC1,155,125,6400.0,0.0
2021-02,C2022Q4,T03,C2022Q4T03,39,NSW1-QLD1,NSW1,55,45,889.0,0.0
2021-02,C2022Q4,T03,C2022Q4T03,39,NSW1-QLD1,QLD1,125,100,11250.0,0.0
2021-02,C2022Q4,T03,C2022Q4T03,39,V-SA,SA1,80,64,4000.0,0.0
2021-02,C2022Q4,T03,C2022Q4T03,39,V-SA,VIC1,88,73,1978.0,0.0
2021-02,C2022Q4,T03,C2022Q4T03,39,VIC1-NSW1,NSW1,108,108,1104.0,0.0
2021-02,C2022Q4,T03,C2022Q4T03,39,VIC1-NSW1,VIC1,140,125,6416.0,0.0
2021-02,C2023Q1,T02,C2023Q1T02,39,NSW1-QLD1,NSW1,45,45,2520.0,0.0
2021-02,C2023Q1,T02,C2023Q1T02,39,NSW1-QLD1,QLD1,125,100,14606.59,0.0
2021-02,C2023Q1,T02,C2023Q1T02,39,V-SA,SA1,64,64,4800.0,0.0
2021-02,C2023Q1,T02,C2023Q1T02,39,V-SA,VIC1,82,73,5442.72,0.0
2021-02,C2023Q1,T02,C2023Q1T02,39,VIC1-NSW1,NSW1,108,108,5553.24,0.0
2021-02,C2023Q1,T02,C2023Q1T02,39,VIC1-NSW1,VIC1,150,128,9203.0,0.0
2021-02,C2023Q2,T01,C2023Q2T01,39,NSW1-QLD1,NSW1,45,45,395.0,0.0
2021-02,C2023Q2,T01,C2023Q2T01,39,NSW1-QLD1,QLD1,100,100,11373.4,0.0
2021-02,C2023Q2,T01,C2023Q2T01,39,V-SA,SA1,64,64,3250.0,0.0
2021-02,C2023Q2,T01,C2023Q2T01,39,V-SA,VIC1,73,73,1360.0,0.0
2021-02,C2023Q2,T01,C2023Q2T01,39,VIC1-NSW1,NSW1,108,108,960.96,0.0
2021-02,C2023Q2,T01,C2023Q2T01,39,VIC1-NSW1,VIC1,125,125,6666.0,0.0
2021-02,C2020Q4,T12,C2020Q4T12,21,NSW1-QLD1,NSW1,157,55,804.0,0.0
2021-02,C2019Q2,T12,C2019Q2T12,25,NSW1-QLD1,NSW1,55,55,184.0,0.0
2021-02,C2019Q2,T12,C2019Q2T12,25,NSW1-QLD1,QLD1,100,100,12329.0,0.0
2021-02,C2019Q2,T12,C2019Q2T12,25,V-SA,SA1,66,66,2184.0,0.0
2021-02,C2019Q2,T12,C2019Q2T12,25,V-SA,VIC1,77,77,2600.68,0.0
2021-02,C2019Q2,T12,C2019Q2T12,25,VIC1-NSW1,NSW1,112,112,3489.0,0.0
2021-02,C2019Q2,T12,C2019Q2T12,25,VIC1-NSW1,VIC1,125,125,3500.94,0.0
2021-02,C2019Q3,T11,C2019Q3T11,25,NSW1-QLD1,NSW1,45,45,395.0,0.0
2021-02,C2019Q3,T11,C2019Q3T11,25,NSW1-QLD1,QLD1,100,100,11758.0,0.0
2021-02,C2019Q3,T11,C2019Q3T11,25,V-SA,SA1,64,64,5000.0,0.0
2021-02,C2019Q3,T11,C2019Q3T11,25,V-SA,VIC1,73,73,1447.5,0.0
2021-02,C2019Q3,T11,C2019Q3T11,25,VIC1-NSW1,NSW1,108,108,3075.3,0.0
2021-02,C2019Q3,T11,C2019Q3T11,25,VIC1-NSW1,VIC1,125,125,4344.0,0.0
2021-02,C2019Q4,T10,C2019Q4T10,25,NSW1-QLD1,NSW1,45,45,675.0,0.0
2021-02,C2019Q4,T10,C2019Q4T10,25,NSW1-QLD1,QLD1,100,100,8937.79,0.0
2021-02,C2019Q4,T10,C2019Q4T10,25,V-SA,SA1,64,64,4416.0,0.0
2021-02,C2019Q4,T10,C2019Q4T10,25,V-SA,VIC1,73,73,1600.0,0.0
2021-02,C2019Q4,T10,C2019Q4T10,25,VIC1-NSW1,NSW1,108,108,3350.0,0.0
2021-02,C2019Q4,T10,C2019Q4T10,25,VIC1-NSW1,VIC1,125,125,5203.0,0.0
2021-02,C2020Q1,T09,C2020Q1T09,25,NSW1-QLD1,NSW1,45,45,2516.0,0.0
2021-02,C2020Q1,T09,C2020Q1T09,25,NSW1-QLD1,QLD1,100,100,12895.0,0.0
2021-02,C2020Q1,T09,C2020Q1T09,25,V-SA,SA1,64,64,4611.0,0.0
2021-02,C2020Q1,T09,C2020Q1T09,25,V-SA,VIC1,73,73,6231.9,0.0
2021-02,C2020Q1,T09,C2020Q1T09,25,VIC1-NSW1,NSW1,108,108,6750.0,0.0
2021-02,C2020Q1,T09,C2020Q1T09,25,VIC1-NSW1,VIC1,125,125,4822.4,0.0
2021-02,C2020Q2,T08,C2020Q2T08,25,NSW1-QLD1,NSW1,45,45,240.0,0.0
2021-02,C2020Q2,T08,C2020Q2T08,25,NSW1-QLD1,QLD1,100,100,10434.0,0.0
2021-02,C2020Q2,T08,C2020Q2T08,25,V-SA,SA1,64,64,4000.0,0.0
2021-02,C2020Q2,T08,C2020Q2T08,25,V-SA,VIC1,73,73,1811.0,0.0
2021-02,C2020Q2,T08,C2020Q2T08,25,VIC1-NSW1,NSW1,108,108,1638.0,0.0
2021-02,C2020Q2,T08,C2020Q2T08,25,VIC1-NSW1,VIC1,125,125,4175.0,0.0
2021-02,C2020Q3,T07,C2020Q3T07,25,NSW1-QLD1,NSW1,45,45,281.0,0.0
2021-02,C2020Q3,T07,C2020Q3T07,25,NSW1-QLD1,QLD1,100,100,10730.4,0.0
2021-02,C2020Q3,T07,C2020Q3T07,25,V-SA,SA1,64,64,4416.0,0.0
2021-02,C2020Q3,T07,C2020Q3T07,25,V-SA,VIC1,73,73,1557.0,0.0
2021-02,C2020Q3,T07,C2020Q3T07,25,VIC1-NSW1,NSW1,108,108,1656.0,0.0
2021-02,C2020Q3,T07,C2020Q3T07,25,VIC1-NSW1,VIC1,125,125,5166.72,0.0
2021-02,C2020Q4,T06,C2020Q4T06,25,NSW1-QLD1,NSW1,45,45,675.0,0.0
2021-02,C2020Q4,T06,C2020Q4T06,25,NSW1-QLD1,QLD1,100,100,8650.0,0.0
2021-02,C2020Q4,T06,C2020Q4T06,25,V-SA,SA1,64,64,4416.0,0.0
2021-02,C2020Q4,T06,C2020Q4T06,25,V-SA,VIC1,73,73,2000.0,0.0
2021-02,C2020Q4,T06,C2020Q4T06,25,VIC1-NSW1,NSW1,108,108,2000.0,0.0
2021-02,C2020Q4,T06,C2020Q4T06,25,VIC1-NSW1,VIC1,125,125,4650.0,0.0
2021-02,C2021Q1,T05,C2021Q1T05,25,NSW1-QLD1,NSW1,45,45,3320.0,0.0
2021-02,C2021Q1,T05,C2021Q1T05,25,NSW1-QLD1,QLD1,100,100,10692.5,0.0
2021-02,C2021Q1,T05,C2021Q1T05,25,V-SA,SA1,64,64,5372.4,0.0
2021-02,C2021Q1,T05,C2021Q1T05,25,V-SA,VIC1,73,73,6480.0,0.0
2021-02,C2021Q1,T05,C2021Q1T05,25,VIC1-NSW1,NSW1,108,108,4150.0,0.0
2021-02,C2021Q1,T05,C2021Q1T05,25,VIC1-NSW1,VIC1,125,125,4875.0,0.0
2021-02,C2021Q2,T04,C2021Q2T04,25,NSW1-QLD1,NSW1,45,45,300.0,0.0
2021-02,C2021Q2,T04,C2021Q2T04,25,NSW1-QLD1,QLD1,100,100,9001.0,0.0
2021-02,C2021Q2,T04,C2021Q2T04,25,V-SA,SA1,64,64,4368.0,0.0
2021-02,C2021Q2,T04,C2021Q2T04,25,V-SA,VIC1,73,73,2149.0,0.0
2021-02,C2021Q2,T04,C2021Q2T04,25,VIC1-NSW1,NSW1,108,108,1638.0,0.0
2021-02,C2021Q2,T04,C2021Q2T04,25,VIC1-NSW1,VIC1,125,125,4350.0,0.0
2021-02,C2021Q3,T03,C2021Q3T03,25,NSW1-QLD1,NSW1,45,45,800.0,0.0
2021-02,C2021Q3,T03,C2021Q3T03,25,NSW1-QLD1,QLD1,100,100,7729.0,0.0
2021-02,C2021Q3,T03,C2021Q3T03,25,V-SA,SA1,64,64,6315.41,0.0
2021-02,C2021Q3,T03,C2021Q3T03,25,V-SA,VIC1,73,73,2272.5,0.0
2021-02,C2021Q3,T03,C2021Q3T03,25,VIC1-NSW1,NSW1,108,108,1656.0,0.0
2021-02,C2021Q3,T03,C2021Q3T03,25,VIC1-NSW1,VIC1,125,125,5681.66,0.0
2021-02,C2021Q4,T02,C2021Q4T02,25,NSW1-QLD1,NSW1,45,45,800.0,0.0
2021-02,C2021Q4,T02,C2021Q4T02,25,NSW1-QLD1,QLD1,100,100,7176.25,0.0
2021-02,C2021Q4,T02,C2021Q4T02,25,V-SA,SA1,64,64,4933.0,0.0
2021-02,C2021Q4,T02,C2021Q4T02,25,V-SA,VIC1,73,73,2396.1,0.0
2021-02,C2021Q4,T02,C2021Q4T02,25,VIC1-NSW1,NSW1,108,108,2208.0,0.0
2021-02,C2021Q4,T02,C2021Q4T02,25,VIC1-NSW1,VIC1,125,125,4823.0,0.0
2021-02,C2022Q1,T01,C2022Q1T01,25,NSW1-QLD1,NSW1,45,45,3320.0,0.0
2021-02,C2022Q1,T01,C2022Q1T01,25,NSW1-QLD1,QLD1,100,100,10141.0,0.0
2021-02,C2022Q1,T01,C2022Q1T01,25,V-SA,SA1,64,64,5372.4,0.0
2021-02,C2022Q1,T01,C2022Q1T01,25,V-SA,VIC1,73,73,6097.0,0.0
2021-02,C2022Q1,T01,C2022Q1T01,25,VIC1-NSW1,NSW1,108,108,3850.0,0.0
2021-02,C2022Q1,T01,C2022Q1T01,25,VIC1-NSW1,VIC1,125,125,5350.0,0.0
2021-02,C2019Q3,T12,C2019Q3T12,29,NSW1-QLD1,NSW1,55,55,450.0,0.0
2021-02,C2019Q3,T12,C2019Q3T12,29,NSW1-QLD1,QLD1,100,100,9130.0,0.0
2021-02,C2019Q3,T12,C2019Q3T12,29,V-SA,SA1,66,66,5699.15,0.0
2021-02,C2019Q3,T12,C2019Q3T12,29,V-SA,VIC1,77,77,1744.0,0.0
2021-02,C2019Q3,T12,C2019Q3T12,29,VIC1-NSW1,NSW1,112,112,4050.0,0.0
2021-02,C2019Q3,T12,C2019Q3T12,29,VIC1-NSW1,VIC1,125,125,4600.0,0.0
2021-02,C2019Q4,T11,C2019Q4T11,29,NSW1-QLD1,NSW1,45,45,557.0,0.0
2021-02,C2019Q4,T11,C2019Q4T11,29,NSW1-QLD1,QLD1,100,100,9779.99,0.0
2021-02,C2019Q4,T11,C2019Q4T11,29,V-SA,SA1,64,64,5000.0,0.0
2021-02,C2019Q4,T11,C2019Q4T11,29,V-SA,VIC1,73,73,1518.6,0.0
2021-02,C2019Q4,T11,C2019Q4T11,29,VIC1-NSW1,NSW1,108,108,3950.0,0.0
2021-02,C2019Q4,T11,C2019Q4T11,29,VIC1-NSW1,VIC1,125,125,4850.0,0.0
2021-02,C2020Q1,T10,C2020Q1T10,29,NSW1-QLD1,NSW1,45,45,2375.0,0.0
2021-02,C2020Q1,T10,C2020Q1T10,29,NSW1-QLD1,QLD1,100,100,14829.25,0.0
2021-02,C2020Q1,T10,C2020Q1T10,29,V-SA,SA1,64,64,4400.78,0.0
2021-02,C2020Q1,T10,C2020Q1T10,29,V-SA,VIC1,73,73,4985.52,0.0
2021-02,C2020Q1,T10,C2020Q1T10,29,VIC1-NSW1,NSW1,108,108,7928.0,0.0
2021-02,C2020Q1,T10,C2020Q1T10,29,VIC1-NSW1,VIC1,125,125,4855.0,0.0
2021-02,C2020Q2,T09,C2020Q2T09,29,NSW1-QLD1,NSW1,45,45,201.0,0.0
2021-02,C2020Q2,T09,C2020Q2T09,29,NSW1-QLD1,QLD1,100,100,12000.0,0.0
2021-02,C2020Q2,T09,C2020Q2T09,29,V-SA,SA1,64,64,5000.0,0.0
2021-02,C2020Q2,T09,C2020Q2T09,29,V-SA,VIC1,73,73,1341.01,0.0
2021-02,C2020Q2,T09,C2020Q2T09,29,VIC1-NSW1,NSW1,108,108,1998.0,0.0
2021-02,C2020Q2,T09,C2020Q2T09,29,VIC1-NSW1,VIC1,125,125,4201.0,0.0
2021-02,C2020Q3,T08,C2020Q3T08,29,NSW1-QLD1,NSW1,45,45,203.0,0.0
2021-02,C2020Q3,T08,C2020Q3T08,29,NSW1-QLD1,QLD1,100,100,11132.0,0.0
2021-02,C2020Q3,T08,C2020Q3T08,29,V-SA,SA1,64,64,6762.0,0.0
2021-02,C2020Q3,T08,C2020Q3T08,29,V-SA,VIC1,73,73,950.0,0.0
2021-02,C2020Q3,T08,C2020Q3T08,29,VIC1-NSW1,NSW1,108,108,1750.25,0.0
2021-02,C2020Q3,T08,C2020Q3T08,29,VIC1-NSW1,VIC1,125,125,5166.72,0.0
2021-02,C2020Q4,T07,C2020Q4T07,29,NSW1-QLD1,NSW1,45,45,590.0,0.0
2021-02,C2020Q4,T07,C2020Q4T07,29,NSW1-QLD1,QLD1,100,100,10150.0,0.0
2021-02,C2020Q4,T07,C2020Q4T07,29,V-SA,SA1,64,64,6889.2,0.0
2021-02,C2020Q4,T07,C2020Q4T07,29,V-SA,VIC1,73,73,1727.0,0.0
2021-02,C2020Q4,T07,C2020Q4T07,29,VIC1-NSW1,NSW1,108,108,2215.0,0.0
2021-02,C2020Q4,T07,C2020Q4T07,29,VIC1-NSW1,VIC1,125,125,5580.0,0.0
2021-02,C2021Q1,T06,C2021Q1T06,29,NSW1-QLD1,NSW1,45,45,3070.0,0.0
2021-02,C2021Q1,T06,C2021Q1T06,29,NSW1-QLD1,QLD1,100,100,11745.0,0.0
2021-02,C2021Q1,T06,C2021Q1T06,29,V-SA,SA1,64,64,5372.4,0.0
2021-02,C2021Q1,T06,C2021Q1T06,29,V-SA,VIC1,73,73,5184.0,0.0
2021-02,C2021Q1,T06,C2021Q1T06,29,VIC1-NSW1,NSW1,108,108,4320.0,0.0
2021-02,C2021Q1,T06,C2021Q1T06,29,VIC1-NSW1,VIC1,125,125,4791.0,0.0
2021-02,C2021Q2,T05,C2021Q2T05,29,NSW1-QLD1,NSW1,45,45,218.4,0.0
2021-02,C2021Q2,T05,C2021Q2T05,29,NSW1-QLD1,QLD1,100,100,10000.0,0.0
2021-02,C2021Q2,T05,C2021Q2T05,29,V-SA,SA1,64,64,6592.8,0.0
2021-02,C2021Q2,T05,C2021Q2T05,29,V-SA,VIC1,73,73,2184.0,0.0
2021-02,C2021Q2,T05,C2021Q2T05,29,VIC1-NSW1,NSW1,108,108,1650.0,0.0
2021-02,C2021Q2,T05,C2021Q2T05,29,VIC1-NSW1,VIC1,125,125,5220.0,0.0
2021-02,C2021Q3,T04,C2021Q3T04,29,NSW1-QLD1,NSW1,45,45,800.0,0.0
2021-02,C2021Q3,T04,C2021Q3T04,29,NSW1-QLD1,QLD1,100,100,9001.0,0.0
2021-02,C2021Q3,T04,C2021Q3T04,29,V-SA,SA1,64,64,9967.0,0.0
2021-02,C2021Q3,T04,C2021Q3T04,29,V-SA,VIC1,73,73,1750.0,0.0
2021-02,C2021Q3,T04,C2021Q3T04,29,VIC1-NSW1,NSW1,108,108,1650.0,0.0
2021-02,C2021Q3,T04,C2021Q3T04,29,VIC1-NSW1,VIC1,125,125,5681.66,0.0
2021-02,C2021Q4,T03,C2021Q4T03,29,NSW1-QLD1,NSW1,45,45,800.0,0.0
2021-02,C2021Q4,T03,C2021Q4T03,29,NSW1-QLD1,QLD1,100,100,9001.0,0.0
2021-02,C2021Q4,T03,C2021Q4T03,29,V-SA,SA1,64,64,6889.2,0.0
2021-02,C2021Q4,T03,C2021Q4T03,29,V-SA,VIC1,73,73,1820.0,0.0
2021-02,C2021Q4,T03,C2021Q4T03,29,VIC1-NSW1,NSW1,108,108,2208.0,0.0
2021-02,C2020Q4,T12,C2020Q4T12,21,NSW1-QLD1,QLD1,210,100,10450.0,0.0
2021-02,C2020Q4,T12,C2020Q4T12,21,V-SA,SA1,91,66,6500.85,0.0
2021-02,C2020Q4,T12,C2020Q4T12,21,V-SA,VIC1,97,77,3000.33,0.0
2021-02,C2020Q4,T12,C2020Q4T12,21,VIC1-NSW1,NSW1,222,112,2755.0,0.0
2021-02,C2020Q4,T12,C2020Q4T12,21,VIC1-NSW1,VIC1,285,126,4500.0,0.0
2021-02,C2021Q1,T11,C2021Q1T11,21,NSW1-QLD1,NSW1,79,45,1755.0,0.0
2021-02,C2021Q1,T11,C2021Q1T11,21,NSW1-QLD1,QLD1,150,100,19785.0,0.0
2021-02,C2021Q1,T11,C2021Q1T11,21,V-SA,SA1,89,64,6750.0,0.0
2021-02,C2021Q1,T11,C2021Q1T11,21,V-SA,VIC1,93,73,5500.0,0.0
2021-02,C2021Q1,T11,C2021Q1T11,21,VIC1-NSW1,NSW1,188,108,8500.93,0.0
2021-02,C2021Q1,T11,C2021Q1T11,21,VIC1-NSW1,VIC1,175,125,6975.0,0.0
2021-02,C2021Q2,T10,C2021Q2T10,21,NSW1-QLD1,NSW1,45,45,160.36,0.0
2021-02,C2021Q2,T10,C2021Q2T10,21,NSW1-QLD1,QLD1,175,100,11750.0,0.0
2021-02,C2021Q2,T10,C2021Q2T10,21,V-SA,SA1,109,64,3850.0,0.0
2021-02,C2021Q2,T10,C2021Q2T10,21,V-SA,VIC1,108,73,1780.0,0.0
2021-02,C2021Q2,T10,C2021Q2T10,21,VIC1-NSW1,NSW1,199,108,1300.84,0.0
2021-02,C2021Q2,T10,C2021Q2T10,21,VIC1-NSW1,VIC1,205,125,4007.84,0.0
2021-02,C2021Q3,T09,C2021Q3T09,21,NSW1-QLD1,NSW1,45,45,252.0,0.0
2021-02,C2021Q3,T09,C2021Q3T09,21,NSW1-QLD1,QLD1,180,100,12950.12,0.0
2021-02,C2021Q3,T09,C2021Q3T09,21,V-SA,SA1,109,64,4504.0,0.0
2021-02,C2021Q3,T09,C2021Q3T09,21,V-SA,VIC1,113,73,1600.94,0.0
2021-02,C2021Q3,T09,C2021Q3T09,21,VIC1-NSW1,NSW1,247,108,1304.0,0.0
2021-02,C2021Q3,T09,C2021Q3T09,21,VIC1-NSW1,VIC1,185,125,4500.0,0.0
2021-02,C2021Q4,T08,C2021Q4T08,21,NSW1-QLD1,NSW1,108,45,604.0,0.0
2021-02,C2021Q4,T08,C2021Q4T08,21,NSW1-QLD1,QLD1,160,100,11150.0,0.0
2021-02,C2021Q4,T08,C2021Q4T08,21,V-SA,SA1,109,64,4833.66,0.0
2021-02,C2021Q4,T08,C2021Q4T08,21,V-SA,VIC1,137,73,2127.76,0.0
2021-02,C2021Q4,T08,C2021Q4T08,21,VIC1-NSW1,NSW1,148,108,1504.0,0.0
2021-02,C2021Q4,T08,C2021Q4T08,21,VIC1-NSW1,VIC1,205,125,5250.0,0.0
2021-02,C2022Q1,T07,C2022Q1T07,21,NSW1-QLD1,NSW1,54,45,2350.0,0.0
2021-02,C2022Q1,T07,C2022Q1T07,21,NSW1-QLD1,QLD1,136,100,16000.0,0.0
2021-02,C2022Q1,T07,C2022Q1T07,21,V-SA,SA1,64,64,5143.26,0.0
2021-02,C2022Q1,T07,C2022Q1T07,21,V-SA,VIC1,73,73,7019.42,0.0
2021-02,C2022Q1,T07,C2022Q1T07,21,VIC1-NSW1,NSW1,162,117,8800.0,0.0
2021-02,C2022Q1,T07,C2022Q1T07,21,VIC1-NSW1,VIC1,175,125,9142.76,0.0
2021-02,C2022Q2,T06,C2022Q2T06,21,NSW1-QLD1,NSW1,45,45,351.0,0.0
2021-02,C2022Q2,T06,C2022Q2T06,21,NSW1-QLD1,QLD1,120,100,11650.0,0.0
2021-02,C2022Q2,T06,C2022Q2T06,21,V-SA,SA1,98,64,4000.0,0.0
2021-02,C2022Q2,T06,C2022Q2T06,21,V-SA,VIC1,73,73,1600.0,0.0
2021-02,C2022Q2,T06,C2022Q2T06,21,VIC1-NSW1,NSW1,198,108,841.91,0.0
2021-02,C2022Q2,T06,C2022Q2T06,21,VIC1-NSW1,VIC1,205,125,6619.68,0.0
2021-02,C2022Q3,T05,C2022Q3T05,21,NSW1-QLD1,NSW1,45,45,561.0,0.0
2021-02,C2022Q3,T05,C2022Q3T05,21,NSW1-QLD1,QLD1,100,100,12150.0,0.0
2021-02,C2022Q3,T05,C2022Q3T05,21,V-SA,SA1,84,64,4000.0,0.0
2021-02,C2022Q3,T05,C2022Q3T05,21,V-SA,VIC1,73,73,1750.0,0.0
2021-02,C2022Q3,T05,C2022Q3T05,21,VIC1-NSW1,NSW1,198,108,1104.01,0.0
2021-02,C2022Q3,T05,C2022Q3T05,21,VIC1-NSW1,VIC1,195,125,6501.0,0.0
2021-02,C2022Q4,T04,C2022Q4T04,21,NSW1-QLD1,NSW1,55,45,1254.0,0.0
2021-02,C2022Q4,T04,C2022Q4T04,21,NSW1-QLD1,QLD1,100,100,10900.0,0.0
2021-02,C2022Q4,T04,C2022Q4T04,21,V-SA,SA1,80,64,4666.98,0.0
2021-02,C2022Q4,T04,C2022Q4T04,21,V-SA,VIC1,73,73,2450.0,0.0
2021-02,C2022Q4,T04,C2022Q4T04,21,VIC1-NSW1,NSW1,148,108,1710.37,0.0
2021-02,C2022Q4,T04,C2022Q4T04,21,VIC1-NSW1,VIC1,185,125,6793.1,0.0
2021-02,C2023Q1,T03,C2023Q1T03,21,NSW1-QLD1,NSW1,45,45,2646.0,0.0
2021-02,C2023Q1,T03,C2023Q1T03,21,NSW1-QLD1,QLD1,100,100,14750.0,0.0
2021-02,C2023Q1,T03,C2023Q1T03,21,V-SA,SA1,74,64,5143.26,0.0
2021-02,C2023Q1,T03,C2023Q1T03,21,V-SA,VIC1,73,73,6004.0,0.0
2021-02,C2023Q1,T03,C2023Q1T03,21,VIC1-NSW1,NSW1,133,120,7500.0,0.0
2021-02,C2023Q1,T03,C2023Q1T03,21,VIC1-NSW1,VIC1,125,125,10123.0,0.0
2021-02,C2023Q2,T02,C2023Q2T02,21,NSW1-QLD1,NSW1,45,45,347.6,0.0
2021-02,C2023Q2,T02,C2023Q2T02,21,NSW1-QLD1,QLD1,100,100,11750.0,0.0
2021-02,C2023Q2,T02,C2023Q2T02,21,V-SA,SA1,84,64,4000.0,0.0
2021-02,C2023Q2,T02,C2023Q2T02,21,V-SA,VIC1,73,73,1450.0,0.0
2021-02,C2023Q2,T02,C2023Q2T02,21,VIC1-NSW1,NSW1,158,108,750.0,0.0
2021-02,C2023Q2,T02,C2023Q2T02,21,VIC1-NSW1,VIC1,125,125,7333.0,0.0
2021-02,C2023Q3,T01,C2023Q3T01,21,NSW1-QLD1,NSW1,45,45,257.0,0.0
2021-02,C2023Q3,T01,C2023Q3T01,21,NSW1-QLD1,QLD1,100,100,12150.0,0.0
2021-02,C2023Q3,T01,C2023Q3T01,21,V-SA,SA1,64,64,4000.0,0.0
2021-02,C2023Q3,T01,C2023Q3T01,21,V-SA,VIC1,73,73,1500.0,0.0
2021-02,C2023Q3,T01,C2023Q3T01,21,VIC1-NSW1,NSW1,108,108,750.75,0.0
2021-02,C2023Q3,T01,C2023Q3T01,21,VIC1-NSW1,VIC1,125,125,7040.0,0.0
2021-02,C2021Q1,T12,C2021Q1T12,9,NSW1-QLD1,NSW1,83,55,2104.0,0.0
2021-02,C2021Q1,T12,C2021Q1T12,9,NSW1-QLD1,QLD1,155,100,21956.0,0.0
2021-02,C2021Q1,T12,C2021Q1T12,9,V-SA,SA1,96,66,7500.0,0.0
2021-02,C2021Q1,T12,C2021Q1T12,9,V-SA,VIC1,137,77,5500.0,0.0
2021-02,C2021Q1,T12,C2021Q1T12,9,VIC1-NSW1,NSW1,222,112,6375.69,0.0
2021-02,C2021Q1,T12,C2021Q1T12,9,VIC1-NSW1,VIC1,170,125,9000.0,0.0
2021-02,C2021Q2,T11,C2021Q2T11,9,NSW1-QLD1,NSW1,45,45,253.0,0.0
2021-02,C2021Q2,T11,C2021Q2T11,9,NSW1-QLD1,QLD1,155,100,13100.0,0.0
2021-02,C2021Q2,T11,C2021Q2T11,9,V-SA,SA1,114,64,4790.09,0.0
2021-02,C2021Q2,T11,C2021Q2T11,9,V-SA,VIC1,133,73,1601.0,0.0
2021-02,C2021Q2,T11,C2021Q2T11,9,VIC1-NSW1,NSW1,224,108,1365.88,0.0
2021-02,C2021Q2,T11,C2021Q2T11,9,VIC1-NSW1,VIC1,195,125,5354.0,0.0
2021-02,C2021Q3,T10,C2021Q3T10,9,NSW1-QLD1,NSW1,45,45,254.0,0.0
2021-02,C2021Q3,T10,C2021Q3T10,9,NSW1-QLD1,QLD1,155,100,12302.5,0.0
2021-02,C2021Q3,T10,C2021Q3T10,9,V-SA,SA1,114,64,5250.0,0.0
2021-02,C2021Q3,T10,C2021Q3T10,9,V-SA,VIC1,174,73,1601.0,0.0
2021-02,C2021Q3,T10,C2021Q3T10,9,VIC1-NSW1,NSW1,257,108,1389.0,0.0
2021-02,C2021Q3,T10,C2021Q3T10,9,VIC1-NSW1,VIC1,179,125,5625.0,0.0
2021-02,C2021Q4,T09,C2021Q4T09,9,NSW1-QLD1,NSW1,120,51,804.0,0.0
2021-02,C2021Q4,T09,C2021Q4T09,9,NSW1-QLD1,QLD1,155,100,12250.0,0.0
2021-02,C2021Q4,T09,C2021Q4T09,9,V-SA,SA1,114,64,5318.0,0.0
2021-02,C2021Q4,T09,C2021Q4T09,9,V-SA,VIC1,167,73,2127.76,0.0
2021-02,C2021Q4,T09,C2021Q4T09,9,VIC1-NSW1,NSW1,158,108,1323.52,0.0
2021-02,C2021Q4,T09,C2021Q4T09,9,VIC1-NSW1,VIC1,170,125,7501.0,0.0
2021-02,C2022Q1,T08,C2022Q1T08,9,NSW1-QLD1,NSW1,66,45,2585.0,0.0
2021-02,C2022Q1,T08,C2022Q1T08,9,NSW1-QLD1,QLD1,173,100,17800.96,0.0
2021-02,C2022Q1,T08,C2022Q1T08,9,V-SA,SA1,94,64,5878.01,0.0
2021-02,C2022Q1,T08,C2022Q1T08,9,V-SA,VIC1,93,73,6004.0,0.0
2021-02,C2022Q1,T08,C2022Q1T08,9,VIC1-NSW1,NSW1,203,108,6600.0,0.0
2021-02,C2022Q1,T08,C2022Q1T08,9,VIC1-NSW1,VIC1,170,125,11224.0,0.0
2021-02,C2022Q2,T07,C2022Q2T07,9,NSW1-QLD1,NSW1,45,45,401.0,0.0
2021-02,C2022Q2,T07,C2022Q2T07,9,NSW1-QLD1,QLD1,155,100,11067.5,0.0
2021-02,C2022Q2,T07,C2022Q2T07,9,V-SA,SA1,128,78,4000.0,0.0
2021-02,C2022Q2,T07,C2022Q2T07,9,V-SA,VIC1,93,73,1668.35,0.0
2021-02,C2022Q2,T07,C2022Q2T07,9,VIC1-NSW1,NSW1,183,108,740.88,0.0
2021-02,C2022Q2,T07,C2022Q2T07,9,VIC1-NSW1,VIC1,175,125,7772.16,0.0
2021-02,C2022Q3,T06,C2022Q3T06,9,NSW1-QLD1,NSW1,45,45,501.0,0.0
2021-02,C2022Q3,T06,C2022Q3T06,9,NSW1-QLD1,QLD1,130,100,11901.12,0.0
2021-02,C2022Q3,T06,C2022Q3T06,9,V-SA,SA1,94,64,5204.0,0.0
2021-02,C2022Q3,T06,C2022Q3T06,9,V-SA,VIC1,93,73,1750.0,0.0
2021-02,C2022Q3,T06,C2022Q3T06,9,VIC1-NSW1,NSW1,183,108,875.0,0.0
2021-02,C2022Q3,T06,C2022Q3T06,9,VIC1-NSW1,VIC1,150,125,8501.0,0.0
2021-02,C2022Q4,T05,C2022Q4T05,9,NSW1-QLD1,NSW1,55,45,1503.03,0.0
2021-02,C2022Q4,T05,C2022Q4T05,9,NSW1-QLD1,QLD1,130,100,11956.92,0.0
2021-02,C2022Q4,T05,C2022Q4T05,9,V-SA,SA1,90,64,5039.85,0.0
2021-02,C2022Q4,T05,C2022Q4T05,9,V-SA,VIC1,93,73,2450.0,0.0
2021-02,C2022Q4,T05,C2022Q4T05,9,VIC1-NSW1,NSW1,158,108,1197.25,0.0
2021-02,C2022Q4,T05,C2022Q4T05,9,VIC1-NSW1,VIC1,168,125,8950.99,0.0
2021-02,C2023Q1,T04,C2023Q1T04,9,NSW1-QLD1,NSW1,57,45,3001.0,0.0
2021-02,C2023Q1,T04,C2023Q1T04,9,NSW1-QLD1,QLD1,100,100,15996.96,0.0
2021-02,C2023Q1,T04,C2023Q1T04,9,V-SA,SA1,74,64,5668.0,0.0
2021-02,C2023Q1,T04,C2023Q1T04,9,V-SA,VIC1,93,73,6004.0,0.0
2021-02,C2023Q1,T04,C2023Q1T04,9,VIC1-NSW1,NSW1,158,108,5625.0,0.0
2021-02,C2023Q1,T04,C2023Q1T04,9,VIC1-NSW1,VIC1,145,125,11375.99,0.0
2021-02,C2023Q2,T03,C2023Q2T03,9,NSW1-QLD1,NSW1,45,45,404.0,0.0
2021-02,C2023Q2,T03,C2023Q2T03,9,NSW1-QLD1,QLD1,100,100,12839.0,0.0
2021-02,C2023Q2,T03,C2023Q2T03,9,V-SA,SA1,91,81,3124.0,0.0
2021-02,C2023Q2,T03,C2023Q2T03,9,V-SA,VIC1,93,73,1454.0,0.0
2021-02,C2023Q2,T03,C2023Q2T03,9,VIC1-NSW1,NSW1,188,108,562.5,0.0
2021-02,C2023Q2,T03,C2023Q2T03,9,VIC1-NSW1,VIC1,150,125,7407.0,0.0
2021-02,C2019Q2,T12,C2019Q2T12,21,NSW1-QLD1,NSW1,55,55,184.0,0.0
2021-02,C2019Q2,T12,C2019Q2T12,21,NSW1-QLD1,QLD1,100,100,12329.0,0.0
2021-02,C2019Q2,T12,C2019Q2T12,21,V-SA,SA1,66,66,2184.0,0.0
2021-02,C2019Q2,T12,C2019Q2T12,21,V-SA,VIC1,77,77,2600.68,0.0
2021-02,C2019Q2,T12,C2019Q2T12,21,VIC1-NSW1,NSW1,112,112,3489.0,0.0
2021-02,C2019Q2,T12,C2019Q2T12,21,VIC1-NSW1,VIC1,125,125,3500.94,0.0
2021-02,C2019Q3,T11,C2019Q3T11,21,NSW1-QLD1,NSW1,45,45,395.0,0.0
2021-02,C2019Q3,T11,C2019Q3T11,21,NSW1-QLD1,QLD1,100,100,11758.0,0.0
2021-02,C2019Q3,T11,C2019Q3T11,21,V-SA,SA1,64,64,5000.0,0.0
2021-02,C2019Q3,T11,C2019Q3T11,21,V-SA,VIC1,73,73,1447.5,0.0
2021-02,C2019Q3,T11,C2019Q3T11,21,VIC1-NSW1,NSW1,108,108,3075.3,0.0
2021-02,C2019Q3,T11,C2019Q3T11,21,VIC1-NSW1,VIC1,125,125,4344.0,0.0
2021-02,C2019Q4,T10,C2019Q4T10,21,NSW1-QLD1,NSW1,45,45,675.0,0.0
2021-02,C2019Q4,T10,C2019Q4T10,21,NSW1-QLD1,QLD1,100,100,8937.79,0.0
2021-02,C2019Q4,T10,C2019Q4T10,21,V-SA,SA1,64,64,4416.0,0.0
2021-02,C2019Q4,T10,C2019Q4T10,21,V-SA,VIC1,73,73,1600.0,0.0
2021-02,C2019Q4,T10,C2019Q4T10,21,VIC1-NSW1,NSW1,108,108,3350.0,0.0
2021-02,C2019Q4,T10,C2019Q4T10,21,VIC1-NSW1,VIC1,125,125,5203.0,0.0
2021-02,C2020Q1,T09,C2020Q1T09,21,NSW1-QLD1,NSW1,45,45,2516.0,0.0
2021-02,C2020Q1,T09,C2020Q1T09,21,NSW1-QLD1,QLD1,100,100,12895.0,0.0
2021-02,C2020Q1,T09,C2020Q1T09,21,V-SA,SA1,64,64,4611.0,0.0
2021-02,C2020Q1,T09,C2020Q1T09,21,V-SA,VIC1,73,73,6231.9,0.0
2021-02,C2020Q1,T09,C2020Q1T09,21,VIC1-NSW1,NSW1,108,108,6750.0,0.0
2021-02,C2020Q1,T09,C2020Q1T09,21,VIC1-NSW1,VIC1,125,125,4822.4,0.0
2021-02,C2020Q2,T08,C2020Q2T08,21,NSW1-QLD1,NSW1,45,45,240.0,0.0
2021-02,C2020Q2,T08,C2020Q2T08,21,NSW1-QLD1,QLD1,100,100,10434.0,0.0
2021-02,C2020Q2,T08,C2020Q2T08,21,V-SA,SA1,64,64,4000.0,0.0
2021-02,C2020Q2,T08,C2020Q2T08,21,V-SA,VIC1,73,73,1811.0,0.0
2021-02,C2020Q2,T08,C2020Q2T08,21,VIC1-NSW1,NSW1,108,108,1638.0,0.0
2021-02,C2020Q2,T08,C2020Q2T08,21,VIC1-NSW1,VIC1,125,125,4175.0,0.0
2021-02,C2020Q3,T07,C2020Q3T07,21,NSW1-QLD1,NSW1,45,45,281.0,0.0
2021-02,C2020Q3,T07,C2020Q3T07,21,NSW1-QLD1,QLD1,100,100,10730.4,0.0
2021-02,C2020Q3,T07,C2020Q3T07,21,V-SA,SA1,64,64,4416.0,0.0
2021-02,C2020Q3,T07,C2020Q3T07,21,V-SA,VIC1,73,73,1557.0,0.0
2021-02,C2020Q3,T07,C2020Q3T07,21,VIC1-NSW1,NSW1,108,108,1656.0,0.0
2021-02,C2020Q3,T07,C2020Q3T07,21,VIC1-NSW1,VIC1,125,125,5166.72,0.0
2021-02,C2020Q4,T06,C2020Q4T06,21,NSW1-QLD1,NSW1,45,45,675.0,0.0
2021-02,C2020Q4,T06,C2020Q4T06,21,NSW1-QLD1,QLD1,100,100,8650.0,0.0
2021-02,C2020Q4,T06,C2020Q4T06,21,V-SA,SA1,64,64,4416.0,0.0
2021-02,C2020Q4,T06,C2020Q4T06,21,V-SA,VIC1,73,73,2000.0,0.0
2021-02,C2020Q4,T06,C2020Q4T06,21,VIC1-NSW1,NSW1,108,108,2000.0,0.0
2021-02,C2020Q4,T06,C2020Q4T06,21,VIC1-NSW1,VIC1,125,125,4650.0,0.0
2021-02,C2021Q1,T05,C2021Q1T05,21,NSW1-QLD1,NSW1,45,45,3320.0,0.0
2021-02,C2021Q1,T05,C2021Q1T05,21,NSW1-QLD1,QLD1,100,100,10692.5,0.0
2021-02,C2021Q1,T05,C2021Q1T05,21,V-SA,SA1,64,64,5372.4,0.0
2021-02,C2021Q1,T05,C2021Q1T05,21,V-SA,VIC1,73,73,6480.0,0.0
2021-02,C2021Q1,T05,C2021Q1T05,21,VIC1-NSW1,NSW1,108,108,4150.0,0.0
2021-02,C2021Q1,T05,C2021Q1T05,21,VIC1-NSW1,VIC1,125,125,4875.0,0.0
2021-02,C2021Q2,T04,C2021Q2T04,21,NSW1-QLD1,NSW1,45,45,300.0,0.0
2021-02,C2021Q2,T04,C2021Q2T04,21,NSW1-QLD1,QLD1,100,100,9001.0,0.0
2021-02,C2021Q2,T04,C2021Q2T04,21,V-SA,SA1,64,64,4368.0,0.0
2021-02,C2021Q2,T04,C2021Q2T04,21,V-SA,VIC1,73,73,2149.0,0.0
2021-02,C2021Q2,T04,C2021Q2T04,21,VIC1-NSW1,NSW1,108,108,1638.0,0.0
2021-02,C2021Q2,T04,C2021Q2T04,21,VIC1-NSW1,VIC1,125,125,4350.0,0.0
2021-02,C2021Q3,T03,C2021Q3T03,21,NSW1-QLD1,NSW1,45,45,800.0,0.0
2021-02,C2021Q3,T03,C2021Q3T03,21,NSW1-QLD1,QLD1,100,100,7729.0,0.0
2021-02,C2021Q3,T03,C2021Q3T03,21,V-SA,SA1,64,64,6315.41,0.0
2021-02,C2021Q3,T03,C2021Q3T03,21,V-SA,VIC1,73,73,2272.5,0.0
2021-02,C2021Q3,T03,C2021Q3T03,21,VIC1-NSW1,NSW1,108,108,1656.0,0.0
2021-02,C2021Q3,T03,C2021Q3T03,21,VIC1-NSW1,VIC1,125,125,5681.66,0.0
2021-02,C2021Q4,T02,C2021Q4T02,21,NSW1-QLD1,NSW1,45,45,800.0,0.0
2021-02,C2021Q4,T02,C2021Q4T02,21,NSW1-QLD1,QLD1,100,100,7176.25,0.0
2021-02,C2021Q4,T02,C2021Q4T02,21,V-SA,SA1,64,64,4933.0,0.0
2021-02,C2021Q4,T02,C2021Q4T02,21,V-SA,VIC1,73,73,2396.1,0.0
2021-02,C2021Q4,T02,C2021Q4T02,21,VIC1-NSW1,NSW1,108,108,2208.0,0.0
2021-02,C2021Q4,T02,C2021Q4T02,21,VIC1-NSW1,VIC1,125,125,4823.0,0.0
2021-02,C2022Q1,T01,C2022Q1T01,21,NSW1-QLD1,NSW1,45,45,3320.0,0.0
2021-02,C2022Q1,T01,C2022Q1T01,21,NSW1-QLD1,QLD1,100,100,10141.0,0.0
2021-02,C2022Q1,T01,C2022Q1T01,21,V-SA,SA1,64,64,5372.4,0.0
2021-02,C2022Q1,T01,C2022Q1T01,21,V-SA,VIC1,73,73,6097.0,0.0
2021-02,C2022Q1,T01,C2022Q1T01,21,VIC1-NSW1,NSW1,108,108,3850.0,0.0
2021-02,C2022Q1,T01,C2022Q1T01,21,VIC1-NSW1,VIC1,125,125,5350.0,0.0
2021-02,C2019Q3,T12,C2019Q3T12,26,NSW1-QLD1,NSW1,55,55,450.0,0.0
2021-02,C2019Q3,T12,C2019Q3T12,26,NSW1-QLD1,QLD1,100,100,9130.0,0.0
2021-02,C2019Q3,T12,C2019Q3T12,26,V-SA,SA1,66,66,5699.15,0.0
2021-02,C2019Q3,T12,C2019Q3T12,26,V-SA,VIC1,77,77,1744.0,0.0
2021-02,C2019Q3,T12,C2019Q3T12,26,VIC1-NSW1,NSW1,112,112,4050.0,0.0
2021-02,C2019Q3,T12,C2019Q3T12,26,VIC1-NSW1,VIC1,125,125,4600.0,0.0
2021-02,C2019Q4,T11,C2019Q4T11,26,NSW1-QLD1,NSW1,45,45,557.0,0.0
2021-02,C2019Q4,T11,C2019Q4T11,26,NSW1-QLD1,QLD1,100,100,9779.99,0.0
2021-02,C2019Q4,T11,C2019Q4T11,26,V-SA,SA1,64,64,5000.0,0.0
2021-02,C2019Q4,T11,C2019Q4T11,26,V-SA,VIC1,73,73,1518.6,0.0
2021-02,C2019Q4,T11,C2019Q4T11,26,VIC1-NSW1,NSW1,108,108,3950.0,0.0
2021-02,C2019Q4,T11,C2019Q4T11,26,VIC1-NSW1,VIC1,125,125,4850.0,0.0
2021-02,C2020Q1,T10,C2020Q1T10,26,NSW1-QLD1,NSW1,45,45,2375.0,0.0
2021-02,C2020Q1,T10,C2020Q1T10,26,NSW1-QLD1,QLD1,100,100,14829.25,0.0
2021-02,C2020Q1,T10,C2020Q1T10,26,V-SA,SA1,64,64,4400.78,0.0
2021-02,C2020Q1,T10,C2020Q1T10,26,V-SA,VIC1,73,73,4985.52,0.0
2021-02,C2020Q1,T10,C2020Q1T10,26,VIC1-NSW1,NSW1,108,108,7928.0,0.0
2021-02,C2020Q1,T10,C2020Q1T10,26,VIC1-NSW1,VIC1,125,125,4855.0,0.0
2021-02,C2020Q2,T09,C2020Q2T09,26,NSW1-QLD1,NSW1,45,45,201.0,0.0
2021-02,C2020Q2,T09,C2020Q2T09,26,NSW1-QLD1,QLD1,100,100,12000.0,0.0
2021-02,C2020Q2,T09,C2020Q2T09,26,V-SA,SA1,64,64,5000.0,0.0
2021-02,C2020Q2,T09,C2020Q2T09,26,V-SA,VIC1,73,73,1341.01,0.0
2021-02,C2020Q2,T09,C2020Q2T09,26,VIC1-NSW1,NSW1,108,108,1998.0,0.0
2021-02,C2020Q2,T09,C2020Q2T09,26,VIC1-NSW1,VIC1,125,125,4201.0,0.0
2021-02,C2020Q3,T08,C2020Q3T08,26,NSW1-QLD1,NSW1,45,45,203.0,0.0
2021-02,C2020Q3,T08,C2020Q3T08,26,NSW1-QLD1,QLD1,100,100,11132.0,0.0
2021-02,C2020Q3,T08,C2020Q3T08,26,V-SA,SA1,64,64,6762.0,0.0
2021-02,C2020Q3,T08,C2020Q3T08,26,V-SA,VIC1,73,73,950.0,0.0
2021-02,C2020Q3,T08,C2020Q3T08,26,VIC1-NSW1,NSW1,108,108,1750.25,0.0
2021-02,C2020Q3,T08,C2020Q3T08,26,VIC1-NSW1,VIC1,125,125,5166.72,0.0
2021-02,C2020Q4,T07,C2020Q4T07,26,NSW1-QLD1,NSW1,45,45,590.0,0.0
2021-02,C2020Q4,T07,C2020Q4T07,26,NSW1-QLD1,QLD1,100,100,10150.0,0.0
2021-02,C2020Q4,T07,C2020Q4T07,26,V-SA,SA1,64,64,6889.2,0.0
2021-02,C2020Q4,T07,C2020Q4T07,26,V-SA,VIC1,73,73,1727.0,0.0
2021-02,C2020Q4,T07,C2020Q4T07,26,VIC1-NSW1,NSW1,108,108,2215.0,0.0
2021-02,C2020Q4,T07,C2020Q4T07,26,VIC1-NSW1,VIC1,125,125,5580.0,0.0
2021-02,C2021Q1,T06,C2021Q1T06,26,NSW1-QLD1,NSW1,45,45,3070.0,0.0
2021-02,C2021Q1,T06,C2021Q1T06,26,NSW1-QLD1,QLD1,100,100,11745.0,0.0
2021-02,C2021Q1,T06,C2021Q1T06,26,V-SA,SA1,64,64,5372.4,0.0
2021-02,C2021Q1,T06,C2021Q1T06,26,V-SA,VIC1,73,73,5184.0,0.0
2021-02,C2021Q1,T06,C2021Q1T06,26,VIC1-NSW1,NSW1,108,108,4320.0,0.0
2021-02,C2021Q1,T06,C2021Q1T06,26,VIC1-NSW1,VIC1,125,125,4791.0,0.0
2021-02,C2021Q2,T05,C2021Q2T05,26,NSW1-QLD1,NSW1,45,45,218.4,0.0
2021-02,C2021Q2,T05,C2021Q2T05,26,NSW1-QLD1,QLD1,100,100,10000.0,0.0
2021-02,C2021Q2,T05,C2021Q2T05,26,V-SA,SA1,64,64,6592.8,0.0
2021-02,C2021Q2,T05,C2021Q2T05,26,V-SA,VIC1,73,73,2184.0,0.0
2021-02,C2021Q2,T05,C2021Q2T05,26,VIC1-NSW1,NSW1,108,108,1650.0,0.0
2021-02,C2021Q2,T05,C2021Q2T05,26,VIC1-NSW1,VIC1,125,125,5220.0,0.0
2021-02,C2021Q3,T04,C2021Q3T04,26,NSW1-QLD1,NSW1,45,45,800.0,0.0
2021-02,C2021Q3,T04,C2021Q3T04,26,NSW1-QLD1,QLD1,100,100,9001.0,0.0
2021-02,C2021Q3,T04,C2021Q3T04,26,V-SA,SA1,64,64,9967.0,0.0
2021-02,C2021Q3,T04,C2021Q3T04,26,V-SA,VIC1,73,73,1750.0,0.0
2021-02,C2021Q3,T04,C2021Q3T04,26,VIC1-NSW1,NSW1,108,108,1650.0,0.0
2021-02,C2021Q3,T04,C2021Q3T04,26,VIC1-NSW1,VIC1,125,125,5681.66,0.0
2021-02,C2021Q4,T03,C2021Q4T03,26,NSW1-QLD1,NSW1,45,45,800.0,0.0
2021-02,C2021Q4,T03,C2021Q4T03,26,NSW1-QLD1,QLD1,100,100,9001.0,0.0
2021-02,C2021Q4,T03,C2021Q4T03,26,V-SA,SA1,64,64,6889.2,0.0
2021-02,C2021Q4,T03,C2021Q4T03,26,V-SA,VIC1,73,73,1820.0,0.0
2021-02,C2021Q4,T03,C2021Q4T03,26,VIC1-NSW1,NSW1,108,108,2208.0,0.0
2021-02,C2021Q4,T03,C2021Q4T03,29,VIC1-NSW1,VIC1,125,125,5823.0,0.0
2021-02,C2022Q1,T02,C2022Q1T02,29,NSW1-QLD1,NSW1,45,45,3070.0,0.0
2021-02,C2022Q1,T02,C2022Q1T02,29,NSW1-QLD1,QLD1,100,100,14040.0,0.0
2021-02,C2022Q1,T02,C2022Q1T02,29,V-SA,SA1,64,64,5372.4,0.0
2021-02,C2022Q1,T02,C2022Q1T02,29,V-SA,VIC1,73,73,4640.0,0.0
2021-02,C2022Q1,T02,C2022Q1T02,29,VIC1-NSW1,NSW1,108,108,3555.0,0.0
2021-02,C2022Q1,T02,C2022Q1T02,29,VIC1-NSW1,VIC1,125,125,5500.0,0.0
2021-02,C2022Q2,T01,C2022Q2T01,29,NSW1-QLD1,NSW1,45,45,226.0,0.0
2021-02,C2022Q2,T01,C2022Q2T01,29,NSW1-QLD1,QLD1,100,100,10750.0,0.0
2021-02,C2022Q2,T01,C2022Q2T01,29,V-SA,SA1,64,64,6592.8,0.0
2021-02,C2022Q2,T01,C2022Q2T01,29,V-SA,VIC1,73,73,1866.0,0.0
2021-02,C2022Q2,T01,C2022Q2T01,29,VIC1-NSW1,NSW1,108,108,1747.0,0.0
2021-02,C2022Q2,T01,C2022Q2T01,29,VIC1-NSW1,VIC1,125,125,5220.0,0.0
2021-02,C2020Q3,T12,C2020Q3T12,38,NSW1-QLD1,NSW1,90,55,210.08,0.0
2021-02,C2020Q3,T12,C2020Q3T12,38,NSW1-QLD1,QLD1,210,139,11555.0,0.0
2021-02,C2020Q3,T12,C2020Q3T12,38,V-SA,SA1,96,73,9151.07,0.0
2021-02,C2020Q3,T12,C2020Q3T12,38,V-SA,VIC1,193,77,1713.0,0.0
2021-02,C2020Q3,T12,C2020Q3T12,38,VIC1-NSW1,NSW1,296,112,1023.75,0.0
2021-02,C2020Q3,T12,C2020Q3T12,38,VIC1-NSW1,VIC1,355,135,4901.0,0.0
2021-02,C2020Q4,T11,C2020Q4T11,38,NSW1-QLD1,NSW1,193,45,701.23,0.0
2021-02,C2020Q4,T11,C2020Q4T11,38,NSW1-QLD1,QLD1,222,110,10878.4,0.0
2021-02,C2020Q4,T11,C2020Q4T11,38,V-SA,SA1,94,64,8001.2,0.0
2021-02,C2020Q4,T11,C2020Q4T11,38,V-SA,VIC1,168,73,1795.2,0.0
2021-02,C2020Q4,T11,C2020Q4T11,38,VIC1-NSW1,NSW1,234,113,2208.0,0.0
2021-02,C2020Q4,T11,C2020Q4T11,38,VIC1-NSW1,VIC1,340,130,5875.0,0.0
2021-02,C2021Q1,T10,C2021Q1T10,38,NSW1-QLD1,NSW1,76,45,1500.0,0.0
2021-02,C2021Q1,T10,C2021Q1T10,38,NSW1-QLD1,QLD1,245,100,19700.0,0.0
2021-02,C2021Q1,T10,C2021Q1T10,38,V-SA,SA1,119,64,7137.0,0.0
2021-02,C2021Q1,T10,C2021Q1T10,38,V-SA,VIC1,118,73,4666.0,0.0
2021-02,C2021Q1,T10,C2021Q1T10,38,VIC1-NSW1,NSW1,146,108,7501.0,0.0
2021-02,C2021Q1,T10,C2021Q1T10,38,VIC1-NSW1,VIC1,250,125,7940.53,0.0
2021-02,C2021Q2,T09,C2021Q2T09,38,NSW1-QLD1,NSW1,65,45,140.19,0.0
2021-02,C2021Q2,T09,C2021Q2T09,38,NSW1-QLD1,QLD1,200,120,12000.0,0.0
2021-02,C2021Q2,T09,C2021Q2T09,38,V-SA,SA1,121,64,3500.79,0.0
2021-02,C2021Q2,T09,C2021Q2T09,38,V-SA,VIC1,163,73,1711.0,0.0
2021-02,C2021Q2,T09,C2021Q2T09,38,VIC1-NSW1,NSW1,153,108,982.8,0.0
2021-02,C2021Q2,T09,C2021Q2T09,38,VIC1-NSW1,VIC1,237,135,5416.0,0.0
2021-02,C2021Q3,T08,C2021Q3T08,38,NSW1-QLD1,NSW1,45,45,312.0,0.0
2021-02,C2021Q3,T08,C2021Q3T08,38,NSW1-QLD1,QLD1,215,100,10086.0,0.0
2021-02,C2021Q3,T08,C2021Q3T08,38,V-SA,SA1,114,64,3571.78,0.0
2021-02,C2021Q3,T08,C2021Q3T08,38,V-SA,VIC1,215,73,1695.75,0.0
2021-02,C2021Q3,T08,C2021Q3T08,38,VIC1-NSW1,NSW1,197,108,1032.0,0.0
2021-02,C2021Q3,T08,C2021Q3T08,38,VIC1-NSW1,VIC1,219,135,6601.0,0.0
2021-02,C2021Q4,T07,C2021Q4T07,38,NSW1-QLD1,NSW1,112,45,685.0,0.0
2021-02,C2021Q4,T07,C2021Q4T07,38,NSW1-QLD1,QLD1,180,100,11103.0,0.0
2021-02,C2021Q4,T07,C2021Q4T07,38,V-SA,SA1,114,64,4000.0,0.0
2021-02,C2021Q4,T07,C2021Q4T07,38,V-SA,VIC1,192,73,1789.08,0.0
2021-02,C2021Q4,T07,C2021Q4T07,38,VIC1-NSW1,NSW1,148,108,1104.0,0.0
2021-02,C2021Q4,T07,C2021Q4T07,38,VIC1-NSW1,VIC1,235,135,6250.0,0.0
2021-02,C2022Q1,T06,C2022Q1T06,38,NSW1-QLD1,NSW1,50,45,2358.0,0.0
2021-02,C2022Q1,T06,C2022Q1T06,38,NSW1-QLD1,QLD1,236,100,16474.0,0.0
2021-02,C2022Q1,T06,C2022Q1T06,38,V-SA,SA1,111,64,4358.0,0.0
2021-02,C2022Q1,T06,C2022Q1T06,38,V-SA,VIC1,103,73,5878.13,0.0
2021-02,C2022Q1,T06,C2022Q1T06,38,VIC1-NSW1,NSW1,134,108,5750.0,0.0
2021-02,C2022Q1,T06,C2022Q1T06,38,VIC1-NSW1,VIC1,245,125,8311.6,0.0
2021-02,C2022Q2,T05,C2022Q2T05,38,NSW1-QLD1,NSW1,45,45,359.0,0.0
2021-02,C2022Q2,T05,C2022Q2T05,38,NSW1-QLD1,QLD1,175,100,11373.4,0.0
2021-02,C2022Q2,T05,C2022Q2T05,38,V-SA,SA1,114,64,3250.0,0.0
2021-02,C2022Q2,T05,C2022Q2T05,38,V-SA,VIC1,118,73,1401.0,0.0
2021-02,C2022Q2,T05,C2022Q2T05,38,VIC1-NSW1,NSW1,138,108,842.0,0.0
2021-02,C2022Q2,T05,C2022Q2T05,38,VIC1-NSW1,VIC1,160,125,6400.0,0.0
2021-02,C2022Q3,T04,C2022Q3T04,38,NSW1-QLD1,NSW1,51,51,510.0,0.0
2021-02,C2022Q3,T04,C2022Q3T04,38,NSW1-QLD1,QLD1,147,100,11702.4,0.0
2021-02,C2022Q3,T04,C2022Q3T04,38,V-SA,SA1,84,64,3502.1,0.0
2021-02,C2022Q3,T04,C2022Q3T04,38,V-SA,VIC1,93,73,1695.75,0.0
2021-02,C2022Q3,T04,C2022Q3T04,38,VIC1-NSW1,NSW1,138,108,880.8,0.0
2021-02,C2022Q3,T04,C2022Q3T04,38,VIC1-NSW1,VIC1,155,125,6400.0,0.0
2021-02,C2022Q4,T03,C2022Q4T03,38,NSW1-QLD1,NSW1,55,45,889.0,0.0
2021-02,C2022Q4,T03,C2022Q4T03,38,NSW1-QLD1,QLD1,125,100,11250.0,0.0
2021-02,C2022Q4,T03,C2022Q4T03,38,V-SA,SA1,80,64,4000.0,0.0
2021-02,C2022Q4,T03,C2022Q4T03,38,V-SA,VIC1,88,73,1978.0,0.0
2021-02,C2022Q4,T03,C2022Q4T03,38,VIC1-NSW1,NSW1,108,108,1104.0,0.0
2021-02,C2022Q4,T03,C2022Q4T03,38,VIC1-NSW1,VIC1,140,125,6416.0,0.0
2021-02,C2023Q1,T02,C2023Q1T02,38,NSW1-QLD1,NSW1,45,45,2520.0,0.0
2021-02,C2023Q1,T02,C2023Q1T02,38,NSW1-QLD1,QLD1,125,100,14606.59,0.0
2021-02,C2023Q1,T02,C2023Q1T02,38,V-SA,SA1,64,64,4800.0,0.0
2021-02,C2023Q1,T02,C2023Q1T02,38,V-SA,VIC1,82,73,5442.72,0.0
2021-02,C2023Q1,T02,C2023Q1T02,38,VIC1-NSW1,NSW1,108,108,5553.24,0.0
2021-02,C2023Q1,T02,C2023Q1T02,38,VIC1-NSW1,VIC1,150,128,9203.0,0.0
2021-02,C2023Q2,T01,C2023Q2T01,38,NSW1-QLD1,NSW1,45,45,395.0,0.0
2021-02,C2023Q2,T01,C2023Q2T01,38,NSW1-QLD1,QLD1,100,100,11373.4,0.0
2021-02,C2023Q2,T01,C2023Q2T01,38,V-SA,SA1,64,64,3250.0,0.0
2021-02,C2023Q2,T01,C2023Q2T01,38,V-SA,VIC1,73,73,1360.0,0.0
2021-02,C2023Q2,T01,C2023Q2T01,38,VIC1-NSW1,NSW1,108,108,960.96,0.0
2021-02,C2023Q2,T01,C2023Q2T01,38,VIC1-NSW1,VIC1,125,125,6666.0,0.0
2021-02,C2021Q1,T12,C2021Q1T12,8,NSW1-QLD1,NSW1,83,55,2104.0,0.0
2021-02,C2021Q1,T12,C2021Q1T12,8,NSW1-QLD1,QLD1,155,100,21956.0,0.0
2021-02,C2021Q1,T12,C2021Q1T12,8,V-SA,SA1,96,66,7500.0,0.0
2021-02,C2021Q1,T12,C2021Q1T12,8,V-SA,VIC1,137,77,5500.0,0.0
2021-02,C2021Q1,T12,C2021Q1T12,8,VIC1-NSW1,NSW1,222,112,6375.69,0.0
2021-02,C2021Q1,T12,C2021Q1T12,8,VIC1-NSW1,VIC1,170,125,9000.0,0.0
2021-02,C2021Q2,T11,C2021Q2T11,8,NSW1-QLD1,NSW1,45,45,253.0,0.0
2021-02,C2021Q2,T11,C2021Q2T11,8,NSW1-QLD1,QLD1,155,100,13100.0,0.0
2021-02,C2021Q2,T11,C2021Q2T11,8,V-SA,SA1,114,64,4790.09,0.0
2021-02,C2021Q2,T11,C2021Q2T11,8,V-SA,VIC1,133,73,1601.0,0.0
2021-02,C2021Q2,T11,C2021Q2T11,8,VIC1-NSW1,NSW1,224,108,1365.88,0.0
2021-02,C2021Q2,T11,C2021Q2T11,8,VIC1-NSW1,VIC1,195,125,5354.0,0.0
2021-02,C2021Q3,T10,C2021Q3T10,8,NSW1-QLD1,NSW1,45,45,254.0,0.0
2021-02,C2021Q3,T10,C2021Q3T10,8,NSW1-QLD1,QLD1,155,100,12302.5,0.0
2021-02,C2021Q3,T10,C2021Q3T10,8,V-SA,SA1,114,64,5250.0,0.0
2021-02,C2021Q3,T10,C2021Q3T10,8,V-SA,VIC1,174,73,1601.0,0.0
2021-02,C2021Q3,T10,C2021Q3T10,8,VIC1-NSW1,NSW1,257,108,1389.0,0.0
2021-02,C2021Q3,T10,C2021Q3T10,8,VIC1-NSW1,VIC1,179,125,5625.0,0.0
2021-02,C2021Q4,T09,C2021Q4T09,8,NSW1-QLD1,NSW1,120,51,804.0,0.0
2021-02,C2021Q4,T09,C2021Q4T09,8,NSW1-QLD1,QLD1,155,100,12250.0,0.0
2021-02,C2021Q4,T09,C2021Q4T09,8,V-SA,SA1,114,64,5318.0,0.0
2021-02,C2021Q4,T09,C2021Q4T09,8,V-SA,VIC1,167,73,2127.76,0.0
2021-02,C2021Q4,T09,C2021Q4T09,8,VIC1-NSW1,NSW1,158,108,1323.52,0.0
2021-02,C2021Q4,T09,C2021Q4T09,8,VIC1-NSW1,VIC1,170,125,7501.0,0.0
2021-02,C2022Q1,T08,C2022Q1T08,8,NSW1-QLD1,NSW1,66,45,2585.0,0.0
2021-02,C2022Q1,T08,C2022Q1T08,8,NSW1-QLD1,QLD1,173,100,17800.96,0.0
2021-02,C2022Q1,T08,C2022Q1T08,8,V-SA,SA1,94,64,5878.01,0.0
2021-02,C2022Q1,T08,C2022Q1T08,8,V-SA,VIC1,93,73,6004.0,0.0
2021-02,C2022Q1,T08,C2022Q1T08,8,VIC1-NSW1,NSW1,203,108,6600.0,0.0
2021-02,C2022Q1,T08,C2022Q1T08,8,VIC1-NSW1,VIC1,170,125,11224.0,0.0
2021-02,C2022Q2,T07,C2022Q2T07,8,NSW1-QLD1,NSW1,45,45,401.0,0.0
2021-02,C2022Q2,T07,C2022Q2T07,8,NSW1-QLD1,QLD1,155,100,11067.5,0.0
2021-02,C2022Q2,T07,C2022Q2T07,8,V-SA,SA1,128,78,4000.0,0.0
2021-02,C2022Q2,T07,C2022Q2T07,8,V-SA,VIC1,93,73,1668.35,0.0
2021-02,C2022Q2,T07,C2022Q2T07,8,VIC1-NSW1,NSW1,183,108,740.88,0.0
2021-02,C2022Q2,T07,C2022Q2T07,8,VIC1-NSW1,VIC1,175,125,7772.16,0.0
2021-02,C2022Q3,T06,C2022Q3T06,8,NSW1-QLD1,NSW1,45,45,501.0,0.0
2021-02,C2022Q3,T06,C2022Q3T06,8,NSW1-QLD1,QLD1,130,100,11901.12,0.0
2021-02,C2022Q3,T06,C2022Q3T06,8,V-SA,SA1,94,64,5204.0,0.0
2021-02,C2022Q3,T06,C2022Q3T06,8,V-SA,VIC1,93,73,1750.0,0.0
2021-02,C2022Q3,T06,C2022Q3T06,8,VIC1-NSW1,NSW1,183,108,875.0,0.0
2021-02,C2022Q3,T06,C2022Q3T06,8,VIC1-NSW1,VIC1,150,125,8501.0,0.0
2021-02,C2022Q4,T05,C2022Q4T05,8,NSW1-QLD1,NSW1,55,45,1503.03,0.0
2021-02,C2022Q4,T05,C2022Q4T05,8,NSW1-QLD1,QLD1,130,100,11956.92,0.0
2021-02,C2022Q4,T05,C2022Q4T05,8,V-SA,SA1,90,64,5039.85,0.0
2021-02,C2023Q3,T02,C2023Q3T02,9,NSW1-QLD1,NSW1,45,45,401.0,0.0
2021-02,C2023Q3,T02,C2023Q3T02,9,NSW1-QLD1,QLD1,100,100,12984.0,0.0
2021-02,C2023Q3,T02,C2023Q3T02,9,V-SA,SA1,74,64,3920.0,0.0
2021-02,C2023Q3,T02,C2023Q3T02,9,V-SA,VIC1,93,73,1435.2,0.0
2021-02,C2023Q3,T02,C2023Q3T02,9,VIC1-NSW1,NSW1,138,108,660.66,0.0
2021-02,C2023Q3,T02,C2023Q3T02,9,VIC1-NSW1,VIC1,150,125,7744.0,0.0
2021-02,C2023Q4,T01,C2023Q4T01,9,NSW1-QLD1,NSW1,45,45,1301.0,0.0
2021-02,C2023Q4,T01,C2023Q4T01,9,NSW1-QLD1,QLD1,100,100,12400.96,0.0
2021-02,C2023Q4,T01,C2023Q4T01,9,V-SA,SA1,64,64,4000.0,0.0
2021-02,C2023Q4,T01,C2023Q4T01,9,V-SA,VIC1,73,73,1840.35,0.0
2021-02,C2023Q4,T01,C2023Q4T01,9,VIC1-NSW1,NSW1,108,108,1001.0,0.0
2021-02,C2023Q4,T01,C2023Q4T01,9,VIC1-NSW1,VIC1,125,125,7473.0,0.0
2021-02,C2021Q4,T03,C2021Q4T03,26,VIC1-NSW1,VIC1,125,125,5823.0,0.0
2021-02,C2022Q1,T02,C2022Q1T02,26,NSW1-QLD1,NSW1,45,45,3070.0,0.0
2021-02,C2022Q1,T02,C2022Q1T02,26,NSW1-QLD1,QLD1,100,100,14040.0,0.0
2021-02,C2022Q1,T02,C2022Q1T02,26,V-SA,SA1,64,64,5372.4,0.0
2021-02,C2022Q1,T02,C2022Q1T02,26,V-SA,VIC1,73,73,4640.0,0.0
2021-02,C2022Q1,T02,C2022Q1T02,26,VIC1-NSW1,NSW1,108,108,3555.0,0.0
2021-02,C2022Q1,T02,C2022Q1T02,26,VIC1-NSW1,VIC1,125,125,5500.0,0.0
2021-02,C2022Q2,T01,C2022Q2T01,26,NSW1-QLD1,NSW1,45,45,226.0,0.0
2021-02,C2022Q2,T01,C2022Q2T01,26,NSW1-QLD1,QLD1,100,100,10750.0,0.0
2021-02,C2022Q2,T01,C2022Q2T01,26,V-SA,SA1,64,64,6592.8,0.0
2021-02,C2022Q2,T01,C2022Q2T01,26,V-SA,VIC1,73,73,1866.0,0.0
2021-02,C2022Q2,T01,C2022Q2T01,26,VIC1-NSW1,NSW1,108,108,1747.0,0.0
2021-02,C2022Q2,T01,C2022Q2T01,26,VIC1-NSW1,VIC1,125,125,5220.0,0.0
2021-02,C2020Q2,T12,C2020Q2T12,35,NSW1-QLD1,NSW1,90,55,174.14,0.0
2021-02,C2020Q2,T12,C2020Q2T12,35,NSW1-QLD1,QLD1,230,107,13890.24,0.0
2021-02,C2020Q2,T12,C2020Q2T12,35,V-SA,SA1,96,66,10592.4,0.0
2021-02,C2020Q2,T12,C2020Q2T12,35,V-SA,VIC1,177,77,1250.0,0.0
2021-02,C2020Q2,T12,C2020Q2T12,35,VIC1-NSW1,NSW1,286,132,1482.0,0.0
2021-02,C2020Q2,T12,C2020Q2T12,35,VIC1-NSW1,VIC1,335,155,5865.0,0.0
2021-02,C2020Q3,T11,C2020Q3T11,35,NSW1-QLD1,NSW1,80,45,164.27,0.0
2021-02,C2020Q3,T11,C2020Q3T11,35,NSW1-QLD1,QLD1,200,100,14862.32,0.0
2021-02,C2020Q3,T11,C2020Q3T11,35,V-SA,SA1,84,64,13752.0,0.0
2021-02,C2020Q3,T11,C2020Q3T11,35,V-SA,VIC1,148,73,1565.0,0.0
2021-02,C2020Q3,T11,C2020Q3T11,35,VIC1-NSW1,NSW1,311,108,1462.5,0.0
2021-02,C2020Q3,T11,C2020Q3T11,35,VIC1-NSW1,VIC1,262,125,5703.0,0.0
2021-02,C2020Q4,T10,C2020Q4T10,35,NSW1-QLD1,NSW1,97,45,700.0,0.0
2021-02,C2020Q4,T10,C2020Q4T10,35,NSW1-QLD1,QLD1,196,103,13598.0,0.0
2021-02,C2020Q4,T10,C2020Q4T10,35,V-SA,SA1,84,64,13823.0,0.0
2021-02,C2020Q4,T10,C2020Q4T10,35,V-SA,VIC1,133,73,1760.0,0.0
2021-02,C2020Q4,T10,C2020Q4T10,35,VIC1-NSW1,NSW1,288,108,2400.0,0.0
2021-02,C2020Q4,T10,C2020Q4T10,35,VIC1-NSW1,VIC1,296,127,6275.0,0.0
2021-02,C2021Q1,T09,C2021Q1T09,35,NSW1-QLD1,NSW1,62,45,1750.0,0.0
2021-02,C2021Q1,T09,C2021Q1T09,35,NSW1-QLD1,QLD1,185,100,17058.0,0.0
2021-02,C2021Q1,T09,C2021Q1T09,35,V-SA,SA1,119,64,7828.0,0.0
2021-02,C2021Q1,T09,C2021Q1T09,35,V-SA,VIC1,103,73,4532.0,0.0
2021-02,C2021Q1,T09,C2021Q1T09,35,VIC1-NSW1,NSW1,241,108,7560.0,0.0
2021-02,C2021Q1,T09,C2021Q1T09,35,VIC1-NSW1,VIC1,245,146,7218.66,0.0
2021-02,C2021Q2,T08,C2021Q2T08,35,NSW1-QLD1,NSW1,65,45,114.4,0.0
2021-02,C2021Q2,T08,C2021Q2T08,35,NSW1-QLD1,QLD1,180,100,10893.35,0.0
2021-02,C2021Q2,T08,C2021Q2T08,35,V-SA,SA1,64,64,8616.2,0.0
2021-02,C2021Q2,T08,C2021Q2T08,35,V-SA,VIC1,128,73,1131.75,0.0
2021-02,C2021Q2,T08,C2021Q2T08,35,VIC1-NSW1,NSW1,217,108,1000.85,0.0
2021-02,C2021Q2,T08,C2021Q2T08,35,VIC1-NSW1,VIC1,235,125,6216.0,0.0
2021-02,C2021Q3,T07,C2021Q3T07,35,NSW1-QLD1,NSW1,45,45,200.0,0.0
2021-02,C2021Q3,T07,C2021Q3T07,35,NSW1-QLD1,QLD1,180,100,11772.84,0.0
2021-02,C2021Q3,T07,C2021Q3T07,35,V-SA,SA1,64,64,10205.1,0.0
2021-02,C2021Q3,T07,C2021Q3T07,35,V-SA,VIC1,128,73,1550.0,0.0
2021-02,C2021Q3,T07,C2021Q3T07,35,VIC1-NSW1,NSW1,208,108,993.6,0.0
2021-02,C2021Q3,T07,C2021Q3T07,35,VIC1-NSW1,VIC1,240,125,7500.0,0.0
2021-02,C2021Q4,T06,C2021Q4T06,35,NSW1-QLD1,NSW1,45,45,685.0,0.0
2021-02,C2021Q4,T06,C2021Q4T06,35,NSW1-QLD1,QLD1,185,110,11477.0,0.0
2021-02,C2021Q4,T06,C2021Q4T06,35,V-SA,SA1,64,64,12501.0,0.0
2021-02,C2021Q4,T06,C2021Q4T06,35,V-SA,VIC1,103,73,1754.0,0.0
2021-02,C2021Q4,T06,C2021Q4T06,35,VIC1-NSW1,NSW1,213,113,1601.6,0.0
2021-02,C2021Q4,T06,C2021Q4T06,35,VIC1-NSW1,VIC1,230,125,7441.5,0.0
2021-02,C2022Q1,T05,C2022Q1T05,35,NSW1-QLD1,NSW1,45,45,2160.0,0.0
2021-02,C2022Q1,T05,C2022Q1T05,35,NSW1-QLD1,QLD1,156,100,13083.0,0.0
2021-02,C2022Q1,T05,C2022Q1T05,35,V-SA,SA1,89,64,5810.4,0.0
2021-02,C2022Q1,T05,C2022Q1T05,35,V-SA,VIC1,73,73,5762.88,0.0
2021-02,C2022Q1,T05,C2022Q1T05,35,VIC1-NSW1,NSW1,108,108,6310.5,0.0
2021-02,C2022Q1,T05,C2022Q1T05,35,VIC1-NSW1,VIC1,125,125,7556.0,0.0
2021-02,C2022Q2,T04,C2022Q2T04,35,NSW1-QLD1,NSW1,45,45,200.0,0.0
2021-02,C2022Q2,T04,C2022Q2T04,35,NSW1-QLD1,QLD1,140,100,11972.0,0.0
2021-02,C2022Q2,T04,C2022Q2T04,35,V-SA,SA1,64,64,7916.9,0.0
2021-02,C2022Q2,T04,C2022Q2T04,35,V-SA,VIC1,73,73,1054.0,0.0
2021-02,C2022Q2,T04,C2022Q2T04,35,VIC1-NSW1,NSW1,108,108,1092.0,0.0
2021-02,C2022Q2,T04,C2022Q2T04,35,VIC1-NSW1,VIC1,125,125,8000.0,0.0
2021-02,C2022Q3,T03,C2022Q3T03,35,NSW1-QLD1,NSW1,45,45,154.88,0.0
2021-02,C2022Q3,T03,C2022Q3T03,35,NSW1-QLD1,QLD1,100,100,11512.51,0.0
2021-02,C2022Q3,T03,C2022Q3T03,35,V-SA,SA1,64,64,10006.0,0.0
2021-02,C2022Q3,T03,C2022Q3T03,35,V-SA,VIC1,73,73,1007.0,0.0
2021-02,C2022Q3,T03,C2022Q3T03,35,VIC1-NSW1,NSW1,108,108,1101.0,0.0
2021-02,C2022Q3,T03,C2022Q3T03,35,VIC1-NSW1,VIC1,125,125,8000.0,0.0
2021-02,C2022Q4,T02,C2022Q4T02,35,NSW1-QLD1,NSW1,45,45,552.0,0.0
2021-02,C2022Q4,T02,C2022Q4T02,35,NSW1-QLD1,QLD1,100,100,10879.32,0.0
2021-02,C2022Q4,T02,C2022Q4T02,35,V-SA,SA1,64,64,11500.92,0.0
2021-02,C2022Q4,T02,C2022Q4T02,35,V-SA,VIC1,73,73,1480.6,0.0
2021-02,C2022Q4,T02,C2022Q4T02,35,VIC1-NSW1,NSW1,108,108,1766.4,0.0
2021-02,C2022Q4,T02,C2022Q4T02,35,VIC1-NSW1,VIC1,125,125,8000.0,0.0
2021-02,C2023Q1,T01,C2023Q1T01,35,NSW1-QLD1,NSW1,45,45,1955.8,0.0
2021-02,C2023Q1,T01,C2023Q1T01,35,NSW1-QLD1,QLD1,100,100,11065.6,0.0
2021-02,C2023Q1,T01,C2023Q1T01,35,V-SA,SA1,64,64,4709.0,0.0
2021-02,C2023Q1,T01,C2023Q1T01,35,V-SA,VIC1,73,73,4901.18,0.0
2021-02,C2023Q1,T01,C2023Q1T01,35,VIC1-NSW1,NSW1,108,108,6310.5,0.0
2021-02,C2023Q1,T01,C2023Q1T01,35,VIC1-NSW1,VIC1,125,125,8058.0,0.0
2021-02,C2020Q3,T12,C2020Q3T12,34,NSW1-QLD1,NSW1,90,55,210.08,0.0
2021-02,C2020Q3,T12,C2020Q3T12,34,NSW1-QLD1,QLD1,210,139,11555.0,0.0
2021-02,C2020Q3,T12,C2020Q3T12,34,V-SA,SA1,96,73,9151.07,0.0
2021-02,C2020Q3,T12,C2020Q3T12,34,V-SA,VIC1,193,77,1713.0,0.0
2021-02,C2020Q3,T12,C2020Q3T12,34,VIC1-NSW1,NSW1,296,112,1023.75,0.0
2021-02,C2020Q3,T12,C2020Q3T12,34,VIC1-NSW1,VIC1,355,135,4901.0,0.0
2021-02,C2020Q4,T11,C2020Q4T11,34,NSW1-QLD1,NSW1,193,45,701.23,0.0
2021-02,C2020Q4,T11,C2020Q4T11,34,NSW1-QLD1,QLD1,222,110,10878.4,0.0
2021-02,C2020Q4,T11,C2020Q4T11,34,V-SA,SA1,94,64,8001.2,0.0
2021-02,C2020Q4,T11,C2020Q4T11,34,V-SA,VIC1,168,73,1795.2,0.0
2021-02,C2020Q4,T11,C2020Q4T11,34,VIC1-NSW1,NSW1,234,113,2208.0,0.0
2021-02,C2020Q4,T11,C2020Q4T11,34,VIC1-NSW1,VIC1,340,130,5875.0,0.0
2021-02,C2021Q1,T10,C2021Q1T10,34,NSW1-QLD1,NSW1,76,45,1500.0,0.0
2021-02,C2021Q1,T10,C2021Q1T10,34,NSW1-QLD1,QLD1,245,100,19700.0,0.0
2021-02,C2021Q1,T10,C2021Q1T10,34,V-SA,SA1,119,64,7137.0,0.0
2021-02,C2021Q1,T10,C2021Q1T10,34,V-SA,VIC1,118,73,4666.0,0.0
2021-02,C2021Q1,T10,C2021Q1T10,34,VIC1-NSW1,NSW1,146,108,7501.0,0.0
2021-02,C2021Q1,T10,C2021Q1T10,34,VIC1-NSW1,VIC1,250,125,7940.53,0.0
2021-02,C2021Q2,T09,C2021Q2T09,34,NSW1-QLD1,NSW1,65,45,140.19,0.0
2021-02,C2021Q2,T09,C2021Q2T09,34,NSW1-QLD1,QLD1,200,120,12000.0,0.0
2021-02,C2021Q2,T09,C2021Q2T09,34,V-SA,SA1,121,64,3500.79,0.0
2021-02,C2021Q2,T09,C2021Q2T09,34,V-SA,VIC1,163,73,1711.0,0.0
2021-02,C2021Q2,T09,C2021Q2T09,34,VIC1-NSW1,NSW1,153,108,982.8,0.0
2021-02,C2021Q2,T09,C2021Q2T09,34,VIC1-NSW1,VIC1,237,135,5416.0,0.0
2021-02,C2021Q3,T08,C2021Q3T08,34,NSW1-QLD1,NSW1,45,45,312.0,0.0
2021-02,C2021Q3,T08,C2021Q3T08,34,NSW1-QLD1,QLD1,215,100,10086.0,0.0
2021-02,C2021Q3,T08,C2021Q3T08,34,V-SA,SA1,114,64,3571.78,0.0
2021-02,C2021Q3,T08,C2021Q3T08,34,V-SA,VIC1,215,73,1695.75,0.0
2021-02,C2021Q3,T08,C2021Q3T08,34,VIC1-NSW1,NSW1,197,108,1032.0,0.0
2021-02,C2021Q3,T08,C2021Q3T08,34,VIC1-NSW1,VIC1,219,135,6601.0,0.0
2021-02,C2021Q4,T07,C2021Q4T07,34,NSW1-QLD1,NSW1,112,45,685.0,0.0
2021-02,C2021Q4,T07,C2021Q4T07,34,NSW1-QLD1,QLD1,180,100,11103.0,0.0
2021-02,C2021Q4,T07,C2021Q4T07,34,V-SA,SA1,114,64,4000.0,0.0
2021-02,C2021Q4,T07,C2021Q4T07,34,V-SA,VIC1,192,73,1789.08,0.0
2021-02,C2021Q4,T07,C2021Q4T07,34,VIC1-NSW1,NSW1,148,108,1104.0,0.0
2021-02,C2021Q4,T07,C2021Q4T07,34,VIC1-NSW1,VIC1,235,135,6250.0,0.0
2021-02,C2022Q1,T06,C2022Q1T06,34,NSW1-QLD1,NSW1,50,45,2358.0,0.0
2021-02,C2022Q1,T06,C2022Q1T06,34,NSW1-QLD1,QLD1,236,100,16474.0,0.0
2021-02,C2022Q1,T06,C2022Q1T06,34,V-SA,SA1,111,64,4358.0,0.0
2021-02,C2022Q1,T06,C2022Q1T06,34,V-SA,VIC1,103,73,5878.13,0.0
2021-02,C2022Q1,T06,C2022Q1T06,34,VIC1-NSW1,NSW1,134,108,5750.0,0.0
2021-02,C2022Q1,T06,C2022Q1T06,34,VIC1-NSW1,VIC1,245,125,8311.6,0.0
2021-02,C2022Q2,T05,C2022Q2T05,34,NSW1-QLD1,NSW1,45,45,359.0,0.0
2021-02,C2022Q2,T05,C2022Q2T05,34,NSW1-QLD1,QLD1,175,100,11373.4,0.0
2021-02,C2022Q2,T05,C2022Q2T05,34,V-SA,SA1,114,64,3250.0,0.0
2021-02,C2022Q4,T05,C2022Q4T05,8,V-SA,VIC1,93,73,2450.0,0.0
2021-02,C2022Q4,T05,C2022Q4T05,8,VIC1-NSW1,NSW1,158,108,1197.25,0.0
2021-02,C2022Q4,T05,C2022Q4T05,8,VIC1-NSW1,VIC1,168,125,8950.99,0.0
2021-02,C2023Q1,T04,C2023Q1T04,8,NSW1-QLD1,NSW1,57,45,3001.0,0.0
2021-02,C2023Q1,T04,C2023Q1T04,8,NSW1-QLD1,QLD1,100,100,15996.96,0.0
2021-02,C2023Q1,T04,C2023Q1T04,8,V-SA,SA1,74,64,5668.0,0.0
2021-02,C2023Q1,T04,C2023Q1T04,8,V-SA,VIC1,93,73,6004.0,0.0
2021-02,C2023Q1,T04,C2023Q1T04,8,VIC1-NSW1,NSW1,158,108,5625.0,0.0
2021-02,C2023Q1,T04,C2023Q1T04,8,VIC1-NSW1,VIC1,145,125,11375.99,0.0
2021-02,C2023Q2,T03,C2023Q2T03,8,NSW1-QLD1,NSW1,45,45,404.0,0.0
2021-02,C2023Q2,T03,C2023Q2T03,8,NSW1-QLD1,QLD1,100,100,12839.0,0.0
2021-02,C2023Q2,T03,C2023Q2T03,8,V-SA,SA1,91,81,3124.0,0.0
2021-02,C2023Q2,T03,C2023Q2T03,8,V-SA,VIC1,93,73,1454.0,0.0
2021-02,C2023Q2,T03,C2023Q2T03,8,VIC1-NSW1,NSW1,188,108,562.5,0.0
2021-02,C2023Q2,T03,C2023Q2T03,8,VIC1-NSW1,VIC1,150,125,7407.0,0.0
2021-02,C2023Q3,T02,C2023Q3T02,8,NSW1-QLD1,NSW1,45,45,401.0,0.0
2021-02,C2023Q3,T02,C2023Q3T02,8,NSW1-QLD1,QLD1,100,100,12984.0,0.0
2021-02,C2023Q3,T02,C2023Q3T02,8,V-SA,SA1,74,64,3920.0,0.0
2021-02,C2023Q3,T02,C2023Q3T02,8,V-SA,VIC1,93,73,1435.2,0.0
2021-02,C2023Q3,T02,C2023Q3T02,8,VIC1-NSW1,NSW1,138,108,660.66,0.0
2021-02,C2023Q3,T02,C2023Q3T02,8,VIC1-NSW1,VIC1,150,125,7744.0,0.0
2021-02,C2023Q4,T01,C2023Q4T01,8,NSW1-QLD1,NSW1,45,45,1301.0,0.0
2021-02,C2023Q4,T01,C2023Q4T01,8,NSW1-QLD1,QLD1,100,100,12400.96,0.0
2021-02,C2023Q4,T01,C2023Q4T01,8,V-SA,SA1,64,64,4000.0,0.0
2021-02,C2023Q4,T01,C2023Q4T01,8,V-SA,VIC1,73,73,1840.35,0.0
2021-02,C2023Q4,T01,C2023Q4T01,8,VIC1-NSW1,NSW1,108,108,1001.0,0.0
2021-02,C2023Q4,T01,C2023Q4T01,8,VIC1-NSW1,VIC1,125,125,7473.0,0.0
