C,NEMP.WORLD,SRBID,AEMO,PUBLIC,2025/06/16,14:26:39,0000000467959188,,0000000467959188
I,RESIDUE_PRICE_BID,,1,CONTRACTID,INTERCONNECTORID,REGIONID,UNITS,BIDPRICE,LINKEDBIDFLAG,AUCTIONID
D,RESIDUE_PRICE_BID,,1,C2026Q4T07,NSW1-QLD1,NSW1,1,40033.332030,,A202506
D,RESIDUE_PRICE_BID,,1,C2027Q4T03,NSW1-QLD1,NSW1,1,40033.332030,,A202506
D,RESIDUE_PRICE_BID,,1,C2025Q4T11,NSW1-QLD1,NSW1,1,40033.332030,,A202506
D,RESIDUE_PRICE_BID,,1,C2028Q1T02,NSW1-QLD1,NSW1,1,26078,,A202506
D,RESIDUE_PRICE_BID,,1,C2026Q1T10,NSW1-QLD1,NSW1,2,22140,,A202506
D,RESIDUE_PRICE_BID,,1,C2028Q1T02,NSW1-QLD1,NSW1,2,21732,,A202506
D,RESIDUE_PRICE_BID,,1,C2026Q1T10,NSW1-QLD1,NSW1,4,21323.52,,A202506
D,RESIDUE_PRICE_BID,,1,C2027Q1T06,NSW1-QLD1,NSW1,10,21195,,A202506
D,RESIDUE_PRICE_BID,,1,C2026Q1T10,NSW1-QLD1,NSW1,10,20729,,A202506
D,RESIDUE_PRICE_BID,,1,C2026Q1T10,NSW1-QLD1,NSW1,15,20250.20,,A202506
D,RESIDUE_PRICE_BID,,1,C2026Q1T10,NSW1-QLD1,NSW1,3,20103,,A202506
D,RESIDUE_PRICE_BID,,1,C2027Q2T05,NSW1-QLD1,NSW1,1,20016.666020,,A202506
D,RESIDUE_PRICE_BID,,1,C2025Q4T11,NSW1-QLD1,NSW1,1,20016.666020,,A202506
D,RESIDUE_PRICE_BID,,1,C2027Q3T04,NSW1-QLD1,NSW1,1,20016.666020,,A202506
D,RESIDUE_PRICE_BID,,1,C2026Q3T08,NSW1-QLD1,NSW1,1,20016.666020,,A202506
D,RESIDUE_PRICE_BID,,1,C2025Q3T12,NSW1-QLD1,NSW1,1,20016.666020,,A202506
D,RESIDUE_PRICE_BID,,1,C2026Q2T09,NSW1-QLD1,NSW1,1,20016.666020,,A202506
D,RESIDUE_PRICE_BID,,1,C2027Q4T03,NSW1-QLD1,NSW1,1,20016.666020,,A202506
D,RESIDUE_PRICE_BID,,1,C2026Q4T07,NSW1-QLD1,NSW1,1,20016.666020,,A202506
D,RESIDUE_PRICE_BID,,1,C2027Q1T06,NSW1-QLD1,NSW1,4,20007.3456,,A202506
D,RESIDUE_PRICE_BID,,1,C2026Q1T10,NSW1-QLD1,NSW1,5,20000.20,,A202506
D,RESIDUE_PRICE_BID,,1,C2028Q1T02,NSW1-QLD1,NSW1,3,19656,,A202506
D,RESIDUE_PRICE_BID,,1,C2026Q1T10,NSW1-QLD1,NSW1,4,19349.12,,A202506
D,RESIDUE_PRICE_BID,,1,C2026Q1T10,NSW1-QLD1,NSW1,10,19245.599990,,A202506
D,RESIDUE_PRICE_BID,,1,C2026Q1T10,NSW1-QLD1,NSW1,5,19000.20,,A202506
D,RESIDUE_PRICE_BID,,1,C2028Q1T02,NSW1-QLD1,NSW1,6,18927.3456,,A202506
D,RESIDUE_PRICE_BID,,1,C2027Q1T06,NSW1-QLD1,NSW1,2,18503,,A202506
D,RESIDUE_PRICE_BID,,1,C2026Q1T10,NSW1-QLD1,NSW1,4,18361.919990,,A202506
D,RESIDUE_PRICE_BID,,1,C2026Q1T10,NSW1-QLD1,NSW1,2,18250,,A202506
D,RESIDUE_PRICE_BID,,1,C2027Q1T06,NSW1-QLD1,NSW1,4,18154.8136,,A202506
D,RESIDUE_PRICE_BID,,1,C2027Q1T06,NSW1-QLD1,NSW1,2,18028,,A202506
D,RESIDUE_PRICE_BID,,1,C2026Q1T10,NSW1-QLD1,NSW1,5,18000.20,,A202506
D,RESIDUE_PRICE_BID,,1,C2026Q1T10,NSW1-QLD1,NSW1,2,17950,,A202506
D,RESIDUE_PRICE_BID,,1,C2027Q1T06,NSW1-QLD1,NSW1,10,17742.47,,A202506
D,RESIDUE_PRICE_BID,,1,C2026Q1T10,NSW1-QLD1,NSW1,2,17650,,A202506
D,RESIDUE_PRICE_BID,,1,C2028Q1T02,NSW1-QLD1,NSW1,1,17503,,A202506
D,RESIDUE_PRICE_BID,,1,C2028Q1T02,NSW1-QLD1,NSW1,1,17385,,A202506
D,RESIDUE_PRICE_BID,,1,C2028Q1T02,NSW1-QLD1,NSW1,5,17368.48,,A202506
D,RESIDUE_PRICE_BID,,1,C2026Q1T10,NSW1-QLD1,NSW1,2,17350,,A202506
D,RESIDUE_PRICE_BID,,1,C2026Q1T10,NSW1-QLD1,NSW1,10,17342.47,,A202506
D,RESIDUE_PRICE_BID,,1,C2028Q1T02,NSW1-QLD1,NSW1,2,17297.28,,A202506
D,RESIDUE_PRICE_BID,,1,C2026Q1T10,NSW1-QLD1,NSW1,15,17280,,A202506
D,RESIDUE_PRICE_BID,,1,C2028Q1T02,NSW1-QLD1,NSW1,10,17242.47,,A202506
D,RESIDUE_PRICE_BID,,1,C2026Q1T10,NSW1-QLD1,NSW1,2,17236,,A202506
D,RESIDUE_PRICE_BID,,1,C2027Q1T06,NSW1-QLD1,NSW1,4,17228.5476,,A202506
D,RESIDUE_PRICE_BID,,1,C2027Q1T06,NSW1-QLD1,NSW1,5,17177.62,,A202506
D,RESIDUE_PRICE_BID,,1,C2028Q1T02,NSW1-QLD1,NSW1,6,17174.8136,,A202506
D,RESIDUE_PRICE_BID,,1,C2028Q1T02,NSW1-QLD1,NSW1,2,17137,,A202506
D,RESIDUE_PRICE_BID,,1,C2026Q1T10,NSW1-QLD1,NSW1,10,17087.87,,A202506
D,RESIDUE_PRICE_BID,,1,C2026Q1T10,NSW1-QLD1,NSW1,2,17050,,A202506
D,RESIDUE_PRICE_BID,,1,C2026Q1T10,NSW1-QLD1,NSW1,5,17000.20,,A202506
D,RESIDUE_PRICE_BID,,1,C2027Q1T06,NSW1-QLD1,NSW1,10,16887.87,,A202506
D,RESIDUE_PRICE_BID,,1,C2026Q1T10,NSW1-QLD1,NSW1,1,16757,,A202506
D,RESIDUE_PRICE_BID,,1,C2026Q1T10,NSW1-QLD1,NSW1,2,16750,,A202506
D,RESIDUE_PRICE_BID,,1,C2026Q1T10,NSW1-QLD1,NSW1,10,16533.20,,A202506
D,RESIDUE_PRICE_BID,,1,C2026Q1T10,NSW1-QLD1,NSW1,1,16505.64,,A202506
D,RESIDUE_PRICE_BID,,1,C2026Q1T10,NSW1-QLD1,NSW1,5,16500,,A202506
D,RESIDUE_PRICE_BID,,1,C2027Q1T06,NSW1-QLD1,NSW1,5,16498.20,,A202506
D,RESIDUE_PRICE_BID,,1,C2026Q1T10,NSW1-QLD1,NSW1,2,16450,,A202506
D,RESIDUE_PRICE_BID,,1,C2028Q1T02,NSW1-QLD1,NSW1,6,16298.5476,,A202506
D,RESIDUE_PRICE_BID,,1,C2026Q1T10,NSW1-QLD1,NSW1,1,16254.29,,A202506
D,RESIDUE_PRICE_BID,,1,C2026Q1T10,NSW1-QLD1,NSW1,5,16201.22,,A202506
D,RESIDUE_PRICE_BID,,1,C2027Q1T06,NSW1-QLD1,NSW1,2,16135,,A202506
D,RESIDUE_PRICE_BID,,1,C2028Q1T02,NSW1-QLD1,NSW1,10,16087.87,,A202506
D,RESIDUE_PRICE_BID,,1,C2026Q1T10,NSW1-QLD1,NSW1,1,16002.94,,A202506
D,RESIDUE_PRICE_BID,,1,C2026Q1T10,NSW1-QLD1,NSW1,5,16000.20,,A202506
D,RESIDUE_PRICE_BID,,1,C2026Q1T10,NSW1-QLD1,NSW1,9,15795.20,,A202506
D,RESIDUE_PRICE_BID,,1,C2027Q1T06,NSW1-QLD1,NSW1,5,15776.20,,A202506
D,RESIDUE_PRICE_BID,,1,C2027Q1T06,NSW1-QLD1,NSW1,5,15774.32,,A202506
D,RESIDUE_PRICE_BID,,1,C2026Q1T10,NSW1-QLD1,NSW1,1,15751.58,,A202506
D,RESIDUE_PRICE_BID,,1,C2028Q1T02,NSW1-QLD1,NSW1,5,15668.23,,A202506
D,RESIDUE_PRICE_BID,,1,C2026Q1T10,NSW1-QLD1,NSW1,8,15503,,A202506
D,RESIDUE_PRICE_BID,,1,C2026Q1T10,NSW1-QLD1,NSW1,10,15503,,A202506
D,RESIDUE_PRICE_BID,,1,C2026Q1T10,NSW1-QLD1,NSW1,1,15500.22,,A202506
D,RESIDUE_PRICE_BID,,1,C2028Q1T02,NSW1-QLD1,NSW1,5,15497.20,,A202506
D,RESIDUE_PRICE_BID,,1,C2026Q1T10,NSW1-QLD1,NSW1,2,15426,,A202506
D,RESIDUE_PRICE_BID,,1,C2028Q1T02,NSW1-QLD1,NSW1,2,15338,,A202506
D,RESIDUE_PRICE_BID,,1,C2027Q1T06,NSW1-QLD1,NSW1,5,15301.22,,A202506
D,RESIDUE_PRICE_BID,,1,C2028Q1T02,NSW1-QLD1,NSW1,15,15288,,A202506
D,RESIDUE_PRICE_BID,,1,C2026Q1T10,NSW1-QLD1,NSW1,1,15248.87,,A202506
D,RESIDUE_PRICE_BID,,1,C2027Q1T06,NSW1-QLD1,NSW1,1,15057,,A202506
D,RESIDUE_PRICE_BID,,1,C2027Q1T06,NSW1-QLD1,NSW1,5,15054.20,,A202506
D,RESIDUE_PRICE_BID,,1,C2027Q1T06,NSW1-QLD1,NSW1,8,15003,,A202506
D,RESIDUE_PRICE_BID,,1,C2027Q1T06,NSW1-QLD1,NSW1,10,15003,,A202506
D,RESIDUE_PRICE_BID,,1,C2026Q1T10,NSW1-QLD1,NSW1,5,15000.20,,A202506
D,RESIDUE_PRICE_BID,,1,C2026Q1T10,NSW1-QLD1,NSW1,1,14997.52,,A202506
D,RESIDUE_PRICE_BID,,1,C2027Q1T06,NSW1-QLD1,NSW1,1,14831.14,,A202506
D,RESIDUE_PRICE_BID,,1,C2027Q1T06,NSW1-QLD1,NSW1,9,14820.2560,,A202506
D,RESIDUE_PRICE_BID,,1,C2026Q1T10,NSW1-QLD1,NSW1,1,14746.16,,A202506
D,RESIDUE_PRICE_BID,,1,C2028Q1T02,NSW1-QLD1,NSW1,5,14664.20,,A202506
D,RESIDUE_PRICE_BID,,1,C2027Q1T06,NSW1-QLD1,NSW1,1,14605.29,,A202506
D,RESIDUE_PRICE_BID,,1,C2026Q1T10,NSW1-QLD1,NSW1,1,14494.80,,A202506
D,RESIDUE_PRICE_BID,,1,C2027Q1T06,NSW1-QLD1,NSW1,1,14379.44,,A202506
D,RESIDUE_PRICE_BID,,1,C2027Q1T06,NSW1-QLD1,NSW1,5,14371.02,,A202506
D,RESIDUE_PRICE_BID,,1,C2027Q1T06,NSW1-QLD1,NSW1,5,14332.20,,A202506
D,RESIDUE_PRICE_BID,,1,C2026Q1T10,NSW1-QLD1,NSW1,1,14243.45,,A202506
D,RESIDUE_PRICE_BID,,1,C2027Q1T06,NSW1-QLD1,NSW1,2,14242,,A202506
D,RESIDUE_PRICE_BID,,1,C2027Q1T06,NSW1-QLD1,NSW1,1,14153.58,,A202506
D,RESIDUE_PRICE_BID,,1,C2028Q1T02,NSW1-QLD1,NSW1,1,14057,,A202506
D,RESIDUE_PRICE_BID,,1,C2028Q1T02,NSW1-QLD1,NSW1,12,14020.2560,,A202506
D,RESIDUE_PRICE_BID,,1,C2028Q1T02,NSW1-QLD1,NSW1,8,14003,,A202506
D,RESIDUE_PRICE_BID,,1,C2028Q1T02,NSW1-QLD1,NSW1,10,14003,,A202506
D,RESIDUE_PRICE_BID,,1,C2026Q1T10,NSW1-QLD1,NSW1,5,14000.20,,A202506
D,RESIDUE_PRICE_BID,,1,C2026Q1T10,NSW1-QLD1,NSW1,1,13992.10,,A202506
D,RESIDUE_PRICE_BID,,1,C2028Q1T02,NSW1-QLD1,NSW1,5,13967.97,,A202506
D,RESIDUE_PRICE_BID,,1,C2027Q1T06,NSW1-QLD1,NSW1,1,13927.72,,A202506
D,RESIDUE_PRICE_BID,,1,C2028Q1T02,NSW1-QLD1,NSW1,1,13908,,A202506
D,RESIDUE_PRICE_BID,,1,C2028Q1T02,NSW1-QLD1,NSW1,5,13901.22,,A202506
D,RESIDUE_PRICE_BID,,1,C2028Q1T02,NSW1-QLD1,NSW1,1,13846.14,,A202506
D,RESIDUE_PRICE_BID,,1,C2028Q1T02,NSW1-QLD1,NSW1,5,13831.20,,A202506
D,RESIDUE_PRICE_BID,,1,C2026Q1T10,NSW1-QLD1,NSW1,10,13820.80,,A202506
D,RESIDUE_PRICE_BID,,1,C2026Q1T10,NSW1-QLD1,NSW1,1,13740.74,,A202506
D,RESIDUE_PRICE_BID,,1,C2027Q1T06,NSW1-QLD1,NSW1,1,13701.87,,A202506
D,RESIDUE_PRICE_BID,,1,C2028Q1T02,NSW1-QLD1,NSW1,1,13635.29,,A202506
D,RESIDUE_PRICE_BID,,1,C2026Q1T10,NSW1-QLD1,NSW1,2,13616,,A202506
D,RESIDUE_PRICE_BID,,1,C2027Q1T06,NSW1-QLD1,NSW1,5,13610.20,,A202506
D,RESIDUE_PRICE_BID,,1,C2028Q1T02,NSW1-QLD1,NSW1,2,13538,,A202506
D,RESIDUE_PRICE_BID,,1,C2026Q1T10,NSW1-QLD1,NSW1,1,13489.38,,A202506
D,RESIDUE_PRICE_BID,,1,C2027Q1T06,NSW1-QLD1,NSW1,1,13476.02,,A202506
D,RESIDUE_PRICE_BID,,1,C2028Q1T02,NSW1-QLD1,NSW1,1,13424.44,,A202506
D,RESIDUE_PRICE_BID,,1,C2026Q4T07,NSW1-QLD1,NSW1,1,13344.444340,,A202506
D,RESIDUE_PRICE_BID,,1,C2027Q4T03,NSW1-QLD1,NSW1,1,13344.444340,,A202506
D,RESIDUE_PRICE_BID,,1,C2025Q4T11,NSW1-QLD1,NSW1,1,13344.444340,,A202506
D,RESIDUE_PRICE_BID,,1,C2027Q1T06,NSW1-QLD1,NSW1,1,13250.16,,A202506
D,RESIDUE_PRICE_BID,,1,C2026Q1T10,NSW1-QLD1,NSW1,1,13238.03,,A202506
D,RESIDUE_PRICE_BID,,1,C2028Q1T02,NSW1-QLD1,NSW1,1,13213.58,,A202506
D,RESIDUE_PRICE_BID,,1,C2027Q1T06,NSW1-QLD1,NSW1,1,13024.30,,A202506
D,RESIDUE_PRICE_BID,,1,C2027Q1T06,NSW1-QLD1,NSW1,10,13003,,A202506
D,RESIDUE_PRICE_BID,,1,C2027Q1T06,NSW1-QLD1,NSW1,8,13003,,A202506
D,RESIDUE_PRICE_BID,,1,C2026Q1T10,NSW1-QLD1,NSW1,10,13003,,A202506
D,RESIDUE_PRICE_BID,,1,C2026Q1T10,NSW1-QLD1,NSW1,8,13003,,A202506
D,RESIDUE_PRICE_BID,,1,C2028Q1T02,NSW1-QLD1,NSW1,1,13002.72,,A202506
D,RESIDUE_PRICE_BID,,1,C2026Q1T10,NSW1-QLD1,NSW1,5,13000.20,,A202506
D,RESIDUE_PRICE_BID,,1,C2028Q1T02,NSW1-QLD1,NSW1,5,12998.20,,A202506
D,RESIDUE_PRICE_BID,,1,C2026Q1T10,NSW1-QLD1,NSW1,1,12986.68,,A202506
D,RESIDUE_PRICE_BID,,1,C2027Q1T06,NSW1-QLD1,NSW1,2,12980,,A202506
D,RESIDUE_PRICE_BID,,1,C2027Q1T06,NSW1-QLD1,NSW1,8,12967.72,,A202506
D,RESIDUE_PRICE_BID,,1,C2027Q4T03,NSW1-QLD1,NSW1,1,12905,,A202506
D,RESIDUE_PRICE_BID,,1,C2027Q1T06,NSW1-QLD1,NSW1,5,12888.20,,A202506
D,RESIDUE_PRICE_BID,,1,C2026Q1T10,NSW1-QLD1,NSW1,9,12833.60,,A202506
D,RESIDUE_PRICE_BID,,1,C2026Q1T10,NSW1-QLD1,NSW1,5,12833.60,,A202506
D,RESIDUE_PRICE_BID,,1,C2027Q1T06,NSW1-QLD1,NSW1,1,12798.45,,A202506
D,RESIDUE_PRICE_BID,,1,C2028Q1T02,NSW1-QLD1,NSW1,1,12791.87,,A202506
D,RESIDUE_PRICE_BID,,1,C2026Q1T10,NSW1-QLD1,NSW1,1,12735.32,,A202506
D,RESIDUE_PRICE_BID,,1,C2028Q1T02,NSW1-QLD1,NSW1,1,12581.02,,A202506
D,RESIDUE_PRICE_BID,,1,C2027Q1T06,NSW1-QLD1,NSW1,1,12572.60,,A202506
D,RESIDUE_PRICE_BID,,1,C2026Q1T10,NSW1-QLD1,NSW1,1,12483.96,,A202506
D,RESIDUE_PRICE_BID,,1,C2025Q4T11,NSW1-QLD1,NSW1,4,12427.76,,A202506
D,RESIDUE_PRICE_BID,,1,C2026Q1T10,NSW1-QLD1,NSW1,2,12410,,A202506
D,RESIDUE_PRICE_BID,,1,C2028Q1T02,NSW1-QLD1,NSW1,1,12370.16,,A202506
D,RESIDUE_PRICE_BID,,1,C2027Q1T06,NSW1-QLD1,NSW1,1,12346.74,,A202506
D,RESIDUE_PRICE_BID,,1,C2028Q1T02,NSW1-QLD1,NSW1,2,12339,,A202506
D,RESIDUE_PRICE_BID,,1,C2028Q1T02,NSW1-QLD1,NSW1,8,12267.72,,A202506
D,RESIDUE_PRICE_BID,,1,C2026Q1T10,NSW1-QLD1,NSW1,1,12232.61,,A202506
D,RESIDUE_PRICE_BID,,1,C2027Q1T06,NSW1-QLD1,NSW1,5,12166.20,,A202506
D,RESIDUE_PRICE_BID,,1,C2028Q1T02,NSW1-QLD1,NSW1,5,12165.20,,A202506
D,RESIDUE_PRICE_BID,,1,C2028Q1T02,NSW1-QLD1,NSW1,1,12159.30,,A202506
D,RESIDUE_PRICE_BID,,1,C2027Q1T06,NSW1-QLD1,NSW1,1,12120.88,,A202506
D,RESIDUE_PRICE_BID,,1,C2027Q1T06,NSW1-QLD1,NSW1,5,12041.46,,A202506
D,RESIDUE_PRICE_BID,,1,C2027Q1T06,NSW1-QLD1,NSW1,9,12041.4580,,A202506
D,RESIDUE_PRICE_BID,,1,C2028Q1T02,NSW1-QLD1,NSW1,8,12003,,A202506
D,RESIDUE_PRICE_BID,,1,C2028Q1T02,NSW1-QLD1,NSW1,10,12003,,A202506
D,RESIDUE_PRICE_BID,,1,C2026Q1T10,NSW1-QLD1,NSW1,5,12000.20,,A202506
D,RESIDUE_PRICE_BID,,1,C2026Q1T10,NSW1-QLD1,NSW1,1,11981.26,,A202506
D,RESIDUE_PRICE_BID,,1,C2028Q1T02,NSW1-QLD1,NSW1,1,11948.45,,A202506
D,RESIDUE_PRICE_BID,,1,C2027Q1T06,NSW1-QLD1,NSW1,1,11895.03,,A202506
D,RESIDUE_PRICE_BID,,1,C2028Q1T02,NSW1-QLD1,NSW1,1,11737.60,,A202506
D,RESIDUE_PRICE_BID,,1,C2026Q1T10,NSW1-QLD1,NSW1,1,11729.90,,A202506
D,RESIDUE_PRICE_BID,,1,C2027Q1T06,NSW1-QLD1,NSW1,2,11718,,A202506
D,RESIDUE_PRICE_BID,,1,C2027Q1T06,NSW1-QLD1,NSW1,1,11669.18,,A202506
D,RESIDUE_PRICE_BID,,1,C2028Q1T02,NSW1-QLD1,NSW1,1,11526.74,,A202506
D,RESIDUE_PRICE_BID,,1,C2025Q4T11,NSW1-QLD1,NSW1,4,11479.88,,A202506
D,RESIDUE_PRICE_BID,,1,C2026Q1T10,NSW1-QLD1,NSW1,1,11478.54,,A202506
D,RESIDUE_PRICE_BID,,1,C2027Q1T06,NSW1-QLD1,NSW1,5,11444.20,,A202506
D,RESIDUE_PRICE_BID,,1,C2027Q1T06,NSW1-QLD1,NSW1,1,11443.32,,A202506
D,RESIDUE_PRICE_BID,,1,C2028Q1T02,NSW1-QLD1,NSW1,5,11391.46,,A202506
D,RESIDUE_PRICE_BID,,1,C2028Q1T02,NSW1-QLD1,NSW1,12,11391.4580,,A202506
D,RESIDUE_PRICE_BID,,1,C2028Q1T02,NSW1-QLD1,NSW1,5,11332.20,,A202506
D,RESIDUE_PRICE_BID,,1,C2028Q1T02,NSW1-QLD1,NSW1,1,11315.88,,A202506
D,RESIDUE_PRICE_BID,,1,C2026Q1T10,NSW1-QLD1,NSW1,1,11227.19,,A202506
D,RESIDUE_PRICE_BID,,1,C2027Q1T06,NSW1-QLD1,NSW1,1,11217.46,,A202506
D,RESIDUE_PRICE_BID,,1,C2026Q1T10,NSW1-QLD1,NSW1,2,11203,,A202506
D,RESIDUE_PRICE_BID,,1,C2028Q1T02,NSW1-QLD1,NSW1,2,11139,,A202506
D,RESIDUE_PRICE_BID,,1,C2028Q1T02,NSW1-QLD1,NSW1,1,11105.03,,A202506
D,RESIDUE_PRICE_BID,,1,C2027Q1T06,NSW1-QLD1,NSW1,1,10991.61,,A202506
D,RESIDUE_PRICE_BID,,1,C2026Q1T10,NSW1-QLD1,NSW1,1,10975.84,,A202506
D,RESIDUE_PRICE_BID,,1,C2026Q4T07,NSW1-QLD1,NSW1,4,10924.20,,A202506
D,RESIDUE_PRICE_BID,,1,C2028Q1T02,NSW1-QLD1,NSW1,1,10894.18,,A202506
D,RESIDUE_PRICE_BID,,1,C2025Q4T11,NSW1-QLD1,NSW1,4,10847.96,,A202506
D,RESIDUE_PRICE_BID,,1,C2027Q1T06,NSW1-QLD1,NSW1,1,10765.76,,A202506
D,RESIDUE_PRICE_BID,,1,C2027Q4T03,NSW1-QLD1,NSW1,2,10754,,A202506
D,RESIDUE_PRICE_BID,,1,C2026Q1T10,NSW1-QLD1,NSW1,1,10724.48,,A202506
D,RESIDUE_PRICE_BID,,1,C2027Q1T06,NSW1-QLD1,NSW1,5,10722.20,,A202506
D,RESIDUE_PRICE_BID,,1,C2028Q1T02,NSW1-QLD1,NSW1,1,10683.32,,A202506
D,RESIDUE_PRICE_BID,,1,C2027Q1T06,NSW1-QLD1,NSW1,1,10539.90,,A202506
D,RESIDUE_PRICE_BID,,1,C2028Q1T02,NSW1-QLD1,NSW1,5,10499.20,,A202506
D,RESIDUE_PRICE_BID,,1,C2025Q4T11,NSW1-QLD1,NSW1,10,10488,,A202506
D,RESIDUE_PRICE_BID,,1,C2028Q1T02,NSW1-QLD1,NSW1,1,10472.459990,,A202506
D,RESIDUE_PRICE_BID,,1,C2026Q1T10,NSW1-QLD1,NSW1,5,10368,,A202506
D,RESIDUE_PRICE_BID,,1,C2027Q1T06,NSW1-QLD1,NSW1,1,10314.04,,A202506
D,RESIDUE_PRICE_BID,,1,C2028Q1T02,NSW1-QLD1,NSW1,1,10261.61,,A202506
D,RESIDUE_PRICE_BID,,1,C2027Q4T03,NSW1-QLD1,NSW1,6,10092.988790,,A202506
D,RESIDUE_PRICE_BID,,1,C2027Q1T06,NSW1-QLD1,NSW1,1,10088.19,,A202506
D,RESIDUE_PRICE_BID,,1,C2028Q1T02,NSW1-QLD1,NSW1,1,10050.76,,A202506
D,RESIDUE_PRICE_BID,,1,C2026Q2T09,NSW1-QLD1,NSW1,1,10008.333010,,A202506
D,RESIDUE_PRICE_BID,,1,C2025Q3T12,NSW1-QLD1,NSW1,1,10008.333010,,A202506
D,RESIDUE_PRICE_BID,,1,C2026Q3T08,NSW1-QLD1,NSW1,1,10008.333010,,A202506
D,RESIDUE_PRICE_BID,,1,C2027Q2T05,NSW1-QLD1,NSW1,1,10008.333010,,A202506
D,RESIDUE_PRICE_BID,,1,C2027Q3T04,NSW1-QLD1,NSW1,1,10008.333010,,A202506
D,RESIDUE_PRICE_BID,,1,C2028Q1T02,NSW1-QLD1,NSW1,10,10003,,A202506
D,RESIDUE_PRICE_BID,,1,C2027Q1T06,NSW1-QLD1,NSW1,10,10003,,A202506
D,RESIDUE_PRICE_BID,,1,C2026Q1T10,NSW1-QLD1,NSW1,8,10003,,A202506
D,RESIDUE_PRICE_BID,,1,C2028Q1T02,NSW1-QLD1,NSW1,8,10003,,A202506
D,RESIDUE_PRICE_BID,,1,C2027Q1T06,NSW1-QLD1,NSW1,8,10003,,A202506
D,RESIDUE_PRICE_BID,,1,C2026Q1T10,NSW1-QLD1,NSW1,10,10003,,A202506
D,RESIDUE_PRICE_BID,,1,C2025Q4T11,NSW1-QLD1,NSW1,5,9993.20,,A202506
D,RESIDUE_PRICE_BID,,1,C2025Q4T11,NSW1-QLD1,NSW1,10,9947.04,,A202506
D,RESIDUE_PRICE_BID,,1,C2026Q4T07,NSW1-QLD1,NSW1,4,9912.70,,A202506
D,RESIDUE_PRICE_BID,,1,C2026Q1T10,NSW1-QLD1,NSW1,5,9872,,A202506
D,RESIDUE_PRICE_BID,,1,C2027Q1T06,NSW1-QLD1,NSW1,1,9862.34,,A202506
D,RESIDUE_PRICE_BID,,1,C2028Q1T02,NSW1-QLD1,NSW1,1,9839.90,,A202506
D,RESIDUE_PRICE_BID,,1,C2028Q1T02,NSW1-QLD1,NSW1,5,9666.20,,A202506
D,RESIDUE_PRICE_BID,,1,C2027Q1T06,NSW1-QLD1,NSW1,1,9636.48,,A202506
D,RESIDUE_PRICE_BID,,1,C2028Q1T02,NSW1-QLD1,NSW1,1,9629.04,,A202506
D,RESIDUE_PRICE_BID,,1,C2027Q1T06,NSW1-QLD1,NSW1,5,9479.219990,,A202506
D,RESIDUE_PRICE_BID,,1,C2028Q1T02,NSW1-QLD1,NSW1,5,9479.219990,,A202506
D,RESIDUE_PRICE_BID,,1,C2026Q1T10,NSW1-QLD1,NSW1,5,9479.219990,,A202506
D,RESIDUE_PRICE_BID,,1,C2025Q4T11,NSW1-QLD1,NSW1,9,9478.799990,,A202506
D,RESIDUE_PRICE_BID,,1,C2028Q1T02,NSW1-QLD1,NSW1,1,9418.19,,A202506
D,RESIDUE_PRICE_BID,,1,C2026Q4T07,NSW1-QLD1,NSW1,4,9406.95,,A202506
D,RESIDUE_PRICE_BID,,1,C2025Q4T11,NSW1-QLD1,NSW1,2,9375,,A202506
D,RESIDUE_PRICE_BID,,1,C2027Q1T06,NSW1-QLD1,NSW1,5,9262.66,,A202506
D,RESIDUE_PRICE_BID,,1,C2025Q4T11,NSW1-QLD1,NSW1,5,9216.20,,A202506
D,RESIDUE_PRICE_BID,,1,C2028Q1T02,NSW1-QLD1,NSW1,1,9207.34,,A202506
D,RESIDUE_PRICE_BID,,1,C2028Q1T02,NSW1-QLD1,NSW1,5,9172.799990,,A202506
D,RESIDUE_PRICE_BID,,1,C2027Q4T03,NSW1-QLD1,NSW1,6,9158.452790,,A202506
D,RESIDUE_PRICE_BID,,1,C2027Q4T03,NSW1-QLD1,NSW1,10,9140.129990,,A202506
D,RESIDUE_PRICE_BID,,1,C2026Q4T07,NSW1-QLD1,NSW1,10,9140.129990,,A202506
D,RESIDUE_PRICE_BID,,1,C2027Q4T03,NSW1-QLD1,NSW1,2,9108,,A202506
D,RESIDUE_PRICE_BID,,1,C2026Q1T10,NSW1-QLD1,NSW1,5,9067.659890,,A202506
D,RESIDUE_PRICE_BID,,1,C2027Q4T03,NSW1-QLD1,NSW1,5,9019.68,,A202506
D,RESIDUE_PRICE_BID,,1,C2025Q4T11,NSW1-QLD1,NSW1,6,9013,,A202506
D,RESIDUE_PRICE_BID,,1,C2026Q4T07,NSW1-QLD1,NSW1,3,9013,,A202506
D,RESIDUE_PRICE_BID,,1,C2026Q4T07,NSW1-QLD1,NSW1,8,9003,,A202506
D,RESIDUE_PRICE_BID,,1,C2026Q4T07,NSW1-QLD1,NSW1,10,9003,,A202506
D,RESIDUE_PRICE_BID,,1,C2025Q4T11,NSW1-QLD1,NSW1,8,9003,,A202506
D,RESIDUE_PRICE_BID,,1,C2025Q4T11,NSW1-QLD1,NSW1,10,9003,,A202506
D,RESIDUE_PRICE_BID,,1,C2028Q1T02,NSW1-QLD1,NSW1,1,8996.48,,A202506
D,RESIDUE_PRICE_BID,,1,C2025Q4T11,NSW1-QLD1,NSW1,10,8923.02,,A202506
D,RESIDUE_PRICE_BID,,1,C2026Q1T10,NSW1-QLD1,NSW1,13,8884.799990,,A202506
D,RESIDUE_PRICE_BID,,1,C2027Q1T06,NSW1-QLD1,NSW1,5,8867.659890,,A202506
D,RESIDUE_PRICE_BID,,1,C2028Q1T02,NSW1-QLD1,NSW1,5,8833.20,,A202506
D,RESIDUE_PRICE_BID,,1,C2025Q4T11,NSW1-QLD1,NSW1,15,8832,,A202506
D,RESIDUE_PRICE_BID,,1,C2026Q4T07,NSW1-QLD1,NSW1,15,8832,,A202506
D,RESIDUE_PRICE_BID,,1,C2028Q1T02,NSW1-QLD1,NSW1,5,8762.66,,A202506
D,RESIDUE_PRICE_BID,,1,C2027Q4T03,NSW1-QLD1,NSW1,6,8691.1848,,A202506
D,RESIDUE_PRICE_BID,,1,C2027Q4T03,NSW1-QLD1,NSW1,1,8603,,A202506
D,RESIDUE_PRICE_BID,,1,C2026Q4T07,NSW1-QLD1,NSW1,5,8492.20,,A202506
D,RESIDUE_PRICE_BID,,1,C2025Q4T11,NSW1-QLD1,NSW1,5,8439.20,,A202506
D,RESIDUE_PRICE_BID,,1,C2025Q4T11,NSW1-QLD1,NSW1,9,8425.60,,A202506
D,RESIDUE_PRICE_BID,,1,C2025Q4T11,NSW1-QLD1,NSW1,2,8391,,A202506
D,RESIDUE_PRICE_BID,,1,C2027Q1T06,NSW1-QLD1,NSW1,13,8336.3940,,A202506
D,RESIDUE_PRICE_BID,,1,C2027Q4T03,NSW1-QLD1,NSW1,10,8335.51,,A202506
D,RESIDUE_PRICE_BID,,1,C2027Q4T03,NSW1-QLD1,NSW1,15,8280,,A202506
D,RESIDUE_PRICE_BID,,1,C2027Q4T03,NSW1-QLD1,NSW1,2,8152,,A202506
D,RESIDUE_PRICE_BID,,1,C2026Q4T07,NSW1-QLD1,NSW1,9,8092,,A202506
D,RESIDUE_PRICE_BID,,1,C2028Q2T01,NSW1-QLD1,NSW1,2,8076.43,,A202506
D,RESIDUE_PRICE_BID,,1,C2027Q2T05,NSW1-QLD1,NSW1,10,8076.43,,A202506
D,RESIDUE_PRICE_BID,,1,C2027Q4T03,NSW1-QLD1,NSW1,3,8013,,A202506
D,RESIDUE_PRICE_BID,,1,C2025Q4T11,NSW1-QLD1,NSW1,10,8003,,A202506
D,RESIDUE_PRICE_BID,,1,C2026Q4T07,NSW1-QLD1,NSW1,8,8003,,A202506
D,RESIDUE_PRICE_BID,,1,C2025Q4T11,NSW1-QLD1,NSW1,8,8003,,A202506
D,RESIDUE_PRICE_BID,,1,C2028Q1T02,NSW1-QLD1,NSW1,8,8003,,A202506
D,RESIDUE_PRICE_BID,,1,C2026Q4T07,NSW1-QLD1,NSW1,10,8003,,A202506
D,RESIDUE_PRICE_BID,,1,C2026Q1T10,NSW1-QLD1,NSW1,8,8003,,A202506
D,RESIDUE_PRICE_BID,,1,C2028Q1T02,NSW1-QLD1,NSW1,10,8003,,A202506
D,RESIDUE_PRICE_BID,,1,C2027Q1T06,NSW1-QLD1,NSW1,10,8003,,A202506
D,RESIDUE_PRICE_BID,,1,C2027Q4T03,NSW1-QLD1,NSW1,8,8003,,A202506
D,RESIDUE_PRICE_BID,,1,C2026Q1T10,NSW1-QLD1,NSW1,10,8003,,A202506
D,RESIDUE_PRICE_BID,,1,C2027Q4T03,NSW1-QLD1,NSW1,10,8003,,A202506
D,RESIDUE_PRICE_BID,,1,C2027Q1T06,NSW1-QLD1,NSW1,8,8003,,A202506
D,RESIDUE_PRICE_BID,,1,C2027Q4T03,NSW1-QLD1,NSW1,5,7997.20,,A202506
D,RESIDUE_PRICE_BID,,1,C2026Q2T09,NSW1-QLD1,NSW1,5,7977.06,,A202506
D,RESIDUE_PRICE_BID,,1,C2027Q4T03,NSW1-QLD1,NSW1,5,7937.32,,A202506
D,RESIDUE_PRICE_BID,,1,C2025Q4T11,NSW1-QLD1,NSW1,10,7899,,A202506
D,RESIDUE_PRICE_BID,,1,C2026Q1T10,NSW1-QLD1,NSW1,1,7897.60,,A202506
D,RESIDUE_PRICE_BID,,1,C2028Q1T02,NSW1-QLD1,NSW1,18,7886.3940,,A202506
D,RESIDUE_PRICE_BID,,1,C2025Q4T11,NSW1-QLD1,NSW1,10,7840.13,,A202506
D,RESIDUE_PRICE_BID,,1,C2027Q4T03,NSW1-QLD1,NSW1,5,7681.63,,A202506
D,RESIDUE_PRICE_BID,,1,C2025Q4T11,NSW1-QLD1,NSW1,5,7662.20,,A202506
D,RESIDUE_PRICE_BID,,1,C2028Q2T01,NSW1-QLD1,NSW1,3,7633.08,,A202506
D,RESIDUE_PRICE_BID,,1,C2026Q4T07,NSW1-QLD1,NSW1,5,7604.20,,A202506
D,RESIDUE_PRICE_BID,,1,C2026Q4T07,NSW1-QLD1,NSW1,5,7514.64,,A202506
D,RESIDUE_PRICE_BID,,1,C2027Q4T03,NSW1-QLD1,NSW1,12,7476.2880,,A202506
D,RESIDUE_PRICE_BID,,1,C2027Q1T06,NSW1-QLD1,NSW1,2,7410.13,,A202506
D,RESIDUE_PRICE_BID,,1,C2025Q4T11,NSW1-QLD1,NSW1,2,7407,,A202506
D,RESIDUE_PRICE_BID,,1,C2025Q4T11,NSW1-QLD1,NSW1,5,7372.40,,A202506
D,RESIDUE_PRICE_BID,,1,C2026Q4T07,NSW1-QLD1,NSW1,5,7369.93,,A202506
D,RESIDUE_PRICE_BID,,1,C2027Q4T03,NSW1-QLD1,NSW1,5,7301.67,,A202506
D,RESIDUE_PRICE_BID,,1,C2026Q4T07,NSW1-QLD1,NSW1,5,7225.21,,A202506
D,RESIDUE_PRICE_BID,,1,C2027Q4T03,NSW1-QLD1,NSW1,5,7215.74,,A202506
D,RESIDUE_PRICE_BID,,1,C2027Q4T03,NSW1-QLD1,NSW1,2,7195,,A202506
D,RESIDUE_PRICE_BID,,1,C2027Q4T03,NSW1-QLD1,NSW1,5,7164.20,,A202506
D,RESIDUE_PRICE_BID,,1,C2026Q4T07,NSW1-QLD1,NSW1,2,7098,,A202506
D,RESIDUE_PRICE_BID,,1,C2028Q2T01,NSW1-QLD1,NSW1,1,7095,,A202506
D,RESIDUE_PRICE_BID,,1,C2026Q4T07,NSW1-QLD1,NSW1,8,7080.50,,A202506
D,RESIDUE_PRICE_BID,,1,C2027Q4T03,NSW1-QLD1,NSW1,1,7057,,A202506
D,RESIDUE_PRICE_BID,,1,C2025Q4T11,NSW1-QLD1,NSW1,1,7057,,A202506
D,RESIDUE_PRICE_BID,,1,C2026Q4T07,NSW1-QLD1,NSW1,1,7057,,A202506
D,RESIDUE_PRICE_BID,,1,C2025Q4T11,NSW1-QLD1,NSW1,5,7050,,A202506
D,RESIDUE_PRICE_BID,,1,C2026Q4T07,NSW1-QLD1,NSW1,10,7035.51,,A202506
D,RESIDUE_PRICE_BID,,1,C2028Q1T02,NSW1-QLD1,NSW1,10,7010.13,,A202506
D,RESIDUE_PRICE_BID,,1,C2025Q4T11,NSW1-QLD1,NSW1,8,7003,,A202506
D,RESIDUE_PRICE_BID,,1,C2025Q4T11,NSW1-QLD1,NSW1,10,7003,,A202506
D,RESIDUE_PRICE_BID,,1,C2026Q4T07,NSW1-QLD1,NSW1,10,7003,,A202506
D,RESIDUE_PRICE_BID,,1,C2027Q4T03,NSW1-QLD1,NSW1,8,7003,,A202506
D,RESIDUE_PRICE_BID,,1,C2027Q4T03,NSW1-QLD1,NSW1,10,7003,,A202506
D,RESIDUE_PRICE_BID,,1,C2026Q4T07,NSW1-QLD1,NSW1,8,7003,,A202506
D,RESIDUE_PRICE_BID,,1,C2028Q2T01,NSW1-QLD1,NSW1,10,6961.04,,A202506
D,RESIDUE_PRICE_BID,,1,C2025Q4T11,NSW1-QLD1,NSW1,1,6951.14,,A202506
D,RESIDUE_PRICE_BID,,1,C2026Q4T07,NSW1-QLD1,NSW1,1,6951.14,,A202506
D,RESIDUE_PRICE_BID,,1,C2027Q4T03,NSW1-QLD1,NSW1,1,6951.14,,A202506
D,RESIDUE_PRICE_BID,,1,C2027Q4T03,NSW1-QLD1,NSW1,5,6921.71,,A202506
D,RESIDUE_PRICE_BID,,1,C2025Q4T11,NSW1-QLD1,NSW1,5,6885.20,,A202506
D,RESIDUE_PRICE_BID,,1,C2027Q4T03,NSW1-QLD1,NSW1,1,6882,,A202506
D,RESIDUE_PRICE_BID,,1,C2027Q4T03,NSW1-QLD1,NSW1,1,6845.29,,A202506
D,RESIDUE_PRICE_BID,,1,C2025Q4T11,NSW1-QLD1,NSW1,1,6845.29,,A202506
D,RESIDUE_PRICE_BID,,1,C2026Q4T07,NSW1-QLD1,NSW1,1,6845.29,,A202506
D,RESIDUE_PRICE_BID,,1,C2026Q2T09,NSW1-QLD1,NSW1,5,6757.27,,A202506
D,RESIDUE_PRICE_BID,,1,C2025Q4T11,NSW1-QLD1,NSW1,2,6750,,A202506
D,RESIDUE_PRICE_BID,,1,C2027Q4T03,NSW1-QLD1,NSW1,1,6739.44,,A202506
D,RESIDUE_PRICE_BID,,1,C2025Q4T11,NSW1-QLD1,NSW1,1,6739.44,,A202506
D,RESIDUE_PRICE_BID,,1,C2026Q4T07,NSW1-QLD1,NSW1,1,6739.44,,A202506
D,RESIDUE_PRICE_BID,,1,C2028Q2T01,NSW1-QLD1,NSW1,2,6717.11,,A202506
D,RESIDUE_PRICE_BID,,1,C2026Q4T07,NSW1-QLD1,NSW1,5,6716.20,,A202506
D,RESIDUE_PRICE_BID,,1,C2025Q3T12,NSW1-QLD1,NSW1,1,6672.222160,,A202506
D,RESIDUE_PRICE_BID,,1,C2026Q2T09,NSW1-QLD1,NSW1,1,6672.222160,,A202506
D,RESIDUE_PRICE_BID,,1,C2026Q3T08,NSW1-QLD1,NSW1,1,6672.222160,,A202506
D,RESIDUE_PRICE_BID,,1,C2027Q3T04,NSW1-QLD1,NSW1,1,6672.222160,,A202506
D,RESIDUE_PRICE_BID,,1,C2027Q2T05,NSW1-QLD1,NSW1,1,6672.222160,,A202506
D,RESIDUE_PRICE_BID,,1,C2025Q4T11,NSW1-QLD1,NSW1,1,6633.58,,A202506
D,RESIDUE_PRICE_BID,,1,C2026Q4T07,NSW1-QLD1,NSW1,1,6633.58,,A202506
D,RESIDUE_PRICE_BID,,1,C2027Q4T03,NSW1-QLD1,NSW1,1,6633.58,,A202506
D,RESIDUE_PRICE_BID,,1,C2026Q4T07,NSW1-QLD1,NSW1,5,6574.75,,A202506
D,RESIDUE_PRICE_BID,,1,C2026Q4T07,NSW1-QLD1,NSW1,9,6574.75,,A202506
D,RESIDUE_PRICE_BID,,1,C2026Q3T08,NSW1-QLD1,NSW1,10,6566.59,,A202506
D,RESIDUE_PRICE_BID,,1,C2027Q4T03,NSW1-QLD1,NSW1,2,6558,,A202506
D,RESIDUE_PRICE_BID,,1,C2027Q3T04,NSW1-QLD1,NSW1,10,6543.63,,A202506
D,RESIDUE_PRICE_BID,,1,C2027Q4T03,NSW1-QLD1,NSW1,8,6541.75,,A202506
D,RESIDUE_PRICE_BID,,1,C2026Q4T07,NSW1-QLD1,NSW1,1,6527.72,,A202506
D,RESIDUE_PRICE_BID,,1,C2025Q4T11,NSW1-QLD1,NSW1,1,6527.72,,A202506
D,RESIDUE_PRICE_BID,,1,C2027Q4T03,NSW1-QLD1,NSW1,1,6527.72,,A202506
D,RESIDUE_PRICE_BID,,1,C2027Q4T03,NSW1-QLD1,NSW1,3,6494.17,,A202506
D,RESIDUE_PRICE_BID,,1,C2025Q4T11,NSW1-QLD1,NSW1,1,6421.87,,A202506
D,RESIDUE_PRICE_BID,,1,C2026Q4T07,NSW1-QLD1,NSW1,1,6421.87,,A202506
D,RESIDUE_PRICE_BID,,1,C2027Q4T03,NSW1-QLD1,NSW1,1,6421.87,,A202506
D,RESIDUE_PRICE_BID,,1,C2027Q2T05,NSW1-QLD1,NSW1,10,6403.34,,A202506
D,RESIDUE_PRICE_BID,,1,C2026Q4T07,NSW1-QLD1,NSW1,2,6353,,A202506
D,RESIDUE_PRICE_BID,,1,C2027Q4T03,NSW1-QLD1,NSW1,5,6331.20,,A202506
D,RESIDUE_PRICE_BID,,1,C2026Q4T07,NSW1-QLD1,NSW1,1,6316.02,,A202506
D,RESIDUE_PRICE_BID,,1,C2027Q4T03,NSW1-QLD1,NSW1,1,6316.02,,A202506
D,RESIDUE_PRICE_BID,,1,C2025Q4T11,NSW1-QLD1,NSW1,1,6316.02,,A202506
D,RESIDUE_PRICE_BID,,1,C2027Q4T03,NSW1-QLD1,NSW1,1,6210.16,,A202506
D,RESIDUE_PRICE_BID,,1,C2026Q4T07,NSW1-QLD1,NSW1,1,6210.16,,A202506
D,RESIDUE_PRICE_BID,,1,C2025Q4T11,NSW1-QLD1,NSW1,1,6210.16,,A202506
D,RESIDUE_PRICE_BID,,1,C2025Q4T11,NSW1-QLD1,NSW1,5,6200,,A202506
D,RESIDUE_PRICE_BID,,1,C2026Q3T08,NSW1-QLD1,NSW1,5,6200,,A202506
D,RESIDUE_PRICE_BID,,1,C2025Q3T12,NSW1-QLD1,NSW1,5,6200,,A202506
D,RESIDUE_PRICE_BID,,1,C2027Q1T06,NSW1-QLD1,NSW1,5,6200,,A202506
D,RESIDUE_PRICE_BID,,1,C2026Q2T09,NSW1-QLD1,NSW1,5,6200,,A202506
D,RESIDUE_PRICE_BID,,1,C2026Q1T10,NSW1-QLD1,NSW1,5,6200,,A202506
D,RESIDUE_PRICE_BID,,1,C2026Q4T07,NSW1-QLD1,NSW1,5,6200,,A202506
D,RESIDUE_PRICE_BID,,1,C2025Q3T12,NSW1-QLD1,NSW1,5,6184.06,,A202506
D,RESIDUE_PRICE_BID,,1,C2025Q4T11,NSW1-QLD1,NSW1,5,6108.20,,A202506
D,RESIDUE_PRICE_BID,,1,C2028Q2T01,NSW1-QLD1,NSW1,5,6106.46,,A202506
D,RESIDUE_PRICE_BID,,1,C2027Q4T03,NSW1-QLD1,NSW1,1,6104.30,,A202506
D,RESIDUE_PRICE_BID,,1,C2025Q4T11,NSW1-QLD1,NSW1,1,6104.30,,A202506
D,RESIDUE_PRICE_BID,,1,C2026Q4T07,NSW1-QLD1,NSW1,1,6104.30,,A202506
D,RESIDUE_PRICE_BID,,1,C2025Q4T11,NSW1-QLD1,NSW1,2,6094,,A202506
D,RESIDUE_PRICE_BID,,1,C2027Q4T03,NSW1-QLD1,NSW1,12,6074.4840,,A202506
D,RESIDUE_PRICE_BID,,1,C2027Q4T03,NSW1-QLD1,NSW1,5,6074.48,,A202506
D,RESIDUE_PRICE_BID,,1,C2025Q4T11,NSW1-QLD1,NSW1,5,6067.659890,,A202506
D,RESIDUE_PRICE_BID,,1,C2025Q4T11,NSW1-QLD1,NSW1,10,6035.51,,A202506
D,RESIDUE_PRICE_BID,,1,C2025Q4T11,NSW1-QLD1,NSW1,1,5998.45,,A202506
D,RESIDUE_PRICE_BID,,1,C2027Q4T03,NSW1-QLD1,NSW1,1,5998.45,,A202506
D,RESIDUE_PRICE_BID,,1,C2026Q4T07,NSW1-QLD1,NSW1,1,5998.45,,A202506
D,RESIDUE_PRICE_BID,,1,C2027Q3T04,NSW1-QLD1,NSW1,1,5988,,A202506
D,RESIDUE_PRICE_BID,,1,C2026Q1T10,NSW1-QLD1,NSW1,2,5923.20,,A202506
D,RESIDUE_PRICE_BID,,1,C2027Q4T03,NSW1-QLD1,NSW1,2,5920,,A202506
D,RESIDUE_PRICE_BID,,1,C2028Q2T01,NSW1-QLD1,NSW1,2,5913,,A202506
D,RESIDUE_PRICE_BID,,1,C2026Q4T07,NSW1-QLD1,NSW1,1,5892.59,,A202506
D,RESIDUE_PRICE_BID,,1,C2027Q4T03,NSW1-QLD1,NSW1,1,5892.59,,A202506
D,RESIDUE_PRICE_BID,,1,C2025Q4T11,NSW1-QLD1,NSW1,1,5892.59,,A202506
D,RESIDUE_PRICE_BID,,1,C2028Q2T01,NSW1-QLD1,NSW1,10,5845.64,,A202506
D,RESIDUE_PRICE_BID,,1,C2026Q4T07,NSW1-QLD1,NSW1,5,5828.20,,A202506
D,RESIDUE_PRICE_BID,,1,C2027Q3T04,NSW1-QLD1,NSW1,10,5799.57,,A202506
D,RESIDUE_PRICE_BID,,1,C2025Q4T11,NSW1-QLD1,NSW1,1,5786.74,,A202506
D,RESIDUE_PRICE_BID,,1,C2026Q4T07,NSW1-QLD1,NSW1,1,5786.74,,A202506
D,RESIDUE_PRICE_BID,,1,C2027Q4T03,NSW1-QLD1,NSW1,1,5786.74,,A202506
D,RESIDUE_PRICE_BID,,1,C2026Q4T07,NSW1-QLD1,NSW1,5,5767.659890,,A202506
D,RESIDUE_PRICE_BID,,1,C2027Q4T03,NSW1-QLD1,NSW1,1,5680.88,,A202506
D,RESIDUE_PRICE_BID,,1,C2026Q4T07,NSW1-QLD1,NSW1,1,5680.88,,A202506
D,RESIDUE_PRICE_BID,,1,C2025Q4T11,NSW1-QLD1,NSW1,1,5680.88,,A202506
D,RESIDUE_PRICE_BID,,1,C2026Q4T07,NSW1-QLD1,NSW1,2,5608,,A202506
D,RESIDUE_PRICE_BID,,1,C2026Q4T07,NSW1-QLD1,NSW1,1,5575.03,,A202506
D,RESIDUE_PRICE_BID,,1,C2027Q4T03,NSW1-QLD1,NSW1,1,5575.03,,A202506
D,RESIDUE_PRICE_BID,,1,C2025Q4T11,NSW1-QLD1,NSW1,1,5575.03,,A202506
D,RESIDUE_PRICE_BID,,1,C2027Q1T06,NSW1-QLD1,NSW1,5,5557.60,,A202506
D,RESIDUE_PRICE_BID,,1,C2026Q3T08,NSW1-QLD1,NSW1,4,5540.4475,,A202506
D,RESIDUE_PRICE_BID,,1,C2026Q2T09,NSW1-QLD1,NSW1,5,5537.48,,A202506
D,RESIDUE_PRICE_BID,,1,C2027Q4T03,NSW1-QLD1,NSW1,5,5498.20,,A202506
D,RESIDUE_PRICE_BID,,1,C2027Q4T03,NSW1-QLD1,NSW1,1,5469.18,,A202506
D,RESIDUE_PRICE_BID,,1,C2025Q4T11,NSW1-QLD1,NSW1,1,5469.18,,A202506
D,RESIDUE_PRICE_BID,,1,C2026Q4T07,NSW1-QLD1,NSW1,1,5469.18,,A202506
D,RESIDUE_PRICE_BID,,1,C2027Q4T03,NSW1-QLD1,NSW1,5,5443.89,,A202506
D,RESIDUE_PRICE_BID,,1,C2025Q3T12,NSW1-QLD1,NSW1,5,5372.71,,A202506
D,RESIDUE_PRICE_BID,,1,C2026Q4T07,NSW1-QLD1,NSW1,1,5363.32,,A202506
D,RESIDUE_PRICE_BID,,1,C2025Q4T11,NSW1-QLD1,NSW1,1,5363.32,,A202506
D,RESIDUE_PRICE_BID,,1,C2027Q4T03,NSW1-QLD1,NSW1,1,5363.32,,A202506
D,RESIDUE_PRICE_BID,,1,C2025Q4T11,NSW1-QLD1,NSW1,5,5331.20,,A202506
D,RESIDUE_PRICE_BID,,1,C2026Q3T08,NSW1-QLD1,NSW1,10,5324.52,,A202506
D,RESIDUE_PRICE_BID,,1,C2026Q4T07,NSW1-QLD1,NSW1,5,5299.20,,A202506
D,RESIDUE_PRICE_BID,,1,C2025Q4T11,NSW1-QLD1,NSW1,5,5299.20,,A202506
D,RESIDUE_PRICE_BID,,1,C2025Q4T11,NSW1-QLD1,NSW1,5,5266,,A202506
D,RESIDUE_PRICE_BID,,1,C2028Q1T02,NSW1-QLD1,NSW1,10,5257.60,,A202506
D,RESIDUE_PRICE_BID,,1,C2027Q4T03,NSW1-QLD1,NSW1,1,5257.46,,A202506
D,RESIDUE_PRICE_BID,,1,C2026Q4T07,NSW1-QLD1,NSW1,1,5257.46,,A202506
D,RESIDUE_PRICE_BID,,1,C2025Q4T11,NSW1-QLD1,NSW1,1,5257.46,,A202506
D,RESIDUE_PRICE_BID,,1,C2025Q4T11,NSW1-QLD1,NSW1,2,5250,,A202506
D,RESIDUE_PRICE_BID,,1,C2026Q4T07,NSW1-QLD1,NSW1,5,5250,,A202506
D,RESIDUE_PRICE_BID,,1,C2026Q1T10,NSW1-QLD1,NSW1,20,5184,,A202506
D,RESIDUE_PRICE_BID,,1,C2025Q4T11,NSW1-QLD1,NSW1,1,5151.609990,,A202506
D,RESIDUE_PRICE_BID,,1,C2027Q4T03,NSW1-QLD1,NSW1,1,5151.609990,,A202506
D,RESIDUE_PRICE_BID,,1,C2026Q4T07,NSW1-QLD1,NSW1,1,5151.609990,,A202506
D,RESIDUE_PRICE_BID,,1,C2026Q4T07,NSW1-QLD1,NSW1,2,5111,,A202506
D,RESIDUE_PRICE_BID,,1,C2026Q4T07,NSW1-QLD1,NSW1,5,5057.50,,A202506
D,RESIDUE_PRICE_BID,,1,C2027Q3T04,NSW1-QLD1,NSW1,10,5055.51,,A202506
D,RESIDUE_PRICE_BID,,1,C2025Q4T11,NSW1-QLD1,NSW1,2,5050,,A202506
D,RESIDUE_PRICE_BID,,1,C2025Q4T11,NSW1-QLD1,NSW1,1,5045.76,,A202506
D,RESIDUE_PRICE_BID,,1,C2027Q4T03,NSW1-QLD1,NSW1,1,5045.76,,A202506
D,RESIDUE_PRICE_BID,,1,C2026Q4T07,NSW1-QLD1,NSW1,1,5045.76,,A202506
D,RESIDUE_PRICE_BID,,1,C2025Q4T11,NSW1-QLD1,NSW1,10,5003,,A202506
D,RESIDUE_PRICE_BID,,1,C2027Q4T03,NSW1-QLD1,NSW1,8,5003,,A202506
D,RESIDUE_PRICE_BID,,1,C2026Q4T07,NSW1-QLD1,NSW1,10,5003,,A202506
D,RESIDUE_PRICE_BID,,1,C2026Q4T07,NSW1-QLD1,NSW1,8,5003,,A202506
D,RESIDUE_PRICE_BID,,1,C2025Q4T11,NSW1-QLD1,NSW1,8,5003,,A202506
D,RESIDUE_PRICE_BID,,1,C2027Q4T03,NSW1-QLD1,NSW1,10,5003,,A202506
D,RESIDUE_PRICE_BID,,1,C2027Q3T04,NSW1-QLD1,NSW1,3,4990,,A202506
D,RESIDUE_PRICE_BID,,1,C2027Q4T03,NSW1-QLD1,NSW1,5,4968,,A202506
D,RESIDUE_PRICE_BID,,1,C2026Q3T08,NSW1-QLD1,NSW1,4,4957.2425,,A202506
D,RESIDUE_PRICE_BID,,1,C2026Q4T07,NSW1-QLD1,NSW1,5,4940.20,,A202506
D,RESIDUE_PRICE_BID,,1,C2026Q4T07,NSW1-QLD1,NSW1,1,4939.899990,,A202506
D,RESIDUE_PRICE_BID,,1,C2025Q4T11,NSW1-QLD1,NSW1,1,4939.899990,,A202506
D,RESIDUE_PRICE_BID,,1,C2027Q4T03,NSW1-QLD1,NSW1,1,4939.899990,,A202506
D,RESIDUE_PRICE_BID,,1,C2025Q4T11,NSW1-QLD1,NSW1,2,4850,,A202506
D,RESIDUE_PRICE_BID,,1,C2027Q4T03,NSW1-QLD1,NSW1,1,4834.04,,A202506
D,RESIDUE_PRICE_BID,,1,C2026Q4T07,NSW1-QLD1,NSW1,1,4834.04,,A202506
D,RESIDUE_PRICE_BID,,1,C2025Q4T11,NSW1-QLD1,NSW1,1,4834.04,,A202506
D,RESIDUE_PRICE_BID,,1,C2026Q2T09,NSW1-QLD1,NSW1,4,4825.6580,,A202506
D,RESIDUE_PRICE_BID,,1,C2026Q3T08,NSW1-QLD1,NSW1,10,4803.45,,A202506
D,RESIDUE_PRICE_BID,,1,C2027Q3T04,NSW1-QLD1,NSW1,6,4802.734490,,A202506
D,RESIDUE_PRICE_BID,,1,C2026Q4T07,NSW1-QLD1,NSW1,2,4750,,A202506
D,RESIDUE_PRICE_BID,,1,C2025Q3T12,NSW1-QLD1,NSW1,5,4750,,A202506
D,RESIDUE_PRICE_BID,,1,C2028Q2T01,NSW1-QLD1,NSW1,6,4750,,A202506
D,RESIDUE_PRICE_BID,,1,C2025Q3T12,NSW1-QLD1,NSW1,5,4745.20,,A202506
D,RESIDUE_PRICE_BID,,1,C2025Q4T11,NSW1-QLD1,NSW1,13,4739.399990,,A202506
D,RESIDUE_PRICE_BID,,1,C2027Q2T05,NSW1-QLD1,NSW1,10,4730.25,,A202506
D,RESIDUE_PRICE_BID,,1,C2028Q2T01,NSW1-QLD1,NSW1,10,4730.25,,A202506
D,RESIDUE_PRICE_BID,,1,C2028Q2T01,NSW1-QLD1,NSW1,1,4730,,A202506
D,RESIDUE_PRICE_BID,,1,C2025Q4T11,NSW1-QLD1,NSW1,1,4728.189990,,A202506
D,RESIDUE_PRICE_BID,,1,C2026Q4T07,NSW1-QLD1,NSW1,1,4728.189990,,A202506
D,RESIDUE_PRICE_BID,,1,C2027Q4T03,NSW1-QLD1,NSW1,1,4728.189990,,A202506
D,RESIDUE_PRICE_BID,,1,C2027Q3T04,NSW1-QLD1,NSW1,10,4703.45,,A202506
D,RESIDUE_PRICE_BID,,1,C2027Q4T03,NSW1-QLD1,NSW1,5,4672.68,,A202506
D,RESIDUE_PRICE_BID,,1,C2027Q4T03,NSW1-QLD1,NSW1,5,4665.20,,A202506
D,RESIDUE_PRICE_BID,,1,C2025Q4T11,NSW1-QLD1,NSW1,2,4650,,A202506
D,RESIDUE_PRICE_BID,,1,C2025Q4T11,NSW1-QLD1,NSW1,1,4622.34,,A202506
D,RESIDUE_PRICE_BID,,1,C2026Q4T07,NSW1-QLD1,NSW1,1,4622.34,,A202506
D,RESIDUE_PRICE_BID,,1,C2027Q4T03,NSW1-QLD1,NSW1,1,4622.34,,A202506
D,RESIDUE_PRICE_BID,,1,C2026Q4T07,NSW1-QLD1,NSW1,2,4614,,A202506
D,RESIDUE_PRICE_BID,,1,C2028Q1T02,NSW1-QLD1,NSW1,20,4586.399990,,A202506
D,RESIDUE_PRICE_BID,,1,C2025Q3T12,NSW1-QLD1,NSW1,5,4561.35,,A202506
D,RESIDUE_PRICE_BID,,1,C2025Q4T11,NSW1-QLD1,NSW1,5,4554.20,,A202506
D,RESIDUE_PRICE_BID,,1,C2026Q4T07,NSW1-QLD1,NSW1,13,4551.75,,A202506
D,RESIDUE_PRICE_BID,,1,C2027Q3T04,NSW1-QLD1,NSW1,4,4534,,A202506
D,RESIDUE_PRICE_BID,,1,C2027Q4T03,NSW1-QLD1,NSW1,1,4516.479990,,A202506
D,RESIDUE_PRICE_BID,,1,C2026Q4T07,NSW1-QLD1,NSW1,1,4516.479990,,A202506
D,RESIDUE_PRICE_BID,,1,C2025Q4T11,NSW1-QLD1,NSW1,1,4516.479990,,A202506
D,RESIDUE_PRICE_BID,,1,C2027Q3T04,NSW1-QLD1,NSW1,5,4496.20,,A202506
D,RESIDUE_PRICE_BID,,1,C2028Q2T01,NSW1-QLD1,NSW1,5,4496.20,,A202506
D,RESIDUE_PRICE_BID,,1,C2027Q2T05,NSW1-QLD1,NSW1,5,4496.20,,A202506
D,RESIDUE_PRICE_BID,,1,C2026Q3T08,NSW1-QLD1,NSW1,5,4496.20,,A202506
D,RESIDUE_PRICE_BID,,1,C2026Q2T09,NSW1-QLD1,NSW1,5,4496.20,,A202506
D,RESIDUE_PRICE_BID,,1,C2027Q2T05,NSW1-QLD1,NSW1,4,4493.7375,,A202506
D,RESIDUE_PRICE_BID,,1,C2028Q2T01,NSW1-QLD1,NSW1,5,4476.45,,A202506
D,RESIDUE_PRICE_BID,,1,C2026Q2T09,NSW1-QLD1,NSW1,5,4476.45,,A202506
D,RESIDUE_PRICE_BID,,1,C2027Q2T05,NSW1-QLD1,NSW1,5,4476.45,,A202506
D,RESIDUE_PRICE_BID,,1,C2025Q4T11,NSW1-QLD1,NSW1,2,4450,,A202506
D,RESIDUE_PRICE_BID,,1,C2025Q4T11,NSW1-QLD1,NSW1,5,4443.89,,A202506
D,RESIDUE_PRICE_BID,,1,C2026Q4T07,NSW1-QLD1,NSW1,5,4443.89,,A202506
D,RESIDUE_PRICE_BID,,1,C2025Q3T12,NSW1-QLD1,NSW1,5,4440.20,,A202506
D,RESIDUE_PRICE_BID,,1,C2025Q3T12,NSW1-QLD1,NSW1,15,4416,,A202506
D,RESIDUE_PRICE_BID,,1,C2026Q3T08,NSW1-QLD1,NSW1,15,4416,,A202506
D,RESIDUE_PRICE_BID,,1,C2027Q4T03,NSW1-QLD1,NSW1,5,4389.52,,A202506
D,RESIDUE_PRICE_BID,,1,C2026Q3T08,NSW1-QLD1,NSW1,4,4374.0375,,A202506
D,RESIDUE_PRICE_BID,,1,C2026Q2T09,NSW1-QLD1,NSW1,10,4368,,A202506
D,RESIDUE_PRICE_BID,,1,C2026Q2T09,NSW1-QLD1,NSW1,4,4317.6940,,A202506
D,RESIDUE_PRICE_BID,,1,C2026Q2T09,NSW1-QLD1,NSW1,10,4317.689990,,A202506
D,RESIDUE_PRICE_BID,,1,C2027Q3T04,NSW1-QLD1,NSW1,6,4297.1835,,A202506
D,RESIDUE_PRICE_BID,,1,C2028Q2T01,NSW1-QLD1,NSW1,6,4250,,A202506
D,RESIDUE_PRICE_BID,,1,C2025Q4T11,NSW1-QLD1,NSW1,2,4250,,A202506
D,RESIDUE_PRICE_BID,,1,C2026Q4T07,NSW1-QLD1,NSW1,2,4250,,A202506
D,RESIDUE_PRICE_BID,,1,C2025Q3T12,NSW1-QLD1,NSW1,5,4250,,A202506
D,RESIDUE_PRICE_BID,,1,C2025Q4T11,NSW1-QLD1,NSW1,1,4212.80,,A202506
D,RESIDUE_PRICE_BID,,1,C2027Q4T03,NSW1-QLD1,NSW1,18,4205.4120,,A202506
D,RESIDUE_PRICE_BID,,1,C2025Q3T12,NSW1-QLD1,NSW1,5,4135.20,,A202506
D,RESIDUE_PRICE_BID,,1,C2026Q3T08,NSW1-QLD1,NSW1,10,4082.44,,A202506
D,RESIDUE_PRICE_BID,,1,C2027Q3T04,NSW1-QLD1,NSW1,4,4058,,A202506
D,RESIDUE_PRICE_BID,,1,C2026Q2T09,NSW1-QLD1,NSW1,1,4057,,A202506
D,RESIDUE_PRICE_BID,,1,C2027Q3T04,NSW1-QLD1,NSW1,1,4057,,A202506
D,RESIDUE_PRICE_BID,,1,C2026Q3T08,NSW1-QLD1,NSW1,5,4052.20,,A202506
D,RESIDUE_PRICE_BID,,1,C2027Q2T05,NSW1-QLD1,NSW1,5,4052.20,,A202506
D,RESIDUE_PRICE_BID,,1,C2028Q2T01,NSW1-QLD1,NSW1,5,4052.20,,A202506
D,RESIDUE_PRICE_BID,,1,C2027Q3T04,NSW1-QLD1,NSW1,5,4052.20,,A202506
D,RESIDUE_PRICE_BID,,1,C2026Q2T09,NSW1-QLD1,NSW1,5,4052.20,,A202506
D,RESIDUE_PRICE_BID,,1,C2026Q4T07,NSW1-QLD1,NSW1,5,4052.20,,A202506
D,RESIDUE_PRICE_BID,,1,C2026Q4T07,NSW1-QLD1,NSW1,2,4046,,A202506
D,RESIDUE_PRICE_BID,,1,C2027Q2T05,NSW1-QLD1,NSW1,4,4020.7125,,A202506
D,RESIDUE_PRICE_BID,,1,C2027Q3T04,NSW1-QLD1,NSW1,4,4003,,A202506
D,RESIDUE_PRICE_BID,,1,C2026Q3T08,NSW1-QLD1,NSW1,1,4003,,A202506
D,RESIDUE_PRICE_BID,,1,C2025Q3T12,NSW1-QLD1,NSW1,3,4003,,A202506
D,RESIDUE_PRICE_BID,,1,C2026Q2T09,NSW1-QLD1,NSW1,1,3996.14,,A202506
D,RESIDUE_PRICE_BID,,1,C2027Q3T04,NSW1-QLD1,NSW1,1,3996.14,,A202506
D,RESIDUE_PRICE_BID,,1,C2027Q3T04,NSW1-QLD1,NSW1,1,3992,,A202506
D,RESIDUE_PRICE_BID,,1,C2026Q1T10,NSW1-QLD1,NSW1,2,3948.80,,A202506
D,RESIDUE_PRICE_BID,,1,C2026Q2T09,NSW1-QLD1,NSW1,1,3935.29,,A202506
D,RESIDUE_PRICE_BID,,1,C2027Q3T04,NSW1-QLD1,NSW1,1,3935.29,,A202506
D,RESIDUE_PRICE_BID,,1,C2026Q2T09,NSW1-QLD1,NSW1,10,3903,,A202506
D,RESIDUE_PRICE_BID,,1,C2028Q2T01,NSW1-QLD1,NSW1,8,3903,,A202506
D,RESIDUE_PRICE_BID,,1,C2026Q3T08,NSW1-QLD1,NSW1,10,3903,,A202506
D,RESIDUE_PRICE_BID,,1,C2028Q2T01,NSW1-QLD1,NSW1,5,3903,,A202506
D,RESIDUE_PRICE_BID,,1,C2027Q3T04,NSW1-QLD1,NSW1,10,3903,,A202506
D,RESIDUE_PRICE_BID,,1,C2027Q2T05,NSW1-QLD1,NSW1,8,3903,,A202506
D,RESIDUE_PRICE_BID,,1,C2026Q2T09,NSW1-QLD1,NSW1,8,3903,,A202506
D,RESIDUE_PRICE_BID,,1,C2027Q2T05,NSW1-QLD1,NSW1,10,3903,,A202506
D,RESIDUE_PRICE_BID,,1,C2026Q3T08,NSW1-QLD1,NSW1,8,3903,,A202506
D,RESIDUE_PRICE_BID,,1,C2025Q3T12,NSW1-QLD1,NSW1,10,3903,,A202506
D,RESIDUE_PRICE_BID,,1,C2025Q3T12,NSW1-QLD1,NSW1,8,3903,,A202506
D,RESIDUE_PRICE_BID,,1,C2027Q3T04,NSW1-QLD1,NSW1,8,3903,,A202506
D,RESIDUE_PRICE_BID,,1,C2026Q2T09,NSW1-QLD1,NSW1,1,3874.44,,A202506
D,RESIDUE_PRICE_BID,,1,C2027Q3T04,NSW1-QLD1,NSW1,1,3874.44,,A202506
D,RESIDUE_PRICE_BID,,1,C2027Q3T04,NSW1-QLD1,NSW1,15,3864,,A202506
D,RESIDUE_PRICE_BID,,1,C2026Q3T08,NSW1-QLD1,NSW1,10,3855.51,,A202506
D,RESIDUE_PRICE_BID,,1,C2027Q4T03,NSW1-QLD1,NSW1,5,3832.20,,A202506
D,RESIDUE_PRICE_BID,,1,C2025Q3T12,NSW1-QLD1,NSW1,5,3830.20,,A202506
D,RESIDUE_PRICE_BID,,1,C2028Q2T01,NSW1-QLD1,NSW1,15,3822,,A202506
D,RESIDUE_PRICE_BID,,1,C2027Q2T05,NSW1-QLD1,NSW1,15,3822,,A202506
D,RESIDUE_PRICE_BID,,1,C2026Q2T09,NSW1-QLD1,NSW1,1,3813.58,,A202506
D,RESIDUE_PRICE_BID,,1,C2027Q3T04,NSW1-QLD1,NSW1,1,3813.58,,A202506
D,RESIDUE_PRICE_BID,,1,C2026Q2T09,NSW1-QLD1,NSW1,4,3809.73,,A202506
D,RESIDUE_PRICE_BID,,1,C2026Q2T09,NSW1-QLD1,NSW1,5,3809.73,,A202506
D,RESIDUE_PRICE_BID,,1,C2027Q3T04,NSW1-QLD1,NSW1,6,3791.6325,,A202506
D,RESIDUE_PRICE_BID,,1,C2027Q3T04,NSW1-QLD1,NSW1,5,3791.63,,A202506
D,RESIDUE_PRICE_BID,,1,C2026Q3T08,NSW1-QLD1,NSW1,5,3790.83,,A202506
D,RESIDUE_PRICE_BID,,1,C2028Q2T01,NSW1-QLD1,NSW1,1,3784,,A202506
D,RESIDUE_PRICE_BID,,1,C2027Q3T04,NSW1-QLD1,NSW1,10,3777.51,,A202506
D,RESIDUE_PRICE_BID,,1,C2025Q4T11,NSW1-QLD1,NSW1,5,3777.20,,A202506
D,RESIDUE_PRICE_BID,,1,C2026Q3T08,NSW1-QLD1,NSW1,1,3757,,A202506
D,RESIDUE_PRICE_BID,,1,C2027Q3T04,NSW1-QLD1,NSW1,1,3752.73,,A202506
D,RESIDUE_PRICE_BID,,1,C2026Q2T09,NSW1-QLD1,NSW1,1,3752.73,,A202506
D,RESIDUE_PRICE_BID,,1,C2025Q3T12,NSW1-QLD1,NSW1,10,3750,,A202506
D,RESIDUE_PRICE_BID,,1,C2025Q3T12,NSW1-QLD1,NSW1,5,3750,,A202506
D,RESIDUE_PRICE_BID,,1,C2028Q2T01,NSW1-QLD1,NSW1,6,3750,,A202506
D,RESIDUE_PRICE_BID,,1,C2026Q4T07,NSW1-QLD1,NSW1,2,3750,,A202506
D,RESIDUE_PRICE_BID,,1,C2027Q4T03,NSW1-QLD1,NSW1,10,3738.14,,A202506
D,RESIDUE_PRICE_BID,,1,C2027Q1T06,NSW1-QLD1,NSW1,5,3705.06,,A202506
D,RESIDUE_PRICE_BID,,1,C2026Q3T08,NSW1-QLD1,NSW1,1,3700.64,,A202506
D,RESIDUE_PRICE_BID,,1,C2026Q2T09,NSW1-QLD1,NSW1,1,3691.87,,A202506
D,RESIDUE_PRICE_BID,,1,C2027Q3T04,NSW1-QLD1,NSW1,1,3691.87,,A202506
D,RESIDUE_PRICE_BID,,1,C2025Q3T12,NSW1-QLD1,NSW1,10,3676.45,,A202506
D,RESIDUE_PRICE_BID,,1,C2026Q3T08,NSW1-QLD1,NSW1,1,3644.29,,A202506
D,RESIDUE_PRICE_BID,,1,C2027Q3T04,NSW1-QLD1,NSW1,1,3631.02,,A202506
D,RESIDUE_PRICE_BID,,1,C2026Q2T09,NSW1-QLD1,NSW1,1,3631.02,,A202506
D,RESIDUE_PRICE_BID,,1,C2026Q3T08,NSW1-QLD1,NSW1,5,3608.20,,A202506
D,RESIDUE_PRICE_BID,,1,C2027Q2T05,NSW1-QLD1,NSW1,5,3608.20,,A202506
D,RESIDUE_PRICE_BID,,1,C2026Q2T09,NSW1-QLD1,NSW1,5,3608.20,,A202506
D,RESIDUE_PRICE_BID,,1,C2028Q2T01,NSW1-QLD1,NSW1,5,3608.20,,A202506
D,RESIDUE_PRICE_BID,,1,C2027Q3T04,NSW1-QLD1,NSW1,5,3608.20,,A202506
D,RESIDUE_PRICE_BID,,1,C2026Q3T08,NSW1-QLD1,NSW1,1,3587.94,,A202506
D,RESIDUE_PRICE_BID,,1,C2027Q3T04,NSW1-QLD1,NSW1,4,3582,,A202506
D,RESIDUE_PRICE_BID,,1,C2027Q3T04,NSW1-QLD1,NSW1,1,3570.16,,A202506
D,RESIDUE_PRICE_BID,,1,C2026Q2T09,NSW1-QLD1,NSW1,1,3570.16,,A202506
D,RESIDUE_PRICE_BID,,1,C2025Q3T12,NSW1-QLD1,NSW1,1,3560,,A202506
D,RESIDUE_PRICE_BID,,1,C2028Q2T01,NSW1-QLD1,NSW1,1,3557,,A202506
D,RESIDUE_PRICE_BID,,1,C2028Q2T01,NSW1-QLD1,NSW1,5,3547.69,,A202506
D,RESIDUE_PRICE_BID,,1,C2027Q2T05,NSW1-QLD1,NSW1,5,3547.69,,A202506
D,RESIDUE_PRICE_BID,,1,C2027Q2T05,NSW1-QLD1,NSW1,4,3547.6875,,A202506
D,RESIDUE_PRICE_BID,,1,C2026Q3T08,NSW1-QLD1,NSW1,1,3531.58,,A202506
D,RESIDUE_PRICE_BID,,1,C2025Q3T12,NSW1-QLD1,NSW1,5,3525.20,,A202506
D,RESIDUE_PRICE_BID,,1,C2027Q3T04,NSW1-QLD1,NSW1,1,3509.30,,A202506
D,RESIDUE_PRICE_BID,,1,C2026Q2T09,NSW1-QLD1,NSW1,1,3509.30,,A202506
D,RESIDUE_PRICE_BID,,1,C2028Q1T02,NSW1-QLD1,NSW1,10,3505.06,,A202506
D,RESIDUE_PRICE_BID,,1,C2028Q2T01,NSW1-QLD1,NSW1,1,3503.64,,A202506
D,RESIDUE_PRICE_BID,,1,C2025Q3T12,NSW1-QLD1,NSW1,5,3500,,A202506
D,RESIDUE_PRICE_BID,,1,C2026Q3T08,NSW1-QLD1,NSW1,1,3475.23,,A202506
D,RESIDUE_PRICE_BID,,1,C2027Q2T05,NSW1-QLD1,NSW1,5,3455.51,,A202506
D,RESIDUE_PRICE_BID,,1,C2026Q2T09,NSW1-QLD1,NSW1,5,3455.51,,A202506
D,RESIDUE_PRICE_BID,,1,C2028Q2T01,NSW1-QLD1,NSW1,5,3455.51,,A202506
D,RESIDUE_PRICE_BID,,1,C2028Q2T01,NSW1-QLD1,NSW1,1,3450.29,,A202506
D,RESIDUE_PRICE_BID,,1,C2026Q2T09,NSW1-QLD1,NSW1,1,3448.45,,A202506
D,RESIDUE_PRICE_BID,,1,C2027Q3T04,NSW1-QLD1,NSW1,1,3448.45,,A202506
D,RESIDUE_PRICE_BID,,1,C2027Q2T05,NSW1-QLD1,NSW1,4,3426,,A202506
D,RESIDUE_PRICE_BID,,1,C2026Q3T08,NSW1-QLD1,NSW1,1,3418.87,,A202506
D,RESIDUE_PRICE_BID,,1,C2028Q2T01,NSW1-QLD1,NSW1,1,3396.94,,A202506
D,RESIDUE_PRICE_BID,,1,C2027Q3T04,NSW1-QLD1,NSW1,1,3387.60,,A202506
D,RESIDUE_PRICE_BID,,1,C2026Q2T09,NSW1-QLD1,NSW1,1,3387.60,,A202506
D,RESIDUE_PRICE_BID,,1,C2028Q2T01,NSW1-QLD1,NSW1,4,3376,,A202506
D,RESIDUE_PRICE_BID,,1,C2026Q3T08,NSW1-QLD1,NSW1,1,3362.52,,A202506
D,RESIDUE_PRICE_BID,,1,C2025Q3T12,NSW1-QLD1,NSW1,1,3360,,A202506
D,RESIDUE_PRICE_BID,,1,C2026Q2T09,NSW1-QLD1,NSW1,10,3343.89,,A202506
D,RESIDUE_PRICE_BID,,1,C2028Q2T01,NSW1-QLD1,NSW1,15,3343.89,,A202506
D,RESIDUE_PRICE_BID,,1,C2027Q2T05,NSW1-QLD1,NSW1,10,3343.89,,A202506
D,RESIDUE_PRICE_BID,,1,C2028Q2T01,NSW1-QLD1,NSW1,1,3343.58,,A202506
D,RESIDUE_PRICE_BID,,1,C2026Q2T09,NSW1-QLD1,NSW1,1,3326.74,,A202506
D,RESIDUE_PRICE_BID,,1,C2027Q3T04,NSW1-QLD1,NSW1,1,3326.74,,A202506
D,RESIDUE_PRICE_BID,,1,C2026Q3T08,NSW1-QLD1,NSW1,1,3306.16,,A202506
D,RESIDUE_PRICE_BID,,1,C2028Q2T01,NSW1-QLD1,NSW1,1,3290.23,,A202506
D,RESIDUE_PRICE_BID,,1,C2026Q2T09,NSW1-QLD1,NSW1,1,3265.88,,A202506
D,RESIDUE_PRICE_BID,,1,C2027Q3T04,NSW1-QLD1,NSW1,1,3265.88,,A202506
D,RESIDUE_PRICE_BID,,1,C2027Q3T04,NSW1-QLD1,NSW1,4,3265,,A202506
D,RESIDUE_PRICE_BID,,1,C2027Q2T05,NSW1-QLD1,NSW1,1,3257,,A202506
D,RESIDUE_PRICE_BID,,1,C2026Q4T07,NSW1-QLD1,NSW1,2,3250,,A202506
D,RESIDUE_PRICE_BID,,1,C2026Q3T08,NSW1-QLD1,NSW1,1,3249.80,,A202506
D,RESIDUE_PRICE_BID,,1,C2028Q2T01,NSW1-QLD1,NSW1,1,3236.87,,A202506
D,RESIDUE_PRICE_BID,,1,C2025Q3T12,NSW1-QLD1,NSW1,5,3220.20,,A202506
D,RESIDUE_PRICE_BID,,1,C2027Q2T05,NSW1-QLD1,NSW1,1,3208.14,,A202506
D,RESIDUE_PRICE_BID,,1,C2026Q2T09,NSW1-QLD1,NSW1,1,3205.03,,A202506
D,RESIDUE_PRICE_BID,,1,C2027Q3T04,NSW1-QLD1,NSW1,1,3205.03,,A202506
D,RESIDUE_PRICE_BID,,1,C2028Q2T01,NSW1-QLD1,NSW1,10,3203,,A202506
D,RESIDUE_PRICE_BID,,1,C2026Q3T08,NSW1-QLD1,NSW1,10,3203,,A202506
D,RESIDUE_PRICE_BID,,1,C2027Q3T04,NSW1-QLD1,NSW1,10,3203,,A202506
D,RESIDUE_PRICE_BID,,1,C2027Q2T05,NSW1-QLD1,NSW1,10,3203,,A202506
D,RESIDUE_PRICE_BID,,1,C2027Q3T04,NSW1-QLD1,NSW1,8,3203,,A202506
D,RESIDUE_PRICE_BID,,1,C2026Q3T08,NSW1-QLD1,NSW1,8,3203,,A202506
D,RESIDUE_PRICE_BID,,1,C2026Q2T09,NSW1-QLD1,NSW1,10,3203,,A202506
D,RESIDUE_PRICE_BID,,1,C2027Q2T05,NSW1-QLD1,NSW1,8,3203,,A202506
D,RESIDUE_PRICE_BID,,1,C2028Q2T01,NSW1-QLD1,NSW1,8,3203,,A202506
D,RESIDUE_PRICE_BID,,1,C2025Q3T12,NSW1-QLD1,NSW1,10,3203,,A202506
D,RESIDUE_PRICE_BID,,1,C2026Q2T09,NSW1-QLD1,NSW1,8,3203,,A202506
D,RESIDUE_PRICE_BID,,1,C2025Q3T12,NSW1-QLD1,NSW1,8,3203,,A202506
D,RESIDUE_PRICE_BID,,1,C2026Q3T08,NSW1-QLD1,NSW1,5,3200,,A202506
D,RESIDUE_PRICE_BID,,1,C2026Q2T09,NSW1-QLD1,NSW1,5,3200,,A202506
D,RESIDUE_PRICE_BID,,1,C2027Q3T04,NSW1-QLD1,NSW1,1,3194,,A202506
D,RESIDUE_PRICE_BID,,1,C2026Q3T08,NSW1-QLD1,NSW1,1,3193.45,,A202506
D,RESIDUE_PRICE_BID,,1,C2028Q2T01,NSW1-QLD1,NSW1,1,3183.52,,A202506
D,RESIDUE_PRICE_BID,,1,C2026Q4T07,NSW1-QLD1,NSW1,5,3164.20,,A202506
D,RESIDUE_PRICE_BID,,1,C2027Q2T05,NSW1-QLD1,NSW1,5,3164.20,,A202506
D,RESIDUE_PRICE_BID,,1,C2026Q2T09,NSW1-QLD1,NSW1,5,3164.20,,A202506
D,RESIDUE_PRICE_BID,,1,C2027Q3T04,NSW1-QLD1,NSW1,5,3164.20,,A202506
D,RESIDUE_PRICE_BID,,1,C2026Q3T08,NSW1-QLD1,NSW1,5,3164.20,,A202506
D,RESIDUE_PRICE_BID,,1,C2028Q2T01,NSW1-QLD1,NSW1,5,3164.20,,A202506
D,RESIDUE_PRICE_BID,,1,C2025Q3T12,NSW1-QLD1,NSW1,1,3160,,A202506
D,RESIDUE_PRICE_BID,,1,C2025Q4T11,NSW1-QLD1,NSW1,2,3159.60,,A202506
D,RESIDUE_PRICE_BID,,1,C2027Q2T05,NSW1-QLD1,NSW1,1,3159.29,,A202506
D,RESIDUE_PRICE_BID,,1,C2025Q3T12,NSW1-QLD1,NSW1,5,3155.51,,A202506
D,RESIDUE_PRICE_BID,,1,C2026Q2T09,NSW1-QLD1,NSW1,1,3144.18,,A202506
D,RESIDUE_PRICE_BID,,1,C2027Q3T04,NSW1-QLD1,NSW1,1,3144.18,,A202506
D,RESIDUE_PRICE_BID,,1,C2026Q3T08,NSW1-QLD1,NSW1,1,3137.10,,A202506
D,RESIDUE_PRICE_BID,,1,C2028Q2T01,NSW1-QLD1,NSW1,1,3130.16,,A202506
D,RESIDUE_PRICE_BID,,1,C2027Q2T05,NSW1-QLD1,NSW1,1,3110.44,,A202506
D,RESIDUE_PRICE_BID,,1,C2027Q3T04,NSW1-QLD1,NSW1,1,3083.32,,A202506
D,RESIDUE_PRICE_BID,,1,C2026Q2T09,NSW1-QLD1,NSW1,1,3083.32,,A202506
D,RESIDUE_PRICE_BID,,1,C2026Q3T08,NSW1-QLD1,NSW1,1,3080.74,,A202506
D,RESIDUE_PRICE_BID,,1,C2028Q2T01,NSW1-QLD1,NSW1,1,3076.80,,A202506
D,RESIDUE_PRICE_BID,,1,C2027Q2T05,NSW1-QLD1,NSW1,4,3066,,A202506
D,RESIDUE_PRICE_BID,,1,C2027Q2T05,NSW1-QLD1,NSW1,1,3061.58,,A202506
D,RESIDUE_PRICE_BID,,1,C2025Q3T12,NSW1-QLD1,NSW1,1,3057,,A202506
D,RESIDUE_PRICE_BID,,1,C2026Q4T07,NSW1-QLD1,NSW1,5,3034.50,,A202506
D,RESIDUE_PRICE_BID,,1,C2026Q3T08,NSW1-QLD1,NSW1,1,3024.38,,A202506
D,RESIDUE_PRICE_BID,,1,C2028Q2T01,NSW1-QLD1,NSW1,1,3023.45,,A202506
D,RESIDUE_PRICE_BID,,1,C2026Q2T09,NSW1-QLD1,NSW1,1,3022.46,,A202506
D,RESIDUE_PRICE_BID,,1,C2027Q3T04,NSW1-QLD1,NSW1,1,3022.46,,A202506
D,RESIDUE_PRICE_BID,,1,C2028Q2T01,NSW1-QLD1,NSW1,4,3022,,A202506
D,RESIDUE_PRICE_BID,,1,C2027Q2T05,NSW1-QLD1,NSW1,1,3012.73,,A202506
D,RESIDUE_PRICE_BID,,1,C2025Q3T12,NSW1-QLD1,NSW1,1,3011.14,,A202506
D,RESIDUE_PRICE_BID,,1,C2026Q3T08,NSW1-QLD1,NSW1,4,3000,,A202506
D,RESIDUE_PRICE_BID,,1,C2025Q3T12,NSW1-QLD1,NSW1,4,3000,,A202506
D,RESIDUE_PRICE_BID,,1,C2026Q2T09,NSW1-QLD1,NSW1,4,3000,,A202506
D,RESIDUE_PRICE_BID,,1,C2027Q4T03,NSW1-QLD1,NSW1,5,2999.20,,A202506
D,RESIDUE_PRICE_BID,,1,C2028Q2T01,NSW1-QLD1,NSW1,1,2970.10,,A202506
D,RESIDUE_PRICE_BID,,1,C2026Q3T08,NSW1-QLD1,NSW1,1,2968.03,,A202506
D,RESIDUE_PRICE_BID,,1,C2025Q3T12,NSW1-QLD1,NSW1,1,2965.29,,A202506
D,RESIDUE_PRICE_BID,,1,C2027Q2T05,NSW1-QLD1,NSW1,1,2963.87,,A202506
D,RESIDUE_PRICE_BID,,1,C2026Q2T09,NSW1-QLD1,NSW1,1,2961.61,,A202506
D,RESIDUE_PRICE_BID,,1,C2027Q3T04,NSW1-QLD1,NSW1,1,2961.61,,A202506
D,RESIDUE_PRICE_BID,,1,C2025Q3T12,NSW1-QLD1,NSW1,1,2960,,A202506
D,RESIDUE_PRICE_BID,,1,C2027Q3T04,NSW1-QLD1,NSW1,4,2947,,A202506
D,RESIDUE_PRICE_BID,,1,C2025Q3T12,NSW1-QLD1,NSW1,1,2919.44,,A202506
D,RESIDUE_PRICE_BID,,1,C2028Q2T01,NSW1-QLD1,NSW1,1,2916.74,,A202506
D,RESIDUE_PRICE_BID,,1,C2026Q3T08,NSW1-QLD1,NSW1,5,2916.03,,A202506
D,RESIDUE_PRICE_BID,,1,C2026Q3T08,NSW1-QLD1,NSW1,9,2916.0250,,A202506
D,RESIDUE_PRICE_BID,,1,C2025Q3T12,NSW1-QLD1,NSW1,5,2915.20,,A202506
D,RESIDUE_PRICE_BID,,1,C2027Q2T05,NSW1-QLD1,NSW1,1,2915.02,,A202506
D,RESIDUE_PRICE_BID,,1,C2026Q3T08,NSW1-QLD1,NSW1,1,2911.68,,A202506
D,RESIDUE_PRICE_BID,,1,C2026Q2T09,NSW1-QLD1,NSW1,1,2900.76,,A202506
D,RESIDUE_PRICE_BID,,1,C2027Q3T04,NSW1-QLD1,NSW1,1,2900.76,,A202506
D,RESIDUE_PRICE_BID,,1,C2026Q3T08,NSW1-QLD1,NSW1,4,2900,,A202506
D,RESIDUE_PRICE_BID,,1,C2025Q3T12,NSW1-QLD1,NSW1,1,2873.58,,A202506
D,RESIDUE_PRICE_BID,,1,C2027Q2T05,NSW1-QLD1,NSW1,1,2866.16,,A202506
D,RESIDUE_PRICE_BID,,1,C2028Q2T01,NSW1-QLD1,NSW1,1,2863.38,,A202506
D,RESIDUE_PRICE_BID,,1,C2026Q3T08,NSW1-QLD1,NSW1,1,2855.32,,A202506
D,RESIDUE_PRICE_BID,,1,C2026Q2T09,NSW1-QLD1,NSW1,1,2839.90,,A202506
D,RESIDUE_PRICE_BID,,1,C2027Q3T04,NSW1-QLD1,NSW1,1,2839.90,,A202506
D,RESIDUE_PRICE_BID,,1,C2025Q3T12,NSW1-QLD1,NSW1,1,2827.72,,A202506
D,RESIDUE_PRICE_BID,,1,C2027Q2T05,NSW1-QLD1,NSW1,1,2817.30,,A202506
D,RESIDUE_PRICE_BID,,1,C2028Q2T01,NSW1-QLD1,NSW1,1,2810.03,,A202506
D,RESIDUE_PRICE_BID,,1,C2027Q4T03,NSW1-QLD1,NSW1,10,2803.61,,A202506
D,RESIDUE_PRICE_BID,,1,C2026Q3T08,NSW1-QLD1,NSW1,1,2798.96,,A202506
D,RESIDUE_PRICE_BID,,1,C2025Q3T12,NSW1-QLD1,NSW1,1,2781.87,,A202506
D,RESIDUE_PRICE_BID,,1,C2027Q3T04,NSW1-QLD1,NSW1,1,2779.04,,A202506
D,RESIDUE_PRICE_BID,,1,C2026Q2T09,NSW1-QLD1,NSW1,1,2779.04,,A202506
D,RESIDUE_PRICE_BID,,1,C2027Q2T05,NSW1-QLD1,NSW1,1,2768.45,,A202506
D,RESIDUE_PRICE_BID,,1,C2025Q3T12,NSW1-QLD1,NSW1,1,2760,,A202506
D,RESIDUE_PRICE_BID,,1,C2028Q2T01,NSW1-QLD1,NSW1,1,2756.68,,A202506
D,RESIDUE_PRICE_BID,,1,C2026Q4T07,NSW1-QLD1,NSW1,2,2750,,A202506
D,RESIDUE_PRICE_BID,,1,C2026Q3T08,NSW1-QLD1,NSW1,1,2742.61,,A202506
D,RESIDUE_PRICE_BID,,1,C2025Q3T12,NSW1-QLD1,NSW1,1,2736.02,,A202506
D,RESIDUE_PRICE_BID,,1,C2027Q3T04,NSW1-QLD1,NSW1,5,2720.20,,A202506
D,RESIDUE_PRICE_BID,,1,C2027Q2T05,NSW1-QLD1,NSW1,5,2720.20,,A202506
D,RESIDUE_PRICE_BID,,1,C2028Q2T01,NSW1-QLD1,NSW1,5,2720.20,,A202506
D,RESIDUE_PRICE_BID,,1,C2026Q2T09,NSW1-QLD1,NSW1,5,2720.20,,A202506
D,RESIDUE_PRICE_BID,,1,C2026Q3T08,NSW1-QLD1,NSW1,5,2720.20,,A202506
D,RESIDUE_PRICE_BID,,1,C2027Q2T05,NSW1-QLD1,NSW1,1,2719.60,,A202506
D,RESIDUE_PRICE_BID,,1,C2027Q3T04,NSW1-QLD1,NSW1,1,2718.19,,A202506
D,RESIDUE_PRICE_BID,,1,C2026Q2T09,NSW1-QLD1,NSW1,1,2718.19,,A202506
D,RESIDUE_PRICE_BID,,1,C2027Q2T05,NSW1-QLD1,NSW1,4,2706,,A202506
D,RESIDUE_PRICE_BID,,1,C2028Q2T01,NSW1-QLD1,NSW1,1,2703.32,,A202506
D,RESIDUE_PRICE_BID,,1,C2025Q3T12,NSW1-QLD1,NSW1,1,2690.16,,A202506
D,RESIDUE_PRICE_BID,,1,C2026Q3T08,NSW1-QLD1,NSW1,1,2686.26,,A202506
D,RESIDUE_PRICE_BID,,1,C2025Q3T12,NSW1-QLD1,NSW1,4,2685,,A202506
D,RESIDUE_PRICE_BID,,1,C2026Q3T08,NSW1-QLD1,NSW1,4,2685,,A202506
D,RESIDUE_PRICE_BID,,1,C2026Q2T09,NSW1-QLD1,NSW1,4,2685,,A202506
D,RESIDUE_PRICE_BID,,1,C2027Q2T05,NSW1-QLD1,NSW1,1,2670.739990,,A202506
D,RESIDUE_PRICE_BID,,1,C2028Q2T01,NSW1-QLD1,NSW1,4,2667,,A202506
D,RESIDUE_PRICE_BID,,1,C2026Q2T09,NSW1-QLD1,NSW1,1,2657.34,,A202506
D,RESIDUE_PRICE_BID,,1,C2027Q3T04,NSW1-QLD1,NSW1,1,2657.34,,A202506
D,RESIDUE_PRICE_BID,,1,C2028Q2T01,NSW1-QLD1,NSW1,1,2649.96,,A202506
D,RESIDUE_PRICE_BID,,1,C2026Q4T07,NSW1-QLD1,NSW1,20,2649.60,,A202506
D,RESIDUE_PRICE_BID,,1,C2025Q3T12,NSW1-QLD1,NSW1,15,2649.60,,A202506
D,RESIDUE_PRICE_BID,,1,C2026Q3T08,NSW1-QLD1,NSW1,5,2649.60,,A202506
D,RESIDUE_PRICE_BID,,1,C2025Q4T11,NSW1-QLD1,NSW1,20,2649.60,,A202506
D,RESIDUE_PRICE_BID,,1,C2026Q3T08,NSW1-QLD1,NSW1,2,2646.583170,,A202506
D,RESIDUE_PRICE_BID,,1,C2025Q3T12,NSW1-QLD1,NSW1,1,2644.30,,A202506
D,RESIDUE_PRICE_BID,,1,C2026Q3T08,NSW1-QLD1,NSW1,5,2643.89,,A202506
D,RESIDUE_PRICE_BID,,1,C2025Q3T12,NSW1-QLD1,NSW1,5,2643.89,,A202506
D,RESIDUE_PRICE_BID,,1,C2026Q3T08,NSW1-QLD1,NSW1,1,2629.90,,A202506
D,RESIDUE_PRICE_BID,,1,C2027Q2T05,NSW1-QLD1,NSW1,1,2621.88,,A202506
D,RESIDUE_PRICE_BID,,1,C2026Q2T09,NSW1-QLD1,NSW1,10,2620.80,,A202506
D,RESIDUE_PRICE_BID,,1,C2025Q3T12,NSW1-QLD1,NSW1,5,2610.199990,,A202506
D,RESIDUE_PRICE_BID,,1,C2026Q3T08,NSW1-QLD1,NSW1,4,2600,,A202506
D,RESIDUE_PRICE_BID,,1,C2025Q3T12,NSW1-QLD1,NSW1,1,2598.449990,,A202506
D,RESIDUE_PRICE_BID,,1,C2028Q2T01,NSW1-QLD1,NSW1,1,2596.61,,A202506
D,RESIDUE_PRICE_BID,,1,C2026Q2T09,NSW1-QLD1,NSW1,1,2596.48,,A202506
D,RESIDUE_PRICE_BID,,1,C2027Q3T04,NSW1-QLD1,NSW1,1,2596.48,,A202506
D,RESIDUE_PRICE_BID,,1,C2026Q3T08,NSW1-QLD1,NSW1,1,2573.54,,A202506
D,RESIDUE_PRICE_BID,,1,C2027Q2T05,NSW1-QLD1,NSW1,1,2573.03,,A202506
D,RESIDUE_PRICE_BID,,1,C2025Q3T12,NSW1-QLD1,NSW1,2,2567.659890,,A202506
D,RESIDUE_PRICE_BID,,1,C2025Q3T12,NSW1-QLD1,NSW1,1,2560,,A202506
D,RESIDUE_PRICE_BID,,1,C2025Q3T12,NSW1-QLD1,NSW1,1,2552.59,,A202506
D,RESIDUE_PRICE_BID,,1,C2028Q2T01,NSW1-QLD1,NSW1,1,2543.26,,A202506
D,RESIDUE_PRICE_BID,,1,C2026Q2T09,NSW1-QLD1,NSW1,9,2539.82,,A202506
D,RESIDUE_PRICE_BID,,1,C2026Q2T09,NSW1-QLD1,NSW1,5,2539.82,,A202506
D,RESIDUE_PRICE_BID,,1,C2027Q3T04,NSW1-QLD1,NSW1,5,2527.76,,A202506
D,RESIDUE_PRICE_BID,,1,C2027Q3T04,NSW1-QLD1,NSW1,12,2527.7550,,A202506
D,RESIDUE_PRICE_BID,,1,C2027Q2T05,NSW1-QLD1,NSW1,1,2524.179990,,A202506
D,RESIDUE_PRICE_BID,,1,C2026Q3T08,NSW1-QLD1,NSW1,1,2517.19,,A202506
D,RESIDUE_PRICE_BID,,1,C2025Q3T12,NSW1-QLD1,NSW1,1,2506.739990,,A202506
D,RESIDUE_PRICE_BID,,1,C2025Q3T12,NSW1-QLD1,NSW1,11,2500,,A202506
D,RESIDUE_PRICE_BID,,1,C2028Q2T01,NSW1-QLD1,NSW1,12,2500,,A202506
D,RESIDUE_PRICE_BID,,1,C2025Q3T12,NSW1-QLD1,NSW1,5,2500,,A202506
D,RESIDUE_PRICE_BID,,1,C2028Q2T01,NSW1-QLD1,NSW1,1,2489.90,,A202506
D,RESIDUE_PRICE_BID,,1,C2027Q4T03,NSW1-QLD1,NSW1,20,2484,,A202506
D,RESIDUE_PRICE_BID,,1,C2027Q2T05,NSW1-QLD1,NSW1,1,2475.32,,A202506
D,RESIDUE_PRICE_BID,,1,C2027Q2T05,NSW1-QLD1,NSW1,4,2466,,A202506
D,RESIDUE_PRICE_BID,,1,C2025Q3T12,NSW1-QLD1,NSW1,1,2460.88,,A202506
D,RESIDUE_PRICE_BID,,1,C2026Q3T08,NSW1-QLD1,NSW1,1,2460.84,,A202506
D,RESIDUE_PRICE_BID,,1,C2027Q3T04,NSW1-QLD1,NSW1,5,2443.89,,A202506
D,RESIDUE_PRICE_BID,,1,C2028Q2T01,NSW1-QLD1,NSW1,1,2436.54,,A202506
D,RESIDUE_PRICE_BID,,1,C2028Q2T01,NSW1-QLD1,NSW1,4,2431,,A202506
D,RESIDUE_PRICE_BID,,1,C2027Q2T05,NSW1-QLD1,NSW1,1,2426.46,,A202506
D,RESIDUE_PRICE_BID,,1,C2025Q3T12,NSW1-QLD1,NSW1,1,2415.03,,A202506
D,RESIDUE_PRICE_BID,,1,C2026Q3T08,NSW1-QLD1,NSW1,1,2404.48,,A202506
D,RESIDUE_PRICE_BID,,1,C2026Q2T09,NSW1-QLD1,NSW1,2,2400,,A202506
D,RESIDUE_PRICE_BID,,1,C2025Q4T11,NSW1-QLD1,NSW1,5,2389.52,,A202506
D,RESIDUE_PRICE_BID,,1,C2026Q4T07,NSW1-QLD1,NSW1,5,2389.52,,A202506
D,RESIDUE_PRICE_BID,,1,C2028Q2T01,NSW1-QLD1,NSW1,1,2383.19,,A202506
D,RESIDUE_PRICE_BID,,1,C2027Q2T05,NSW1-QLD1,NSW1,1,2377.61,,A202506
D,RESIDUE_PRICE_BID,,1,C2026Q2T09,NSW1-QLD1,NSW1,4,2370,,A202506
D,RESIDUE_PRICE_BID,,1,C2025Q3T12,NSW1-QLD1,NSW1,4,2370,,A202506
D,RESIDUE_PRICE_BID,,1,C2026Q3T08,NSW1-QLD1,NSW1,4,2370,,A202506
D,RESIDUE_PRICE_BID,,1,C2025Q3T12,NSW1-QLD1,NSW1,1,2369.179990,,A202506
D,RESIDUE_PRICE_BID,,1,C2027Q2T05,NSW1-QLD1,NSW1,5,2365.13,,A202506
D,RESIDUE_PRICE_BID,,1,C2028Q2T01,NSW1-QLD1,NSW1,5,2365.13,,A202506
D,RESIDUE_PRICE_BID,,1,C2027Q2T05,NSW1-QLD1,NSW1,9,2365.1250,,A202506
D,RESIDUE_PRICE_BID,,1,C2026Q2T09,NSW1-QLD1,NSW1,2,2340.548950,,A202506
D,RESIDUE_PRICE_BID,,1,C2026Q3T08,NSW1-QLD1,NSW1,1,2332.82,,A202506
D,RESIDUE_PRICE_BID,,1,C2028Q2T01,NSW1-QLD1,NSW1,1,2329.84,,A202506
D,RESIDUE_PRICE_BID,,1,C2027Q2T05,NSW1-QLD1,NSW1,1,2328.76,,A202506
D,RESIDUE_PRICE_BID,,1,C2025Q3T12,NSW1-QLD1,NSW1,1,2323.32,,A202506
D,RESIDUE_PRICE_BID,,1,C2027Q3T04,NSW1-QLD1,NSW1,5,2318.40,,A202506
D,RESIDUE_PRICE_BID,,1,C2025Q3T12,NSW1-QLD1,NSW1,5,2305.199990,,A202506
D,RESIDUE_PRICE_BID,,1,C2026Q3T08,NSW1-QLD1,NSW1,4,2300,,A202506
D,RESIDUE_PRICE_BID,,1,C2027Q2T05,NSW1-QLD1,NSW1,5,2293.199990,,A202506
D,RESIDUE_PRICE_BID,,1,C2028Q2T01,NSW1-QLD1,NSW1,5,2293.199990,,A202506
D,RESIDUE_PRICE_BID,,1,C2027Q2T05,NSW1-QLD1,NSW1,1,2279.90,,A202506
D,RESIDUE_PRICE_BID,,1,C2025Q3T12,NSW1-QLD1,NSW1,1,2277.46,,A202506
D,RESIDUE_PRICE_BID,,1,C2028Q2T01,NSW1-QLD1,NSW1,1,2276.48,,A202506
D,RESIDUE_PRICE_BID,,1,C2028Q2T01,NSW1-QLD1,NSW1,5,2276.199990,,A202506
D,RESIDUE_PRICE_BID,,1,C2026Q3T08,NSW1-QLD1,NSW1,5,2276.199990,,A202506
D,RESIDUE_PRICE_BID,,1,C2026Q4T07,NSW1-QLD1,NSW1,5,2276.199990,,A202506
D,RESIDUE_PRICE_BID,,1,C2027Q3T04,NSW1-QLD1,NSW1,5,2276.199990,,A202506
D,RESIDUE_PRICE_BID,,1,C2026Q2T09,NSW1-QLD1,NSW1,5,2276.199990,,A202506
D,RESIDUE_PRICE_BID,,1,C2027Q2T05,NSW1-QLD1,NSW1,5,2276.199990,,A202506
D,RESIDUE_PRICE_BID,,1,C2025Q3T12,NSW1-QLD1,NSW1,1,2231.61,,A202506
D,RESIDUE_PRICE_BID,,1,C2027Q2T05,NSW1-QLD1,NSW1,1,2231.04,,A202506
D,RESIDUE_PRICE_BID,,1,C2027Q2T05,NSW1-QLD1,NSW1,4,2227,,A202506
D,RESIDUE_PRICE_BID,,1,C2028Q2T01,NSW1-QLD1,NSW1,4,2194,,A202506
D,RESIDUE_PRICE_BID,,1,C2025Q3T12,NSW1-QLD1,NSW1,1,2185.76,,A202506
D,RESIDUE_PRICE_BID,,1,C2027Q2T05,NSW1-QLD1,NSW1,1,2182.19,,A202506
D,RESIDUE_PRICE_BID,,1,C2027Q4T03,NSW1-QLD1,NSW1,5,2166.199990,,A202506
D,RESIDUE_PRICE_BID,,1,C2025Q3T12,NSW1-QLD1,NSW1,4,2160,,A202506
D,RESIDUE_PRICE_BID,,1,C2026Q3T08,NSW1-QLD1,NSW1,4,2160,,A202506
D,RESIDUE_PRICE_BID,,1,C2026Q2T09,NSW1-QLD1,NSW1,4,2160,,A202506
D,RESIDUE_PRICE_BID,,1,C2025Q3T12,NSW1-QLD1,NSW1,1,2139.90,,A202506
D,RESIDUE_PRICE_BID,,1,C2027Q2T05,NSW1-QLD1,NSW1,1,2133.34,,A202506
D,RESIDUE_PRICE_BID,,1,C2025Q4T11,NSW1-QLD1,NSW1,2,2106.40,,A202506
D,RESIDUE_PRICE_BID,,1,C2025Q3T12,NSW1-QLD1,NSW1,1,2094.04,,A202506
D,RESIDUE_PRICE_BID,,1,C2026Q2T09,NSW1-QLD1,NSW1,10,2089.52,,A202506
D,RESIDUE_PRICE_BID,,1,C2025Q3T12,NSW1-QLD1,NSW1,5,2089.52,,A202506
D,RESIDUE_PRICE_BID,,1,C2027Q3T04,NSW1-QLD1,NSW1,5,2089.52,,A202506
D,RESIDUE_PRICE_BID,,1,C2028Q2T01,NSW1-QLD1,NSW1,15,2089.52,,A202506
D,RESIDUE_PRICE_BID,,1,C2026Q3T08,NSW1-QLD1,NSW1,5,2089.52,,A202506
D,RESIDUE_PRICE_BID,,1,C2027Q2T05,NSW1-QLD1,NSW1,10,2089.52,,A202506
D,RESIDUE_PRICE_BID,,1,C2027Q2T05,NSW1-QLD1,NSW1,1,2084.48,,A202506
D,RESIDUE_PRICE_BID,,1,C2027Q2T05,NSW1-QLD1,NSW1,2,2059.158380,,A202506
D,RESIDUE_PRICE_BID,,1,C2025Q3T12,NSW1-QLD1,NSW1,1,2048.19,,A202506
D,RESIDUE_PRICE_BID,,1,C2026Q2T09,NSW1-QLD1,NSW1,5,2031.86,,A202506
D,RESIDUE_PRICE_BID,,1,C2026Q4T07,NSW1-QLD1,NSW1,5,2023,,A202506
D,RESIDUE_PRICE_BID,,1,C2027Q3T04,NSW1-QLD1,NSW1,1,2022.20,,A202506
D,RESIDUE_PRICE_BID,,1,C2027Q3T04,NSW1-QLD1,NSW1,10,2003,,A202506
D,RESIDUE_PRICE_BID,,1,C2026Q2T09,NSW1-QLD1,NSW1,8,2003,,A202506
D,RESIDUE_PRICE_BID,,1,C2027Q3T04,NSW1-QLD1,NSW1,8,2003,,A202506
D,RESIDUE_PRICE_BID,,1,C2025Q3T12,NSW1-QLD1,NSW1,8,2003,,A202506
D,RESIDUE_PRICE_BID,,1,C2028Q2T01,NSW1-QLD1,NSW1,8,2003,,A202506
D,RESIDUE_PRICE_BID,,1,C2027Q2T05,NSW1-QLD1,NSW1,10,2003,,A202506
D,RESIDUE_PRICE_BID,,1,C2026Q3T08,NSW1-QLD1,NSW1,8,2003,,A202506
D,RESIDUE_PRICE_BID,,1,C2026Q3T08,NSW1-QLD1,NSW1,10,2003,,A202506
D,RESIDUE_PRICE_BID,,1,C2028Q2T01,NSW1-QLD1,NSW1,10,2003,,A202506
D,RESIDUE_PRICE_BID,,1,C2025Q3T12,NSW1-QLD1,NSW1,10,2003,,A202506
D,RESIDUE_PRICE_BID,,1,C2026Q2T09,NSW1-QLD1,NSW1,10,2003,,A202506
D,RESIDUE_PRICE_BID,,1,C2027Q2T05,NSW1-QLD1,NSW1,8,2003,,A202506
D,RESIDUE_PRICE_BID,,1,C2025Q3T12,NSW1-QLD1,NSW1,1,2002.34,,A202506
D,RESIDUE_PRICE_BID,,1,C2026Q3T08,NSW1-QLD1,NSW1,4,2000,,A202506
D,RESIDUE_PRICE_BID,,1,C2025Q3T12,NSW1-QLD1,NSW1,5,2000,,A202506
D,RESIDUE_PRICE_BID,,1,C2025Q3T12,NSW1-QLD1,NSW1,1,1956.48,,A202506
D,RESIDUE_PRICE_BID,,1,C2025Q3T12,NSW1-QLD1,NSW1,4,1950,,A202506
D,RESIDUE_PRICE_BID,,1,C2026Q2T09,NSW1-QLD1,NSW1,4,1950,,A202506
D,RESIDUE_PRICE_BID,,1,C2026Q3T08,NSW1-QLD1,NSW1,4,1950,,A202506
D,RESIDUE_PRICE_BID,,1,C2028Q2T01,NSW1-QLD1,NSW1,5,1892.10,,A202506
D,RESIDUE_PRICE_BID,,1,C2027Q2T05,NSW1-QLD1,NSW1,1,1892.10,,A202506
D,RESIDUE_PRICE_BID,,1,C2027Q4T03,NSW1-QLD1,NSW1,10,1869.07,,A202506
D,RESIDUE_PRICE_BID,,1,C2027Q2T05,NSW1-QLD1,NSW1,5,1832.20,,A202506
D,RESIDUE_PRICE_BID,,1,C2028Q2T01,NSW1-QLD1,NSW1,5,1832.20,,A202506
D,RESIDUE_PRICE_BID,,1,C2026Q2T09,NSW1-QLD1,NSW1,5,1832.20,,A202506
D,RESIDUE_PRICE_BID,,1,C2027Q3T04,NSW1-QLD1,NSW1,5,1832.20,,A202506
D,RESIDUE_PRICE_BID,,1,C2026Q3T08,NSW1-QLD1,NSW1,5,1832.20,,A202506
D,RESIDUE_PRICE_BID,,1,C2026Q3T08,NSW1-QLD1,NSW1,2,1749.62,,A202506
D,RESIDUE_PRICE_BID,,1,C2026Q3T08,NSW1-QLD1,NSW1,9,1749.6150,,A202506
D,RESIDUE_PRICE_BID,,1,C2026Q3T08,NSW1-QLD1,NSW1,4,1700,,A202506
D,RESIDUE_PRICE_BID,,1,C2027Q1T06,NSW1-QLD1,NSW1,15,1620,,A202506
D,RESIDUE_PRICE_BID,,1,C2026Q2T09,NSW1-QLD1,NSW1,2,1600,,A202506
D,RESIDUE_PRICE_BID,,1,C2026Q2T09,NSW1-QLD1,NSW1,9,1523.8920,,A202506
D,RESIDUE_PRICE_BID,,1,C2027Q3T04,NSW1-QLD1,NSW1,12,1516.6530,,A202506
D,RESIDUE_PRICE_BID,,1,C2027Q3T04,NSW1-QLD1,NSW1,2,1516.65,,A202506
D,RESIDUE_PRICE_BID,,1,C2028Q2T01,NSW1-QLD1,NSW1,12,1500,,A202506
D,RESIDUE_PRICE_BID,,1,C2025Q3T12,NSW1-QLD1,NSW1,11,1500,,A202506
D,RESIDUE_PRICE_BID,,1,C2028Q2T01,NSW1-QLD1,NSW1,6,1419.08,,A202506
D,RESIDUE_PRICE_BID,,1,C2027Q2T05,NSW1-QLD1,NSW1,2,1419.08,,A202506
D,RESIDUE_PRICE_BID,,1,C2027Q2T05,NSW1-QLD1,NSW1,9,1419.0750,,A202506
D,RESIDUE_PRICE_BID,,1,C2027Q2T05,NSW1-QLD1,NSW1,5,1388.20,,A202506
D,RESIDUE_PRICE_BID,,1,C2026Q3T08,NSW1-QLD1,NSW1,5,1388.20,,A202506
D,RESIDUE_PRICE_BID,,1,C2027Q3T04,NSW1-QLD1,NSW1,5,1388.20,,A202506
D,RESIDUE_PRICE_BID,,1,C2026Q2T09,NSW1-QLD1,NSW1,5,1388.20,,A202506
D,RESIDUE_PRICE_BID,,1,C2026Q4T07,NSW1-QLD1,NSW1,5,1388.20,,A202506
D,RESIDUE_PRICE_BID,,1,C2028Q2T01,NSW1-QLD1,NSW1,5,1388.20,,A202506
D,RESIDUE_PRICE_BID,,1,C2027Q4T03,NSW1-QLD1,NSW1,5,1333.20,,A202506
D,RESIDUE_PRICE_BID,,1,C2025Q3T12,NSW1-QLD1,NSW1,20,1324.80,,A202506
D,RESIDUE_PRICE_BID,,1,C2026Q3T08,NSW1-QLD1,NSW1,20,1324.80,,A202506
D,RESIDUE_PRICE_BID,,1,C2026Q2T09,NSW1-QLD1,NSW1,20,1310.40,,A202506
D,RESIDUE_PRICE_BID,,1,C2026Q1T10,NSW1-QLD1,NSW1,4,1296,,A202506
D,RESIDUE_PRICE_BID,,1,C2026Q3T08,NSW1-QLD1,NSW1,2,1166.41,,A202506
D,RESIDUE_PRICE_BID,,1,C2027Q3T04,NSW1-QLD1,NSW1,20,1159.20,,A202506
D,RESIDUE_PRICE_BID,,1,C2028Q1T02,NSW1-QLD1,NSW1,4,1146.599990,,A202506
D,RESIDUE_PRICE_BID,,1,C2028Q2T01,NSW1-QLD1,NSW1,20,1146.599990,,A202506
D,RESIDUE_PRICE_BID,,1,C2027Q2T05,NSW1-QLD1,NSW1,20,1146.599990,,A202506
D,RESIDUE_PRICE_BID,,1,C2026Q2T09,NSW1-QLD1,NSW1,5,1015.93,,A202506
D,RESIDUE_PRICE_BID,,1,C2027Q3T04,NSW1-QLD1,NSW1,2,1011.10,,A202506
D,RESIDUE_PRICE_BID,,1,C2027Q3T04,NSW1-QLD1,NSW1,10,1003,,A202506
D,RESIDUE_PRICE_BID,,1,C2025Q3T12,NSW1-QLD1,NSW1,10,1003,,A202506
D,RESIDUE_PRICE_BID,,1,C2028Q2T01,NSW1-QLD1,NSW1,8,1003,,A202506
D,RESIDUE_PRICE_BID,,1,C2026Q2T09,NSW1-QLD1,NSW1,8,1003,,A202506
D,RESIDUE_PRICE_BID,,1,C2027Q3T04,NSW1-QLD1,NSW1,8,1003,,A202506
D,RESIDUE_PRICE_BID,,1,C2028Q2T01,NSW1-QLD1,NSW1,10,1003,,A202506
D,RESIDUE_PRICE_BID,,1,C2026Q2T09,NSW1-QLD1,NSW1,10,1003,,A202506
D,RESIDUE_PRICE_BID,,1,C2026Q3T08,NSW1-QLD1,NSW1,10,1003,,A202506
D,RESIDUE_PRICE_BID,,1,C2025Q3T12,NSW1-QLD1,NSW1,8,1003,,A202506
D,RESIDUE_PRICE_BID,,1,C2026Q3T08,NSW1-QLD1,NSW1,8,1003,,A202506
D,RESIDUE_PRICE_BID,,1,C2027Q2T05,NSW1-QLD1,NSW1,8,1003,,A202506
D,RESIDUE_PRICE_BID,,1,C2027Q2T05,NSW1-QLD1,NSW1,10,1003,,A202506
D,RESIDUE_PRICE_BID,,1,C2025Q3T12,NSW1-QLD1,NSW1,5,1000,,A202506
D,RESIDUE_PRICE_BID,,1,C2027Q1T06,NSW1-QLD1,NSW1,5,972,,A202506
D,RESIDUE_PRICE_BID,,1,C2027Q3T04,NSW1-QLD1,NSW1,2,967.573130,,A202506
D,RESIDUE_PRICE_BID,,1,C2028Q2T01,NSW1-QLD1,NSW1,10,946.05,,A202506
D,RESIDUE_PRICE_BID,,1,C2027Q2T05,NSW1-QLD1,NSW1,2,946.05,,A202506
D,RESIDUE_PRICE_BID,,1,C2027Q2T05,NSW1-QLD1,NSW1,5,944.20,,A202506
D,RESIDUE_PRICE_BID,,1,C2028Q2T01,NSW1-QLD1,NSW1,5,944.20,,A202506
D,RESIDUE_PRICE_BID,,1,C2027Q3T04,NSW1-QLD1,NSW1,5,944.20,,A202506
D,RESIDUE_PRICE_BID,,1,C2026Q2T09,NSW1-QLD1,NSW1,5,944.20,,A202506
D,RESIDUE_PRICE_BID,,1,C2026Q3T08,NSW1-QLD1,NSW1,5,944.20,,A202506
D,RESIDUE_PRICE_BID,,1,C2026Q3T08,NSW1-QLD1,NSW1,13,874.8075,,A202506
D,RESIDUE_PRICE_BID,,1,C2026Q2T09,NSW1-QLD1,NSW1,2,800,,A202506
D,RESIDUE_PRICE_BID,,1,C2026Q2T09,NSW1-QLD1,NSW1,13,761.9460,,A202506
D,RESIDUE_PRICE_BID,,1,C2027Q3T04,NSW1-QLD1,NSW1,18,758.3265,,A202506
D,RESIDUE_PRICE_BID,,1,C2028Q2T01,NSW1-QLD1,NSW1,18,750,,A202506
D,RESIDUE_PRICE_BID,,1,C2025Q3T12,NSW1-QLD1,NSW1,16,750,,A202506
D,RESIDUE_PRICE_BID,,1,C2027Q2T05,NSW1-QLD1,NSW1,13,709.5375,,A202506
D,RESIDUE_PRICE_BID,,1,C2026Q2T09,NSW1-QLD1,NSW1,2,700,,A202506
D,RESIDUE_PRICE_BID,,1,C2026Q4T07,NSW1-QLD1,NSW1,4,662.40,,A202506
D,RESIDUE_PRICE_BID,,1,C2025Q4T11,NSW1-QLD1,NSW1,4,662.40,,A202506
D,RESIDUE_PRICE_BID,,1,C2027Q4T03,NSW1-QLD1,NSW1,4,621,,A202506
D,RESIDUE_PRICE_BID,,1,C2026Q2T09,NSW1-QLD1,NSW1,2,600,,A202506
D,RESIDUE_PRICE_BID,,1,C2027Q1T06,NSW1-QLD1,NSW1,20,486,,A202506
D,RESIDUE_PRICE_BID,,1,C2026Q3T08,NSW1-QLD1,NSW1,4,331.20,,A202506
D,RESIDUE_PRICE_BID,,1,C2025Q3T12,NSW1-QLD1,NSW1,4,331.20,,A202506
D,RESIDUE_PRICE_BID,,1,C2026Q2T09,NSW1-QLD1,NSW1,4,327.60,,A202506
D,RESIDUE_PRICE_BID,,1,C2026Q1T10,NSW1-QLD1,NSW1,1,324,,A202506
D,RESIDUE_PRICE_BID,,1,C2027Q3T04,NSW1-QLD1,NSW1,4,289.80,,A202506
D,RESIDUE_PRICE_BID,,1,C2028Q2T01,NSW1-QLD1,NSW1,4,286.649990,,A202506
D,RESIDUE_PRICE_BID,,1,C2027Q2T05,NSW1-QLD1,NSW1,4,286.649990,,A202506
D,RESIDUE_PRICE_BID,,1,C2028Q1T02,NSW1-QLD1,NSW1,1,286.649990,,A202506
D,RESIDUE_PRICE_BID,,1,C2025Q4T11,NSW1-QLD1,NSW1,1,165.60,,A202506
D,RESIDUE_PRICE_BID,,1,C2026Q4T07,NSW1-QLD1,NSW1,1,165.60,,A202506
D,RESIDUE_PRICE_BID,,1,C2027Q4T03,NSW1-QLD1,NSW1,1,155.25,,A202506
D,RESIDUE_PRICE_BID,,1,C2027Q1T06,NSW1-QLD1,NSW1,4,121.50,,A202506
D,RESIDUE_PRICE_BID,,1,C2025Q3T12,NSW1-QLD1,NSW1,1,82.80,,A202506
D,RESIDUE_PRICE_BID,,1,C2026Q3T08,NSW1-QLD1,NSW1,1,82.80,,A202506
D,RESIDUE_PRICE_BID,,1,C2026Q2T09,NSW1-QLD1,NSW1,1,81.90,,A202506
D,RESIDUE_PRICE_BID,,1,C2027Q3T04,NSW1-QLD1,NSW1,1,72.45,,A202506
D,RESIDUE_PRICE_BID,,1,C2027Q2T05,NSW1-QLD1,NSW1,1,71.66,,A202506
D,RESIDUE_PRICE_BID,,1,C2028Q2T01,NSW1-QLD1,NSW1,1,71.66,,A202506
D,RESIDUE_PRICE_BID,,1,C2027Q1T06,NSW1-QLD1,NSW1,1,30.38,,A202506
D,RESIDUE_PRICE_BID,,1,C2025Q3T12,NSW1-QLD1,NSW1,1,5.52,,A202506
D,RESIDUE_PRICE_BID,,1,C2027Q3T04,NSW1-QLD1,NSW1,1,5.52,,A202506
D,RESIDUE_PRICE_BID,,1,C2026Q3T08,NSW1-QLD1,NSW1,1,5.52,,A202506
D,RESIDUE_PRICE_BID,,1,C2026Q4T07,NSW1-QLD1,NSW1,1,5.52,,A202506
D,RESIDUE_PRICE_BID,,1,C2027Q2T05,NSW1-QLD1,NSW1,1,5.46,,A202506
D,RESIDUE_PRICE_BID,,1,C2026Q2T09,NSW1-QLD1,NSW1,1,5.46,,A202506
D,RESIDUE_PRICE_BID,,1,C2025Q4T11,NSW1-QLD1,NSW1,1,4.42,,A202506
D,RESIDUE_PRICE_BID,,1,C2027Q3T04,NSW1-QLD1,NSW1,1,4.42,,A202506
D,RESIDUE_PRICE_BID,,1,C2026Q3T08,NSW1-QLD1,NSW1,1,4.42,,A202506
D,RESIDUE_PRICE_BID,,1,C2025Q3T12,NSW1-QLD1,NSW1,1,4.42,,A202506
D,RESIDUE_PRICE_BID,,1,C2026Q4T07,NSW1-QLD1,NSW1,1,4.42,,A202506
D,RESIDUE_PRICE_BID,,1,C2027Q2T05,NSW1-QLD1,NSW1,1,4.37,,A202506
D,RESIDUE_PRICE_BID,,1,C2026Q2T09,NSW1-QLD1,NSW1,1,4.37,,A202506
D,RESIDUE_PRICE_BID,,1,C2026Q1T10,NSW1-QLD1,NSW1,1,4.32,,A202506
D,RESIDUE_PRICE_BID,,1,C2027Q1T06,NSW1-QLD1,NSW1,1,4.32,,A202506
D,RESIDUE_PRICE_BID,,1,C2027Q3T04,NSW1-QLD1,NSW1,1,3.31,,A202506
D,RESIDUE_PRICE_BID,,1,C2026Q4T07,NSW1-QLD1,NSW1,1,3.31,,A202506
D,RESIDUE_PRICE_BID,,1,C2025Q3T12,NSW1-QLD1,NSW1,1,3.31,,A202506
D,RESIDUE_PRICE_BID,,1,C2025Q4T11,NSW1-QLD1,NSW1,1,3.31,,A202506
D,RESIDUE_PRICE_BID,,1,C2026Q3T08,NSW1-QLD1,NSW1,1,3.31,,A202506
D,RESIDUE_PRICE_BID,,1,C2027Q2T05,NSW1-QLD1,NSW1,1,3.28,,A202506
D,RESIDUE_PRICE_BID,,1,C2026Q2T09,NSW1-QLD1,NSW1,1,3.28,,A202506
D,RESIDUE_PRICE_BID,,1,C2028Q1T02,NSW1-QLD1,NSW1,1,3.28,,A202506
D,RESIDUE_PRICE_BID,,1,C2027Q1T06,NSW1-QLD1,NSW1,1,3.24,,A202506
D,RESIDUE_PRICE_BID,,1,C2026Q1T10,NSW1-QLD1,NSW1,1,3.24,,A202506
D,RESIDUE_PRICE_BID,,1,C2025Q4T11,NSW1-QLD1,NSW1,1,2.21,,A202506
D,RESIDUE_PRICE_BID,,1,C2026Q4T07,NSW1-QLD1,NSW1,1,2.21,,A202506
D,RESIDUE_PRICE_BID,,1,C2025Q3T12,NSW1-QLD1,NSW1,1,2.21,,A202506
D,RESIDUE_PRICE_BID,,1,C2027Q3T04,NSW1-QLD1,NSW1,1,2.21,,A202506
D,RESIDUE_PRICE_BID,,1,C2026Q3T08,NSW1-QLD1,NSW1,1,2.21,,A202506
D,RESIDUE_PRICE_BID,,1,C2026Q2T09,NSW1-QLD1,NSW1,1,2.18,,A202506
D,RESIDUE_PRICE_BID,,1,C2028Q2T01,NSW1-QLD1,NSW1,1,2.18,,A202506
D,RESIDUE_PRICE_BID,,1,C2027Q2T05,NSW1-QLD1,NSW1,1,2.18,,A202506
D,RESIDUE_PRICE_BID,,1,C2028Q1T02,NSW1-QLD1,NSW1,1,2.18,,A202506
D,RESIDUE_PRICE_BID,,1,C2027Q1T06,NSW1-QLD1,NSW1,1,2.16,,A202506
D,RESIDUE_PRICE_BID,,1,C2026Q1T10,NSW1-QLD1,NSW1,1,2.16,,A202506
D,RESIDUE_PRICE_BID,,1,C2027Q4T03,NSW1-QLD1,NSW1,1,1.10,,A202506
D,RESIDUE_PRICE_BID,,1,C2027Q3T04,NSW1-QLD1,NSW1,1,1.10,,A202506
D,RESIDUE_PRICE_BID,,1,C2026Q3T08,NSW1-QLD1,NSW1,1,1.10,,A202506
D,RESIDUE_PRICE_BID,,1,C2025Q3T12,NSW1-QLD1,NSW1,1,1.10,,A202506
D,RESIDUE_PRICE_BID,,1,C2026Q4T07,NSW1-QLD1,NSW1,1,1.10,,A202506
D,RESIDUE_PRICE_BID,,1,C2025Q4T11,NSW1-QLD1,NSW1,1,1.10,,A202506
D,RESIDUE_PRICE_BID,,1,C2027Q2T05,NSW1-QLD1,NSW1,1,1.09,,A202506
D,RESIDUE_PRICE_BID,,1,C2028Q2T01,NSW1-QLD1,NSW1,1,1.09,,A202506
D,RESIDUE_PRICE_BID,,1,C2028Q1T02,NSW1-QLD1,NSW1,1,1.09,,A202506
D,RESIDUE_PRICE_BID,,1,C2026Q2T09,NSW1-QLD1,NSW1,1,1.09,,A202506
D,RESIDUE_PRICE_BID,,1,C2026Q1T10,NSW1-QLD1,NSW1,1,1.08,,A202506
D,RESIDUE_PRICE_BID,,1,C2027Q1T06,NSW1-QLD1,NSW1,1,1.08,,A202506
D,RESIDUE_PRICE_BID,,1,C2027Q3T04,NSW1-QLD1,NSW1,1,0.01,,A202506
D,RESIDUE_PRICE_BID,,1,C2028Q2T01,NSW1-QLD1,NSW1,1,0.01,,A202506
D,RESIDUE_PRICE_BID,,1,C2026Q2T09,NSW1-QLD1,NSW1,1,0.01,,A202506
D,RESIDUE_PRICE_BID,,1,C2027Q1T06,NSW1-QLD1,NSW1,1,0.01,,A202506
D,RESIDUE_PRICE_BID,,1,C2026Q4T07,NSW1-QLD1,NSW1,1,0.01,,A202506
D,RESIDUE_PRICE_BID,,1,C2026Q3T08,NSW1-QLD1,NSW1,1,0.01,,A202506
D,RESIDUE_PRICE_BID,,1,C2026Q2T09,NSW1-QLD1,NSW1,1,0.01,,A202506
D,RESIDUE_PRICE_BID,,1,C2025Q4T11,NSW1-QLD1,NSW1,1,0.01,,A202506
D,RESIDUE_PRICE_BID,,1,C2026Q2T09,NSW1-QLD1,NSW1,1,0.01,,A202506
D,RESIDUE_PRICE_BID,,1,C2027Q3T04,NSW1-QLD1,NSW1,1,0.01,,A202506
D,RESIDUE_PRICE_BID,,1,C2027Q2T05,NSW1-QLD1,NSW1,1,0.01,,A202506
D,RESIDUE_PRICE_BID,,1,C2026Q3T08,NSW1-QLD1,NSW1,1,0.01,,A202506
D,RESIDUE_PRICE_BID,,1,C2026Q4T07,NSW1-QLD1,NSW1,1,0.01,,A202506
D,RESIDUE_PRICE_BID,,1,C2026Q4T07,NSW1-QLD1,NSW1,1,0.01,,A202506
D,RESIDUE_PRICE_BID,,1,C2026Q3T08,NSW1-QLD1,NSW1,1,0.01,,A202506
D,RESIDUE_PRICE_BID,,1,C2026Q2T09,NSW1-QLD1,NSW1,1,0.01,,A202506
D,RESIDUE_PRICE_BID,,1,C2025Q3T12,NSW1-QLD1,NSW1,1,0.01,,A202506
D,RESIDUE_PRICE_BID,,1,C2027Q3T04,NSW1-QLD1,NSW1,1,0.01,,A202506
D,RESIDUE_PRICE_BID,,1,C2026Q1T10,NSW1-QLD1,NSW1,1,0.01,,A202506
D,RESIDUE_PRICE_BID,,1,C2026Q2T09,NSW1-QLD1,NSW1,1,0.01,,A202506
D,RESIDUE_PRICE_BID,,1,C2026Q4T07,NSW1-QLD1,NSW1,1,0.01,,A202506
D,RESIDUE_PRICE_BID,,1,C2025Q3T12,NSW1-QLD1,NSW1,1,0.01,,A202506
D,RESIDUE_PRICE_BID,,1,C2027Q2T05,NSW1-QLD1,NSW1,1,0.01,,A202506
D,RESIDUE_PRICE_BID,,1,C2025Q3T12,NSW1-QLD1,NSW1,1,0.01,,A202506
D,RESIDUE_PRICE_BID,,1,C2025Q4T11,NSW1-QLD1,NSW1,1,0.01,,A202506
D,RESIDUE_PRICE_BID,,1,C2028Q1T02,NSW1-QLD1,NSW1,1,0.01,,A202506
D,RESIDUE_PRICE_BID,,1,C2027Q4T03,NSW1-QLD1,NSW1,1,0.01,,A202506
D,RESIDUE_PRICE_BID,,1,C2028Q1T02,NSW1-QLD1,NSW1,1,0.01,,A202506
D,RESIDUE_PRICE_BID,,1,C2025Q3T12,NSW1-QLD1,NSW1,1,0.01,,A202506
D,RESIDUE_PRICE_BID,,1,C2026Q2T09,NSW1-QLD1,NSW1,1,0.01,,A202506
D,RESIDUE_PRICE_BID,,1,C2027Q2T05,NSW1-QLD1,NSW1,1,0.01,,A202506
D,RESIDUE_PRICE_BID,,1,C2028Q2T01,NSW1-QLD1,NSW1,1,0.01,,A202506
D,RESIDUE_PRICE_BID,,1,C2028Q2T01,NSW1-QLD1,NSW1,1,0.01,,A202506
D,RESIDUE_PRICE_BID,,1,C2025Q4T11,NSW1-QLD1,NSW1,1,0.01,,A202506
D,RESIDUE_PRICE_BID,,1,C2025Q4T11,NSW1-QLD1,NSW1,1,0.01,,A202506
D,RESIDUE_PRICE_BID,,1,C2026Q4T07,NSW1-QLD1,NSW1,1,0.01,,A202506
D,RESIDUE_PRICE_BID,,1,C2026Q2T09,NSW1-QLD1,NSW1,1,0.01,,A202506
D,RESIDUE_PRICE_BID,,1,C2025Q4T11,NSW1-QLD1,NSW1,1,0.01,,A202506
D,RESIDUE_PRICE_BID,,1,C2028Q2T01,NSW1-QLD1,NSW1,1,0.01,,A202506
D,RESIDUE_PRICE_BID,,1,C2027Q4T03,NSW1-QLD1,NSW1,1,0.01,,A202506
D,RESIDUE_PRICE_BID,,1,C2027Q1T06,NSW1-QLD1,NSW1,1,0.01,,A202506
D,RESIDUE_PRICE_BID,,1,C2027Q3T04,NSW1-QLD1,NSW1,1,0.01,,A202506
D,RESIDUE_PRICE_BID,,1,C2027Q1T06,NSW1-QLD1,NSW1,1,0.01,,A202506
D,RESIDUE_PRICE_BID,,1,C2026Q1T10,NSW1-QLD1,NSW1,1,0.01,,A202506
D,RESIDUE_PRICE_BID,,1,C2027Q1T06,NSW1-QLD1,NSW1,1,0.01,,A202506
D,RESIDUE_PRICE_BID,,1,C2026Q3T08,NSW1-QLD1,NSW1,1,0.01,,A202506
D,RESIDUE_PRICE_BID,,1,C2028Q2T01,NSW1-QLD1,NSW1,1,0.01,,A202506
D,RESIDUE_PRICE_BID,,1,C2025Q4T11,NSW1-QLD1,NSW1,1,0.01,,A202506
D,RESIDUE_PRICE_BID,,1,C2026Q1T10,NSW1-QLD1,NSW1,1,0.01,,A202506
D,RESIDUE_PRICE_BID,,1,C2027Q4T03,NSW1-QLD1,NSW1,10,0.01,,A202506
D,RESIDUE_PRICE_BID,,1,C2026Q2T09,NSW1-QLD1,NSW1,1,0.01,,A202506
D,RESIDUE_PRICE_BID,,1,C2025Q4T11,NSW1-QLD1,NSW1,1,0.01,,A202506
D,RESIDUE_PRICE_BID,,1,C2027Q3T04,NSW1-QLD1,NSW1,1,0.01,,A202506
D,RESIDUE_PRICE_BID,,1,C2028Q1T02,NSW1-QLD1,NSW1,1,0.01,,A202506
D,RESIDUE_PRICE_BID,,1,C2027Q1T06,NSW1-QLD1,NSW1,1,0.01,,A202506
D,RESIDUE_PRICE_BID,,1,C2027Q1T06,NSW1-QLD1,NSW1,1,0.01,,A202506
D,RESIDUE_PRICE_BID,,1,C2027Q4T03,NSW1-QLD1,NSW1,1,0.01,,A202506
D,RESIDUE_PRICE_BID,,1,C2027Q4T03,NSW1-QLD1,NSW1,1,0.01,,A202506
D,RESIDUE_PRICE_BID,,1,C2027Q3T04,NSW1-QLD1,NSW1,1,0.01,,A202506
D,RESIDUE_PRICE_BID,,1,C2027Q3T04,NSW1-QLD1,NSW1,1,0.01,,A202506
D,RESIDUE_PRICE_BID,,1,C2028Q2T01,NSW1-QLD1,NSW1,1,0.01,,A202506
D,RESIDUE_PRICE_BID,,1,C2026Q3T08,NSW1-QLD1,NSW1,1,0.01,,A202506
D,RESIDUE_PRICE_BID,,1,C2027Q3T04,NSW1-QLD1,NSW1,1,0.01,,A202506
D,RESIDUE_PRICE_BID,,1,C2027Q2T05,NSW1-QLD1,NSW1,1,0.01,,A202506
D,RESIDUE_PRICE_BID,,1,C2027Q2T05,NSW1-QLD1,NSW1,1,0.01,,A202506
D,RESIDUE_PRICE_BID,,1,C2025Q3T12,NSW1-QLD1,NSW1,1,0.01,,A202506
D,RESIDUE_PRICE_BID,,1,C2026Q4T07,NSW1-QLD1,NSW1,1,0.01,,A202506
D,RESIDUE_PRICE_BID,,1,C2028Q1T02,NSW1-QLD1,NSW1,1,0.01,,A202506
D,RESIDUE_PRICE_BID,,1,C2026Q1T10,NSW1-QLD1,NSW1,1,0.01,,A202506
D,RESIDUE_PRICE_BID,,1,C2027Q4T03,NSW1-QLD1,NSW1,1,0.01,,A202506
D,RESIDUE_PRICE_BID,,1,C2027Q4T03,NSW1-QLD1,NSW1,1,0.01,,A202506
D,RESIDUE_PRICE_BID,,1,C2027Q4T03,NSW1-QLD1,NSW1,1,0.01,,A202506
D,RESIDUE_PRICE_BID,,1,C2026Q3T08,NSW1-QLD1,NSW1,1,0.01,,A202506
D,RESIDUE_PRICE_BID,,1,C2027Q2T05,NSW1-QLD1,NSW1,1,0.01,,A202506
D,RESIDUE_PRICE_BID,,1,C2025Q4T11,NSW1-QLD1,NSW1,1,0.01,,A202506
D,RESIDUE_PRICE_BID,,1,C2026Q1T10,NSW1-QLD1,NSW1,10,0.01,,A202506
D,RESIDUE_PRICE_BID,,1,C2027Q2T05,NSW1-QLD1,NSW1,1,0.01,,A202506
D,RESIDUE_PRICE_BID,,1,C2027Q1T06,NSW1-QLD1,NSW1,1,0.01,,A202506
D,RESIDUE_PRICE_BID,,1,C2027Q3T04,NSW1-QLD1,NSW1,1,0.01,,A202506
D,RESIDUE_PRICE_BID,,1,C2028Q1T02,NSW1-QLD1,NSW1,1,0.01,,A202506
D,RESIDUE_PRICE_BID,,1,C2026Q3T08,NSW1-QLD1,NSW1,1,0.01,,A202506
D,RESIDUE_PRICE_BID,,1,C2026Q4T07,NSW1-QLD1,NSW1,1,0.01,,A202506
D,RESIDUE_PRICE_BID,,1,C2027Q1T06,NSW1-QLD1,NSW1,1,0.01,,A202506
D,RESIDUE_PRICE_BID,,1,C2026Q2T09,NSW1-QLD1,NSW1,1,0.01,,A202506
D,RESIDUE_PRICE_BID,,1,C2025Q3T12,NSW1-QLD1,NSW1,1,0.01,,A202506
D,RESIDUE_PRICE_BID,,1,C2026Q3T08,NSW1-QLD1,NSW1,1,0.01,,A202506
D,RESIDUE_PRICE_BID,,1,C2028Q1T02,NSW1-QLD1,NSW1,1,0.01,,A202506
D,RESIDUE_PRICE_BID,,1,C2025Q3T12,NSW1-QLD1,NSW1,1,0.01,,A202506
D,RESIDUE_PRICE_BID,,1,C2027Q4T03,NSW1-QLD1,NSW1,1,0.01,,A202506
D,RESIDUE_PRICE_BID,,1,C2027Q2T05,NSW1-QLD1,NSW1,1,0.01,,A202506
D,RESIDUE_PRICE_BID,,1,C2028Q1T02,NSW1-QLD1,NSW1,1,0.01,,A202506
D,RESIDUE_PRICE_BID,,1,C2025Q4T11,NSW1-QLD1,NSW1,1,0.01,,A202506
D,RESIDUE_PRICE_BID,,1,C2026Q4T07,NSW1-QLD1,NSW1,1,0.01,,A202506
D,RESIDUE_PRICE_BID,,1,C2027Q2T05,NSW1-QLD1,NSW1,1,0.01,,A202506
D,RESIDUE_PRICE_BID,,1,C2025Q4T11,NSW1-QLD1,NSW1,1,0.01,,A202506
D,RESIDUE_PRICE_BID,,1,C2027Q2T05,NSW1-QLD1,NSW1,1,0.01,,A202506
D,RESIDUE_PRICE_BID,,1,C2026Q2T09,NSW1-QLD1,NSW1,1,0.01,,A202506
D,RESIDUE_PRICE_BID,,1,C2025Q4T11,NSW1-QLD1,NSW1,1,0.01,,A202506
D,RESIDUE_PRICE_BID,,1,C2027Q1T06,NSW1-QLD1,NSW1,1,0.01,,A202506
D,RESIDUE_PRICE_BID,,1,C2028Q1T02,NSW1-QLD1,NSW1,1,0.01,,A202506
D,RESIDUE_PRICE_BID,,1,C2028Q2T01,NSW1-QLD1,NSW1,1,0.01,,A202506
D,RESIDUE_PRICE_BID,,1,C2026Q3T08,NSW1-QLD1,NSW1,1,0.01,,A202506
D,RESIDUE_PRICE_BID,,1,C2028Q1T02,NSW1-QLD1,NSW1,1,0.01,,A202506
D,RESIDUE_PRICE_BID,,1,C2026Q2T09,NSW1-QLD1,NSW1,1,0.01,,A202506
D,RESIDUE_PRICE_BID,,1,C2027Q4T03,NSW1-QLD1,NSW1,1,0.01,,A202506
D,RESIDUE_PRICE_BID,,1,C2026Q3T08,NSW1-QLD1,NSW1,1,0.01,,A202506
D,RESIDUE_PRICE_BID,,1,C2028Q1T02,NSW1-QLD1,NSW1,1,0.01,,A202506
D,RESIDUE_PRICE_BID,,1,C2026Q1T10,NSW1-QLD1,NSW1,1,0.01,,A202506
D,RESIDUE_PRICE_BID,,1,C2027Q4T03,NSW1-QLD1,NSW1,1,0.01,,A202506
D,RESIDUE_PRICE_BID,,1,C2026Q4T07,NSW1-QLD1,NSW1,1,0.01,,A202506
D,RESIDUE_PRICE_BID,,1,C2028Q2T01,NSW1-QLD1,NSW1,1,0.01,,A202506
D,RESIDUE_PRICE_BID,,1,C2027Q1T06,NSW1-QLD1,NSW1,1,0.01,,A202506
D,RESIDUE_PRICE_BID,,1,C2026Q3T08,NSW1-QLD1,NSW1,1,0.01,,A202506
D,RESIDUE_PRICE_BID,,1,C2028Q2T01,NSW1-QLD1,NSW1,1,0.01,,A202506
D,RESIDUE_PRICE_BID,,1,C2026Q4T07,NSW1-QLD1,NSW1,1,0.01,,A202506
D,RESIDUE_PRICE_BID,,1,C2026Q1T10,NSW1-QLD1,NSW1,1,0.01,,A202506
D,RESIDUE_PRICE_BID,,1,C2026Q1T10,NSW1-QLD1,NSW1,1,0.01,,A202506
D,RESIDUE_PRICE_BID,,1,C2027Q2T05,NSW1-QLD1,NSW1,1,0.01,,A202506
D,RESIDUE_PRICE_BID,,1,C2026Q1T10,NSW1-QLD1,NSW1,1,0.01,,A202506
D,RESIDUE_PRICE_BID,,1,C2026Q1T10,NSW1-QLD1,NSW1,1,0.01,,A202506
D,RESIDUE_PRICE_BID,,1,C2027Q4T03,NSW1-QLD1,NSW1,1,0.01,,A202506
D,RESIDUE_PRICE_BID,,1,C2028Q2T01,NSW1-QLD1,NSW1,1,0.01,,A202506
D,RESIDUE_PRICE_BID,,1,C2025Q3T12,NSW1-QLD1,NSW1,1,0.01,,A202506
D,RESIDUE_PRICE_BID,,1,C2028Q2T01,NSW1-QLD1,NSW1,1,0.01,,A202506
D,RESIDUE_PRICE_BID,,1,C2027Q2T05,NSW1-QLD1,NSW1,1,0.01,,A202506
D,RESIDUE_PRICE_BID,,1,C2025Q3T12,NSW1-QLD1,NSW1,1,0.01,,A202506
D,RESIDUE_PRICE_BID,,1,C2025Q3T12,NSW1-QLD1,NSW1,1,0.01,,A202506
D,RESIDUE_PRICE_BID,,1,C2025Q3T12,NSW1-QLD1,NSW1,1,0.01,,A202506
D,RESIDUE_PRICE_BID,,1,C2028Q2T01,NSW1-QLD1,NSW1,1,0.01,,A202506
D,RESIDUE_PRICE_BID,,1,C2027Q1T06,NSW1-QLD1,NSW1,1,0.01,,A202506
D,RESIDUE_PRICE_BID,,1,C2026Q1T10,NSW1-QLD1,NSW1,1,0.01,,A202506
D,RESIDUE_PRICE_BID,,1,C2026Q2T09,NSW1-QLD1,NSW1,1,0.01,,A202506
D,RESIDUE_PRICE_BID,,1,C2028Q1T02,NSW1-QLD1,NSW1,1,0.01,,A202506
D,RESIDUE_PRICE_BID,,1,C2026Q4T07,NSW1-QLD1,NSW1,1,0.01,,A202506
D,RESIDUE_PRICE_BID,,1,C2027Q4T03,NSW1-QLD1,NSW1,1,0.01,,A202506
D,RESIDUE_PRICE_BID,,1,C2027Q3T04,NSW1-QLD1,NSW1,1,0.01,,A202506
D,RESIDUE_PRICE_BID,,1,C2027Q3T04,NSW1-QLD1,NSW1,1,0.01,,A202506
D,RESIDUE_PRICE_BID,,1,C2026Q2T09,NSW1-QLD1,QLD1,1,69888,,A202506
D,RESIDUE_PRICE_BID,,1,C2025Q3T12,NSW1-QLD1,QLD1,1,69004.281250,,A202506
D,RESIDUE_PRICE_BID,,1,C2026Q3T08,NSW1-QLD1,QLD1,1,68000,,A202506
D,RESIDUE_PRICE_BID,,1,C2027Q3T04,NSW1-QLD1,QLD1,1,67543.703120,,A202506
D,RESIDUE_PRICE_BID,,1,C2027Q2T05,NSW1-QLD1,QLD1,1,67361,,A202506
D,RESIDUE_PRICE_BID,,1,C2027Q3T04,NSW1-QLD1,QLD1,2,56304,,A202506
D,RESIDUE_PRICE_BID,,1,C2028Q2T01,NSW1-QLD1,QLD1,2,50532.30,,A202506
D,RESIDUE_PRICE_BID,,1,C2028Q2T01,NSW1-QLD1,QLD1,2,50521,,A202506
D,RESIDUE_PRICE_BID,,1,C2026Q1T10,NSW1-QLD1,QLD1,1,49766.738280,,A202506
D,RESIDUE_PRICE_BID,,1,C2027Q3T04,NSW1-QLD1,QLD1,3,46920,,A202506
D,RESIDUE_PRICE_BID,,1,C2026Q3T08,NSW1-QLD1,QLD1,1,45625,,A202506
D,RESIDUE_PRICE_BID,,1,C2028Q2T01,NSW1-QLD1,QLD1,2,44468.42,,A202506
D,RESIDUE_PRICE_BID,,1,C2025Q4T11,NSW1-QLD1,QLD1,1,44000.320310,,A202506
D,RESIDUE_PRICE_BID,,1,C2027Q1T06,NSW1-QLD1,QLD1,1,43848,,A202506
D,RESIDUE_PRICE_BID,,1,C2028Q1T02,NSW1-QLD1,QLD1,1,43750.640630,,A202506
D,RESIDUE_PRICE_BID,,1,C2026Q2T09,NSW1-QLD1,QLD1,1,42330,,A202506
D,RESIDUE_PRICE_BID,,1,C2028Q2T01,NSW1-QLD1,QLD1,3,42101,,A202506
D,RESIDUE_PRICE_BID,,1,C2025Q3T12,NSW1-QLD1,QLD1,1,42005,,A202506
D,RESIDUE_PRICE_BID,,1,C2026Q2T09,NSW1-QLD1,QLD1,2,41618.85,,A202506
D,RESIDUE_PRICE_BID,,1,C2027Q2T05,NSW1-QLD1,QLD1,2,40690.65,,A202506
D,RESIDUE_PRICE_BID,,1,C2028Q2T01,NSW1-QLD1,QLD1,4,40425.839990,,A202506
D,RESIDUE_PRICE_BID,,1,C2027Q2T05,NSW1-QLD1,QLD1,1,40246,,A202506
D,RESIDUE_PRICE_BID,,1,C2027Q4T03,NSW1-QLD1,QLD1,1,40106,,A202506
D,RESIDUE_PRICE_BID,,1,C2026Q2T09,NSW1-QLD1,QLD1,15,37979.76,,A202506
D,RESIDUE_PRICE_BID,,1,C2026Q4T07,NSW1-QLD1,QLD1,1,37814,,A202506
D,RESIDUE_PRICE_BID,,1,C2027Q3T04,NSW1-QLD1,QLD1,2,37536,,A202506
D,RESIDUE_PRICE_BID,,1,C2025Q3T12,NSW1-QLD1,QLD1,20,37273.72,,A202506
D,RESIDUE_PRICE_BID,,1,C2027Q2T05,NSW1-QLD1,QLD1,15,37128,,A202506
D,RESIDUE_PRICE_BID,,1,C2026Q2T09,NSW1-QLD1,QLD1,10,36717.17,,A202506
D,RESIDUE_PRICE_BID,,1,C2026Q2T09,NSW1-QLD1,QLD1,8,36624.589990,,A202506
D,RESIDUE_PRICE_BID,,1,C2027Q3T04,NSW1-QLD1,QLD1,15,36432,,A202506
D,RESIDUE_PRICE_BID,,1,C2028Q2T01,NSW1-QLD1,QLD1,6,36383.26,,A202506
D,RESIDUE_PRICE_BID,,1,C2027Q2T05,NSW1-QLD1,QLD1,2,35807.769990,,A202506
D,RESIDUE_PRICE_BID,,1,C2026Q3T08,NSW1-QLD1,QLD1,2,35728.199990,,A202506
D,RESIDUE_PRICE_BID,,1,C2025Q3T12,NSW1-QLD1,QLD1,2,35560,,A202506
D,RESIDUE_PRICE_BID,,1,C2026Q3T08,NSW1-QLD1,QLD1,2,35560,,A202506
D,RESIDUE_PRICE_BID,,1,C2026Q3T08,NSW1-QLD1,QLD1,10,35540.89,,A202506
D,RESIDUE_PRICE_BID,,1,C2025Q3T12,NSW1-QLD1,QLD1,20,35328,,A202506
D,RESIDUE_PRICE_BID,,1,C2026Q2T09,NSW1-QLD1,QLD1,2,35020,,A202506
D,RESIDUE_PRICE_BID,,1,C2028Q2T01,NSW1-QLD1,QLD1,6,35000,,A202506
D,RESIDUE_PRICE_BID,,1,C2026Q2T09,NSW1-QLD1,QLD1,10,35000,,A202506
D,RESIDUE_PRICE_BID,,1,C2026Q2T09,NSW1-QLD1,QLD1,2,35000,,A202506
D,RESIDUE_PRICE_BID,,1,C2026Q3T08,NSW1-QLD1,QLD1,2,35000,,A202506
D,RESIDUE_PRICE_BID,,1,C2026Q2T09,NSW1-QLD1,QLD1,6,35000,,A202506
D,RESIDUE_PRICE_BID,,1,C2025Q3T12,NSW1-QLD1,QLD1,2,35000,,A202506
D,RESIDUE_PRICE_BID,,1,C2025Q3T12,NSW1-QLD1,QLD1,10,35000,,A202506
D,RESIDUE_PRICE_BID,,1,C2028Q2T01,NSW1-QLD1,QLD1,15,34944,,A202506
D,RESIDUE_PRICE_BID,,1,C2027Q3T04,NSW1-QLD1,QLD1,2,34610.40,,A202506
D,RESIDUE_PRICE_BID,,1,C2025Q3T12,NSW1-QLD1,QLD1,1,34557,,A202506
D,RESIDUE_PRICE_BID,,1,C2027Q2T05,NSW1-QLD1,QLD1,5,34537.16,,A202506
D,RESIDUE_PRICE_BID,,1,C2028Q2T01,NSW1-QLD1,QLD1,1,34500.839990,,A202506
D,RESIDUE_PRICE_BID,,1,C2028Q2T01,NSW1-QLD1,QLD1,1,34460.839990,,A202506
D,RESIDUE_PRICE_BID,,1,C2028Q2T01,NSW1-QLD1,QLD1,1,34420.839990,,A202506
D,RESIDUE_PRICE_BID,,1,C2028Q2T01,NSW1-QLD1,QLD1,1,34380.839990,,A202506
D,RESIDUE_PRICE_BID,,1,C2028Q2T01,NSW1-QLD1,QLD1,1,34340.839990,,A202506
D,RESIDUE_PRICE_BID,,1,C2028Q2T01,NSW1-QLD1,QLD1,1,34300.839990,,A202506
D,RESIDUE_PRICE_BID,,1,C2028Q2T01,NSW1-QLD1,QLD1,1,34260.839990,,A202506
D,RESIDUE_PRICE_BID,,1,C2028Q2T01,NSW1-QLD1,QLD1,1,34220.839990,,A202506
D,RESIDUE_PRICE_BID,,1,C2028Q2T01,NSW1-QLD1,QLD1,1,34180.839990,,A202506
D,RESIDUE_PRICE_BID,,1,C2028Q2T01,NSW1-QLD1,QLD1,1,34140.839990,,A202506
D,RESIDUE_PRICE_BID,,1,C2028Q2T01,NSW1-QLD1,QLD1,1,34100.839990,,A202506
D,RESIDUE_PRICE_BID,,1,C2028Q2T01,NSW1-QLD1,QLD1,1,34060.839990,,A202506
D,RESIDUE_PRICE_BID,,1,C2027Q3T04,NSW1-QLD1,QLD1,5,34040.89,,A202506
D,RESIDUE_PRICE_BID,,1,C2025Q3T12,NSW1-QLD1,QLD1,1,34038.64,,A202506
D,RESIDUE_PRICE_BID,,1,C2028Q2T01,NSW1-QLD1,QLD1,1,34020.839990,,A202506
D,RESIDUE_PRICE_BID,,1,C2025Q3T12,NSW1-QLD1,QLD1,10,34000,,A202506
D,RESIDUE_PRICE_BID,,1,C2026Q2T09,NSW1-QLD1,QLD1,1,33990.839990,,A202506
D,RESIDUE_PRICE_BID,,1,C2028Q2T01,NSW1-QLD1,QLD1,1,33980.839990,,A202506
D,RESIDUE_PRICE_BID,,1,C2028Q2T01,NSW1-QLD1,QLD1,1,33940.839990,,A202506
D,RESIDUE_PRICE_BID,,1,C2028Q2T01,NSW1-QLD1,QLD1,1,33900.839990,,A202506
D,RESIDUE_PRICE_BID,,1,C2026Q2T09,NSW1-QLD1,QLD1,5,33895.68,,A202506
D,RESIDUE_PRICE_BID,,1,C2026Q2T09,NSW1-QLD1,QLD1,1,33876.839990,,A202506
D,RESIDUE_PRICE_BID,,1,C2028Q2T01,NSW1-QLD1,QLD1,1,33860.839990,,A202506
D,RESIDUE_PRICE_BID,,1,C2028Q2T01,NSW1-QLD1,QLD1,1,33820.839990,,A202506
D,RESIDUE_PRICE_BID,,1,C2028Q2T01,NSW1-QLD1,QLD1,1,33780.839990,,A202506
D,RESIDUE_PRICE_BID,,1,C2026Q2T09,NSW1-QLD1,QLD1,1,33762.839990,,A202506
D,RESIDUE_PRICE_BID,,1,C2028Q2T01,NSW1-QLD1,QLD1,1,33740.839990,,A202506
D,RESIDUE_PRICE_BID,,1,C2028Q2T01,NSW1-QLD1,QLD1,1,33700.839990,,A202506
D,RESIDUE_PRICE_BID,,1,C2028Q2T01,NSW1-QLD1,QLD1,2,33681,,A202506
D,RESIDUE_PRICE_BID,,1,C2028Q2T01,NSW1-QLD1,QLD1,1,33660.839990,,A202506
D,RESIDUE_PRICE_BID,,1,C2026Q2T09,NSW1-QLD1,QLD1,1,33648.839990,,A202506
D,RESIDUE_PRICE_BID,,1,C2028Q2T01,NSW1-QLD1,QLD1,1,33620.839990,,A202506
D,RESIDUE_PRICE_BID,,1,C2026Q1T10,NSW1-QLD1,QLD1,10,33592.55,,A202506
D,RESIDUE_PRICE_BID,,1,C2028Q2T01,NSW1-QLD1,QLD1,1,33580.839990,,A202506
D,RESIDUE_PRICE_BID,,1,C2028Q2T01,NSW1-QLD1,QLD1,1,33540.839990,,A202506
D,RESIDUE_PRICE_BID,,1,C2026Q2T09,NSW1-QLD1,QLD1,6,33538.96,,A202506
D,RESIDUE_PRICE_BID,,1,C2027Q2T05,NSW1-QLD1,QLD1,2,33538,,A202506
D,RESIDUE_PRICE_BID,,1,C2027Q2T05,NSW1-QLD1,QLD1,2,33537.16,,A202506
D,RESIDUE_PRICE_BID,,1,C2026Q2T09,NSW1-QLD1,QLD1,1,33534.839990,,A202506
D,RESIDUE_PRICE_BID,,1,C2025Q3T12,NSW1-QLD1,QLD1,1,33520.29,,A202506
D,RESIDUE_PRICE_BID,,1,C2026Q3T08,NSW1-QLD1,QLD1,15,33517.44,,A202506
D,RESIDUE_PRICE_BID,,1,C2027Q2T05,NSW1-QLD1,QLD1,6,33500,,A202506
D,RESIDUE_PRICE_BID,,1,C2027Q2T05,NSW1-QLD1,QLD1,1,33485.839990,,A202506
D,RESIDUE_PRICE_BID,,1,C2027Q3T04,NSW1-QLD1,QLD1,1,33485.839990,,A202506
D,RESIDUE_PRICE_BID,,1,C2026Q2T09,NSW1-QLD1,QLD1,1,33420.839990,,A202506
D,RESIDUE_PRICE_BID,,1,C2027Q3T04,NSW1-QLD1,QLD1,1,33414.839990,,A202506
D,RESIDUE_PRICE_BID,,1,C2027Q2T05,NSW1-QLD1,QLD1,1,33414.839990,,A202506
D,RESIDUE_PRICE_BID,,1,C2027Q2T05,NSW1-QLD1,QLD1,1,33343.839990,,A202506
D,RESIDUE_PRICE_BID,,1,C2027Q3T04,NSW1-QLD1,QLD1,1,33343.839990,,A202506
D,RESIDUE_PRICE_BID,,1,C2026Q2T09,NSW1-QLD1,QLD1,1,33306.839990,,A202506
D,RESIDUE_PRICE_BID,,1,C2026Q2T09,NSW1-QLD1,QLD1,2,33295.08,,A202506
D,RESIDUE_PRICE_BID,,1,C2027Q3T04,NSW1-QLD1,QLD1,1,33272.839990,,A202506
D,RESIDUE_PRICE_BID,,1,C2027Q2T05,NSW1-QLD1,QLD1,1,33272.839990,,A202506
D,RESIDUE_PRICE_BID,,1,C2027Q2T05,NSW1-QLD1,QLD1,1,33201.839990,,A202506
D,RESIDUE_PRICE_BID,,1,C2027Q3T04,NSW1-QLD1,QLD1,1,33201.839990,,A202506
D,RESIDUE_PRICE_BID,,1,C2026Q2T09,NSW1-QLD1,QLD1,1,33192.839990,,A202506
D,RESIDUE_PRICE_BID,,1,C2027Q3T04,NSW1-QLD1,QLD1,1,33130.839990,,A202506
D,RESIDUE_PRICE_BID,,1,C2027Q2T05,NSW1-QLD1,QLD1,1,33130.839990,,A202506
D,RESIDUE_PRICE_BID,,1,C2026Q2T09,NSW1-QLD1,QLD1,1,33078.839990,,A202506
D,RESIDUE_PRICE_BID,,1,C2027Q2T05,NSW1-QLD1,QLD1,1,33059.839990,,A202506
D,RESIDUE_PRICE_BID,,1,C2027Q3T04,NSW1-QLD1,QLD1,1,33059.839990,,A202506
D,RESIDUE_PRICE_BID,,1,C2027Q3T04,NSW1-QLD1,QLD1,2,33040.89,,A202506
D,RESIDUE_PRICE_BID,,1,C2026Q3T08,NSW1-QLD1,QLD1,6,33010,,A202506
D,RESIDUE_PRICE_BID,,1,C2025Q3T12,NSW1-QLD1,QLD1,1,33001.94,,A202506
D,RESIDUE_PRICE_BID,,1,C2028Q2T01,NSW1-QLD1,QLD1,1,33000.839990,,A202506
D,RESIDUE_PRICE_BID,,1,C2027Q2T05,NSW1-QLD1,QLD1,1,32988.839990,,A202506
D,RESIDUE_PRICE_BID,,1,C2027Q3T04,NSW1-QLD1,QLD1,1,32988.839990,,A202506
D,RESIDUE_PRICE_BID,,1,C2026Q2T09,NSW1-QLD1,QLD1,1,32964.839990,,A202506
D,RESIDUE_PRICE_BID,,1,C2027Q2T05,NSW1-QLD1,QLD1,1,32917.839990,,A202506
D,RESIDUE_PRICE_BID,,1,C2027Q3T04,NSW1-QLD1,QLD1,1,32917.839990,,A202506
D,RESIDUE_PRICE_BID,,1,C2028Q2T01,NSW1-QLD1,QLD1,1,32880.839990,,A202506
D,RESIDUE_PRICE_BID,,1,C2028Q1T02,NSW1-QLD1,QLD1,2,32855,,A202506
D,RESIDUE_PRICE_BID,,1,C2026Q2T09,NSW1-QLD1,QLD1,1,32850.839990,,A202506
D,RESIDUE_PRICE_BID,,1,C2027Q3T04,NSW1-QLD1,QLD1,1,32846.839990,,A202506
D,RESIDUE_PRICE_BID,,1,C2027Q2T05,NSW1-QLD1,QLD1,1,32846.839990,,A202506
D,RESIDUE_PRICE_BID,,1,C2027Q2T05,NSW1-QLD1,QLD1,1,32775.839990,,A202506
D,RESIDUE_PRICE_BID,,1,C2027Q3T04,NSW1-QLD1,QLD1,1,32775.839990,,A202506
D,RESIDUE_PRICE_BID,,1,C2028Q2T01,NSW1-QLD1,QLD1,1,32760.84,,A202506
D,RESIDUE_PRICE_BID,,1,C2026Q2T09,NSW1-QLD1,QLD1,1,32736.84,,A202506
D,RESIDUE_PRICE_BID,,1,C2027Q3T04,NSW1-QLD1,QLD1,1,32704.84,,A202506
D,RESIDUE_PRICE_BID,,1,C2027Q2T05,NSW1-QLD1,QLD1,1,32704.84,,A202506
D,RESIDUE_PRICE_BID,,1,C2027Q3T04,NSW1-QLD1,QLD1,6,32690,,A202506
D,RESIDUE_PRICE_BID,,1,C2027Q2T05,NSW1-QLD1,QLD1,5,32670.0850,,A202506
D,RESIDUE_PRICE_BID,,1,C2028Q2T01,NSW1-QLD1,QLD1,1,32640.84,,A202506
D,RESIDUE_PRICE_BID,,1,C2027Q2T05,NSW1-QLD1,QLD1,1,32633.84,,A202506
D,RESIDUE_PRICE_BID,,1,C2027Q3T04,NSW1-QLD1,QLD1,1,32633.84,,A202506
D,RESIDUE_PRICE_BID,,1,C2026Q2T09,NSW1-QLD1,QLD1,1,32622.84,,A202506
D,RESIDUE_PRICE_BID,,1,C2027Q3T04,NSW1-QLD1,QLD1,1,32562.84,,A202506
D,RESIDUE_PRICE_BID,,1,C2027Q2T05,NSW1-QLD1,QLD1,1,32562.84,,A202506
D,RESIDUE_PRICE_BID,,1,C2026Q2T09,NSW1-QLD1,QLD1,1,32557,,A202506
D,RESIDUE_PRICE_BID,,1,C2027Q2T05,NSW1-QLD1,QLD1,2,32552.52,,A202506
D,RESIDUE_PRICE_BID,,1,C2028Q2T01,NSW1-QLD1,QLD1,5,32537.16,,A202506
D,RESIDUE_PRICE_BID,,1,C2028Q2T01,NSW1-QLD1,QLD1,1,32520.84,,A202506
D,RESIDUE_PRICE_BID,,1,C2026Q2T09,NSW1-QLD1,QLD1,1,32508.84,,A202506
D,RESIDUE_PRICE_BID,,1,C2027Q3T04,NSW1-QLD1,QLD1,1,32491.84,,A202506
D,RESIDUE_PRICE_BID,,1,C2027Q2T05,NSW1-QLD1,QLD1,1,32491.84,,A202506
D,RESIDUE_PRICE_BID,,1,C2025Q3T12,NSW1-QLD1,QLD1,1,32483.58,,A202506
D,RESIDUE_PRICE_BID,,1,C2027Q2T05,NSW1-QLD1,QLD1,1,32420.84,,A202506
D,RESIDUE_PRICE_BID,,1,C2027Q3T04,NSW1-QLD1,QLD1,1,32420.84,,A202506
D,RESIDUE_PRICE_BID,,1,C2028Q2T01,NSW1-QLD1,QLD1,1,32400.84,,A202506
D,RESIDUE_PRICE_BID,,1,C2026Q2T09,NSW1-QLD1,QLD1,1,32394.84,,A202506
D,RESIDUE_PRICE_BID,,1,C2028Q2T01,NSW1-QLD1,QLD1,6,32375,,A202506
D,RESIDUE_PRICE_BID,,1,C2026Q2T09,NSW1-QLD1,QLD1,6,32375,,A202506
D,RESIDUE_PRICE_BID,,1,C2027Q2T05,NSW1-QLD1,QLD1,1,32349.84,,A202506
D,RESIDUE_PRICE_BID,,1,C2027Q3T04,NSW1-QLD1,QLD1,1,32349.84,,A202506
D,RESIDUE_PRICE_BID,,1,C2028Q2T01,NSW1-QLD1,QLD1,1,32280.84,,A202506
D,RESIDUE_PRICE_BID,,1,C2026Q2T09,NSW1-QLD1,QLD1,1,32280.84,,A202506
D,RESIDUE_PRICE_BID,,1,C2027Q3T04,NSW1-QLD1,QLD1,1,32278.84,,A202506
D,RESIDUE_PRICE_BID,,1,C2027Q2T05,NSW1-QLD1,QLD1,1,32278.84,,A202506
D,RESIDUE_PRICE_BID,,1,C2025Q3T12,NSW1-QLD1,QLD1,10,32273.72,,A202506
D,RESIDUE_PRICE_BID,,1,C2027Q2T05,NSW1-QLD1,QLD1,1,32207.84,,A202506
D,RESIDUE_PRICE_BID,,1,C2027Q3T04,NSW1-QLD1,QLD1,1,32207.84,,A202506
D,RESIDUE_PRICE_BID,,1,C2026Q2T09,NSW1-QLD1,QLD1,1,32166.84,,A202506
D,RESIDUE_PRICE_BID,,1,C2028Q2T01,NSW1-QLD1,QLD1,1,32160.84,,A202506
D,RESIDUE_PRICE_BID,,1,C2026Q2T09,NSW1-QLD1,QLD1,10,32148.48,,A202506
D,RESIDUE_PRICE_BID,,1,C2027Q2T05,NSW1-QLD1,QLD1,1,32136.84,,A202506
D,RESIDUE_PRICE_BID,,1,C2027Q3T04,NSW1-QLD1,QLD1,1,32136.84,,A202506
D,RESIDUE_PRICE_BID,,1,C2026Q2T09,NSW1-QLD1,QLD1,1,32068.64,,A202506
D,RESIDUE_PRICE_BID,,1,C2027Q3T04,NSW1-QLD1,QLD1,1,32065.84,,A202506
D,RESIDUE_PRICE_BID,,1,C2027Q2T05,NSW1-QLD1,QLD1,1,32065.84,,A202506
D,RESIDUE_PRICE_BID,,1,C2026Q2T09,NSW1-QLD1,QLD1,1,32052.84,,A202506
D,RESIDUE_PRICE_BID,,1,C2028Q2T01,NSW1-QLD1,QLD1,1,32040.84,,A202506
D,RESIDUE_PRICE_BID,,1,C2027Q2T05,NSW1-QLD1,QLD1,1,31994.84,,A202506
D,RESIDUE_PRICE_BID,,1,C2027Q3T04,NSW1-QLD1,QLD1,1,31994.84,,A202506
D,RESIDUE_PRICE_BID,,1,C2025Q3T12,NSW1-QLD1,QLD1,1,31965.22,,A202506
D,RESIDUE_PRICE_BID,,1,C2026Q2T09,NSW1-QLD1,QLD1,1,31938.84,,A202506
D,RESIDUE_PRICE_BID,,1,C2027Q3T04,NSW1-QLD1,QLD1,1,31923.84,,A202506
D,RESIDUE_PRICE_BID,,1,C2027Q2T05,NSW1-QLD1,QLD1,1,31923.84,,A202506
D,RESIDUE_PRICE_BID,,1,C2028Q2T01,NSW1-QLD1,QLD1,1,31920.84,,A202506
D,RESIDUE_PRICE_BID,,1,C2027Q2T05,NSW1-QLD1,QLD1,1,31852.84,,A202506
D,RESIDUE_PRICE_BID,,1,C2027Q3T04,NSW1-QLD1,QLD1,1,31852.84,,A202506
D,RESIDUE_PRICE_BID,,1,C2026Q2T09,NSW1-QLD1,QLD1,1,31824.84,,A202506
D,RESIDUE_PRICE_BID,,1,C2028Q2T01,NSW1-QLD1,QLD1,1,31800.84,,A202506
D,RESIDUE_PRICE_BID,,1,C2027Q3T04,NSW1-QLD1,QLD1,1,31781.84,,A202506
D,RESIDUE_PRICE_BID,,1,C2027Q2T05,NSW1-QLD1,QLD1,1,31781.84,,A202506
D,RESIDUE_PRICE_BID,,1,C2025Q3T12,NSW1-QLD1,QLD1,5,31741.9688,,A202506
D,RESIDUE_PRICE_BID,,1,C2026Q2T09,NSW1-QLD1,QLD1,10,31717.17,,A202506
D,RESIDUE_PRICE_BID,,1,C2027Q2T05,NSW1-QLD1,QLD1,1,31710.84,,A202506
D,RESIDUE_PRICE_BID,,1,C2027Q3T04,NSW1-QLD1,QLD1,1,31710.84,,A202506
D,RESIDUE_PRICE_BID,,1,C2026Q2T09,NSW1-QLD1,QLD1,1,31710.84,,A202506
D,RESIDUE_PRICE_BID,,1,C2028Q2T01,NSW1-QLD1,QLD1,1,31680.84,,A202506
D,RESIDUE_PRICE_BID,,1,C2027Q2T05,NSW1-QLD1,QLD1,1,31639.84,,A202506
D,RESIDUE_PRICE_BID,,1,C2027Q3T04,NSW1-QLD1,QLD1,1,31639.84,,A202506
D,RESIDUE_PRICE_BID,,1,C2026Q2T09,NSW1-QLD1,QLD1,1,31596.84,,A202506
D,RESIDUE_PRICE_BID,,1,C2026Q2T09,NSW1-QLD1,QLD1,1,31580.29,,A202506
D,RESIDUE_PRICE_BID,,1,C2027Q2T05,NSW1-QLD1,QLD1,1,31568.84,,A202506
D,RESIDUE_PRICE_BID,,1,C2027Q3T04,NSW1-QLD1,QLD1,1,31568.84,,A202506
D,RESIDUE_PRICE_BID,,1,C2028Q2T01,NSW1-QLD1,QLD1,1,31560.84,,A202506
D,RESIDUE_PRICE_BID,,1,C2027Q2T05,NSW1-QLD1,QLD1,2,31537.16,,A202506
D,RESIDUE_PRICE_BID,,1,C2028Q2T01,NSW1-QLD1,QLD1,2,31537.16,,A202506
D,RESIDUE_PRICE_BID,,1,C2026Q3T08,NSW1-QLD1,QLD1,10,31530.24,,A202506
D,RESIDUE_PRICE_BID,,1,C2027Q3T04,NSW1-QLD1,QLD1,1,31497.84,,A202506
D,RESIDUE_PRICE_BID,,1,C2027Q2T05,NSW1-QLD1,QLD1,1,31497.84,,A202506
D,RESIDUE_PRICE_BID,,1,C2026Q2T09,NSW1-QLD1,QLD1,1,31482.84,,A202506
D,RESIDUE_PRICE_BID,,1,C2027Q3T04,NSW1-QLD1,QLD1,2,31464,,A202506
D,RESIDUE_PRICE_BID,,1,C2025Q3T12,NSW1-QLD1,QLD1,1,31446.87,,A202506
D,RESIDUE_PRICE_BID,,1,C2028Q2T01,NSW1-QLD1,QLD1,1,31440.84,,A202506
D,RESIDUE_PRICE_BID,,1,C2026Q3T08,NSW1-QLD1,QLD1,2,31440.82,,A202506
D,RESIDUE_PRICE_BID,,1,C2027Q2T05,NSW1-QLD1,QLD1,1,31426.84,,A202506
D,RESIDUE_PRICE_BID,,1,C2027Q3T04,NSW1-QLD1,QLD1,1,31426.84,,A202506
D,RESIDUE_PRICE_BID,,1,C2026Q2T09,NSW1-QLD1,QLD1,1,31368.84,,A202506
D,RESIDUE_PRICE_BID,,1,C2027Q3T04,NSW1-QLD1,QLD1,1,31355.84,,A202506
D,RESIDUE_PRICE_BID,,1,C2027Q2T05,NSW1-QLD1,QLD1,1,31355.84,,A202506
D,RESIDUE_PRICE_BID,,1,C2025Q3T12,NSW1-QLD1,QLD1,10,31350.32,,A202506
D,RESIDUE_PRICE_BID,,1,C2028Q2T01,NSW1-QLD1,QLD1,1,31320.84,,A202506
D,RESIDUE_PRICE_BID,,1,C2026Q2T09,NSW1-QLD1,QLD1,14,31318.56,,A202506
D,RESIDUE_PRICE_BID,,1,C2027Q3T04,NSW1-QLD1,QLD1,1,31284.84,,A202506
D,RESIDUE_PRICE_BID,,1,C2027Q2T05,NSW1-QLD1,QLD1,1,31284.84,,A202506
D,RESIDUE_PRICE_BID,,1,C2026Q3T08,NSW1-QLD1,QLD1,5,31280,,A202506
D,RESIDUE_PRICE_BID,,1,C2026Q2T09,NSW1-QLD1,QLD1,1,31254.84,,A202506
D,RESIDUE_PRICE_BID,,1,C2027Q2T05,NSW1-QLD1,QLD1,1,31213.84,,A202506
D,RESIDUE_PRICE_BID,,1,C2027Q3T04,NSW1-QLD1,QLD1,1,31213.84,,A202506
D,RESIDUE_PRICE_BID,,1,C2028Q2T01,NSW1-QLD1,QLD1,1,31200.84,,A202506
D,RESIDUE_PRICE_BID,,1,C2027Q2T05,NSW1-QLD1,QLD1,1,31142.84,,A202506
D,RESIDUE_PRICE_BID,,1,C2027Q3T04,NSW1-QLD1,QLD1,1,31142.84,,A202506
D,RESIDUE_PRICE_BID,,1,C2026Q2T09,NSW1-QLD1,QLD1,1,31140.84,,A202506
D,RESIDUE_PRICE_BID,,1,C2026Q2T09,NSW1-QLD1,QLD1,1,31091.94,,A202506
D,RESIDUE_PRICE_BID,,1,C2028Q2T01,NSW1-QLD1,QLD1,1,31080.84,,A202506
D,RESIDUE_PRICE_BID,,1,C2027Q2T05,NSW1-QLD1,QLD1,1,31071.84,,A202506
D,RESIDUE_PRICE_BID,,1,C2027Q3T04,NSW1-QLD1,QLD1,1,31071.84,,A202506
D,RESIDUE_PRICE_BID,,1,C2027Q3T04,NSW1-QLD1,QLD1,5,31070.1020,,A202506
D,RESIDUE_PRICE_BID,,1,C2025Q3T12,NSW1-QLD1,QLD1,10,31051.93,,A202506
D,RESIDUE_PRICE_BID,,1,C2027Q3T04,NSW1-QLD1,QLD1,2,31040.89,,A202506
D,RESIDUE_PRICE_BID,,1,C2026Q3T08,NSW1-QLD1,QLD1,10,31040.89,,A202506
D,RESIDUE_PRICE_BID,,1,C2026Q2T09,NSW1-QLD1,QLD1,1,31026.84,,A202506
D,RESIDUE_PRICE_BID,,1,C2026Q3T08,NSW1-QLD1,QLD1,1,31000.84,,A202506
D,RESIDUE_PRICE_BID,,1,C2027Q2T05,NSW1-QLD1,QLD1,6,30988,,A202506
D,RESIDUE_PRICE_BID,,1,C2027Q2T05,NSW1-QLD1,QLD1,10,30986.06,,A202506
D,RESIDUE_PRICE_BID,,1,C2028Q2T01,NSW1-QLD1,QLD1,1,30960.84,,A202506
D,RESIDUE_PRICE_BID,,1,C2025Q3T12,NSW1-QLD1,QLD1,1,30928.52,,A202506
D,RESIDUE_PRICE_BID,,1,C2026Q2T09,NSW1-QLD1,QLD1,1,30912.84,,A202506
D,RESIDUE_PRICE_BID,,1,C2026Q3T08,NSW1-QLD1,QLD1,1,30880.84,,A202506
D,RESIDUE_PRICE_BID,,1,C2028Q2T01,NSW1-QLD1,QLD1,1,30840.84,,A202506
D,RESIDUE_PRICE_BID,,1,C2026Q2T09,NSW1-QLD1,QLD1,1,30798.84,,A202506
D,RESIDUE_PRICE_BID,,1,C2026Q3T08,NSW1-QLD1,QLD1,1,30760.84,,A202506
D,RESIDUE_PRICE_BID,,1,C2028Q2T01,NSW1-QLD1,QLD1,1,30720.84,,A202506
D,RESIDUE_PRICE_BID,,1,C2026Q1T10,NSW1-QLD1,QLD1,10,30689.49,,A202506
D,RESIDUE_PRICE_BID,,1,C2026Q2T09,NSW1-QLD1,QLD1,1,30684.84,,A202506
D,RESIDUE_PRICE_BID,,1,C2026Q3T08,NSW1-QLD1,QLD1,1,30640.84,,A202506
D,RESIDUE_PRICE_BID,,1,C2026Q2T09,NSW1-QLD1,QLD1,1,30603.58,,A202506
D,RESIDUE_PRICE_BID,,1,C2028Q2T01,NSW1-QLD1,QLD1,1,30600.84,,A202506
D,RESIDUE_PRICE_BID,,1,C2026Q2T09,NSW1-QLD1,QLD1,1,30570.84,,A202506
D,RESIDUE_PRICE_BID,,1,C2027Q2T05,NSW1-QLD1,QLD1,1,30557,,A202506
D,RESIDUE_PRICE_BID,,1,C2026Q3T08,NSW1-QLD1,QLD1,1,30557,,A202506
D,RESIDUE_PRICE_BID,,1,C2027Q3T04,NSW1-QLD1,QLD1,1,30557,,A202506
D,RESIDUE_PRICE_BID,,1,C2026Q3T08,NSW1-QLD1,QLD1,20,30536.64,,A202506
D,RESIDUE_PRICE_BID,,1,C2026Q3T08,NSW1-QLD1,QLD1,6,30534,,A202506
D,RESIDUE_PRICE_BID,,1,C2026Q3T08,NSW1-QLD1,QLD1,1,30520.84,,A202506
D,RESIDUE_PRICE_BID,,1,C2028Q2T01,NSW1-QLD1,QLD1,1,30480.84,,A202506
D,RESIDUE_PRICE_BID,,1,C2026Q2T09,NSW1-QLD1,QLD1,1,30456.84,,A202506
D,RESIDUE_PRICE_BID,,1,C2025Q3T12,NSW1-QLD1,QLD1,1,30410.16,,A202506
D,RESIDUE_PRICE_BID,,1,C2026Q3T08,NSW1-QLD1,QLD1,1,30400.84,,A202506
D,RESIDUE_PRICE_BID,,1,C2028Q2T01,NSW1-QLD1,QLD1,1,30360.84,,A202506
D,RESIDUE_PRICE_BID,,1,C2028Q2T01,NSW1-QLD1,QLD1,5,30360,,A202506
D,RESIDUE_PRICE_BID,,1,C2026Q2T09,NSW1-QLD1,QLD1,1,30342.84,,A202506
D,RESIDUE_PRICE_BID,,1,C2028Q2T01,NSW1-QLD1,QLD1,6,30319.38,,A202506
D,RESIDUE_PRICE_BID,,1,C2028Q2T01,NSW1-QLD1,QLD1,10,30312.45,,A202506
D,RESIDUE_PRICE_BID,,1,C2026Q3T08,NSW1-QLD1,QLD1,1,30280.84,,A202506
D,RESIDUE_PRICE_BID,,1,C2028Q2T01,NSW1-QLD1,QLD1,1,30240.84,,A202506
D,RESIDUE_PRICE_BID,,1,C2027Q3T04,NSW1-QLD1,QLD1,6,30238,,A202506
D,RESIDUE_PRICE_BID,,1,C2027Q3T04,NSW1-QLD1,QLD1,10,30234.88,,A202506
D,RESIDUE_PRICE_BID,,1,C2026Q2T09,NSW1-QLD1,QLD1,1,30228.84,,A202506
D,RESIDUE_PRICE_BID,,1,C2026Q3T08,NSW1-QLD1,QLD1,1,30160.84,,A202506
D,RESIDUE_PRICE_BID,,1,C2025Q3T12,NSW1-QLD1,QLD1,10,30125.65,,A202506
D,RESIDUE_PRICE_BID,,1,C2028Q2T01,NSW1-QLD1,QLD1,1,30120.84,,A202506
D,RESIDUE_PRICE_BID,,1,C2026Q2T09,NSW1-QLD1,QLD1,1,30115.22,,A202506
D,RESIDUE_PRICE_BID,,1,C2026Q2T09,NSW1-QLD1,QLD1,1,30114.84,,A202506
D,RESIDUE_PRICE_BID,,1,C2026Q3T08,NSW1-QLD1,QLD1,1,30098.64,,A202506
D,RESIDUE_PRICE_BID,,1,C2027Q2T05,NSW1-QLD1,QLD1,1,30098.64,,A202506
D,RESIDUE_PRICE_BID,,1,C2027Q3T04,NSW1-QLD1,QLD1,1,30098.64,,A202506
D,RESIDUE_PRICE_BID,,1,C2026Q3T08,NSW1-QLD1,QLD1,5,30040.89,,A202506
D,RESIDUE_PRICE_BID,,1,C2026Q3T08,NSW1-QLD1,QLD1,1,30040.84,,A202506
D,RESIDUE_PRICE_BID,,1,C2027Q3T04,NSW1-QLD1,QLD1,2,30029,,A202506
D,RESIDUE_PRICE_BID,,1,C2027Q3T04,NSW1-QLD1,QLD1,1,30025,,A202506
D,RESIDUE_PRICE_BID,,1,C2025Q3T12,NSW1-QLD1,QLD1,1,30025,,A202506
D,RESIDUE_PRICE_BID,,1,C2026Q3T08,NSW1-QLD1,QLD1,1,30025,,A202506
D,RESIDUE_PRICE_BID,,1,C2025Q3T12,NSW1-QLD1,QLD1,5,30000,,A202506
D,RESIDUE_PRICE_BID,,1,C2026Q1T10,NSW1-QLD1,QLD1,5,30000,,A202506
D,RESIDUE_PRICE_BID,,1,C2025Q4T11,NSW1-QLD1,QLD1,5,30000,,A202506
D,RESIDUE_PRICE_BID,,1,C2025Q3T12,NSW1-QLD1,QLD1,1,29990.84,,A202506
D,RESIDUE_PRICE_BID,,1,C2026Q2T09,NSW1-QLD1,QLD1,2,29965.57,,A202506
D,RESIDUE_PRICE_BID,,1,C2025Q3T12,NSW1-QLD1,QLD1,1,29924.84,,A202506
D,RESIDUE_PRICE_BID,,1,C2026Q3T08,NSW1-QLD1,QLD1,1,29920.84,,A202506
D,RESIDUE_PRICE_BID,,1,C2025Q3T12,NSW1-QLD1,QLD1,10,29901.86,,A202506
D,RESIDUE_PRICE_BID,,1,C2025Q3T12,NSW1-QLD1,QLD1,1,29891.80,,A202506
D,RESIDUE_PRICE_BID,,1,C2025Q3T12,NSW1-QLD1,QLD1,1,29858.84,,A202506
D,RESIDUE_PRICE_BID,,1,C2026Q3T08,NSW1-QLD1,QLD1,1,29800.84,,A202506
D,RESIDUE_PRICE_BID,,1,C2025Q3T12,NSW1-QLD1,QLD1,1,29792.84,,A202506
D,RESIDUE_PRICE_BID,,1,C2028Q2T01,NSW1-QLD1,QLD1,6,29750,,A202506
D,RESIDUE_PRICE_BID,,1,C2026Q2T09,NSW1-QLD1,QLD1,6,29750,,A202506
D,RESIDUE_PRICE_BID,,1,C2025Q3T12,NSW1-QLD1,QLD1,1,29726.84,,A202506
D,RESIDUE_PRICE_BID,,1,C2026Q2T09,NSW1-QLD1,QLD1,10,29702.40,,A202506
D,RESIDUE_PRICE_BID,,1,C2025Q4T11,NSW1-QLD1,QLD1,10,29700.22,,A202506
D,RESIDUE_PRICE_BID,,1,C2026Q3T08,NSW1-QLD1,QLD1,1,29680.84,,A202506
D,RESIDUE_PRICE_BID,,1,C2027Q2T05,NSW1-QLD1,QLD1,10,29673.28,,A202506
D,RESIDUE_PRICE_BID,,1,C2026Q1T10,NSW1-QLD1,QLD1,1,29670,,A202506
D,RESIDUE_PRICE_BID,,1,C2025Q3T12,NSW1-QLD1,QLD1,1,29660.84,,A202506
D,RESIDUE_PRICE_BID,,1,C2027Q2T05,NSW1-QLD1,QLD1,1,29640.29,,A202506
D,RESIDUE_PRICE_BID,,1,C2027Q3T04,NSW1-QLD1,QLD1,1,29640.29,,A202506
D,RESIDUE_PRICE_BID,,1,C2026Q3T08,NSW1-QLD1,QLD1,1,29640.29,,A202506
D,RESIDUE_PRICE_BID,,1,C2026Q2T09,NSW1-QLD1,QLD1,1,29626.87,,A202506
D,RESIDUE_PRICE_BID,,1,C2027Q1T06,NSW1-QLD1,QLD1,10,29597.40,,A202506
D,RESIDUE_PRICE_BID,,1,C2025Q3T12,NSW1-QLD1,QLD1,1,29594.84,,A202506
D,RESIDUE_PRICE_BID,,1,C2026Q3T08,NSW1-QLD1,QLD1,1,29560.84,,A202506
D,RESIDUE_PRICE_BID,,1,C2028Q2T01,NSW1-QLD1,QLD1,2,29537.16,,A202506
D,RESIDUE_PRICE_BID,,1,C2028Q1T02,NSW1-QLD1,QLD1,10,29531.68,,A202506
D,RESIDUE_PRICE_BID,,1,C2025Q3T12,NSW1-QLD1,QLD1,1,29528.84,,A202506
D,RESIDUE_PRICE_BID,,1,C2025Q3T12,NSW1-QLD1,QLD1,1,29462.84,,A202506
D,RESIDUE_PRICE_BID,,1,C2026Q3T08,NSW1-QLD1,QLD1,1,29440.84,,A202506
D,RESIDUE_PRICE_BID,,1,C2025Q3T12,NSW1-QLD1,QLD1,1,29396.84,,A202506
D,RESIDUE_PRICE_BID,,1,C2025Q3T12,NSW1-QLD1,QLD1,1,29373.45,,A202506
D,RESIDUE_PRICE_BID,,1,C2027Q3T04,NSW1-QLD1,QLD1,10,29350.32,,A202506
D,RESIDUE_PRICE_BID,,1,C2026Q3T08,NSW1-QLD1,QLD1,10,29350.32,,A202506
D,RESIDUE_PRICE_BID,,1,C2025Q3T12,NSW1-QLD1,QLD1,1,29330.84,,A202506
D,RESIDUE_PRICE_BID,,1,C2025Q3T12,NSW1-QLD1,QLD1,10,29326.8190,,A202506
D,RESIDUE_PRICE_BID,,1,C2026Q3T08,NSW1-QLD1,QLD1,1,29320.84,,A202506
D,RESIDUE_PRICE_BID,,1,C2027Q2T05,NSW1-QLD1,QLD1,2,29297.27,,A202506
D,RESIDUE_PRICE_BID,,1,C2025Q3T12,NSW1-QLD1,QLD1,1,29264.84,,A202506
D,RESIDUE_PRICE_BID,,1,C2026Q3T08,NSW1-QLD1,QLD1,1,29200.84,,A202506
D,RESIDUE_PRICE_BID,,1,C2025Q3T12,NSW1-QLD1,QLD1,1,29198.84,,A202506
D,RESIDUE_PRICE_BID,,1,C2028Q2T01,NSW1-QLD1,QLD1,10,29189.77,,A202506
D,RESIDUE_PRICE_BID,,1,C2027Q3T04,NSW1-QLD1,QLD1,1,29181.94,,A202506
D,RESIDUE_PRICE_BID,,1,C2026Q3T08,NSW1-QLD1,QLD1,1,29181.94,,A202506
D,RESIDUE_PRICE_BID,,1,C2027Q2T05,NSW1-QLD1,QLD1,1,29181.94,,A202506
D,RESIDUE_PRICE_BID,,1,C2026Q2T09,NSW1-QLD1,QLD1,1,29138.52,,A202506
D,RESIDUE_PRICE_BID,,1,C2025Q3T12,NSW1-QLD1,QLD1,1,29132.84,,A202506
D,RESIDUE_PRICE_BID,,1,C2028Q2T01,NSW1-QLD1,QLD1,10,29120,,A202506
D,RESIDUE_PRICE_BID,,1,C2026Q3T08,NSW1-QLD1,QLD1,1,29080.84,,A202506
D,RESIDUE_PRICE_BID,,1,C2025Q3T12,NSW1-QLD1,QLD1,1,29066.84,,A202506
D,RESIDUE_PRICE_BID,,1,C2028Q2T01,NSW1-QLD1,QLD1,10,29000.84,,A202506
D,RESIDUE_PRICE_BID,,1,C2026Q2T09,NSW1-QLD1,QLD1,10,29000.84,,A202506
D,RESIDUE_PRICE_BID,,1,C2027Q3T04,NSW1-QLD1,QLD1,10,29000.84,,A202506
D,RESIDUE_PRICE_BID,,1,C2027Q2T05,NSW1-QLD1,QLD1,10,29000.84,,A202506
D,RESIDUE_PRICE_BID,,1,C2026Q3T08,NSW1-QLD1,QLD1,1,28960.84,,A202506
D,RESIDUE_PRICE_BID,,1,C2026Q3T08,NSW1-QLD1,QLD1,10,28900,,A202506
D,RESIDUE_PRICE_BID,,1,C2026Q3T08,NSW1-QLD1,QLD1,10,28900,,A202506
D,RESIDUE_PRICE_BID,,1,C2025Q3T12,NSW1-QLD1,QLD1,1,28855.09,,A202506
D,RESIDUE_PRICE_BID,,1,C2026Q3T08,NSW1-QLD1,QLD1,1,28840.84,,A202506
D,RESIDUE_PRICE_BID,,1,C2025Q3T12,NSW1-QLD1,QLD1,10,28751.78,,A202506
D,RESIDUE_PRICE_BID,,1,C2027Q2T05,NSW1-QLD1,QLD1,1,28723.58,,A202506
D,RESIDUE_PRICE_BID,,1,C2027Q3T04,NSW1-QLD1,QLD1,1,28723.58,,A202506
D,RESIDUE_PRICE_BID,,1,C2026Q3T08,NSW1-QLD1,QLD1,1,28723.58,,A202506
D,RESIDUE_PRICE_BID,,1,C2026Q3T08,NSW1-QLD1,QLD1,1,28720.84,,A202506
D,RESIDUE_PRICE_BID,,1,C2027Q3T04,NSW1-QLD1,QLD1,10,28706.0725,,A202506
D,RESIDUE_PRICE_BID,,1,C2027Q3T04,NSW1-QLD1,QLD1,10,28706.07,,A202506
D,RESIDUE_PRICE_BID,,1,C2026Q2T09,NSW1-QLD1,QLD1,1,28650.16,,A202506
D,RESIDUE_PRICE_BID,,1,C2027Q2T05,NSW1-QLD1,QLD1,10,28628.43,,A202506
D,RESIDUE_PRICE_BID,,1,C2026Q3T08,NSW1-QLD1,QLD1,1,28600.84,,A202506
D,RESIDUE_PRICE_BID,,1,C2026Q3T08,NSW1-QLD1,QLD1,2,28582.56,,A202506
D,RESIDUE_PRICE_BID,,1,C2025Q3T12,NSW1-QLD1,QLD1,5,28552.36,,A202506
D,RESIDUE_PRICE_BID,,1,C2026Q2T09,NSW1-QLD1,QLD1,10,28537.60,,A202506
D,RESIDUE_PRICE_BID,,1,C2025Q3T12,NSW1-QLD1,QLD1,3,28500.84,,A202506
D,RESIDUE_PRICE_BID,,1,C2026Q3T08,NSW1-QLD1,QLD1,1,28480.84,,A202506
D,RESIDUE_PRICE_BID,,1,C2027Q2T05,NSW1-QLD1,QLD1,6,28475,,A202506
D,RESIDUE_PRICE_BID,,1,C2026Q3T08,NSW1-QLD1,QLD1,1,28448,,A202506
D,RESIDUE_PRICE_BID,,1,C2025Q3T12,NSW1-QLD1,QLD1,1,28448,,A202506
D,RESIDUE_PRICE_BID,,1,C2026Q2T09,NSW1-QLD1,QLD1,1,28392,,A202506
D,RESIDUE_PRICE_BID,,1,C2026Q3T08,NSW1-QLD1,QLD1,1,28360.84,,A202506
D,RESIDUE_PRICE_BID,,1,C2027Q1T06,NSW1-QLD1,QLD1,1,28350,,A202506
D,RESIDUE_PRICE_BID,,1,C2025Q3T12,NSW1-QLD1,QLD1,1,28336.74,,A202506
D,RESIDUE_PRICE_BID,,1,C2027Q3T04,NSW1-QLD1,QLD1,2,28317.60,,A202506
D,RESIDUE_PRICE_BID,,1,C2026Q3T08,NSW1-QLD1,QLD1,1,28265.22,,A202506
D,RESIDUE_PRICE_BID,,1,C2027Q2T05,NSW1-QLD1,QLD1,1,28265.22,,A202506
D,RESIDUE_PRICE_BID,,1,C2027Q3T04,NSW1-QLD1,QLD1,1,28265.22,,A202506
D,RESIDUE_PRICE_BID,,1,C2026Q3T08,NSW1-QLD1,QLD1,1,28240.84,,A202506
D,RESIDUE_PRICE_BID,,1,C2026Q2T09,NSW1-QLD1,QLD1,1,28161.80,,A202506
D,RESIDUE_PRICE_BID,,1,C2025Q3T12,NSW1-QLD1,QLD1,3,28160.84,,A202506
D,RESIDUE_PRICE_BID,,1,C2026Q3T08,NSW1-QLD1,QLD1,1,28120.84,,A202506
D,RESIDUE_PRICE_BID,,1,C2028Q2T01,NSW1-QLD1,QLD1,10,28067.08,,A202506
D,RESIDUE_PRICE_BID,,1,C2026Q3T08,NSW1-QLD1,QLD1,6,28058,,A202506
D,RESIDUE_PRICE_BID,,1,C2028Q2T01,NSW1-QLD1,QLD1,10,28050,,A202506
D,RESIDUE_PRICE_BID,,1,C2028Q2T01,NSW1-QLD1,QLD1,6,28000,,A202506
D,RESIDUE_PRICE_BID,,1,C2026Q2T09,NSW1-QLD1,QLD1,6,28000,,A202506
D,RESIDUE_PRICE_BID,,1,C2026Q2T09,NSW1-QLD1,QLD1,10,27955.20,,A202506
D,RESIDUE_PRICE_BID,,1,C2025Q3T12,NSW1-QLD1,QLD1,3,27820.84,,A202506
D,RESIDUE_PRICE_BID,,1,C2025Q3T12,NSW1-QLD1,QLD1,1,27818.38,,A202506
D,RESIDUE_PRICE_BID,,1,C2027Q3T04,NSW1-QLD1,QLD1,1,27806.87,,A202506
D,RESIDUE_PRICE_BID,,1,C2026Q3T08,NSW1-QLD1,QLD1,1,27806.87,,A202506
D,RESIDUE_PRICE_BID,,1,C2027Q2T05,NSW1-QLD1,QLD1,1,27806.87,,A202506
D,RESIDUE_PRICE_BID,,1,C2026Q1T10,NSW1-QLD1,QLD1,10,27786.43,,A202506
D,RESIDUE_PRICE_BID,,1,C2027Q3T04,NSW1-QLD1,QLD1,6,27786,,A202506
D,RESIDUE_PRICE_BID,,1,C2026Q3T08,NSW1-QLD1,QLD1,10,27766.67,,A202506
D,RESIDUE_PRICE_BID,,1,C2026Q2T09,NSW1-QLD1,QLD1,5,27717.17,,A202506
D,RESIDUE_PRICE_BID,,1,C2026Q2T09,NSW1-QLD1,QLD1,1,27673.45,,A202506
D,RESIDUE_PRICE_BID,,1,C2025Q3T12,NSW1-QLD1,QLD1,20,27601.71,,A202506
D,RESIDUE_PRICE_BID,,1,C2027Q3T04,NSW1-QLD1,QLD1,10,27580.34,,A202506
D,RESIDUE_PRICE_BID,,1,C2025Q3T12,NSW1-QLD1,QLD1,20,27555.84,,A202506
D,RESIDUE_PRICE_BID,,1,C2027Q2T05,NSW1-QLD1,QLD1,10,27505.75,,A202506
D,RESIDUE_PRICE_BID,,1,C2025Q3T12,NSW1-QLD1,QLD1,3,27480.84,,A202506
D,RESIDUE_PRICE_BID,,1,C2028Q1T02,NSW1-QLD1,QLD1,3,27379,,A202506
D,RESIDUE_PRICE_BID,,1,C2026Q2T09,NSW1-QLD1,QLD1,10,27372.80,,A202506
D,RESIDUE_PRICE_BID,,1,C2027Q2T05,NSW1-QLD1,QLD1,1,27348.52,,A202506
D,RESIDUE_PRICE_BID,,1,C2026Q3T08,NSW1-QLD1,QLD1,1,27348.52,,A202506
D,RESIDUE_PRICE_BID,,1,C2027Q3T04,NSW1-QLD1,QLD1,1,27348.52,,A202506
D,RESIDUE_PRICE_BID,,1,C2025Q3T12,NSW1-QLD1,QLD1,1,27300.03,,A202506
D,RESIDUE_PRICE_BID,,1,C2025Q3T12,NSW1-QLD1,QLD1,15,27273.72,,A202506
D,RESIDUE_PRICE_BID,,1,C2025Q3T12,NSW1-QLD1,QLD1,6,27270,,A202506
D,RESIDUE_PRICE_BID,,1,C2026Q2T09,NSW1-QLD1,QLD1,1,27185.09,,A202506
D,RESIDUE_PRICE_BID,,1,C2025Q3T12,NSW1-QLD1,QLD1,3,27140.84,,A202506
D,RESIDUE_PRICE_BID,,1,C2027Q3T04,NSW1-QLD1,QLD1,20,27136.32,,A202506
D,RESIDUE_PRICE_BID,,1,C2025Q4T11,NSW1-QLD1,QLD1,10,27133.53,,A202506
D,RESIDUE_PRICE_BID,,1,C2027Q4T03,NSW1-QLD1,QLD1,10,27071.55,,A202506
D,RESIDUE_PRICE_BID,,1,C2027Q1T06,NSW1-QLD1,QLD1,10,27039.60,,A202506
D,RESIDUE_PRICE_BID,,1,C2026Q3T08,NSW1-QLD1,QLD1,10,27000.84,,A202506
D,RESIDUE_PRICE_BID,,1,C2028Q1T02,NSW1-QLD1,QLD1,10,26979.56,,A202506
D,RESIDUE_PRICE_BID,,1,C2028Q2T01,NSW1-QLD1,QLD1,20,26944.40,,A202506
D,RESIDUE_PRICE_BID,,1,C2027Q2T05,NSW1-QLD1,QLD1,10,26944.40,,A202506
D,RESIDUE_PRICE_BID,,1,C2028Q2T01,NSW1-QLD1,QLD1,2,26944,,A202506
D,RESIDUE_PRICE_BID,,1,C2027Q2T05,NSW1-QLD1,QLD1,10,26900.84,,A202506
D,RESIDUE_PRICE_BID,,1,C2027Q3T04,NSW1-QLD1,QLD1,10,26900.84,,A202506
D,RESIDUE_PRICE_BID,,1,C2028Q2T01,NSW1-QLD1,QLD1,10,26900.84,,A202506
D,RESIDUE_PRICE_BID,,1,C2026Q2T09,NSW1-QLD1,QLD1,10,26900.84,,A202506
D,RESIDUE_PRICE_BID,,1,C2026Q3T08,NSW1-QLD1,QLD1,1,26890.16,,A202506
D,RESIDUE_PRICE_BID,,1,C2027Q3T04,NSW1-QLD1,QLD1,1,26890.16,,A202506
D,RESIDUE_PRICE_BID,,1,C2027Q2T05,NSW1-QLD1,QLD1,1,26890.16,,A202506
D,RESIDUE_PRICE_BID,,1,C2027Q2T05,NSW1-QLD1,QLD1,1,26830,,A202506
D,RESIDUE_PRICE_BID,,1,C2025Q3T12,NSW1-QLD1,QLD1,3,26800.84,,A202506
D,RESIDUE_PRICE_BID,,1,C2027Q2T05,NSW1-QLD1,QLD1,6,26800,,A202506
D,RESIDUE_PRICE_BID,,1,C2025Q3T12,NSW1-QLD1,QLD1,1,26781.68,,A202506
D,RESIDUE_PRICE_BID,,1,C2026Q2T09,NSW1-QLD1,QLD1,1,26696.74,,A202506
D,RESIDUE_PRICE_BID,,1,C2026Q3T08,NSW1-QLD1,QLD1,10,26633.33,,A202506
D,RESIDUE_PRICE_BID,,1,C2025Q4T11,NSW1-QLD1,QLD1,10,26496,,A202506
D,RESIDUE_PRICE_BID,,1,C2025Q3T12,NSW1-QLD1,QLD1,3,26460.84,,A202506
D,RESIDUE_PRICE_BID,,1,C2027Q3T04,NSW1-QLD1,QLD1,10,26454.62,,A202506
D,RESIDUE_PRICE_BID,,1,C2027Q3T04,NSW1-QLD1,QLD1,1,26431.80,,A202506
D,RESIDUE_PRICE_BID,,1,C2026Q3T08,NSW1-QLD1,QLD1,1,26431.80,,A202506
D,RESIDUE_PRICE_BID,,1,C2027Q2T05,NSW1-QLD1,QLD1,1,26431.80,,A202506
D,RESIDUE_PRICE_BID,,1,C2026Q3T08,NSW1-QLD1,QLD1,6,26408,,A202506
D,RESIDUE_PRICE_BID,,1,C2027Q2T05,NSW1-QLD1,QLD1,10,26383.06,,A202506
D,RESIDUE_PRICE_BID,,1,C2027Q4T03,NSW1-QLD1,QLD1,2,26268,,A202506
D,RESIDUE_PRICE_BID,,1,C2025Q3T12,NSW1-QLD1,QLD1,1,26263.32,,A202506
D,RESIDUE_PRICE_BID,,1,C2028Q2T01,NSW1-QLD1,QLD1,6,26250,,A202506
D,RESIDUE_PRICE_BID,,1,C2026Q2T09,NSW1-QLD1,QLD1,6,26250,,A202506
D,RESIDUE_PRICE_BID,,1,C2026Q2T09,NSW1-QLD1,QLD1,1,26208.38,,A202506
D,RESIDUE_PRICE_BID,,1,C2026Q2T09,NSW1-QLD1,QLD1,20,26208,,A202506
D,RESIDUE_PRICE_BID,,1,C2028Q2T01,NSW1-QLD1,QLD1,20,26208,,A202506
D,RESIDUE_PRICE_BID,,1,C2027Q3T04,NSW1-QLD1,QLD1,6,26152,,A202506
D,RESIDUE_PRICE_BID,,1,C2026Q1T10,NSW1-QLD1,QLD1,5,26127.5385,,A202506
D,RESIDUE_PRICE_BID,,1,C2026Q3T08,NSW1-QLD1,QLD1,10,26125.65,,A202506
D,RESIDUE_PRICE_BID,,1,C2027Q3T04,NSW1-QLD1,QLD1,10,26125.65,,A202506
D,RESIDUE_PRICE_BID,,1,C2025Q3T12,NSW1-QLD1,QLD1,3,26120.84,,A202506
D,RESIDUE_PRICE_BID,,1,C2025Q4T11,NSW1-QLD1,QLD1,10,26002.14,,A202506
D,RESIDUE_PRICE_BID,,1,C2026Q3T08,NSW1-QLD1,QLD1,1,25973.45,,A202506
D,RESIDUE_PRICE_BID,,1,C2027Q2T05,NSW1-QLD1,QLD1,1,25973.45,,A202506
D,RESIDUE_PRICE_BID,,1,C2027Q3T04,NSW1-QLD1,QLD1,1,25973.45,,A202506
D,RESIDUE_PRICE_BID,,1,C2027Q2T05,NSW1-QLD1,QLD1,20,25945.92,,A202506
D,RESIDUE_PRICE_BID,,1,C2027Q1T06,NSW1-QLD1,QLD1,15,25920,,A202506
D,RESIDUE_PRICE_BID,,1,C2026Q1T10,NSW1-QLD1,QLD1,10,25920,,A202506
D,RESIDUE_PRICE_BID,,1,C2025Q3T12,NSW1-QLD1,QLD1,5,25876.61,,A202506
D,RESIDUE_PRICE_BID,,1,C2025Q3T12,NSW1-QLD1,QLD1,3,25780.84,,A202506
D,RESIDUE_PRICE_BID,,1,C2025Q3T12,NSW1-QLD1,QLD1,1,25744.96,,A202506
D,RESIDUE_PRICE_BID,,1,C2026Q3T08,NSW1-QLD1,QLD1,2,25724.30,,A202506
D,RESIDUE_PRICE_BID,,1,C2026Q2T09,NSW1-QLD1,QLD1,1,25720.03,,A202506
D,RESIDUE_PRICE_BID,,1,C2028Q2T01,NSW1-QLD1,QLD1,1,25557,,A202506
D,RESIDUE_PRICE_BID,,1,C2026Q4T07,NSW1-QLD1,QLD1,10,25524.45,,A202506
D,RESIDUE_PRICE_BID,,1,C2026Q3T08,NSW1-QLD1,QLD1,1,25515.09,,A202506
D,RESIDUE_PRICE_BID,,1,C2027Q3T04,NSW1-QLD1,QLD1,1,25515.09,,A202506
D,RESIDUE_PRICE_BID,,1,C2027Q2T05,NSW1-QLD1,QLD1,1,25515.09,,A202506
D,RESIDUE_PRICE_BID,,1,C2026Q3T08,NSW1-QLD1,QLD1,20,25500,,A202506
D,RESIDUE_PRICE_BID,,1,C2025Q3T12,NSW1-QLD1,QLD1,3,25440.84,,A202506
D,RESIDUE_PRICE_BID,,1,C2027Q3T04,NSW1-QLD1,QLD1,20,25328.89,,A202506
D,RESIDUE_PRICE_BID,,1,C2028Q2T01,NSW1-QLD1,QLD1,5,25260.38,,A202506
D,RESIDUE_PRICE_BID,,1,C2027Q2T05,NSW1-QLD1,QLD1,20,25260.38,,A202506
D,RESIDUE_PRICE_BID,,1,C2026Q2T09,NSW1-QLD1,QLD1,1,25231.68,,A202506
D,RESIDUE_PRICE_BID,,1,C2025Q3T12,NSW1-QLD1,QLD1,1,25226.61,,A202506
D,RESIDUE_PRICE_BID,,1,C2025Q3T12,NSW1-QLD1,QLD1,6,25225,,A202506
D,RESIDUE_PRICE_BID,,1,C2028Q2T01,NSW1-QLD1,QLD1,1,25173.64,,A202506
D,RESIDUE_PRICE_BID,,1,C2027Q2T05,NSW1-QLD1,QLD1,6,25125,,A202506
D,RESIDUE_PRICE_BID,,1,C2025Q3T12,NSW1-QLD1,QLD1,3,25100.84,,A202506
D,RESIDUE_PRICE_BID,,1,C2026Q3T08,NSW1-QLD1,QLD1,10,25100.84,,A202506
D,RESIDUE_PRICE_BID,,1,C2027Q2T05,NSW1-QLD1,QLD1,1,25056.74,,A202506
D,RESIDUE_PRICE_BID,,1,C2026Q3T08,NSW1-QLD1,QLD1,1,25056.74,,A202506
D,RESIDUE_PRICE_BID,,1,C2027Q3T04,NSW1-QLD1,QLD1,1,25056.74,,A202506
D,RESIDUE_PRICE_BID,,1,C2026Q1T10,NSW1-QLD1,QLD1,10,25000.84,,A202506
D,RESIDUE_PRICE_BID,,1,C2025Q4T11,NSW1-QLD1,QLD1,3,25000,,A202506
D,RESIDUE_PRICE_BID,,1,C2026Q1T10,NSW1-QLD1,QLD1,10,25000,,A202506
D,RESIDUE_PRICE_BID,,1,C2025Q3T12,NSW1-QLD1,QLD1,4,25000,,A202506
D,RESIDUE_PRICE_BID,,1,C2026Q2T09,NSW1-QLD1,QLD1,2,24971.31,,A202506
D,RESIDUE_PRICE_BID,,1,C2026Q1T10,NSW1-QLD1,QLD1,20,24883.37,,A202506
D,RESIDUE_PRICE_BID,,1,C2027Q2T05,NSW1-QLD1,QLD1,10,24800.84,,A202506
D,RESIDUE_PRICE_BID,,1,C2027Q3T04,NSW1-QLD1,QLD1,10,24800.84,,A202506
D,RESIDUE_PRICE_BID,,1,C2028Q2T01,NSW1-QLD1,QLD1,10,24800.84,,A202506
D,RESIDUE_PRICE_BID,,1,C2026Q2T09,NSW1-QLD1,QLD1,10,24800.84,,A202506
D,RESIDUE_PRICE_BID,,1,C2028Q2T01,NSW1-QLD1,QLD1,1,24790.29,,A202506
D,RESIDUE_PRICE_BID,,1,C2025Q3T12,NSW1-QLD1,QLD1,3,24760.84,,A202506
D,RESIDUE_PRICE_BID,,1,C2026Q3T08,NSW1-QLD1,QLD1,6,24758,,A202506
D,RESIDUE_PRICE_BID,,1,C2026Q2T09,NSW1-QLD1,QLD1,1,24743.32,,A202506
D,RESIDUE_PRICE_BID,,1,C2027Q4T03,NSW1-QLD1,QLD1,10,24732.03,,A202506
D,RESIDUE_PRICE_BID,,1,C2026Q1T10,NSW1-QLD1,QLD1,2,24725,,A202506
D,RESIDUE_PRICE_BID,,1,C2025Q3T12,NSW1-QLD1,QLD1,1,24708.26,,A202506
D,RESIDUE_PRICE_BID,,1,C2026Q3T08,NSW1-QLD1,QLD1,1,24598.38,,A202506
D,RESIDUE_PRICE_BID,,1,C2027Q3T04,NSW1-QLD1,QLD1,1,24598.38,,A202506
D,RESIDUE_PRICE_BID,,1,C2027Q2T05,NSW1-QLD1,QLD1,1,24598.38,,A202506
D,RESIDUE_PRICE_BID,,1,C2025Q4T11,NSW1-QLD1,QLD1,10,24566.85,,A202506
D,RESIDUE_PRICE_BID,,1,C2025Q4T11,NSW1-QLD1,QLD1,1,24557,,A202506
D,RESIDUE_PRICE_BID,,1,C2027Q3T04,NSW1-QLD1,QLD1,5,24552.36,,A202506
D,RESIDUE_PRICE_BID,,1,C2026Q3T08,NSW1-QLD1,QLD1,5,24552.36,,A202506
D,RESIDUE_PRICE_BID,,1,C2027Q3T04,NSW1-QLD1,QLD1,6,24518,,A202506
D,RESIDUE_PRICE_BID,,1,C2027Q1T06,NSW1-QLD1,QLD1,10,24481.80,,A202506
D,RESIDUE_PRICE_BID,,1,C2026Q2T09,NSW1-QLD1,QLD1,5,24460.80,,A202506
D,RESIDUE_PRICE_BID,,1,C2028Q1T02,NSW1-QLD1,QLD1,10,24427.44,,A202506
D,RESIDUE_PRICE_BID,,1,C2025Q3T12,NSW1-QLD1,QLD1,3,24420.84,,A202506
D,RESIDUE_PRICE_BID,,1,C2027Q2T05,NSW1-QLD1,QLD1,2,24414.39,,A202506
D,RESIDUE_PRICE_BID,,1,C2028Q2T01,NSW1-QLD1,QLD1,1,24406.94,,A202506
D,RESIDUE_PRICE_BID,,1,C2025Q4T11,NSW1-QLD1,QLD1,1,24311.43,,A202506
D,RESIDUE_PRICE_BID,,1,C2026Q2T09,NSW1-QLD1,QLD1,1,24254.96,,A202506
D,RESIDUE_PRICE_BID,,1,C2025Q4T11,NSW1-QLD1,QLD1,10,24208,,A202506
D,RESIDUE_PRICE_BID,,1,C2025Q3T12,NSW1-QLD1,QLD1,1,24189.90,,A202506
D,RESIDUE_PRICE_BID,,1,C2025Q3T12,NSW1-QLD1,QLD1,10,24151.4980,,A202506
D,RESIDUE_PRICE_BID,,1,C2026Q3T08,NSW1-QLD1,QLD1,1,24140.03,,A202506
D,RESIDUE_PRICE_BID,,1,C2027Q3T04,NSW1-QLD1,QLD1,1,24140.03,,A202506
D,RESIDUE_PRICE_BID,,1,C2027Q2T05,NSW1-QLD1,QLD1,1,24140.03,,A202506
D,RESIDUE_PRICE_BID,,1,C2025Q3T12,NSW1-QLD1,QLD1,3,24080.84,,A202506
D,RESIDUE_PRICE_BID,,1,C2025Q4T11,NSW1-QLD1,QLD1,1,24065.86,,A202506
D,RESIDUE_PRICE_BID,,1,C2025Q4T11,NSW1-QLD1,QLD1,10,24039.55,,A202506
D,RESIDUE_PRICE_BID,,1,C2028Q2T01,NSW1-QLD1,QLD1,1,24023.58,,A202506
D,RESIDUE_PRICE_BID,,1,C2025Q4T11,NSW1-QLD1,QLD1,3,24000,,A202506
D,RESIDUE_PRICE_BID,,1,C2026Q2T09,NSW1-QLD1,QLD1,10,23875.32,,A202506
D,RESIDUE_PRICE_BID,,1,C2025Q4T11,NSW1-QLD1,QLD1,1,23820.29,,A202506
D,RESIDUE_PRICE_BID,,1,C2026Q3T08,NSW1-QLD1,QLD1,5,23800,,A202506
D,RESIDUE_PRICE_BID,,1,C2026Q3T08,NSW1-QLD1,QLD1,10,23800,,A202506
D,RESIDUE_PRICE_BID,,1,C2026Q2T09,NSW1-QLD1,QLD1,1,23766.61,,A202506
D,RESIDUE_PRICE_BID,,1,C2025Q3T12,NSW1-QLD1,QLD1,3,23740.84,,A202506
D,RESIDUE_PRICE_BID,,1,C2026Q3T08,NSW1-QLD1,QLD1,1,23681.68,,A202506
D,RESIDUE_PRICE_BID,,1,C2027Q3T04,NSW1-QLD1,QLD1,1,23681.68,,A202506
D,RESIDUE_PRICE_BID,,1,C2027Q2T05,NSW1-QLD1,QLD1,1,23681.68,,A202506
D,RESIDUE_PRICE_BID,,1,C2025Q3T12,NSW1-QLD1,QLD1,1,23671.54,,A202506
D,RESIDUE_PRICE_BID,,1,C2027Q3T04,NSW1-QLD1,QLD1,5,23640.30,,A202506
D,RESIDUE_PRICE_BID,,1,C2027Q3T04,NSW1-QLD1,QLD1,10,23640.2950,,A202506
D,RESIDUE_PRICE_BID,,1,C2028Q2T01,NSW1-QLD1,QLD1,1,23640.22,,A202506
D,RESIDUE_PRICE_BID,,1,C2026Q1T10,NSW1-QLD1,QLD1,10,23639.2015,,A202506
D,RESIDUE_PRICE_BID,,1,C2027Q1T06,NSW1-QLD1,QLD1,2,23625,,A202506
D,RESIDUE_PRICE_BID,,1,C2027Q3T04,NSW1-QLD1,QLD1,2,23598,,A202506
D,RESIDUE_PRICE_BID,,1,C2027Q2T05,NSW1-QLD1,QLD1,5,23576.35,,A202506
D,RESIDUE_PRICE_BID,,1,C2025Q4T11,NSW1-QLD1,QLD1,1,23574.72,,A202506
D,RESIDUE_PRICE_BID,,1,C2026Q1T10,NSW1-QLD1,QLD1,1,23557,,A202506
D,RESIDUE_PRICE_BID,,1,C2025Q3T12,NSW1-QLD1,QLD1,3,23400.84,,A202506
D,RESIDUE_PRICE_BID,,1,C2025Q4T11,NSW1-QLD1,QLD1,1,23329.15,,A202506
D,RESIDUE_PRICE_BID,,1,C2026Q4T07,NSW1-QLD1,QLD1,10,23318.63,,A202506
D,RESIDUE_PRICE_BID,,1,C2025Q3T12,NSW1-QLD1,QLD1,10,23288.95,,A202506
D,RESIDUE_PRICE_BID,,1,C2026Q2T09,NSW1-QLD1,QLD1,1,23278.26,,A202506
D,RESIDUE_PRICE_BID,,1,C2027Q2T05,NSW1-QLD1,QLD1,10,23275.32,,A202506
D,RESIDUE_PRICE_BID,,1,C2028Q2T01,NSW1-QLD1,QLD1,1,23256.87,,A202506
D,RESIDUE_PRICE_BID,,1,C2026Q1T10,NSW1-QLD1,QLD1,10,23255.32,,A202506
D,RESIDUE_PRICE_BID,,1,C2026Q3T08,NSW1-QLD1,QLD1,1,23223.32,,A202506
D,RESIDUE_PRICE_BID,,1,C2027Q3T04,NSW1-QLD1,QLD1,1,23223.32,,A202506
D,RESIDUE_PRICE_BID,,1,C2027Q2T05,NSW1-QLD1,QLD1,1,23223.32,,A202506
D,RESIDUE_PRICE_BID,,1,C2028Q1T02,NSW1-QLD1,QLD1,8,23205,,A202506
D,RESIDUE_PRICE_BID,,1,C2026Q1T10,NSW1-QLD1,QLD1,1,23203.64,,A202506
D,RESIDUE_PRICE_BID,,1,C2026Q3T08,NSW1-QLD1,QLD1,10,23200.84,,A202506
D,RESIDUE_PRICE_BID,,1,C2025Q3T12,NSW1-QLD1,QLD1,6,23180,,A202506
D,RESIDUE_PRICE_BID,,1,C2025Q3T12,NSW1-QLD1,QLD1,1,23153.19,,A202506
D,RESIDUE_PRICE_BID,,1,C2025Q4T11,NSW1-QLD1,QLD1,5,23100.17,,A202506
D,RESIDUE_PRICE_BID,,1,C2025Q4T11,NSW1-QLD1,QLD1,5,23100.1680,,A202506
D,RESIDUE_PRICE_BID,,1,C2028Q2T01,NSW1-QLD1,QLD1,10,23100,,A202506
D,RESIDUE_PRICE_BID,,1,C2025Q4T11,NSW1-QLD1,QLD1,1,23083.58,,A202506
D,RESIDUE_PRICE_BID,,1,C2025Q3T12,NSW1-QLD1,QLD1,3,23060.84,,A202506
D,RESIDUE_PRICE_BID,,1,C2025Q3T12,NSW1-QLD1,QLD1,10,23055.32,,A202506
D,RESIDUE_PRICE_BID,,1,C2026Q1T10,NSW1-QLD1,QLD1,6,23040,,A202506
D,RESIDUE_PRICE_BID,,1,C2027Q1T06,NSW1-QLD1,QLD1,5,23020.20,,A202506
D,RESIDUE_PRICE_BID,,1,C2026Q1T10,NSW1-QLD1,QLD1,1,23000.84,,A202506
D,RESIDUE_PRICE_BID,,1,C2025Q4T11,NSW1-QLD1,QLD1,1,23000.84,,A202506
D,RESIDUE_PRICE_BID,,1,C2028Q1T02,NSW1-QLD1,QLD1,5,22969.0860,,A202506
D,RESIDUE_PRICE_BID,,1,C2025Q4T11,NSW1-QLD1,QLD1,1,22960.84,,A202506
D,RESIDUE_PRICE_BID,,1,C2027Q1T06,NSW1-QLD1,QLD1,10,22950,,A202506
D,RESIDUE_PRICE_BID,,1,C2025Q4T11,NSW1-QLD1,QLD1,1,22920.84,,A202506
D,RESIDUE_PRICE_BID,,1,C2026Q1T10,NSW1-QLD1,QLD1,1,22920.84,,A202506
D,RESIDUE_PRICE_BID,,1,C2025Q4T11,NSW1-QLD1,QLD1,1,22880.84,,A202506
D,RESIDUE_PRICE_BID,,1,C2028Q2T01,NSW1-QLD1,QLD1,15,22875.32,,A202506
D,RESIDUE_PRICE_BID,,1,C2028Q2T01,NSW1-QLD1,QLD1,1,22873.52,,A202506
D,RESIDUE_PRICE_BID,,1,C2026Q1T10,NSW1-QLD1,QLD1,1,22850.29,,A202506
D,RESIDUE_PRICE_BID,,1,C2026Q1T10,NSW1-QLD1,QLD1,1,22840.84,,A202506
D,RESIDUE_PRICE_BID,,1,C2025Q4T11,NSW1-QLD1,QLD1,1,22840.84,,A202506
D,RESIDUE_PRICE_BID,,1,C2025Q4T11,NSW1-QLD1,QLD1,1,22838.01,,A202506
D,RESIDUE_PRICE_BID,,1,C2025Q4T11,NSW1-QLD1,QLD1,1,22800.84,,A202506
D,RESIDUE_PRICE_BID,,1,C2026Q2T09,NSW1-QLD1,QLD1,1,22789.90,,A202506
D,RESIDUE_PRICE_BID,,1,C2026Q3T08,NSW1-QLD1,QLD1,1,22764.96,,A202506
D,RESIDUE_PRICE_BID,,1,C2027Q2T05,NSW1-QLD1,QLD1,1,22764.96,,A202506
D,RESIDUE_PRICE_BID,,1,C2027Q3T04,NSW1-QLD1,QLD1,1,22764.96,,A202506
D,RESIDUE_PRICE_BID,,1,C2026Q1T10,NSW1-QLD1,QLD1,1,22760.84,,A202506
D,RESIDUE_PRICE_BID,,1,C2025Q4T11,NSW1-QLD1,QLD1,1,22760.84,,A202506
D,RESIDUE_PRICE_BID,,1,C2025Q3T12,NSW1-QLD1,QLD1,1,22759,,A202506
D,RESIDUE_PRICE_BID,,1,C2026Q3T08,NSW1-QLD1,QLD1,1,22759,,A202506
D,RESIDUE_PRICE_BID,,1,C2028Q2T01,NSW1-QLD1,QLD1,10,22734.34,,A202506
D,RESIDUE_PRICE_BID,,1,C2025Q3T12,NSW1-QLD1,QLD1,3,22720.84,,A202506
D,RESIDUE_PRICE_BID,,1,C2025Q4T11,NSW1-QLD1,QLD1,1,22720.84,,A202506
D,RESIDUE_PRICE_BID,,1,C2026Q2T09,NSW1-QLD1,QLD1,1,22714,,A202506
D,RESIDUE_PRICE_BID,,1,C2028Q2T01,NSW1-QLD1,QLD1,10,22700.84,,A202506
D,RESIDUE_PRICE_BID,,1,C2027Q2T05,NSW1-QLD1,QLD1,10,22700.84,,A202506
D,RESIDUE_PRICE_BID,,1,C2026Q2T09,NSW1-QLD1,QLD1,10,22700.84,,A202506
D,RESIDUE_PRICE_BID,,1,C2027Q3T04,NSW1-QLD1,QLD1,10,22700.84,,A202506
D,RESIDUE_PRICE_BID,,1,C2026Q4T07,NSW1-QLD1,QLD1,1,22688,,A202506
D,RESIDUE_PRICE_BID,,1,C2026Q1T10,NSW1-QLD1,QLD1,1,22680.84,,A202506
D,RESIDUE_PRICE_BID,,1,C2025Q4T11,NSW1-QLD1,QLD1,1,22680.84,,A202506
D,RESIDUE_PRICE_BID,,1,C2025Q4T11,NSW1-QLD1,QLD1,1,22640.84,,A202506
D,RESIDUE_PRICE_BID,,1,C2025Q3T12,NSW1-QLD1,QLD1,1,22634.84,,A202506
D,RESIDUE_PRICE_BID,,1,C2026Q1T10,NSW1-QLD1,QLD1,1,22600.84,,A202506
D,RESIDUE_PRICE_BID,,1,C2025Q4T11,NSW1-QLD1,QLD1,1,22600.84,,A202506
D,RESIDUE_PRICE_BID,,1,C2025Q4T11,NSW1-QLD1,QLD1,1,22592.44,,A202506
D,RESIDUE_PRICE_BID,,1,C2025Q4T11,NSW1-QLD1,QLD1,1,22560.84,,A202506
D,RESIDUE_PRICE_BID,,1,C2027Q1T06,NSW1-QLD1,QLD1,1,22557,,A202506
D,RESIDUE_PRICE_BID,,1,C2026Q1T10,NSW1-QLD1,QLD1,1,22520.84,,A202506
D,RESIDUE_PRICE_BID,,1,C2025Q4T11,NSW1-QLD1,QLD1,1,22520.84,,A202506
D,RESIDUE_PRICE_BID,,1,C2028Q1T02,NSW1-QLD1,QLD1,1,22503,,A202506
D,RESIDUE_PRICE_BID,,1,C2025Q4T11,NSW1-QLD1,QLD1,3,22500,,A202506
D,RESIDUE_PRICE_BID,,1,C2025Q3T12,NSW1-QLD1,QLD1,6,22500,,A202506
D,RESIDUE_PRICE_BID,,1,C2026Q1T10,NSW1-QLD1,QLD1,1,22496.94,,A202506
D,RESIDUE_PRICE_BID,,1,C2028Q2T01,NSW1-QLD1,QLD1,1,22490.16,,A202506
D,RESIDUE_PRICE_BID,,1,C2025Q4T11,NSW1-QLD1,QLD1,1,22480.84,,A202506
D,RESIDUE_PRICE_BID,,1,C2025Q4T11,NSW1-QLD1,QLD1,1,22440.84,,A202506
D,RESIDUE_PRICE_BID,,1,C2026Q1T10,NSW1-QLD1,QLD1,1,22440.84,,A202506
D,RESIDUE_PRICE_BID,,1,C2025Q4T11,NSW1-QLD1,QLD1,1,22413,,A202506
D,RESIDUE_PRICE_BID,,1,C2025Q4T11,NSW1-QLD1,QLD1,1,22400.84,,A202506
D,RESIDUE_PRICE_BID,,1,C2026Q1T10,NSW1-QLD1,QLD1,15,22395.0330,,A202506
D,RESIDUE_PRICE_BID,,1,C2027Q4T03,NSW1-QLD1,QLD1,10,22392.52,,A202506
D,RESIDUE_PRICE_BID,,1,C2025Q3T12,NSW1-QLD1,QLD1,3,22380.84,,A202506
D,RESIDUE_PRICE_BID,,1,C2025Q4T11,NSW1-QLD1,QLD1,1,22360.84,,A202506
D,RESIDUE_PRICE_BID,,1,C2026Q1T10,NSW1-QLD1,QLD1,1,22360.84,,A202506
D,RESIDUE_PRICE_BID,,1,C2025Q4T11,NSW1-QLD1,QLD1,1,22346.87,,A202506
D,RESIDUE_PRICE_BID,,1,C2025Q4T11,NSW1-QLD1,QLD1,1,22320.84,,A202506
D,RESIDUE_PRICE_BID,,1,C2026Q3T08,NSW1-QLD1,QLD1,1,22306.61,,A202506
D,RESIDUE_PRICE_BID,,1,C2027Q3T04,NSW1-QLD1,QLD1,1,22306.61,,A202506
D,RESIDUE_PRICE_BID,,1,C2027Q2T05,NSW1-QLD1,QLD1,1,22306.61,,A202506
D,RESIDUE_PRICE_BID,,1,C2026Q2T09,NSW1-QLD1,QLD1,1,22301.54,,A202506
D,RESIDUE_PRICE_BID,,1,C2025Q4T11,NSW1-QLD1,QLD1,1,22280.84,,A202506
D,RESIDUE_PRICE_BID,,1,C2026Q1T10,NSW1-QLD1,QLD1,1,22280.84,,A202506
D,RESIDUE_PRICE_BID,,1,C2025Q4T11,NSW1-QLD1,QLD1,1,22240.84,,A202506
D,RESIDUE_PRICE_BID,,1,C2027Q1T06,NSW1-QLD1,QLD1,1,22218.64,,A202506
D,RESIDUE_PRICE_BID,,1,C2025Q4T11,NSW1-QLD1,QLD1,1,22200.84,,A202506
D,RESIDUE_PRICE_BID,,1,C2026Q1T10,NSW1-QLD1,QLD1,1,22200.84,,A202506
D,RESIDUE_PRICE_BID,,1,C2025Q4T11,NSW1-QLD1,QLD1,3,22200,,A202506
D,RESIDUE_PRICE_BID,,1,C2025Q4T11,NSW1-QLD1,QLD1,1,22160.84,,A202506
D,RESIDUE_PRICE_BID,,1,C2026Q1T10,NSW1-QLD1,QLD1,1,22143.58,,A202506
D,RESIDUE_PRICE_BID,,1,C2025Q4T11,NSW1-QLD1,QLD1,1,22120.84,,A202506
D,RESIDUE_PRICE_BID,,1,C2026Q1T10,NSW1-QLD1,QLD1,1,22120.84,,A202506
D,RESIDUE_PRICE_BID,,1,C2025Q3T12,NSW1-QLD1,QLD1,1,22116.48,,A202506
D,RESIDUE_PRICE_BID,,1,C2028Q2T01,NSW1-QLD1,QLD1,1,22106.80,,A202506
D,RESIDUE_PRICE_BID,,1,C2025Q4T11,NSW1-QLD1,QLD1,1,22101.30,,A202506
D,RESIDUE_PRICE_BID,,1,C2026Q3T08,NSW1-QLD1,QLD1,10,22100,,A202506
D,RESIDUE_PRICE_BID,,1,C2025Q4T11,NSW1-QLD1,QLD1,1,22080.84,,A202506
D,RESIDUE_PRICE_BID,,1,C2025Q4T11,NSW1-QLD1,QLD1,4,22080,,A202506
D,RESIDUE_PRICE_BID,,1,C2025Q4T11,NSW1-QLD1,QLD1,1,22040.84,,A202506
D,RESIDUE_PRICE_BID,,1,C2026Q1T10,NSW1-QLD1,QLD1,1,22040.84,,A202506
D,RESIDUE_PRICE_BID,,1,C2025Q3T12,NSW1-QLD1,QLD1,3,22040.84,,A202506
D,RESIDUE_PRICE_BID,,1,C2025Q4T11,NSW1-QLD1,QLD1,5,22008,,A202506
D,RESIDUE_PRICE_BID,,1,C2027Q4T03,NSW1-QLD1,QLD1,1,22000.84,,A202506
D,RESIDUE_PRICE_BID,,1,C2025Q4T11,NSW1-QLD1,QLD1,1,22000.84,,A202506
D,RESIDUE_PRICE_BID,,1,C2025Q4T11,NSW1-QLD1,QLD1,20,22000.16,,A202506
D,RESIDUE_PRICE_BID,,1,C2026Q1T10,NSW1-QLD1,QLD1,3,22000,,A202506
D,RESIDUE_PRICE_BID,,1,C2026Q4T07,NSW1-QLD1,QLD1,3,22000,,A202506
D,RESIDUE_PRICE_BID,,1,C2027Q4T03,NSW1-QLD1,QLD1,3,22000,,A202506
D,RESIDUE_PRICE_BID,,1,C2027Q1T06,NSW1-QLD1,QLD1,3,22000,,A202506
D,RESIDUE_PRICE_BID,,1,C2025Q4T11,NSW1-QLD1,QLD1,10,22000,,A202506
D,RESIDUE_PRICE_BID,,1,C2028Q1T02,NSW1-QLD1,QLD1,3,22000,,A202506
D,RESIDUE_PRICE_BID,,1,C2026Q1T10,NSW1-QLD1,QLD1,15,21999.66,,A202506
D,RESIDUE_PRICE_BID,,1,C2026Q1T10,NSW1-QLD1,QLD1,1,21960.84,,A202506
D,RESIDUE_PRICE_BID,,1,C2027Q1T06,NSW1-QLD1,QLD1,10,21960,,A202506
D,RESIDUE_PRICE_BID,,1,C2027Q3T04,NSW1-QLD1,QLD1,10,21951.71,,A202506
D,RESIDUE_PRICE_BID,,1,C2027Q1T06,NSW1-QLD1,QLD1,20,21924,,A202506
D,RESIDUE_PRICE_BID,,1,C2028Q1T02,NSW1-QLD1,QLD1,2,21903,,A202506
D,RESIDUE_PRICE_BID,,1,C2027Q2T05,NSW1-QLD1,QLD1,10,21892.33,,A202506
D,RESIDUE_PRICE_BID,,1,C2027Q4T03,NSW1-QLD1,QLD1,3,21890,,A202506
D,RESIDUE_PRICE_BID,,1,C2026Q1T10,NSW1-QLD1,QLD1,1,21880.84,,A202506
D,RESIDUE_PRICE_BID,,1,C2027Q4T03,NSW1-QLD1,QLD1,1,21880.84,,A202506
D,RESIDUE_PRICE_BID,,1,C2027Q1T06,NSW1-QLD1,QLD1,1,21880.29,,A202506
D,RESIDUE_PRICE_BID,,1,C2028Q1T02,NSW1-QLD1,QLD1,20,21875.32,,A202506
D,RESIDUE_PRICE_BID,,1,C2025Q4T11,NSW1-QLD1,QLD1,1,21855.73,,A202506
D,RESIDUE_PRICE_BID,,1,C2026Q3T08,NSW1-QLD1,QLD1,1,21848.26,,A202506
D,RESIDUE_PRICE_BID,,1,C2027Q2T05,NSW1-QLD1,QLD1,1,21848.26,,A202506
D,RESIDUE_PRICE_BID,,1,C2027Q3T04,NSW1-QLD1,QLD1,1,21848.26,,A202506
D,RESIDUE_PRICE_BID,,1,C2028Q1T02,NSW1-QLD1,QLD1,15,21840,,A202506
D,RESIDUE_PRICE_BID,,1,C2025Q3T12,NSW1-QLD1,QLD1,6,21816,,A202506
D,RESIDUE_PRICE_BID,,1,C2026Q2T09,NSW1-QLD1,QLD1,1,21813.19,,A202506
D,RESIDUE_PRICE_BID,,1,C2026Q1T10,NSW1-QLD1,QLD1,1,21800.84,,A202506
D,RESIDUE_PRICE_BID,,1,C2025Q4T11,NSW1-QLD1,QLD1,1,21800.84,,A202506
D,RESIDUE_PRICE_BID,,1,C2026Q1T10,NSW1-QLD1,QLD1,1,21790.22,,A202506
D,RESIDUE_PRICE_BID,,1,C2027Q4T03,NSW1-QLD1,QLD1,1,21760.84,,A202506
D,RESIDUE_PRICE_BID,,1,C2028Q2T01,NSW1-QLD1,QLD1,1,21723.45,,A202506
D,RESIDUE_PRICE_BID,,1,C2026Q1T10,NSW1-QLD1,QLD1,1,21720.84,,A202506
D,RESIDUE_PRICE_BID,,1,C2025Q3T12,NSW1-QLD1,QLD1,3,21700.84,,A202506
D,RESIDUE_PRICE_BID,,1,C2027Q4T03,NSW1-QLD1,QLD1,1,21640.84,,A202506
D,RESIDUE_PRICE_BID,,1,C2026Q1T10,NSW1-QLD1,QLD1,1,21640.84,,A202506
D,RESIDUE_PRICE_BID,,1,C2025Q4T11,NSW1-QLD1,QLD1,1,21610.16,,A202506
D,RESIDUE_PRICE_BID,,1,C2025Q4T11,NSW1-QLD1,QLD1,1,21600.84,,A202506
D,RESIDUE_PRICE_BID,,1,C2026Q1T10,NSW1-QLD1,QLD1,14,21600,,A202506
D,RESIDUE_PRICE_BID,,1,C2026Q1T10,NSW1-QLD1,QLD1,20,21600,,A202506
D,RESIDUE_PRICE_BID,,1,C2026Q1T10,NSW1-QLD1,QLD1,1,21560.84,,A202506
D,RESIDUE_PRICE_BID,,1,C2027Q4T03,NSW1-QLD1,QLD1,1,21557,,A202506
D,RESIDUE_PRICE_BID,,1,C2027Q1T06,NSW1-QLD1,QLD1,1,21541.94,,A202506
D,RESIDUE_PRICE_BID,,1,C2027Q4T03,NSW1-QLD1,QLD1,1,21520.84,,A202506
D,RESIDUE_PRICE_BID,,1,C2027Q4T03,NSW1-QLD1,QLD1,10,21514.20,,A202506
D,RESIDUE_PRICE_BID,,1,C2026Q4T07,NSW1-QLD1,QLD1,1,21500.84,,A202506
D,RESIDUE_PRICE_BID,,1,C2027Q1T06,NSW1-QLD1,QLD1,1,21500.84,,A202506
D,RESIDUE_PRICE_BID,,1,C2026Q3T08,NSW1-QLD1,QLD1,2,21500,,A202506
D,RESIDUE_PRICE_BID,,1,C2026Q2T09,NSW1-QLD1,QLD1,2,21500,,A202506
D,RESIDUE_PRICE_BID,,1,C2025Q3T12,NSW1-QLD1,QLD1,2,21500,,A202506
D,RESIDUE_PRICE_BID,,1,C2026Q1T10,NSW1-QLD1,QLD1,1,21480.84,,A202506
D,RESIDUE_PRICE_BID,,1,C2027Q2T05,NSW1-QLD1,QLD1,1,21464,,A202506
D,RESIDUE_PRICE_BID,,1,C2025Q4T11,NSW1-QLD1,QLD1,6,21461.759990,,A202506
D,RESIDUE_PRICE_BID,,1,C2026Q3T08,NSW1-QLD1,QLD1,2,21436.919990,,A202506
D,RESIDUE_PRICE_BID,,1,C2026Q1T10,NSW1-QLD1,QLD1,1,21436.87,,A202506
D,RESIDUE_PRICE_BID,,1,C2025Q4T11,NSW1-QLD1,QLD1,1,21400.84,,A202506
D,RESIDUE_PRICE_BID,,1,C2026Q1T10,NSW1-QLD1,QLD1,1,21400.84,,A202506
D,RESIDUE_PRICE_BID,,1,C2026Q4T07,NSW1-QLD1,QLD1,1,21400.84,,A202506
D,RESIDUE_PRICE_BID,,1,C2027Q4T03,NSW1-QLD1,QLD1,1,21400.84,,A202506
D,RESIDUE_PRICE_BID,,1,C2027Q4T03,NSW1-QLD1,QLD1,15,21395.52,,A202506
D,RESIDUE_PRICE_BID,,1,C2027Q3T04,NSW1-QLD1,QLD1,1,21389.90,,A202506
D,RESIDUE_PRICE_BID,,1,C2026Q3T08,NSW1-QLD1,QLD1,1,21389.90,,A202506
D,RESIDUE_PRICE_BID,,1,C2027Q2T05,NSW1-QLD1,QLD1,1,21389.90,,A202506
D,RESIDUE_PRICE_BID,,1,C2025Q4T11,NSW1-QLD1,QLD1,1,21364.59,,A202506
D,RESIDUE_PRICE_BID,,1,C2025Q3T12,NSW1-QLD1,QLD1,3,21360.84,,A202506
D,RESIDUE_PRICE_BID,,1,C2027Q1T06,NSW1-QLD1,QLD1,1,21350.84,,A202506
D,RESIDUE_PRICE_BID,,1,C2028Q2T01,NSW1-QLD1,QLD1,1,21340.09,,A202506
D,RESIDUE_PRICE_BID,,1,C2026Q2T09,NSW1-QLD1,QLD1,1,21324.84,,A202506
D,RESIDUE_PRICE_BID,,1,C2026Q1T10,NSW1-QLD1,QLD1,1,21320.84,,A202506
D,RESIDUE_PRICE_BID,,1,C2026Q3T08,NSW1-QLD1,QLD1,10,21300.84,,A202506
D,RESIDUE_PRICE_BID,,1,C2026Q4T07,NSW1-QLD1,QLD1,1,21300.84,,A202506
D,RESIDUE_PRICE_BID,,1,C2027Q4T03,NSW1-QLD1,QLD1,1,21280.84,,A202506
D,RESIDUE_PRICE_BID,,1,C2026Q1T10,NSW1-QLD1,QLD1,1,21240.84,,A202506
D,RESIDUE_PRICE_BID,,1,C2027Q4T03,NSW1-QLD1,QLD1,1,21233.64,,A202506
D,RESIDUE_PRICE_BID,,1,C2027Q1T06,NSW1-QLD1,QLD1,1,21203.58,,A202506
D,RESIDUE_PRICE_BID,,1,C2025Q4T11,NSW1-QLD1,QLD1,1,21200.84,,A202506
D,RESIDUE_PRICE_BID,,1,C2027Q1T06,NSW1-QLD1,QLD1,1,21200.84,,A202506
D,RESIDUE_PRICE_BID,,1,C2026Q4T07,NSW1-QLD1,QLD1,1,21200.84,,A202506
D,RESIDUE_PRICE_BID,,1,C2025Q3T12,NSW1-QLD1,QLD1,10,21196.80,,A202506
D,RESIDUE_PRICE_BID,,1,C2026Q1T10,NSW1-QLD1,QLD1,1,21160.84,,A202506
D,RESIDUE_PRICE_BID,,1,C2027Q4T03,NSW1-QLD1,QLD1,1,21160.84,,A202506
D,RESIDUE_PRICE_BID,,1,C2025Q4T11,NSW1-QLD1,QLD1,1,21119.02,,A202506
D,RESIDUE_PRICE_BID,,1,C2026Q4T07,NSW1-QLD1,QLD1,10,21112.82,,A202506
D,RESIDUE_PRICE_BID,,1,C2026Q4T07,NSW1-QLD1,QLD1,1,21100.84,,A202506
D,RESIDUE_PRICE_BID,,1,C2025Q4T11,NSW1-QLD1,QLD1,3,21100.169990,,A202506
D,RESIDUE_PRICE_BID,,1,C2026Q1T10,NSW1-QLD1,QLD1,1,21083.52,,A202506
D,RESIDUE_PRICE_BID,,1,C2026Q1T10,NSW1-QLD1,QLD1,1,21080.84,,A202506
D,RESIDUE_PRICE_BID,,1,C2027Q4T03,NSW1-QLD1,QLD1,5,21055.65,,A202506
D,RESIDUE_PRICE_BID,,1,C2026Q3T08,NSW1-QLD1,QLD1,5,21055.32,,A202506
D,RESIDUE_PRICE_BID,,1,C2027Q3T04,NSW1-QLD1,QLD1,5,21055.32,,A202506
D,RESIDUE_PRICE_BID,,1,C2027Q1T06,NSW1-QLD1,QLD1,1,21050.84,,A202506
D,RESIDUE_PRICE_BID,,1,C2026Q2T09,NSW1-QLD1,QLD1,2,21050,,A202506
D,RESIDUE_PRICE_BID,,1,C2025Q3T12,NSW1-QLD1,QLD1,2,21050,,A202506
D,RESIDUE_PRICE_BID,,1,C2026Q3T08,NSW1-QLD1,QLD1,2,21050,,A202506
D,RESIDUE_PRICE_BID,,1,C2027Q4T03,NSW1-QLD1,QLD1,1,21040.84,,A202506
D,RESIDUE_PRICE_BID,,1,C2026Q4T07,NSW1-QLD1,QLD1,4,21037.52,,A202506
D,RESIDUE_PRICE_BID,,1,C2025Q3T12,NSW1-QLD1,QLD1,3,21020.84,,A202506
D,RESIDUE_PRICE_BID,,1,C2025Q4T11,NSW1-QLD1,QLD1,1,21000.84,,A202506
D,RESIDUE_PRICE_BID,,1,C2026Q4T07,NSW1-QLD1,QLD1,1,21000.84,,A202506
D,RESIDUE_PRICE_BID,,1,C2026Q2T09,NSW1-QLD1,QLD1,5,20966.40,,A202506
D,RESIDUE_PRICE_BID,,1,C2028Q2T01,NSW1-QLD1,QLD1,1,20956.74,,A202506
D,RESIDUE_PRICE_BID,,1,C2027Q2T05,NSW1-QLD1,QLD1,1,20931.55,,A202506
D,RESIDUE_PRICE_BID,,1,C2027Q3T04,NSW1-QLD1,QLD1,1,20931.55,,A202506
D,RESIDUE_PRICE_BID,,1,C2026Q3T08,NSW1-QLD1,QLD1,1,20931.55,,A202506
D,RESIDUE_PRICE_BID,,1,C2027Q4T03,NSW1-QLD1,QLD1,1,20920.84,,A202506
D,RESIDUE_PRICE_BID,,1,C2027Q4T03,NSW1-QLD1,QLD1,1,20910.29,,A202506
D,RESIDUE_PRICE_BID,,1,C2025Q4T11,NSW1-QLD1,QLD1,15,20903.11,,A202506
D,RESIDUE_PRICE_BID,,1,C2026Q4T07,NSW1-QLD1,QLD1,1,20900.84,,A202506
D,RESIDUE_PRICE_BID,,1,C2027Q1T06,NSW1-QLD1,QLD1,1,20900.84,,A202506
D,RESIDUE_PRICE_BID,,1,C2025Q4T11,NSW1-QLD1,QLD1,10,20900.151990,,A202506
D,RESIDUE_PRICE_BID,,1,C2025Q4T11,NSW1-QLD1,QLD1,1,20873.45,,A202506
D,RESIDUE_PRICE_BID,,1,C2027Q1T06,NSW1-QLD1,QLD1,1,20865.23,,A202506
D,RESIDUE_PRICE_BID,,1,C2026Q2T09,NSW1-QLD1,QLD1,1,20836.48,,A202506
D,RESIDUE_PRICE_BID,,1,C2027Q1T06,NSW1-QLD1,QLD1,10,20827.80,,A202506
D,RESIDUE_PRICE_BID,,1,C2026Q2T09,NSW1-QLD1,QLD1,15,20821.509990,,A202506
D,RESIDUE_PRICE_BID,,1,C2026Q4T07,NSW1-QLD1,QLD1,1,20800.84,,A202506
D,RESIDUE_PRICE_BID,,1,C2027Q4T03,NSW1-QLD1,QLD1,1,20800.84,,A202506
D,RESIDUE_PRICE_BID,,1,C2025Q4T11,NSW1-QLD1,QLD1,1,20800.84,,A202506
D,RESIDUE_PRICE_BID,,1,C2028Q1T02,NSW1-QLD1,QLD1,10,20781.5540,,A202506
D,RESIDUE_PRICE_BID,,1,C2027Q1T06,NSW1-QLD1,QLD1,1,20750.84,,A202506
D,RESIDUE_PRICE_BID,,1,C2026Q1T10,NSW1-QLD1,QLD1,1,20730.16,,A202506
D,RESIDUE_PRICE_BID,,1,C2025Q3T12,NSW1-QLD1,QLD1,10,20701.28,,A202506
D,RESIDUE_PRICE_BID,,1,C2026Q4T07,NSW1-QLD1,QLD1,1,20700.84,,A202506
D,RESIDUE_PRICE_BID,,1,C2027Q4T03,NSW1-QLD1,QLD1,1,20680.84,,A202506
D,RESIDUE_PRICE_BID,,1,C2025Q3T12,NSW1-QLD1,QLD1,3,20680.84,,A202506
D,RESIDUE_PRICE_BID,,1,C2025Q4T11,NSW1-QLD1,QLD1,1,20627.88,,A202506
D,RESIDUE_PRICE_BID,,1,C2026Q2T09,NSW1-QLD1,QLD1,10,20600.84,,A202506
D,RESIDUE_PRICE_BID,,1,C2026Q4T07,NSW1-QLD1,QLD1,1,20600.84,,A202506
D,RESIDUE_PRICE_BID,,1,C2027Q3T04,NSW1-QLD1,QLD1,10,20600.84,,A202506
D,RESIDUE_PRICE_BID,,1,C2028Q2T01,NSW1-QLD1,QLD1,10,20600.84,,A202506
D,RESIDUE_PRICE_BID,,1,C2027Q2T05,NSW1-QLD1,QLD1,10,20600.84,,A202506
D,RESIDUE_PRICE_BID,,1,C2027Q1T06,NSW1-QLD1,QLD1,1,20600.84,,A202506
D,RESIDUE_PRICE_BID,,1,C2025Q4T11,NSW1-QLD1,QLD1,1,20600.84,,A202506
D,RESIDUE_PRICE_BID,,1,C2025Q3T12,NSW1-QLD1,QLD1,2,20600,,A202506
D,RESIDUE_PRICE_BID,,1,C2026Q3T08,NSW1-QLD1,QLD1,2,20600,,A202506
D,RESIDUE_PRICE_BID,,1,C2026Q2T09,NSW1-QLD1,QLD1,2,20600,,A202506
D,RESIDUE_PRICE_BID,,1,C2027Q4T03,NSW1-QLD1,QLD1,1,20586.93,,A202506
D,RESIDUE_PRICE_BID,,1,C2028Q2T01,NSW1-QLD1,QLD1,1,20573.38,,A202506
D,RESIDUE_PRICE_BID,,1,C2027Q4T03,NSW1-QLD1,QLD1,1,20560.84,,A202506
D,RESIDUE_PRICE_BID,,1,C2027Q1T06,NSW1-QLD1,QLD1,1,20526.87,,A202506
D,RESIDUE_PRICE_BID,,1,C2026Q4T07,NSW1-QLD1,QLD1,1,20500.84,,A202506
D,RESIDUE_PRICE_BID,,1,C2026Q1T10,NSW1-QLD1,QLD1,2,20500,,A202506
D,RESIDUE_PRICE_BID,,1,C2026Q1T10,NSW1-QLD1,QLD1,10,20492.84,,A202506
D,RESIDUE_PRICE_BID,,1,C2026Q3T08,NSW1-QLD1,QLD1,1,20473.189990,,A202506
D,RESIDUE_PRICE_BID,,1,C2027Q2T05,NSW1-QLD1,QLD1,1,20473.189990,,A202506
D,RESIDUE_PRICE_BID,,1,C2027Q3T04,NSW1-QLD1,QLD1,1,20473.189990,,A202506
D,RESIDUE_PRICE_BID,,1,C2025Q3T12,NSW1-QLD1,QLD1,6,20452,,A202506
D,RESIDUE_PRICE_BID,,1,C2027Q1T06,NSW1-QLD1,QLD1,1,20450.84,,A202506
D,RESIDUE_PRICE_BID,,1,C2027Q4T03,NSW1-QLD1,QLD1,1,20440.84,,A202506
D,RESIDUE_PRICE_BID,,1,C2028Q1T02,NSW1-QLD1,QLD1,2,20420.40,,A202506
D,RESIDUE_PRICE_BID,,1,C2026Q4T07,NSW1-QLD1,QLD1,1,20400.84,,A202506
D,RESIDUE_PRICE_BID,,1,C2025Q4T11,NSW1-QLD1,QLD1,1,20400.84,,A202506
D,RESIDUE_PRICE_BID,,1,C2025Q4T11,NSW1-QLD1,QLD1,3,20400,,A202506
D,RESIDUE_PRICE_BID,,1,C2026Q3T08,NSW1-QLD1,QLD1,10,20400,,A202506
D,RESIDUE_PRICE_BID,,1,C2025Q4T11,NSW1-QLD1,QLD1,1,20382.31,,A202506
D,RESIDUE_PRICE_BID,,1,C2026Q1T10,NSW1-QLD1,QLD1,1,20376.80,,A202506
D,RESIDUE_PRICE_BID,,1,C2027Q4T03,NSW1-QLD1,QLD1,3,20350,,A202506
D,RESIDUE_PRICE_BID,,1,C2028Q1T02,NSW1-QLD1,QLD1,3,20350,,A202506
D,RESIDUE_PRICE_BID,,1,C2026Q4T07,NSW1-QLD1,QLD1,3,20350,,A202506
D,RESIDUE_PRICE_BID,,1,C2026Q1T10,NSW1-QLD1,QLD1,3,20350,,A202506
D,RESIDUE_PRICE_BID,,1,C2027Q1T06,NSW1-QLD1,QLD1,3,20350,,A202506
D,RESIDUE_PRICE_BID,,1,C2025Q3T12,NSW1-QLD1,QLD1,3,20340.84,,A202506
D,RESIDUE_PRICE_BID,,1,C2027Q4T03,NSW1-QLD1,QLD1,1,20320.84,,A202506
D,RESIDUE_PRICE_BID,,1,C2027Q1T06,NSW1-QLD1,QLD1,1,20300.84,,A202506
D,RESIDUE_PRICE_BID,,1,C2026Q4T07,NSW1-QLD1,QLD1,1,20300.84,,A202506
D,RESIDUE_PRICE_BID,,1,C2027Q4T03,NSW1-QLD1,QLD1,1,20263.58,,A202506
D,RESIDUE_PRICE_BID,,1,C2027Q3T04,NSW1-QLD1,QLD1,10,20263.11,,A202506
D,RESIDUE_PRICE_BID,,1,C2026Q1T10,NSW1-QLD1,QLD1,6,20250,,A202506
D,RESIDUE_PRICE_BID,,1,C2028Q2T01,NSW1-QLD1,QLD1,10,20208.30,,A202506
D,RESIDUE_PRICE_BID,,1,C2027Q2T05,NSW1-QLD1,QLD1,10,20208.30,,A202506
D,RESIDUE_PRICE_BID,,1,C2026Q4T07,NSW1-QLD1,QLD1,1,20200.84,,A202506
D,RESIDUE_PRICE_BID,,1,C2025Q4T11,NSW1-QLD1,QLD1,1,20200.84,,A202506
D,RESIDUE_PRICE_BID,,1,C2027Q4T03,NSW1-QLD1,QLD1,1,20200.84,,A202506
D,RESIDUE_PRICE_BID,,1,C2027Q1T06,NSW1-QLD1,QLD1,10,20196,,A202506
D,RESIDUE_PRICE_BID,,1,C2028Q2T01,NSW1-QLD1,QLD1,1,20190.03,,A202506
D,RESIDUE_PRICE_BID,,1,C2027Q1T06,NSW1-QLD1,QLD1,1,20188.52,,A202506
D,RESIDUE_PRICE_BID,,1,C2026Q4T07,NSW1-QLD1,QLD1,1,20157,,A202506
D,RESIDUE_PRICE_BID,,1,C2027Q1T06,NSW1-QLD1,QLD1,1,20150.84,,A202506
D,RESIDUE_PRICE_BID,,1,C2026Q3T08,NSW1-QLD1,QLD1,2,20150,,A202506
D,RESIDUE_PRICE_BID,,1,C2026Q2T09,NSW1-QLD1,QLD1,2,20150,,A202506
D,RESIDUE_PRICE_BID,,1,C2025Q3T12,NSW1-QLD1,QLD1,2,20150,,A202506
D,RESIDUE_PRICE_BID,,1,C2025Q4T11,NSW1-QLD1,QLD1,1,20136.74,,A202506
D,RESIDUE_PRICE_BID,,1,C2026Q4T07,NSW1-QLD1,QLD1,1,20100.84,,A202506
D,RESIDUE_PRICE_BID,,1,C2027Q4T03,NSW1-QLD1,QLD1,1,20080.84,,A202506
D,RESIDUE_PRICE_BID,,1,C2027Q4T03,NSW1-QLD1,QLD1,10,20053,,A202506
D,RESIDUE_PRICE_BID,,1,C2027Q4T03,NSW1-QLD1,QLD1,20,20053,,A202506
D,RESIDUE_PRICE_BID,,1,C2027Q4T03,NSW1-QLD1,QLD1,8,20053,,A202506
D,RESIDUE_PRICE_BID,,1,C2026Q1T10,NSW1-QLD1,QLD1,2,20050,,A202506
D,RESIDUE_PRICE_BID,,1,C2027Q4T03,NSW1-QLD1,QLD1,2,20038.669990,,A202506
D,RESIDUE_PRICE_BID,,1,C2026Q1T10,NSW1-QLD1,QLD1,1,20023.45,,A202506
D,RESIDUE_PRICE_BID,,1,C2026Q3T08,NSW1-QLD1,QLD1,1,20016.666020,,A202506
D,RESIDUE_PRICE_BID,,1,C2025Q3T12,NSW1-QLD1,QLD1,1,20016.666020,,A202506
D,RESIDUE_PRICE_BID,,1,C2027Q3T04,NSW1-QLD1,QLD1,1,20016.666020,,A202506
D,RESIDUE_PRICE_BID,,1,C2027Q3T04,NSW1-QLD1,QLD1,1,20014.84,,A202506
D,RESIDUE_PRICE_BID,,1,C2026Q3T08,NSW1-QLD1,QLD1,1,20014.84,,A202506
D,RESIDUE_PRICE_BID,,1,C2027Q2T05,NSW1-QLD1,QLD1,1,20014.84,,A202506
D,RESIDUE_PRICE_BID,,1,C2028Q1T02,NSW1-QLD1,QLD1,10,20000.84,,A202506
D,RESIDUE_PRICE_BID,,1,C2026Q4T07,NSW1-QLD1,QLD1,1,20000.84,,A202506
D,RESIDUE_PRICE_BID,,1,C2025Q3T12,NSW1-QLD1,QLD1,8,20000,,A202506
D,RESIDUE_PRICE_BID,,1,C2027Q1T06,NSW1-QLD1,QLD1,5,20000,,A202506
D,RESIDUE_PRICE_BID,,1,C2026Q3T08,NSW1-QLD1,QLD1,5,20000,,A202506
D,RESIDUE_PRICE_BID,,1,C2026Q2T09,NSW1-QLD1,QLD1,5,20000,,A202506
D,RESIDUE_PRICE_BID,,1,C2026Q4T07,NSW1-QLD1,QLD1,5,20000,,A202506
D,RESIDUE_PRICE_BID,,1,C2027Q2T05,NSW1-QLD1,QLD1,5,20000,,A202506
D,RESIDUE_PRICE_BID,,1,C2025Q4T11,NSW1-QLD1,QLD1,3,20000,,A202506
D,RESIDUE_PRICE_BID,,1,C2026Q3T08,NSW1-QLD1,QLD1,8,20000,,A202506
D,RESIDUE_PRICE_BID,,1,C2027Q1T06,NSW1-QLD1,QLD1,20,19980,,A202506
D,RESIDUE_PRICE_BID,,1,C2027Q4T03,NSW1-QLD1,QLD1,1,19960.84,,A202506
D,RESIDUE_PRICE_BID,,1,C2027Q4T03,NSW1-QLD1,QLD1,1,19940.23,,A202506
D,RESIDUE_PRICE_BID,,1,C2026Q1T10,NSW1-QLD1,QLD1,20,19906.6960,,A202506
D,RESIDUE_PRICE_BID,,1,C2026Q4T07,NSW1-QLD1,QLD1,1,19900.84,,A202506
D,RESIDUE_PRICE_BID,,1,C2025Q4T11,NSW1-QLD1,QLD1,1,19891.169990,,A202506
D,RESIDUE_PRICE_BID,,1,C2026Q4T07,NSW1-QLD1,QLD1,15,19872,,A202506
D,RESIDUE_PRICE_BID,,1,C2026Q4T07,NSW1-QLD1,QLD1,1,19854.64,,A202506
D,RESIDUE_PRICE_BID,,1,C2026Q4T07,NSW1-QLD1,QLD1,5,19852.349990,,A202506
D,RESIDUE_PRICE_BID,,1,C2027Q1T06,NSW1-QLD1,QLD1,1,19850.16,,A202506
D,RESIDUE_PRICE_BID,,1,C2027Q4T03,NSW1-QLD1,QLD1,1,19840.84,,A202506
D,RESIDUE_PRICE_BID,,1,C2025Q4T11,NSW1-QLD1,QLD1,5,19808,,A202506
D,RESIDUE_PRICE_BID,,1,C2028Q2T01,NSW1-QLD1,QLD1,1,19806.68,,A202506
D,RESIDUE_PRICE_BID,,1,C2026Q4T07,NSW1-QLD1,QLD1,1,19800.84,,A202506
D,RESIDUE_PRICE_BID,,1,C2025Q4T11,NSW1-QLD1,QLD1,15,19800.1440,,A202506
D,RESIDUE_PRICE_BID,,1,C2026Q1T10,NSW1-QLD1,QLD1,1,19780,,A202506
D,RESIDUE_PRICE_BID,,1,C2027Q1T06,NSW1-QLD1,QLD1,15,19731.599990,,A202506
D,RESIDUE_PRICE_BID,,1,C2027Q4T03,NSW1-QLD1,QLD1,1,19720.84,,A202506
D,RESIDUE_PRICE_BID,,1,C2026Q4T07,NSW1-QLD1,QLD1,1,19700.84,,A202506
D,RESIDUE_PRICE_BID,,1,C2026Q2T09,NSW1-QLD1,QLD1,2,19700,,A202506
D,RESIDUE_PRICE_BID,,1,C2025Q3T12,NSW1-QLD1,QLD1,2,19700,,A202506
D,RESIDUE_PRICE_BID,,1,C2026Q3T08,NSW1-QLD1,QLD1,2,19700,,A202506
D,RESIDUE_PRICE_BID,,1,C2028Q1T02,NSW1-QLD1,QLD1,16,19687.7880,,A202506
D,RESIDUE_PRICE_BID,,1,C2026Q1T10,NSW1-QLD1,QLD1,1,19670.09,,A202506
D,RESIDUE_PRICE_BID,,1,C2025Q4T11,NSW1-QLD1,QLD1,1,19645.599990,,A202506
D,RESIDUE_PRICE_BID,,1,C2027Q4T03,NSW1-QLD1,QLD1,1,19616.87,,A202506
D,RESIDUE_PRICE_BID,,1,C2026Q4T07,NSW1-QLD1,QLD1,1,19600.84,,A202506
D,RESIDUE_PRICE_BID,,1,C2027Q4T03,NSW1-QLD1,QLD1,1,19600.84,,A202506
D,RESIDUE_PRICE_BID,,1,C2026Q1T10,NSW1-QLD1,QLD1,2,19600,,A202506
D,RESIDUE_PRICE_BID,,1,C2027Q3T04,NSW1-QLD1,QLD1,1,19556.48,,A202506
D,RESIDUE_PRICE_BID,,1,C2026Q3T08,NSW1-QLD1,QLD1,1,19556.48,,A202506
D,RESIDUE_PRICE_BID,,1,C2027Q2T05,NSW1-QLD1,QLD1,1,19556.48,,A202506
D,RESIDUE_PRICE_BID,,1,C2026Q4T07,NSW1-QLD1,QLD1,1,19552.29,,A202506
D,RESIDUE_PRICE_BID,,1,C2027Q1T06,NSW1-QLD1,QLD1,1,19511.80,,A202506
D,RESIDUE_PRICE_BID,,1,C2026Q1T10,NSW1-QLD1,QLD1,8,19503,,A202506
D,RESIDUE_PRICE_BID,,1,C2026Q1T10,NSW1-QLD1,QLD1,10,19503,,A202506
D,RESIDUE_PRICE_BID,,1,C2027Q1T06,NSW1-QLD1,QLD1,8,19503,,A202506
D,RESIDUE_PRICE_BID,,1,C2027Q1T06,NSW1-QLD1,QLD1,10,19503,,A202506
D,RESIDUE_PRICE_BID,,1,C2025Q4T11,NSW1-QLD1,QLD1,6,19500.84,,A202506
D,RESIDUE_PRICE_BID,,1,C2026Q4T07,NSW1-QLD1,QLD1,1,19500.84,,A202506
D,RESIDUE_PRICE_BID,,1,C2027Q1T06,NSW1-QLD1,QLD1,10,19500.84,,A202506
D,RESIDUE_PRICE_BID,,1,C2027Q4T03,NSW1-QLD1,QLD1,1,19480.84,,A202506
D,RESIDUE_PRICE_BID,,1,C2028Q2T01,NSW1-QLD1,QLD1,1,19423.32,,A202506
D,RESIDUE_PRICE_BID,,1,C2026Q3T08,NSW1-QLD1,QLD1,10,19400.84,,A202506
D,RESIDUE_PRICE_BID,,1,C2026Q4T07,NSW1-QLD1,QLD1,1,19400.84,,A202506
D,RESIDUE_PRICE_BID,,1,C2025Q4T11,NSW1-QLD1,QLD1,1,19400.03,,A202506
D,RESIDUE_PRICE_BID,,1,C2027Q4T03,NSW1-QLD1,QLD1,1,19360.84,,A202506
D,RESIDUE_PRICE_BID,,1,C2027Q2T05,NSW1-QLD1,QLD1,10,19321.509990,,A202506
D,RESIDUE_PRICE_BID,,1,C2026Q1T10,NSW1-QLD1,QLD1,1,19316.74,,A202506
D,RESIDUE_PRICE_BID,,1,C2026Q4T07,NSW1-QLD1,QLD1,1,19300.84,,A202506
D,RESIDUE_PRICE_BID,,1,C2027Q4T03,NSW1-QLD1,QLD1,1,19293.52,,A202506
D,RESIDUE_PRICE_BID,,1,C2026Q3T08,NSW1-QLD1,QLD1,2,19250,,A202506
D,RESIDUE_PRICE_BID,,1,C2025Q3T12,NSW1-QLD1,QLD1,2,19250,,A202506
D,RESIDUE_PRICE_BID,,1,C2026Q2T09,NSW1-QLD1,QLD1,2,19250,,A202506
D,RESIDUE_PRICE_BID,,1,C2026Q4T07,NSW1-QLD1,QLD1,1,19249.93,,A202506
D,RESIDUE_PRICE_BID,,1,C2027Q4T03,NSW1-QLD1,QLD1,1,19240.84,,A202506
D,RESIDUE_PRICE_BID,,1,C2026Q4T07,NSW1-QLD1,QLD1,1,19200.84,,A202506
D,RESIDUE_PRICE_BID,,1,C2025Q4T11,NSW1-QLD1,QLD1,3,19200,,A202506
D,RESIDUE_PRICE_BID,,1,C2027Q1T06,NSW1-QLD1,QLD1,1,19173.45,,A202506
D,RESIDUE_PRICE_BID,,1,C2025Q4T11,NSW1-QLD1,QLD1,1,19154.46,,A202506
D,RESIDUE_PRICE_BID,,1,C2026Q1T10,NSW1-QLD1,QLD1,2,19150,,A202506
D,RESIDUE_PRICE_BID,,1,C2027Q4T03,NSW1-QLD1,QLD1,1,19120.84,,A202506
D,RESIDUE_PRICE_BID,,1,C2026Q1T10,NSW1-QLD1,QLD1,10,19104.84,,A202506
D,RESIDUE_PRICE_BID,,1,C2026Q4T07,NSW1-QLD1,QLD1,1,19100.84,,A202506
D,RESIDUE_PRICE_BID,,1,C2025Q4T11,NSW1-QLD1,QLD1,3,19100.169990,,A202506
D,RESIDUE_PRICE_BID,,1,C2027Q4T03,NSW1-QLD1,QLD1,10,19050.349990,,A202506
D,RESIDUE_PRICE_BID,,1,C2026Q4T07,NSW1-QLD1,QLD1,10,19044,,A202506
D,RESIDUE_PRICE_BID,,1,C2028Q2T01,NSW1-QLD1,QLD1,1,19039.96,,A202506
D,RESIDUE_PRICE_BID,,1,C2026Q4T07,NSW1-QLD1,QLD1,2,19037.52,,A202506
D,RESIDUE_PRICE_BID,,1,C2028Q1T02,NSW1-QLD1,QLD1,10,19000.84,,A202506
D,RESIDUE_PRICE_BID,,1,C2027Q4T03,NSW1-QLD1,QLD1,1,18970.16,,A202506
D,RESIDUE_PRICE_BID,,1,C2026Q1T10,NSW1-QLD1,QLD1,1,18963.38,,A202506
D,RESIDUE_PRICE_BID,,1,C2026Q4T07,NSW1-QLD1,QLD1,1,18947.58,,A202506
D,RESIDUE_PRICE_BID,,1,C2025Q4T11,NSW1-QLD1,QLD1,12,18944.64,,A202506
D,RESIDUE_PRICE_BID,,1,C2027Q4T03,NSW1-QLD1,QLD1,2,18932.50,,A202506
D,RESIDUE_PRICE_BID,,1,C2025Q4T11,NSW1-QLD1,QLD1,1,18908.89,,A202506
D,RESIDUE_PRICE_BID,,1,C2026Q4T07,NSW1-QLD1,QLD1,2,18907,,A202506
D,RESIDUE_PRICE_BID,,1,C2026Q4T07,NSW1-QLD1,QLD1,20,18907,,A202506
D,RESIDUE_PRICE_BID,,1,C2027Q1T06,NSW1-QLD1,QLD1,1,18900,,A202506
D,RESIDUE_PRICE_BID,,1,C2027Q1T06,NSW1-QLD1,QLD1,1,18835.09,,A202506
D,RESIDUE_PRICE_BID,,1,C2028Q2T01,NSW1-QLD1,QLD1,10,18821.509990,,A202506
D,RESIDUE_PRICE_BID,,1,C2026Q2T09,NSW1-QLD1,QLD1,5,18756.38,,A202506
D,RESIDUE_PRICE_BID,,1,C2026Q1T10,NSW1-QLD1,QLD1,3,18700,,A202506
D,RESIDUE_PRICE_BID,,1,C2026Q1T10,NSW1-QLD1,QLD1,2,18700,,A202506
D,RESIDUE_PRICE_BID,,1,C2028Q1T02,NSW1-QLD1,QLD1,3,18700,,A202506
D,RESIDUE_PRICE_BID,,1,C2026Q4T07,NSW1-QLD1,QLD1,3,18700,,A202506
D,RESIDUE_PRICE_BID,,1,C2027Q4T03,NSW1-QLD1,QLD1,3,18700,,A202506
D,RESIDUE_PRICE_BID,,1,C2027Q1T06,NSW1-QLD1,QLD1,3,18700,,A202506
D,RESIDUE_PRICE_BID,,1,C2025Q4T11,NSW1-QLD1,QLD1,2,18678,,A202506
D,RESIDUE_PRICE_BID,,1,C2025Q4T11,NSW1-QLD1,QLD1,1,18663.32,,A202506
D,RESIDUE_PRICE_BID,,1,C2026Q1T10,NSW1-QLD1,QLD1,5,18662.53,,A202506
D,RESIDUE_PRICE_BID,,1,C2028Q2T01,NSW1-QLD1,QLD1,1,18656.61,,A202506
D,RESIDUE_PRICE_BID,,1,C2027Q4T03,NSW1-QLD1,QLD1,1,18646.80,,A202506
D,RESIDUE_PRICE_BID,,1,C2026Q4T07,NSW1-QLD1,QLD1,1,18645.23,,A202506
D,RESIDUE_PRICE_BID,,1,C2026Q1T10,NSW1-QLD1,QLD1,1,18610.03,,A202506
D,RESIDUE_PRICE_BID,,1,C2028Q1T02,NSW1-QLD1,QLD1,2,18564,,A202506
D,RESIDUE_PRICE_BID,,1,C2028Q1T02,NSW1-QLD1,QLD1,1,18557,,A202506
D,RESIDUE_PRICE_BID,,1,C2025Q4T11,NSW1-QLD1,QLD1,6,18550.84,,A202506
D,RESIDUE_PRICE_BID,,1,C2027Q1T06,NSW1-QLD1,QLD1,10,18550.84,,A202506
D,RESIDUE_PRICE_BID,,1,C2027Q4T03,NSW1-QLD1,QLD1,10,18539.84,,A202506
D,RESIDUE_PRICE_BID,,1,C2028Q2T01,NSW1-QLD1,QLD1,10,18500.84,,A202506
D,RESIDUE_PRICE_BID,,1,C2027Q3T04,NSW1-QLD1,QLD1,10,18500.84,,A202506
D,RESIDUE_PRICE_BID,,1,C2026Q4T07,NSW1-QLD1,QLD1,3,18500.84,,A202506
D,RESIDUE_PRICE_BID,,1,C2027Q2T05,NSW1-QLD1,QLD1,10,18500.84,,A202506
D,RESIDUE_PRICE_BID,,1,C2026Q2T09,NSW1-QLD1,QLD1,10,18500.84,,A202506
D,RESIDUE_PRICE_BID,,1,C2027Q1T06,NSW1-QLD1,QLD1,1,18496.74,,A202506
D,RESIDUE_PRICE_BID,,1,C2027Q2T05,NSW1-QLD1,QLD1,5,18456.38,,A202506
D,RESIDUE_PRICE_BID,,1,C2027Q1T06,NSW1-QLD1,QLD1,10,18355.32,,A202506
D,RESIDUE_PRICE_BID,,1,C2026Q4T07,NSW1-QLD1,QLD1,1,18342.87,,A202506
D,RESIDUE_PRICE_BID,,1,C2027Q4T03,NSW1-QLD1,QLD1,1,18323.45,,A202506
D,RESIDUE_PRICE_BID,,1,C2026Q4T07,NSW1-QLD1,QLD1,10,18302.14,,A202506
D,RESIDUE_PRICE_BID,,1,C2028Q1T02,NSW1-QLD1,QLD1,1,18278.64,,A202506
D,RESIDUE_PRICE_BID,,1,C2028Q2T01,NSW1-QLD1,QLD1,1,18273.259990,,A202506
D,RESIDUE_PRICE_BID,,1,C2026Q1T10,NSW1-QLD1,QLD1,1,18256.68,,A202506
D,RESIDUE_PRICE_BID,,1,C2026Q1T10,NSW1-QLD1,QLD1,2,18250,,A202506
D,RESIDUE_PRICE_BID,,1,C2026Q4T07,NSW1-QLD1,QLD1,3,18160.84,,A202506
D,RESIDUE_PRICE_BID,,1,C2027Q1T06,NSW1-QLD1,QLD1,1,18158.38,,A202506
D,RESIDUE_PRICE_BID,,1,C2028Q1T02,NSW1-QLD1,QLD1,10,18055.32,,A202506
D,RESIDUE_PRICE_BID,,1,C2027Q4T03,NSW1-QLD1,QLD1,16,18047.70,,A202506
D,RESIDUE_PRICE_BID,,1,C2026Q4T07,NSW1-QLD1,QLD1,1,18040.52,,A202506
D,RESIDUE_PRICE_BID,,1,C2027Q4T03,NSW1-QLD1,QLD1,2,18038.669990,,A202506
D,RESIDUE_PRICE_BID,,1,C2028Q1T02,NSW1-QLD1,QLD1,10,18000.84,,A202506
D,RESIDUE_PRICE_BID,,1,C2027Q4T03,NSW1-QLD1,QLD1,3,18000.84,,A202506
D,RESIDUE_PRICE_BID,,1,C2028Q1T02,NSW1-QLD1,QLD1,1,18000.29,,A202506
D,RESIDUE_PRICE_BID,,1,C2027Q4T03,NSW1-QLD1,QLD1,1,18000.09,,A202506
D,RESIDUE_PRICE_BID,,1,C2025Q4T11,NSW1-QLD1,QLD1,3,18000,,A202506
D,RESIDUE_PRICE_BID,,1,C2026Q4T07,NSW1-QLD1,QLD1,10,17961.65,,A202506
D,RESIDUE_PRICE_BID,,1,C2026Q1T10,NSW1-QLD1,QLD1,1,17903.32,,A202506
D,RESIDUE_PRICE_BID,,1,C2027Q4T03,NSW1-QLD1,QLD1,10,17902.14,,A202506
D,RESIDUE_PRICE_BID,,1,C2028Q2T01,NSW1-QLD1,QLD1,1,17889.90,,A202506
D,RESIDUE_PRICE_BID,,1,C2028Q2T01,NSW1-QLD1,QLD1,5,17856.38,,A202506
D,RESIDUE_PRICE_BID,,1,C2026Q4T07,NSW1-QLD1,QLD1,3,17820.84,,A202506
D,RESIDUE_PRICE_BID,,1,C2027Q1T06,NSW1-QLD1,QLD1,1,17820.03,,A202506
D,RESIDUE_PRICE_BID,,1,C2026Q1T10,NSW1-QLD1,QLD1,10,17820,,A202506
D,RESIDUE_PRICE_BID,,1,C2026Q1T10,NSW1-QLD1,QLD1,2,17800,,A202506
D,RESIDUE_PRICE_BID,,1,C2026Q4T07,NSW1-QLD1,QLD1,10,17739.55,,A202506
D,RESIDUE_PRICE_BID,,1,C2026Q4T07,NSW1-QLD1,QLD1,1,17738.16,,A202506
D,RESIDUE_PRICE_BID,,1,C2028Q1T02,NSW1-QLD1,QLD1,1,17721.93,,A202506
D,RESIDUE_PRICE_BID,,1,C2026Q1T10,NSW1-QLD1,QLD1,10,17716.84,,A202506
D,RESIDUE_PRICE_BID,,1,C2027Q4T03,NSW1-QLD1,QLD1,1,17676.74,,A202506
D,RESIDUE_PRICE_BID,,1,C2027Q4T03,NSW1-QLD1,QLD1,15,17639.55,,A202506
D,RESIDUE_PRICE_BID,,1,C2025Q4T11,NSW1-QLD1,QLD1,6,17600.84,,A202506
D,RESIDUE_PRICE_BID,,1,C2027Q1T06,NSW1-QLD1,QLD1,10,17600.84,,A202506
D,RESIDUE_PRICE_BID,,1,C2027Q4T03,NSW1-QLD1,QLD1,3,17600.84,,A202506
D,RESIDUE_PRICE_BID,,1,C2025Q4T11,NSW1-QLD1,QLD1,20,17600.1280,,A202506
D,RESIDUE_PRICE_BID,,1,C2027Q1T06,NSW1-QLD1,QLD1,3,17600,,A202506
D,RESIDUE_PRICE_BID,,1,C2028Q1T02,NSW1-QLD1,QLD1,3,17600,,A202506
D,RESIDUE_PRICE_BID,,1,C2026Q4T07,NSW1-QLD1,QLD1,3,17600,,A202506
D,RESIDUE_PRICE_BID,,1,C2026Q1T10,NSW1-QLD1,QLD1,3,17600,,A202506
D,RESIDUE_PRICE_BID,,1,C2027Q4T03,NSW1-QLD1,QLD1,3,17600,,A202506
D,RESIDUE_PRICE_BID,,1,C2026Q1T10,NSW1-QLD1,QLD1,1,17549.96,,A202506
D,RESIDUE_PRICE_BID,,1,C2026Q1T10,NSW1-QLD1,QLD1,15,17544.56,,A202506
D,RESIDUE_PRICE_BID,,1,C2027Q1T06,NSW1-QLD1,QLD1,20,17539.20,,A202506
D,RESIDUE_PRICE_BID,,1,C2028Q1T02,NSW1-QLD1,QLD1,2,17522,,A202506
D,RESIDUE_PRICE_BID,,1,C2027Q4T03,NSW1-QLD1,QLD1,2,17512,,A202506
D,RESIDUE_PRICE_BID,,1,C2028Q2T01,NSW1-QLD1,QLD1,1,17506.55,,A202506
D,RESIDUE_PRICE_BID,,1,C2026Q4T07,NSW1-QLD1,QLD1,8,17503,,A202506
D,RESIDUE_PRICE_BID,,1,C2027Q1T06,NSW1-QLD1,QLD1,8,17503,,A202506
D,RESIDUE_PRICE_BID,,1,C2026Q4T07,NSW1-QLD1,QLD1,10,17503,,A202506
D,RESIDUE_PRICE_BID,,1,C2028Q1T02,NSW1-QLD1,QLD1,8,17503,,A202506
D,RESIDUE_PRICE_BID,,1,C2028Q1T02,NSW1-QLD1,QLD1,10,17503,,A202506
D,RESIDUE_PRICE_BID,,1,C2025Q4T11,NSW1-QLD1,QLD1,10,17503,,A202506
D,RESIDUE_PRICE_BID,,1,C2025Q4T11,NSW1-QLD1,QLD1,8,17503,,A202506
D,RESIDUE_PRICE_BID,,1,C2027Q1T06,NSW1-QLD1,QLD1,10,17503,,A202506
D,RESIDUE_PRICE_BID,,1,C2026Q1T10,NSW1-QLD1,QLD1,10,17503,,A202506
D,RESIDUE_PRICE_BID,,1,C2026Q1T10,NSW1-QLD1,QLD1,8,17503,,A202506
D,RESIDUE_PRICE_BID,,1,C2026Q3T08,NSW1-QLD1,QLD1,10,17500.84,,A202506
D,RESIDUE_PRICE_BID,,1,C2028Q1T02,NSW1-QLD1,QLD1,21,17500.2560,,A202506
D,RESIDUE_PRICE_BID,,1,C2025Q3T12,NSW1-QLD1,QLD1,7,17500,,A202506
D,RESIDUE_PRICE_BID,,1,C2025Q4T11,NSW1-QLD1,QLD1,2,17500,,A202506
D,RESIDUE_PRICE_BID,,1,C2027Q1T06,NSW1-QLD1,QLD1,1,17481.68,,A202506
D,RESIDUE_PRICE_BID,,1,C2026Q4T07,NSW1-QLD1,QLD1,3,17480.84,,A202506
D,RESIDUE_PRICE_BID,,1,C2026Q2T09,NSW1-QLD1,QLD1,20,17472,,A202506
D,RESIDUE_PRICE_BID,,1,C2028Q1T02,NSW1-QLD1,QLD1,1,17443.58,,A202506
D,RESIDUE_PRICE_BID,,1,C2026Q4T07,NSW1-QLD1,QLD1,1,17435.80,,A202506
D,RESIDUE_PRICE_BID,,1,C2027Q4T03,NSW1-QLD1,QLD1,1,17353.38,,A202506
D,RESIDUE_PRICE_BID,,1,C2026Q1T10,NSW1-QLD1,QLD1,5,17280,,A202506
D,RESIDUE_PRICE_BID,,1,C2025Q3T12,NSW1-QLD1,QLD1,20,17251.07,,A202506
D,RESIDUE_PRICE_BID,,1,C2027Q4T03,NSW1-QLD1,QLD1,2,17211.36,,A202506
D,RESIDUE_PRICE_BID,,1,C2027Q4T03,NSW1-QLD1,QLD1,3,17200.84,,A202506
D,RESIDUE_PRICE_BID,,1,C2026Q1T10,NSW1-QLD1,QLD1,1,17196.61,,A202506
D,RESIDUE_PRICE_BID,,1,C2028Q1T02,NSW1-QLD1,QLD1,1,17165.23,,A202506
D,RESIDUE_PRICE_BID,,1,C2027Q1T06,NSW1-QLD1,QLD1,1,17143.32,,A202506
D,RESIDUE_PRICE_BID,,1,C2026Q4T07,NSW1-QLD1,QLD1,3,17140.84,,A202506
D,RESIDUE_PRICE_BID,,1,C2026Q4T07,NSW1-QLD1,QLD1,1,17133.45,,A202506
D,RESIDUE_PRICE_BID,,1,C2028Q2T01,NSW1-QLD1,QLD1,1,17123.189990,,A202506
D,RESIDUE_PRICE_BID,,1,C2027Q4T03,NSW1-QLD1,QLD1,20,17112,,A202506
D,RESIDUE_PRICE_BID,,1,C2026Q1T10,NSW1-QLD1,QLD1,5,17100,,A202506
D,RESIDUE_PRICE_BID,,1,C2026Q4T07,NSW1-QLD1,QLD1,2,17037.52,,A202506
D,RESIDUE_PRICE_BID,,1,C2027Q4T03,NSW1-QLD1,QLD1,1,17030.03,,A202506
D,RESIDUE_PRICE_BID,,1,C2027Q1T06,NSW1-QLD1,QLD1,15,17022.66,,A202506
D,RESIDUE_PRICE_BID,,1,C2028Q1T02,NSW1-QLD1,QLD1,15,17022.66,,A202506
D,RESIDUE_PRICE_BID,,1,C2026Q4T07,NSW1-QLD1,QLD1,10,17016.32,,A202506
D,RESIDUE_PRICE_BID,,1,C2026Q4T07,NSW1-QLD1,QLD1,15,17016.30,,A202506
D,RESIDUE_PRICE_BID,,1,C2028Q1T02,NSW1-QLD1,QLD1,10,17000.84,,A202506
D,RESIDUE_PRICE_BID,,1,C2026Q3T08,NSW1-QLD1,QLD1,20,17000,,A202506
D,RESIDUE_PRICE_BID,,1,C2028Q1T02,NSW1-QLD1,QLD1,1,16886.87,,A202506
D,RESIDUE_PRICE_BID,,1,C2027Q3T04,NSW1-QLD1,QLD1,21,16885.9250,,A202506
D,RESIDUE_PRICE_BID,,1,C2026Q1T10,NSW1-QLD1,QLD1,1,16843.259990,,A202506
D,RESIDUE_PRICE_BID,,1,C2027Q2T05,NSW1-QLD1,QLD1,20,16840.25,,A202506
D,RESIDUE_PRICE_BID,,1,C2026Q4T07,NSW1-QLD1,QLD1,1,16831.09,,A202506
D,RESIDUE_PRICE_BID,,1,C2027Q1T06,NSW1-QLD1,QLD1,1,16804.96,,A202506
D,RESIDUE_PRICE_BID,,1,C2026Q4T07,NSW1-QLD1,QLD1,3,16800.84,,A202506
D,RESIDUE_PRICE_BID,,1,C2027Q4T03,NSW1-QLD1,QLD1,3,16800.84,,A202506
D,RESIDUE_PRICE_BID,,1,C2026Q1T10,NSW1-QLD1,QLD1,10,16796.28,,A202506
D,RESIDUE_PRICE_BID,,1,C2026Q4T07,NSW1-QLD1,QLD1,10,16758.72,,A202506
D,RESIDUE_PRICE_BID,,1,C2028Q2T01,NSW1-QLD1,QLD1,1,16739.84,,A202506
D,RESIDUE_PRICE_BID,,1,C2027Q4T03,NSW1-QLD1,QLD1,1,16706.68,,A202506
D,RESIDUE_PRICE_BID,,1,C2025Q4T11,NSW1-QLD1,QLD1,6,16650.84,,A202506
D,RESIDUE_PRICE_BID,,1,C2027Q1T06,NSW1-QLD1,QLD1,10,16650.84,,A202506
D,RESIDUE_PRICE_BID,,1,C2028Q1T02,NSW1-QLD1,QLD1,1,16608.52,,A202506
D,RESIDUE_PRICE_BID,,1,C2026Q4T07,NSW1-QLD1,QLD1,1,16528.74,,A202506
D,RESIDUE_PRICE_BID,,1,C2025Q4T11,NSW1-QLD1,QLD1,5,16500.12,,A202506
D,RESIDUE_PRICE_BID,,1,C2028Q2T01,NSW1-QLD1,QLD1,21,16500,,A202506
D,RESIDUE_PRICE_BID,,1,C2027Q4T03,NSW1-QLD1,QLD1,3,16500,,A202506
D,RESIDUE_PRICE_BID,,1,C2026Q4T07,NSW1-QLD1,QLD1,3,16500,,A202506
D,RESIDUE_PRICE_BID,,1,C2025Q4T11,NSW1-QLD1,QLD1,5,16500,,A202506
D,RESIDUE_PRICE_BID,,1,C2026Q1T10,NSW1-QLD1,QLD1,3,16500,,A202506
D,RESIDUE_PRICE_BID,,1,C2027Q1T06,NSW1-QLD1,QLD1,3,16500,,A202506
D,RESIDUE_PRICE_BID,,1,C2028Q1T02,NSW1-QLD1,QLD1,3,16500,,A202506
D,RESIDUE_PRICE_BID,,1,C2026Q1T10,NSW1-QLD1,QLD1,1,16489.90,,A202506
D,RESIDUE_PRICE_BID,,1,C2027Q1T06,NSW1-QLD1,QLD1,1,16466.61,,A202506
D,RESIDUE_PRICE_BID,,1,C2026Q4T07,NSW1-QLD1,QLD1,3,16460.84,,A202506
D,RESIDUE_PRICE_BID,,1,C2027Q1T06,NSW1-QLD1,QLD1,5,16443,,A202506
D,RESIDUE_PRICE_BID,,1,C2028Q1T02,NSW1-QLD1,QLD1,5,16406.49,,A202506
D,RESIDUE_PRICE_BID,,1,C2027Q3T04,NSW1-QLD1,QLD1,10,16400.84,,A202506
D,RESIDUE_PRICE_BID,,1,C2028Q2T01,NSW1-QLD1,QLD1,10,16400.84,,A202506
D,RESIDUE_PRICE_BID,,1,C2027Q4T03,NSW1-QLD1,QLD1,3,16400.84,,A202506
D,RESIDUE_PRICE_BID,,1,C2027Q2T05,NSW1-QLD1,QLD1,10,16400.84,,A202506
D,RESIDUE_PRICE_BID,,1,C2026Q2T09,NSW1-QLD1,QLD1,10,16400.84,,A202506
D,RESIDUE_PRICE_BID,,1,C2028Q1T02,NSW1-QLD1,QLD1,10,16394.56,,A202506
D,RESIDUE_PRICE_BID,,1,C2027Q4T03,NSW1-QLD1,QLD1,1,16383.32,,A202506
D,RESIDUE_PRICE_BID,,1,C2028Q2T01,NSW1-QLD1,QLD1,1,16356.48,,A202506
D,RESIDUE_PRICE_BID,,1,C2028Q1T02,NSW1-QLD1,QLD1,1,16330.16,,A202506
D,RESIDUE_PRICE_BID,,1,C2026Q1T10,NSW1-QLD1,QLD1,10,16328.84,,A202506
D,RESIDUE_PRICE_BID,,1,C2026Q2T09,NSW1-QLD1,QLD1,10,16322.32,,A202506
D,RESIDUE_PRICE_BID,,1,C2027Q2T05,NSW1-QLD1,QLD1,10,16322.32,,A202506
D,RESIDUE_PRICE_BID,,1,C2026Q1T10,NSW1-QLD1,QLD1,2,16255.13,,A202506
D,RESIDUE_PRICE_BID,,1,C2026Q4T07,NSW1-QLD1,QLD1,1,16226.38,,A202506
D,RESIDUE_PRICE_BID,,1,C2026Q1T10,NSW1-QLD1,QLD1,10,16200,,A202506
D,RESIDUE_PRICE_BID,,1,C2026Q1T10,NSW1-QLD1,QLD1,1,16136.55,,A202506
D,RESIDUE_PRICE_BID,,1,C2027Q1T06,NSW1-QLD1,QLD1,1,16128.26,,A202506
D,RESIDUE_PRICE_BID,,1,C2026Q4T07,NSW1-QLD1,QLD1,3,16120.84,,A202506
D,RESIDUE_PRICE_BID,,1,C2027Q4T03,NSW1-QLD1,QLD1,1,16059.96,,A202506
D,RESIDUE_PRICE_BID,,1,C2028Q1T02,NSW1-QLD1,QLD1,1,16051.80,,A202506
D,RESIDUE_PRICE_BID,,1,C2027Q4T03,NSW1-QLD1,QLD1,21,16042.40,,A202506
D,RESIDUE_PRICE_BID,,1,C2027Q4T03,NSW1-QLD1,QLD1,2,16038.669990,,A202506
D,RESIDUE_PRICE_BID,,1,C2028Q1T02,NSW1-QLD1,QLD1,10,16000.84,,A202506
D,RESIDUE_PRICE_BID,,1,C2027Q4T03,NSW1-QLD1,QLD1,3,16000.84,,A202506
D,RESIDUE_PRICE_BID,,1,C2026Q4T07,NSW1-QLD1,QLD1,1,15924.03,,A202506
D,RESIDUE_PRICE_BID,,1,C2026Q4T07,NSW1-QLD1,QLD1,15,15903.11,,A202506
D,RESIDUE_PRICE_BID,,1,C2026Q1T10,NSW1-QLD1,QLD1,1,15824,,A202506
D,RESIDUE_PRICE_BID,,1,C2027Q1T06,NSW1-QLD1,QLD1,1,15789.90,,A202506
D,RESIDUE_PRICE_BID,,1,C2026Q1T10,NSW1-QLD1,QLD1,1,15783.19,,A202506
D,RESIDUE_PRICE_BID,,1,C2026Q4T07,NSW1-QLD1,QLD1,3,15780.84,,A202506
D,RESIDUE_PRICE_BID,,1,C2028Q1T02,NSW1-QLD1,QLD1,1,15773.45,,A202506
D,RESIDUE_PRICE_BID,,1,C2027Q4T03,NSW1-QLD1,QLD1,1,15736.61,,A202506
D,RESIDUE_PRICE_BID,,1,C2025Q4T11,NSW1-QLD1,QLD1,6,15700.84,,A202506
D,RESIDUE_PRICE_BID,,1,C2027Q1T06,NSW1-QLD1,QLD1,10,15700.84,,A202506
D,RESIDUE_PRICE_BID,,1,C2028Q2T01,NSW1-QLD1,QLD1,10,15622.32,,A202506
D,RESIDUE_PRICE_BID,,1,C2026Q4T07,NSW1-QLD1,QLD1,1,15621.68,,A202506
D,RESIDUE_PRICE_BID,,1,C2027Q4T03,NSW1-QLD1,QLD1,3,15600.84,,A202506
D,RESIDUE_PRICE_BID,,1,C2026Q3T08,NSW1-QLD1,QLD1,10,15600.84,,A202506
D,RESIDUE_PRICE_BID,,1,C2026Q4T07,NSW1-QLD1,QLD1,20,15588.48,,A202506
D,RESIDUE_PRICE_BID,,1,C2027Q1T06,NSW1-QLD1,QLD1,10,15503,,A202506
D,RESIDUE_PRICE_BID,,1,C2027Q1T06,NSW1-QLD1,QLD1,8,15503,,A202506
D,RESIDUE_PRICE_BID,,1,C2026Q1T10,NSW1-QLD1,QLD1,8,15503,,A202506
D,RESIDUE_PRICE_BID,,1,C2028Q1T02,NSW1-QLD1,QLD1,10,15503,,A202506
D,RESIDUE_PRICE_BID,,1,C2026Q1T10,NSW1-QLD1,QLD1,10,15503,,A202506
D,RESIDUE_PRICE_BID,,1,C2028Q1T02,NSW1-QLD1,QLD1,8,15503,,A202506
D,RESIDUE_PRICE_BID,,1,C2025Q4T11,NSW1-QLD1,QLD1,2,15500,,A202506
D,RESIDUE_PRICE_BID,,1,C2026Q4T07,NSW1-QLD1,QLD1,2,15500,,A202506
D,RESIDUE_PRICE_BID,,1,C2028Q1T02,NSW1-QLD1,QLD1,1,15495.10,,A202506
D,RESIDUE_PRICE_BID,,1,C2027Q1T06,NSW1-QLD1,QLD1,1,15451.55,,A202506
D,RESIDUE_PRICE_BID,,1,C2026Q4T07,NSW1-QLD1,QLD1,3,15440.84,,A202506
D,RESIDUE_PRICE_BID,,1,C2026Q1T10,NSW1-QLD1,QLD1,1,15429.84,,A202506
D,RESIDUE_PRICE_BID,,1,C2027Q4T03,NSW1-QLD1,QLD1,1,15413.26,,A202506
D,RESIDUE_PRICE_BID,,1,C2026Q4T07,NSW1-QLD1,QLD1,1,15319.32,,A202506
D,RESIDUE_PRICE_BID,,1,C2027Q1T06,NSW1-QLD1,QLD1,2,15255.64,,A202506
D,RESIDUE_PRICE_BID,,1,C2028Q1T02,NSW1-QLD1,QLD1,1,15216.74,,A202506
D,RESIDUE_PRICE_BID,,1,C2027Q4T03,NSW1-QLD1,QLD1,3,15200.84,,A202506
D,RESIDUE_PRICE_BID,,1,C2026Q4T07,NSW1-QLD1,QLD1,20,15125.60,,A202506
D,RESIDUE_PRICE_BID,,1,C2026Q4T07,NSW1-QLD1,QLD1,1,15125,,A202506
D,RESIDUE_PRICE_BID,,1,C2027Q1T06,NSW1-QLD1,QLD1,1,15120,,A202506
D,RESIDUE_PRICE_BID,,1,C2027Q1T06,NSW1-QLD1,QLD1,1,15113.19,,A202506
D,RESIDUE_PRICE_BID,,1,C2026Q4T07,NSW1-QLD1,QLD1,3,15100.84,,A202506
D,RESIDUE_PRICE_BID,,1,C2027Q4T03,NSW1-QLD1,QLD1,1,15089.90,,A202506
D,RESIDUE_PRICE_BID,,1,C2026Q1T10,NSW1-QLD1,QLD1,1,15076.48,,A202506
D,RESIDUE_PRICE_BID,,1,C2025Q4T11,NSW1-QLD1,QLD1,2,15050,,A202506
D,RESIDUE_PRICE_BID,,1,C2026Q4T07,NSW1-QLD1,QLD1,2,15050,,A202506
D,RESIDUE_PRICE_BID,,1,C2027Q4T03,NSW1-QLD1,QLD1,5,15039.75,,A202506
D,RESIDUE_PRICE_BID,,1,C2026Q4T07,NSW1-QLD1,QLD1,1,15016.96,,A202506
D,RESIDUE_PRICE_BID,,1,C2026Q3T08,NSW1-QLD1,QLD1,1,15012.50,,A202506
D,RESIDUE_PRICE_BID,,1,C2025Q3T12,NSW1-QLD1,QLD1,1,15012.50,,A202506
D,RESIDUE_PRICE_BID,,1,C2027Q3T04,NSW1-QLD1,QLD1,1,15012.50,,A202506
D,RESIDUE_PRICE_BID,,1,C2026Q3T08,NSW1-QLD1,QLD1,8,15003,,A202506
D,RESIDUE_PRICE_BID,,1,C2027Q2T05,NSW1-QLD1,QLD1,10,15003,,A202506
D,RESIDUE_PRICE_BID,,1,C2025Q3T12,NSW1-QLD1,QLD1,10,15003,,A202506
D,RESIDUE_PRICE_BID,,1,C2028Q2T01,NSW1-QLD1,QLD1,10,15003,,A202506
D,RESIDUE_PRICE_BID,,1,C2026Q2T09,NSW1-QLD1,QLD1,8,15003,,A202506
D,RESIDUE_PRICE_BID,,1,C2027Q3T04,NSW1-QLD1,QLD1,8,15003,,A202506
D,RESIDUE_PRICE_BID,,1,C2028Q2T01,NSW1-QLD1,QLD1,8,15003,,A202506
D,RESIDUE_PRICE_BID,,1,C2027Q3T04,NSW1-QLD1,QLD1,10,15003,,A202506
D,RESIDUE_PRICE_BID,,1,C2026Q2T09,NSW1-QLD1,QLD1,10,15003,,A202506
D,RESIDUE_PRICE_BID,,1,C2025Q3T12,NSW1-QLD1,QLD1,8,15003,,A202506
D,RESIDUE_PRICE_BID,,1,C2027Q2T05,NSW1-QLD1,QLD1,8,15003,,A202506
D,RESIDUE_PRICE_BID,,1,C2026Q3T08,NSW1-QLD1,QLD1,10,15003,,A202506
D,RESIDUE_PRICE_BID,,1,C2028Q1T02,NSW1-QLD1,QLD1,10,15000.84,,A202506
D,RESIDUE_PRICE_BID,,1,C2026Q3T08,NSW1-QLD1,QLD1,5,15000,,A202506
D,RESIDUE_PRICE_BID,,1,C2025Q3T12,NSW1-QLD1,QLD1,5,15000,,A202506
D,RESIDUE_PRICE_BID,,1,C2025Q3T12,NSW1-QLD1,QLD1,8,15000,,A202506
D,RESIDUE_PRICE_BID,,1,C2026Q2T09,NSW1-QLD1,QLD1,8,15000,,A202506
D,RESIDUE_PRICE_BID,,1,C2026Q2T09,NSW1-QLD1,QLD1,5,15000,,A202506
D,RESIDUE_PRICE_BID,,1,C2025Q4T11,NSW1-QLD1,QLD1,5,15000,,A202506
D,RESIDUE_PRICE_BID,,1,C2025Q4T11,NSW1-QLD1,QLD1,1,14942,,A202506
D,RESIDUE_PRICE_BID,,1,C2026Q1T10,NSW1-QLD1,QLD1,10,14940.84,,A202506
D,RESIDUE_PRICE_BID,,1,C2028Q1T02,NSW1-QLD1,QLD1,1,14938.38,,A202506
D,RESIDUE_PRICE_BID,,1,C2026Q1T10,NSW1-QLD1,QLD1,10,14930.02,,A202506
D,RESIDUE_PRICE_BID,,1,C2025Q4T11,NSW1-QLD1,QLD1,10,14850.11,,A202506
D,RESIDUE_PRICE_BID,,1,C2027Q4T03,NSW1-QLD1,QLD1,3,14800.84,,A202506
D,RESIDUE_PRICE_BID,,1,C2027Q1T06,NSW1-QLD1,QLD1,10,14798.70,,A202506
D,RESIDUE_PRICE_BID,,1,C2027Q1T06,NSW1-QLD1,QLD1,1,14774.84,,A202506
D,RESIDUE_PRICE_BID,,1,C2027Q4T03,NSW1-QLD1,QLD1,1,14766.55,,A202506
D,RESIDUE_PRICE_BID,,1,C2028Q1T02,NSW1-QLD1,QLD1,10,14765.84,,A202506
D,RESIDUE_PRICE_BID,,1,C2026Q4T07,NSW1-QLD1,QLD1,3,14760.84,,A202506
D,RESIDUE_PRICE_BID,,1,C2025Q4T11,NSW1-QLD1,QLD1,6,14750.84,,A202506
D,RESIDUE_PRICE_BID,,1,C2027Q1T06,NSW1-QLD1,QLD1,10,14750.84,,A202506
D,RESIDUE_PRICE_BID,,1,C2026Q4T07,NSW1-QLD1,QLD1,1,14714.61,,A202506
D,RESIDUE_PRICE_BID,,1,C2028Q1T02,NSW1-QLD1,QLD1,1,14660.03,,A202506
D,RESIDUE_PRICE_BID,,1,C2027Q4T03,NSW1-QLD1,QLD1,10,14603.11,,A202506
D,RESIDUE_PRICE_BID,,1,C2025Q4T11,NSW1-QLD1,QLD1,2,14600,,A202506
D,RESIDUE_PRICE_BID,,1,C2026Q4T07,NSW1-QLD1,QLD1,2,14600,,A202506
D,RESIDUE_PRICE_BID,,1,C2028Q1T02,NSW1-QLD1,QLD1,10,14544.56,,A202506
D,RESIDUE_PRICE_BID,,1,C2027Q1T06,NSW1-QLD1,QLD1,10,14544.56,,A202506
D,RESIDUE_PRICE_BID,,1,C2027Q4T03,NSW1-QLD1,QLD1,1,14443.19,,A202506
D,RESIDUE_PRICE_BID,,1,C2027Q1T06,NSW1-QLD1,QLD1,1,14436.48,,A202506
D,RESIDUE_PRICE_BID,,1,C2026Q4T07,NSW1-QLD1,QLD1,3,14420.84,,A202506
D,RESIDUE_PRICE_BID,,1,C2026Q4T07,NSW1-QLD1,QLD1,1,14412.26,,A202506
D,RESIDUE_PRICE_BID,,1,C2026Q1T10,NSW1-QLD1,QLD1,5,14407.20,,A202506
D,RESIDUE_PRICE_BID,,1,C2027Q4T03,NSW1-QLD1,QLD1,3,14400.84,,A202506
D,RESIDUE_PRICE_BID,,1,C2028Q1T02,NSW1-QLD1,QLD1,1,14381.68,,A202506
D,RESIDUE_PRICE_BID,,1,C2027Q3T04,NSW1-QLD1,QLD1,10,14300.84,,A202506
D,RESIDUE_PRICE_BID,,1,C2028Q2T01,NSW1-QLD1,QLD1,10,14300.84,,A202506
D,RESIDUE_PRICE_BID,,1,C2027Q2T05,NSW1-QLD1,QLD1,10,14300.84,,A202506
D,RESIDUE_PRICE_BID,,1,C2026Q2T09,NSW1-QLD1,QLD1,10,14300.84,,A202506
D,RESIDUE_PRICE_BID,,1,C2028Q1T02,NSW1-QLD1,QLD1,2,14255.64,,A202506
D,RESIDUE_PRICE_BID,,1,C2026Q1T10,NSW1-QLD1,QLD1,2,14255.13,,A202506
D,RESIDUE_PRICE_BID,,1,C2027Q4T03,NSW1-QLD1,QLD1,10,14253,,A202506
D,RESIDUE_PRICE_BID,,1,C2027Q4T03,NSW1-QLD1,QLD1,8,14253,,A202506
D,RESIDUE_PRICE_BID,,1,C2026Q1T10,NSW1-QLD1,QLD1,10,14219.21,,A202506
D,RESIDUE_PRICE_BID,,1,C2026Q4T07,NSW1-QLD1,QLD1,5,14180.25,,A202506
D,RESIDUE_PRICE_BID,,1,C2025Q4T11,NSW1-QLD1,QLD1,2,14150,,A202506
D,RESIDUE_PRICE_BID,,1,C2026Q4T07,NSW1-QLD1,QLD1,2,14150,,A202506
D,RESIDUE_PRICE_BID,,1,C2027Q4T03,NSW1-QLD1,QLD1,1,14119.84,,A202506
D,RESIDUE_PRICE_BID,,1,C2026Q4T07,NSW1-QLD1,QLD1,1,14109.90,,A202506
D,RESIDUE_PRICE_BID,,1,C2028Q1T02,NSW1-QLD1,QLD1,1,14103.32,,A202506
D,RESIDUE_PRICE_BID,,1,C2026Q4T07,NSW1-QLD1,QLD1,3,14080.84,,A202506
D,RESIDUE_PRICE_BID,,1,C2027Q4T03,NSW1-QLD1,QLD1,2,14010,,A202506
D,RESIDUE_PRICE_BID,,1,C2027Q4T03,NSW1-QLD1,QLD1,3,14000.84,,A202506
D,RESIDUE_PRICE_BID,,1,C2028Q1T02,NSW1-QLD1,QLD1,10,14000.84,,A202506
D,RESIDUE_PRICE_BID,,1,C2025Q4T11,NSW1-QLD1,QLD1,15,13995.12,,A202506
D,RESIDUE_PRICE_BID,,1,C2026Q2T09,NSW1-QLD1,QLD1,10,13977.60,,A202506
D,RESIDUE_PRICE_BID,,1,C2028Q1T02,NSW1-QLD1,QLD1,1,13824.96,,A202506
D,RESIDUE_PRICE_BID,,1,C2026Q4T07,NSW1-QLD1,QLD1,1,13807.55,,A202506
D,RESIDUE_PRICE_BID,,1,C2025Q3T12,NSW1-QLD1,QLD1,5,13800.86,,A202506
D,RESIDUE_PRICE_BID,,1,C2025Q4T11,NSW1-QLD1,QLD1,6,13800.84,,A202506
D,RESIDUE_PRICE_BID,,1,C2027Q1T06,NSW1-QLD1,QLD1,10,13800.84,,A202506
D,RESIDUE_PRICE_BID,,1,C2027Q4T03,NSW1-QLD1,QLD1,1,13796.48,,A202506
D,RESIDUE_PRICE_BID,,1,C2026Q4T07,NSW1-QLD1,QLD1,3,13740.84,,A202506
D,RESIDUE_PRICE_BID,,1,C2026Q3T08,NSW1-QLD1,QLD1,10,13700.84,,A202506
D,RESIDUE_PRICE_BID,,1,C2025Q4T11,NSW1-QLD1,QLD1,2,13700,,A202506
D,RESIDUE_PRICE_BID,,1,C2026Q4T07,NSW1-QLD1,QLD1,2,13700,,A202506
D,RESIDUE_PRICE_BID,,1,C2028Q1T02,NSW1-QLD1,QLD1,20,13671.84,,A202506
D,RESIDUE_PRICE_BID,,1,C2027Q4T03,NSW1-QLD1,QLD1,3,13600.84,,A202506
D,RESIDUE_PRICE_BID,,1,C2026Q3T08,NSW1-QLD1,QLD1,5,13600,,A202506
D,RESIDUE_PRICE_BID,,1,C2026Q1T10,NSW1-QLD1,QLD1,10,13552.84,,A202506
D,RESIDUE_PRICE_BID,,1,C2028Q1T02,NSW1-QLD1,QLD1,1,13546.61,,A202506
D,RESIDUE_PRICE_BID,,1,C2027Q4T03,NSW1-QLD1,QLD1,10,13535.78,,A202506
D,RESIDUE_PRICE_BID,,1,C2027Q3T04,NSW1-QLD1,QLD1,5,13508.74,,A202506
D,RESIDUE_PRICE_BID,,1,C2026Q4T07,NSW1-QLD1,QLD1,1,13505.19,,A202506
D,RESIDUE_PRICE_BID,,1,C2026Q1T10,NSW1-QLD1,QLD1,10,13503,,A202506
D,RESIDUE_PRICE_BID,,1,C2026Q1T10,NSW1-QLD1,QLD1,8,13503,,A202506
D,RESIDUE_PRICE_BID,,1,C2027Q1T06,NSW1-QLD1,QLD1,8,13503,,A202506
D,RESIDUE_PRICE_BID,,1,C2028Q1T02,NSW1-QLD1,QLD1,8,13503,,A202506
D,RESIDUE_PRICE_BID,,1,C2028Q1T02,NSW1-QLD1,QLD1,10,13503,,A202506
D,RESIDUE_PRICE_BID,,1,C2027Q1T06,NSW1-QLD1,QLD1,10,13503,,A202506
D,RESIDUE_PRICE_BID,,1,C2028Q2T01,NSW1-QLD1,QLD1,10,13472.20,,A202506
D,RESIDUE_PRICE_BID,,1,C2027Q2T05,NSW1-QLD1,QLD1,5,13472.20,,A202506
D,RESIDUE_PRICE_BID,,1,C2026Q4T07,NSW1-QLD1,QLD1,3,13400.84,,A202506
D,RESIDUE_PRICE_BID,,1,C2028Q1T02,NSW1-QLD1,QLD1,1,13268.26,,A202506
D,RESIDUE_PRICE_BID,,1,C2027Q1T06,NSW1-QLD1,QLD1,2,13255.64,,A202506
D,RESIDUE_PRICE_BID,,1,C2026Q4T07,NSW1-QLD1,QLD1,2,13250,,A202506
D,RESIDUE_PRICE_BID,,1,C2025Q4T11,NSW1-QLD1,QLD1,2,13250,,A202506
D,RESIDUE_PRICE_BID,,1,C2026Q4T07,NSW1-QLD1,QLD1,1,13202.84,,A202506
D,RESIDUE_PRICE_BID,,1,C2027Q4T03,NSW1-QLD1,QLD1,3,13200.84,,A202506
D,RESIDUE_PRICE_BID,,1,C2025Q4T11,NSW1-QLD1,QLD1,10,13200.10,,A202506
D,RESIDUE_PRICE_BID,,1,C2027Q1T06,NSW1-QLD1,QLD1,10,13154.40,,A202506
D,RESIDUE_PRICE_BID,,1,C2028Q1T02,NSW1-QLD1,QLD1,10,13125.19,,A202506
D,RESIDUE_PRICE_BID,,1,C2026Q4T07,NSW1-QLD1,QLD1,3,13060.84,,A202506
D,RESIDUE_PRICE_BID,,1,C2028Q1T02,NSW1-QLD1,QLD1,10,13000.84,,A202506
D,RESIDUE_PRICE_BID,,1,C2028Q1T02,NSW1-QLD1,QLD1,1,12989.90,,A202506
D,RESIDUE_PRICE_BID,,1,C2026Q4T07,NSW1-QLD1,QLD1,1,12900.48,,A202506
D,RESIDUE_PRICE_BID,,1,C2027Q1T06,NSW1-QLD1,QLD1,10,12850.84,,A202506
D,RESIDUE_PRICE_BID,,1,C2025Q4T11,NSW1-QLD1,QLD1,6,12850.84,,A202506
D,RESIDUE_PRICE_BID,,1,C2027Q4T03,NSW1-QLD1,QLD1,3,12800.84,,A202506
D,RESIDUE_PRICE_BID,,1,C2026Q4T07,NSW1-QLD1,QLD1,10,12762.23,,A202506
D,RESIDUE_PRICE_BID,,1,C2026Q4T07,NSW1-QLD1,QLD1,3,12720.84,,A202506
D,RESIDUE_PRICE_BID,,1,C2028Q1T02,NSW1-QLD1,QLD1,1,12711.55,,A202506
D,RESIDUE_PRICE_BID,,1,C2025Q3T12,NSW1-QLD1,QLD1,7,12500,,A202506
D,RESIDUE_PRICE_BID,,1,C2025Q4T11,NSW1-QLD1,QLD1,5,12500,,A202506
D,RESIDUE_PRICE_BID,,1,C2026Q1T10,NSW1-QLD1,QLD1,20,12441.6850,,A202506
D,RESIDUE_PRICE_BID,,1,C2028Q1T02,NSW1-QLD1,QLD1,1,12433.19,,A202506
D,RESIDUE_PRICE_BID,,1,C2027Q4T03,NSW1-QLD1,QLD1,3,12400.84,,A202506
D,RESIDUE_PRICE_BID,,1,C2026Q4T07,NSW1-QLD1,QLD1,3,12380.84,,A202506
D,RESIDUE_PRICE_BID,,1,C2026Q1T10,NSW1-QLD1,QLD1,5,12333.60,,A202506
D,RESIDUE_PRICE_BID,,1,C2028Q1T02,NSW1-QLD1,QLD1,2,12255.64,,A202506
D,RESIDUE_PRICE_BID,,1,C2026Q1T10,NSW1-QLD1,QLD1,2,12255.13,,A202506
D,RESIDUE_PRICE_BID,,1,C2027Q1T06,NSW1-QLD1,QLD1,10,12219.21,,A202506
D,RESIDUE_PRICE_BID,,1,C2028Q1T02,NSW1-QLD1,QLD1,10,12219.21,,A202506
D,RESIDUE_PRICE_BID,,1,C2027Q3T04,NSW1-QLD1,QLD1,10,12200.84,,A202506
D,RESIDUE_PRICE_BID,,1,C2027Q2T05,NSW1-QLD1,QLD1,10,12200.84,,A202506
D,RESIDUE_PRICE_BID,,1,C2026Q2T09,NSW1-QLD1,QLD1,10,12200.84,,A202506
D,RESIDUE_PRICE_BID,,1,C2028Q2T01,NSW1-QLD1,QLD1,10,12200.84,,A202506
D,RESIDUE_PRICE_BID,,1,C2026Q1T10,NSW1-QLD1,QLD1,10,12164.84,,A202506
D,RESIDUE_PRICE_BID,,1,C2028Q1T02,NSW1-QLD1,QLD1,1,12154.84,,A202506
D,RESIDUE_PRICE_BID,,1,C2026Q4T07,NSW1-QLD1,QLD1,1,12100,,A202506
D,RESIDUE_PRICE_BID,,1,C2026Q4T07,NSW1-QLD1,QLD1,3,12040.84,,A202506
D,RESIDUE_PRICE_BID,,1,C2027Q4T03,NSW1-QLD1,QLD1,10,12031.80,,A202506
D,RESIDUE_PRICE_BID,,1,C2025Q3T12,NSW1-QLD1,QLD1,1,12010,,A202506
D,RESIDUE_PRICE_BID,,1,C2026Q3T08,NSW1-QLD1,QLD1,1,12010,,A202506
D,RESIDUE_PRICE_BID,,1,C2027Q3T04,NSW1-QLD1,QLD1,1,12010,,A202506
D,RESIDUE_PRICE_BID,,1,C2025Q4T11,NSW1-QLD1,QLD1,10,12003,,A202506
D,RESIDUE_PRICE_BID,,1,C2026Q4T07,NSW1-QLD1,QLD1,10,12003,,A202506
D,RESIDUE_PRICE_BID,,1,C2025Q4T11,NSW1-QLD1,QLD1,8,12003,,A202506
D,RESIDUE_PRICE_BID,,1,C2026Q4T07,NSW1-QLD1,QLD1,8,12003,,A202506
D,RESIDUE_PRICE_BID,,1,C2027Q4T03,NSW1-QLD1,QLD1,3,12000.84,,A202506
D,RESIDUE_PRICE_BID,,1,C2028Q1T02,NSW1-QLD1,QLD1,10,12000.84,,A202506
D,RESIDUE_PRICE_BID,,1,C2027Q4T03,NSW1-QLD1,QLD1,10,11995.12,,A202506
D,RESIDUE_PRICE_BID,,1,C2026Q4T07,NSW1-QLD1,QLD1,15,11995.12,,A202506
D,RESIDUE_PRICE_BID,,1,C2025Q4T11,NSW1-QLD1,QLD1,1,11954,,A202506
D,RESIDUE_PRICE_BID,,1,C2025Q4T11,NSW1-QLD1,QLD1,6,11900.84,,A202506
D,RESIDUE_PRICE_BID,,1,C2027Q1T06,NSW1-QLD1,QLD1,10,11900.84,,A202506
D,RESIDUE_PRICE_BID,,1,C2028Q1T02,NSW1-QLD1,QLD1,1,11876.48,,A202506
D,RESIDUE_PRICE_BID,,1,C2026Q3T08,NSW1-QLD1,QLD1,10,11800.84,,A202506
D,RESIDUE_PRICE_BID,,1,C2026Q4T07,NSW1-QLD1,QLD1,3,11700.84,,A202506
D,RESIDUE_PRICE_BID,,1,C2027Q4T03,NSW1-QLD1,QLD1,3,11600.84,,A202506
D,RESIDUE_PRICE_BID,,1,C2026Q4T07,NSW1-QLD1,QLD1,3,11360.84,,A202506
D,RESIDUE_PRICE_BID,,1,C2026Q4T07,NSW1-QLD1,QLD1,10,11344.20,,A202506
D,RESIDUE_PRICE_BID,,1,C2027Q1T06,NSW1-QLD1,QLD1,2,11255.64,,A202506
D,RESIDUE_PRICE_BID,,1,C2027Q4T03,NSW1-QLD1,QLD1,3,11200.84,,A202506
D,RESIDUE_PRICE_BID,,1,C2026Q4T07,NSW1-QLD1,QLD1,3,11020.84,,A202506
D,RESIDUE_PRICE_BID,,1,C2028Q1T02,NSW1-QLD1,QLD1,10,11000.84,,A202506
D,RESIDUE_PRICE_BID,,1,C2025Q4T11,NSW1-QLD1,QLD1,20,11000.08,,A202506
D,RESIDUE_PRICE_BID,,1,C2027Q1T06,NSW1-QLD1,QLD1,20,10962,,A202506
D,RESIDUE_PRICE_BID,,1,C2025Q4T11,NSW1-QLD1,QLD1,6,10950.84,,A202506
D,RESIDUE_PRICE_BID,,1,C2027Q1T06,NSW1-QLD1,QLD1,10,10950.84,,A202506
D,RESIDUE_PRICE_BID,,1,C2028Q1T02,NSW1-QLD1,QLD1,21,10937.66,,A202506
D,RESIDUE_PRICE_BID,,1,C2027Q4T03,NSW1-QLD1,QLD1,3,10800.84,,A202506
D,RESIDUE_PRICE_BID,,1,C2026Q1T10,NSW1-QLD1,QLD1,5,10800,,A202506
D,RESIDUE_PRICE_BID,,1,C2026Q1T10,NSW1-QLD1,QLD1,10,10776.84,,A202506
D,RESIDUE_PRICE_BID,,1,C2026Q4T07,NSW1-QLD1,QLD1,3,10680.84,,A202506
D,RESIDUE_PRICE_BID,,1,C2026Q2T09,NSW1-QLD1,QLD1,15,10483.20,,A202506
D,RESIDUE_PRICE_BID,,1,C2027Q4T03,NSW1-QLD1,QLD1,3,10400.84,,A202506
D,RESIDUE_PRICE_BID,,1,C2025Q3T12,NSW1-QLD1,QLD1,10,10350.65,,A202506
D,RESIDUE_PRICE_BID,,1,C2026Q4T07,NSW1-QLD1,QLD1,3,10340.84,,A202506
D,RESIDUE_PRICE_BID,,1,C2028Q1T02,NSW1-QLD1,QLD1,2,10255.64,,A202506
D,RESIDUE_PRICE_BID,,1,C2026Q3T08,NSW1-QLD1,QLD1,10,10200,,A202506
D,RESIDUE_PRICE_BID,,1,C2027Q3T04,NSW1-QLD1,QLD1,10,10131.56,,A202506
D,RESIDUE_PRICE_BID,,1,C2028Q2T01,NSW1-QLD1,QLD1,10,10104.15,,A202506
D,RESIDUE_PRICE_BID,,1,C2027Q2T05,NSW1-QLD1,QLD1,10,10104.15,,A202506
D,RESIDUE_PRICE_BID,,1,C2028Q2T01,NSW1-QLD1,QLD1,10,10100.84,,A202506
D,RESIDUE_PRICE_BID,,1,C2027Q2T05,NSW1-QLD1,QLD1,10,10100.84,,A202506
D,RESIDUE_PRICE_BID,,1,C2026Q2T09,NSW1-QLD1,QLD1,10,10100.84,,A202506
D,RESIDUE_PRICE_BID,,1,C2027Q3T04,NSW1-QLD1,QLD1,10,10100.84,,A202506
D,RESIDUE_PRICE_BID,,1,C2027Q4T03,NSW1-QLD1,QLD1,21,10026.50,,A202506
D,RESIDUE_PRICE_BID,,1,C2027Q1T06,NSW1-QLD1,QLD1,1,10008.333010,,A202506
D,RESIDUE_PRICE_BID,,1,C2026Q1T10,NSW1-QLD1,QLD1,1,10008.333010,,A202506
D,RESIDUE_PRICE_BID,,1,C2027Q2T05,NSW1-QLD1,QLD1,1,10008.333010,,A202506
D,RESIDUE_PRICE_BID,,1,C2027Q4T03,NSW1-QLD1,QLD1,1,10008.333010,,A202506
D,RESIDUE_PRICE_BID,,1,C2028Q1T02,NSW1-QLD1,QLD1,1,10008.333010,,A202506
D,RESIDUE_PRICE_BID,,1,C2025Q4T11,NSW1-QLD1,QLD1,1,10008.333010,,A202506
D,RESIDUE_PRICE_BID,,1,C2026Q2T09,NSW1-QLD1,QLD1,1,10008.333010,,A202506
D,RESIDUE_PRICE_BID,,1,C2026Q4T07,NSW1-QLD1,QLD1,1,10008.333010,,A202506
D,RESIDUE_PRICE_BID,,1,C2026Q2T09,NSW1-QLD1,QLD1,10,10003,,A202506
D,RESIDUE_PRICE_BID,,1,C2028Q1T02,NSW1-QLD1,QLD1,10,10003,,A202506
D,RESIDUE_PRICE_BID,,1,C2027Q2T05,NSW1-QLD1,QLD1,10,10003,,A202506
D,RESIDUE_PRICE_BID,,1,C2027Q3T04,NSW1-QLD1,QLD1,8,10003,,A202506
D,RESIDUE_PRICE_BID,,1,C2027Q3T04,NSW1-QLD1,QLD1,10,10003,,A202506
D,RESIDUE_PRICE_BID,,1,C2025Q3T12,NSW1-QLD1,QLD1,8,10003,,A202506
D,RESIDUE_PRICE_BID,,1,C2025Q3T12,NSW1-QLD1,QLD1,10,10003,,A202506
D,RESIDUE_PRICE_BID,,1,C2026Q2T09,NSW1-QLD1,QLD1,8,10003,,A202506
D,RESIDUE_PRICE_BID,,1,C2027Q2T05,NSW1-QLD1,QLD1,8,10003,,A202506
D,RESIDUE_PRICE_BID,,1,C2026Q3T08,NSW1-QLD1,QLD1,8,10003,,A202506
D,RESIDUE_PRICE_BID,,1,C2026Q3T08,NSW1-QLD1,QLD1,10,10003,,A202506
D,RESIDUE_PRICE_BID,,1,C2028Q2T01,NSW1-QLD1,QLD1,10,10003,,A202506
D,RESIDUE_PRICE_BID,,1,C2028Q2T01,NSW1-QLD1,QLD1,8,10003,,A202506
D,RESIDUE_PRICE_BID,,1,C2027Q4T03,NSW1-QLD1,QLD1,3,10000.84,,A202506
D,RESIDUE_PRICE_BID,,1,C2026Q3T08,NSW1-QLD1,QLD1,5,10000,,A202506
D,RESIDUE_PRICE_BID,,1,C2026Q4T07,NSW1-QLD1,QLD1,5,10000,,A202506
D,RESIDUE_PRICE_BID,,1,C2026Q2T09,NSW1-QLD1,QLD1,5,10000,,A202506
D,RESIDUE_PRICE_BID,,1,C2025Q3T12,NSW1-QLD1,QLD1,5,10000,,A202506
D,RESIDUE_PRICE_BID,,1,C2027Q1T06,NSW1-QLD1,QLD1,5,10000,,A202506
D,RESIDUE_PRICE_BID,,1,C2026Q2T09,NSW1-QLD1,QLD1,5,10000,,A202506
D,RESIDUE_PRICE_BID,,1,C2025Q4T11,NSW1-QLD1,QLD1,5,10000,,A202506
D,RESIDUE_PRICE_BID,,1,C2026Q1T10,NSW1-QLD1,QLD1,5,10000,,A202506
D,RESIDUE_PRICE_BID,,1,C2026Q1T10,NSW1-QLD1,QLD1,5,10000,,A202506
D,RESIDUE_PRICE_BID,,1,C2026Q3T08,NSW1-QLD1,QLD1,5,10000,,A202506
D,RESIDUE_PRICE_BID,,1,C2025Q4T11,NSW1-QLD1,QLD1,5,10000,,A202506
D,RESIDUE_PRICE_BID,,1,C2025Q3T12,NSW1-QLD1,QLD1,10,10000,,A202506
D,RESIDUE_PRICE_BID,,1,C2026Q1T10,NSW1-QLD1,QLD1,5,9953.35,,A202506
D,RESIDUE_PRICE_BID,,1,C2026Q3T08,NSW1-QLD1,QLD1,10,9900.84,,A202506
D,RESIDUE_PRICE_BID,,1,C2027Q4T03,NSW1-QLD1,QLD1,3,9600.84,,A202506
D,RESIDUE_PRICE_BID,,1,C2026Q4T07,NSW1-QLD1,QLD1,20,9453.50,,A202506
D,RESIDUE_PRICE_BID,,1,C2026Q1T10,NSW1-QLD1,QLD1,10,9388.84,,A202506
D,RESIDUE_PRICE_BID,,1,C2027Q4T03,NSW1-QLD1,QLD1,3,9200.84,,A202506
D,RESIDUE_PRICE_BID,,1,C2027Q4T03,NSW1-QLD1,QLD1,3,8800.84,,A202506
D,RESIDUE_PRICE_BID,,1,C2025Q4T11,NSW1-QLD1,QLD1,5,8800.06,,A202506
D,RESIDUE_PRICE_BID,,1,C2027Q1T06,NSW1-QLD1,QLD1,5,8769.60,,A202506
D,RESIDUE_PRICE_BID,,1,C2028Q1T02,NSW1-QLD1,QLD1,10,8750.129990,,A202506
D,RESIDUE_PRICE_BID,,1,C2027Q4T03,NSW1-QLD1,QLD1,3,8400.84,,A202506
D,RESIDUE_PRICE_BID,,1,C2027Q4T03,NSW1-QLD1,QLD1,10,8021.20,,A202506
D,RESIDUE_PRICE_BID,,1,C2027Q4T03,NSW1-QLD1,QLD1,10,8003,,A202506
D,RESIDUE_PRICE_BID,,1,C2025Q4T11,NSW1-QLD1,QLD1,8,8003,,A202506
D,RESIDUE_PRICE_BID,,1,C2026Q4T07,NSW1-QLD1,QLD1,8,8003,,A202506
D,RESIDUE_PRICE_BID,,1,C2026Q4T07,NSW1-QLD1,QLD1,10,8003,,A202506
D,RESIDUE_PRICE_BID,,1,C2027Q4T03,NSW1-QLD1,QLD1,8,8003,,A202506
D,RESIDUE_PRICE_BID,,1,C2025Q4T11,NSW1-QLD1,QLD1,10,8003,,A202506
D,RESIDUE_PRICE_BID,,1,C2026Q2T09,NSW1-QLD1,QLD1,55,7829.64,,A202506
D,RESIDUE_PRICE_BID,,1,C2026Q3T08,NSW1-QLD1,QLD1,45,7634.16,,A202506
D,RESIDUE_PRICE_BID,,1,C2026Q4T07,NSW1-QLD1,QLD1,5,7562.80,,A202506
D,RESIDUE_PRICE_BID,,1,C2025Q4T11,NSW1-QLD1,QLD1,5,7500,,A202506
D,RESIDUE_PRICE_BID,,1,C2026Q1T10,NSW1-QLD1,QLD1,30,7465.0110,,A202506
D,RESIDUE_PRICE_BID,,1,C2026Q1T10,NSW1-QLD1,QLD1,10,7465.01,,A202506
D,RESIDUE_PRICE_BID,,1,C2026Q2T09,NSW1-QLD1,QLD1,15,6988.80,,A202506
D,RESIDUE_PRICE_BID,,1,C2026Q2T09,NSW1-QLD1,QLD1,20,6988.80,,A202506
D,RESIDUE_PRICE_BID,,1,C2025Q3T12,NSW1-QLD1,QLD1,10,6900.43,,A202506
D,RESIDUE_PRICE_BID,,1,C2025Q3T12,NSW1-QLD1,QLD1,20,6900.4280,,A202506
D,RESIDUE_PRICE_BID,,1,C2025Q3T12,NSW1-QLD1,QLD1,40,6888.96,,A202506
D,RESIDUE_PRICE_BID,,1,C2026Q3T08,NSW1-QLD1,QLD1,20,6800,,A202506
D,RESIDUE_PRICE_BID,,1,C2026Q3T08,NSW1-QLD1,QLD1,10,6800,,A202506
D,RESIDUE_PRICE_BID,,1,C2027Q3T04,NSW1-QLD1,QLD1,45,6784.08,,A202506
D,RESIDUE_PRICE_BID,,1,C2027Q3T04,NSW1-QLD1,QLD1,21,6754.37,,A202506
D,RESIDUE_PRICE_BID,,1,C2027Q3T04,NSW1-QLD1,QLD1,10,6754.37,,A202506
D,RESIDUE_PRICE_BID,,1,C2028Q2T01,NSW1-QLD1,QLD1,13,6736.10,,A202506
D,RESIDUE_PRICE_BID,,1,C2027Q2T05,NSW1-QLD1,QLD1,20,6736.10,,A202506
D,RESIDUE_PRICE_BID,,1,C2027Q2T05,NSW1-QLD1,QLD1,10,6736.10,,A202506
D,RESIDUE_PRICE_BID,,1,C2026Q1T10,NSW1-QLD1,QLD1,1,6672.222160,,A202506
D,RESIDUE_PRICE_BID,,1,C2027Q1T06,NSW1-QLD1,QLD1,1,6672.222160,,A202506
D,RESIDUE_PRICE_BID,,1,C2028Q1T02,NSW1-QLD1,QLD1,1,6672.222160,,A202506
D,RESIDUE_PRICE_BID,,1,C2027Q4T03,NSW1-QLD1,QLD1,1,6672.222160,,A202506
D,RESIDUE_PRICE_BID,,1,C2027Q2T05,NSW1-QLD1,QLD1,1,6672.222160,,A202506
D,RESIDUE_PRICE_BID,,1,C2026Q2T09,NSW1-QLD1,QLD1,1,6672.222160,,A202506
D,RESIDUE_PRICE_BID,,1,C2026Q4T07,NSW1-QLD1,QLD1,1,6672.222160,,A202506
D,RESIDUE_PRICE_BID,,1,C2025Q4T11,NSW1-QLD1,QLD1,1,6672.222160,,A202506
D,RESIDUE_PRICE_BID,,1,C2025Q4T11,NSW1-QLD1,QLD1,10,6600.05,,A202506
D,RESIDUE_PRICE_BID,,1,C2025Q4T11,NSW1-QLD1,QLD1,30,6600.0480,,A202506
D,RESIDUE_PRICE_BID,,1,C2028Q2T01,NSW1-QLD1,QLD1,21,6600,,A202506
D,RESIDUE_PRICE_BID,,1,C2027Q1T06,NSW1-QLD1,QLD1,30,6577.20,,A202506
D,RESIDUE_PRICE_BID,,1,C2027Q1T06,NSW1-QLD1,QLD1,10,6577.20,,A202506
D,RESIDUE_PRICE_BID,,1,C2028Q1T02,NSW1-QLD1,QLD1,10,6562.60,,A202506
D,RESIDUE_PRICE_BID,,1,C2028Q1T02,NSW1-QLD1,QLD1,32,6562.5960,,A202506
D,RESIDUE_PRICE_BID,,1,C2028Q2T01,NSW1-QLD1,QLD1,45,6552,,A202506
D,RESIDUE_PRICE_BID,,1,C2027Q2T05,NSW1-QLD1,QLD1,45,6486.48,,A202506
D,RESIDUE_PRICE_BID,,1,C2027Q4T03,NSW1-QLD1,QLD1,10,6015.90,,A202506
D,RESIDUE_PRICE_BID,,1,C2027Q4T03,NSW1-QLD1,QLD1,32,6015.90,,A202506
D,RESIDUE_PRICE_BID,,1,C2026Q4T07,NSW1-QLD1,QLD1,30,5672.10,,A202506
D,RESIDUE_PRICE_BID,,1,C2026Q4T07,NSW1-QLD1,QLD1,10,5672.10,,A202506
D,RESIDUE_PRICE_BID,,1,C2026Q1T10,NSW1-QLD1,QLD1,60,5400,,A202506
D,RESIDUE_PRICE_BID,,1,C2026Q2T09,NSW1-QLD1,QLD1,1,5004.1665,,A202506
D,RESIDUE_PRICE_BID,,1,C2028Q1T02,NSW1-QLD1,QLD1,1,5004.1665,,A202506
D,RESIDUE_PRICE_BID,,1,C2027Q4T03,NSW1-QLD1,QLD1,1,5004.1665,,A202506
D,RESIDUE_PRICE_BID,,1,C2027Q1T06,NSW1-QLD1,QLD1,1,5004.1665,,A202506
D,RESIDUE_PRICE_BID,,1,C2025Q4T11,NSW1-QLD1,QLD1,1,5004.1665,,A202506
D,RESIDUE_PRICE_BID,,1,C2026Q4T07,NSW1-QLD1,QLD1,1,5004.1665,,A202506
D,RESIDUE_PRICE_BID,,1,C2026Q1T10,NSW1-QLD1,QLD1,1,5004.1665,,A202506
D,RESIDUE_PRICE_BID,,1,C2027Q2T05,NSW1-QLD1,QLD1,1,5004.1665,,A202506
D,RESIDUE_PRICE_BID,,1,C2028Q2T01,NSW1-QLD1,QLD1,10,5003,,A202506
D,RESIDUE_PRICE_BID,,1,C2027Q2T05,NSW1-QLD1,QLD1,10,5003,,A202506
D,RESIDUE_PRICE_BID,,1,C2028Q2T01,NSW1-QLD1,QLD1,8,5003,,A202506
D,RESIDUE_PRICE_BID,,1,C2025Q3T12,NSW1-QLD1,QLD1,10,5003,,A202506
D,RESIDUE_PRICE_BID,,1,C2027Q2T05,NSW1-QLD1,QLD1,8,5003,,A202506
D,RESIDUE_PRICE_BID,,1,C2026Q2T09,NSW1-QLD1,QLD1,8,5003,,A202506
D,RESIDUE_PRICE_BID,,1,C2026Q2T09,NSW1-QLD1,QLD1,10,5003,,A202506
D,RESIDUE_PRICE_BID,,1,C2026Q3T08,NSW1-QLD1,QLD1,10,5003,,A202506
D,RESIDUE_PRICE_BID,,1,C2026Q3T08,NSW1-QLD1,QLD1,8,5003,,A202506
D,RESIDUE_PRICE_BID,,1,C2027Q3T04,NSW1-QLD1,QLD1,10,5003,,A202506
D,RESIDUE_PRICE_BID,,1,C2025Q3T12,NSW1-QLD1,QLD1,8,5003,,A202506
D,RESIDUE_PRICE_BID,,1,C2027Q3T04,NSW1-QLD1,QLD1,8,5003,,A202506
D,RESIDUE_PRICE_BID,,1,C2025Q3T12,NSW1-QLD1,QLD1,15,5000,,A202506
D,RESIDUE_PRICE_BID,,1,C2025Q4T11,NSW1-QLD1,QLD1,5,5000,,A202506
D,RESIDUE_PRICE_BID,,1,C2027Q1T06,NSW1-QLD1,QLD1,45,4995,,A202506
D,RESIDUE_PRICE_BID,,1,C2026Q1T10,NSW1-QLD1,QLD1,10,4976.67,,A202506
D,RESIDUE_PRICE_BID,,1,C2025Q4T11,NSW1-QLD1,QLD1,62,4736.16,,A202506
D,RESIDUE_PRICE_BID,,1,C2025Q4T11,NSW1-QLD1,QLD1,10,4400.03,,A202506
D,RESIDUE_PRICE_BID,,1,C2027Q1T06,NSW1-QLD1,QLD1,10,4384.80,,A202506
D,RESIDUE_PRICE_BID,,1,C2028Q1T02,NSW1-QLD1,QLD1,13,4375.06,,A202506
D,RESIDUE_PRICE_BID,,1,C2027Q4T03,NSW1-QLD1,QLD1,45,4278,,A202506
D,RESIDUE_PRICE_BID,,1,C2027Q4T03,NSW1-QLD1,QLD1,13,4010.60,,A202506
D,RESIDUE_PRICE_BID,,1,C2027Q4T03,NSW1-QLD1,QLD1,1,4003.333250,,A202506
D,RESIDUE_PRICE_BID,,1,C2028Q1T02,NSW1-QLD1,QLD1,1,4003.333250,,A202506
D,RESIDUE_PRICE_BID,,1,C2026Q2T09,NSW1-QLD1,QLD1,1,4003.333250,,A202506
D,RESIDUE_PRICE_BID,,1,C2025Q4T11,NSW1-QLD1,QLD1,1,4003.333250,,A202506
D,RESIDUE_PRICE_BID,,1,C2027Q1T06,NSW1-QLD1,QLD1,1,4003.333250,,A202506
D,RESIDUE_PRICE_BID,,1,C2026Q1T10,NSW1-QLD1,QLD1,1,4003.333250,,A202506
D,RESIDUE_PRICE_BID,,1,C2026Q4T07,NSW1-QLD1,QLD1,1,4003.333250,,A202506
D,RESIDUE_PRICE_BID,,1,C2027Q2T05,NSW1-QLD1,QLD1,1,4003.333250,,A202506
D,RESIDUE_PRICE_BID,,1,C2027Q4T03,NSW1-QLD1,QLD1,8,4003,,A202506
D,RESIDUE_PRICE_BID,,1,C2025Q4T11,NSW1-QLD1,QLD1,8,4003,,A202506
D,RESIDUE_PRICE_BID,,1,C2025Q4T11,NSW1-QLD1,QLD1,10,4003,,A202506
D,RESIDUE_PRICE_BID,,1,C2026Q4T07,NSW1-QLD1,QLD1,8,4003,,A202506
D,RESIDUE_PRICE_BID,,1,C2026Q4T07,NSW1-QLD1,QLD1,10,4003,,A202506
D,RESIDUE_PRICE_BID,,1,C2027Q4T03,NSW1-QLD1,QLD1,10,4003,,A202506
D,RESIDUE_PRICE_BID,,1,C2026Q4T07,NSW1-QLD1,QLD1,45,3897.12,,A202506
D,RESIDUE_PRICE_BID,,1,C2026Q4T07,NSW1-QLD1,QLD1,10,3781.40,,A202506
D,RESIDUE_PRICE_BID,,1,C2026Q2T09,NSW1-QLD1,QLD1,35,3494.40,,A202506
D,RESIDUE_PRICE_BID,,1,C2025Q3T12,NSW1-QLD1,QLD1,35,3450.2140,,A202506
D,RESIDUE_PRICE_BID,,1,C2028Q1T02,NSW1-QLD1,QLD1,45,3417.96,,A202506
D,RESIDUE_PRICE_BID,,1,C2026Q3T08,NSW1-QLD1,QLD1,35,3400,,A202506
D,RESIDUE_PRICE_BID,,1,C2027Q3T04,NSW1-QLD1,QLD1,37,3377.1850,,A202506
D,RESIDUE_PRICE_BID,,1,C2027Q2T05,NSW1-QLD1,QLD1,35,3368.05,,A202506
D,RESIDUE_PRICE_BID,,1,C2028Q2T01,NSW1-QLD1,QLD1,37,3300,,A202506
D,RESIDUE_PRICE_BID,,1,C2026Q2T09,NSW1-QLD1,QLD1,10,1957.41,,A202506
D,RESIDUE_PRICE_BID,,1,C2026Q3T08,NSW1-QLD1,QLD1,10,1908.54,,A202506
D,RESIDUE_PRICE_BID,,1,C2025Q3T12,NSW1-QLD1,QLD1,10,1722.24,,A202506
D,RESIDUE_PRICE_BID,,1,C2027Q3T04,NSW1-QLD1,QLD1,10,1696.02,,A202506
D,RESIDUE_PRICE_BID,,1,C2028Q2T01,NSW1-QLD1,QLD1,10,1638,,A202506
D,RESIDUE_PRICE_BID,,1,C2027Q2T05,NSW1-QLD1,QLD1,10,1621.62,,A202506
D,RESIDUE_PRICE_BID,,1,C2025Q3T12,NSW1-QLD1,QLD1,25,1500,,A202506
D,RESIDUE_PRICE_BID,,1,C2026Q1T10,NSW1-QLD1,QLD1,10,1350,,A202506
D,RESIDUE_PRICE_BID,,1,C2027Q1T06,NSW1-QLD1,QLD1,10,1248.75,,A202506
D,RESIDUE_PRICE_BID,,1,C2025Q4T11,NSW1-QLD1,QLD1,10,1184.04,,A202506
D,RESIDUE_PRICE_BID,,1,C2027Q4T03,NSW1-QLD1,QLD1,10,1069.50,,A202506
D,RESIDUE_PRICE_BID,,1,C2026Q4T07,NSW1-QLD1,QLD1,10,974.28,,A202506
D,RESIDUE_PRICE_BID,,1,C2028Q1T02,NSW1-QLD1,QLD1,10,854.49,,A202506
D,RESIDUE_PRICE_BID,,1,C2025Q3T12,NSW1-QLD1,QLD1,1,5.52,,A202506
D,RESIDUE_PRICE_BID,,1,C2025Q3T12,NSW1-QLD1,QLD1,1,4.42,,A202506
D,RESIDUE_PRICE_BID,,1,C2025Q4T11,NSW1-QLD1,QLD1,1,4.42,,A202506
D,RESIDUE_PRICE_BID,,1,C2026Q4T07,NSW1-QLD1,QLD1,1,3.31,,A202506
D,RESIDUE_PRICE_BID,,1,C2025Q4T11,NSW1-QLD1,QLD1,1,3.31,,A202506
D,RESIDUE_PRICE_BID,,1,C2025Q3T12,NSW1-QLD1,QLD1,1,3.31,,A202506
D,RESIDUE_PRICE_BID,,1,C2027Q1T06,NSW1-QLD1,QLD1,1,3.24,,A202506
D,RESIDUE_PRICE_BID,,1,C2025Q4T11,NSW1-QLD1,QLD1,1,2.21,,A202506
D,RESIDUE_PRICE_BID,,1,C2025Q3T12,NSW1-QLD1,QLD1,1,2.21,,A202506
D,RESIDUE_PRICE_BID,,1,C2027Q4T03,NSW1-QLD1,QLD1,1,2.21,,A202506
D,RESIDUE_PRICE_BID,,1,C2026Q4T07,NSW1-QLD1,QLD1,1,2.21,,A202506
D,RESIDUE_PRICE_BID,,1,C2028Q1T02,NSW1-QLD1,QLD1,1,2.18,,A202506
D,RESIDUE_PRICE_BID,,1,C2026Q1T10,NSW1-QLD1,QLD1,1,2.16,,A202506
D,RESIDUE_PRICE_BID,,1,C2027Q1T06,NSW1-QLD1,QLD1,1,2.16,,A202506
D,RESIDUE_PRICE_BID,,1,C2025Q3T12,NSW1-QLD1,QLD1,1,1.10,,A202506
D,RESIDUE_PRICE_BID,,1,C2027Q3T04,NSW1-QLD1,QLD1,1,1.10,,A202506
D,RESIDUE_PRICE_BID,,1,C2026Q4T07,NSW1-QLD1,QLD1,1,1.10,,A202506
D,RESIDUE_PRICE_BID,,1,C2025Q4T11,NSW1-QLD1,QLD1,1,1.10,,A202506
D,RESIDUE_PRICE_BID,,1,C2027Q4T03,NSW1-QLD1,QLD1,1,1.10,,A202506
D,RESIDUE_PRICE_BID,,1,C2028Q1T02,NSW1-QLD1,QLD1,1,1.09,,A202506
D,RESIDUE_PRICE_BID,,1,C2027Q1T06,NSW1-QLD1,QLD1,1,1.08,,A202506
D,RESIDUE_PRICE_BID,,1,C2026Q1T10,NSW1-QLD1,QLD1,1,1.08,,A202506
D,RESIDUE_PRICE_BID,,1,C2026Q3T08,NSW1-QLD1,QLD1,1,0.01,,A202506
D,RESIDUE_PRICE_BID,,1,C2027Q2T05,NSW1-QLD1,QLD1,1,0.01,,A202506
D,RESIDUE_PRICE_BID,,1,C2027Q3T04,NSW1-QLD1,QLD1,1,0.01,,A202506
D,RESIDUE_PRICE_BID,,1,C2025Q4T11,NSW1-QLD1,QLD1,1,0.01,,A202506
D,RESIDUE_PRICE_BID,,1,C2025Q3T12,NSW1-QLD1,QLD1,1,0.01,,A202506
D,RESIDUE_PRICE_BID,,1,C2027Q4T03,NSW1-QLD1,QLD1,1,0.01,,A202506
D,RESIDUE_PRICE_BID,,1,C2026Q2T09,NSW1-QLD1,QLD1,1,0.01,,A202506
D,RESIDUE_PRICE_BID,,1,C2026Q2T09,NSW1-QLD1,QLD1,1,0.01,,A202506
D,RESIDUE_PRICE_BID,,1,C2027Q2T05,NSW1-QLD1,QLD1,1,0.01,,A202506
D,RESIDUE_PRICE_BID,,1,C2028Q1T02,NSW1-QLD1,QLD1,1,0.01,,A202506
D,RESIDUE_PRICE_BID,,1,C2026Q1T10,NSW1-QLD1,QLD1,1,0.01,,A202506
D,RESIDUE_PRICE_BID,,1,C2027Q3T04,NSW1-QLD1,QLD1,1,0.01,,A202506
D,RESIDUE_PRICE_BID,,1,C2025Q4T11,NSW1-QLD1,QLD1,1,0.01,,A202506
D,RESIDUE_PRICE_BID,,1,C2027Q4T03,NSW1-QLD1,QLD1,1,0.01,,A202506
D,RESIDUE_PRICE_BID,,1,C2027Q4T03,NSW1-QLD1,QLD1,1,0.01,,A202506
D,RESIDUE_PRICE_BID,,1,C2028Q2T01,NSW1-QLD1,QLD1,1,0.01,,A202506
D,RESIDUE_PRICE_BID,,1,C2026Q2T09,NSW1-QLD1,QLD1,1,0.01,,A202506
D,RESIDUE_PRICE_BID,,1,C2027Q1T06,NSW1-QLD1,QLD1,1,0.01,,A202506
D,RESIDUE_PRICE_BID,,1,C2027Q1T06,NSW1-QLD1,QLD1,1,0.01,,A202506
D,RESIDUE_PRICE_BID,,1,C2026Q4T07,NSW1-QLD1,QLD1,1,0.01,,A202506
D,RESIDUE_PRICE_BID,,1,C2026Q4T07,NSW1-QLD1,QLD1,1,0.01,,A202506
D,RESIDUE_PRICE_BID,,1,C2027Q1T06,NSW1-QLD1,QLD1,1,0.01,,A202506
D,RESIDUE_PRICE_BID,,1,C2027Q1T06,NSW1-QLD1,QLD1,1,0.01,,A202506
D,RESIDUE_PRICE_BID,,1,C2027Q3T04,NSW1-QLD1,QLD1,1,0.01,,A202506
D,RESIDUE_PRICE_BID,,1,C2027Q4T03,NSW1-QLD1,QLD1,1,0.01,,A202506
D,RESIDUE_PRICE_BID,,1,C2026Q4T07,NSW1-QLD1,QLD1,1,0.01,,A202506
D,RESIDUE_PRICE_BID,,1,C2026Q1T10,NSW1-QLD1,QLD1,1,0.01,,A202506
D,RESIDUE_PRICE_BID,,1,C2028Q2T01,NSW1-QLD1,QLD1,1,0.01,,A202506
D,RESIDUE_PRICE_BID,,1,C2028Q2T01,NSW1-QLD1,QLD1,1,0.01,,A202506
D,RESIDUE_PRICE_BID,,1,C2026Q1T10,NSW1-QLD1,QLD1,1,0.01,,A202506
D,RESIDUE_PRICE_BID,,1,C2028Q1T02,NSW1-QLD1,QLD1,1,0.01,,A202506
D,RESIDUE_PRICE_BID,,1,C2027Q4T03,NSW1-QLD1,QLD1,1,0.01,,A202506
D,RESIDUE_PRICE_BID,,1,C2026Q1T10,NSW1-QLD1,QLD1,1,0.01,,A202506
D,RESIDUE_PRICE_BID,,1,C2028Q2T01,NSW1-QLD1,QLD1,1,0.01,,A202506
D,RESIDUE_PRICE_BID,,1,C2027Q3T04,NSW1-QLD1,QLD1,1,0.01,,A202506
D,RESIDUE_PRICE_BID,,1,C2027Q4T03,NSW1-QLD1,QLD1,1,0.01,,A202506
D,RESIDUE_PRICE_BID,,1,C2028Q1T02,NSW1-QLD1,QLD1,1,0.01,,A202506
D,RESIDUE_PRICE_BID,,1,C2027Q1T06,NSW1-QLD1,QLD1,1,0.01,,A202506
D,RESIDUE_PRICE_BID,,1,C2026Q4T07,NSW1-QLD1,QLD1,1,0.01,,A202506
D,RESIDUE_PRICE_BID,,1,C2028Q2T01,NSW1-QLD1,QLD1,1,0.01,,A202506
D,RESIDUE_PRICE_BID,,1,C2028Q1T02,NSW1-QLD1,QLD1,1,0.01,,A202506
D,RESIDUE_PRICE_BID,,1,C2026Q3T08,NSW1-QLD1,QLD1,1,0.01,,A202506
D,RESIDUE_PRICE_BID,,1,C2025Q4T11,NSW1-QLD1,QLD1,1,0.01,,A202506
D,RESIDUE_PRICE_BID,,1,C2026Q2T09,NSW1-QLD1,QLD1,1,0.01,,A202506
D,RESIDUE_PRICE_BID,,1,C2028Q2T01,NSW1-QLD1,QLD1,1,0.01,,A202506
D,RESIDUE_PRICE_BID,,1,C2025Q3T12,NSW1-QLD1,QLD1,1,0.01,,A202506
D,RESIDUE_PRICE_BID,,1,C2026Q4T07,NSW1-QLD1,QLD1,1,0.01,,A202506
D,RESIDUE_PRICE_BID,,1,C2027Q4T03,NSW1-QLD1,QLD1,1,0.01,,A202506
D,RESIDUE_PRICE_BID,,1,C2026Q2T09,NSW1-QLD1,QLD1,1,0.01,,A202506
D,RESIDUE_PRICE_BID,,1,C2026Q3T08,NSW1-QLD1,QLD1,1,0.01,,A202506
D,RESIDUE_PRICE_BID,,1,C2026Q3T08,NSW1-QLD1,QLD1,1,0.01,,A202506
D,RESIDUE_PRICE_BID,,1,C2026Q1T10,NSW1-QLD1,QLD1,1,0.01,,A202506
D,RESIDUE_PRICE_BID,,1,C2025Q4T11,NSW1-QLD1,QLD1,1,0.01,,A202506
D,RESIDUE_PRICE_BID,,1,C2025Q4T11,NSW1-QLD1,QLD1,1,0.01,,A202506
D,RESIDUE_PRICE_BID,,1,C2027Q2T05,NSW1-QLD1,QLD1,1,0.01,,A202506
D,RESIDUE_PRICE_BID,,1,C2026Q3T08,NSW1-QLD1,QLD1,1,0.01,,A202506
D,RESIDUE_PRICE_BID,,1,C2028Q2T01,NSW1-QLD1,QLD1,1,0.01,,A202506
D,RESIDUE_PRICE_BID,,1,C2025Q4T11,NSW1-QLD1,QLD1,1,0.01,,A202506
D,RESIDUE_PRICE_BID,,1,C2028Q2T01,NSW1-QLD1,QLD1,1,0.01,,A202506
D,RESIDUE_PRICE_BID,,1,C2025Q4T11,NSW1-QLD1,QLD1,1,0.01,,A202506
D,RESIDUE_PRICE_BID,,1,C2027Q4T03,NSW1-QLD1,QLD1,1,0.01,,A202506
D,RESIDUE_PRICE_BID,,1,C2026Q3T08,NSW1-QLD1,QLD1,1,0.01,,A202506
D,RESIDUE_PRICE_BID,,1,C2027Q4T03,NSW1-QLD1,QLD1,1,0.01,,A202506
D,RESIDUE_PRICE_BID,,1,C2025Q3T12,NSW1-QLD1,QLD1,1,0.01,,A202506
D,RESIDUE_PRICE_BID,,1,C2025Q4T11,NSW1-QLD1,QLD1,1,0.01,,A202506
D,RESIDUE_PRICE_BID,,1,C2025Q3T12,NSW1-QLD1,QLD1,1,0.01,,A202506
D,RESIDUE_PRICE_BID,,1,C2025Q3T12,NSW1-QLD1,QLD1,1,0.01,,A202506
D,RESIDUE_PRICE_BID,,1,C2025Q4T11,NSW1-QLD1,QLD1,1,0.01,,A202506
D,RESIDUE_PRICE_BID,,1,C2027Q3T04,NSW1-QLD1,QLD1,1,0.01,,A202506
D,RESIDUE_PRICE_BID,,1,C2028Q2T01,NSW1-QLD1,QLD1,1,0.01,,A202506
D,RESIDUE_PRICE_BID,,1,C2026Q3T08,NSW1-QLD1,QLD1,1,0.01,,A202506
D,RESIDUE_PRICE_BID,,1,C2025Q3T12,NSW1-QLD1,QLD1,1,0.01,,A202506
D,RESIDUE_PRICE_BID,,1,C2026Q2T09,NSW1-QLD1,QLD1,1,0.01,,A202506
D,RESIDUE_PRICE_BID,,1,C2026Q1T10,NSW1-QLD1,QLD1,1,0.01,,A202506
D,RESIDUE_PRICE_BID,,1,C2026Q3T08,NSW1-QLD1,QLD1,1,0.01,,A202506
D,RESIDUE_PRICE_BID,,1,C2026Q4T07,NSW1-QLD1,QLD1,1,0.01,,A202506
D,RESIDUE_PRICE_BID,,1,C2026Q3T08,NSW1-QLD1,QLD1,1,0.01,,A202506
D,RESIDUE_PRICE_BID,,1,C2027Q2T05,NSW1-QLD1,QLD1,1,0.01,,A202506
D,RESIDUE_PRICE_BID,,1,C2026Q3T08,NSW1-QLD1,QLD1,1,0.01,,A202506
D,RESIDUE_PRICE_BID,,1,C2027Q2T05,NSW1-QLD1,QLD1,1,0.01,,A202506
D,RESIDUE_PRICE_BID,,1,C2027Q3T04,NSW1-QLD1,QLD1,1,0.01,,A202506
D,RESIDUE_PRICE_BID,,1,C2027Q4T03,NSW1-QLD1,QLD1,1,0.01,,A202506
D,RESIDUE_PRICE_BID,,1,C2027Q3T04,NSW1-QLD1,QLD1,1,0.01,,A202506
D,RESIDUE_PRICE_BID,,1,C2026Q4T07,NSW1-QLD1,QLD1,1,0.01,,A202506
D,RESIDUE_PRICE_BID,,1,C2027Q1T06,NSW1-QLD1,QLD1,1,0.01,,A202506
D,RESIDUE_PRICE_BID,,1,C2027Q1T06,NSW1-QLD1,QLD1,1,0.01,,A202506
D,RESIDUE_PRICE_BID,,1,C2028Q1T02,NSW1-QLD1,QLD1,1,0.01,,A202506
D,RESIDUE_PRICE_BID,,1,C2027Q4T03,NSW1-QLD1,QLD1,1,0.01,,A202506
D,RESIDUE_PRICE_BID,,1,C2026Q1T10,NSW1-QLD1,QLD1,1,0.01,,A202506
D,RESIDUE_PRICE_BID,,1,C2026Q2T09,NSW1-QLD1,QLD1,1,0.01,,A202506
D,RESIDUE_PRICE_BID,,1,C2026Q2T09,NSW1-QLD1,QLD1,1,0.01,,A202506
D,RESIDUE_PRICE_BID,,1,C2026Q2T09,NSW1-QLD1,QLD1,1,0.01,,A202506
D,RESIDUE_PRICE_BID,,1,C2028Q1T02,NSW1-QLD1,QLD1,1,0.01,,A202506
D,RESIDUE_PRICE_BID,,1,C2027Q2T05,NSW1-QLD1,QLD1,1,0.01,,A202506
D,RESIDUE_PRICE_BID,,1,C2027Q1T06,NSW1-QLD1,QLD1,1,0.01,,A202506
D,RESIDUE_PRICE_BID,,1,C2027Q1T06,NSW1-QLD1,QLD1,1,0.01,,A202506
D,RESIDUE_PRICE_BID,,1,C2026Q1T10,NSW1-QLD1,QLD1,1,0.01,,A202506
D,RESIDUE_PRICE_BID,,1,C2027Q1T06,NSW1-QLD1,QLD1,1,0.01,,A202506
D,RESIDUE_PRICE_BID,,1,C2028Q2T01,NSW1-QLD1,QLD1,1,0.01,,A202506
D,RESIDUE_PRICE_BID,,1,C2027Q2T05,NSW1-QLD1,QLD1,1,0.01,,A202506
D,RESIDUE_PRICE_BID,,1,C2028Q1T02,NSW1-QLD1,QLD1,1,0.01,,A202506
D,RESIDUE_PRICE_BID,,1,C2027Q2T05,NSW1-QLD1,QLD1,1,0.01,,A202506
D,RESIDUE_PRICE_BID,,1,C2025Q3T12,NSW1-QLD1,QLD1,1,0.01,,A202506
D,RESIDUE_PRICE_BID,,1,C2026Q4T07,NSW1-QLD1,QLD1,1,0.01,,A202506
D,RESIDUE_PRICE_BID,,1,C2027Q2T05,NSW1-QLD1,QLD1,1,0.01,,A202506
D,RESIDUE_PRICE_BID,,1,C2028Q1T02,NSW1-QLD1,QLD1,1,0.01,,A202506
D,RESIDUE_PRICE_BID,,1,C2027Q3T04,NSW1-QLD1,QLD1,1,0.01,,A202506
D,RESIDUE_PRICE_BID,,1,C2027Q2T05,NSW1-QLD1,QLD1,1,0.01,,A202506
D,RESIDUE_PRICE_BID,,1,C2025Q3T12,NSW1-QLD1,QLD1,1,0.01,,A202506
D,RESIDUE_PRICE_BID,,1,C2027Q1T06,NSW1-QLD1,QLD1,1,0.01,,A202506
D,RESIDUE_PRICE_BID,,1,C2027Q3T04,NSW1-QLD1,QLD1,1,0.01,,A202506
D,RESIDUE_PRICE_BID,,1,C2025Q3T12,NSW1-QLD1,QLD1,1,0.01,,A202506
D,RESIDUE_PRICE_BID,,1,C2025Q4T11,NSW1-QLD1,QLD1,1,0.01,,A202506
D,RESIDUE_PRICE_BID,,1,C2026Q2T09,NSW1-QLD1,QLD1,1,0.01,,A202506
D,RESIDUE_PRICE_BID,,1,C2026Q1T10,NSW1-QLD1,QLD1,1,0.01,,A202506
D,RESIDUE_PRICE_BID,,1,C2026Q4T07,NSW1-QLD1,QLD1,1,0.01,,A202506
D,RESIDUE_PRICE_BID,,1,C2028Q2T01,NSW1-QLD1,QLD1,1,0.01,,A202506
D,RESIDUE_PRICE_BID,,1,C2028Q2T01,NSW1-QLD1,QLD1,1,0.01,,A202506
D,RESIDUE_PRICE_BID,,1,C2026Q2T09,NSW1-QLD1,QLD1,1,0.01,,A202506
D,RESIDUE_PRICE_BID,,1,C2026Q2T09,NSW1-QLD1,QLD1,1,0.01,,A202506
D,RESIDUE_PRICE_BID,,1,C2025Q3T12,NSW1-QLD1,QLD1,1,0.01,,A202506
D,RESIDUE_PRICE_BID,,1,C2026Q1T10,NSW1-QLD1,QLD1,1,0.01,,A202506
D,RESIDUE_PRICE_BID,,1,C2028Q2T01,NSW1-QLD1,QLD1,1,0.01,,A202506
D,RESIDUE_PRICE_BID,,1,C2026Q2T09,NSW1-QLD1,QLD1,1,0.01,,A202506
D,RESIDUE_PRICE_BID,,1,C2026Q2T09,NSW1-QLD1,QLD1,1,0.01,,A202506
D,RESIDUE_PRICE_BID,,1,C2025Q3T12,NSW1-QLD1,QLD1,1,0.01,,A202506
D,RESIDUE_PRICE_BID,,1,C2027Q3T04,NSW1-QLD1,QLD1,1,0.01,,A202506
D,RESIDUE_PRICE_BID,,1,C2026Q1T10,NSW1-QLD1,QLD1,1,0.01,,A202506
D,RESIDUE_PRICE_BID,,1,C2026Q4T07,NSW1-QLD1,QLD1,1,0.01,,A202506
D,RESIDUE_PRICE_BID,,1,C2027Q2T05,NSW1-QLD1,QLD1,1,0.01,,A202506
D,RESIDUE_PRICE_BID,,1,C2026Q3T08,NSW1-QLD1,QLD1,1,0.01,,A202506
D,RESIDUE_PRICE_BID,,1,C2026Q4T07,NSW1-QLD1,QLD1,1,0.01,,A202506
D,RESIDUE_PRICE_BID,,1,C2027Q3T04,NSW1-QLD1,QLD1,1,0.01,,A202506
D,RESIDUE_PRICE_BID,,1,C2026Q4T07,NSW1-QLD1,QLD1,1,0.01,,A202506
D,RESIDUE_PRICE_BID,,1,C2027Q2T05,NSW1-QLD1,QLD1,1,0.01,,A202506
D,RESIDUE_PRICE_BID,,1,C2025Q3T12,NSW1-QLD1,QLD1,1,0.01,,A202506
D,RESIDUE_PRICE_BID,,1,C2028Q1T02,NSW1-QLD1,QLD1,1,0.01,,A202506
D,RESIDUE_PRICE_BID,,1,C2025Q4T11,NSW1-QLD1,QLD1,1,0.01,,A202506
D,RESIDUE_PRICE_BID,,1,C2025Q3T12,NSW1-QLD1,QLD1,1,0.01,,A202506
D,RESIDUE_PRICE_BID,,1,C2026Q1T10,NSW1-QLD1,QLD1,1,0.01,,A202506
D,RESIDUE_PRICE_BID,,1,C2028Q1T02,NSW1-QLD1,QLD1,1,0.01,,A202506
D,RESIDUE_PRICE_BID,,1,C2028Q2T01,NSW1-QLD1,QLD1,1,0.01,,A202506
D,RESIDUE_PRICE_BID,,1,C2026Q3T08,NSW1-QLD1,QLD1,1,0.01,,A202506
D,RESIDUE_PRICE_BID,,1,C2027Q3T04,NSW1-QLD1,QLD1,1,0.01,,A202506
D,RESIDUE_PRICE_BID,,1,C2027Q3T04,NSW1-QLD1,QLD1,1,0.01,,A202506
D,RESIDUE_PRICE_BID,,1,C2027Q1T06,NSW1-QLD1,QLD1,1,0.01,,A202506
D,RESIDUE_PRICE_BID,,1,C2027Q3T04,NSW1-QLD1,QLD1,1,0.01,,A202506
D,RESIDUE_PRICE_BID,,1,C2025Q4T11,NSW1-QLD1,QLD1,1,0.01,,A202506
D,RESIDUE_PRICE_BID,,1,C2028Q1T02,NSW1-QLD1,QLD1,1,0.01,,A202506
D,RESIDUE_PRICE_BID,,1,C2028Q1T02,NSW1-QLD1,QLD1,1,0.01,,A202506
D,RESIDUE_PRICE_BID,,1,C2027Q2T05,NSW1-QLD1,QLD1,1,0.01,,A202506
D,RESIDUE_PRICE_BID,,1,C2025Q3T12,NSW1-QLD1,QLD1,1,0.01,,A202506
D,RESIDUE_PRICE_BID,,1,C2026Q3T08,NSW1-QLD1,QLD1,1,0.01,,A202506
D,RESIDUE_PRICE_BID,,1,C2027Q4T03,NSW1-QLD1,QLD1,1,0.01,,A202506
D,RESIDUE_PRICE_BID,,1,C2027Q2T05,NSW1-QLD1,QLD1,1,0.01,,A202506
D,RESIDUE_PRICE_BID,,1,C2026Q3T08,NSW1-QLD1,QLD1,1,0.01,,A202506
D,RESIDUE_PRICE_BID,,1,C2027Q4T03,V-SA,SA1,1,40033.332030,,A202506
D,RESIDUE_PRICE_BID,,1,C2026Q4T07,V-SA,SA1,1,40033.332030,,A202506
D,RESIDUE_PRICE_BID,,1,C2025Q4T11,V-SA,SA1,1,40033.332030,,A202506
D,RESIDUE_PRICE_BID,,1,C2027Q1T06,V-SA,SA1,1,20016.666020,,A202506
D,RESIDUE_PRICE_BID,,1,C2026Q4T07,V-SA,SA1,1,20016.666020,,A202506
D,RESIDUE_PRICE_BID,,1,C2027Q4T03,V-SA,SA1,1,20016.666020,,A202506
D,RESIDUE_PRICE_BID,,1,C2027Q3T04,V-SA,SA1,1,20016.666020,,A202506
D,RESIDUE_PRICE_BID,,1,C2026Q1T10,V-SA,SA1,1,20016.666020,,A202506
D,RESIDUE_PRICE_BID,,1,C2027Q2T05,V-SA,SA1,1,20016.666020,,A202506
D,RESIDUE_PRICE_BID,,1,C2025Q4T11,V-SA,SA1,1,20016.666020,,A202506
D,RESIDUE_PRICE_BID,,1,C2025Q3T12,V-SA,SA1,1,20016.666020,,A202506
D,RESIDUE_PRICE_BID,,1,C2028Q1T02,V-SA,SA1,1,20016.666020,,A202506
D,RESIDUE_PRICE_BID,,1,C2026Q3T08,V-SA,SA1,1,20016.666020,,A202506
D,RESIDUE_PRICE_BID,,1,C2026Q2T09,V-SA,SA1,1,20016.666020,,A202506
D,RESIDUE_PRICE_BID,,1,C2025Q4T11,V-SA,SA1,3,14390.64,,A202506
D,RESIDUE_PRICE_BID,,1,C2026Q3T08,V-SA,SA1,3,14345.10,,A202506
D,RESIDUE_PRICE_BID,,1,C2025Q4T11,V-SA,SA1,1,13344.444340,,A202506
D,RESIDUE_PRICE_BID,,1,C2026Q4T07,V-SA,SA1,1,13344.444340,,A202506
D,RESIDUE_PRICE_BID,,1,C2027Q4T03,V-SA,SA1,1,13344.444340,,A202506
D,RESIDUE_PRICE_BID,,1,C2027Q4T03,V-SA,SA1,3,13233.92,,A202506
D,RESIDUE_PRICE_BID,,1,C2026Q4T07,V-SA,SA1,3,13206.60,,A202506
D,RESIDUE_PRICE_BID,,1,C2027Q3T04,V-SA,SA1,3,13033.55,,A202506
D,RESIDUE_PRICE_BID,,1,C2025Q3T12,V-SA,SA1,3,12523.50,,A202506
D,RESIDUE_PRICE_BID,,1,C2026Q2T09,V-SA,SA1,3,11711.70,,A202506
D,RESIDUE_PRICE_BID,,1,C2027Q2T05,V-SA,SA1,3,11711.70,,A202506
D,RESIDUE_PRICE_BID,,1,C2028Q2T01,V-SA,SA1,3,11711.70,,A202506
D,RESIDUE_PRICE_BID,,1,C2027Q4T03,V-SA,SA1,1,10008.333010,,A202506
D,RESIDUE_PRICE_BID,,1,C2026Q3T08,V-SA,SA1,1,10008.333010,,A202506
D,RESIDUE_PRICE_BID,,1,C2026Q4T07,V-SA,SA1,1,10008.333010,,A202506
D,RESIDUE_PRICE_BID,,1,C2027Q2T05,V-SA,SA1,1,10008.333010,,A202506
D,RESIDUE_PRICE_BID,,1,C2027Q3T04,V-SA,SA1,1,10008.333010,,A202506
D,RESIDUE_PRICE_BID,,1,C2026Q1T10,V-SA,SA1,1,10008.333010,,A202506
D,RESIDUE_PRICE_BID,,1,C2025Q4T11,V-SA,SA1,1,10008.333010,,A202506
D,RESIDUE_PRICE_BID,,1,C2026Q2T09,V-SA,SA1,1,10008.333010,,A202506
D,RESIDUE_PRICE_BID,,1,C2028Q1T02,V-SA,SA1,1,10008.333010,,A202506
D,RESIDUE_PRICE_BID,,1,C2027Q1T06,V-SA,SA1,1,10008.333010,,A202506
D,RESIDUE_PRICE_BID,,1,C2025Q3T12,V-SA,SA1,1,10008.333010,,A202506
D,RESIDUE_PRICE_BID,,1,C2028Q1T02,V-SA,SA1,2,9305,,A202506
D,RESIDUE_PRICE_BID,,1,C2026Q1T10,V-SA,SA1,3,9177.299990,,A202506
D,RESIDUE_PRICE_BID,,1,C2028Q1T02,V-SA,SA1,3,8576.57,,A202506
D,RESIDUE_PRICE_BID,,1,C2027Q1T06,V-SA,SA1,3,8464.50,,A202506
D,RESIDUE_PRICE_BID,,1,C2028Q1T02,V-SA,SA1,3,7754,,A202506
D,RESIDUE_PRICE_BID,,1,C2028Q2T01,V-SA,SA1,2,7655,,A202506
D,RESIDUE_PRICE_BID,,1,C2026Q3T08,V-SA,SA1,5,7555.78,,A202506
D,RESIDUE_PRICE_BID,,1,C2026Q1T10,V-SA,SA1,2,7500,,A202506
D,RESIDUE_PRICE_BID,,1,C2027Q3T04,V-SA,SA1,5,7255.78,,A202506
D,RESIDUE_PRICE_BID,,1,C2025Q3T12,V-SA,SA1,5,7155.78,,A202506
D,RESIDUE_PRICE_BID,,1,C2026Q1T10,V-SA,SA1,2,7083.33,,A202506
D,RESIDUE_PRICE_BID,,1,C2027Q4T03,V-SA,SA1,2,7006,,A202506
D,RESIDUE_PRICE_BID,,1,C2025Q4T11,V-SA,SA1,10,6955.78,,A202506
D,RESIDUE_PRICE_BID,,1,C2026Q1T10,V-SA,SA1,1,6672.222160,,A202506
D,RESIDUE_PRICE_BID,,1,C2027Q1T06,V-SA,SA1,1,6672.222160,,A202506
D,RESIDUE_PRICE_BID,,1,C2027Q2T05,V-SA,SA1,1,6672.222160,,A202506
D,RESIDUE_PRICE_BID,,1,C2025Q3T12,V-SA,SA1,1,6672.222160,,A202506
D,RESIDUE_PRICE_BID,,1,C2027Q3T04,V-SA,SA1,1,6672.222160,,A202506
D,RESIDUE_PRICE_BID,,1,C2026Q2T09,V-SA,SA1,1,6672.222160,,A202506
D,RESIDUE_PRICE_BID,,1,C2028Q1T02,V-SA,SA1,1,6672.222160,,A202506
D,RESIDUE_PRICE_BID,,1,C2026Q3T08,V-SA,SA1,1,6672.222160,,A202506
D,RESIDUE_PRICE_BID,,1,C2026Q1T10,V-SA,SA1,2,6666.67,,A202506
D,RESIDUE_PRICE_BID,,1,C2026Q2T09,V-SA,SA1,5,6661.561940,,A202506
D,RESIDUE_PRICE_BID,,1,C2027Q1T06,V-SA,SA1,5,6660,,A202506
D,RESIDUE_PRICE_BID,,1,C2026Q4T07,V-SA,SA1,10,6455.78,,A202506
D,RESIDUE_PRICE_BID,,1,C2026Q3T08,V-SA,SA1,10,6418.12,,A202506
D,RESIDUE_PRICE_BID,,1,C2025Q3T12,V-SA,SA1,10,6418.12,,A202506
D,RESIDUE_PRICE_BID,,1,C2028Q2T01,V-SA,SA1,3,6379,,A202506
D,RESIDUE_PRICE_BID,,1,C2027Q3T04,V-SA,SA1,10,6318.12,,A202506
D,RESIDUE_PRICE_BID,,1,C2025Q3T12,V-SA,SA1,7,6263,,A202506
D,RESIDUE_PRICE_BID,,1,C2025Q3T12,V-SA,SA1,10,6253,,A202506
D,RESIDUE_PRICE_BID,,1,C2025Q3T12,V-SA,SA1,8,6253,,A202506
D,RESIDUE_PRICE_BID,,1,C2026Q1T10,V-SA,SA1,15,6250,,A202506
D,RESIDUE_PRICE_BID,,1,C2026Q1T10,V-SA,SA1,4,6250,,A202506
D,RESIDUE_PRICE_BID,,1,C2028Q1T02,V-SA,SA1,2,6203,,A202506
D,RESIDUE_PRICE_BID,,1,C2025Q3T12,V-SA,SA1,5,6168.2491,,A202506
D,RESIDUE_PRICE_BID,,1,C2025Q4T11,V-SA,SA1,2,6123.60,,A202506
D,RESIDUE_PRICE_BID,,1,C2026Q4T07,V-SA,SA1,5,6123.60,,A202506
D,RESIDUE_PRICE_BID,,1,C2027Q1T06,V-SA,SA1,5,6105,,A202506
D,RESIDUE_PRICE_BID,,1,C2027Q1T06,V-SA,SA1,10,6051.77,,A202506
D,RESIDUE_PRICE_BID,,1,C2026Q1T10,V-SA,SA1,10,6051.77,,A202506
D,RESIDUE_PRICE_BID,,1,C2026Q1T10,V-SA,SA1,3,6000,,A202506
D,RESIDUE_PRICE_BID,,1,C2025Q4T11,V-SA,SA1,3,6000,,A202506
D,RESIDUE_PRICE_BID,,1,C2027Q1T06,V-SA,SA1,3,6000,,A202506
D,RESIDUE_PRICE_BID,,1,C2025Q3T12,V-SA,SA1,6,6000,,A202506
D,RESIDUE_PRICE_BID,,1,C2025Q3T12,V-SA,SA1,2,5951,,A202506
D,RESIDUE_PRICE_BID,,1,C2025Q4T11,V-SA,SA1,6,5919.48,,A202506
D,RESIDUE_PRICE_BID,,1,C2027Q4T03,V-SA,SA1,3,5838,,A202506
D,RESIDUE_PRICE_BID,,1,C2026Q1T10,V-SA,SA1,2,5819,,A202506
D,RESIDUE_PRICE_BID,,1,C2027Q1T06,V-SA,SA1,2,5819,,A202506
D,RESIDUE_PRICE_BID,,1,C2028Q1T02,V-SA,SA1,6,5803,,A202506
D,RESIDUE_PRICE_BID,,1,C2026Q1T10,V-SA,SA1,10,5800,,A202506
D,RESIDUE_PRICE_BID,,1,C2025Q4T11,V-SA,SA1,2,5783.40,,A202506
D,RESIDUE_PRICE_BID,,1,C2026Q3T08,V-SA,SA1,6,5763,,A202506
D,RESIDUE_PRICE_BID,,1,C2027Q3T04,V-SA,SA1,2,5763,,A202506
D,RESIDUE_PRICE_BID,,1,C2027Q4T03,V-SA,SA1,10,5755.78,,A202506
D,RESIDUE_PRICE_BID,,1,C2026Q3T08,V-SA,SA1,8,5753,,A202506
D,RESIDUE_PRICE_BID,,1,C2027Q3T04,V-SA,SA1,8,5753,,A202506
D,RESIDUE_PRICE_BID,,1,C2027Q3T04,V-SA,SA1,10,5753,,A202506
D,RESIDUE_PRICE_BID,,1,C2026Q3T08,V-SA,SA1,10,5753,,A202506
D,RESIDUE_PRICE_BID,,1,C2028Q1T02,V-SA,SA1,10,5751.77,,A202506
D,RESIDUE_PRICE_BID,,1,C2026Q1T10,V-SA,SA1,3,5750,,A202506
D,RESIDUE_PRICE_BID,,1,C2025Q3T12,V-SA,SA1,3,5722.4552,,A202506
D,RESIDUE_PRICE_BID,,1,C2027Q1T06,V-SA,SA1,5,5716.50,,A202506
D,RESIDUE_PRICE_BID,,1,C2028Q1T02,V-SA,SA1,5,5703,,A202506
D,RESIDUE_PRICE_BID,,1,C2026Q3T08,V-SA,SA1,10,5666,,A202506
D,RESIDUE_PRICE_BID,,1,C2025Q4T11,V-SA,SA1,2,5645,,A202506
D,RESIDUE_PRICE_BID,,1,C2028Q1T02,V-SA,SA1,3,5618,,A202506
D,RESIDUE_PRICE_BID,,1,C2026Q4T07,V-SA,SA1,5,5613.30,,A202506
D,RESIDUE_PRICE_BID,,1,C2026Q1T10,V-SA,SA1,5,5555.55,,A202506
D,RESIDUE_PRICE_BID,,1,C2025Q3T12,V-SA,SA1,6,5550,,A202506
D,RESIDUE_PRICE_BID,,1,C2025Q4T11,V-SA,SA1,3,5550,,A202506
D,RESIDUE_PRICE_BID,,1,C2026Q1T10,V-SA,SA1,3,5550,,A202506
D,RESIDUE_PRICE_BID,,1,C2027Q1T06,V-SA,SA1,5,5550,,A202506
D,RESIDUE_PRICE_BID,,1,C2027Q1T06,V-SA,SA1,3,5550,,A202506
D,RESIDUE_PRICE_BID,,1,C2026Q2T09,V-SA,SA1,5,5524.30,,A202506
D,RESIDUE_PRICE_BID,,1,C2026Q2T09,V-SA,SA1,4,5503,,A202506
D,RESIDUE_PRICE_BID,,1,C2027Q2T05,V-SA,SA1,2,5503,,A202506
D,RESIDUE_PRICE_BID,,1,C2026Q1T10,V-SA,SA1,5,5466.22,,A202506
D,RESIDUE_PRICE_BID,,1,C2025Q4T11,V-SA,SA1,2,5443.20,,A202506
D,RESIDUE_PRICE_BID,,1,C2028Q1T02,V-SA,SA1,5,5417.85,,A202506
D,RESIDUE_PRICE_BID,,1,C2027Q4T03,V-SA,SA1,10,5388.12,,A202506
D,RESIDUE_PRICE_BID,,1,C2027Q1T06,V-SA,SA1,5,5383.50,,A202506
D,RESIDUE_PRICE_BID,,1,C2026Q2T09,V-SA,SA1,10,5374,,A202506
D,RESIDUE_PRICE_BID,,1,C2025Q4T11,V-SA,SA1,6,5358.149990,,A202506
D,RESIDUE_PRICE_BID,,1,C2026Q1T10,V-SA,SA1,3,5350,,A202506
D,RESIDUE_PRICE_BID,,1,C2027Q2T05,V-SA,SA1,5,5324.30,,A202506
D,RESIDUE_PRICE_BID,,1,C2027Q4T03,V-SA,SA1,10,5303,,A202506
D,RESIDUE_PRICE_BID,,1,C2026Q2T09,V-SA,SA1,5,5271.54,,A202506
D,RESIDUE_PRICE_BID,,1,C2027Q1T06,V-SA,SA1,5,5266.22,,A202506
D,RESIDUE_PRICE_BID,,1,C2028Q1T02,V-SA,SA1,5,5266.22,,A202506
D,RESIDUE_PRICE_BID,,1,C2025Q3T12,V-SA,SA1,8,5253,,A202506
D,RESIDUE_PRICE_BID,,1,C2025Q3T12,V-SA,SA1,10,5253,,A202506
D,RESIDUE_PRICE_BID,,1,C2027Q4T03,V-SA,SA1,5,5251.77,,A202506
D,RESIDUE_PRICE_BID,,1,C2028Q1T02,V-SA,SA1,3,5246.76,,A202506
D,RESIDUE_PRICE_BID,,1,C2025Q3T12,V-SA,SA1,10,5243.21,,A202506
D,RESIDUE_PRICE_BID,,1,C2028Q2T01,V-SA,SA1,5,5224.30,,A202506
D,RESIDUE_PRICE_BID,,1,C2027Q3T04,V-SA,SA1,6,5202,,A202506
D,RESIDUE_PRICE_BID,,1,C2028Q1T02,V-SA,SA1,3,5197,,A202506
D,RESIDUE_PRICE_BID,,1,C2027Q4T03,V-SA,SA1,3,5183,,A202506
D,RESIDUE_PRICE_BID,,1,C2028Q1T02,V-SA,SA1,5,5132.70,,A202506
D,RESIDUE_PRICE_BID,,1,C2028Q2T01,V-SA,SA1,10,5103,,A202506
D,RESIDUE_PRICE_BID,,1,C2026Q4T07,V-SA,SA1,5,5103,,A202506
D,RESIDUE_PRICE_BID,,1,C2028Q2T01,V-SA,SA1,2,5103,,A202506
D,RESIDUE_PRICE_BID,,1,C2028Q2T01,V-SA,SA1,8,5103,,A202506
D,RESIDUE_PRICE_BID,,1,C2025Q4T11,V-SA,SA1,4,5103,,A202506
D,RESIDUE_PRICE_BID,,1,C2026Q1T10,V-SA,SA1,3,5100,,A202506
D,RESIDUE_PRICE_BID,,1,C2025Q4T11,V-SA,SA1,3,5100,,A202506
D,RESIDUE_PRICE_BID,,1,C2026Q2T09,V-SA,SA1,15,5100,,A202506
D,RESIDUE_PRICE_BID,,1,C2025Q3T12,V-SA,SA1,6,5100,,A202506
D,RESIDUE_PRICE_BID,,1,C2027Q1T06,V-SA,SA1,3,5100,,A202506
D,RESIDUE_PRICE_BID,,1,C2026Q3T08,V-SA,SA1,6,5039,,A202506
D,RESIDUE_PRICE_BID,,1,C2026Q1T10,V-SA,SA1,1,5004.1665,,A202506
D,RESIDUE_PRICE_BID,,1,C2026Q3T08,V-SA,SA1,1,5004.1665,,A202506
D,RESIDUE_PRICE_BID,,1,C2027Q2T05,V-SA,SA1,1,5004.1665,,A202506
D,RESIDUE_PRICE_BID,,1,C2027Q1T06,V-SA,SA1,1,5004.1665,,A202506
D,RESIDUE_PRICE_BID,,1,C2026Q2T09,V-SA,SA1,1,5004.1665,,A202506
D,RESIDUE_PRICE_BID,,1,C2028Q1T02,V-SA,SA1,1,5004.1665,,A202506
D,RESIDUE_PRICE_BID,,1,C2025Q3T12,V-SA,SA1,1,5004.1665,,A202506
D,RESIDUE_PRICE_BID,,1,C2027Q3T04,V-SA,SA1,1,5004.1665,,A202506
D,RESIDUE_PRICE_BID,,1,C2027Q4T03,V-SA,SA1,10,5003,,A202506
D,RESIDUE_PRICE_BID,,1,C2027Q4T03,V-SA,SA1,8,5003,,A202506
D,RESIDUE_PRICE_BID,,1,C2027Q2T05,V-SA,SA1,6,4994,,A202506
D,RESIDUE_PRICE_BID,,1,C2027Q4T03,V-SA,SA1,5,4989.18,,A202506
D,RESIDUE_PRICE_BID,,1,C2027Q3T04,V-SA,SA1,3,4981.6620,,A202506
D,RESIDUE_PRICE_BID,,1,C2026Q2T09,V-SA,SA1,5,4964.46,,A202506
D,RESIDUE_PRICE_BID,,1,C2026Q3T08,V-SA,SA1,3,4964.3752,,A202506
D,RESIDUE_PRICE_BID,,1,C2028Q1T02,V-SA,SA1,2,4962,,A202506
D,RESIDUE_PRICE_BID,,1,C2025Q3T12,V-SA,SA1,4,4959,,A202506
D,RESIDUE_PRICE_BID,,1,C2027Q2T05,V-SA,SA1,8,4903,,A202506
D,RESIDUE_PRICE_BID,,1,C2026Q4T07,V-SA,SA1,10,4903,,A202506
D,RESIDUE_PRICE_BID,,1,C2025Q4T11,V-SA,SA1,10,4903,,A202506
D,RESIDUE_PRICE_BID,,1,C2027Q2T05,V-SA,SA1,10,4903,,A202506
D,RESIDUE_PRICE_BID,,1,C2026Q1T10,V-SA,SA1,10,4902.21,,A202506
D,RESIDUE_PRICE_BID,,1,C2026Q1T10,V-SA,SA1,3,4900,,A202506
D,RESIDUE_PRICE_BID,,1,C2025Q4T11,V-SA,SA1,10,4888.12,,A202506
D,RESIDUE_PRICE_BID,,1,C2027Q2T05,V-SA,SA1,2,4874,,A202506
D,RESIDUE_PRICE_BID,,1,C2027Q3T04,V-SA,SA1,2,4865,,A202506
D,RESIDUE_PRICE_BID,,1,C2026Q2T09,V-SA,SA1,6,4861,,A202506
D,RESIDUE_PRICE_BID,,1,C2027Q1T06,V-SA,SA1,4,4849,,A202506
D,RESIDUE_PRICE_BID,,1,C2026Q1T10,V-SA,SA1,4,4849,,A202506
D,RESIDUE_PRICE_BID,,1,C2026Q3T08,V-SA,SA1,5,4843.21,,A202506
D,RESIDUE_PRICE_BID,,1,C2027Q4T03,V-SA,SA1,3,4831.628390,,A202506
D,RESIDUE_PRICE_BID,,1,C2026Q1T10,V-SA,SA1,3,4812.50,,A202506
D,RESIDUE_PRICE_BID,,1,C2027Q3T04,V-SA,SA1,6,4812,,A202506
D,RESIDUE_PRICE_BID,,1,C2026Q1T10,V-SA,SA1,3,4800,,A202506
D,RESIDUE_PRICE_BID,,1,C2027Q1T06,V-SA,SA1,3,4800,,A202506
D,RESIDUE_PRICE_BID,,1,C2025Q3T12,V-SA,SA1,6,4800,,A202506
D,RESIDUE_PRICE_BID,,1,C2025Q4T11,V-SA,SA1,3,4800,,A202506
D,RESIDUE_PRICE_BID,,1,C2027Q4T03,V-SA,SA1,3,4794,,A202506
D,RESIDUE_PRICE_BID,,1,C2025Q3T12,V-SA,SA1,3,4789.4462,,A202506
D,RESIDUE_PRICE_BID,,1,C2026Q4T07,V-SA,SA1,10,4788.12,,A202506
D,RESIDUE_PRICE_BID,,1,C2028Q1T02,V-SA,SA1,3,4775,,A202506
D,RESIDUE_PRICE_BID,,1,C2027Q3T04,V-SA,SA1,8,4753,,A202506
D,RESIDUE_PRICE_BID,,1,C2026Q3T08,V-SA,SA1,8,4753,,A202506
D,RESIDUE_PRICE_BID,,1,C2027Q3T04,V-SA,SA1,10,4753,,A202506
D,RESIDUE_PRICE_BID,,1,C2026Q3T08,V-SA,SA1,10,4753,,A202506
D,RESIDUE_PRICE_BID,,1,C2025Q3T12,V-SA,SA1,1,4750.24,,A202506
D,RESIDUE_PRICE_BID,,1,C2027Q4T03,V-SA,SA1,5,4726.59,,A202506
D,RESIDUE_PRICE_BID,,1,C2027Q1T06,V-SA,SA1,6,4717.50,,A202506
D,RESIDUE_PRICE_BID,,1,C2025Q4T11,V-SA,SA1,3,4704,,A202506
D,RESIDUE_PRICE_BID,,1,C2026Q2T09,V-SA,SA1,10,4703,,A202506
D,RESIDUE_PRICE_BID,,1,C2026Q2T09,V-SA,SA1,8,4703,,A202506
D,RESIDUE_PRICE_BID,,1,C2025Q3T12,V-SA,SA1,1,4700.24,,A202506
D,RESIDUE_PRICE_BID,,1,C2026Q4T07,V-SA,SA1,3,4694.76,,A202506
D,RESIDUE_PRICE_BID,,1,C2027Q2T05,V-SA,SA1,3,4694.76,,A202506
D,RESIDUE_PRICE_BID,,1,C2026Q1T10,V-SA,SA1,3,4687.50,,A202506
D,RESIDUE_PRICE_BID,,1,C2027Q4T03,V-SA,SA1,2,4671,,A202506
D,RESIDUE_PRICE_BID,,1,C2026Q2T09,V-SA,SA1,5,4669.92,,A202506
D,RESIDUE_PRICE_BID,,1,C2025Q3T12,V-SA,SA1,5,4665.05,,A202506
D,RESIDUE_PRICE_BID,,1,C2026Q3T08,V-SA,SA1,6,4661,,A202506
D,RESIDUE_PRICE_BID,,1,C2025Q3T12,V-SA,SA1,1,4650.24,,A202506
D,RESIDUE_PRICE_BID,,1,C2025Q3T12,V-SA,SA1,15,4650,,A202506
D,RESIDUE_PRICE_BID,,1,C2027Q3T04,V-SA,SA1,5,4643.21,,A202506
D,RESIDUE_PRICE_BID,,1,C2027Q2T05,V-SA,SA1,6,4620,,A202506
D,RESIDUE_PRICE_BID,,1,C2026Q4T07,V-SA,SA1,10,4603,,A202506
D,RESIDUE_PRICE_BID,,1,C2025Q4T11,V-SA,SA1,10,4603,,A202506
D,RESIDUE_PRICE_BID,,1,C2025Q4T11,V-SA,SA1,8,4603,,A202506
D,RESIDUE_PRICE_BID,,1,C2026Q4T07,V-SA,SA1,8,4603,,A202506
D,RESIDUE_PRICE_BID,,1,C2025Q3T12,V-SA,SA1,1,4600.24,,A202506
D,RESIDUE_PRICE_BID,,1,C2025Q3T12,V-SA,SA1,1,4550.24,,A202506
D,RESIDUE_PRICE_BID,,1,C2025Q3T12,V-SA,SA1,5,4509.55,,A202506
D,RESIDUE_PRICE_BID,,1,C2026Q4T07,V-SA,SA1,2,4509,,A202506
D,RESIDUE_PRICE_BID,,1,C2027Q1T06,V-SA,SA1,5,4502.21,,A202506
D,RESIDUE_PRICE_BID,,1,C2027Q3T04,V-SA,SA1,1,4500.24,,A202506
D,RESIDUE_PRICE_BID,,1,C2025Q3T12,V-SA,SA1,1,4500.24,,A202506
D,RESIDUE_PRICE_BID,,1,C2026Q3T08,V-SA,SA1,1,4500.24,,A202506
D,RESIDUE_PRICE_BID,,1,C2025Q4T11,V-SA,SA1,3,4500,,A202506
D,RESIDUE_PRICE_BID,,1,C2025Q4T11,V-SA,SA1,15,4500,,A202506
D,RESIDUE_PRICE_BID,,1,C2025Q3T12,V-SA,SA1,6,4500,,A202506
D,RESIDUE_PRICE_BID,,1,C2026Q3T08,V-SA,SA1,15,4500,,A202506
D,RESIDUE_PRICE_BID,,1,C2026Q1T10,V-SA,SA1,3,4500,,A202506
D,RESIDUE_PRICE_BID,,1,C2027Q1T06,V-SA,SA1,3,4500,,A202506
D,RESIDUE_PRICE_BID,,1,C2026Q4T07,V-SA,SA1,15,4500,,A202506
D,RESIDUE_PRICE_BID,,1,C2026Q2T09,V-SA,SA1,6,4496,,A202506
D,RESIDUE_PRICE_BID,,1,C2028Q1T02,V-SA,SA1,3,4495,,A202506
D,RESIDUE_PRICE_BID,,1,C2027Q2T05,V-SA,SA1,5,4469.92,,A202506
D,RESIDUE_PRICE_BID,,1,C2025Q3T12,V-SA,SA1,1,4450.24,,A202506
D,RESIDUE_PRICE_BID,,1,C2027Q3T04,V-SA,SA1,1,4450.24,,A202506
D,RESIDUE_PRICE_BID,,1,C2026Q3T08,V-SA,SA1,1,4450.24,,A202506
D,RESIDUE_PRICE_BID,,1,C2026Q1T10,V-SA,SA1,3,4450,,A202506
D,RESIDUE_PRICE_BID,,1,C2027Q3T04,V-SA,SA1,6,4422,,A202506
D,RESIDUE_PRICE_BID,,1,C2027Q4T03,V-SA,SA1,3,4405,,A202506
D,RESIDUE_PRICE_BID,,1,C2028Q2T01,V-SA,SA1,10,4403,,A202506
D,RESIDUE_PRICE_BID,,1,C2028Q2T01,V-SA,SA1,8,4403,,A202506
D,RESIDUE_PRICE_BID,,1,C2025Q3T12,V-SA,SA1,1,4400.24,,A202506
D,RESIDUE_PRICE_BID,,1,C2026Q3T08,V-SA,SA1,1,4400.24,,A202506
D,RESIDUE_PRICE_BID,,1,C2027Q3T04,V-SA,SA1,1,4400.24,,A202506
D,RESIDUE_PRICE_BID,,1,C2028Q1T02,V-SA,SA1,3,4391.31,,A202506
D,RESIDUE_PRICE_BID,,1,C2026Q1T10,V-SA,SA1,5,4375,,A202506
D,RESIDUE_PRICE_BID,,1,C2028Q2T01,V-SA,SA1,5,4369.92,,A202506
D,RESIDUE_PRICE_BID,,1,C2025Q3T12,V-SA,SA1,5,4354.05,,A202506
D,RESIDUE_PRICE_BID,,1,C2026Q2T09,V-SA,SA1,6,4350.30,,A202506
D,RESIDUE_PRICE_BID,,1,C2027Q3T04,V-SA,SA1,1,4350.24,,A202506
D,RESIDUE_PRICE_BID,,1,C2026Q3T08,V-SA,SA1,1,4350.24,,A202506
D,RESIDUE_PRICE_BID,,1,C2025Q3T12,V-SA,SA1,1,4350.24,,A202506
D,RESIDUE_PRICE_BID,,1,C2025Q4T11,V-SA,SA1,6,4337.55,,A202506
D,RESIDUE_PRICE_BID,,1,C2025Q3T12,V-SA,SA1,1,4300.24,,A202506
D,RESIDUE_PRICE_BID,,1,C2027Q3T04,V-SA,SA1,1,4300.24,,A202506
D,RESIDUE_PRICE_BID,,1,C2026Q3T08,V-SA,SA1,1,4300.24,,A202506
D,RESIDUE_PRICE_BID,,1,C2026Q3T08,V-SA,SA1,6,4283,,A202506
D,RESIDUE_PRICE_BID,,1,C2026Q3T08,V-SA,SA1,2,4279,,A202506
D,RESIDUE_PRICE_BID,,1,C2028Q1T02,V-SA,SA1,3,4277.25,,A202506
D,RESIDUE_PRICE_BID,,1,C2025Q3T12,V-SA,SA1,8,4253,,A202506
D,RESIDUE_PRICE_BID,,1,C2025Q3T12,V-SA,SA1,10,4253,,A202506
D,RESIDUE_PRICE_BID,,1,C2027Q3T04,V-SA,SA1,1,4250.24,,A202506
D,RESIDUE_PRICE_BID,,1,C2026Q3T08,V-SA,SA1,1,4250.24,,A202506
D,RESIDUE_PRICE_BID,,1,C2025Q3T12,V-SA,SA1,1,4250.24,,A202506
D,RESIDUE_PRICE_BID,,1,C2027Q2T05,V-SA,SA1,6,4245,,A202506
D,RESIDUE_PRICE_BID,,1,C2026Q4T07,V-SA,SA1,3,4227,,A202506
D,RESIDUE_PRICE_BID,,1,C2028Q1T02,V-SA,SA1,3,4214,,A202506
D,RESIDUE_PRICE_BID,,1,C2025Q4T11,V-SA,SA1,5,4213.916410,,A202506
D,RESIDUE_PRICE_BID,,1,C2027Q3T04,V-SA,SA1,1,4200.24,,A202506
D,RESIDUE_PRICE_BID,,1,C2025Q3T12,V-SA,SA1,1,4200.24,,A202506
D,RESIDUE_PRICE_BID,,1,C2026Q3T08,V-SA,SA1,1,4200.24,,A202506
D,RESIDUE_PRICE_BID,,1,C2025Q3T12,V-SA,SA1,7,4198.54,,A202506
D,RESIDUE_PRICE_BID,,1,C2027Q3T04,V-SA,SA1,3,4169.4345,,A202506
D,RESIDUE_PRICE_BID,,1,C2027Q1T06,V-SA,SA1,3,4162.50,,A202506
D,RESIDUE_PRICE_BID,,1,C2027Q3T04,V-SA,SA1,6,4162,,A202506
D,RESIDUE_PRICE_BID,,1,C2026Q3T08,V-SA,SA1,3,4154.9662,,A202506
D,RESIDUE_PRICE_BID,,1,C2027Q3T04,V-SA,SA1,1,4150.24,,A202506
D,RESIDUE_PRICE_BID,,1,C2025Q3T12,V-SA,SA1,1,4150.24,,A202506
D,RESIDUE_PRICE_BID,,1,C2026Q3T08,V-SA,SA1,1,4150.24,,A202506
D,RESIDUE_PRICE_BID,,1,C2027Q4T03,V-SA,SA1,3,4146,,A202506
D,RESIDUE_PRICE_BID,,1,C2026Q2T09,V-SA,SA1,6,4132,,A202506
D,RESIDUE_PRICE_BID,,1,C2028Q2T01,V-SA,SA1,6,4113,,A202506
D,RESIDUE_PRICE_BID,,1,C2028Q1T02,V-SA,SA1,5,4102.21,,A202506
D,RESIDUE_PRICE_BID,,1,C2026Q3T08,V-SA,SA1,1,4100.24,,A202506
D,RESIDUE_PRICE_BID,,1,C2025Q3T12,V-SA,SA1,1,4100.24,,A202506
D,RESIDUE_PRICE_BID,,1,C2027Q3T04,V-SA,SA1,1,4100.24,,A202506
D,RESIDUE_PRICE_BID,,1,C2026Q2T09,V-SA,SA1,3,4100,,A202506
D,RESIDUE_PRICE_BID,,1,C2028Q2T01,V-SA,SA1,2,4082,,A202506
D,RESIDUE_PRICE_BID,,1,C2026Q1T10,V-SA,SA1,5,4062.50,,A202506
D,RESIDUE_PRICE_BID,,1,C2027Q3T04,V-SA,SA1,5,4061.14,,A202506
D,RESIDUE_PRICE_BID,,1,C2027Q2T05,V-SA,SA1,3,4061,,A202506
D,RESIDUE_PRICE_BID,,1,C2026Q2T09,V-SA,SA1,2,4061,,A202506
D,RESIDUE_PRICE_BID,,1,C2027Q3T04,V-SA,SA1,3,4054,,A202506
D,RESIDUE_PRICE_BID,,1,C2026Q3T08,V-SA,SA1,1,4050.24,,A202506
D,RESIDUE_PRICE_BID,,1,C2027Q3T04,V-SA,SA1,1,4050.24,,A202506
D,RESIDUE_PRICE_BID,,1,C2025Q3T12,V-SA,SA1,1,4050.24,,A202506
D,RESIDUE_PRICE_BID,,1,C2026Q3T08,V-SA,SA1,5,4047.05,,A202506
D,RESIDUE_PRICE_BID,,1,C2027Q4T03,V-SA,SA1,3,4043.8629,,A202506
D,RESIDUE_PRICE_BID,,1,C2025Q4T11,V-SA,SA1,5,4043.21,,A202506
D,RESIDUE_PRICE_BID,,1,C2025Q3T12,V-SA,SA1,10,4043.04,,A202506
D,RESIDUE_PRICE_BID,,1,C2026Q3T08,V-SA,SA1,6,4031,,A202506
D,RESIDUE_PRICE_BID,,1,C2025Q4T11,V-SA,SA1,10,4003,,A202506
D,RESIDUE_PRICE_BID,,1,C2027Q4T03,V-SA,SA1,8,4003,,A202506
D,RESIDUE_PRICE_BID,,1,C2027Q2T05,V-SA,SA1,8,4003,,A202506
D,RESIDUE_PRICE_BID,,1,C2025Q4T11,V-SA,SA1,8,4003,,A202506
D,RESIDUE_PRICE_BID,,1,C2028Q1T02,V-SA,SA1,8,4003,,A202506
D,RESIDUE_PRICE_BID,,1,C2026Q4T07,V-SA,SA1,8,4003,,A202506
D,RESIDUE_PRICE_BID,,1,C2026Q1T10,V-SA,SA1,8,4003,,A202506
D,RESIDUE_PRICE_BID,,1,C2027Q1T06,V-SA,SA1,8,4003,,A202506
D,RESIDUE_PRICE_BID,,1,C2027Q2T05,V-SA,SA1,10,4003,,A202506
D,RESIDUE_PRICE_BID,,1,C2027Q1T06,V-SA,SA1,10,4003,,A202506
D,RESIDUE_PRICE_BID,,1,C2028Q1T02,V-SA,SA1,10,4003,,A202506
D,RESIDUE_PRICE_BID,,1,C2026Q2T09,V-SA,SA1,10,4003,,A202506
D,RESIDUE_PRICE_BID,,1,C2026Q4T07,V-SA,SA1,10,4003,,A202506
D,RESIDUE_PRICE_BID,,1,C2027Q4T03,V-SA,SA1,10,4003,,A202506
D,RESIDUE_PRICE_BID,,1,C2026Q2T09,V-SA,SA1,8,4003,,A202506
D,RESIDUE_PRICE_BID,,1,C2026Q1T10,V-SA,SA1,10,4003,,A202506
D,RESIDUE_PRICE_BID,,1,C2027Q3T04,V-SA,SA1,1,4000.24,,A202506
D,RESIDUE_PRICE_BID,,1,C2026Q3T08,V-SA,SA1,1,4000.24,,A202506
D,RESIDUE_PRICE_BID,,1,C2025Q3T12,V-SA,SA1,1,4000.24,,A202506
D,RESIDUE_PRICE_BID,,1,C2026Q1T10,V-SA,SA1,3,4000,,A202506
D,RESIDUE_PRICE_BID,,1,C2027Q2T05,V-SA,SA1,6,3996,,A202506
D,RESIDUE_PRICE_BID,,1,C2028Q1T02,V-SA,SA1,5,3992.10,,A202506
D,RESIDUE_PRICE_BID,,1,C2025Q3T12,V-SA,SA1,2,3967,,A202506
D,RESIDUE_PRICE_BID,,1,C2027Q3T04,V-SA,SA1,1,3950.24,,A202506
D,RESIDUE_PRICE_BID,,1,C2025Q3T12,V-SA,SA1,1,3950.24,,A202506
D,RESIDUE_PRICE_BID,,1,C2026Q3T08,V-SA,SA1,1,3950.24,,A202506
D,RESIDUE_PRICE_BID,,1,C2027Q4T03,V-SA,SA1,10,3938.83,,A202506
D,RESIDUE_PRICE_BID,,1,C2027Q2T05,V-SA,SA1,3,3929.31,,A202506
D,RESIDUE_PRICE_BID,,1,C2026Q4T07,V-SA,SA1,3,3929.31,,A202506
D,RESIDUE_PRICE_BID,,1,C2027Q3T04,V-SA,SA1,5,3925.77,,A202506
D,RESIDUE_PRICE_BID,,1,C2026Q3T08,V-SA,SA1,5,3912.15,,A202506
D,RESIDUE_PRICE_BID,,1,C2026Q4T07,V-SA,SA1,3,3910,,A202506
D,RESIDUE_PRICE_BID,,1,C2027Q3T04,V-SA,SA1,6,3902,,A202506
D,RESIDUE_PRICE_BID,,1,C2025Q3T12,V-SA,SA1,1,3900.24,,A202506
D,RESIDUE_PRICE_BID,,1,C2027Q3T04,V-SA,SA1,1,3900.24,,A202506
D,RESIDUE_PRICE_BID,,1,C2026Q3T08,V-SA,SA1,1,3900.24,,A202506
D,RESIDUE_PRICE_BID,,1,C2026Q2T09,V-SA,SA1,3,3900,,A202506
D,RESIDUE_PRICE_BID,,1,C2026Q2T09,V-SA,SA1,6,3889,,A202506
D,RESIDUE_PRICE_BID,,1,C2027Q4T03,V-SA,SA1,3,3887,,A202506
D,RESIDUE_PRICE_BID,,1,C2027Q1T06,V-SA,SA1,5,3885,,A202506
D,RESIDUE_PRICE_BID,,1,C2026Q2T09,V-SA,SA1,5,3880.25,,A202506
D,RESIDUE_PRICE_BID,,1,C2027Q1T06,V-SA,SA1,2,3879,,A202506
D,RESIDUE_PRICE_BID,,1,C2026Q1T10,V-SA,SA1,2,3879,,A202506
D,RESIDUE_PRICE_BID,,1,C2027Q3T04,V-SA,SA1,1,3850.24,,A202506
D,RESIDUE_PRICE_BID,,1,C2026Q3T08,V-SA,SA1,1,3850.24,,A202506
D,RESIDUE_PRICE_BID,,1,C2025Q3T12,V-SA,SA1,1,3850.24,,A202506
D,RESIDUE_PRICE_BID,,1,C2027Q4T03,V-SA,SA1,5,3843.21,,A202506
D,RESIDUE_PRICE_BID,,1,C2026Q4T07,V-SA,SA1,5,3843.21,,A202506
D,RESIDUE_PRICE_BID,,1,C2026Q2T09,V-SA,SA1,3,3838.50,,A202506
D,RESIDUE_PRICE_BID,,1,C2025Q4T11,V-SA,SA1,10,3827.25,,A202506
D,RESIDUE_PRICE_BID,,1,C2026Q4T07,V-SA,SA1,10,3827.25,,A202506
D,RESIDUE_PRICE_BID,,1,C2027Q2T05,V-SA,SA1,3,3827.25,,A202506
D,RESIDUE_PRICE_BID,,1,C2028Q2T01,V-SA,SA1,3,3827.25,,A202506
D,RESIDUE_PRICE_BID,,1,C2028Q2T01,V-SA,SA1,6,3805,,A202506
D,RESIDUE_PRICE_BID,,1,C2026Q3T08,V-SA,SA1,1,3800.24,,A202506
D,RESIDUE_PRICE_BID,,1,C2027Q3T04,V-SA,SA1,1,3800.24,,A202506
D,RESIDUE_PRICE_BID,,1,C2025Q3T12,V-SA,SA1,1,3800.24,,A202506
D,RESIDUE_PRICE_BID,,1,C2027Q3T04,V-SA,SA1,5,3790.40,,A202506
D,RESIDUE_PRICE_BID,,1,C2026Q3T08,V-SA,SA1,6,3779,,A202506
D,RESIDUE_PRICE_BID,,1,C2026Q3T08,V-SA,SA1,5,3777.25,,A202506
D,RESIDUE_PRICE_BID,,1,C2026Q1T10,V-SA,SA1,5,3765.65,,A202506
D,RESIDUE_PRICE_BID,,1,C2025Q4T11,V-SA,SA1,2,3764,,A202506
D,RESIDUE_PRICE_BID,,1,C2026Q4T07,V-SA,SA1,4,3758,,A202506
D,RESIDUE_PRICE_BID,,1,C2027Q3T04,V-SA,SA1,10,3753,,A202506
D,RESIDUE_PRICE_BID,,1,C2027Q3T04,V-SA,SA1,8,3753,,A202506
D,RESIDUE_PRICE_BID,,1,C2026Q3T08,V-SA,SA1,10,3753,,A202506
D,RESIDUE_PRICE_BID,,1,C2026Q3T08,V-SA,SA1,8,3753,,A202506
D,RESIDUE_PRICE_BID,,1,C2027Q3T04,V-SA,SA1,1,3750.24,,A202506
D,RESIDUE_PRICE_BID,,1,C2026Q3T08,V-SA,SA1,1,3750.24,,A202506
D,RESIDUE_PRICE_BID,,1,C2027Q2T05,V-SA,SA1,6,3746,,A202506
D,RESIDUE_PRICE_BID,,1,C2027Q4T03,V-SA,SA1,2,3737,,A202506
D,RESIDUE_PRICE_BID,,1,C2028Q1T02,V-SA,SA1,5,3706.95,,A202506
D,RESIDUE_PRICE_BID,,1,C2027Q3T04,V-SA,SA1,1,3700.24,,A202506
D,RESIDUE_PRICE_BID,,1,C2026Q3T08,V-SA,SA1,1,3700.24,,A202506
D,RESIDUE_PRICE_BID,,1,C2026Q2T09,V-SA,SA1,3,3700,,A202506
D,RESIDUE_PRICE_BID,,1,C2028Q2T01,V-SA,SA1,3,3688.28,,A202506
D,RESIDUE_PRICE_BID,,1,C2026Q3T08,V-SA,SA1,5,3686.22,,A202506
D,RESIDUE_PRICE_BID,,1,C2027Q2T05,V-SA,SA1,5,3680.25,,A202506
D,RESIDUE_PRICE_BID,,1,C2027Q4T03,V-SA,SA1,10,3676.24,,A202506
D,RESIDUE_PRICE_BID,,1,C2027Q1T06,V-SA,SA1,5,3665.65,,A202506
D,RESIDUE_PRICE_BID,,1,C2027Q3T04,V-SA,SA1,7,3655.02,,A202506
D,RESIDUE_PRICE_BID,,1,C2026Q3T08,V-SA,SA1,1,3650.24,,A202506
D,RESIDUE_PRICE_BID,,1,C2027Q3T04,V-SA,SA1,1,3650.24,,A202506
D,RESIDUE_PRICE_BID,,1,C2025Q3T12,V-SA,SA1,3,3650,,A202506
D,RESIDUE_PRICE_BID,,1,C2026Q2T09,V-SA,SA1,6,3646,,A202506
D,RESIDUE_PRICE_BID,,1,C2026Q3T08,V-SA,SA1,7,3642.34,,A202506
D,RESIDUE_PRICE_BID,,1,C2027Q1T06,V-SA,SA1,5,3607.50,,A202506
D,RESIDUE_PRICE_BID,,1,C2027Q1T06,V-SA,SA1,12,3607.50,,A202506
D,RESIDUE_PRICE_BID,,1,C2027Q3T04,V-SA,SA1,1,3600.24,,A202506
D,RESIDUE_PRICE_BID,,1,C2026Q3T08,V-SA,SA1,1,3600.24,,A202506
D,RESIDUE_PRICE_BID,,1,C2026Q4T07,V-SA,SA1,3,3593,,A202506
D,RESIDUE_PRICE_BID,,1,C2027Q3T04,V-SA,SA1,5,3586.22,,A202506
D,RESIDUE_PRICE_BID,,1,C2026Q2T09,V-SA,SA1,5,3582.60,,A202506
D,RESIDUE_PRICE_BID,,1,C2028Q2T01,V-SA,SA1,5,3580.25,,A202506
D,RESIDUE_PRICE_BID,,1,C2028Q2T01,V-SA,SA1,5,3572.10,,A202506
D,RESIDUE_PRICE_BID,,1,C2027Q2T05,V-SA,SA1,5,3572.10,,A202506
D,RESIDUE_PRICE_BID,,1,C2026Q4T07,V-SA,SA1,10,3572.10,,A202506
D,RESIDUE_PRICE_BID,,1,C2025Q4T11,V-SA,SA1,10,3572.10,,A202506
D,RESIDUE_PRICE_BID,,1,C2026Q3T08,V-SA,SA1,4,3566,,A202506
D,RESIDUE_PRICE_BID,,1,C2027Q3T04,V-SA,SA1,1,3550.24,,A202506
D,RESIDUE_PRICE_BID,,1,C2026Q3T08,V-SA,SA1,1,3550.24,,A202506
D,RESIDUE_PRICE_BID,,1,C2026Q1T10,V-SA,SA1,3,3550,,A202506
D,RESIDUE_PRICE_BID,,1,C2027Q3T04,V-SA,SA1,10,3519.65,,A202506
D,RESIDUE_PRICE_BID,,1,C2026Q3T08,V-SA,SA1,10,3507.44,,A202506
D,RESIDUE_PRICE_BID,,1,C2026Q4T07,V-SA,SA1,8,3503,,A202506
D,RESIDUE_PRICE_BID,,1,C2027Q4T03,V-SA,SA1,8,3503,,A202506
D,RESIDUE_PRICE_BID,,1,C2027Q4T03,V-SA,SA1,10,3503,,A202506
D,RESIDUE_PRICE_BID,,1,C2025Q4T11,V-SA,SA1,10,3503,,A202506
D,RESIDUE_PRICE_BID,,1,C2027Q2T05,V-SA,SA1,10,3503,,A202506
D,RESIDUE_PRICE_BID,,1,C2028Q2T01,V-SA,SA1,10,3503,,A202506
D,RESIDUE_PRICE_BID,,1,C2028Q2T01,V-SA,SA1,8,3503,,A202506
D,RESIDUE_PRICE_BID,,1,C2027Q2T05,V-SA,SA1,8,3503,,A202506
D,RESIDUE_PRICE_BID,,1,C2026Q4T07,V-SA,SA1,10,3503,,A202506
D,RESIDUE_PRICE_BID,,1,C2025Q4T11,V-SA,SA1,8,3503,,A202506
D,RESIDUE_PRICE_BID,,1,C2026Q2T09,V-SA,SA1,10,3503,,A202506
D,RESIDUE_PRICE_BID,,1,C2026Q2T09,V-SA,SA1,8,3503,,A202506
D,RESIDUE_PRICE_BID,,1,C2025Q4T11,V-SA,SA1,3,3500.24,,A202506
D,RESIDUE_PRICE_BID,,1,C2027Q1T06,V-SA,SA1,3,3500.24,,A202506
D,RESIDUE_PRICE_BID,,1,C2028Q1T02,V-SA,SA1,3,3500.24,,A202506
D,RESIDUE_PRICE_BID,,1,C2026Q1T10,V-SA,SA1,3,3500.24,,A202506
D,RESIDUE_PRICE_BID,,1,C2025Q3T12,V-SA,SA1,4,3500.24,,A202506
D,RESIDUE_PRICE_BID,,1,C2026Q4T07,V-SA,SA1,3,3500.24,,A202506
D,RESIDUE_PRICE_BID,,1,C2027Q4T03,V-SA,SA1,3,3500.24,,A202506
D,RESIDUE_PRICE_BID,,1,C2025Q3T12,V-SA,SA1,20,3500,,A202506
D,RESIDUE_PRICE_BID,,1,C2026Q3T08,V-SA,SA1,3,3500,,A202506
D,RESIDUE_PRICE_BID,,1,C2026Q2T09,V-SA,SA1,3,3500,,A202506
D,RESIDUE_PRICE_BID,,1,C2026Q4T07,V-SA,SA1,10,3500,,A202506
D,RESIDUE_PRICE_BID,,1,C2028Q2T01,V-SA,SA1,6,3496,,A202506
D,RESIDUE_PRICE_BID,,1,C2025Q3T12,V-SA,SA1,3,3450,,A202506
D,RESIDUE_PRICE_BID,,1,C2027Q4T03,V-SA,SA1,12,3413.65,,A202506
D,RESIDUE_PRICE_BID,,1,C2025Q4T11,V-SA,SA1,5,3386.22,,A202506
D,RESIDUE_PRICE_BID,,1,C2026Q2T09,V-SA,SA1,4,3385,,A202506
D,RESIDUE_PRICE_BID,,1,C2026Q4T07,V-SA,SA1,3,3382,,A202506
D,RESIDUE_PRICE_BID,,1,C2028Q1T02,V-SA,SA1,5,3365.65,,A202506
D,RESIDUE_PRICE_BID,,1,C2026Q1T10,V-SA,SA1,3,3350.24,,A202506
D,RESIDUE_PRICE_BID,,1,C2025Q4T11,V-SA,SA1,3,3350.24,,A202506
D,RESIDUE_PRICE_BID,,1,C2027Q4T03,V-SA,SA1,3,3350.24,,A202506
D,RESIDUE_PRICE_BID,,1,C2028Q1T02,V-SA,SA1,3,3350.24,,A202506
D,RESIDUE_PRICE_BID,,1,C2026Q4T07,V-SA,SA1,3,3350.24,,A202506
D,RESIDUE_PRICE_BID,,1,C2027Q1T06,V-SA,SA1,3,3350.24,,A202506
D,RESIDUE_PRICE_BID,,1,C2026Q2T09,V-SA,SA1,12,3326.70,,A202506
D,RESIDUE_PRICE_BID,,1,C2026Q2T09,V-SA,SA1,5,3326.70,,A202506
D,RESIDUE_PRICE_BID,,1,C2025Q4T11,V-SA,SA1,12,3316.95,,A202506
D,RESIDUE_PRICE_BID,,1,C2026Q4T07,V-SA,SA1,12,3316.95,,A202506
D,RESIDUE_PRICE_BID,,1,C2028Q2T01,V-SA,SA1,5,3316.95,,A202506
D,RESIDUE_PRICE_BID,,1,C2025Q4T11,V-SA,SA1,12,3316.95,,A202506
D,RESIDUE_PRICE_BID,,1,C2027Q2T05,V-SA,SA1,5,3316.95,,A202506
D,RESIDUE_PRICE_BID,,1,C2026Q2T09,V-SA,SA1,3,3300,,A202506
D,RESIDUE_PRICE_BID,,1,C2026Q4T07,V-SA,SA1,3,3300,,A202506
D,RESIDUE_PRICE_BID,,1,C2026Q3T08,V-SA,SA1,3,3300,,A202506
D,RESIDUE_PRICE_BID,,1,C2028Q2T01,V-SA,SA1,6,3291,,A202506
D,RESIDUE_PRICE_BID,,1,C2027Q4T03,V-SA,SA1,5,3286.22,,A202506
D,RESIDUE_PRICE_BID,,1,C2026Q4T07,V-SA,SA1,5,3286.22,,A202506
D,RESIDUE_PRICE_BID,,1,C2025Q3T12,V-SA,SA1,3,3250,,A202506
D,RESIDUE_PRICE_BID,,1,C2027Q2T05,V-SA,SA1,2,3249,,A202506
D,RESIDUE_PRICE_BID,,1,C2027Q3T04,V-SA,SA1,2,3243,,A202506
D,RESIDUE_PRICE_BID,,1,C2028Q1T02,V-SA,SA1,3,3200.24,,A202506
D,RESIDUE_PRICE_BID,,1,C2027Q4T03,V-SA,SA1,3,3200.24,,A202506
D,RESIDUE_PRICE_BID,,1,C2026Q1T10,V-SA,SA1,3,3200.24,,A202506
D,RESIDUE_PRICE_BID,,1,C2025Q4T11,V-SA,SA1,3,3200.24,,A202506
D,RESIDUE_PRICE_BID,,1,C2026Q4T07,V-SA,SA1,3,3200.24,,A202506
D,RESIDUE_PRICE_BID,,1,C2027Q1T06,V-SA,SA1,3,3200.24,,A202506
D,RESIDUE_PRICE_BID,,1,C2025Q3T12,V-SA,SA1,4,3200.24,,A202506
D,RESIDUE_PRICE_BID,,1,C2025Q3T12,V-SA,SA1,2,3174,,A202506
D,RESIDUE_PRICE_BID,,1,C2026Q4T07,V-SA,SA1,3,3170,,A202506
D,RESIDUE_PRICE_BID,,1,C2026Q1T10,V-SA,SA1,11,3125,,A202506
D,RESIDUE_PRICE_BID,,1,C2025Q3T12,V-SA,SA1,5,3110.03,,A202506
D,RESIDUE_PRICE_BID,,1,C2026Q1T10,V-SA,SA1,2,3103,,A202506
D,RESIDUE_PRICE_BID,,1,C2027Q1T06,V-SA,SA1,2,3103,,A202506
D,RESIDUE_PRICE_BID,,1,C2025Q4T11,V-SA,SA1,10,3100,,A202506
D,RESIDUE_PRICE_BID,,1,C2026Q4T07,V-SA,SA1,3,3100,,A202506
D,RESIDUE_PRICE_BID,,1,C2026Q3T08,V-SA,SA1,3,3100,,A202506
D,RESIDUE_PRICE_BID,,1,C2028Q2T01,V-SA,SA1,3,3086.93,,A202506
D,RESIDUE_PRICE_BID,,1,C2028Q2T01,V-SA,SA1,6,3085,,A202506
D,RESIDUE_PRICE_BID,,1,C2026Q1T10,V-SA,SA1,3,3050.24,,A202506
D,RESIDUE_PRICE_BID,,1,C2026Q4T07,V-SA,SA1,3,3050.24,,A202506
D,RESIDUE_PRICE_BID,,1,C2027Q4T03,V-SA,SA1,3,3050.24,,A202506
D,RESIDUE_PRICE_BID,,1,C2027Q1T06,V-SA,SA1,3,3050.24,,A202506
D,RESIDUE_PRICE_BID,,1,C2025Q4T11,V-SA,SA1,3,3050.24,,A202506
D,RESIDUE_PRICE_BID,,1,C2028Q1T02,V-SA,SA1,3,3050.24,,A202506
D,RESIDUE_PRICE_BID,,1,C2025Q3T12,V-SA,SA1,3,3050,,A202506
D,RESIDUE_PRICE_BID,,1,C2025Q4T11,V-SA,SA1,2,3011,,A202506
D,RESIDUE_PRICE_BID,,1,C2026Q4T07,V-SA,SA1,2,3006,,A202506
D,RESIDUE_PRICE_BID,,1,C2027Q1T06,V-SA,SA1,10,3003,,A202506
D,RESIDUE_PRICE_BID,,1,C2027Q1T06,V-SA,SA1,8,3003,,A202506
D,RESIDUE_PRICE_BID,,1,C2028Q1T02,V-SA,SA1,6,3003,,A202506
D,RESIDUE_PRICE_BID,,1,C2026Q1T10,V-SA,SA1,8,3003,,A202506
D,RESIDUE_PRICE_BID,,1,C2026Q1T10,V-SA,SA1,10,3003,,A202506
D,RESIDUE_PRICE_BID,,1,C2028Q1T02,V-SA,SA1,10,3003,,A202506
D,RESIDUE_PRICE_BID,,1,C2027Q3T04,V-SA,SA1,4,3000.24,,A202506
D,RESIDUE_PRICE_BID,,1,C2028Q2T01,V-SA,SA1,3,3000.24,,A202506
D,RESIDUE_PRICE_BID,,1,C2026Q2T09,V-SA,SA1,3,3000.24,,A202506
D,RESIDUE_PRICE_BID,,1,C2027Q2T05,V-SA,SA1,3,3000.24,,A202506
D,RESIDUE_PRICE_BID,,1,C2026Q3T08,V-SA,SA1,4,3000.24,,A202506
D,RESIDUE_PRICE_BID,,1,C2025Q4T11,V-SA,SA1,10,3000,,A202506
D,RESIDUE_PRICE_BID,,1,C2027Q2T05,V-SA,SA1,5,2912.26,,A202506
D,RESIDUE_PRICE_BID,,1,C2026Q2T09,V-SA,SA1,5,2912.26,,A202506
D,RESIDUE_PRICE_BID,,1,C2026Q1T10,V-SA,SA1,3,2900.24,,A202506
D,RESIDUE_PRICE_BID,,1,C2025Q4T11,V-SA,SA1,3,2900.24,,A202506
D,RESIDUE_PRICE_BID,,1,C2027Q1T06,V-SA,SA1,3,2900.24,,A202506
D,RESIDUE_PRICE_BID,,1,C2026Q4T07,V-SA,SA1,3,2900.24,,A202506
D,RESIDUE_PRICE_BID,,1,C2027Q4T03,V-SA,SA1,3,2900.24,,A202506
D,RESIDUE_PRICE_BID,,1,C2028Q1T02,V-SA,SA1,3,2900.24,,A202506
D,RESIDUE_PRICE_BID,,1,C2025Q3T12,V-SA,SA1,4,2900.24,,A202506
D,RESIDUE_PRICE_BID,,1,C2026Q3T08,V-SA,SA1,3,2900,,A202506
D,RESIDUE_PRICE_BID,,1,C2026Q4T07,V-SA,SA1,3,2900,,A202506
D,RESIDUE_PRICE_BID,,1,C2028Q2T01,V-SA,SA1,3,2875.24,,A202506
D,RESIDUE_PRICE_BID,,1,C2026Q2T09,V-SA,SA1,3,2875.24,,A202506
D,RESIDUE_PRICE_BID,,1,C2027Q2T05,V-SA,SA1,3,2875.24,,A202506
D,RESIDUE_PRICE_BID,,1,C2026Q3T08,V-SA,SA1,2,2853,,A202506
D,RESIDUE_PRICE_BID,,1,C2028Q1T02,V-SA,SA1,10,2851.50,,A202506
D,RESIDUE_PRICE_BID,,1,C2025Q3T12,V-SA,SA1,3,2850,,A202506
D,RESIDUE_PRICE_BID,,1,C2027Q1T06,V-SA,SA1,10,2775,,A202506
D,RESIDUE_PRICE_BID,,1,C2027Q1T06,V-SA,SA1,12,2775,,A202506
D,RESIDUE_PRICE_BID,,1,C2027Q1T06,V-SA,SA1,3,2750.24,,A202506
D,RESIDUE_PRICE_BID,,1,C2028Q1T02,V-SA,SA1,3,2750.24,,A202506
D,RESIDUE_PRICE_BID,,1,C2026Q2T09,V-SA,SA1,3,2750.24,,A202506
D,RESIDUE_PRICE_BID,,1,C2028Q2T01,V-SA,SA1,3,2750.24,,A202506
D,RESIDUE_PRICE_BID,,1,C2027Q4T03,V-SA,SA1,3,2750.24,,A202506
D,RESIDUE_PRICE_BID,,1,C2026Q1T10,V-SA,SA1,3,2750.24,,A202506
D,RESIDUE_PRICE_BID,,1,C2027Q3T04,V-SA,SA1,4,2750.24,,A202506
D,RESIDUE_PRICE_BID,,1,C2026Q3T08,V-SA,SA1,4,2750.24,,A202506
D,RESIDUE_PRICE_BID,,1,C2025Q4T11,V-SA,SA1,3,2750.24,,A202506
D,RESIDUE_PRICE_BID,,1,C2027Q2T05,V-SA,SA1,3,2750.24,,A202506
D,RESIDUE_PRICE_BID,,1,C2026Q4T07,V-SA,SA1,3,2750.24,,A202506
D,RESIDUE_PRICE_BID,,1,C2026Q1T10,V-SA,SA1,3,2750,,A202506
D,RESIDUE_PRICE_BID,,1,C2025Q3T12,V-SA,SA1,3,2736.8264,,A202506
D,RESIDUE_PRICE_BID,,1,C2028Q2T01,V-SA,SA1,5,2712.26,,A202506
D,RESIDUE_PRICE_BID,,1,C2026Q2T09,V-SA,SA1,2,2708,,A202506
D,RESIDUE_PRICE_BID,,1,C2027Q3T04,V-SA,SA1,5,2707.43,,A202506
D,RESIDUE_PRICE_BID,,1,C2026Q4T07,V-SA,SA1,3,2700,,A202506
D,RESIDUE_PRICE_BID,,1,C2026Q3T08,V-SA,SA1,3,2700,,A202506
D,RESIDUE_PRICE_BID,,1,C2026Q3T08,V-SA,SA1,5,2698.03,,A202506
D,RESIDUE_PRICE_BID,,1,C2025Q3T12,V-SA,SA1,5,2686.22,,A202506
D,RESIDUE_PRICE_BID,,1,C2025Q3T12,V-SA,SA1,5,2643.53,,A202506
D,RESIDUE_PRICE_BID,,1,C2027Q4T03,V-SA,SA1,5,2625.89,,A202506
D,RESIDUE_PRICE_BID,,1,C2028Q2T01,V-SA,SA1,3,2625.239990,,A202506
D,RESIDUE_PRICE_BID,,1,C2026Q2T09,V-SA,SA1,3,2625.239990,,A202506
D,RESIDUE_PRICE_BID,,1,C2027Q2T05,V-SA,SA1,3,2625.239990,,A202506
D,RESIDUE_PRICE_BID,,1,C2026Q1T10,V-SA,SA1,3,2600.239990,,A202506
D,RESIDUE_PRICE_BID,,1,C2026Q4T07,V-SA,SA1,3,2600.239990,,A202506
D,RESIDUE_PRICE_BID,,1,C2027Q1T06,V-SA,SA1,3,2600.239990,,A202506
D,RESIDUE_PRICE_BID,,1,C2025Q3T12,V-SA,SA1,4,2600.239990,,A202506
D,RESIDUE_PRICE_BID,,1,C2025Q4T11,V-SA,SA1,3,2600.239990,,A202506
D,RESIDUE_PRICE_BID,,1,C2027Q4T03,V-SA,SA1,3,2600.239990,,A202506
D,RESIDUE_PRICE_BID,,1,C2028Q1T02,V-SA,SA1,3,2600.239990,,A202506
D,RESIDUE_PRICE_BID,,1,C2027Q2T05,V-SA,SA1,2,2599,,A202506
D,RESIDUE_PRICE_BID,,1,C2027Q3T04,V-SA,SA1,2,2594,,A202506
D,RESIDUE_PRICE_BID,,1,C2026Q2T09,V-SA,SA1,10,2559,,A202506
D,RESIDUE_PRICE_BID,,1,C2026Q2T09,V-SA,SA1,12,2559,,A202506
D,RESIDUE_PRICE_BID,,1,C2028Q2T01,V-SA,SA1,10,2551.50,,A202506
D,RESIDUE_PRICE_BID,,1,C2026Q4T07,V-SA,SA1,5,2551.50,,A202506
D,RESIDUE_PRICE_BID,,1,C2027Q2T05,V-SA,SA1,10,2551.50,,A202506
D,RESIDUE_PRICE_BID,,1,C2025Q4T11,V-SA,SA1,5,2551.50,,A202506
D,RESIDUE_PRICE_BID,,1,C2028Q1T02,V-SA,SA1,3,2509.32,,A202506
D,RESIDUE_PRICE_BID,,1,C2028Q2T01,V-SA,SA1,3,2500.239990,,A202506
D,RESIDUE_PRICE_BID,,1,C2027Q3T04,V-SA,SA1,4,2500.239990,,A202506
D,RESIDUE_PRICE_BID,,1,C2026Q2T09,V-SA,SA1,3,2500.239990,,A202506
D,RESIDUE_PRICE_BID,,1,C2027Q2T05,V-SA,SA1,3,2500.239990,,A202506
D,RESIDUE_PRICE_BID,,1,C2026Q3T08,V-SA,SA1,4,2500.239990,,A202506
D,RESIDUE_PRICE_BID,,1,C2025Q4T11,V-SA,SA1,3,2500,,A202506
D,RESIDUE_PRICE_BID,,1,C2027Q4T03,V-SA,SA1,3,2450.239990,,A202506
D,RESIDUE_PRICE_BID,,1,C2025Q4T11,V-SA,SA1,3,2450.239990,,A202506
D,RESIDUE_PRICE_BID,,1,C2028Q1T02,V-SA,SA1,3,2450.239990,,A202506
D,RESIDUE_PRICE_BID,,1,C2026Q1T10,V-SA,SA1,3,2450.239990,,A202506
D,RESIDUE_PRICE_BID,,1,C2027Q1T06,V-SA,SA1,3,2450.239990,,A202506
D,RESIDUE_PRICE_BID,,1,C2026Q4T07,V-SA,SA1,3,2450.239990,,A202506
D,RESIDUE_PRICE_BID,,1,C2026Q4T07,V-SA,SA1,2,2405,,A202506
D,RESIDUE_PRICE_BID,,1,C2027Q3T04,V-SA,SA1,3,2382.5340,,A202506
D,RESIDUE_PRICE_BID,,1,C2026Q2T09,V-SA,SA1,3,2375.239990,,A202506
D,RESIDUE_PRICE_BID,,1,C2027Q2T05,V-SA,SA1,3,2375.239990,,A202506
D,RESIDUE_PRICE_BID,,1,C2028Q2T01,V-SA,SA1,3,2375.239990,,A202506
D,RESIDUE_PRICE_BID,,1,C2026Q3T08,V-SA,SA1,3,2374.2664,,A202506
D,RESIDUE_PRICE_BID,,1,C2027Q4T03,V-SA,SA1,3,2310.7788,,A202506
D,RESIDUE_PRICE_BID,,1,C2027Q3T04,V-SA,SA1,5,2301.32,,A202506
D,RESIDUE_PRICE_BID,,1,C2028Q1T02,V-SA,SA1,3,2300.239990,,A202506
D,RESIDUE_PRICE_BID,,1,C2025Q4T11,V-SA,SA1,3,2300.239990,,A202506
D,RESIDUE_PRICE_BID,,1,C2026Q1T10,V-SA,SA1,3,2300.239990,,A202506
D,RESIDUE_PRICE_BID,,1,C2027Q4T03,V-SA,SA1,3,2300.239990,,A202506
D,RESIDUE_PRICE_BID,,1,C2027Q1T06,V-SA,SA1,3,2300.239990,,A202506
D,RESIDUE_PRICE_BID,,1,C2026Q4T07,V-SA,SA1,3,2300.239990,,A202506
D,RESIDUE_PRICE_BID,,1,C2025Q3T12,V-SA,SA1,4,2300.239990,,A202506
D,RESIDUE_PRICE_BID,,1,C2026Q3T08,V-SA,SA1,5,2293.33,,A202506
D,RESIDUE_PRICE_BID,,1,C2026Q3T08,V-SA,SA1,2,2282,,A202506
D,RESIDUE_PRICE_BID,,1,C2028Q2T01,V-SA,SA1,3,2250.239990,,A202506
D,RESIDUE_PRICE_BID,,1,C2027Q2T05,V-SA,SA1,3,2250.239990,,A202506
D,RESIDUE_PRICE_BID,,1,C2026Q2T09,V-SA,SA1,3,2250.239990,,A202506
D,RESIDUE_PRICE_BID,,1,C2026Q3T08,V-SA,SA1,4,2250.239990,,A202506
D,RESIDUE_PRICE_BID,,1,C2027Q3T04,V-SA,SA1,4,2250.239990,,A202506
D,RESIDUE_PRICE_BID,,1,C2026Q4T07,V-SA,SA1,3,2245.32,,A202506
D,RESIDUE_PRICE_BID,,1,C2027Q2T05,V-SA,SA1,3,2245.32,,A202506
D,RESIDUE_PRICE_BID,,1,C2026Q4T07,V-SA,SA1,15,2208,,A202506
D,RESIDUE_PRICE_BID,,1,C2026Q3T08,V-SA,SA1,15,2208,,A202506
D,RESIDUE_PRICE_BID,,1,C2025Q3T12,V-SA,SA1,15,2208,,A202506
D,RESIDUE_PRICE_BID,,1,C2025Q4T11,V-SA,SA1,10,2208,,A202506
D,RESIDUE_PRICE_BID,,1,C2027Q4T03,V-SA,SA1,15,2208,,A202506
D,RESIDUE_PRICE_BID,,1,C2027Q3T04,V-SA,SA1,15,2208,,A202506
D,RESIDUE_PRICE_BID,,1,C2026Q1T10,V-SA,SA1,15,2187.50,,A202506
D,RESIDUE_PRICE_BID,,1,C2027Q2T05,V-SA,SA1,15,2184,,A202506
D,RESIDUE_PRICE_BID,,1,C2028Q2T01,V-SA,SA1,15,2184,,A202506
D,RESIDUE_PRICE_BID,,1,C2026Q2T09,V-SA,SA1,5,2184,,A202506
D,RESIDUE_PRICE_BID,,1,C2028Q1T02,V-SA,SA1,15,2184,,A202506
D,RESIDUE_PRICE_BID,,1,C2025Q3T12,V-SA,SA1,5,2177.02,,A202506
D,RESIDUE_PRICE_BID,,1,C2026Q2T09,V-SA,SA1,10,2175.15,,A202506
D,RESIDUE_PRICE_BID,,1,C2027Q2T05,V-SA,SA1,10,2168.78,,A202506
D,RESIDUE_PRICE_BID,,1,C2028Q2T01,V-SA,SA1,10,2168.78,,A202506
D,RESIDUE_PRICE_BID,,1,C2026Q2T09,V-SA,SA1,2,2166,,A202506
D,RESIDUE_PRICE_BID,,1,C2027Q1T06,V-SA,SA1,15,2160,,A202506
D,RESIDUE_PRICE_BID,,1,C2026Q1T10,V-SA,SA1,15,2160,,A202506
D,RESIDUE_PRICE_BID,,1,C2025Q4T11,V-SA,SA1,3,2150.239990,,A202506
D,RESIDUE_PRICE_BID,,1,C2027Q4T03,V-SA,SA1,3,2150.239990,,A202506
D,RESIDUE_PRICE_BID,,1,C2026Q1T10,V-SA,SA1,3,2150.239990,,A202506
D,RESIDUE_PRICE_BID,,1,C2026Q4T07,V-SA,SA1,3,2150.239990,,A202506
D,RESIDUE_PRICE_BID,,1,C2027Q1T06,V-SA,SA1,3,2150.239990,,A202506
D,RESIDUE_PRICE_BID,,1,C2028Q1T02,V-SA,SA1,3,2150.239990,,A202506
D,RESIDUE_PRICE_BID,,1,C2027Q2T05,V-SA,SA1,3,2125.239990,,A202506
D,RESIDUE_PRICE_BID,,1,C2026Q2T09,V-SA,SA1,3,2125.239990,,A202506
D,RESIDUE_PRICE_BID,,1,C2028Q2T01,V-SA,SA1,3,2125.239990,,A202506
D,RESIDUE_PRICE_BID,,1,C2026Q1T10,V-SA,SA1,6,2062.50,,A202506
D,RESIDUE_PRICE_BID,,1,C2025Q3T12,V-SA,SA1,6,2052.6198,,A202506
D,RESIDUE_PRICE_BID,,1,C2025Q4T11,V-SA,SA1,12,2041.20,,A202506
D,RESIDUE_PRICE_BID,,1,C2027Q1T06,V-SA,SA1,8,2003,,A202506
D,RESIDUE_PRICE_BID,,1,C2028Q1T02,V-SA,SA1,10,2003,,A202506
D,RESIDUE_PRICE_BID,,1,C2027Q1T06,V-SA,SA1,10,2003,,A202506
D,RESIDUE_PRICE_BID,,1,C2026Q1T10,V-SA,SA1,10,2003,,A202506
D,RESIDUE_PRICE_BID,,1,C2028Q1T02,V-SA,SA1,6,2003,,A202506
D,RESIDUE_PRICE_BID,,1,C2026Q1T10,V-SA,SA1,8,2003,,A202506
D,RESIDUE_PRICE_BID,,1,C2026Q3T08,V-SA,SA1,4,2000.24,,A202506
D,RESIDUE_PRICE_BID,,1,C2027Q3T04,V-SA,SA1,4,2000.24,,A202506
D,RESIDUE_PRICE_BID,,1,C2026Q4T07,V-SA,SA1,3,2000.24,,A202506
D,RESIDUE_PRICE_BID,,1,C2026Q2T09,V-SA,SA1,3,2000.24,,A202506
D,RESIDUE_PRICE_BID,,1,C2026Q1T10,V-SA,SA1,3,2000.24,,A202506
D,RESIDUE_PRICE_BID,,1,C2027Q4T03,V-SA,SA1,3,2000.24,,A202506
D,RESIDUE_PRICE_BID,,1,C2027Q1T06,V-SA,SA1,3,2000.24,,A202506
D,RESIDUE_PRICE_BID,,1,C2025Q3T12,V-SA,SA1,4,2000.24,,A202506
D,RESIDUE_PRICE_BID,,1,C2028Q2T01,V-SA,SA1,3,2000.24,,A202506
D,RESIDUE_PRICE_BID,,1,C2025Q4T11,V-SA,SA1,3,2000.24,,A202506
D,RESIDUE_PRICE_BID,,1,C2028Q1T02,V-SA,SA1,3,2000.24,,A202506
D,RESIDUE_PRICE_BID,,1,C2027Q2T05,V-SA,SA1,3,2000.24,,A202506
D,RESIDUE_PRICE_BID,,1,C2025Q4T11,V-SA,SA1,3,2000,,A202506
D,RESIDUE_PRICE_BID,,1,C2026Q3T08,V-SA,SA1,10,2000,,A202506
D,RESIDUE_PRICE_BID,,1,C2028Q1T02,V-SA,SA1,10,1996.05,,A202506
D,RESIDUE_PRICE_BID,,1,C2027Q1T06,V-SA,SA1,10,1942.50,,A202506
D,RESIDUE_PRICE_BID,,1,C2027Q3T04,V-SA,SA1,5,1895.20,,A202506
D,RESIDUE_PRICE_BID,,1,C2026Q3T08,V-SA,SA1,5,1888.62,,A202506
D,RESIDUE_PRICE_BID,,1,C2028Q1T02,V-SA,SA1,6,1881.99,,A202506
D,RESIDUE_PRICE_BID,,1,C2026Q2T09,V-SA,SA1,3,1875.24,,A202506
D,RESIDUE_PRICE_BID,,1,C2027Q2T05,V-SA,SA1,3,1875.24,,A202506
D,RESIDUE_PRICE_BID,,1,C2028Q2T01,V-SA,SA1,3,1875.24,,A202506
D,RESIDUE_PRICE_BID,,1,C2026Q4T07,V-SA,SA1,3,1850.24,,A202506
D,RESIDUE_PRICE_BID,,1,C2025Q4T11,V-SA,SA1,3,1850.24,,A202506
D,RESIDUE_PRICE_BID,,1,C2027Q1T06,V-SA,SA1,3,1850.24,,A202506
D,RESIDUE_PRICE_BID,,1,C2028Q1T02,V-SA,SA1,3,1850.24,,A202506
D,RESIDUE_PRICE_BID,,1,C2026Q1T10,V-SA,SA1,3,1850.24,,A202506
D,RESIDUE_PRICE_BID,,1,C2027Q4T03,V-SA,SA1,3,1850.24,,A202506
D,RESIDUE_PRICE_BID,,1,C2027Q4T03,V-SA,SA1,5,1838.12,,A202506
D,RESIDUE_PRICE_BID,,1,C2026Q2T09,V-SA,SA1,10,1791.30,,A202506
D,RESIDUE_PRICE_BID,,1,C2027Q3T04,V-SA,SA1,6,1786.9005,,A202506
D,RESIDUE_PRICE_BID,,1,C2026Q4T07,V-SA,SA1,5,1786.05,,A202506
D,RESIDUE_PRICE_BID,,1,C2027Q2T05,V-SA,SA1,10,1786.05,,A202506
D,RESIDUE_PRICE_BID,,1,C2028Q2T01,V-SA,SA1,10,1786.05,,A202506
D,RESIDUE_PRICE_BID,,1,C2025Q4T11,V-SA,SA1,7,1786.05,,A202506
D,RESIDUE_PRICE_BID,,1,C2026Q3T08,V-SA,SA1,6,1780.6998,,A202506
D,RESIDUE_PRICE_BID,,1,C2028Q2T01,V-SA,SA1,3,1763.96,,A202506
D,RESIDUE_PRICE_BID,,1,C2027Q3T04,V-SA,SA1,4,1750.24,,A202506
D,RESIDUE_PRICE_BID,,1,C2026Q3T08,V-SA,SA1,4,1750.24,,A202506
D,RESIDUE_PRICE_BID,,1,C2027Q2T05,V-SA,SA1,3,1750.24,,A202506
D,RESIDUE_PRICE_BID,,1,C2028Q2T01,V-SA,SA1,3,1750.24,,A202506
D,RESIDUE_PRICE_BID,,1,C2026Q2T09,V-SA,SA1,3,1750.24,,A202506
D,RESIDUE_PRICE_BID,,1,C2027Q4T03,V-SA,SA1,6,1733.0841,,A202506
D,RESIDUE_PRICE_BID,,1,C2025Q3T12,V-SA,SA1,7,1710.52,,A202506
D,RESIDUE_PRICE_BID,,1,C2026Q1T10,V-SA,SA1,3,1700.24,,A202506
D,RESIDUE_PRICE_BID,,1,C2026Q4T07,V-SA,SA1,3,1700.24,,A202506
D,RESIDUE_PRICE_BID,,1,C2025Q3T12,V-SA,SA1,4,1700.24,,A202506
D,RESIDUE_PRICE_BID,,1,C2027Q4T03,V-SA,SA1,3,1700.24,,A202506
D,RESIDUE_PRICE_BID,,1,C2028Q1T02,V-SA,SA1,3,1700.24,,A202506
D,RESIDUE_PRICE_BID,,1,C2027Q1T06,V-SA,SA1,3,1700.24,,A202506
D,RESIDUE_PRICE_BID,,1,C2025Q4T11,V-SA,SA1,3,1700.24,,A202506
D,RESIDUE_PRICE_BID,,1,C2026Q4T07,V-SA,SA1,6,1683.99,,A202506
D,RESIDUE_PRICE_BID,,1,C2027Q2T05,V-SA,SA1,6,1683.99,,A202506
D,RESIDUE_PRICE_BID,,1,C2026Q2T09,V-SA,SA1,3,1625.24,,A202506
D,RESIDUE_PRICE_BID,,1,C2027Q2T05,V-SA,SA1,3,1625.24,,A202506
D,RESIDUE_PRICE_BID,,1,C2028Q2T01,V-SA,SA1,3,1625.24,,A202506
D,RESIDUE_PRICE_BID,,1,C2027Q1T06,V-SA,SA1,3,1550.24,,A202506
D,RESIDUE_PRICE_BID,,1,C2028Q1T02,V-SA,SA1,3,1550.24,,A202506
D,RESIDUE_PRICE_BID,,1,C2026Q4T07,V-SA,SA1,3,1550.24,,A202506
D,RESIDUE_PRICE_BID,,1,C2027Q4T03,V-SA,SA1,3,1550.24,,A202506
D,RESIDUE_PRICE_BID,,1,C2026Q1T10,V-SA,SA1,3,1550.24,,A202506
D,RESIDUE_PRICE_BID,,1,C2025Q4T11,V-SA,SA1,3,1550.24,,A202506
D,RESIDUE_PRICE_BID,,1,C2026Q3T08,V-SA,SA1,4,1500.24,,A202506
D,RESIDUE_PRICE_BID,,1,C2027Q3T04,V-SA,SA1,4,1500.24,,A202506
D,RESIDUE_PRICE_BID,,1,C2027Q2T05,V-SA,SA1,3,1500.24,,A202506
D,RESIDUE_PRICE_BID,,1,C2026Q2T09,V-SA,SA1,3,1500.24,,A202506
D,RESIDUE_PRICE_BID,,1,C2028Q2T01,V-SA,SA1,3,1500.24,,A202506
D,RESIDUE_PRICE_BID,,1,C2026Q2T09,V-SA,SA1,10,1500,,A202506
D,RESIDUE_PRICE_BID,,1,C2025Q4T11,V-SA,SA1,3,1500,,A202506
D,RESIDUE_PRICE_BID,,1,C2026Q1T10,V-SA,SA1,10,1500,,A202506
D,RESIDUE_PRICE_BID,,1,C2027Q3T04,V-SA,SA1,7,1489.09,,A202506
D,RESIDUE_PRICE_BID,,1,C2026Q3T08,V-SA,SA1,7,1483.92,,A202506
D,RESIDUE_PRICE_BID,,1,C2026Q2T09,V-SA,SA1,10,1407.45,,A202506
D,RESIDUE_PRICE_BID,,1,C2027Q2T05,V-SA,SA1,10,1403.33,,A202506
D,RESIDUE_PRICE_BID,,1,C2028Q2T01,V-SA,SA1,10,1403.33,,A202506
D,RESIDUE_PRICE_BID,,1,C2028Q1T02,V-SA,SA1,3,1400.24,,A202506
D,RESIDUE_PRICE_BID,,1,C2025Q4T11,V-SA,SA1,3,1400.24,,A202506
D,RESIDUE_PRICE_BID,,1,C2027Q1T06,V-SA,SA1,3,1400.24,,A202506
D,RESIDUE_PRICE_BID,,1,C2025Q3T12,V-SA,SA1,4,1400.24,,A202506
D,RESIDUE_PRICE_BID,,1,C2027Q4T03,V-SA,SA1,3,1400.24,,A202506
D,RESIDUE_PRICE_BID,,1,C2026Q1T10,V-SA,SA1,3,1400.24,,A202506
D,RESIDUE_PRICE_BID,,1,C2026Q4T07,V-SA,SA1,3,1400.24,,A202506
D,RESIDUE_PRICE_BID,,1,C2028Q2T01,V-SA,SA1,3,1375.24,,A202506
D,RESIDUE_PRICE_BID,,1,C2026Q2T09,V-SA,SA1,3,1375.24,,A202506
D,RESIDUE_PRICE_BID,,1,C2027Q2T05,V-SA,SA1,3,1375.24,,A202506
D,RESIDUE_PRICE_BID,,1,C2026Q1T10,V-SA,SA1,12,1375,,A202506
D,RESIDUE_PRICE_BID,,1,C2025Q3T12,V-SA,SA1,13,1368.4132,,A202506
D,RESIDUE_PRICE_BID,,1,C2028Q2T01,V-SA,SA1,6,1322.97,,A202506
D,RESIDUE_PRICE_BID,,1,C2028Q1T02,V-SA,SA1,12,1254.66,,A202506
D,RESIDUE_PRICE_BID,,1,C2026Q4T07,V-SA,SA1,3,1250.24,,A202506
D,RESIDUE_PRICE_BID,,1,C2027Q3T04,V-SA,SA1,4,1250.24,,A202506
D,RESIDUE_PRICE_BID,,1,C2027Q2T05,V-SA,SA1,3,1250.24,,A202506
D,RESIDUE_PRICE_BID,,1,C2025Q4T11,V-SA,SA1,3,1250.24,,A202506
D,RESIDUE_PRICE_BID,,1,C2026Q1T10,V-SA,SA1,3,1250.24,,A202506
D,RESIDUE_PRICE_BID,,1,C2028Q2T01,V-SA,SA1,3,1250.24,,A202506
D,RESIDUE_PRICE_BID,,1,C2028Q1T02,V-SA,SA1,3,1250.24,,A202506
D,RESIDUE_PRICE_BID,,1,C2026Q2T09,V-SA,SA1,3,1250.24,,A202506
D,RESIDUE_PRICE_BID,,1,C2027Q4T03,V-SA,SA1,3,1250.24,,A202506
D,RESIDUE_PRICE_BID,,1,C2026Q3T08,V-SA,SA1,4,1250.24,,A202506
D,RESIDUE_PRICE_BID,,1,C2027Q1T06,V-SA,SA1,3,1250.24,,A202506
D,RESIDUE_PRICE_BID,,1,C2026Q1T10,V-SA,SA1,15,1250,,A202506
D,RESIDUE_PRICE_BID,,1,C2025Q3T12,V-SA,SA1,10,1244.01,,A202506
D,RESIDUE_PRICE_BID,,1,C2027Q3T04,V-SA,SA1,12,1191.2670,,A202506
D,RESIDUE_PRICE_BID,,1,C2026Q3T08,V-SA,SA1,12,1187.1332,,A202506
D,RESIDUE_PRICE_BID,,1,C2027Q4T03,V-SA,SA1,12,1155.3894,,A202506
D,RESIDUE_PRICE_BID,,1,C2028Q1T02,V-SA,SA1,16,1140.599990,,A202506
D,RESIDUE_PRICE_BID,,1,C2026Q2T09,V-SA,SA1,3,1125.24,,A202506
D,RESIDUE_PRICE_BID,,1,C2028Q2T01,V-SA,SA1,3,1125.24,,A202506
D,RESIDUE_PRICE_BID,,1,C2027Q2T05,V-SA,SA1,3,1125.24,,A202506
D,RESIDUE_PRICE_BID,,1,C2026Q4T07,V-SA,SA1,12,1122.66,,A202506
D,RESIDUE_PRICE_BID,,1,C2027Q2T05,V-SA,SA1,12,1122.66,,A202506
D,RESIDUE_PRICE_BID,,1,C2027Q1T06,V-SA,SA1,16,1110,,A202506
D,RESIDUE_PRICE_BID,,1,C2026Q3T08,V-SA,SA1,30,1104,,A202506
D,RESIDUE_PRICE_BID,,1,C2027Q4T03,V-SA,SA1,30,1104,,A202506
D,RESIDUE_PRICE_BID,,1,C2026Q4T07,V-SA,SA1,30,1104,,A202506
D,RESIDUE_PRICE_BID,,1,C2025Q4T11,V-SA,SA1,35,1104,,A202506
D,RESIDUE_PRICE_BID,,1,C2027Q3T04,V-SA,SA1,30,1104,,A202506
D,RESIDUE_PRICE_BID,,1,C2025Q3T12,V-SA,SA1,30,1104,,A202506
D,RESIDUE_PRICE_BID,,1,C2026Q1T10,V-SA,SA1,3,1100.24,,A202506
D,RESIDUE_PRICE_BID,,1,C2027Q1T06,V-SA,SA1,3,1100.24,,A202506
D,RESIDUE_PRICE_BID,,1,C2027Q4T03,V-SA,SA1,3,1100.24,,A202506
D,RESIDUE_PRICE_BID,,1,C2026Q4T07,V-SA,SA1,3,1100.24,,A202506
D,RESIDUE_PRICE_BID,,1,C2028Q1T02,V-SA,SA1,3,1100.24,,A202506
D,RESIDUE_PRICE_BID,,1,C2025Q4T11,V-SA,SA1,3,1100.24,,A202506
D,RESIDUE_PRICE_BID,,1,C2025Q3T12,V-SA,SA1,4,1100.24,,A202506
D,RESIDUE_PRICE_BID,,1,C2028Q1T02,V-SA,SA1,30,1092,,A202506
D,RESIDUE_PRICE_BID,,1,C2026Q2T09,V-SA,SA1,40,1092,,A202506
D,RESIDUE_PRICE_BID,,1,C2028Q2T01,V-SA,SA1,30,1092,,A202506
D,RESIDUE_PRICE_BID,,1,C2027Q2T05,V-SA,SA1,30,1092,,A202506
D,RESIDUE_PRICE_BID,,1,C2027Q3T04,V-SA,SA1,10,1082.97,,A202506
D,RESIDUE_PRICE_BID,,1,C2027Q1T06,V-SA,SA1,30,1080,,A202506
D,RESIDUE_PRICE_BID,,1,C2026Q1T10,V-SA,SA1,30,1080,,A202506
D,RESIDUE_PRICE_BID,,1,C2026Q3T08,V-SA,SA1,10,1079.21,,A202506
D,RESIDUE_PRICE_BID,,1,C2027Q4T03,V-SA,SA1,7,1050.349990,,A202506
D,RESIDUE_PRICE_BID,,1,C2026Q2T09,V-SA,SA1,11,1023.60,,A202506
D,RESIDUE_PRICE_BID,,1,C2025Q4T11,V-SA,SA1,10,1020.60,,A202506
D,RESIDUE_PRICE_BID,,1,C2026Q4T07,V-SA,SA1,7,1020.60,,A202506
D,RESIDUE_PRICE_BID,,1,C2028Q2T01,V-SA,SA1,11,1020.60,,A202506
D,RESIDUE_PRICE_BID,,1,C2027Q2T05,V-SA,SA1,11,1020.60,,A202506
D,RESIDUE_PRICE_BID,,1,C2025Q4T11,V-SA,SA1,19,1020.60,,A202506
D,RESIDUE_PRICE_BID,,1,C2026Q3T08,V-SA,SA1,4,1000.24,,A202506
D,RESIDUE_PRICE_BID,,1,C2026Q2T09,V-SA,SA1,3,1000.24,,A202506
D,RESIDUE_PRICE_BID,,1,C2027Q2T05,V-SA,SA1,3,1000.24,,A202506
D,RESIDUE_PRICE_BID,,1,C2028Q2T01,V-SA,SA1,3,1000.24,,A202506
D,RESIDUE_PRICE_BID,,1,C2027Q3T04,V-SA,SA1,4,1000.24,,A202506
D,RESIDUE_PRICE_BID,,1,C2025Q4T11,V-SA,SA1,3,1000,,A202506
D,RESIDUE_PRICE_BID,,1,C2028Q1T02,V-SA,SA1,3,950.24,,A202506
D,RESIDUE_PRICE_BID,,1,C2027Q1T06,V-SA,SA1,3,950.24,,A202506
D,RESIDUE_PRICE_BID,,1,C2026Q1T10,V-SA,SA1,3,950.24,,A202506
D,RESIDUE_PRICE_BID,,1,C2027Q4T03,V-SA,SA1,3,950.24,,A202506
D,RESIDUE_PRICE_BID,,1,C2026Q4T07,V-SA,SA1,3,950.24,,A202506
D,RESIDUE_PRICE_BID,,1,C2025Q4T11,V-SA,SA1,3,950.24,,A202506
D,RESIDUE_PRICE_BID,,1,C2028Q2T01,V-SA,SA1,12,881.98,,A202506
D,RESIDUE_PRICE_BID,,1,C2027Q2T05,V-SA,SA1,3,875.24,,A202506
D,RESIDUE_PRICE_BID,,1,C2026Q2T09,V-SA,SA1,3,875.24,,A202506
D,RESIDUE_PRICE_BID,,1,C2028Q2T01,V-SA,SA1,3,875.24,,A202506
D,RESIDUE_PRICE_BID,,1,C2028Q1T02,V-SA,SA1,3,800.24,,A202506
D,RESIDUE_PRICE_BID,,1,C2025Q3T12,V-SA,SA1,4,800.24,,A202506
D,RESIDUE_PRICE_BID,,1,C2027Q1T06,V-SA,SA1,3,800.24,,A202506
D,RESIDUE_PRICE_BID,,1,C2025Q4T11,V-SA,SA1,3,800.24,,A202506
D,RESIDUE_PRICE_BID,,1,C2026Q4T07,V-SA,SA1,3,800.24,,A202506
D,RESIDUE_PRICE_BID,,1,C2027Q4T03,V-SA,SA1,3,800.24,,A202506
D,RESIDUE_PRICE_BID,,1,C2026Q1T10,V-SA,SA1,3,800.24,,A202506
D,RESIDUE_PRICE_BID,,1,C2028Q2T01,V-SA,SA1,3,750.24,,A202506
D,RESIDUE_PRICE_BID,,1,C2026Q2T09,V-SA,SA1,3,750.24,,A202506
D,RESIDUE_PRICE_BID,,1,C2027Q3T04,V-SA,SA1,4,750.24,,A202506
D,RESIDUE_PRICE_BID,,1,C2027Q2T05,V-SA,SA1,3,750.24,,A202506
D,RESIDUE_PRICE_BID,,1,C2026Q3T08,V-SA,SA1,4,750.24,,A202506
D,RESIDUE_PRICE_BID,,1,C2026Q1T10,V-SA,SA1,35,687.50,,A202506
D,RESIDUE_PRICE_BID,,1,C2025Q3T12,V-SA,SA1,36,684.2066,,A202506
D,RESIDUE_PRICE_BID,,1,C2028Q1T02,V-SA,SA1,3,650.24,,A202506
D,RESIDUE_PRICE_BID,,1,C2026Q4T07,V-SA,SA1,3,650.24,,A202506
D,RESIDUE_PRICE_BID,,1,C2025Q4T11,V-SA,SA1,3,650.24,,A202506
D,RESIDUE_PRICE_BID,,1,C2027Q1T06,V-SA,SA1,3,650.24,,A202506
D,RESIDUE_PRICE_BID,,1,C2026Q1T10,V-SA,SA1,3,650.24,,A202506
D,RESIDUE_PRICE_BID,,1,C2027Q4T03,V-SA,SA1,3,650.24,,A202506
D,RESIDUE_PRICE_BID,,1,C2028Q1T02,V-SA,SA1,35,627.33,,A202506
D,RESIDUE_PRICE_BID,,1,C2028Q2T01,V-SA,SA1,3,625.24,,A202506
D,RESIDUE_PRICE_BID,,1,C2027Q2T05,V-SA,SA1,3,625.24,,A202506
D,RESIDUE_PRICE_BID,,1,C2026Q2T09,V-SA,SA1,3,625.24,,A202506
D,RESIDUE_PRICE_BID,,1,C2027Q3T04,V-SA,SA1,35,595.6335,,A202506
D,RESIDUE_PRICE_BID,,1,C2026Q3T08,V-SA,SA1,35,593.5666,,A202506
D,RESIDUE_PRICE_BID,,1,C2027Q4T03,V-SA,SA1,35,577.6947,,A202506
D,RESIDUE_PRICE_BID,,1,C2026Q4T07,V-SA,SA1,35,561.33,,A202506
D,RESIDUE_PRICE_BID,,1,C2027Q2T05,V-SA,SA1,35,561.33,,A202506
D,RESIDUE_PRICE_BID,,1,C2027Q1T06,V-SA,SA1,21,555,,A202506
D,RESIDUE_PRICE_BID,,1,C2025Q3T12,V-SA,SA1,15,552,,A202506
D,RESIDUE_PRICE_BID,,1,C2027Q4T03,V-SA,SA1,15,552,,A202506
D,RESIDUE_PRICE_BID,,1,C2025Q4T11,V-SA,SA1,15,552,,A202506
D,RESIDUE_PRICE_BID,,1,C2026Q4T07,V-SA,SA1,15,552,,A202506
D,RESIDUE_PRICE_BID,,1,C2026Q3T08,V-SA,SA1,15,552,,A202506
D,RESIDUE_PRICE_BID,,1,C2027Q3T04,V-SA,SA1,15,552,,A202506
D,RESIDUE_PRICE_BID,,1,C2026Q2T09,V-SA,SA1,15,546,,A202506
D,RESIDUE_PRICE_BID,,1,C2028Q1T02,V-SA,SA1,15,546,,A202506
D,RESIDUE_PRICE_BID,,1,C2028Q2T01,V-SA,SA1,15,546,,A202506
D,RESIDUE_PRICE_BID,,1,C2027Q2T05,V-SA,SA1,15,546,,A202506
D,RESIDUE_PRICE_BID,,1,C2027Q1T06,V-SA,SA1,15,540,,A202506
D,RESIDUE_PRICE_BID,,1,C2026Q1T10,V-SA,SA1,15,540,,A202506
D,RESIDUE_PRICE_BID,,1,C2026Q2T09,V-SA,SA1,21,511.80,,A202506
D,RESIDUE_PRICE_BID,,1,C2028Q2T01,V-SA,SA1,35,440.99,,A202506
D,RESIDUE_PRICE_BID,,1,C2026Q3T08,V-SA,SA1,3,138,,A202506
D,RESIDUE_PRICE_BID,,1,C2027Q4T03,V-SA,SA1,3,138,,A202506
D,RESIDUE_PRICE_BID,,1,C2025Q4T11,V-SA,SA1,3,138,,A202506
D,RESIDUE_PRICE_BID,,1,C2026Q4T07,V-SA,SA1,3,138,,A202506
D,RESIDUE_PRICE_BID,,1,C2027Q3T04,V-SA,SA1,3,138,,A202506
D,RESIDUE_PRICE_BID,,1,C2025Q3T12,V-SA,SA1,5,138,,A202506
D,RESIDUE_PRICE_BID,,1,C2026Q2T09,V-SA,SA1,3,136.50,,A202506
D,RESIDUE_PRICE_BID,,1,C2028Q2T01,V-SA,SA1,3,136.50,,A202506
D,RESIDUE_PRICE_BID,,1,C2028Q1T02,V-SA,SA1,3,136.50,,A202506
D,RESIDUE_PRICE_BID,,1,C2027Q2T05,V-SA,SA1,3,136.50,,A202506
D,RESIDUE_PRICE_BID,,1,C2026Q1T10,V-SA,SA1,3,135,,A202506
D,RESIDUE_PRICE_BID,,1,C2027Q1T06,V-SA,SA1,3,135,,A202506
D,RESIDUE_PRICE_BID,,1,C2025Q4T11,V-SA,SA1,1,34.50,,A202506
D,RESIDUE_PRICE_BID,,1,C2027Q3T04,V-SA,SA1,1,34.50,,A202506
D,RESIDUE_PRICE_BID,,1,C2026Q3T08,V-SA,SA1,1,34.50,,A202506
D,RESIDUE_PRICE_BID,,1,C2027Q4T03,V-SA,SA1,1,34.50,,A202506
D,RESIDUE_PRICE_BID,,1,C2026Q4T07,V-SA,SA1,1,34.50,,A202506
D,RESIDUE_PRICE_BID,,1,C2025Q3T12,V-SA,SA1,1,34.50,,A202506
D,RESIDUE_PRICE_BID,,1,C2028Q2T01,V-SA,SA1,1,34.13,,A202506
D,RESIDUE_PRICE_BID,,1,C2026Q2T09,V-SA,SA1,1,34.13,,A202506
D,RESIDUE_PRICE_BID,,1,C2027Q2T05,V-SA,SA1,1,34.13,,A202506
D,RESIDUE_PRICE_BID,,1,C2028Q1T02,V-SA,SA1,1,34.13,,A202506
D,RESIDUE_PRICE_BID,,1,C2027Q1T06,V-SA,SA1,1,33.75,,A202506
D,RESIDUE_PRICE_BID,,1,C2026Q1T10,V-SA,SA1,1,33.75,,A202506
D,RESIDUE_PRICE_BID,,1,C2027Q4T03,V-SA,SA1,1,4.42,,A202506
D,RESIDUE_PRICE_BID,,1,C2027Q3T04,V-SA,SA1,1,4.42,,A202506
D,RESIDUE_PRICE_BID,,1,C2025Q3T12,V-SA,SA1,1,4.42,,A202506
D,RESIDUE_PRICE_BID,,1,C2025Q4T11,V-SA,SA1,1,4.42,,A202506
D,RESIDUE_PRICE_BID,,1,C2026Q4T07,V-SA,SA1,1,4.42,,A202506
D,RESIDUE_PRICE_BID,,1,C2026Q3T08,V-SA,SA1,1,4.42,,A202506
D,RESIDUE_PRICE_BID,,1,C2028Q2T01,V-SA,SA1,1,4.37,,A202506
D,RESIDUE_PRICE_BID,,1,C2028Q1T02,V-SA,SA1,1,4.37,,A202506
D,RESIDUE_PRICE_BID,,1,C2027Q2T05,V-SA,SA1,1,4.37,,A202506
D,RESIDUE_PRICE_BID,,1,C2026Q2T09,V-SA,SA1,1,4.37,,A202506
D,RESIDUE_PRICE_BID,,1,C2027Q1T06,V-SA,SA1,1,4.32,,A202506
D,RESIDUE_PRICE_BID,,1,C2026Q1T10,V-SA,SA1,1,4.32,,A202506
D,RESIDUE_PRICE_BID,,1,C2027Q3T04,V-SA,SA1,1,3.31,,A202506
D,RESIDUE_PRICE_BID,,1,C2025Q4T11,V-SA,SA1,1,3.31,,A202506
D,RESIDUE_PRICE_BID,,1,C2027Q4T03,V-SA,SA1,1,3.31,,A202506
D,RESIDUE_PRICE_BID,,1,C2026Q4T07,V-SA,SA1,1,3.31,,A202506
D,RESIDUE_PRICE_BID,,1,C2026Q3T08,V-SA,SA1,1,3.31,,A202506
D,RESIDUE_PRICE_BID,,1,C2025Q3T12,V-SA,SA1,1,3.31,,A202506
D,RESIDUE_PRICE_BID,,1,C2027Q2T05,V-SA,SA1,1,3.28,,A202506
D,RESIDUE_PRICE_BID,,1,C2028Q2T01,V-SA,SA1,1,3.28,,A202506
D,RESIDUE_PRICE_BID,,1,C2028Q1T02,V-SA,SA1,1,3.28,,A202506
D,RESIDUE_PRICE_BID,,1,C2026Q2T09,V-SA,SA1,1,3.28,,A202506
D,RESIDUE_PRICE_BID,,1,C2026Q1T10,V-SA,SA1,1,3.24,,A202506
D,RESIDUE_PRICE_BID,,1,C2027Q1T06,V-SA,SA1,1,3.24,,A202506
D,RESIDUE_PRICE_BID,,1,C2025Q4T11,V-SA,SA1,1,2.21,,A202506
D,RESIDUE_PRICE_BID,,1,C2027Q4T03,V-SA,SA1,1,2.21,,A202506
D,RESIDUE_PRICE_BID,,1,C2025Q3T12,V-SA,SA1,1,2.21,,A202506
D,RESIDUE_PRICE_BID,,1,C2026Q3T08,V-SA,SA1,1,2.21,,A202506
D,RESIDUE_PRICE_BID,,1,C2027Q3T04,V-SA,SA1,1,2.21,,A202506
D,RESIDUE_PRICE_BID,,1,C2026Q4T07,V-SA,SA1,1,2.21,,A202506
D,RESIDUE_PRICE_BID,,1,C2028Q2T01,V-SA,SA1,1,2.18,,A202506
D,RESIDUE_PRICE_BID,,1,C2026Q2T09,V-SA,SA1,1,2.18,,A202506
D,RESIDUE_PRICE_BID,,1,C2028Q1T02,V-SA,SA1,1,2.18,,A202506
D,RESIDUE_PRICE_BID,,1,C2027Q2T05,V-SA,SA1,1,2.18,,A202506
D,RESIDUE_PRICE_BID,,1,C2027Q1T06,V-SA,SA1,1,2.16,,A202506
D,RESIDUE_PRICE_BID,,1,C2026Q1T10,V-SA,SA1,1,2.16,,A202506
D,RESIDUE_PRICE_BID,,1,C2026Q4T07,V-SA,SA1,1,1.10,,A202506
D,RESIDUE_PRICE_BID,,1,C2027Q3T04,V-SA,SA1,1,1.10,,A202506
D,RESIDUE_PRICE_BID,,1,C2026Q3T08,V-SA,SA1,1,1.10,,A202506
D,RESIDUE_PRICE_BID,,1,C2025Q3T12,V-SA,SA1,1,1.10,,A202506
D,RESIDUE_PRICE_BID,,1,C2025Q4T11,V-SA,SA1,1,1.10,,A202506
D,RESIDUE_PRICE_BID,,1,C2027Q4T03,V-SA,SA1,1,1.10,,A202506
D,RESIDUE_PRICE_BID,,1,C2028Q1T02,V-SA,SA1,1,1.09,,A202506
D,RESIDUE_PRICE_BID,,1,C2027Q2T05,V-SA,SA1,1,1.09,,A202506
D,RESIDUE_PRICE_BID,,1,C2026Q2T09,V-SA,SA1,1,1.09,,A202506
D,RESIDUE_PRICE_BID,,1,C2028Q2T01,V-SA,SA1,1,1.09,,A202506
D,RESIDUE_PRICE_BID,,1,C2026Q1T10,V-SA,SA1,1,1.08,,A202506
D,RESIDUE_PRICE_BID,,1,C2027Q1T06,V-SA,SA1,1,1.08,,A202506
D,RESIDUE_PRICE_BID,,1,C2028Q2T01,V-SA,SA1,1,0.01,,A202506
D,RESIDUE_PRICE_BID,,1,C2028Q2T01,V-SA,SA1,1,0.01,,A202506
D,RESIDUE_PRICE_BID,,1,C2026Q4T07,V-SA,SA1,1,0.01,,A202506
D,RESIDUE_PRICE_BID,,1,C2028Q1T02,V-SA,SA1,1,0.01,,A202506
D,RESIDUE_PRICE_BID,,1,C2027Q1T06,V-SA,SA1,1,0.01,,A202506
D,RESIDUE_PRICE_BID,,1,C2027Q4T03,V-SA,SA1,1,0.01,,A202506
D,RESIDUE_PRICE_BID,,1,C2026Q2T09,V-SA,SA1,1,0.01,,A202506
D,RESIDUE_PRICE_BID,,1,C2025Q4T11,V-SA,SA1,1,0.01,,A202506
D,RESIDUE_PRICE_BID,,1,C2026Q2T09,V-SA,SA1,1,0.01,,A202506
D,RESIDUE_PRICE_BID,,1,C2027Q1T06,V-SA,SA1,1,0.01,,A202506
D,RESIDUE_PRICE_BID,,1,C2028Q1T02,V-SA,SA1,1,0.01,,A202506
D,RESIDUE_PRICE_BID,,1,C2027Q4T03,V-SA,SA1,1,0.01,,A202506
D,RESIDUE_PRICE_BID,,1,C2026Q1T10,V-SA,SA1,1,0.01,,A202506
D,RESIDUE_PRICE_BID,,1,C2025Q4T11,V-SA,SA1,1,0.01,,A202506
D,RESIDUE_PRICE_BID,,1,C2028Q2T01,V-SA,SA1,1,0.01,,A202506
D,RESIDUE_PRICE_BID,,1,C2027Q1T06,V-SA,SA1,1,0.01,,A202506
D,RESIDUE_PRICE_BID,,1,C2026Q3T08,V-SA,SA1,1,0.01,,A202506
D,RESIDUE_PRICE_BID,,1,C2026Q1T10,V-SA,SA1,1,0.01,,A202506
D,RESIDUE_PRICE_BID,,1,C2026Q4T07,V-SA,SA1,1,0.01,,A202506
D,RESIDUE_PRICE_BID,,1,C2026Q4T07,V-SA,SA1,1,0.01,,A202506
D,RESIDUE_PRICE_BID,,1,C2026Q4T07,V-SA,SA1,1,0.01,,A202506
D,RESIDUE_PRICE_BID,,1,C2028Q2T01,V-SA,SA1,1,0.01,,A202506
D,RESIDUE_PRICE_BID,,1,C2027Q2T05,V-SA,SA1,1,0.01,,A202506
D,RESIDUE_PRICE_BID,,1,C2028Q2T01,V-SA,SA1,1,0.01,,A202506
D,RESIDUE_PRICE_BID,,1,C2026Q1T10,V-SA,SA1,1,0.01,,A202506
D,RESIDUE_PRICE_BID,,1,C2028Q1T02,V-SA,SA1,1,0.01,,A202506
D,RESIDUE_PRICE_BID,,1,C2026Q1T10,V-SA,SA1,1,0.01,,A202506
D,RESIDUE_PRICE_BID,,1,C2025Q4T11,V-SA,SA1,1,0.01,,A202506
D,RESIDUE_PRICE_BID,,1,C2025Q4T11,V-SA,SA1,1,0.01,,A202506
D,RESIDUE_PRICE_BID,,1,C2027Q1T06,V-SA,SA1,1,0.01,,A202506
D,RESIDUE_PRICE_BID,,1,C2027Q4T03,V-SA,SA1,1,0.01,,A202506
D,RESIDUE_PRICE_BID,,1,C2028Q1T02,V-SA,SA1,1,0.01,,A202506
D,RESIDUE_PRICE_BID,,1,C2026Q3T08,V-SA,SA1,1,0.01,,A202506
D,RESIDUE_PRICE_BID,,1,C2025Q3T12,V-SA,SA1,1,0.01,,A202506
D,RESIDUE_PRICE_BID,,1,C2028Q1T02,V-SA,SA1,1,0.01,,A202506
D,RESIDUE_PRICE_BID,,1,C2026Q2T09,V-SA,SA1,1,0.01,,A202506
D,RESIDUE_PRICE_BID,,1,C2027Q3T04,V-SA,SA1,1,0.01,,A202506
D,RESIDUE_PRICE_BID,,1,C2025Q3T12,V-SA,SA1,1,0.01,,A202506
D,RESIDUE_PRICE_BID,,1,C2027Q2T05,V-SA,SA1,1,0.01,,A202506
D,RESIDUE_PRICE_BID,,1,C2026Q3T08,V-SA,SA1,1,0.01,,A202506
D,RESIDUE_PRICE_BID,,1,C2025Q3T12,V-SA,SA1,1,0.01,,A202506
D,RESIDUE_PRICE_BID,,1,C2027Q2T05,V-SA,SA1,1,0.01,,A202506
D,RESIDUE_PRICE_BID,,1,C2026Q3T08,V-SA,SA1,1,0.01,,A202506
D,RESIDUE_PRICE_BID,,1,C2025Q3T12,V-SA,SA1,1,0.01,,A202506
D,RESIDUE_PRICE_BID,,1,C2025Q3T12,V-SA,SA1,1,0.01,,A202506
D,RESIDUE_PRICE_BID,,1,C2027Q1T06,V-SA,SA1,1,0.01,,A202506
D,RESIDUE_PRICE_BID,,1,C2026Q4T07,V-SA,SA1,1,0.01,,A202506
D,RESIDUE_PRICE_BID,,1,C2027Q2T05,V-SA,SA1,1,0.01,,A202506
D,RESIDUE_PRICE_BID,,1,C2028Q2T01,V-SA,SA1,1,0.01,,A202506
D,RESIDUE_PRICE_BID,,1,C2025Q3T12,V-SA,SA1,1,0.01,,A202506
D,RESIDUE_PRICE_BID,,1,C2026Q2T09,V-SA,SA1,1,0.01,,A202506
D,RESIDUE_PRICE_BID,,1,C2026Q1T10,V-SA,SA1,1,0.01,,A202506
D,RESIDUE_PRICE_BID,,1,C2027Q4T03,V-SA,SA1,1,0.01,,A202506
D,RESIDUE_PRICE_BID,,1,C2026Q2T09,V-SA,SA1,1,0.01,,A202506
D,RESIDUE_PRICE_BID,,1,C2027Q3T04,V-SA,SA1,1,0.01,,A202506
D,RESIDUE_PRICE_BID,,1,C2027Q4T03,V-SA,SA1,1,0.01,,A202506
D,RESIDUE_PRICE_BID,,1,C2026Q3T08,V-SA,SA1,1,0.01,,A202506
D,RESIDUE_PRICE_BID,,1,C2027Q2T05,V-SA,SA1,1,0.01,,A202506
D,RESIDUE_PRICE_BID,,1,C2025Q4T11,V-SA,SA1,1,0.01,,A202506
D,RESIDUE_PRICE_BID,,1,C2026Q3T08,V-SA,SA1,1,0.01,,A202506
D,RESIDUE_PRICE_BID,,1,C2027Q4T03,V-SA,SA1,1,0.01,,A202506
D,RESIDUE_PRICE_BID,,1,C2025Q3T12,V-SA,SA1,1,0.01,,A202506
D,RESIDUE_PRICE_BID,,1,C2026Q2T09,V-SA,SA1,1,0.01,,A202506
D,RESIDUE_PRICE_BID,,1,C2026Q4T07,V-SA,SA1,1,0.01,,A202506
D,RESIDUE_PRICE_BID,,1,C2027Q1T06,V-SA,SA1,1,0.01,,A202506
D,RESIDUE_PRICE_BID,,1,C2028Q1T02,V-SA,SA1,1,0.01,,A202506
D,RESIDUE_PRICE_BID,,1,C2027Q1T06,V-SA,SA1,1,0.01,,A202506
D,RESIDUE_PRICE_BID,,1,C2028Q2T01,V-SA,SA1,1,0.01,,A202506
D,RESIDUE_PRICE_BID,,1,C2028Q1T02,V-SA,SA1,1,0.01,,A202506
D,RESIDUE_PRICE_BID,,1,C2026Q4T07,V-SA,SA1,1,0.01,,A202506
D,RESIDUE_PRICE_BID,,1,C2027Q4T03,V-SA,SA1,1,0.01,,A202506
D,RESIDUE_PRICE_BID,,1,C2025Q3T12,V-SA,SA1,1,0.01,,A202506
D,RESIDUE_PRICE_BID,,1,C2028Q2T01,V-SA,SA1,1,0.01,,A202506
D,RESIDUE_PRICE_BID,,1,C2027Q3T04,V-SA,SA1,1,0.01,,A202506
D,RESIDUE_PRICE_BID,,1,C2026Q3T08,V-SA,SA1,1,0.01,,A202506
D,RESIDUE_PRICE_BID,,1,C2026Q4T07,V-SA,SA1,1,0.01,,A202506
D,RESIDUE_PRICE_BID,,1,C2027Q2T05,V-SA,SA1,1,0.01,,A202506
D,RESIDUE_PRICE_BID,,1,C2027Q2T05,V-SA,SA1,1,0.01,,A202506
D,RESIDUE_PRICE_BID,,1,C2025Q4T11,V-SA,SA1,1,0.01,,A202506
D,RESIDUE_PRICE_BID,,1,C2026Q1T10,V-SA,SA1,1,0.01,,A202506
D,RESIDUE_PRICE_BID,,1,C2026Q3T08,V-SA,SA1,1,0.01,,A202506
D,RESIDUE_PRICE_BID,,1,C2026Q1T10,V-SA,SA1,1,0.01,,A202506
D,RESIDUE_PRICE_BID,,1,C2028Q1T02,V-SA,SA1,1,0.01,,A202506
D,RESIDUE_PRICE_BID,,1,C2025Q3T12,V-SA,SA1,1,0.01,,A202506
D,RESIDUE_PRICE_BID,,1,C2028Q2T01,V-SA,SA1,1,0.01,,A202506
D,RESIDUE_PRICE_BID,,1,C2027Q3T04,V-SA,SA1,1,0.01,,A202506
D,RESIDUE_PRICE_BID,,1,C2026Q2T09,V-SA,SA1,1,0.01,,A202506
D,RESIDUE_PRICE_BID,,1,C2025Q4T11,V-SA,SA1,1,0.01,,A202506
D,RESIDUE_PRICE_BID,,1,C2026Q4T07,V-SA,SA1,1,0.01,,A202506
D,RESIDUE_PRICE_BID,,1,C2026Q3T08,V-SA,SA1,1,0.01,,A202506
D,RESIDUE_PRICE_BID,,1,C2026Q1T10,V-SA,SA1,1,0.01,,A202506
D,RESIDUE_PRICE_BID,,1,C2026Q3T08,V-SA,SA1,1,0.01,,A202506
D,RESIDUE_PRICE_BID,,1,C2026Q1T10,V-SA,SA1,1,0.01,,A202506
D,RESIDUE_PRICE_BID,,1,C2027Q1T06,V-SA,SA1,1,0.01,,A202506
D,RESIDUE_PRICE_BID,,1,C2027Q3T04,V-SA,SA1,1,0.01,,A202506
D,RESIDUE_PRICE_BID,,1,C2027Q1T06,V-SA,SA1,1,0.01,,A202506
D,RESIDUE_PRICE_BID,,1,C2026Q2T09,V-SA,SA1,1,0.01,,A202506
D,RESIDUE_PRICE_BID,,1,C2025Q4T11,V-SA,SA1,1,0.01,,A202506
D,RESIDUE_PRICE_BID,,1,C2028Q1T02,V-SA,SA1,1,0.01,,A202506
D,RESIDUE_PRICE_BID,,1,C2026Q1T10,V-SA,SA1,1,0.01,,A202506
D,RESIDUE_PRICE_BID,,1,C2025Q4T11,V-SA,SA1,1,0.01,,A202506
D,RESIDUE_PRICE_BID,,1,C2026Q1T10,V-SA,SA1,1,0.01,,A202506
D,RESIDUE_PRICE_BID,,1,C2026Q1T10,V-SA,SA1,1,0.01,,A202506
D,RESIDUE_PRICE_BID,,1,C2025Q3T12,V-SA,SA1,1,0.01,,A202506
D,RESIDUE_PRICE_BID,,1,C2027Q2T05,V-SA,SA1,1,0.01,,A202506
D,RESIDUE_PRICE_BID,,1,C2028Q2T01,V-SA,SA1,1,0.01,,A202506
D,RESIDUE_PRICE_BID,,1,C2026Q4T07,V-SA,SA1,1,0.01,,A202506
D,RESIDUE_PRICE_BID,,1,C2025Q3T12,V-SA,SA1,1,0.01,,A202506
D,RESIDUE_PRICE_BID,,1,C2027Q2T05,V-SA,SA1,1,0.01,,A202506
D,RESIDUE_PRICE_BID,,1,C2027Q4T03,V-SA,SA1,1,0.01,,A202506
D,RESIDUE_PRICE_BID,,1,C2028Q2T01,V-SA,SA1,1,0.01,,A202506
D,RESIDUE_PRICE_BID,,1,C2026Q2T09,V-SA,SA1,1,0.01,,A202506
D,RESIDUE_PRICE_BID,,1,C2026Q3T08,V-SA,SA1,1,0.01,,A202506
D,RESIDUE_PRICE_BID,,1,C2026Q4T07,V-SA,SA1,1,0.01,,A202506
D,RESIDUE_PRICE_BID,,1,C2027Q3T04,V-SA,SA1,1,0.01,,A202506
D,RESIDUE_PRICE_BID,,1,C2027Q3T04,V-SA,SA1,1,0.01,,A202506
D,RESIDUE_PRICE_BID,,1,C2028Q2T01,V-SA,SA1,1,0.01,,A202506
D,RESIDUE_PRICE_BID,,1,C2026Q2T09,V-SA,SA1,1,0.01,,A202506
D,RESIDUE_PRICE_BID,,1,C2027Q4T03,V-SA,SA1,1,0.01,,A202506
D,RESIDUE_PRICE_BID,,1,C2025Q3T12,V-SA,SA1,1,0.01,,A202506
D,RESIDUE_PRICE_BID,,1,C2028Q1T02,V-SA,SA1,1,0.01,,A202506
D,RESIDUE_PRICE_BID,,1,C2027Q4T03,V-SA,SA1,1,0.01,,A202506
D,RESIDUE_PRICE_BID,,1,C2027Q4T03,V-SA,SA1,1,0.01,,A202506
D,RESIDUE_PRICE_BID,,1,C2028Q1T02,V-SA,SA1,1,0.01,,A202506
D,RESIDUE_PRICE_BID,,1,C2026Q1T10,V-SA,SA1,1,0.01,,A202506
D,RESIDUE_PRICE_BID,,1,C2027Q4T03,V-SA,SA1,1,0.01,,A202506
D,RESIDUE_PRICE_BID,,1,C2026Q3T08,V-SA,SA1,1,0.01,,A202506
D,RESIDUE_PRICE_BID,,1,C2025Q3T12,V-SA,SA1,1,0.01,,A202506
D,RESIDUE_PRICE_BID,,1,C2025Q4T11,V-SA,SA1,1,0.01,,A202506
D,RESIDUE_PRICE_BID,,1,C2027Q3T04,V-SA,SA1,1,0.01,,A202506
D,RESIDUE_PRICE_BID,,1,C2027Q3T04,V-SA,SA1,1,0.01,,A202506
D,RESIDUE_PRICE_BID,,1,C2026Q2T09,V-SA,SA1,1,0.01,,A202506
D,RESIDUE_PRICE_BID,,1,C2027Q1T06,V-SA,SA1,1,0.01,,A202506
D,RESIDUE_PRICE_BID,,1,C2027Q2T05,V-SA,SA1,1,0.01,,A202506
D,RESIDUE_PRICE_BID,,1,C2027Q4T03,V-SA,SA1,1,0.01,,A202506
D,RESIDUE_PRICE_BID,,1,C2028Q2T01,V-SA,SA1,1,0.01,,A202506
D,RESIDUE_PRICE_BID,,1,C2028Q1T02,V-SA,SA1,1,0.01,,A202506
D,RESIDUE_PRICE_BID,,1,C2026Q2T09,V-SA,SA1,1,0.01,,A202506
D,RESIDUE_PRICE_BID,,1,C2026Q4T07,V-SA,SA1,1,0.01,,A202506
D,RESIDUE_PRICE_BID,,1,C2028Q1T02,V-SA,SA1,1,0.01,,A202506
D,RESIDUE_PRICE_BID,,1,C2027Q3T04,V-SA,SA1,1,0.01,,A202506
D,RESIDUE_PRICE_BID,,1,C2027Q3T04,V-SA,SA1,1,0.01,,A202506
D,RESIDUE_PRICE_BID,,1,C2028Q2T01,V-SA,SA1,1,0.01,,A202506
D,RESIDUE_PRICE_BID,,1,C2026Q3T08,V-SA,SA1,1,0.01,,A202506
D,RESIDUE_PRICE_BID,,1,C2027Q2T05,V-SA,SA1,1,0.01,,A202506
D,RESIDUE_PRICE_BID,,1,C2025Q4T11,V-SA,SA1,1,0.01,,A202506
D,RESIDUE_PRICE_BID,,1,C2027Q1T06,V-SA,SA1,1,0.01,,A202506
D,RESIDUE_PRICE_BID,,1,C2026Q1T10,V-SA,SA1,1,0.01,,A202506
D,RESIDUE_PRICE_BID,,1,C2027Q3T04,V-SA,SA1,1,0.01,,A202506
D,RESIDUE_PRICE_BID,,1,C2026Q2T09,V-SA,SA1,1,0.01,,A202506
D,RESIDUE_PRICE_BID,,1,C2025Q4T11,V-SA,SA1,1,0.01,,A202506
D,RESIDUE_PRICE_BID,,1,C2027Q3T04,V-SA,SA1,1,0.01,,A202506
D,RESIDUE_PRICE_BID,,1,C2027Q1T06,V-SA,SA1,1,0.01,,A202506
D,RESIDUE_PRICE_BID,,1,C2027Q1T06,V-SA,SA1,1,0.01,,A202506
D,RESIDUE_PRICE_BID,,1,C2026Q4T07,V-SA,SA1,1,0.01,,A202506
D,RESIDUE_PRICE_BID,,1,C2027Q1T06,V-SA,SA1,1,0.01,,A202506
D,RESIDUE_PRICE_BID,,1,C2027Q2T05,V-SA,SA1,1,0.01,,A202506
D,RESIDUE_PRICE_BID,,1,C2027Q2T05,V-SA,SA1,1,0.01,,A202506
D,RESIDUE_PRICE_BID,,1,C2025Q4T11,V-SA,SA1,1,0.01,,A202506
D,RESIDUE_PRICE_BID,,1,C2027Q3T04,V-SA,VIC1,1,60050,,A202506
D,RESIDUE_PRICE_BID,,1,C2026Q3T08,V-SA,VIC1,1,60050,,A202506
D,RESIDUE_PRICE_BID,,1,C2025Q3T12,V-SA,VIC1,1,60050,,A202506
D,RESIDUE_PRICE_BID,,1,C2026Q1T10,V-SA,VIC1,1,45360,,A202506
D,RESIDUE_PRICE_BID,,1,C2027Q1T06,V-SA,VIC1,1,43672.621090,,A202506
D,RESIDUE_PRICE_BID,,1,C2028Q1T02,V-SA,VIC1,1,34903.300780,,A202506
D,RESIDUE_PRICE_BID,,1,C2027Q1T06,V-SA,VIC1,1,32754,,A202506
D,RESIDUE_PRICE_BID,,1,C2027Q1T06,V-SA,VIC1,20,30631.35,,A202506
D,RESIDUE_PRICE_BID,,1,C2027Q3T04,V-SA,VIC1,1,30025,,A202506
D,RESIDUE_PRICE_BID,,1,C2026Q3T08,V-SA,VIC1,1,30025,,A202506
D,RESIDUE_PRICE_BID,,1,C2025Q3T12,V-SA,VIC1,1,30025,,A202506
D,RESIDUE_PRICE_BID,,1,C2028Q1T02,V-SA,VIC1,20,29501.32,,A202506
D,RESIDUE_PRICE_BID,,1,C2026Q1T10,V-SA,VIC1,5,29484,,A202506
D,RESIDUE_PRICE_BID,,1,C2027Q1T06,V-SA,VIC1,7,29479.02,,A202506
D,RESIDUE_PRICE_BID,,1,C2027Q1T06,V-SA,VIC1,20,28773.33,,A202506
D,RESIDUE_PRICE_BID,,1,C2026Q2T09,V-SA,VIC1,1,28512,,A202506
D,RESIDUE_PRICE_BID,,1,C2028Q1T02,V-SA,VIC1,20,28366.21,,A202506
D,RESIDUE_PRICE_BID,,1,C2026Q1T10,V-SA,VIC1,5,27972,,A202506
D,RESIDUE_PRICE_BID,,1,C2027Q1T06,V-SA,VIC1,10,27659.33,,A202506
D,RESIDUE_PRICE_BID,,1,C2027Q1T06,V-SA,VIC1,2,27295,,A202506
D,RESIDUE_PRICE_BID,,1,C2028Q1T02,V-SA,VIC1,11,27145.63,,A202506
D,RESIDUE_PRICE_BID,,1,C2027Q1T06,V-SA,VIC1,10,27145.63,,A202506
D,RESIDUE_PRICE_BID,,1,C2027Q1T06,V-SA,VIC1,11,26888.96,,A202506
D,RESIDUE_PRICE_BID,,1,C2026Q1T10,V-SA,VIC1,5,26460,,A202506
D,RESIDUE_PRICE_BID,,1,C2028Q1T02,V-SA,VIC1,11,26439.47,,A202506
D,RESIDUE_PRICE_BID,,1,C2027Q1T06,V-SA,VIC1,10,25839.63,,A202506
D,RESIDUE_PRICE_BID,,1,C2026Q3T08,V-SA,VIC1,7,25160.85,,A202506
D,RESIDUE_PRICE_BID,,1,C2027Q1T06,V-SA,VIC1,3,25111.7565,,A202506
D,RESIDUE_PRICE_BID,,1,C2026Q1T10,V-SA,VIC1,5,24948,,A202506
D,RESIDUE_PRICE_BID,,1,C2025Q3T12,V-SA,VIC1,12,24880.33,,A202506
D,RESIDUE_PRICE_BID,,1,C2027Q1T06,V-SA,VIC1,10,24019.94,,A202506
D,RESIDUE_PRICE_BID,,1,C2026Q3T08,V-SA,VIC1,10,23870.55,,A202506
D,RESIDUE_PRICE_BID,,1,C2027Q1T06,V-SA,VIC1,7,23583.2148,,A202506
D,RESIDUE_PRICE_BID,,1,C2028Q1T02,V-SA,VIC1,7,23559.73,,A202506
D,RESIDUE_PRICE_BID,,1,C2025Q3T12,V-SA,VIC1,19,23314.72,,A202506
D,RESIDUE_PRICE_BID,,1,C2026Q1T10,V-SA,VIC1,5,23023.23,,A202506
D,RESIDUE_PRICE_BID,,1,C2027Q2T05,V-SA,VIC1,1,23006,,A202506
D,RESIDUE_PRICE_BID,,1,C2026Q1T10,V-SA,VIC1,3,22927,,A202506
D,RESIDUE_PRICE_BID,,1,C2026Q3T08,V-SA,VIC1,10,22580.25,,A202506
D,RESIDUE_PRICE_BID,,1,C2027Q1T06,V-SA,VIC1,7,22273.0362,,A202506
D,RESIDUE_PRICE_BID,,1,C2028Q1T02,V-SA,VIC1,10,22105.43,,A202506
D,RESIDUE_PRICE_BID,,1,C2027Q1T06,V-SA,VIC1,1,21836,,A202506
D,RESIDUE_PRICE_BID,,1,C2025Q3T12,V-SA,VIC1,21,21611.11,,A202506
D,RESIDUE_PRICE_BID,,1,C2026Q3T08,V-SA,VIC1,10,21289.95,,A202506
D,RESIDUE_PRICE_BID,,1,C2028Q1T02,V-SA,VIC1,10,20651.12,,A202506
D,RESIDUE_PRICE_BID,,1,C2026Q1T10,V-SA,VIC1,5,20412,,A202506
D,RESIDUE_PRICE_BID,,1,C2026Q1T10,V-SA,VIC1,3,20412,,A202506
D,RESIDUE_PRICE_BID,,1,C2025Q3T12,V-SA,VIC1,1,20016.666020,,A202506
D,RESIDUE_PRICE_BID,,1,C2027Q3T04,V-SA,VIC1,1,20016.666020,,A202506
D,RESIDUE_PRICE_BID,,1,C2026Q3T08,V-SA,VIC1,1,20016.666020,,A202506
D,RESIDUE_PRICE_BID,,1,C2026Q1T10,V-SA,VIC1,2,20000,,A202506
D,RESIDUE_PRICE_BID,,1,C2026Q3T08,V-SA,VIC1,3,19935.134990,,A202506
D,RESIDUE_PRICE_BID,,1,C2027Q3T04,V-SA,VIC1,1,19731,,A202506
D,RESIDUE_PRICE_BID,,1,C2027Q1T06,V-SA,VIC1,5,19652.68,,A202506
D,RESIDUE_PRICE_BID,,1,C2027Q1T06,V-SA,VIC1,7,19652.6790,,A202506
D,RESIDUE_PRICE_BID,,1,C2028Q1T02,V-SA,VIC1,3,19423.40,,A202506
D,RESIDUE_PRICE_BID,,1,C2028Q1T02,V-SA,VIC1,10,19196.82,,A202506
D,RESIDUE_PRICE_BID,,1,C2026Q1T10,V-SA,VIC1,5,19106,,A202506
D,RESIDUE_PRICE_BID,,1,C2026Q1T10,V-SA,VIC1,1,18995.03,,A202506
D,RESIDUE_PRICE_BID,,1,C2025Q3T12,V-SA,VIC1,18,18977.87,,A202506
D,RESIDUE_PRICE_BID,,1,C2026Q3T08,V-SA,VIC1,3,18929,,A202506
D,RESIDUE_PRICE_BID,,1,C2026Q1T10,V-SA,VIC1,1,18862.03,,A202506
D,RESIDUE_PRICE_BID,,1,C2026Q1T10,V-SA,VIC1,1,18729.03,,A202506
D,RESIDUE_PRICE_BID,,1,C2026Q1T10,V-SA,VIC1,1,18596.03,,A202506
D,RESIDUE_PRICE_BID,,1,C2028Q2T01,V-SA,VIC1,3,18576.56,,A202506
D,RESIDUE_PRICE_BID,,1,C2026Q2T09,V-SA,VIC1,10,18532.80,,A202506
D,RESIDUE_PRICE_BID,,1,C2026Q1T10,V-SA,VIC1,2,18500,,A202506
D,RESIDUE_PRICE_BID,,1,C2026Q1T10,V-SA,VIC1,1,18463.03,,A202506
D,RESIDUE_PRICE_BID,,1,C2026Q3T08,V-SA,VIC1,7,18386.7750,,A202506
D,RESIDUE_PRICE_BID,,1,C2026Q1T10,V-SA,VIC1,1,18330.03,,A202506
D,RESIDUE_PRICE_BID,,1,C2026Q1T10,V-SA,VIC1,1,18197.03,,A202506
D,RESIDUE_PRICE_BID,,1,C2026Q1T10,V-SA,VIC1,1,18064.03,,A202506
D,RESIDUE_PRICE_BID,,1,C2028Q1T02,V-SA,VIC1,3,17975.199490,,A202506
D,RESIDUE_PRICE_BID,,1,C2026Q1T10,V-SA,VIC1,5,17940.080160,,A202506
D,RESIDUE_PRICE_BID,,1,C2026Q1T10,V-SA,VIC1,1,17931.03,,A202506
D,RESIDUE_PRICE_BID,,1,C2026Q1T10,V-SA,VIC1,10,17899.66,,A202506
D,RESIDUE_PRICE_BID,,1,C2026Q1T10,V-SA,VIC1,1,17798.03,,A202506
D,RESIDUE_PRICE_BID,,1,C2027Q1T06,V-SA,VIC1,2,17741,,A202506
D,RESIDUE_PRICE_BID,,1,C2026Q1T10,V-SA,VIC1,1,17665.03,,A202506
D,RESIDUE_PRICE_BID,,1,C2027Q2T05,V-SA,VIC1,1,17625,,A202506
D,RESIDUE_PRICE_BID,,1,C2026Q4T07,V-SA,VIC1,7,17570.53,,A202506
D,RESIDUE_PRICE_BID,,1,C2026Q1T10,V-SA,VIC1,1,17532.03,,A202506
D,RESIDUE_PRICE_BID,,1,C2026Q3T08,V-SA,VIC1,3,17509,,A202506
D,RESIDUE_PRICE_BID,,1,C2026Q1T10,V-SA,VIC1,10,17503,,A202506
D,RESIDUE_PRICE_BID,,1,C2028Q1T02,V-SA,VIC1,1,17503,,A202506
D,RESIDUE_PRICE_BID,,1,C2026Q1T10,V-SA,VIC1,8,17503,,A202506
D,RESIDUE_PRICE_BID,,1,C2027Q1T06,V-SA,VIC1,1,17469,,A202506
D,RESIDUE_PRICE_BID,,1,C2025Q3T12,V-SA,VIC1,5,17451.084310,,A202506
D,RESIDUE_PRICE_BID,,1,C2026Q3T08,V-SA,VIC1,5,17419.05,,A202506
D,RESIDUE_PRICE_BID,,1,C2027Q4T03,V-SA,VIC1,1,17400,,A202506
D,RESIDUE_PRICE_BID,,1,C2026Q1T10,V-SA,VIC1,1,17399.03,,A202506
D,RESIDUE_PRICE_BID,,1,C2026Q2T09,V-SA,VIC1,5,17325.218940,,A202506
D,RESIDUE_PRICE_BID,,1,C2026Q1T10,V-SA,VIC1,1,17266.03,,A202506
D,RESIDUE_PRICE_BID,,1,C2026Q1T10,V-SA,VIC1,1,17133.03,,A202506
D,RESIDUE_PRICE_BID,,1,C2026Q2T09,V-SA,VIC1,10,17107.20,,A202506
D,RESIDUE_PRICE_BID,,1,C2026Q1T10,V-SA,VIC1,5,17010,,A202506
D,RESIDUE_PRICE_BID,,1,C2027Q1T06,V-SA,VIC1,7,17000.03,,A202506
D,RESIDUE_PRICE_BID,,1,C2026Q1T10,V-SA,VIC1,2,17000,,A202506
D,RESIDUE_PRICE_BID,,1,C2026Q4T07,V-SA,VIC1,10,16919.77,,A202506
D,RESIDUE_PRICE_BID,,1,C2025Q3T12,V-SA,VIC1,3,16830,,A202506
D,RESIDUE_PRICE_BID,,1,C2028Q1T02,V-SA,VIC1,7,16579.0675,,A202506
D,RESIDUE_PRICE_BID,,1,C2027Q1T06,V-SA,VIC1,10,16503,,A202506
D,RESIDUE_PRICE_BID,,1,C2027Q1T06,V-SA,VIC1,8,16503,,A202506
D,RESIDUE_PRICE_BID,,1,C2026Q1T10,V-SA,VIC1,2,16500.03,,A202506
D,RESIDUE_PRICE_BID,,1,C2026Q2T09,V-SA,VIC1,3,16493,,A202506
D,RESIDUE_PRICE_BID,,1,C2026Q3T08,V-SA,VIC1,10,16451.3250,,A202506
D,RESIDUE_PRICE_BID,,1,C2027Q3T04,V-SA,VIC1,2,16443,,A202506
D,RESIDUE_PRICE_BID,,1,C2027Q1T06,V-SA,VIC1,2,16410,,A202506
D,RESIDUE_PRICE_BID,,1,C2027Q1T06,V-SA,VIC1,21,16377.2325,,A202506
D,RESIDUE_PRICE_BID,,1,C2027Q1T06,V-SA,VIC1,7,16300.03,,A202506
D,RESIDUE_PRICE_BID,,1,C2026Q4T07,V-SA,VIC1,10,16269.01,,A202506
D,RESIDUE_PRICE_BID,,1,C2025Q4T11,V-SA,VIC1,7,16219.48,,A202506
D,RESIDUE_PRICE_BID,,1,C2026Q3T08,V-SA,VIC1,10,16180.33,,A202506
D,RESIDUE_PRICE_BID,,1,C2026Q3T08,V-SA,VIC1,3,16089,,A202506
D,RESIDUE_PRICE_BID,,1,C2028Q1T02,V-SA,VIC1,7,16000.03,,A202506
D,RESIDUE_PRICE_BID,,1,C2026Q1T10,V-SA,VIC1,2,16000,,A202506
D,RESIDUE_PRICE_BID,,1,C2026Q1T10,V-SA,VIC1,2,15920.03,,A202506
D,RESIDUE_PRICE_BID,,1,C2026Q1T10,V-SA,VIC1,3,15876,,A202506
D,RESIDUE_PRICE_BID,,1,C2028Q1T02,V-SA,VIC1,5,15706.49,,A202506
D,RESIDUE_PRICE_BID,,1,C2026Q2T09,V-SA,VIC1,10,15681.60,,A202506
D,RESIDUE_PRICE_BID,,1,C2026Q4T07,V-SA,VIC1,10,15618.25,,A202506
D,RESIDUE_PRICE_BID,,1,C2027Q1T06,V-SA,VIC1,7,15600.03,,A202506
D,RESIDUE_PRICE_BID,,1,C2025Q3T12,V-SA,VIC1,3,15568,,A202506
D,RESIDUE_PRICE_BID,,1,C2028Q2T01,V-SA,VIC1,7,15529.05,,A202506
D,RESIDUE_PRICE_BID,,1,C2027Q2T05,V-SA,VIC1,7,15529.05,,A202506
D,RESIDUE_PRICE_BID,,1,C2028Q1T02,V-SA,VIC1,8,15503,,A202506
D,RESIDUE_PRICE_BID,,1,C2028Q1T02,V-SA,VIC1,10,15503,,A202506
D,RESIDUE_PRICE_BID,,1,C2025Q4T11,V-SA,VIC1,10,15387.71,,A202506
D,RESIDUE_PRICE_BID,,1,C2026Q1T10,V-SA,VIC1,2,15340.03,,A202506
D,RESIDUE_PRICE_BID,,1,C2025Q3T12,V-SA,VIC1,10,15300.82,,A202506
D,RESIDUE_PRICE_BID,,1,C2025Q3T12,V-SA,VIC1,3,15300.8190,,A202506
D,RESIDUE_PRICE_BID,,1,C2026Q1T10,V-SA,VIC1,3,15285,,A202506
D,RESIDUE_PRICE_BID,,1,C2026Q2T09,V-SA,VIC1,3,15256,,A202506
D,RESIDUE_PRICE_BID,,1,C2028Q1T02,V-SA,VIC1,7,15200.03,,A202506
D,RESIDUE_PRICE_BID,,1,C2026Q3T08,V-SA,VIC1,3,15143,,A202506
D,RESIDUE_PRICE_BID,,1,C2027Q1T06,V-SA,VIC1,2,15080,,A202506
D,RESIDUE_PRICE_BID,,1,C2027Q3T04,V-SA,VIC1,1,15012.50,,A202506
D,RESIDUE_PRICE_BID,,1,C2026Q3T08,V-SA,VIC1,1,15012.50,,A202506
D,RESIDUE_PRICE_BID,,1,C2025Q3T12,V-SA,VIC1,1,15012.50,,A202506
D,RESIDUE_PRICE_BID,,1,C2026Q1T10,V-SA,VIC1,10,15003,,A202506
D,RESIDUE_PRICE_BID,,1,C2027Q1T06,V-SA,VIC1,8,15003,,A202506
D,RESIDUE_PRICE_BID,,1,C2026Q1T10,V-SA,VIC1,8,15003,,A202506
D,RESIDUE_PRICE_BID,,1,C2027Q1T06,V-SA,VIC1,10,15003,,A202506
D,RESIDUE_PRICE_BID,,1,C2026Q3T08,V-SA,VIC1,2,15001,,A202506
D,RESIDUE_PRICE_BID,,1,C2026Q2T09,V-SA,VIC1,2,15000,,A202506
D,RESIDUE_PRICE_BID,,1,C2026Q1T10,V-SA,VIC1,2,15000,,A202506
D,RESIDUE_PRICE_BID,,1,C2026Q4T07,V-SA,VIC1,3,14967.4915,,A202506
D,RESIDUE_PRICE_BID,,1,C2027Q1T06,V-SA,VIC1,7,14900.03,,A202506
D,RESIDUE_PRICE_BID,,1,C2028Q1T02,V-SA,VIC1,10,14833.9025,,A202506
D,RESIDUE_PRICE_BID,,1,C2026Q1T10,V-SA,VIC1,2,14760.03,,A202506
D,RESIDUE_PRICE_BID,,1,C2027Q2T05,V-SA,VIC1,2,14688,,A202506
D,RESIDUE_PRICE_BID,,1,C2027Q3T04,V-SA,VIC1,2,14654.77,,A202506
D,RESIDUE_PRICE_BID,,1,C2028Q2T01,V-SA,VIC1,10,14570.47,,A202506
D,RESIDUE_PRICE_BID,,1,C2027Q2T05,V-SA,VIC1,10,14570.47,,A202506
D,RESIDUE_PRICE_BID,,1,C2025Q4T11,V-SA,VIC1,10,14555.94,,A202506
D,RESIDUE_PRICE_BID,,1,C2027Q4T03,V-SA,VIC1,2,14500,,A202506
D,RESIDUE_PRICE_BID,,1,C2027Q4T03,V-SA,VIC1,7,14433.90,,A202506
D,RESIDUE_PRICE_BID,,1,C2028Q1T02,V-SA,VIC1,7,14400.03,,A202506
D,RESIDUE_PRICE_BID,,1,C2025Q3T12,V-SA,VIC1,3,14306,,A202506
D,RESIDUE_PRICE_BID,,1,C2027Q1T06,V-SA,VIC1,7,14200.03,,A202506
D,RESIDUE_PRICE_BID,,1,C2026Q3T08,V-SA,VIC1,3,14197,,A202506
D,RESIDUE_PRICE_BID,,1,C2027Q1T06,V-SA,VIC1,2,14193,,A202506
D,RESIDUE_PRICE_BID,,1,C2027Q3T04,V-SA,VIC1,10,14180.33,,A202506
D,RESIDUE_PRICE_BID,,1,C2026Q1T10,V-SA,VIC1,2,14180.03,,A202506
D,RESIDUE_PRICE_BID,,1,C2026Q3T08,V-SA,VIC1,15,14114.72,,A202506
D,RESIDUE_PRICE_BID,,1,C2026Q4T07,V-SA,VIC1,7,14056.4268,,A202506
D,RESIDUE_PRICE_BID,,1,C2025Q3T12,V-SA,VIC1,10,14025.75,,A202506
D,RESIDUE_PRICE_BID,,1,C2026Q2T09,V-SA,VIC1,3,14019,,A202506
D,RESIDUE_PRICE_BID,,1,C2026Q2T09,V-SA,VIC1,10,14011.11,,A202506
D,RESIDUE_PRICE_BID,,1,C2026Q3T08,V-SA,VIC1,5,13994.03,,A202506
D,RESIDUE_PRICE_BID,,1,C2025Q4T11,V-SA,VIC1,10,13724.17,,A202506
D,RESIDUE_PRICE_BID,,1,C2027Q2T05,V-SA,VIC1,10,13611.88,,A202506
D,RESIDUE_PRICE_BID,,1,C2028Q2T01,V-SA,VIC1,10,13611.88,,A202506
D,RESIDUE_PRICE_BID,,1,C2026Q1T10,V-SA,VIC1,10,13608,,A202506
D,RESIDUE_PRICE_BID,,1,C2028Q1T02,V-SA,VIC1,7,13600.03,,A202506
D,RESIDUE_PRICE_BID,,1,C2026Q1T10,V-SA,VIC1,2,13600.03,,A202506
D,RESIDUE_PRICE_BID,,1,C2026Q3T08,V-SA,VIC1,10,13548.15,,A202506
D,RESIDUE_PRICE_BID,,1,C2027Q1T06,V-SA,VIC1,7,13500.03,,A202506
D,RESIDUE_PRICE_BID,,1,C2025Q3T12,V-SA,VIC1,3,13464,,A202506
D,RESIDUE_PRICE_BID,,1,C2026Q3T08,V-SA,VIC1,5,13423.03,,A202506
D,RESIDUE_PRICE_BID,,1,C2027Q4T03,V-SA,VIC1,10,13323.60,,A202506
D,RESIDUE_PRICE_BID,,1,C2026Q1T10,V-SA,VIC1,5,13308.76,,A202506
D,RESIDUE_PRICE_BID,,1,C2027Q1T06,V-SA,VIC1,2,13306,,A202506
D,RESIDUE_PRICE_BID,,1,C2026Q4T07,V-SA,VIC1,7,13275.5142,,A202506
D,RESIDUE_PRICE_BID,,1,C2027Q3T04,V-SA,VIC1,3,13228.45,,A202506
D,RESIDUE_PRICE_BID,,1,C2027Q2T05,V-SA,VIC1,3,13228.45,,A202506
D,RESIDUE_PRICE_BID,,1,C2026Q2T09,V-SA,VIC1,3,13195,,A202506
D,RESIDUE_PRICE_BID,,1,C2027Q3T04,V-SA,VIC1,1,13154,,A202506
D,RESIDUE_PRICE_BID,,1,C2027Q1T06,V-SA,VIC1,5,13101.79,,A202506
D,RESIDUE_PRICE_BID,,1,C2025Q4T11,V-SA,VIC1,10,13023.23,,A202506
D,RESIDUE_PRICE_BID,,1,C2026Q4T07,V-SA,VIC1,10,13023.23,,A202506
D,RESIDUE_PRICE_BID,,1,C2026Q1T10,V-SA,VIC1,2,13020.03,,A202506
D,RESIDUE_PRICE_BID,,1,C2026Q3T08,V-SA,VIC1,5,12852.03,,A202506
D,RESIDUE_PRICE_BID,,1,C2026Q2T09,V-SA,VIC1,5,12830.40,,A202506
D,RESIDUE_PRICE_BID,,1,C2026Q2T09,V-SA,VIC1,3,12830.40,,A202506
D,RESIDUE_PRICE_BID,,1,C2027Q2T05,V-SA,VIC1,10,12811.11,,A202506
D,RESIDUE_PRICE_BID,,1,C2027Q1T06,V-SA,VIC1,7,12800.03,,A202506
D,RESIDUE_PRICE_BID,,1,C2028Q1T02,V-SA,VIC1,7,12800.03,,A202506
D,RESIDUE_PRICE_BID,,1,C2025Q3T12,V-SA,VIC1,10,12750.68,,A202506
D,RESIDUE_PRICE_BID,,1,C2026Q4T07,V-SA,VIC1,1,12669,,A202506
D,RESIDUE_PRICE_BID,,1,C2028Q2T01,V-SA,VIC1,10,12653.30,,A202506
D,RESIDUE_PRICE_BID,,1,C2027Q2T05,V-SA,VIC1,10,12653.30,,A202506
D,RESIDUE_PRICE_BID,,1,C2025Q3T12,V-SA,VIC1,3,12622,,A202506
D,RESIDUE_PRICE_BID,,1,C2026Q3T08,V-SA,VIC1,15,12611.11,,A202506
D,RESIDUE_PRICE_BID,,1,C2026Q3T08,V-SA,VIC1,3,12501,,A202506
D,RESIDUE_PRICE_BID,,1,C2026Q2T09,V-SA,VIC1,4,12500,,A202506
D,RESIDUE_PRICE_BID,,1,C2025Q4T11,V-SA,VIC1,10,12499.66,,A202506
D,RESIDUE_PRICE_BID,,1,C2026Q1T10,V-SA,VIC1,2,12440.03,,A202506
D,RESIDUE_PRICE_BID,,1,C2027Q2T05,V-SA,VIC1,7,12423.24,,A202506
D,RESIDUE_PRICE_BID,,1,C2027Q3T04,V-SA,VIC1,7,12423.24,,A202506
D,RESIDUE_PRICE_BID,,1,C2026Q2T09,V-SA,VIC1,3,12370,,A202506
D,RESIDUE_PRICE_BID,,1,C2027Q4T03,V-SA,VIC1,10,12323.23,,A202506
D,RESIDUE_PRICE_BID,,1,C2026Q4T07,V-SA,VIC1,10,12299.66,,A202506
D,RESIDUE_PRICE_BID,,1,C2026Q3T08,V-SA,VIC1,5,12281.03,,A202506
D,RESIDUE_PRICE_BID,,1,C2026Q1T10,V-SA,VIC1,3,12228,,A202506
D,RESIDUE_PRICE_BID,,1,C2028Q1T02,V-SA,VIC1,2,12226,,A202506
D,RESIDUE_PRICE_BID,,1,C2028Q1T02,V-SA,VIC1,10,12216.1550,,A202506
D,RESIDUE_PRICE_BID,,1,C2027Q4T03,V-SA,VIC1,10,12213.30,,A202506
D,RESIDUE_PRICE_BID,,1,C2027Q3T04,V-SA,VIC1,3,12177,,A202506
D,RESIDUE_PRICE_BID,,1,C2028Q2T01,V-SA,VIC1,3,12128,,A202506
D,RESIDUE_PRICE_BID,,1,C2027Q1T06,V-SA,VIC1,7,12100.03,,A202506
D,RESIDUE_PRICE_BID,,1,C2027Q2T05,V-SA,VIC1,3,12028,,A202506
D,RESIDUE_PRICE_BID,,1,C2028Q2T01,V-SA,VIC1,10,12011.11,,A202506
D,RESIDUE_PRICE_BID,,1,C2027Q1T06,V-SA,VIC1,8,12003,,A202506
D,RESIDUE_PRICE_BID,,1,C2028Q1T02,V-SA,VIC1,8,12003,,A202506
D,RESIDUE_PRICE_BID,,1,C2028Q1T02,V-SA,VIC1,10,12003,,A202506
D,RESIDUE_PRICE_BID,,1,C2026Q1T10,V-SA,VIC1,8,12003,,A202506
D,RESIDUE_PRICE_BID,,1,C2026Q1T10,V-SA,VIC1,10,12003,,A202506
D,RESIDUE_PRICE_BID,,1,C2027Q1T06,V-SA,VIC1,10,12003,,A202506
D,RESIDUE_PRICE_BID,,1,C2028Q1T02,V-SA,VIC1,7,12000.03,,A202506
D,RESIDUE_PRICE_BID,,1,C2026Q2T09,V-SA,VIC1,2,12000.03,,A202506
D,RESIDUE_PRICE_BID,,1,C2025Q3T12,V-SA,VIC1,5,11900.64,,A202506
D,RESIDUE_PRICE_BID,,1,C2025Q3T12,V-SA,VIC1,3,11900.6370,,A202506
D,RESIDUE_PRICE_BID,,1,C2026Q1T10,V-SA,VIC1,2,11860.03,,A202506
D,RESIDUE_PRICE_BID,,1,C2028Q2T01,V-SA,VIC1,3,11848.09,,A202506
D,RESIDUE_PRICE_BID,,1,C2026Q2T09,V-SA,VIC1,10,11836.31,,A202506
D,RESIDUE_PRICE_BID,,1,C2026Q2T09,V-SA,VIC1,2,11800.03,,A202506
D,RESIDUE_PRICE_BID,,1,C2027Q2T05,V-SA,VIC1,1,11750,,A202506
D,RESIDUE_PRICE_BID,,1,C2027Q3T04,V-SA,VIC1,7,11733.06,,A202506
D,RESIDUE_PRICE_BID,,1,C2027Q2T05,V-SA,VIC1,7,11733.06,,A202506
D,RESIDUE_PRICE_BID,,1,C2026Q4T07,V-SA,VIC1,5,11713.69,,A202506
D,RESIDUE_PRICE_BID,,1,C2026Q4T07,V-SA,VIC1,7,11713.6890,,A202506
D,RESIDUE_PRICE_BID,,1,C2026Q3T08,V-SA,VIC1,5,11710.03,,A202506
D,RESIDUE_PRICE_BID,,1,C2026Q3T08,V-SA,VIC1,5,11612.70,,A202506
D,RESIDUE_PRICE_BID,,1,C2026Q2T09,V-SA,VIC1,2,11600.03,,A202506
D,RESIDUE_PRICE_BID,,1,C2027Q4T03,V-SA,VIC1,1,11600,,A202506
D,RESIDUE_PRICE_BID,,1,C2027Q4T03,V-SA,VIC1,10,11569.66,,A202506
D,RESIDUE_PRICE_BID,,1,C2027Q3T04,V-SA,VIC1,7,11503,,A202506
D,RESIDUE_PRICE_BID,,1,C2027Q4T03,V-SA,VIC1,3,11436.09,,A202506
D,RESIDUE_PRICE_BID,,1,C2027Q1T06,V-SA,VIC1,7,11400.03,,A202506
D,RESIDUE_PRICE_BID,,1,C2026Q2T09,V-SA,VIC1,2,11400.03,,A202506
D,RESIDUE_PRICE_BID,,1,C2025Q4T11,V-SA,VIC1,2,11360,,A202506
D,RESIDUE_PRICE_BID,,1,C2026Q1T10,V-SA,VIC1,7,11340,,A202506
D,RESIDUE_PRICE_BID,,1,C2026Q1T10,V-SA,VIC1,10,11340,,A202506
D,RESIDUE_PRICE_BID,,1,C2027Q2T05,V-SA,VIC1,10,11336.31,,A202506
D,RESIDUE_PRICE_BID,,1,C2028Q1T02,V-SA,VIC1,2,11310,,A202506
D,RESIDUE_PRICE_BID,,1,C2025Q4T11,V-SA,VIC1,10,11308.76,,A202506
D,RESIDUE_PRICE_BID,,1,C2026Q4T07,V-SA,VIC1,10,11308.76,,A202506
D,RESIDUE_PRICE_BID,,1,C2026Q1T10,V-SA,VIC1,2,11280.03,,A202506
D,RESIDUE_PRICE_BID,,1,C2027Q3T04,V-SA,VIC1,3,11264,,A202506
D,RESIDUE_PRICE_BID,,1,C2025Q4T11,V-SA,VIC1,5,11228.87,,A202506
D,RESIDUE_PRICE_BID,,1,C2025Q4T11,V-SA,VIC1,3,11228.8680,,A202506
D,RESIDUE_PRICE_BID,,1,C2028Q2T01,V-SA,VIC1,3,11218,,A202506
D,RESIDUE_PRICE_BID,,1,C2026Q2T09,V-SA,VIC1,2,11200.03,,A202506
D,RESIDUE_PRICE_BID,,1,C2028Q1T02,V-SA,VIC1,7,11200.03,,A202506
D,RESIDUE_PRICE_BID,,1,C2026Q3T08,V-SA,VIC1,5,11139.03,,A202506
D,RESIDUE_PRICE_BID,,1,C2027Q2T05,V-SA,VIC1,3,11126,,A202506
D,RESIDUE_PRICE_BID,,1,C2027Q3T04,V-SA,VIC1,15,11114.72,,A202506
D,RESIDUE_PRICE_BID,,1,C2027Q4T03,V-SA,VIC1,10,11103,,A202506
D,RESIDUE_PRICE_BID,,1,C2026Q2T09,V-SA,VIC1,2,11000.03,,A202506
D,RESIDUE_PRICE_BID,,1,C2028Q2T01,V-SA,VIC1,7,10927.85,,A202506
D,RESIDUE_PRICE_BID,,1,C2027Q1T06,V-SA,VIC1,6,10918.16,,A202506
D,RESIDUE_PRICE_BID,,1,C2027Q1T06,V-SA,VIC1,25,10918.1550,,A202506
D,RESIDUE_PRICE_BID,,1,C2028Q2T01,V-SA,VIC1,10,10836.31,,A202506
D,RESIDUE_PRICE_BID,,1,C2027Q3T04,V-SA,VIC1,3,10803,,A202506
D,RESIDUE_PRICE_BID,,1,C2026Q3T08,V-SA,VIC1,3,10803,,A202506
D,RESIDUE_PRICE_BID,,1,C2026Q2T09,V-SA,VIC1,2,10800.03,,A202506
D,RESIDUE_PRICE_BID,,1,C2026Q3T08,V-SA,VIC1,10,10753,,A202506
D,RESIDUE_PRICE_BID,,1,C2025Q3T12,V-SA,VIC1,10,10753,,A202506
D,RESIDUE_PRICE_BID,,1,C2027Q3T04,V-SA,VIC1,10,10753,,A202506
D,RESIDUE_PRICE_BID,,1,C2027Q3T04,V-SA,VIC1,8,10753,,A202506
D,RESIDUE_PRICE_BID,,1,C2025Q3T12,V-SA,VIC1,8,10753,,A202506
D,RESIDUE_PRICE_BID,,1,C2026Q3T08,V-SA,VIC1,8,10753,,A202506
D,RESIDUE_PRICE_BID,,1,C2027Q3T04,V-SA,VIC1,10,10736.129990,,A202506
D,RESIDUE_PRICE_BID,,1,C2026Q1T10,V-SA,VIC1,2,10700.03,,A202506
D,RESIDUE_PRICE_BID,,1,C2027Q1T06,V-SA,VIC1,7,10700.03,,A202506
D,RESIDUE_PRICE_BID,,1,C2025Q4T11,V-SA,VIC1,5,10643.831970,,A202506
D,RESIDUE_PRICE_BID,,1,C2026Q2T09,V-SA,VIC1,2,10600.03,,A202506
D,RESIDUE_PRICE_BID,,1,C2026Q3T08,V-SA,VIC1,5,10568.03,,A202506
D,RESIDUE_PRICE_BID,,1,C2026Q4T07,V-SA,VIC1,3,10558,,A202506
D,RESIDUE_PRICE_BID,,1,C2027Q4T03,V-SA,VIC1,7,10547.85,,A202506
D,RESIDUE_PRICE_BID,,1,C2027Q3T04,V-SA,VIC1,1,10523,,A202506
D,RESIDUE_PRICE_BID,,1,C2025Q4T11,V-SA,VIC1,2,10508,,A202506
D,RESIDUE_PRICE_BID,,1,C2028Q1T02,V-SA,VIC1,5,10470.99,,A202506
D,RESIDUE_PRICE_BID,,1,C2028Q1T02,V-SA,VIC1,7,10400.03,,A202506
D,RESIDUE_PRICE_BID,,1,C2026Q2T09,V-SA,VIC1,2,10400.03,,A202506
D,RESIDUE_PRICE_BID,,1,C2028Q1T02,V-SA,VIC1,2,10393,,A202506
D,RESIDUE_PRICE_BID,,1,C2027Q2T05,V-SA,VIC1,7,10352.70,,A202506
D,RESIDUE_PRICE_BID,,1,C2028Q2T01,V-SA,VIC1,5,10352.70,,A202506
D,RESIDUE_PRICE_BID,,1,C2027Q3T04,V-SA,VIC1,7,10352.70,,A202506
D,RESIDUE_PRICE_BID,,1,C2027Q2T05,V-SA,VIC1,5,10352.70,,A202506
D,RESIDUE_PRICE_BID,,1,C2027Q3T04,V-SA,VIC1,3,10350,,A202506
D,RESIDUE_PRICE_BID,,1,C2027Q4T03,V-SA,VIC1,5,10308.76,,A202506
D,RESIDUE_PRICE_BID,,1,C2028Q2T01,V-SA,VIC1,3,10308,,A202506
D,RESIDUE_PRICE_BID,,1,C2026Q4T07,V-SA,VIC1,2,10256,,A202506
D,RESIDUE_PRICE_BID,,1,C2027Q2T05,V-SA,VIC1,3,10224,,A202506
D,RESIDUE_PRICE_BID,,1,C2025Q3T12,V-SA,VIC1,5,10200.549990,,A202506
D,RESIDUE_PRICE_BID,,1,C2026Q2T09,V-SA,VIC1,2,10200.03,,A202506
D,RESIDUE_PRICE_BID,,1,C2026Q1T10,V-SA,VIC1,2,10120.03,,A202506
D,RESIDUE_PRICE_BID,,1,C2027Q2T05,V-SA,VIC1,1,10008.333010,,A202506
D,RESIDUE_PRICE_BID,,1,C2026Q2T09,V-SA,VIC1,1,10008.333010,,A202506
D,RESIDUE_PRICE_BID,,1,C2026Q1T10,V-SA,VIC1,1,10008.333010,,A202506
D,RESIDUE_PRICE_BID,,1,C2028Q1T02,V-SA,VIC1,1,10008.333010,,A202506
D,RESIDUE_PRICE_BID,,1,C2027Q1T06,V-SA,VIC1,1,10008.333010,,A202506
D,RESIDUE_PRICE_BID,,1,C2027Q1T06,V-SA,VIC1,8,10003,,A202506
D,RESIDUE_PRICE_BID,,1,C2026Q1T10,V-SA,VIC1,10,10003,,A202506
D,RESIDUE_PRICE_BID,,1,C2028Q1T02,V-SA,VIC1,10,10003,,A202506
D,RESIDUE_PRICE_BID,,1,C2026Q1T10,V-SA,VIC1,8,10003,,A202506
D,RESIDUE_PRICE_BID,,1,C2028Q1T02,V-SA,VIC1,8,10003,,A202506
D,RESIDUE_PRICE_BID,,1,C2027Q1T06,V-SA,VIC1,10,10003,,A202506
D,RESIDUE_PRICE_BID,,1,C2026Q3T08,V-SA,VIC1,2,10001,,A202506
D,RESIDUE_PRICE_BID,,1,C2028Q2T01,V-SA,VIC1,7,10000.03,,A202506
D,RESIDUE_PRICE_BID,,1,C2027Q2T05,V-SA,VIC1,7,10000.03,,A202506
D,RESIDUE_PRICE_BID,,1,C2027Q3T04,V-SA,VIC1,7,10000.03,,A202506
D,RESIDUE_PRICE_BID,,1,C2026Q2T09,V-SA,VIC1,2,10000,,A202506
D,RESIDUE_PRICE_BID,,1,C2026Q3T08,V-SA,VIC1,5,9997.03,,A202506
D,RESIDUE_PRICE_BID,,1,C2025Q3T12,V-SA,VIC1,2,9980.03,,A202506
D,RESIDUE_PRICE_BID,,1,C2026Q2T09,V-SA,VIC1,3,9979.20,,A202506
D,RESIDUE_PRICE_BID,,1,C2027Q3T04,V-SA,VIC1,10,9969.27,,A202506
D,RESIDUE_PRICE_BID,,1,C2026Q2T09,V-SA,VIC1,10,9951.65,,A202506
D,RESIDUE_PRICE_BID,,1,C2026Q3T08,V-SA,VIC1,10,9877.87,,A202506
D,RESIDUE_PRICE_BID,,1,C2027Q2T05,V-SA,VIC1,2,9828.82,,A202506
D,RESIDUE_PRICE_BID,,1,C2026Q1T10,V-SA,VIC1,10,9801.459990,,A202506
D,RESIDUE_PRICE_BID,,1,C2028Q1T02,V-SA,VIC1,2,9781,,A202506
D,RESIDUE_PRICE_BID,,1,C2028Q2T01,V-SA,VIC1,10,9777.549990,,A202506
D,RESIDUE_PRICE_BID,,1,C2026Q4T07,V-SA,VIC1,21,9761.407490,,A202506
D,RESIDUE_PRICE_BID,,1,C2025Q3T12,V-SA,VIC1,2,9752.03,,A202506
D,RESIDUE_PRICE_BID,,1,C2027Q3T04,V-SA,VIC1,3,9742,,A202506
D,RESIDUE_PRICE_BID,,1,C2026Q4T07,V-SA,VIC1,5,9741.459990,,A202506
D,RESIDUE_PRICE_BID,,1,C2028Q2T01,V-SA,VIC1,3,9702,,A202506
D,RESIDUE_PRICE_BID,,1,C2026Q3T08,V-SA,VIC1,10,9677.25,,A202506
D,RESIDUE_PRICE_BID,,1,C2026Q3T08,V-SA,VIC1,6,9677.25,,A202506
D,RESIDUE_PRICE_BID,,1,C2025Q4T11,V-SA,VIC1,2,9656,,A202506
D,RESIDUE_PRICE_BID,,1,C2027Q2T05,V-SA,VIC1,3,9623,,A202506
D,RESIDUE_PRICE_BID,,1,C2027Q3T04,V-SA,VIC1,10,9611.11,,A202506
D,RESIDUE_PRICE_BID,,1,C2028Q1T02,V-SA,VIC1,7,9600.03,,A202506
D,RESIDUE_PRICE_BID,,1,C2026Q1T10,V-SA,VIC1,2,9540.03,,A202506
D,RESIDUE_PRICE_BID,,1,C2025Q3T12,V-SA,VIC1,2,9524.03,,A202506
D,RESIDUE_PRICE_BID,,1,C2026Q2T09,V-SA,VIC1,10,9500.03,,A202506
D,RESIDUE_PRICE_BID,,1,C2026Q4T07,V-SA,VIC1,2,9487,,A202506
D,RESIDUE_PRICE_BID,,1,C2027Q4T03,V-SA,VIC1,10,9437.549990,,A202506
D,RESIDUE_PRICE_BID,,1,C2026Q3T08,V-SA,VIC1,5,9426.03,,A202506
D,RESIDUE_PRICE_BID,,1,C2027Q2T05,V-SA,VIC1,1,9400,,A202506
D,RESIDUE_PRICE_BID,,1,C2025Q3T12,V-SA,VIC1,2,9296.03,,A202506
D,RESIDUE_PRICE_BID,,1,C2027Q4T03,V-SA,VIC1,1,9280,,A202506
D,RESIDUE_PRICE_BID,,1,C2027Q3T04,V-SA,VIC1,10,9253,,A202506
D,RESIDUE_PRICE_BID,,1,C2025Q3T12,V-SA,VIC1,8,9253,,A202506
D,RESIDUE_PRICE_BID,,1,C2027Q3T04,V-SA,VIC1,8,9253,,A202506
D,RESIDUE_PRICE_BID,,1,C2026Q3T08,V-SA,VIC1,8,9253,,A202506
D,RESIDUE_PRICE_BID,,1,C2025Q3T12,V-SA,VIC1,10,9253,,A202506
D,RESIDUE_PRICE_BID,,1,C2026Q3T08,V-SA,VIC1,10,9253,,A202506
D,RESIDUE_PRICE_BID,,1,C2027Q3T04,V-SA,VIC1,10,9202.40,,A202506
D,RESIDUE_PRICE_BID,,1,C2028Q1T02,V-SA,VIC1,2,9170,,A202506
D,RESIDUE_PRICE_BID,,1,C2027Q3T04,V-SA,VIC1,3,9133,,A202506
D,RESIDUE_PRICE_BID,,1,C2027Q3T04,V-SA,VIC1,7,9100.03,,A202506
D,RESIDUE_PRICE_BID,,1,C2028Q2T01,V-SA,VIC1,7,9100.03,,A202506
D,RESIDUE_PRICE_BID,,1,C2027Q2T05,V-SA,VIC1,7,9100.03,,A202506
D,RESIDUE_PRICE_BID,,1,C2028Q2T01,V-SA,VIC1,3,9096,,A202506
D,RESIDUE_PRICE_BID,,1,C2025Q4T11,V-SA,VIC1,2,9088,,A202506
D,RESIDUE_PRICE_BID,,1,C2026Q1T10,V-SA,VIC1,14,9072,,A202506
D,RESIDUE_PRICE_BID,,1,C2025Q3T12,V-SA,VIC1,2,9068.03,,A202506
D,RESIDUE_PRICE_BID,,1,C2027Q2T05,V-SA,VIC1,3,9021,,A202506
D,RESIDUE_PRICE_BID,,1,C2027Q2T05,V-SA,VIC1,8,9003,,A202506
D,RESIDUE_PRICE_BID,,1,C2026Q2T09,V-SA,VIC1,10,9003,,A202506
D,RESIDUE_PRICE_BID,,1,C2027Q2T05,V-SA,VIC1,10,9003,,A202506
D,RESIDUE_PRICE_BID,,1,C2026Q2T09,V-SA,VIC1,8,9003,,A202506
D,RESIDUE_PRICE_BID,,1,C2026Q1T10,V-SA,VIC1,2,8960.03,,A202506
D,RESIDUE_PRICE_BID,,1,C2025Q4T11,V-SA,VIC1,5,8921.459990,,A202506
D,RESIDUE_PRICE_BID,,1,C2027Q4T03,V-SA,VIC1,5,8882.40,,A202506
D,RESIDUE_PRICE_BID,,1,C2026Q3T08,V-SA,VIC1,5,8855.03,,A202506
D,RESIDUE_PRICE_BID,,1,C2025Q3T12,V-SA,VIC1,2,8840.03,,A202506
D,RESIDUE_PRICE_BID,,1,C2028Q1T02,V-SA,VIC1,7,8800.03,,A202506
D,RESIDUE_PRICE_BID,,1,C2025Q4T11,V-SA,VIC1,3,8733.5640,,A202506
D,RESIDUE_PRICE_BID,,1,C2028Q1T02,V-SA,VIC1,6,8725.83,,A202506
D,RESIDUE_PRICE_BID,,1,C2028Q1T02,V-SA,VIC1,10,8725.8250,,A202506
D,RESIDUE_PRICE_BID,,1,C2026Q4T07,V-SA,VIC1,2,8718,,A202506
D,RESIDUE_PRICE_BID,,1,C2027Q3T04,V-SA,VIC1,21,8627.25,,A202506
D,RESIDUE_PRICE_BID,,1,C2027Q2T05,V-SA,VIC1,21,8627.25,,A202506
D,RESIDUE_PRICE_BID,,1,C2027Q3T04,V-SA,VIC1,5,8627.25,,A202506
D,RESIDUE_PRICE_BID,,1,C2025Q3T12,V-SA,VIC1,2,8612.03,,A202506
D,RESIDUE_PRICE_BID,,1,C2026Q2T09,V-SA,VIC1,5,8553.60,,A202506
D,RESIDUE_PRICE_BID,,1,C2025Q4T11,V-SA,VIC1,2,8520,,A202506
D,RESIDUE_PRICE_BID,,1,C2028Q2T01,V-SA,VIC1,10,8503,,A202506
D,RESIDUE_PRICE_BID,,1,C2028Q2T01,V-SA,VIC1,8,8503,,A202506
D,RESIDUE_PRICE_BID,,1,C2025Q3T12,V-SA,VIC1,10,8500.459990,,A202506
D,RESIDUE_PRICE_BID,,1,C2025Q3T12,V-SA,VIC1,7,8500.4550,,A202506
D,RESIDUE_PRICE_BID,,1,C2026Q4T07,V-SA,VIC1,1,8446,,A202506
D,RESIDUE_PRICE_BID,,1,C2025Q3T12,V-SA,VIC1,2,8384.03,,A202506
D,RESIDUE_PRICE_BID,,1,C2026Q1T10,V-SA,VIC1,2,8380.03,,A202506
D,RESIDUE_PRICE_BID,,1,C2027Q2T05,V-SA,VIC1,10,8351.65,,A202506
D,RESIDUE_PRICE_BID,,1,C2027Q4T03,V-SA,VIC1,2,8316,,A202506
D,RESIDUE_PRICE_BID,,1,C2026Q3T08,V-SA,VIC1,5,8284.03,,A202506
D,RESIDUE_PRICE_BID,,1,C2026Q4T07,V-SA,VIC1,2,8205,,A202506
D,RESIDUE_PRICE_BID,,1,C2028Q2T01,V-SA,VIC1,7,8200.03,,A202506
D,RESIDUE_PRICE_BID,,1,C2027Q2T05,V-SA,VIC1,7,8200.03,,A202506
D,RESIDUE_PRICE_BID,,1,C2027Q3T04,V-SA,VIC1,7,8200.03,,A202506
D,RESIDUE_PRICE_BID,,1,C2025Q3T12,V-SA,VIC1,1,8200,,A202506
D,RESIDUE_PRICE_BID,,1,C2026Q4T07,V-SA,VIC1,1,8200,,A202506
D,RESIDUE_PRICE_BID,,1,C2025Q4T11,V-SA,VIC1,1,8200,,A202506
D,RESIDUE_PRICE_BID,,1,C2026Q1T10,V-SA,VIC1,1,8200,,A202506
D,RESIDUE_PRICE_BID,,1,C2026Q2T09,V-SA,VIC1,1,8200,,A202506
D,RESIDUE_PRICE_BID,,1,C2026Q3T08,V-SA,VIC1,1,8200,,A202506
D,RESIDUE_PRICE_BID,,1,C2025Q3T12,V-SA,VIC1,2,8156.03,,A202506
D,RESIDUE_PRICE_BID,,1,C2028Q2T01,V-SA,VIC1,10,8052.10,,A202506
D,RESIDUE_PRICE_BID,,1,C2027Q2T05,V-SA,VIC1,10,8003,,A202506
D,RESIDUE_PRICE_BID,,1,C2026Q2T09,V-SA,VIC1,8,8003,,A202506
D,RESIDUE_PRICE_BID,,1,C2025Q4T11,V-SA,VIC1,8,8003,,A202506
D,RESIDUE_PRICE_BID,,1,C2026Q4T07,V-SA,VIC1,8,8003,,A202506
D,RESIDUE_PRICE_BID,,1,C2027Q2T05,V-SA,VIC1,8,8003,,A202506
D,RESIDUE_PRICE_BID,,1,C2027Q4T03,V-SA,VIC1,10,8003,,A202506
D,RESIDUE_PRICE_BID,,1,C2026Q4T07,V-SA,VIC1,10,8003,,A202506
D,RESIDUE_PRICE_BID,,1,C2027Q4T03,V-SA,VIC1,8,8003,,A202506
D,RESIDUE_PRICE_BID,,1,C2025Q4T11,V-SA,VIC1,10,8003,,A202506
D,RESIDUE_PRICE_BID,,1,C2026Q2T09,V-SA,VIC1,10,8003,,A202506
D,RESIDUE_PRICE_BID,,1,C2025Q4T11,V-SA,VIC1,1,8000.03,,A202506
D,RESIDUE_PRICE_BID,,1,C2026Q2T09,V-SA,VIC1,10,8000.03,,A202506
D,RESIDUE_PRICE_BID,,1,C2026Q2T09,V-SA,VIC1,2,8000,,A202506
D,RESIDUE_PRICE_BID,,1,C2026Q3T08,V-SA,VIC1,2,8000,,A202506
D,RESIDUE_PRICE_BID,,1,C2026Q4T07,V-SA,VIC1,5,7992.03,,A202506
D,RESIDUE_PRICE_BID,,1,C2026Q1T10,V-SA,VIC1,10,7938,,A202506
D,RESIDUE_PRICE_BID,,1,C2025Q3T12,V-SA,VIC1,2,7928.03,,A202506
D,RESIDUE_PRICE_BID,,1,C2025Q4T11,V-SA,VIC1,1,7920.03,,A202506
D,RESIDUE_PRICE_BID,,1,C2025Q4T11,V-SA,VIC1,1,7840.03,,A202506
D,RESIDUE_PRICE_BID,,1,C2026Q4T07,V-SA,VIC1,5,7809.13,,A202506
D,RESIDUE_PRICE_BID,,1,C2026Q1T10,V-SA,VIC1,2,7800.03,,A202506
D,RESIDUE_PRICE_BID,,1,C2027Q4T03,V-SA,VIC1,10,7772.10,,A202506
D,RESIDUE_PRICE_BID,,1,C2025Q4T11,V-SA,VIC1,1,7760.03,,A202506
D,RESIDUE_PRICE_BID,,1,C2026Q1T10,V-SA,VIC1,1,7750,,A202506
D,RESIDUE_PRICE_BID,,1,C2025Q3T12,V-SA,VIC1,1,7750,,A202506
D,RESIDUE_PRICE_BID,,1,C2026Q4T07,V-SA,VIC1,1,7750,,A202506
D,RESIDUE_PRICE_BID,,1,C2026Q3T08,V-SA,VIC1,1,7750,,A202506
D,RESIDUE_PRICE_BID,,1,C2025Q4T11,V-SA,VIC1,1,7750,,A202506
D,RESIDUE_PRICE_BID,,1,C2026Q2T09,V-SA,VIC1,1,7750,,A202506
D,RESIDUE_PRICE_BID,,1,C2026Q3T08,V-SA,VIC1,5,7713.03,,A202506
D,RESIDUE_PRICE_BID,,1,C2025Q3T12,V-SA,VIC1,2,7700.03,,A202506
D,RESIDUE_PRICE_BID,,1,C2026Q4T07,V-SA,VIC1,2,7692,,A202506
D,RESIDUE_PRICE_BID,,1,C2027Q4T03,V-SA,VIC1,2,7692,,A202506
D,RESIDUE_PRICE_BID,,1,C2025Q4T11,V-SA,VIC1,1,7680.03,,A202506
D,RESIDUE_PRICE_BID,,1,C2028Q2T01,V-SA,VIC1,10,7651.65,,A202506
D,RESIDUE_PRICE_BID,,1,C2027Q1T06,V-SA,VIC1,10,7642.71,,A202506
D,RESIDUE_PRICE_BID,,1,C2027Q4T03,V-SA,VIC1,5,7641.46,,A202506
D,RESIDUE_PRICE_BID,,1,C2025Q4T11,V-SA,VIC1,1,7600.03,,A202506
D,RESIDUE_PRICE_BID,,1,C2026Q4T07,V-SA,VIC1,5,7564.03,,A202506
D,RESIDUE_PRICE_BID,,1,C2026Q1T10,V-SA,VIC1,10,7560,,A202506
D,RESIDUE_PRICE_BID,,1,C2025Q4T11,V-SA,VIC1,1,7520.03,,A202506
D,RESIDUE_PRICE_BID,,1,C2028Q2T01,V-SA,VIC1,8,7503,,A202506
D,RESIDUE_PRICE_BID,,1,C2028Q2T01,V-SA,VIC1,10,7503,,A202506
D,RESIDUE_PRICE_BID,,1,C2027Q4T03,V-SA,VIC1,7,7500.03,,A202506
D,RESIDUE_PRICE_BID,,1,C2025Q4T11,V-SA,VIC1,5,7485.91,,A202506
D,RESIDUE_PRICE_BID,,1,C2025Q3T12,V-SA,VIC1,2,7472.03,,A202506
D,RESIDUE_PRICE_BID,,1,C2025Q4T11,V-SA,VIC1,1,7440.03,,A202506
D,RESIDUE_PRICE_BID,,1,C2026Q2T09,V-SA,VIC1,10,7431.33,,A202506
D,RESIDUE_PRICE_BID,,1,C2025Q4T11,V-SA,VIC1,1,7360.03,,A202506
D,RESIDUE_PRICE_BID,,1,C2027Q3T04,V-SA,VIC1,7,7300.03,,A202506
D,RESIDUE_PRICE_BID,,1,C2028Q2T01,V-SA,VIC1,7,7300.03,,A202506
D,RESIDUE_PRICE_BID,,1,C2027Q2T05,V-SA,VIC1,7,7300.03,,A202506
D,RESIDUE_PRICE_BID,,1,C2025Q3T12,V-SA,VIC1,1,7300,,A202506
D,RESIDUE_PRICE_BID,,1,C2025Q4T11,V-SA,VIC1,1,7300,,A202506
D,RESIDUE_PRICE_BID,,1,C2026Q1T10,V-SA,VIC1,1,7300,,A202506
D,RESIDUE_PRICE_BID,,1,C2026Q3T08,V-SA,VIC1,1,7300,,A202506
D,RESIDUE_PRICE_BID,,1,C2026Q4T07,V-SA,VIC1,1,7300,,A202506
D,RESIDUE_PRICE_BID,,1,C2026Q2T09,V-SA,VIC1,1,7300,,A202506
D,RESIDUE_PRICE_BID,,1,C2025Q4T11,V-SA,VIC1,1,7280.03,,A202506
D,RESIDUE_PRICE_BID,,1,C2027Q3T04,V-SA,VIC1,10,7277.87,,A202506
D,RESIDUE_PRICE_BID,,1,C2025Q3T12,V-SA,VIC1,2,7244.03,,A202506
D,RESIDUE_PRICE_BID,,1,C2026Q1T10,V-SA,VIC1,2,7220.03,,A202506
D,RESIDUE_PRICE_BID,,1,C2025Q4T11,V-SA,VIC1,1,7200.03,,A202506
D,RESIDUE_PRICE_BID,,1,C2026Q3T08,V-SA,VIC1,5,7142.03,,A202506
D,RESIDUE_PRICE_BID,,1,C2026Q4T07,V-SA,VIC1,5,7136.03,,A202506
D,RESIDUE_PRICE_BID,,1,C2026Q2T09,V-SA,VIC1,7,7128,,A202506
D,RESIDUE_PRICE_BID,,1,C2026Q2T09,V-SA,VIC1,10,7128,,A202506
D,RESIDUE_PRICE_BID,,1,C2025Q4T11,V-SA,VIC1,1,7120.03,,A202506
D,RESIDUE_PRICE_BID,,1,C2027Q4T03,V-SA,VIC1,2,7069,,A202506
D,RESIDUE_PRICE_BID,,1,C2025Q4T11,V-SA,VIC1,1,7040.03,,A202506
D,RESIDUE_PRICE_BID,,1,C2025Q3T12,V-SA,VIC1,2,7016.03,,A202506
D,RESIDUE_PRICE_BID,,1,C2025Q3T12,V-SA,VIC1,8,7003,,A202506
D,RESIDUE_PRICE_BID,,1,C2026Q3T08,V-SA,VIC1,10,7003,,A202506
D,RESIDUE_PRICE_BID,,1,C2025Q3T12,V-SA,VIC1,10,7003,,A202506
D,RESIDUE_PRICE_BID,,1,C2027Q3T04,V-SA,VIC1,8,7003,,A202506
D,RESIDUE_PRICE_BID,,1,C2025Q3T12,V-SA,VIC1,8,7003,,A202506
D,RESIDUE_PRICE_BID,,1,C2027Q3T04,V-SA,VIC1,10,7003,,A202506
D,RESIDUE_PRICE_BID,,1,C2026Q3T08,V-SA,VIC1,8,7003,,A202506
D,RESIDUE_PRICE_BID,,1,C2026Q3T08,V-SA,VIC1,8,7003,,A202506
D,RESIDUE_PRICE_BID,,1,C2027Q3T04,V-SA,VIC1,8,7003,,A202506
D,RESIDUE_PRICE_BID,,1,C2027Q4T03,V-SA,VIC1,3,6967.62,,A202506
D,RESIDUE_PRICE_BID,,1,C2025Q4T11,V-SA,VIC1,1,6960.03,,A202506
D,RESIDUE_PRICE_BID,,1,C2028Q2T01,V-SA,VIC1,5,6901.80,,A202506
D,RESIDUE_PRICE_BID,,1,C2027Q3T04,V-SA,VIC1,5,6901.80,,A202506
D,RESIDUE_PRICE_BID,,1,C2027Q2T05,V-SA,VIC1,5,6901.80,,A202506
D,RESIDUE_PRICE_BID,,1,C2025Q4T11,V-SA,VIC1,1,6880.03,,A202506
D,RESIDUE_PRICE_BID,,1,C2027Q4T03,V-SA,VIC1,7,6850.03,,A202506
D,RESIDUE_PRICE_BID,,1,C2026Q1T10,V-SA,VIC1,1,6850,,A202506
D,RESIDUE_PRICE_BID,,1,C2026Q3T08,V-SA,VIC1,1,6850,,A202506
D,RESIDUE_PRICE_BID,,1,C2025Q4T11,V-SA,VIC1,1,6850,,A202506
D,RESIDUE_PRICE_BID,,1,C2026Q2T09,V-SA,VIC1,1,6850,,A202506
D,RESIDUE_PRICE_BID,,1,C2025Q3T12,V-SA,VIC1,1,6850,,A202506
D,RESIDUE_PRICE_BID,,1,C2026Q4T07,V-SA,VIC1,1,6850,,A202506
D,RESIDUE_PRICE_BID,,1,C2026Q1T10,V-SA,VIC1,14,6804,,A202506
D,RESIDUE_PRICE_BID,,1,C2025Q3T12,V-SA,VIC1,15,6800.3640,,A202506
D,RESIDUE_PRICE_BID,,1,C2025Q4T11,V-SA,VIC1,1,6800.03,,A202506
D,RESIDUE_PRICE_BID,,1,C2025Q3T12,V-SA,VIC1,2,6788.03,,A202506
D,RESIDUE_PRICE_BID,,1,C2026Q3T08,V-SA,VIC1,10,6774.08,,A202506
D,RESIDUE_PRICE_BID,,1,C2026Q4T07,V-SA,VIC1,1,6757,,A202506
D,RESIDUE_PRICE_BID,,1,C2027Q2T05,V-SA,VIC1,10,6731.33,,A202506
D,RESIDUE_PRICE_BID,,1,C2025Q4T11,V-SA,VIC1,1,6720.03,,A202506
D,RESIDUE_PRICE_BID,,1,C2026Q4T07,V-SA,VIC1,5,6708.03,,A202506
D,RESIDUE_PRICE_BID,,1,C2026Q2T09,V-SA,VIC1,1,6672.222160,,A202506
D,RESIDUE_PRICE_BID,,1,C2026Q1T10,V-SA,VIC1,1,6672.222160,,A202506
D,RESIDUE_PRICE_BID,,1,C2028Q1T02,V-SA,VIC1,1,6672.222160,,A202506
D,RESIDUE_PRICE_BID,,1,C2027Q1T06,V-SA,VIC1,1,6672.222160,,A202506
D,RESIDUE_PRICE_BID,,1,C2027Q2T05,V-SA,VIC1,1,6672.222160,,A202506
D,RESIDUE_PRICE_BID,,1,C2027Q4T03,V-SA,VIC1,5,6661.80,,A202506
D,RESIDUE_PRICE_BID,,1,C2027Q4T03,V-SA,VIC1,2,6653,,A202506
D,RESIDUE_PRICE_BID,,1,C2025Q4T11,V-SA,VIC1,1,6640.03,,A202506
D,RESIDUE_PRICE_BID,,1,C2026Q1T10,V-SA,VIC1,2,6640.03,,A202506
D,RESIDUE_PRICE_BID,,1,C2026Q3T08,V-SA,VIC1,5,6571.03,,A202506
D,RESIDUE_PRICE_BID,,1,C2025Q4T11,V-SA,VIC1,1,6560.03,,A202506
D,RESIDUE_PRICE_BID,,1,C2025Q3T12,V-SA,VIC1,2,6560.03,,A202506
D,RESIDUE_PRICE_BID,,1,C2026Q4T07,V-SA,VIC1,6,6507.61,,A202506
D,RESIDUE_PRICE_BID,,1,C2026Q4T07,V-SA,VIC1,25,6507.6050,,A202506
D,RESIDUE_PRICE_BID,,1,C2027Q4T03,V-SA,VIC1,10,6503,,A202506
D,RESIDUE_PRICE_BID,,1,C2025Q4T11,V-SA,VIC1,8,6503,,A202506
D,RESIDUE_PRICE_BID,,1,C2026Q4T07,V-SA,VIC1,8,6503,,A202506
D,RESIDUE_PRICE_BID,,1,C2026Q4T07,V-SA,VIC1,10,6503,,A202506
D,RESIDUE_PRICE_BID,,1,C2027Q4T03,V-SA,VIC1,8,6503,,A202506
D,RESIDUE_PRICE_BID,,1,C2025Q4T11,V-SA,VIC1,10,6503,,A202506
D,RESIDUE_PRICE_BID,,1,C2026Q2T09,V-SA,VIC1,10,6500.03,,A202506
D,RESIDUE_PRICE_BID,,1,C2025Q4T11,V-SA,VIC1,1,6480.03,,A202506
D,RESIDUE_PRICE_BID,,1,C2027Q2T05,V-SA,VIC1,7,6400.03,,A202506
D,RESIDUE_PRICE_BID,,1,C2028Q2T01,V-SA,VIC1,7,6400.03,,A202506
D,RESIDUE_PRICE_BID,,1,C2027Q3T04,V-SA,VIC1,7,6400.03,,A202506
D,RESIDUE_PRICE_BID,,1,C2025Q4T11,V-SA,VIC1,1,6400.03,,A202506
D,RESIDUE_PRICE_BID,,1,C2026Q4T07,V-SA,VIC1,1,6400,,A202506
D,RESIDUE_PRICE_BID,,1,C2026Q2T09,V-SA,VIC1,1,6400,,A202506
D,RESIDUE_PRICE_BID,,1,C2026Q1T10,V-SA,VIC1,1,6400,,A202506
D,RESIDUE_PRICE_BID,,1,C2025Q4T11,V-SA,VIC1,1,6400,,A202506
D,RESIDUE_PRICE_BID,,1,C2026Q3T08,V-SA,VIC1,1,6400,,A202506
D,RESIDUE_PRICE_BID,,1,C2025Q3T12,V-SA,VIC1,1,6400,,A202506
D,RESIDUE_PRICE_BID,,1,C2025Q3T12,V-SA,VIC1,2,6332.03,,A202506
D,RESIDUE_PRICE_BID,,1,C2025Q4T11,V-SA,VIC1,1,6320.03,,A202506
D,RESIDUE_PRICE_BID,,1,C2026Q4T07,V-SA,VIC1,5,6280.03,,A202506
D,RESIDUE_PRICE_BID,,1,C2025Q4T11,V-SA,VIC1,1,6240.03,,A202506
D,RESIDUE_PRICE_BID,,1,C2025Q4T11,V-SA,VIC1,6,6238.26,,A202506
D,RESIDUE_PRICE_BID,,1,C2025Q4T11,V-SA,VIC1,7,6238.26,,A202506
D,RESIDUE_PRICE_BID,,1,C2027Q4T03,V-SA,VIC1,2,6237,,A202506
D,RESIDUE_PRICE_BID,,1,C2028Q2T01,V-SA,VIC1,10,6231.33,,A202506
D,RESIDUE_PRICE_BID,,1,C2027Q4T03,V-SA,VIC1,7,6200.03,,A202506
D,RESIDUE_PRICE_BID,,1,C2025Q4T11,V-SA,VIC1,1,6160.03,,A202506
D,RESIDUE_PRICE_BID,,1,C2028Q1T02,V-SA,VIC1,10,6108.08,,A202506
D,RESIDUE_PRICE_BID,,1,C2025Q3T12,V-SA,VIC1,2,6104.03,,A202506
D,RESIDUE_PRICE_BID,,1,C2025Q4T11,V-SA,VIC1,1,6080.03,,A202506
D,RESIDUE_PRICE_BID,,1,C2026Q1T10,V-SA,VIC1,2,6060.03,,A202506
D,RESIDUE_PRICE_BID,,1,C2028Q2T01,V-SA,VIC1,10,6003,,A202506
D,RESIDUE_PRICE_BID,,1,C2028Q2T01,V-SA,VIC1,8,6003,,A202506
D,RESIDUE_PRICE_BID,,1,C2026Q2T09,V-SA,VIC1,10,6003,,A202506
D,RESIDUE_PRICE_BID,,1,C2026Q2T09,V-SA,VIC1,8,6003,,A202506
D,RESIDUE_PRICE_BID,,1,C2027Q2T05,V-SA,VIC1,10,6003,,A202506
D,RESIDUE_PRICE_BID,,1,C2027Q2T05,V-SA,VIC1,8,6003,,A202506
D,RESIDUE_PRICE_BID,,1,C2025Q4T11,V-SA,VIC1,4,6000.03,,A202506
D,RESIDUE_PRICE_BID,,1,C2025Q3T12,V-SA,VIC1,10,5950.32,,A202506
D,RESIDUE_PRICE_BID,,1,C2026Q2T09,V-SA,VIC1,1,5950,,A202506
D,RESIDUE_PRICE_BID,,1,C2026Q1T10,V-SA,VIC1,1,5950,,A202506
D,RESIDUE_PRICE_BID,,1,C2026Q4T07,V-SA,VIC1,1,5950,,A202506
D,RESIDUE_PRICE_BID,,1,C2025Q4T11,V-SA,VIC1,1,5950,,A202506
D,RESIDUE_PRICE_BID,,1,C2026Q3T08,V-SA,VIC1,1,5950,,A202506
D,RESIDUE_PRICE_BID,,1,C2025Q3T12,V-SA,VIC1,1,5950,,A202506
D,RESIDUE_PRICE_BID,,1,C2025Q3T12,V-SA,VIC1,2,5876.03,,A202506
D,RESIDUE_PRICE_BID,,1,C2026Q4T07,V-SA,VIC1,5,5852.03,,A202506
D,RESIDUE_PRICE_BID,,1,C2026Q3T08,V-SA,VIC1,29,5806.35,,A202506
D,RESIDUE_PRICE_BID,,1,C2028Q2T01,V-SA,VIC1,6,5751.50,,A202506
D,RESIDUE_PRICE_BID,,1,C2028Q2T01,V-SA,VIC1,10,5751.50,,A202506
D,RESIDUE_PRICE_BID,,1,C2027Q3T04,V-SA,VIC1,25,5751.50,,A202506
D,RESIDUE_PRICE_BID,,1,C2027Q3T04,V-SA,VIC1,5,5751.50,,A202506
D,RESIDUE_PRICE_BID,,1,C2027Q2T05,V-SA,VIC1,6,5751.50,,A202506
D,RESIDUE_PRICE_BID,,1,C2027Q2T05,V-SA,VIC1,25,5751.50,,A202506
D,RESIDUE_PRICE_BID,,1,C2026Q2T09,V-SA,VIC1,14,5702.40,,A202506
D,RESIDUE_PRICE_BID,,1,C2025Q3T12,V-SA,VIC1,2,5648.03,,A202506
D,RESIDUE_PRICE_BID,,1,C2027Q4T03,V-SA,VIC1,6,5551.50,,A202506
D,RESIDUE_PRICE_BID,,1,C2027Q4T03,V-SA,VIC1,10,5551.50,,A202506
D,RESIDUE_PRICE_BID,,1,C2027Q4T03,V-SA,VIC1,7,5550.03,,A202506
D,RESIDUE_PRICE_BID,,1,C2025Q3T12,V-SA,VIC1,10,5520,,A202506
D,RESIDUE_PRICE_BID,,1,C2026Q3T08,V-SA,VIC1,10,5520,,A202506
D,RESIDUE_PRICE_BID,,1,C2027Q2T05,V-SA,VIC1,7,5500.03,,A202506
D,RESIDUE_PRICE_BID,,1,C2028Q2T01,V-SA,VIC1,7,5500.03,,A202506
D,RESIDUE_PRICE_BID,,1,C2027Q3T04,V-SA,VIC1,7,5500.03,,A202506
D,RESIDUE_PRICE_BID,,1,C2025Q4T11,V-SA,VIC1,4,5500.03,,A202506
D,RESIDUE_PRICE_BID,,1,C2026Q1T10,V-SA,VIC1,1,5500,,A202506
D,RESIDUE_PRICE_BID,,1,C2026Q1T10,V-SA,VIC1,2,5480.03,,A202506
D,RESIDUE_PRICE_BID,,1,C2028Q1T02,V-SA,VIC1,10,5460,,A202506
D,RESIDUE_PRICE_BID,,1,C2026Q4T07,V-SA,VIC1,5,5424.03,,A202506
D,RESIDUE_PRICE_BID,,1,C2025Q3T12,V-SA,VIC1,2,5420.03,,A202506
D,RESIDUE_PRICE_BID,,1,C2027Q1T06,V-SA,VIC1,10,5400,,A202506
D,RESIDUE_PRICE_BID,,1,C2028Q1T02,V-SA,VIC1,29,5235.4950,,A202506
D,RESIDUE_PRICE_BID,,1,C2025Q3T12,V-SA,VIC1,2,5192.03,,A202506
D,RESIDUE_PRICE_BID,,1,C2025Q3T12,V-SA,VIC1,15,5100.2730,,A202506
D,RESIDUE_PRICE_BID,,1,C2026Q1T10,V-SA,VIC1,1,5004.1665,,A202506
D,RESIDUE_PRICE_BID,,1,C2027Q1T06,V-SA,VIC1,1,5004.1665,,A202506
D,RESIDUE_PRICE_BID,,1,C2026Q2T09,V-SA,VIC1,1,5004.1665,,A202506
D,RESIDUE_PRICE_BID,,1,C2027Q2T05,V-SA,VIC1,1,5004.1665,,A202506
D,RESIDUE_PRICE_BID,,1,C2028Q1T02,V-SA,VIC1,1,5004.1665,,A202506
D,RESIDUE_PRICE_BID,,1,C2025Q4T11,V-SA,VIC1,8,5003,,A202506
D,RESIDUE_PRICE_BID,,1,C2027Q4T03,V-SA,VIC1,8,5003,,A202506
D,RESIDUE_PRICE_BID,,1,C2027Q4T03,V-SA,VIC1,10,5003,,A202506
D,RESIDUE_PRICE_BID,,1,C2025Q4T11,V-SA,VIC1,10,5003,,A202506
D,RESIDUE_PRICE_BID,,1,C2026Q4T07,V-SA,VIC1,10,5003,,A202506
D,RESIDUE_PRICE_BID,,1,C2026Q4T07,V-SA,VIC1,8,5003,,A202506
D,RESIDUE_PRICE_BID,,1,C2026Q2T09,V-SA,VIC1,10,5000.03,,A202506
D,RESIDUE_PRICE_BID,,1,C2025Q4T11,V-SA,VIC1,4,5000.03,,A202506
D,RESIDUE_PRICE_BID,,1,C2026Q4T07,V-SA,VIC1,5,4996.03,,A202506
D,RESIDUE_PRICE_BID,,1,C2025Q4T11,V-SA,VIC1,14,4990.6080,,A202506
D,RESIDUE_PRICE_BID,,1,C2026Q2T09,V-SA,VIC1,10,4989.60,,A202506
D,RESIDUE_PRICE_BID,,1,C2025Q3T12,V-SA,VIC1,2,4964.03,,A202506
D,RESIDUE_PRICE_BID,,1,C2026Q1T10,V-SA,VIC1,2,4900.03,,A202506
D,RESIDUE_PRICE_BID,,1,C2027Q4T03,V-SA,VIC1,7,4900.03,,A202506
D,RESIDUE_PRICE_BID,,1,C2025Q3T12,V-SA,VIC1,2,4736.03,,A202506
D,RESIDUE_PRICE_BID,,1,C2027Q2T05,V-SA,VIC1,7,4600.03,,A202506
D,RESIDUE_PRICE_BID,,1,C2028Q2T01,V-SA,VIC1,7,4600.03,,A202506
D,RESIDUE_PRICE_BID,,1,C2027Q3T04,V-SA,VIC1,7,4600.03,,A202506
D,RESIDUE_PRICE_BID,,1,C2026Q4T07,V-SA,VIC1,5,4568.03,,A202506
D,RESIDUE_PRICE_BID,,1,C2026Q4T07,V-SA,VIC1,10,4555.33,,A202506
D,RESIDUE_PRICE_BID,,1,C2026Q1T10,V-SA,VIC1,13,4536,,A202506
D,RESIDUE_PRICE_BID,,1,C2026Q1T10,V-SA,VIC1,29,4536,,A202506
D,RESIDUE_PRICE_BID,,1,C2025Q3T12,V-SA,VIC1,2,4508.03,,A202506
D,RESIDUE_PRICE_BID,,1,C2025Q4T11,V-SA,VIC1,4,4500.03,,A202506
D,RESIDUE_PRICE_BID,,1,C2026Q4T07,V-SA,VIC1,10,4416,,A202506
D,RESIDUE_PRICE_BID,,1,C2026Q2T09,V-SA,VIC1,10,4368,,A202506
D,RESIDUE_PRICE_BID,,1,C2028Q2T01,V-SA,VIC1,10,4368,,A202506
D,RESIDUE_PRICE_BID,,1,C2027Q1T06,V-SA,VIC1,10,4367.26,,A202506
D,RESIDUE_PRICE_BID,,1,C2025Q4T11,V-SA,VIC1,10,4366.78,,A202506
D,RESIDUE_PRICE_BID,,1,C2026Q1T10,V-SA,VIC1,2,4320.03,,A202506
D,RESIDUE_PRICE_BID,,1,C2025Q3T12,V-SA,VIC1,2,4280.03,,A202506
D,RESIDUE_PRICE_BID,,1,C2026Q2T09,V-SA,VIC1,14,4276.80,,A202506
D,RESIDUE_PRICE_BID,,1,C2027Q4T03,V-SA,VIC1,7,4250.03,,A202506
D,RESIDUE_PRICE_BID,,1,C2026Q4T07,V-SA,VIC1,5,4140.03,,A202506
D,RESIDUE_PRICE_BID,,1,C2025Q3T12,V-SA,VIC1,2,4052.03,,A202506
D,RESIDUE_PRICE_BID,,1,C2027Q3T04,V-SA,VIC1,5,4026.05,,A202506
D,RESIDUE_PRICE_BID,,1,C2027Q2T05,V-SA,VIC1,10,4026.05,,A202506
D,RESIDUE_PRICE_BID,,1,C2028Q2T01,V-SA,VIC1,10,4026.05,,A202506
D,RESIDUE_PRICE_BID,,1,C2025Q4T11,V-SA,VIC1,4,4000.03,,A202506
D,RESIDUE_PRICE_BID,,1,C2027Q4T03,V-SA,VIC1,10,3886.05,,A202506
D,RESIDUE_PRICE_BID,,1,C2026Q3T08,V-SA,VIC1,10,3870.90,,A202506
D,RESIDUE_PRICE_BID,,1,C2027Q4T03,V-SA,VIC1,10,3864,,A202506
D,RESIDUE_PRICE_BID,,1,C2027Q3T04,V-SA,VIC1,10,3864,,A202506
D,RESIDUE_PRICE_BID,,1,C2025Q3T12,V-SA,VIC1,2,3824.03,,A202506
D,RESIDUE_PRICE_BID,,1,C2027Q2T05,V-SA,VIC1,10,3822,,A202506
D,RESIDUE_PRICE_BID,,1,C2026Q1T10,V-SA,VIC1,10,3780,,A202506
D,RESIDUE_PRICE_BID,,1,C2025Q4T11,V-SA,VIC1,14,3742.9560,,A202506
D,RESIDUE_PRICE_BID,,1,C2026Q1T10,V-SA,VIC1,2,3740.03,,A202506
D,RESIDUE_PRICE_BID,,1,C2026Q4T07,V-SA,VIC1,5,3712.03,,A202506
D,RESIDUE_PRICE_BID,,1,C2027Q2T05,V-SA,VIC1,7,3700.03,,A202506
D,RESIDUE_PRICE_BID,,1,C2027Q3T04,V-SA,VIC1,7,3700.03,,A202506
D,RESIDUE_PRICE_BID,,1,C2028Q2T01,V-SA,VIC1,7,3700.03,,A202506
D,RESIDUE_PRICE_BID,,1,C2027Q4T03,V-SA,VIC1,7,3600.03,,A202506
D,RESIDUE_PRICE_BID,,1,C2025Q3T12,V-SA,VIC1,2,3596.03,,A202506
D,RESIDUE_PRICE_BID,,1,C2026Q2T09,V-SA,VIC1,10,3500.03,,A202506
D,RESIDUE_PRICE_BID,,1,C2025Q4T11,V-SA,VIC1,4,3500.03,,A202506
D,RESIDUE_PRICE_BID,,1,C2028Q1T02,V-SA,VIC1,10,3490.33,,A202506
D,RESIDUE_PRICE_BID,,1,C2028Q2T01,V-SA,VIC1,29,3450.90,,A202506
D,RESIDUE_PRICE_BID,,1,C2025Q3T12,V-SA,VIC1,30,3400.1820,,A202506
D,RESIDUE_PRICE_BID,,1,C2025Q3T12,V-SA,VIC1,13,3400.18,,A202506
D,RESIDUE_PRICE_BID,,1,C2025Q3T12,V-SA,VIC1,2,3368.03,,A202506
D,RESIDUE_PRICE_BID,,1,C2027Q4T03,V-SA,VIC1,29,3330.90,,A202506
D,RESIDUE_PRICE_BID,,1,C2026Q4T07,V-SA,VIC1,5,3284.03,,A202506
D,RESIDUE_PRICE_BID,,1,C2026Q1T10,V-SA,VIC1,2,3160.03,,A202506
D,RESIDUE_PRICE_BID,,1,C2025Q3T12,V-SA,VIC1,2,3140.03,,A202506
D,RESIDUE_PRICE_BID,,1,C2025Q4T11,V-SA,VIC1,4,3000.03,,A202506
D,RESIDUE_PRICE_BID,,1,C2027Q4T03,V-SA,VIC1,7,2950.03,,A202506
D,RESIDUE_PRICE_BID,,1,C2025Q3T12,V-SA,VIC1,2,2912.03,,A202506
D,RESIDUE_PRICE_BID,,1,C2026Q4T07,V-SA,VIC1,5,2856.03,,A202506
D,RESIDUE_PRICE_BID,,1,C2026Q2T09,V-SA,VIC1,13,2851.20,,A202506
D,RESIDUE_PRICE_BID,,1,C2026Q2T09,V-SA,VIC1,29,2851.20,,A202506
D,RESIDUE_PRICE_BID,,1,C2027Q3T04,V-SA,VIC1,7,2800.03,,A202506
D,RESIDUE_PRICE_BID,,1,C2028Q2T01,V-SA,VIC1,7,2800.03,,A202506
D,RESIDUE_PRICE_BID,,1,C2027Q2T05,V-SA,VIC1,7,2800.03,,A202506
D,RESIDUE_PRICE_BID,,1,C2025Q3T12,V-SA,VIC1,10,2760,,A202506
D,RESIDUE_PRICE_BID,,1,C2025Q4T11,V-SA,VIC1,20,2760,,A202506
D,RESIDUE_PRICE_BID,,1,C2026Q3T08,V-SA,VIC1,10,2760,,A202506
D,RESIDUE_PRICE_BID,,1,C2028Q1T02,V-SA,VIC1,10,2730,,A202506
D,RESIDUE_PRICE_BID,,1,C2027Q1T06,V-SA,VIC1,10,2700,,A202506
D,RESIDUE_PRICE_BID,,1,C2025Q3T12,V-SA,VIC1,2,2684.03,,A202506
D,RESIDUE_PRICE_BID,,1,C2026Q4T07,V-SA,VIC1,10,2603.04,,A202506
D,RESIDUE_PRICE_BID,,1,C2026Q1T10,V-SA,VIC1,2,2580.03,,A202506
D,RESIDUE_PRICE_BID,,1,C2025Q4T11,V-SA,VIC1,4,2500.03,,A202506
D,RESIDUE_PRICE_BID,,1,C2025Q4T11,V-SA,VIC1,29,2495.3040,,A202506
D,RESIDUE_PRICE_BID,,1,C2025Q4T11,V-SA,VIC1,10,2495.30,,A202506
D,RESIDUE_PRICE_BID,,1,C2025Q3T12,V-SA,VIC1,2,2456.03,,A202506
D,RESIDUE_PRICE_BID,,1,C2026Q4T07,V-SA,VIC1,5,2428.03,,A202506
D,RESIDUE_PRICE_BID,,1,C2027Q3T04,V-SA,VIC1,6,2300.60,,A202506
D,RESIDUE_PRICE_BID,,1,C2027Q2T05,V-SA,VIC1,10,2300.60,,A202506
D,RESIDUE_PRICE_BID,,1,C2028Q2T01,V-SA,VIC1,10,2300.60,,A202506
D,RESIDUE_PRICE_BID,,1,C2027Q4T03,V-SA,VIC1,7,2300.03,,A202506
D,RESIDUE_PRICE_BID,,1,C2025Q3T12,V-SA,VIC1,2,2228.03,,A202506
D,RESIDUE_PRICE_BID,,1,C2027Q4T03,V-SA,VIC1,10,2220.60,,A202506
D,RESIDUE_PRICE_BID,,1,C2026Q4T07,V-SA,VIC1,10,2208,,A202506
D,RESIDUE_PRICE_BID,,1,C2026Q2T09,V-SA,VIC1,10,2184,,A202506
D,RESIDUE_PRICE_BID,,1,C2028Q2T01,V-SA,VIC1,10,2184,,A202506
D,RESIDUE_PRICE_BID,,1,C2025Q4T11,V-SA,VIC1,4,2000.03,,A202506
D,RESIDUE_PRICE_BID,,1,C2027Q4T03,V-SA,VIC1,10,1932,,A202506
D,RESIDUE_PRICE_BID,,1,C2027Q3T04,V-SA,VIC1,10,1932,,A202506
D,RESIDUE_PRICE_BID,,1,C2027Q2T05,V-SA,VIC1,10,1911,,A202506
D,RESIDUE_PRICE_BID,,1,C2027Q2T05,V-SA,VIC1,7,1900.03,,A202506
D,RESIDUE_PRICE_BID,,1,C2028Q2T01,V-SA,VIC1,7,1900.03,,A202506
D,RESIDUE_PRICE_BID,,1,C2027Q3T04,V-SA,VIC1,7,1900.03,,A202506
D,RESIDUE_PRICE_BID,,1,C2026Q1T10,V-SA,VIC1,40,1890,,A202506
D,RESIDUE_PRICE_BID,,1,C2027Q4T03,V-SA,VIC1,7,1650.03,,A202506
D,RESIDUE_PRICE_BID,,1,C2025Q4T11,V-SA,VIC1,4,1500.03,,A202506
D,RESIDUE_PRICE_BID,,1,C2026Q3T08,V-SA,VIC1,40,1380,,A202506
D,RESIDUE_PRICE_BID,,1,C2025Q3T12,V-SA,VIC1,40,1380,,A202506
D,RESIDUE_PRICE_BID,,1,C2025Q4T11,V-SA,VIC1,10,1380,,A202506
D,RESIDUE_PRICE_BID,,1,C2028Q1T02,V-SA,VIC1,40,1365,,A202506
D,RESIDUE_PRICE_BID,,1,C2027Q1T06,V-SA,VIC1,40,1350,,A202506
D,RESIDUE_PRICE_BID,,1,C2026Q4T07,V-SA,VIC1,40,1104,,A202506
D,RESIDUE_PRICE_BID,,1,C2028Q2T01,V-SA,VIC1,40,1092,,A202506
D,RESIDUE_PRICE_BID,,1,C2026Q2T09,V-SA,VIC1,40,1092,,A202506
D,RESIDUE_PRICE_BID,,1,C2027Q3T04,V-SA,VIC1,40,966,,A202506
D,RESIDUE_PRICE_BID,,1,C2027Q4T03,V-SA,VIC1,40,966,,A202506
D,RESIDUE_PRICE_BID,,1,C2027Q2T05,V-SA,VIC1,40,955.50,,A202506
D,RESIDUE_PRICE_BID,,1,C2025Q4T11,V-SA,VIC1,30,690,,A202506
D,RESIDUE_PRICE_BID,,1,C2026Q1T10,V-SA,VIC1,12,472.50,,A202506
D,RESIDUE_PRICE_BID,,1,C2026Q3T08,V-SA,VIC1,12,345,,A202506
D,RESIDUE_PRICE_BID,,1,C2025Q3T12,V-SA,VIC1,12,345,,A202506
D,RESIDUE_PRICE_BID,,1,C2028Q1T02,V-SA,VIC1,12,341.25,,A202506
D,RESIDUE_PRICE_BID,,1,C2027Q1T06,V-SA,VIC1,12,337.50,,A202506
D,RESIDUE_PRICE_BID,,1,C2026Q4T07,V-SA,VIC1,12,276,,A202506
D,RESIDUE_PRICE_BID,,1,C2028Q2T01,V-SA,VIC1,12,273,,A202506
D,RESIDUE_PRICE_BID,,1,C2026Q2T09,V-SA,VIC1,12,273,,A202506
D,RESIDUE_PRICE_BID,,1,C2027Q4T03,V-SA,VIC1,12,241.50,,A202506
D,RESIDUE_PRICE_BID,,1,C2027Q3T04,V-SA,VIC1,12,241.50,,A202506
D,RESIDUE_PRICE_BID,,1,C2027Q2T05,V-SA,VIC1,12,238.88,,A202506
D,RESIDUE_PRICE_BID,,1,C2025Q4T11,V-SA,VIC1,12,172.50,,A202506
D,RESIDUE_PRICE_BID,,1,C2026Q1T10,V-SA,VIC1,1,118.13,,A202506
D,RESIDUE_PRICE_BID,,1,C2025Q3T12,V-SA,VIC1,5,86.25,,A202506
D,RESIDUE_PRICE_BID,,1,C2026Q3T08,V-SA,VIC1,1,86.25,,A202506
D,RESIDUE_PRICE_BID,,1,C2028Q1T02,V-SA,VIC1,1,85.31,,A202506
D,RESIDUE_PRICE_BID,,1,C2027Q1T06,V-SA,VIC1,1,84.38,,A202506
D,RESIDUE_PRICE_BID,,1,C2026Q4T07,V-SA,VIC1,1,69,,A202506
D,RESIDUE_PRICE_BID,,1,C2028Q2T01,V-SA,VIC1,1,68.25,,A202506
D,RESIDUE_PRICE_BID,,1,C2026Q2T09,V-SA,VIC1,1,68.25,,A202506
D,RESIDUE_PRICE_BID,,1,C2027Q4T03,V-SA,VIC1,1,60.38,,A202506
D,RESIDUE_PRICE_BID,,1,C2027Q3T04,V-SA,VIC1,1,60.38,,A202506
D,RESIDUE_PRICE_BID,,1,C2027Q2T05,V-SA,VIC1,1,59.72,,A202506
D,RESIDUE_PRICE_BID,,1,C2025Q4T11,V-SA,VIC1,1,43.13,,A202506
D,RESIDUE_PRICE_BID,,1,C2026Q3T08,V-SA,VIC1,1,5.52,,A202506
D,RESIDUE_PRICE_BID,,1,C2025Q3T12,V-SA,VIC1,1,5.52,,A202506
D,RESIDUE_PRICE_BID,,1,C2026Q4T07,V-SA,VIC1,1,5.52,,A202506
D,RESIDUE_PRICE_BID,,1,C2025Q4T11,V-SA,VIC1,1,5.52,,A202506
D,RESIDUE_PRICE_BID,,1,C2026Q2T09,V-SA,VIC1,1,5.46,,A202506
D,RESIDUE_PRICE_BID,,1,C2026Q1T10,V-SA,VIC1,1,5.40,,A202506
D,RESIDUE_PRICE_BID,,1,C2027Q1T06,V-SA,VIC1,1,5.40,,A202506
D,RESIDUE_PRICE_BID,,1,C2026Q3T08,V-SA,VIC1,1,4.42,,A202506
D,RESIDUE_PRICE_BID,,1,C2026Q4T07,V-SA,VIC1,1,4.42,,A202506
D,RESIDUE_PRICE_BID,,1,C2027Q3T04,V-SA,VIC1,1,4.42,,A202506
D,RESIDUE_PRICE_BID,,1,C2025Q3T12,V-SA,VIC1,1,4.42,,A202506
D,RESIDUE_PRICE_BID,,1,C2027Q4T03,V-SA,VIC1,1,4.42,,A202506
D,RESIDUE_PRICE_BID,,1,C2025Q4T11,V-SA,VIC1,1,4.42,,A202506
D,RESIDUE_PRICE_BID,,1,C2026Q2T09,V-SA,VIC1,1,4.37,,A202506
D,RESIDUE_PRICE_BID,,1,C2028Q1T02,V-SA,VIC1,1,4.37,,A202506
D,RESIDUE_PRICE_BID,,1,C2028Q2T01,V-SA,VIC1,1,4.37,,A202506
D,RESIDUE_PRICE_BID,,1,C2027Q2T05,V-SA,VIC1,1,4.37,,A202506
D,RESIDUE_PRICE_BID,,1,C2026Q1T10,V-SA,VIC1,1,4.32,,A202506
D,RESIDUE_PRICE_BID,,1,C2027Q1T06,V-SA,VIC1,1,4.32,,A202506
D,RESIDUE_PRICE_BID,,1,C2027Q3T04,V-SA,VIC1,1,3.31,,A202506
D,RESIDUE_PRICE_BID,,1,C2025Q4T11,V-SA,VIC1,1,3.31,,A202506
D,RESIDUE_PRICE_BID,,1,C2027Q4T03,V-SA,VIC1,1,3.31,,A202506
D,RESIDUE_PRICE_BID,,1,C2026Q4T07,V-SA,VIC1,1,3.31,,A202506
D,RESIDUE_PRICE_BID,,1,C2026Q3T08,V-SA,VIC1,1,3.31,,A202506
D,RESIDUE_PRICE_BID,,1,C2025Q3T12,V-SA,VIC1,1,3.31,,A202506
D,RESIDUE_PRICE_BID,,1,C2027Q2T05,V-SA,VIC1,1,3.28,,A202506
D,RESIDUE_PRICE_BID,,1,C2028Q1T02,V-SA,VIC1,1,3.28,,A202506
D,RESIDUE_PRICE_BID,,1,C2026Q2T09,V-SA,VIC1,1,3.28,,A202506
D,RESIDUE_PRICE_BID,,1,C2028Q2T01,V-SA,VIC1,1,3.28,,A202506
D,RESIDUE_PRICE_BID,,1,C2027Q1T06,V-SA,VIC1,1,3.24,,A202506
D,RESIDUE_PRICE_BID,,1,C2026Q1T10,V-SA,VIC1,1,3.24,,A202506
D,RESIDUE_PRICE_BID,,1,C2025Q3T12,V-SA,VIC1,1,2.21,,A202506
D,RESIDUE_PRICE_BID,,1,C2026Q4T07,V-SA,VIC1,1,2.21,,A202506
D,RESIDUE_PRICE_BID,,1,C2027Q3T04,V-SA,VIC1,1,2.21,,A202506
D,RESIDUE_PRICE_BID,,1,C2025Q4T11,V-SA,VIC1,1,2.21,,A202506
D,RESIDUE_PRICE_BID,,1,C2027Q4T03,V-SA,VIC1,1,2.21,,A202506
D,RESIDUE_PRICE_BID,,1,C2026Q3T08,V-SA,VIC1,1,2.21,,A202506
D,RESIDUE_PRICE_BID,,1,C2028Q2T01,V-SA,VIC1,1,2.18,,A202506
D,RESIDUE_PRICE_BID,,1,C2028Q1T02,V-SA,VIC1,1,2.18,,A202506
D,RESIDUE_PRICE_BID,,1,C2026Q2T09,V-SA,VIC1,1,2.18,,A202506
D,RESIDUE_PRICE_BID,,1,C2027Q2T05,V-SA,VIC1,1,2.18,,A202506
D,RESIDUE_PRICE_BID,,1,C2026Q1T10,V-SA,VIC1,1,2.16,,A202506
D,RESIDUE_PRICE_BID,,1,C2027Q1T06,V-SA,VIC1,1,2.16,,A202506
D,RESIDUE_PRICE_BID,,1,C2026Q3T08,V-SA,VIC1,1,1.10,,A202506
D,RESIDUE_PRICE_BID,,1,C2027Q3T04,V-SA,VIC1,1,1.10,,A202506
D,RESIDUE_PRICE_BID,,1,C2026Q4T07,V-SA,VIC1,1,1.10,,A202506
D,RESIDUE_PRICE_BID,,1,C2025Q4T11,V-SA,VIC1,1,1.10,,A202506
D,RESIDUE_PRICE_BID,,1,C2027Q4T03,V-SA,VIC1,1,1.10,,A202506
D,RESIDUE_PRICE_BID,,1,C2025Q3T12,V-SA,VIC1,1,1.10,,A202506
D,RESIDUE_PRICE_BID,,1,C2026Q2T09,V-SA,VIC1,1,1.09,,A202506
D,RESIDUE_PRICE_BID,,1,C2028Q2T01,V-SA,VIC1,1,1.09,,A202506
D,RESIDUE_PRICE_BID,,1,C2028Q1T02,V-SA,VIC1,1,1.09,,A202506
D,RESIDUE_PRICE_BID,,1,C2027Q2T05,V-SA,VIC1,1,1.09,,A202506
D,RESIDUE_PRICE_BID,,1,C2027Q1T06,V-SA,VIC1,1,1.08,,A202506
D,RESIDUE_PRICE_BID,,1,C2026Q1T10,V-SA,VIC1,1,1.08,,A202506
D,RESIDUE_PRICE_BID,,1,C2028Q2T01,V-SA,VIC1,1,0.01,,A202506
D,RESIDUE_PRICE_BID,,1,C2028Q1T02,V-SA,VIC1,1,0.01,,A202506
D,RESIDUE_PRICE_BID,,1,C2027Q3T04,V-SA,VIC1,1,0.01,,A202506
D,RESIDUE_PRICE_BID,,1,C2026Q3T08,V-SA,VIC1,1,0.01,,A202506
D,RESIDUE_PRICE_BID,,1,C2028Q2T01,V-SA,VIC1,1,0.01,,A202506
D,RESIDUE_PRICE_BID,,1,C2027Q4T03,V-SA,VIC1,1,0.01,,A202506
D,RESIDUE_PRICE_BID,,1,C2025Q3T12,V-SA,VIC1,1,0.01,,A202506
D,RESIDUE_PRICE_BID,,1,C2027Q4T03,V-SA,VIC1,1,0.01,,A202506
D,RESIDUE_PRICE_BID,,1,C2025Q3T12,V-SA,VIC1,1,0.01,,A202506
D,RESIDUE_PRICE_BID,,1,C2027Q2T05,V-SA,VIC1,1,0.01,,A202506
D,RESIDUE_PRICE_BID,,1,C2027Q4T03,V-SA,VIC1,1,0.01,,A202506
D,RESIDUE_PRICE_BID,,1,C2027Q2T05,V-SA,VIC1,1,0.01,,A202506
D,RESIDUE_PRICE_BID,,1,C2025Q3T12,V-SA,VIC1,1,0.01,,A202506
D,RESIDUE_PRICE_BID,,1,C2027Q1T06,V-SA,VIC1,1,0.01,,A202506
D,RESIDUE_PRICE_BID,,1,C2026Q4T07,V-SA,VIC1,1,0.01,,A202506
D,RESIDUE_PRICE_BID,,1,C2028Q2T01,V-SA,VIC1,1,0.01,,A202506
D,RESIDUE_PRICE_BID,,1,C2026Q3T08,V-SA,VIC1,1,0.01,,A202506
D,RESIDUE_PRICE_BID,,1,C2025Q4T11,V-SA,VIC1,1,0.01,,A202506
D,RESIDUE_PRICE_BID,,1,C2026Q2T09,V-SA,VIC1,1,0.01,,A202506
D,RESIDUE_PRICE_BID,,1,C2026Q1T10,V-SA,VIC1,1,0.01,,A202506
D,RESIDUE_PRICE_BID,,1,C2025Q3T12,V-SA,VIC1,1,0.01,,A202506
D,RESIDUE_PRICE_BID,,1,C2027Q1T06,V-SA,VIC1,1,0.01,,A202506
D,RESIDUE_PRICE_BID,,1,C2025Q4T11,V-SA,VIC1,1,0.01,,A202506
D,RESIDUE_PRICE_BID,,1,C2026Q2T09,V-SA,VIC1,1,0.01,,A202506
D,RESIDUE_PRICE_BID,,1,C2026Q3T08,V-SA,VIC1,1,0.01,,A202506
D,RESIDUE_PRICE_BID,,1,C2026Q1T10,V-SA,VIC1,1,0.01,,A202506
D,RESIDUE_PRICE_BID,,1,C2028Q2T01,V-SA,VIC1,1,0.01,,A202506
D,RESIDUE_PRICE_BID,,1,C2026Q4T07,V-SA,VIC1,1,0.01,,A202506
D,RESIDUE_PRICE_BID,,1,C2028Q2T01,V-SA,VIC1,1,0.01,,A202506
D,RESIDUE_PRICE_BID,,1,C2027Q4T03,V-SA,VIC1,1,0.01,,A202506
D,RESIDUE_PRICE_BID,,1,C2025Q3T12,V-SA,VIC1,1,0.01,,A202506
D,RESIDUE_PRICE_BID,,1,C2027Q3T04,V-SA,VIC1,1,0.01,,A202506
D,RESIDUE_PRICE_BID,,1,C2026Q4T07,V-SA,VIC1,1,0.01,,A202506
D,RESIDUE_PRICE_BID,,1,C2027Q2T05,V-SA,VIC1,1,0.01,,A202506
D,RESIDUE_PRICE_BID,,1,C2027Q2T05,V-SA,VIC1,1,0.01,,A202506
D,RESIDUE_PRICE_BID,,1,C2026Q3T08,V-SA,VIC1,1,0.01,,A202506
D,RESIDUE_PRICE_BID,,1,C2028Q1T02,V-SA,VIC1,1,0.01,,A202506
D,RESIDUE_PRICE_BID,,1,C2028Q2T01,V-SA,VIC1,1,0.01,,A202506
D,RESIDUE_PRICE_BID,,1,C2027Q4T03,V-SA,VIC1,1,0.01,,A202506
D,RESIDUE_PRICE_BID,,1,C2026Q1T10,V-SA,VIC1,1,0.01,,A202506
D,RESIDUE_PRICE_BID,,1,C2027Q2T05,V-SA,VIC1,1,0.01,,A202506
D,RESIDUE_PRICE_BID,,1,C2026Q3T08,V-SA,VIC1,1,0.01,,A202506
D,RESIDUE_PRICE_BID,,1,C2025Q3T12,V-SA,VIC1,1,0.01,,A202506
D,RESIDUE_PRICE_BID,,1,C2026Q3T08,V-SA,VIC1,1,0.01,,A202506
D,RESIDUE_PRICE_BID,,1,C2027Q2T05,V-SA,VIC1,1,0.01,,A202506
D,RESIDUE_PRICE_BID,,1,C2025Q4T11,V-SA,VIC1,1,0.01,,A202506
D,RESIDUE_PRICE_BID,,1,C2026Q3T08,V-SA,VIC1,1,0.01,,A202506
D,RESIDUE_PRICE_BID,,1,C2025Q4T11,V-SA,VIC1,1,0.01,,A202506
D,RESIDUE_PRICE_BID,,1,C2027Q1T06,V-SA,VIC1,1,0.01,,A202506
D,RESIDUE_PRICE_BID,,1,C2026Q4T07,V-SA,VIC1,1,0.01,,A202506
D,RESIDUE_PRICE_BID,,1,C2026Q2T09,V-SA,VIC1,1,0.01,,A202506
D,RESIDUE_PRICE_BID,,1,C2028Q2T01,V-SA,VIC1,1,0.01,,A202506
D,RESIDUE_PRICE_BID,,1,C2026Q4T07,V-SA,VIC1,1,0.01,,A202506
D,RESIDUE_PRICE_BID,,1,C2026Q2T09,V-SA,VIC1,1,0.01,,A202506
D,RESIDUE_PRICE_BID,,1,C2026Q1T10,V-SA,VIC1,1,0.01,,A202506
D,RESIDUE_PRICE_BID,,1,C2026Q3T08,V-SA,VIC1,1,0.01,,A202506
D,RESIDUE_PRICE_BID,,1,C2027Q1T06,V-SA,VIC1,1,0.01,,A202506
D,RESIDUE_PRICE_BID,,1,C2027Q3T04,V-SA,VIC1,1,0.01,,A202506
D,RESIDUE_PRICE_BID,,1,C2028Q1T02,V-SA,VIC1,1,0.01,,A202506
D,RESIDUE_PRICE_BID,,1,C2028Q2T01,V-SA,VIC1,1,0.01,,A202506
D,RESIDUE_PRICE_BID,,1,C2027Q3T04,V-SA,VIC1,1,0.01,,A202506
D,RESIDUE_PRICE_BID,,1,C2027Q2T05,V-SA,VIC1,1,0.01,,A202506
D,RESIDUE_PRICE_BID,,1,C2026Q1T10,V-SA,VIC1,1,0.01,,A202506
D,RESIDUE_PRICE_BID,,1,C2026Q4T07,V-SA,VIC1,1,0.01,,A202506
D,RESIDUE_PRICE_BID,,1,C2025Q4T11,V-SA,VIC1,1,0.01,,A202506
D,RESIDUE_PRICE_BID,,1,C2027Q1T06,V-SA,VIC1,1,0.01,,A202506
D,RESIDUE_PRICE_BID,,1,C2027Q4T03,V-SA,VIC1,1,0.01,,A202506
D,RESIDUE_PRICE_BID,,1,C2026Q3T08,V-SA,VIC1,1,0.01,,A202506
D,RESIDUE_PRICE_BID,,1,C2025Q3T12,V-SA,VIC1,1,0.01,,A202506
D,RESIDUE_PRICE_BID,,1,C2026Q2T09,V-SA,VIC1,1,0.01,,A202506
D,RESIDUE_PRICE_BID,,1,C2026Q1T10,V-SA,VIC1,1,0.01,,A202506
D,RESIDUE_PRICE_BID,,1,C2027Q1T06,V-SA,VIC1,1,0.01,,A202506
D,RESIDUE_PRICE_BID,,1,C2025Q4T11,V-SA,VIC1,1,0.01,,A202506
D,RESIDUE_PRICE_BID,,1,C2025Q4T11,V-SA,VIC1,1,0.01,,A202506
D,RESIDUE_PRICE_BID,,1,C2028Q1T02,V-SA,VIC1,1,0.01,,A202506
D,RESIDUE_PRICE_BID,,1,C2027Q3T04,V-SA,VIC1,1,0.01,,A202506
D,RESIDUE_PRICE_BID,,1,C2025Q4T11,V-SA,VIC1,1,0.01,,A202506
D,RESIDUE_PRICE_BID,,1,C2027Q1T06,V-SA,VIC1,1,0.01,,A202506
D,RESIDUE_PRICE_BID,,1,C2025Q3T12,V-SA,VIC1,1,0.01,,A202506
D,RESIDUE_PRICE_BID,,1,C2026Q4T07,V-SA,VIC1,1,0.01,,A202506
D,RESIDUE_PRICE_BID,,1,C2028Q2T01,V-SA,VIC1,1,0.01,,A202506
D,RESIDUE_PRICE_BID,,1,C2028Q1T02,V-SA,VIC1,1,0.01,,A202506
D,RESIDUE_PRICE_BID,,1,C2027Q2T05,V-SA,VIC1,1,0.01,,A202506
D,RESIDUE_PRICE_BID,,1,C2026Q2T09,V-SA,VIC1,1,0.01,,A202506
D,RESIDUE_PRICE_BID,,1,C2027Q1T06,V-SA,VIC1,1,0.01,,A202506
D,RESIDUE_PRICE_BID,,1,C2027Q2T05,V-SA,VIC1,1,0.01,,A202506
D,RESIDUE_PRICE_BID,,1,C2027Q2T05,V-SA,VIC1,1,0.01,,A202506
D,RESIDUE_PRICE_BID,,1,C2026Q2T09,V-SA,VIC1,1,0.01,,A202506
D,RESIDUE_PRICE_BID,,1,C2025Q4T11,V-SA,VIC1,1,0.01,,A202506
D,RESIDUE_PRICE_BID,,1,C2025Q4T11,V-SA,VIC1,1,0.01,,A202506
D,RESIDUE_PRICE_BID,,1,C2027Q1T06,V-SA,VIC1,1,0.01,,A202506
D,RESIDUE_PRICE_BID,,1,C2027Q4T03,V-SA,VIC1,1,0.01,,A202506
D,RESIDUE_PRICE_BID,,1,C2026Q3T08,V-SA,VIC1,1,0.01,,A202506
D,RESIDUE_PRICE_BID,,1,C2027Q1T06,V-SA,VIC1,1,0.01,,A202506
D,RESIDUE_PRICE_BID,,1,C2027Q4T03,V-SA,VIC1,1,0.01,,A202506
D,RESIDUE_PRICE_BID,,1,C2027Q2T05,V-SA,VIC1,1,0.01,,A202506
D,RESIDUE_PRICE_BID,,1,C2026Q2T09,V-SA,VIC1,1,0.01,,A202506
D,RESIDUE_PRICE_BID,,1,C2025Q4T11,V-SA,VIC1,1,0.01,,A202506
D,RESIDUE_PRICE_BID,,1,C2026Q1T10,V-SA,VIC1,1,0.01,,A202506
D,RESIDUE_PRICE_BID,,1,C2028Q1T02,V-SA,VIC1,1,0.01,,A202506
D,RESIDUE_PRICE_BID,,1,C2026Q2T09,V-SA,VIC1,1,0.01,,A202506
D,RESIDUE_PRICE_BID,,1,C2026Q2T09,V-SA,VIC1,1,0.01,,A202506
D,RESIDUE_PRICE_BID,,1,C2028Q1T02,V-SA,VIC1,1,0.01,,A202506
D,RESIDUE_PRICE_BID,,1,C2028Q2T01,V-SA,VIC1,1,0.01,,A202506
D,RESIDUE_PRICE_BID,,1,C2026Q4T07,V-SA,VIC1,1,0.01,,A202506
D,RESIDUE_PRICE_BID,,1,C2026Q3T08,V-SA,VIC1,1,0.01,,A202506
D,RESIDUE_PRICE_BID,,1,C2028Q1T02,V-SA,VIC1,1,0.01,,A202506
D,RESIDUE_PRICE_BID,,1,C2026Q1T10,V-SA,VIC1,1,0.01,,A202506
D,RESIDUE_PRICE_BID,,1,C2026Q4T07,V-SA,VIC1,1,0.01,,A202506
D,RESIDUE_PRICE_BID,,1,C2026Q1T10,V-SA,VIC1,1,0.01,,A202506
D,RESIDUE_PRICE_BID,,1,C2028Q2T01,V-SA,VIC1,1,0.01,,A202506
D,RESIDUE_PRICE_BID,,1,C2027Q4T03,V-SA,VIC1,1,0.01,,A202506
D,RESIDUE_PRICE_BID,,1,C2026Q1T10,V-SA,VIC1,1,0.01,,A202506
D,RESIDUE_PRICE_BID,,1,C2025Q3T12,V-SA,VIC1,1,0.01,,A202506
D,RESIDUE_PRICE_BID,,1,C2028Q1T02,V-SA,VIC1,1,0.01,,A202506
D,RESIDUE_PRICE_BID,,1,C2028Q2T01,V-SA,VIC1,1,0.01,,A202506
D,RESIDUE_PRICE_BID,,1,C2027Q4T03,V-SA,VIC1,1,0.01,,A202506
D,RESIDUE_PRICE_BID,,1,C2026Q4T07,V-SA,VIC1,1,0.01,,A202506
D,RESIDUE_PRICE_BID,,1,C2025Q4T11,V-SA,VIC1,1,0.01,,A202506
D,RESIDUE_PRICE_BID,,1,C2028Q2T01,V-SA,VIC1,1,0.01,,A202506
D,RESIDUE_PRICE_BID,,1,C2027Q3T04,V-SA,VIC1,1,0.01,,A202506
D,RESIDUE_PRICE_BID,,1,C2025Q4T11,V-SA,VIC1,1,0.01,,A202506
D,RESIDUE_PRICE_BID,,1,C2027Q4T03,V-SA,VIC1,1,0.01,,A202506
D,RESIDUE_PRICE_BID,,1,C2025Q3T12,V-SA,VIC1,1,0.01,,A202506
D,RESIDUE_PRICE_BID,,1,C2027Q3T04,V-SA,VIC1,1,0.01,,A202506
D,RESIDUE_PRICE_BID,,1,C2026Q1T10,V-SA,VIC1,1,0.01,,A202506
D,RESIDUE_PRICE_BID,,1,C2028Q2T01,V-SA,VIC1,1,0.01,,A202506
D,RESIDUE_PRICE_BID,,1,C2027Q4T03,V-SA,VIC1,1,0.01,,A202506
D,RESIDUE_PRICE_BID,,1,C2026Q4T07,V-SA,VIC1,1,0.01,,A202506
D,RESIDUE_PRICE_BID,,1,C2027Q3T04,V-SA,VIC1,1,0.01,,A202506
D,RESIDUE_PRICE_BID,,1,C2026Q2T09,V-SA,VIC1,1,0.01,,A202506
D,RESIDUE_PRICE_BID,,1,C2027Q4T03,V-SA,VIC1,1,0.01,,A202506
D,RESIDUE_PRICE_BID,,1,C2025Q4T11,V-SA,VIC1,1,0.01,,A202506
D,RESIDUE_PRICE_BID,,1,C2027Q2T05,V-SA,VIC1,1,0.01,,A202506
D,RESIDUE_PRICE_BID,,1,C2027Q1T06,V-SA,VIC1,1,0.01,,A202506
D,RESIDUE_PRICE_BID,,1,C2027Q2T05,V-SA,VIC1,1,0.01,,A202506
D,RESIDUE_PRICE_BID,,1,C2026Q2T09,V-SA,VIC1,1,0.01,,A202506
D,RESIDUE_PRICE_BID,,1,C2025Q3T12,V-SA,VIC1,1,0.01,,A202506
D,RESIDUE_PRICE_BID,,1,C2026Q3T08,V-SA,VIC1,1,0.01,,A202506
D,RESIDUE_PRICE_BID,,1,C2028Q1T02,V-SA,VIC1,1,0.01,,A202506
D,RESIDUE_PRICE_BID,,1,C2026Q4T07,V-SA,VIC1,1,0.01,,A202506
D,RESIDUE_PRICE_BID,,1,C2027Q3T04,V-SA,VIC1,1,0.01,,A202506
D,RESIDUE_PRICE_BID,,1,C2028Q1T02,V-SA,VIC1,1,0.01,,A202506
D,RESIDUE_PRICE_BID,,1,C2027Q3T04,V-SA,VIC1,1,0.01,,A202506
D,RESIDUE_PRICE_BID,,1,C2025Q3T12,V-SA,VIC1,1,0.01,,A202506
D,RESIDUE_PRICE_BID,,1,C2028Q1T02,V-SA,VIC1,1,0.01,,A202506
D,RESIDUE_PRICE_BID,,1,C2026Q2T09,V-SA,VIC1,1,0.01,,A202506
D,RESIDUE_PRICE_BID,,1,C2028Q1T02,V-SA,VIC1,1,0.01,,A202506
D,RESIDUE_PRICE_BID,,1,C2026Q4T07,V-SA,VIC1,1,0.01,,A202506
D,RESIDUE_PRICE_BID,,1,C2027Q2T05,V-SA,VIC1,1,0.01,,A202506
D,RESIDUE_PRICE_BID,,1,C2027Q3T04,V-SA,VIC1,1,0.01,,A202506
D,RESIDUE_PRICE_BID,,1,C2026Q1T10,V-SA,VIC1,1,0.01,,A202506
D,RESIDUE_PRICE_BID,,1,C2027Q3T04,V-SA,VIC1,1,0.01,,A202506
D,RESIDUE_PRICE_BID,,1,C2027Q4T03,V-SA,VIC1,1,0.01,,A202506
D,RESIDUE_PRICE_BID,,1,C2027Q1T06,V-SA,VIC1,1,0.01,,A202506
D,RESIDUE_PRICE_BID,,1,C2025Q3T12,V-SA,VIC1,1,0.01,,A202506
D,RESIDUE_PRICE_BID,,1,C2026Q4T07,V-SA,VIC1,1,0.01,,A202506
D,RESIDUE_PRICE_BID,,1,C2026Q2T09,V-SA,VIC1,1,0.01,,A202506
D,RESIDUE_PRICE_BID,,1,C2026Q1T10,VIC1-NSW1,NSW1,1,20016.666020,,A202506
D,RESIDUE_PRICE_BID,,1,C2028Q1T02,VIC1-NSW1,NSW1,1,20016.666020,,A202506
D,RESIDUE_PRICE_BID,,1,C2027Q1T06,VIC1-NSW1,NSW1,1,20016.666020,,A202506
D,RESIDUE_PRICE_BID,,1,C2026Q2T09,VIC1-NSW1,NSW1,1,20016.666020,,A202506
D,RESIDUE_PRICE_BID,,1,C2025Q3T12,VIC1-NSW1,NSW1,1,20016.666020,,A202506
D,RESIDUE_PRICE_BID,,1,C2027Q2T05,VIC1-NSW1,NSW1,1,20016.666020,,A202506
D,RESIDUE_PRICE_BID,,1,C2027Q3T04,VIC1-NSW1,NSW1,1,20016.666020,,A202506
D,RESIDUE_PRICE_BID,,1,C2026Q3T08,VIC1-NSW1,NSW1,1,20016.666020,,A202506
D,RESIDUE_PRICE_BID,,1,C2028Q1T02,VIC1-NSW1,NSW1,3,11320.76,,A202506
D,RESIDUE_PRICE_BID,,1,C2027Q1T06,VIC1-NSW1,NSW1,2,11203.92,,A202506
D,RESIDUE_PRICE_BID,,1,C2026Q1T10,VIC1-NSW1,NSW1,3,10614.24,,A202506
D,RESIDUE_PRICE_BID,,1,C2027Q3T04,VIC1-NSW1,NSW1,1,10008.333010,,A202506
D,RESIDUE_PRICE_BID,,1,C2025Q3T12,VIC1-NSW1,NSW1,1,10008.333010,,A202506
D,RESIDUE_PRICE_BID,,1,C2026Q1T10,VIC1-NSW1,NSW1,1,10008.333010,,A202506
D,RESIDUE_PRICE_BID,,1,C2028Q1T02,VIC1-NSW1,NSW1,1,10008.333010,,A202506
D,RESIDUE_PRICE_BID,,1,C2026Q3T08,VIC1-NSW1,NSW1,1,10008.333010,,A202506
D,RESIDUE_PRICE_BID,,1,C2027Q1T06,VIC1-NSW1,NSW1,1,10008.333010,,A202506
D,RESIDUE_PRICE_BID,,1,C2026Q2T09,VIC1-NSW1,NSW1,1,10008.333010,,A202506
D,RESIDUE_PRICE_BID,,1,C2027Q2T05,VIC1-NSW1,NSW1,1,10008.333010,,A202506
D,RESIDUE_PRICE_BID,,1,C2026Q1T10,VIC1-NSW1,NSW1,2,9000,,A202506
D,RESIDUE_PRICE_BID,,1,C2027Q1T06,VIC1-NSW1,NSW1,4,8304,,A202506
D,RESIDUE_PRICE_BID,,1,C2026Q1T10,VIC1-NSW1,NSW1,3,7500,,A202506
D,RESIDUE_PRICE_BID,,1,C2026Q1T10,VIC1-NSW1,NSW1,1,7000.16,,A202506
D,RESIDUE_PRICE_BID,,1,C2026Q1T10,VIC1-NSW1,NSW1,1,6980.16,,A202506
D,RESIDUE_PRICE_BID,,1,C2026Q1T10,VIC1-NSW1,NSW1,1,6960.16,,A202506
D,RESIDUE_PRICE_BID,,1,C2026Q1T10,VIC1-NSW1,NSW1,1,6940.16,,A202506
D,RESIDUE_PRICE_BID,,1,C2026Q1T10,VIC1-NSW1,NSW1,1,6920.16,,A202506
D,RESIDUE_PRICE_BID,,1,C2027Q1T06,VIC1-NSW1,NSW1,8,6920,,A202506
D,RESIDUE_PRICE_BID,,1,C2026Q1T10,VIC1-NSW1,NSW1,1,6900.16,,A202506
D,RESIDUE_PRICE_BID,,1,C2026Q1T10,VIC1-NSW1,NSW1,1,6880.16,,A202506
D,RESIDUE_PRICE_BID,,1,C2026Q1T10,VIC1-NSW1,NSW1,1,6860.16,,A202506
D,RESIDUE_PRICE_BID,,1,C2026Q1T10,VIC1-NSW1,NSW1,1,6840.16,,A202506
D,RESIDUE_PRICE_BID,,1,C2026Q1T10,VIC1-NSW1,NSW1,1,6820.16,,A202506
D,RESIDUE_PRICE_BID,,1,C2026Q1T10,VIC1-NSW1,NSW1,1,6800.16,,A202506
D,RESIDUE_PRICE_BID,,1,C2026Q1T10,VIC1-NSW1,NSW1,1,6780.16,,A202506
D,RESIDUE_PRICE_BID,,1,C2026Q1T10,VIC1-NSW1,NSW1,1,6760.16,,A202506
D,RESIDUE_PRICE_BID,,1,C2028Q1T02,VIC1-NSW1,NSW1,3,6751.08,,A202506
D,RESIDUE_PRICE_BID,,1,C2026Q1T10,VIC1-NSW1,NSW1,1,6740.16,,A202506
D,RESIDUE_PRICE_BID,,1,C2026Q1T10,VIC1-NSW1,NSW1,1,6720.16,,A202506
D,RESIDUE_PRICE_BID,,1,C2026Q1T10,VIC1-NSW1,NSW1,1,6700.16,,A202506
D,RESIDUE_PRICE_BID,,1,C2026Q1T10,VIC1-NSW1,NSW1,1,6680.16,,A202506
D,RESIDUE_PRICE_BID,,1,C2026Q1T10,VIC1-NSW1,NSW1,1,6672.222160,,A202506
D,RESIDUE_PRICE_BID,,1,C2026Q2T09,VIC1-NSW1,NSW1,1,6672.222160,,A202506
D,RESIDUE_PRICE_BID,,1,C2026Q3T08,VIC1-NSW1,NSW1,1,6672.222160,,A202506
D,RESIDUE_PRICE_BID,,1,C2028Q1T02,VIC1-NSW1,NSW1,1,6672.222160,,A202506
D,RESIDUE_PRICE_BID,,1,C2025Q3T12,VIC1-NSW1,NSW1,1,6672.222160,,A202506
D,RESIDUE_PRICE_BID,,1,C2027Q2T05,VIC1-NSW1,NSW1,1,6672.222160,,A202506
D,RESIDUE_PRICE_BID,,1,C2027Q3T04,VIC1-NSW1,NSW1,1,6672.222160,,A202506
D,RESIDUE_PRICE_BID,,1,C2027Q1T06,VIC1-NSW1,NSW1,1,6672.222160,,A202506
D,RESIDUE_PRICE_BID,,1,C2026Q1T10,VIC1-NSW1,NSW1,1,6660.16,,A202506
D,RESIDUE_PRICE_BID,,1,C2026Q1T10,VIC1-NSW1,NSW1,1,6640.16,,A202506
D,RESIDUE_PRICE_BID,,1,C2026Q1T10,VIC1-NSW1,NSW1,1,6620.16,,A202506
D,RESIDUE_PRICE_BID,,1,C2026Q1T10,VIC1-NSW1,NSW1,1,6600.16,,A202506
D,RESIDUE_PRICE_BID,,1,C2026Q1T10,VIC1-NSW1,NSW1,10,6600,,A202506
D,RESIDUE_PRICE_BID,,1,C2026Q1T10,VIC1-NSW1,NSW1,1,6580.16,,A202506
D,RESIDUE_PRICE_BID,,1,C2026Q1T10,VIC1-NSW1,NSW1,1,6560.16,,A202506
D,RESIDUE_PRICE_BID,,1,C2026Q1T10,VIC1-NSW1,NSW1,1,6540.16,,A202506
D,RESIDUE_PRICE_BID,,1,C2026Q1T10,VIC1-NSW1,NSW1,1,6520.16,,A202506
D,RESIDUE_PRICE_BID,,1,C2027Q1T06,VIC1-NSW1,NSW1,2,6500.16,,A202506
D,RESIDUE_PRICE_BID,,1,C2026Q1T10,VIC1-NSW1,NSW1,5,6500,,A202506
D,RESIDUE_PRICE_BID,,1,C2026Q1T10,VIC1-NSW1,NSW1,10,6488,,A202506
D,RESIDUE_PRICE_BID,,1,C2026Q1T10,VIC1-NSW1,NSW1,1,6457,,A202506
D,RESIDUE_PRICE_BID,,1,C2027Q1T06,VIC1-NSW1,NSW1,2,6440.16,,A202506
D,RESIDUE_PRICE_BID,,1,C2026Q1T10,VIC1-NSW1,NSW1,1,6392.43,,A202506
D,RESIDUE_PRICE_BID,,1,C2027Q1T06,VIC1-NSW1,NSW1,2,6380.16,,A202506
D,RESIDUE_PRICE_BID,,1,C2026Q1T10,VIC1-NSW1,NSW1,1,6327.86,,A202506
D,RESIDUE_PRICE_BID,,1,C2027Q1T06,VIC1-NSW1,NSW1,2,6320.16,,A202506
D,RESIDUE_PRICE_BID,,1,C2026Q1T10,VIC1-NSW1,NSW1,1,6263.29,,A202506
D,RESIDUE_PRICE_BID,,1,C2027Q1T06,VIC1-NSW1,NSW1,2,6260.16,,A202506
D,RESIDUE_PRICE_BID,,1,C2027Q1T06,VIC1-NSW1,NSW1,2,6200.16,,A202506
D,RESIDUE_PRICE_BID,,1,C2026Q1T10,VIC1-NSW1,NSW1,1,6198.72,,A202506
D,RESIDUE_PRICE_BID,,1,C2027Q1T06,VIC1-NSW1,NSW1,2,6140.16,,A202506
D,RESIDUE_PRICE_BID,,1,C2026Q1T10,VIC1-NSW1,NSW1,1,6134.15,,A202506
D,RESIDUE_PRICE_BID,,1,C2026Q1T10,VIC1-NSW1,NSW1,5,6128,,A202506
D,RESIDUE_PRICE_BID,,1,C2026Q1T10,VIC1-NSW1,NSW1,5,6120,,A202506
D,RESIDUE_PRICE_BID,,1,C2027Q1T06,VIC1-NSW1,NSW1,10,6089.60,,A202506
D,RESIDUE_PRICE_BID,,1,C2027Q1T06,VIC1-NSW1,NSW1,2,6080.16,,A202506
D,RESIDUE_PRICE_BID,,1,C2026Q1T10,VIC1-NSW1,NSW1,1,6069.58,,A202506
D,RESIDUE_PRICE_BID,,1,C2027Q1T06,VIC1-NSW1,NSW1,1,6057,,A202506
D,RESIDUE_PRICE_BID,,1,C2028Q1T02,VIC1-NSW1,NSW1,1,6057,,A202506
D,RESIDUE_PRICE_BID,,1,C2027Q1T06,VIC1-NSW1,NSW1,2,6020.16,,A202506
D,RESIDUE_PRICE_BID,,1,C2026Q1T10,VIC1-NSW1,NSW1,1,6005.01,,A202506
D,RESIDUE_PRICE_BID,,1,C2026Q1T10,VIC1-NSW1,NSW1,4,6000.16,,A202506
D,RESIDUE_PRICE_BID,,1,C2026Q1T10,VIC1-NSW1,NSW1,10,6000,,A202506
D,RESIDUE_PRICE_BID,,1,C2026Q1T10,VIC1-NSW1,NSW1,20,6000,,A202506
D,RESIDUE_PRICE_BID,,1,C2026Q1T10,VIC1-NSW1,NSW1,2,6000,,A202506
D,RESIDUE_PRICE_BID,,1,C2028Q1T02,VIC1-NSW1,NSW1,1,5966.14,,A202506
D,RESIDUE_PRICE_BID,,1,C2027Q1T06,VIC1-NSW1,NSW1,1,5966.14,,A202506
D,RESIDUE_PRICE_BID,,1,C2027Q1T06,VIC1-NSW1,NSW1,2,5960.16,,A202506
D,RESIDUE_PRICE_BID,,1,C2026Q1T10,VIC1-NSW1,NSW1,1,5940.44,,A202506
D,RESIDUE_PRICE_BID,,1,C2027Q1T06,VIC1-NSW1,NSW1,2,5900.16,,A202506
D,RESIDUE_PRICE_BID,,1,C2026Q1T10,VIC1-NSW1,NSW1,1,5875.87,,A202506
D,RESIDUE_PRICE_BID,,1,C2027Q1T06,VIC1-NSW1,NSW1,1,5875.29,,A202506
D,RESIDUE_PRICE_BID,,1,C2028Q1T02,VIC1-NSW1,NSW1,1,5875.29,,A202506
D,RESIDUE_PRICE_BID,,1,C2026Q1T10,VIC1-NSW1,NSW1,4,5840.16,,A202506
D,RESIDUE_PRICE_BID,,1,C2027Q1T06,VIC1-NSW1,NSW1,2,5840.16,,A202506
D,RESIDUE_PRICE_BID,,1,C2026Q1T10,VIC1-NSW1,NSW1,1,5811.30,,A202506
D,RESIDUE_PRICE_BID,,1,C2028Q1T02,VIC1-NSW1,NSW1,1,5784.44,,A202506
D,RESIDUE_PRICE_BID,,1,C2027Q1T06,VIC1-NSW1,NSW1,1,5784.44,,A202506
D,RESIDUE_PRICE_BID,,1,C2027Q1T06,VIC1-NSW1,NSW1,2,5780.16,,A202506
D,RESIDUE_PRICE_BID,,1,C2026Q1T10,VIC1-NSW1,NSW1,1,5746.73,,A202506
D,RESIDUE_PRICE_BID,,1,C2027Q1T06,VIC1-NSW1,NSW1,2,5720.16,,A202506
D,RESIDUE_PRICE_BID,,1,C2027Q1T06,VIC1-NSW1,NSW1,3,5713,,A202506
D,RESIDUE_PRICE_BID,,1,C2028Q1T02,VIC1-NSW1,NSW1,1,5713,,A202506
D,RESIDUE_PRICE_BID,,1,C2026Q1T10,VIC1-NSW1,NSW1,10,5703,,A202506
D,RESIDUE_PRICE_BID,,1,C2028Q1T02,VIC1-NSW1,NSW1,8,5703,,A202506
D,RESIDUE_PRICE_BID,,1,C2028Q1T02,VIC1-NSW1,NSW1,10,5703,,A202506
D,RESIDUE_PRICE_BID,,1,C2027Q1T06,VIC1-NSW1,NSW1,8,5703,,A202506
D,RESIDUE_PRICE_BID,,1,C2027Q1T06,VIC1-NSW1,NSW1,10,5703,,A202506
D,RESIDUE_PRICE_BID,,1,C2026Q1T10,VIC1-NSW1,NSW1,8,5703,,A202506
D,RESIDUE_PRICE_BID,,1,C2028Q1T02,VIC1-NSW1,NSW1,1,5693.58,,A202506
D,RESIDUE_PRICE_BID,,1,C2027Q1T06,VIC1-NSW1,NSW1,1,5693.58,,A202506
D,RESIDUE_PRICE_BID,,1,C2026Q1T10,VIC1-NSW1,NSW1,1,5682.16,,A202506
D,RESIDUE_PRICE_BID,,1,C2026Q1T10,VIC1-NSW1,NSW1,4,5680.16,,A202506
D,RESIDUE_PRICE_BID,,1,C2027Q1T06,VIC1-NSW1,NSW1,2,5660.16,,A202506
D,RESIDUE_PRICE_BID,,1,C2027Q1T06,VIC1-NSW1,NSW1,5,5646.72,,A202506
D,RESIDUE_PRICE_BID,,1,C2028Q1T02,VIC1-NSW1,NSW1,6,5625.90,,A202506
D,RESIDUE_PRICE_BID,,1,C2026Q1T10,VIC1-NSW1,NSW1,1,5617.59,,A202506
D,RESIDUE_PRICE_BID,,1,C2028Q1T02,VIC1-NSW1,NSW1,1,5602.72,,A202506
D,RESIDUE_PRICE_BID,,1,C2027Q1T06,VIC1-NSW1,NSW1,1,5602.72,,A202506
D,RESIDUE_PRICE_BID,,1,C2027Q1T06,VIC1-NSW1,NSW1,2,5600.16,,A202506
D,RESIDUE_PRICE_BID,,1,C2026Q1T10,VIC1-NSW1,NSW1,10,5600,,A202506
D,RESIDUE_PRICE_BID,,1,C2026Q1T10,VIC1-NSW1,NSW1,1,5553.02,,A202506
D,RESIDUE_PRICE_BID,,1,C2027Q1T06,VIC1-NSW1,NSW1,2,5540.16,,A202506
D,RESIDUE_PRICE_BID,,1,C2027Q1T06,VIC1-NSW1,NSW1,10,5536,,A202506
D,RESIDUE_PRICE_BID,,1,C2027Q1T06,VIC1-NSW1,NSW1,4,5536,,A202506
D,RESIDUE_PRICE_BID,,1,C2026Q1T10,VIC1-NSW1,NSW1,4,5520.16,,A202506
D,RESIDUE_PRICE_BID,,1,C2026Q1T10,VIC1-NSW1,NSW1,5,5520,,A202506
D,RESIDUE_PRICE_BID,,1,C2027Q1T06,VIC1-NSW1,NSW1,1,5511.87,,A202506
D,RESIDUE_PRICE_BID,,1,C2028Q1T02,VIC1-NSW1,NSW1,1,5511.87,,A202506
D,RESIDUE_PRICE_BID,,1,C2027Q1T06,VIC1-NSW1,NSW1,6,5500,,A202506
D,RESIDUE_PRICE_BID,,1,C2026Q1T10,VIC1-NSW1,NSW1,5,5500,,A202506
D,RESIDUE_PRICE_BID,,1,C2026Q1T10,VIC1-NSW1,NSW1,1,5488.45,,A202506
D,RESIDUE_PRICE_BID,,1,C2027Q1T06,VIC1-NSW1,NSW1,2,5480.16,,A202506
D,RESIDUE_PRICE_BID,,1,C2026Q1T10,VIC1-NSW1,NSW1,1,5423.88,,A202506
D,RESIDUE_PRICE_BID,,1,C2028Q1T02,VIC1-NSW1,NSW1,1,5421.02,,A202506
D,RESIDUE_PRICE_BID,,1,C2027Q1T06,VIC1-NSW1,NSW1,1,5421.02,,A202506
D,RESIDUE_PRICE_BID,,1,C2027Q1T06,VIC1-NSW1,NSW1,2,5420.16,,A202506
D,RESIDUE_PRICE_BID,,1,C2026Q1T10,VIC1-NSW1,NSW1,10,5400,,A202506
D,RESIDUE_PRICE_BID,,1,C2027Q1T06,VIC1-NSW1,NSW1,2,5360.16,,A202506
D,RESIDUE_PRICE_BID,,1,C2026Q1T10,VIC1-NSW1,NSW1,4,5360.16,,A202506
D,RESIDUE_PRICE_BID,,1,C2026Q1T10,VIC1-NSW1,NSW1,1,5359.31,,A202506
D,RESIDUE_PRICE_BID,,1,C2028Q1T02,VIC1-NSW1,NSW1,1,5330.16,,A202506
D,RESIDUE_PRICE_BID,,1,C2027Q1T06,VIC1-NSW1,NSW1,1,5330.16,,A202506
D,RESIDUE_PRICE_BID,,1,C2027Q1T06,VIC1-NSW1,NSW1,2,5300.16,,A202506
D,RESIDUE_PRICE_BID,,1,C2026Q1T10,VIC1-NSW1,NSW1,1,5294.74,,A202506
D,RESIDUE_PRICE_BID,,1,C2027Q1T06,VIC1-NSW1,NSW1,2,5240.16,,A202506
D,RESIDUE_PRICE_BID,,1,C2027Q1T06,VIC1-NSW1,NSW1,1,5239.30,,A202506
D,RESIDUE_PRICE_BID,,1,C2028Q1T02,VIC1-NSW1,NSW1,1,5239.30,,A202506
D,RESIDUE_PRICE_BID,,1,C2026Q1T10,VIC1-NSW1,NSW1,1,5230.17,,A202506
D,RESIDUE_PRICE_BID,,1,C2026Q1T10,VIC1-NSW1,NSW1,4,5200.16,,A202506
D,RESIDUE_PRICE_BID,,1,C2026Q1T10,VIC1-NSW1,NSW1,10,5200,,A202506
D,RESIDUE_PRICE_BID,,1,C2027Q1T06,VIC1-NSW1,NSW1,2,5180.16,,A202506
D,RESIDUE_PRICE_BID,,1,C2026Q1T10,VIC1-NSW1,NSW1,1,5165.60,,A202506
D,RESIDUE_PRICE_BID,,1,C2027Q1T06,VIC1-NSW1,NSW1,1,5148.45,,A202506
D,RESIDUE_PRICE_BID,,1,C2028Q1T02,VIC1-NSW1,NSW1,1,5148.45,,A202506
D,RESIDUE_PRICE_BID,,1,C2027Q1T06,VIC1-NSW1,NSW1,2,5120.16,,A202506
D,RESIDUE_PRICE_BID,,1,C2026Q1T10,VIC1-NSW1,NSW1,1,5101.03,,A202506
D,RESIDUE_PRICE_BID,,1,C2027Q1T06,VIC1-NSW1,NSW1,5,5093.12,,A202506
D,RESIDUE_PRICE_BID,,1,C2027Q1T06,VIC1-NSW1,NSW1,2,5060.16,,A202506
D,RESIDUE_PRICE_BID,,1,C2028Q1T02,VIC1-NSW1,NSW1,1,5057.59,,A202506
D,RESIDUE_PRICE_BID,,1,C2027Q1T06,VIC1-NSW1,NSW1,1,5057.59,,A202506
D,RESIDUE_PRICE_BID,,1,C2025Q3T12,VIC1-NSW1,NSW1,1,5057,,A202506
D,RESIDUE_PRICE_BID,,1,C2026Q1T10,VIC1-NSW1,NSW1,4,5040.16,,A202506
D,RESIDUE_PRICE_BID,,1,C2026Q1T10,VIC1-NSW1,NSW1,1,5036.46,,A202506
D,RESIDUE_PRICE_BID,,1,C2026Q3T08,VIC1-NSW1,NSW1,3,5029.50,,A202506
D,RESIDUE_PRICE_BID,,1,C2025Q3T12,VIC1-NSW1,NSW1,4,5023.20,,A202506
D,RESIDUE_PRICE_BID,,1,C2025Q3T12,VIC1-NSW1,NSW1,1,5006.43,,A202506
D,RESIDUE_PRICE_BID,,1,C2025Q3T12,VIC1-NSW1,NSW1,20,5005,,A202506
D,RESIDUE_PRICE_BID,,1,C2026Q2T09,VIC1-NSW1,NSW1,1,5004.1665,,A202506
D,RESIDUE_PRICE_BID,,1,C2028Q1T02,VIC1-NSW1,NSW1,1,5004.1665,,A202506
D,RESIDUE_PRICE_BID,,1,C2027Q3T04,VIC1-NSW1,NSW1,1,5004.1665,,A202506
D,RESIDUE_PRICE_BID,,1,C2026Q3T08,VIC1-NSW1,NSW1,1,5004.1665,,A202506
D,RESIDUE_PRICE_BID,,1,C2026Q1T10,VIC1-NSW1,NSW1,1,5004.1665,,A202506
D,RESIDUE_PRICE_BID,,1,C2027Q2T05,VIC1-NSW1,NSW1,1,5004.1665,,A202506
D,RESIDUE_PRICE_BID,,1,C2027Q1T06,VIC1-NSW1,NSW1,1,5004.1665,,A202506
D,RESIDUE_PRICE_BID,,1,C2025Q3T12,VIC1-NSW1,NSW1,1,5004.1665,,A202506
D,RESIDUE_PRICE_BID,,1,C2028Q1T02,VIC1-NSW1,NSW1,2,5000.16,,A202506
D,RESIDUE_PRICE_BID,,1,C2027Q1T06,VIC1-NSW1,NSW1,10,4982.399990,,A202506
D,RESIDUE_PRICE_BID,,1,C2026Q1T10,VIC1-NSW1,NSW1,1,4971.89,,A202506
D,RESIDUE_PRICE_BID,,1,C2027Q1T06,VIC1-NSW1,NSW1,1,4966.74,,A202506
D,RESIDUE_PRICE_BID,,1,C2028Q1T02,VIC1-NSW1,NSW1,1,4966.74,,A202506
D,RESIDUE_PRICE_BID,,1,C2028Q1T02,VIC1-NSW1,NSW1,2,4960.16,,A202506
D,RESIDUE_PRICE_BID,,1,C2026Q2T09,VIC1-NSW1,NSW1,3,4959,,A202506
D,RESIDUE_PRICE_BID,,1,C2025Q3T12,VIC1-NSW1,NSW1,1,4955.859990,,A202506
D,RESIDUE_PRICE_BID,,1,C2028Q1T02,VIC1-NSW1,NSW1,5,4950.79,,A202506
D,RESIDUE_PRICE_BID,,1,C2027Q1T06,VIC1-NSW1,NSW1,6,4922,,A202506
D,RESIDUE_PRICE_BID,,1,C2028Q1T02,VIC1-NSW1,NSW1,2,4920.16,,A202506
D,RESIDUE_PRICE_BID,,1,C2028Q1T02,VIC1-NSW1,NSW1,6,4920,,A202506
D,RESIDUE_PRICE_BID,,1,C2026Q1T10,VIC1-NSW1,NSW1,1,4907.32,,A202506
D,RESIDUE_PRICE_BID,,1,C2025Q3T12,VIC1-NSW1,NSW1,1,4905.29,,A202506
D,RESIDUE_PRICE_BID,,1,C2025Q3T12,VIC1-NSW1,NSW1,5,4894.03,,A202506
D,RESIDUE_PRICE_BID,,1,C2026Q1T10,VIC1-NSW1,NSW1,4,4880.16,,A202506
D,RESIDUE_PRICE_BID,,1,C2028Q1T02,VIC1-NSW1,NSW1,2,4880.16,,A202506
D,RESIDUE_PRICE_BID,,1,C2028Q1T02,VIC1-NSW1,NSW1,1,4875.88,,A202506
D,RESIDUE_PRICE_BID,,1,C2027Q1T06,VIC1-NSW1,NSW1,1,4875.88,,A202506
D,RESIDUE_PRICE_BID,,1,C2025Q3T12,VIC1-NSW1,NSW1,1,4854.72,,A202506
D,RESIDUE_PRICE_BID,,1,C2028Q1T02,VIC1-NSW1,NSW1,2,4840.16,,A202506
D,RESIDUE_PRICE_BID,,1,C2026Q1T10,VIC1-NSW1,NSW1,10,4828.67,,A202506
D,RESIDUE_PRICE_BID,,1,C2025Q3T12,VIC1-NSW1,NSW1,1,4804.149990,,A202506
D,RESIDUE_PRICE_BID,,1,C2028Q1T02,VIC1-NSW1,NSW1,2,4800.16,,A202506
D,RESIDUE_PRICE_BID,,1,C2026Q1T10,VIC1-NSW1,NSW1,10,4800,,A202506
D,RESIDUE_PRICE_BID,,1,C2026Q1T10,VIC1-NSW1,NSW1,13,4800,,A202506
D,RESIDUE_PRICE_BID,,1,C2026Q1T10,VIC1-NSW1,NSW1,2,4800,,A202506
D,RESIDUE_PRICE_BID,,1,C2026Q1T10,VIC1-NSW1,NSW1,5,4800,,A202506
D,RESIDUE_PRICE_BID,,1,C2028Q1T02,VIC1-NSW1,NSW1,1,4785.03,,A202506
D,RESIDUE_PRICE_BID,,1,C2027Q1T06,VIC1-NSW1,NSW1,1,4785.03,,A202506
D,RESIDUE_PRICE_BID,,1,C2028Q1T02,VIC1-NSW1,NSW1,2,4760.16,,A202506
D,RESIDUE_PRICE_BID,,1,C2025Q3T12,VIC1-NSW1,NSW1,1,4753.58,,A202506
D,RESIDUE_PRICE_BID,,1,C2026Q3T08,VIC1-NSW1,NSW1,1,4752.72,,A202506
D,RESIDUE_PRICE_BID,,1,C2026Q1T10,VIC1-NSW1,NSW1,4,4720.16,,A202506
D,RESIDUE_PRICE_BID,,1,C2028Q1T02,VIC1-NSW1,NSW1,2,4720.16,,A202506
D,RESIDUE_PRICE_BID,,1,C2025Q3T12,VIC1-NSW1,NSW1,1,4703.01,,A202506
D,RESIDUE_PRICE_BID,,1,C2027Q1T06,VIC1-NSW1,NSW1,10,4703,,A202506
D,RESIDUE_PRICE_BID,,1,C2027Q1T06,VIC1-NSW1,NSW1,8,4703,,A202506
D,RESIDUE_PRICE_BID,,1,C2028Q1T02,VIC1-NSW1,NSW1,8,4703,,A202506
D,RESIDUE_PRICE_BID,,1,C2026Q1T10,VIC1-NSW1,NSW1,10,4703,,A202506
D,RESIDUE_PRICE_BID,,1,C2026Q1T10,VIC1-NSW1,NSW1,8,4703,,A202506
D,RESIDUE_PRICE_BID,,1,C2028Q1T02,VIC1-NSW1,NSW1,10,4703,,A202506
D,RESIDUE_PRICE_BID,,1,C2027Q1T06,VIC1-NSW1,NSW1,1,4694.18,,A202506
D,RESIDUE_PRICE_BID,,1,C2028Q1T02,VIC1-NSW1,NSW1,1,4694.18,,A202506
D,RESIDUE_PRICE_BID,,1,C2028Q1T02,VIC1-NSW1,NSW1,2,4680.16,,A202506
D,RESIDUE_PRICE_BID,,1,C2026Q1T10,VIC1-NSW1,NSW1,6,4670,,A202506
D,RESIDUE_PRICE_BID,,1,C2025Q3T12,VIC1-NSW1,NSW1,1,4652.439990,,A202506
D,RESIDUE_PRICE_BID,,1,C2028Q1T02,VIC1-NSW1,NSW1,2,4640.16,,A202506
D,RESIDUE_PRICE_BID,,1,C2027Q3T04,VIC1-NSW1,NSW1,1,4621.34,,A202506
D,RESIDUE_PRICE_BID,,1,C2027Q1T06,VIC1-NSW1,NSW1,1,4603.32,,A202506
D,RESIDUE_PRICE_BID,,1,C2028Q1T02,VIC1-NSW1,NSW1,1,4603.32,,A202506
D,RESIDUE_PRICE_BID,,1,C2025Q3T12,VIC1-NSW1,NSW1,1,4601.87,,A202506
D,RESIDUE_PRICE_BID,,1,C2028Q1T02,VIC1-NSW1,NSW1,2,4600.16,,A202506
D,RESIDUE_PRICE_BID,,1,C2028Q1T02,VIC1-NSW1,NSW1,5,4590.7344,,A202506
D,RESIDUE_PRICE_BID,,1,C2027Q2T05,VIC1-NSW1,NSW1,4,4571.109990,,A202506
D,RESIDUE_PRICE_BID,,1,C2026Q1T10,VIC1-NSW1,NSW1,4,4560.16,,A202506
D,RESIDUE_PRICE_BID,,1,C2028Q1T02,VIC1-NSW1,NSW1,2,4560.16,,A202506
D,RESIDUE_PRICE_BID,,1,C2025Q3T12,VIC1-NSW1,NSW1,1,4551.30,,A202506
D,RESIDUE_PRICE_BID,,1,C2028Q1T02,VIC1-NSW1,NSW1,10,4528.67,,A202506
D,RESIDUE_PRICE_BID,,1,C2027Q1T06,VIC1-NSW1,NSW1,10,4528.67,,A202506
D,RESIDUE_PRICE_BID,,1,C2028Q1T02,VIC1-NSW1,NSW1,2,4520.16,,A202506
D,RESIDUE_PRICE_BID,,1,C2027Q1T06,VIC1-NSW1,NSW1,1,4512.46,,A202506
D,RESIDUE_PRICE_BID,,1,C2028Q1T02,VIC1-NSW1,NSW1,1,4512.46,,A202506
D,RESIDUE_PRICE_BID,,1,C2025Q3T12,VIC1-NSW1,NSW1,5,4505,,A202506
D,RESIDUE_PRICE_BID,,1,C2025Q3T12,VIC1-NSW1,NSW1,1,4500.729990,,A202506
D,RESIDUE_PRICE_BID,,1,C2028Q1T02,VIC1-NSW1,NSW1,3,4500.72,,A202506
D,RESIDUE_PRICE_BID,,1,C2028Q1T02,VIC1-NSW1,NSW1,5,4500.72,,A202506
D,RESIDUE_PRICE_BID,,1,C2027Q1T06,VIC1-NSW1,NSW1,5,4500.16,,A202506
D,RESIDUE_PRICE_BID,,1,C2026Q1T10,VIC1-NSW1,NSW1,7,4500,,A202506
D,RESIDUE_PRICE_BID,,1,C2028Q1T02,VIC1-NSW1,NSW1,2,4480.16,,A202506
D,RESIDUE_PRICE_BID,,1,C2028Q2T01,VIC1-NSW1,NSW1,5,4479.38,,A202506
D,RESIDUE_PRICE_BID,,1,C2027Q3T04,VIC1-NSW1,NSW1,4,4464.33,,A202506
D,RESIDUE_PRICE_BID,,1,C2025Q3T12,VIC1-NSW1,NSW1,1,4450.16,,A202506
D,RESIDUE_PRICE_BID,,1,C2025Q3T12,VIC1-NSW1,NSW1,5,4449.12,,A202506
D,RESIDUE_PRICE_BID,,1,C2028Q1T02,VIC1-NSW1,NSW1,2,4440.16,,A202506
D,RESIDUE_PRICE_BID,,1,C2027Q1T06,VIC1-NSW1,NSW1,4,4428.80,,A202506
D,RESIDUE_PRICE_BID,,1,C2027Q1T06,VIC1-NSW1,NSW1,10,4428.80,,A202506
D,RESIDUE_PRICE_BID,,1,C2027Q1T06,VIC1-NSW1,NSW1,13,4428.80,,A202506
D,RESIDUE_PRICE_BID,,1,C2027Q1T06,VIC1-NSW1,NSW1,1,4421.609990,,A202506
D,RESIDUE_PRICE_BID,,1,C2028Q1T02,VIC1-NSW1,NSW1,1,4421.609990,,A202506
D,RESIDUE_PRICE_BID,,1,C2028Q1T02,VIC1-NSW1,NSW1,6,4403,,A202506
D,RESIDUE_PRICE_BID,,1,C2026Q1T10,VIC1-NSW1,NSW1,4,4400.16,,A202506
D,RESIDUE_PRICE_BID,,1,C2028Q1T02,VIC1-NSW1,NSW1,2,4400.16,,A202506
D,RESIDUE_PRICE_BID,,1,C2026Q1T10,VIC1-NSW1,NSW1,5,4400,,A202506
D,RESIDUE_PRICE_BID,,1,C2025Q3T12,VIC1-NSW1,NSW1,1,4399.59,,A202506
D,RESIDUE_PRICE_BID,,1,C2028Q1T02,VIC1-NSW1,NSW1,2,4360.16,,A202506
D,RESIDUE_PRICE_BID,,1,C2025Q3T12,VIC1-NSW1,NSW1,10,4355.22,,A202506
D,RESIDUE_PRICE_BID,,1,C2025Q3T12,VIC1-NSW1,NSW1,1,4349.02,,A202506
D,RESIDUE_PRICE_BID,,1,C2027Q1T06,VIC1-NSW1,NSW1,6,4345,,A202506
D,RESIDUE_PRICE_BID,,1,C2028Q1T02,VIC1-NSW1,NSW1,1,4330.76,,A202506
D,RESIDUE_PRICE_BID,,1,C2027Q1T06,VIC1-NSW1,NSW1,1,4330.76,,A202506
D,RESIDUE_PRICE_BID,,1,C2028Q1T02,VIC1-NSW1,NSW1,2,4320.16,,A202506
D,RESIDUE_PRICE_BID,,1,C2025Q3T12,VIC1-NSW1,NSW1,1,4298.45,,A202506
D,RESIDUE_PRICE_BID,,1,C2026Q2T09,VIC1-NSW1,NSW1,7,4297.80,,A202506
D,RESIDUE_PRICE_BID,,1,C2026Q2T09,VIC1-NSW1,NSW1,2,4288.28,,A202506
D,RESIDUE_PRICE_BID,,1,C2028Q1T02,VIC1-NSW1,NSW1,2,4280.16,,A202506
D,RESIDUE_PRICE_BID,,1,C2026Q4T07,VIC1-NSW1,NSW1,25,4250,,A202506
D,RESIDUE_PRICE_BID,,1,C2026Q3T08,VIC1-NSW1,NSW1,25,4250,,A202506
D,RESIDUE_PRICE_BID,,1,C2026Q2T09,VIC1-NSW1,NSW1,20,4250,,A202506
D,RESIDUE_PRICE_BID,,1,C2025Q3T12,VIC1-NSW1,NSW1,1,4247.88,,A202506
D,RESIDUE_PRICE_BID,,1,C2025Q4T11,VIC1-NSW1,NSW1,2,4246.54,,A202506
D,RESIDUE_PRICE_BID,,1,C2026Q1T10,VIC1-NSW1,NSW1,10,4244.45,,A202506
D,RESIDUE_PRICE_BID,,1,C2028Q1T02,VIC1-NSW1,NSW1,2,4240.16,,A202506
D,RESIDUE_PRICE_BID,,1,C2026Q1T10,VIC1-NSW1,NSW1,4,4240.16,,A202506
D,RESIDUE_PRICE_BID,,1,C2028Q1T02,VIC1-NSW1,NSW1,1,4239.899990,,A202506
D,RESIDUE_PRICE_BID,,1,C2027Q1T06,VIC1-NSW1,NSW1,1,4239.899990,,A202506
D,RESIDUE_PRICE_BID,,1,C2028Q1T02,VIC1-NSW1,NSW1,2,4200.16,,A202506
D,RESIDUE_PRICE_BID,,1,C2025Q3T12,VIC1-NSW1,NSW1,1,4197.31,,A202506
D,RESIDUE_PRICE_BID,,1,C2026Q3T08,VIC1-NSW1,NSW1,5,4191.25,,A202506
D,RESIDUE_PRICE_BID,,1,C2026Q3T08,VIC1-NSW1,NSW1,2,4182.39,,A202506
D,RESIDUE_PRICE_BID,,1,C2026Q1T10,VIC1-NSW1,NSW1,6,4180,,A202506
D,RESIDUE_PRICE_BID,,1,C2027Q2T05,VIC1-NSW1,NSW1,10,4160.34,,A202506
D,RESIDUE_PRICE_BID,,1,C2027Q2T05,VIC1-NSW1,NSW1,4,4160.34,,A202506
D,RESIDUE_PRICE_BID,,1,C2028Q2T01,VIC1-NSW1,NSW1,5,4160.34,,A202506
D,RESIDUE_PRICE_BID,,1,C2028Q1T02,VIC1-NSW1,NSW1,2,4160.16,,A202506
D,RESIDUE_PRICE_BID,,1,C2028Q2T01,VIC1-NSW1,NSW1,3,4160,,A202506
D,RESIDUE_PRICE_BID,,1,C2027Q1T06,VIC1-NSW1,NSW1,7,4152,,A202506
D,RESIDUE_PRICE_BID,,1,C2027Q1T06,VIC1-NSW1,NSW1,5,4150.16,,A202506
D,RESIDUE_PRICE_BID,,1,C2027Q1T06,VIC1-NSW1,NSW1,1,4149.04,,A202506
D,RESIDUE_PRICE_BID,,1,C2028Q1T02,VIC1-NSW1,NSW1,1,4149.04,,A202506
D,RESIDUE_PRICE_BID,,1,C2025Q3T12,VIC1-NSW1,NSW1,1,4146.74,,A202506
D,RESIDUE_PRICE_BID,,1,C2028Q1T02,VIC1-NSW1,NSW1,10,4144.45,,A202506
D,RESIDUE_PRICE_BID,,1,C2027Q1T06,VIC1-NSW1,NSW1,10,4144.45,,A202506
D,RESIDUE_PRICE_BID,,1,C2028Q1T02,VIC1-NSW1,NSW1,5,4140.6624,,A202506
D,RESIDUE_PRICE_BID,,1,C2026Q2T09,VIC1-NSW1,NSW1,7,4133,,A202506
D,RESIDUE_PRICE_BID,,1,C2027Q4T03,VIC1-NSW1,NSW1,3,4130.62,,A202506
D,RESIDUE_PRICE_BID,,1,C2028Q1T02,VIC1-NSW1,NSW1,2,4120.16,,A202506
D,RESIDUE_PRICE_BID,,1,C2025Q3T12,VIC1-NSW1,NSW1,1,4096.17,,A202506
D,RESIDUE_PRICE_BID,,1,C2028Q1T02,VIC1-NSW1,NSW1,2,4080.16,,A202506
D,RESIDUE_PRICE_BID,,1,C2026Q1T10,VIC1-NSW1,NSW1,4,4080.16,,A202506
D,RESIDUE_PRICE_BID,,1,C2026Q2T09,VIC1-NSW1,NSW1,15,4075.32,,A202506
D,RESIDUE_PRICE_BID,,1,C2027Q1T06,VIC1-NSW1,NSW1,1,4058.19,,A202506
D,RESIDUE_PRICE_BID,,1,C2028Q1T02,VIC1-NSW1,NSW1,1,4058.19,,A202506
D,RESIDUE_PRICE_BID,,1,C2028Q1T02,VIC1-NSW1,NSW1,7,4050.65,,A202506
D,RESIDUE_PRICE_BID,,1,C2026Q1T10,VIC1-NSW1,NSW1,10,4050,,A202506
D,RESIDUE_PRICE_BID,,1,C2025Q3T12,VIC1-NSW1,NSW1,1,4045.60,,A202506
D,RESIDUE_PRICE_BID,,1,C2028Q1T02,VIC1-NSW1,NSW1,2,4040.16,,A202506
D,RESIDUE_PRICE_BID,,1,C2026Q2T09,VIC1-NSW1,NSW1,10,4022.30,,A202506
D,RESIDUE_PRICE_BID,,1,C2025Q3T12,VIC1-NSW1,NSW1,5,4005,,A202506
D,RESIDUE_PRICE_BID,,1,C2025Q3T12,VIC1-NSW1,NSW1,5,4004.21,,A202506
D,RESIDUE_PRICE_BID,,1,C2027Q2T05,VIC1-NSW1,NSW1,1,4003.333250,,A202506
D,RESIDUE_PRICE_BID,,1,C2027Q1T06,VIC1-NSW1,NSW1,1,4003.333250,,A202506
D,RESIDUE_PRICE_BID,,1,C2028Q1T02,VIC1-NSW1,NSW1,1,4003.333250,,A202506
D,RESIDUE_PRICE_BID,,1,C2026Q1T10,VIC1-NSW1,NSW1,1,4003.333250,,A202506
D,RESIDUE_PRICE_BID,,1,C2025Q3T12,VIC1-NSW1,NSW1,1,4003.333250,,A202506
D,RESIDUE_PRICE_BID,,1,C2026Q2T09,VIC1-NSW1,NSW1,1,4003.333250,,A202506
D,RESIDUE_PRICE_BID,,1,C2027Q3T04,VIC1-NSW1,NSW1,1,4003.333250,,A202506
D,RESIDUE_PRICE_BID,,1,C2026Q3T08,VIC1-NSW1,NSW1,1,4003.333250,,A202506
D,RESIDUE_PRICE_BID,,1,C2026Q1T10,VIC1-NSW1,NSW1,10,4000,,A202506
D,RESIDUE_PRICE_BID,,1,C2025Q3T12,VIC1-NSW1,NSW1,1,3995.03,,A202506
D,RESIDUE_PRICE_BID,,1,C2025Q3T12,VIC1-NSW1,NSW1,15,3989.55,,A202506
D,RESIDUE_PRICE_BID,,1,C2025Q3T12,VIC1-NSW1,NSW1,12,3980,,A202506
D,RESIDUE_PRICE_BID,,1,C2028Q1T02,VIC1-NSW1,NSW1,1,3967.34,,A202506
D,RESIDUE_PRICE_BID,,1,C2027Q1T06,VIC1-NSW1,NSW1,1,3967.34,,A202506
D,RESIDUE_PRICE_BID,,1,C2027Q1T06,VIC1-NSW1,NSW1,6,3960,,A202506
D,RESIDUE_PRICE_BID,,1,C2025Q3T12,VIC1-NSW1,NSW1,1,3944.46,,A202506
D,RESIDUE_PRICE_BID,,1,C2026Q1T10,VIC1-NSW1,NSW1,4,3920.16,,A202506
D,RESIDUE_PRICE_BID,,1,C2025Q3T12,VIC1-NSW1,NSW1,10,3903,,A202506
D,RESIDUE_PRICE_BID,,1,C2026Q4T07,VIC1-NSW1,NSW1,10,3900,,A202506
D,RESIDUE_PRICE_BID,,1,C2026Q2T09,VIC1-NSW1,NSW1,3,3898.44,,A202506
D,RESIDUE_PRICE_BID,,1,C2025Q3T12,VIC1-NSW1,NSW1,1,3893.89,,A202506
D,RESIDUE_PRICE_BID,,1,C2028Q1T02,VIC1-NSW1,NSW1,6,3887,,A202506
D,RESIDUE_PRICE_BID,,1,C2028Q1T02,VIC1-NSW1,NSW1,1,3876.48,,A202506
D,RESIDUE_PRICE_BID,,1,C2027Q1T06,VIC1-NSW1,NSW1,1,3876.48,,A202506
D,RESIDUE_PRICE_BID,,1,C2025Q4T11,VIC1-NSW1,NSW1,5,3868.48,,A202506
D,RESIDUE_PRICE_BID,,1,C2027Q3T04,VIC1-NSW1,NSW1,1,3857,,A202506
D,RESIDUE_PRICE_BID,,1,C2026Q3T08,VIC1-NSW1,NSW1,1,3857,,A202506
D,RESIDUE_PRICE_BID,,1,C2026Q3T08,VIC1-NSW1,NSW1,5,3850,,A202506
D,RESIDUE_PRICE_BID,,1,C2026Q2T09,VIC1-NSW1,NSW1,5,3850,,A202506
D,RESIDUE_PRICE_BID,,1,C2025Q3T12,VIC1-NSW1,NSW1,1,3843.32,,A202506
D,RESIDUE_PRICE_BID,,1,C2026Q3T08,VIC1-NSW1,NSW1,3,3802.18,,A202506
D,RESIDUE_PRICE_BID,,1,C2026Q2T09,VIC1-NSW1,NSW1,10,3801.90,,A202506
D,RESIDUE_PRICE_BID,,1,C2027Q1T06,VIC1-NSW1,NSW1,5,3800.16,,A202506
D,RESIDUE_PRICE_BID,,1,C2027Q3T04,VIC1-NSW1,NSW1,1,3799.14,,A202506
D,RESIDUE_PRICE_BID,,1,C2026Q3T08,VIC1-NSW1,NSW1,1,3799.14,,A202506
D,RESIDUE_PRICE_BID,,1,C2028Q2T01,VIC1-NSW1,NSW1,5,3790.53,,A202506
D,RESIDUE_PRICE_BID,,1,C2027Q2T05,VIC1-NSW1,NSW1,10,3790.53,,A202506
D,RESIDUE_PRICE_BID,,1,C2027Q2T05,VIC1-NSW1,NSW1,15,3775.32,,A202506
D,RESIDUE_PRICE_BID,,1,C2026Q1T10,VIC1-NSW1,NSW1,4,3760.16,,A202506
D,RESIDUE_PRICE_BID,,1,C2028Q2T01,VIC1-NSW1,NSW1,1,3757,,A202506
D,RESIDUE_PRICE_BID,,1,C2026Q2T09,VIC1-NSW1,NSW1,1,3757,,A202506
D,RESIDUE_PRICE_BID,,1,C2027Q2T05,VIC1-NSW1,NSW1,1,3757,,A202506
D,RESIDUE_PRICE_BID,,1,C2026Q2T09,VIC1-NSW1,NSW1,10,3750.22,,A202506
D,RESIDUE_PRICE_BID,,1,C2026Q2T09,VIC1-NSW1,NSW1,10,3746.80,,A202506
D,RESIDUE_PRICE_BID,,1,C2027Q3T04,VIC1-NSW1,NSW1,1,3741.29,,A202506
D,RESIDUE_PRICE_BID,,1,C2026Q3T08,VIC1-NSW1,NSW1,1,3741.29,,A202506
D,RESIDUE_PRICE_BID,,1,C2027Q1T06,VIC1-NSW1,NSW1,10,3736.80,,A202506
D,RESIDUE_PRICE_BID,,1,C2027Q3T04,VIC1-NSW1,NSW1,7,3720.28,,A202506
D,RESIDUE_PRICE_BID,,1,C2027Q3T04,VIC1-NSW1,NSW1,12,3720,,A202506
D,RESIDUE_PRICE_BID,,1,C2028Q1T02,VIC1-NSW1,NSW1,10,3703,,A202506
D,RESIDUE_PRICE_BID,,1,C2026Q1T10,VIC1-NSW1,NSW1,10,3703,,A202506
D,RESIDUE_PRICE_BID,,1,C2027Q1T06,VIC1-NSW1,NSW1,10,3703,,A202506
D,RESIDUE_PRICE_BID,,1,C2027Q1T06,VIC1-NSW1,NSW1,8,3703,,A202506
D,RESIDUE_PRICE_BID,,1,C2026Q1T10,VIC1-NSW1,NSW1,8,3703,,A202506
D,RESIDUE_PRICE_BID,,1,C2028Q1T02,VIC1-NSW1,NSW1,8,3703,,A202506
D,RESIDUE_PRICE_BID,,1,C2026Q2T09,VIC1-NSW1,NSW1,1,3700.64,,A202506
D,RESIDUE_PRICE_BID,,1,C2028Q2T01,VIC1-NSW1,NSW1,1,3700.64,,A202506
D,RESIDUE_PRICE_BID,,1,C2027Q2T05,VIC1-NSW1,NSW1,1,3700.64,,A202506
D,RESIDUE_PRICE_BID,,1,C2027Q2T05,VIC1-NSW1,NSW1,12,3700,,A202506
D,RESIDUE_PRICE_BID,,1,C2026Q1T10,VIC1-NSW1,NSW1,6,3689,,A202506
D,RESIDUE_PRICE_BID,,1,C2027Q3T04,VIC1-NSW1,NSW1,1,3683.44,,A202506
D,RESIDUE_PRICE_BID,,1,C2026Q3T08,VIC1-NSW1,NSW1,1,3683.44,,A202506
D,RESIDUE_PRICE_BID,,1,C2028Q2T01,VIC1-NSW1,NSW1,1,3644.29,,A202506
D,RESIDUE_PRICE_BID,,1,C2027Q2T05,VIC1-NSW1,NSW1,1,3644.29,,A202506
D,RESIDUE_PRICE_BID,,1,C2026Q2T09,VIC1-NSW1,NSW1,1,3644.29,,A202506
D,RESIDUE_PRICE_BID,,1,C2026Q3T08,VIC1-NSW1,NSW1,5,3628,,A202506
D,RESIDUE_PRICE_BID,,1,C2027Q3T04,VIC1-NSW1,NSW1,1,3625.58,,A202506
D,RESIDUE_PRICE_BID,,1,C2026Q3T08,VIC1-NSW1,NSW1,1,3625.58,,A202506
D,RESIDUE_PRICE_BID,,1,C2025Q3T12,VIC1-NSW1,NSW1,10,3603,,A202506
D,RESIDUE_PRICE_BID,,1,C2028Q1T02,VIC1-NSW1,NSW1,10,3600.58,,A202506
D,RESIDUE_PRICE_BID,,1,C2028Q1T02,VIC1-NSW1,NSW1,3,3600.58,,A202506
D,RESIDUE_PRICE_BID,,1,C2028Q1T02,VIC1-NSW1,NSW1,10,3600.5760,,A202506
D,RESIDUE_PRICE_BID,,1,C2026Q1T10,VIC1-NSW1,NSW1,4,3600.16,,A202506
D,RESIDUE_PRICE_BID,,1,C2026Q1T10,VIC1-NSW1,NSW1,10,3600,,A202506
D,RESIDUE_PRICE_BID,,1,C2026Q1T10,VIC1-NSW1,NSW1,10,3600,,A202506
D,RESIDUE_PRICE_BID,,1,C2025Q4T11,VIC1-NSW1,NSW1,20,3600,,A202506
D,RESIDUE_PRICE_BID,,1,C2026Q1T10,VIC1-NSW1,NSW1,21,3600,,A202506
D,RESIDUE_PRICE_BID,,1,C2026Q2T09,VIC1-NSW1,NSW1,1,3587.94,,A202506
D,RESIDUE_PRICE_BID,,1,C2028Q2T01,VIC1-NSW1,NSW1,1,3587.94,,A202506
D,RESIDUE_PRICE_BID,,1,C2027Q2T05,VIC1-NSW1,NSW1,1,3587.94,,A202506
D,RESIDUE_PRICE_BID,,1,C2026Q2T09,VIC1-NSW1,NSW1,5,3578,,A202506
D,RESIDUE_PRICE_BID,,1,C2027Q1T06,VIC1-NSW1,NSW1,6,3575,,A202506
D,RESIDUE_PRICE_BID,,1,C2026Q3T08,VIC1-NSW1,NSW1,1,3567.73,,A202506
D,RESIDUE_PRICE_BID,,1,C2027Q3T04,VIC1-NSW1,NSW1,1,3567.73,,A202506
D,RESIDUE_PRICE_BID,,1,C2025Q3T12,VIC1-NSW1,NSW1,12,3562,,A202506
D,RESIDUE_PRICE_BID,,1,C2025Q3T12,VIC1-NSW1,NSW1,5,3559.30,,A202506
D,RESIDUE_PRICE_BID,,1,C2026Q4T07,VIC1-NSW1,NSW1,5,3550,,A202506
D,RESIDUE_PRICE_BID,,1,C2028Q1T02,VIC1-NSW1,NSW1,6,3542,,A202506
D,RESIDUE_PRICE_BID,,1,C2025Q4T11,VIC1-NSW1,NSW1,5,3534.17,,A202506
D,RESIDUE_PRICE_BID,,1,C2026Q2T09,VIC1-NSW1,NSW1,1,3531.58,,A202506
D,RESIDUE_PRICE_BID,,1,C2027Q2T05,VIC1-NSW1,NSW1,1,3531.58,,A202506
D,RESIDUE_PRICE_BID,,1,C2028Q2T01,VIC1-NSW1,NSW1,1,3531.58,,A202506
D,RESIDUE_PRICE_BID,,1,C2027Q3T04,VIC1-NSW1,NSW1,1,3509.87,,A202506
D,RESIDUE_PRICE_BID,,1,C2026Q3T08,VIC1-NSW1,NSW1,1,3509.87,,A202506
D,RESIDUE_PRICE_BID,,1,C2025Q3T12,VIC1-NSW1,NSW1,5,3505,,A202506
D,RESIDUE_PRICE_BID,,1,C2026Q3T08,VIC1-NSW1,NSW1,10,3503,,A202506
D,RESIDUE_PRICE_BID,,1,C2025Q3T12,VIC1-NSW1,NSW1,10,3503,,A202506
D,RESIDUE_PRICE_BID,,1,C2028Q1T02,VIC1-NSW1,NSW1,2,3500.16,,A202506
D,RESIDUE_PRICE_BID,,1,C2025Q3T12,VIC1-NSW1,NSW1,4,3500.16,,A202506
D,RESIDUE_PRICE_BID,,1,C2026Q2T09,VIC1-NSW1,NSW1,4,3500.16,,A202506
D,RESIDUE_PRICE_BID,,1,C2026Q3T08,VIC1-NSW1,NSW1,4,3500.16,,A202506
D,RESIDUE_PRICE_BID,,1,C2026Q2T09,VIC1-NSW1,NSW1,10,3500.16,,A202506
D,RESIDUE_PRICE_BID,,1,C2026Q2T09,VIC1-NSW1,NSW1,1,3475.23,,A202506
D,RESIDUE_PRICE_BID,,1,C2028Q2T01,VIC1-NSW1,NSW1,1,3475.23,,A202506
D,RESIDUE_PRICE_BID,,1,C2027Q2T05,VIC1-NSW1,NSW1,1,3475.23,,A202506
D,RESIDUE_PRICE_BID,,1,C2026Q2T09,VIC1-NSW1,NSW1,10,3471.30,,A202506
D,RESIDUE_PRICE_BID,,1,C2026Q2T09,VIC1-NSW1,NSW1,10,3471.30,,A202506
D,RESIDUE_PRICE_BID,,1,C2028Q2T01,VIC1-NSW1,NSW1,5,3467,,A202506
D,RESIDUE_PRICE_BID,,1,C2027Q2T05,VIC1-NSW1,NSW1,8,3466.95,,A202506
D,RESIDUE_PRICE_BID,,1,C2026Q3T08,VIC1-NSW1,NSW1,1,3452.02,,A202506
D,RESIDUE_PRICE_BID,,1,C2027Q3T04,VIC1-NSW1,NSW1,1,3452.02,,A202506
D,RESIDUE_PRICE_BID,,1,C2027Q2T05,VIC1-NSW1,NSW1,10,3450.22,,A202506
D,RESIDUE_PRICE_BID,,1,C2027Q1T06,VIC1-NSW1,NSW1,5,3450.16,,A202506
D,RESIDUE_PRICE_BID,,1,C2026Q2T09,VIC1-NSW1,NSW1,5,3450,,A202506
D,RESIDUE_PRICE_BID,,1,C2026Q3T08,VIC1-NSW1,NSW1,5,3450,,A202506
D,RESIDUE_PRICE_BID,,1,C2026Q1T10,VIC1-NSW1,NSW1,4,3440.16,,A202506
D,RESIDUE_PRICE_BID,,1,C2026Q3T08,VIC1-NSW1,NSW1,5,3428,,A202506
D,RESIDUE_PRICE_BID,,1,C2027Q2T05,VIC1-NSW1,NSW1,10,3420.73,,A202506
D,RESIDUE_PRICE_BID,,1,C2028Q2T01,VIC1-NSW1,NSW1,7,3420.73,,A202506
D,RESIDUE_PRICE_BID,,1,C2027Q2T05,VIC1-NSW1,NSW1,1,3418.87,,A202506
D,RESIDUE_PRICE_BID,,1,C2026Q2T09,VIC1-NSW1,NSW1,1,3418.87,,A202506
D,RESIDUE_PRICE_BID,,1,C2028Q2T01,VIC1-NSW1,NSW1,1,3418.87,,A202506
D,RESIDUE_PRICE_BID,,1,C2026Q3T08,VIC1-NSW1,NSW1,8,3403,,A202506
D,RESIDUE_PRICE_BID,,1,C2026Q3T08,VIC1-NSW1,NSW1,10,3403,,A202506
D,RESIDUE_PRICE_BID,,1,C2028Q1T02,VIC1-NSW1,NSW1,2,3400.16,,A202506
D,RESIDUE_PRICE_BID,,1,C2026Q3T08,VIC1-NSW1,NSW1,1,3394.16,,A202506
D,RESIDUE_PRICE_BID,,1,C2027Q3T04,VIC1-NSW1,NSW1,1,3394.16,,A202506
D,RESIDUE_PRICE_BID,,1,C2025Q3T12,VIC1-NSW1,NSW1,4,3380.16,,A202506
D,RESIDUE_PRICE_BID,,1,C2026Q3T08,VIC1-NSW1,NSW1,4,3380.16,,A202506
D,RESIDUE_PRICE_BID,,1,C2026Q2T09,VIC1-NSW1,NSW1,4,3380.16,,A202506
D,RESIDUE_PRICE_BID,,1,C2028Q2T01,VIC1-NSW1,NSW1,12,3380,,A202506
D,RESIDUE_PRICE_BID,,1,C2026Q2T09,VIC1-NSW1,NSW1,5,3378,,A202506
D,RESIDUE_PRICE_BID,,1,C2028Q1T02,VIC1-NSW1,NSW1,7,3375.54,,A202506
D,RESIDUE_PRICE_BID,,1,C2028Q2T01,VIC1-NSW1,NSW1,15,3375.32,,A202506
D,RESIDUE_PRICE_BID,,1,C2026Q2T09,VIC1-NSW1,NSW1,12,3370,,A202506
D,RESIDUE_PRICE_BID,,1,C2027Q2T05,VIC1-NSW1,NSW1,1,3362.52,,A202506
D,RESIDUE_PRICE_BID,,1,C2026Q2T09,VIC1-NSW1,NSW1,1,3362.52,,A202506
D,RESIDUE_PRICE_BID,,1,C2028Q2T01,VIC1-NSW1,NSW1,1,3362.52,,A202506
D,RESIDUE_PRICE_BID,,1,C2026Q1T10,VIC1-NSW1,NSW1,6,3362,,A202506
D,RESIDUE_PRICE_BID,,1,C2026Q3T08,VIC1-NSW1,NSW1,3,3353,,A202506
D,RESIDUE_PRICE_BID,,1,C2026Q3T08,VIC1-NSW1,NSW1,7,3353,,A202506
D,RESIDUE_PRICE_BID,,1,C2026Q3T08,VIC1-NSW1,NSW1,12,3350,,A202506
D,RESIDUE_PRICE_BID,,1,C2025Q3T12,VIC1-NSW1,NSW1,7,3336.84,,A202506
D,RESIDUE_PRICE_BID,,1,C2026Q3T08,VIC1-NSW1,NSW1,1,3336.30,,A202506
D,RESIDUE_PRICE_BID,,1,C2027Q3T04,VIC1-NSW1,NSW1,1,3336.30,,A202506
D,RESIDUE_PRICE_BID,,1,C2027Q1T06,VIC1-NSW1,NSW1,1,3336.111080,,A202506
D,RESIDUE_PRICE_BID,,1,C2026Q3T08,VIC1-NSW1,NSW1,1,3336.111080,,A202506
D,RESIDUE_PRICE_BID,,1,C2027Q2T05,VIC1-NSW1,NSW1,1,3336.111080,,A202506
D,RESIDUE_PRICE_BID,,1,C2026Q1T10,VIC1-NSW1,NSW1,1,3336.111080,,A202506
D,RESIDUE_PRICE_BID,,1,C2028Q1T02,VIC1-NSW1,NSW1,1,3336.111080,,A202506
D,RESIDUE_PRICE_BID,,1,C2025Q3T12,VIC1-NSW1,NSW1,1,3336.111080,,A202506
D,RESIDUE_PRICE_BID,,1,C2026Q2T09,VIC1-NSW1,NSW1,1,3336.111080,,A202506
D,RESIDUE_PRICE_BID,,1,C2027Q3T04,VIC1-NSW1,NSW1,1,3336.111080,,A202506
D,RESIDUE_PRICE_BID,,1,C2027Q3T04,VIC1-NSW1,NSW1,12,3329,,A202506
D,RESIDUE_PRICE_BID,,1,C2027Q1T06,VIC1-NSW1,NSW1,21,3321.60,,A202506
D,RESIDUE_PRICE_BID,,1,C2027Q1T06,VIC1-NSW1,NSW1,10,3321.60,,A202506
D,RESIDUE_PRICE_BID,,1,C2027Q3T04,VIC1-NSW1,NSW1,1,3313,,A202506
D,RESIDUE_PRICE_BID,,1,C2027Q2T05,VIC1-NSW1,NSW1,12,3312,,A202506
D,RESIDUE_PRICE_BID,,1,C2028Q2T01,VIC1-NSW1,NSW1,1,3306.16,,A202506
D,RESIDUE_PRICE_BID,,1,C2027Q2T05,VIC1-NSW1,NSW1,1,3306.16,,A202506
D,RESIDUE_PRICE_BID,,1,C2026Q2T09,VIC1-NSW1,NSW1,1,3306.16,,A202506
D,RESIDUE_PRICE_BID,,1,C2026Q2T09,VIC1-NSW1,NSW1,3,3306,,A202506
D,RESIDUE_PRICE_BID,,1,C2027Q3T04,VIC1-NSW1,NSW1,8,3303,,A202506
D,RESIDUE_PRICE_BID,,1,C2027Q3T04,VIC1-NSW1,NSW1,10,3303,,A202506
D,RESIDUE_PRICE_BID,,1,C2028Q1T02,VIC1-NSW1,NSW1,2,3300.16,,A202506
D,RESIDUE_PRICE_BID,,1,C2026Q1T10,VIC1-NSW1,NSW1,4,3280.16,,A202506
D,RESIDUE_PRICE_BID,,1,C2026Q3T08,VIC1-NSW1,NSW1,1,3278.45,,A202506
D,RESIDUE_PRICE_BID,,1,C2027Q3T04,VIC1-NSW1,NSW1,1,3278.45,,A202506
D,RESIDUE_PRICE_BID,,1,C2026Q2T09,VIC1-NSW1,NSW1,4,3260.16,,A202506
D,RESIDUE_PRICE_BID,,1,C2026Q3T08,VIC1-NSW1,NSW1,4,3260.16,,A202506
D,RESIDUE_PRICE_BID,,1,C2025Q3T12,VIC1-NSW1,NSW1,4,3260.16,,A202506
D,RESIDUE_PRICE_BID,,1,C2028Q2T01,VIC1-NSW1,NSW1,1,3249.80,,A202506
D,RESIDUE_PRICE_BID,,1,C2026Q2T09,VIC1-NSW1,NSW1,1,3249.80,,A202506
D,RESIDUE_PRICE_BID,,1,C2027Q2T05,VIC1-NSW1,NSW1,1,3249.80,,A202506
D,RESIDUE_PRICE_BID,,1,C2027Q1T06,VIC1-NSW1,NSW1,30,3240,,A202506
D,RESIDUE_PRICE_BID,,1,C2027Q3T04,VIC1-NSW1,NSW1,1,3220.60,,A202506
D,RESIDUE_PRICE_BID,,1,C2026Q3T08,VIC1-NSW1,NSW1,1,3220.60,,A202506
D,RESIDUE_PRICE_BID,,1,C2026Q2T09,VIC1-NSW1,NSW1,6,3203,,A202506
D,RESIDUE_PRICE_BID,,1,C2026Q1T10,VIC1-NSW1,NSW1,10,3200.45,,A202506
D,RESIDUE_PRICE_BID,,1,C2028Q1T02,VIC1-NSW1,NSW1,2,3200.16,,A202506
D,RESIDUE_PRICE_BID,,1,C2026Q4T07,VIC1-NSW1,NSW1,5,3200,,A202506
D,RESIDUE_PRICE_BID,,1,C2025Q4T11,VIC1-NSW1,NSW1,7,3199.85,,A202506
D,RESIDUE_PRICE_BID,,1,C2028Q1T02,VIC1-NSW1,NSW1,6,3198,,A202506
D,RESIDUE_PRICE_BID,,1,C2028Q2T01,VIC1-NSW1,NSW1,1,3193.45,,A202506
D,RESIDUE_PRICE_BID,,1,C2027Q2T05,VIC1-NSW1,NSW1,1,3193.45,,A202506
D,RESIDUE_PRICE_BID,,1,C2026Q2T09,VIC1-NSW1,NSW1,1,3193.45,,A202506
D,RESIDUE_PRICE_BID,,1,C2026Q3T08,VIC1-NSW1,NSW1,1,3162.74,,A202506
D,RESIDUE_PRICE_BID,,1,C2027Q3T04,VIC1-NSW1,NSW1,1,3162.74,,A202506
D,RESIDUE_PRICE_BID,,1,C2027Q2T05,VIC1-NSW1,NSW1,6,3153,,A202506
D,RESIDUE_PRICE_BID,,1,C2025Q3T12,VIC1-NSW1,NSW1,12,3144,,A202506
D,RESIDUE_PRICE_BID,,1,C2025Q3T12,VIC1-NSW1,NSW1,4,3140.16,,A202506
D,RESIDUE_PRICE_BID,,1,C2026Q3T08,VIC1-NSW1,NSW1,4,3140.16,,A202506
D,RESIDUE_PRICE_BID,,1,C2026Q2T09,VIC1-NSW1,NSW1,4,3140.16,,A202506
D,RESIDUE_PRICE_BID,,1,C2028Q2T01,VIC1-NSW1,NSW1,1,3137.10,,A202506
D,RESIDUE_PRICE_BID,,1,C2027Q2T05,VIC1-NSW1,NSW1,1,3137.10,,A202506
D,RESIDUE_PRICE_BID,,1,C2026Q2T09,VIC1-NSW1,NSW1,1,3137.10,,A202506
D,RESIDUE_PRICE_BID,,1,C2026Q3T08,VIC1-NSW1,NSW1,10,3129.47,,A202506
D,RESIDUE_PRICE_BID,,1,C2026Q1T10,VIC1-NSW1,NSW1,4,3120.16,,A202506
D,RESIDUE_PRICE_BID,,1,C2025Q3T12,VIC1-NSW1,NSW1,5,3114.3840,,A202506
D,RESIDUE_PRICE_BID,,1,C2027Q3T04,VIC1-NSW1,NSW1,1,3104.88,,A202506
D,RESIDUE_PRICE_BID,,1,C2026Q3T08,VIC1-NSW1,NSW1,1,3104.88,,A202506
D,RESIDUE_PRICE_BID,,1,C2028Q2T01,VIC1-NSW1,NSW1,10,3103,,A202506
D,RESIDUE_PRICE_BID,,1,C2027Q3T04,VIC1-NSW1,NSW1,8,3103,,A202506
D,RESIDUE_PRICE_BID,,1,C2027Q2T05,VIC1-NSW1,NSW1,8,3103,,A202506
D,RESIDUE_PRICE_BID,,1,C2027Q2T05,VIC1-NSW1,NSW1,10,3103,,A202506
D,RESIDUE_PRICE_BID,,1,C2027Q3T04,VIC1-NSW1,NSW1,10,3103,,A202506
D,RESIDUE_PRICE_BID,,1,C2028Q2T01,VIC1-NSW1,NSW1,8,3103,,A202506
D,RESIDUE_PRICE_BID,,1,C2028Q1T02,VIC1-NSW1,NSW1,2,3100.16,,A202506
D,RESIDUE_PRICE_BID,,1,C2027Q1T06,VIC1-NSW1,NSW1,5,3100.16,,A202506
D,RESIDUE_PRICE_BID,,1,C2025Q4T11,VIC1-NSW1,NSW1,10,3100,,A202506
D,RESIDUE_PRICE_BID,,1,C2025Q3T12,VIC1-NSW1,NSW1,10,3089.55,,A202506
D,RESIDUE_PRICE_BID,,1,C2026Q2T09,VIC1-NSW1,NSW1,1,3080.74,,A202506
D,RESIDUE_PRICE_BID,,1,C2027Q2T05,VIC1-NSW1,NSW1,1,3080.74,,A202506
D,RESIDUE_PRICE_BID,,1,C2028Q2T01,VIC1-NSW1,NSW1,1,3080.74,,A202506
D,RESIDUE_PRICE_BID,,1,C2027Q4T03,VIC1-NSW1,NSW1,6,3060,,A202506
D,RESIDUE_PRICE_BID,,1,C2026Q4T07,VIC1-NSW1,NSW1,5,3057.45,,A202506
D,RESIDUE_PRICE_BID,,1,C2026Q4T07,VIC1-NSW1,NSW1,3,3057.45,,A202506
D,RESIDUE_PRICE_BID,,1,C2027Q3T04,VIC1-NSW1,NSW1,10,3055.22,,A202506
D,RESIDUE_PRICE_BID,,1,C2026Q3T08,VIC1-NSW1,NSW1,10,3055.22,,A202506
D,RESIDUE_PRICE_BID,,1,C2027Q2T05,VIC1-NSW1,NSW1,13,3050.92,,A202506
D,RESIDUE_PRICE_BID,,1,C2028Q2T01,VIC1-NSW1,NSW1,10,3050.92,,A202506
D,RESIDUE_PRICE_BID,,1,C2028Q2T01,VIC1-NSW1,NSW1,10,3050.22,,A202506
D,RESIDUE_PRICE_BID,,1,C2026Q2T09,VIC1-NSW1,NSW1,5,3050,,A202506
D,RESIDUE_PRICE_BID,,1,C2026Q3T08,VIC1-NSW1,NSW1,5,3050,,A202506
D,RESIDUE_PRICE_BID,,1,C2026Q3T08,VIC1-NSW1,NSW1,1,3047.03,,A202506
D,RESIDUE_PRICE_BID,,1,C2027Q3T04,VIC1-NSW1,NSW1,1,3047.03,,A202506
D,RESIDUE_PRICE_BID,,1,C2026Q2T09,VIC1-NSW1,NSW1,10,3041.52,,A202506
D,RESIDUE_PRICE_BID,,1,C2028Q1T02,VIC1-NSW1,NSW1,10,3037.99,,A202506
D,RESIDUE_PRICE_BID,,1,C2026Q1T10,VIC1-NSW1,NSW1,6,3036,,A202506
D,RESIDUE_PRICE_BID,,1,C2028Q2T01,VIC1-NSW1,NSW1,12,3025,,A202506
D,RESIDUE_PRICE_BID,,1,C2027Q2T05,VIC1-NSW1,NSW1,1,3024.38,,A202506
D,RESIDUE_PRICE_BID,,1,C2026Q2T09,VIC1-NSW1,NSW1,1,3024.38,,A202506
D,RESIDUE_PRICE_BID,,1,C2028Q2T01,VIC1-NSW1,NSW1,1,3024.38,,A202506
D,RESIDUE_PRICE_BID,,1,C2026Q3T08,VIC1-NSW1,NSW1,4,3020.16,,A202506
D,RESIDUE_PRICE_BID,,1,C2025Q3T12,VIC1-NSW1,NSW1,4,3020.16,,A202506
D,RESIDUE_PRICE_BID,,1,C2026Q2T09,VIC1-NSW1,NSW1,4,3020.16,,A202506
D,RESIDUE_PRICE_BID,,1,C2026Q2T09,VIC1-NSW1,NSW1,12,3016,,A202506
D,RESIDUE_PRICE_BID,,1,C2025Q3T12,VIC1-NSW1,NSW1,10,3005,,A202506
D,RESIDUE_PRICE_BID,,1,C2025Q3T12,VIC1-NSW1,NSW1,10,3003.16,,A202506
D,RESIDUE_PRICE_BID,,1,C2026Q3T08,VIC1-NSW1,NSW1,8,3003,,A202506
D,RESIDUE_PRICE_BID,,1,C2026Q3T08,VIC1-NSW1,NSW1,10,3003,,A202506
D,RESIDUE_PRICE_BID,,1,C2026Q2T09,VIC1-NSW1,NSW1,10,3000.33,,A202506
D,RESIDUE_PRICE_BID,,1,C2028Q1T02,VIC1-NSW1,NSW1,2,3000.16,,A202506
D,RESIDUE_PRICE_BID,,1,C2027Q2T05,VIC1-NSW1,NSW1,4,3000.16,,A202506
D,RESIDUE_PRICE_BID,,1,C2027Q3T04,VIC1-NSW1,NSW1,4,3000.16,,A202506
D,RESIDUE_PRICE_BID,,1,C2028Q2T01,VIC1-NSW1,NSW1,5,3000.16,,A202506
D,RESIDUE_PRICE_BID,,1,C2027Q1T06,VIC1-NSW1,NSW1,10,3000,,A202506
D,RESIDUE_PRICE_BID,,1,C2026Q1T10,VIC1-NSW1,NSW1,8,3000,,A202506
D,RESIDUE_PRICE_BID,,1,C2026Q1T10,VIC1-NSW1,NSW1,10,3000,,A202506
D,RESIDUE_PRICE_BID,,1,C2026Q3T08,VIC1-NSW1,NSW1,12,2998,,A202506
D,RESIDUE_PRICE_BID,,1,C2026Q3T08,VIC1-NSW1,NSW1,1,2989.18,,A202506
D,RESIDUE_PRICE_BID,,1,C2027Q3T04,VIC1-NSW1,NSW1,1,2989.18,,A202506
D,RESIDUE_PRICE_BID,,1,C2027Q3T04,VIC1-NSW1,NSW1,5,2976.22,,A202506
D,RESIDUE_PRICE_BID,,1,C2027Q3T04,VIC1-NSW1,NSW1,4,2976.22,,A202506
D,RESIDUE_PRICE_BID,,1,C2028Q2T01,VIC1-NSW1,NSW1,1,2968.03,,A202506
D,RESIDUE_PRICE_BID,,1,C2026Q2T09,VIC1-NSW1,NSW1,1,2968.03,,A202506
D,RESIDUE_PRICE_BID,,1,C2027Q2T05,VIC1-NSW1,NSW1,1,2968.03,,A202506
D,RESIDUE_PRICE_BID,,1,C2026Q1T10,VIC1-NSW1,NSW1,4,2960.16,,A202506
D,RESIDUE_PRICE_BID,,1,C2027Q3T04,VIC1-NSW1,NSW1,12,2939,,A202506
D,RESIDUE_PRICE_BID,,1,C2026Q3T08,VIC1-NSW1,NSW1,1,2931.32,,A202506
D,RESIDUE_PRICE_BID,,1,C2027Q3T04,VIC1-NSW1,NSW1,1,2931.32,,A202506
D,RESIDUE_PRICE_BID,,1,C2027Q2T05,VIC1-NSW1,NSW1,12,2923,,A202506
D,RESIDUE_PRICE_BID,,1,C2025Q4T11,VIC1-NSW1,NSW1,5,2922.8508,,A202506
D,RESIDUE_PRICE_BID,,1,C2028Q2T01,VIC1-NSW1,NSW1,1,2911.68,,A202506
D,RESIDUE_PRICE_BID,,1,C2026Q2T09,VIC1-NSW1,NSW1,1,2911.68,,A202506
D,RESIDUE_PRICE_BID,,1,C2027Q2T05,VIC1-NSW1,NSW1,1,2911.68,,A202506
D,RESIDUE_PRICE_BID,,1,C2026Q3T08,VIC1-NSW1,NSW1,10,2905.93,,A202506
D,RESIDUE_PRICE_BID,,1,C2027Q2T05,VIC1-NSW1,NSW1,10,2900.33,,A202506
D,RESIDUE_PRICE_BID,,1,C2025Q3T12,VIC1-NSW1,NSW1,4,2900.16,,A202506
D,RESIDUE_PRICE_BID,,1,C2028Q1T02,VIC1-NSW1,NSW1,2,2900.16,,A202506
D,RESIDUE_PRICE_BID,,1,C2026Q2T09,VIC1-NSW1,NSW1,4,2900.16,,A202506
D,RESIDUE_PRICE_BID,,1,C2026Q3T08,VIC1-NSW1,NSW1,4,2900.16,,A202506
D,RESIDUE_PRICE_BID,,1,C2025Q4T11,VIC1-NSW1,NSW1,6,2900,,A202506
D,RESIDUE_PRICE_BID,,1,C2027Q3T04,VIC1-NSW1,NSW1,4,2884.16,,A202506
D,RESIDUE_PRICE_BID,,1,C2027Q2T05,VIC1-NSW1,NSW1,4,2884.16,,A202506
D,RESIDUE_PRICE_BID,,1,C2028Q2T01,VIC1-NSW1,NSW1,5,2875.16,,A202506
D,RESIDUE_PRICE_BID,,1,C2026Q3T08,VIC1-NSW1,NSW1,1,2873.46,,A202506
D,RESIDUE_PRICE_BID,,1,C2027Q3T04,VIC1-NSW1,NSW1,1,2873.46,,A202506
D,RESIDUE_PRICE_BID,,1,C2025Q3T12,VIC1-NSW1,NSW1,12,2866,,A202506
D,RESIDUE_PRICE_BID,,1,C2025Q4T11,VIC1-NSW1,NSW1,10,2865.54,,A202506
D,RESIDUE_PRICE_BID,,1,C2027Q2T05,VIC1-NSW1,NSW1,1,2855.32,,A202506
D,RESIDUE_PRICE_BID,,1,C2026Q2T09,VIC1-NSW1,NSW1,1,2855.32,,A202506
D,RESIDUE_PRICE_BID,,1,C2028Q2T01,VIC1-NSW1,NSW1,1,2855.32,,A202506
D,RESIDUE_PRICE_BID,,1,C2026Q4T07,VIC1-NSW1,NSW1,10,2850,,A202506
D,RESIDUE_PRICE_BID,,1,C2027Q3T04,VIC1-NSW1,NSW1,1,2815.61,,A202506
D,RESIDUE_PRICE_BID,,1,C2026Q3T08,VIC1-NSW1,NSW1,1,2815.61,,A202506
D,RESIDUE_PRICE_BID,,1,C2026Q2T09,VIC1-NSW1,NSW1,10,2803,,A202506
D,RESIDUE_PRICE_BID,,1,C2027Q3T04,VIC1-NSW1,NSW1,8,2803,,A202506
D,RESIDUE_PRICE_BID,,1,C2026Q2T09,VIC1-NSW1,NSW1,8,2803,,A202506
D,RESIDUE_PRICE_BID,,1,C2027Q3T04,VIC1-NSW1,NSW1,10,2803,,A202506
D,RESIDUE_PRICE_BID,,1,C2027Q1T06,VIC1-NSW1,NSW1,10,2800.45,,A202506
D,RESIDUE_PRICE_BID,,1,C2028Q1T02,VIC1-NSW1,NSW1,10,2800.45,,A202506
D,RESIDUE_PRICE_BID,,1,C2028Q1T02,VIC1-NSW1,NSW1,2,2800.16,,A202506
D,RESIDUE_PRICE_BID,,1,C2026Q1T10,VIC1-NSW1,NSW1,4,2800.16,,A202506
D,RESIDUE_PRICE_BID,,1,C2028Q2T01,VIC1-NSW1,NSW1,1,2798.96,,A202506
D,RESIDUE_PRICE_BID,,1,C2027Q2T05,VIC1-NSW1,NSW1,1,2798.96,,A202506
D,RESIDUE_PRICE_BID,,1,C2026Q2T09,VIC1-NSW1,NSW1,1,2798.96,,A202506
D,RESIDUE_PRICE_BID,,1,C2025Q3T12,VIC1-NSW1,NSW1,5,2790.11,,A202506
D,RESIDUE_PRICE_BID,,1,C2026Q4T07,VIC1-NSW1,NSW1,5,2785.68,,A202506
D,RESIDUE_PRICE_BID,,1,C2026Q2T09,VIC1-NSW1,NSW1,4,2780.16,,A202506
D,RESIDUE_PRICE_BID,,1,C2025Q3T12,VIC1-NSW1,NSW1,4,2780.16,,A202506
D,RESIDUE_PRICE_BID,,1,C2026Q3T08,VIC1-NSW1,NSW1,4,2780.16,,A202506
D,RESIDUE_PRICE_BID,,1,C2027Q4T03,VIC1-NSW1,NSW1,3,2779.50,,A202506
D,RESIDUE_PRICE_BID,,1,C2027Q4T03,VIC1-NSW1,NSW1,5,2779.50,,A202506
D,RESIDUE_PRICE_BID,,1,C2027Q3T04,VIC1-NSW1,NSW1,5,2777.81,,A202506
D,RESIDUE_PRICE_BID,,1,C2028Q2T01,VIC1-NSW1,NSW1,3,2774,,A202506
D,RESIDUE_PRICE_BID,,1,C2027Q2T05,VIC1-NSW1,NSW1,4,2773.56,,A202506
D,RESIDUE_PRICE_BID,,1,C2027Q3T04,VIC1-NSW1,NSW1,4,2768.16,,A202506
D,RESIDUE_PRICE_BID,,1,C2027Q2T05,VIC1-NSW1,NSW1,4,2768.16,,A202506
D,RESIDUE_PRICE_BID,,1,C2027Q1T06,VIC1-NSW1,NSW1,8,2768,,A202506
D,RESIDUE_PRICE_BID,,1,C2027Q3T04,VIC1-NSW1,NSW1,1,2757.76,,A202506
D,RESIDUE_PRICE_BID,,1,C2026Q3T08,VIC1-NSW1,NSW1,1,2757.76,,A202506
D,RESIDUE_PRICE_BID,,1,C2027Q1T06,VIC1-NSW1,NSW1,5,2750.16,,A202506
D,RESIDUE_PRICE_BID,,1,C2028Q2T01,VIC1-NSW1,NSW1,5,2750.16,,A202506
D,RESIDUE_PRICE_BID,,1,C2028Q2T01,VIC1-NSW1,NSW1,1,2742.61,,A202506
D,RESIDUE_PRICE_BID,,1,C2027Q2T05,VIC1-NSW1,NSW1,1,2742.61,,A202506
D,RESIDUE_PRICE_BID,,1,C2026Q2T09,VIC1-NSW1,NSW1,1,2742.61,,A202506
D,RESIDUE_PRICE_BID,,1,C2027Q4T03,VIC1-NSW1,NSW1,6,2739,,A202506
D,RESIDUE_PRICE_BID,,1,C2028Q1T02,VIC1-NSW1,NSW1,10,2703,,A202506
D,RESIDUE_PRICE_BID,,1,C2026Q1T10,VIC1-NSW1,NSW1,10,2703,,A202506
D,RESIDUE_PRICE_BID,,1,C2027Q1T06,VIC1-NSW1,NSW1,8,2703,,A202506
D,RESIDUE_PRICE_BID,,1,C2027Q1T06,VIC1-NSW1,NSW1,10,2703,,A202506
D,RESIDUE_PRICE_BID,,1,C2028Q1T02,VIC1-NSW1,NSW1,8,2703,,A202506
D,RESIDUE_PRICE_BID,,1,C2026Q1T10,VIC1-NSW1,NSW1,8,2703,,A202506
D,RESIDUE_PRICE_BID,,1,C2028Q1T02,VIC1-NSW1,NSW1,21,2700.4320,,A202506
D,RESIDUE_PRICE_BID,,1,C2028Q1T02,VIC1-NSW1,NSW1,10,2700.43,,A202506
D,RESIDUE_PRICE_BID,,1,C2028Q1T02,VIC1-NSW1,NSW1,2,2700.16,,A202506
D,RESIDUE_PRICE_BID,,1,C2026Q1T10,VIC1-NSW1,NSW1,30,2700,,A202506
D,RESIDUE_PRICE_BID,,1,C2026Q3T08,VIC1-NSW1,NSW1,1,2699.90,,A202506
D,RESIDUE_PRICE_BID,,1,C2027Q3T04,VIC1-NSW1,NSW1,1,2699.90,,A202506
D,RESIDUE_PRICE_BID,,1,C2026Q3T08,VIC1-NSW1,NSW1,15,2689.55,,A202506
D,RESIDUE_PRICE_BID,,1,C2028Q2T01,VIC1-NSW1,NSW1,1,2686.26,,A202506
D,RESIDUE_PRICE_BID,,1,C2027Q2T05,VIC1-NSW1,NSW1,1,2686.26,,A202506
D,RESIDUE_PRICE_BID,,1,C2026Q2T09,VIC1-NSW1,NSW1,1,2686.26,,A202506
D,RESIDUE_PRICE_BID,,1,C2026Q3T08,VIC1-NSW1,NSW1,3,2682.40,,A202506
D,RESIDUE_PRICE_BID,,1,C2026Q3T08,VIC1-NSW1,NSW1,10,2682.40,,A202506
D,RESIDUE_PRICE_BID,,1,C2027Q3T04,VIC1-NSW1,NSW1,12,2678,,A202506
D,RESIDUE_PRICE_BID,,1,C2028Q2T01,VIC1-NSW1,NSW1,12,2670,,A202506
D,RESIDUE_PRICE_BID,,1,C2025Q3T12,VIC1-NSW1,NSW1,11,2669.4720,,A202506
D,RESIDUE_PRICE_BID,,1,C2025Q3T12,VIC1-NSW1,NSW1,10,2669.469990,,A202506
D,RESIDUE_PRICE_BID,,1,C2027Q2T05,VIC1-NSW1,NSW1,12,2664,,A202506
D,RESIDUE_PRICE_BID,,1,C2026Q2T09,VIC1-NSW1,NSW1,12,2662,,A202506
D,RESIDUE_PRICE_BID,,1,C2026Q2T09,VIC1-NSW1,NSW1,4,2660.16,,A202506
D,RESIDUE_PRICE_BID,,1,C2025Q3T12,VIC1-NSW1,NSW1,4,2660.16,,A202506
D,RESIDUE_PRICE_BID,,1,C2026Q3T08,VIC1-NSW1,NSW1,4,2660.16,,A202506
D,RESIDUE_PRICE_BID,,1,C2027Q2T05,VIC1-NSW1,NSW1,4,2652.16,,A202506
D,RESIDUE_PRICE_BID,,1,C2027Q3T04,VIC1-NSW1,NSW1,4,2652.16,,A202506
D,RESIDUE_PRICE_BID,,1,C2026Q3T08,VIC1-NSW1,NSW1,10,2650,,A202506
D,RESIDUE_PRICE_BID,,1,C2026Q3T08,VIC1-NSW1,NSW1,10,2650,,A202506
D,RESIDUE_PRICE_BID,,1,C2026Q2T09,VIC1-NSW1,NSW1,10,2650,,A202506
D,RESIDUE_PRICE_BID,,1,C2026Q2T09,VIC1-NSW1,NSW1,10,2650,,A202506
D,RESIDUE_PRICE_BID,,1,C2026Q3T08,VIC1-NSW1,NSW1,12,2646,,A202506
D,RESIDUE_PRICE_BID,,1,C2026Q2T09,VIC1-NSW1,NSW1,3,2645,,A202506
D,RESIDUE_PRICE_BID,,1,C2026Q2T09,VIC1-NSW1,NSW1,7,2644.80,,A202506
D,RESIDUE_PRICE_BID,,1,C2026Q3T08,VIC1-NSW1,NSW1,1,2642.04,,A202506
D,RESIDUE_PRICE_BID,,1,C2027Q3T04,VIC1-NSW1,NSW1,1,2642.04,,A202506
D,RESIDUE_PRICE_BID,,1,C2026Q1T10,VIC1-NSW1,NSW1,4,2640.16,,A202506
D,RESIDUE_PRICE_BID,,1,C2026Q4T07,VIC1-NSW1,NSW1,6,2637,,A202506
D,RESIDUE_PRICE_BID,,1,C2025Q4T11,VIC1-NSW1,NSW1,5,2636.2968,,A202506
D,RESIDUE_PRICE_BID,,1,C2026Q2T09,VIC1-NSW1,NSW1,1,2629.90,,A202506
D,RESIDUE_PRICE_BID,,1,C2028Q2T01,VIC1-NSW1,NSW1,1,2629.90,,A202506
D,RESIDUE_PRICE_BID,,1,C2027Q2T05,VIC1-NSW1,NSW1,1,2629.90,,A202506
D,RESIDUE_PRICE_BID,,1,C2028Q2T01,VIC1-NSW1,NSW1,5,2625.16,,A202506
D,RESIDUE_PRICE_BID,,1,C2028Q2T01,VIC1-NSW1,NSW1,8,2603,,A202506
D,RESIDUE_PRICE_BID,,1,C2028Q2T01,VIC1-NSW1,NSW1,10,2603,,A202506
D,RESIDUE_PRICE_BID,,1,C2025Q4T11,VIC1-NSW1,NSW1,10,2603,,A202506
D,RESIDUE_PRICE_BID,,1,C2028Q2T01,VIC1-NSW1,NSW1,10,2600.33,,A202506
D,RESIDUE_PRICE_BID,,1,C2028Q1T02,VIC1-NSW1,NSW1,2,2600.16,,A202506
D,RESIDUE_PRICE_BID,,1,C2025Q4T11,VIC1-NSW1,NSW1,10,2600,,A202506
D,RESIDUE_PRICE_BID,,1,C2025Q4T11,VIC1-NSW1,NSW1,6,2596,,A202506
D,RESIDUE_PRICE_BID,,1,C2026Q3T08,VIC1-NSW1,NSW1,5,2589.55,,A202506
D,RESIDUE_PRICE_BID,,1,C2025Q3T12,VIC1-NSW1,NSW1,12,2587,,A202506
D,RESIDUE_PRICE_BID,,1,C2026Q3T08,VIC1-NSW1,NSW1,1,2584.19,,A202506
D,RESIDUE_PRICE_BID,,1,C2027Q3T04,VIC1-NSW1,NSW1,1,2584.19,,A202506
D,RESIDUE_PRICE_BID,,1,C2027Q3T04,VIC1-NSW1,NSW1,7,2579.39,,A202506
D,RESIDUE_PRICE_BID,,1,C2028Q2T01,VIC1-NSW1,NSW1,1,2573.54,,A202506
D,RESIDUE_PRICE_BID,,1,C2027Q2T05,VIC1-NSW1,NSW1,1,2573.54,,A202506
D,RESIDUE_PRICE_BID,,1,C2026Q2T09,VIC1-NSW1,NSW1,1,2573.54,,A202506
D,RESIDUE_PRICE_BID,,1,C2028Q2T01,VIC1-NSW1,NSW1,5,2550,,A202506
D,RESIDUE_PRICE_BID,,1,C2026Q4T07,VIC1-NSW1,NSW1,6,2547.88,,A202506
D,RESIDUE_PRICE_BID,,1,C2025Q3T12,VIC1-NSW1,NSW1,4,2540.16,,A202506
D,RESIDUE_PRICE_BID,,1,C2026Q2T09,VIC1-NSW1,NSW1,4,2540.16,,A202506
D,RESIDUE_PRICE_BID,,1,C2026Q3T08,VIC1-NSW1,NSW1,4,2540.16,,A202506
D,RESIDUE_PRICE_BID,,1,C2027Q2T05,VIC1-NSW1,NSW1,4,2536.16,,A202506
D,RESIDUE_PRICE_BID,,1,C2027Q3T04,VIC1-NSW1,NSW1,4,2536.16,,A202506
D,RESIDUE_PRICE_BID,,1,C2027Q4T03,VIC1-NSW1,NSW1,5,2532.429990,,A202506
D,RESIDUE_PRICE_BID,,1,C2026Q3T08,VIC1-NSW1,NSW1,1,2526.34,,A202506
D,RESIDUE_PRICE_BID,,1,C2027Q3T04,VIC1-NSW1,NSW1,1,2526.34,,A202506
D,RESIDUE_PRICE_BID,,1,C2026Q2T09,VIC1-NSW1,NSW1,1,2517.19,,A202506
D,RESIDUE_PRICE_BID,,1,C2027Q2T05,VIC1-NSW1,NSW1,1,2517.19,,A202506
D,RESIDUE_PRICE_BID,,1,C2028Q2T01,VIC1-NSW1,NSW1,1,2517.19,,A202506
D,RESIDUE_PRICE_BID,,1,C2026Q3T08,VIC1-NSW1,NSW1,7,2514.75,,A202506
D,RESIDUE_PRICE_BID,,1,C2026Q4T07,VIC1-NSW1,NSW1,7,2513.90,,A202506
D,RESIDUE_PRICE_BID,,1,C2025Q3T12,VIC1-NSW1,NSW1,10,2505,,A202506
D,RESIDUE_PRICE_BID,,1,C2026Q3T08,VIC1-NSW1,NSW1,8,2503,,A202506
D,RESIDUE_PRICE_BID,,1,C2025Q3T12,VIC1-NSW1,NSW1,8,2503,,A202506
D,RESIDUE_PRICE_BID,,1,C2025Q3T12,VIC1-NSW1,NSW1,10,2503,,A202506
D,RESIDUE_PRICE_BID,,1,C2026Q3T08,VIC1-NSW1,NSW1,10,2503,,A202506
D,RESIDUE_PRICE_BID,,1,C2028Q1T02,VIC1-NSW1,NSW1,2,2500.16,,A202506
D,RESIDUE_PRICE_BID,,1,C2028Q2T01,VIC1-NSW1,NSW1,5,2500.16,,A202506
D,RESIDUE_PRICE_BID,,1,C2026Q4T07,VIC1-NSW1,NSW1,10,2500,,A202506
D,RESIDUE_PRICE_BID,,1,C2027Q3T04,VIC1-NSW1,NSW1,15,2489.55,,A202506
D,RESIDUE_PRICE_BID,,1,C2026Q1T10,VIC1-NSW1,NSW1,4,2480.16,,A202506
D,RESIDUE_PRICE_BID,,1,C2027Q3T04,VIC1-NSW1,NSW1,1,2468.48,,A202506
D,RESIDUE_PRICE_BID,,1,C2026Q3T08,VIC1-NSW1,NSW1,1,2468.48,,A202506
D,RESIDUE_PRICE_BID,,1,C2028Q2T01,VIC1-NSW1,NSW1,1,2460.84,,A202506
D,RESIDUE_PRICE_BID,,1,C2026Q2T09,VIC1-NSW1,NSW1,1,2460.84,,A202506
D,RESIDUE_PRICE_BID,,1,C2027Q2T05,VIC1-NSW1,NSW1,1,2460.84,,A202506
D,RESIDUE_PRICE_BID,,1,C2027Q2T05,VIC1-NSW1,NSW1,15,2450.89,,A202506
D,RESIDUE_PRICE_BID,,1,C2028Q2T01,VIC1-NSW1,NSW1,12,2434,,A202506
D,RESIDUE_PRICE_BID,,1,C2025Q4T11,VIC1-NSW1,NSW1,10,2430.11,,A202506
D,RESIDUE_PRICE_BID,,1,C2026Q2T09,VIC1-NSW1,NSW1,12,2426,,A202506
D,RESIDUE_PRICE_BID,,1,C2027Q2T05,VIC1-NSW1,NSW1,4,2420.16,,A202506
D,RESIDUE_PRICE_BID,,1,C2027Q3T04,VIC1-NSW1,NSW1,4,2420.16,,A202506
D,RESIDUE_PRICE_BID,,1,C2026Q2T09,VIC1-NSW1,NSW1,4,2420.16,,A202506
D,RESIDUE_PRICE_BID,,1,C2026Q3T08,VIC1-NSW1,NSW1,4,2420.16,,A202506
D,RESIDUE_PRICE_BID,,1,C2025Q3T12,VIC1-NSW1,NSW1,4,2420.16,,A202506
D,RESIDUE_PRICE_BID,,1,C2027Q3T04,VIC1-NSW1,NSW1,12,2418,,A202506
D,RESIDUE_PRICE_BID,,1,C2027Q4T03,VIC1-NSW1,NSW1,6,2417,,A202506
D,RESIDUE_PRICE_BID,,1,C2026Q3T08,VIC1-NSW1,NSW1,12,2412,,A202506
D,RESIDUE_PRICE_BID,,1,C2027Q2T05,VIC1-NSW1,NSW1,12,2405,,A202506
D,RESIDUE_PRICE_BID,,1,C2028Q2T01,VIC1-NSW1,NSW1,1,2404.48,,A202506
D,RESIDUE_PRICE_BID,,1,C2026Q2T09,VIC1-NSW1,NSW1,1,2404.48,,A202506
D,RESIDUE_PRICE_BID,,1,C2027Q2T05,VIC1-NSW1,NSW1,1,2404.48,,A202506
D,RESIDUE_PRICE_BID,,1,C2027Q2T05,VIC1-NSW1,NSW1,10,2403,,A202506
D,RESIDUE_PRICE_BID,,1,C2027Q2T05,VIC1-NSW1,NSW1,8,2403,,A202506
D,RESIDUE_PRICE_BID,,1,C2026Q2T09,VIC1-NSW1,NSW1,10,2403,,A202506
D,RESIDUE_PRICE_BID,,1,C2026Q2T09,VIC1-NSW1,NSW1,8,2403,,A202506
D,RESIDUE_PRICE_BID,,1,C2028Q1T02,VIC1-NSW1,NSW1,2,2400.16,,A202506
D,RESIDUE_PRICE_BID,,1,C2027Q1T06,VIC1-NSW1,NSW1,5,2400.16,,A202506
D,RESIDUE_PRICE_BID,,1,C2026Q1T10,VIC1-NSW1,NSW1,21,2400,,A202506
D,RESIDUE_PRICE_BID,,1,C2027Q3T04,VIC1-NSW1,NSW1,4,2380.98,,A202506
D,RESIDUE_PRICE_BID,,1,C2027Q3T04,VIC1-NSW1,NSW1,10,2380.98,,A202506
D,RESIDUE_PRICE_BID,,1,C2028Q2T01,VIC1-NSW1,NSW1,5,2375.16,,A202506
D,RESIDUE_PRICE_BID,,1,C2025Q3T12,VIC1-NSW1,NSW1,10,2375,,A202506
D,RESIDUE_PRICE_BID,,1,C2026Q4T07,VIC1-NSW1,NSW1,6,2360,,A202506
D,RESIDUE_PRICE_BID,,1,C2026Q4T07,VIC1-NSW1,NSW1,10,2353,,A202506
D,RESIDUE_PRICE_BID,,1,C2026Q3T08,VIC1-NSW1,NSW1,5,2347.10,,A202506
D,RESIDUE_PRICE_BID,,1,C2026Q1T10,VIC1-NSW1,NSW1,4,2320.16,,A202506
D,RESIDUE_PRICE_BID,,1,C2027Q4T03,VIC1-NSW1,NSW1,6,2316.25,,A202506
D,RESIDUE_PRICE_BID,,1,C2026Q2T09,VIC1-NSW1,NSW1,10,2314.199990,,A202506
D,RESIDUE_PRICE_BID,,1,C2027Q2T05,VIC1-NSW1,NSW1,4,2304.16,,A202506
D,RESIDUE_PRICE_BID,,1,C2027Q3T04,VIC1-NSW1,NSW1,4,2304.16,,A202506
D,RESIDUE_PRICE_BID,,1,C2025Q4T11,VIC1-NSW1,NSW1,8,2303,,A202506
D,RESIDUE_PRICE_BID,,1,C2025Q4T11,VIC1-NSW1,NSW1,10,2303,,A202506
D,RESIDUE_PRICE_BID,,1,C2025Q3T12,VIC1-NSW1,NSW1,4,2300.16,,A202506
D,RESIDUE_PRICE_BID,,1,C2026Q2T09,VIC1-NSW1,NSW1,4,2300.16,,A202506
D,RESIDUE_PRICE_BID,,1,C2026Q3T08,VIC1-NSW1,NSW1,4,2300.16,,A202506
D,RESIDUE_PRICE_BID,,1,C2028Q1T02,VIC1-NSW1,NSW1,2,2300.16,,A202506
D,RESIDUE_PRICE_BID,,1,C2028Q2T01,VIC1-NSW1,NSW1,5,2300,,A202506
D,RESIDUE_PRICE_BID,,1,C2025Q4T11,VIC1-NSW1,NSW1,10,2292.431990,,A202506
D,RESIDUE_PRICE_BID,,1,C2025Q4T11,VIC1-NSW1,NSW1,5,2292.429990,,A202506
D,RESIDUE_PRICE_BID,,1,C2025Q4T11,VIC1-NSW1,NSW1,6,2291,,A202506
D,RESIDUE_PRICE_BID,,1,C2027Q4T03,VIC1-NSW1,NSW1,7,2285.37,,A202506
D,RESIDUE_PRICE_BID,,1,C2026Q3T08,VIC1-NSW1,NSW1,10,2263.28,,A202506
D,RESIDUE_PRICE_BID,,1,C2026Q2T09,VIC1-NSW1,NSW1,15,2250.89,,A202506
D,RESIDUE_PRICE_BID,,1,C2028Q1T02,VIC1-NSW1,NSW1,14,2250.36,,A202506
D,RESIDUE_PRICE_BID,,1,C2028Q2T01,VIC1-NSW1,NSW1,5,2250.16,,A202506
D,RESIDUE_PRICE_BID,,1,C2026Q2T09,VIC1-NSW1,NSW1,10,2250,,A202506
D,RESIDUE_PRICE_BID,,1,C2026Q3T08,VIC1-NSW1,NSW1,10,2250,,A202506
D,RESIDUE_PRICE_BID,,1,C2026Q4T07,VIC1-NSW1,NSW1,10,2242.13,,A202506
D,RESIDUE_PRICE_BID,,1,C2027Q3T04,VIC1-NSW1,NSW1,7,2232.17,,A202506
D,RESIDUE_PRICE_BID,,1,C2025Q3T12,VIC1-NSW1,NSW1,20,2224.56,,A202506
D,RESIDUE_PRICE_BID,,1,C2028Q2T01,VIC1-NSW1,NSW1,3,2219,,A202506
D,RESIDUE_PRICE_BID,,1,C2027Q2T05,VIC1-NSW1,NSW1,7,2218.85,,A202506
D,RESIDUE_PRICE_BID,,1,C2027Q2T05,VIC1-NSW1,NSW1,4,2218.85,,A202506
D,RESIDUE_PRICE_BID,,1,C2028Q2T01,VIC1-NSW1,NSW1,7,2218.85,,A202506
D,RESIDUE_PRICE_BID,,1,C2027Q1T06,VIC1-NSW1,NSW1,21,2214.40,,A202506
D,RESIDUE_PRICE_BID,,1,C2025Q3T12,VIC1-NSW1,NSW1,30,2208,,A202506
D,RESIDUE_PRICE_BID,,1,C2027Q4T03,VIC1-NSW1,NSW1,6,2203,,A202506
D,RESIDUE_PRICE_BID,,1,C2028Q1T02,VIC1-NSW1,NSW1,2,2200.16,,A202506
D,RESIDUE_PRICE_BID,,1,C2028Q2T01,VIC1-NSW1,NSW1,12,2197,,A202506
D,RESIDUE_PRICE_BID,,1,C2026Q2T09,VIC1-NSW1,NSW1,12,2190,,A202506
D,RESIDUE_PRICE_BID,,1,C2027Q3T04,VIC1-NSW1,NSW1,5,2189.55,,A202506
D,RESIDUE_PRICE_BID,,1,C2027Q2T05,VIC1-NSW1,NSW1,4,2188.16,,A202506
D,RESIDUE_PRICE_BID,,1,C2027Q3T04,VIC1-NSW1,NSW1,4,2188.16,,A202506
D,RESIDUE_PRICE_BID,,1,C2028Q1T02,VIC1-NSW1,NSW1,30,2184,,A202506
D,RESIDUE_PRICE_BID,,1,C2025Q3T12,VIC1-NSW1,NSW1,4,2180.16,,A202506
D,RESIDUE_PRICE_BID,,1,C2026Q2T09,VIC1-NSW1,NSW1,4,2180.16,,A202506
D,RESIDUE_PRICE_BID,,1,C2026Q3T08,VIC1-NSW1,NSW1,4,2180.16,,A202506
D,RESIDUE_PRICE_BID,,1,C2026Q3T08,VIC1-NSW1,NSW1,12,2178,,A202506
D,RESIDUE_PRICE_BID,,1,C2026Q1T10,VIC1-NSW1,NSW1,4,2160.16,,A202506
D,RESIDUE_PRICE_BID,,1,C2028Q2T01,VIC1-NSW1,NSW1,5,2125.16,,A202506
D,RESIDUE_PRICE_BID,,1,C2027Q4T03,VIC1-NSW1,NSW1,8,2113,,A202506
D,RESIDUE_PRICE_BID,,1,C2027Q4T03,VIC1-NSW1,NSW1,8,2103,,A202506
D,RESIDUE_PRICE_BID,,1,C2026Q4T07,VIC1-NSW1,NSW1,8,2103,,A202506
D,RESIDUE_PRICE_BID,,1,C2026Q4T07,VIC1-NSW1,NSW1,10,2103,,A202506
D,RESIDUE_PRICE_BID,,1,C2027Q4T03,VIC1-NSW1,NSW1,10,2103,,A202506
D,RESIDUE_PRICE_BID,,1,C2028Q1T02,VIC1-NSW1,NSW1,2,2100.16,,A202506
D,RESIDUE_PRICE_BID,,1,C2026Q1T10,VIC1-NSW1,NSW1,15,2100,,A202506
D,RESIDUE_PRICE_BID,,1,C2025Q4T11,VIC1-NSW1,NSW1,5,2100,,A202506
D,RESIDUE_PRICE_BID,,1,C2025Q4T11,VIC1-NSW1,NSW1,6,2088,,A202506
D,RESIDUE_PRICE_BID,,1,C2027Q3T04,VIC1-NSW1,NSW1,5,2083.353990,,A202506
D,RESIDUE_PRICE_BID,,1,C2026Q4T07,VIC1-NSW1,NSW1,6,2083,,A202506
D,RESIDUE_PRICE_BID,,1,C2026Q4T07,VIC1-NSW1,NSW1,5,2079.065990,,A202506
D,RESIDUE_PRICE_BID,,1,C2027Q3T04,VIC1-NSW1,NSW1,4,2072.16,,A202506
D,RESIDUE_PRICE_BID,,1,C2027Q2T05,VIC1-NSW1,NSW1,4,2072.16,,A202506
D,RESIDUE_PRICE_BID,,1,C2026Q2T09,VIC1-NSW1,NSW1,4,2060.16,,A202506
D,RESIDUE_PRICE_BID,,1,C2025Q3T12,VIC1-NSW1,NSW1,4,2060.16,,A202506
D,RESIDUE_PRICE_BID,,1,C2026Q3T08,VIC1-NSW1,NSW1,4,2060.16,,A202506
D,RESIDUE_PRICE_BID,,1,C2028Q2T01,VIC1-NSW1,NSW1,15,2050.89,,A202506
D,RESIDUE_PRICE_BID,,1,C2027Q1T06,VIC1-NSW1,NSW1,5,2050.16,,A202506
D,RESIDUE_PRICE_BID,,1,C2027Q4T03,VIC1-NSW1,NSW1,10,2038.30,,A202506
D,RESIDUE_PRICE_BID,,1,C2026Q4T07,VIC1-NSW1,NSW1,3,2038.30,,A202506
D,RESIDUE_PRICE_BID,,1,C2027Q2T05,VIC1-NSW1,NSW1,10,2033,,A202506
D,RESIDUE_PRICE_BID,,1,C2026Q3T08,VIC1-NSW1,NSW1,10,2011.80,,A202506
D,RESIDUE_PRICE_BID,,1,C2026Q3T08,VIC1-NSW1,NSW1,10,2011.80,,A202506
D,RESIDUE_PRICE_BID,,1,C2027Q3T04,VIC1-NSW1,NSW1,10,2008.95,,A202506
D,RESIDUE_PRICE_BID,,1,C2025Q4T11,VIC1-NSW1,NSW1,10,2005.88,,A202506
D,RESIDUE_PRICE_BID,,1,C2027Q2T05,VIC1-NSW1,NSW1,8,2003,,A202506
D,RESIDUE_PRICE_BID,,1,C2026Q2T09,VIC1-NSW1,NSW1,8,2003,,A202506
D,RESIDUE_PRICE_BID,,1,C2028Q2T01,VIC1-NSW1,NSW1,8,2003,,A202506
D,RESIDUE_PRICE_BID,,1,C2027Q2T05,VIC1-NSW1,NSW1,10,2003,,A202506
D,RESIDUE_PRICE_BID,,1,C2028Q2T01,VIC1-NSW1,NSW1,10,2003,,A202506
D,RESIDUE_PRICE_BID,,1,C2026Q2T09,VIC1-NSW1,NSW1,10,2003,,A202506
D,RESIDUE_PRICE_BID,,1,C2025Q3T12,VIC1-NSW1,NSW1,11,2002.1040,,A202506
D,RESIDUE_PRICE_BID,,1,C2026Q4T07,VIC1-NSW1,NSW1,10,2001.11,,A202506
D,RESIDUE_PRICE_BID,,1,C2027Q4T03,VIC1-NSW1,NSW1,10,2001.11,,A202506
D,RESIDUE_PRICE_BID,,1,C2028Q1T02,VIC1-NSW1,NSW1,2,2000.16,,A202506
D,RESIDUE_PRICE_BID,,1,C2025Q4T11,VIC1-NSW1,NSW1,4,2000.16,,A202506
D,RESIDUE_PRICE_BID,,1,C2028Q2T01,VIC1-NSW1,NSW1,5,2000.16,,A202506
D,RESIDUE_PRICE_BID,,1,C2027Q2T05,VIC1-NSW1,NSW1,10,2000,,A202506
D,RESIDUE_PRICE_BID,,1,C2025Q3T12,VIC1-NSW1,NSW1,10,2000,,A202506
D,RESIDUE_PRICE_BID,,1,C2026Q2T09,VIC1-NSW1,NSW1,10,2000,,A202506
D,RESIDUE_PRICE_BID,,1,C2028Q2T01,VIC1-NSW1,NSW1,10,2000,,A202506
D,RESIDUE_PRICE_BID,,1,C2026Q3T08,VIC1-NSW1,NSW1,10,2000,,A202506
D,RESIDUE_PRICE_BID,,1,C2026Q3T08,VIC1-NSW1,NSW1,10,1990.11,,A202506
D,RESIDUE_PRICE_BID,,1,C2027Q3T04,VIC1-NSW1,NSW1,10,1990.11,,A202506
D,RESIDUE_PRICE_BID,,1,C2027Q4T03,VIC1-NSW1,NSW1,6,1989,,A202506
D,RESIDUE_PRICE_BID,,1,C2026Q2T09,VIC1-NSW1,NSW1,10,1983.60,,A202506
D,RESIDUE_PRICE_BID,,1,C2026Q2T09,VIC1-NSW1,NSW1,21,1983.60,,A202506
D,RESIDUE_PRICE_BID,,1,C2028Q2T01,VIC1-NSW1,NSW1,10,1968,,A202506
D,RESIDUE_PRICE_BID,,1,C2027Q3T04,VIC1-NSW1,NSW1,4,1956.16,,A202506
D,RESIDUE_PRICE_BID,,1,C2027Q2T05,VIC1-NSW1,NSW1,4,1956.16,,A202506
D,RESIDUE_PRICE_BID,,1,C2027Q2T05,VIC1-NSW1,NSW1,10,1941.50,,A202506
D,RESIDUE_PRICE_BID,,1,C2028Q2T01,VIC1-NSW1,NSW1,10,1941.50,,A202506
D,RESIDUE_PRICE_BID,,1,C2027Q2T05,VIC1-NSW1,NSW1,5,1941.4920,,A202506
D,RESIDUE_PRICE_BID,,1,C2026Q2T09,VIC1-NSW1,NSW1,4,1940.16,,A202506
D,RESIDUE_PRICE_BID,,1,C2025Q3T12,VIC1-NSW1,NSW1,4,1940.16,,A202506
D,RESIDUE_PRICE_BID,,1,C2026Q3T08,VIC1-NSW1,NSW1,4,1940.16,,A202506
D,RESIDUE_PRICE_BID,,1,C2027Q1T06,VIC1-NSW1,NSW1,15,1937.60,,A202506
D,RESIDUE_PRICE_BID,,1,C2027Q1T06,VIC1-NSW1,NSW1,5,1925.91,,A202506
D,RESIDUE_PRICE_BID,,1,C2028Q1T02,VIC1-NSW1,NSW1,5,1925.91,,A202506
D,RESIDUE_PRICE_BID,,1,C2026Q1T10,VIC1-NSW1,NSW1,5,1925.91,,A202506
D,RESIDUE_PRICE_BID,,1,C2025Q4T11,VIC1-NSW1,NSW1,4,1924.16,,A202506
D,RESIDUE_PRICE_BID,,1,C2025Q4T11,VIC1-NSW1,NSW1,8,1903,,A202506
D,RESIDUE_PRICE_BID,,1,C2027Q4T03,VIC1-NSW1,NSW1,8,1903,,A202506
D,RESIDUE_PRICE_BID,,1,C2027Q4T03,VIC1-NSW1,NSW1,10,1903,,A202506
D,RESIDUE_PRICE_BID,,1,C2025Q4T11,VIC1-NSW1,NSW1,10,1903,,A202506
D,RESIDUE_PRICE_BID,,1,C2028Q1T02,VIC1-NSW1,NSW1,2,1900.16,,A202506
D,RESIDUE_PRICE_BID,,1,C2026Q4T07,VIC1-NSW1,NSW1,6,1899,,A202506
D,RESIDUE_PRICE_BID,,1,C2027Q4T03,VIC1-NSW1,NSW1,5,1890.06,,A202506
D,RESIDUE_PRICE_BID,,1,C2025Q4T11,VIC1-NSW1,NSW1,15,1889.55,,A202506
D,RESIDUE_PRICE_BID,,1,C2025Q4T11,VIC1-NSW1,NSW1,6,1885,,A202506
D,RESIDUE_PRICE_BID,,1,C2026Q4T07,VIC1-NSW1,NSW1,5,1875.2360,,A202506
D,RESIDUE_PRICE_BID,,1,C2028Q2T01,VIC1-NSW1,NSW1,5,1875.16,,A202506
D,RESIDUE_PRICE_BID,,1,C2027Q4T03,VIC1-NSW1,NSW1,3,1853,,A202506
D,RESIDUE_PRICE_BID,,1,C2025Q4T11,VIC1-NSW1,NSW1,4,1848.16,,A202506
D,RESIDUE_PRICE_BID,,1,C2027Q2T05,VIC1-NSW1,NSW1,4,1840.16,,A202506
D,RESIDUE_PRICE_BID,,1,C2027Q3T04,VIC1-NSW1,NSW1,4,1840.16,,A202506
D,RESIDUE_PRICE_BID,,1,C2026Q2T09,VIC1-NSW1,NSW1,4,1820.16,,A202506
D,RESIDUE_PRICE_BID,,1,C2026Q3T08,VIC1-NSW1,NSW1,4,1820.16,,A202506
D,RESIDUE_PRICE_BID,,1,C2025Q3T12,VIC1-NSW1,NSW1,4,1820.16,,A202506
D,RESIDUE_PRICE_BID,,1,C2026Q4T07,VIC1-NSW1,NSW1,10,1803,,A202506
D,RESIDUE_PRICE_BID,,1,C2026Q4T07,VIC1-NSW1,NSW1,8,1803,,A202506
D,RESIDUE_PRICE_BID,,1,C2028Q1T02,VIC1-NSW1,NSW1,21,1800.2880,,A202506
D,RESIDUE_PRICE_BID,,1,C2028Q1T02,VIC1-NSW1,NSW1,2,1800.16,,A202506
D,RESIDUE_PRICE_BID,,1,C2026Q4T07,VIC1-NSW1,NSW1,15,1789.55,,A202506
D,RESIDUE_PRICE_BID,,1,C2027Q3T04,VIC1-NSW1,NSW1,10,1785.7320,,A202506
D,RESIDUE_PRICE_BID,,1,C2027Q3T04,VIC1-NSW1,NSW1,10,1785.73,,A202506
D,RESIDUE_PRICE_BID,,1,C2025Q4T11,VIC1-NSW1,NSW1,4,1772.16,,A202506
D,RESIDUE_PRICE_BID,,1,C2028Q2T01,VIC1-NSW1,NSW1,5,1750.16,,A202506
D,RESIDUE_PRICE_BID,,1,C2028Q2T01,VIC1-NSW1,NSW1,10,1726,,A202506
D,RESIDUE_PRICE_BID,,1,C2027Q2T05,VIC1-NSW1,NSW1,4,1724.16,,A202506
D,RESIDUE_PRICE_BID,,1,C2027Q3T04,VIC1-NSW1,NSW1,4,1724.16,,A202506
D,RESIDUE_PRICE_BID,,1,C2025Q4T11,VIC1-NSW1,NSW1,21,1719.3240,,A202506
D,RESIDUE_PRICE_BID,,1,C2025Q4T11,VIC1-NSW1,NSW1,10,1719.32,,A202506
D,RESIDUE_PRICE_BID,,1,C2026Q4T07,VIC1-NSW1,NSW1,6,1714,,A202506
D,RESIDUE_PRICE_BID,,1,C2027Q4T03,VIC1-NSW1,NSW1,5,1704.76,,A202506
D,RESIDUE_PRICE_BID,,1,C2027Q4T03,VIC1-NSW1,NSW1,10,1703,,A202506
D,RESIDUE_PRICE_BID,,1,C2027Q4T03,VIC1-NSW1,NSW1,8,1703,,A202506
D,RESIDUE_PRICE_BID,,1,C2027Q1T06,VIC1-NSW1,NSW1,5,1700.16,,A202506
D,RESIDUE_PRICE_BID,,1,C2026Q3T08,VIC1-NSW1,NSW1,4,1700.16,,A202506
D,RESIDUE_PRICE_BID,,1,C2025Q3T12,VIC1-NSW1,NSW1,4,1700.16,,A202506
D,RESIDUE_PRICE_BID,,1,C2026Q2T09,VIC1-NSW1,NSW1,4,1700.16,,A202506
D,RESIDUE_PRICE_BID,,1,C2028Q1T02,VIC1-NSW1,NSW1,2,1700.16,,A202506
D,RESIDUE_PRICE_BID,,1,C2025Q4T11,VIC1-NSW1,NSW1,4,1696.16,,A202506
D,RESIDUE_PRICE_BID,,1,C2027Q4T03,VIC1-NSW1,NSW1,10,1689.55,,A202506
D,RESIDUE_PRICE_BID,,1,C2026Q3T08,VIC1-NSW1,NSW1,14,1676.50,,A202506
D,RESIDUE_PRICE_BID,,1,C2027Q2T05,VIC1-NSW1,NSW1,10,1664.14,,A202506
D,RESIDUE_PRICE_BID,,1,C2028Q2T01,VIC1-NSW1,NSW1,10,1664.14,,A202506
D,RESIDUE_PRICE_BID,,1,C2027Q2T05,VIC1-NSW1,NSW1,10,1664.1360,,A202506
D,RESIDUE_PRICE_BID,,1,C2025Q4T11,VIC1-NSW1,NSW1,15,1656,,A202506
D,RESIDUE_PRICE_BID,,1,C2027Q3T04,VIC1-NSW1,NSW1,30,1656,,A202506
D,RESIDUE_PRICE_BID,,1,C2026Q3T08,VIC1-NSW1,NSW1,30,1656,,A202506
D,RESIDUE_PRICE_BID,,1,C2026Q2T09,VIC1-NSW1,NSW1,14,1653,,A202506
D,RESIDUE_PRICE_BID,,1,C2026Q2T09,VIC1-NSW1,NSW1,30,1638,,A202506
D,RESIDUE_PRICE_BID,,1,C2028Q2T01,VIC1-NSW1,NSW1,30,1638,,A202506
D,RESIDUE_PRICE_BID,,1,C2027Q2T05,VIC1-NSW1,NSW1,30,1638,,A202506
D,RESIDUE_PRICE_BID,,1,C2026Q4T07,VIC1-NSW1,NSW1,3,1630.64,,A202506
D,RESIDUE_PRICE_BID,,1,C2026Q4T07,VIC1-NSW1,NSW1,10,1630.64,,A202506
D,RESIDUE_PRICE_BID,,1,C2026Q4T07,VIC1-NSW1,NSW1,7,1630.64,,A202506
D,RESIDUE_PRICE_BID,,1,C2028Q2T01,VIC1-NSW1,NSW1,5,1625.16,,A202506
D,RESIDUE_PRICE_BID,,1,C2025Q4T11,VIC1-NSW1,NSW1,4,1620.16,,A202506
D,RESIDUE_PRICE_BID,,1,C2027Q1T06,VIC1-NSW1,NSW1,20,1620,,A202506
D,RESIDUE_PRICE_BID,,1,C2027Q3T04,VIC1-NSW1,NSW1,4,1608.16,,A202506
D,RESIDUE_PRICE_BID,,1,C2027Q2T05,VIC1-NSW1,NSW1,4,1608.16,,A202506
D,RESIDUE_PRICE_BID,,1,C2028Q2T01,VIC1-NSW1,NSW1,8,1603,,A202506
D,RESIDUE_PRICE_BID,,1,C2028Q2T01,VIC1-NSW1,NSW1,10,1603,,A202506
D,RESIDUE_PRICE_BID,,1,C2026Q2T09,VIC1-NSW1,NSW1,10,1603,,A202506
D,RESIDUE_PRICE_BID,,1,C2026Q2T09,VIC1-NSW1,NSW1,8,1603,,A202506
D,RESIDUE_PRICE_BID,,1,C2027Q2T05,VIC1-NSW1,NSW1,8,1603,,A202506
D,RESIDUE_PRICE_BID,,1,C2027Q2T05,VIC1-NSW1,NSW1,10,1603,,A202506
D,RESIDUE_PRICE_BID,,1,C2028Q1T02,VIC1-NSW1,NSW1,2,1600.16,,A202506
D,RESIDUE_PRICE_BID,,1,C2025Q4T11,VIC1-NSW1,NSW1,10,1600,,A202506
D,RESIDUE_PRICE_BID,,1,C2026Q3T08,VIC1-NSW1,NSW1,4,1580.16,,A202506
D,RESIDUE_PRICE_BID,,1,C2025Q3T12,VIC1-NSW1,NSW1,4,1580.16,,A202506
D,RESIDUE_PRICE_BID,,1,C2026Q2T09,VIC1-NSW1,NSW1,4,1580.16,,A202506
D,RESIDUE_PRICE_BID,,1,C2028Q1T02,VIC1-NSW1,NSW1,20,1575.25,,A202506
D,RESIDUE_PRICE_BID,,1,C2025Q3T12,VIC1-NSW1,NSW1,20,1557.19,,A202506
D,RESIDUE_PRICE_BID,,1,C2025Q4T11,VIC1-NSW1,NSW1,4,1544.16,,A202506
D,RESIDUE_PRICE_BID,,1,C2026Q3T08,VIC1-NSW1,NSW1,10,1508.85,,A202506
D,RESIDUE_PRICE_BID,,1,C2025Q4T11,VIC1-NSW1,NSW1,10,1503,,A202506
D,RESIDUE_PRICE_BID,,1,C2026Q4T07,VIC1-NSW1,NSW1,8,1503,,A202506
D,RESIDUE_PRICE_BID,,1,C2025Q4T11,VIC1-NSW1,NSW1,8,1503,,A202506
D,RESIDUE_PRICE_BID,,1,C2026Q4T07,VIC1-NSW1,NSW1,10,1503,,A202506
D,RESIDUE_PRICE_BID,,1,C2025Q3T12,VIC1-NSW1,NSW1,8,1503,,A202506
D,RESIDUE_PRICE_BID,,1,C2025Q3T12,VIC1-NSW1,NSW1,10,1503,,A202506
D,RESIDUE_PRICE_BID,,1,C2026Q4T07,VIC1-NSW1,NSW1,4,1500.16,,A202506
D,RESIDUE_PRICE_BID,,1,C2028Q2T01,VIC1-NSW1,NSW1,5,1500.16,,A202506
D,RESIDUE_PRICE_BID,,1,C2028Q1T02,VIC1-NSW1,NSW1,2,1500.16,,A202506
D,RESIDUE_PRICE_BID,,1,C2028Q2T01,VIC1-NSW1,NSW1,21,1500,,A202506
D,RESIDUE_PRICE_BID,,1,C2025Q4T11,VIC1-NSW1,NSW1,10,1500,,A202506
D,RESIDUE_PRICE_BID,,1,C2026Q4T07,VIC1-NSW1,NSW1,10,1500,,A202506
D,RESIDUE_PRICE_BID,,1,C2027Q3T04,VIC1-NSW1,NSW1,4,1492.16,,A202506
D,RESIDUE_PRICE_BID,,1,C2027Q2T05,VIC1-NSW1,NSW1,4,1492.16,,A202506
D,RESIDUE_PRICE_BID,,1,C2027Q4T03,VIC1-NSW1,NSW1,5,1490.16,,A202506
D,RESIDUE_PRICE_BID,,1,C2027Q3T04,VIC1-NSW1,NSW1,14,1488.11,,A202506
D,RESIDUE_PRICE_BID,,1,C2027Q4T03,VIC1-NSW1,NSW1,7,1482.40,,A202506
D,RESIDUE_PRICE_BID,,1,C2027Q4T03,VIC1-NSW1,NSW1,3,1482.40,,A202506
D,RESIDUE_PRICE_BID,,1,C2027Q4T03,VIC1-NSW1,NSW1,10,1482.40,,A202506
D,RESIDUE_PRICE_BID,,1,C2025Q4T11,VIC1-NSW1,NSW1,4,1468.16,,A202506
D,RESIDUE_PRICE_BID,,1,C2026Q2T09,VIC1-NSW1,NSW1,4,1460.16,,A202506
D,RESIDUE_PRICE_BID,,1,C2025Q3T12,VIC1-NSW1,NSW1,4,1460.16,,A202506
D,RESIDUE_PRICE_BID,,1,C2026Q3T08,VIC1-NSW1,NSW1,4,1460.16,,A202506
D,RESIDUE_PRICE_BID,,1,C2028Q2T01,VIC1-NSW1,NSW1,10,1457,,A202506
D,RESIDUE_PRICE_BID,,1,C2027Q4T03,VIC1-NSW1,NSW1,10,1453,,A202506
D,RESIDUE_PRICE_BID,,1,C2027Q4T03,VIC1-NSW1,NSW1,8,1453,,A202506
D,RESIDUE_PRICE_BID,,1,C2026Q4T07,VIC1-NSW1,NSW1,4,1444.16,,A202506
D,RESIDUE_PRICE_BID,,1,C2025Q4T11,VIC1-NSW1,NSW1,16,1432.77,,A202506
D,RESIDUE_PRICE_BID,,1,C2027Q4T03,VIC1-NSW1,NSW1,5,1428.16,,A202506
D,RESIDUE_PRICE_BID,,1,C2026Q4T07,VIC1-NSW1,NSW1,10,1426.81,,A202506
D,RESIDUE_PRICE_BID,,1,C2025Q4T11,VIC1-NSW1,NSW1,10,1409.55,,A202506
D,RESIDUE_PRICE_BID,,1,C2026Q4T07,VIC1-NSW1,NSW1,10,1409.55,,A202506
D,RESIDUE_PRICE_BID,,1,C2028Q1T02,VIC1-NSW1,NSW1,2,1400.16,,A202506
D,RESIDUE_PRICE_BID,,1,C2025Q4T11,VIC1-NSW1,NSW1,4,1392.16,,A202506
D,RESIDUE_PRICE_BID,,1,C2026Q4T07,VIC1-NSW1,NSW1,4,1388.16,,A202506
D,RESIDUE_PRICE_BID,,1,C2028Q2T01,VIC1-NSW1,NSW1,14,1386.78,,A202506
D,RESIDUE_PRICE_BID,,1,C2027Q2T05,VIC1-NSW1,NSW1,8,1386.78,,A202506
D,RESIDUE_PRICE_BID,,1,C2027Q3T04,VIC1-NSW1,NSW1,4,1376.16,,A202506
D,RESIDUE_PRICE_BID,,1,C2027Q2T05,VIC1-NSW1,NSW1,4,1376.16,,A202506
D,RESIDUE_PRICE_BID,,1,C2028Q2T01,VIC1-NSW1,NSW1,5,1375.16,,A202506
D,RESIDUE_PRICE_BID,,1,C2027Q4T03,VIC1-NSW1,NSW1,5,1366.16,,A202506
D,RESIDUE_PRICE_BID,,1,C2027Q1T06,VIC1-NSW1,NSW1,5,1350.16,,A202506
D,RESIDUE_PRICE_BID,,1,C2026Q1T10,VIC1-NSW1,NSW1,20,1350,,A202506
D,RESIDUE_PRICE_BID,,1,C2026Q2T09,VIC1-NSW1,NSW1,4,1340.16,,A202506
D,RESIDUE_PRICE_BID,,1,C2025Q3T12,VIC1-NSW1,NSW1,4,1340.16,,A202506
D,RESIDUE_PRICE_BID,,1,C2026Q3T08,VIC1-NSW1,NSW1,4,1340.16,,A202506
D,RESIDUE_PRICE_BID,,1,C2027Q3T04,VIC1-NSW1,NSW1,10,1339.2990,,A202506
D,RESIDUE_PRICE_BID,,1,C2025Q3T12,VIC1-NSW1,NSW1,11,1334.7360,,A202506
D,RESIDUE_PRICE_BID,,1,C2026Q4T07,VIC1-NSW1,NSW1,4,1332.16,,A202506
D,RESIDUE_PRICE_BID,,1,C2026Q2T09,VIC1-NSW1,NSW1,21,1322.40,,A202506
D,RESIDUE_PRICE_BID,,1,C2025Q4T11,VIC1-NSW1,NSW1,4,1316.16,,A202506
D,RESIDUE_PRICE_BID,,1,C2027Q4T03,VIC1-NSW1,NSW1,10,1309.55,,A202506
D,RESIDUE_PRICE_BID,,1,C2027Q4T03,VIC1-NSW1,NSW1,5,1304.16,,A202506
D,RESIDUE_PRICE_BID,,1,C2028Q1T02,VIC1-NSW1,NSW1,2,1300.16,,A202506
D,RESIDUE_PRICE_BID,,1,C2027Q4T03,VIC1-NSW1,NSW1,10,1297.099990,,A202506
D,RESIDUE_PRICE_BID,,1,C2026Q4T07,VIC1-NSW1,NSW1,4,1276.16,,A202506
D,RESIDUE_PRICE_BID,,1,C2027Q3T04,VIC1-NSW1,NSW1,4,1260.16,,A202506
D,RESIDUE_PRICE_BID,,1,C2027Q2T05,VIC1-NSW1,NSW1,4,1260.16,,A202506
D,RESIDUE_PRICE_BID,,1,C2028Q2T01,VIC1-NSW1,NSW1,5,1250.16,,A202506
D,RESIDUE_PRICE_BID,,1,C2027Q2T05,VIC1-NSW1,NSW1,10,1248.1020,,A202506
D,RESIDUE_PRICE_BID,,1,C2027Q4T03,VIC1-NSW1,NSW1,5,1242.16,,A202506
D,RESIDUE_PRICE_BID,,1,C2025Q4T11,VIC1-NSW1,NSW1,4,1240.16,,A202506
D,RESIDUE_PRICE_BID,,1,C2026Q4T07,VIC1-NSW1,NSW1,21,1222.98,,A202506
D,RESIDUE_PRICE_BID,,1,C2026Q4T07,VIC1-NSW1,NSW1,10,1222.98,,A202506
D,RESIDUE_PRICE_BID,,1,C2026Q4T07,VIC1-NSW1,NSW1,4,1220.16,,A202506
D,RESIDUE_PRICE_BID,,1,C2025Q3T12,VIC1-NSW1,NSW1,4,1220.16,,A202506
D,RESIDUE_PRICE_BID,,1,C2026Q2T09,VIC1-NSW1,NSW1,4,1220.16,,A202506
D,RESIDUE_PRICE_BID,,1,C2026Q3T08,VIC1-NSW1,NSW1,4,1220.16,,A202506
D,RESIDUE_PRICE_BID,,1,C2028Q1T02,VIC1-NSW1,NSW1,2,1200.16,,A202506
D,RESIDUE_PRICE_BID,,1,C2026Q1T10,VIC1-NSW1,NSW1,15,1200,,A202506
D,RESIDUE_PRICE_BID,,1,C2026Q1T10,VIC1-NSW1,NSW1,43,1200,,A202506
D,RESIDUE_PRICE_BID,,1,C2027Q4T03,VIC1-NSW1,NSW1,5,1180.16,,A202506
D,RESIDUE_PRICE_BID,,1,C2026Q3T08,VIC1-NSW1,NSW1,15,1173.55,,A202506
D,RESIDUE_PRICE_BID,,1,C2025Q4T11,VIC1-NSW1,NSW1,4,1164.16,,A202506
D,RESIDUE_PRICE_BID,,1,C2026Q4T07,VIC1-NSW1,NSW1,4,1164.16,,A202506
D,RESIDUE_PRICE_BID,,1,C2026Q2T09,VIC1-NSW1,NSW1,15,1157.099990,,A202506
D,RESIDUE_PRICE_BID,,1,C2025Q4T11,VIC1-NSW1,NSW1,21,1146.215990,,A202506
D,RESIDUE_PRICE_BID,,1,C2027Q3T04,VIC1-NSW1,NSW1,4,1144.16,,A202506
D,RESIDUE_PRICE_BID,,1,C2027Q2T05,VIC1-NSW1,NSW1,4,1144.16,,A202506
D,RESIDUE_PRICE_BID,,1,C2028Q2T01,VIC1-NSW1,NSW1,5,1125.16,,A202506
D,RESIDUE_PRICE_BID,,1,C2027Q4T03,VIC1-NSW1,NSW1,5,1118.16,,A202506
D,RESIDUE_PRICE_BID,,1,C2027Q4T03,VIC1-NSW1,NSW1,21,1111.80,,A202506
D,RESIDUE_PRICE_BID,,1,C2027Q4T03,VIC1-NSW1,NSW1,10,1111.80,,A202506
D,RESIDUE_PRICE_BID,,1,C2026Q4T07,VIC1-NSW1,NSW1,4,1108.16,,A202506
D,RESIDUE_PRICE_BID,,1,C2027Q1T06,VIC1-NSW1,NSW1,15,1107.20,,A202506
D,RESIDUE_PRICE_BID,,1,C2027Q1T06,VIC1-NSW1,NSW1,43,1107.20,,A202506
D,RESIDUE_PRICE_BID,,1,C2025Q3T12,VIC1-NSW1,NSW1,20,1104,,A202506
D,RESIDUE_PRICE_BID,,1,C2026Q4T07,VIC1-NSW1,NSW1,30,1104,,A202506
D,RESIDUE_PRICE_BID,,1,C2027Q4T03,VIC1-NSW1,NSW1,30,1104,,A202506
D,RESIDUE_PRICE_BID,,1,C2026Q2T09,VIC1-NSW1,NSW1,4,1100.16,,A202506
D,RESIDUE_PRICE_BID,,1,C2026Q3T08,VIC1-NSW1,NSW1,4,1100.16,,A202506
D,RESIDUE_PRICE_BID,,1,C2028Q1T02,VIC1-NSW1,NSW1,2,1100.16,,A202506
D,RESIDUE_PRICE_BID,,1,C2025Q3T12,VIC1-NSW1,NSW1,4,1100.16,,A202506
D,RESIDUE_PRICE_BID,,1,C2025Q4T11,VIC1-NSW1,NSW1,10,1100,,A202506
D,RESIDUE_PRICE_BID,,1,C2028Q1T02,VIC1-NSW1,NSW1,20,1092,,A202506
D,RESIDUE_PRICE_BID,,1,C2025Q4T11,VIC1-NSW1,NSW1,4,1088.16,,A202506
D,RESIDUE_PRICE_BID,,1,C2027Q4T03,VIC1-NSW1,NSW1,5,1056.16,,A202506
D,RESIDUE_PRICE_BID,,1,C2026Q4T07,VIC1-NSW1,NSW1,4,1052.16,,A202506
D,RESIDUE_PRICE_BID,,1,C2027Q3T04,VIC1-NSW1,NSW1,20,1041.68,,A202506
D,RESIDUE_PRICE_BID,,1,C2025Q4T11,VIC1-NSW1,NSW1,15,1040.109990,,A202506
D,RESIDUE_PRICE_BID,,1,C2026Q4T07,VIC1-NSW1,NSW1,15,1040.109990,,A202506
D,RESIDUE_PRICE_BID,,1,C2027Q3T04,VIC1-NSW1,NSW1,4,1028.16,,A202506
D,RESIDUE_PRICE_BID,,1,C2027Q2T05,VIC1-NSW1,NSW1,4,1028.16,,A202506
D,RESIDUE_PRICE_BID,,1,C2026Q4T07,VIC1-NSW1,NSW1,14,1019.15,,A202506
D,RESIDUE_PRICE_BID,,1,C2025Q4T11,VIC1-NSW1,NSW1,4,1012.16,,A202506
D,RESIDUE_PRICE_BID,,1,C2026Q3T08,VIC1-NSW1,NSW1,10,1005.90,,A202506
D,RESIDUE_PRICE_BID,,1,C2025Q4T11,VIC1-NSW1,NSW1,20,1002.94,,A202506
D,RESIDUE_PRICE_BID,,1,C2028Q2T01,VIC1-NSW1,NSW1,5,1000.16,,A202506
D,RESIDUE_PRICE_BID,,1,C2027Q4T03,VIC1-NSW1,NSW1,10,1000.11,,A202506
D,RESIDUE_PRICE_BID,,1,C2028Q2T01,VIC1-NSW1,NSW1,21,1000,,A202506
D,RESIDUE_PRICE_BID,,1,C2026Q4T07,VIC1-NSW1,NSW1,4,996.16,,A202506
D,RESIDUE_PRICE_BID,,1,C2027Q4T03,VIC1-NSW1,NSW1,5,994.16,,A202506
D,RESIDUE_PRICE_BID,,1,C2025Q3T12,VIC1-NSW1,NSW1,4,980.16,,A202506
D,RESIDUE_PRICE_BID,,1,C2026Q2T09,VIC1-NSW1,NSW1,4,980.16,,A202506
D,RESIDUE_PRICE_BID,,1,C2026Q3T08,VIC1-NSW1,NSW1,4,980.16,,A202506
D,RESIDUE_PRICE_BID,,1,C2028Q2T01,VIC1-NSW1,NSW1,20,970.75,,A202506
D,RESIDUE_PRICE_BID,,1,C2027Q2T05,VIC1-NSW1,NSW1,15,970.75,,A202506
D,RESIDUE_PRICE_BID,,1,C2026Q4T07,VIC1-NSW1,NSW1,1,957,,A202506
D,RESIDUE_PRICE_BID,,1,C2027Q4T03,VIC1-NSW1,NSW1,1,957,,A202506
D,RESIDUE_PRICE_BID,,1,C2026Q4T07,VIC1-NSW1,NSW1,1,947.43,,A202506
D,RESIDUE_PRICE_BID,,1,C2027Q4T03,VIC1-NSW1,NSW1,1,942.64,,A202506
D,RESIDUE_PRICE_BID,,1,C2026Q4T07,VIC1-NSW1,NSW1,4,940.16,,A202506
D,RESIDUE_PRICE_BID,,1,C2026Q4T07,VIC1-NSW1,NSW1,1,937.86,,A202506
D,RESIDUE_PRICE_BID,,1,C2025Q4T11,VIC1-NSW1,NSW1,4,936.16,,A202506
D,RESIDUE_PRICE_BID,,1,C2027Q4T03,VIC1-NSW1,NSW1,5,932.16,,A202506
D,RESIDUE_PRICE_BID,,1,C2026Q4T07,VIC1-NSW1,NSW1,1,928.29,,A202506
D,RESIDUE_PRICE_BID,,1,C2027Q4T03,VIC1-NSW1,NSW1,1,928.29,,A202506
D,RESIDUE_PRICE_BID,,1,C2027Q4T03,VIC1-NSW1,NSW1,14,926.50,,A202506
D,RESIDUE_PRICE_BID,,1,C2026Q4T07,VIC1-NSW1,NSW1,1,918.72,,A202506
D,RESIDUE_PRICE_BID,,1,C2027Q4T03,VIC1-NSW1,NSW1,1,913.94,,A202506
D,RESIDUE_PRICE_BID,,1,C2027Q2T05,VIC1-NSW1,NSW1,4,912.16,,A202506
D,RESIDUE_PRICE_BID,,1,C2027Q3T04,VIC1-NSW1,NSW1,4,912.16,,A202506
D,RESIDUE_PRICE_BID,,1,C2026Q4T07,VIC1-NSW1,NSW1,1,909.15,,A202506
D,RESIDUE_PRICE_BID,,1,C2028Q1T02,VIC1-NSW1,NSW1,43,900.1440,,A202506
D,RESIDUE_PRICE_BID,,1,C2028Q1T02,VIC1-NSW1,NSW1,20,900.14,,A202506
D,RESIDUE_PRICE_BID,,1,C2026Q4T07,VIC1-NSW1,NSW1,1,899.58,,A202506
D,RESIDUE_PRICE_BID,,1,C2027Q4T03,VIC1-NSW1,NSW1,1,899.58,,A202506
D,RESIDUE_PRICE_BID,,1,C2027Q3T04,VIC1-NSW1,NSW1,10,892.8660,,A202506
D,RESIDUE_PRICE_BID,,1,C2026Q4T07,VIC1-NSW1,NSW1,1,890.01,,A202506
D,RESIDUE_PRICE_BID,,1,C2025Q3T12,VIC1-NSW1,NSW1,21,889.82,,A202506
D,RESIDUE_PRICE_BID,,1,C2027Q4T03,VIC1-NSW1,NSW1,1,885.22,,A202506
D,RESIDUE_PRICE_BID,,1,C2026Q4T07,VIC1-NSW1,NSW1,4,884.16,,A202506
D,RESIDUE_PRICE_BID,,1,C2026Q4T07,VIC1-NSW1,NSW1,1,880.44,,A202506
D,RESIDUE_PRICE_BID,,1,C2028Q2T01,VIC1-NSW1,NSW1,5,875.16,,A202506
D,RESIDUE_PRICE_BID,,1,C2027Q4T03,VIC1-NSW1,NSW1,1,870.87,,A202506
D,RESIDUE_PRICE_BID,,1,C2026Q4T07,VIC1-NSW1,NSW1,1,870.87,,A202506
D,RESIDUE_PRICE_BID,,1,C2027Q4T03,VIC1-NSW1,NSW1,5,870.16,,A202506
D,RESIDUE_PRICE_BID,,1,C2026Q4T07,VIC1-NSW1,NSW1,1,861.30,,A202506
D,RESIDUE_PRICE_BID,,1,C2026Q3T08,VIC1-NSW1,NSW1,4,860.16,,A202506
D,RESIDUE_PRICE_BID,,1,C2026Q2T09,VIC1-NSW1,NSW1,4,860.16,,A202506
D,RESIDUE_PRICE_BID,,1,C2025Q4T11,VIC1-NSW1,NSW1,4,860.16,,A202506
D,RESIDUE_PRICE_BID,,1,C2025Q3T12,VIC1-NSW1,NSW1,4,860.16,,A202506
D,RESIDUE_PRICE_BID,,1,C2025Q4T11,VIC1-NSW1,NSW1,1,857,,A202506
D,RESIDUE_PRICE_BID,,1,C2027Q4T03,VIC1-NSW1,NSW1,1,856.52,,A202506
D,RESIDUE_PRICE_BID,,1,C2026Q4T07,VIC1-NSW1,NSW1,1,851.73,,A202506
D,RESIDUE_PRICE_BID,,1,C2025Q4T11,VIC1-NSW1,NSW1,1,848.43,,A202506
D,RESIDUE_PRICE_BID,,1,C2026Q4T07,VIC1-NSW1,NSW1,1,842.16,,A202506
D,RESIDUE_PRICE_BID,,1,C2027Q4T03,VIC1-NSW1,NSW1,1,842.16,,A202506
D,RESIDUE_PRICE_BID,,1,C2025Q4T11,VIC1-NSW1,NSW1,1,839.86,,A202506
D,RESIDUE_PRICE_BID,,1,C2026Q4T07,VIC1-NSW1,NSW1,1,832.59,,A202506
D,RESIDUE_PRICE_BID,,1,C2027Q2T05,VIC1-NSW1,NSW1,10,832.0680,,A202506
D,RESIDUE_PRICE_BID,,1,C2025Q4T11,VIC1-NSW1,NSW1,1,831.29,,A202506
D,RESIDUE_PRICE_BID,,1,C2026Q4T07,VIC1-NSW1,NSW1,4,828.16,,A202506
D,RESIDUE_PRICE_BID,,1,C2026Q3T08,VIC1-NSW1,NSW1,20,828,,A202506
D,RESIDUE_PRICE_BID,,1,C2027Q3T04,VIC1-NSW1,NSW1,20,828,,A202506
D,RESIDUE_PRICE_BID,,1,C2025Q4T11,VIC1-NSW1,NSW1,35,828,,A202506
D,RESIDUE_PRICE_BID,,1,C2027Q4T03,VIC1-NSW1,NSW1,1,827.80,,A202506
D,RESIDUE_PRICE_BID,,1,C2026Q4T07,VIC1-NSW1,NSW1,1,823.02,,A202506
D,RESIDUE_PRICE_BID,,1,C2025Q4T11,VIC1-NSW1,NSW1,1,822.72,,A202506
D,RESIDUE_PRICE_BID,,1,C2027Q2T05,VIC1-NSW1,NSW1,20,819,,A202506
D,RESIDUE_PRICE_BID,,1,C2028Q2T01,VIC1-NSW1,NSW1,20,819,,A202506
D,RESIDUE_PRICE_BID,,1,C2026Q2T09,VIC1-NSW1,NSW1,20,819,,A202506
D,RESIDUE_PRICE_BID,,1,C2026Q4T07,VIC1-NSW1,NSW1,21,815.32,,A202506
D,RESIDUE_PRICE_BID,,1,C2025Q4T11,VIC1-NSW1,NSW1,1,814.15,,A202506
D,RESIDUE_PRICE_BID,,1,C2027Q4T03,VIC1-NSW1,NSW1,1,813.45,,A202506
D,RESIDUE_PRICE_BID,,1,C2026Q4T07,VIC1-NSW1,NSW1,1,813.45,,A202506
D,RESIDUE_PRICE_BID,,1,C2027Q1T06,VIC1-NSW1,NSW1,10,810,,A202506
D,RESIDUE_PRICE_BID,,1,C2027Q4T03,VIC1-NSW1,NSW1,5,808.16,,A202506
D,RESIDUE_PRICE_BID,,1,C2025Q4T11,VIC1-NSW1,NSW1,1,805.58,,A202506
D,RESIDUE_PRICE_BID,,1,C2026Q4T07,VIC1-NSW1,NSW1,1,803.88,,A202506
D,RESIDUE_PRICE_BID,,1,C2025Q3T12,VIC1-NSW1,NSW1,10,803,,A202506
D,RESIDUE_PRICE_BID,,1,C2025Q3T12,VIC1-NSW1,NSW1,8,803,,A202506
D,RESIDUE_PRICE_BID,,1,C2027Q4T03,VIC1-NSW1,NSW1,1,799.09,,A202506
D,RESIDUE_PRICE_BID,,1,C2025Q4T11,VIC1-NSW1,NSW1,1,797.01,,A202506
D,RESIDUE_PRICE_BID,,1,C2027Q2T05,VIC1-NSW1,NSW1,4,796.16,,A202506
D,RESIDUE_PRICE_BID,,1,C2027Q3T04,VIC1-NSW1,NSW1,4,796.16,,A202506
D,RESIDUE_PRICE_BID,,1,C2026Q4T07,VIC1-NSW1,NSW1,1,794.31,,A202506
D,RESIDUE_PRICE_BID,,1,C2025Q4T11,VIC1-NSW1,NSW1,1,788.44,,A202506
D,RESIDUE_PRICE_BID,,1,C2026Q4T07,VIC1-NSW1,NSW1,1,784.74,,A202506
D,RESIDUE_PRICE_BID,,1,C2027Q4T03,VIC1-NSW1,NSW1,1,784.74,,A202506
D,RESIDUE_PRICE_BID,,1,C2025Q4T11,VIC1-NSW1,NSW1,4,784.16,,A202506
D,RESIDUE_PRICE_BID,,1,C2025Q4T11,VIC1-NSW1,NSW1,1,779.87,,A202506
D,RESIDUE_PRICE_BID,,1,C2026Q4T07,VIC1-NSW1,NSW1,1,775.17,,A202506
D,RESIDUE_PRICE_BID,,1,C2026Q4T07,VIC1-NSW1,NSW1,4,772.16,,A202506
D,RESIDUE_PRICE_BID,,1,C2025Q4T11,VIC1-NSW1,NSW1,1,771.30,,A202506
D,RESIDUE_PRICE_BID,,1,C2027Q4T03,VIC1-NSW1,NSW1,1,770.38,,A202506
D,RESIDUE_PRICE_BID,,1,C2026Q4T07,VIC1-NSW1,NSW1,1,765.60,,A202506
D,RESIDUE_PRICE_BID,,1,C2025Q4T11,VIC1-NSW1,NSW1,1,762.73,,A202506
D,RESIDUE_PRICE_BID,,1,C2026Q4T07,VIC1-NSW1,NSW1,1,756.03,,A202506
D,RESIDUE_PRICE_BID,,1,C2027Q4T03,VIC1-NSW1,NSW1,1,756.03,,A202506
D,RESIDUE_PRICE_BID,,1,C2025Q4T11,VIC1-NSW1,NSW1,1,754.16,,A202506
D,RESIDUE_PRICE_BID,,1,C2028Q2T01,VIC1-NSW1,NSW1,5,750.16,,A202506
D,RESIDUE_PRICE_BID,,1,C2026Q4T07,VIC1-NSW1,NSW1,1,746.46,,A202506
D,RESIDUE_PRICE_BID,,1,C2027Q4T03,VIC1-NSW1,NSW1,5,746.16,,A202506
D,RESIDUE_PRICE_BID,,1,C2025Q4T11,VIC1-NSW1,NSW1,1,745.59,,A202506
D,RESIDUE_PRICE_BID,,1,C2027Q4T03,VIC1-NSW1,NSW1,1,741.68,,A202506
D,RESIDUE_PRICE_BID,,1,C2027Q4T03,VIC1-NSW1,NSW1,21,741.20,,A202506
D,RESIDUE_PRICE_BID,,1,C2025Q3T12,VIC1-NSW1,NSW1,4,740.16,,A202506
D,RESIDUE_PRICE_BID,,1,C2026Q3T08,VIC1-NSW1,NSW1,4,740.16,,A202506
D,RESIDUE_PRICE_BID,,1,C2026Q2T09,VIC1-NSW1,NSW1,4,740.16,,A202506
D,RESIDUE_PRICE_BID,,1,C2025Q4T11,VIC1-NSW1,NSW1,1,737.02,,A202506
D,RESIDUE_PRICE_BID,,1,C2026Q4T07,VIC1-NSW1,NSW1,1,736.89,,A202506
D,RESIDUE_PRICE_BID,,1,C2025Q4T11,VIC1-NSW1,NSW1,1,728.45,,A202506
D,RESIDUE_PRICE_BID,,1,C2027Q4T03,VIC1-NSW1,NSW1,1,727.32,,A202506
D,RESIDUE_PRICE_BID,,1,C2026Q4T07,VIC1-NSW1,NSW1,1,727.32,,A202506
D,RESIDUE_PRICE_BID,,1,C2025Q4T11,VIC1-NSW1,NSW1,1,719.88,,A202506
D,RESIDUE_PRICE_BID,,1,C2026Q4T07,VIC1-NSW1,NSW1,4,716.16,,A202506
D,RESIDUE_PRICE_BID,,1,C2026Q4T07,VIC1-NSW1,NSW1,20,713.41,,A202506
D,RESIDUE_PRICE_BID,,1,C2027Q4T03,VIC1-NSW1,NSW1,1,712.96,,A202506
D,RESIDUE_PRICE_BID,,1,C2025Q4T11,VIC1-NSW1,NSW1,1,711.31,,A202506
D,RESIDUE_PRICE_BID,,1,C2025Q4T11,VIC1-NSW1,NSW1,4,708.16,,A202506
D,RESIDUE_PRICE_BID,,1,C2025Q4T11,VIC1-NSW1,NSW1,1,702.74,,A202506
D,RESIDUE_PRICE_BID,,1,C2027Q4T03,VIC1-NSW1,NSW1,1,698.61,,A202506
D,RESIDUE_PRICE_BID,,1,C2025Q4T11,VIC1-NSW1,NSW1,1,694.17,,A202506
D,RESIDUE_PRICE_BID,,1,C2025Q4T11,VIC1-NSW1,NSW1,1,685.60,,A202506
D,RESIDUE_PRICE_BID,,1,C2027Q4T03,VIC1-NSW1,NSW1,1,684.26,,A202506
D,RESIDUE_PRICE_BID,,1,C2027Q4T03,VIC1-NSW1,NSW1,5,684.16,,A202506
D,RESIDUE_PRICE_BID,,1,C2027Q3T04,VIC1-NSW1,NSW1,4,680.16,,A202506
D,RESIDUE_PRICE_BID,,1,C2027Q2T05,VIC1-NSW1,NSW1,4,680.16,,A202506
D,RESIDUE_PRICE_BID,,1,C2025Q4T11,VIC1-NSW1,NSW1,1,677.03,,A202506
D,RESIDUE_PRICE_BID,,1,C2026Q1T10,VIC1-NSW1,NSW1,10,675,,A202506
D,RESIDUE_PRICE_BID,,1,C2026Q3T08,VIC1-NSW1,NSW1,15,670.60,,A202506
D,RESIDUE_PRICE_BID,,1,C2027Q4T03,VIC1-NSW1,NSW1,1,669.90,,A202506
D,RESIDUE_PRICE_BID,,1,C2025Q4T11,VIC1-NSW1,NSW1,1,668.46,,A202506
D,RESIDUE_PRICE_BID,,1,C2025Q3T12,VIC1-NSW1,NSW1,50,667.3680,,A202506
D,RESIDUE_PRICE_BID,,1,C2026Q2T09,VIC1-NSW1,NSW1,32,661.20,,A202506
D,RESIDUE_PRICE_BID,,1,C2026Q2T09,VIC1-NSW1,NSW1,15,661.20,,A202506
D,RESIDUE_PRICE_BID,,1,C2026Q4T07,VIC1-NSW1,NSW1,4,660.16,,A202506
D,RESIDUE_PRICE_BID,,1,C2025Q4T11,VIC1-NSW1,NSW1,1,659.89,,A202506
D,RESIDUE_PRICE_BID,,1,C2027Q4T03,VIC1-NSW1,NSW1,1,655.54,,A202506
D,RESIDUE_PRICE_BID,,1,C2025Q4T11,VIC1-NSW1,NSW1,1,651.32,,A202506
D,RESIDUE_PRICE_BID,,1,C2027Q4T03,VIC1-NSW1,NSW1,20,648.549990,,A202506
D,RESIDUE_PRICE_BID,,1,C2027Q4T03,VIC1-NSW1,NSW1,1,641.19,,A202506
D,RESIDUE_PRICE_BID,,1,C2025Q4T11,VIC1-NSW1,NSW1,4,632.16,,A202506
D,RESIDUE_PRICE_BID,,1,C2027Q4T03,VIC1-NSW1,NSW1,1,626.84,,A202506
D,RESIDUE_PRICE_BID,,1,C2028Q2T01,VIC1-NSW1,NSW1,5,625.16,,A202506
D,RESIDUE_PRICE_BID,,1,C2027Q4T03,VIC1-NSW1,NSW1,5,622.16,,A202506
D,RESIDUE_PRICE_BID,,1,C2026Q2T09,VIC1-NSW1,NSW1,4,620.16,,A202506
D,RESIDUE_PRICE_BID,,1,C2026Q3T08,VIC1-NSW1,NSW1,4,620.16,,A202506
D,RESIDUE_PRICE_BID,,1,C2025Q3T12,VIC1-NSW1,NSW1,4,620.16,,A202506
D,RESIDUE_PRICE_BID,,1,C2027Q4T03,VIC1-NSW1,NSW1,1,612.48,,A202506
D,RESIDUE_PRICE_BID,,1,C2026Q4T07,VIC1-NSW1,NSW1,4,604.16,,A202506
D,RESIDUE_PRICE_BID,,1,C2027Q3T04,VIC1-NSW1,NSW1,20,595.24,,A202506
D,RESIDUE_PRICE_BID,,1,C2025Q4T11,VIC1-NSW1,NSW1,20,573.11,,A202506
D,RESIDUE_PRICE_BID,,1,C2025Q4T11,VIC1-NSW1,NSW1,43,573.107990,,A202506
D,RESIDUE_PRICE_BID,,1,C2027Q3T04,VIC1-NSW1,NSW1,4,564.16,,A202506
D,RESIDUE_PRICE_BID,,1,C2027Q2T05,VIC1-NSW1,NSW1,4,564.16,,A202506
D,RESIDUE_PRICE_BID,,1,C2027Q4T03,VIC1-NSW1,NSW1,5,560.16,,A202506
D,RESIDUE_PRICE_BID,,1,C2025Q4T11,VIC1-NSW1,NSW1,4,556.16,,A202506
D,RESIDUE_PRICE_BID,,1,C2028Q2T01,VIC1-NSW1,NSW1,20,554.71,,A202506
D,RESIDUE_PRICE_BID,,1,C2027Q2T05,VIC1-NSW1,NSW1,15,554.71,,A202506
D,RESIDUE_PRICE_BID,,1,C2027Q4T03,VIC1-NSW1,NSW1,20,552,,A202506
D,RESIDUE_PRICE_BID,,1,C2025Q3T12,VIC1-NSW1,NSW1,10,552,,A202506
D,RESIDUE_PRICE_BID,,1,C2026Q4T07,VIC1-NSW1,NSW1,20,552,,A202506
D,RESIDUE_PRICE_BID,,1,C2026Q4T07,VIC1-NSW1,NSW1,4,548.16,,A202506
D,RESIDUE_PRICE_BID,,1,C2028Q1T02,VIC1-NSW1,NSW1,10,546,,A202506
D,RESIDUE_PRICE_BID,,1,C2026Q3T08,VIC1-NSW1,NSW1,48,502.95,,A202506
D,RESIDUE_PRICE_BID,,1,C2028Q2T01,VIC1-NSW1,NSW1,43,500,,A202506
D,RESIDUE_PRICE_BID,,1,C2027Q4T03,VIC1-NSW1,NSW1,5,498.16,,A202506
D,RESIDUE_PRICE_BID,,1,C2026Q4T07,VIC1-NSW1,NSW1,4,492.16,,A202506
D,RESIDUE_PRICE_BID,,1,C2025Q4T11,VIC1-NSW1,NSW1,4,480.16,,A202506
D,RESIDUE_PRICE_BID,,1,C2027Q2T05,VIC1-NSW1,NSW1,4,448.16,,A202506
D,RESIDUE_PRICE_BID,,1,C2027Q3T04,VIC1-NSW1,NSW1,4,448.16,,A202506
D,RESIDUE_PRICE_BID,,1,C2027Q3T04,VIC1-NSW1,NSW1,48,446.4330,,A202506
D,RESIDUE_PRICE_BID,,1,C2025Q3T12,VIC1-NSW1,NSW1,22,444.9120,,A202506
D,RESIDUE_PRICE_BID,,1,C2027Q4T03,VIC1-NSW1,NSW1,5,436.16,,A202506
D,RESIDUE_PRICE_BID,,1,C2026Q4T07,VIC1-NSW1,NSW1,4,436.16,,A202506
D,RESIDUE_PRICE_BID,,1,C2027Q2T05,VIC1-NSW1,NSW1,48,416.0340,,A202506
D,RESIDUE_PRICE_BID,,1,C2027Q3T04,VIC1-NSW1,NSW1,10,414,,A202506
D,RESIDUE_PRICE_BID,,1,C2025Q4T11,VIC1-NSW1,NSW1,10,414,,A202506
D,RESIDUE_PRICE_BID,,1,C2026Q3T08,VIC1-NSW1,NSW1,10,414,,A202506
D,RESIDUE_PRICE_BID,,1,C2026Q2T09,VIC1-NSW1,NSW1,10,409.50,,A202506
D,RESIDUE_PRICE_BID,,1,C2028Q2T01,VIC1-NSW1,NSW1,10,409.50,,A202506
D,RESIDUE_PRICE_BID,,1,C2027Q2T05,VIC1-NSW1,NSW1,10,409.50,,A202506
D,RESIDUE_PRICE_BID,,1,C2026Q4T07,VIC1-NSW1,NSW1,20,407.66,,A202506
D,RESIDUE_PRICE_BID,,1,C2026Q4T07,VIC1-NSW1,NSW1,43,407.66,,A202506
D,RESIDUE_PRICE_BID,,1,C2025Q4T11,VIC1-NSW1,NSW1,4,404.16,,A202506
D,RESIDUE_PRICE_BID,,1,C2026Q4T07,VIC1-NSW1,NSW1,4,380.16,,A202506
D,RESIDUE_PRICE_BID,,1,C2027Q4T03,VIC1-NSW1,NSW1,5,374.16,,A202506
D,RESIDUE_PRICE_BID,,1,C2027Q4T03,VIC1-NSW1,NSW1,20,370.60,,A202506
D,RESIDUE_PRICE_BID,,1,C2027Q4T03,VIC1-NSW1,NSW1,43,370.60,,A202506
D,RESIDUE_PRICE_BID,,1,C2026Q3T08,VIC1-NSW1,NSW1,21,335.30,,A202506
D,RESIDUE_PRICE_BID,,1,C2027Q2T05,VIC1-NSW1,NSW1,4,332.16,,A202506
D,RESIDUE_PRICE_BID,,1,C2027Q3T04,VIC1-NSW1,NSW1,4,332.16,,A202506
D,RESIDUE_PRICE_BID,,1,C2025Q4T11,VIC1-NSW1,NSW1,4,328.16,,A202506
D,RESIDUE_PRICE_BID,,1,C2026Q4T07,VIC1-NSW1,NSW1,4,324.16,,A202506
D,RESIDUE_PRICE_BID,,1,C2027Q4T03,VIC1-NSW1,NSW1,5,312.16,,A202506
D,RESIDUE_PRICE_BID,,1,C2027Q3T04,VIC1-NSW1,NSW1,21,297.6220,,A202506
D,RESIDUE_PRICE_BID,,1,C2027Q2T05,VIC1-NSW1,NSW1,21,277.3560,,A202506
D,RESIDUE_PRICE_BID,,1,C2027Q4T03,VIC1-NSW1,NSW1,10,276,,A202506
D,RESIDUE_PRICE_BID,,1,C2026Q4T07,VIC1-NSW1,NSW1,10,276,,A202506
D,RESIDUE_PRICE_BID,,1,C2026Q4T07,VIC1-NSW1,NSW1,4,268.16,,A202506
D,RESIDUE_PRICE_BID,,1,C2025Q4T11,VIC1-NSW1,NSW1,4,252.16,,A202506
D,RESIDUE_PRICE_BID,,1,C2027Q2T05,VIC1-NSW1,NSW1,4,216.16,,A202506
D,RESIDUE_PRICE_BID,,1,C2027Q3T04,VIC1-NSW1,NSW1,4,216.16,,A202506
D,RESIDUE_PRICE_BID,,1,C2026Q4T07,VIC1-NSW1,NSW1,4,212.16,,A202506
D,RESIDUE_PRICE_BID,,1,C2027Q1T06,VIC1-NSW1,NSW1,40,202.50,,A202506
D,RESIDUE_PRICE_BID,,1,C2025Q4T11,VIC1-NSW1,NSW1,4,176.16,,A202506
D,RESIDUE_PRICE_BID,,1,C2026Q1T10,VIC1-NSW1,NSW1,40,168.75,,A202506
D,RESIDUE_PRICE_BID,,1,C2026Q4T07,VIC1-NSW1,NSW1,4,156.16,,A202506
D,RESIDUE_PRICE_BID,,1,C2025Q3T12,VIC1-NSW1,NSW1,40,138,,A202506
D,RESIDUE_PRICE_BID,,1,C2028Q1T02,VIC1-NSW1,NSW1,40,136.50,,A202506
D,RESIDUE_PRICE_BID,,1,C2025Q4T11,VIC1-NSW1,NSW1,40,103.50,,A202506
D,RESIDUE_PRICE_BID,,1,C2026Q3T08,VIC1-NSW1,NSW1,40,103.50,,A202506
D,RESIDUE_PRICE_BID,,1,C2027Q3T04,VIC1-NSW1,NSW1,40,103.50,,A202506
D,RESIDUE_PRICE_BID,,1,C2027Q2T05,VIC1-NSW1,NSW1,40,102.38,,A202506
D,RESIDUE_PRICE_BID,,1,C2026Q2T09,VIC1-NSW1,NSW1,40,102.38,,A202506
D,RESIDUE_PRICE_BID,,1,C2028Q2T01,VIC1-NSW1,NSW1,40,102.38,,A202506
D,RESIDUE_PRICE_BID,,1,C2027Q4T03,VIC1-NSW1,NSW1,40,69,,A202506
D,RESIDUE_PRICE_BID,,1,C2026Q4T07,VIC1-NSW1,NSW1,40,69,,A202506
D,RESIDUE_PRICE_BID,,1,C2027Q1T06,VIC1-NSW1,NSW1,8,50.63,,A202506
D,RESIDUE_PRICE_BID,,1,C2026Q1T10,VIC1-NSW1,NSW1,8,42.19,,A202506
D,RESIDUE_PRICE_BID,,1,C2025Q3T12,VIC1-NSW1,NSW1,12,34.50,,A202506
D,RESIDUE_PRICE_BID,,1,C2028Q1T02,VIC1-NSW1,NSW1,8,34.13,,A202506
D,RESIDUE_PRICE_BID,,1,C2025Q4T11,VIC1-NSW1,NSW1,8,25.88,,A202506
D,RESIDUE_PRICE_BID,,1,C2027Q3T04,VIC1-NSW1,NSW1,8,25.88,,A202506
D,RESIDUE_PRICE_BID,,1,C2026Q3T08,VIC1-NSW1,NSW1,8,25.88,,A202506
D,RESIDUE_PRICE_BID,,1,C2026Q2T09,VIC1-NSW1,NSW1,8,25.59,,A202506
D,RESIDUE_PRICE_BID,,1,C2028Q2T01,VIC1-NSW1,NSW1,8,25.59,,A202506
D,RESIDUE_PRICE_BID,,1,C2027Q2T05,VIC1-NSW1,NSW1,8,25.59,,A202506
D,RESIDUE_PRICE_BID,,1,C2027Q4T03,VIC1-NSW1,NSW1,8,17.25,,A202506
D,RESIDUE_PRICE_BID,,1,C2026Q4T07,VIC1-NSW1,NSW1,8,17.25,,A202506
D,RESIDUE_PRICE_BID,,1,C2026Q4T07,VIC1-NSW1,NSW1,1,5.52,,A202506
D,RESIDUE_PRICE_BID,,1,C2027Q4T03,VIC1-NSW1,NSW1,1,4.42,,A202506
D,RESIDUE_PRICE_BID,,1,C2025Q3T12,VIC1-NSW1,NSW1,1,4.42,,A202506
D,RESIDUE_PRICE_BID,,1,C2027Q3T04,VIC1-NSW1,NSW1,1,4.42,,A202506
D,RESIDUE_PRICE_BID,,1,C2026Q4T07,VIC1-NSW1,NSW1,1,4.42,,A202506
D,RESIDUE_PRICE_BID,,1,C2025Q4T11,VIC1-NSW1,NSW1,1,4.42,,A202506
D,RESIDUE_PRICE_BID,,1,C2027Q2T05,VIC1-NSW1,NSW1,1,4.37,,A202506
D,RESIDUE_PRICE_BID,,1,C2028Q1T02,VIC1-NSW1,NSW1,1,4.37,,A202506
D,RESIDUE_PRICE_BID,,1,C2028Q2T01,VIC1-NSW1,NSW1,1,4.37,,A202506
D,RESIDUE_PRICE_BID,,1,C2027Q1T06,VIC1-NSW1,NSW1,1,4.32,,A202506
D,RESIDUE_PRICE_BID,,1,C2026Q1T10,VIC1-NSW1,NSW1,1,4.32,,A202506
D,RESIDUE_PRICE_BID,,1,C2025Q3T12,VIC1-NSW1,NSW1,1,3.31,,A202506
D,RESIDUE_PRICE_BID,,1,C2026Q4T07,VIC1-NSW1,NSW1,1,3.31,,A202506
D,RESIDUE_PRICE_BID,,1,C2027Q4T03,VIC1-NSW1,NSW1,1,3.31,,A202506
D,RESIDUE_PRICE_BID,,1,C2027Q3T04,VIC1-NSW1,NSW1,1,3.31,,A202506
D,RESIDUE_PRICE_BID,,1,C2025Q4T11,VIC1-NSW1,NSW1,1,3.31,,A202506
D,RESIDUE_PRICE_BID,,1,C2028Q1T02,VIC1-NSW1,NSW1,1,3.28,,A202506
D,RESIDUE_PRICE_BID,,1,C2026Q2T09,VIC1-NSW1,NSW1,1,3.28,,A202506
D,RESIDUE_PRICE_BID,,1,C2027Q2T05,VIC1-NSW1,NSW1,1,3.28,,A202506
D,RESIDUE_PRICE_BID,,1,C2028Q2T01,VIC1-NSW1,NSW1,1,3.28,,A202506
D,RESIDUE_PRICE_BID,,1,C2026Q1T10,VIC1-NSW1,NSW1,1,3.24,,A202506
D,RESIDUE_PRICE_BID,,1,C2027Q1T06,VIC1-NSW1,NSW1,1,3.24,,A202506
D,RESIDUE_PRICE_BID,,1,C2026Q4T07,VIC1-NSW1,NSW1,1,2.21,,A202506
D,RESIDUE_PRICE_BID,,1,C2027Q4T03,VIC1-NSW1,NSW1,1,2.21,,A202506
D,RESIDUE_PRICE_BID,,1,C2027Q3T04,VIC1-NSW1,NSW1,1,2.21,,A202506
D,RESIDUE_PRICE_BID,,1,C2025Q4T11,VIC1-NSW1,NSW1,1,2.21,,A202506
D,RESIDUE_PRICE_BID,,1,C2026Q3T08,VIC1-NSW1,NSW1,1,2.21,,A202506
D,RESIDUE_PRICE_BID,,1,C2025Q3T12,VIC1-NSW1,NSW1,1,2.21,,A202506
D,RESIDUE_PRICE_BID,,1,C2028Q2T01,VIC1-NSW1,NSW1,1,2.18,,A202506
D,RESIDUE_PRICE_BID,,1,C2027Q2T05,VIC1-NSW1,NSW1,1,2.18,,A202506
D,RESIDUE_PRICE_BID,,1,C2026Q2T09,VIC1-NSW1,NSW1,1,2.18,,A202506
D,RESIDUE_PRICE_BID,,1,C2028Q1T02,VIC1-NSW1,NSW1,1,2.18,,A202506
D,RESIDUE_PRICE_BID,,1,C2027Q1T06,VIC1-NSW1,NSW1,1,2.16,,A202506
D,RESIDUE_PRICE_BID,,1,C2026Q1T10,VIC1-NSW1,NSW1,1,2.16,,A202506
D,RESIDUE_PRICE_BID,,1,C2027Q4T03,VIC1-NSW1,NSW1,1,1.10,,A202506
D,RESIDUE_PRICE_BID,,1,C2026Q3T08,VIC1-NSW1,NSW1,1,1.10,,A202506
D,RESIDUE_PRICE_BID,,1,C2027Q3T04,VIC1-NSW1,NSW1,1,1.10,,A202506
D,RESIDUE_PRICE_BID,,1,C2025Q3T12,VIC1-NSW1,NSW1,1,1.10,,A202506
D,RESIDUE_PRICE_BID,,1,C2026Q4T07,VIC1-NSW1,NSW1,1,1.10,,A202506
D,RESIDUE_PRICE_BID,,1,C2025Q4T11,VIC1-NSW1,NSW1,1,1.10,,A202506
D,RESIDUE_PRICE_BID,,1,C2027Q2T05,VIC1-NSW1,NSW1,1,1.09,,A202506
D,RESIDUE_PRICE_BID,,1,C2026Q2T09,VIC1-NSW1,NSW1,1,1.09,,A202506
D,RESIDUE_PRICE_BID,,1,C2028Q1T02,VIC1-NSW1,NSW1,1,1.09,,A202506
D,RESIDUE_PRICE_BID,,1,C2028Q2T01,VIC1-NSW1,NSW1,1,1.09,,A202506
D,RESIDUE_PRICE_BID,,1,C2027Q1T06,VIC1-NSW1,NSW1,1,1.08,,A202506
D,RESIDUE_PRICE_BID,,1,C2026Q1T10,VIC1-NSW1,NSW1,1,1.08,,A202506
D,RESIDUE_PRICE_BID,,1,C2025Q4T11,VIC1-NSW1,NSW1,1,0.01,,A202506
D,RESIDUE_PRICE_BID,,1,C2026Q4T07,VIC1-NSW1,NSW1,1,0.01,,A202506
D,RESIDUE_PRICE_BID,,1,C2027Q2T05,VIC1-NSW1,NSW1,1,0.01,,A202506
D,RESIDUE_PRICE_BID,,1,C2026Q4T07,VIC1-NSW1,NSW1,1,0.01,,A202506
D,RESIDUE_PRICE_BID,,1,C2026Q3T08,VIC1-NSW1,NSW1,1,0.01,,A202506
D,RESIDUE_PRICE_BID,,1,C2028Q2T01,VIC1-NSW1,NSW1,1,0.01,,A202506
D,RESIDUE_PRICE_BID,,1,C2025Q3T12,VIC1-NSW1,NSW1,1,0.01,,A202506
D,RESIDUE_PRICE_BID,,1,C2027Q3T04,VIC1-NSW1,NSW1,1,0.01,,A202506
D,RESIDUE_PRICE_BID,,1,C2028Q1T02,VIC1-NSW1,NSW1,1,0.01,,A202506
D,RESIDUE_PRICE_BID,,1,C2027Q2T05,VIC1-NSW1,NSW1,1,0.01,,A202506
D,RESIDUE_PRICE_BID,,1,C2025Q3T12,VIC1-NSW1,NSW1,1,0.01,,A202506
D,RESIDUE_PRICE_BID,,1,C2027Q2T05,VIC1-NSW1,NSW1,1,0.01,,A202506
D,RESIDUE_PRICE_BID,,1,C2025Q4T11,VIC1-NSW1,NSW1,1,0.01,,A202506
D,RESIDUE_PRICE_BID,,1,C2026Q1T10,VIC1-NSW1,NSW1,1,0.01,,A202506
D,RESIDUE_PRICE_BID,,1,C2027Q4T03,VIC1-NSW1,NSW1,1,0.01,,A202506
D,RESIDUE_PRICE_BID,,1,C2028Q2T01,VIC1-NSW1,NSW1,1,0.01,,A202506
D,RESIDUE_PRICE_BID,,1,C2027Q3T04,VIC1-NSW1,NSW1,1,0.01,,A202506
D,RESIDUE_PRICE_BID,,1,C2028Q1T02,VIC1-NSW1,NSW1,1,0.01,,A202506
D,RESIDUE_PRICE_BID,,1,C2028Q2T01,VIC1-NSW1,NSW1,1,0.01,,A202506
D,RESIDUE_PRICE_BID,,1,C2026Q3T08,VIC1-NSW1,NSW1,1,0.01,,A202506
D,RESIDUE_PRICE_BID,,1,C2026Q3T08,VIC1-NSW1,NSW1,1,0.01,,A202506
D,RESIDUE_PRICE_BID,,1,C2026Q2T09,VIC1-NSW1,NSW1,1,0.01,,A202506
D,RESIDUE_PRICE_BID,,1,C2026Q2T09,VIC1-NSW1,NSW1,1,0.01,,A202506
D,RESIDUE_PRICE_BID,,1,C2028Q2T01,VIC1-NSW1,NSW1,1,0.01,,A202506
D,RESIDUE_PRICE_BID,,1,C2027Q3T04,VIC1-NSW1,NSW1,1,0.01,,A202506
D,RESIDUE_PRICE_BID,,1,C2026Q3T08,VIC1-NSW1,NSW1,1,0.01,,A202506
D,RESIDUE_PRICE_BID,,1,C2026Q4T07,VIC1-NSW1,NSW1,1,0.01,,A202506
D,RESIDUE_PRICE_BID,,1,C2025Q3T12,VIC1-NSW1,NSW1,1,0.01,,A202506
D,RESIDUE_PRICE_BID,,1,C2027Q2T05,VIC1-NSW1,NSW1,1,0.01,,A202506
D,RESIDUE_PRICE_BID,,1,C2025Q4T11,VIC1-NSW1,NSW1,1,0.01,,A202506
D,RESIDUE_PRICE_BID,,1,C2028Q1T02,VIC1-NSW1,NSW1,1,0.01,,A202506
D,RESIDUE_PRICE_BID,,1,C2027Q1T06,VIC1-NSW1,NSW1,1,0.01,,A202506
D,RESIDUE_PRICE_BID,,1,C2025Q4T11,VIC1-NSW1,NSW1,1,0.01,,A202506
D,RESIDUE_PRICE_BID,,1,C2027Q2T05,VIC1-NSW1,NSW1,1,0.01,,A202506
D,RESIDUE_PRICE_BID,,1,C2026Q4T07,VIC1-NSW1,NSW1,1,0.01,,A202506
D,RESIDUE_PRICE_BID,,1,C2026Q2T09,VIC1-NSW1,NSW1,1,0.01,,A202506
D,RESIDUE_PRICE_BID,,1,C2028Q1T02,VIC1-NSW1,NSW1,1,0.01,,A202506
D,RESIDUE_PRICE_BID,,1,C2026Q2T09,VIC1-NSW1,NSW1,1,0.01,,A202506
D,RESIDUE_PRICE_BID,,1,C2027Q1T06,VIC1-NSW1,NSW1,1,0.01,,A202506
D,RESIDUE_PRICE_BID,,1,C2027Q1T06,VIC1-NSW1,NSW1,1,0.01,,A202506
D,RESIDUE_PRICE_BID,,1,C2026Q1T10,VIC1-NSW1,NSW1,1,0.01,,A202506
D,RESIDUE_PRICE_BID,,1,C2025Q4T11,VIC1-NSW1,NSW1,1,0.01,,A202506
D,RESIDUE_PRICE_BID,,1,C2026Q2T09,VIC1-NSW1,NSW1,1,0.01,,A202506
D,RESIDUE_PRICE_BID,,1,C2026Q1T10,VIC1-NSW1,NSW1,1,0.01,,A202506
D,RESIDUE_PRICE_BID,,1,C2026Q3T08,VIC1-NSW1,NSW1,1,0.01,,A202506
D,RESIDUE_PRICE_BID,,1,C2027Q1T06,VIC1-NSW1,NSW1,1,0.01,,A202506
D,RESIDUE_PRICE_BID,,1,C2028Q2T01,VIC1-NSW1,NSW1,1,0.01,,A202506
D,RESIDUE_PRICE_BID,,1,C2027Q3T04,VIC1-NSW1,NSW1,1,0.01,,A202506
D,RESIDUE_PRICE_BID,,1,C2026Q1T10,VIC1-NSW1,NSW1,1,0.01,,A202506
D,RESIDUE_PRICE_BID,,1,C2026Q4T07,VIC1-NSW1,NSW1,1,0.01,,A202506
D,RESIDUE_PRICE_BID,,1,C2026Q3T08,VIC1-NSW1,NSW1,1,0.01,,A202506
D,RESIDUE_PRICE_BID,,1,C2027Q4T03,VIC1-NSW1,NSW1,1,0.01,,A202506
D,RESIDUE_PRICE_BID,,1,C2027Q3T04,VIC1-NSW1,NSW1,1,0.01,,A202506
D,RESIDUE_PRICE_BID,,1,C2025Q3T12,VIC1-NSW1,NSW1,1,0.01,,A202506
D,RESIDUE_PRICE_BID,,1,C2025Q3T12,VIC1-NSW1,NSW1,1,0.01,,A202506
D,RESIDUE_PRICE_BID,,1,C2027Q4T03,VIC1-NSW1,NSW1,1,0.01,,A202506
D,RESIDUE_PRICE_BID,,1,C2028Q2T01,VIC1-NSW1,NSW1,1,0.01,,A202506
D,RESIDUE_PRICE_BID,,1,C2026Q2T09,VIC1-NSW1,NSW1,1,0.01,,A202506
D,RESIDUE_PRICE_BID,,1,C2026Q3T08,VIC1-NSW1,NSW1,1,0.01,,A202506
D,RESIDUE_PRICE_BID,,1,C2025Q4T11,VIC1-NSW1,NSW1,1,0.01,,A202506
D,RESIDUE_PRICE_BID,,1,C2026Q2T09,VIC1-NSW1,NSW1,1,0.01,,A202506
D,RESIDUE_PRICE_BID,,1,C2027Q3T04,VIC1-NSW1,NSW1,1,0.01,,A202506
D,RESIDUE_PRICE_BID,,1,C2027Q4T03,VIC1-NSW1,NSW1,1,0.01,,A202506
D,RESIDUE_PRICE_BID,,1,C2027Q3T04,VIC1-NSW1,NSW1,1,0.01,,A202506
D,RESIDUE_PRICE_BID,,1,C2025Q3T12,VIC1-NSW1,NSW1,1,0.01,,A202506
D,RESIDUE_PRICE_BID,,1,C2027Q1T06,VIC1-NSW1,NSW1,1,0.01,,A202506
D,RESIDUE_PRICE_BID,,1,C2025Q4T11,VIC1-NSW1,NSW1,1,0.01,,A202506
D,RESIDUE_PRICE_BID,,1,C2027Q4T03,VIC1-NSW1,NSW1,1,0.01,,A202506
D,RESIDUE_PRICE_BID,,1,C2028Q1T02,VIC1-NSW1,NSW1,1,0.01,,A202506
D,RESIDUE_PRICE_BID,,1,C2026Q1T10,VIC1-NSW1,NSW1,1,0.01,,A202506
D,RESIDUE_PRICE_BID,,1,C2027Q4T03,VIC1-NSW1,NSW1,1,0.01,,A202506
D,RESIDUE_PRICE_BID,,1,C2027Q3T04,VIC1-NSW1,NSW1,1,0.01,,A202506
D,RESIDUE_PRICE_BID,,1,C2026Q3T08,VIC1-NSW1,NSW1,1,0.01,,A202506
D,RESIDUE_PRICE_BID,,1,C2026Q4T07,VIC1-NSW1,NSW1,1,0.01,,A202506
D,RESIDUE_PRICE_BID,,1,C2026Q3T08,VIC1-NSW1,NSW1,1,0.01,,A202506
D,RESIDUE_PRICE_BID,,1,C2027Q1T06,VIC1-NSW1,NSW1,1,0.01,,A202506
D,RESIDUE_PRICE_BID,,1,C2027Q3T04,VIC1-NSW1,NSW1,1,0.01,,A202506
D,RESIDUE_PRICE_BID,,1,C2025Q3T12,VIC1-NSW1,NSW1,1,0.01,,A202506
D,RESIDUE_PRICE_BID,,1,C2028Q1T02,VIC1-NSW1,NSW1,1,0.01,,A202506
D,RESIDUE_PRICE_BID,,1,C2028Q2T01,VIC1-NSW1,NSW1,1,0.01,,A202506
D,RESIDUE_PRICE_BID,,1,C2027Q1T06,VIC1-NSW1,NSW1,1,0.01,,A202506
D,RESIDUE_PRICE_BID,,1,C2027Q1T06,VIC1-NSW1,NSW1,1,0.01,,A202506
D,RESIDUE_PRICE_BID,,1,C2027Q1T06,VIC1-NSW1,NSW1,1,0.01,,A202506
D,RESIDUE_PRICE_BID,,1,C2026Q1T10,VIC1-NSW1,NSW1,1,0.01,,A202506
D,RESIDUE_PRICE_BID,,1,C2027Q4T03,VIC1-NSW1,NSW1,1,0.01,,A202506
D,RESIDUE_PRICE_BID,,1,C2026Q4T07,VIC1-NSW1,NSW1,1,0.01,,A202506
D,RESIDUE_PRICE_BID,,1,C2025Q3T12,VIC1-NSW1,NSW1,1,0.01,,A202506
D,RESIDUE_PRICE_BID,,1,C2026Q4T07,VIC1-NSW1,NSW1,1,0.01,,A202506
D,RESIDUE_PRICE_BID,,1,C2025Q3T12,VIC1-NSW1,NSW1,1,0.01,,A202506
D,RESIDUE_PRICE_BID,,1,C2027Q2T05,VIC1-NSW1,NSW1,1,0.01,,A202506
D,RESIDUE_PRICE_BID,,1,C2025Q4T11,VIC1-NSW1,NSW1,1,0.01,,A202506
D,RESIDUE_PRICE_BID,,1,C2028Q1T02,VIC1-NSW1,NSW1,1,0.01,,A202506
D,RESIDUE_PRICE_BID,,1,C2025Q3T12,VIC1-NSW1,NSW1,1,0.01,,A202506
D,RESIDUE_PRICE_BID,,1,C2027Q1T06,VIC1-NSW1,NSW1,1,0.01,,A202506
D,RESIDUE_PRICE_BID,,1,C2026Q1T10,VIC1-NSW1,NSW1,1,0.01,,A202506
D,RESIDUE_PRICE_BID,,1,C2028Q1T02,VIC1-NSW1,NSW1,1,0.01,,A202506
D,RESIDUE_PRICE_BID,,1,C2026Q2T09,VIC1-NSW1,NSW1,1,0.01,,A202506
D,RESIDUE_PRICE_BID,,1,C2026Q3T08,VIC1-NSW1,NSW1,1,0.01,,A202506
D,RESIDUE_PRICE_BID,,1,C2026Q3T08,VIC1-NSW1,NSW1,1,0.01,,A202506
D,RESIDUE_PRICE_BID,,1,C2026Q1T10,VIC1-NSW1,NSW1,1,0.01,,A202506
D,RESIDUE_PRICE_BID,,1,C2026Q4T07,VIC1-NSW1,NSW1,1,0.01,,A202506
D,RESIDUE_PRICE_BID,,1,C2025Q3T12,VIC1-NSW1,NSW1,1,0.01,,A202506
D,RESIDUE_PRICE_BID,,1,C2026Q1T10,VIC1-NSW1,NSW1,1,0.01,,A202506
D,RESIDUE_PRICE_BID,,1,C2028Q2T01,VIC1-NSW1,NSW1,1,0.01,,A202506
D,RESIDUE_PRICE_BID,,1,C2025Q4T11,VIC1-NSW1,NSW1,1,0.01,,A202506
D,RESIDUE_PRICE_BID,,1,C2027Q4T03,VIC1-NSW1,NSW1,1,0.01,,A202506
D,RESIDUE_PRICE_BID,,1,C2025Q4T11,VIC1-NSW1,NSW1,1,0.01,,A202506
D,RESIDUE_PRICE_BID,,1,C2027Q2T05,VIC1-NSW1,NSW1,1,0.01,,A202506
D,RESIDUE_PRICE_BID,,1,C2027Q3T04,VIC1-NSW1,NSW1,1,0.01,,A202506
D,RESIDUE_PRICE_BID,,1,C2027Q4T03,VIC1-NSW1,NSW1,1,0.01,,A202506
D,RESIDUE_PRICE_BID,,1,C2026Q1T10,VIC1-NSW1,NSW1,1,0.01,,A202506
D,RESIDUE_PRICE_BID,,1,C2026Q4T07,VIC1-NSW1,NSW1,1,0.01,,A202506
D,RESIDUE_PRICE_BID,,1,C2027Q3T04,VIC1-NSW1,NSW1,1,0.01,,A202506
D,RESIDUE_PRICE_BID,,1,C2027Q1T06,VIC1-NSW1,NSW1,1,0.01,,A202506
D,RESIDUE_PRICE_BID,,1,C2026Q3T08,VIC1-NSW1,NSW1,1,0.01,,A202506
D,RESIDUE_PRICE_BID,,1,C2027Q2T05,VIC1-NSW1,NSW1,1,0.01,,A202506
D,RESIDUE_PRICE_BID,,1,C2028Q2T01,VIC1-NSW1,NSW1,1,0.01,,A202506
D,RESIDUE_PRICE_BID,,1,C2028Q1T02,VIC1-NSW1,NSW1,1,0.01,,A202506
D,RESIDUE_PRICE_BID,,1,C2025Q4T11,VIC1-NSW1,NSW1,1,0.01,,A202506
D,RESIDUE_PRICE_BID,,1,C2027Q3T04,VIC1-NSW1,NSW1,1,0.01,,A202506
D,RESIDUE_PRICE_BID,,1,C2027Q4T03,VIC1-NSW1,NSW1,1,0.01,,A202506
D,RESIDUE_PRICE_BID,,1,C2026Q4T07,VIC1-NSW1,NSW1,1,0.01,,A202506
D,RESIDUE_PRICE_BID,,1,C2028Q2T01,VIC1-NSW1,NSW1,1,0.01,,A202506
D,RESIDUE_PRICE_BID,,1,C2026Q4T07,VIC1-NSW1,NSW1,1,0.01,,A202506
D,RESIDUE_PRICE_BID,,1,C2027Q2T05,VIC1-NSW1,NSW1,1,0.01,,A202506
D,RESIDUE_PRICE_BID,,1,C2028Q1T02,VIC1-NSW1,NSW1,1,0.01,,A202506
D,RESIDUE_PRICE_BID,,1,C2025Q4T11,VIC1-NSW1,NSW1,1,0.01,,A202506
D,RESIDUE_PRICE_BID,,1,C2026Q4T07,VIC1-NSW1,NSW1,1,0.01,,A202506
D,RESIDUE_PRICE_BID,,1,C2026Q2T09,VIC1-NSW1,NSW1,1,0.01,,A202506
D,RESIDUE_PRICE_BID,,1,C2025Q4T11,VIC1-NSW1,NSW1,1,0.01,,A202506
D,RESIDUE_PRICE_BID,,1,C2028Q2T01,VIC1-NSW1,NSW1,1,0.01,,A202506
D,RESIDUE_PRICE_BID,,1,C2026Q2T09,VIC1-NSW1,NSW1,1,0.01,,A202506
D,RESIDUE_PRICE_BID,,1,C2027Q3T04,VIC1-NSW1,NSW1,1,0.01,,A202506
D,RESIDUE_PRICE_BID,,1,C2027Q2T05,VIC1-NSW1,NSW1,1,0.01,,A202506
D,RESIDUE_PRICE_BID,,1,C2026Q1T10,VIC1-NSW1,NSW1,1,0.01,,A202506
D,RESIDUE_PRICE_BID,,1,C2026Q3T08,VIC1-NSW1,NSW1,1,0.01,,A202506
D,RESIDUE_PRICE_BID,,1,C2026Q2T09,VIC1-NSW1,NSW1,1,0.01,,A202506
D,RESIDUE_PRICE_BID,,1,C2028Q2T01,VIC1-NSW1,NSW1,1,0.01,,A202506
D,RESIDUE_PRICE_BID,,1,C2027Q2T05,VIC1-NSW1,NSW1,1,0.01,,A202506
D,RESIDUE_PRICE_BID,,1,C2027Q4T03,VIC1-NSW1,NSW1,1,0.01,,A202506
D,RESIDUE_PRICE_BID,,1,C2028Q1T02,VIC1-NSW1,NSW1,1,0.01,,A202506
D,RESIDUE_PRICE_BID,,1,C2026Q1T10,VIC1-NSW1,NSW1,1,0.01,,A202506
D,RESIDUE_PRICE_BID,,1,C2026Q3T08,VIC1-NSW1,VIC1,1,60050,,A202506
D,RESIDUE_PRICE_BID,,1,C2027Q3T04,VIC1-NSW1,VIC1,1,60050,,A202506
D,RESIDUE_PRICE_BID,,1,C2025Q3T12,VIC1-NSW1,VIC1,1,60050,,A202506
D,RESIDUE_PRICE_BID,,1,C2026Q2T09,VIC1-NSW1,VIC1,1,37669.621090,,A202506
D,RESIDUE_PRICE_BID,,1,C2026Q1T10,VIC1-NSW1,VIC1,1,35997.121090,,A202506
D,RESIDUE_PRICE_BID,,1,C2025Q4T11,VIC1-NSW1,VIC1,1,35595.660160,,A202506
D,RESIDUE_PRICE_BID,,1,C2026Q4T07,VIC1-NSW1,VIC1,1,34300,,A202506
D,RESIDUE_PRICE_BID,,1,C2027Q1T06,VIC1-NSW1,VIC1,1,33724.679680,,A202506
D,RESIDUE_PRICE_BID,,1,C2028Q1T02,VIC1-NSW1,VIC1,1,32430,,A202506
D,RESIDUE_PRICE_BID,,1,C2027Q4T03,VIC1-NSW1,VIC1,1,32406,,A202506
D,RESIDUE_PRICE_BID,,1,C2027Q2T05,VIC1-NSW1,VIC1,1,31475.400390,,A202506
D,RESIDUE_PRICE_BID,,1,C2025Q4T11,VIC1-NSW1,VIC1,1,31077.60,,A202506
D,RESIDUE_PRICE_BID,,1,C2026Q3T08,VIC1-NSW1,VIC1,1,30025,,A202506
D,RESIDUE_PRICE_BID,,1,C2027Q3T04,VIC1-NSW1,VIC1,1,30025,,A202506
D,RESIDUE_PRICE_BID,,1,C2025Q3T12,VIC1-NSW1,VIC1,1,30025,,A202506
D,RESIDUE_PRICE_BID,,1,C2026Q3T08,VIC1-NSW1,VIC1,1,29505,,A202506
D,RESIDUE_PRICE_BID,,1,C2027Q4T03,VIC1-NSW1,VIC1,1,28814.40,,A202506
D,RESIDUE_PRICE_BID,,1,C2025Q3T12,VIC1-NSW1,VIC1,3,28805,,A202506
D,RESIDUE_PRICE_BID,,1,C2026Q4T07,VIC1-NSW1,VIC1,2,26172.75,,A202506
D,RESIDUE_PRICE_BID,,1,C2025Q4T11,VIC1-NSW1,VIC1,2,25141,,A202506
D,RESIDUE_PRICE_BID,,1,C2026Q3T08,VIC1-NSW1,VIC1,2,25077,,A202506
D,RESIDUE_PRICE_BID,,1,C2025Q3T12,VIC1-NSW1,VIC1,7,25077,,A202506
D,RESIDUE_PRICE_BID,,1,C2025Q3T12,VIC1-NSW1,VIC1,10,25000,,A202506
D,RESIDUE_PRICE_BID,,1,C2026Q1T10,VIC1-NSW1,VIC1,2,24975,,A202506
D,RESIDUE_PRICE_BID,,1,C2027Q3T04,VIC1-NSW1,VIC1,3,24900,,A202506
D,RESIDUE_PRICE_BID,,1,C2028Q1T02,VIC1-NSW1,VIC1,2,24323,,A202506
D,RESIDUE_PRICE_BID,,1,C2026Q4T07,VIC1-NSW1,VIC1,2,23793.41,,A202506
D,RESIDUE_PRICE_BID,,1,C2028Q2T01,VIC1-NSW1,VIC1,2,23607,,A202506
D,RESIDUE_PRICE_BID,,1,C2025Q4T11,VIC1-NSW1,VIC1,5,23228.966730,,A202506
D,RESIDUE_PRICE_BID,,1,C2027Q4T03,VIC1-NSW1,VIC1,2,22949.2132,,A202506
D,RESIDUE_PRICE_BID,,1,C2026Q4T07,VIC1-NSW1,VIC1,5,22949.2132,,A202506
D,RESIDUE_PRICE_BID,,1,C2027Q1T06,VIC1-NSW1,VIC1,1,22896,,A202506
D,RESIDUE_PRICE_BID,,1,C2027Q2T05,VIC1-NSW1,VIC1,6,22803,,A202506
D,RESIDUE_PRICE_BID,,1,C2028Q1T02,VIC1-NSW1,VIC1,1,22784.58,,A202506
D,RESIDUE_PRICE_BID,,1,C2025Q3T12,VIC1-NSW1,VIC1,1,22557,,A202506
D,RESIDUE_PRICE_BID,,1,C2025Q3T12,VIC1-NSW1,VIC1,1,22331.43,,A202506
D,RESIDUE_PRICE_BID,,1,C2026Q3T08,VIC1-NSW1,VIC1,5,22227.176140,,A202506
D,RESIDUE_PRICE_BID,,1,C2027Q3T04,VIC1-NSW1,VIC1,2,22227.176140,,A202506
D,RESIDUE_PRICE_BID,,1,C2025Q3T12,VIC1-NSW1,VIC1,1,22105.86,,A202506
D,RESIDUE_PRICE_BID,,1,C2025Q3T12,VIC1-NSW1,VIC1,1,21880.29,,A202506
D,RESIDUE_PRICE_BID,,1,C2025Q3T12,VIC1-NSW1,VIC1,1,21654.72,,A202506
D,RESIDUE_PRICE_BID,,1,C2026Q3T08,VIC1-NSW1,VIC1,4,21528,,A202506
D,RESIDUE_PRICE_BID,,1,C2025Q3T12,VIC1-NSW1,VIC1,1,21429.15,,A202506
D,RESIDUE_PRICE_BID,,1,C2027Q3T04,VIC1-NSW1,VIC1,4,21248,,A202506
D,RESIDUE_PRICE_BID,,1,C2025Q3T12,VIC1-NSW1,VIC1,1,21203.58,,A202506
D,RESIDUE_PRICE_BID,,1,C2025Q4T11,VIC1-NSW1,VIC1,20,21152.64,,A202506
D,RESIDUE_PRICE_BID,,1,C2027Q1T06,VIC1-NSW1,VIC1,4,20988,,A202506
D,RESIDUE_PRICE_BID,,1,C2025Q3T12,VIC1-NSW1,VIC1,1,20978.009990,,A202506
D,RESIDUE_PRICE_BID,,1,C2026Q4T07,VIC1-NSW1,VIC1,20,20953.919990,,A202506
D,RESIDUE_PRICE_BID,,1,C2025Q4T11,VIC1-NSW1,VIC1,4,20951,,A202506
D,RESIDUE_PRICE_BID,,1,C2026Q2T09,VIC1-NSW1,VIC1,4,20816,,A202506
D,RESIDUE_PRICE_BID,,1,C2025Q3T12,VIC1-NSW1,VIC1,1,20752.439990,,A202506
D,RESIDUE_PRICE_BID,,1,C2027Q3T04,VIC1-NSW1,VIC1,5,20750,,A202506
D,RESIDUE_PRICE_BID,,1,C2026Q3T08,VIC1-NSW1,VIC1,1,20557,,A202506
D,RESIDUE_PRICE_BID,,1,C2025Q3T12,VIC1-NSW1,VIC1,1,20526.87,,A202506
D,RESIDUE_PRICE_BID,,1,C2025Q3T12,VIC1-NSW1,VIC1,6,20444.0190,,A202506
D,RESIDUE_PRICE_BID,,1,C2026Q3T08,VIC1-NSW1,VIC1,10,20308,,A202506
D,RESIDUE_PRICE_BID,,1,C2025Q3T12,VIC1-NSW1,VIC1,1,20301.30,,A202506
D,RESIDUE_PRICE_BID,,1,C2026Q3T08,VIC1-NSW1,VIC1,6,20291.88,,A202506
D,RESIDUE_PRICE_BID,,1,C2028Q1T02,VIC1-NSW1,VIC1,4,20269,,A202506
D,RESIDUE_PRICE_BID,,1,C2026Q3T08,VIC1-NSW1,VIC1,1,20248.64,,A202506
D,RESIDUE_PRICE_BID,,1,C2027Q3T04,VIC1-NSW1,VIC1,18,20133.30,,A202506
D,RESIDUE_PRICE_BID,,1,C2025Q3T12,VIC1-NSW1,VIC1,5,20111.30,,A202506
D,RESIDUE_PRICE_BID,,1,C2025Q4T11,VIC1-NSW1,VIC1,5,20102,,A202506
D,RESIDUE_PRICE_BID,,1,C2025Q3T12,VIC1-NSW1,VIC1,1,20075.73,,A202506
D,RESIDUE_PRICE_BID,,1,C2026Q3T08,VIC1-NSW1,VIC1,1,20061,,A202506
D,RESIDUE_PRICE_BID,,1,C2025Q3T12,VIC1-NSW1,VIC1,3,20061,,A202506
D,RESIDUE_PRICE_BID,,1,C2027Q3T04,VIC1-NSW1,VIC1,1,20016.666020,,A202506
D,RESIDUE_PRICE_BID,,1,C2025Q3T12,VIC1-NSW1,VIC1,1,20016.666020,,A202506
D,RESIDUE_PRICE_BID,,1,C2026Q3T08,VIC1-NSW1,VIC1,1,20016.666020,,A202506
D,RESIDUE_PRICE_BID,,1,C2026Q3T08,VIC1-NSW1,VIC1,2,20000.90,,A202506
D,RESIDUE_PRICE_BID,,1,C2025Q4T11,VIC1-NSW1,VIC1,10,20000,,A202506
D,RESIDUE_PRICE_BID,,1,C2026Q2T09,VIC1-NSW1,VIC1,10,20000,,A202506
D,RESIDUE_PRICE_BID,,1,C2026Q1T10,VIC1-NSW1,VIC1,10,20000,,A202506
D,RESIDUE_PRICE_BID,,1,C2026Q3T08,VIC1-NSW1,VIC1,1,19940.29,,A202506
D,RESIDUE_PRICE_BID,,1,C2026Q3T08,VIC1-NSW1,VIC1,4,19913,,A202506
D,RESIDUE_PRICE_BID,,1,C2025Q3T12,VIC1-NSW1,VIC1,10,19906.02,,A202506
D,RESIDUE_PRICE_BID,,1,C2027Q4T03,VIC1-NSW1,VIC1,4,19875,,A202506
D,RESIDUE_PRICE_BID,,1,C2025Q3T12,VIC1-NSW1,VIC1,1,19850.16,,A202506
D,RESIDUE_PRICE_BID,,1,C2026Q1T10,VIC1-NSW1,VIC1,10,19808,,A202506
D,RESIDUE_PRICE_BID,,1,C2026Q3T08,VIC1-NSW1,VIC1,2,19800.90,,A202506
D,RESIDUE_PRICE_BID,,1,C2026Q2T09,VIC1-NSW1,VIC1,5,19691.361470,,A202506
D,RESIDUE_PRICE_BID,,1,C2028Q2T01,VIC1-NSW1,VIC1,4,19672,,A202506
D,RESIDUE_PRICE_BID,,1,C2027Q3T04,VIC1-NSW1,VIC1,4,19654,,A202506
D,RESIDUE_PRICE_BID,,1,C2026Q3T08,VIC1-NSW1,VIC1,1,19631.93,,A202506
D,RESIDUE_PRICE_BID,,1,C2025Q3T12,VIC1-NSW1,VIC1,1,19624.59,,A202506
D,RESIDUE_PRICE_BID,,1,C2026Q3T08,VIC1-NSW1,VIC1,2,19600.90,,A202506
D,RESIDUE_PRICE_BID,,1,C2025Q4T11,VIC1-NSW1,VIC1,18,19577.6130,,A202506
D,RESIDUE_PRICE_BID,,1,C2026Q2T09,VIC1-NSW1,VIC1,1,19557,,A202506
D,RESIDUE_PRICE_BID,,1,C2026Q3T08,VIC1-NSW1,VIC1,5,19511.30,,A202506
D,RESIDUE_PRICE_BID,,1,C2026Q3T08,VIC1-NSW1,VIC1,25,19496.12,,A202506
D,RESIDUE_PRICE_BID,,1,C2026Q3T08,VIC1-NSW1,VIC1,2,19400.90,,A202506
D,RESIDUE_PRICE_BID,,1,C2025Q3T12,VIC1-NSW1,VIC1,1,19399.02,,A202506
D,RESIDUE_PRICE_BID,,1,C2025Q3T12,VIC1-NSW1,VIC1,10,19368.02,,A202506
D,RESIDUE_PRICE_BID,,1,C2026Q3T08,VIC1-NSW1,VIC1,1,19323.58,,A202506
D,RESIDUE_PRICE_BID,,1,C2026Q2T09,VIC1-NSW1,VIC1,1,19263.64,,A202506
D,RESIDUE_PRICE_BID,,1,C2026Q2T09,VIC1-NSW1,VIC1,4,19255,,A202506
D,RESIDUE_PRICE_BID,,1,C2025Q4T11,VIC1-NSW1,VIC1,5,19222,,A202506
D,RESIDUE_PRICE_BID,,1,C2026Q2T09,VIC1-NSW1,VIC1,10,19212,,A202506
D,RESIDUE_PRICE_BID,,1,C2026Q2T09,VIC1-NSW1,VIC1,6,19211.5062,,A202506
D,RESIDUE_PRICE_BID,,1,C2026Q3T08,VIC1-NSW1,VIC1,2,19200.90,,A202506
D,RESIDUE_PRICE_BID,,1,C2025Q3T12,VIC1-NSW1,VIC1,1,19173.45,,A202506
D,RESIDUE_PRICE_BID,,1,C2026Q3T08,VIC1-NSW1,VIC1,1,19015.23,,A202506
D,RESIDUE_PRICE_BID,,1,C2027Q2T05,VIC1-NSW1,VIC1,11,19003,,A202506
D,RESIDUE_PRICE_BID,,1,C2026Q3T08,VIC1-NSW1,VIC1,2,19000.90,,A202506
D,RESIDUE_PRICE_BID,,1,C2026Q2T09,VIC1-NSW1,VIC1,1,18970.29,,A202506
D,RESIDUE_PRICE_BID,,1,C2025Q3T12,VIC1-NSW1,VIC1,1,18947.88,,A202506
D,RESIDUE_PRICE_BID,,1,C2026Q1T10,VIC1-NSW1,VIC1,10,18908,,A202506
D,RESIDUE_PRICE_BID,,1,C2025Q4T11,VIC1-NSW1,VIC1,5,18876,,A202506
D,RESIDUE_PRICE_BID,,1,C2026Q4T07,VIC1-NSW1,VIC1,18,18865,,A202506
D,RESIDUE_PRICE_BID,,1,C2027Q3T04,VIC1-NSW1,VIC1,12,18852.09,,A202506
D,RESIDUE_PRICE_BID,,1,C2025Q3T12,VIC1-NSW1,VIC1,10,18830.02,,A202506
D,RESIDUE_PRICE_BID,,1,C2026Q3T08,VIC1-NSW1,VIC1,2,18800.90,,A202506
D,RESIDUE_PRICE_BID,,1,C2025Q3T12,VIC1-NSW1,VIC1,1,18722.31,,A202506
D,RESIDUE_PRICE_BID,,1,C2026Q3T08,VIC1-NSW1,VIC1,1,18706.87,,A202506
D,RESIDUE_PRICE_BID,,1,C2028Q2T01,VIC1-NSW1,VIC1,4,18694,,A202506
D,RESIDUE_PRICE_BID,,1,C2026Q2T09,VIC1-NSW1,VIC1,1,18676.93,,A202506
D,RESIDUE_PRICE_BID,,1,C2026Q3T08,VIC1-NSW1,VIC1,2,18600.90,,A202506
D,RESIDUE_PRICE_BID,,1,C2025Q4T11,VIC1-NSW1,VIC1,1,18557,,A202506
D,RESIDUE_PRICE_BID,,1,C2027Q3T04,VIC1-NSW1,VIC1,1,18513,,A202506
D,RESIDUE_PRICE_BID,,1,C2025Q4T11,VIC1-NSW1,VIC1,8,18503,,A202506
D,RESIDUE_PRICE_BID,,1,C2027Q3T04,VIC1-NSW1,VIC1,10,18503,,A202506
D,RESIDUE_PRICE_BID,,1,C2025Q4T11,VIC1-NSW1,VIC1,10,18503,,A202506
D,RESIDUE_PRICE_BID,,1,C2027Q3T04,VIC1-NSW1,VIC1,8,18503,,A202506
D,RESIDUE_PRICE_BID,,1,C2025Q4T11,VIC1-NSW1,VIC1,5,18500.90,,A202506
D,RESIDUE_PRICE_BID,,1,C2025Q3T12,VIC1-NSW1,VIC1,1,18496.74,,A202506
D,RESIDUE_PRICE_BID,,1,C2026Q1T10,VIC1-NSW1,VIC1,1,18490.90,,A202506
D,RESIDUE_PRICE_BID,,1,C2026Q2T09,VIC1-NSW1,VIC1,25,18458.1138,,A202506
D,RESIDUE_PRICE_BID,,1,C2026Q1T10,VIC1-NSW1,VIC1,1,18424.90,,A202506
D,RESIDUE_PRICE_BID,,1,C2025Q4T11,VIC1-NSW1,VIC1,10,18411.88,,A202506
D,RESIDUE_PRICE_BID,,1,C2026Q3T08,VIC1-NSW1,VIC1,10,18401.95,,A202506
D,RESIDUE_PRICE_BID,,1,C2026Q3T08,VIC1-NSW1,VIC1,2,18400.90,,A202506
D,RESIDUE_PRICE_BID,,1,C2026Q3T08,VIC1-NSW1,VIC1,1,18398.52,,A202506
D,RESIDUE_PRICE_BID,,1,C2026Q2T09,VIC1-NSW1,VIC1,1,18383.58,,A202506
D,RESIDUE_PRICE_BID,,1,C2026Q1T10,VIC1-NSW1,VIC1,10,18362,,A202506
D,RESIDUE_PRICE_BID,,1,C2026Q1T10,VIC1-NSW1,VIC1,1,18358.90,,A202506
D,RESIDUE_PRICE_BID,,1,C2026Q1T10,VIC1-NSW1,VIC1,6,18358.5312,,A202506
D,RESIDUE_PRICE_BID,,1,C2025Q4T11,VIC1-NSW1,VIC1,12,18331.764890,,A202506
D,RESIDUE_PRICE_BID,,1,C2025Q3T12,VIC1-NSW1,VIC1,10,18311.439990,,A202506
D,RESIDUE_PRICE_BID,,1,C2026Q3T08,VIC1-NSW1,VIC1,4,18299,,A202506
D,RESIDUE_PRICE_BID,,1,C2026Q1T10,VIC1-NSW1,VIC1,1,18292.90,,A202506
D,RESIDUE_PRICE_BID,,1,C2025Q3T12,VIC1-NSW1,VIC1,20,18292.02,,A202506
D,RESIDUE_PRICE_BID,,1,C2025Q3T12,VIC1-NSW1,VIC1,12,18292.0170,,A202506
D,RESIDUE_PRICE_BID,,1,C2025Q4T11,VIC1-NSW1,VIC1,1,18278.64,,A202506
D,RESIDUE_PRICE_BID,,1,C2025Q3T12,VIC1-NSW1,VIC1,1,18271.169990,,A202506
D,RESIDUE_PRICE_BID,,1,C2026Q1T10,VIC1-NSW1,VIC1,1,18226.90,,A202506
D,RESIDUE_PRICE_BID,,1,C2026Q3T08,VIC1-NSW1,VIC1,2,18200.90,,A202506
D,RESIDUE_PRICE_BID,,1,C2026Q1T10,VIC1-NSW1,VIC1,1,18160.90,,A202506
D,RESIDUE_PRICE_BID,,1,C2025Q4T11,VIC1-NSW1,VIC1,5,18154,,A202506
D,RESIDUE_PRICE_BID,,1,C2026Q1T10,VIC1-NSW1,VIC1,1,18094.90,,A202506
D,RESIDUE_PRICE_BID,,1,C2026Q2T09,VIC1-NSW1,VIC1,1,18090.23,,A202506
D,RESIDUE_PRICE_BID,,1,C2026Q3T08,VIC1-NSW1,VIC1,1,18090.16,,A202506
D,RESIDUE_PRICE_BID,,1,C2025Q4T11,VIC1-NSW1,VIC1,5,18080.90,,A202506
D,RESIDUE_PRICE_BID,,1,C2027Q3T04,VIC1-NSW1,VIC1,4,18061,,A202506
D,RESIDUE_PRICE_BID,,1,C2025Q3T12,VIC1-NSW1,VIC1,1,18045.599990,,A202506
D,RESIDUE_PRICE_BID,,1,C2026Q1T10,VIC1-NSW1,VIC1,1,18028.90,,A202506
D,RESIDUE_PRICE_BID,,1,C2026Q3T08,VIC1-NSW1,VIC1,10,18001.439990,,A202506
D,RESIDUE_PRICE_BID,,1,C2025Q3T12,VIC1-NSW1,VIC1,1,18000.90,,A202506
D,RESIDUE_PRICE_BID,,1,C2025Q4T11,VIC1-NSW1,VIC1,1,18000.29,,A202506
D,RESIDUE_PRICE_BID,,1,C2026Q1T10,VIC1-NSW1,VIC1,1,17962.90,,A202506
D,RESIDUE_PRICE_BID,,1,C2025Q3T12,VIC1-NSW1,VIC1,1,17920.90,,A202506
D,RESIDUE_PRICE_BID,,1,C2026Q3T08,VIC1-NSW1,VIC1,25,17904.599990,,A202506
D,RESIDUE_PRICE_BID,,1,C2026Q3T08,VIC1-NSW1,VIC1,10,17904.599990,,A202506
D,RESIDUE_PRICE_BID,,1,C2026Q1T10,VIC1-NSW1,VIC1,1,17896.90,,A202506
D,RESIDUE_PRICE_BID,,1,C2025Q3T12,VIC1-NSW1,VIC1,1,17840.90,,A202506
D,RESIDUE_PRICE_BID,,1,C2026Q1T10,VIC1-NSW1,VIC1,1,17830.90,,A202506
D,RESIDUE_PRICE_BID,,1,C2025Q3T12,VIC1-NSW1,VIC1,1,17820.03,,A202506
D,RESIDUE_PRICE_BID,,1,C2025Q4T11,VIC1-NSW1,VIC1,2,17816,,A202506
D,RESIDUE_PRICE_BID,,1,C2026Q4T07,VIC1-NSW1,VIC1,10,17811.88,,A202506
D,RESIDUE_PRICE_BID,,1,C2025Q3T12,VIC1-NSW1,VIC1,4,17808,,A202506
D,RESIDUE_PRICE_BID,,1,C2027Q3T04,VIC1-NSW1,VIC1,5,17800.11,,A202506
D,RESIDUE_PRICE_BID,,1,C2026Q2T09,VIC1-NSW1,VIC1,1,17796.87,,A202506
D,RESIDUE_PRICE_BID,,1,C2026Q3T08,VIC1-NSW1,VIC1,1,17781.80,,A202506
D,RESIDUE_PRICE_BID,,1,C2026Q1T10,VIC1-NSW1,VIC1,1,17764.90,,A202506
D,RESIDUE_PRICE_BID,,1,C2025Q3T12,VIC1-NSW1,VIC1,1,17760.90,,A202506
D,RESIDUE_PRICE_BID,,1,C2026Q1T10,VIC1-NSW1,VIC1,1,17757,,A202506
D,RESIDUE_PRICE_BID,,1,C2027Q3T04,VIC1-NSW1,VIC1,1,17757,,A202506
D,RESIDUE_PRICE_BID,,1,C2027Q2T05,VIC1-NSW1,VIC1,4,17734,,A202506
D,RESIDUE_PRICE_BID,,1,C2025Q4T11,VIC1-NSW1,VIC1,1,17721.93,,A202506
D,RESIDUE_PRICE_BID,,1,C2028Q2T01,VIC1-NSW1,VIC1,2,17712.142020,,A202506
D,RESIDUE_PRICE_BID,,1,C2027Q2T05,VIC1-NSW1,VIC1,5,17712.142020,,A202506
D,RESIDUE_PRICE_BID,,1,C2026Q1T10,VIC1-NSW1,VIC1,1,17698.90,,A202506
D,RESIDUE_PRICE_BID,,1,C2026Q2T09,VIC1-NSW1,VIC1,4,17694,,A202506
D,RESIDUE_PRICE_BID,,1,C2025Q3T12,VIC1-NSW1,VIC1,1,17680.90,,A202506
D,RESIDUE_PRICE_BID,,1,C2026Q4T07,VIC1-NSW1,VIC1,12,17664.50,,A202506
D,RESIDUE_PRICE_BID,,1,C2025Q4T11,VIC1-NSW1,VIC1,5,17660.90,,A202506
D,RESIDUE_PRICE_BID,,1,C2026Q1T10,VIC1-NSW1,VIC1,25,17638.5888,,A202506
D,RESIDUE_PRICE_BID,,1,C2026Q1T10,VIC1-NSW1,VIC1,1,17632.90,,A202506
D,RESIDUE_PRICE_BID,,1,C2025Q3T12,VIC1-NSW1,VIC1,1,17600.90,,A202506
D,RESIDUE_PRICE_BID,,1,C2025Q3T12,VIC1-NSW1,VIC1,1,17594.46,,A202506
D,RESIDUE_PRICE_BID,,1,C2027Q3T04,VIC1-NSW1,VIC1,18,17570.88,,A202506
D,RESIDUE_PRICE_BID,,1,C2026Q1T10,VIC1-NSW1,VIC1,1,17566.90,,A202506
D,RESIDUE_PRICE_BID,,1,C2026Q4T07,VIC1-NSW1,VIC1,1,17557,,A202506
D,RESIDUE_PRICE_BID,,1,C2025Q3T12,VIC1-NSW1,VIC1,1,17520.90,,A202506
D,RESIDUE_PRICE_BID,,1,C2026Q2T09,VIC1-NSW1,VIC1,1,17503.52,,A202506
D,RESIDUE_PRICE_BID,,1,C2026Q4T07,VIC1-NSW1,VIC1,1,17500.90,,A202506
D,RESIDUE_PRICE_BID,,1,C2026Q3T08,VIC1-NSW1,VIC1,4,17500.90,,A202506
D,RESIDUE_PRICE_BID,,1,C2026Q1T10,VIC1-NSW1,VIC1,1,17490.64,,A202506
D,RESIDUE_PRICE_BID,,1,C2027Q3T04,VIC1-NSW1,VIC1,1,17490.64,,A202506
D,RESIDUE_PRICE_BID,,1,C2027Q1T06,VIC1-NSW1,VIC1,8,17490,,A202506
D,RESIDUE_PRICE_BID,,1,C2026Q3T08,VIC1-NSW1,VIC1,1,17473.45,,A202506
D,RESIDUE_PRICE_BID,,1,C2025Q4T11,VIC1-NSW1,VIC1,1,17443.58,,A202506
D,RESIDUE_PRICE_BID,,1,C2025Q3T12,VIC1-NSW1,VIC1,1,17440.90,,A202506
D,RESIDUE_PRICE_BID,,1,C2026Q2T09,VIC1-NSW1,VIC1,10,17422.20,,A202506
D,RESIDUE_PRICE_BID,,1,C2026Q4T07,VIC1-NSW1,VIC1,1,17420.90,,A202506
D,RESIDUE_PRICE_BID,,1,C2026Q3T08,VIC1-NSW1,VIC1,10,17407.25,,A202506
D,RESIDUE_PRICE_BID,,1,C2025Q4T11,VIC1-NSW1,VIC1,10,17402.13,,A202506
D,RESIDUE_PRICE_BID,,1,C2026Q2T09,VIC1-NSW1,VIC1,3,17373.72,,A202506
D,RESIDUE_PRICE_BID,,1,C2025Q3T12,VIC1-NSW1,VIC1,1,17368.89,,A202506
D,RESIDUE_PRICE_BID,,1,C2025Q3T12,VIC1-NSW1,VIC1,1,17360.90,,A202506
D,RESIDUE_PRICE_BID,,1,C2026Q4T07,VIC1-NSW1,VIC1,1,17340.90,,A202506
D,RESIDUE_PRICE_BID,,1,C2026Q3T08,VIC1-NSW1,VIC1,5,17333.83,,A202506
D,RESIDUE_PRICE_BID,,1,C2027Q2T05,VIC1-NSW1,VIC1,18,17311.47,,A202506
D,RESIDUE_PRICE_BID,,1,C2026Q4T07,VIC1-NSW1,VIC1,1,17293.64,,A202506
D,RESIDUE_PRICE_BID,,1,C2028Q2T01,VIC1-NSW1,VIC1,4,17292,,A202506
D,RESIDUE_PRICE_BID,,1,C2025Q3T12,VIC1-NSW1,VIC1,1,17280.90,,A202506
D,RESIDUE_PRICE_BID,,1,C2026Q4T07,VIC1-NSW1,VIC1,1,17260.90,,A202506
D,RESIDUE_PRICE_BID,,1,C2027Q4T03,VIC1-NSW1,VIC1,5,17253,,A202506
D,RESIDUE_PRICE_BID,,1,C2027Q3T04,VIC1-NSW1,VIC1,1,17250.90,,A202506
D,RESIDUE_PRICE_BID,,1,C2025Q4T11,VIC1-NSW1,VIC1,5,17240.90,,A202506
D,RESIDUE_PRICE_BID,,1,C2026Q1T10,VIC1-NSW1,VIC1,1,17224.29,,A202506
D,RESIDUE_PRICE_BID,,1,C2027Q3T04,VIC1-NSW1,VIC1,1,17224.29,,A202506
D,RESIDUE_PRICE_BID,,1,C2026Q3T08,VIC1-NSW1,VIC1,4,17222,,A202506
D,RESIDUE_PRICE_BID,,1,C2027Q4T03,VIC1-NSW1,VIC1,10,17211.88,,A202506
D,RESIDUE_PRICE_BID,,1,C2026Q2T09,VIC1-NSW1,VIC1,1,17210.16,,A202506
D,RESIDUE_PRICE_BID,,1,C2025Q3T12,VIC1-NSW1,VIC1,1,17200.90,,A202506
D,RESIDUE_PRICE_BID,,1,C2026Q3T08,VIC1-NSW1,VIC1,4,17200.90,,A202506
D,RESIDUE_PRICE_BID,,1,C2027Q1T06,VIC1-NSW1,VIC1,6,17199.5868,,A202506
D,RESIDUE_PRICE_BID,,1,C2026Q4T07,VIC1-NSW1,VIC1,1,17180.90,,A202506
D,RESIDUE_PRICE_BID,,1,C2025Q4T11,VIC1-NSW1,VIC1,1,17165.23,,A202506
D,RESIDUE_PRICE_BID,,1,C2026Q3T08,VIC1-NSW1,VIC1,1,17165.09,,A202506
D,RESIDUE_PRICE_BID,,1,C2027Q1T06,VIC1-NSW1,VIC1,1,17157,,A202506
D,RESIDUE_PRICE_BID,,1,C2025Q3T12,VIC1-NSW1,VIC1,1,17143.32,,A202506
D,RESIDUE_PRICE_BID,,1,C2025Q3T12,VIC1-NSW1,VIC1,1,17120.90,,A202506
D,RESIDUE_PRICE_BID,,1,C2026Q1T10,VIC1-NSW1,VIC1,2,17120,,A202506
D,RESIDUE_PRICE_BID,,1,C2026Q4T07,VIC1-NSW1,VIC1,1,17100.90,,A202506
D,RESIDUE_PRICE_BID,,1,C2025Q4T11,VIC1-NSW1,VIC1,2,17100,,A202506
D,RESIDUE_PRICE_BID,,1,C2027Q3T04,VIC1-NSW1,VIC1,1,17090.90,,A202506
D,RESIDUE_PRICE_BID,,1,C2025Q4T11,VIC1-NSW1,VIC1,18,17085.9168,,A202506
D,RESIDUE_PRICE_BID,,1,C2025Q3T12,VIC1-NSW1,VIC1,1,17040.90,,A202506
D,RESIDUE_PRICE_BID,,1,C2026Q4T07,VIC1-NSW1,VIC1,1,17030.29,,A202506
D,RESIDUE_PRICE_BID,,1,C2026Q4T07,VIC1-NSW1,VIC1,1,17020.90,,A202506
D,RESIDUE_PRICE_BID,,1,C2026Q1T10,VIC1-NSW1,VIC1,4,17000.90,,A202506
D,RESIDUE_PRICE_BID,,1,C2026Q2T09,VIC1-NSW1,VIC1,5,17000.90,,A202506
D,RESIDUE_PRICE_BID,,1,C2027Q3T04,VIC1-NSW1,VIC1,4,16998,,A202506
D,RESIDUE_PRICE_BID,,1,C2025Q3T12,VIC1-NSW1,VIC1,1,16960.90,,A202506
D,RESIDUE_PRICE_BID,,1,C2027Q3T04,VIC1-NSW1,VIC1,1,16957.93,,A202506
D,RESIDUE_PRICE_BID,,1,C2026Q1T10,VIC1-NSW1,VIC1,1,16957.93,,A202506
D,RESIDUE_PRICE_BID,,1,C2026Q2T09,VIC1-NSW1,VIC1,10,16951.33,,A202506
D,RESIDUE_PRICE_BID,,1,C2026Q2T09,VIC1-NSW1,VIC1,25,16951.3290,,A202506
D,RESIDUE_PRICE_BID,,1,C2026Q4T07,VIC1-NSW1,VIC1,1,16940.90,,A202506
D,RESIDUE_PRICE_BID,,1,C2027Q3T04,VIC1-NSW1,VIC1,1,16930.90,,A202506
D,RESIDUE_PRICE_BID,,1,C2027Q3T04,VIC1-NSW1,VIC1,10,16930.28,,A202506
D,RESIDUE_PRICE_BID,,1,C2026Q2T09,VIC1-NSW1,VIC1,1,16916.80,,A202506
D,RESIDUE_PRICE_BID,,1,C2025Q4T11,VIC1-NSW1,VIC1,5,16913.28,,A202506
D,RESIDUE_PRICE_BID,,1,C2026Q3T08,VIC1-NSW1,VIC1,20,16909.90,,A202506
D,RESIDUE_PRICE_BID,,1,C2026Q3T08,VIC1-NSW1,VIC1,4,16900.90,,A202506
D,RESIDUE_PRICE_BID,,1,C2027Q1T06,VIC1-NSW1,VIC1,1,16899.64,,A202506
D,RESIDUE_PRICE_BID,,1,C2025Q4T11,VIC1-NSW1,VIC1,1,16886.87,,A202506
D,RESIDUE_PRICE_BID,,1,C2025Q3T12,VIC1-NSW1,VIC1,1,16880.90,,A202506
D,RESIDUE_PRICE_BID,,1,C2026Q4T07,VIC1-NSW1,VIC1,1,16860.90,,A202506
D,RESIDUE_PRICE_BID,,1,C2026Q3T08,VIC1-NSW1,VIC1,1,16856.74,,A202506
D,RESIDUE_PRICE_BID,,1,C2025Q4T11,VIC1-NSW1,VIC1,5,16820.90,,A202506
D,RESIDUE_PRICE_BID,,1,C2027Q4T03,VIC1-NSW1,VIC1,8,16803,,A202506
D,RESIDUE_PRICE_BID,,1,C2027Q4T03,VIC1-NSW1,VIC1,10,16803,,A202506
D,RESIDUE_PRICE_BID,,1,C2025Q3T12,VIC1-NSW1,VIC1,1,16800.90,,A202506
D,RESIDUE_PRICE_BID,,1,C2026Q4T07,VIC1-NSW1,VIC1,1,16780.90,,A202506
D,RESIDUE_PRICE_BID,,1,C2027Q3T04,VIC1-NSW1,VIC1,1,16770.90,,A202506
D,RESIDUE_PRICE_BID,,1,C2026Q4T07,VIC1-NSW1,VIC1,1,16766.93,,A202506
D,RESIDUE_PRICE_BID,,1,C2025Q4T11,VIC1-NSW1,VIC1,2,16761,,A202506
D,RESIDUE_PRICE_BID,,1,C2026Q4T07,VIC1-NSW1,VIC1,5,16758.72,,A202506
D,RESIDUE_PRICE_BID,,1,C2025Q3T12,VIC1-NSW1,VIC1,5,16733.83,,A202506
D,RESIDUE_PRICE_BID,,1,C2025Q3T12,VIC1-NSW1,VIC1,1,16720.90,,A202506
D,RESIDUE_PRICE_BID,,1,C2026Q4T07,VIC1-NSW1,VIC1,1,16700.90,,A202506
D,RESIDUE_PRICE_BID,,1,C2027Q3T04,VIC1-NSW1,VIC1,1,16691.58,,A202506
D,RESIDUE_PRICE_BID,,1,C2026Q1T10,VIC1-NSW1,VIC1,1,16691.58,,A202506
D,RESIDUE_PRICE_BID,,1,C2026Q2T09,VIC1-NSW1,VIC1,4,16653,,A202506
D,RESIDUE_PRICE_BID,,1,C2026Q1T10,VIC1-NSW1,VIC1,10,16648.669990,,A202506
D,RESIDUE_PRICE_BID,,1,C2027Q1T06,VIC1-NSW1,VIC1,1,16642.29,,A202506
D,RESIDUE_PRICE_BID,,1,C2025Q3T12,VIC1-NSW1,VIC1,1,16640.90,,A202506
D,RESIDUE_PRICE_BID,,1,C2026Q2T09,VIC1-NSW1,VIC1,5,16640.90,,A202506
D,RESIDUE_PRICE_BID,,1,C2026Q2T09,VIC1-NSW1,VIC1,1,16623.45,,A202506
D,RESIDUE_PRICE_BID,,1,C2026Q4T07,VIC1-NSW1,VIC1,1,16620.90,,A202506
D,RESIDUE_PRICE_BID,,1,C2027Q3T04,VIC1-NSW1,VIC1,1,16610.90,,A202506
D,RESIDUE_PRICE_BID,,1,C2025Q4T11,VIC1-NSW1,VIC1,1,16608.52,,A202506
D,RESIDUE_PRICE_BID,,1,C2026Q3T08,VIC1-NSW1,VIC1,4,16600.90,,A202506
D,RESIDUE_PRICE_BID,,1,C2027Q3T04,VIC1-NSW1,VIC1,3,16600,,A202506
D,RESIDUE_PRICE_BID,,1,C2027Q4T03,VIC1-NSW1,VIC1,7,16563,,A202506
D,RESIDUE_PRICE_BID,,1,C2025Q3T12,VIC1-NSW1,VIC1,1,16560.90,,A202506
D,RESIDUE_PRICE_BID,,1,C2026Q1T10,VIC1-NSW1,VIC1,4,16560.90,,A202506
D,RESIDUE_PRICE_BID,,1,C2028Q2T01,VIC1-NSW1,VIC1,1,16557,,A202506
D,RESIDUE_PRICE_BID,,1,C2027Q4T03,VIC1-NSW1,VIC1,1,16557,,A202506
D,RESIDUE_PRICE_BID,,1,C2026Q3T08,VIC1-NSW1,VIC1,1,16548.38,,A202506
D,RESIDUE_PRICE_BID,,1,C2026Q4T07,VIC1-NSW1,VIC1,1,16540.90,,A202506
D,RESIDUE_PRICE_BID,,1,C2028Q1T02,VIC1-NSW1,VIC1,6,16539.30,,A202506
D,RESIDUE_PRICE_BID,,1,C2027Q4T03,VIC1-NSW1,VIC1,6,16527.06,,A202506
D,RESIDUE_PRICE_BID,,1,C2027Q1T06,VIC1-NSW1,VIC1,25,16525.0932,,A202506
D,RESIDUE_PRICE_BID,,1,C2026Q4T07,VIC1-NSW1,VIC1,1,16503.58,,A202506
D,RESIDUE_PRICE_BID,,1,C2025Q3T12,VIC1-NSW1,VIC1,1,16480.90,,A202506
D,RESIDUE_PRICE_BID,,1,C2026Q2T09,VIC1-NSW1,VIC1,10,16480.46,,A202506
D,RESIDUE_PRICE_BID,,1,C2025Q4T11,VIC1-NSW1,VIC1,2,16480,,A202506
D,RESIDUE_PRICE_BID,,1,C2025Q3T12,VIC1-NSW1,VIC1,10,16473.2069,,A202506
D,RESIDUE_PRICE_BID,,1,C2027Q3T04,VIC1-NSW1,VIC1,10,16472.70,,A202506
D,RESIDUE_PRICE_BID,,1,C2025Q3T12,VIC1-NSW1,VIC1,4,16472,,A202506
D,RESIDUE_PRICE_BID,,1,C2026Q4T07,VIC1-NSW1,VIC1,18,16464,,A202506
D,RESIDUE_PRICE_BID,,1,C2025Q4T11,VIC1-NSW1,VIC1,10,16462.99,,A202506
D,RESIDUE_PRICE_BID,,1,C2026Q4T07,VIC1-NSW1,VIC1,1,16460.90,,A202506
D,RESIDUE_PRICE_BID,,1,C2027Q3T04,VIC1-NSW1,VIC1,1,16450.90,,A202506
D,RESIDUE_PRICE_BID,,1,C2028Q2T01,VIC1-NSW1,VIC1,4,16445.52,,A202506
D,RESIDUE_PRICE_BID,,1,C2027Q3T04,VIC1-NSW1,VIC1,1,16425.23,,A202506
D,RESIDUE_PRICE_BID,,1,C2026Q1T10,VIC1-NSW1,VIC1,1,16425.23,,A202506
D,RESIDUE_PRICE_BID,,1,C2027Q2T05,VIC1-NSW1,VIC1,4,16404,,A202506
D,RESIDUE_PRICE_BID,,1,C2026Q1T10,VIC1-NSW1,VIC1,10,16403.169990,,A202506
D,RESIDUE_PRICE_BID,,1,C2025Q3T12,VIC1-NSW1,VIC1,1,16400.90,,A202506
D,RESIDUE_PRICE_BID,,1,C2025Q4T11,VIC1-NSW1,VIC1,5,16400.90,,A202506
D,RESIDUE_PRICE_BID,,1,C2025Q4T11,VIC1-NSW1,VIC1,15,16400.57,,A202506
D,RESIDUE_PRICE_BID,,1,C2027Q1T06,VIC1-NSW1,VIC1,1,16384.93,,A202506
D,RESIDUE_PRICE_BID,,1,C2026Q4T07,VIC1-NSW1,VIC1,1,16380.90,,A202506
D,RESIDUE_PRICE_BID,,1,C2027Q3T04,VIC1-NSW1,VIC1,1,16361.28,,A202506
D,RESIDUE_PRICE_BID,,1,C2025Q4T11,VIC1-NSW1,VIC1,1,16330.16,,A202506
D,RESIDUE_PRICE_BID,,1,C2026Q2T09,VIC1-NSW1,VIC1,1,16330.10,,A202506
D,RESIDUE_PRICE_BID,,1,C2025Q3T12,VIC1-NSW1,VIC1,1,16320.90,,A202506
D,RESIDUE_PRICE_BID,,1,C2027Q1T06,VIC1-NSW1,VIC1,2,16320,,A202506
D,RESIDUE_PRICE_BID,,1,C2026Q4T07,VIC1-NSW1,VIC1,1,16300.90,,A202506
D,RESIDUE_PRICE_BID,,1,C2026Q3T08,VIC1-NSW1,VIC1,4,16300.90,,A202506
D,RESIDUE_PRICE_BID,,1,C2027Q3T04,VIC1-NSW1,VIC1,1,16290.90,,A202506
D,RESIDUE_PRICE_BID,,1,C2026Q2T09,VIC1-NSW1,VIC1,5,16280.90,,A202506
D,RESIDUE_PRICE_BID,,1,C2027Q2T05,VIC1-NSW1,VIC1,1,16257,,A202506
D,RESIDUE_PRICE_BID,,1,C2025Q3T12,VIC1-NSW1,VIC1,1,16240.90,,A202506
D,RESIDUE_PRICE_BID,,1,C2026Q4T07,VIC1-NSW1,VIC1,1,16240.22,,A202506
D,RESIDUE_PRICE_BID,,1,C2026Q3T08,VIC1-NSW1,VIC1,1,16240.03,,A202506
D,RESIDUE_PRICE_BID,,1,C2026Q4T07,VIC1-NSW1,VIC1,10,16232.13,,A202506
D,RESIDUE_PRICE_BID,,1,C2027Q4T03,VIC1-NSW1,VIC1,1,16225.86,,A202506
D,RESIDUE_PRICE_BID,,1,C2028Q2T01,VIC1-NSW1,VIC1,1,16225.86,,A202506
D,RESIDUE_PRICE_BID,,1,C2026Q4T07,VIC1-NSW1,VIC1,1,16220.90,,A202506
D,RESIDUE_PRICE_BID,,1,C2028Q1T02,VIC1-NSW1,VIC1,2,16215,,A202506
D,RESIDUE_PRICE_BID,,1,C2027Q2T05,VIC1-NSW1,VIC1,12,16209.8310,,A202506
D,RESIDUE_PRICE_BID,,1,C2028Q1T02,VIC1-NSW1,VIC1,1,16203,,A202506
D,RESIDUE_PRICE_BID,,1,C2027Q3T04,VIC1-NSW1,VIC1,10,16201.44,,A202506
D,RESIDUE_PRICE_BID,,1,C2026Q1T10,VIC1-NSW1,VIC1,10,16198.71,,A202506
D,RESIDUE_PRICE_BID,,1,C2026Q1T10,VIC1-NSW1,VIC1,25,16198.7040,,A202506
D,RESIDUE_PRICE_BID,,1,C2025Q3T12,VIC1-NSW1,VIC1,1,16160.90,,A202506
D,RESIDUE_PRICE_BID,,1,C2026Q1T10,VIC1-NSW1,VIC1,1,16158.87,,A202506
D,RESIDUE_PRICE_BID,,1,C2027Q3T04,VIC1-NSW1,VIC1,1,16158.87,,A202506
D,RESIDUE_PRICE_BID,,1,C2026Q3T08,VIC1-NSW1,VIC1,4,16146,,A202506
D,RESIDUE_PRICE_BID,,1,C2026Q4T07,VIC1-NSW1,VIC1,1,16140.90,,A202506
D,RESIDUE_PRICE_BID,,1,C2025Q3T12,VIC1-NSW1,VIC1,10,16140.02,,A202506
D,RESIDUE_PRICE_BID,,1,C2025Q3T12,VIC1-NSW1,VIC1,18,16140.0150,,A202506
D,RESIDUE_PRICE_BID,,1,C2027Q4T03,VIC1-NSW1,VIC1,10,16132.13,,A202506
D,RESIDUE_PRICE_BID,,1,C2027Q3T04,VIC1-NSW1,VIC1,1,16130.90,,A202506
D,RESIDUE_PRICE_BID,,1,C2027Q1T06,VIC1-NSW1,VIC1,1,16127.58,,A202506
D,RESIDUE_PRICE_BID,,1,C2028Q1T02,VIC1-NSW1,VIC1,1,16127,,A202506
D,RESIDUE_PRICE_BID,,1,C2026Q1T10,VIC1-NSW1,VIC1,4,16120.90,,A202506
D,RESIDUE_PRICE_BID,,1,C2025Q3T12,VIC1-NSW1,VIC1,1,16080.90,,A202506
D,RESIDUE_PRICE_BID,,1,C2026Q4T07,VIC1-NSW1,VIC1,1,16060.90,,A202506
D,RESIDUE_PRICE_BID,,1,C2025Q4T11,VIC1-NSW1,VIC1,1,16051.80,,A202506
D,RESIDUE_PRICE_BID,,1,C2026Q3T08,VIC1-NSW1,VIC1,1,16049,,A202506
D,RESIDUE_PRICE_BID,,1,C2025Q3T12,VIC1-NSW1,VIC1,3,16049,,A202506
D,RESIDUE_PRICE_BID,,1,C2026Q2T09,VIC1-NSW1,VIC1,1,16036.74,,A202506
D,RESIDUE_PRICE_BID,,1,C2025Q4T11,VIC1-NSW1,VIC1,10,16018.05,,A202506
D,RESIDUE_PRICE_BID,,1,C2027Q3T04,VIC1-NSW1,VIC1,10,16015.13,,A202506
D,RESIDUE_PRICE_BID,,1,C2027Q2T05,VIC1-NSW1,VIC1,1,16013.14,,A202506
D,RESIDUE_PRICE_BID,,1,C2026Q2T09,VIC1-NSW1,VIC1,20,16009.59,,A202506
D,RESIDUE_PRICE_BID,,1,C2027Q1T06,VIC1-NSW1,VIC1,1,16003,,A202506
D,RESIDUE_PRICE_BID,,1,C2028Q1T02,VIC1-NSW1,VIC1,10,16003,,A202506
D,RESIDUE_PRICE_BID,,1,C2028Q1T02,VIC1-NSW1,VIC1,8,16003,,A202506
D,RESIDUE_PRICE_BID,,1,C2026Q1T10,VIC1-NSW1,VIC1,1,16003,,A202506
D,RESIDUE_PRICE_BID,,1,C2025Q4T11,VIC1-NSW1,VIC1,5,16001.626380,,A202506
D,RESIDUE_PRICE_BID,,1,C2025Q3T12,VIC1-NSW1,VIC1,4,16000.90,,A202506
D,RESIDUE_PRICE_BID,,1,C2026Q3T08,VIC1-NSW1,VIC1,4,16000.90,,A202506
D,RESIDUE_PRICE_BID,,1,C2026Q4T07,VIC1-NSW1,VIC1,1,15980.90,,A202506
D,RESIDUE_PRICE_BID,,1,C2025Q4T11,VIC1-NSW1,VIC1,5,15980.90,,A202506
D,RESIDUE_PRICE_BID,,1,C2026Q4T07,VIC1-NSW1,VIC1,1,15976.87,,A202506
D,RESIDUE_PRICE_BID,,1,C2027Q3T04,VIC1-NSW1,VIC1,1,15970.90,,A202506
D,RESIDUE_PRICE_BID,,1,C2027Q3T04,VIC1-NSW1,VIC1,4,15936,,A202506
D,RESIDUE_PRICE_BID,,1,C2026Q3T08,VIC1-NSW1,VIC1,1,15931.68,,A202506
D,RESIDUE_PRICE_BID,,1,C2026Q2T09,VIC1-NSW1,VIC1,5,15920.90,,A202506
D,RESIDUE_PRICE_BID,,1,C2026Q4T07,VIC1-NSW1,VIC1,1,15900.90,,A202506
D,RESIDUE_PRICE_BID,,1,C2028Q2T01,VIC1-NSW1,VIC1,1,15894.72,,A202506
D,RESIDUE_PRICE_BID,,1,C2027Q4T03,VIC1-NSW1,VIC1,1,15894.72,,A202506
D,RESIDUE_PRICE_BID,,1,C2027Q3T04,VIC1-NSW1,VIC1,1,15892.52,,A202506
D,RESIDUE_PRICE_BID,,1,C2026Q1T10,VIC1-NSW1,VIC1,1,15892.52,,A202506
D,RESIDUE_PRICE_BID,,1,C2028Q1T02,VIC1-NSW1,VIC1,25,15890.70,,A202506
D,RESIDUE_PRICE_BID,,1,C2028Q2T01,VIC1-NSW1,VIC1,4,15890,,A202506
D,RESIDUE_PRICE_BID,,1,C2026Q3T08,VIC1-NSW1,VIC1,3,15881.04,,A202506
D,RESIDUE_PRICE_BID,,1,C2027Q4T03,VIC1-NSW1,VIC1,25,15878.94,,A202506
D,RESIDUE_PRICE_BID,,1,C2027Q1T06,VIC1-NSW1,VIC1,1,15870.22,,A202506
D,RESIDUE_PRICE_BID,,1,C2026Q4T07,VIC1-NSW1,VIC1,10,15863.75,,A202506
D,RESIDUE_PRICE_BID,,1,C2026Q1T10,VIC1-NSW1,VIC1,2,15836,,A202506
D,RESIDUE_PRICE_BID,,1,C2026Q4T07,VIC1-NSW1,VIC1,1,15820.90,,A202506
D,RESIDUE_PRICE_BID,,1,C2027Q3T04,VIC1-NSW1,VIC1,1,15810.90,,A202506
D,RESIDUE_PRICE_BID,,1,C2028Q2T01,VIC1-NSW1,VIC1,6,15810,,A202506
D,RESIDUE_PRICE_BID,,1,C2028Q1T02,VIC1-NSW1,VIC1,1,15804.46,,A202506
D,RESIDUE_PRICE_BID,,1,C2025Q4T11,VIC1-NSW1,VIC1,5,15782,,A202506
D,RESIDUE_PRICE_BID,,1,C2025Q4T11,VIC1-NSW1,VIC1,1,15773.45,,A202506
D,RESIDUE_PRICE_BID,,1,C2027Q2T05,VIC1-NSW1,VIC1,1,15769.29,,A202506
D,RESIDUE_PRICE_BID,,1,C2026Q1T10,VIC1-NSW1,VIC1,10,15748.74,,A202506
D,RESIDUE_PRICE_BID,,1,C2026Q2T09,VIC1-NSW1,VIC1,1,15743.38,,A202506
D,RESIDUE_PRICE_BID,,1,C2026Q4T07,VIC1-NSW1,VIC1,1,15740.90,,A202506
D,RESIDUE_PRICE_BID,,1,C2028Q2T01,VIC1-NSW1,VIC1,2,15738,,A202506
D,RESIDUE_PRICE_BID,,1,C2026Q4T07,VIC1-NSW1,VIC1,1,15713.52,,A202506
D,RESIDUE_PRICE_BID,,1,C2026Q3T08,VIC1-NSW1,VIC1,4,15700.90,,A202506
D,RESIDUE_PRICE_BID,,1,C2026Q1T10,VIC1-NSW1,VIC1,4,15680.90,,A202506
D,RESIDUE_PRICE_BID,,1,C2025Q3T12,VIC1-NSW1,VIC1,4,15680.90,,A202506
D,RESIDUE_PRICE_BID,,1,C2026Q4T07,VIC1-NSW1,VIC1,1,15660.90,,A202506
D,RESIDUE_PRICE_BID,,1,C2027Q3T04,VIC1-NSW1,VIC1,1,15650.90,,A202506
D,RESIDUE_PRICE_BID,,1,C2027Q3T04,VIC1-NSW1,VIC1,1,15626.16,,A202506
D,RESIDUE_PRICE_BID,,1,C2026Q1T10,VIC1-NSW1,VIC1,1,15626.16,,A202506
D,RESIDUE_PRICE_BID,,1,C2026Q3T08,VIC1-NSW1,VIC1,1,15623.32,,A202506
D,RESIDUE_PRICE_BID,,1,C2027Q1T06,VIC1-NSW1,VIC1,1,15612.87,,A202506
D,RESIDUE_PRICE_BID,,1,C2026Q2T09,VIC1-NSW1,VIC1,4,15612,,A202506
D,RESIDUE_PRICE_BID,,1,C2027Q1T06,VIC1-NSW1,VIC1,10,15597.66,,A202506
D,RESIDUE_PRICE_BID,,1,C2026Q4T07,VIC1-NSW1,VIC1,1,15580.90,,A202506
D,RESIDUE_PRICE_BID,,1,C2025Q4T11,VIC1-NSW1,VIC1,10,15573.10,,A202506
D,RESIDUE_PRICE_BID,,1,C2027Q4T03,VIC1-NSW1,VIC1,1,15563.58,,A202506
D,RESIDUE_PRICE_BID,,1,C2028Q2T01,VIC1-NSW1,VIC1,1,15563.58,,A202506
D,RESIDUE_PRICE_BID,,1,C2025Q4T11,VIC1-NSW1,VIC1,5,15560.90,,A202506
D,RESIDUE_PRICE_BID,,1,C2026Q2T09,VIC1-NSW1,VIC1,5,15560.90,,A202506
D,RESIDUE_PRICE_BID,,1,C2027Q3T04,VIC1-NSW1,VIC1,20,15557.55,,A202506
D,RESIDUE_PRICE_BID,,1,C2027Q2T05,VIC1-NSW1,VIC1,1,15525.44,,A202506
D,RESIDUE_PRICE_BID,,1,C2026Q1T10,VIC1-NSW1,VIC1,10,15503,,A202506
D,RESIDUE_PRICE_BID,,1,C2026Q4T07,VIC1-NSW1,VIC1,10,15503,,A202506
D,RESIDUE_PRICE_BID,,1,C2026Q4T07,VIC1-NSW1,VIC1,8,15503,,A202506
D,RESIDUE_PRICE_BID,,1,C2027Q1T06,VIC1-NSW1,VIC1,8,15503,,A202506
D,RESIDUE_PRICE_BID,,1,C2027Q1T06,VIC1-NSW1,VIC1,10,15503,,A202506
D,RESIDUE_PRICE_BID,,1,C2026Q1T10,VIC1-NSW1,VIC1,8,15503,,A202506
D,RESIDUE_PRICE_BID,,1,C2027Q2T05,VIC1-NSW1,VIC1,1,15500.90,,A202506
D,RESIDUE_PRICE_BID,,1,C2025Q4T11,VIC1-NSW1,VIC1,1,15495.10,,A202506
D,RESIDUE_PRICE_BID,,1,C2027Q3T04,VIC1-NSW1,VIC1,1,15490.90,,A202506
D,RESIDUE_PRICE_BID,,1,C2028Q1T02,VIC1-NSW1,VIC1,1,15481.92,,A202506
D,RESIDUE_PRICE_BID,,1,C2026Q4T07,VIC1-NSW1,VIC1,1,15450.16,,A202506
D,RESIDUE_PRICE_BID,,1,C2026Q2T09,VIC1-NSW1,VIC1,1,15450.03,,A202506
D,RESIDUE_PRICE_BID,,1,C2026Q4T07,VIC1-NSW1,VIC1,10,15435,,A202506
D,RESIDUE_PRICE_BID,,1,C2027Q2T05,VIC1-NSW1,VIC1,5,15432.22,,A202506
D,RESIDUE_PRICE_BID,,1,C2026Q2T09,VIC1-NSW1,VIC1,5,15432.22,,A202506
D,RESIDUE_PRICE_BID,,1,C2026Q3T08,VIC1-NSW1,VIC1,4,15400.90,,A202506
D,RESIDUE_PRICE_BID,,1,C2027Q2T05,VIC1-NSW1,VIC1,1,15380.90,,A202506
D,RESIDUE_PRICE_BID,,1,C2025Q3T12,VIC1-NSW1,VIC1,4,15360.90,,A202506
D,RESIDUE_PRICE_BID,,1,C2026Q1T10,VIC1-NSW1,VIC1,1,15359.80,,A202506
D,RESIDUE_PRICE_BID,,1,C2027Q3T04,VIC1-NSW1,VIC1,1,15359.80,,A202506
D,RESIDUE_PRICE_BID,,1,C2027Q1T06,VIC1-NSW1,VIC1,1,15355.52,,A202506
D,RESIDUE_PRICE_BID,,1,C2028Q2T01,VIC1-NSW1,VIC1,5,15332.22,,A202506
D,RESIDUE_PRICE_BID,,1,C2027Q3T04,VIC1-NSW1,VIC1,1,15330.90,,A202506
D,RESIDUE_PRICE_BID,,1,C2026Q3T08,VIC1-NSW1,VIC1,1,15314.96,,A202506
D,RESIDUE_PRICE_BID,,1,C2028Q2T01,VIC1-NSW1,VIC1,8,15303,,A202506
D,RESIDUE_PRICE_BID,,1,C2028Q2T01,VIC1-NSW1,VIC1,10,15303,,A202506
D,RESIDUE_PRICE_BID,,1,C2026Q1T10,VIC1-NSW1,VIC1,20,15298.78,,A202506
D,RESIDUE_PRICE_BID,,1,C2027Q2T05,VIC1-NSW1,VIC1,2,15288,,A202506
D,RESIDUE_PRICE_BID,,1,C2027Q2T05,VIC1-NSW1,VIC1,1,15281.58,,A202506
D,RESIDUE_PRICE_BID,,1,C2027Q2T05,VIC1-NSW1,VIC1,1,15260.90,,A202506
D,RESIDUE_PRICE_BID,,1,C2026Q1T10,VIC1-NSW1,VIC1,4,15240.90,,A202506
D,RESIDUE_PRICE_BID,,1,C2028Q2T01,VIC1-NSW1,VIC1,1,15232.44,,A202506
D,RESIDUE_PRICE_BID,,1,C2027Q4T03,VIC1-NSW1,VIC1,1,15232.44,,A202506
D,RESIDUE_PRICE_BID,,1,C2025Q4T11,VIC1-NSW1,VIC1,1,15216.74,,A202506
D,RESIDUE_PRICE_BID,,1,C2027Q2T05,VIC1-NSW1,VIC1,6,15202,,A202506
D,RESIDUE_PRICE_BID,,1,C2026Q2T09,VIC1-NSW1,VIC1,5,15200.90,,A202506
D,RESIDUE_PRICE_BID,,1,C2028Q2T01,VIC1-NSW1,VIC1,25,15190,,A202506
D,RESIDUE_PRICE_BID,,1,C2026Q4T07,VIC1-NSW1,VIC1,1,15186.80,,A202506
D,RESIDUE_PRICE_BID,,1,C2027Q1T06,VIC1-NSW1,VIC1,25,15176.1060,,A202506
D,RESIDUE_PRICE_BID,,1,C2027Q1T06,VIC1-NSW1,VIC1,10,15176.10,,A202506
D,RESIDUE_PRICE_BID,,1,C2027Q3T04,VIC1-NSW1,VIC1,1,15170.90,,A202506
D,RESIDUE_PRICE_BID,,1,C2028Q1T02,VIC1-NSW1,VIC1,1,15159.38,,A202506
D,RESIDUE_PRICE_BID,,1,C2026Q2T09,VIC1-NSW1,VIC1,1,15156.68,,A202506
D,RESIDUE_PRICE_BID,,1,C2025Q4T11,VIC1-NSW1,VIC1,2,15144,,A202506
D,RESIDUE_PRICE_BID,,1,C2027Q2T05,VIC1-NSW1,VIC1,1,15140.90,,A202506
D,RESIDUE_PRICE_BID,,1,C2025Q4T11,VIC1-NSW1,VIC1,5,15140.90,,A202506
D,RESIDUE_PRICE_BID,,1,C2025Q3T12,VIC1-NSW1,VIC1,4,15137,,A202506
D,RESIDUE_PRICE_BID,,1,C2025Q4T11,VIC1-NSW1,VIC1,20,15128.16,,A202506
D,RESIDUE_PRICE_BID,,1,C2027Q2T05,VIC1-NSW1,VIC1,18,15108.1920,,A202506
D,RESIDUE_PRICE_BID,,1,C2026Q3T08,VIC1-NSW1,VIC1,4,15100.90,,A202506
D,RESIDUE_PRICE_BID,,1,C2026Q1T10,VIC1-NSW1,VIC1,5,15100.229830,,A202506
D,RESIDUE_PRICE_BID,,1,C2027Q1T06,VIC1-NSW1,VIC1,1,15098.16,,A202506
D,RESIDUE_PRICE_BID,,1,C2027Q1T06,VIC1-NSW1,VIC1,2,15096,,A202506
D,RESIDUE_PRICE_BID,,1,C2026Q1T10,VIC1-NSW1,VIC1,1,15093.45,,A202506
D,RESIDUE_PRICE_BID,,1,C2027Q3T04,VIC1-NSW1,VIC1,1,15093.45,,A202506
D,RESIDUE_PRICE_BID,,1,C2027Q2T05,VIC1-NSW1,VIC1,4,15074,,A202506
D,RESIDUE_PRICE_BID,,1,C2025Q3T12,VIC1-NSW1,VIC1,4,15040.90,,A202506
D,RESIDUE_PRICE_BID,,1,C2027Q2T05,VIC1-NSW1,VIC1,1,15037.72,,A202506
D,RESIDUE_PRICE_BID,,1,C2026Q4T07,VIC1-NSW1,VIC1,2,15029,,A202506
D,RESIDUE_PRICE_BID,,1,C2027Q2T05,VIC1-NSW1,VIC1,1,15020.90,,A202506
D,RESIDUE_PRICE_BID,,1,C2026Q3T08,VIC1-NSW1,VIC1,1,15012.50,,A202506
D,RESIDUE_PRICE_BID,,1,C2025Q3T12,VIC1-NSW1,VIC1,1,15012.50,,A202506
D,RESIDUE_PRICE_BID,,1,C2027Q3T04,VIC1-NSW1,VIC1,1,15012.50,,A202506
D,RESIDUE_PRICE_BID,,1,C2027Q3T04,VIC1-NSW1,VIC1,1,15010.90,,A202506
D,RESIDUE_PRICE_BID,,1,C2026Q3T08,VIC1-NSW1,VIC1,1,15006.61,,A202506
D,RESIDUE_PRICE_BID,,1,C2026Q4T07,VIC1-NSW1,VIC1,10,15006.25,,A202506
D,RESIDUE_PRICE_BID,,1,C2027Q1T06,VIC1-NSW1,VIC1,1,15000.90,,A202506
D,RESIDUE_PRICE_BID,,1,C2028Q1T02,VIC1-NSW1,VIC1,10,14998.88,,A202506
D,RESIDUE_PRICE_BID,,1,C2027Q4T03,VIC1-NSW1,VIC1,10,14987.78,,A202506
D,RESIDUE_PRICE_BID,,1,C2028Q2T01,VIC1-NSW1,VIC1,4,14955,,A202506
D,RESIDUE_PRICE_BID,,1,C2025Q4T11,VIC1-NSW1,VIC1,1,14938.38,,A202506
D,RESIDUE_PRICE_BID,,1,C2026Q4T07,VIC1-NSW1,VIC1,1,14923.45,,A202506
D,RESIDUE_PRICE_BID,,1,C2027Q1T06,VIC1-NSW1,VIC1,1,14920.90,,A202506
D,RESIDUE_PRICE_BID,,1,C2026Q3T08,VIC1-NSW1,VIC1,10,14920.50,,A202506
D,RESIDUE_PRICE_BID,,1,C2027Q4T03,VIC1-NSW1,VIC1,1,14901.30,,A202506
D,RESIDUE_PRICE_BID,,1,C2028Q2T01,VIC1-NSW1,VIC1,1,14901.30,,A202506
D,RESIDUE_PRICE_BID,,1,C2027Q2T05,VIC1-NSW1,VIC1,1,14900.90,,A202506
D,RESIDUE_PRICE_BID,,1,C2026Q2T09,VIC1-NSW1,VIC1,1,14863.32,,A202506
D,RESIDUE_PRICE_BID,,1,C2027Q3T04,VIC1-NSW1,VIC1,1,14850.90,,A202506
D,RESIDUE_PRICE_BID,,1,C2027Q1T06,VIC1-NSW1,VIC1,1,14840.90,,A202506
D,RESIDUE_PRICE_BID,,1,C2026Q2T09,VIC1-NSW1,VIC1,5,14840.90,,A202506
D,RESIDUE_PRICE_BID,,1,C2027Q1T06,VIC1-NSW1,VIC1,1,14840.80,,A202506
D,RESIDUE_PRICE_BID,,1,C2028Q1T02,VIC1-NSW1,VIC1,1,14836.84,,A202506
D,RESIDUE_PRICE_BID,,1,C2026Q1T10,VIC1-NSW1,VIC1,1,14827.10,,A202506
D,RESIDUE_PRICE_BID,,1,C2027Q3T04,VIC1-NSW1,VIC1,1,14827.10,,A202506
D,RESIDUE_PRICE_BID,,1,C2026Q3T08,VIC1-NSW1,VIC1,4,14800.90,,A202506
D,RESIDUE_PRICE_BID,,1,C2026Q1T10,VIC1-NSW1,VIC1,4,14800.90,,A202506
D,RESIDUE_PRICE_BID,,1,C2026Q4T07,VIC1-NSW1,VIC1,15,14800.57,,A202506
D,RESIDUE_PRICE_BID,,1,C2027Q2T05,VIC1-NSW1,VIC1,1,14793.87,,A202506
D,RESIDUE_PRICE_BID,,1,C2027Q2T05,VIC1-NSW1,VIC1,1,14780.90,,A202506
D,RESIDUE_PRICE_BID,,1,C2027Q1T06,VIC1-NSW1,VIC1,1,14760.90,,A202506
D,RESIDUE_PRICE_BID,,1,C2027Q1T06,VIC1-NSW1,VIC1,10,14754.55,,A202506
D,RESIDUE_PRICE_BID,,1,C2025Q3T12,VIC1-NSW1,VIC1,4,14720.90,,A202506
D,RESIDUE_PRICE_BID,,1,C2025Q4T11,VIC1-NSW1,VIC1,5,14720.90,,A202506
D,RESIDUE_PRICE_BID,,1,C2026Q3T08,VIC1-NSW1,VIC1,1,14698.26,,A202506
D,RESIDUE_PRICE_BID,,1,C2027Q3T04,VIC1-NSW1,VIC1,1,14690.90,,A202506
D,RESIDUE_PRICE_BID,,1,C2027Q1T06,VIC1-NSW1,VIC1,1,14680.90,,A202506
D,RESIDUE_PRICE_BID,,1,C2027Q2T05,VIC1-NSW1,VIC1,1,14660.90,,A202506
D,RESIDUE_PRICE_BID,,1,C2026Q4T07,VIC1-NSW1,VIC1,1,14660.10,,A202506
D,RESIDUE_PRICE_BID,,1,C2025Q4T11,VIC1-NSW1,VIC1,1,14660.03,,A202506
D,RESIDUE_PRICE_BID,,1,C2027Q3T04,VIC1-NSW1,VIC1,10,14642.40,,A202506
D,RESIDUE_PRICE_BID,,1,C2027Q1T06,VIC1-NSW1,VIC1,1,14600.90,,A202506
D,RESIDUE_PRICE_BID,,1,C2028Q1T02,VIC1-NSW1,VIC1,10,14593.50,,A202506
D,RESIDUE_PRICE_BID,,1,C2028Q1T02,VIC1-NSW1,VIC1,25,14593.50,,A202506
D,RESIDUE_PRICE_BID,,1,C2027Q1T06,VIC1-NSW1,VIC1,1,14583.45,,A202506
D,RESIDUE_PRICE_BID,,1,C2027Q4T03,VIC1-NSW1,VIC1,25,14582.70,,A202506
D,RESIDUE_PRICE_BID,,1,C2027Q4T03,VIC1-NSW1,VIC1,10,14582.70,,A202506
D,RESIDUE_PRICE_BID,,1,C2026Q4T07,VIC1-NSW1,VIC1,20,14577.50,,A202506
D,RESIDUE_PRICE_BID,,1,C2027Q4T03,VIC1-NSW1,VIC1,1,14570.16,,A202506
D,RESIDUE_PRICE_BID,,1,C2028Q2T01,VIC1-NSW1,VIC1,1,14570.16,,A202506
D,RESIDUE_PRICE_BID,,1,C2026Q2T09,VIC1-NSW1,VIC1,1,14569.96,,A202506
D,RESIDUE_PRICE_BID,,1,C2027Q3T04,VIC1-NSW1,VIC1,1,14560.74,,A202506
D,RESIDUE_PRICE_BID,,1,C2026Q1T10,VIC1-NSW1,VIC1,1,14560.74,,A202506
D,RESIDUE_PRICE_BID,,1,C2027Q2T05,VIC1-NSW1,VIC1,10,14557.37,,A202506
D,RESIDUE_PRICE_BID,,1,C2028Q2T01,VIC1-NSW1,VIC1,10,14557.37,,A202506
D,RESIDUE_PRICE_BID,,1,C2026Q1T10,VIC1-NSW1,VIC1,2,14552,,A202506
D,RESIDUE_PRICE_BID,,1,C2027Q2T05,VIC1-NSW1,VIC1,1,14550.02,,A202506
D,RESIDUE_PRICE_BID,,1,C2027Q2T05,VIC1-NSW1,VIC1,1,14540.90,,A202506
D,RESIDUE_PRICE_BID,,1,C2027Q3T04,VIC1-NSW1,VIC1,1,14530.90,,A202506
D,RESIDUE_PRICE_BID,,1,C2025Q3T12,VIC1-NSW1,VIC1,15,14526.02,,A202506
D,RESIDUE_PRICE_BID,,1,C2027Q1T06,VIC1-NSW1,VIC1,1,14520.90,,A202506
D,RESIDUE_PRICE_BID,,1,C2028Q1T02,VIC1-NSW1,VIC1,1,14514.30,,A202506
D,RESIDUE_PRICE_BID,,1,C2027Q1T06,VIC1-NSW1,VIC1,10,14503.17,,A202506
D,RESIDUE_PRICE_BID,,1,C2028Q1T02,VIC1-NSW1,VIC1,10,14503.17,,A202506
D,RESIDUE_PRICE_BID,,1,C2025Q3T12,VIC1-NSW1,VIC1,8,14503,,A202506
D,RESIDUE_PRICE_BID,,1,C2026Q3T08,VIC1-NSW1,VIC1,10,14503,,A202506
D,RESIDUE_PRICE_BID,,1,C2026Q3T08,VIC1-NSW1,VIC1,8,14503,,A202506
D,RESIDUE_PRICE_BID,,1,C2025Q3T12,VIC1-NSW1,VIC1,10,14503,,A202506
D,RESIDUE_PRICE_BID,,1,C2026Q3T08,VIC1-NSW1,VIC1,4,14500.90,,A202506
D,RESIDUE_PRICE_BID,,1,C2026Q4T07,VIC1-NSW1,VIC1,10,14500.90,,A202506
D,RESIDUE_PRICE_BID,,1,C2028Q1T02,VIC1-NSW1,VIC1,1,14500.90,,A202506
D,RESIDUE_PRICE_BID,,1,C2025Q3T12,VIC1-NSW1,VIC1,2,14500,,A202506
D,RESIDUE_PRICE_BID,,1,C2026Q1T10,VIC1-NSW1,VIC1,2,14500,,A202506
D,RESIDUE_PRICE_BID,,1,C2026Q2T09,VIC1-NSW1,VIC1,5,14480.90,,A202506
D,RESIDUE_PRICE_BID,,1,C2027Q4T03,VIC1-NSW1,VIC1,2,14466,,A202506
D,RESIDUE_PRICE_BID,,1,C2027Q1T06,VIC1-NSW1,VIC1,1,14440.90,,A202506
D,RESIDUE_PRICE_BID,,1,C2027Q2T05,VIC1-NSW1,VIC1,1,14420.90,,A202506
D,RESIDUE_PRICE_BID,,1,C2028Q1T02,VIC1-NSW1,VIC1,1,14420.90,,A202506
D,RESIDUE_PRICE_BID,,1,C2025Q3T12,VIC1-NSW1,VIC1,4,14400.90,,A202506
D,RESIDUE_PRICE_BID,,1,C2026Q4T07,VIC1-NSW1,VIC1,1,14396.74,,A202506
D,RESIDUE_PRICE_BID,,1,C2026Q3T08,VIC1-NSW1,VIC1,1,14389.90,,A202506
D,RESIDUE_PRICE_BID,,1,C2025Q4T11,VIC1-NSW1,VIC1,1,14381.68,,A202506
D,RESIDUE_PRICE_BID,,1,C2027Q3T04,VIC1-NSW1,VIC1,1,14370.90,,A202506
D,RESIDUE_PRICE_BID,,1,C2027Q1T06,VIC1-NSW1,VIC1,1,14360.90,,A202506
D,RESIDUE_PRICE_BID,,1,C2026Q1T10,VIC1-NSW1,VIC1,4,14360.90,,A202506
D,RESIDUE_PRICE_BID,,1,C2028Q1T02,VIC1-NSW1,VIC1,1,14340.90,,A202506
D,RESIDUE_PRICE_BID,,1,C2027Q1T06,VIC1-NSW1,VIC1,20,14332.99,,A202506
D,RESIDUE_PRICE_BID,,1,C2027Q1T06,VIC1-NSW1,VIC1,1,14326.10,,A202506
D,RESIDUE_PRICE_BID,,1,C2027Q2T05,VIC1-NSW1,VIC1,1,14306.16,,A202506
D,RESIDUE_PRICE_BID,,1,C2025Q4T11,VIC1-NSW1,VIC1,5,14300.90,,A202506
D,RESIDUE_PRICE_BID,,1,C2027Q2T05,VIC1-NSW1,VIC1,1,14300.90,,A202506
D,RESIDUE_PRICE_BID,,1,C2026Q1T10,VIC1-NSW1,VIC1,5,14300.22,,A202506
D,RESIDUE_PRICE_BID,,1,C2026Q1T10,VIC1-NSW1,VIC1,1,14294.38,,A202506
D,RESIDUE_PRICE_BID,,1,C2027Q3T04,VIC1-NSW1,VIC1,1,14294.38,,A202506
D,RESIDUE_PRICE_BID,,1,C2027Q1T06,VIC1-NSW1,VIC1,1,14280.90,,A202506
D,RESIDUE_PRICE_BID,,1,C2026Q2T09,VIC1-NSW1,VIC1,1,14276.61,,A202506
D,RESIDUE_PRICE_BID,,1,C2027Q3T04,VIC1-NSW1,VIC1,31,14276.34,,A202506
D,RESIDUE_PRICE_BID,,1,C2028Q1T02,VIC1-NSW1,VIC1,1,14260.90,,A202506
D,RESIDUE_PRICE_BID,,1,C2025Q4T11,VIC1-NSW1,VIC1,2,14253,,A202506
D,RESIDUE_PRICE_BID,,1,C2025Q3T12,VIC1-NSW1,VIC1,4,14246,,A202506
D,RESIDUE_PRICE_BID,,1,C2028Q2T01,VIC1-NSW1,VIC1,1,14239.02,,A202506
D,RESIDUE_PRICE_BID,,1,C2027Q4T03,VIC1-NSW1,VIC1,1,14239.02,,A202506
D,RESIDUE_PRICE_BID,,1,C2028Q1T02,VIC1-NSW1,VIC1,2,14224.963840,,A202506
D,RESIDUE_PRICE_BID,,1,C2027Q1T06,VIC1-NSW1,VIC1,2,14224.963840,,A202506
D,RESIDUE_PRICE_BID,,1,C2027Q3T04,VIC1-NSW1,VIC1,1,14210.90,,A202506
D,RESIDUE_PRICE_BID,,1,C2027Q1T06,VIC1-NSW1,VIC1,1,14200.90,,A202506
D,RESIDUE_PRICE_BID,,1,C2026Q3T08,VIC1-NSW1,VIC1,4,14200.90,,A202506
D,RESIDUE_PRICE_BID,,1,C2028Q1T02,VIC1-NSW1,VIC1,1,14191.76,,A202506
D,RESIDUE_PRICE_BID,,1,C2028Q1T02,VIC1-NSW1,VIC1,10,14188.13,,A202506
D,RESIDUE_PRICE_BID,,1,C2027Q2T05,VIC1-NSW1,VIC1,4,14187,,A202506
D,RESIDUE_PRICE_BID,,1,C2028Q1T02,VIC1-NSW1,VIC1,1,14180.90,,A202506
D,RESIDUE_PRICE_BID,,1,C2027Q2T05,VIC1-NSW1,VIC1,1,14180.90,,A202506
D,RESIDUE_PRICE_BID,,1,C2027Q4T03,VIC1-NSW1,VIC1,10,14177.63,,A202506
D,RESIDUE_PRICE_BID,,1,C2027Q2T05,VIC1-NSW1,VIC1,10,14163.93,,A202506
D,RESIDUE_PRICE_BID,,1,C2028Q2T01,VIC1-NSW1,VIC1,10,14163.93,,A202506
D,RESIDUE_PRICE_BID,,1,C2026Q4T07,VIC1-NSW1,VIC1,1,14133.38,,A202506
D,RESIDUE_PRICE_BID,,1,C2026Q2T09,VIC1-NSW1,VIC1,10,14126.11,,A202506
D,RESIDUE_PRICE_BID,,1,C2027Q1T06,VIC1-NSW1,VIC1,1,14120.90,,A202506
D,RESIDUE_PRICE_BID,,1,C2026Q2T09,VIC1-NSW1,VIC1,5,14120.90,,A202506
D,RESIDUE_PRICE_BID,,1,C2025Q4T11,VIC1-NSW1,VIC1,5,14109.12,,A202506
D,RESIDUE_PRICE_BID,,1,C2025Q4T11,VIC1-NSW1,VIC1,1,14103.32,,A202506
D,RESIDUE_PRICE_BID,,1,C2028Q1T02,VIC1-NSW1,VIC1,1,14100.90,,A202506
D,RESIDUE_PRICE_BID,,1,C2026Q3T08,VIC1-NSW1,VIC1,1,14081.55,,A202506
D,RESIDUE_PRICE_BID,,1,C2025Q3T12,VIC1-NSW1,VIC1,4,14080.90,,A202506
D,RESIDUE_PRICE_BID,,1,C2027Q1T06,VIC1-NSW1,VIC1,1,14068.74,,A202506
D,RESIDUE_PRICE_BID,,1,C2027Q2T05,VIC1-NSW1,VIC1,1,14062.30,,A202506
D,RESIDUE_PRICE_BID,,1,C2027Q2T05,VIC1-NSW1,VIC1,1,14060.90,,A202506
D,RESIDUE_PRICE_BID,,1,C2027Q3T04,VIC1-NSW1,VIC1,1,14050.90,,A202506
D,RESIDUE_PRICE_BID,,1,C2027Q1T06,VIC1-NSW1,VIC1,1,14040.90,,A202506
D,RESIDUE_PRICE_BID,,1,C2027Q3T04,VIC1-NSW1,VIC1,10,14033.83,,A202506
D,RESIDUE_PRICE_BID,,1,C2027Q3T04,VIC1-NSW1,VIC1,1,14028.03,,A202506
D,RESIDUE_PRICE_BID,,1,C2026Q1T10,VIC1-NSW1,VIC1,1,14028.03,,A202506
D,RESIDUE_PRICE_BID,,1,C2028Q1T02,VIC1-NSW1,VIC1,1,14020.90,,A202506
D,RESIDUE_PRICE_BID,,1,C2028Q2T01,VIC1-NSW1,VIC1,4,14020,,A202506
D,RESIDUE_PRICE_BID,,1,C2028Q2T01,VIC1-NSW1,VIC1,4,14000.90,,A202506
D,RESIDUE_PRICE_BID,,1,C2027Q1T06,VIC1-NSW1,VIC1,4,13992,,A202506
D,RESIDUE_PRICE_BID,,1,C2026Q2T09,VIC1-NSW1,VIC1,1,13983.26,,A202506
D,RESIDUE_PRICE_BID,,1,C2026Q4T07,VIC1-NSW1,VIC1,5,13976.64,,A202506
D,RESIDUE_PRICE_BID,,1,C2027Q1T06,VIC1-NSW1,VIC1,1,13960.90,,A202506
D,RESIDUE_PRICE_BID,,1,C2028Q2T01,VIC1-NSW1,VIC1,25,13950,,A202506
D,RESIDUE_PRICE_BID,,1,C2027Q2T05,VIC1-NSW1,VIC1,1,13940.90,,A202506
D,RESIDUE_PRICE_BID,,1,C2028Q1T02,VIC1-NSW1,VIC1,1,13940.90,,A202506
D,RESIDUE_PRICE_BID,,1,C2026Q3T08,VIC1-NSW1,VIC1,25,13925.80,,A202506
D,RESIDUE_PRICE_BID,,1,C2026Q1T10,VIC1-NSW1,VIC1,4,13920.90,,A202506
D,RESIDUE_PRICE_BID,,1,C2027Q4T03,VIC1-NSW1,VIC1,1,13907.88,,A202506
D,RESIDUE_PRICE_BID,,1,C2028Q2T01,VIC1-NSW1,VIC1,1,13907.88,,A202506
D,RESIDUE_PRICE_BID,,1,C2026Q4T07,VIC1-NSW1,VIC1,2,13902,,A202506
D,RESIDUE_PRICE_BID,,1,C2026Q3T08,VIC1-NSW1,VIC1,4,13900.90,,A202506
D,RESIDUE_PRICE_BID,,1,C2027Q3T04,VIC1-NSW1,VIC1,1,13890.90,,A202506
D,RESIDUE_PRICE_BID,,1,C2025Q4T11,VIC1-NSW1,VIC1,31,13882.3074,,A202506
D,RESIDUE_PRICE_BID,,1,C2025Q4T11,VIC1-NSW1,VIC1,5,13880.90,,A202506
D,RESIDUE_PRICE_BID,,1,C2027Q1T06,VIC1-NSW1,VIC1,1,13880.90,,A202506
D,RESIDUE_PRICE_BID,,1,C2025Q4T11,VIC1-NSW1,VIC1,5,13879,,A202506
D,RESIDUE_PRICE_BID,,1,C2027Q1T06,VIC1-NSW1,VIC1,2,13872,,A202506
D,RESIDUE_PRICE_BID,,1,C2026Q4T07,VIC1-NSW1,VIC1,1,13870.03,,A202506
D,RESIDUE_PRICE_BID,,1,C2028Q1T02,VIC1-NSW1,VIC1,1,13869.22,,A202506
D,RESIDUE_PRICE_BID,,1,C2028Q1T02,VIC1-NSW1,VIC1,1,13860.90,,A202506
D,RESIDUE_PRICE_BID,,1,C2026Q1T10,VIC1-NSW1,VIC1,2,13850,,A202506
D,RESIDUE_PRICE_BID,,1,C2025Q3T12,VIC1-NSW1,VIC1,2,13850,,A202506
D,RESIDUE_PRICE_BID,,1,C2025Q4T11,VIC1-NSW1,VIC1,1,13824.96,,A202506
D,RESIDUE_PRICE_BID,,1,C2027Q2T05,VIC1-NSW1,VIC1,1,13820.90,,A202506
D,RESIDUE_PRICE_BID,,1,C2027Q2T05,VIC1-NSW1,VIC1,1,13818.45,,A202506
D,RESIDUE_PRICE_BID,,1,C2027Q1T06,VIC1-NSW1,VIC1,1,13811.38,,A202506
D,RESIDUE_PRICE_BID,,1,C2027Q1T06,VIC1-NSW1,VIC1,1,13800.90,,A202506
D,RESIDUE_PRICE_BID,,1,C2028Q1T02,VIC1-NSW1,VIC1,20,13782.75,,A202506
D,RESIDUE_PRICE_BID,,1,C2028Q1T02,VIC1-NSW1,VIC1,1,13780.90,,A202506
D,RESIDUE_PRICE_BID,,1,C2026Q3T08,VIC1-NSW1,VIC1,1,13773.19,,A202506
D,RESIDUE_PRICE_BID,,1,C2027Q4T03,VIC1-NSW1,VIC1,20,13772.55,,A202506
D,RESIDUE_PRICE_BID,,1,C2027Q2T05,VIC1-NSW1,VIC1,10,13770.49,,A202506
D,RESIDUE_PRICE_BID,,1,C2028Q2T01,VIC1-NSW1,VIC1,10,13770.49,,A202506
D,RESIDUE_PRICE_BID,,1,C2028Q1T02,VIC1-NSW1,VIC1,2,13768,,A202506
D,RESIDUE_PRICE_BID,,1,C2027Q3T04,VIC1-NSW1,VIC1,1,13761.68,,A202506
D,RESIDUE_PRICE_BID,,1,C2026Q1T10,VIC1-NSW1,VIC1,1,13761.68,,A202506
D,RESIDUE_PRICE_BID,,1,C2025Q3T12,VIC1-NSW1,VIC1,4,13760.90,,A202506
D,RESIDUE_PRICE_BID,,1,C2026Q2T09,VIC1-NSW1,VIC1,5,13760.90,,A202506
D,RESIDUE_PRICE_BID,,1,C2027Q3T04,VIC1-NSW1,VIC1,1,13730.90,,A202506
D,RESIDUE_PRICE_BID,,1,C2027Q1T06,VIC1-NSW1,VIC1,1,13720.90,,A202506
D,RESIDUE_PRICE_BID,,1,C2028Q1T02,VIC1-NSW1,VIC1,1,13700.90,,A202506
D,RESIDUE_PRICE_BID,,1,C2027Q2T05,VIC1-NSW1,VIC1,1,13700.90,,A202506
D,RESIDUE_PRICE_BID,,1,C2026Q1T10,VIC1-NSW1,VIC1,2,13696,,A202506
D,RESIDUE_PRICE_BID,,1,C2026Q2T09,VIC1-NSW1,VIC1,1,13689.90,,A202506
D,RESIDUE_PRICE_BID,,1,C2026Q3T08,VIC1-NSW1,VIC1,5,13681.117170,,A202506
D,RESIDUE_PRICE_BID,,1,C2026Q4T07,VIC1-NSW1,VIC1,10,13650.90,,A202506
D,RESIDUE_PRICE_BID,,1,C2027Q1T06,VIC1-NSW1,VIC1,1,13640.90,,A202506
D,RESIDUE_PRICE_BID,,1,C2028Q2T01,VIC1-NSW1,VIC1,4,13640.90,,A202506
D,RESIDUE_PRICE_BID,,1,C2028Q1T02,VIC1-NSW1,VIC1,1,13620.90,,A202506
D,RESIDUE_PRICE_BID,,1,C2026Q4T07,VIC1-NSW1,VIC1,1,13606.68,,A202506
D,RESIDUE_PRICE_BID,,1,C2027Q4T03,VIC1-NSW1,VIC1,15,13601.77,,A202506
D,RESIDUE_PRICE_BID,,1,C2026Q3T08,VIC1-NSW1,VIC1,4,13600.90,,A202506
D,RESIDUE_PRICE_BID,,1,C2027Q2T05,VIC1-NSW1,VIC1,1,13580.90,,A202506
D,RESIDUE_PRICE_BID,,1,C2027Q4T03,VIC1-NSW1,VIC1,1,13576.74,,A202506
D,RESIDUE_PRICE_BID,,1,C2028Q2T01,VIC1-NSW1,VIC1,1,13576.74,,A202506
D,RESIDUE_PRICE_BID,,1,C2027Q2T05,VIC1-NSW1,VIC1,1,13574.60,,A202506
D,RESIDUE_PRICE_BID,,1,C2027Q3T04,VIC1-NSW1,VIC1,1,13570.90,,A202506
D,RESIDUE_PRICE_BID,,1,C2027Q1T06,VIC1-NSW1,VIC1,1,13560.90,,A202506
D,RESIDUE_PRICE_BID,,1,C2027Q1T06,VIC1-NSW1,VIC1,1,13554.03,,A202506
D,RESIDUE_PRICE_BID,,1,C2028Q1T02,VIC1-NSW1,VIC1,1,13546.68,,A202506
D,RESIDUE_PRICE_BID,,1,C2025Q4T11,VIC1-NSW1,VIC1,1,13546.61,,A202506
D,RESIDUE_PRICE_BID,,1,C2028Q1T02,VIC1-NSW1,VIC1,1,13540.90,,A202506
D,RESIDUE_PRICE_BID,,1,C2028Q2T01,VIC1-NSW1,VIC1,8,13503,,A202506
D,RESIDUE_PRICE_BID,,1,C2028Q2T01,VIC1-NSW1,VIC1,10,13503,,A202506
D,RESIDUE_PRICE_BID,,1,C2027Q4T03,VIC1-NSW1,VIC1,10,13500.90,,A202506
D,RESIDUE_PRICE_BID,,1,C2027Q1T06,VIC1-NSW1,VIC1,10,13500.22,,A202506
D,RESIDUE_PRICE_BID,,1,C2028Q1T02,VIC1-NSW1,VIC1,15,13500.22,,A202506
D,RESIDUE_PRICE_BID,,1,C2026Q1T10,VIC1-NSW1,VIC1,10,13498.92,,A202506
D,RESIDUE_PRICE_BID,,1,C2027Q3T04,VIC1-NSW1,VIC1,1,13495.32,,A202506
D,RESIDUE_PRICE_BID,,1,C2026Q1T10,VIC1-NSW1,VIC1,1,13495.32,,A202506
D,RESIDUE_PRICE_BID,,1,C2027Q1T06,VIC1-NSW1,VIC1,10,13489.87,,A202506
D,RESIDUE_PRICE_BID,,1,C2026Q1T10,VIC1-NSW1,VIC1,4,13480.90,,A202506
D,RESIDUE_PRICE_BID,,1,C2027Q1T06,VIC1-NSW1,VIC1,1,13480.90,,A202506
D,RESIDUE_PRICE_BID,,1,C2026Q3T08,VIC1-NSW1,VIC1,1,13464.84,,A202506
D,RESIDUE_PRICE_BID,,1,C2027Q2T05,VIC1-NSW1,VIC1,1,13460.90,,A202506
D,RESIDUE_PRICE_BID,,1,C2025Q4T11,VIC1-NSW1,VIC1,5,13460.90,,A202506
D,RESIDUE_PRICE_BID,,1,C2028Q1T02,VIC1-NSW1,VIC1,1,13460.90,,A202506
D,RESIDUE_PRICE_BID,,1,C2025Q3T12,VIC1-NSW1,VIC1,4,13440.90,,A202506
D,RESIDUE_PRICE_BID,,1,C2026Q3T08,VIC1-NSW1,VIC1,15,13428.45,,A202506
D,RESIDUE_PRICE_BID,,1,C2027Q3T04,VIC1-NSW1,VIC1,1,13410.90,,A202506
D,RESIDUE_PRICE_BID,,1,C2025Q4T11,VIC1-NSW1,VIC1,2,13409,,A202506
D,RESIDUE_PRICE_BID,,1,C2026Q2T09,VIC1-NSW1,VIC1,5,13400.90,,A202506
D,RESIDUE_PRICE_BID,,1,C2027Q1T06,VIC1-NSW1,VIC1,1,13400.90,,A202506
D,RESIDUE_PRICE_BID,,1,C2025Q4T11,VIC1-NSW1,VIC1,10,13400.33,,A202506
D,RESIDUE_PRICE_BID,,1,C2026Q2T09,VIC1-NSW1,VIC1,1,13396.55,,A202506
D,RESIDUE_PRICE_BID,,1,C2027Q4T03,VIC1-NSW1,VIC1,2,13381,,A202506
D,RESIDUE_PRICE_BID,,1,C2028Q1T02,VIC1-NSW1,VIC1,1,13380.90,,A202506
D,RESIDUE_PRICE_BID,,1,C2028Q2T01,VIC1-NSW1,VIC1,20,13377.05,,A202506
D,RESIDUE_PRICE_BID,,1,C2027Q2T05,VIC1-NSW1,VIC1,20,13377.05,,A202506
D,RESIDUE_PRICE_BID,,1,C2026Q4T07,VIC1-NSW1,VIC1,31,13377,,A202506
D,RESIDUE_PRICE_BID,,1,C2025Q4T11,VIC1-NSW1,VIC1,2,13362,,A202506
D,RESIDUE_PRICE_BID,,1,C2025Q3T12,VIC1-NSW1,VIC1,4,13356,,A202506
D,RESIDUE_PRICE_BID,,1,C2025Q4T11,VIC1-NSW1,VIC1,10,13348.37,,A202506
D,RESIDUE_PRICE_BID,,1,C2026Q4T07,VIC1-NSW1,VIC1,1,13343.32,,A202506
D,RESIDUE_PRICE_BID,,1,C2027Q2T05,VIC1-NSW1,VIC1,1,13340.90,,A202506
D,RESIDUE_PRICE_BID,,1,C2027Q2T05,VIC1-NSW1,VIC1,1,13330.74,,A202506
D,RESIDUE_PRICE_BID,,1,C2027Q1T06,VIC1-NSW1,VIC1,1,13320.90,,A202506
D,RESIDUE_PRICE_BID,,1,C2027Q2T05,VIC1-NSW1,VIC1,8,13303,,A202506
D,RESIDUE_PRICE_BID,,1,C2026Q2T09,VIC1-NSW1,VIC1,8,13303,,A202506
D,RESIDUE_PRICE_BID,,1,C2027Q2T05,VIC1-NSW1,VIC1,10,13303,,A202506
D,RESIDUE_PRICE_BID,,1,C2026Q2T09,VIC1-NSW1,VIC1,10,13303,,A202506
D,RESIDUE_PRICE_BID,,1,C2026Q3T08,VIC1-NSW1,VIC1,4,13300.90,,A202506
D,RESIDUE_PRICE_BID,,1,C2028Q1T02,VIC1-NSW1,VIC1,1,13300.90,,A202506
D,RESIDUE_PRICE_BID,,1,C2027Q2T05,VIC1-NSW1,VIC1,4,13300,,A202506
D,RESIDUE_PRICE_BID,,1,C2027Q1T06,VIC1-NSW1,VIC1,1,13296.68,,A202506
D,RESIDUE_PRICE_BID,,1,C2028Q2T01,VIC1-NSW1,VIC1,4,13280.90,,A202506
D,RESIDUE_PRICE_BID,,1,C2027Q3T04,VIC1-NSW1,VIC1,3,13280,,A202506
D,RESIDUE_PRICE_BID,,1,C2025Q4T11,VIC1-NSW1,VIC1,1,13268.26,,A202506
D,RESIDUE_PRICE_BID,,1,C2027Q4T03,VIC1-NSW1,VIC1,4,13250,,A202506
D,RESIDUE_PRICE_BID,,1,C2027Q4T03,VIC1-NSW1,VIC1,1,13245.60,,A202506
D,RESIDUE_PRICE_BID,,1,C2028Q2T01,VIC1-NSW1,VIC1,1,13245.60,,A202506
D,RESIDUE_PRICE_BID,,1,C2027Q1T06,VIC1-NSW1,VIC1,1,13240.90,,A202506
D,RESIDUE_PRICE_BID,,1,C2026Q1T10,VIC1-NSW1,VIC1,1,13228.96,,A202506
D,RESIDUE_PRICE_BID,,1,C2027Q3T04,VIC1-NSW1,VIC1,1,13228.96,,A202506
D,RESIDUE_PRICE_BID,,1,C2028Q1T02,VIC1-NSW1,VIC1,1,13224.14,,A202506
D,RESIDUE_PRICE_BID,,1,C2027Q2T05,VIC1-NSW1,VIC1,1,13220.90,,A202506
D,RESIDUE_PRICE_BID,,1,C2028Q1T02,VIC1-NSW1,VIC1,1,13220.90,,A202506
D,RESIDUE_PRICE_BID,,1,C2026Q1T10,VIC1-NSW1,VIC1,2,13200,,A202506
D,RESIDUE_PRICE_BID,,1,C2025Q3T12,VIC1-NSW1,VIC1,2,13200,,A202506
D,RESIDUE_PRICE_BID,,1,C2026Q2T09,VIC1-NSW1,VIC1,25,13184.3670,,A202506
D,RESIDUE_PRICE_BID,,1,C2027Q1T06,VIC1-NSW1,VIC1,1,13160.90,,A202506
D,RESIDUE_PRICE_BID,,1,C2026Q3T08,VIC1-NSW1,VIC1,1,13156.48,,A202506
D,RESIDUE_PRICE_BID,,1,C2028Q1T02,VIC1-NSW1,VIC1,1,13140.90,,A202506
D,RESIDUE_PRICE_BID,,1,C2025Q3T12,VIC1-NSW1,VIC1,4,13120.90,,A202506
D,RESIDUE_PRICE_BID,,1,C2026Q2T09,VIC1-NSW1,VIC1,1,13103.19,,A202506
D,RESIDUE_PRICE_BID,,1,C2027Q2T05,VIC1-NSW1,VIC1,1,13100.90,,A202506
D,RESIDUE_PRICE_BID,,1,C2027Q2T05,VIC1-NSW1,VIC1,1,13086.88,,A202506
D,RESIDUE_PRICE_BID,,1,C2027Q1T06,VIC1-NSW1,VIC1,1,13080.90,,A202506
D,RESIDUE_PRICE_BID,,1,C2026Q4T07,VIC1-NSW1,VIC1,1,13079.96,,A202506
D,RESIDUE_PRICE_BID,,1,C2025Q3T12,VIC1-NSW1,VIC1,10,13072.11,,A202506
D,RESIDUE_PRICE_BID,,1,C2028Q1T02,VIC1-NSW1,VIC1,1,13060.90,,A202506
D,RESIDUE_PRICE_BID,,1,C2027Q1T06,VIC1-NSW1,VIC1,2,13056,,A202506
D,RESIDUE_PRICE_BID,,1,C2026Q1T10,VIC1-NSW1,VIC1,4,13040.90,,A202506
D,RESIDUE_PRICE_BID,,1,C2026Q2T09,VIC1-NSW1,VIC1,5,13040.90,,A202506
D,RESIDUE_PRICE_BID,,1,C2025Q4T11,VIC1-NSW1,VIC1,5,13040.90,,A202506
D,RESIDUE_PRICE_BID,,1,C2027Q1T06,VIC1-NSW1,VIC1,1,13039.32,,A202506
D,RESIDUE_PRICE_BID,,1,C2027Q4T03,VIC1-NSW1,VIC1,10,13003,,A202506
D,RESIDUE_PRICE_BID,,1,C2026Q1T10,VIC1-NSW1,VIC1,8,13003,,A202506
D,RESIDUE_PRICE_BID,,1,C2026Q1T10,VIC1-NSW1,VIC1,10,13003,,A202506
D,RESIDUE_PRICE_BID,,1,C2028Q1T02,VIC1-NSW1,VIC1,8,13003,,A202506
D,RESIDUE_PRICE_BID,,1,C2028Q1T02,VIC1-NSW1,VIC1,10,13003,,A202506
D,RESIDUE_PRICE_BID,,1,C2027Q4T03,VIC1-NSW1,VIC1,8,13003,,A202506
D,RESIDUE_PRICE_BID,,1,C2027Q1T06,VIC1-NSW1,VIC1,10,13003,,A202506
D,RESIDUE_PRICE_BID,,1,C2027Q1T06,VIC1-NSW1,VIC1,8,13003,,A202506
D,RESIDUE_PRICE_BID,,1,C2026Q3T08,VIC1-NSW1,VIC1,4,13000.90,,A202506
D,RESIDUE_PRICE_BID,,1,C2027Q3T04,VIC1-NSW1,VIC1,4,13000.90,,A202506
D,RESIDUE_PRICE_BID,,1,C2025Q4T11,VIC1-NSW1,VIC1,1,12989.90,,A202506
D,RESIDUE_PRICE_BID,,1,C2028Q1T02,VIC1-NSW1,VIC1,1,12980.90,,A202506
D,RESIDUE_PRICE_BID,,1,C2027Q2T05,VIC1-NSW1,VIC1,1,12980.90,,A202506
D,RESIDUE_PRICE_BID,,1,C2028Q1T02,VIC1-NSW1,VIC1,2,12972,,A202506
D,RESIDUE_PRICE_BID,,1,C2028Q1T02,VIC1-NSW1,VIC1,10,12972,,A202506
D,RESIDUE_PRICE_BID,,1,C2026Q1T10,VIC1-NSW1,VIC1,1,12962.61,,A202506
D,RESIDUE_PRICE_BID,,1,C2027Q3T04,VIC1-NSW1,VIC1,1,12962.61,,A202506
D,RESIDUE_PRICE_BID,,1,C2027Q4T03,VIC1-NSW1,VIC1,10,12962.40,,A202506
D,RESIDUE_PRICE_BID,,1,C2028Q2T01,VIC1-NSW1,VIC1,4,12920.90,,A202506
D,RESIDUE_PRICE_BID,,1,C2027Q4T03,VIC1-NSW1,VIC1,1,12914.46,,A202506
D,RESIDUE_PRICE_BID,,1,C2028Q2T01,VIC1-NSW1,VIC1,1,12914.46,,A202506
D,RESIDUE_PRICE_BID,,1,C2025Q3T12,VIC1-NSW1,VIC1,25,12912.0120,,A202506
D,RESIDUE_PRICE_BID,,1,C2025Q3T12,VIC1-NSW1,VIC1,15,12912.01,,A202506
D,RESIDUE_PRICE_BID,,1,C2028Q1T02,VIC1-NSW1,VIC1,1,12901.60,,A202506
D,RESIDUE_PRICE_BID,,1,C2028Q1T02,VIC1-NSW1,VIC1,1,12900.90,,A202506
D,RESIDUE_PRICE_BID,,1,C2026Q4T07,VIC1-NSW1,VIC1,10,12862.50,,A202506
D,RESIDUE_PRICE_BID,,1,C2027Q2T05,VIC1-NSW1,VIC1,1,12860.90,,A202506
D,RESIDUE_PRICE_BID,,1,C2027Q2T05,VIC1-NSW1,VIC1,1,12843.03,,A202506
D,RESIDUE_PRICE_BID,,1,C2026Q1T10,VIC1-NSW1,VIC1,2,12840,,A202506
D,RESIDUE_PRICE_BID,,1,C2028Q1T02,VIC1-NSW1,VIC1,1,12820.90,,A202506
D,RESIDUE_PRICE_BID,,1,C2026Q4T07,VIC1-NSW1,VIC1,1,12816.61,,A202506
D,RESIDUE_PRICE_BID,,1,C2027Q3T04,VIC1-NSW1,VIC1,15,12812.10,,A202506
D,RESIDUE_PRICE_BID,,1,C2026Q2T09,VIC1-NSW1,VIC1,1,12809.84,,A202506
D,RESIDUE_PRICE_BID,,1,C2026Q4T07,VIC1-NSW1,VIC1,10,12800.90,,A202506
D,RESIDUE_PRICE_BID,,1,C2025Q3T12,VIC1-NSW1,VIC1,4,12800.90,,A202506
D,RESIDUE_PRICE_BID,,1,C2027Q1T06,VIC1-NSW1,VIC1,1,12781.96,,A202506
D,RESIDUE_PRICE_BID,,1,C2026Q4T07,VIC1-NSW1,VIC1,2,12775,,A202506
D,RESIDUE_PRICE_BID,,1,C2027Q2T05,VIC1-NSW1,VIC1,1,12740.90,,A202506
D,RESIDUE_PRICE_BID,,1,C2028Q1T02,VIC1-NSW1,VIC1,1,12740.90,,A202506
D,RESIDUE_PRICE_BID,,1,C2028Q1T02,VIC1-NSW1,VIC1,2,12735,,A202506
D,RESIDUE_PRICE_BID,,1,C2027Q3T04,VIC1-NSW1,VIC1,4,12720.90,,A202506
D,RESIDUE_PRICE_BID,,1,C2026Q2T09,VIC1-NSW1,VIC1,15,12713.50,,A202506
D,RESIDUE_PRICE_BID,,1,C2025Q4T11,VIC1-NSW1,VIC1,1,12711.55,,A202506
D,RESIDUE_PRICE_BID,,1,C2026Q3T08,VIC1-NSW1,VIC1,4,12700.90,,A202506
D,RESIDUE_PRICE_BID,,1,C2026Q1T10,VIC1-NSW1,VIC1,1,12696.26,,A202506
D,RESIDUE_PRICE_BID,,1,C2027Q3T04,VIC1-NSW1,VIC1,1,12696.26,,A202506
D,RESIDUE_PRICE_BID,,1,C2026Q2T09,VIC1-NSW1,VIC1,5,12680.90,,A202506
D,RESIDUE_PRICE_BID,,1,C2028Q1T02,VIC1-NSW1,VIC1,1,12660.90,,A202506
D,RESIDUE_PRICE_BID,,1,C2027Q4T03,VIC1-NSW1,VIC1,10,12650.90,,A202506
D,RESIDUE_PRICE_BID,,1,C2025Q4T11,VIC1-NSW1,VIC1,5,12620.90,,A202506
D,RESIDUE_PRICE_BID,,1,C2027Q2T05,VIC1-NSW1,VIC1,1,12620.90,,A202506
D,RESIDUE_PRICE_BID,,1,C2026Q1T10,VIC1-NSW1,VIC1,4,12600.90,,A202506
D,RESIDUE_PRICE_BID,,1,C2027Q2T05,VIC1-NSW1,VIC1,1,12599.18,,A202506
D,RESIDUE_PRICE_BID,,1,C2026Q1T10,VIC1-NSW1,VIC1,25,12598.9920,,A202506
D,RESIDUE_PRICE_BID,,1,C2027Q2T05,VIC1-NSW1,VIC1,10,12590.16,,A202506
D,RESIDUE_PRICE_BID,,1,C2028Q2T01,VIC1-NSW1,VIC1,10,12590.16,,A202506
D,RESIDUE_PRICE_BID,,1,C2028Q2T01,VIC1-NSW1,VIC1,2,12590,,A202506
D,RESIDUE_PRICE_BID,,1,C2027Q4T03,VIC1-NSW1,VIC1,1,12583.32,,A202506
D,RESIDUE_PRICE_BID,,1,C2028Q2T01,VIC1-NSW1,VIC1,1,12583.32,,A202506
D,RESIDUE_PRICE_BID,,1,C2028Q1T02,VIC1-NSW1,VIC1,1,12580.90,,A202506
D,RESIDUE_PRICE_BID,,1,C2028Q1T02,VIC1-NSW1,VIC1,1,12579.06,,A202506
D,RESIDUE_PRICE_BID,,1,C2028Q2T01,VIC1-NSW1,VIC1,4,12560.90,,A202506
D,RESIDUE_PRICE_BID,,1,C2026Q4T07,VIC1-NSW1,VIC1,1,12553.26,,A202506
D,RESIDUE_PRICE_BID,,1,C2025Q3T12,VIC1-NSW1,VIC1,2,12550,,A202506
D,RESIDUE_PRICE_BID,,1,C2026Q1T10,VIC1-NSW1,VIC1,2,12550,,A202506
D,RESIDUE_PRICE_BID,,1,C2027Q1T06,VIC1-NSW1,VIC1,1,12524.61,,A202506
D,RESIDUE_PRICE_BID,,1,C2026Q2T09,VIC1-NSW1,VIC1,1,12516.48,,A202506
D,RESIDUE_PRICE_BID,,1,C2027Q1T06,VIC1-NSW1,VIC1,4,12500.90,,A202506
D,RESIDUE_PRICE_BID,,1,C2025Q4T11,VIC1-NSW1,VIC1,5,12500,,A202506
D,RESIDUE_PRICE_BID,,1,C2025Q4T11,VIC1-NSW1,VIC1,2,12500,,A202506
D,RESIDUE_PRICE_BID,,1,C2025Q3T12,VIC1-NSW1,VIC1,4,12480.90,,A202506
D,RESIDUE_PRICE_BID,,1,C2027Q3T04,VIC1-NSW1,VIC1,4,12440.90,,A202506
D,RESIDUE_PRICE_BID,,1,C2025Q4T11,VIC1-NSW1,VIC1,1,12433.19,,A202506
D,RESIDUE_PRICE_BID,,1,C2027Q3T04,VIC1-NSW1,VIC1,1,12429.90,,A202506
D,RESIDUE_PRICE_BID,,1,C2026Q1T10,VIC1-NSW1,VIC1,1,12429.90,,A202506
D,RESIDUE_PRICE_BID,,1,C2026Q3T08,VIC1-NSW1,VIC1,4,12400.90,,A202506
D,RESIDUE_PRICE_BID,,1,C2027Q2T05,VIC1-NSW1,VIC1,10,12382.22,,A202506
D,RESIDUE_PRICE_BID,,1,C2028Q2T01,VIC1-NSW1,VIC1,10,12382.22,,A202506
D,RESIDUE_PRICE_BID,,1,C2026Q2T09,VIC1-NSW1,VIC1,10,12382.22,,A202506
D,RESIDUE_PRICE_BID,,1,C2027Q2T05,VIC1-NSW1,VIC1,1,12355.32,,A202506
D,RESIDUE_PRICE_BID,,1,C2026Q2T09,VIC1-NSW1,VIC1,5,12320.90,,A202506
D,RESIDUE_PRICE_BID,,1,C2027Q4T03,VIC1-NSW1,VIC1,2,12296,,A202506
D,RESIDUE_PRICE_BID,,1,C2026Q4T07,VIC1-NSW1,VIC1,1,12289.90,,A202506
D,RESIDUE_PRICE_BID,,1,C2027Q1T06,VIC1-NSW1,VIC1,4,12280.90,,A202506
D,RESIDUE_PRICE_BID,,1,C2027Q2T05,VIC1-NSW1,VIC1,31,12275.4060,,A202506
D,RESIDUE_PRICE_BID,,1,C2027Q1T06,VIC1-NSW1,VIC1,1,12267.26,,A202506
D,RESIDUE_PRICE_BID,,1,C2028Q1T02,VIC1-NSW1,VIC1,1,12256.52,,A202506
D,RESIDUE_PRICE_BID,,1,C2025Q3T12,VIC1-NSW1,VIC1,3,12254.40,,A202506
D,RESIDUE_PRICE_BID,,1,C2028Q2T01,VIC1-NSW1,VIC1,1,12252.18,,A202506
D,RESIDUE_PRICE_BID,,1,C2027Q4T03,VIC1-NSW1,VIC1,1,12252.18,,A202506
D,RESIDUE_PRICE_BID,,1,C2027Q1T06,VIC1-NSW1,VIC1,2,12240,,A202506
D,RESIDUE_PRICE_BID,,1,C2028Q2T01,VIC1-NSW1,VIC1,4,12200.90,,A202506
D,RESIDUE_PRICE_BID,,1,C2025Q4T11,VIC1-NSW1,VIC1,5,12200.90,,A202506
D,RESIDUE_PRICE_BID,,1,C2026Q1T10,VIC1-NSW1,VIC1,1,12163.54,,A202506
D,RESIDUE_PRICE_BID,,1,C2027Q3T04,VIC1-NSW1,VIC1,1,12163.54,,A202506
D,RESIDUE_PRICE_BID,,1,C2027Q2T05,VIC1-NSW1,VIC1,6,12162,,A202506
D,RESIDUE_PRICE_BID,,1,C2026Q1T10,VIC1-NSW1,VIC1,4,12160.90,,A202506
D,RESIDUE_PRICE_BID,,1,C2025Q3T12,VIC1-NSW1,VIC1,4,12160.90,,A202506
D,RESIDUE_PRICE_BID,,1,C2027Q3T04,VIC1-NSW1,VIC1,4,12160.90,,A202506
D,RESIDUE_PRICE_BID,,1,C2025Q4T11,VIC1-NSW1,VIC1,1,12154.84,,A202506
D,RESIDUE_PRICE_BID,,1,C2025Q4T11,VIC1-NSW1,VIC1,5,12150.716770,,A202506
D,RESIDUE_PRICE_BID,,1,C2026Q1T10,VIC1-NSW1,VIC1,15,12149.03,,A202506
D,RESIDUE_PRICE_BID,,1,C2027Q2T05,VIC1-NSW1,VIC1,1,12111.46,,A202506
D,RESIDUE_PRICE_BID,,1,C2026Q2T09,VIC1-NSW1,VIC1,10,12108.918390,,A202506
D,RESIDUE_PRICE_BID,,1,C2026Q3T08,VIC1-NSW1,VIC1,4,12100.90,,A202506
D,RESIDUE_PRICE_BID,,1,C2025Q4T11,VIC1-NSW1,VIC1,5,12077.76,,A202506
D,RESIDUE_PRICE_BID,,1,C2026Q3T08,VIC1-NSW1,VIC1,10,12072.11,,A202506
D,RESIDUE_PRICE_BID,,1,C2026Q1T10,VIC1-NSW1,VIC1,5,12064.89,,A202506
D,RESIDUE_PRICE_BID,,1,C2027Q1T06,VIC1-NSW1,VIC1,4,12060.90,,A202506
D,RESIDUE_PRICE_BID,,1,C2026Q4T07,VIC1-NSW1,VIC1,1,12026.54,,A202506
D,RESIDUE_PRICE_BID,,1,C2026Q4T07,VIC1-NSW1,VIC1,2,12023,,A202506
D,RESIDUE_PRICE_BID,,1,C2025Q4T11,VIC1-NSW1,VIC1,15,12013.54,,A202506
D,RESIDUE_PRICE_BID,,1,C2027Q3T04,VIC1-NSW1,VIC1,1,12010,,A202506
D,RESIDUE_PRICE_BID,,1,C2025Q3T12,VIC1-NSW1,VIC1,1,12010,,A202506
D,RESIDUE_PRICE_BID,,1,C2026Q3T08,VIC1-NSW1,VIC1,1,12010,,A202506
D,RESIDUE_PRICE_BID,,1,C2027Q1T06,VIC1-NSW1,VIC1,1,12009.90,,A202506
D,RESIDUE_PRICE_BID,,1,C2027Q2T05,VIC1-NSW1,VIC1,4,12000.90,,A202506
D,RESIDUE_PRICE_BID,,1,C2026Q4T07,VIC1-NSW1,VIC1,5,11967.36,,A202506
D,RESIDUE_PRICE_BID,,1,C2026Q2T09,VIC1-NSW1,VIC1,5,11960.90,,A202506
D,RESIDUE_PRICE_BID,,1,C2026Q4T07,VIC1-NSW1,VIC1,10,11950.90,,A202506
D,RESIDUE_PRICE_BID,,1,C2026Q3T08,VIC1-NSW1,VIC1,15,11936.40,,A202506
D,RESIDUE_PRICE_BID,,1,C2028Q1T02,VIC1-NSW1,VIC1,1,11933.98,,A202506
D,RESIDUE_PRICE_BID,,1,C2027Q4T03,VIC1-NSW1,VIC1,1,11921.04,,A202506
D,RESIDUE_PRICE_BID,,1,C2028Q2T01,VIC1-NSW1,VIC1,1,11921.04,,A202506
D,RESIDUE_PRICE_BID,,1,C2026Q1T10,VIC1-NSW1,VIC1,2,11900,,A202506
D,RESIDUE_PRICE_BID,,1,C2025Q3T12,VIC1-NSW1,VIC1,2,11900,,A202506
D,RESIDUE_PRICE_BID,,1,C2026Q1T10,VIC1-NSW1,VIC1,1,11897.19,,A202506
D,RESIDUE_PRICE_BID,,1,C2027Q3T04,VIC1-NSW1,VIC1,1,11897.19,,A202506
D,RESIDUE_PRICE_BID,,1,C2027Q3T04,VIC1-NSW1,VIC1,4,11880.90,,A202506
D,RESIDUE_PRICE_BID,,1,C2025Q4T11,VIC1-NSW1,VIC1,1,11876.48,,A202506
D,RESIDUE_PRICE_BID,,1,C2027Q2T05,VIC1-NSW1,VIC1,1,11867.61,,A202506
D,RESIDUE_PRICE_BID,,1,C2026Q2T09,VIC1-NSW1,VIC1,10,11853,,A202506
D,RESIDUE_PRICE_BID,,1,C2027Q2T05,VIC1-NSW1,VIC1,10,11853,,A202506
D,RESIDUE_PRICE_BID,,1,C2026Q2T09,VIC1-NSW1,VIC1,8,11853,,A202506
D,RESIDUE_PRICE_BID,,1,C2027Q2T05,VIC1-NSW1,VIC1,6,11853,,A202506
D,RESIDUE_PRICE_BID,,1,C2025Q4T11,VIC1-NSW1,VIC1,2,11850,,A202506
D,RESIDUE_PRICE_BID,,1,C2027Q1T06,VIC1-NSW1,VIC1,4,11840.90,,A202506
D,RESIDUE_PRICE_BID,,1,C2025Q3T12,VIC1-NSW1,VIC1,4,11840.90,,A202506
D,RESIDUE_PRICE_BID,,1,C2028Q2T01,VIC1-NSW1,VIC1,4,11840.90,,A202506
D,RESIDUE_PRICE_BID,,1,C2027Q1T06,VIC1-NSW1,VIC1,15,11803.64,,A202506
D,RESIDUE_PRICE_BID,,1,C2027Q1T06,VIC1-NSW1,VIC1,25,11803.6380,,A202506
D,RESIDUE_PRICE_BID,,1,C2026Q3T08,VIC1-NSW1,VIC1,4,11800.90,,A202506
D,RESIDUE_PRICE_BID,,1,C2027Q4T03,VIC1-NSW1,VIC1,10,11800.90,,A202506
D,RESIDUE_PRICE_BID,,1,C2025Q4T11,VIC1-NSW1,VIC1,5,11780.90,,A202506
D,RESIDUE_PRICE_BID,,1,C2026Q4T07,VIC1-NSW1,VIC1,1,11763.19,,A202506
D,RESIDUE_PRICE_BID,,1,C2027Q2T05,VIC1-NSW1,VIC1,4,11760.90,,A202506
D,RESIDUE_PRICE_BID,,1,C2027Q1T06,VIC1-NSW1,VIC1,1,11752.54,,A202506
D,RESIDUE_PRICE_BID,,1,C2026Q1T10,VIC1-NSW1,VIC1,4,11720.90,,A202506
D,RESIDUE_PRICE_BID,,1,C2028Q1T02,VIC1-NSW1,VIC1,2,11703,,A202506
D,RESIDUE_PRICE_BID,,1,C2026Q1T10,VIC1-NSW1,VIC1,1,11630.84,,A202506
D,RESIDUE_PRICE_BID,,1,C2027Q3T04,VIC1-NSW1,VIC1,1,11630.84,,A202506
D,RESIDUE_PRICE_BID,,1,C2027Q2T05,VIC1-NSW1,VIC1,1,11623.76,,A202506
D,RESIDUE_PRICE_BID,,1,C2027Q1T06,VIC1-NSW1,VIC1,4,11620.90,,A202506
D,RESIDUE_PRICE_BID,,1,C2028Q1T02,VIC1-NSW1,VIC1,1,11611.44,,A202506
D,RESIDUE_PRICE_BID,,1,C2026Q2T09,VIC1-NSW1,VIC1,5,11600.90,,A202506
D,RESIDUE_PRICE_BID,,1,C2027Q3T04,VIC1-NSW1,VIC1,4,11600.90,,A202506
D,RESIDUE_PRICE_BID,,1,C2027Q4T03,VIC1-NSW1,VIC1,1,11589.90,,A202506
D,RESIDUE_PRICE_BID,,1,C2028Q2T01,VIC1-NSW1,VIC1,1,11589.90,,A202506
D,RESIDUE_PRICE_BID,,1,C2027Q2T05,VIC1-NSW1,VIC1,5,11578,,A202506
D,RESIDUE_PRICE_BID,,1,C2026Q4T07,VIC1-NSW1,VIC1,15,11576.25,,A202506
D,RESIDUE_PRICE_BID,,1,C2027Q4T03,VIC1-NSW1,VIC1,2,11573,,A202506
D,RESIDUE_PRICE_BID,,1,C2025Q3T12,VIC1-NSW1,VIC1,4,11520.90,,A202506
D,RESIDUE_PRICE_BID,,1,C2027Q2T05,VIC1-NSW1,VIC1,4,11520.90,,A202506
D,RESIDUE_PRICE_BID,,1,C2026Q4T07,VIC1-NSW1,VIC1,8,11503,,A202506
D,RESIDUE_PRICE_BID,,1,C2026Q3T08,VIC1-NSW1,VIC1,10,11503,,A202506
D,RESIDUE_PRICE_BID,,1,C2026Q4T07,VIC1-NSW1,VIC1,10,11503,,A202506
D,RESIDUE_PRICE_BID,,1,C2025Q3T12,VIC1-NSW1,VIC1,10,11503,,A202506
D,RESIDUE_PRICE_BID,,1,C2025Q4T11,VIC1-NSW1,VIC1,10,11503,,A202506
D,RESIDUE_PRICE_BID,,1,C2027Q3T04,VIC1-NSW1,VIC1,8,11503,,A202506
D,RESIDUE_PRICE_BID,,1,C2027Q3T04,VIC1-NSW1,VIC1,10,11503,,A202506
D,RESIDUE_PRICE_BID,,1,C2025Q4T11,VIC1-NSW1,VIC1,8,11503,,A202506
D,RESIDUE_PRICE_BID,,1,C2026Q3T08,VIC1-NSW1,VIC1,4,11500.90,,A202506
D,RESIDUE_PRICE_BID,,1,C2026Q4T07,VIC1-NSW1,VIC1,1,11499.84,,A202506
D,RESIDUE_PRICE_BID,,1,C2027Q1T06,VIC1-NSW1,VIC1,1,11495.19,,A202506
D,RESIDUE_PRICE_BID,,1,C2028Q2T01,VIC1-NSW1,VIC1,4,11480.90,,A202506
D,RESIDUE_PRICE_BID,,1,C2025Q3T12,VIC1-NSW1,VIC1,12,11409.561210,,A202506
D,RESIDUE_PRICE_BID,,1,C2027Q1T06,VIC1-NSW1,VIC1,4,11400.90,,A202506
D,RESIDUE_PRICE_BID,,1,C2026Q4T07,VIC1-NSW1,VIC1,15,11400.33,,A202506
D,RESIDUE_PRICE_BID,,1,C2027Q2T05,VIC1-NSW1,VIC1,1,11379.90,,A202506
D,RESIDUE_PRICE_BID,,1,C2027Q3T04,VIC1-NSW1,VIC1,1,11364.48,,A202506
D,RESIDUE_PRICE_BID,,1,C2026Q1T10,VIC1-NSW1,VIC1,1,11364.48,,A202506
D,RESIDUE_PRICE_BID,,1,C2025Q4T11,VIC1-NSW1,VIC1,5,11360.90,,A202506
D,RESIDUE_PRICE_BID,,1,C2028Q1T02,VIC1-NSW1,VIC1,25,11350.50,,A202506
D,RESIDUE_PRICE_BID,,1,C2028Q1T02,VIC1-NSW1,VIC1,15,11350.50,,A202506
D,RESIDUE_PRICE_BID,,1,C2027Q4T03,VIC1-NSW1,VIC1,25,11342.10,,A202506
D,RESIDUE_PRICE_BID,,1,C2027Q4T03,VIC1-NSW1,VIC1,15,11342.10,,A202506
D,RESIDUE_PRICE_BID,,1,C2027Q3T04,VIC1-NSW1,VIC1,4,11320.90,,A202506
D,RESIDUE_PRICE_BID,,1,C2026Q2T09,VIC1-NSW1,VIC1,15,11300.89,,A202506
D,RESIDUE_PRICE_BID,,1,C2026Q3T08,VIC1-NSW1,VIC1,5,11295.918540,,A202506
D,RESIDUE_PRICE_BID,,1,C2026Q1T10,VIC1-NSW1,VIC1,5,11290.018420,,A202506
D,RESIDUE_PRICE_BID,,1,C2028Q1T02,VIC1-NSW1,VIC1,1,11288.90,,A202506
D,RESIDUE_PRICE_BID,,1,C2026Q1T10,VIC1-NSW1,VIC1,4,11280.90,,A202506
D,RESIDUE_PRICE_BID,,1,C2027Q2T05,VIC1-NSW1,VIC1,4,11280.90,,A202506
D,RESIDUE_PRICE_BID,,1,C2026Q4T07,VIC1-NSW1,VIC1,2,11272,,A202506
D,RESIDUE_PRICE_BID,,1,C2027Q4T03,VIC1-NSW1,VIC1,1,11258.76,,A202506
D,RESIDUE_PRICE_BID,,1,C2028Q2T01,VIC1-NSW1,VIC1,1,11258.76,,A202506
D,RESIDUE_PRICE_BID,,1,C2026Q1T10,VIC1-NSW1,VIC1,2,11250,,A202506
D,RESIDUE_PRICE_BID,,1,C2025Q3T12,VIC1-NSW1,VIC1,2,11250,,A202506
D,RESIDUE_PRICE_BID,,1,C2026Q2T09,VIC1-NSW1,VIC1,5,11240.90,,A202506
D,RESIDUE_PRICE_BID,,1,C2027Q1T06,VIC1-NSW1,VIC1,1,11237.84,,A202506
D,RESIDUE_PRICE_BID,,1,C2026Q4T07,VIC1-NSW1,VIC1,1,11236.48,,A202506
D,RESIDUE_PRICE_BID,,1,C2025Q3T12,VIC1-NSW1,VIC1,4,11200.90,,A202506
D,RESIDUE_PRICE_BID,,1,C2026Q3T08,VIC1-NSW1,VIC1,4,11200.90,,A202506
D,RESIDUE_PRICE_BID,,1,C2025Q4T11,VIC1-NSW1,VIC1,2,11200,,A202506
D,RESIDUE_PRICE_BID,,1,C2027Q1T06,VIC1-NSW1,VIC1,4,11194,,A202506
D,RESIDUE_PRICE_BID,,1,C2027Q1T06,VIC1-NSW1,VIC1,4,11180.90,,A202506
D,RESIDUE_PRICE_BID,,1,C2027Q2T05,VIC1-NSW1,VIC1,1,11136.04,,A202506
D,RESIDUE_PRICE_BID,,1,C2028Q2T01,VIC1-NSW1,VIC1,4,11120.90,,A202506
D,RESIDUE_PRICE_BID,,1,C2026Q4T07,VIC1-NSW1,VIC1,10,11100.90,,A202506
D,RESIDUE_PRICE_BID,,1,C2027Q3T04,VIC1-NSW1,VIC1,4,11040.90,,A202506
D,RESIDUE_PRICE_BID,,1,C2027Q2T05,VIC1-NSW1,VIC1,4,11040.90,,A202506
D,RESIDUE_PRICE_BID,,1,C2027Q2T05,VIC1-NSW1,VIC1,15,11016.39,,A202506
D,RESIDUE_PRICE_BID,,1,C2028Q2T01,VIC1-NSW1,VIC1,15,11016.39,,A202506
D,RESIDUE_PRICE_BID,,1,C2028Q1T02,VIC1-NSW1,VIC1,2,11014,,A202506
D,RESIDUE_PRICE_BID,,1,C2026Q3T08,VIC1-NSW1,VIC1,8,11003,,A202506
D,RESIDUE_PRICE_BID,,1,C2025Q3T12,VIC1-NSW1,VIC1,8,11003,,A202506
D,RESIDUE_PRICE_BID,,1,C2028Q1T02,VIC1-NSW1,VIC1,10,11000.90,,A202506
D,RESIDUE_PRICE_BID,,1,C2027Q3T04,VIC1-NSW1,VIC1,15,10981.80,,A202506
D,RESIDUE_PRICE_BID,,1,C2027Q1T06,VIC1-NSW1,VIC1,1,10980.48,,A202506
D,RESIDUE_PRICE_BID,,1,C2028Q1T02,VIC1-NSW1,VIC1,1,10966.36,,A202506
D,RESIDUE_PRICE_BID,,1,C2027Q1T06,VIC1-NSW1,VIC1,4,10960.90,,A202506
D,RESIDUE_PRICE_BID,,1,C2027Q4T03,VIC1-NSW1,VIC1,10,10950.90,,A202506
D,RESIDUE_PRICE_BID,,1,C2025Q4T11,VIC1-NSW1,VIC1,5,10940.90,,A202506
D,RESIDUE_PRICE_BID,,1,C2028Q2T01,VIC1-NSW1,VIC1,1,10927.62,,A202506
D,RESIDUE_PRICE_BID,,1,C2027Q4T03,VIC1-NSW1,VIC1,1,10927.62,,A202506
D,RESIDUE_PRICE_BID,,1,C2026Q3T08,VIC1-NSW1,VIC1,4,10900.90,,A202506
D,RESIDUE_PRICE_BID,,1,C2027Q2T05,VIC1-NSW1,VIC1,1,10892.19,,A202506
D,RESIDUE_PRICE_BID,,1,C2026Q2T09,VIC1-NSW1,VIC1,5,10880.90,,A202506
D,RESIDUE_PRICE_BID,,1,C2025Q3T12,VIC1-NSW1,VIC1,4,10880.90,,A202506
D,RESIDUE_PRICE_BID,,1,C2028Q2T01,VIC1-NSW1,VIC1,25,10850,,A202506
D,RESIDUE_PRICE_BID,,1,C2027Q4T03,VIC1-NSW1,VIC1,2,10850,,A202506
D,RESIDUE_PRICE_BID,,1,C2026Q1T10,VIC1-NSW1,VIC1,4,10840.90,,A202506
D,RESIDUE_PRICE_BID,,1,C2027Q2T05,VIC1-NSW1,VIC1,4,10800.90,,A202506
D,RESIDUE_PRICE_BID,,1,C2026Q1T10,VIC1-NSW1,VIC1,15,10799.14,,A202506
D,RESIDUE_PRICE_BID,,1,C2028Q2T01,VIC1-NSW1,VIC1,4,10760.90,,A202506
D,RESIDUE_PRICE_BID,,1,C2027Q3T04,VIC1-NSW1,VIC1,4,10760.90,,A202506
D,RESIDUE_PRICE_BID,,1,C2025Q3T12,VIC1-NSW1,VIC1,25,10760.01,,A202506
D,RESIDUE_PRICE_BID,,1,C2027Q1T06,VIC1-NSW1,VIC1,4,10740.90,,A202506
D,RESIDUE_PRICE_BID,,1,C2025Q4T11,VIC1-NSW1,VIC1,15,10678.70,,A202506
D,RESIDUE_PRICE_BID,,1,C2027Q2T05,VIC1-NSW1,VIC1,1,10648.34,,A202506
D,RESIDUE_PRICE_BID,,1,C2028Q1T02,VIC1-NSW1,VIC1,1,10643.82,,A202506
D,RESIDUE_PRICE_BID,,1,C2028Q1T02,VIC1-NSW1,VIC1,10,10600.90,,A202506
D,RESIDUE_PRICE_BID,,1,C2026Q3T08,VIC1-NSW1,VIC1,4,10600.90,,A202506
D,RESIDUE_PRICE_BID,,1,C2026Q1T10,VIC1-NSW1,VIC1,2,10600,,A202506
D,RESIDUE_PRICE_BID,,1,C2027Q4T03,VIC1-NSW1,VIC1,4,10600,,A202506
D,RESIDUE_PRICE_BID,,1,C2028Q2T01,VIC1-NSW1,VIC1,1,10596.48,,A202506
D,RESIDUE_PRICE_BID,,1,C2027Q4T03,VIC1-NSW1,VIC1,1,10596.48,,A202506
D,RESIDUE_PRICE_BID,,1,C2025Q4T11,VIC1-NSW1,VIC1,5,10576.32,,A202506
D,RESIDUE_PRICE_BID,,1,C2027Q2T05,VIC1-NSW1,VIC1,4,10560.90,,A202506
D,RESIDUE_PRICE_BID,,1,C2025Q3T12,VIC1-NSW1,VIC1,4,10560.90,,A202506
D,RESIDUE_PRICE_BID,,1,C2025Q4T11,VIC1-NSW1,VIC1,2,10550,,A202506
D,RESIDUE_PRICE_BID,,1,C2026Q2T09,VIC1-NSW1,VIC1,5,10520.90,,A202506
D,RESIDUE_PRICE_BID,,1,C2027Q1T06,VIC1-NSW1,VIC1,4,10520.90,,A202506
D,RESIDUE_PRICE_BID,,1,C2025Q4T11,VIC1-NSW1,VIC1,5,10520.90,,A202506
D,RESIDUE_PRICE_BID,,1,C2026Q4T07,VIC1-NSW1,VIC1,5,10488,,A202506
D,RESIDUE_PRICE_BID,,1,C2027Q3T04,VIC1-NSW1,VIC1,4,10480.90,,A202506
D,RESIDUE_PRICE_BID,,1,C2027Q2T05,VIC1-NSW1,VIC1,1,10404.48,,A202506
D,RESIDUE_PRICE_BID,,1,C2026Q1T10,VIC1-NSW1,VIC1,4,10400.90,,A202506
D,RESIDUE_PRICE_BID,,1,C2028Q2T01,VIC1-NSW1,VIC1,4,10400.90,,A202506
D,RESIDUE_PRICE_BID,,1,C2027Q4T03,VIC1-NSW1,VIC1,15,10400.33,,A202506
D,RESIDUE_PRICE_BID,,1,C2028Q1T02,VIC1-NSW1,VIC1,2,10326,,A202506
D,RESIDUE_PRICE_BID,,1,C2028Q1T02,VIC1-NSW1,VIC1,1,10321.28,,A202506
D,RESIDUE_PRICE_BID,,1,C2027Q2T05,VIC1-NSW1,VIC1,4,10320.90,,A202506
D,RESIDUE_PRICE_BID,,1,C2027Q1T06,VIC1-NSW1,VIC1,4,10300.90,,A202506
D,RESIDUE_PRICE_BID,,1,C2026Q3T08,VIC1-NSW1,VIC1,4,10300.90,,A202506
D,RESIDUE_PRICE_BID,,1,C2026Q4T07,VIC1-NSW1,VIC1,15,10290,,A202506
D,RESIDUE_PRICE_BID,,1,C2027Q4T03,VIC1-NSW1,VIC1,1,10265.34,,A202506
D,RESIDUE_PRICE_BID,,1,C2028Q2T01,VIC1-NSW1,VIC1,1,10265.34,,A202506
D,RESIDUE_PRICE_BID,,1,C2026Q4T07,VIC1-NSW1,VIC1,10,10250.90,,A202506
D,RESIDUE_PRICE_BID,,1,C2025Q3T12,VIC1-NSW1,VIC1,4,10240.90,,A202506
D,RESIDUE_PRICE_BID,,1,C2027Q3T04,VIC1-NSW1,VIC1,4,10200.90,,A202506
D,RESIDUE_PRICE_BID,,1,C2028Q1T02,VIC1-NSW1,VIC1,10,10200.90,,A202506
D,RESIDUE_PRICE_BID,,1,C2026Q2T09,VIC1-NSW1,VIC1,5,10160.90,,A202506
D,RESIDUE_PRICE_BID,,1,C2027Q1T06,VIC1-NSW1,VIC1,15,10117.40,,A202506
D,RESIDUE_PRICE_BID,,1,C2027Q4T03,VIC1-NSW1,VIC1,10,10100.90,,A202506
D,RESIDUE_PRICE_BID,,1,C2025Q4T11,VIC1-NSW1,VIC1,5,10100.90,,A202506
D,RESIDUE_PRICE_BID,,1,C2027Q2T05,VIC1-NSW1,VIC1,4,10080.90,,A202506
D,RESIDUE_PRICE_BID,,1,C2027Q1T06,VIC1-NSW1,VIC1,4,10080.90,,A202506
D,RESIDUE_PRICE_BID,,1,C2027Q3T04,VIC1-NSW1,VIC1,10,10072.11,,A202506
D,RESIDUE_PRICE_BID,,1,C2027Q1T06,VIC1-NSW1,VIC1,5,10064.89,,A202506
D,RESIDUE_PRICE_BID,,1,C2028Q1T02,VIC1-NSW1,VIC1,10,10064.89,,A202506
D,RESIDUE_PRICE_BID,,1,C2028Q2T01,VIC1-NSW1,VIC1,4,10040.90,,A202506
D,RESIDUE_PRICE_BID,,1,C2027Q1T06,VIC1-NSW1,VIC1,1,10008.333010,,A202506
D,RESIDUE_PRICE_BID,,1,C2026Q3T08,VIC1-NSW1,VIC1,1,10008.333010,,A202506
D,RESIDUE_PRICE_BID,,1,C2025Q4T11,VIC1-NSW1,VIC1,1,10008.333010,,A202506
D,RESIDUE_PRICE_BID,,1,C2026Q4T07,VIC1-NSW1,VIC1,1,10008.333010,,A202506
D,RESIDUE_PRICE_BID,,1,C2026Q1T10,VIC1-NSW1,VIC1,1,10008.333010,,A202506
D,RESIDUE_PRICE_BID,,1,C2027Q2T05,VIC1-NSW1,VIC1,1,10008.333010,,A202506
D,RESIDUE_PRICE_BID,,1,C2025Q3T12,VIC1-NSW1,VIC1,1,10008.333010,,A202506
D,RESIDUE_PRICE_BID,,1,C2027Q4T03,VIC1-NSW1,VIC1,1,10008.333010,,A202506
D,RESIDUE_PRICE_BID,,1,C2028Q1T02,VIC1-NSW1,VIC1,1,10008.333010,,A202506
D,RESIDUE_PRICE_BID,,1,C2027Q3T04,VIC1-NSW1,VIC1,1,10008.333010,,A202506
D,RESIDUE_PRICE_BID,,1,C2026Q2T09,VIC1-NSW1,VIC1,1,10008.333010,,A202506
D,RESIDUE_PRICE_BID,,1,C2027Q3T04,VIC1-NSW1,VIC1,10,10003,,A202506
D,RESIDUE_PRICE_BID,,1,C2026Q3T08,VIC1-NSW1,VIC1,8,10003,,A202506
D,RESIDUE_PRICE_BID,,1,C2027Q3T04,VIC1-NSW1,VIC1,8,10003,,A202506
D,RESIDUE_PRICE_BID,,1,C2026Q3T08,VIC1-NSW1,VIC1,10,10003,,A202506
D,RESIDUE_PRICE_BID,,1,C2025Q3T12,VIC1-NSW1,VIC1,10,10003,,A202506
D,RESIDUE_PRICE_BID,,1,C2028Q2T01,VIC1-NSW1,VIC1,8,10003,,A202506
D,RESIDUE_PRICE_BID,,1,C2027Q4T03,VIC1-NSW1,VIC1,8,10003,,A202506
D,RESIDUE_PRICE_BID,,1,C2027Q4T03,VIC1-NSW1,VIC1,10,10003,,A202506
D,RESIDUE_PRICE_BID,,1,C2025Q3T12,VIC1-NSW1,VIC1,8,10003,,A202506
D,RESIDUE_PRICE_BID,,1,C2028Q2T01,VIC1-NSW1,VIC1,10,10003,,A202506
D,RESIDUE_PRICE_BID,,1,C2026Q4T07,VIC1-NSW1,VIC1,2,10000,,A202506
D,RESIDUE_PRICE_BID,,1,C2028Q1T02,VIC1-NSW1,VIC1,1,9998.74,,A202506
D,RESIDUE_PRICE_BID,,1,C2026Q1T10,VIC1-NSW1,VIC1,4,9960.90,,A202506
D,RESIDUE_PRICE_BID,,1,C2026Q3T08,VIC1-NSW1,VIC1,25,9947,,A202506
D,RESIDUE_PRICE_BID,,1,C2025Q3T12,VIC1-NSW1,VIC1,35,9936,,A202506
D,RESIDUE_PRICE_BID,,1,C2027Q4T03,VIC1-NSW1,VIC1,1,9934.20,,A202506
D,RESIDUE_PRICE_BID,,1,C2028Q2T01,VIC1-NSW1,VIC1,1,9934.20,,A202506
D,RESIDUE_PRICE_BID,,1,C2027Q3T04,VIC1-NSW1,VIC1,4,9920.90,,A202506
D,RESIDUE_PRICE_BID,,1,C2025Q3T12,VIC1-NSW1,VIC1,4,9920.90,,A202506
D,RESIDUE_PRICE_BID,,1,C2025Q4T11,VIC1-NSW1,VIC1,2,9900,,A202506
D,RESIDUE_PRICE_BID,,1,C2027Q1T06,VIC1-NSW1,VIC1,4,9860.90,,A202506
D,RESIDUE_PRICE_BID,,1,C2027Q2T05,VIC1-NSW1,VIC1,4,9840.90,,A202506
D,RESIDUE_PRICE_BID,,1,C2026Q2T09,VIC1-NSW1,VIC1,5,9800.90,,A202506
D,RESIDUE_PRICE_BID,,1,C2028Q1T02,VIC1-NSW1,VIC1,10,9800.90,,A202506
D,RESIDUE_PRICE_BID,,1,C2026Q2T09,VIC1-NSW1,VIC1,10,9766.219990,,A202506
D,RESIDUE_PRICE_BID,,1,C2028Q1T02,VIC1-NSW1,VIC1,15,9729,,A202506
D,RESIDUE_PRICE_BID,,1,C2027Q4T03,VIC1-NSW1,VIC1,15,9721.799990,,A202506
D,RESIDUE_PRICE_BID,,1,C2025Q4T11,VIC1-NSW1,VIC1,5,9680.90,,A202506
D,RESIDUE_PRICE_BID,,1,C2028Q2T01,VIC1-NSW1,VIC1,4,9680.90,,A202506
D,RESIDUE_PRICE_BID,,1,C2028Q1T02,VIC1-NSW1,VIC1,1,9676.20,,A202506
D,RESIDUE_PRICE_BID,,1,C2027Q3T04,VIC1-NSW1,VIC1,4,9640.90,,A202506
D,RESIDUE_PRICE_BID,,1,C2027Q1T06,VIC1-NSW1,VIC1,4,9640.90,,A202506
D,RESIDUE_PRICE_BID,,1,C2028Q2T01,VIC1-NSW1,VIC1,1,9603.06,,A202506
D,RESIDUE_PRICE_BID,,1,C2027Q4T03,VIC1-NSW1,VIC1,1,9603.06,,A202506
D,RESIDUE_PRICE_BID,,1,C2027Q2T05,VIC1-NSW1,VIC1,4,9600.90,,A202506
D,RESIDUE_PRICE_BID,,1,C2025Q3T12,VIC1-NSW1,VIC1,4,9600.90,,A202506
D,RESIDUE_PRICE_BID,,1,C2026Q1T10,VIC1-NSW1,VIC1,4,9520.90,,A202506
D,RESIDUE_PRICE_BID,,1,C2025Q4T11,VIC1-NSW1,VIC1,10,9503,,A202506
D,RESIDUE_PRICE_BID,,1,C2026Q4T07,VIC1-NSW1,VIC1,8,9503,,A202506
D,RESIDUE_PRICE_BID,,1,C2026Q4T07,VIC1-NSW1,VIC1,10,9503,,A202506
D,RESIDUE_PRICE_BID,,1,C2025Q4T11,VIC1-NSW1,VIC1,8,9503,,A202506
D,RESIDUE_PRICE_BID,,1,C2026Q1T10,VIC1-NSW1,VIC1,5,9500,,A202506
D,RESIDUE_PRICE_BID,,1,C2027Q2T05,VIC1-NSW1,VIC1,15,9442.62,,A202506
D,RESIDUE_PRICE_BID,,1,C2028Q2T01,VIC1-NSW1,VIC1,15,9442.62,,A202506
D,RESIDUE_PRICE_BID,,1,C2026Q2T09,VIC1-NSW1,VIC1,5,9440.90,,A202506
D,RESIDUE_PRICE_BID,,1,C2027Q1T06,VIC1-NSW1,VIC1,4,9420.90,,A202506
D,RESIDUE_PRICE_BID,,1,C2026Q2T09,VIC1-NSW1,VIC1,25,9417.4050,,A202506
D,RESIDUE_PRICE_BID,,1,C2026Q2T09,VIC1-NSW1,VIC1,5,9403.710530,,A202506
D,RESIDUE_PRICE_BID,,1,C2026Q4T07,VIC1-NSW1,VIC1,10,9400.90,,A202506
D,RESIDUE_PRICE_BID,,1,C2028Q1T02,VIC1-NSW1,VIC1,10,9400.90,,A202506
D,RESIDUE_PRICE_BID,,1,C2027Q2T05,VIC1-NSW1,VIC1,4,9360.90,,A202506
D,RESIDUE_PRICE_BID,,1,C2027Q3T04,VIC1-NSW1,VIC1,4,9360.90,,A202506
D,RESIDUE_PRICE_BID,,1,C2028Q1T02,VIC1-NSW1,VIC1,1,9353.66,,A202506
D,RESIDUE_PRICE_BID,,1,C2026Q4T07,VIC1-NSW1,VIC1,2,9350,,A202506
D,RESIDUE_PRICE_BID,,1,C2028Q2T01,VIC1-NSW1,VIC1,4,9320.90,,A202506
D,RESIDUE_PRICE_BID,,1,C2025Q3T12,VIC1-NSW1,VIC1,4,9280.90,,A202506
D,RESIDUE_PRICE_BID,,1,C2028Q2T01,VIC1-NSW1,VIC1,1,9271.92,,A202506
D,RESIDUE_PRICE_BID,,1,C2027Q4T03,VIC1-NSW1,VIC1,1,9271.92,,A202506
D,RESIDUE_PRICE_BID,,1,C2028Q2T01,VIC1-NSW1,VIC1,10,9266.219990,,A202506
D,RESIDUE_PRICE_BID,,1,C2027Q2T05,VIC1-NSW1,VIC1,10,9266.219990,,A202506
D,RESIDUE_PRICE_BID,,1,C2025Q3T12,VIC1-NSW1,VIC1,5,9262.793470,,A202506
D,RESIDUE_PRICE_BID,,1,C2025Q4T11,VIC1-NSW1,VIC1,5,9260.90,,A202506
D,RESIDUE_PRICE_BID,,1,C2027Q4T03,VIC1-NSW1,VIC1,10,9250.90,,A202506
D,RESIDUE_PRICE_BID,,1,C2025Q4T11,VIC1-NSW1,VIC1,2,9250,,A202506
D,RESIDUE_PRICE_BID,,1,C2027Q1T06,VIC1-NSW1,VIC1,4,9200.90,,A202506
D,RESIDUE_PRICE_BID,,1,C2027Q3T04,VIC1-NSW1,VIC1,25,9151.50,,A202506
D,RESIDUE_PRICE_BID,,1,C2026Q1T10,VIC1-NSW1,VIC1,5,9134.424870,,A202506
D,RESIDUE_PRICE_BID,,1,C2027Q2T05,VIC1-NSW1,VIC1,4,9120.90,,A202506
D,RESIDUE_PRICE_BID,,1,C2027Q3T04,VIC1-NSW1,VIC1,4,9080.90,,A202506
D,RESIDUE_PRICE_BID,,1,C2026Q1T10,VIC1-NSW1,VIC1,4,9080.90,,A202506
D,RESIDUE_PRICE_BID,,1,C2026Q2T09,VIC1-NSW1,VIC1,5,9080.90,,A202506
D,RESIDUE_PRICE_BID,,1,C2028Q1T02,VIC1-NSW1,VIC1,1,9031.12,,A202506
D,RESIDUE_PRICE_BID,,1,C2028Q1T02,VIC1-NSW1,VIC1,10,9000.90,,A202506
D,RESIDUE_PRICE_BID,,1,C2026Q2T09,VIC1-NSW1,VIC1,5,9000,,A202506
D,RESIDUE_PRICE_BID,,1,C2026Q1T10,VIC1-NSW1,VIC1,25,8999.28,,A202506
D,RESIDUE_PRICE_BID,,1,C2027Q1T06,VIC1-NSW1,VIC1,4,8980.90,,A202506
D,RESIDUE_PRICE_BID,,1,C2028Q2T01,VIC1-NSW1,VIC1,4,8960.90,,A202506
D,RESIDUE_PRICE_BID,,1,C2025Q3T12,VIC1-NSW1,VIC1,4,8960.90,,A202506
D,RESIDUE_PRICE_BID,,1,C2027Q4T03,VIC1-NSW1,VIC1,1,8940.78,,A202506
D,RESIDUE_PRICE_BID,,1,C2028Q2T01,VIC1-NSW1,VIC1,1,8940.78,,A202506
D,RESIDUE_PRICE_BID,,1,C2025Q4T11,VIC1-NSW1,VIC1,25,8898.9150,,A202506
D,RESIDUE_PRICE_BID,,1,C2026Q1T10,VIC1-NSW1,VIC1,10,8886.89,,A202506
D,RESIDUE_PRICE_BID,,1,C2027Q2T05,VIC1-NSW1,VIC1,4,8880.90,,A202506
D,RESIDUE_PRICE_BID,,1,C2025Q4T11,VIC1-NSW1,VIC1,5,8840.90,,A202506
D,RESIDUE_PRICE_BID,,1,C2027Q3T04,VIC1-NSW1,VIC1,4,8800.90,,A202506
D,RESIDUE_PRICE_BID,,1,C2027Q1T06,VIC1-NSW1,VIC1,4,8760.90,,A202506
D,RESIDUE_PRICE_BID,,1,C2025Q3T12,VIC1-NSW1,VIC1,5,8750,,A202506
D,RESIDUE_PRICE_BID,,1,C2026Q2T09,VIC1-NSW1,VIC1,25,8736,,A202506
D,RESIDUE_PRICE_BID,,1,C2026Q2T09,VIC1-NSW1,VIC1,5,8720.90,,A202506
D,RESIDUE_PRICE_BID,,1,C2028Q1T02,VIC1-NSW1,VIC1,1,8708.58,,A202506
D,RESIDUE_PRICE_BID,,1,C2026Q4T07,VIC1-NSW1,VIC1,2,8700,,A202506
D,RESIDUE_PRICE_BID,,1,C2027Q2T05,VIC1-NSW1,VIC1,4,8640.90,,A202506
D,RESIDUE_PRICE_BID,,1,C2026Q1T10,VIC1-NSW1,VIC1,4,8640.90,,A202506
D,RESIDUE_PRICE_BID,,1,C2025Q3T12,VIC1-NSW1,VIC1,4,8640.90,,A202506
D,RESIDUE_PRICE_BID,,1,C2027Q4T03,VIC1-NSW1,VIC1,1,8609.64,,A202506
D,RESIDUE_PRICE_BID,,1,C2028Q2T01,VIC1-NSW1,VIC1,1,8609.64,,A202506
D,RESIDUE_PRICE_BID,,1,C2025Q3T12,VIC1-NSW1,VIC1,10,8608.01,,A202506
D,RESIDUE_PRICE_BID,,1,C2028Q1T02,VIC1-NSW1,VIC1,10,8600.90,,A202506
D,RESIDUE_PRICE_BID,,1,C2028Q2T01,VIC1-NSW1,VIC1,4,8600.90,,A202506
D,RESIDUE_PRICE_BID,,1,C2026Q3T08,VIC1-NSW1,VIC1,1,8578.571280,,A202506
D,RESIDUE_PRICE_BID,,1,C2027Q3T04,VIC1-NSW1,VIC1,1,8578.571280,,A202506
D,RESIDUE_PRICE_BID,,1,C2025Q3T12,VIC1-NSW1,VIC1,1,8578.571280,,A202506
D,RESIDUE_PRICE_BID,,1,C2026Q4T07,VIC1-NSW1,VIC1,25,8575,,A202506
D,RESIDUE_PRICE_BID,,1,C2026Q4T07,VIC1-NSW1,VIC1,10,8550.90,,A202506
D,RESIDUE_PRICE_BID,,1,C2027Q1T06,VIC1-NSW1,VIC1,4,8540.90,,A202506
D,RESIDUE_PRICE_BID,,1,C2027Q3T04,VIC1-NSW1,VIC1,4,8520.90,,A202506
D,RESIDUE_PRICE_BID,,1,C2027Q1T06,VIC1-NSW1,VIC1,25,8431.17,,A202506
D,RESIDUE_PRICE_BID,,1,C2025Q4T11,VIC1-NSW1,VIC1,5,8420.90,,A202506
D,RESIDUE_PRICE_BID,,1,C2027Q2T05,VIC1-NSW1,VIC1,4,8400.90,,A202506
D,RESIDUE_PRICE_BID,,1,C2027Q4T03,VIC1-NSW1,VIC1,10,8400.90,,A202506
D,RESIDUE_PRICE_BID,,1,C2028Q1T02,VIC1-NSW1,VIC1,1,8386.04,,A202506
D,RESIDUE_PRICE_BID,,1,C2026Q2T09,VIC1-NSW1,VIC1,5,8360.90,,A202506
D,RESIDUE_PRICE_BID,,1,C2027Q1T06,VIC1-NSW1,VIC1,4,8320.90,,A202506
D,RESIDUE_PRICE_BID,,1,C2025Q3T12,VIC1-NSW1,VIC1,4,8320.90,,A202506
D,RESIDUE_PRICE_BID,,1,C2026Q4T07,VIC1-NSW1,VIC1,25,8280,,A202506
D,RESIDUE_PRICE_BID,,1,C2026Q3T08,VIC1-NSW1,VIC1,25,8280,,A202506
D,RESIDUE_PRICE_BID,,1,C2028Q2T01,VIC1-NSW1,VIC1,4,8240.90,,A202506
D,RESIDUE_PRICE_BID,,1,C2027Q3T04,VIC1-NSW1,VIC1,4,8240.90,,A202506
D,RESIDUE_PRICE_BID,,1,C2028Q1T02,VIC1-NSW1,VIC1,10,8200.90,,A202506
D,RESIDUE_PRICE_BID,,1,C2026Q1T10,VIC1-NSW1,VIC1,4,8200.90,,A202506
D,RESIDUE_PRICE_BID,,1,C2028Q2T01,VIC1-NSW1,VIC1,15,8198.12,,A202506
D,RESIDUE_PRICE_BID,,1,C2027Q2T05,VIC1-NSW1,VIC1,15,8198.12,,A202506
D,RESIDUE_PRICE_BID,,1,C2026Q2T09,VIC1-NSW1,VIC1,15,8198.12,,A202506
D,RESIDUE_PRICE_BID,,1,C2027Q2T05,VIC1-NSW1,VIC1,4,8160.90,,A202506
D,RESIDUE_PRICE_BID,,1,C2026Q2T09,VIC1-NSW1,VIC1,2,8150,,A202506
D,RESIDUE_PRICE_BID,,1,C2026Q3T08,VIC1-NSW1,VIC1,2,8150,,A202506
D,RESIDUE_PRICE_BID,,1,C2028Q1T02,VIC1-NSW1,VIC1,25,8107.50,,A202506
D,RESIDUE_PRICE_BID,,1,C2027Q4T03,VIC1-NSW1,VIC1,25,8101.50,,A202506
D,RESIDUE_PRICE_BID,,1,C2027Q1T06,VIC1-NSW1,VIC1,4,8100.90,,A202506
D,RESIDUE_PRICE_BID,,1,C2026Q4T07,VIC1-NSW1,VIC1,2,8050,,A202506
D,RESIDUE_PRICE_BID,,1,C2027Q3T04,VIC1-NSW1,VIC1,10,8003,,A202506
D,RESIDUE_PRICE_BID,,1,C2025Q3T12,VIC1-NSW1,VIC1,10,8003,,A202506
D,RESIDUE_PRICE_BID,,1,C2026Q1T10,VIC1-NSW1,VIC1,10,8003,,A202506
D,RESIDUE_PRICE_BID,,1,C2027Q3T04,VIC1-NSW1,VIC1,8,8003,,A202506
D,RESIDUE_PRICE_BID,,1,C2026Q1T10,VIC1-NSW1,VIC1,8,8003,,A202506
D,RESIDUE_PRICE_BID,,1,C2025Q3T12,VIC1-NSW1,VIC1,8,8003,,A202506
D,RESIDUE_PRICE_BID,,1,C2027Q1T06,VIC1-NSW1,VIC1,8,8003,,A202506
D,RESIDUE_PRICE_BID,,1,C2028Q1T02,VIC1-NSW1,VIC1,8,8003,,A202506
D,RESIDUE_PRICE_BID,,1,C2026Q3T08,VIC1-NSW1,VIC1,10,8003,,A202506
D,RESIDUE_PRICE_BID,,1,C2028Q1T02,VIC1-NSW1,VIC1,10,8003,,A202506
D,RESIDUE_PRICE_BID,,1,C2026Q3T08,VIC1-NSW1,VIC1,8,8003,,A202506
D,RESIDUE_PRICE_BID,,1,C2027Q1T06,VIC1-NSW1,VIC1,10,8003,,A202506
D,RESIDUE_PRICE_BID,,1,C2027Q3T04,VIC1-NSW1,VIC1,4,7960.90,,A202506
D,RESIDUE_PRICE_BID,,1,C2026Q3T08,VIC1-NSW1,VIC1,10,7957.60,,A202506
D,RESIDUE_PRICE_BID,,1,C2027Q2T05,VIC1-NSW1,VIC1,4,7920.90,,A202506
D,RESIDUE_PRICE_BID,,1,C2028Q1T02,VIC1-NSW1,VIC1,10,7886.89,,A202506
D,RESIDUE_PRICE_BID,,1,C2027Q1T06,VIC1-NSW1,VIC1,10,7886.89,,A202506
D,RESIDUE_PRICE_BID,,1,C2027Q1T06,VIC1-NSW1,VIC1,4,7880.90,,A202506
D,RESIDUE_PRICE_BID,,1,C2028Q2T01,VIC1-NSW1,VIC1,4,7880.90,,A202506
D,RESIDUE_PRICE_BID,,1,C2027Q2T05,VIC1-NSW1,VIC1,25,7868.85,,A202506
D,RESIDUE_PRICE_BID,,1,C2028Q1T02,VIC1-NSW1,VIC1,10,7800.90,,A202506
D,RESIDUE_PRICE_BID,,1,C2026Q1T10,VIC1-NSW1,VIC1,4,7760.90,,A202506
D,RESIDUE_PRICE_BID,,1,C2028Q2T01,VIC1-NSW1,VIC1,25,7750,,A202506
D,RESIDUE_PRICE_BID,,1,C2025Q4T11,VIC1-NSW1,VIC1,20,7728,,A202506
D,RESIDUE_PRICE_BID,,1,C2026Q4T07,VIC1-NSW1,VIC1,10,7700.90,,A202506
D,RESIDUE_PRICE_BID,,1,C2027Q3T04,VIC1-NSW1,VIC1,4,7680.90,,A202506
D,RESIDUE_PRICE_BID,,1,C2027Q2T05,VIC1-NSW1,VIC1,4,7680.90,,A202506
D,RESIDUE_PRICE_BID,,1,C2027Q1T06,VIC1-NSW1,VIC1,4,7660.90,,A202506
D,RESIDUE_PRICE_BID,,1,C2026Q1T10,VIC1-NSW1,VIC1,20,7560,,A202506
D,RESIDUE_PRICE_BID,,1,C2027Q4T03,VIC1-NSW1,VIC1,10,7550.90,,A202506
D,RESIDUE_PRICE_BID,,1,C2026Q2T09,VIC1-NSW1,VIC1,10,7533.92,,A202506
D,RESIDUE_PRICE_BID,,1,C2028Q2T01,VIC1-NSW1,VIC1,4,7520.90,,A202506
D,RESIDUE_PRICE_BID,,1,C2026Q3T08,VIC1-NSW1,VIC1,2,7500,,A202506
D,RESIDUE_PRICE_BID,,1,C2026Q2T09,VIC1-NSW1,VIC1,2,7500,,A202506
D,RESIDUE_PRICE_BID,,1,C2027Q2T05,VIC1-NSW1,VIC1,4,7440.90,,A202506
D,RESIDUE_PRICE_BID,,1,C2027Q1T06,VIC1-NSW1,VIC1,4,7440.90,,A202506
D,RESIDUE_PRICE_BID,,1,C2027Q3T04,VIC1-NSW1,VIC1,4,7400.90,,A202506
D,RESIDUE_PRICE_BID,,1,C2028Q1T02,VIC1-NSW1,VIC1,10,7400.90,,A202506
D,RESIDUE_PRICE_BID,,1,C2026Q4T07,VIC1-NSW1,VIC1,2,7400,,A202506
D,RESIDUE_PRICE_BID,,1,C2027Q3T04,VIC1-NSW1,VIC1,10,7321.20,,A202506
D,RESIDUE_PRICE_BID,,1,C2026Q1T10,VIC1-NSW1,VIC1,4,7320.90,,A202506
D,RESIDUE_PRICE_BID,,1,C2027Q1T06,VIC1-NSW1,VIC1,4,7220.90,,A202506
D,RESIDUE_PRICE_BID,,1,C2027Q2T05,VIC1-NSW1,VIC1,4,7200.90,,A202506
D,RESIDUE_PRICE_BID,,1,C2026Q1T10,VIC1-NSW1,VIC1,10,7199.42,,A202506
D,RESIDUE_PRICE_BID,,1,C2027Q4T03,VIC1-NSW1,VIC1,25,7176,,A202506
D,RESIDUE_PRICE_BID,,1,C2028Q2T01,VIC1-NSW1,VIC1,4,7160.90,,A202506
D,RESIDUE_PRICE_BID,,1,C2027Q3T04,VIC1-NSW1,VIC1,4,7120.90,,A202506
D,RESIDUE_PRICE_BID,,1,C2025Q4T11,VIC1-NSW1,VIC1,10,7119.13,,A202506
D,RESIDUE_PRICE_BID,,1,C2028Q2T01,VIC1-NSW1,VIC1,10,7003,,A202506
D,RESIDUE_PRICE_BID,,1,C2028Q2T01,VIC1-NSW1,VIC1,8,7003,,A202506
D,RESIDUE_PRICE_BID,,1,C2027Q2T05,VIC1-NSW1,VIC1,4,6960.90,,A202506
D,RESIDUE_PRICE_BID,,1,C2026Q1T10,VIC1-NSW1,VIC1,4,6880.90,,A202506
D,RESIDUE_PRICE_BID,,1,C2026Q4T07,VIC1-NSW1,VIC1,10,6860,,A202506
D,RESIDUE_PRICE_BID,,1,C2026Q4T07,VIC1-NSW1,VIC1,10,6850.90,,A202506
D,RESIDUE_PRICE_BID,,1,C2026Q3T08,VIC1-NSW1,VIC1,2,6850,,A202506
D,RESIDUE_PRICE_BID,,1,C2026Q2T09,VIC1-NSW1,VIC1,2,6850,,A202506
D,RESIDUE_PRICE_BID,,1,C2027Q3T04,VIC1-NSW1,VIC1,4,6840.90,,A202506
D,RESIDUE_PRICE_BID,,1,C2028Q2T01,VIC1-NSW1,VIC1,4,6800.90,,A202506
D,RESIDUE_PRICE_BID,,1,C2026Q4T07,VIC1-NSW1,VIC1,2,6750,,A202506
D,RESIDUE_PRICE_BID,,1,C2027Q1T06,VIC1-NSW1,VIC1,10,6744.94,,A202506
D,RESIDUE_PRICE_BID,,1,C2027Q2T05,VIC1-NSW1,VIC1,4,6720.90,,A202506
D,RESIDUE_PRICE_BID,,1,C2027Q4T03,VIC1-NSW1,VIC1,10,6700.90,,A202506
D,RESIDUE_PRICE_BID,,1,C2025Q4T11,VIC1-NSW1,VIC1,1,6672.222160,,A202506
D,RESIDUE_PRICE_BID,,1,C2027Q1T06,VIC1-NSW1,VIC1,1,6672.222160,,A202506
D,RESIDUE_PRICE_BID,,1,C2027Q2T05,VIC1-NSW1,VIC1,1,6672.222160,,A202506
D,RESIDUE_PRICE_BID,,1,C2028Q1T02,VIC1-NSW1,VIC1,1,6672.222160,,A202506
D,RESIDUE_PRICE_BID,,1,C2026Q2T09,VIC1-NSW1,VIC1,1,6672.222160,,A202506
D,RESIDUE_PRICE_BID,,1,C2026Q4T07,VIC1-NSW1,VIC1,1,6672.222160,,A202506
D,RESIDUE_PRICE_BID,,1,C2026Q1T10,VIC1-NSW1,VIC1,1,6672.222160,,A202506
D,RESIDUE_PRICE_BID,,1,C2027Q4T03,VIC1-NSW1,VIC1,1,6672.222160,,A202506
D,RESIDUE_PRICE_BID,,1,C2027Q3T04,VIC1-NSW1,VIC1,25,6624,,A202506
D,RESIDUE_PRICE_BID,,1,C2027Q3T04,VIC1-NSW1,VIC1,4,6560.90,,A202506
D,RESIDUE_PRICE_BID,,1,C2028Q1T02,VIC1-NSW1,VIC1,25,6552,,A202506
D,RESIDUE_PRICE_BID,,1,C2028Q2T01,VIC1-NSW1,VIC1,25,6552,,A202506
D,RESIDUE_PRICE_BID,,1,C2028Q1T02,VIC1-NSW1,VIC1,10,6486,,A202506
D,RESIDUE_PRICE_BID,,1,C2027Q4T03,VIC1-NSW1,VIC1,10,6481.20,,A202506
D,RESIDUE_PRICE_BID,,1,C2027Q2T05,VIC1-NSW1,VIC1,4,6480.90,,A202506
D,RESIDUE_PRICE_BID,,1,C2027Q1T06,VIC1-NSW1,VIC1,25,6480,,A202506
D,RESIDUE_PRICE_BID,,1,C2025Q3T12,VIC1-NSW1,VIC1,10,6456.01,,A202506
D,RESIDUE_PRICE_BID,,1,C2025Q3T12,VIC1-NSW1,VIC1,37,6456.0060,,A202506
D,RESIDUE_PRICE_BID,,1,C2028Q2T01,VIC1-NSW1,VIC1,4,6440.90,,A202506
D,RESIDUE_PRICE_BID,,1,C2026Q1T10,VIC1-NSW1,VIC1,4,6440.90,,A202506
D,RESIDUE_PRICE_BID,,1,C2028Q2T01,VIC1-NSW1,VIC1,10,6295.08,,A202506
D,RESIDUE_PRICE_BID,,1,C2027Q2T05,VIC1-NSW1,VIC1,10,6295.08,,A202506
D,RESIDUE_PRICE_BID,,1,C2027Q3T04,VIC1-NSW1,VIC1,4,6280.90,,A202506
D,RESIDUE_PRICE_BID,,1,C2027Q2T05,VIC1-NSW1,VIC1,4,6240.90,,A202506
D,RESIDUE_PRICE_BID,,1,C2026Q2T09,VIC1-NSW1,VIC1,2,6200,,A202506
D,RESIDUE_PRICE_BID,,1,C2026Q3T08,VIC1-NSW1,VIC1,2,6200,,A202506
D,RESIDUE_PRICE_BID,,1,C2028Q2T01,VIC1-NSW1,VIC1,4,6080.90,,A202506
D,RESIDUE_PRICE_BID,,1,C2026Q2T09,VIC1-NSW1,VIC1,10,6003,,A202506
D,RESIDUE_PRICE_BID,,1,C2027Q2T05,VIC1-NSW1,VIC1,6,6003,,A202506
D,RESIDUE_PRICE_BID,,1,C2026Q2T09,VIC1-NSW1,VIC1,8,6003,,A202506
D,RESIDUE_PRICE_BID,,1,C2027Q2T05,VIC1-NSW1,VIC1,10,6003,,A202506
D,RESIDUE_PRICE_BID,,1,C2026Q3T08,VIC1-NSW1,VIC1,10,5968.20,,A202506
D,RESIDUE_PRICE_BID,,1,C2027Q4T03,VIC1-NSW1,VIC1,10,5850.90,,A202506
D,RESIDUE_PRICE_BID,,1,C2028Q2T01,VIC1-NSW1,VIC1,4,5720.90,,A202506
D,RESIDUE_PRICE_BID,,1,C2026Q2T09,VIC1-NSW1,VIC1,10,5650.44,,A202506
D,RESIDUE_PRICE_BID,,1,C2026Q3T08,VIC1-NSW1,VIC1,2,5550,,A202506
D,RESIDUE_PRICE_BID,,1,C2026Q2T09,VIC1-NSW1,VIC1,2,5550,,A202506
D,RESIDUE_PRICE_BID,,1,C2027Q3T04,VIC1-NSW1,VIC1,10,5490.90,,A202506
D,RESIDUE_PRICE_BID,,1,C2027Q2T05,VIC1-NSW1,VIC1,25,5460,,A202506
D,RESIDUE_PRICE_BID,,1,C2026Q1T10,VIC1-NSW1,VIC1,10,5399.57,,A202506
D,RESIDUE_PRICE_BID,,1,C2028Q2T01,VIC1-NSW1,VIC1,4,5360.899990,,A202506
D,RESIDUE_PRICE_BID,,1,C2025Q4T11,VIC1-NSW1,VIC1,10,5339.35,,A202506
D,RESIDUE_PRICE_BID,,1,C2026Q4T07,VIC1-NSW1,VIC1,10,5145,,A202506
D,RESIDUE_PRICE_BID,,1,C2027Q1T06,VIC1-NSW1,VIC1,10,5058.71,,A202506
D,RESIDUE_PRICE_BID,,1,C2026Q1T10,VIC1-NSW1,VIC1,1,5004.1665,,A202506
D,RESIDUE_PRICE_BID,,1,C2028Q1T02,VIC1-NSW1,VIC1,1,5004.1665,,A202506
D,RESIDUE_PRICE_BID,,1,C2026Q2T09,VIC1-NSW1,VIC1,1,5004.1665,,A202506
D,RESIDUE_PRICE_BID,,1,C2027Q2T05,VIC1-NSW1,VIC1,1,5004.1665,,A202506
D,RESIDUE_PRICE_BID,,1,C2027Q4T03,VIC1-NSW1,VIC1,1,5004.1665,,A202506
D,RESIDUE_PRICE_BID,,1,C2026Q4T07,VIC1-NSW1,VIC1,1,5004.1665,,A202506
D,RESIDUE_PRICE_BID,,1,C2027Q1T06,VIC1-NSW1,VIC1,1,5004.1665,,A202506
D,RESIDUE_PRICE_BID,,1,C2025Q4T11,VIC1-NSW1,VIC1,1,5004.1665,,A202506
D,RESIDUE_PRICE_BID,,1,C2027Q1T06,VIC1-NSW1,VIC1,10,5003,,A202506
D,RESIDUE_PRICE_BID,,1,C2028Q1T02,VIC1-NSW1,VIC1,10,5003,,A202506
D,RESIDUE_PRICE_BID,,1,C2026Q1T10,VIC1-NSW1,VIC1,8,5003,,A202506
D,RESIDUE_PRICE_BID,,1,C2028Q1T02,VIC1-NSW1,VIC1,8,5003,,A202506
D,RESIDUE_PRICE_BID,,1,C2026Q4T07,VIC1-NSW1,VIC1,10,5003,,A202506
D,RESIDUE_PRICE_BID,,1,C2026Q4T07,VIC1-NSW1,VIC1,8,5003,,A202506
D,RESIDUE_PRICE_BID,,1,C2025Q4T11,VIC1-NSW1,VIC1,8,5003,,A202506
D,RESIDUE_PRICE_BID,,1,C2025Q4T11,VIC1-NSW1,VIC1,10,5003,,A202506
D,RESIDUE_PRICE_BID,,1,C2026Q1T10,VIC1-NSW1,VIC1,10,5003,,A202506
D,RESIDUE_PRICE_BID,,1,C2027Q1T06,VIC1-NSW1,VIC1,8,5003,,A202506
D,RESIDUE_PRICE_BID,,1,C2026Q3T08,VIC1-NSW1,VIC1,18,4973.50,,A202506
D,RESIDUE_PRICE_BID,,1,C2025Q3T12,VIC1-NSW1,VIC1,10,4968,,A202506
D,RESIDUE_PRICE_BID,,1,C2026Q3T08,VIC1-NSW1,VIC1,2,4900,,A202506
D,RESIDUE_PRICE_BID,,1,C2026Q2T09,VIC1-NSW1,VIC1,2,4900,,A202506
D,RESIDUE_PRICE_BID,,1,C2028Q1T02,VIC1-NSW1,VIC1,10,4864.50,,A202506
D,RESIDUE_PRICE_BID,,1,C2027Q4T03,VIC1-NSW1,VIC1,10,4860.899990,,A202506
D,RESIDUE_PRICE_BID,,1,C2028Q2T01,VIC1-NSW1,VIC1,10,4721.31,,A202506
D,RESIDUE_PRICE_BID,,1,C2027Q2T05,VIC1-NSW1,VIC1,10,4721.31,,A202506
D,RESIDUE_PRICE_BID,,1,C2026Q2T09,VIC1-NSW1,VIC1,18,4708.7025,,A202506
D,RESIDUE_PRICE_BID,,1,C2026Q1T10,VIC1-NSW1,VIC1,18,4499.64,,A202506
D,RESIDUE_PRICE_BID,,1,C2026Q2T09,VIC1-NSW1,VIC1,10,4368,,A202506
D,RESIDUE_PRICE_BID,,1,C2025Q3T12,VIC1-NSW1,VIC1,15,4304,,A202506
D,RESIDUE_PRICE_BID,,1,C2027Q1T06,VIC1-NSW1,VIC1,18,4215.5850,,A202506
D,RESIDUE_PRICE_BID,,1,C2026Q4T07,VIC1-NSW1,VIC1,10,4140,,A202506
D,RESIDUE_PRICE_BID,,1,C2026Q3T08,VIC1-NSW1,VIC1,10,4140,,A202506
D,RESIDUE_PRICE_BID,,1,C2028Q1T02,VIC1-NSW1,VIC1,18,4053.75,,A202506
D,RESIDUE_PRICE_BID,,1,C2027Q4T03,VIC1-NSW1,VIC1,18,4050.75,,A202506
D,RESIDUE_PRICE_BID,,1,C2027Q1T06,VIC1-NSW1,VIC1,1,4003.333250,,A202506
D,RESIDUE_PRICE_BID,,1,C2026Q4T07,VIC1-NSW1,VIC1,1,4003.333250,,A202506
D,RESIDUE_PRICE_BID,,1,C2025Q4T11,VIC1-NSW1,VIC1,1,4003.333250,,A202506
D,RESIDUE_PRICE_BID,,1,C2028Q1T02,VIC1-NSW1,VIC1,1,4003.333250,,A202506
D,RESIDUE_PRICE_BID,,1,C2027Q4T03,VIC1-NSW1,VIC1,1,4003.333250,,A202506
D,RESIDUE_PRICE_BID,,1,C2027Q2T05,VIC1-NSW1,VIC1,1,4003.333250,,A202506
D,RESIDUE_PRICE_BID,,1,C2026Q2T09,VIC1-NSW1,VIC1,1,4003.333250,,A202506
D,RESIDUE_PRICE_BID,,1,C2026Q1T10,VIC1-NSW1,VIC1,1,4003.333250,,A202506
D,RESIDUE_PRICE_BID,,1,C2027Q2T05,VIC1-NSW1,VIC1,6,4003,,A202506
D,RESIDUE_PRICE_BID,,1,C2026Q2T09,VIC1-NSW1,VIC1,8,4003,,A202506
D,RESIDUE_PRICE_BID,,1,C2026Q2T09,VIC1-NSW1,VIC1,10,4003,,A202506
D,RESIDUE_PRICE_BID,,1,C2027Q2T05,VIC1-NSW1,VIC1,10,4003,,A202506
D,RESIDUE_PRICE_BID,,1,C2026Q3T08,VIC1-NSW1,VIC1,15,3978.80,,A202506
D,RESIDUE_PRICE_BID,,1,C2028Q2T01,VIC1-NSW1,VIC1,18,3875,,A202506
D,RESIDUE_PRICE_BID,,1,C2025Q4T11,VIC1-NSW1,VIC1,10,3864,,A202506
D,RESIDUE_PRICE_BID,,1,C2026Q1T10,VIC1-NSW1,VIC1,10,3780,,A202506
D,RESIDUE_PRICE_BID,,1,C2026Q2T09,VIC1-NSW1,VIC1,15,3766.96,,A202506
D,RESIDUE_PRICE_BID,,1,C2027Q3T04,VIC1-NSW1,VIC1,15,3660.60,,A202506
D,RESIDUE_PRICE_BID,,1,C2027Q3T04,VIC1-NSW1,VIC1,18,3660.60,,A202506
D,RESIDUE_PRICE_BID,,1,C2026Q1T10,VIC1-NSW1,VIC1,15,3599.71,,A202506
D,RESIDUE_PRICE_BID,,1,C2027Q4T03,VIC1-NSW1,VIC1,10,3588,,A202506
D,RESIDUE_PRICE_BID,,1,C2025Q4T11,VIC1-NSW1,VIC1,15,3559.57,,A202506
D,RESIDUE_PRICE_BID,,1,C2025Q4T11,VIC1-NSW1,VIC1,18,3559.5660,,A202506
D,RESIDUE_PRICE_BID,,1,C2026Q4T07,VIC1-NSW1,VIC1,18,3430,,A202506
D,RESIDUE_PRICE_BID,,1,C2026Q4T07,VIC1-NSW1,VIC1,15,3430,,A202506
D,RESIDUE_PRICE_BID,,1,C2027Q1T06,VIC1-NSW1,VIC1,15,3372.47,,A202506
D,RESIDUE_PRICE_BID,,1,C2027Q2T05,VIC1-NSW1,VIC1,1,3336.111080,,A202506
D,RESIDUE_PRICE_BID,,1,C2026Q1T10,VIC1-NSW1,VIC1,1,3336.111080,,A202506
D,RESIDUE_PRICE_BID,,1,C2026Q2T09,VIC1-NSW1,VIC1,1,3336.111080,,A202506
D,RESIDUE_PRICE_BID,,1,C2027Q4T03,VIC1-NSW1,VIC1,1,3336.111080,,A202506
D,RESIDUE_PRICE_BID,,1,C2026Q4T07,VIC1-NSW1,VIC1,1,3336.111080,,A202506
D,RESIDUE_PRICE_BID,,1,C2027Q1T06,VIC1-NSW1,VIC1,1,3336.111080,,A202506
D,RESIDUE_PRICE_BID,,1,C2028Q1T02,VIC1-NSW1,VIC1,1,3336.111080,,A202506
D,RESIDUE_PRICE_BID,,1,C2025Q4T11,VIC1-NSW1,VIC1,1,3336.111080,,A202506
D,RESIDUE_PRICE_BID,,1,C2027Q3T04,VIC1-NSW1,VIC1,10,3312,,A202506
D,RESIDUE_PRICE_BID,,1,C2028Q1T02,VIC1-NSW1,VIC1,10,3276,,A202506
D,RESIDUE_PRICE_BID,,1,C2028Q2T01,VIC1-NSW1,VIC1,10,3276,,A202506
D,RESIDUE_PRICE_BID,,1,C2028Q1T02,VIC1-NSW1,VIC1,15,3243,,A202506
D,RESIDUE_PRICE_BID,,1,C2027Q4T03,VIC1-NSW1,VIC1,15,3240.60,,A202506
D,RESIDUE_PRICE_BID,,1,C2027Q1T06,VIC1-NSW1,VIC1,10,3240,,A202506
D,RESIDUE_PRICE_BID,,1,C2027Q2T05,VIC1-NSW1,VIC1,15,3147.54,,A202506
D,RESIDUE_PRICE_BID,,1,C2027Q2T05,VIC1-NSW1,VIC1,18,3147.54,,A202506
D,RESIDUE_PRICE_BID,,1,C2028Q2T01,VIC1-NSW1,VIC1,15,3147.54,,A202506
D,RESIDUE_PRICE_BID,,1,C2027Q2T05,VIC1-NSW1,VIC1,1,2859.523920,,A202506
D,RESIDUE_PRICE_BID,,1,C2026Q2T09,VIC1-NSW1,VIC1,1,2859.523920,,A202506
D,RESIDUE_PRICE_BID,,1,C2026Q1T10,VIC1-NSW1,VIC1,1,2859.523920,,A202506
D,RESIDUE_PRICE_BID,,1,C2027Q1T06,VIC1-NSW1,VIC1,1,2859.523920,,A202506
D,RESIDUE_PRICE_BID,,1,C2028Q1T02,VIC1-NSW1,VIC1,1,2859.523920,,A202506
D,RESIDUE_PRICE_BID,,1,C2027Q4T03,VIC1-NSW1,VIC1,1,2859.523920,,A202506
D,RESIDUE_PRICE_BID,,1,C2026Q4T07,VIC1-NSW1,VIC1,1,2859.523920,,A202506
D,RESIDUE_PRICE_BID,,1,C2025Q4T11,VIC1-NSW1,VIC1,1,2859.523920,,A202506
D,RESIDUE_PRICE_BID,,1,C2027Q2T05,VIC1-NSW1,VIC1,10,2730,,A202506
D,RESIDUE_PRICE_BID,,1,C2025Q3T12,VIC1-NSW1,VIC1,30,2484,,A202506
D,RESIDUE_PRICE_BID,,1,C2026Q2T09,VIC1-NSW1,VIC1,40,2184,,A202506
D,RESIDUE_PRICE_BID,,1,C2026Q3T08,VIC1-NSW1,VIC1,40,2070,,A202506
D,RESIDUE_PRICE_BID,,1,C2026Q4T07,VIC1-NSW1,VIC1,40,2070,,A202506
D,RESIDUE_PRICE_BID,,1,C2025Q4T11,VIC1-NSW1,VIC1,45,1932,,A202506
D,RESIDUE_PRICE_BID,,1,C2026Q1T10,VIC1-NSW1,VIC1,45,1890,,A202506
D,RESIDUE_PRICE_BID,,1,C2027Q4T03,VIC1-NSW1,VIC1,40,1794,,A202506
D,RESIDUE_PRICE_BID,,1,C2027Q3T04,VIC1-NSW1,VIC1,40,1656,,A202506
D,RESIDUE_PRICE_BID,,1,C2028Q2T01,VIC1-NSW1,VIC1,40,1638,,A202506
D,RESIDUE_PRICE_BID,,1,C2028Q1T02,VIC1-NSW1,VIC1,40,1638,,A202506
D,RESIDUE_PRICE_BID,,1,C2027Q1T06,VIC1-NSW1,VIC1,40,1620,,A202506
D,RESIDUE_PRICE_BID,,1,C2027Q2T05,VIC1-NSW1,VIC1,40,1365,,A202506
D,RESIDUE_PRICE_BID,,1,C2025Q3T12,VIC1-NSW1,VIC1,49,621,,A202506
D,RESIDUE_PRICE_BID,,1,C2026Q2T09,VIC1-NSW1,VIC1,49,546,,A202506
D,RESIDUE_PRICE_BID,,1,C2026Q4T07,VIC1-NSW1,VIC1,49,517.50,,A202506
D,RESIDUE_PRICE_BID,,1,C2026Q3T08,VIC1-NSW1,VIC1,49,517.50,,A202506
D,RESIDUE_PRICE_BID,,1,C2025Q4T11,VIC1-NSW1,VIC1,49,483,,A202506
D,RESIDUE_PRICE_BID,,1,C2026Q1T10,VIC1-NSW1,VIC1,49,472.50,,A202506
D,RESIDUE_PRICE_BID,,1,C2027Q4T03,VIC1-NSW1,VIC1,49,448.50,,A202506
D,RESIDUE_PRICE_BID,,1,C2027Q3T04,VIC1-NSW1,VIC1,49,414,,A202506
D,RESIDUE_PRICE_BID,,1,C2028Q1T02,VIC1-NSW1,VIC1,49,409.50,,A202506
D,RESIDUE_PRICE_BID,,1,C2028Q2T01,VIC1-NSW1,VIC1,49,409.50,,A202506
D,RESIDUE_PRICE_BID,,1,C2027Q1T06,VIC1-NSW1,VIC1,49,405,,A202506
D,RESIDUE_PRICE_BID,,1,C2027Q2T05,VIC1-NSW1,VIC1,49,341.25,,A202506
D,RESIDUE_PRICE_BID,,1,C2025Q3T12,VIC1-NSW1,VIC1,1,155.25,,A202506
D,RESIDUE_PRICE_BID,,1,C2026Q2T09,VIC1-NSW1,VIC1,1,136.50,,A202506
D,RESIDUE_PRICE_BID,,1,C2026Q3T08,VIC1-NSW1,VIC1,1,129.38,,A202506
D,RESIDUE_PRICE_BID,,1,C2026Q4T07,VIC1-NSW1,VIC1,1,129.38,,A202506
D,RESIDUE_PRICE_BID,,1,C2025Q4T11,VIC1-NSW1,VIC1,1,120.75,,A202506
D,RESIDUE_PRICE_BID,,1,C2026Q1T10,VIC1-NSW1,VIC1,1,118.13,,A202506
D,RESIDUE_PRICE_BID,,1,C2027Q4T03,VIC1-NSW1,VIC1,1,112.13,,A202506
D,RESIDUE_PRICE_BID,,1,C2027Q3T04,VIC1-NSW1,VIC1,1,103.50,,A202506
D,RESIDUE_PRICE_BID,,1,C2028Q1T02,VIC1-NSW1,VIC1,1,102.38,,A202506
D,RESIDUE_PRICE_BID,,1,C2028Q2T01,VIC1-NSW1,VIC1,1,102.38,,A202506
D,RESIDUE_PRICE_BID,,1,C2027Q1T06,VIC1-NSW1,VIC1,1,101.25,,A202506
D,RESIDUE_PRICE_BID,,1,C2027Q2T05,VIC1-NSW1,VIC1,1,85.31,,A202506
D,RESIDUE_PRICE_BID,,1,C2025Q3T12,VIC1-NSW1,VIC1,1,4.42,,A202506
D,RESIDUE_PRICE_BID,,1,C2027Q4T03,VIC1-NSW1,VIC1,1,4.42,,A202506
D,RESIDUE_PRICE_BID,,1,C2027Q3T04,VIC1-NSW1,VIC1,1,4.42,,A202506
D,RESIDUE_PRICE_BID,,1,C2025Q4T11,VIC1-NSW1,VIC1,1,4.42,,A202506
D,RESIDUE_PRICE_BID,,1,C2026Q3T08,VIC1-NSW1,VIC1,1,4.42,,A202506
D,RESIDUE_PRICE_BID,,1,C2027Q2T05,VIC1-NSW1,VIC1,1,4.37,,A202506
D,RESIDUE_PRICE_BID,,1,C2026Q2T09,VIC1-NSW1,VIC1,1,4.37,,A202506
D,RESIDUE_PRICE_BID,,1,C2028Q2T01,VIC1-NSW1,VIC1,1,4.37,,A202506
D,RESIDUE_PRICE_BID,,1,C2028Q1T02,VIC1-NSW1,VIC1,1,4.37,,A202506
D,RESIDUE_PRICE_BID,,1,C2027Q1T06,VIC1-NSW1,VIC1,1,4.32,,A202506
D,RESIDUE_PRICE_BID,,1,C2026Q1T10,VIC1-NSW1,VIC1,1,4.32,,A202506
D,RESIDUE_PRICE_BID,,1,C2025Q3T12,VIC1-NSW1,VIC1,1,3.31,,A202506
D,RESIDUE_PRICE_BID,,1,C2027Q4T03,VIC1-NSW1,VIC1,1,3.31,,A202506
D,RESIDUE_PRICE_BID,,1,C2027Q3T04,VIC1-NSW1,VIC1,1,3.31,,A202506
D,RESIDUE_PRICE_BID,,1,C2026Q4T07,VIC1-NSW1,VIC1,1,3.31,,A202506
D,RESIDUE_PRICE_BID,,1,C2025Q4T11,VIC1-NSW1,VIC1,1,3.31,,A202506
D,RESIDUE_PRICE_BID,,1,C2026Q3T08,VIC1-NSW1,VIC1,1,3.31,,A202506
D,RESIDUE_PRICE_BID,,1,C2028Q2T01,VIC1-NSW1,VIC1,1,3.28,,A202506
D,RESIDUE_PRICE_BID,,1,C2027Q2T05,VIC1-NSW1,VIC1,1,3.28,,A202506
D,RESIDUE_PRICE_BID,,1,C2028Q1T02,VIC1-NSW1,VIC1,1,3.28,,A202506
D,RESIDUE_PRICE_BID,,1,C2026Q2T09,VIC1-NSW1,VIC1,1,3.28,,A202506
D,RESIDUE_PRICE_BID,,1,C2026Q1T10,VIC1-NSW1,VIC1,1,3.24,,A202506
D,RESIDUE_PRICE_BID,,1,C2027Q1T06,VIC1-NSW1,VIC1,1,3.24,,A202506
D,RESIDUE_PRICE_BID,,1,C2027Q3T04,VIC1-NSW1,VIC1,1,2.21,,A202506
D,RESIDUE_PRICE_BID,,1,C2025Q4T11,VIC1-NSW1,VIC1,1,2.21,,A202506
D,RESIDUE_PRICE_BID,,1,C2026Q4T07,VIC1-NSW1,VIC1,1,2.21,,A202506
D,RESIDUE_PRICE_BID,,1,C2026Q3T08,VIC1-NSW1,VIC1,1,2.21,,A202506
D,RESIDUE_PRICE_BID,,1,C2025Q3T12,VIC1-NSW1,VIC1,1,2.21,,A202506
D,RESIDUE_PRICE_BID,,1,C2027Q4T03,VIC1-NSW1,VIC1,1,2.21,,A202506
D,RESIDUE_PRICE_BID,,1,C2026Q2T09,VIC1-NSW1,VIC1,1,2.18,,A202506
D,RESIDUE_PRICE_BID,,1,C2028Q1T02,VIC1-NSW1,VIC1,1,2.18,,A202506
D,RESIDUE_PRICE_BID,,1,C2028Q2T01,VIC1-NSW1,VIC1,1,2.18,,A202506
D,RESIDUE_PRICE_BID,,1,C2027Q2T05,VIC1-NSW1,VIC1,1,2.18,,A202506
D,RESIDUE_PRICE_BID,,1,C2026Q1T10,VIC1-NSW1,VIC1,1,2.16,,A202506
D,RESIDUE_PRICE_BID,,1,C2027Q1T06,VIC1-NSW1,VIC1,1,2.16,,A202506
D,RESIDUE_PRICE_BID,,1,C2026Q4T07,VIC1-NSW1,VIC1,1,1.10,,A202506
D,RESIDUE_PRICE_BID,,1,C2027Q4T03,VIC1-NSW1,VIC1,1,1.10,,A202506
D,RESIDUE_PRICE_BID,,1,C2026Q3T08,VIC1-NSW1,VIC1,1,1.10,,A202506
D,RESIDUE_PRICE_BID,,1,C2025Q3T12,VIC1-NSW1,VIC1,1,1.10,,A202506
D,RESIDUE_PRICE_BID,,1,C2025Q4T11,VIC1-NSW1,VIC1,1,1.10,,A202506
D,RESIDUE_PRICE_BID,,1,C2027Q3T04,VIC1-NSW1,VIC1,1,1.10,,A202506
D,RESIDUE_PRICE_BID,,1,C2028Q1T02,VIC1-NSW1,VIC1,1,1.09,,A202506
D,RESIDUE_PRICE_BID,,1,C2028Q2T01,VIC1-NSW1,VIC1,1,1.09,,A202506
D,RESIDUE_PRICE_BID,,1,C2027Q2T05,VIC1-NSW1,VIC1,1,1.09,,A202506
D,RESIDUE_PRICE_BID,,1,C2026Q2T09,VIC1-NSW1,VIC1,1,1.09,,A202506
D,RESIDUE_PRICE_BID,,1,C2026Q1T10,VIC1-NSW1,VIC1,1,1.08,,A202506
D,RESIDUE_PRICE_BID,,1,C2027Q1T06,VIC1-NSW1,VIC1,1,1.08,,A202506
D,RESIDUE_PRICE_BID,,1,C2026Q3T08,VIC1-NSW1,VIC1,1,0.01,,A202506
D,RESIDUE_PRICE_BID,,1,C2027Q4T03,VIC1-NSW1,VIC1,1,0.01,,A202506
D,RESIDUE_PRICE_BID,,1,C2026Q2T09,VIC1-NSW1,VIC1,1,0.01,,A202506
D,RESIDUE_PRICE_BID,,1,C2028Q1T02,VIC1-NSW1,VIC1,1,0.01,,A202506
D,RESIDUE_PRICE_BID,,1,C2025Q4T11,VIC1-NSW1,VIC1,1,0.01,,A202506
D,RESIDUE_PRICE_BID,,1,C2026Q2T09,VIC1-NSW1,VIC1,1,0.01,,A202506
D,RESIDUE_PRICE_BID,,1,C2027Q4T03,VIC1-NSW1,VIC1,1,0.01,,A202506
D,RESIDUE_PRICE_BID,,1,C2026Q3T08,VIC1-NSW1,VIC1,1,0.01,,A202506
D,RESIDUE_PRICE_BID,,1,C2025Q4T11,VIC1-NSW1,VIC1,1,0.01,,A202506
D,RESIDUE_PRICE_BID,,1,C2026Q1T10,VIC1-NSW1,VIC1,1,0.01,,A202506
D,RESIDUE_PRICE_BID,,1,C2026Q1T10,VIC1-NSW1,VIC1,1,0.01,,A202506
D,RESIDUE_PRICE_BID,,1,C2026Q3T08,VIC1-NSW1,VIC1,1,0.01,,A202506
D,RESIDUE_PRICE_BID,,1,C2026Q4T07,VIC1-NSW1,VIC1,1,0.01,,A202506
D,RESIDUE_PRICE_BID,,1,C2028Q2T01,VIC1-NSW1,VIC1,1,0.01,,A202506
D,RESIDUE_PRICE_BID,,1,C2027Q1T06,VIC1-NSW1,VIC1,1,0.01,,A202506
D,RESIDUE_PRICE_BID,,1,C2028Q2T01,VIC1-NSW1,VIC1,1,0.01,,A202506
D,RESIDUE_PRICE_BID,,1,C2026Q4T07,VIC1-NSW1,VIC1,1,0.01,,A202506
D,RESIDUE_PRICE_BID,,1,C2026Q1T10,VIC1-NSW1,VIC1,1,0.01,,A202506
D,RESIDUE_PRICE_BID,,1,C2026Q4T07,VIC1-NSW1,VIC1,1,0.01,,A202506
D,RESIDUE_PRICE_BID,,1,C2025Q3T12,VIC1-NSW1,VIC1,1,0.01,,A202506
D,RESIDUE_PRICE_BID,,1,C2025Q4T11,VIC1-NSW1,VIC1,1,0.01,,A202506
D,RESIDUE_PRICE_BID,,1,C2026Q2T09,VIC1-NSW1,VIC1,1,0.01,,A202506
D,RESIDUE_PRICE_BID,,1,C2026Q1T10,VIC1-NSW1,VIC1,1,0.01,,A202506
D,RESIDUE_PRICE_BID,,1,C2027Q3T04,VIC1-NSW1,VIC1,1,0.01,,A202506
D,RESIDUE_PRICE_BID,,1,C2026Q2T09,VIC1-NSW1,VIC1,1,0.01,,A202506
D,RESIDUE_PRICE_BID,,1,C2026Q3T08,VIC1-NSW1,VIC1,1,0.01,,A202506
D,RESIDUE_PRICE_BID,,1,C2026Q2T09,VIC1-NSW1,VIC1,1,0.01,,A202506
D,RESIDUE_PRICE_BID,,1,C2028Q2T01,VIC1-NSW1,VIC1,1,0.01,,A202506
D,RESIDUE_PRICE_BID,,1,C2027Q2T05,VIC1-NSW1,VIC1,1,0.01,,A202506
D,RESIDUE_PRICE_BID,,1,C2028Q2T01,VIC1-NSW1,VIC1,1,0.01,,A202506
D,RESIDUE_PRICE_BID,,1,C2028Q1T02,VIC1-NSW1,VIC1,1,0.01,,A202506
D,RESIDUE_PRICE_BID,,1,C2027Q1T06,VIC1-NSW1,VIC1,1,0.01,,A202506
D,RESIDUE_PRICE_BID,,1,C2027Q2T05,VIC1-NSW1,VIC1,1,0.01,,A202506
D,RESIDUE_PRICE_BID,,1,C2026Q3T08,VIC1-NSW1,VIC1,1,0.01,,A202506
D,RESIDUE_PRICE_BID,,1,C2028Q2T01,VIC1-NSW1,VIC1,1,0.01,,A202506
D,RESIDUE_PRICE_BID,,1,C2025Q3T12,VIC1-NSW1,VIC1,1,0.01,,A202506
D,RESIDUE_PRICE_BID,,1,C2027Q2T05,VIC1-NSW1,VIC1,1,0.01,,A202506
D,RESIDUE_PRICE_BID,,1,C2027Q1T06,VIC1-NSW1,VIC1,1,0.01,,A202506
D,RESIDUE_PRICE_BID,,1,C2027Q2T05,VIC1-NSW1,VIC1,1,0.01,,A202506
D,RESIDUE_PRICE_BID,,1,C2026Q3T08,VIC1-NSW1,VIC1,1,0.01,,A202506
D,RESIDUE_PRICE_BID,,1,C2027Q3T04,VIC1-NSW1,VIC1,1,0.01,,A202506
D,RESIDUE_PRICE_BID,,1,C2027Q4T03,VIC1-NSW1,VIC1,1,0.01,,A202506
D,RESIDUE_PRICE_BID,,1,C2027Q4T03,VIC1-NSW1,VIC1,1,0.01,,A202506
D,RESIDUE_PRICE_BID,,1,C2025Q3T12,VIC1-NSW1,VIC1,1,0.01,,A202506
D,RESIDUE_PRICE_BID,,1,C2027Q4T03,VIC1-NSW1,VIC1,1,0.01,,A202506
D,RESIDUE_PRICE_BID,,1,C2027Q3T04,VIC1-NSW1,VIC1,1,0.01,,A202506
D,RESIDUE_PRICE_BID,,1,C2027Q4T03,VIC1-NSW1,VIC1,1,0.01,,A202506
D,RESIDUE_PRICE_BID,,1,C2025Q4T11,VIC1-NSW1,VIC1,1,0.01,,A202506
D,RESIDUE_PRICE_BID,,1,C2028Q2T01,VIC1-NSW1,VIC1,1,0.01,,A202506
D,RESIDUE_PRICE_BID,,1,C2026Q4T07,VIC1-NSW1,VIC1,1,0.01,,A202506
D,RESIDUE_PRICE_BID,,1,C2026Q4T07,VIC1-NSW1,VIC1,1,0.01,,A202506
D,RESIDUE_PRICE_BID,,1,C2027Q4T03,VIC1-NSW1,VIC1,1,0.01,,A202506
D,RESIDUE_PRICE_BID,,1,C2028Q1T02,VIC1-NSW1,VIC1,1,0.01,,A202506
D,RESIDUE_PRICE_BID,,1,C2026Q2T09,VIC1-NSW1,VIC1,1,0.01,,A202506
D,RESIDUE_PRICE_BID,,1,C2025Q4T11,VIC1-NSW1,VIC1,1,0.01,,A202506
D,RESIDUE_PRICE_BID,,1,C2025Q3T12,VIC1-NSW1,VIC1,1,0.01,,A202506
D,RESIDUE_PRICE_BID,,1,C2026Q3T08,VIC1-NSW1,VIC1,1,0.01,,A202506
D,RESIDUE_PRICE_BID,,1,C2028Q2T01,VIC1-NSW1,VIC1,1,0.01,,A202506
D,RESIDUE_PRICE_BID,,1,C2027Q2T05,VIC1-NSW1,VIC1,1,0.01,,A202506
D,RESIDUE_PRICE_BID,,1,C2026Q2T09,VIC1-NSW1,VIC1,1,0.01,,A202506
D,RESIDUE_PRICE_BID,,1,C2027Q1T06,VIC1-NSW1,VIC1,1,0.01,,A202506
D,RESIDUE_PRICE_BID,,1,C2025Q3T12,VIC1-NSW1,VIC1,1,0.01,,A202506
D,RESIDUE_PRICE_BID,,1,C2028Q2T01,VIC1-NSW1,VIC1,1,0.01,,A202506
D,RESIDUE_PRICE_BID,,1,C2027Q1T06,VIC1-NSW1,VIC1,1,0.01,,A202506
D,RESIDUE_PRICE_BID,,1,C2027Q2T05,VIC1-NSW1,VIC1,1,0.01,,A202506
D,RESIDUE_PRICE_BID,,1,C2025Q4T11,VIC1-NSW1,VIC1,1,0.01,,A202506
D,RESIDUE_PRICE_BID,,1,C2027Q2T05,VIC1-NSW1,VIC1,1,0.01,,A202506
D,RESIDUE_PRICE_BID,,1,C2026Q2T09,VIC1-NSW1,VIC1,1,0.01,,A202506
D,RESIDUE_PRICE_BID,,1,C2026Q1T10,VIC1-NSW1,VIC1,1,0.01,,A202506
D,RESIDUE_PRICE_BID,,1,C2026Q4T07,VIC1-NSW1,VIC1,1,0.01,,A202506
D,RESIDUE_PRICE_BID,,1,C2025Q4T11,VIC1-NSW1,VIC1,1,0.01,,A202506
D,RESIDUE_PRICE_BID,,1,C2028Q1T02,VIC1-NSW1,VIC1,1,0.01,,A202506
D,RESIDUE_PRICE_BID,,1,C2027Q3T04,VIC1-NSW1,VIC1,1,0.01,,A202506
D,RESIDUE_PRICE_BID,,1,C2025Q3T12,VIC1-NSW1,VIC1,1,0.01,,A202506
D,RESIDUE_PRICE_BID,,1,C2027Q1T06,VIC1-NSW1,VIC1,1,0.01,,A202506
D,RESIDUE_PRICE_BID,,1,C2026Q3T08,VIC1-NSW1,VIC1,1,0.01,,A202506
D,RESIDUE_PRICE_BID,,1,C2028Q2T01,VIC1-NSW1,VIC1,1,0.01,,A202506
D,RESIDUE_PRICE_BID,,1,C2025Q4T11,VIC1-NSW1,VIC1,1,0.01,,A202506
D,RESIDUE_PRICE_BID,,1,C2026Q1T10,VIC1-NSW1,VIC1,1,0.01,,A202506
D,RESIDUE_PRICE_BID,,1,C2027Q1T06,VIC1-NSW1,VIC1,1,0.01,,A202506
D,RESIDUE_PRICE_BID,,1,C2027Q1T06,VIC1-NSW1,VIC1,1,0.01,,A202506
D,RESIDUE_PRICE_BID,,1,C2027Q2T05,VIC1-NSW1,VIC1,1,0.01,,A202506
D,RESIDUE_PRICE_BID,,1,C2026Q1T10,VIC1-NSW1,VIC1,1,0.01,,A202506
D,RESIDUE_PRICE_BID,,1,C2027Q1T06,VIC1-NSW1,VIC1,1,0.01,,A202506
D,RESIDUE_PRICE_BID,,1,C2028Q1T02,VIC1-NSW1,VIC1,1,0.01,,A202506
D,RESIDUE_PRICE_BID,,1,C2027Q3T04,VIC1-NSW1,VIC1,1,0.01,,A202506
D,RESIDUE_PRICE_BID,,1,C2026Q4T07,VIC1-NSW1,VIC1,1,0.01,,A202506
D,RESIDUE_PRICE_BID,,1,C2026Q4T07,VIC1-NSW1,VIC1,1,0.01,,A202506
D,RESIDUE_PRICE_BID,,1,C2027Q4T03,VIC1-NSW1,VIC1,1,0.01,,A202506
D,RESIDUE_PRICE_BID,,1,C2026Q1T10,VIC1-NSW1,VIC1,1,0.01,,A202506
D,RESIDUE_PRICE_BID,,1,C2026Q1T10,VIC1-NSW1,VIC1,1,0.01,,A202506
D,RESIDUE_PRICE_BID,,1,C2025Q3T12,VIC1-NSW1,VIC1,1,0.01,,A202506
D,RESIDUE_PRICE_BID,,1,C2026Q2T09,VIC1-NSW1,VIC1,1,0.01,,A202506
D,RESIDUE_PRICE_BID,,1,C2027Q1T06,VIC1-NSW1,VIC1,1,0.01,,A202506
D,RESIDUE_PRICE_BID,,1,C2027Q3T04,VIC1-NSW1,VIC1,1,0.01,,A202506
D,RESIDUE_PRICE_BID,,1,C2026Q4T07,VIC1-NSW1,VIC1,1,0.01,,A202506
D,RESIDUE_PRICE_BID,,1,C2025Q3T12,VIC1-NSW1,VIC1,1,0.01,,A202506
D,RESIDUE_PRICE_BID,,1,C2028Q1T02,VIC1-NSW1,VIC1,1,0.01,,A202506
D,RESIDUE_PRICE_BID,,1,C2027Q1T06,VIC1-NSW1,VIC1,1,0.01,,A202506
D,RESIDUE_PRICE_BID,,1,C2027Q4T03,VIC1-NSW1,VIC1,1,0.01,,A202506
D,RESIDUE_PRICE_BID,,1,C2027Q3T04,VIC1-NSW1,VIC1,1,0.01,,A202506
D,RESIDUE_PRICE_BID,,1,C2025Q4T11,VIC1-NSW1,VIC1,1,0.01,,A202506
D,RESIDUE_PRICE_BID,,1,C2027Q2T05,VIC1-NSW1,VIC1,1,0.01,,A202506
D,RESIDUE_PRICE_BID,,1,C2026Q4T07,VIC1-NSW1,VIC1,1,0.01,,A202506
D,RESIDUE_PRICE_BID,,1,C2027Q4T03,VIC1-NSW1,VIC1,1,0.01,,A202506
D,RESIDUE_PRICE_BID,,1,C2027Q4T03,VIC1-NSW1,VIC1,1,0.01,,A202506
D,RESIDUE_PRICE_BID,,1,C2026Q4T07,VIC1-NSW1,VIC1,1,0.01,,A202506
D,RESIDUE_PRICE_BID,,1,C2028Q1T02,VIC1-NSW1,VIC1,1,0.01,,A202506
D,RESIDUE_PRICE_BID,,1,C2026Q2T09,VIC1-NSW1,VIC1,1,0.01,,A202506
D,RESIDUE_PRICE_BID,,1,C2027Q4T03,VIC1-NSW1,VIC1,1,0.01,,A202506
D,RESIDUE_PRICE_BID,,1,C2026Q1T10,VIC1-NSW1,VIC1,1,0.01,,A202506
D,RESIDUE_PRICE_BID,,1,C2027Q3T04,VIC1-NSW1,VIC1,1,0.01,,A202506
D,RESIDUE_PRICE_BID,,1,C2026Q3T08,VIC1-NSW1,VIC1,1,0.01,,A202506
D,RESIDUE_PRICE_BID,,1,C2025Q3T12,VIC1-NSW1,VIC1,1,0.01,,A202506
D,RESIDUE_PRICE_BID,,1,C2026Q3T08,VIC1-NSW1,VIC1,1,0.01,,A202506
D,RESIDUE_PRICE_BID,,1,C2028Q1T02,VIC1-NSW1,VIC1,1,0.01,,A202506
D,RESIDUE_PRICE_BID,,1,C2027Q3T04,VIC1-NSW1,VIC1,1,0.01,,A202506
D,RESIDUE_PRICE_BID,,1,C2025Q3T12,VIC1-NSW1,VIC1,1,0.01,,A202506
D,RESIDUE_PRICE_BID,,1,C2025Q4T11,VIC1-NSW1,VIC1,1,0.01,,A202506
D,RESIDUE_PRICE_BID,,1,C2025Q4T11,VIC1-NSW1,VIC1,1,0.01,,A202506
D,RESIDUE_PRICE_BID,,1,C2027Q3T04,VIC1-NSW1,VIC1,1,0.01,,A202506
D,RESIDUE_PRICE_BID,,1,C2026Q4T07,VIC1-NSW1,VIC1,1,0.01,,A202506
D,RESIDUE_PRICE_BID,,1,C2028Q1T02,VIC1-NSW1,VIC1,1,0.01,,A202506
D,RESIDUE_PRICE_BID,,1,C2027Q2T05,VIC1-NSW1,VIC1,1,0.01,,A202506
D,RESIDUE_PRICE_BID,,1,C2027Q2T05,VIC1-NSW1,VIC1,1,0.01,,A202506
D,RESIDUE_PRICE_BID,,1,C2028Q2T01,VIC1-NSW1,VIC1,1,0.01,,A202506
D,RESIDUE_PRICE_BID,,1,C2026Q2T09,VIC1-NSW1,VIC1,1,0.01,,A202506
D,RESIDUE_PRICE_BID,,1,C2025Q4T11,VIC1-NSW1,VIC1,1,0.01,,A202506
D,RESIDUE_PRICE_BID,,1,C2026Q3T08,VIC1-NSW1,VIC1,1,0.01,,A202506
D,RESIDUE_PRICE_BID,,1,C2027Q2T05,VIC1-NSW1,VIC1,1,0.01,,A202506
D,RESIDUE_PRICE_BID,,1,C2026Q2T09,VIC1-NSW1,VIC1,1,0.01,,A202506
D,RESIDUE_PRICE_BID,,1,C2025Q3T12,VIC1-NSW1,VIC1,1,0.01,,A202506
D,RESIDUE_PRICE_BID,,1,C2028Q1T02,VIC1-NSW1,VIC1,1,0.01,,A202506
D,RESIDUE_PRICE_BID,,1,C2027Q3T04,VIC1-NSW1,VIC1,1,0.01,,A202506
D,RESIDUE_PRICE_BID,,1,C2026Q1T10,VIC1-NSW1,VIC1,1,0.01,,A202506
D,RESIDUE_PRICE_BID,,1,C2028Q1T02,VIC1-NSW1,VIC1,1,0.01,,A202506
D,RESIDUE_PRICE_BID,,1,C2026Q3T08,VIC1-NSW1,VIC1,1,0.01,,A202506
D,RESIDUE_PRICE_BID,,1,C2028Q2T01,VIC1-NSW1,VIC1,1,0.01,,A202506
D,RESIDUE_PRICE_BID,,1,C2027Q4T03,VIC1-NSW1,VIC1,1,0.01,,A202506
D,RESIDUE_PRICE_BID,,1,C2028Q2T01,VIC1-NSW1,VIC1,1,0.01,,A202506
D,RESIDUE_PRICE_BID,,1,C2025Q3T12,VIC1-NSW1,VIC1,1,0.01,,A202506
C,"END OF REPORT",7900
