C,NEMP.WORLD,SROFFER,AEMO,PUBLIC,2023/12/15,14:27:24,0000000405687063,,0000000405687063
I,RESIDUE_PRICE_OFFER,,1,:AUCTIONID,TRANCHEID,INTERCONNECTORID,FROMREGIONID,OFFERUNITS,OFFERPRICE
D,RESIDUE_PRICE_OFFER,,1,A202312,C2024Q1T12,NSW1-QLD1,NSW1,3,14642.60
D,RESIDUE_PRICE_OFFER,,1,A202312,C2024Q1T12,NSW1-QLD1,NSW1,4,19767.509990
D,RESIDUE_PRICE_OFFER,,1,A202312,C2024Q1T12,NSW1-QLD1,NSW1,6,26686.1385
D,RESIDUE_PRICE_OFFER,,1,A202312,C2024Q1T12,NSW1-QLD1,NSW1,8,36026.286970
D,RESIDUE_PRICE_OFFER,,1,A202312,C2024Q1T12,NSW1-QLD1,NSW1,9,37827.601320
D,RESIDUE_PRICE_OFFER,,1,A202312,C2024Q1T12,NSW1-QLD1,NSW1,15,39718.981390
D,RESIDUE_PRICE_OFFER,,1,A202312,C2024Q1T12,NSW1-QLD1,NSW1,55,0
D,RESIDUE_PRICE_OFFER,,1,A202312,C2024Q1T12,NSW1-QLD1,QLD1,1,20120.37
D,RESIDUE_PRICE_OFFER,,1,A202312,C2024Q1T12,NSW1-QLD1,QLD1,1,20240.37
D,RESIDUE_PRICE_OFFER,,1,A202312,C2024Q1T12,NSW1-QLD1,QLD1,1,20360.37
D,RESIDUE_PRICE_OFFER,,1,A202312,C2024Q1T12,NSW1-QLD1,QLD1,1,20480.37
D,RESIDUE_PRICE_OFFER,,1,A202312,C2024Q1T12,NSW1-QLD1,QLD1,1,20600.37
D,RESIDUE_PRICE_OFFER,,1,A202312,C2024Q1T12,NSW1-QLD1,QLD1,1,20720.37
D,RESIDUE_PRICE_OFFER,,1,A202312,C2024Q1T12,NSW1-QLD1,QLD1,1,20840.37
D,RESIDUE_PRICE_OFFER,,1,A202312,C2024Q1T12,NSW1-QLD1,QLD1,1,20960.37
D,RESIDUE_PRICE_OFFER,,1,A202312,C2024Q1T12,NSW1-QLD1,QLD1,1,21080.37
D,RESIDUE_PRICE_OFFER,,1,A202312,C2024Q1T12,NSW1-QLD1,QLD1,1,21200.37
D,RESIDUE_PRICE_OFFER,,1,A202312,C2024Q1T12,NSW1-QLD1,QLD1,1,21320.37
D,RESIDUE_PRICE_OFFER,,1,A202312,C2024Q1T12,NSW1-QLD1,QLD1,1,21440.37
D,RESIDUE_PRICE_OFFER,,1,A202312,C2024Q1T12,NSW1-QLD1,QLD1,1,21560.37
D,RESIDUE_PRICE_OFFER,,1,A202312,C2024Q1T12,NSW1-QLD1,QLD1,1,21680.37
D,RESIDUE_PRICE_OFFER,,1,A202312,C2024Q1T12,NSW1-QLD1,QLD1,1,21800.37
D,RESIDUE_PRICE_OFFER,,1,A202312,C2024Q1T12,NSW1-QLD1,QLD1,1,21920.37
D,RESIDUE_PRICE_OFFER,,1,A202312,C2024Q1T12,NSW1-QLD1,QLD1,1,22040.37
D,RESIDUE_PRICE_OFFER,,1,A202312,C2024Q1T12,NSW1-QLD1,QLD1,1,22160.37
D,RESIDUE_PRICE_OFFER,,1,A202312,C2024Q1T12,NSW1-QLD1,QLD1,1,22280.37
D,RESIDUE_PRICE_OFFER,,1,A202312,C2024Q1T12,NSW1-QLD1,QLD1,1,22400.37
D,RESIDUE_PRICE_OFFER,,1,A202312,C2024Q1T12,NSW1-QLD1,QLD1,1,22520.37
D,RESIDUE_PRICE_OFFER,,1,A202312,C2024Q1T12,NSW1-QLD1,QLD1,1,22640.37
D,RESIDUE_PRICE_OFFER,,1,A202312,C2024Q1T12,NSW1-QLD1,QLD1,1,22760.37
D,RESIDUE_PRICE_OFFER,,1,A202312,C2024Q1T12,NSW1-QLD1,QLD1,1,22880.37
D,RESIDUE_PRICE_OFFER,,1,A202312,C2024Q1T12,NSW1-QLD1,QLD1,1,23000.37
D,RESIDUE_PRICE_OFFER,,1,A202312,C2024Q1T12,NSW1-QLD1,QLD1,3,19221.070030
D,RESIDUE_PRICE_OFFER,,1,A202312,C2024Q1T12,NSW1-QLD1,QLD1,3,22104.230540
D,RESIDUE_PRICE_OFFER,,1,A202312,C2024Q1T12,NSW1-QLD1,QLD1,6,25419.865130
D,RESIDUE_PRICE_OFFER,,1,A202312,C2024Q1T12,NSW1-QLD1,QLD1,6,27961.851640
D,RESIDUE_PRICE_OFFER,,1,A202312,C2024Q1T12,NSW1-QLD1,QLD1,9,30758.0368
D,RESIDUE_PRICE_OFFER,,1,A202312,C2024Q1T12,NSW1-QLD1,QLD1,9,33833.840480
D,RESIDUE_PRICE_OFFER,,1,A202312,C2024Q1T12,NSW1-QLD1,QLD1,10,24387
D,RESIDUE_PRICE_OFFER,,1,A202312,C2024Q1T12,NSW1-QLD1,QLD1,13,25000
D,RESIDUE_PRICE_OFFER,,1,A202312,C2024Q1T12,NSW1-QLD1,QLD1,20,17000
D,RESIDUE_PRICE_OFFER,,1,A202312,C2024Q1T12,NSW1-QLD1,QLD1,100,0
D,RESIDUE_PRICE_OFFER,,1,A202312,C2024Q1T12,V-SA,SA1,2,6066.568180
D,RESIDUE_PRICE_OFFER,,1,A202312,C2024Q1T12,V-SA,SA1,2,6976.5534
D,RESIDUE_PRICE_OFFER,,1,A202312,C2024Q1T12,V-SA,SA1,3,5500.93
D,RESIDUE_PRICE_OFFER,,1,A202312,C2024Q1T12,V-SA,SA1,3,8023.036420
D,RESIDUE_PRICE_OFFER,,1,A202312,C2024Q1T12,V-SA,SA1,3,9226.491880
D,RESIDUE_PRICE_OFFER,,1,A202312,C2024Q1T12,V-SA,SA1,5,10610.465670
D,RESIDUE_PRICE_OFFER,,1,A202312,C2024Q1T12,V-SA,SA1,5,12202.035520
D,RESIDUE_PRICE_OFFER,,1,A202312,C2024Q1T12,V-SA,SA1,66,0
D,RESIDUE_PRICE_OFFER,,1,A202312,C2024Q1T12,V-SA,VIC1,1,28250.97
D,RESIDUE_PRICE_OFFER,,1,A202312,C2024Q1T12,V-SA,VIC1,1,28500.97
D,RESIDUE_PRICE_OFFER,,1,A202312,C2024Q1T12,V-SA,VIC1,1,28750.97
D,RESIDUE_PRICE_OFFER,,1,A202312,C2024Q1T12,V-SA,VIC1,1,29000.97
D,RESIDUE_PRICE_OFFER,,1,A202312,C2024Q1T12,V-SA,VIC1,1,29250.97
D,RESIDUE_PRICE_OFFER,,1,A202312,C2024Q1T12,V-SA,VIC1,1,29500.97
D,RESIDUE_PRICE_OFFER,,1,A202312,C2024Q1T12,V-SA,VIC1,1,29750.97
D,RESIDUE_PRICE_OFFER,,1,A202312,C2024Q1T12,V-SA,VIC1,1,30000.97
D,RESIDUE_PRICE_OFFER,,1,A202312,C2024Q1T12,V-SA,VIC1,1,30250.97
D,RESIDUE_PRICE_OFFER,,1,A202312,C2024Q1T12,V-SA,VIC1,1,30500.97
D,RESIDUE_PRICE_OFFER,,1,A202312,C2024Q1T12,V-SA,VIC1,1,30750.97
D,RESIDUE_PRICE_OFFER,,1,A202312,C2024Q1T12,V-SA,VIC1,1,31000.97
D,RESIDUE_PRICE_OFFER,,1,A202312,C2024Q1T12,V-SA,VIC1,1,31250.97
D,RESIDUE_PRICE_OFFER,,1,A202312,C2024Q1T12,V-SA,VIC1,1,31500.97
D,RESIDUE_PRICE_OFFER,,1,A202312,C2024Q1T12,V-SA,VIC1,1,31750.97
D,RESIDUE_PRICE_OFFER,,1,A202312,C2024Q1T12,V-SA,VIC1,1,32000.97
D,RESIDUE_PRICE_OFFER,,1,A202312,C2024Q1T12,V-SA,VIC1,1,32250.97
D,RESIDUE_PRICE_OFFER,,1,A202312,C2024Q1T12,V-SA,VIC1,1,32500.97
D,RESIDUE_PRICE_OFFER,,1,A202312,C2024Q1T12,V-SA,VIC1,1,32750.97
D,RESIDUE_PRICE_OFFER,,1,A202312,C2024Q1T12,V-SA,VIC1,1,33000.97
D,RESIDUE_PRICE_OFFER,,1,A202312,C2024Q1T12,V-SA,VIC1,2,24865
D,RESIDUE_PRICE_OFFER,,1,A202312,C2024Q1T12,V-SA,VIC1,2,26854.20
D,RESIDUE_PRICE_OFFER,,1,A202312,C2024Q1T12,V-SA,VIC1,3,29002.5360
D,RESIDUE_PRICE_OFFER,,1,A202312,C2024Q1T12,V-SA,VIC1,3,31322.738880
D,RESIDUE_PRICE_OFFER,,1,A202312,C2024Q1T12,V-SA,VIC1,4,57000.97
D,RESIDUE_PRICE_OFFER,,1,A202312,C2024Q1T12,V-SA,VIC1,4,59000.97
D,RESIDUE_PRICE_OFFER,,1,A202312,C2024Q1T12,V-SA,VIC1,4,61000.97
D,RESIDUE_PRICE_OFFER,,1,A202312,C2024Q1T12,V-SA,VIC1,4,63000.97
D,RESIDUE_PRICE_OFFER,,1,A202312,C2024Q1T12,V-SA,VIC1,4,65000.97
D,RESIDUE_PRICE_OFFER,,1,A202312,C2024Q1T12,V-SA,VIC1,4,67000.97
D,RESIDUE_PRICE_OFFER,,1,A202312,C2024Q1T12,V-SA,VIC1,4,69000.97
D,RESIDUE_PRICE_OFFER,,1,A202312,C2024Q1T12,V-SA,VIC1,4,71000.97
D,RESIDUE_PRICE_OFFER,,1,A202312,C2024Q1T12,V-SA,VIC1,4,73000.97
D,RESIDUE_PRICE_OFFER,,1,A202312,C2024Q1T12,V-SA,VIC1,4,75000.97
D,RESIDUE_PRICE_OFFER,,1,A202312,C2024Q1T12,V-SA,VIC1,5,33828.557990
D,RESIDUE_PRICE_OFFER,,1,A202312,C2024Q1T12,V-SA,VIC1,5,36534.842630
D,RESIDUE_PRICE_OFFER,,1,A202312,C2024Q1T12,V-SA,VIC1,77,0
D,RESIDUE_PRICE_OFFER,,1,A202312,C2024Q1T12,VIC1-NSW1,NSW1,1,4054.58
D,RESIDUE_PRICE_OFFER,,1,A202312,C2024Q1T12,VIC1-NSW1,NSW1,1,4108.58
D,RESIDUE_PRICE_OFFER,,1,A202312,C2024Q1T12,VIC1-NSW1,NSW1,1,4162.58
D,RESIDUE_PRICE_OFFER,,1,A202312,C2024Q1T12,VIC1-NSW1,NSW1,1,4216.58
D,RESIDUE_PRICE_OFFER,,1,A202312,C2024Q1T12,VIC1-NSW1,NSW1,1,4270.58
D,RESIDUE_PRICE_OFFER,,1,A202312,C2024Q1T12,VIC1-NSW1,NSW1,1,4324.58
D,RESIDUE_PRICE_OFFER,,1,A202312,C2024Q1T12,VIC1-NSW1,NSW1,1,4378.58
D,RESIDUE_PRICE_OFFER,,1,A202312,C2024Q1T12,VIC1-NSW1,NSW1,1,4432.58
D,RESIDUE_PRICE_OFFER,,1,A202312,C2024Q1T12,VIC1-NSW1,NSW1,1,4486.58
D,RESIDUE_PRICE_OFFER,,1,A202312,C2024Q1T12,VIC1-NSW1,NSW1,1,4540.58
D,RESIDUE_PRICE_OFFER,,1,A202312,C2024Q1T12,VIC1-NSW1,NSW1,1,4594.58
D,RESIDUE_PRICE_OFFER,,1,A202312,C2024Q1T12,VIC1-NSW1,NSW1,1,4648.58
D,RESIDUE_PRICE_OFFER,,1,A202312,C2024Q1T12,VIC1-NSW1,NSW1,1,4702.58
D,RESIDUE_PRICE_OFFER,,1,A202312,C2024Q1T12,VIC1-NSW1,NSW1,1,4756.58
D,RESIDUE_PRICE_OFFER,,1,A202312,C2024Q1T12,VIC1-NSW1,NSW1,1,4810.58
D,RESIDUE_PRICE_OFFER,,1,A202312,C2024Q1T12,VIC1-NSW1,NSW1,1,4864.58
D,RESIDUE_PRICE_OFFER,,1,A202312,C2024Q1T12,VIC1-NSW1,NSW1,1,4918.58
D,RESIDUE_PRICE_OFFER,,1,A202312,C2024Q1T12,VIC1-NSW1,NSW1,1,4972.58
D,RESIDUE_PRICE_OFFER,,1,A202312,C2024Q1T12,VIC1-NSW1,NSW1,1,5026.58
D,RESIDUE_PRICE_OFFER,,1,A202312,C2024Q1T12,VIC1-NSW1,NSW1,1,5080.58
D,RESIDUE_PRICE_OFFER,,1,A202312,C2024Q1T12,VIC1-NSW1,NSW1,1,5134.58
D,RESIDUE_PRICE_OFFER,,1,A202312,C2024Q1T12,VIC1-NSW1,NSW1,1,5188.58
D,RESIDUE_PRICE_OFFER,,1,A202312,C2024Q1T12,VIC1-NSW1,NSW1,1,5242.58
D,RESIDUE_PRICE_OFFER,,1,A202312,C2024Q1T12,VIC1-NSW1,NSW1,1,5296.58
D,RESIDUE_PRICE_OFFER,,1,A202312,C2024Q1T12,VIC1-NSW1,NSW1,1,5350.58
D,RESIDUE_PRICE_OFFER,,1,A202312,C2024Q1T12,VIC1-NSW1,NSW1,1,5404.58
D,RESIDUE_PRICE_OFFER,,1,A202312,C2024Q1T12,VIC1-NSW1,NSW1,1,5458.58
D,RESIDUE_PRICE_OFFER,,1,A202312,C2024Q1T12,VIC1-NSW1,NSW1,1,5512.58
D,RESIDUE_PRICE_OFFER,,1,A202312,C2024Q1T12,VIC1-NSW1,NSW1,1,5566.58
D,RESIDUE_PRICE_OFFER,,1,A202312,C2024Q1T12,VIC1-NSW1,NSW1,1,5620.58
D,RESIDUE_PRICE_OFFER,,1,A202312,C2024Q1T12,VIC1-NSW1,NSW1,1,5674.58
D,RESIDUE_PRICE_OFFER,,1,A202312,C2024Q1T12,VIC1-NSW1,NSW1,1,5728.58
D,RESIDUE_PRICE_OFFER,,1,A202312,C2024Q1T12,VIC1-NSW1,NSW1,1,5782.58
D,RESIDUE_PRICE_OFFER,,1,A202312,C2024Q1T12,VIC1-NSW1,NSW1,1,5836.58
D,RESIDUE_PRICE_OFFER,,1,A202312,C2024Q1T12,VIC1-NSW1,NSW1,1,5890.58
D,RESIDUE_PRICE_OFFER,,1,A202312,C2024Q1T12,VIC1-NSW1,NSW1,1,5944.58
D,RESIDUE_PRICE_OFFER,,1,A202312,C2024Q1T12,VIC1-NSW1,NSW1,1,5998.58
D,RESIDUE_PRICE_OFFER,,1,A202312,C2024Q1T12,VIC1-NSW1,NSW1,3,4422.536840
D,RESIDUE_PRICE_OFFER,,1,A202312,C2024Q1T12,VIC1-NSW1,NSW1,3,5085.917360
D,RESIDUE_PRICE_OFFER,,1,A202312,C2024Q1T12,VIC1-NSW1,NSW1,3,5594.5091
D,RESIDUE_PRICE_OFFER,,1,A202312,C2024Q1T12,VIC1-NSW1,NSW1,4,6153.960010
D,RESIDUE_PRICE_OFFER,,1,A202312,C2024Q1T12,VIC1-NSW1,NSW1,4,6769.356010
D,RESIDUE_PRICE_OFFER,,1,A202312,C2024Q1T12,VIC1-NSW1,NSW1,4,7446.291610
D,RESIDUE_PRICE_OFFER,,1,A202312,C2024Q1T12,VIC1-NSW1,NSW1,10,6216
D,RESIDUE_PRICE_OFFER,,1,A202312,C2024Q1T12,VIC1-NSW1,NSW1,112,0
D,RESIDUE_PRICE_OFFER,,1,A202312,C2024Q1T12,VIC1-NSW1,VIC1,2,18160.87
D,RESIDUE_PRICE_OFFER,,1,A202312,C2024Q1T12,VIC1-NSW1,VIC1,2,18320.87
D,RESIDUE_PRICE_OFFER,,1,A202312,C2024Q1T12,VIC1-NSW1,VIC1,2,18480.87
D,RESIDUE_PRICE_OFFER,,1,A202312,C2024Q1T12,VIC1-NSW1,VIC1,2,18640.87
D,RESIDUE_PRICE_OFFER,,1,A202312,C2024Q1T12,VIC1-NSW1,VIC1,2,18800.87
D,RESIDUE_PRICE_OFFER,,1,A202312,C2024Q1T12,VIC1-NSW1,VIC1,2,18960.87
D,RESIDUE_PRICE_OFFER,,1,A202312,C2024Q1T12,VIC1-NSW1,VIC1,2,19120.87
D,RESIDUE_PRICE_OFFER,,1,A202312,C2024Q1T12,VIC1-NSW1,VIC1,2,19280.87
D,RESIDUE_PRICE_OFFER,,1,A202312,C2024Q1T12,VIC1-NSW1,VIC1,2,19440.87
D,RESIDUE_PRICE_OFFER,,1,A202312,C2024Q1T12,VIC1-NSW1,VIC1,2,19600.87
D,RESIDUE_PRICE_OFFER,,1,A202312,C2024Q1T12,VIC1-NSW1,VIC1,2,19760.87
D,RESIDUE_PRICE_OFFER,,1,A202312,C2024Q1T12,VIC1-NSW1,VIC1,2,19920.87
D,RESIDUE_PRICE_OFFER,,1,A202312,C2024Q1T12,VIC1-NSW1,VIC1,2,20080.87
D,RESIDUE_PRICE_OFFER,,1,A202312,C2024Q1T12,VIC1-NSW1,VIC1,2,20240.87
D,RESIDUE_PRICE_OFFER,,1,A202312,C2024Q1T12,VIC1-NSW1,VIC1,2,20400.87
D,RESIDUE_PRICE_OFFER,,1,A202312,C2024Q1T12,VIC1-NSW1,VIC1,2,20560.87
D,RESIDUE_PRICE_OFFER,,1,A202312,C2024Q1T12,VIC1-NSW1,VIC1,2,20720.87
D,RESIDUE_PRICE_OFFER,,1,A202312,C2024Q1T12,VIC1-NSW1,VIC1,2,20880.87
D,RESIDUE_PRICE_OFFER,,1,A202312,C2024Q1T12,VIC1-NSW1,VIC1,2,21040.87
D,RESIDUE_PRICE_OFFER,,1,A202312,C2024Q1T12,VIC1-NSW1,VIC1,2,21200.87
D,RESIDUE_PRICE_OFFER,,1,A202312,C2024Q1T12,VIC1-NSW1,VIC1,2,21360.87
D,RESIDUE_PRICE_OFFER,,1,A202312,C2024Q1T12,VIC1-NSW1,VIC1,2,21520.87
D,RESIDUE_PRICE_OFFER,,1,A202312,C2024Q1T12,VIC1-NSW1,VIC1,2,21680.87
D,RESIDUE_PRICE_OFFER,,1,A202312,C2024Q1T12,VIC1-NSW1,VIC1,2,21840.87
D,RESIDUE_PRICE_OFFER,,1,A202312,C2024Q1T12,VIC1-NSW1,VIC1,2,22000.87
D,RESIDUE_PRICE_OFFER,,1,A202312,C2024Q1T12,VIC1-NSW1,VIC1,3,18982.942580
D,RESIDUE_PRICE_OFFER,,1,A202312,C2024Q1T12,VIC1-NSW1,VIC1,3,20121.919120
D,RESIDUE_PRICE_OFFER,,1,A202312,C2024Q1T12,VIC1-NSW1,VIC1,5,21329.234280
D,RESIDUE_PRICE_OFFER,,1,A202312,C2024Q1T12,VIC1-NSW1,VIC1,5,30000
D,RESIDUE_PRICE_OFFER,,1,A202312,C2024Q1T12,VIC1-NSW1,VIC1,7,27728.004570
D,RESIDUE_PRICE_OFFER,,1,A202312,C2024Q1T12,VIC1-NSW1,VIC1,9,36046.405930
D,RESIDUE_PRICE_OFFER,,1,A202312,C2024Q1T12,VIC1-NSW1,VIC1,10,39411
D,RESIDUE_PRICE_OFFER,,1,A202312,C2024Q1T12,VIC1-NSW1,VIC1,15,28500
D,RESIDUE_PRICE_OFFER,,1,A202312,C2024Q1T12,VIC1-NSW1,VIC1,15,29000
D,RESIDUE_PRICE_OFFER,,1,A202312,C2024Q1T12,VIC1-NSW1,VIC1,15,46860.327720
D,RESIDUE_PRICE_OFFER,,1,A202312,C2024Q1T12,VIC1-NSW1,VIC1,20,38100
D,RESIDUE_PRICE_OFFER,,1,A202312,C2024Q1T12,VIC1-NSW1,VIC1,125,0
D,RESIDUE_PRICE_OFFER,,1,A202312,C2024Q2T11,NSW1-QLD1,NSW1,1,2402.80
D,RESIDUE_PRICE_OFFER,,1,A202312,C2024Q2T11,NSW1-QLD1,NSW1,1,3484.06
D,RESIDUE_PRICE_OFFER,,1,A202312,C2024Q2T11,NSW1-QLD1,NSW1,1,6055.10
D,RESIDUE_PRICE_OFFER,,1,A202312,C2024Q2T11,NSW1-QLD1,NSW1,1,6110.10
D,RESIDUE_PRICE_OFFER,,1,A202312,C2024Q2T11,NSW1-QLD1,NSW1,1,6165.10
D,RESIDUE_PRICE_OFFER,,1,A202312,C2024Q2T11,NSW1-QLD1,NSW1,1,6220.10
D,RESIDUE_PRICE_OFFER,,1,A202312,C2024Q2T11,NSW1-QLD1,NSW1,1,6275.10
D,RESIDUE_PRICE_OFFER,,1,A202312,C2024Q2T11,NSW1-QLD1,NSW1,1,6330.10
D,RESIDUE_PRICE_OFFER,,1,A202312,C2024Q2T11,NSW1-QLD1,NSW1,1,6385.10
D,RESIDUE_PRICE_OFFER,,1,A202312,C2024Q2T11,NSW1-QLD1,NSW1,1,6440.10
D,RESIDUE_PRICE_OFFER,,1,A202312,C2024Q2T11,NSW1-QLD1,NSW1,1,6495.10
D,RESIDUE_PRICE_OFFER,,1,A202312,C2024Q2T11,NSW1-QLD1,NSW1,2,5051.8870
D,RESIDUE_PRICE_OFFER,,1,A202312,C2024Q2T11,NSW1-QLD1,NSW1,2,7325.236150
D,RESIDUE_PRICE_OFFER,,1,A202312,C2024Q2T11,NSW1-QLD1,NSW1,3,10621.592420
D,RESIDUE_PRICE_OFFER,,1,A202312,C2024Q2T11,NSW1-QLD1,NSW1,3,15401.309010
D,RESIDUE_PRICE_OFFER,,1,A202312,C2024Q2T11,NSW1-QLD1,NSW1,8,9650
D,RESIDUE_PRICE_OFFER,,1,A202312,C2024Q2T11,NSW1-QLD1,NSW1,45,0
D,RESIDUE_PRICE_OFFER,,1,A202312,C2024Q2T11,NSW1-QLD1,QLD1,1,27040.37
D,RESIDUE_PRICE_OFFER,,1,A202312,C2024Q2T11,NSW1-QLD1,QLD1,1,27080.37
D,RESIDUE_PRICE_OFFER,,1,A202312,C2024Q2T11,NSW1-QLD1,QLD1,1,27120.37
D,RESIDUE_PRICE_OFFER,,1,A202312,C2024Q2T11,NSW1-QLD1,QLD1,1,27160.37
D,RESIDUE_PRICE_OFFER,,1,A202312,C2024Q2T11,NSW1-QLD1,QLD1,1,27200.37
D,RESIDUE_PRICE_OFFER,,1,A202312,C2024Q2T11,NSW1-QLD1,QLD1,1,27240.37
D,RESIDUE_PRICE_OFFER,,1,A202312,C2024Q2T11,NSW1-QLD1,QLD1,1,27280.37
D,RESIDUE_PRICE_OFFER,,1,A202312,C2024Q2T11,NSW1-QLD1,QLD1,1,27320.37
D,RESIDUE_PRICE_OFFER,,1,A202312,C2024Q2T11,NSW1-QLD1,QLD1,1,27360.37
D,RESIDUE_PRICE_OFFER,,1,A202312,C2024Q2T11,NSW1-QLD1,QLD1,1,27400.37
D,RESIDUE_PRICE_OFFER,,1,A202312,C2024Q2T11,NSW1-QLD1,QLD1,1,27440.37
D,RESIDUE_PRICE_OFFER,,1,A202312,C2024Q2T11,NSW1-QLD1,QLD1,1,27480.37
D,RESIDUE_PRICE_OFFER,,1,A202312,C2024Q2T11,NSW1-QLD1,QLD1,1,27520.37
D,RESIDUE_PRICE_OFFER,,1,A202312,C2024Q2T11,NSW1-QLD1,QLD1,1,27560.37
D,RESIDUE_PRICE_OFFER,,1,A202312,C2024Q2T11,NSW1-QLD1,QLD1,1,27600.37
D,RESIDUE_PRICE_OFFER,,1,A202312,C2024Q2T11,NSW1-QLD1,QLD1,1,27640.37
D,RESIDUE_PRICE_OFFER,,1,A202312,C2024Q2T11,NSW1-QLD1,QLD1,1,27680.37
D,RESIDUE_PRICE_OFFER,,1,A202312,C2024Q2T11,NSW1-QLD1,QLD1,1,27720.37
D,RESIDUE_PRICE_OFFER,,1,A202312,C2024Q2T11,NSW1-QLD1,QLD1,1,27760.37
D,RESIDUE_PRICE_OFFER,,1,A202312,C2024Q2T11,NSW1-QLD1,QLD1,1,27800.37
D,RESIDUE_PRICE_OFFER,,1,A202312,C2024Q2T11,NSW1-QLD1,QLD1,1,27840.37
D,RESIDUE_PRICE_OFFER,,1,A202312,C2024Q2T11,NSW1-QLD1,QLD1,1,27880.37
D,RESIDUE_PRICE_OFFER,,1,A202312,C2024Q2T11,NSW1-QLD1,QLD1,1,27920.37
D,RESIDUE_PRICE_OFFER,,1,A202312,C2024Q2T11,NSW1-QLD1,QLD1,1,27960.37
D,RESIDUE_PRICE_OFFER,,1,A202312,C2024Q2T11,NSW1-QLD1,QLD1,1,28000.37
D,RESIDUE_PRICE_OFFER,,1,A202312,C2024Q2T11,NSW1-QLD1,QLD1,2,28600.37
D,RESIDUE_PRICE_OFFER,,1,A202312,C2024Q2T11,NSW1-QLD1,QLD1,2,29200.37
D,RESIDUE_PRICE_OFFER,,1,A202312,C2024Q2T11,NSW1-QLD1,QLD1,2,29800.37
D,RESIDUE_PRICE_OFFER,,1,A202312,C2024Q2T11,NSW1-QLD1,QLD1,2,30400.37
D,RESIDUE_PRICE_OFFER,,1,A202312,C2024Q2T11,NSW1-QLD1,QLD1,2,31000.37
D,RESIDUE_PRICE_OFFER,,1,A202312,C2024Q2T11,NSW1-QLD1,QLD1,2,31600.37
D,RESIDUE_PRICE_OFFER,,1,A202312,C2024Q2T11,NSW1-QLD1,QLD1,2,32200.37
D,RESIDUE_PRICE_OFFER,,1,A202312,C2024Q2T11,NSW1-QLD1,QLD1,2,32800.37
D,RESIDUE_PRICE_OFFER,,1,A202312,C2024Q2T11,NSW1-QLD1,QLD1,2,33400.37
D,RESIDUE_PRICE_OFFER,,1,A202312,C2024Q2T11,NSW1-QLD1,QLD1,2,34000.37
D,RESIDUE_PRICE_OFFER,,1,A202312,C2024Q2T11,NSW1-QLD1,QLD1,2,34600.37
D,RESIDUE_PRICE_OFFER,,1,A202312,C2024Q2T11,NSW1-QLD1,QLD1,2,35200.37
D,RESIDUE_PRICE_OFFER,,1,A202312,C2024Q2T11,NSW1-QLD1,QLD1,2,35750
D,RESIDUE_PRICE_OFFER,,1,A202312,C2024Q2T11,NSW1-QLD1,QLD1,2,35800.37
D,RESIDUE_PRICE_OFFER,,1,A202312,C2024Q2T11,NSW1-QLD1,QLD1,2,36400.37
D,RESIDUE_PRICE_OFFER,,1,A202312,C2024Q2T11,NSW1-QLD1,QLD1,2,37000.37
D,RESIDUE_PRICE_OFFER,,1,A202312,C2024Q2T11,NSW1-QLD1,QLD1,2,37600.37
D,RESIDUE_PRICE_OFFER,,1,A202312,C2024Q2T11,NSW1-QLD1,QLD1,2,38200.37
D,RESIDUE_PRICE_OFFER,,1,A202312,C2024Q2T11,NSW1-QLD1,QLD1,2,38252.50
D,RESIDUE_PRICE_OFFER,,1,A202312,C2024Q2T11,NSW1-QLD1,QLD1,2,38800.37
D,RESIDUE_PRICE_OFFER,,1,A202312,C2024Q2T11,NSW1-QLD1,QLD1,2,39400.37
D,RESIDUE_PRICE_OFFER,,1,A202312,C2024Q2T11,NSW1-QLD1,QLD1,2,40000.37
D,RESIDUE_PRICE_OFFER,,1,A202312,C2024Q2T11,NSW1-QLD1,QLD1,2,40930.1750
D,RESIDUE_PRICE_OFFER,,1,A202312,C2024Q2T11,NSW1-QLD1,QLD1,2,43795.287250
D,RESIDUE_PRICE_OFFER,,1,A202312,C2024Q2T11,NSW1-QLD1,QLD1,2,45985.051610
D,RESIDUE_PRICE_OFFER,,1,A202312,C2024Q2T11,NSW1-QLD1,QLD1,2,48284.304190
D,RESIDUE_PRICE_OFFER,,1,A202312,C2024Q2T11,NSW1-QLD1,QLD1,15,22888
D,RESIDUE_PRICE_OFFER,,1,A202312,C2024Q2T11,NSW1-QLD1,QLD1,20,34675
D,RESIDUE_PRICE_OFFER,,1,A202312,C2024Q2T11,NSW1-QLD1,QLD1,20,39739
D,RESIDUE_PRICE_OFFER,,1,A202312,C2024Q2T11,NSW1-QLD1,QLD1,100,0
D,RESIDUE_PRICE_OFFER,,1,A202312,C2024Q2T11,V-SA,SA1,1,4074.93
D,RESIDUE_PRICE_OFFER,,1,A202312,C2024Q2T11,V-SA,SA1,1,4148.93
D,RESIDUE_PRICE_OFFER,,1,A202312,C2024Q2T11,V-SA,SA1,1,4222.93
D,RESIDUE_PRICE_OFFER,,1,A202312,C2024Q2T11,V-SA,SA1,1,4296.93
D,RESIDUE_PRICE_OFFER,,1,A202312,C2024Q2T11,V-SA,SA1,1,4370.93
D,RESIDUE_PRICE_OFFER,,1,A202312,C2024Q2T11,V-SA,SA1,1,4444.93
D,RESIDUE_PRICE_OFFER,,1,A202312,C2024Q2T11,V-SA,SA1,1,4518.93
D,RESIDUE_PRICE_OFFER,,1,A202312,C2024Q2T11,V-SA,SA1,1,4592.93
D,RESIDUE_PRICE_OFFER,,1,A202312,C2024Q2T11,V-SA,SA1,1,4666.93
D,RESIDUE_PRICE_OFFER,,1,A202312,C2024Q2T11,V-SA,SA1,1,4740.93
D,RESIDUE_PRICE_OFFER,,1,A202312,C2024Q2T11,V-SA,SA1,1,4814.93
D,RESIDUE_PRICE_OFFER,,1,A202312,C2024Q2T11,V-SA,SA1,1,4888.93
D,RESIDUE_PRICE_OFFER,,1,A202312,C2024Q2T11,V-SA,SA1,1,4962.93
D,RESIDUE_PRICE_OFFER,,1,A202312,C2024Q2T11,V-SA,SA1,1,5036.93
D,RESIDUE_PRICE_OFFER,,1,A202312,C2024Q2T11,V-SA,SA1,1,5110.93
D,RESIDUE_PRICE_OFFER,,1,A202312,C2024Q2T11,V-SA,SA1,1,5184.93
D,RESIDUE_PRICE_OFFER,,1,A202312,C2024Q2T11,V-SA,SA1,1,5258.93
D,RESIDUE_PRICE_OFFER,,1,A202312,C2024Q2T11,V-SA,SA1,1,5332.93
D,RESIDUE_PRICE_OFFER,,1,A202312,C2024Q2T11,V-SA,SA1,1,5406.93
D,RESIDUE_PRICE_OFFER,,1,A202312,C2024Q2T11,V-SA,SA1,1,5480.93
D,RESIDUE_PRICE_OFFER,,1,A202312,C2024Q2T11,V-SA,SA1,1,5554.93
D,RESIDUE_PRICE_OFFER,,1,A202312,C2024Q2T11,V-SA,SA1,1,5628.93
D,RESIDUE_PRICE_OFFER,,1,A202312,C2024Q2T11,V-SA,SA1,1,5702.93
D,RESIDUE_PRICE_OFFER,,1,A202312,C2024Q2T11,V-SA,SA1,1,5776.93
D,RESIDUE_PRICE_OFFER,,1,A202312,C2024Q2T11,V-SA,SA1,1,5850.93
D,RESIDUE_PRICE_OFFER,,1,A202312,C2024Q2T11,V-SA,SA1,1,5924.93
D,RESIDUE_PRICE_OFFER,,1,A202312,C2024Q2T11,V-SA,SA1,1,5998.93
D,RESIDUE_PRICE_OFFER,,1,A202312,C2024Q2T11,V-SA,SA1,2,4501.685480
D,RESIDUE_PRICE_OFFER,,1,A202312,C2024Q2T11,V-SA,SA1,2,5176.9383
D,RESIDUE_PRICE_OFFER,,1,A202312,C2024Q2T11,V-SA,SA1,2,8000
D,RESIDUE_PRICE_OFFER,,1,A202312,C2024Q2T11,V-SA,SA1,2,8888.89
D,RESIDUE_PRICE_OFFER,,1,A202312,C2024Q2T11,V-SA,SA1,2,9777.78
D,RESIDUE_PRICE_OFFER,,1,A202312,C2024Q2T11,V-SA,SA1,2,10666.67
D,RESIDUE_PRICE_OFFER,,1,A202312,C2024Q2T11,V-SA,SA1,2,11555.56
D,RESIDUE_PRICE_OFFER,,1,A202312,C2024Q2T11,V-SA,SA1,2,12444.44
D,RESIDUE_PRICE_OFFER,,1,A202312,C2024Q2T11,V-SA,SA1,2,13333.33
D,RESIDUE_PRICE_OFFER,,1,A202312,C2024Q2T11,V-SA,SA1,2,14222.22
D,RESIDUE_PRICE_OFFER,,1,A202312,C2024Q2T11,V-SA,SA1,2,15111.11
D,RESIDUE_PRICE_OFFER,,1,A202312,C2024Q2T11,V-SA,SA1,2,16000
D,RESIDUE_PRICE_OFFER,,1,A202312,C2024Q2T11,V-SA,SA1,3,5953.479050
D,RESIDUE_PRICE_OFFER,,1,A202312,C2024Q2T11,V-SA,SA1,3,6846.500910
D,RESIDUE_PRICE_OFFER,,1,A202312,C2024Q2T11,V-SA,SA1,5,7873.476040
D,RESIDUE_PRICE_OFFER,,1,A202312,C2024Q2T11,V-SA,SA1,5,9054.497450
D,RESIDUE_PRICE_OFFER,,1,A202312,C2024Q2T11,V-SA,SA1,11,4400
D,RESIDUE_PRICE_OFFER,,1,A202312,C2024Q2T11,V-SA,SA1,64,0
D,RESIDUE_PRICE_OFFER,,1,A202312,C2024Q2T11,V-SA,VIC1,1,15362.97
D,RESIDUE_PRICE_OFFER,,1,A202312,C2024Q2T11,V-SA,VIC1,1,15474.97
D,RESIDUE_PRICE_OFFER,,1,A202312,C2024Q2T11,V-SA,VIC1,1,15586.97
D,RESIDUE_PRICE_OFFER,,1,A202312,C2024Q2T11,V-SA,VIC1,1,15698.97
D,RESIDUE_PRICE_OFFER,,1,A202312,C2024Q2T11,V-SA,VIC1,1,15810.97
D,RESIDUE_PRICE_OFFER,,1,A202312,C2024Q2T11,V-SA,VIC1,1,15922.97
D,RESIDUE_PRICE_OFFER,,1,A202312,C2024Q2T11,V-SA,VIC1,1,16034.97
D,RESIDUE_PRICE_OFFER,,1,A202312,C2024Q2T11,V-SA,VIC1,1,16146.97
D,RESIDUE_PRICE_OFFER,,1,A202312,C2024Q2T11,V-SA,VIC1,1,16258.97
D,RESIDUE_PRICE_OFFER,,1,A202312,C2024Q2T11,V-SA,VIC1,1,16370.97
D,RESIDUE_PRICE_OFFER,,1,A202312,C2024Q2T11,V-SA,VIC1,1,16482.97
D,RESIDUE_PRICE_OFFER,,1,A202312,C2024Q2T11,V-SA,VIC1,1,16594.97
D,RESIDUE_PRICE_OFFER,,1,A202312,C2024Q2T11,V-SA,VIC1,1,16706.97
D,RESIDUE_PRICE_OFFER,,1,A202312,C2024Q2T11,V-SA,VIC1,1,16818.97
D,RESIDUE_PRICE_OFFER,,1,A202312,C2024Q2T11,V-SA,VIC1,1,16930.97
D,RESIDUE_PRICE_OFFER,,1,A202312,C2024Q2T11,V-SA,VIC1,1,17042.97
D,RESIDUE_PRICE_OFFER,,1,A202312,C2024Q2T11,V-SA,VIC1,1,17154.97
D,RESIDUE_PRICE_OFFER,,1,A202312,C2024Q2T11,V-SA,VIC1,1,17266.97
D,RESIDUE_PRICE_OFFER,,1,A202312,C2024Q2T11,V-SA,VIC1,1,17378.97
D,RESIDUE_PRICE_OFFER,,1,A202312,C2024Q2T11,V-SA,VIC1,1,17490.97
D,RESIDUE_PRICE_OFFER,,1,A202312,C2024Q2T11,V-SA,VIC1,2,23123.2480
D,RESIDUE_PRICE_OFFER,,1,A202312,C2024Q2T11,V-SA,VIC1,2,24973.107840
D,RESIDUE_PRICE_OFFER,,1,A202312,C2024Q2T11,V-SA,VIC1,3,21500.97
D,RESIDUE_PRICE_OFFER,,1,A202312,C2024Q2T11,V-SA,VIC1,3,22000.97
D,RESIDUE_PRICE_OFFER,,1,A202312,C2024Q2T11,V-SA,VIC1,3,22500.97
D,RESIDUE_PRICE_OFFER,,1,A202312,C2024Q2T11,V-SA,VIC1,3,23000.97
D,RESIDUE_PRICE_OFFER,,1,A202312,C2024Q2T11,V-SA,VIC1,3,23500.97
D,RESIDUE_PRICE_OFFER,,1,A202312,C2024Q2T11,V-SA,VIC1,3,24000.97
D,RESIDUE_PRICE_OFFER,,1,A202312,C2024Q2T11,V-SA,VIC1,3,24500.97
D,RESIDUE_PRICE_OFFER,,1,A202312,C2024Q2T11,V-SA,VIC1,3,25000.97
D,RESIDUE_PRICE_OFFER,,1,A202312,C2024Q2T11,V-SA,VIC1,3,25500.97
D,RESIDUE_PRICE_OFFER,,1,A202312,C2024Q2T11,V-SA,VIC1,3,26000.97
D,RESIDUE_PRICE_OFFER,,1,A202312,C2024Q2T11,V-SA,VIC1,3,26970.956470
D,RESIDUE_PRICE_OFFER,,1,A202312,C2024Q2T11,V-SA,VIC1,3,29128.632980
D,RESIDUE_PRICE_OFFER,,1,A202312,C2024Q2T11,V-SA,VIC1,5,31458.923620
D,RESIDUE_PRICE_OFFER,,1,A202312,C2024Q2T11,V-SA,VIC1,5,33975.637510
D,RESIDUE_PRICE_OFFER,,1,A202312,C2024Q2T11,V-SA,VIC1,6,24665
D,RESIDUE_PRICE_OFFER,,1,A202312,C2024Q2T11,V-SA,VIC1,73,0
D,RESIDUE_PRICE_OFFER,,1,A202312,C2024Q2T11,VIC1-NSW1,NSW1,1,2338.58
D,RESIDUE_PRICE_OFFER,,1,A202312,C2024Q2T11,VIC1-NSW1,NSW1,1,2426.58
D,RESIDUE_PRICE_OFFER,,1,A202312,C2024Q2T11,VIC1-NSW1,NSW1,1,2514.58
D,RESIDUE_PRICE_OFFER,,1,A202312,C2024Q2T11,VIC1-NSW1,NSW1,1,2602.58
D,RESIDUE_PRICE_OFFER,,1,A202312,C2024Q2T11,VIC1-NSW1,NSW1,1,2690.58
D,RESIDUE_PRICE_OFFER,,1,A202312,C2024Q2T11,VIC1-NSW1,NSW1,1,2778.58
D,RESIDUE_PRICE_OFFER,,1,A202312,C2024Q2T11,VIC1-NSW1,NSW1,1,2866.58
D,RESIDUE_PRICE_OFFER,,1,A202312,C2024Q2T11,VIC1-NSW1,NSW1,1,2954.58
D,RESIDUE_PRICE_OFFER,,1,A202312,C2024Q2T11,VIC1-NSW1,NSW1,1,3042.58
D,RESIDUE_PRICE_OFFER,,1,A202312,C2024Q2T11,VIC1-NSW1,NSW1,1,3130.58
D,RESIDUE_PRICE_OFFER,,1,A202312,C2024Q2T11,VIC1-NSW1,NSW1,1,3218.58
D,RESIDUE_PRICE_OFFER,,1,A202312,C2024Q2T11,VIC1-NSW1,NSW1,1,3306.58
D,RESIDUE_PRICE_OFFER,,1,A202312,C2024Q2T11,VIC1-NSW1,NSW1,1,3394.58
D,RESIDUE_PRICE_OFFER,,1,A202312,C2024Q2T11,VIC1-NSW1,NSW1,1,3482.58
D,RESIDUE_PRICE_OFFER,,1,A202312,C2024Q2T11,VIC1-NSW1,NSW1,1,3570.58
D,RESIDUE_PRICE_OFFER,,1,A202312,C2024Q2T11,VIC1-NSW1,NSW1,1,3658.58
D,RESIDUE_PRICE_OFFER,,1,A202312,C2024Q2T11,VIC1-NSW1,NSW1,1,3746.58
D,RESIDUE_PRICE_OFFER,,1,A202312,C2024Q2T11,VIC1-NSW1,NSW1,2,3750.75
D,RESIDUE_PRICE_OFFER,,1,A202312,C2024Q2T11,VIC1-NSW1,NSW1,2,4688.4375
D,RESIDUE_PRICE_OFFER,,1,A202312,C2024Q2T11,VIC1-NSW1,NSW1,3,5860.546870
D,RESIDUE_PRICE_OFFER,,1,A202312,C2024Q2T11,VIC1-NSW1,NSW1,3,7325.683590
D,RESIDUE_PRICE_OFFER,,1,A202312,C2024Q2T11,VIC1-NSW1,NSW1,7,9157.104490
D,RESIDUE_PRICE_OFFER,,1,A202312,C2024Q2T11,VIC1-NSW1,NSW1,7,11446.380620
D,RESIDUE_PRICE_OFFER,,1,A202312,C2024Q2T11,VIC1-NSW1,NSW1,15,4769
D,RESIDUE_PRICE_OFFER,,1,A202312,C2024Q2T11,VIC1-NSW1,NSW1,108,0
D,RESIDUE_PRICE_OFFER,,1,A202312,C2024Q2T11,VIC1-NSW1,VIC1,2,27520.87
D,RESIDUE_PRICE_OFFER,,1,A202312,C2024Q2T11,VIC1-NSW1,VIC1,2,28040.87
D,RESIDUE_PRICE_OFFER,,1,A202312,C2024Q2T11,VIC1-NSW1,VIC1,2,28560.87
D,RESIDUE_PRICE_OFFER,,1,A202312,C2024Q2T11,VIC1-NSW1,VIC1,2,29080.87
D,RESIDUE_PRICE_OFFER,,1,A202312,C2024Q2T11,VIC1-NSW1,VIC1,2,29600.87
D,RESIDUE_PRICE_OFFER,,1,A202312,C2024Q2T11,VIC1-NSW1,VIC1,2,30120.87
D,RESIDUE_PRICE_OFFER,,1,A202312,C2024Q2T11,VIC1-NSW1,VIC1,2,30640.87
D,RESIDUE_PRICE_OFFER,,1,A202312,C2024Q2T11,VIC1-NSW1,VIC1,2,31160.87
D,RESIDUE_PRICE_OFFER,,1,A202312,C2024Q2T11,VIC1-NSW1,VIC1,2,31680.87
D,RESIDUE_PRICE_OFFER,,1,A202312,C2024Q2T11,VIC1-NSW1,VIC1,2,32200.87
D,RESIDUE_PRICE_OFFER,,1,A202312,C2024Q2T11,VIC1-NSW1,VIC1,2,32720.87
D,RESIDUE_PRICE_OFFER,,1,A202312,C2024Q2T11,VIC1-NSW1,VIC1,2,33240.87
D,RESIDUE_PRICE_OFFER,,1,A202312,C2024Q2T11,VIC1-NSW1,VIC1,2,33602.30
D,RESIDUE_PRICE_OFFER,,1,A202312,C2024Q2T11,VIC1-NSW1,VIC1,2,33760.87
D,RESIDUE_PRICE_OFFER,,1,A202312,C2024Q2T11,VIC1-NSW1,VIC1,2,34280.87
D,RESIDUE_PRICE_OFFER,,1,A202312,C2024Q2T11,VIC1-NSW1,VIC1,2,34800.87
D,RESIDUE_PRICE_OFFER,,1,A202312,C2024Q2T11,VIC1-NSW1,VIC1,2,35320.87
D,RESIDUE_PRICE_OFFER,,1,A202312,C2024Q2T11,VIC1-NSW1,VIC1,2,35840.87
D,RESIDUE_PRICE_OFFER,,1,A202312,C2024Q2T11,VIC1-NSW1,VIC1,2,36360.87
D,RESIDUE_PRICE_OFFER,,1,A202312,C2024Q2T11,VIC1-NSW1,VIC1,2,36880.87
D,RESIDUE_PRICE_OFFER,,1,A202312,C2024Q2T11,VIC1-NSW1,VIC1,2,37400.87
D,RESIDUE_PRICE_OFFER,,1,A202312,C2024Q2T11,VIC1-NSW1,VIC1,2,37920.87
D,RESIDUE_PRICE_OFFER,,1,A202312,C2024Q2T11,VIC1-NSW1,VIC1,2,38440.87
D,RESIDUE_PRICE_OFFER,,1,A202312,C2024Q2T11,VIC1-NSW1,VIC1,2,38642.644990
D,RESIDUE_PRICE_OFFER,,1,A202312,C2024Q2T11,VIC1-NSW1,VIC1,2,38960.87
D,RESIDUE_PRICE_OFFER,,1,A202312,C2024Q2T11,VIC1-NSW1,VIC1,2,39480.87
D,RESIDUE_PRICE_OFFER,,1,A202312,C2024Q2T11,VIC1-NSW1,VIC1,2,40000.87
D,RESIDUE_PRICE_OFFER,,1,A202312,C2024Q2T11,VIC1-NSW1,VIC1,2,44439.041750
D,RESIDUE_PRICE_OFFER,,1,A202312,C2024Q2T11,VIC1-NSW1,VIC1,4,23200.87
D,RESIDUE_PRICE_OFFER,,1,A202312,C2024Q2T11,VIC1-NSW1,VIC1,4,23400.87
D,RESIDUE_PRICE_OFFER,,1,A202312,C2024Q2T11,VIC1-NSW1,VIC1,4,23600.87
D,RESIDUE_PRICE_OFFER,,1,A202312,C2024Q2T11,VIC1-NSW1,VIC1,4,23800.87
D,RESIDUE_PRICE_OFFER,,1,A202312,C2024Q2T11,VIC1-NSW1,VIC1,4,24000.87
D,RESIDUE_PRICE_OFFER,,1,A202312,C2024Q2T11,VIC1-NSW1,VIC1,4,51104.898010
D,RESIDUE_PRICE_OFFER,,1,A202312,C2024Q2T11,VIC1-NSW1,VIC1,4,58770.632710
D,RESIDUE_PRICE_OFFER,,1,A202312,C2024Q2T11,VIC1-NSW1,VIC1,4,67586.227620
D,RESIDUE_PRICE_OFFER,,1,A202312,C2024Q2T11,VIC1-NSW1,VIC1,10,31386
D,RESIDUE_PRICE_OFFER,,1,A202312,C2024Q2T11,VIC1-NSW1,VIC1,20,29400
D,RESIDUE_PRICE_OFFER,,1,A202312,C2024Q2T11,VIC1-NSW1,VIC1,125,0
D,RESIDUE_PRICE_OFFER,,1,A202312,C2024Q3T10,NSW1-QLD1,NSW1,1,2056
D,RESIDUE_PRICE_OFFER,,1,A202312,C2024Q3T10,NSW1-QLD1,NSW1,1,2981.20
D,RESIDUE_PRICE_OFFER,,1,A202312,C2024Q3T10,NSW1-QLD1,NSW1,1,4322.74
D,RESIDUE_PRICE_OFFER,,1,A202312,C2024Q3T10,NSW1-QLD1,NSW1,1,5083.10
D,RESIDUE_PRICE_OFFER,,1,A202312,C2024Q3T10,NSW1-QLD1,NSW1,1,5166.10
D,RESIDUE_PRICE_OFFER,,1,A202312,C2024Q3T10,NSW1-QLD1,NSW1,1,5249.10
D,RESIDUE_PRICE_OFFER,,1,A202312,C2024Q3T10,NSW1-QLD1,NSW1,1,5332.10
D,RESIDUE_PRICE_OFFER,,1,A202312,C2024Q3T10,NSW1-QLD1,NSW1,1,5415.10
D,RESIDUE_PRICE_OFFER,,1,A202312,C2024Q3T10,NSW1-QLD1,NSW1,1,5498.10
D,RESIDUE_PRICE_OFFER,,1,A202312,C2024Q3T10,NSW1-QLD1,NSW1,1,6267.9730
D,RESIDUE_PRICE_OFFER,,1,A202312,C2024Q3T10,NSW1-QLD1,NSW1,1,9088.560850
D,RESIDUE_PRICE_OFFER,,1,A202312,C2024Q3T10,NSW1-QLD1,NSW1,1,13178.413230
D,RESIDUE_PRICE_OFFER,,1,A202312,C2024Q3T10,NSW1-QLD1,NSW1,10,8750
D,RESIDUE_PRICE_OFFER,,1,A202312,C2024Q3T10,NSW1-QLD1,NSW1,45,0
D,RESIDUE_PRICE_OFFER,,1,A202312,C2024Q3T10,NSW1-QLD1,QLD1,1,27040.37
D,RESIDUE_PRICE_OFFER,,1,A202312,C2024Q3T10,NSW1-QLD1,QLD1,1,27080.37
D,RESIDUE_PRICE_OFFER,,1,A202312,C2024Q3T10,NSW1-QLD1,QLD1,1,27120.37
D,RESIDUE_PRICE_OFFER,,1,A202312,C2024Q3T10,NSW1-QLD1,QLD1,1,27160.37
D,RESIDUE_PRICE_OFFER,,1,A202312,C2024Q3T10,NSW1-QLD1,QLD1,1,27200.37
D,RESIDUE_PRICE_OFFER,,1,A202312,C2024Q3T10,NSW1-QLD1,QLD1,1,27240.37
D,RESIDUE_PRICE_OFFER,,1,A202312,C2024Q3T10,NSW1-QLD1,QLD1,1,27280.37
D,RESIDUE_PRICE_OFFER,,1,A202312,C2024Q3T10,NSW1-QLD1,QLD1,1,27320.37
D,RESIDUE_PRICE_OFFER,,1,A202312,C2024Q3T10,NSW1-QLD1,QLD1,1,27360.37
D,RESIDUE_PRICE_OFFER,,1,A202312,C2024Q3T10,NSW1-QLD1,QLD1,1,27400.37
D,RESIDUE_PRICE_OFFER,,1,A202312,C2024Q3T10,NSW1-QLD1,QLD1,1,27440.37
D,RESIDUE_PRICE_OFFER,,1,A202312,C2024Q3T10,NSW1-QLD1,QLD1,1,27480.37
D,RESIDUE_PRICE_OFFER,,1,A202312,C2024Q3T10,NSW1-QLD1,QLD1,1,27520.37
D,RESIDUE_PRICE_OFFER,,1,A202312,C2024Q3T10,NSW1-QLD1,QLD1,1,27560.37
D,RESIDUE_PRICE_OFFER,,1,A202312,C2024Q3T10,NSW1-QLD1,QLD1,1,27600.37
D,RESIDUE_PRICE_OFFER,,1,A202312,C2024Q3T10,NSW1-QLD1,QLD1,1,27640.37
D,RESIDUE_PRICE_OFFER,,1,A202312,C2024Q3T10,NSW1-QLD1,QLD1,1,27680.37
D,RESIDUE_PRICE_OFFER,,1,A202312,C2024Q3T10,NSW1-QLD1,QLD1,1,27720.37
D,RESIDUE_PRICE_OFFER,,1,A202312,C2024Q3T10,NSW1-QLD1,QLD1,1,27760.37
D,RESIDUE_PRICE_OFFER,,1,A202312,C2024Q3T10,NSW1-QLD1,QLD1,1,27800.37
D,RESIDUE_PRICE_OFFER,,1,A202312,C2024Q3T10,NSW1-QLD1,QLD1,1,27840.37
D,RESIDUE_PRICE_OFFER,,1,A202312,C2024Q3T10,NSW1-QLD1,QLD1,1,27880.37
D,RESIDUE_PRICE_OFFER,,1,A202312,C2024Q3T10,NSW1-QLD1,QLD1,1,27920.37
D,RESIDUE_PRICE_OFFER,,1,A202312,C2024Q3T10,NSW1-QLD1,QLD1,1,27960.37
D,RESIDUE_PRICE_OFFER,,1,A202312,C2024Q3T10,NSW1-QLD1,QLD1,1,28000.37
D,RESIDUE_PRICE_OFFER,,1,A202312,C2024Q3T10,NSW1-QLD1,QLD1,2,28480.37
D,RESIDUE_PRICE_OFFER,,1,A202312,C2024Q3T10,NSW1-QLD1,QLD1,2,28960.37
D,RESIDUE_PRICE_OFFER,,1,A202312,C2024Q3T10,NSW1-QLD1,QLD1,2,29440.37
D,RESIDUE_PRICE_OFFER,,1,A202312,C2024Q3T10,NSW1-QLD1,QLD1,2,29920.37
D,RESIDUE_PRICE_OFFER,,1,A202312,C2024Q3T10,NSW1-QLD1,QLD1,2,30400.37
D,RESIDUE_PRICE_OFFER,,1,A202312,C2024Q3T10,NSW1-QLD1,QLD1,2,30880.37
D,RESIDUE_PRICE_OFFER,,1,A202312,C2024Q3T10,NSW1-QLD1,QLD1,2,31360.37
D,RESIDUE_PRICE_OFFER,,1,A202312,C2024Q3T10,NSW1-QLD1,QLD1,2,31840.37
D,RESIDUE_PRICE_OFFER,,1,A202312,C2024Q3T10,NSW1-QLD1,QLD1,2,32320.37
D,RESIDUE_PRICE_OFFER,,1,A202312,C2024Q3T10,NSW1-QLD1,QLD1,2,32800.37
D,RESIDUE_PRICE_OFFER,,1,A202312,C2024Q3T10,NSW1-QLD1,QLD1,2,33280.37
D,RESIDUE_PRICE_OFFER,,1,A202312,C2024Q3T10,NSW1-QLD1,QLD1,2,33760.37
D,RESIDUE_PRICE_OFFER,,1,A202312,C2024Q3T10,NSW1-QLD1,QLD1,2,34240.37
D,RESIDUE_PRICE_OFFER,,1,A202312,C2024Q3T10,NSW1-QLD1,QLD1,2,34720.37
D,RESIDUE_PRICE_OFFER,,1,A202312,C2024Q3T10,NSW1-QLD1,QLD1,2,35200.37
D,RESIDUE_PRICE_OFFER,,1,A202312,C2024Q3T10,NSW1-QLD1,QLD1,2,35680.37
D,RESIDUE_PRICE_OFFER,,1,A202312,C2024Q3T10,NSW1-QLD1,QLD1,2,36160.37
D,RESIDUE_PRICE_OFFER,,1,A202312,C2024Q3T10,NSW1-QLD1,QLD1,2,36640.37
D,RESIDUE_PRICE_OFFER,,1,A202312,C2024Q3T10,NSW1-QLD1,QLD1,2,37120.37
D,RESIDUE_PRICE_OFFER,,1,A202312,C2024Q3T10,NSW1-QLD1,QLD1,2,37600.37
D,RESIDUE_PRICE_OFFER,,1,A202312,C2024Q3T10,NSW1-QLD1,QLD1,2,38080.37
D,RESIDUE_PRICE_OFFER,,1,A202312,C2024Q3T10,NSW1-QLD1,QLD1,2,38560.37
D,RESIDUE_PRICE_OFFER,,1,A202312,C2024Q3T10,NSW1-QLD1,QLD1,2,39040.37
D,RESIDUE_PRICE_OFFER,,1,A202312,C2024Q3T10,NSW1-QLD1,QLD1,2,39520.37
D,RESIDUE_PRICE_OFFER,,1,A202312,C2024Q3T10,NSW1-QLD1,QLD1,2,40000.37
D,RESIDUE_PRICE_OFFER,,1,A202312,C2024Q3T10,NSW1-QLD1,QLD1,2,40510.28
D,RESIDUE_PRICE_OFFER,,1,A202312,C2024Q3T10,NSW1-QLD1,QLD1,2,43345.9996
D,RESIDUE_PRICE_OFFER,,1,A202312,C2024Q3T10,NSW1-QLD1,QLD1,2,46380.219570
D,RESIDUE_PRICE_OFFER,,1,A202312,C2024Q3T10,NSW1-QLD1,QLD1,2,49626.834940
D,RESIDUE_PRICE_OFFER,,1,A202312,C2024Q3T10,NSW1-QLD1,QLD1,2,52108.176690
D,RESIDUE_PRICE_OFFER,,1,A202312,C2024Q3T10,NSW1-QLD1,QLD1,2,54713.585520
D,RESIDUE_PRICE_OFFER,,1,A202312,C2024Q3T10,NSW1-QLD1,QLD1,20,30000
D,RESIDUE_PRICE_OFFER,,1,A202312,C2024Q3T10,NSW1-QLD1,QLD1,20,42634
D,RESIDUE_PRICE_OFFER,,1,A202312,C2024Q3T10,NSW1-QLD1,QLD1,100,0
D,RESIDUE_PRICE_OFFER,,1,A202312,C2024Q3T10,V-SA,SA1,1,6100.93
D,RESIDUE_PRICE_OFFER,,1,A202312,C2024Q3T10,V-SA,SA1,1,6200.93
D,RESIDUE_PRICE_OFFER,,1,A202312,C2024Q3T10,V-SA,SA1,1,6300.93
D,RESIDUE_PRICE_OFFER,,1,A202312,C2024Q3T10,V-SA,SA1,1,6400.93
D,RESIDUE_PRICE_OFFER,,1,A202312,C2024Q3T10,V-SA,SA1,1,6500.93
D,RESIDUE_PRICE_OFFER,,1,A202312,C2024Q3T10,V-SA,SA1,1,6600.93
D,RESIDUE_PRICE_OFFER,,1,A202312,C2024Q3T10,V-SA,SA1,1,6700.93
D,RESIDUE_PRICE_OFFER,,1,A202312,C2024Q3T10,V-SA,SA1,1,6800.93
D,RESIDUE_PRICE_OFFER,,1,A202312,C2024Q3T10,V-SA,SA1,1,6900.93
D,RESIDUE_PRICE_OFFER,,1,A202312,C2024Q3T10,V-SA,SA1,1,7000.93
D,RESIDUE_PRICE_OFFER,,1,A202312,C2024Q3T10,V-SA,SA1,1,7100.93
D,RESIDUE_PRICE_OFFER,,1,A202312,C2024Q3T10,V-SA,SA1,1,7200.93
D,RESIDUE_PRICE_OFFER,,1,A202312,C2024Q3T10,V-SA,SA1,1,7300.93
D,RESIDUE_PRICE_OFFER,,1,A202312,C2024Q3T10,V-SA,SA1,1,7400.93
D,RESIDUE_PRICE_OFFER,,1,A202312,C2024Q3T10,V-SA,SA1,1,7500.93
D,RESIDUE_PRICE_OFFER,,1,A202312,C2024Q3T10,V-SA,SA1,1,7600.93
D,RESIDUE_PRICE_OFFER,,1,A202312,C2024Q3T10,V-SA,SA1,1,7700.93
D,RESIDUE_PRICE_OFFER,,1,A202312,C2024Q3T10,V-SA,SA1,1,7800.93
D,RESIDUE_PRICE_OFFER,,1,A202312,C2024Q3T10,V-SA,SA1,1,7900.93
D,RESIDUE_PRICE_OFFER,,1,A202312,C2024Q3T10,V-SA,SA1,1,8000
D,RESIDUE_PRICE_OFFER,,1,A202312,C2024Q3T10,V-SA,SA1,1,8000.93
D,RESIDUE_PRICE_OFFER,,1,A202312,C2024Q3T10,V-SA,SA1,2,5200.971420
D,RESIDUE_PRICE_OFFER,,1,A202312,C2024Q3T10,V-SA,SA1,2,5981.117140
D,RESIDUE_PRICE_OFFER,,1,A202312,C2024Q3T10,V-SA,SA1,2,8266.93
D,RESIDUE_PRICE_OFFER,,1,A202312,C2024Q3T10,V-SA,SA1,2,8532.93
D,RESIDUE_PRICE_OFFER,,1,A202312,C2024Q3T10,V-SA,SA1,2,8798.93
D,RESIDUE_PRICE_OFFER,,1,A202312,C2024Q3T10,V-SA,SA1,2,9064.93
D,RESIDUE_PRICE_OFFER,,1,A202312,C2024Q3T10,V-SA,SA1,2,9142.86
D,RESIDUE_PRICE_OFFER,,1,A202312,C2024Q3T10,V-SA,SA1,2,9330.93
D,RESIDUE_PRICE_OFFER,,1,A202312,C2024Q3T10,V-SA,SA1,2,9596.93
D,RESIDUE_PRICE_OFFER,,1,A202312,C2024Q3T10,V-SA,SA1,2,9862.93
D,RESIDUE_PRICE_OFFER,,1,A202312,C2024Q3T10,V-SA,SA1,2,10128.93
D,RESIDUE_PRICE_OFFER,,1,A202312,C2024Q3T10,V-SA,SA1,2,10285.709990
D,RESIDUE_PRICE_OFFER,,1,A202312,C2024Q3T10,V-SA,SA1,2,10394.93
D,RESIDUE_PRICE_OFFER,,1,A202312,C2024Q3T10,V-SA,SA1,2,10660.93
D,RESIDUE_PRICE_OFFER,,1,A202312,C2024Q3T10,V-SA,SA1,2,10926.93
D,RESIDUE_PRICE_OFFER,,1,A202312,C2024Q3T10,V-SA,SA1,2,11192.93
D,RESIDUE_PRICE_OFFER,,1,A202312,C2024Q3T10,V-SA,SA1,2,11428.57
D,RESIDUE_PRICE_OFFER,,1,A202312,C2024Q3T10,V-SA,SA1,2,11458.93
D,RESIDUE_PRICE_OFFER,,1,A202312,C2024Q3T10,V-SA,SA1,2,11724.93
D,RESIDUE_PRICE_OFFER,,1,A202312,C2024Q3T10,V-SA,SA1,2,11990.93
D,RESIDUE_PRICE_OFFER,,1,A202312,C2024Q3T10,V-SA,SA1,2,12571.43
D,RESIDUE_PRICE_OFFER,,1,A202312,C2024Q3T10,V-SA,SA1,2,13714.29
D,RESIDUE_PRICE_OFFER,,1,A202312,C2024Q3T10,V-SA,SA1,2,14857.14
D,RESIDUE_PRICE_OFFER,,1,A202312,C2024Q3T10,V-SA,SA1,2,16000
D,RESIDUE_PRICE_OFFER,,1,A202312,C2024Q3T10,V-SA,SA1,3,6878.284710
D,RESIDUE_PRICE_OFFER,,1,A202312,C2024Q3T10,V-SA,SA1,3,7910.027420
D,RESIDUE_PRICE_OFFER,,1,A202312,C2024Q3T10,V-SA,SA1,5,9096.531530
D,RESIDUE_PRICE_OFFER,,1,A202312,C2024Q3T10,V-SA,SA1,5,10461.011250
D,RESIDUE_PRICE_OFFER,,1,A202312,C2024Q3T10,V-SA,SA1,12,4900
D,RESIDUE_PRICE_OFFER,,1,A202312,C2024Q3T10,V-SA,SA1,64,0
D,RESIDUE_PRICE_OFFER,,1,A202312,C2024Q3T10,V-SA,VIC1,2,13650.97
D,RESIDUE_PRICE_OFFER,,1,A202312,C2024Q3T10,V-SA,VIC1,2,13800.97
D,RESIDUE_PRICE_OFFER,,1,A202312,C2024Q3T10,V-SA,VIC1,2,13950.97
D,RESIDUE_PRICE_OFFER,,1,A202312,C2024Q3T10,V-SA,VIC1,2,14100.97
D,RESIDUE_PRICE_OFFER,,1,A202312,C2024Q3T10,V-SA,VIC1,2,14250.97
D,RESIDUE_PRICE_OFFER,,1,A202312,C2024Q3T10,V-SA,VIC1,2,14400.97
D,RESIDUE_PRICE_OFFER,,1,A202312,C2024Q3T10,V-SA,VIC1,2,14550.97
D,RESIDUE_PRICE_OFFER,,1,A202312,C2024Q3T10,V-SA,VIC1,2,14700.97
D,RESIDUE_PRICE_OFFER,,1,A202312,C2024Q3T10,V-SA,VIC1,2,14850.97
D,RESIDUE_PRICE_OFFER,,1,A202312,C2024Q3T10,V-SA,VIC1,2,15000.97
D,RESIDUE_PRICE_OFFER,,1,A202312,C2024Q3T10,V-SA,VIC1,2,24736.0480
D,RESIDUE_PRICE_OFFER,,1,A202312,C2024Q3T10,V-SA,VIC1,2,26714.931840
D,RESIDUE_PRICE_OFFER,,1,A202312,C2024Q3T10,V-SA,VIC1,3,19200.97
D,RESIDUE_PRICE_OFFER,,1,A202312,C2024Q3T10,V-SA,VIC1,3,20400.97
D,RESIDUE_PRICE_OFFER,,1,A202312,C2024Q3T10,V-SA,VIC1,3,21600.97
D,RESIDUE_PRICE_OFFER,,1,A202312,C2024Q3T10,V-SA,VIC1,3,22800.97
D,RESIDUE_PRICE_OFFER,,1,A202312,C2024Q3T10,V-SA,VIC1,3,24000.97
D,RESIDUE_PRICE_OFFER,,1,A202312,C2024Q3T10,V-SA,VIC1,3,25200.97
D,RESIDUE_PRICE_OFFER,,1,A202312,C2024Q3T10,V-SA,VIC1,3,26400.97
D,RESIDUE_PRICE_OFFER,,1,A202312,C2024Q3T10,V-SA,VIC1,3,27600.97
D,RESIDUE_PRICE_OFFER,,1,A202312,C2024Q3T10,V-SA,VIC1,3,28800.97
D,RESIDUE_PRICE_OFFER,,1,A202312,C2024Q3T10,V-SA,VIC1,3,28852.126390
D,RESIDUE_PRICE_OFFER,,1,A202312,C2024Q3T10,V-SA,VIC1,3,30000.97
D,RESIDUE_PRICE_OFFER,,1,A202312,C2024Q3T10,V-SA,VIC1,3,31160.2965
D,RESIDUE_PRICE_OFFER,,1,A202312,C2024Q3T10,V-SA,VIC1,5,33653.120210
D,RESIDUE_PRICE_OFFER,,1,A202312,C2024Q3T10,V-SA,VIC1,5,36345.369840
D,RESIDUE_PRICE_OFFER,,1,A202312,C2024Q3T10,V-SA,VIC1,73,0
D,RESIDUE_PRICE_OFFER,,1,A202312,C2024Q3T10,VIC1-NSW1,NSW1,1,2550.58
D,RESIDUE_PRICE_OFFER,,1,A202312,C2024Q3T10,VIC1-NSW1,NSW1,1,2850.58
D,RESIDUE_PRICE_OFFER,,1,A202312,C2024Q3T10,VIC1-NSW1,NSW1,1,3150.58
D,RESIDUE_PRICE_OFFER,,1,A202312,C2024Q3T10,VIC1-NSW1,NSW1,1,3450.58
D,RESIDUE_PRICE_OFFER,,1,A202312,C2024Q3T10,VIC1-NSW1,NSW1,1,3750.58
D,RESIDUE_PRICE_OFFER,,1,A202312,C2024Q3T10,VIC1-NSW1,NSW1,2,3400.2645
D,RESIDUE_PRICE_OFFER,,1,A202312,C2024Q3T10,VIC1-NSW1,NSW1,2,4250.330620
D,RESIDUE_PRICE_OFFER,,1,A202312,C2024Q3T10,VIC1-NSW1,NSW1,3,5312.913280
D,RESIDUE_PRICE_OFFER,,1,A202312,C2024Q3T10,VIC1-NSW1,NSW1,3,6641.1416
D,RESIDUE_PRICE_OFFER,,1,A202312,C2024Q3T10,VIC1-NSW1,NSW1,7,8301.4270
D,RESIDUE_PRICE_OFFER,,1,A202312,C2024Q3T10,VIC1-NSW1,NSW1,7,10376.783750
D,RESIDUE_PRICE_OFFER,,1,A202312,C2024Q3T10,VIC1-NSW1,NSW1,15,5127
D,RESIDUE_PRICE_OFFER,,1,A202312,C2024Q3T10,VIC1-NSW1,NSW1,108,0
D,RESIDUE_PRICE_OFFER,,1,A202312,C2024Q3T10,VIC1-NSW1,VIC1,2,28880.87
D,RESIDUE_PRICE_OFFER,,1,A202312,C2024Q3T10,VIC1-NSW1,VIC1,2,29760.87
D,RESIDUE_PRICE_OFFER,,1,A202312,C2024Q3T10,VIC1-NSW1,VIC1,2,30640.87
D,RESIDUE_PRICE_OFFER,,1,A202312,C2024Q3T10,VIC1-NSW1,VIC1,2,31520.87
D,RESIDUE_PRICE_OFFER,,1,A202312,C2024Q3T10,VIC1-NSW1,VIC1,2,32400.87
D,RESIDUE_PRICE_OFFER,,1,A202312,C2024Q3T10,VIC1-NSW1,VIC1,2,33280.87
D,RESIDUE_PRICE_OFFER,,1,A202312,C2024Q3T10,VIC1-NSW1,VIC1,2,34160.87
D,RESIDUE_PRICE_OFFER,,1,A202312,C2024Q3T10,VIC1-NSW1,VIC1,2,35040.87
D,RESIDUE_PRICE_OFFER,,1,A202312,C2024Q3T10,VIC1-NSW1,VIC1,2,35920.87
D,RESIDUE_PRICE_OFFER,,1,A202312,C2024Q3T10,VIC1-NSW1,VIC1,2,36360
D,RESIDUE_PRICE_OFFER,,1,A202312,C2024Q3T10,VIC1-NSW1,VIC1,2,36800.87
D,RESIDUE_PRICE_OFFER,,1,A202312,C2024Q3T10,VIC1-NSW1,VIC1,2,37680.87
D,RESIDUE_PRICE_OFFER,,1,A202312,C2024Q3T10,VIC1-NSW1,VIC1,2,38560.87
D,RESIDUE_PRICE_OFFER,,1,A202312,C2024Q3T10,VIC1-NSW1,VIC1,2,39440.87
D,RESIDUE_PRICE_OFFER,,1,A202312,C2024Q3T10,VIC1-NSW1,VIC1,2,40320.87
D,RESIDUE_PRICE_OFFER,,1,A202312,C2024Q3T10,VIC1-NSW1,VIC1,2,41200.87
D,RESIDUE_PRICE_OFFER,,1,A202312,C2024Q3T10,VIC1-NSW1,VIC1,2,41814
D,RESIDUE_PRICE_OFFER,,1,A202312,C2024Q3T10,VIC1-NSW1,VIC1,2,42080.87
D,RESIDUE_PRICE_OFFER,,1,A202312,C2024Q3T10,VIC1-NSW1,VIC1,2,42960.87
D,RESIDUE_PRICE_OFFER,,1,A202312,C2024Q3T10,VIC1-NSW1,VIC1,2,43840.87
D,RESIDUE_PRICE_OFFER,,1,A202312,C2024Q3T10,VIC1-NSW1,VIC1,2,44720.87
D,RESIDUE_PRICE_OFFER,,1,A202312,C2024Q3T10,VIC1-NSW1,VIC1,2,45600.87
D,RESIDUE_PRICE_OFFER,,1,A202312,C2024Q3T10,VIC1-NSW1,VIC1,2,46480.87
D,RESIDUE_PRICE_OFFER,,1,A202312,C2024Q3T10,VIC1-NSW1,VIC1,2,47360.87
D,RESIDUE_PRICE_OFFER,,1,A202312,C2024Q3T10,VIC1-NSW1,VIC1,2,48086.10
D,RESIDUE_PRICE_OFFER,,1,A202312,C2024Q3T10,VIC1-NSW1,VIC1,2,48240.87
D,RESIDUE_PRICE_OFFER,,1,A202312,C2024Q3T10,VIC1-NSW1,VIC1,2,49120.87
D,RESIDUE_PRICE_OFFER,,1,A202312,C2024Q3T10,VIC1-NSW1,VIC1,2,50000.87
D,RESIDUE_PRICE_OFFER,,1,A202312,C2024Q3T10,VIC1-NSW1,VIC1,4,55299.0150
D,RESIDUE_PRICE_OFFER,,1,A202312,C2024Q3T10,VIC1-NSW1,VIC1,4,63593.867250
D,RESIDUE_PRICE_OFFER,,1,A202312,C2024Q3T10,VIC1-NSW1,VIC1,4,73132.947340
D,RESIDUE_PRICE_OFFER,,1,A202312,C2024Q3T10,VIC1-NSW1,VIC1,5,27400.87
D,RESIDUE_PRICE_OFFER,,1,A202312,C2024Q3T10,VIC1-NSW1,VIC1,5,27800.87
D,RESIDUE_PRICE_OFFER,,1,A202312,C2024Q3T10,VIC1-NSW1,VIC1,5,28200.87
D,RESIDUE_PRICE_OFFER,,1,A202312,C2024Q3T10,VIC1-NSW1,VIC1,5,28600.87
D,RESIDUE_PRICE_OFFER,,1,A202312,C2024Q3T10,VIC1-NSW1,VIC1,5,29000.87
D,RESIDUE_PRICE_OFFER,,1,A202312,C2024Q3T10,VIC1-NSW1,VIC1,15,33680
D,RESIDUE_PRICE_OFFER,,1,A202312,C2024Q3T10,VIC1-NSW1,VIC1,20,28000
D,RESIDUE_PRICE_OFFER,,1,A202312,C2024Q3T10,VIC1-NSW1,VIC1,70,30000
D,RESIDUE_PRICE_OFFER,,1,A202312,C2024Q3T10,VIC1-NSW1,VIC1,125,0
D,RESIDUE_PRICE_OFFER,,1,A202312,C2024Q4T09,NSW1-QLD1,NSW1,5,12442.5875
D,RESIDUE_PRICE_OFFER,,1,A202312,C2024Q4T09,NSW1-QLD1,NSW1,5,16797.493130
D,RESIDUE_PRICE_OFFER,,1,A202312,C2024Q4T09,NSW1-QLD1,NSW1,7,22676.615720
D,RESIDUE_PRICE_OFFER,,1,A202312,C2024Q4T09,NSW1-QLD1,NSW1,7,30613.431220
D,RESIDUE_PRICE_OFFER,,1,A202312,C2024Q4T09,NSW1-QLD1,NSW1,9,32144.102780
D,RESIDUE_PRICE_OFFER,,1,A202312,C2024Q4T09,NSW1-QLD1,NSW1,9,33751.307920
D,RESIDUE_PRICE_OFFER,,1,A202312,C2024Q4T09,NSW1-QLD1,NSW1,45,0
D,RESIDUE_PRICE_OFFER,,1,A202312,C2024Q4T09,NSW1-QLD1,QLD1,1,17050.37
D,RESIDUE_PRICE_OFFER,,1,A202312,C2024Q4T09,NSW1-QLD1,QLD1,1,17100.37
D,RESIDUE_PRICE_OFFER,,1,A202312,C2024Q4T09,NSW1-QLD1,QLD1,1,17150.37
D,RESIDUE_PRICE_OFFER,,1,A202312,C2024Q4T09,NSW1-QLD1,QLD1,1,17200.37
D,RESIDUE_PRICE_OFFER,,1,A202312,C2024Q4T09,NSW1-QLD1,QLD1,1,17250.37
D,RESIDUE_PRICE_OFFER,,1,A202312,C2024Q4T09,NSW1-QLD1,QLD1,1,17300.37
D,RESIDUE_PRICE_OFFER,,1,A202312,C2024Q4T09,NSW1-QLD1,QLD1,1,17350.37
D,RESIDUE_PRICE_OFFER,,1,A202312,C2024Q4T09,NSW1-QLD1,QLD1,1,17400.37
D,RESIDUE_PRICE_OFFER,,1,A202312,C2024Q4T09,NSW1-QLD1,QLD1,1,17450.37
D,RESIDUE_PRICE_OFFER,,1,A202312,C2024Q4T09,NSW1-QLD1,QLD1,1,17500.37
D,RESIDUE_PRICE_OFFER,,1,A202312,C2024Q4T09,NSW1-QLD1,QLD1,1,17550.37
D,RESIDUE_PRICE_OFFER,,1,A202312,C2024Q4T09,NSW1-QLD1,QLD1,1,17600.37
D,RESIDUE_PRICE_OFFER,,1,A202312,C2024Q4T09,NSW1-QLD1,QLD1,1,17650.37
D,RESIDUE_PRICE_OFFER,,1,A202312,C2024Q4T09,NSW1-QLD1,QLD1,1,17700.37
D,RESIDUE_PRICE_OFFER,,1,A202312,C2024Q4T09,NSW1-QLD1,QLD1,1,17750.37
D,RESIDUE_PRICE_OFFER,,1,A202312,C2024Q4T09,NSW1-QLD1,QLD1,1,17800.37
D,RESIDUE_PRICE_OFFER,,1,A202312,C2024Q4T09,NSW1-QLD1,QLD1,1,17850.37
D,RESIDUE_PRICE_OFFER,,1,A202312,C2024Q4T09,NSW1-QLD1,QLD1,1,17900.37
D,RESIDUE_PRICE_OFFER,,1,A202312,C2024Q4T09,NSW1-QLD1,QLD1,1,17950.37
D,RESIDUE_PRICE_OFFER,,1,A202312,C2024Q4T09,NSW1-QLD1,QLD1,1,18000.37
D,RESIDUE_PRICE_OFFER,,1,A202312,C2024Q4T09,NSW1-QLD1,QLD1,1,20500.37
D,RESIDUE_PRICE_OFFER,,1,A202312,C2024Q4T09,NSW1-QLD1,QLD1,1,21000.37
D,RESIDUE_PRICE_OFFER,,1,A202312,C2024Q4T09,NSW1-QLD1,QLD1,1,21500.37
D,RESIDUE_PRICE_OFFER,,1,A202312,C2024Q4T09,NSW1-QLD1,QLD1,1,22000.37
D,RESIDUE_PRICE_OFFER,,1,A202312,C2024Q4T09,NSW1-QLD1,QLD1,1,22500.37
D,RESIDUE_PRICE_OFFER,,1,A202312,C2024Q4T09,NSW1-QLD1,QLD1,1,23000.37
D,RESIDUE_PRICE_OFFER,,1,A202312,C2024Q4T09,NSW1-QLD1,QLD1,1,23500.37
D,RESIDUE_PRICE_OFFER,,1,A202312,C2024Q4T09,NSW1-QLD1,QLD1,1,24000.37
D,RESIDUE_PRICE_OFFER,,1,A202312,C2024Q4T09,NSW1-QLD1,QLD1,1,24500.37
D,RESIDUE_PRICE_OFFER,,1,A202312,C2024Q4T09,NSW1-QLD1,QLD1,1,25000.37
D,RESIDUE_PRICE_OFFER,,1,A202312,C2024Q4T09,NSW1-QLD1,QLD1,1,25500.37
D,RESIDUE_PRICE_OFFER,,1,A202312,C2024Q4T09,NSW1-QLD1,QLD1,1,26000.37
D,RESIDUE_PRICE_OFFER,,1,A202312,C2024Q4T09,NSW1-QLD1,QLD1,1,26500.37
D,RESIDUE_PRICE_OFFER,,1,A202312,C2024Q4T09,NSW1-QLD1,QLD1,1,27000.37
D,RESIDUE_PRICE_OFFER,,1,A202312,C2024Q4T09,NSW1-QLD1,QLD1,1,27500.37
D,RESIDUE_PRICE_OFFER,,1,A202312,C2024Q4T09,NSW1-QLD1,QLD1,1,28000.37
D,RESIDUE_PRICE_OFFER,,1,A202312,C2024Q4T09,NSW1-QLD1,QLD1,1,28500.37
D,RESIDUE_PRICE_OFFER,,1,A202312,C2024Q4T09,NSW1-QLD1,QLD1,1,29000.37
D,RESIDUE_PRICE_OFFER,,1,A202312,C2024Q4T09,NSW1-QLD1,QLD1,1,29500.37
D,RESIDUE_PRICE_OFFER,,1,A202312,C2024Q4T09,NSW1-QLD1,QLD1,1,30000.37
D,RESIDUE_PRICE_OFFER,,1,A202312,C2024Q4T09,NSW1-QLD1,QLD1,3,17972.218390
D,RESIDUE_PRICE_OFFER,,1,A202312,C2024Q4T09,NSW1-QLD1,QLD1,3,19230.273670
D,RESIDUE_PRICE_OFFER,,1,A202312,C2024Q4T09,NSW1-QLD1,QLD1,5,20576.392840
D,RESIDUE_PRICE_OFFER,,1,A202312,C2024Q4T09,NSW1-QLD1,QLD1,5,23662.851760
D,RESIDUE_PRICE_OFFER,,1,A202312,C2024Q4T09,NSW1-QLD1,QLD1,9,27212.279530
D,RESIDUE_PRICE_OFFER,,1,A202312,C2024Q4T09,NSW1-QLD1,QLD1,12,31294.121450
D,RESIDUE_PRICE_OFFER,,1,A202312,C2024Q4T09,NSW1-QLD1,QLD1,20,16720
D,RESIDUE_PRICE_OFFER,,1,A202312,C2024Q4T09,NSW1-QLD1,QLD1,100,0
D,RESIDUE_PRICE_OFFER,,1,A202312,C2024Q4T09,V-SA,SA1,1,6100.93
D,RESIDUE_PRICE_OFFER,,1,A202312,C2024Q4T09,V-SA,SA1,1,6200.93
D,RESIDUE_PRICE_OFFER,,1,A202312,C2024Q4T09,V-SA,SA1,1,6300.93
D,RESIDUE_PRICE_OFFER,,1,A202312,C2024Q4T09,V-SA,SA1,1,6400.93
D,RESIDUE_PRICE_OFFER,,1,A202312,C2024Q4T09,V-SA,SA1,1,6500.93
D,RESIDUE_PRICE_OFFER,,1,A202312,C2024Q4T09,V-SA,SA1,1,6600.93
D,RESIDUE_PRICE_OFFER,,1,A202312,C2024Q4T09,V-SA,SA1,1,6700.93
D,RESIDUE_PRICE_OFFER,,1,A202312,C2024Q4T09,V-SA,SA1,1,6800.93
D,RESIDUE_PRICE_OFFER,,1,A202312,C2024Q4T09,V-SA,SA1,1,6900.93
D,RESIDUE_PRICE_OFFER,,1,A202312,C2024Q4T09,V-SA,SA1,1,7000.93
D,RESIDUE_PRICE_OFFER,,1,A202312,C2024Q4T09,V-SA,SA1,1,7100.93
D,RESIDUE_PRICE_OFFER,,1,A202312,C2024Q4T09,V-SA,SA1,1,7200.93
D,RESIDUE_PRICE_OFFER,,1,A202312,C2024Q4T09,V-SA,SA1,1,7300.93
D,RESIDUE_PRICE_OFFER,,1,A202312,C2024Q4T09,V-SA,SA1,1,7400.93
D,RESIDUE_PRICE_OFFER,,1,A202312,C2024Q4T09,V-SA,SA1,1,7500.93
D,RESIDUE_PRICE_OFFER,,1,A202312,C2024Q4T09,V-SA,SA1,1,7600.93
D,RESIDUE_PRICE_OFFER,,1,A202312,C2024Q4T09,V-SA,SA1,1,7700.93
D,RESIDUE_PRICE_OFFER,,1,A202312,C2024Q4T09,V-SA,SA1,1,7800.93
D,RESIDUE_PRICE_OFFER,,1,A202312,C2024Q4T09,V-SA,SA1,1,7900.93
D,RESIDUE_PRICE_OFFER,,1,A202312,C2024Q4T09,V-SA,SA1,1,8000
D,RESIDUE_PRICE_OFFER,,1,A202312,C2024Q4T09,V-SA,SA1,1,8000.93
D,RESIDUE_PRICE_OFFER,,1,A202312,C2024Q4T09,V-SA,SA1,2,5040.426470
D,RESIDUE_PRICE_OFFER,,1,A202312,C2024Q4T09,V-SA,SA1,2,5796.490440
D,RESIDUE_PRICE_OFFER,,1,A202312,C2024Q4T09,V-SA,SA1,2,8266.93
D,RESIDUE_PRICE_OFFER,,1,A202312,C2024Q4T09,V-SA,SA1,2,8532.93
D,RESIDUE_PRICE_OFFER,,1,A202312,C2024Q4T09,V-SA,SA1,2,8798.93
D,RESIDUE_PRICE_OFFER,,1,A202312,C2024Q4T09,V-SA,SA1,2,9064.93
D,RESIDUE_PRICE_OFFER,,1,A202312,C2024Q4T09,V-SA,SA1,2,9142.86
D,RESIDUE_PRICE_OFFER,,1,A202312,C2024Q4T09,V-SA,SA1,2,9330.93
D,RESIDUE_PRICE_OFFER,,1,A202312,C2024Q4T09,V-SA,SA1,2,9596.93
D,RESIDUE_PRICE_OFFER,,1,A202312,C2024Q4T09,V-SA,SA1,2,9862.93
D,RESIDUE_PRICE_OFFER,,1,A202312,C2024Q4T09,V-SA,SA1,2,10128.93
D,RESIDUE_PRICE_OFFER,,1,A202312,C2024Q4T09,V-SA,SA1,2,10285.709990
D,RESIDUE_PRICE_OFFER,,1,A202312,C2024Q4T09,V-SA,SA1,2,10394.93
D,RESIDUE_PRICE_OFFER,,1,A202312,C2024Q4T09,V-SA,SA1,2,10660.93
D,RESIDUE_PRICE_OFFER,,1,A202312,C2024Q4T09,V-SA,SA1,2,10926.93
D,RESIDUE_PRICE_OFFER,,1,A202312,C2024Q4T09,V-SA,SA1,2,11192.93
D,RESIDUE_PRICE_OFFER,,1,A202312,C2024Q4T09,V-SA,SA1,2,11428.57
D,RESIDUE_PRICE_OFFER,,1,A202312,C2024Q4T09,V-SA,SA1,2,11458.93
D,RESIDUE_PRICE_OFFER,,1,A202312,C2024Q4T09,V-SA,SA1,2,11724.93
D,RESIDUE_PRICE_OFFER,,1,A202312,C2024Q4T09,V-SA,SA1,2,11990.93
D,RESIDUE_PRICE_OFFER,,1,A202312,C2024Q4T09,V-SA,SA1,2,12571.43
D,RESIDUE_PRICE_OFFER,,1,A202312,C2024Q4T09,V-SA,SA1,2,13714.29
D,RESIDUE_PRICE_OFFER,,1,A202312,C2024Q4T09,V-SA,SA1,2,14857.14
D,RESIDUE_PRICE_OFFER,,1,A202312,C2024Q4T09,V-SA,SA1,2,16000
D,RESIDUE_PRICE_OFFER,,1,A202312,C2024Q4T09,V-SA,SA1,3,6665.9640
D,RESIDUE_PRICE_OFFER,,1,A202312,C2024Q4T09,V-SA,SA1,3,7665.8586
D,RESIDUE_PRICE_OFFER,,1,A202312,C2024Q4T09,V-SA,SA1,5,8815.7374
D,RESIDUE_PRICE_OFFER,,1,A202312,C2024Q4T09,V-SA,SA1,5,10138.098010
D,RESIDUE_PRICE_OFFER,,1,A202312,C2024Q4T09,V-SA,SA1,6,5100
D,RESIDUE_PRICE_OFFER,,1,A202312,C2024Q4T09,V-SA,SA1,6,6000
D,RESIDUE_PRICE_OFFER,,1,A202312,C2024Q4T09,V-SA,SA1,64,0
D,RESIDUE_PRICE_OFFER,,1,A202312,C2024Q4T09,V-SA,VIC1,1,14222.97
D,RESIDUE_PRICE_OFFER,,1,A202312,C2024Q4T09,V-SA,VIC1,1,14444.97
D,RESIDUE_PRICE_OFFER,,1,A202312,C2024Q4T09,V-SA,VIC1,1,14666.97
D,RESIDUE_PRICE_OFFER,,1,A202312,C2024Q4T09,V-SA,VIC1,1,14888.97
D,RESIDUE_PRICE_OFFER,,1,A202312,C2024Q4T09,V-SA,VIC1,1,15110.97
D,RESIDUE_PRICE_OFFER,,1,A202312,C2024Q4T09,V-SA,VIC1,1,15332.97
D,RESIDUE_PRICE_OFFER,,1,A202312,C2024Q4T09,V-SA,VIC1,1,15554.97
D,RESIDUE_PRICE_OFFER,,1,A202312,C2024Q4T09,V-SA,VIC1,1,15776.97
D,RESIDUE_PRICE_OFFER,,1,A202312,C2024Q4T09,V-SA,VIC1,1,15998.97
D,RESIDUE_PRICE_OFFER,,1,A202312,C2024Q4T09,V-SA,VIC1,2,23260.0960
D,RESIDUE_PRICE_OFFER,,1,A202312,C2024Q4T09,V-SA,VIC1,2,25120.903680
D,RESIDUE_PRICE_OFFER,,1,A202312,C2024Q4T09,V-SA,VIC1,3,27130.575970
D,RESIDUE_PRICE_OFFER,,1,A202312,C2024Q4T09,V-SA,VIC1,3,29301.022050
D,RESIDUE_PRICE_OFFER,,1,A202312,C2024Q4T09,V-SA,VIC1,5,31645.103820
D,RESIDUE_PRICE_OFFER,,1,A202312,C2024Q4T09,V-SA,VIC1,5,34176.712110
D,RESIDUE_PRICE_OFFER,,1,A202312,C2024Q4T09,V-SA,VIC1,73,0
D,RESIDUE_PRICE_OFFER,,1,A202312,C2024Q4T09,VIC1-NSW1,NSW1,3,1720.666660
D,RESIDUE_PRICE_OFFER,,1,A202312,C2024Q4T09,VIC1-NSW1,NSW1,3,2236.866660
D,RESIDUE_PRICE_OFFER,,1,A202312,C2024Q4T09,VIC1-NSW1,NSW1,3,2907.926660
D,RESIDUE_PRICE_OFFER,,1,A202312,C2024Q4T09,VIC1-NSW1,NSW1,4,3780.304660
D,RESIDUE_PRICE_OFFER,,1,A202312,C2024Q4T09,VIC1-NSW1,NSW1,4,4914.396060
D,RESIDUE_PRICE_OFFER,,1,A202312,C2024Q4T09,VIC1-NSW1,NSW1,4,6388.714880
D,RESIDUE_PRICE_OFFER,,1,A202312,C2024Q4T09,VIC1-NSW1,NSW1,17,1100
D,RESIDUE_PRICE_OFFER,,1,A202312,C2024Q4T09,VIC1-NSW1,NSW1,17,1400
D,RESIDUE_PRICE_OFFER,,1,A202312,C2024Q4T09,VIC1-NSW1,NSW1,108,0
D,RESIDUE_PRICE_OFFER,,1,A202312,C2024Q4T09,VIC1-NSW1,VIC1,2,21360.87
D,RESIDUE_PRICE_OFFER,,1,A202312,C2024Q4T09,VIC1-NSW1,VIC1,2,21720.87
D,RESIDUE_PRICE_OFFER,,1,A202312,C2024Q4T09,VIC1-NSW1,VIC1,2,22080.87
D,RESIDUE_PRICE_OFFER,,1,A202312,C2024Q4T09,VIC1-NSW1,VIC1,2,22440.87
D,RESIDUE_PRICE_OFFER,,1,A202312,C2024Q4T09,VIC1-NSW1,VIC1,2,22800.87
D,RESIDUE_PRICE_OFFER,,1,A202312,C2024Q4T09,VIC1-NSW1,VIC1,2,23160.87
D,RESIDUE_PRICE_OFFER,,1,A202312,C2024Q4T09,VIC1-NSW1,VIC1,2,23520.87
D,RESIDUE_PRICE_OFFER,,1,A202312,C2024Q4T09,VIC1-NSW1,VIC1,2,23880.87
D,RESIDUE_PRICE_OFFER,,1,A202312,C2024Q4T09,VIC1-NSW1,VIC1,2,24240.87
D,RESIDUE_PRICE_OFFER,,1,A202312,C2024Q4T09,VIC1-NSW1,VIC1,2,24600.87
D,RESIDUE_PRICE_OFFER,,1,A202312,C2024Q4T09,VIC1-NSW1,VIC1,2,24960.87
D,RESIDUE_PRICE_OFFER,,1,A202312,C2024Q4T09,VIC1-NSW1,VIC1,2,25320.87
D,RESIDUE_PRICE_OFFER,,1,A202312,C2024Q4T09,VIC1-NSW1,VIC1,2,25680.87
D,RESIDUE_PRICE_OFFER,,1,A202312,C2024Q4T09,VIC1-NSW1,VIC1,2,26040.87
D,RESIDUE_PRICE_OFFER,,1,A202312,C2024Q4T09,VIC1-NSW1,VIC1,2,26400.87
D,RESIDUE_PRICE_OFFER,,1,A202312,C2024Q4T09,VIC1-NSW1,VIC1,2,26760.87
D,RESIDUE_PRICE_OFFER,,1,A202312,C2024Q4T09,VIC1-NSW1,VIC1,2,27120.87
D,RESIDUE_PRICE_OFFER,,1,A202312,C2024Q4T09,VIC1-NSW1,VIC1,2,27480.87
D,RESIDUE_PRICE_OFFER,,1,A202312,C2024Q4T09,VIC1-NSW1,VIC1,2,27840.87
D,RESIDUE_PRICE_OFFER,,1,A202312,C2024Q4T09,VIC1-NSW1,VIC1,2,28200.87
D,RESIDUE_PRICE_OFFER,,1,A202312,C2024Q4T09,VIC1-NSW1,VIC1,2,28560.87
D,RESIDUE_PRICE_OFFER,,1,A202312,C2024Q4T09,VIC1-NSW1,VIC1,2,28920.87
D,RESIDUE_PRICE_OFFER,,1,A202312,C2024Q4T09,VIC1-NSW1,VIC1,2,29280.87
D,RESIDUE_PRICE_OFFER,,1,A202312,C2024Q4T09,VIC1-NSW1,VIC1,2,29640.87
D,RESIDUE_PRICE_OFFER,,1,A202312,C2024Q4T09,VIC1-NSW1,VIC1,2,30000.87
D,RESIDUE_PRICE_OFFER,,1,A202312,C2024Q4T09,VIC1-NSW1,VIC1,3,18542.82
D,RESIDUE_PRICE_OFFER,,1,A202312,C2024Q4T09,VIC1-NSW1,VIC1,3,19840.8174
D,RESIDUE_PRICE_OFFER,,1,A202312,C2024Q4T09,VIC1-NSW1,VIC1,5,21229.674620
D,RESIDUE_PRICE_OFFER,,1,A202312,C2024Q4T09,VIC1-NSW1,VIC1,6,16000
D,RESIDUE_PRICE_OFFER,,1,A202312,C2024Q4T09,VIC1-NSW1,VIC1,7,22715.751840
D,RESIDUE_PRICE_OFFER,,1,A202312,C2024Q4T09,VIC1-NSW1,VIC1,9,24305.854470
D,RESIDUE_PRICE_OFFER,,1,A202312,C2024Q4T09,VIC1-NSW1,VIC1,10,33102
D,RESIDUE_PRICE_OFFER,,1,A202312,C2024Q4T09,VIC1-NSW1,VIC1,15,26007.264280
D,RESIDUE_PRICE_OFFER,,1,A202312,C2024Q4T09,VIC1-NSW1,VIC1,20,16000.87
D,RESIDUE_PRICE_OFFER,,1,A202312,C2024Q4T09,VIC1-NSW1,VIC1,20,25500
D,RESIDUE_PRICE_OFFER,,1,A202312,C2024Q4T09,VIC1-NSW1,VIC1,25,23000
D,RESIDUE_PRICE_OFFER,,1,A202312,C2024Q4T09,VIC1-NSW1,VIC1,25,24000
D,RESIDUE_PRICE_OFFER,,1,A202312,C2024Q4T09,VIC1-NSW1,VIC1,125,0
D,RESIDUE_PRICE_OFFER,,1,A202312,C2025Q1T08,NSW1-QLD1,NSW1,5,16130.343750
D,RESIDUE_PRICE_OFFER,,1,A202312,C2025Q1T08,NSW1-QLD1,NSW1,5,21775.964060
D,RESIDUE_PRICE_OFFER,,1,A202312,C2025Q1T08,NSW1-QLD1,NSW1,7,29397.551480
D,RESIDUE_PRICE_OFFER,,1,A202312,C2025Q1T08,NSW1-QLD1,NSW1,7,39686.6945
D,RESIDUE_PRICE_OFFER,,1,A202312,C2025Q1T08,NSW1-QLD1,NSW1,9,41671.029230
D,RESIDUE_PRICE_OFFER,,1,A202312,C2025Q1T08,NSW1-QLD1,NSW1,9,43754.580690
D,RESIDUE_PRICE_OFFER,,1,A202312,C2025Q1T08,NSW1-QLD1,NSW1,45,0
D,RESIDUE_PRICE_OFFER,,1,A202312,C2025Q1T08,NSW1-QLD1,QLD1,1,16040.37
D,RESIDUE_PRICE_OFFER,,1,A202312,C2025Q1T08,NSW1-QLD1,QLD1,1,16080.37
D,RESIDUE_PRICE_OFFER,,1,A202312,C2025Q1T08,NSW1-QLD1,QLD1,1,16120.37
D,RESIDUE_PRICE_OFFER,,1,A202312,C2025Q1T08,NSW1-QLD1,QLD1,1,16160.37
D,RESIDUE_PRICE_OFFER,,1,A202312,C2025Q1T08,NSW1-QLD1,QLD1,1,16200.37
D,RESIDUE_PRICE_OFFER,,1,A202312,C2025Q1T08,NSW1-QLD1,QLD1,1,16240.37
D,RESIDUE_PRICE_OFFER,,1,A202312,C2025Q1T08,NSW1-QLD1,QLD1,1,16280.37
D,RESIDUE_PRICE_OFFER,,1,A202312,C2025Q1T08,NSW1-QLD1,QLD1,1,16320.37
D,RESIDUE_PRICE_OFFER,,1,A202312,C2025Q1T08,NSW1-QLD1,QLD1,1,16360.37
D,RESIDUE_PRICE_OFFER,,1,A202312,C2025Q1T08,NSW1-QLD1,QLD1,1,16400.37
D,RESIDUE_PRICE_OFFER,,1,A202312,C2025Q1T08,NSW1-QLD1,QLD1,1,16440.37
D,RESIDUE_PRICE_OFFER,,1,A202312,C2025Q1T08,NSW1-QLD1,QLD1,1,16480.37
D,RESIDUE_PRICE_OFFER,,1,A202312,C2025Q1T08,NSW1-QLD1,QLD1,1,16520.37
D,RESIDUE_PRICE_OFFER,,1,A202312,C2025Q1T08,NSW1-QLD1,QLD1,1,16560.37
D,RESIDUE_PRICE_OFFER,,1,A202312,C2025Q1T08,NSW1-QLD1,QLD1,1,16600.37
D,RESIDUE_PRICE_OFFER,,1,A202312,C2025Q1T08,NSW1-QLD1,QLD1,1,16640.37
D,RESIDUE_PRICE_OFFER,,1,A202312,C2025Q1T08,NSW1-QLD1,QLD1,1,16680.37
D,RESIDUE_PRICE_OFFER,,1,A202312,C2025Q1T08,NSW1-QLD1,QLD1,1,16720.37
D,RESIDUE_PRICE_OFFER,,1,A202312,C2025Q1T08,NSW1-QLD1,QLD1,1,16760.37
D,RESIDUE_PRICE_OFFER,,1,A202312,C2025Q1T08,NSW1-QLD1,QLD1,1,16800.37
D,RESIDUE_PRICE_OFFER,,1,A202312,C2025Q1T08,NSW1-QLD1,QLD1,1,16840.37
D,RESIDUE_PRICE_OFFER,,1,A202312,C2025Q1T08,NSW1-QLD1,QLD1,1,16880.37
D,RESIDUE_PRICE_OFFER,,1,A202312,C2025Q1T08,NSW1-QLD1,QLD1,1,16920.37
D,RESIDUE_PRICE_OFFER,,1,A202312,C2025Q1T08,NSW1-QLD1,QLD1,1,16960.37
D,RESIDUE_PRICE_OFFER,,1,A202312,C2025Q1T08,NSW1-QLD1,QLD1,1,17000.37
D,RESIDUE_PRICE_OFFER,,1,A202312,C2025Q1T08,NSW1-QLD1,QLD1,2,21375.454540
D,RESIDUE_PRICE_OFFER,,1,A202312,C2025Q1T08,NSW1-QLD1,QLD1,2,22871.736360
D,RESIDUE_PRICE_OFFER,,1,A202312,C2025Q1T08,NSW1-QLD1,QLD1,2,24472.757910
D,RESIDUE_PRICE_OFFER,,1,A202312,C2025Q1T08,NSW1-QLD1,QLD1,3,28143.6716
D,RESIDUE_PRICE_OFFER,,1,A202312,C2025Q1T08,NSW1-QLD1,QLD1,3,32365.222330
D,RESIDUE_PRICE_OFFER,,1,A202312,C2025Q1T08,NSW1-QLD1,QLD1,3,37220.005680
D,RESIDUE_PRICE_OFFER,,1,A202312,C2025Q1T08,NSW1-QLD1,QLD1,5,17188
D,RESIDUE_PRICE_OFFER,,1,A202312,C2025Q1T08,NSW1-QLD1,QLD1,5,19066.37
D,RESIDUE_PRICE_OFFER,,1,A202312,C2025Q1T08,NSW1-QLD1,QLD1,5,19632.37
D,RESIDUE_PRICE_OFFER,,1,A202312,C2025Q1T08,NSW1-QLD1,QLD1,5,20198.37
D,RESIDUE_PRICE_OFFER,,1,A202312,C2025Q1T08,NSW1-QLD1,QLD1,5,20764.37
D,RESIDUE_PRICE_OFFER,,1,A202312,C2025Q1T08,NSW1-QLD1,QLD1,5,21330.37
D,RESIDUE_PRICE_OFFER,,1,A202312,C2025Q1T08,NSW1-QLD1,QLD1,5,21896.37
D,RESIDUE_PRICE_OFFER,,1,A202312,C2025Q1T08,NSW1-QLD1,QLD1,5,22462.37
D,RESIDUE_PRICE_OFFER,,1,A202312,C2025Q1T08,NSW1-QLD1,QLD1,5,23028.37
D,RESIDUE_PRICE_OFFER,,1,A202312,C2025Q1T08,NSW1-QLD1,QLD1,5,23594.37
D,RESIDUE_PRICE_OFFER,,1,A202312,C2025Q1T08,NSW1-QLD1,QLD1,5,24160.37
D,RESIDUE_PRICE_OFFER,,1,A202312,C2025Q1T08,NSW1-QLD1,QLD1,5,24726.37
D,RESIDUE_PRICE_OFFER,,1,A202312,C2025Q1T08,NSW1-QLD1,QLD1,5,25292.37
D,RESIDUE_PRICE_OFFER,,1,A202312,C2025Q1T08,NSW1-QLD1,QLD1,5,25858.37
D,RESIDUE_PRICE_OFFER,,1,A202312,C2025Q1T08,NSW1-QLD1,QLD1,5,26424.37
D,RESIDUE_PRICE_OFFER,,1,A202312,C2025Q1T08,NSW1-QLD1,QLD1,5,26990.37
D,RESIDUE_PRICE_OFFER,,1,A202312,C2025Q1T08,NSW1-QLD1,QLD1,8,21090
D,RESIDUE_PRICE_OFFER,,1,A202312,C2025Q1T08,NSW1-QLD1,QLD1,100,0
D,RESIDUE_PRICE_OFFER,,1,A202312,C2025Q1T08,V-SA,SA1,2,6321.661760
D,RESIDUE_PRICE_OFFER,,1,A202312,C2025Q1T08,V-SA,SA1,2,7269.911020
D,RESIDUE_PRICE_OFFER,,1,A202312,C2025Q1T08,V-SA,SA1,3,8360.397680
D,RESIDUE_PRICE_OFFER,,1,A202312,C2025Q1T08,V-SA,SA1,3,9614.457330
D,RESIDUE_PRICE_OFFER,,1,A202312,C2025Q1T08,V-SA,SA1,5,11056.625940
D,RESIDUE_PRICE_OFFER,,1,A202312,C2025Q1T08,V-SA,SA1,5,12715.119830
D,RESIDUE_PRICE_OFFER,,1,A202312,C2025Q1T08,V-SA,SA1,64,0
D,RESIDUE_PRICE_OFFER,,1,A202312,C2025Q1T08,V-SA,VIC1,1,25133.97
D,RESIDUE_PRICE_OFFER,,1,A202312,C2025Q1T08,V-SA,VIC1,1,25266.97
D,RESIDUE_PRICE_OFFER,,1,A202312,C2025Q1T08,V-SA,VIC1,1,25399.97
D,RESIDUE_PRICE_OFFER,,1,A202312,C2025Q1T08,V-SA,VIC1,1,25532.97
D,RESIDUE_PRICE_OFFER,,1,A202312,C2025Q1T08,V-SA,VIC1,1,25665.97
D,RESIDUE_PRICE_OFFER,,1,A202312,C2025Q1T08,V-SA,VIC1,1,25798.97
D,RESIDUE_PRICE_OFFER,,1,A202312,C2025Q1T08,V-SA,VIC1,1,25931.97
D,RESIDUE_PRICE_OFFER,,1,A202312,C2025Q1T08,V-SA,VIC1,1,26064.97
D,RESIDUE_PRICE_OFFER,,1,A202312,C2025Q1T08,V-SA,VIC1,1,26197.97
D,RESIDUE_PRICE_OFFER,,1,A202312,C2025Q1T08,V-SA,VIC1,1,26330.97
D,RESIDUE_PRICE_OFFER,,1,A202312,C2025Q1T08,V-SA,VIC1,1,26463.97
D,RESIDUE_PRICE_OFFER,,1,A202312,C2025Q1T08,V-SA,VIC1,1,26596.97
D,RESIDUE_PRICE_OFFER,,1,A202312,C2025Q1T08,V-SA,VIC1,1,26729.97
D,RESIDUE_PRICE_OFFER,,1,A202312,C2025Q1T08,V-SA,VIC1,1,26862.97
D,RESIDUE_PRICE_OFFER,,1,A202312,C2025Q1T08,V-SA,VIC1,1,26995.97
D,RESIDUE_PRICE_OFFER,,1,A202312,C2025Q1T08,V-SA,VIC1,2,29609
D,RESIDUE_PRICE_OFFER,,1,A202312,C2025Q1T08,V-SA,VIC1,2,31977.72
D,RESIDUE_PRICE_OFFER,,1,A202312,C2025Q1T08,V-SA,VIC1,3,34535.937590
D,RESIDUE_PRICE_OFFER,,1,A202312,C2025Q1T08,V-SA,VIC1,3,37298.812610
D,RESIDUE_PRICE_OFFER,,1,A202312,C2025Q1T08,V-SA,VIC1,5,40282.717620
D,RESIDUE_PRICE_OFFER,,1,A202312,C2025Q1T08,V-SA,VIC1,5,43505.335030
D,RESIDUE_PRICE_OFFER,,1,A202312,C2025Q1T08,V-SA,VIC1,73,0
D,RESIDUE_PRICE_OFFER,,1,A202312,C2025Q1T08,VIC1-NSW1,NSW1,1,5050.58
D,RESIDUE_PRICE_OFFER,,1,A202312,C2025Q1T08,VIC1-NSW1,NSW1,1,5100.58
D,RESIDUE_PRICE_OFFER,,1,A202312,C2025Q1T08,VIC1-NSW1,NSW1,1,5150.58
D,RESIDUE_PRICE_OFFER,,1,A202312,C2025Q1T08,VIC1-NSW1,NSW1,1,5200.58
D,RESIDUE_PRICE_OFFER,,1,A202312,C2025Q1T08,VIC1-NSW1,NSW1,1,5250.58
D,RESIDUE_PRICE_OFFER,,1,A202312,C2025Q1T08,VIC1-NSW1,NSW1,1,5300.58
D,RESIDUE_PRICE_OFFER,,1,A202312,C2025Q1T08,VIC1-NSW1,NSW1,1,5350.58
D,RESIDUE_PRICE_OFFER,,1,A202312,C2025Q1T08,VIC1-NSW1,NSW1,1,5400.58
D,RESIDUE_PRICE_OFFER,,1,A202312,C2025Q1T08,VIC1-NSW1,NSW1,1,5450.58
D,RESIDUE_PRICE_OFFER,,1,A202312,C2025Q1T08,VIC1-NSW1,NSW1,1,5500.58
D,RESIDUE_PRICE_OFFER,,1,A202312,C2025Q1T08,VIC1-NSW1,NSW1,1,5550.58
D,RESIDUE_PRICE_OFFER,,1,A202312,C2025Q1T08,VIC1-NSW1,NSW1,1,5600.58
D,RESIDUE_PRICE_OFFER,,1,A202312,C2025Q1T08,VIC1-NSW1,NSW1,1,5650.58
D,RESIDUE_PRICE_OFFER,,1,A202312,C2025Q1T08,VIC1-NSW1,NSW1,1,5700.58
D,RESIDUE_PRICE_OFFER,,1,A202312,C2025Q1T08,VIC1-NSW1,NSW1,1,5750.58
D,RESIDUE_PRICE_OFFER,,1,A202312,C2025Q1T08,VIC1-NSW1,NSW1,1,5800.58
D,RESIDUE_PRICE_OFFER,,1,A202312,C2025Q1T08,VIC1-NSW1,NSW1,1,5850.58
D,RESIDUE_PRICE_OFFER,,1,A202312,C2025Q1T08,VIC1-NSW1,NSW1,1,5900.58
D,RESIDUE_PRICE_OFFER,,1,A202312,C2025Q1T08,VIC1-NSW1,NSW1,1,5950.58
D,RESIDUE_PRICE_OFFER,,1,A202312,C2025Q1T08,VIC1-NSW1,NSW1,1,6000.58
D,RESIDUE_PRICE_OFFER,,1,A202312,C2025Q1T08,VIC1-NSW1,NSW1,3,4199.081080
D,RESIDUE_PRICE_OFFER,,1,A202312,C2025Q1T08,VIC1-NSW1,NSW1,3,4828.943240
D,RESIDUE_PRICE_OFFER,,1,A202312,C2025Q1T08,VIC1-NSW1,NSW1,3,5311.837560
D,RESIDUE_PRICE_OFFER,,1,A202312,C2025Q1T08,VIC1-NSW1,NSW1,4,5843.021320
D,RESIDUE_PRICE_OFFER,,1,A202312,C2025Q1T08,VIC1-NSW1,NSW1,4,6427.323450
D,RESIDUE_PRICE_OFFER,,1,A202312,C2025Q1T08,VIC1-NSW1,NSW1,4,7070.0558
D,RESIDUE_PRICE_OFFER,,1,A202312,C2025Q1T08,VIC1-NSW1,NSW1,108,0
D,RESIDUE_PRICE_OFFER,,1,A202312,C2025Q1T08,VIC1-NSW1,VIC1,2,20200.87
D,RESIDUE_PRICE_OFFER,,1,A202312,C2025Q1T08,VIC1-NSW1,VIC1,2,20400.87
D,RESIDUE_PRICE_OFFER,,1,A202312,C2025Q1T08,VIC1-NSW1,VIC1,2,20600.87
D,RESIDUE_PRICE_OFFER,,1,A202312,C2025Q1T08,VIC1-NSW1,VIC1,2,20800.87
D,RESIDUE_PRICE_OFFER,,1,A202312,C2025Q1T08,VIC1-NSW1,VIC1,2,21000.87
D,RESIDUE_PRICE_OFFER,,1,A202312,C2025Q1T08,VIC1-NSW1,VIC1,2,21200.87
D,RESIDUE_PRICE_OFFER,,1,A202312,C2025Q1T08,VIC1-NSW1,VIC1,2,21400.87
D,RESIDUE_PRICE_OFFER,,1,A202312,C2025Q1T08,VIC1-NSW1,VIC1,2,21600.87
D,RESIDUE_PRICE_OFFER,,1,A202312,C2025Q1T08,VIC1-NSW1,VIC1,2,21800.87
D,RESIDUE_PRICE_OFFER,,1,A202312,C2025Q1T08,VIC1-NSW1,VIC1,2,22000.87
D,RESIDUE_PRICE_OFFER,,1,A202312,C2025Q1T08,VIC1-NSW1,VIC1,3,21416.628570
D,RESIDUE_PRICE_OFFER,,1,A202312,C2025Q1T08,VIC1-NSW1,VIC1,3,22915.792570
D,RESIDUE_PRICE_OFFER,,1,A202312,C2025Q1T08,VIC1-NSW1,VIC1,3,40323
D,RESIDUE_PRICE_OFFER,,1,A202312,C2025Q1T08,VIC1-NSW1,VIC1,5,24519.898050
D,RESIDUE_PRICE_OFFER,,1,A202312,C2025Q1T08,VIC1-NSW1,VIC1,7,26236.290920
D,RESIDUE_PRICE_OFFER,,1,A202312,C2025Q1T08,VIC1-NSW1,VIC1,8,19000
D,RESIDUE_PRICE_OFFER,,1,A202312,C2025Q1T08,VIC1-NSW1,VIC1,8,24600.87
D,RESIDUE_PRICE_OFFER,,1,A202312,C2025Q1T08,VIC1-NSW1,VIC1,8,25200.87
D,RESIDUE_PRICE_OFFER,,1,A202312,C2025Q1T08,VIC1-NSW1,VIC1,8,25800.87
D,RESIDUE_PRICE_OFFER,,1,A202312,C2025Q1T08,VIC1-NSW1,VIC1,8,26400.87
D,RESIDUE_PRICE_OFFER,,1,A202312,C2025Q1T08,VIC1-NSW1,VIC1,8,27000.87
D,RESIDUE_PRICE_OFFER,,1,A202312,C2025Q1T08,VIC1-NSW1,VIC1,8,27600.87
D,RESIDUE_PRICE_OFFER,,1,A202312,C2025Q1T08,VIC1-NSW1,VIC1,8,28200.87
D,RESIDUE_PRICE_OFFER,,1,A202312,C2025Q1T08,VIC1-NSW1,VIC1,8,28800.87
D,RESIDUE_PRICE_OFFER,,1,A202312,C2025Q1T08,VIC1-NSW1,VIC1,8,29400.87
D,RESIDUE_PRICE_OFFER,,1,A202312,C2025Q1T08,VIC1-NSW1,VIC1,8,30000.87
D,RESIDUE_PRICE_OFFER,,1,A202312,C2025Q1T08,VIC1-NSW1,VIC1,8,37100
D,RESIDUE_PRICE_OFFER,,1,A202312,C2025Q1T08,VIC1-NSW1,VIC1,9,28072.831280
D,RESIDUE_PRICE_OFFER,,1,A202312,C2025Q1T08,VIC1-NSW1,VIC1,13,30037.929470
D,RESIDUE_PRICE_OFFER,,1,A202312,C2025Q1T08,VIC1-NSW1,VIC1,25,25000
D,RESIDUE_PRICE_OFFER,,1,A202312,C2025Q1T08,VIC1-NSW1,VIC1,125,0
D,RESIDUE_PRICE_OFFER,,1,A202312,C2025Q2T07,NSW1-QLD1,NSW1,1,2038
D,RESIDUE_PRICE_OFFER,,1,A202312,C2025Q2T07,NSW1-QLD1,NSW1,1,2955.10
D,RESIDUE_PRICE_OFFER,,1,A202312,C2025Q2T07,NSW1-QLD1,NSW1,1,4284.8950
D,RESIDUE_PRICE_OFFER,,1,A202312,C2025Q2T07,NSW1-QLD1,NSW1,2,6213.097750
D,RESIDUE_PRICE_OFFER,,1,A202312,C2025Q2T07,NSW1-QLD1,NSW1,2,9008.991730
D,RESIDUE_PRICE_OFFER,,1,A202312,C2025Q2T07,NSW1-QLD1,NSW1,2,13063.038020
D,RESIDUE_PRICE_OFFER,,1,A202312,C2025Q2T07,NSW1-QLD1,NSW1,5,8500
D,RESIDUE_PRICE_OFFER,,1,A202312,C2025Q2T07,NSW1-QLD1,NSW1,45,0
D,RESIDUE_PRICE_OFFER,,1,A202312,C2025Q2T07,NSW1-QLD1,QLD1,2,41172.199990
D,RESIDUE_PRICE_OFFER,,1,A202312,C2025Q2T07,NSW1-QLD1,QLD1,2,44054.2540
D,RESIDUE_PRICE_OFFER,,1,A202312,C2025Q2T07,NSW1-QLD1,QLD1,2,47138.051780
D,RESIDUE_PRICE_OFFER,,1,A202312,C2025Q2T07,NSW1-QLD1,QLD1,2,50437.7154
D,RESIDUE_PRICE_OFFER,,1,A202312,C2025Q2T07,NSW1-QLD1,QLD1,2,52959.601170
D,RESIDUE_PRICE_OFFER,,1,A202312,C2025Q2T07,NSW1-QLD1,QLD1,2,55607.581230
D,RESIDUE_PRICE_OFFER,,1,A202312,C2025Q2T07,NSW1-QLD1,QLD1,10,25288
D,RESIDUE_PRICE_OFFER,,1,A202312,C2025Q2T07,NSW1-QLD1,QLD1,10,47448
D,RESIDUE_PRICE_OFFER,,1,A202312,C2025Q2T07,NSW1-QLD1,QLD1,20,29000.37
D,RESIDUE_PRICE_OFFER,,1,A202312,C2025Q2T07,NSW1-QLD1,QLD1,20,35625
D,RESIDUE_PRICE_OFFER,,1,A202312,C2025Q2T07,NSW1-QLD1,QLD1,100,0
D,RESIDUE_PRICE_OFFER,,1,A202312,C2025Q2T07,V-SA,SA1,1,8000
D,RESIDUE_PRICE_OFFER,,1,A202312,C2025Q2T07,V-SA,SA1,2,4194.102940
D,RESIDUE_PRICE_OFFER,,1,A202312,C2025Q2T07,V-SA,SA1,2,4823.218380
D,RESIDUE_PRICE_OFFER,,1,A202312,C2025Q2T07,V-SA,SA1,2,9142.86
D,RESIDUE_PRICE_OFFER,,1,A202312,C2025Q2T07,V-SA,SA1,2,10285.709990
D,RESIDUE_PRICE_OFFER,,1,A202312,C2025Q2T07,V-SA,SA1,2,11428.57
D,RESIDUE_PRICE_OFFER,,1,A202312,C2025Q2T07,V-SA,SA1,2,12571.43
D,RESIDUE_PRICE_OFFER,,1,A202312,C2025Q2T07,V-SA,SA1,2,13714.29
D,RESIDUE_PRICE_OFFER,,1,A202312,C2025Q2T07,V-SA,SA1,2,14857.14
D,RESIDUE_PRICE_OFFER,,1,A202312,C2025Q2T07,V-SA,SA1,2,16000
D,RESIDUE_PRICE_OFFER,,1,A202312,C2025Q2T07,V-SA,SA1,3,5546.701140
D,RESIDUE_PRICE_OFFER,,1,A202312,C2025Q2T07,V-SA,SA1,3,6378.706310
D,RESIDUE_PRICE_OFFER,,1,A202312,C2025Q2T07,V-SA,SA1,5,7335.512250
D,RESIDUE_PRICE_OFFER,,1,A202312,C2025Q2T07,V-SA,SA1,5,8435.839090
D,RESIDUE_PRICE_OFFER,,1,A202312,C2025Q2T07,V-SA,SA1,11,4000.93
D,RESIDUE_PRICE_OFFER,,1,A202312,C2025Q2T07,V-SA,SA1,64,0
D,RESIDUE_PRICE_OFFER,,1,A202312,C2025Q2T07,V-SA,VIC1,2,15100.97
D,RESIDUE_PRICE_OFFER,,1,A202312,C2025Q2T07,V-SA,VIC1,2,15200.97
D,RESIDUE_PRICE_OFFER,,1,A202312,C2025Q2T07,V-SA,VIC1,2,15300.97
D,RESIDUE_PRICE_OFFER,,1,A202312,C2025Q2T07,V-SA,VIC1,2,15400.97
D,RESIDUE_PRICE_OFFER,,1,A202312,C2025Q2T07,V-SA,VIC1,2,15500.97
D,RESIDUE_PRICE_OFFER,,1,A202312,C2025Q2T07,V-SA,VIC1,2,15600.97
D,RESIDUE_PRICE_OFFER,,1,A202312,C2025Q2T07,V-SA,VIC1,2,15700.97
D,RESIDUE_PRICE_OFFER,,1,A202312,C2025Q2T07,V-SA,VIC1,2,15800.97
D,RESIDUE_PRICE_OFFER,,1,A202312,C2025Q2T07,V-SA,VIC1,2,15900.97
D,RESIDUE_PRICE_OFFER,,1,A202312,C2025Q2T07,V-SA,VIC1,2,16000.97
D,RESIDUE_PRICE_OFFER,,1,A202312,C2025Q2T07,V-SA,VIC1,73,0
D,RESIDUE_PRICE_OFFER,,1,A202312,C2025Q2T07,VIC1-NSW1,NSW1,2,3853.1325
D,RESIDUE_PRICE_OFFER,,1,A202312,C2025Q2T07,VIC1-NSW1,NSW1,2,4816.415620
D,RESIDUE_PRICE_OFFER,,1,A202312,C2025Q2T07,VIC1-NSW1,NSW1,3,1857.58
D,RESIDUE_PRICE_OFFER,,1,A202312,C2025Q2T07,VIC1-NSW1,NSW1,3,1964.58
D,RESIDUE_PRICE_OFFER,,1,A202312,C2025Q2T07,VIC1-NSW1,NSW1,3,2071.58
D,RESIDUE_PRICE_OFFER,,1,A202312,C2025Q2T07,VIC1-NSW1,NSW1,3,2178.58
D,RESIDUE_PRICE_OFFER,,1,A202312,C2025Q2T07,VIC1-NSW1,NSW1,3,2285.58
D,RESIDUE_PRICE_OFFER,,1,A202312,C2025Q2T07,VIC1-NSW1,NSW1,3,2392.58
D,RESIDUE_PRICE_OFFER,,1,A202312,C2025Q2T07,VIC1-NSW1,NSW1,3,2499.58
D,RESIDUE_PRICE_OFFER,,1,A202312,C2025Q2T07,VIC1-NSW1,NSW1,3,2606.58
D,RESIDUE_PRICE_OFFER,,1,A202312,C2025Q2T07,VIC1-NSW1,NSW1,3,2713.58
D,RESIDUE_PRICE_OFFER,,1,A202312,C2025Q2T07,VIC1-NSW1,NSW1,3,2820.58
D,RESIDUE_PRICE_OFFER,,1,A202312,C2025Q2T07,VIC1-NSW1,NSW1,3,2927.58
D,RESIDUE_PRICE_OFFER,,1,A202312,C2025Q2T07,VIC1-NSW1,NSW1,3,3034.58
D,RESIDUE_PRICE_OFFER,,1,A202312,C2025Q2T07,VIC1-NSW1,NSW1,3,3141.58
D,RESIDUE_PRICE_OFFER,,1,A202312,C2025Q2T07,VIC1-NSW1,NSW1,3,3248.58
D,RESIDUE_PRICE_OFFER,,1,A202312,C2025Q2T07,VIC1-NSW1,NSW1,3,6020.519530
D,RESIDUE_PRICE_OFFER,,1,A202312,C2025Q2T07,VIC1-NSW1,NSW1,3,7525.649410
D,RESIDUE_PRICE_OFFER,,1,A202312,C2025Q2T07,VIC1-NSW1,NSW1,7,9407.061760
D,RESIDUE_PRICE_OFFER,,1,A202312,C2025Q2T07,VIC1-NSW1,NSW1,7,11758.827210
D,RESIDUE_PRICE_OFFER,,1,A202312,C2025Q2T07,VIC1-NSW1,NSW1,10,5606
D,RESIDUE_PRICE_OFFER,,1,A202312,C2025Q2T07,VIC1-NSW1,NSW1,108,0
D,RESIDUE_PRICE_OFFER,,1,A202312,C2025Q2T07,VIC1-NSW1,VIC1,1,23040.87
D,RESIDUE_PRICE_OFFER,,1,A202312,C2025Q2T07,VIC1-NSW1,VIC1,1,23080.87
D,RESIDUE_PRICE_OFFER,,1,A202312,C2025Q2T07,VIC1-NSW1,VIC1,1,23120.87
D,RESIDUE_PRICE_OFFER,,1,A202312,C2025Q2T07,VIC1-NSW1,VIC1,1,23160.87
D,RESIDUE_PRICE_OFFER,,1,A202312,C2025Q2T07,VIC1-NSW1,VIC1,1,23200.87
D,RESIDUE_PRICE_OFFER,,1,A202312,C2025Q2T07,VIC1-NSW1,VIC1,1,23240.87
D,RESIDUE_PRICE_OFFER,,1,A202312,C2025Q2T07,VIC1-NSW1,VIC1,1,23280.87
D,RESIDUE_PRICE_OFFER,,1,A202312,C2025Q2T07,VIC1-NSW1,VIC1,1,23320.87
D,RESIDUE_PRICE_OFFER,,1,A202312,C2025Q2T07,VIC1-NSW1,VIC1,1,23360.87
D,RESIDUE_PRICE_OFFER,,1,A202312,C2025Q2T07,VIC1-NSW1,VIC1,1,23400.87
D,RESIDUE_PRICE_OFFER,,1,A202312,C2025Q2T07,VIC1-NSW1,VIC1,1,23440.87
D,RESIDUE_PRICE_OFFER,,1,A202312,C2025Q2T07,VIC1-NSW1,VIC1,1,23480.87
D,RESIDUE_PRICE_OFFER,,1,A202312,C2025Q2T07,VIC1-NSW1,VIC1,1,23520.87
D,RESIDUE_PRICE_OFFER,,1,A202312,C2025Q2T07,VIC1-NSW1,VIC1,1,23560.87
D,RESIDUE_PRICE_OFFER,,1,A202312,C2025Q2T07,VIC1-NSW1,VIC1,1,23600.87
D,RESIDUE_PRICE_OFFER,,1,A202312,C2025Q2T07,VIC1-NSW1,VIC1,1,23640.87
D,RESIDUE_PRICE_OFFER,,1,A202312,C2025Q2T07,VIC1-NSW1,VIC1,1,23680.87
D,RESIDUE_PRICE_OFFER,,1,A202312,C2025Q2T07,VIC1-NSW1,VIC1,1,23720.87
D,RESIDUE_PRICE_OFFER,,1,A202312,C2025Q2T07,VIC1-NSW1,VIC1,1,23760.87
D,RESIDUE_PRICE_OFFER,,1,A202312,C2025Q2T07,VIC1-NSW1,VIC1,1,23800.87
D,RESIDUE_PRICE_OFFER,,1,A202312,C2025Q2T07,VIC1-NSW1,VIC1,1,23840.87
D,RESIDUE_PRICE_OFFER,,1,A202312,C2025Q2T07,VIC1-NSW1,VIC1,1,23880.87
D,RESIDUE_PRICE_OFFER,,1,A202312,C2025Q2T07,VIC1-NSW1,VIC1,1,23920.87
D,RESIDUE_PRICE_OFFER,,1,A202312,C2025Q2T07,VIC1-NSW1,VIC1,1,23960.87
D,RESIDUE_PRICE_OFFER,,1,A202312,C2025Q2T07,VIC1-NSW1,VIC1,1,24000.87
D,RESIDUE_PRICE_OFFER,,1,A202312,C2025Q2T07,VIC1-NSW1,VIC1,2,26560.87
D,RESIDUE_PRICE_OFFER,,1,A202312,C2025Q2T07,VIC1-NSW1,VIC1,2,27120.87
D,RESIDUE_PRICE_OFFER,,1,A202312,C2025Q2T07,VIC1-NSW1,VIC1,2,27680.87
D,RESIDUE_PRICE_OFFER,,1,A202312,C2025Q2T07,VIC1-NSW1,VIC1,2,28240.87
D,RESIDUE_PRICE_OFFER,,1,A202312,C2025Q2T07,VIC1-NSW1,VIC1,2,28800.87
D,RESIDUE_PRICE_OFFER,,1,A202312,C2025Q2T07,VIC1-NSW1,VIC1,2,29360.87
D,RESIDUE_PRICE_OFFER,,1,A202312,C2025Q2T07,VIC1-NSW1,VIC1,2,29920.87
D,RESIDUE_PRICE_OFFER,,1,A202312,C2025Q2T07,VIC1-NSW1,VIC1,2,30480.87
D,RESIDUE_PRICE_OFFER,,1,A202312,C2025Q2T07,VIC1-NSW1,VIC1,2,31040.87
D,RESIDUE_PRICE_OFFER,,1,A202312,C2025Q2T07,VIC1-NSW1,VIC1,2,31600.87
D,RESIDUE_PRICE_OFFER,,1,A202312,C2025Q2T07,VIC1-NSW1,VIC1,2,32160.87
D,RESIDUE_PRICE_OFFER,,1,A202312,C2025Q2T07,VIC1-NSW1,VIC1,2,32453.45
D,RESIDUE_PRICE_OFFER,,1,A202312,C2025Q2T07,VIC1-NSW1,VIC1,2,32720.87
D,RESIDUE_PRICE_OFFER,,1,A202312,C2025Q2T07,VIC1-NSW1,VIC1,2,33280.87
D,RESIDUE_PRICE_OFFER,,1,A202312,C2025Q2T07,VIC1-NSW1,VIC1,2,33840.87
D,RESIDUE_PRICE_OFFER,,1,A202312,C2025Q2T07,VIC1-NSW1,VIC1,2,34400.87
D,RESIDUE_PRICE_OFFER,,1,A202312,C2025Q2T07,VIC1-NSW1,VIC1,2,34960.87
D,RESIDUE_PRICE_OFFER,,1,A202312,C2025Q2T07,VIC1-NSW1,VIC1,2,35520.87
D,RESIDUE_PRICE_OFFER,,1,A202312,C2025Q2T07,VIC1-NSW1,VIC1,2,36080.87
D,RESIDUE_PRICE_OFFER,,1,A202312,C2025Q2T07,VIC1-NSW1,VIC1,2,36640.87
D,RESIDUE_PRICE_OFFER,,1,A202312,C2025Q2T07,VIC1-NSW1,VIC1,2,37200.87
D,RESIDUE_PRICE_OFFER,,1,A202312,C2025Q2T07,VIC1-NSW1,VIC1,2,37321.4675
D,RESIDUE_PRICE_OFFER,,1,A202312,C2025Q2T07,VIC1-NSW1,VIC1,2,37760.87
D,RESIDUE_PRICE_OFFER,,1,A202312,C2025Q2T07,VIC1-NSW1,VIC1,2,38320.87
D,RESIDUE_PRICE_OFFER,,1,A202312,C2025Q2T07,VIC1-NSW1,VIC1,2,38880.87
D,RESIDUE_PRICE_OFFER,,1,A202312,C2025Q2T07,VIC1-NSW1,VIC1,2,39440.87
D,RESIDUE_PRICE_OFFER,,1,A202312,C2025Q2T07,VIC1-NSW1,VIC1,2,40000.87
D,RESIDUE_PRICE_OFFER,,1,A202312,C2025Q2T07,VIC1-NSW1,VIC1,2,42919.687630
D,RESIDUE_PRICE_OFFER,,1,A202312,C2025Q2T07,VIC1-NSW1,VIC1,4,38228
D,RESIDUE_PRICE_OFFER,,1,A202312,C2025Q2T07,VIC1-NSW1,VIC1,4,49357.640770
D,RESIDUE_PRICE_OFFER,,1,A202312,C2025Q2T07,VIC1-NSW1,VIC1,4,56761.286880
D,RESIDUE_PRICE_OFFER,,1,A202312,C2025Q2T07,VIC1-NSW1,VIC1,4,65275.479920
D,RESIDUE_PRICE_OFFER,,1,A202312,C2025Q2T07,VIC1-NSW1,VIC1,20,32600
D,RESIDUE_PRICE_OFFER,,1,A202312,C2025Q2T07,VIC1-NSW1,VIC1,25,25000
D,RESIDUE_PRICE_OFFER,,1,A202312,C2025Q2T07,VIC1-NSW1,VIC1,125,0
D,RESIDUE_PRICE_OFFER,,1,A202312,C2025Q3T06,NSW1-QLD1,NSW1,45,0
D,RESIDUE_PRICE_OFFER,,1,A202312,C2025Q3T06,NSW1-QLD1,QLD1,2,43511.9360
D,RESIDUE_PRICE_OFFER,,1,A202312,C2025Q3T06,NSW1-QLD1,QLD1,2,46557.771520
D,RESIDUE_PRICE_OFFER,,1,A202312,C2025Q3T06,NSW1-QLD1,QLD1,2,49816.815530
D,RESIDUE_PRICE_OFFER,,1,A202312,C2025Q3T06,NSW1-QLD1,QLD1,2,53303.992610
D,RESIDUE_PRICE_OFFER,,1,A202312,C2025Q3T06,NSW1-QLD1,QLD1,2,55969.192240
D,RESIDUE_PRICE_OFFER,,1,A202312,C2025Q3T06,NSW1-QLD1,QLD1,2,58767.651860
D,RESIDUE_PRICE_OFFER,,1,A202312,C2025Q3T06,NSW1-QLD1,QLD1,5,27889
D,RESIDUE_PRICE_OFFER,,1,A202312,C2025Q3T06,NSW1-QLD1,QLD1,20,30000.37
D,RESIDUE_PRICE_OFFER,,1,A202312,C2025Q3T06,NSW1-QLD1,QLD1,20,36480
D,RESIDUE_PRICE_OFFER,,1,A202312,C2025Q3T06,NSW1-QLD1,QLD1,100,0
D,RESIDUE_PRICE_OFFER,,1,A202312,C2025Q3T06,V-SA,SA1,1,5525.93
D,RESIDUE_PRICE_OFFER,,1,A202312,C2025Q3T06,V-SA,SA1,1,5550.93
D,RESIDUE_PRICE_OFFER,,1,A202312,C2025Q3T06,V-SA,SA1,1,5575.93
D,RESIDUE_PRICE_OFFER,,1,A202312,C2025Q3T06,V-SA,SA1,1,5600.93
D,RESIDUE_PRICE_OFFER,,1,A202312,C2025Q3T06,V-SA,SA1,1,5625.93
D,RESIDUE_PRICE_OFFER,,1,A202312,C2025Q3T06,V-SA,SA1,1,5650.93
D,RESIDUE_PRICE_OFFER,,1,A202312,C2025Q3T06,V-SA,SA1,1,5675.93
D,RESIDUE_PRICE_OFFER,,1,A202312,C2025Q3T06,V-SA,SA1,1,5700.93
D,RESIDUE_PRICE_OFFER,,1,A202312,C2025Q3T06,V-SA,SA1,1,5725.93
D,RESIDUE_PRICE_OFFER,,1,A202312,C2025Q3T06,V-SA,SA1,1,5750.93
D,RESIDUE_PRICE_OFFER,,1,A202312,C2025Q3T06,V-SA,SA1,1,5775.93
D,RESIDUE_PRICE_OFFER,,1,A202312,C2025Q3T06,V-SA,SA1,1,5800.93
D,RESIDUE_PRICE_OFFER,,1,A202312,C2025Q3T06,V-SA,SA1,1,5825.93
D,RESIDUE_PRICE_OFFER,,1,A202312,C2025Q3T06,V-SA,SA1,1,5850.93
D,RESIDUE_PRICE_OFFER,,1,A202312,C2025Q3T06,V-SA,SA1,1,5875.93
D,RESIDUE_PRICE_OFFER,,1,A202312,C2025Q3T06,V-SA,SA1,1,5900.93
D,RESIDUE_PRICE_OFFER,,1,A202312,C2025Q3T06,V-SA,SA1,1,5925.93
D,RESIDUE_PRICE_OFFER,,1,A202312,C2025Q3T06,V-SA,SA1,1,5950.93
D,RESIDUE_PRICE_OFFER,,1,A202312,C2025Q3T06,V-SA,SA1,1,5975.93
D,RESIDUE_PRICE_OFFER,,1,A202312,C2025Q3T06,V-SA,SA1,1,6000.93
D,RESIDUE_PRICE_OFFER,,1,A202312,C2025Q3T06,V-SA,SA1,2,4968.666660
D,RESIDUE_PRICE_OFFER,,1,A202312,C2025Q3T06,V-SA,SA1,2,5713.966660
D,RESIDUE_PRICE_OFFER,,1,A202312,C2025Q3T06,V-SA,SA1,2,6150.93
D,RESIDUE_PRICE_OFFER,,1,A202312,C2025Q3T06,V-SA,SA1,2,6300.93
D,RESIDUE_PRICE_OFFER,,1,A202312,C2025Q3T06,V-SA,SA1,2,6450.93
D,RESIDUE_PRICE_OFFER,,1,A202312,C2025Q3T06,V-SA,SA1,2,6600.93
D,RESIDUE_PRICE_OFFER,,1,A202312,C2025Q3T06,V-SA,SA1,2,6750.93
D,RESIDUE_PRICE_OFFER,,1,A202312,C2025Q3T06,V-SA,SA1,2,6900.93
D,RESIDUE_PRICE_OFFER,,1,A202312,C2025Q3T06,V-SA,SA1,2,7050.93
D,RESIDUE_PRICE_OFFER,,1,A202312,C2025Q3T06,V-SA,SA1,2,7200.93
D,RESIDUE_PRICE_OFFER,,1,A202312,C2025Q3T06,V-SA,SA1,2,7350.93
D,RESIDUE_PRICE_OFFER,,1,A202312,C2025Q3T06,V-SA,SA1,2,7500.93
D,RESIDUE_PRICE_OFFER,,1,A202312,C2025Q3T06,V-SA,SA1,2,7650.93
D,RESIDUE_PRICE_OFFER,,1,A202312,C2025Q3T06,V-SA,SA1,2,7800.93
D,RESIDUE_PRICE_OFFER,,1,A202312,C2025Q3T06,V-SA,SA1,2,7950.93
D,RESIDUE_PRICE_OFFER,,1,A202312,C2025Q3T06,V-SA,SA1,2,8100.93
D,RESIDUE_PRICE_OFFER,,1,A202312,C2025Q3T06,V-SA,SA1,2,8250.93
D,RESIDUE_PRICE_OFFER,,1,A202312,C2025Q3T06,V-SA,SA1,2,8400.93
D,RESIDUE_PRICE_OFFER,,1,A202312,C2025Q3T06,V-SA,SA1,2,8550.93
D,RESIDUE_PRICE_OFFER,,1,A202312,C2025Q3T06,V-SA,SA1,2,8700.93
D,RESIDUE_PRICE_OFFER,,1,A202312,C2025Q3T06,V-SA,SA1,2,8850.93
D,RESIDUE_PRICE_OFFER,,1,A202312,C2025Q3T06,V-SA,SA1,2,9000.93
D,RESIDUE_PRICE_OFFER,,1,A202312,C2025Q3T06,V-SA,SA1,3,6571.061660
D,RESIDUE_PRICE_OFFER,,1,A202312,C2025Q3T06,V-SA,SA1,3,7556.720910
D,RESIDUE_PRICE_OFFER,,1,A202312,C2025Q3T06,V-SA,SA1,5,8690.229050
D,RESIDUE_PRICE_OFFER,,1,A202312,C2025Q3T06,V-SA,SA1,5,9993.763410
D,RESIDUE_PRICE_OFFER,,1,A202312,C2025Q3T06,V-SA,SA1,64,0
D,RESIDUE_PRICE_OFFER,,1,A202312,C2025Q3T06,V-SA,VIC1,2,15100.97
D,RESIDUE_PRICE_OFFER,,1,A202312,C2025Q3T06,V-SA,VIC1,2,15200.97
D,RESIDUE_PRICE_OFFER,,1,A202312,C2025Q3T06,V-SA,VIC1,2,15300.97
D,RESIDUE_PRICE_OFFER,,1,A202312,C2025Q3T06,V-SA,VIC1,2,15400.97
D,RESIDUE_PRICE_OFFER,,1,A202312,C2025Q3T06,V-SA,VIC1,2,15500.97
D,RESIDUE_PRICE_OFFER,,1,A202312,C2025Q3T06,V-SA,VIC1,2,15600.97
D,RESIDUE_PRICE_OFFER,,1,A202312,C2025Q3T06,V-SA,VIC1,2,15700.97
D,RESIDUE_PRICE_OFFER,,1,A202312,C2025Q3T06,V-SA,VIC1,2,15800.97
D,RESIDUE_PRICE_OFFER,,1,A202312,C2025Q3T06,V-SA,VIC1,2,15900.97
D,RESIDUE_PRICE_OFFER,,1,A202312,C2025Q3T06,V-SA,VIC1,2,16000.97
D,RESIDUE_PRICE_OFFER,,1,A202312,C2025Q3T06,V-SA,VIC1,73,0
D,RESIDUE_PRICE_OFFER,,1,A202312,C2025Q3T06,VIC1-NSW1,NSW1,2,1795.58
D,RESIDUE_PRICE_OFFER,,1,A202312,C2025Q3T06,VIC1-NSW1,NSW1,2,1840.58
D,RESIDUE_PRICE_OFFER,,1,A202312,C2025Q3T06,VIC1-NSW1,NSW1,2,1885.58
D,RESIDUE_PRICE_OFFER,,1,A202312,C2025Q3T06,VIC1-NSW1,NSW1,2,1930.58
D,RESIDUE_PRICE_OFFER,,1,A202312,C2025Q3T06,VIC1-NSW1,NSW1,2,1975.58
D,RESIDUE_PRICE_OFFER,,1,A202312,C2025Q3T06,VIC1-NSW1,NSW1,2,2020.58
D,RESIDUE_PRICE_OFFER,,1,A202312,C2025Q3T06,VIC1-NSW1,NSW1,2,2065.58
D,RESIDUE_PRICE_OFFER,,1,A202312,C2025Q3T06,VIC1-NSW1,NSW1,2,2110.58
D,RESIDUE_PRICE_OFFER,,1,A202312,C2025Q3T06,VIC1-NSW1,NSW1,2,2155.58
D,RESIDUE_PRICE_OFFER,,1,A202312,C2025Q3T06,VIC1-NSW1,NSW1,2,2200.58
D,RESIDUE_PRICE_OFFER,,1,A202312,C2025Q3T06,VIC1-NSW1,NSW1,2,2245.58
D,RESIDUE_PRICE_OFFER,,1,A202312,C2025Q3T06,VIC1-NSW1,NSW1,2,2290.58
D,RESIDUE_PRICE_OFFER,,1,A202312,C2025Q3T06,VIC1-NSW1,NSW1,2,2335.58
D,RESIDUE_PRICE_OFFER,,1,A202312,C2025Q3T06,VIC1-NSW1,NSW1,2,2380.58
D,RESIDUE_PRICE_OFFER,,1,A202312,C2025Q3T06,VIC1-NSW1,NSW1,2,2425.58
D,RESIDUE_PRICE_OFFER,,1,A202312,C2025Q3T06,VIC1-NSW1,NSW1,2,2470.58
D,RESIDUE_PRICE_OFFER,,1,A202312,C2025Q3T06,VIC1-NSW1,NSW1,2,2515.58
D,RESIDUE_PRICE_OFFER,,1,A202312,C2025Q3T06,VIC1-NSW1,NSW1,2,2560.58
D,RESIDUE_PRICE_OFFER,,1,A202312,C2025Q3T06,VIC1-NSW1,NSW1,2,2605.58
D,RESIDUE_PRICE_OFFER,,1,A202312,C2025Q3T06,VIC1-NSW1,NSW1,2,2650.58
D,RESIDUE_PRICE_OFFER,,1,A202312,C2025Q3T06,VIC1-NSW1,NSW1,2,2695.58
D,RESIDUE_PRICE_OFFER,,1,A202312,C2025Q3T06,VIC1-NSW1,NSW1,2,2740.58
D,RESIDUE_PRICE_OFFER,,1,A202312,C2025Q3T06,VIC1-NSW1,NSW1,2,2785.58
D,RESIDUE_PRICE_OFFER,,1,A202312,C2025Q3T06,VIC1-NSW1,NSW1,2,2830.58
D,RESIDUE_PRICE_OFFER,,1,A202312,C2025Q3T06,VIC1-NSW1,NSW1,2,2875.58
D,RESIDUE_PRICE_OFFER,,1,A202312,C2025Q3T06,VIC1-NSW1,NSW1,2,2920.58
D,RESIDUE_PRICE_OFFER,,1,A202312,C2025Q3T06,VIC1-NSW1,NSW1,2,2965.58
D,RESIDUE_PRICE_OFFER,,1,A202312,C2025Q3T06,VIC1-NSW1,NSW1,2,3010.58
D,RESIDUE_PRICE_OFFER,,1,A202312,C2025Q3T06,VIC1-NSW1,NSW1,2,3055.58
D,RESIDUE_PRICE_OFFER,,1,A202312,C2025Q3T06,VIC1-NSW1,NSW1,2,3100.58
D,RESIDUE_PRICE_OFFER,,1,A202312,C2025Q3T06,VIC1-NSW1,NSW1,2,3145.58
D,RESIDUE_PRICE_OFFER,,1,A202312,C2025Q3T06,VIC1-NSW1,NSW1,2,3190.58
D,RESIDUE_PRICE_OFFER,,1,A202312,C2025Q3T06,VIC1-NSW1,NSW1,2,3235.58
D,RESIDUE_PRICE_OFFER,,1,A202312,C2025Q3T06,VIC1-NSW1,NSW1,2,3852.4885
D,RESIDUE_PRICE_OFFER,,1,A202312,C2025Q3T06,VIC1-NSW1,NSW1,2,4815.610620
D,RESIDUE_PRICE_OFFER,,1,A202312,C2025Q3T06,VIC1-NSW1,NSW1,3,6019.513280
D,RESIDUE_PRICE_OFFER,,1,A202312,C2025Q3T06,VIC1-NSW1,NSW1,3,7524.3916
D,RESIDUE_PRICE_OFFER,,1,A202312,C2025Q3T06,VIC1-NSW1,NSW1,5,5852
D,RESIDUE_PRICE_OFFER,,1,A202312,C2025Q3T06,VIC1-NSW1,NSW1,7,9405.4895
D,RESIDUE_PRICE_OFFER,,1,A202312,C2025Q3T06,VIC1-NSW1,NSW1,7,11756.861880
D,RESIDUE_PRICE_OFFER,,1,A202312,C2025Q3T06,VIC1-NSW1,NSW1,108,0
D,RESIDUE_PRICE_OFFER,,1,A202312,C2025Q3T06,VIC1-NSW1,VIC1,1,23040.87
D,RESIDUE_PRICE_OFFER,,1,A202312,C2025Q3T06,VIC1-NSW1,VIC1,1,23080.87
D,RESIDUE_PRICE_OFFER,,1,A202312,C2025Q3T06,VIC1-NSW1,VIC1,1,23120.87
D,RESIDUE_PRICE_OFFER,,1,A202312,C2025Q3T06,VIC1-NSW1,VIC1,1,23160.87
D,RESIDUE_PRICE_OFFER,,1,A202312,C2025Q3T06,VIC1-NSW1,VIC1,1,23200.87
D,RESIDUE_PRICE_OFFER,,1,A202312,C2025Q3T06,VIC1-NSW1,VIC1,1,23240.87
D,RESIDUE_PRICE_OFFER,,1,A202312,C2025Q3T06,VIC1-NSW1,VIC1,1,23280.87
D,RESIDUE_PRICE_OFFER,,1,A202312,C2025Q3T06,VIC1-NSW1,VIC1,1,23320.87
D,RESIDUE_PRICE_OFFER,,1,A202312,C2025Q3T06,VIC1-NSW1,VIC1,1,23360.87
D,RESIDUE_PRICE_OFFER,,1,A202312,C2025Q3T06,VIC1-NSW1,VIC1,1,23400.87
D,RESIDUE_PRICE_OFFER,,1,A202312,C2025Q3T06,VIC1-NSW1,VIC1,1,23440.87
D,RESIDUE_PRICE_OFFER,,1,A202312,C2025Q3T06,VIC1-NSW1,VIC1,1,23480.87
D,RESIDUE_PRICE_OFFER,,1,A202312,C2025Q3T06,VIC1-NSW1,VIC1,1,23520.87
D,RESIDUE_PRICE_OFFER,,1,A202312,C2025Q3T06,VIC1-NSW1,VIC1,1,23560.87
D,RESIDUE_PRICE_OFFER,,1,A202312,C2025Q3T06,VIC1-NSW1,VIC1,1,23600.87
D,RESIDUE_PRICE_OFFER,,1,A202312,C2025Q3T06,VIC1-NSW1,VIC1,1,23640.87
D,RESIDUE_PRICE_OFFER,,1,A202312,C2025Q3T06,VIC1-NSW1,VIC1,1,23680.87
D,RESIDUE_PRICE_OFFER,,1,A202312,C2025Q3T06,VIC1-NSW1,VIC1,1,23720.87
D,RESIDUE_PRICE_OFFER,,1,A202312,C2025Q3T06,VIC1-NSW1,VIC1,1,23760.87
D,RESIDUE_PRICE_OFFER,,1,A202312,C2025Q3T06,VIC1-NSW1,VIC1,1,23800.87
D,RESIDUE_PRICE_OFFER,,1,A202312,C2025Q3T06,VIC1-NSW1,VIC1,1,23840.87
D,RESIDUE_PRICE_OFFER,,1,A202312,C2025Q3T06,VIC1-NSW1,VIC1,1,23880.87
D,RESIDUE_PRICE_OFFER,,1,A202312,C2025Q3T06,VIC1-NSW1,VIC1,1,23920.87
D,RESIDUE_PRICE_OFFER,,1,A202312,C2025Q3T06,VIC1-NSW1,VIC1,1,23960.87
D,RESIDUE_PRICE_OFFER,,1,A202312,C2025Q3T06,VIC1-NSW1,VIC1,1,24000.87
D,RESIDUE_PRICE_OFFER,,1,A202312,C2025Q3T06,VIC1-NSW1,VIC1,1,26350.87
D,RESIDUE_PRICE_OFFER,,1,A202312,C2025Q3T06,VIC1-NSW1,VIC1,1,26700.87
D,RESIDUE_PRICE_OFFER,,1,A202312,C2025Q3T06,VIC1-NSW1,VIC1,1,27050.87
D,RESIDUE_PRICE_OFFER,,1,A202312,C2025Q3T06,VIC1-NSW1,VIC1,1,27400.87
D,RESIDUE_PRICE_OFFER,,1,A202312,C2025Q3T06,VIC1-NSW1,VIC1,1,27750.87
D,RESIDUE_PRICE_OFFER,,1,A202312,C2025Q3T06,VIC1-NSW1,VIC1,1,28100.87
D,RESIDUE_PRICE_OFFER,,1,A202312,C2025Q3T06,VIC1-NSW1,VIC1,1,28450.87
D,RESIDUE_PRICE_OFFER,,1,A202312,C2025Q3T06,VIC1-NSW1,VIC1,1,28800.87
D,RESIDUE_PRICE_OFFER,,1,A202312,C2025Q3T06,VIC1-NSW1,VIC1,1,29150.87
D,RESIDUE_PRICE_OFFER,,1,A202312,C2025Q3T06,VIC1-NSW1,VIC1,1,29500.87
D,RESIDUE_PRICE_OFFER,,1,A202312,C2025Q3T06,VIC1-NSW1,VIC1,1,29850.87
D,RESIDUE_PRICE_OFFER,,1,A202312,C2025Q3T06,VIC1-NSW1,VIC1,1,30200.87
D,RESIDUE_PRICE_OFFER,,1,A202312,C2025Q3T06,VIC1-NSW1,VIC1,1,30550.87
D,RESIDUE_PRICE_OFFER,,1,A202312,C2025Q3T06,VIC1-NSW1,VIC1,1,30900.87
D,RESIDUE_PRICE_OFFER,,1,A202312,C2025Q3T06,VIC1-NSW1,VIC1,1,31250.87
D,RESIDUE_PRICE_OFFER,,1,A202312,C2025Q3T06,VIC1-NSW1,VIC1,1,31600.87
D,RESIDUE_PRICE_OFFER,,1,A202312,C2025Q3T06,VIC1-NSW1,VIC1,1,31950.87
D,RESIDUE_PRICE_OFFER,,1,A202312,C2025Q3T06,VIC1-NSW1,VIC1,1,32300.87
D,RESIDUE_PRICE_OFFER,,1,A202312,C2025Q3T06,VIC1-NSW1,VIC1,1,32650.87
D,RESIDUE_PRICE_OFFER,,1,A202312,C2025Q3T06,VIC1-NSW1,VIC1,1,33000.87
D,RESIDUE_PRICE_OFFER,,1,A202312,C2025Q3T06,VIC1-NSW1,VIC1,1,33350.87
D,RESIDUE_PRICE_OFFER,,1,A202312,C2025Q3T06,VIC1-NSW1,VIC1,1,33700.87
D,RESIDUE_PRICE_OFFER,,1,A202312,C2025Q3T06,VIC1-NSW1,VIC1,1,34050.87
D,RESIDUE_PRICE_OFFER,,1,A202312,C2025Q3T06,VIC1-NSW1,VIC1,1,34400.87
D,RESIDUE_PRICE_OFFER,,1,A202312,C2025Q3T06,VIC1-NSW1,VIC1,1,34750.87
D,RESIDUE_PRICE_OFFER,,1,A202312,C2025Q3T06,VIC1-NSW1,VIC1,1,35100.87
D,RESIDUE_PRICE_OFFER,,1,A202312,C2025Q3T06,VIC1-NSW1,VIC1,1,35450.87
D,RESIDUE_PRICE_OFFER,,1,A202312,C2025Q3T06,VIC1-NSW1,VIC1,1,35800.87
D,RESIDUE_PRICE_OFFER,,1,A202312,C2025Q3T06,VIC1-NSW1,VIC1,1,36150.87
D,RESIDUE_PRICE_OFFER,,1,A202312,C2025Q3T06,VIC1-NSW1,VIC1,1,36500.87
D,RESIDUE_PRICE_OFFER,,1,A202312,C2025Q3T06,VIC1-NSW1,VIC1,1,36850.87
D,RESIDUE_PRICE_OFFER,,1,A202312,C2025Q3T06,VIC1-NSW1,VIC1,1,37200.87
D,RESIDUE_PRICE_OFFER,,1,A202312,C2025Q3T06,VIC1-NSW1,VIC1,1,37550.87
D,RESIDUE_PRICE_OFFER,,1,A202312,C2025Q3T06,VIC1-NSW1,VIC1,1,37900.87
D,RESIDUE_PRICE_OFFER,,1,A202312,C2025Q3T06,VIC1-NSW1,VIC1,1,38250.87
D,RESIDUE_PRICE_OFFER,,1,A202312,C2025Q3T06,VIC1-NSW1,VIC1,1,38600.87
D,RESIDUE_PRICE_OFFER,,1,A202312,C2025Q3T06,VIC1-NSW1,VIC1,1,38950.87
D,RESIDUE_PRICE_OFFER,,1,A202312,C2025Q3T06,VIC1-NSW1,VIC1,1,39300.87
D,RESIDUE_PRICE_OFFER,,1,A202312,C2025Q3T06,VIC1-NSW1,VIC1,1,39650.87
D,RESIDUE_PRICE_OFFER,,1,A202312,C2025Q3T06,VIC1-NSW1,VIC1,1,40000.87
D,RESIDUE_PRICE_OFFER,,1,A202312,C2025Q3T06,VIC1-NSW1,VIC1,2,32059.6210
D,RESIDUE_PRICE_OFFER,,1,A202312,C2025Q3T06,VIC1-NSW1,VIC1,2,36868.564150
D,RESIDUE_PRICE_OFFER,,1,A202312,C2025Q3T06,VIC1-NSW1,VIC1,2,42398.848760
D,RESIDUE_PRICE_OFFER,,1,A202312,C2025Q3T06,VIC1-NSW1,VIC1,4,48758.676090
D,RESIDUE_PRICE_OFFER,,1,A202312,C2025Q3T06,VIC1-NSW1,VIC1,4,56072.4775
D,RESIDUE_PRICE_OFFER,,1,A202312,C2025Q3T06,VIC1-NSW1,VIC1,4,64483.349130
D,RESIDUE_PRICE_OFFER,,1,A202312,C2025Q3T06,VIC1-NSW1,VIC1,5,41543
D,RESIDUE_PRICE_OFFER,,1,A202312,C2025Q3T06,VIC1-NSW1,VIC1,125,0
D,RESIDUE_PRICE_OFFER,,1,A202312,C2025Q4T05,NSW1-QLD1,NSW1,2,12883
D,RESIDUE_PRICE_OFFER,,1,A202312,C2025Q4T05,NSW1-QLD1,NSW1,2,17392.05
D,RESIDUE_PRICE_OFFER,,1,A202312,C2025Q4T05,NSW1-QLD1,NSW1,4,23479.2675
D,RESIDUE_PRICE_OFFER,,1,A202312,C2025Q4T05,NSW1-QLD1,NSW1,4,31697.011130
D,RESIDUE_PRICE_OFFER,,1,A202312,C2025Q4T05,NSW1-QLD1,NSW1,6,33281.861680
D,RESIDUE_PRICE_OFFER,,1,A202312,C2025Q4T05,NSW1-QLD1,NSW1,6,34945.954760
D,RESIDUE_PRICE_OFFER,,1,A202312,C2025Q4T05,NSW1-QLD1,NSW1,45,0
D,RESIDUE_PRICE_OFFER,,1,A202312,C2025Q4T05,NSW1-QLD1,QLD1,1,19040.37
D,RESIDUE_PRICE_OFFER,,1,A202312,C2025Q4T05,NSW1-QLD1,QLD1,1,19080.37
D,RESIDUE_PRICE_OFFER,,1,A202312,C2025Q4T05,NSW1-QLD1,QLD1,1,19120.37
D,RESIDUE_PRICE_OFFER,,1,A202312,C2025Q4T05,NSW1-QLD1,QLD1,1,19160.37
D,RESIDUE_PRICE_OFFER,,1,A202312,C2025Q4T05,NSW1-QLD1,QLD1,1,19200.37
D,RESIDUE_PRICE_OFFER,,1,A202312,C2025Q4T05,NSW1-QLD1,QLD1,1,19240.37
D,RESIDUE_PRICE_OFFER,,1,A202312,C2025Q4T05,NSW1-QLD1,QLD1,1,19280.37
D,RESIDUE_PRICE_OFFER,,1,A202312,C2025Q4T05,NSW1-QLD1,QLD1,1,19320.37
D,RESIDUE_PRICE_OFFER,,1,A202312,C2025Q4T05,NSW1-QLD1,QLD1,1,19360.37
D,RESIDUE_PRICE_OFFER,,1,A202312,C2025Q4T05,NSW1-QLD1,QLD1,1,19400.37
D,RESIDUE_PRICE_OFFER,,1,A202312,C2025Q4T05,NSW1-QLD1,QLD1,1,19440.37
D,RESIDUE_PRICE_OFFER,,1,A202312,C2025Q4T05,NSW1-QLD1,QLD1,1,19480.37
D,RESIDUE_PRICE_OFFER,,1,A202312,C2025Q4T05,NSW1-QLD1,QLD1,1,19520.37
D,RESIDUE_PRICE_OFFER,,1,A202312,C2025Q4T05,NSW1-QLD1,QLD1,1,19560.37
D,RESIDUE_PRICE_OFFER,,1,A202312,C2025Q4T05,NSW1-QLD1,QLD1,1,19600.37
D,RESIDUE_PRICE_OFFER,,1,A202312,C2025Q4T05,NSW1-QLD1,QLD1,1,19640.37
D,RESIDUE_PRICE_OFFER,,1,A202312,C2025Q4T05,NSW1-QLD1,QLD1,1,19680.37
D,RESIDUE_PRICE_OFFER,,1,A202312,C2025Q4T05,NSW1-QLD1,QLD1,1,19720.37
D,RESIDUE_PRICE_OFFER,,1,A202312,C2025Q4T05,NSW1-QLD1,QLD1,1,19760.37
D,RESIDUE_PRICE_OFFER,,1,A202312,C2025Q4T05,NSW1-QLD1,QLD1,1,19800.37
D,RESIDUE_PRICE_OFFER,,1,A202312,C2025Q4T05,NSW1-QLD1,QLD1,1,19840.37
D,RESIDUE_PRICE_OFFER,,1,A202312,C2025Q4T05,NSW1-QLD1,QLD1,1,19880.37
D,RESIDUE_PRICE_OFFER,,1,A202312,C2025Q4T05,NSW1-QLD1,QLD1,1,19920.37
D,RESIDUE_PRICE_OFFER,,1,A202312,C2025Q4T05,NSW1-QLD1,QLD1,1,19960.37
D,RESIDUE_PRICE_OFFER,,1,A202312,C2025Q4T05,NSW1-QLD1,QLD1,1,20000.37
D,RESIDUE_PRICE_OFFER,,1,A202312,C2025Q4T05,NSW1-QLD1,QLD1,1,22333.37
D,RESIDUE_PRICE_OFFER,,1,A202312,C2025Q4T05,NSW1-QLD1,QLD1,1,22666.37
D,RESIDUE_PRICE_OFFER,,1,A202312,C2025Q4T05,NSW1-QLD1,QLD1,1,22999.37
D,RESIDUE_PRICE_OFFER,,1,A202312,C2025Q4T05,NSW1-QLD1,QLD1,1,23332.37
D,RESIDUE_PRICE_OFFER,,1,A202312,C2025Q4T05,NSW1-QLD1,QLD1,1,23665.37
D,RESIDUE_PRICE_OFFER,,1,A202312,C2025Q4T05,NSW1-QLD1,QLD1,1,23998.37
D,RESIDUE_PRICE_OFFER,,1,A202312,C2025Q4T05,NSW1-QLD1,QLD1,1,24331.37
D,RESIDUE_PRICE_OFFER,,1,A202312,C2025Q4T05,NSW1-QLD1,QLD1,1,24664.37
D,RESIDUE_PRICE_OFFER,,1,A202312,C2025Q4T05,NSW1-QLD1,QLD1,1,24997.37
D,RESIDUE_PRICE_OFFER,,1,A202312,C2025Q4T05,NSW1-QLD1,QLD1,1,25330.37
D,RESIDUE_PRICE_OFFER,,1,A202312,C2025Q4T05,NSW1-QLD1,QLD1,1,25663.37
D,RESIDUE_PRICE_OFFER,,1,A202312,C2025Q4T05,NSW1-QLD1,QLD1,1,25996.37
D,RESIDUE_PRICE_OFFER,,1,A202312,C2025Q4T05,NSW1-QLD1,QLD1,1,26329.37
D,RESIDUE_PRICE_OFFER,,1,A202312,C2025Q4T05,NSW1-QLD1,QLD1,1,26662.37
D,RESIDUE_PRICE_OFFER,,1,A202312,C2025Q4T05,NSW1-QLD1,QLD1,1,26995.37
D,RESIDUE_PRICE_OFFER,,1,A202312,C2025Q4T05,NSW1-QLD1,QLD1,8,24985
D,RESIDUE_PRICE_OFFER,,1,A202312,C2025Q4T05,NSW1-QLD1,QLD1,100,0
D,RESIDUE_PRICE_OFFER,,1,A202312,C2025Q4T05,V-SA,SA1,1,5025.93
D,RESIDUE_PRICE_OFFER,,1,A202312,C2025Q4T05,V-SA,SA1,1,5050.93
D,RESIDUE_PRICE_OFFER,,1,A202312,C2025Q4T05,V-SA,SA1,1,5075.93
D,RESIDUE_PRICE_OFFER,,1,A202312,C2025Q4T05,V-SA,SA1,1,5100.93
D,RESIDUE_PRICE_OFFER,,1,A202312,C2025Q4T05,V-SA,SA1,1,5125.93
D,RESIDUE_PRICE_OFFER,,1,A202312,C2025Q4T05,V-SA,SA1,1,5150.93
D,RESIDUE_PRICE_OFFER,,1,A202312,C2025Q4T05,V-SA,SA1,1,5175.93
D,RESIDUE_PRICE_OFFER,,1,A202312,C2025Q4T05,V-SA,SA1,1,5200.93
D,RESIDUE_PRICE_OFFER,,1,A202312,C2025Q4T05,V-SA,SA1,1,5225.93
D,RESIDUE_PRICE_OFFER,,1,A202312,C2025Q4T05,V-SA,SA1,1,5250.93
D,RESIDUE_PRICE_OFFER,,1,A202312,C2025Q4T05,V-SA,SA1,1,5275.93
D,RESIDUE_PRICE_OFFER,,1,A202312,C2025Q4T05,V-SA,SA1,1,5300.93
D,RESIDUE_PRICE_OFFER,,1,A202312,C2025Q4T05,V-SA,SA1,1,5325.93
D,RESIDUE_PRICE_OFFER,,1,A202312,C2025Q4T05,V-SA,SA1,1,5350.93
D,RESIDUE_PRICE_OFFER,,1,A202312,C2025Q4T05,V-SA,SA1,1,5375.93
D,RESIDUE_PRICE_OFFER,,1,A202312,C2025Q4T05,V-SA,SA1,1,5400.93
D,RESIDUE_PRICE_OFFER,,1,A202312,C2025Q4T05,V-SA,SA1,1,5425.93
D,RESIDUE_PRICE_OFFER,,1,A202312,C2025Q4T05,V-SA,SA1,1,5450.93
D,RESIDUE_PRICE_OFFER,,1,A202312,C2025Q4T05,V-SA,SA1,1,5475.93
D,RESIDUE_PRICE_OFFER,,1,A202312,C2025Q4T05,V-SA,SA1,1,5500.93
D,RESIDUE_PRICE_OFFER,,1,A202312,C2025Q4T05,V-SA,SA1,2,4831.3125
D,RESIDUE_PRICE_OFFER,,1,A202312,C2025Q4T05,V-SA,SA1,2,5556.009370
D,RESIDUE_PRICE_OFFER,,1,A202312,C2025Q4T05,V-SA,SA1,2,6200.93
D,RESIDUE_PRICE_OFFER,,1,A202312,C2025Q4T05,V-SA,SA1,2,6400.93
D,RESIDUE_PRICE_OFFER,,1,A202312,C2025Q4T05,V-SA,SA1,2,6600.93
D,RESIDUE_PRICE_OFFER,,1,A202312,C2025Q4T05,V-SA,SA1,2,6800.93
D,RESIDUE_PRICE_OFFER,,1,A202312,C2025Q4T05,V-SA,SA1,2,7000.93
D,RESIDUE_PRICE_OFFER,,1,A202312,C2025Q4T05,V-SA,SA1,2,7200.93
D,RESIDUE_PRICE_OFFER,,1,A202312,C2025Q4T05,V-SA,SA1,2,7400.93
D,RESIDUE_PRICE_OFFER,,1,A202312,C2025Q4T05,V-SA,SA1,2,7600.93
D,RESIDUE_PRICE_OFFER,,1,A202312,C2025Q4T05,V-SA,SA1,2,7800.93
D,RESIDUE_PRICE_OFFER,,1,A202312,C2025Q4T05,V-SA,SA1,2,8000.93
D,RESIDUE_PRICE_OFFER,,1,A202312,C2025Q4T05,V-SA,SA1,2,8200.93
D,RESIDUE_PRICE_OFFER,,1,A202312,C2025Q4T05,V-SA,SA1,2,8400.93
D,RESIDUE_PRICE_OFFER,,1,A202312,C2025Q4T05,V-SA,SA1,2,8600.93
D,RESIDUE_PRICE_OFFER,,1,A202312,C2025Q4T05,V-SA,SA1,2,8800.93
D,RESIDUE_PRICE_OFFER,,1,A202312,C2025Q4T05,V-SA,SA1,2,9000.93
D,RESIDUE_PRICE_OFFER,,1,A202312,C2025Q4T05,V-SA,SA1,3,6389.410780
D,RESIDUE_PRICE_OFFER,,1,A202312,C2025Q4T05,V-SA,SA1,3,7347.822390
D,RESIDUE_PRICE_OFFER,,1,A202312,C2025Q4T05,V-SA,SA1,5,8449.995750
D,RESIDUE_PRICE_OFFER,,1,A202312,C2025Q4T05,V-SA,SA1,5,9717.495120
D,RESIDUE_PRICE_OFFER,,1,A202312,C2025Q4T05,V-SA,SA1,64,0
D,RESIDUE_PRICE_OFFER,,1,A202312,C2025Q4T05,V-SA,VIC1,1,14133.97
D,RESIDUE_PRICE_OFFER,,1,A202312,C2025Q4T05,V-SA,VIC1,1,14266.97
D,RESIDUE_PRICE_OFFER,,1,A202312,C2025Q4T05,V-SA,VIC1,1,14399.97
D,RESIDUE_PRICE_OFFER,,1,A202312,C2025Q4T05,V-SA,VIC1,1,14532.97
D,RESIDUE_PRICE_OFFER,,1,A202312,C2025Q4T05,V-SA,VIC1,1,14665.97
D,RESIDUE_PRICE_OFFER,,1,A202312,C2025Q4T05,V-SA,VIC1,1,14798.97
D,RESIDUE_PRICE_OFFER,,1,A202312,C2025Q4T05,V-SA,VIC1,1,14931.97
D,RESIDUE_PRICE_OFFER,,1,A202312,C2025Q4T05,V-SA,VIC1,1,15064.97
D,RESIDUE_PRICE_OFFER,,1,A202312,C2025Q4T05,V-SA,VIC1,1,15197.97
D,RESIDUE_PRICE_OFFER,,1,A202312,C2025Q4T05,V-SA,VIC1,1,15330.97
D,RESIDUE_PRICE_OFFER,,1,A202312,C2025Q4T05,V-SA,VIC1,1,15463.97
D,RESIDUE_PRICE_OFFER,,1,A202312,C2025Q4T05,V-SA,VIC1,1,15596.97
D,RESIDUE_PRICE_OFFER,,1,A202312,C2025Q4T05,V-SA,VIC1,1,15729.97
D,RESIDUE_PRICE_OFFER,,1,A202312,C2025Q4T05,V-SA,VIC1,1,15862.97
D,RESIDUE_PRICE_OFFER,,1,A202312,C2025Q4T05,V-SA,VIC1,1,15995.97
D,RESIDUE_PRICE_OFFER,,1,A202312,C2025Q4T05,V-SA,VIC1,73,0
D,RESIDUE_PRICE_OFFER,,1,A202312,C2025Q4T05,VIC1-NSW1,NSW1,108,0
D,RESIDUE_PRICE_OFFER,,1,A202312,C2025Q4T05,VIC1-NSW1,VIC1,2,16960.77
D,RESIDUE_PRICE_OFFER,,1,A202312,C2025Q4T05,VIC1-NSW1,VIC1,2,17200.87
D,RESIDUE_PRICE_OFFER,,1,A202312,C2025Q4T05,VIC1-NSW1,VIC1,2,17400.87
D,RESIDUE_PRICE_OFFER,,1,A202312,C2025Q4T05,VIC1-NSW1,VIC1,2,17600.87
D,RESIDUE_PRICE_OFFER,,1,A202312,C2025Q4T05,VIC1-NSW1,VIC1,2,17800.87
D,RESIDUE_PRICE_OFFER,,1,A202312,C2025Q4T05,VIC1-NSW1,VIC1,2,18000.87
D,RESIDUE_PRICE_OFFER,,1,A202312,C2025Q4T05,VIC1-NSW1,VIC1,2,18148.0239
D,RESIDUE_PRICE_OFFER,,1,A202312,C2025Q4T05,VIC1-NSW1,VIC1,2,18200.87
D,RESIDUE_PRICE_OFFER,,1,A202312,C2025Q4T05,VIC1-NSW1,VIC1,2,18400.87
D,RESIDUE_PRICE_OFFER,,1,A202312,C2025Q4T05,VIC1-NSW1,VIC1,2,18600.87
D,RESIDUE_PRICE_OFFER,,1,A202312,C2025Q4T05,VIC1-NSW1,VIC1,2,18800.87
D,RESIDUE_PRICE_OFFER,,1,A202312,C2025Q4T05,VIC1-NSW1,VIC1,2,19000.87
D,RESIDUE_PRICE_OFFER,,1,A202312,C2025Q4T05,VIC1-NSW1,VIC1,2,19200.87
D,RESIDUE_PRICE_OFFER,,1,A202312,C2025Q4T05,VIC1-NSW1,VIC1,2,19400.87
D,RESIDUE_PRICE_OFFER,,1,A202312,C2025Q4T05,VIC1-NSW1,VIC1,2,19600.87
D,RESIDUE_PRICE_OFFER,,1,A202312,C2025Q4T05,VIC1-NSW1,VIC1,2,19800.87
D,RESIDUE_PRICE_OFFER,,1,A202312,C2025Q4T05,VIC1-NSW1,VIC1,2,20000.87
D,RESIDUE_PRICE_OFFER,,1,A202312,C2025Q4T05,VIC1-NSW1,VIC1,2,20200.87
D,RESIDUE_PRICE_OFFER,,1,A202312,C2025Q4T05,VIC1-NSW1,VIC1,2,20400.87
D,RESIDUE_PRICE_OFFER,,1,A202312,C2025Q4T05,VIC1-NSW1,VIC1,2,20600.87
D,RESIDUE_PRICE_OFFER,,1,A202312,C2025Q4T05,VIC1-NSW1,VIC1,2,20800.87
D,RESIDUE_PRICE_OFFER,,1,A202312,C2025Q4T05,VIC1-NSW1,VIC1,2,21000.87
D,RESIDUE_PRICE_OFFER,,1,A202312,C2025Q4T05,VIC1-NSW1,VIC1,2,21200.87
D,RESIDUE_PRICE_OFFER,,1,A202312,C2025Q4T05,VIC1-NSW1,VIC1,2,21400.87
D,RESIDUE_PRICE_OFFER,,1,A202312,C2025Q4T05,VIC1-NSW1,VIC1,2,21600.87
D,RESIDUE_PRICE_OFFER,,1,A202312,C2025Q4T05,VIC1-NSW1,VIC1,2,21800.87
D,RESIDUE_PRICE_OFFER,,1,A202312,C2025Q4T05,VIC1-NSW1,VIC1,2,22000.87
D,RESIDUE_PRICE_OFFER,,1,A202312,C2025Q4T05,VIC1-NSW1,VIC1,2,22200.87
D,RESIDUE_PRICE_OFFER,,1,A202312,C2025Q4T05,VIC1-NSW1,VIC1,2,22400.87
D,RESIDUE_PRICE_OFFER,,1,A202312,C2025Q4T05,VIC1-NSW1,VIC1,2,22600.87
D,RESIDUE_PRICE_OFFER,,1,A202312,C2025Q4T05,VIC1-NSW1,VIC1,2,22800.87
D,RESIDUE_PRICE_OFFER,,1,A202312,C2025Q4T05,VIC1-NSW1,VIC1,2,23000.87
D,RESIDUE_PRICE_OFFER,,1,A202312,C2025Q4T05,VIC1-NSW1,VIC1,2,23200.87
D,RESIDUE_PRICE_OFFER,,1,A202312,C2025Q4T05,VIC1-NSW1,VIC1,2,23400.87
D,RESIDUE_PRICE_OFFER,,1,A202312,C2025Q4T05,VIC1-NSW1,VIC1,2,23600.87
D,RESIDUE_PRICE_OFFER,,1,A202312,C2025Q4T05,VIC1-NSW1,VIC1,2,23800.87
D,RESIDUE_PRICE_OFFER,,1,A202312,C2025Q4T05,VIC1-NSW1,VIC1,2,24000.87
D,RESIDUE_PRICE_OFFER,,1,A202312,C2025Q4T05,VIC1-NSW1,VIC1,3,19418.385560
D,RESIDUE_PRICE_OFFER,,1,A202312,C2025Q4T05,VIC1-NSW1,VIC1,3,20777.672560
D,RESIDUE_PRICE_OFFER,,1,A202312,C2025Q4T05,VIC1-NSW1,VIC1,3,22232.109640
D,RESIDUE_PRICE_OFFER,,1,A202312,C2025Q4T05,VIC1-NSW1,VIC1,3,23788.357320
D,RESIDUE_PRICE_OFFER,,1,A202312,C2025Q4T05,VIC1-NSW1,VIC1,125,0
D,RESIDUE_PRICE_OFFER,,1,A202312,C2026Q1T04,NSW1-QLD1,NSW1,2,20518.461540
D,RESIDUE_PRICE_OFFER,,1,A202312,C2026Q1T04,NSW1-QLD1,NSW1,2,27699.923080
D,RESIDUE_PRICE_OFFER,,1,A202312,C2026Q1T04,NSW1-QLD1,NSW1,4,37394.896150
D,RESIDUE_PRICE_OFFER,,1,A202312,C2026Q1T04,NSW1-QLD1,NSW1,4,50483.109810
D,RESIDUE_PRICE_OFFER,,1,A202312,C2026Q1T04,NSW1-QLD1,NSW1,6,53007.2653
D,RESIDUE_PRICE_OFFER,,1,A202312,C2026Q1T04,NSW1-QLD1,NSW1,6,55657.628560
D,RESIDUE_PRICE_OFFER,,1,A202312,C2026Q1T04,NSW1-QLD1,NSW1,45,0
D,RESIDUE_PRICE_OFFER,,1,A202312,C2026Q1T04,NSW1-QLD1,QLD1,1,19040.37
D,RESIDUE_PRICE_OFFER,,1,A202312,C2026Q1T04,NSW1-QLD1,QLD1,1,19080.37
D,RESIDUE_PRICE_OFFER,,1,A202312,C2026Q1T04,NSW1-QLD1,QLD1,1,19120.37
D,RESIDUE_PRICE_OFFER,,1,A202312,C2026Q1T04,NSW1-QLD1,QLD1,1,19160.37
D,RESIDUE_PRICE_OFFER,,1,A202312,C2026Q1T04,NSW1-QLD1,QLD1,1,19200.37
D,RESIDUE_PRICE_OFFER,,1,A202312,C2026Q1T04,NSW1-QLD1,QLD1,1,19240.37
D,RESIDUE_PRICE_OFFER,,1,A202312,C2026Q1T04,NSW1-QLD1,QLD1,1,19280.37
D,RESIDUE_PRICE_OFFER,,1,A202312,C2026Q1T04,NSW1-QLD1,QLD1,1,19320.37
D,RESIDUE_PRICE_OFFER,,1,A202312,C2026Q1T04,NSW1-QLD1,QLD1,1,19360.37
D,RESIDUE_PRICE_OFFER,,1,A202312,C2026Q1T04,NSW1-QLD1,QLD1,1,19400.37
D,RESIDUE_PRICE_OFFER,,1,A202312,C2026Q1T04,NSW1-QLD1,QLD1,1,19440.37
D,RESIDUE_PRICE_OFFER,,1,A202312,C2026Q1T04,NSW1-QLD1,QLD1,1,19480.37
D,RESIDUE_PRICE_OFFER,,1,A202312,C2026Q1T04,NSW1-QLD1,QLD1,1,19520.37
D,RESIDUE_PRICE_OFFER,,1,A202312,C2026Q1T04,NSW1-QLD1,QLD1,1,19560.37
D,RESIDUE_PRICE_OFFER,,1,A202312,C2026Q1T04,NSW1-QLD1,QLD1,1,19600.37
D,RESIDUE_PRICE_OFFER,,1,A202312,C2026Q1T04,NSW1-QLD1,QLD1,1,19640.37
D,RESIDUE_PRICE_OFFER,,1,A202312,C2026Q1T04,NSW1-QLD1,QLD1,1,19680.37
D,RESIDUE_PRICE_OFFER,,1,A202312,C2026Q1T04,NSW1-QLD1,QLD1,1,19720.37
D,RESIDUE_PRICE_OFFER,,1,A202312,C2026Q1T04,NSW1-QLD1,QLD1,1,19760.37
D,RESIDUE_PRICE_OFFER,,1,A202312,C2026Q1T04,NSW1-QLD1,QLD1,1,19800.37
D,RESIDUE_PRICE_OFFER,,1,A202312,C2026Q1T04,NSW1-QLD1,QLD1,1,19840.37
D,RESIDUE_PRICE_OFFER,,1,A202312,C2026Q1T04,NSW1-QLD1,QLD1,1,19880.37
D,RESIDUE_PRICE_OFFER,,1,A202312,C2026Q1T04,NSW1-QLD1,QLD1,1,19920.37
D,RESIDUE_PRICE_OFFER,,1,A202312,C2026Q1T04,NSW1-QLD1,QLD1,1,19960.37
D,RESIDUE_PRICE_OFFER,,1,A202312,C2026Q1T04,NSW1-QLD1,QLD1,1,20000.37
D,RESIDUE_PRICE_OFFER,,1,A202312,C2026Q1T04,NSW1-QLD1,QLD1,1,22333.37
D,RESIDUE_PRICE_OFFER,,1,A202312,C2026Q1T04,NSW1-QLD1,QLD1,1,22666.37
D,RESIDUE_PRICE_OFFER,,1,A202312,C2026Q1T04,NSW1-QLD1,QLD1,1,22999.37
D,RESIDUE_PRICE_OFFER,,1,A202312,C2026Q1T04,NSW1-QLD1,QLD1,1,23332.37
D,RESIDUE_PRICE_OFFER,,1,A202312,C2026Q1T04,NSW1-QLD1,QLD1,1,23665.37
D,RESIDUE_PRICE_OFFER,,1,A202312,C2026Q1T04,NSW1-QLD1,QLD1,1,23998.37
D,RESIDUE_PRICE_OFFER,,1,A202312,C2026Q1T04,NSW1-QLD1,QLD1,1,24331.37
D,RESIDUE_PRICE_OFFER,,1,A202312,C2026Q1T04,NSW1-QLD1,QLD1,1,24664.37
D,RESIDUE_PRICE_OFFER,,1,A202312,C2026Q1T04,NSW1-QLD1,QLD1,1,24997.37
D,RESIDUE_PRICE_OFFER,,1,A202312,C2026Q1T04,NSW1-QLD1,QLD1,1,25330.37
D,RESIDUE_PRICE_OFFER,,1,A202312,C2026Q1T04,NSW1-QLD1,QLD1,1,25663.37
D,RESIDUE_PRICE_OFFER,,1,A202312,C2026Q1T04,NSW1-QLD1,QLD1,1,25996.37
D,RESIDUE_PRICE_OFFER,,1,A202312,C2026Q1T04,NSW1-QLD1,QLD1,1,26329.37
D,RESIDUE_PRICE_OFFER,,1,A202312,C2026Q1T04,NSW1-QLD1,QLD1,1,26662.37
D,RESIDUE_PRICE_OFFER,,1,A202312,C2026Q1T04,NSW1-QLD1,QLD1,1,26995.37
D,RESIDUE_PRICE_OFFER,,1,A202312,C2026Q1T04,NSW1-QLD1,QLD1,100,0
D,RESIDUE_PRICE_OFFER,,1,A202312,C2026Q1T04,V-SA,SA1,1,7071.93
D,RESIDUE_PRICE_OFFER,,1,A202312,C2026Q1T04,V-SA,SA1,1,7142.93
D,RESIDUE_PRICE_OFFER,,1,A202312,C2026Q1T04,V-SA,SA1,1,7213.93
D,RESIDUE_PRICE_OFFER,,1,A202312,C2026Q1T04,V-SA,SA1,1,7284.93
D,RESIDUE_PRICE_OFFER,,1,A202312,C2026Q1T04,V-SA,SA1,1,7355.93
D,RESIDUE_PRICE_OFFER,,1,A202312,C2026Q1T04,V-SA,SA1,1,7426.93
D,RESIDUE_PRICE_OFFER,,1,A202312,C2026Q1T04,V-SA,SA1,1,7497.93
D,RESIDUE_PRICE_OFFER,,1,A202312,C2026Q1T04,V-SA,SA1,2,5025.666660
D,RESIDUE_PRICE_OFFER,,1,A202312,C2026Q1T04,V-SA,SA1,2,5779.516660
D,RESIDUE_PRICE_OFFER,,1,A202312,C2026Q1T04,V-SA,SA1,3,6646.444160
D,RESIDUE_PRICE_OFFER,,1,A202312,C2026Q1T04,V-SA,SA1,3,7643.410790
D,RESIDUE_PRICE_OFFER,,1,A202312,C2026Q1T04,V-SA,SA1,5,8789.9224
D,RESIDUE_PRICE_OFFER,,1,A202312,C2026Q1T04,V-SA,SA1,5,10108.410770
D,RESIDUE_PRICE_OFFER,,1,A202312,C2026Q1T04,V-SA,SA1,64,0
D,RESIDUE_PRICE_OFFER,,1,A202312,C2026Q1T04,V-SA,VIC1,2,28460
D,RESIDUE_PRICE_OFFER,,1,A202312,C2026Q1T04,V-SA,VIC1,2,30736.80
D,RESIDUE_PRICE_OFFER,,1,A202312,C2026Q1T04,V-SA,VIC1,2,33195.7440
D,RESIDUE_PRICE_OFFER,,1,A202312,C2026Q1T04,V-SA,VIC1,3,35851.403520
D,RESIDUE_PRICE_OFFER,,1,A202312,C2026Q1T04,V-SA,VIC1,3,38719.5158
D,RESIDUE_PRICE_OFFER,,1,A202312,C2026Q1T04,V-SA,VIC1,3,41817.077070
D,RESIDUE_PRICE_OFFER,,1,A202312,C2026Q1T04,V-SA,VIC1,10,25000.97
D,RESIDUE_PRICE_OFFER,,1,A202312,C2026Q1T04,V-SA,VIC1,73,0
D,RESIDUE_PRICE_OFFER,,1,A202312,C2026Q1T04,VIC1-NSW1,NSW1,2,4600.58
D,RESIDUE_PRICE_OFFER,,1,A202312,C2026Q1T04,VIC1-NSW1,NSW1,2,4700.58
D,RESIDUE_PRICE_OFFER,,1,A202312,C2026Q1T04,VIC1-NSW1,NSW1,2,4800.58
D,RESIDUE_PRICE_OFFER,,1,A202312,C2026Q1T04,VIC1-NSW1,NSW1,2,4900.58
D,RESIDUE_PRICE_OFFER,,1,A202312,C2026Q1T04,VIC1-NSW1,NSW1,2,5000.58
D,RESIDUE_PRICE_OFFER,,1,A202312,C2026Q1T04,VIC1-NSW1,NSW1,2,5100.58
D,RESIDUE_PRICE_OFFER,,1,A202312,C2026Q1T04,VIC1-NSW1,NSW1,2,5200.58
D,RESIDUE_PRICE_OFFER,,1,A202312,C2026Q1T04,VIC1-NSW1,NSW1,2,5300.58
D,RESIDUE_PRICE_OFFER,,1,A202312,C2026Q1T04,VIC1-NSW1,NSW1,2,5400.58
D,RESIDUE_PRICE_OFFER,,1,A202312,C2026Q1T04,VIC1-NSW1,NSW1,2,5500.58
D,RESIDUE_PRICE_OFFER,,1,A202312,C2026Q1T04,VIC1-NSW1,NSW1,108,0
D,RESIDUE_PRICE_OFFER,,1,A202312,C2026Q1T04,VIC1-NSW1,VIC1,1,22136.87
D,RESIDUE_PRICE_OFFER,,1,A202312,C2026Q1T04,VIC1-NSW1,VIC1,1,22272.87
D,RESIDUE_PRICE_OFFER,,1,A202312,C2026Q1T04,VIC1-NSW1,VIC1,1,22408.87
D,RESIDUE_PRICE_OFFER,,1,A202312,C2026Q1T04,VIC1-NSW1,VIC1,1,22544.87
D,RESIDUE_PRICE_OFFER,,1,A202312,C2026Q1T04,VIC1-NSW1,VIC1,1,22680.87
D,RESIDUE_PRICE_OFFER,,1,A202312,C2026Q1T04,VIC1-NSW1,VIC1,1,22816.87
D,RESIDUE_PRICE_OFFER,,1,A202312,C2026Q1T04,VIC1-NSW1,VIC1,1,22952.87
D,RESIDUE_PRICE_OFFER,,1,A202312,C2026Q1T04,VIC1-NSW1,VIC1,1,23088.87
D,RESIDUE_PRICE_OFFER,,1,A202312,C2026Q1T04,VIC1-NSW1,VIC1,1,23224.87
D,RESIDUE_PRICE_OFFER,,1,A202312,C2026Q1T04,VIC1-NSW1,VIC1,1,23360.87
D,RESIDUE_PRICE_OFFER,,1,A202312,C2026Q1T04,VIC1-NSW1,VIC1,1,23496.87
D,RESIDUE_PRICE_OFFER,,1,A202312,C2026Q1T04,VIC1-NSW1,VIC1,1,23632.87
D,RESIDUE_PRICE_OFFER,,1,A202312,C2026Q1T04,VIC1-NSW1,VIC1,1,23768.87
D,RESIDUE_PRICE_OFFER,,1,A202312,C2026Q1T04,VIC1-NSW1,VIC1,1,23904.87
D,RESIDUE_PRICE_OFFER,,1,A202312,C2026Q1T04,VIC1-NSW1,VIC1,1,24040.87
D,RESIDUE_PRICE_OFFER,,1,A202312,C2026Q1T04,VIC1-NSW1,VIC1,1,24176.87
D,RESIDUE_PRICE_OFFER,,1,A202312,C2026Q1T04,VIC1-NSW1,VIC1,1,24312.87
D,RESIDUE_PRICE_OFFER,,1,A202312,C2026Q1T04,VIC1-NSW1,VIC1,1,24448.87
D,RESIDUE_PRICE_OFFER,,1,A202312,C2026Q1T04,VIC1-NSW1,VIC1,1,24584.87
D,RESIDUE_PRICE_OFFER,,1,A202312,C2026Q1T04,VIC1-NSW1,VIC1,1,24720.87
D,RESIDUE_PRICE_OFFER,,1,A202312,C2026Q1T04,VIC1-NSW1,VIC1,1,24856.87
D,RESIDUE_PRICE_OFFER,,1,A202312,C2026Q1T04,VIC1-NSW1,VIC1,1,24992.87
D,RESIDUE_PRICE_OFFER,,1,A202312,C2026Q1T04,VIC1-NSW1,VIC1,2,21864.80
D,RESIDUE_PRICE_OFFER,,1,A202312,C2026Q1T04,VIC1-NSW1,VIC1,2,23395.3360
D,RESIDUE_PRICE_OFFER,,1,A202312,C2026Q1T04,VIC1-NSW1,VIC1,3,25033.009520
D,RESIDUE_PRICE_OFFER,,1,A202312,C2026Q1T04,VIC1-NSW1,VIC1,3,26785.320190
D,RESIDUE_PRICE_OFFER,,1,A202312,C2026Q1T04,VIC1-NSW1,VIC1,4,28660.2926
D,RESIDUE_PRICE_OFFER,,1,A202312,C2026Q1T04,VIC1-NSW1,VIC1,4,30666.513080
D,RESIDUE_PRICE_OFFER,,1,A202312,C2026Q1T04,VIC1-NSW1,VIC1,125,0
D,RESIDUE_PRICE_OFFER,,1,A202312,C2026Q2T03,NSW1-QLD1,NSW1,45,0
D,RESIDUE_PRICE_OFFER,,1,A202312,C2026Q2T03,NSW1-QLD1,QLD1,9,32000.37
D,RESIDUE_PRICE_OFFER,,1,A202312,C2026Q2T03,NSW1-QLD1,QLD1,100,0
D,RESIDUE_PRICE_OFFER,,1,A202312,C2026Q2T03,V-SA,SA1,1,4433
D,RESIDUE_PRICE_OFFER,,1,A202312,C2026Q2T03,V-SA,SA1,1,5097.95
D,RESIDUE_PRICE_OFFER,,1,A202312,C2026Q2T03,V-SA,SA1,1,5862.6425
D,RESIDUE_PRICE_OFFER,,1,A202312,C2026Q2T03,V-SA,SA1,2,6742.038870
D,RESIDUE_PRICE_OFFER,,1,A202312,C2026Q2T03,V-SA,SA1,2,7753.3447
D,RESIDUE_PRICE_OFFER,,1,A202312,C2026Q2T03,V-SA,SA1,2,8916.346410
D,RESIDUE_PRICE_OFFER,,1,A202312,C2026Q2T03,V-SA,SA1,64,0
D,RESIDUE_PRICE_OFFER,,1,A202312,C2026Q2T03,V-SA,VIC1,1,13500
D,RESIDUE_PRICE_OFFER,,1,A202312,C2026Q2T03,V-SA,VIC1,1,14071.97
D,RESIDUE_PRICE_OFFER,,1,A202312,C2026Q2T03,V-SA,VIC1,1,14142.97
D,RESIDUE_PRICE_OFFER,,1,A202312,C2026Q2T03,V-SA,VIC1,1,14213.97
D,RESIDUE_PRICE_OFFER,,1,A202312,C2026Q2T03,V-SA,VIC1,1,14284.97
D,RESIDUE_PRICE_OFFER,,1,A202312,C2026Q2T03,V-SA,VIC1,1,14355.97
D,RESIDUE_PRICE_OFFER,,1,A202312,C2026Q2T03,V-SA,VIC1,1,14426.97
D,RESIDUE_PRICE_OFFER,,1,A202312,C2026Q2T03,V-SA,VIC1,1,14497.97
D,RESIDUE_PRICE_OFFER,,1,A202312,C2026Q2T03,V-SA,VIC1,1,14568.97
D,RESIDUE_PRICE_OFFER,,1,A202312,C2026Q2T03,V-SA,VIC1,1,14580
D,RESIDUE_PRICE_OFFER,,1,A202312,C2026Q2T03,V-SA,VIC1,1,14639.97
D,RESIDUE_PRICE_OFFER,,1,A202312,C2026Q2T03,V-SA,VIC1,1,14710.97
D,RESIDUE_PRICE_OFFER,,1,A202312,C2026Q2T03,V-SA,VIC1,1,14781.97
D,RESIDUE_PRICE_OFFER,,1,A202312,C2026Q2T03,V-SA,VIC1,1,14852.97
D,RESIDUE_PRICE_OFFER,,1,A202312,C2026Q2T03,V-SA,VIC1,1,14923.97
D,RESIDUE_PRICE_OFFER,,1,A202312,C2026Q2T03,V-SA,VIC1,1,14994.97
D,RESIDUE_PRICE_OFFER,,1,A202312,C2026Q2T03,V-SA,VIC1,2,15746.40
D,RESIDUE_PRICE_OFFER,,1,A202312,C2026Q2T03,V-SA,VIC1,2,17006.1120
D,RESIDUE_PRICE_OFFER,,1,A202312,C2026Q2T03,V-SA,VIC1,2,18366.600960
D,RESIDUE_PRICE_OFFER,,1,A202312,C2026Q2T03,V-SA,VIC1,2,19835.929040
D,RESIDUE_PRICE_OFFER,,1,A202312,C2026Q2T03,V-SA,VIC1,73,0
D,RESIDUE_PRICE_OFFER,,1,A202312,C2026Q2T03,VIC1-NSW1,NSW1,1,1504.58
D,RESIDUE_PRICE_OFFER,,1,A202312,C2026Q2T03,VIC1-NSW1,NSW1,1,1508.58
D,RESIDUE_PRICE_OFFER,,1,A202312,C2026Q2T03,VIC1-NSW1,NSW1,1,1512.58
D,RESIDUE_PRICE_OFFER,,1,A202312,C2026Q2T03,VIC1-NSW1,NSW1,1,1516.58
D,RESIDUE_PRICE_OFFER,,1,A202312,C2026Q2T03,VIC1-NSW1,NSW1,1,1520.58
D,RESIDUE_PRICE_OFFER,,1,A202312,C2026Q2T03,VIC1-NSW1,NSW1,1,1524.58
D,RESIDUE_PRICE_OFFER,,1,A202312,C2026Q2T03,VIC1-NSW1,NSW1,1,1528.58
D,RESIDUE_PRICE_OFFER,,1,A202312,C2026Q2T03,VIC1-NSW1,NSW1,1,1532.58
D,RESIDUE_PRICE_OFFER,,1,A202312,C2026Q2T03,VIC1-NSW1,NSW1,1,1536.58
D,RESIDUE_PRICE_OFFER,,1,A202312,C2026Q2T03,VIC1-NSW1,NSW1,1,1540.58
D,RESIDUE_PRICE_OFFER,,1,A202312,C2026Q2T03,VIC1-NSW1,NSW1,1,1544.58
D,RESIDUE_PRICE_OFFER,,1,A202312,C2026Q2T03,VIC1-NSW1,NSW1,1,1548.58
D,RESIDUE_PRICE_OFFER,,1,A202312,C2026Q2T03,VIC1-NSW1,NSW1,1,1552.58
D,RESIDUE_PRICE_OFFER,,1,A202312,C2026Q2T03,VIC1-NSW1,NSW1,1,1556.58
D,RESIDUE_PRICE_OFFER,,1,A202312,C2026Q2T03,VIC1-NSW1,NSW1,1,1560.58
D,RESIDUE_PRICE_OFFER,,1,A202312,C2026Q2T03,VIC1-NSW1,NSW1,1,1564.58
D,RESIDUE_PRICE_OFFER,,1,A202312,C2026Q2T03,VIC1-NSW1,NSW1,1,1568.58
D,RESIDUE_PRICE_OFFER,,1,A202312,C2026Q2T03,VIC1-NSW1,NSW1,1,1572.58
D,RESIDUE_PRICE_OFFER,,1,A202312,C2026Q2T03,VIC1-NSW1,NSW1,1,1576.58
D,RESIDUE_PRICE_OFFER,,1,A202312,C2026Q2T03,VIC1-NSW1,NSW1,1,1580.58
D,RESIDUE_PRICE_OFFER,,1,A202312,C2026Q2T03,VIC1-NSW1,NSW1,1,1584.58
D,RESIDUE_PRICE_OFFER,,1,A202312,C2026Q2T03,VIC1-NSW1,NSW1,1,1588.58
D,RESIDUE_PRICE_OFFER,,1,A202312,C2026Q2T03,VIC1-NSW1,NSW1,1,1592.58
D,RESIDUE_PRICE_OFFER,,1,A202312,C2026Q2T03,VIC1-NSW1,NSW1,108,0
D,RESIDUE_PRICE_OFFER,,1,A202312,C2026Q2T03,VIC1-NSW1,VIC1,1,19176.87
D,RESIDUE_PRICE_OFFER,,1,A202312,C2026Q2T03,VIC1-NSW1,VIC1,1,19352.87
D,RESIDUE_PRICE_OFFER,,1,A202312,C2026Q2T03,VIC1-NSW1,VIC1,1,19528.87
D,RESIDUE_PRICE_OFFER,,1,A202312,C2026Q2T03,VIC1-NSW1,VIC1,1,19704.87
D,RESIDUE_PRICE_OFFER,,1,A202312,C2026Q2T03,VIC1-NSW1,VIC1,1,19880.87
D,RESIDUE_PRICE_OFFER,,1,A202312,C2026Q2T03,VIC1-NSW1,VIC1,1,20056.87
D,RESIDUE_PRICE_OFFER,,1,A202312,C2026Q2T03,VIC1-NSW1,VIC1,1,20232.87
D,RESIDUE_PRICE_OFFER,,1,A202312,C2026Q2T03,VIC1-NSW1,VIC1,1,20408.87
D,RESIDUE_PRICE_OFFER,,1,A202312,C2026Q2T03,VIC1-NSW1,VIC1,1,20584.87
D,RESIDUE_PRICE_OFFER,,1,A202312,C2026Q2T03,VIC1-NSW1,VIC1,1,20760.87
D,RESIDUE_PRICE_OFFER,,1,A202312,C2026Q2T03,VIC1-NSW1,VIC1,1,20936.87
D,RESIDUE_PRICE_OFFER,,1,A202312,C2026Q2T03,VIC1-NSW1,VIC1,1,21112.87
D,RESIDUE_PRICE_OFFER,,1,A202312,C2026Q2T03,VIC1-NSW1,VIC1,1,21288.87
D,RESIDUE_PRICE_OFFER,,1,A202312,C2026Q2T03,VIC1-NSW1,VIC1,1,21464.87
D,RESIDUE_PRICE_OFFER,,1,A202312,C2026Q2T03,VIC1-NSW1,VIC1,1,21640.87
D,RESIDUE_PRICE_OFFER,,1,A202312,C2026Q2T03,VIC1-NSW1,VIC1,1,21816.87
D,RESIDUE_PRICE_OFFER,,1,A202312,C2026Q2T03,VIC1-NSW1,VIC1,1,21992.87
D,RESIDUE_PRICE_OFFER,,1,A202312,C2026Q2T03,VIC1-NSW1,VIC1,3,19895.59
D,RESIDUE_PRICE_OFFER,,1,A202312,C2026Q2T03,VIC1-NSW1,VIC1,3,21288.281290
D,RESIDUE_PRICE_OFFER,,1,A202312,C2026Q2T03,VIC1-NSW1,VIC1,5,22778.460990
D,RESIDUE_PRICE_OFFER,,1,A202312,C2026Q2T03,VIC1-NSW1,VIC1,5,24372.953260
D,RESIDUE_PRICE_OFFER,,1,A202312,C2026Q2T03,VIC1-NSW1,VIC1,9,26079.059990
D,RESIDUE_PRICE_OFFER,,1,A202312,C2026Q2T03,VIC1-NSW1,VIC1,9,27904.594190
D,RESIDUE_PRICE_OFFER,,1,A202312,C2026Q2T03,VIC1-NSW1,VIC1,125,0
D,RESIDUE_PRICE_OFFER,,1,A202312,C2026Q3T02,NSW1-QLD1,NSW1,45,0
D,RESIDUE_PRICE_OFFER,,1,A202312,C2026Q3T02,NSW1-QLD1,QLD1,4,32000.37
D,RESIDUE_PRICE_OFFER,,1,A202312,C2026Q3T02,NSW1-QLD1,QLD1,100,0
D,RESIDUE_PRICE_OFFER,,1,A202312,C2026Q3T02,V-SA,SA1,2,4083.93
D,RESIDUE_PRICE_OFFER,,1,A202312,C2026Q3T02,V-SA,SA1,2,4166.93
D,RESIDUE_PRICE_OFFER,,1,A202312,C2026Q3T02,V-SA,SA1,2,4249.93
D,RESIDUE_PRICE_OFFER,,1,A202312,C2026Q3T02,V-SA,SA1,2,4332.93
D,RESIDUE_PRICE_OFFER,,1,A202312,C2026Q3T02,V-SA,SA1,2,4415.93
D,RESIDUE_PRICE_OFFER,,1,A202312,C2026Q3T02,V-SA,SA1,2,4498.93
D,RESIDUE_PRICE_OFFER,,1,A202312,C2026Q3T02,V-SA,SA1,64,0
D,RESIDUE_PRICE_OFFER,,1,A202312,C2026Q3T02,V-SA,VIC1,1,14076.97
D,RESIDUE_PRICE_OFFER,,1,A202312,C2026Q3T02,V-SA,VIC1,1,14152.97
D,RESIDUE_PRICE_OFFER,,1,A202312,C2026Q3T02,V-SA,VIC1,1,14228.97
D,RESIDUE_PRICE_OFFER,,1,A202312,C2026Q3T02,V-SA,VIC1,1,14304.97
D,RESIDUE_PRICE_OFFER,,1,A202312,C2026Q3T02,V-SA,VIC1,1,14380.97
D,RESIDUE_PRICE_OFFER,,1,A202312,C2026Q3T02,V-SA,VIC1,1,14456.97
D,RESIDUE_PRICE_OFFER,,1,A202312,C2026Q3T02,V-SA,VIC1,1,14532.97
D,RESIDUE_PRICE_OFFER,,1,A202312,C2026Q3T02,V-SA,VIC1,1,14608.97
D,RESIDUE_PRICE_OFFER,,1,A202312,C2026Q3T02,V-SA,VIC1,1,14684.97
D,RESIDUE_PRICE_OFFER,,1,A202312,C2026Q3T02,V-SA,VIC1,1,14760.97
D,RESIDUE_PRICE_OFFER,,1,A202312,C2026Q3T02,V-SA,VIC1,1,14836.97
D,RESIDUE_PRICE_OFFER,,1,A202312,C2026Q3T02,V-SA,VIC1,1,14912.97
D,RESIDUE_PRICE_OFFER,,1,A202312,C2026Q3T02,V-SA,VIC1,1,14988.97
D,RESIDUE_PRICE_OFFER,,1,A202312,C2026Q3T02,V-SA,VIC1,73,0
D,RESIDUE_PRICE_OFFER,,1,A202312,C2026Q3T02,VIC1-NSW1,NSW1,108,0
D,RESIDUE_PRICE_OFFER,,1,A202312,C2026Q3T02,VIC1-NSW1,VIC1,1,19250.87
D,RESIDUE_PRICE_OFFER,,1,A202312,C2026Q3T02,VIC1-NSW1,VIC1,1,19500.87
D,RESIDUE_PRICE_OFFER,,1,A202312,C2026Q3T02,VIC1-NSW1,VIC1,1,19750.87
D,RESIDUE_PRICE_OFFER,,1,A202312,C2026Q3T02,VIC1-NSW1,VIC1,1,20000.87
D,RESIDUE_PRICE_OFFER,,1,A202312,C2026Q3T02,VIC1-NSW1,VIC1,1,20250.87
D,RESIDUE_PRICE_OFFER,,1,A202312,C2026Q3T02,VIC1-NSW1,VIC1,1,20500.87
D,RESIDUE_PRICE_OFFER,,1,A202312,C2026Q3T02,VIC1-NSW1,VIC1,1,20750.87
D,RESIDUE_PRICE_OFFER,,1,A202312,C2026Q3T02,VIC1-NSW1,VIC1,1,21000.87
D,RESIDUE_PRICE_OFFER,,1,A202312,C2026Q3T02,VIC1-NSW1,VIC1,1,21250.87
D,RESIDUE_PRICE_OFFER,,1,A202312,C2026Q3T02,VIC1-NSW1,VIC1,1,21500.87
D,RESIDUE_PRICE_OFFER,,1,A202312,C2026Q3T02,VIC1-NSW1,VIC1,1,21750.87
D,RESIDUE_PRICE_OFFER,,1,A202312,C2026Q3T02,VIC1-NSW1,VIC1,1,22000.87
D,RESIDUE_PRICE_OFFER,,1,A202312,C2026Q3T02,VIC1-NSW1,VIC1,125,0
D,RESIDUE_PRICE_OFFER,,1,A202312,C2026Q4T01,NSW1-QLD1,NSW1,45,0
D,RESIDUE_PRICE_OFFER,,1,A202312,C2026Q4T01,NSW1-QLD1,QLD1,100,0
D,RESIDUE_PRICE_OFFER,,1,A202312,C2026Q4T01,V-SA,SA1,64,0
D,RESIDUE_PRICE_OFFER,,1,A202312,C2026Q4T01,V-SA,VIC1,73,0
D,RESIDUE_PRICE_OFFER,,1,A202312,C2026Q4T01,VIC1-NSW1,NSW1,108,0
D,RESIDUE_PRICE_OFFER,,1,A202312,C2026Q4T01,VIC1-NSW1,VIC1,125,0
C,"END OF REPORT",1602
