C,NEMP.WORLD,SROFFER,AEMO,PUBLIC,2023/06/15,14:51:43,0000000389654757,,0000000389654757
I,RESIDUE_PRICE_OFFER,,1,:AUCTIONID,TRANCHEID,INTERCONNECTORID,FROMREGIONID,OFFERUNITS,OFFERPRICE
D,RESIDUE_PRICE_OFFER,,1,A202306,C2023Q3T12,NSW1-QLD1,NSW1,3,3409.51
D,RESIDUE_PRICE_OFFER,,1,A202306,C2023Q3T12,NSW1-QLD1,NSW1,3,4432.359990
D,RESIDUE_PRICE_OFFER,,1,A202306,C2023Q3T12,NSW1-QLD1,NSW1,3,5762.07
D,RESIDUE_PRICE_OFFER,,1,A202306,C2023Q3T12,NSW1-QLD1,NSW1,3,10083.62
D,RESIDUE_PRICE_OFFER,,1,A202306,C2023Q3T12,NSW1-QLD1,NSW1,3,17646.33
D,RESIDUE_PRICE_OFFER,,1,A202306,C2023Q3T12,NSW1-QLD1,NSW1,3,30881.08
D,RESIDUE_PRICE_OFFER,,1,A202306,C2023Q3T12,NSW1-QLD1,NSW1,55,0
D,RESIDUE_PRICE_OFFER,,1,A202306,C2023Q3T12,NSW1-QLD1,QLD1,2,38386.5610
D,RESIDUE_PRICE_OFFER,,1,A202306,C2023Q3T12,NSW1-QLD1,QLD1,2,46063.8732
D,RESIDUE_PRICE_OFFER,,1,A202306,C2023Q3T12,NSW1-QLD1,QLD1,2,55276.647840
D,RESIDUE_PRICE_OFFER,,1,A202306,C2023Q3T12,NSW1-QLD1,QLD1,2,66331.977410
D,RESIDUE_PRICE_OFFER,,1,A202306,C2023Q3T12,NSW1-QLD1,QLD1,2,79598.372890
D,RESIDUE_PRICE_OFFER,,1,A202306,C2023Q3T12,NSW1-QLD1,QLD1,2,95518.047470
D,RESIDUE_PRICE_OFFER,,1,A202306,C2023Q3T12,NSW1-QLD1,QLD1,5,17500.39
D,RESIDUE_PRICE_OFFER,,1,A202306,C2023Q3T12,NSW1-QLD1,QLD1,5,26500.39
D,RESIDUE_PRICE_OFFER,,1,A202306,C2023Q3T12,NSW1-QLD1,QLD1,5,28000.39
D,RESIDUE_PRICE_OFFER,,1,A202306,C2023Q3T12,NSW1-QLD1,QLD1,5,29500.39
D,RESIDUE_PRICE_OFFER,,1,A202306,C2023Q3T12,NSW1-QLD1,QLD1,5,31000.39
D,RESIDUE_PRICE_OFFER,,1,A202306,C2023Q3T12,NSW1-QLD1,QLD1,5,32500.39
D,RESIDUE_PRICE_OFFER,,1,A202306,C2023Q3T12,NSW1-QLD1,QLD1,5,34000.39
D,RESIDUE_PRICE_OFFER,,1,A202306,C2023Q3T12,NSW1-QLD1,QLD1,5,35500.39
D,RESIDUE_PRICE_OFFER,,1,A202306,C2023Q3T12,NSW1-QLD1,QLD1,5,37000.39
D,RESIDUE_PRICE_OFFER,,1,A202306,C2023Q3T12,NSW1-QLD1,QLD1,5,38500.39
D,RESIDUE_PRICE_OFFER,,1,A202306,C2023Q3T12,NSW1-QLD1,QLD1,5,40000.39
D,RESIDUE_PRICE_OFFER,,1,A202306,C2023Q3T12,NSW1-QLD1,QLD1,10,29788
D,RESIDUE_PRICE_OFFER,,1,A202306,C2023Q3T12,NSW1-QLD1,QLD1,30,18000.39
D,RESIDUE_PRICE_OFFER,,1,A202306,C2023Q3T12,NSW1-QLD1,QLD1,30,23400
D,RESIDUE_PRICE_OFFER,,1,A202306,C2023Q3T12,NSW1-QLD1,QLD1,100,0
D,RESIDUE_PRICE_OFFER,,1,A202306,C2023Q3T12,V-SA,SA1,1,9100.12
D,RESIDUE_PRICE_OFFER,,1,A202306,C2023Q3T12,V-SA,SA1,1,9200.12
D,RESIDUE_PRICE_OFFER,,1,A202306,C2023Q3T12,V-SA,SA1,1,9300.12
D,RESIDUE_PRICE_OFFER,,1,A202306,C2023Q3T12,V-SA,SA1,1,9400.12
D,RESIDUE_PRICE_OFFER,,1,A202306,C2023Q3T12,V-SA,SA1,1,9500.12
D,RESIDUE_PRICE_OFFER,,1,A202306,C2023Q3T12,V-SA,SA1,1,9600.12
D,RESIDUE_PRICE_OFFER,,1,A202306,C2023Q3T12,V-SA,SA1,1,9700.12
D,RESIDUE_PRICE_OFFER,,1,A202306,C2023Q3T12,V-SA,SA1,1,9800.12
D,RESIDUE_PRICE_OFFER,,1,A202306,C2023Q3T12,V-SA,SA1,1,9900.12
D,RESIDUE_PRICE_OFFER,,1,A202306,C2023Q3T12,V-SA,SA1,1,10000.12
D,RESIDUE_PRICE_OFFER,,1,A202306,C2023Q3T12,V-SA,SA1,1,10100.12
D,RESIDUE_PRICE_OFFER,,1,A202306,C2023Q3T12,V-SA,SA1,1,10200.12
D,RESIDUE_PRICE_OFFER,,1,A202306,C2023Q3T12,V-SA,SA1,1,10300.12
D,RESIDUE_PRICE_OFFER,,1,A202306,C2023Q3T12,V-SA,SA1,1,10400.12
D,RESIDUE_PRICE_OFFER,,1,A202306,C2023Q3T12,V-SA,SA1,1,10500.12
D,RESIDUE_PRICE_OFFER,,1,A202306,C2023Q3T12,V-SA,SA1,1,10600.12
D,RESIDUE_PRICE_OFFER,,1,A202306,C2023Q3T12,V-SA,SA1,1,10700.12
D,RESIDUE_PRICE_OFFER,,1,A202306,C2023Q3T12,V-SA,SA1,1,10800.12
D,RESIDUE_PRICE_OFFER,,1,A202306,C2023Q3T12,V-SA,SA1,1,10900.12
D,RESIDUE_PRICE_OFFER,,1,A202306,C2023Q3T12,V-SA,SA1,1,11000.12
D,RESIDUE_PRICE_OFFER,,1,A202306,C2023Q3T12,V-SA,SA1,2,8000
D,RESIDUE_PRICE_OFFER,,1,A202306,C2023Q3T12,V-SA,SA1,2,8888.89
D,RESIDUE_PRICE_OFFER,,1,A202306,C2023Q3T12,V-SA,SA1,2,9777.78
D,RESIDUE_PRICE_OFFER,,1,A202306,C2023Q3T12,V-SA,SA1,2,10666.67
D,RESIDUE_PRICE_OFFER,,1,A202306,C2023Q3T12,V-SA,SA1,2,11555.56
D,RESIDUE_PRICE_OFFER,,1,A202306,C2023Q3T12,V-SA,SA1,2,12300.12
D,RESIDUE_PRICE_OFFER,,1,A202306,C2023Q3T12,V-SA,SA1,2,12444.44
D,RESIDUE_PRICE_OFFER,,1,A202306,C2023Q3T12,V-SA,SA1,2,12600.12
D,RESIDUE_PRICE_OFFER,,1,A202306,C2023Q3T12,V-SA,SA1,2,12900.12
D,RESIDUE_PRICE_OFFER,,1,A202306,C2023Q3T12,V-SA,SA1,2,13200.12
D,RESIDUE_PRICE_OFFER,,1,A202306,C2023Q3T12,V-SA,SA1,2,13333.33
D,RESIDUE_PRICE_OFFER,,1,A202306,C2023Q3T12,V-SA,SA1,2,13500.12
D,RESIDUE_PRICE_OFFER,,1,A202306,C2023Q3T12,V-SA,SA1,2,13800.12
D,RESIDUE_PRICE_OFFER,,1,A202306,C2023Q3T12,V-SA,SA1,2,14100.12
D,RESIDUE_PRICE_OFFER,,1,A202306,C2023Q3T12,V-SA,SA1,2,14222.22
D,RESIDUE_PRICE_OFFER,,1,A202306,C2023Q3T12,V-SA,SA1,2,14400.12
D,RESIDUE_PRICE_OFFER,,1,A202306,C2023Q3T12,V-SA,SA1,2,14700.12
D,RESIDUE_PRICE_OFFER,,1,A202306,C2023Q3T12,V-SA,SA1,2,15000.12
D,RESIDUE_PRICE_OFFER,,1,A202306,C2023Q3T12,V-SA,SA1,2,15111.11
D,RESIDUE_PRICE_OFFER,,1,A202306,C2023Q3T12,V-SA,SA1,2,16000
D,RESIDUE_PRICE_OFFER,,1,A202306,C2023Q3T12,V-SA,SA1,3,7891.10
D,RESIDUE_PRICE_OFFER,,1,A202306,C2023Q3T12,V-SA,SA1,3,8601.2990
D,RESIDUE_PRICE_OFFER,,1,A202306,C2023Q3T12,V-SA,SA1,3,9375.415910
D,RESIDUE_PRICE_OFFER,,1,A202306,C2023Q3T12,V-SA,SA1,3,10219.203340
D,RESIDUE_PRICE_OFFER,,1,A202306,C2023Q3T12,V-SA,SA1,3,11138.931640
D,RESIDUE_PRICE_OFFER,,1,A202306,C2023Q3T12,V-SA,SA1,3,12141.435490
D,RESIDUE_PRICE_OFFER,,1,A202306,C2023Q3T12,V-SA,SA1,10,13235.78
D,RESIDUE_PRICE_OFFER,,1,A202306,C2023Q3T12,V-SA,SA1,66,0
D,RESIDUE_PRICE_OFFER,,1,A202306,C2023Q3T12,V-SA,VIC1,1,16066.10
D,RESIDUE_PRICE_OFFER,,1,A202306,C2023Q3T12,V-SA,VIC1,1,16132.10
D,RESIDUE_PRICE_OFFER,,1,A202306,C2023Q3T12,V-SA,VIC1,1,16198.10
D,RESIDUE_PRICE_OFFER,,1,A202306,C2023Q3T12,V-SA,VIC1,1,16264.10
D,RESIDUE_PRICE_OFFER,,1,A202306,C2023Q3T12,V-SA,VIC1,1,16330.10
D,RESIDUE_PRICE_OFFER,,1,A202306,C2023Q3T12,V-SA,VIC1,1,16396.099990
D,RESIDUE_PRICE_OFFER,,1,A202306,C2023Q3T12,V-SA,VIC1,1,16462.099990
D,RESIDUE_PRICE_OFFER,,1,A202306,C2023Q3T12,V-SA,VIC1,1,16528.099990
D,RESIDUE_PRICE_OFFER,,1,A202306,C2023Q3T12,V-SA,VIC1,1,16594.099990
D,RESIDUE_PRICE_OFFER,,1,A202306,C2023Q3T12,V-SA,VIC1,1,16660.099990
D,RESIDUE_PRICE_OFFER,,1,A202306,C2023Q3T12,V-SA,VIC1,1,16726.099990
D,RESIDUE_PRICE_OFFER,,1,A202306,C2023Q3T12,V-SA,VIC1,1,16792.099990
D,RESIDUE_PRICE_OFFER,,1,A202306,C2023Q3T12,V-SA,VIC1,1,16858.099990
D,RESIDUE_PRICE_OFFER,,1,A202306,C2023Q3T12,V-SA,VIC1,1,16924.099990
D,RESIDUE_PRICE_OFFER,,1,A202306,C2023Q3T12,V-SA,VIC1,1,16990.099990
D,RESIDUE_PRICE_OFFER,,1,A202306,C2023Q3T12,V-SA,VIC1,2,19564.12
D,RESIDUE_PRICE_OFFER,,1,A202306,C2023Q3T12,V-SA,VIC1,2,21911.8144
D,RESIDUE_PRICE_OFFER,,1,A202306,C2023Q3T12,V-SA,VIC1,2,24541.232130
D,RESIDUE_PRICE_OFFER,,1,A202306,C2023Q3T12,V-SA,VIC1,2,27486.179980
D,RESIDUE_PRICE_OFFER,,1,A202306,C2023Q3T12,V-SA,VIC1,2,30784.521580
D,RESIDUE_PRICE_OFFER,,1,A202306,C2023Q3T12,V-SA,VIC1,2,34478.664160
D,RESIDUE_PRICE_OFFER,,1,A202306,C2023Q3T12,V-SA,VIC1,3,19900.099990
D,RESIDUE_PRICE_OFFER,,1,A202306,C2023Q3T12,V-SA,VIC1,3,20800.099990
D,RESIDUE_PRICE_OFFER,,1,A202306,C2023Q3T12,V-SA,VIC1,3,21700.10
D,RESIDUE_PRICE_OFFER,,1,A202306,C2023Q3T12,V-SA,VIC1,3,22600.10
D,RESIDUE_PRICE_OFFER,,1,A202306,C2023Q3T12,V-SA,VIC1,3,23500.10
D,RESIDUE_PRICE_OFFER,,1,A202306,C2023Q3T12,V-SA,VIC1,3,24400.10
D,RESIDUE_PRICE_OFFER,,1,A202306,C2023Q3T12,V-SA,VIC1,3,25300.10
D,RESIDUE_PRICE_OFFER,,1,A202306,C2023Q3T12,V-SA,VIC1,3,26200.10
D,RESIDUE_PRICE_OFFER,,1,A202306,C2023Q3T12,V-SA,VIC1,3,27100.10
D,RESIDUE_PRICE_OFFER,,1,A202306,C2023Q3T12,V-SA,VIC1,3,28000.10
D,RESIDUE_PRICE_OFFER,,1,A202306,C2023Q3T12,V-SA,VIC1,5,12500
D,RESIDUE_PRICE_OFFER,,1,A202306,C2023Q3T12,V-SA,VIC1,5,15000
D,RESIDUE_PRICE_OFFER,,1,A202306,C2023Q3T12,V-SA,VIC1,15,20000
D,RESIDUE_PRICE_OFFER,,1,A202306,C2023Q3T12,V-SA,VIC1,19,100000
D,RESIDUE_PRICE_OFFER,,1,A202306,C2023Q3T12,V-SA,VIC1,25,30000
D,RESIDUE_PRICE_OFFER,,1,A202306,C2023Q3T12,V-SA,VIC1,30,50000
D,RESIDUE_PRICE_OFFER,,1,A202306,C2023Q3T12,V-SA,VIC1,77,0
D,RESIDUE_PRICE_OFFER,,1,A202306,C2023Q3T12,VIC1-NSW1,NSW1,1,2762.90
D,RESIDUE_PRICE_OFFER,,1,A202306,C2023Q3T12,VIC1-NSW1,NSW1,1,2774.90
D,RESIDUE_PRICE_OFFER,,1,A202306,C2023Q3T12,VIC1-NSW1,NSW1,1,2786.90
D,RESIDUE_PRICE_OFFER,,1,A202306,C2023Q3T12,VIC1-NSW1,NSW1,1,2798.90
D,RESIDUE_PRICE_OFFER,,1,A202306,C2023Q3T12,VIC1-NSW1,NSW1,1,2810.90
D,RESIDUE_PRICE_OFFER,,1,A202306,C2023Q3T12,VIC1-NSW1,NSW1,1,2822.90
D,RESIDUE_PRICE_OFFER,,1,A202306,C2023Q3T12,VIC1-NSW1,NSW1,1,2834.90
D,RESIDUE_PRICE_OFFER,,1,A202306,C2023Q3T12,VIC1-NSW1,NSW1,1,2846.90
D,RESIDUE_PRICE_OFFER,,1,A202306,C2023Q3T12,VIC1-NSW1,NSW1,1,2858.90
D,RESIDUE_PRICE_OFFER,,1,A202306,C2023Q3T12,VIC1-NSW1,NSW1,1,2870.90
D,RESIDUE_PRICE_OFFER,,1,A202306,C2023Q3T12,VIC1-NSW1,NSW1,1,2882.90
D,RESIDUE_PRICE_OFFER,,1,A202306,C2023Q3T12,VIC1-NSW1,NSW1,1,2894.90
D,RESIDUE_PRICE_OFFER,,1,A202306,C2023Q3T12,VIC1-NSW1,NSW1,1,2906.90
D,RESIDUE_PRICE_OFFER,,1,A202306,C2023Q3T12,VIC1-NSW1,NSW1,1,2918.90
D,RESIDUE_PRICE_OFFER,,1,A202306,C2023Q3T12,VIC1-NSW1,NSW1,1,2930.90
D,RESIDUE_PRICE_OFFER,,1,A202306,C2023Q3T12,VIC1-NSW1,NSW1,1,2942.90
D,RESIDUE_PRICE_OFFER,,1,A202306,C2023Q3T12,VIC1-NSW1,NSW1,1,2954.90
D,RESIDUE_PRICE_OFFER,,1,A202306,C2023Q3T12,VIC1-NSW1,NSW1,1,2966.90
D,RESIDUE_PRICE_OFFER,,1,A202306,C2023Q3T12,VIC1-NSW1,NSW1,1,2978.90
D,RESIDUE_PRICE_OFFER,,1,A202306,C2023Q3T12,VIC1-NSW1,NSW1,1,2990.90
D,RESIDUE_PRICE_OFFER,,1,A202306,C2023Q3T12,VIC1-NSW1,NSW1,2,3538.6355
D,RESIDUE_PRICE_OFFER,,1,A202306,C2023Q3T12,VIC1-NSW1,NSW1,2,4423.294370
D,RESIDUE_PRICE_OFFER,,1,A202306,C2023Q3T12,VIC1-NSW1,NSW1,2,5529.117960
D,RESIDUE_PRICE_OFFER,,1,A202306,C2023Q3T12,VIC1-NSW1,NSW1,2,6911.397460
D,RESIDUE_PRICE_OFFER,,1,A202306,C2023Q3T12,VIC1-NSW1,NSW1,2,8639.246820
D,RESIDUE_PRICE_OFFER,,1,A202306,C2023Q3T12,VIC1-NSW1,NSW1,2,10799.058530
D,RESIDUE_PRICE_OFFER,,1,A202306,C2023Q3T12,VIC1-NSW1,NSW1,10,4256.83
D,RESIDUE_PRICE_OFFER,,1,A202306,C2023Q3T12,VIC1-NSW1,NSW1,40,3500
D,RESIDUE_PRICE_OFFER,,1,A202306,C2023Q3T12,VIC1-NSW1,NSW1,112,0
D,RESIDUE_PRICE_OFFER,,1,A202306,C2023Q3T12,VIC1-NSW1,VIC1,1,30020.88
D,RESIDUE_PRICE_OFFER,,1,A202306,C2023Q3T12,VIC1-NSW1,VIC1,1,30040.88
D,RESIDUE_PRICE_OFFER,,1,A202306,C2023Q3T12,VIC1-NSW1,VIC1,1,30060.88
D,RESIDUE_PRICE_OFFER,,1,A202306,C2023Q3T12,VIC1-NSW1,VIC1,1,30080.88
D,RESIDUE_PRICE_OFFER,,1,A202306,C2023Q3T12,VIC1-NSW1,VIC1,1,30100.88
D,RESIDUE_PRICE_OFFER,,1,A202306,C2023Q3T12,VIC1-NSW1,VIC1,1,30120.88
D,RESIDUE_PRICE_OFFER,,1,A202306,C2023Q3T12,VIC1-NSW1,VIC1,1,30140.88
D,RESIDUE_PRICE_OFFER,,1,A202306,C2023Q3T12,VIC1-NSW1,VIC1,1,30160.88
D,RESIDUE_PRICE_OFFER,,1,A202306,C2023Q3T12,VIC1-NSW1,VIC1,1,30180.88
D,RESIDUE_PRICE_OFFER,,1,A202306,C2023Q3T12,VIC1-NSW1,VIC1,1,30200.88
D,RESIDUE_PRICE_OFFER,,1,A202306,C2023Q3T12,VIC1-NSW1,VIC1,1,30220.88
D,RESIDUE_PRICE_OFFER,,1,A202306,C2023Q3T12,VIC1-NSW1,VIC1,1,30240.88
D,RESIDUE_PRICE_OFFER,,1,A202306,C2023Q3T12,VIC1-NSW1,VIC1,1,30260.88
D,RESIDUE_PRICE_OFFER,,1,A202306,C2023Q3T12,VIC1-NSW1,VIC1,1,30280.88
D,RESIDUE_PRICE_OFFER,,1,A202306,C2023Q3T12,VIC1-NSW1,VIC1,1,30300.88
D,RESIDUE_PRICE_OFFER,,1,A202306,C2023Q3T12,VIC1-NSW1,VIC1,1,30320.88
D,RESIDUE_PRICE_OFFER,,1,A202306,C2023Q3T12,VIC1-NSW1,VIC1,1,30340.88
D,RESIDUE_PRICE_OFFER,,1,A202306,C2023Q3T12,VIC1-NSW1,VIC1,1,30360.88
D,RESIDUE_PRICE_OFFER,,1,A202306,C2023Q3T12,VIC1-NSW1,VIC1,1,30380.88
D,RESIDUE_PRICE_OFFER,,1,A202306,C2023Q3T12,VIC1-NSW1,VIC1,1,30400.88
D,RESIDUE_PRICE_OFFER,,1,A202306,C2023Q3T12,VIC1-NSW1,VIC1,1,30420.88
D,RESIDUE_PRICE_OFFER,,1,A202306,C2023Q3T12,VIC1-NSW1,VIC1,1,30440.88
D,RESIDUE_PRICE_OFFER,,1,A202306,C2023Q3T12,VIC1-NSW1,VIC1,1,30460.88
D,RESIDUE_PRICE_OFFER,,1,A202306,C2023Q3T12,VIC1-NSW1,VIC1,1,30480.88
D,RESIDUE_PRICE_OFFER,,1,A202306,C2023Q3T12,VIC1-NSW1,VIC1,1,30500.88
D,RESIDUE_PRICE_OFFER,,1,A202306,C2023Q3T12,VIC1-NSW1,VIC1,2,32450.88
D,RESIDUE_PRICE_OFFER,,1,A202306,C2023Q3T12,VIC1-NSW1,VIC1,2,32900.879990
D,RESIDUE_PRICE_OFFER,,1,A202306,C2023Q3T12,VIC1-NSW1,VIC1,2,33350.879990
D,RESIDUE_PRICE_OFFER,,1,A202306,C2023Q3T12,VIC1-NSW1,VIC1,2,33800.879990
D,RESIDUE_PRICE_OFFER,,1,A202306,C2023Q3T12,VIC1-NSW1,VIC1,2,34250.879990
D,RESIDUE_PRICE_OFFER,,1,A202306,C2023Q3T12,VIC1-NSW1,VIC1,2,34700.879990
D,RESIDUE_PRICE_OFFER,,1,A202306,C2023Q3T12,VIC1-NSW1,VIC1,2,35150.879990
D,RESIDUE_PRICE_OFFER,,1,A202306,C2023Q3T12,VIC1-NSW1,VIC1,2,35600.879990
D,RESIDUE_PRICE_OFFER,,1,A202306,C2023Q3T12,VIC1-NSW1,VIC1,2,36050.879990
D,RESIDUE_PRICE_OFFER,,1,A202306,C2023Q3T12,VIC1-NSW1,VIC1,2,36500.879990
D,RESIDUE_PRICE_OFFER,,1,A202306,C2023Q3T12,VIC1-NSW1,VIC1,2,36950.879990
D,RESIDUE_PRICE_OFFER,,1,A202306,C2023Q3T12,VIC1-NSW1,VIC1,2,37400.879990
D,RESIDUE_PRICE_OFFER,,1,A202306,C2023Q3T12,VIC1-NSW1,VIC1,2,37850.879990
D,RESIDUE_PRICE_OFFER,,1,A202306,C2023Q3T12,VIC1-NSW1,VIC1,2,38300.879990
D,RESIDUE_PRICE_OFFER,,1,A202306,C2023Q3T12,VIC1-NSW1,VIC1,2,38750.879990
D,RESIDUE_PRICE_OFFER,,1,A202306,C2023Q3T12,VIC1-NSW1,VIC1,2,39200.879990
D,RESIDUE_PRICE_OFFER,,1,A202306,C2023Q3T12,VIC1-NSW1,VIC1,2,39650.879990
D,RESIDUE_PRICE_OFFER,,1,A202306,C2023Q3T12,VIC1-NSW1,VIC1,2,40100.879990
D,RESIDUE_PRICE_OFFER,,1,A202306,C2023Q3T12,VIC1-NSW1,VIC1,2,40550.879990
D,RESIDUE_PRICE_OFFER,,1,A202306,C2023Q3T12,VIC1-NSW1,VIC1,2,41000.879990
D,RESIDUE_PRICE_OFFER,,1,A202306,C2023Q3T12,VIC1-NSW1,VIC1,2,41450.879990
D,RESIDUE_PRICE_OFFER,,1,A202306,C2023Q3T12,VIC1-NSW1,VIC1,2,41900.879990
D,RESIDUE_PRICE_OFFER,,1,A202306,C2023Q3T12,VIC1-NSW1,VIC1,2,42350.879990
D,RESIDUE_PRICE_OFFER,,1,A202306,C2023Q3T12,VIC1-NSW1,VIC1,2,42800.879990
D,RESIDUE_PRICE_OFFER,,1,A202306,C2023Q3T12,VIC1-NSW1,VIC1,2,43250.88
D,RESIDUE_PRICE_OFFER,,1,A202306,C2023Q3T12,VIC1-NSW1,VIC1,2,43700.88
D,RESIDUE_PRICE_OFFER,,1,A202306,C2023Q3T12,VIC1-NSW1,VIC1,2,44150.88
D,RESIDUE_PRICE_OFFER,,1,A202306,C2023Q3T12,VIC1-NSW1,VIC1,2,44600.88
D,RESIDUE_PRICE_OFFER,,1,A202306,C2023Q3T12,VIC1-NSW1,VIC1,2,45050.88
D,RESIDUE_PRICE_OFFER,,1,A202306,C2023Q3T12,VIC1-NSW1,VIC1,2,45500.88
D,RESIDUE_PRICE_OFFER,,1,A202306,C2023Q3T12,VIC1-NSW1,VIC1,2,45950.88
D,RESIDUE_PRICE_OFFER,,1,A202306,C2023Q3T12,VIC1-NSW1,VIC1,2,46400.88
D,RESIDUE_PRICE_OFFER,,1,A202306,C2023Q3T12,VIC1-NSW1,VIC1,2,46850.88
D,RESIDUE_PRICE_OFFER,,1,A202306,C2023Q3T12,VIC1-NSW1,VIC1,2,47300.88
D,RESIDUE_PRICE_OFFER,,1,A202306,C2023Q3T12,VIC1-NSW1,VIC1,2,47750.88
D,RESIDUE_PRICE_OFFER,,1,A202306,C2023Q3T12,VIC1-NSW1,VIC1,2,48200.88
D,RESIDUE_PRICE_OFFER,,1,A202306,C2023Q3T12,VIC1-NSW1,VIC1,2,48650.88
D,RESIDUE_PRICE_OFFER,,1,A202306,C2023Q3T12,VIC1-NSW1,VIC1,2,49100.88
D,RESIDUE_PRICE_OFFER,,1,A202306,C2023Q3T12,VIC1-NSW1,VIC1,2,49550.88
D,RESIDUE_PRICE_OFFER,,1,A202306,C2023Q3T12,VIC1-NSW1,VIC1,2,50000.88
D,RESIDUE_PRICE_OFFER,,1,A202306,C2023Q3T12,VIC1-NSW1,VIC1,3,41618
D,RESIDUE_PRICE_OFFER,,1,A202306,C2023Q3T12,VIC1-NSW1,VIC1,3,44531.26
D,RESIDUE_PRICE_OFFER,,1,A202306,C2023Q3T12,VIC1-NSW1,VIC1,3,47648.4482
D,RESIDUE_PRICE_OFFER,,1,A202306,C2023Q3T12,VIC1-NSW1,VIC1,3,50983.839570
D,RESIDUE_PRICE_OFFER,,1,A202306,C2023Q3T12,VIC1-NSW1,VIC1,3,57611.738720
D,RESIDUE_PRICE_OFFER,,1,A202306,C2023Q3T12,VIC1-NSW1,VIC1,3,65101.264750
D,RESIDUE_PRICE_OFFER,,1,A202306,C2023Q3T12,VIC1-NSW1,VIC1,20,33345
D,RESIDUE_PRICE_OFFER,,1,A202306,C2023Q3T12,VIC1-NSW1,VIC1,125,0
D,RESIDUE_PRICE_OFFER,,1,A202306,C2023Q4T11,NSW1-QLD1,NSW1,2,21744.5625
D,RESIDUE_PRICE_OFFER,,1,A202306,C2023Q4T11,NSW1-QLD1,NSW1,2,28267.931250
D,RESIDUE_PRICE_OFFER,,1,A202306,C2023Q4T11,NSW1-QLD1,NSW1,2,36748.310630
D,RESIDUE_PRICE_OFFER,,1,A202306,C2023Q4T11,NSW1-QLD1,NSW1,2,51447.634880
D,RESIDUE_PRICE_OFFER,,1,A202306,C2023Q4T11,NSW1-QLD1,NSW1,2,72026.688830
D,RESIDUE_PRICE_OFFER,,1,A202306,C2023Q4T11,NSW1-QLD1,NSW1,2,100837.3644
D,RESIDUE_PRICE_OFFER,,1,A202306,C2023Q4T11,NSW1-QLD1,NSW1,10,12420.12
D,RESIDUE_PRICE_OFFER,,1,A202306,C2023Q4T11,NSW1-QLD1,NSW1,45,0
D,RESIDUE_PRICE_OFFER,,1,A202306,C2023Q4T11,NSW1-QLD1,QLD1,1,12117.39
D,RESIDUE_PRICE_OFFER,,1,A202306,C2023Q4T11,NSW1-QLD1,QLD1,1,12234.39
D,RESIDUE_PRICE_OFFER,,1,A202306,C2023Q4T11,NSW1-QLD1,QLD1,1,12351.39
D,RESIDUE_PRICE_OFFER,,1,A202306,C2023Q4T11,NSW1-QLD1,QLD1,1,12468.39
D,RESIDUE_PRICE_OFFER,,1,A202306,C2023Q4T11,NSW1-QLD1,QLD1,1,12585.39
D,RESIDUE_PRICE_OFFER,,1,A202306,C2023Q4T11,NSW1-QLD1,QLD1,1,12702.39
D,RESIDUE_PRICE_OFFER,,1,A202306,C2023Q4T11,NSW1-QLD1,QLD1,1,12819.39
D,RESIDUE_PRICE_OFFER,,1,A202306,C2023Q4T11,NSW1-QLD1,QLD1,1,12936.39
D,RESIDUE_PRICE_OFFER,,1,A202306,C2023Q4T11,NSW1-QLD1,QLD1,1,13053.39
D,RESIDUE_PRICE_OFFER,,1,A202306,C2023Q4T11,NSW1-QLD1,QLD1,1,13170.39
D,RESIDUE_PRICE_OFFER,,1,A202306,C2023Q4T11,NSW1-QLD1,QLD1,1,13287.39
D,RESIDUE_PRICE_OFFER,,1,A202306,C2023Q4T11,NSW1-QLD1,QLD1,1,13404.39
D,RESIDUE_PRICE_OFFER,,1,A202306,C2023Q4T11,NSW1-QLD1,QLD1,1,13521.39
D,RESIDUE_PRICE_OFFER,,1,A202306,C2023Q4T11,NSW1-QLD1,QLD1,1,13638.39
D,RESIDUE_PRICE_OFFER,,1,A202306,C2023Q4T11,NSW1-QLD1,QLD1,1,13755.39
D,RESIDUE_PRICE_OFFER,,1,A202306,C2023Q4T11,NSW1-QLD1,QLD1,1,13872.39
D,RESIDUE_PRICE_OFFER,,1,A202306,C2023Q4T11,NSW1-QLD1,QLD1,1,13989.39
D,RESIDUE_PRICE_OFFER,,1,A202306,C2023Q4T11,NSW1-QLD1,QLD1,3,14586.255250
D,RESIDUE_PRICE_OFFER,,1,A202306,C2023Q4T11,NSW1-QLD1,QLD1,3,17503.5063
D,RESIDUE_PRICE_OFFER,,1,A202306,C2023Q4T11,NSW1-QLD1,QLD1,3,21004.207560
D,RESIDUE_PRICE_OFFER,,1,A202306,C2023Q4T11,NSW1-QLD1,QLD1,5,29405.890590
D,RESIDUE_PRICE_OFFER,,1,A202306,C2023Q4T11,NSW1-QLD1,QLD1,5,41168.246820
D,RESIDUE_PRICE_OFFER,,1,A202306,C2023Q4T11,NSW1-QLD1,QLD1,5,57635.545560
D,RESIDUE_PRICE_OFFER,,1,A202306,C2023Q4T11,NSW1-QLD1,QLD1,15,15500
D,RESIDUE_PRICE_OFFER,,1,A202306,C2023Q4T11,NSW1-QLD1,QLD1,20,18000
D,RESIDUE_PRICE_OFFER,,1,A202306,C2023Q4T11,NSW1-QLD1,QLD1,20,26373
D,RESIDUE_PRICE_OFFER,,1,A202306,C2023Q4T11,NSW1-QLD1,QLD1,100,0
D,RESIDUE_PRICE_OFFER,,1,A202306,C2023Q4T11,V-SA,SA1,1,8000
D,RESIDUE_PRICE_OFFER,,1,A202306,C2023Q4T11,V-SA,SA1,1,8600.12
D,RESIDUE_PRICE_OFFER,,1,A202306,C2023Q4T11,V-SA,SA1,1,8700.12
D,RESIDUE_PRICE_OFFER,,1,A202306,C2023Q4T11,V-SA,SA1,1,8800.12
D,RESIDUE_PRICE_OFFER,,1,A202306,C2023Q4T11,V-SA,SA1,1,8900.12
D,RESIDUE_PRICE_OFFER,,1,A202306,C2023Q4T11,V-SA,SA1,1,9000.12
D,RESIDUE_PRICE_OFFER,,1,A202306,C2023Q4T11,V-SA,SA1,1,9100.12
D,RESIDUE_PRICE_OFFER,,1,A202306,C2023Q4T11,V-SA,SA1,1,9200.12
D,RESIDUE_PRICE_OFFER,,1,A202306,C2023Q4T11,V-SA,SA1,1,9300.12
D,RESIDUE_PRICE_OFFER,,1,A202306,C2023Q4T11,V-SA,SA1,1,9400.12
D,RESIDUE_PRICE_OFFER,,1,A202306,C2023Q4T11,V-SA,SA1,1,9500.12
D,RESIDUE_PRICE_OFFER,,1,A202306,C2023Q4T11,V-SA,SA1,1,9600.12
D,RESIDUE_PRICE_OFFER,,1,A202306,C2023Q4T11,V-SA,SA1,1,9700.12
D,RESIDUE_PRICE_OFFER,,1,A202306,C2023Q4T11,V-SA,SA1,1,9800.12
D,RESIDUE_PRICE_OFFER,,1,A202306,C2023Q4T11,V-SA,SA1,1,9900.12
D,RESIDUE_PRICE_OFFER,,1,A202306,C2023Q4T11,V-SA,SA1,1,10000.12
D,RESIDUE_PRICE_OFFER,,1,A202306,C2023Q4T11,V-SA,SA1,1,10100.12
D,RESIDUE_PRICE_OFFER,,1,A202306,C2023Q4T11,V-SA,SA1,1,10200.12
D,RESIDUE_PRICE_OFFER,,1,A202306,C2023Q4T11,V-SA,SA1,1,10300.12
D,RESIDUE_PRICE_OFFER,,1,A202306,C2023Q4T11,V-SA,SA1,1,10400.12
D,RESIDUE_PRICE_OFFER,,1,A202306,C2023Q4T11,V-SA,SA1,1,10500.12
D,RESIDUE_PRICE_OFFER,,1,A202306,C2023Q4T11,V-SA,SA1,2,9142.86
D,RESIDUE_PRICE_OFFER,,1,A202306,C2023Q4T11,V-SA,SA1,2,10285.709990
D,RESIDUE_PRICE_OFFER,,1,A202306,C2023Q4T11,V-SA,SA1,2,11428.57
D,RESIDUE_PRICE_OFFER,,1,A202306,C2023Q4T11,V-SA,SA1,2,12571.43
D,RESIDUE_PRICE_OFFER,,1,A202306,C2023Q4T11,V-SA,SA1,2,13714.29
D,RESIDUE_PRICE_OFFER,,1,A202306,C2023Q4T11,V-SA,SA1,2,14857.14
D,RESIDUE_PRICE_OFFER,,1,A202306,C2023Q4T11,V-SA,SA1,2,16000
D,RESIDUE_PRICE_OFFER,,1,A202306,C2023Q4T11,V-SA,SA1,3,6369.027330
D,RESIDUE_PRICE_OFFER,,1,A202306,C2023Q4T11,V-SA,SA1,3,6942.239790
D,RESIDUE_PRICE_OFFER,,1,A202306,C2023Q4T11,V-SA,SA1,3,7567.041370
D,RESIDUE_PRICE_OFFER,,1,A202306,C2023Q4T11,V-SA,SA1,3,8248.075090
D,RESIDUE_PRICE_OFFER,,1,A202306,C2023Q4T11,V-SA,SA1,3,8990.401850
D,RESIDUE_PRICE_OFFER,,1,A202306,C2023Q4T11,V-SA,SA1,3,9799.538020
D,RESIDUE_PRICE_OFFER,,1,A202306,C2023Q4T11,V-SA,SA1,5,8732.78
D,RESIDUE_PRICE_OFFER,,1,A202306,C2023Q4T11,V-SA,SA1,5,12650.12
D,RESIDUE_PRICE_OFFER,,1,A202306,C2023Q4T11,V-SA,SA1,5,13300.12
D,RESIDUE_PRICE_OFFER,,1,A202306,C2023Q4T11,V-SA,SA1,5,13950.12
D,RESIDUE_PRICE_OFFER,,1,A202306,C2023Q4T11,V-SA,SA1,5,14600.12
D,RESIDUE_PRICE_OFFER,,1,A202306,C2023Q4T11,V-SA,SA1,5,15250.12
D,RESIDUE_PRICE_OFFER,,1,A202306,C2023Q4T11,V-SA,SA1,5,15900.12
D,RESIDUE_PRICE_OFFER,,1,A202306,C2023Q4T11,V-SA,SA1,5,16550.12
D,RESIDUE_PRICE_OFFER,,1,A202306,C2023Q4T11,V-SA,SA1,5,17200.12
D,RESIDUE_PRICE_OFFER,,1,A202306,C2023Q4T11,V-SA,SA1,5,17850.12
D,RESIDUE_PRICE_OFFER,,1,A202306,C2023Q4T11,V-SA,SA1,5,18500.12
D,RESIDUE_PRICE_OFFER,,1,A202306,C2023Q4T11,V-SA,SA1,64,0
D,RESIDUE_PRICE_OFFER,,1,A202306,C2023Q4T11,V-SA,VIC1,1,14100.10
D,RESIDUE_PRICE_OFFER,,1,A202306,C2023Q4T11,V-SA,VIC1,1,14200.10
D,RESIDUE_PRICE_OFFER,,1,A202306,C2023Q4T11,V-SA,VIC1,1,14300.10
D,RESIDUE_PRICE_OFFER,,1,A202306,C2023Q4T11,V-SA,VIC1,1,14400.10
D,RESIDUE_PRICE_OFFER,,1,A202306,C2023Q4T11,V-SA,VIC1,1,14500.10
D,RESIDUE_PRICE_OFFER,,1,A202306,C2023Q4T11,V-SA,VIC1,1,14600.10
D,RESIDUE_PRICE_OFFER,,1,A202306,C2023Q4T11,V-SA,VIC1,1,14700.10
D,RESIDUE_PRICE_OFFER,,1,A202306,C2023Q4T11,V-SA,VIC1,1,14800.10
D,RESIDUE_PRICE_OFFER,,1,A202306,C2023Q4T11,V-SA,VIC1,1,14900.10
D,RESIDUE_PRICE_OFFER,,1,A202306,C2023Q4T11,V-SA,VIC1,1,15000.10
D,RESIDUE_PRICE_OFFER,,1,A202306,C2023Q4T11,V-SA,VIC1,1,15100.10
D,RESIDUE_PRICE_OFFER,,1,A202306,C2023Q4T11,V-SA,VIC1,1,15200.10
D,RESIDUE_PRICE_OFFER,,1,A202306,C2023Q4T11,V-SA,VIC1,1,15300.10
D,RESIDUE_PRICE_OFFER,,1,A202306,C2023Q4T11,V-SA,VIC1,1,15400.10
D,RESIDUE_PRICE_OFFER,,1,A202306,C2023Q4T11,V-SA,VIC1,1,15500.10
D,RESIDUE_PRICE_OFFER,,1,A202306,C2023Q4T11,V-SA,VIC1,1,15600.10
D,RESIDUE_PRICE_OFFER,,1,A202306,C2023Q4T11,V-SA,VIC1,1,15700.10
D,RESIDUE_PRICE_OFFER,,1,A202306,C2023Q4T11,V-SA,VIC1,1,15800.10
D,RESIDUE_PRICE_OFFER,,1,A202306,C2023Q4T11,V-SA,VIC1,1,15900.10
D,RESIDUE_PRICE_OFFER,,1,A202306,C2023Q4T11,V-SA,VIC1,1,16000.10
D,RESIDUE_PRICE_OFFER,,1,A202306,C2023Q4T11,V-SA,VIC1,2,19442.14
D,RESIDUE_PRICE_OFFER,,1,A202306,C2023Q4T11,V-SA,VIC1,2,21775.1968
D,RESIDUE_PRICE_OFFER,,1,A202306,C2023Q4T11,V-SA,VIC1,2,24388.220420
D,RESIDUE_PRICE_OFFER,,1,A202306,C2023Q4T11,V-SA,VIC1,2,27314.806870
D,RESIDUE_PRICE_OFFER,,1,A202306,C2023Q4T11,V-SA,VIC1,2,30592.583690
D,RESIDUE_PRICE_OFFER,,1,A202306,C2023Q4T11,V-SA,VIC1,2,34263.693730
D,RESIDUE_PRICE_OFFER,,1,A202306,C2023Q4T11,V-SA,VIC1,2,50000
D,RESIDUE_PRICE_OFFER,,1,A202306,C2023Q4T11,V-SA,VIC1,2,75000
D,RESIDUE_PRICE_OFFER,,1,A202306,C2023Q4T11,V-SA,VIC1,2,90000
D,RESIDUE_PRICE_OFFER,,1,A202306,C2023Q4T11,V-SA,VIC1,3,19000.099990
D,RESIDUE_PRICE_OFFER,,1,A202306,C2023Q4T11,V-SA,VIC1,3,20000.099990
D,RESIDUE_PRICE_OFFER,,1,A202306,C2023Q4T11,V-SA,VIC1,3,21000.099990
D,RESIDUE_PRICE_OFFER,,1,A202306,C2023Q4T11,V-SA,VIC1,3,22000.10
D,RESIDUE_PRICE_OFFER,,1,A202306,C2023Q4T11,V-SA,VIC1,3,23000.10
D,RESIDUE_PRICE_OFFER,,1,A202306,C2023Q4T11,V-SA,VIC1,3,24000.10
D,RESIDUE_PRICE_OFFER,,1,A202306,C2023Q4T11,V-SA,VIC1,3,25000.10
D,RESIDUE_PRICE_OFFER,,1,A202306,C2023Q4T11,V-SA,VIC1,3,26000.10
D,RESIDUE_PRICE_OFFER,,1,A202306,C2023Q4T11,V-SA,VIC1,3,27000.10
D,RESIDUE_PRICE_OFFER,,1,A202306,C2023Q4T11,V-SA,VIC1,3,28000.10
D,RESIDUE_PRICE_OFFER,,1,A202306,C2023Q4T11,V-SA,VIC1,5,11500
D,RESIDUE_PRICE_OFFER,,1,A202306,C2023Q4T11,V-SA,VIC1,6,17500
D,RESIDUE_PRICE_OFFER,,1,A202306,C2023Q4T11,V-SA,VIC1,10,14500
D,RESIDUE_PRICE_OFFER,,1,A202306,C2023Q4T11,V-SA,VIC1,10,19890.96
D,RESIDUE_PRICE_OFFER,,1,A202306,C2023Q4T11,V-SA,VIC1,15,100000
D,RESIDUE_PRICE_OFFER,,1,A202306,C2023Q4T11,V-SA,VIC1,40,30000
D,RESIDUE_PRICE_OFFER,,1,A202306,C2023Q4T11,V-SA,VIC1,73,0
D,RESIDUE_PRICE_OFFER,,1,A202306,C2023Q4T11,VIC1-NSW1,NSW1,2,1254.90
D,RESIDUE_PRICE_OFFER,,1,A202306,C2023Q4T11,VIC1-NSW1,NSW1,2,1258.90
D,RESIDUE_PRICE_OFFER,,1,A202306,C2023Q4T11,VIC1-NSW1,NSW1,2,1262.90
D,RESIDUE_PRICE_OFFER,,1,A202306,C2023Q4T11,VIC1-NSW1,NSW1,2,1266.90
D,RESIDUE_PRICE_OFFER,,1,A202306,C2023Q4T11,VIC1-NSW1,NSW1,2,1270.90
D,RESIDUE_PRICE_OFFER,,1,A202306,C2023Q4T11,VIC1-NSW1,NSW1,2,1274.90
D,RESIDUE_PRICE_OFFER,,1,A202306,C2023Q4T11,VIC1-NSW1,NSW1,2,1278.90
D,RESIDUE_PRICE_OFFER,,1,A202306,C2023Q4T11,VIC1-NSW1,NSW1,2,1282.90
D,RESIDUE_PRICE_OFFER,,1,A202306,C2023Q4T11,VIC1-NSW1,NSW1,2,1286.90
D,RESIDUE_PRICE_OFFER,,1,A202306,C2023Q4T11,VIC1-NSW1,NSW1,2,1290.90
D,RESIDUE_PRICE_OFFER,,1,A202306,C2023Q4T11,VIC1-NSW1,NSW1,2,1294.90
D,RESIDUE_PRICE_OFFER,,1,A202306,C2023Q4T11,VIC1-NSW1,NSW1,2,1298.90
D,RESIDUE_PRICE_OFFER,,1,A202306,C2023Q4T11,VIC1-NSW1,NSW1,3,1588.665980
D,RESIDUE_PRICE_OFFER,,1,A202306,C2023Q4T11,VIC1-NSW1,NSW1,3,2224.132370
D,RESIDUE_PRICE_OFFER,,1,A202306,C2023Q4T11,VIC1-NSW1,NSW1,3,3113.785320
D,RESIDUE_PRICE_OFFER,,1,A202306,C2023Q4T11,VIC1-NSW1,NSW1,3,5449.124320
D,RESIDUE_PRICE_OFFER,,1,A202306,C2023Q4T11,VIC1-NSW1,NSW1,3,9535.967570
D,RESIDUE_PRICE_OFFER,,1,A202306,C2023Q4T11,VIC1-NSW1,NSW1,3,16687.943250
D,RESIDUE_PRICE_OFFER,,1,A202306,C2023Q4T11,VIC1-NSW1,NSW1,10,3218.46
D,RESIDUE_PRICE_OFFER,,1,A202306,C2023Q4T11,VIC1-NSW1,NSW1,108,0
D,RESIDUE_PRICE_OFFER,,1,A202306,C2023Q4T11,VIC1-NSW1,VIC1,1,32020.88
D,RESIDUE_PRICE_OFFER,,1,A202306,C2023Q4T11,VIC1-NSW1,VIC1,1,32040.88
D,RESIDUE_PRICE_OFFER,,1,A202306,C2023Q4T11,VIC1-NSW1,VIC1,1,32060.88
D,RESIDUE_PRICE_OFFER,,1,A202306,C2023Q4T11,VIC1-NSW1,VIC1,1,32080.88
D,RESIDUE_PRICE_OFFER,,1,A202306,C2023Q4T11,VIC1-NSW1,VIC1,1,32100.88
D,RESIDUE_PRICE_OFFER,,1,A202306,C2023Q4T11,VIC1-NSW1,VIC1,1,32120.88
D,RESIDUE_PRICE_OFFER,,1,A202306,C2023Q4T11,VIC1-NSW1,VIC1,1,32140.88
D,RESIDUE_PRICE_OFFER,,1,A202306,C2023Q4T11,VIC1-NSW1,VIC1,1,32160.88
D,RESIDUE_PRICE_OFFER,,1,A202306,C2023Q4T11,VIC1-NSW1,VIC1,1,32180.88
D,RESIDUE_PRICE_OFFER,,1,A202306,C2023Q4T11,VIC1-NSW1,VIC1,1,32200.88
D,RESIDUE_PRICE_OFFER,,1,A202306,C2023Q4T11,VIC1-NSW1,VIC1,1,32220.88
D,RESIDUE_PRICE_OFFER,,1,A202306,C2023Q4T11,VIC1-NSW1,VIC1,1,32240.88
D,RESIDUE_PRICE_OFFER,,1,A202306,C2023Q4T11,VIC1-NSW1,VIC1,1,32260.88
D,RESIDUE_PRICE_OFFER,,1,A202306,C2023Q4T11,VIC1-NSW1,VIC1,1,32280.88
D,RESIDUE_PRICE_OFFER,,1,A202306,C2023Q4T11,VIC1-NSW1,VIC1,1,32300.88
D,RESIDUE_PRICE_OFFER,,1,A202306,C2023Q4T11,VIC1-NSW1,VIC1,1,32320.88
D,RESIDUE_PRICE_OFFER,,1,A202306,C2023Q4T11,VIC1-NSW1,VIC1,1,32340.88
D,RESIDUE_PRICE_OFFER,,1,A202306,C2023Q4T11,VIC1-NSW1,VIC1,1,32360.88
D,RESIDUE_PRICE_OFFER,,1,A202306,C2023Q4T11,VIC1-NSW1,VIC1,1,32380.88
D,RESIDUE_PRICE_OFFER,,1,A202306,C2023Q4T11,VIC1-NSW1,VIC1,1,32400.88
D,RESIDUE_PRICE_OFFER,,1,A202306,C2023Q4T11,VIC1-NSW1,VIC1,1,32420.88
D,RESIDUE_PRICE_OFFER,,1,A202306,C2023Q4T11,VIC1-NSW1,VIC1,1,32440.88
D,RESIDUE_PRICE_OFFER,,1,A202306,C2023Q4T11,VIC1-NSW1,VIC1,1,32460.88
D,RESIDUE_PRICE_OFFER,,1,A202306,C2023Q4T11,VIC1-NSW1,VIC1,1,32480.88
D,RESIDUE_PRICE_OFFER,,1,A202306,C2023Q4T11,VIC1-NSW1,VIC1,1,32500.88
D,RESIDUE_PRICE_OFFER,,1,A202306,C2023Q4T11,VIC1-NSW1,VIC1,3,27613.75
D,RESIDUE_PRICE_OFFER,,1,A202306,C2023Q4T11,VIC1-NSW1,VIC1,3,28442.1625
D,RESIDUE_PRICE_OFFER,,1,A202306,C2023Q4T11,VIC1-NSW1,VIC1,3,29295.427380
D,RESIDUE_PRICE_OFFER,,1,A202306,C2023Q4T11,VIC1-NSW1,VIC1,3,30174.2902
D,RESIDUE_PRICE_OFFER,,1,A202306,C2023Q4T11,VIC1-NSW1,VIC1,3,32286.490510
D,RESIDUE_PRICE_OFFER,,1,A202306,C2023Q4T11,VIC1-NSW1,VIC1,3,34546.544850
D,RESIDUE_PRICE_OFFER,,1,A202306,C2023Q4T11,VIC1-NSW1,VIC1,3,34640.879990
D,RESIDUE_PRICE_OFFER,,1,A202306,C2023Q4T11,VIC1-NSW1,VIC1,3,35280.879990
D,RESIDUE_PRICE_OFFER,,1,A202306,C2023Q4T11,VIC1-NSW1,VIC1,3,35920.879990
D,RESIDUE_PRICE_OFFER,,1,A202306,C2023Q4T11,VIC1-NSW1,VIC1,3,36560.879990
D,RESIDUE_PRICE_OFFER,,1,A202306,C2023Q4T11,VIC1-NSW1,VIC1,3,37200.879990
D,RESIDUE_PRICE_OFFER,,1,A202306,C2023Q4T11,VIC1-NSW1,VIC1,3,37840.879990
D,RESIDUE_PRICE_OFFER,,1,A202306,C2023Q4T11,VIC1-NSW1,VIC1,3,38480.879990
D,RESIDUE_PRICE_OFFER,,1,A202306,C2023Q4T11,VIC1-NSW1,VIC1,3,39120.879990
D,RESIDUE_PRICE_OFFER,,1,A202306,C2023Q4T11,VIC1-NSW1,VIC1,3,39760.879990
D,RESIDUE_PRICE_OFFER,,1,A202306,C2023Q4T11,VIC1-NSW1,VIC1,3,40400.879990
D,RESIDUE_PRICE_OFFER,,1,A202306,C2023Q4T11,VIC1-NSW1,VIC1,3,41040.879990
D,RESIDUE_PRICE_OFFER,,1,A202306,C2023Q4T11,VIC1-NSW1,VIC1,3,41680.879990
D,RESIDUE_PRICE_OFFER,,1,A202306,C2023Q4T11,VIC1-NSW1,VIC1,3,42320.879990
D,RESIDUE_PRICE_OFFER,,1,A202306,C2023Q4T11,VIC1-NSW1,VIC1,3,42960.88
D,RESIDUE_PRICE_OFFER,,1,A202306,C2023Q4T11,VIC1-NSW1,VIC1,3,43600.88
D,RESIDUE_PRICE_OFFER,,1,A202306,C2023Q4T11,VIC1-NSW1,VIC1,3,44240.88
D,RESIDUE_PRICE_OFFER,,1,A202306,C2023Q4T11,VIC1-NSW1,VIC1,3,44880.88
D,RESIDUE_PRICE_OFFER,,1,A202306,C2023Q4T11,VIC1-NSW1,VIC1,3,45520.88
D,RESIDUE_PRICE_OFFER,,1,A202306,C2023Q4T11,VIC1-NSW1,VIC1,3,46160.88
D,RESIDUE_PRICE_OFFER,,1,A202306,C2023Q4T11,VIC1-NSW1,VIC1,3,46800.88
D,RESIDUE_PRICE_OFFER,,1,A202306,C2023Q4T11,VIC1-NSW1,VIC1,3,47440.88
D,RESIDUE_PRICE_OFFER,,1,A202306,C2023Q4T11,VIC1-NSW1,VIC1,3,48080.88
D,RESIDUE_PRICE_OFFER,,1,A202306,C2023Q4T11,VIC1-NSW1,VIC1,3,48720.88
D,RESIDUE_PRICE_OFFER,,1,A202306,C2023Q4T11,VIC1-NSW1,VIC1,3,49360.88
D,RESIDUE_PRICE_OFFER,,1,A202306,C2023Q4T11,VIC1-NSW1,VIC1,3,50000.88
D,RESIDUE_PRICE_OFFER,,1,A202306,C2023Q4T11,VIC1-NSW1,VIC1,20,32965
D,RESIDUE_PRICE_OFFER,,1,A202306,C2023Q4T11,VIC1-NSW1,VIC1,30,28072.38
D,RESIDUE_PRICE_OFFER,,1,A202306,C2023Q4T11,VIC1-NSW1,VIC1,49,45000
D,RESIDUE_PRICE_OFFER,,1,A202306,C2023Q4T11,VIC1-NSW1,VIC1,125,0
D,RESIDUE_PRICE_OFFER,,1,A202306,C2024Q1T10,NSW1-QLD1,NSW1,1,24033.03
D,RESIDUE_PRICE_OFFER,,1,A202306,C2024Q1T10,NSW1-QLD1,NSW1,1,24066.03
D,RESIDUE_PRICE_OFFER,,1,A202306,C2024Q1T10,NSW1-QLD1,NSW1,1,24099.03
D,RESIDUE_PRICE_OFFER,,1,A202306,C2024Q1T10,NSW1-QLD1,NSW1,1,24132.03
D,RESIDUE_PRICE_OFFER,,1,A202306,C2024Q1T10,NSW1-QLD1,NSW1,1,24165.03
D,RESIDUE_PRICE_OFFER,,1,A202306,C2024Q1T10,NSW1-QLD1,NSW1,1,24198.03
D,RESIDUE_PRICE_OFFER,,1,A202306,C2024Q1T10,NSW1-QLD1,NSW1,1,24231.03
D,RESIDUE_PRICE_OFFER,,1,A202306,C2024Q1T10,NSW1-QLD1,NSW1,1,24264.03
D,RESIDUE_PRICE_OFFER,,1,A202306,C2024Q1T10,NSW1-QLD1,NSW1,1,24297.03
D,RESIDUE_PRICE_OFFER,,1,A202306,C2024Q1T10,NSW1-QLD1,NSW1,1,24330.03
D,RESIDUE_PRICE_OFFER,,1,A202306,C2024Q1T10,NSW1-QLD1,NSW1,1,24363.03
D,RESIDUE_PRICE_OFFER,,1,A202306,C2024Q1T10,NSW1-QLD1,NSW1,1,24396.03
D,RESIDUE_PRICE_OFFER,,1,A202306,C2024Q1T10,NSW1-QLD1,NSW1,1,24429.03
D,RESIDUE_PRICE_OFFER,,1,A202306,C2024Q1T10,NSW1-QLD1,NSW1,1,24462.03
D,RESIDUE_PRICE_OFFER,,1,A202306,C2024Q1T10,NSW1-QLD1,NSW1,1,24495.03
D,RESIDUE_PRICE_OFFER,,1,A202306,C2024Q1T10,NSW1-QLD1,NSW1,2,26388.75
D,RESIDUE_PRICE_OFFER,,1,A202306,C2024Q1T10,NSW1-QLD1,NSW1,2,34305.3750
D,RESIDUE_PRICE_OFFER,,1,A202306,C2024Q1T10,NSW1-QLD1,NSW1,2,44596.9875
D,RESIDUE_PRICE_OFFER,,1,A202306,C2024Q1T10,NSW1-QLD1,NSW1,2,62435.7825
D,RESIDUE_PRICE_OFFER,,1,A202306,C2024Q1T10,NSW1-QLD1,NSW1,2,87410.0955
D,RESIDUE_PRICE_OFFER,,1,A202306,C2024Q1T10,NSW1-QLD1,NSW1,2,122374.1337
D,RESIDUE_PRICE_OFFER,,1,A202306,C2024Q1T10,NSW1-QLD1,NSW1,45,0
D,RESIDUE_PRICE_OFFER,,1,A202306,C2024Q1T10,NSW1-QLD1,QLD1,1,16120.39
D,RESIDUE_PRICE_OFFER,,1,A202306,C2024Q1T10,NSW1-QLD1,QLD1,1,16240.39
D,RESIDUE_PRICE_OFFER,,1,A202306,C2024Q1T10,NSW1-QLD1,QLD1,1,16360.39
D,RESIDUE_PRICE_OFFER,,1,A202306,C2024Q1T10,NSW1-QLD1,QLD1,1,16480.39
D,RESIDUE_PRICE_OFFER,,1,A202306,C2024Q1T10,NSW1-QLD1,QLD1,1,16600.39
D,RESIDUE_PRICE_OFFER,,1,A202306,C2024Q1T10,NSW1-QLD1,QLD1,1,16720.39
D,RESIDUE_PRICE_OFFER,,1,A202306,C2024Q1T10,NSW1-QLD1,QLD1,1,16840.39
D,RESIDUE_PRICE_OFFER,,1,A202306,C2024Q1T10,NSW1-QLD1,QLD1,1,16960.39
D,RESIDUE_PRICE_OFFER,,1,A202306,C2024Q1T10,NSW1-QLD1,QLD1,1,17080.39
D,RESIDUE_PRICE_OFFER,,1,A202306,C2024Q1T10,NSW1-QLD1,QLD1,1,17200.39
D,RESIDUE_PRICE_OFFER,,1,A202306,C2024Q1T10,NSW1-QLD1,QLD1,1,17320.39
D,RESIDUE_PRICE_OFFER,,1,A202306,C2024Q1T10,NSW1-QLD1,QLD1,1,17440.39
D,RESIDUE_PRICE_OFFER,,1,A202306,C2024Q1T10,NSW1-QLD1,QLD1,1,17560.39
D,RESIDUE_PRICE_OFFER,,1,A202306,C2024Q1T10,NSW1-QLD1,QLD1,1,17680.39
D,RESIDUE_PRICE_OFFER,,1,A202306,C2024Q1T10,NSW1-QLD1,QLD1,1,17800.39
D,RESIDUE_PRICE_OFFER,,1,A202306,C2024Q1T10,NSW1-QLD1,QLD1,1,17920.39
D,RESIDUE_PRICE_OFFER,,1,A202306,C2024Q1T10,NSW1-QLD1,QLD1,1,18040.39
D,RESIDUE_PRICE_OFFER,,1,A202306,C2024Q1T10,NSW1-QLD1,QLD1,1,18160.39
D,RESIDUE_PRICE_OFFER,,1,A202306,C2024Q1T10,NSW1-QLD1,QLD1,1,18280.39
D,RESIDUE_PRICE_OFFER,,1,A202306,C2024Q1T10,NSW1-QLD1,QLD1,1,18400.39
D,RESIDUE_PRICE_OFFER,,1,A202306,C2024Q1T10,NSW1-QLD1,QLD1,1,18520.39
D,RESIDUE_PRICE_OFFER,,1,A202306,C2024Q1T10,NSW1-QLD1,QLD1,1,18640.39
D,RESIDUE_PRICE_OFFER,,1,A202306,C2024Q1T10,NSW1-QLD1,QLD1,1,18760.39
D,RESIDUE_PRICE_OFFER,,1,A202306,C2024Q1T10,NSW1-QLD1,QLD1,1,18880.39
D,RESIDUE_PRICE_OFFER,,1,A202306,C2024Q1T10,NSW1-QLD1,QLD1,1,19000.39
D,RESIDUE_PRICE_OFFER,,1,A202306,C2024Q1T10,NSW1-QLD1,QLD1,2,22800.39
D,RESIDUE_PRICE_OFFER,,1,A202306,C2024Q1T10,NSW1-QLD1,QLD1,2,23600.39
D,RESIDUE_PRICE_OFFER,,1,A202306,C2024Q1T10,NSW1-QLD1,QLD1,2,24400.39
D,RESIDUE_PRICE_OFFER,,1,A202306,C2024Q1T10,NSW1-QLD1,QLD1,2,25200.39
D,RESIDUE_PRICE_OFFER,,1,A202306,C2024Q1T10,NSW1-QLD1,QLD1,2,26000.39
D,RESIDUE_PRICE_OFFER,,1,A202306,C2024Q1T10,NSW1-QLD1,QLD1,2,26800.39
D,RESIDUE_PRICE_OFFER,,1,A202306,C2024Q1T10,NSW1-QLD1,QLD1,2,27600.39
D,RESIDUE_PRICE_OFFER,,1,A202306,C2024Q1T10,NSW1-QLD1,QLD1,2,28400.39
D,RESIDUE_PRICE_OFFER,,1,A202306,C2024Q1T10,NSW1-QLD1,QLD1,2,29200.39
D,RESIDUE_PRICE_OFFER,,1,A202306,C2024Q1T10,NSW1-QLD1,QLD1,2,30000.39
D,RESIDUE_PRICE_OFFER,,1,A202306,C2024Q1T10,NSW1-QLD1,QLD1,3,19265.376090
D,RESIDUE_PRICE_OFFER,,1,A202306,C2024Q1T10,NSW1-QLD1,QLD1,3,23118.4513
D,RESIDUE_PRICE_OFFER,,1,A202306,C2024Q1T10,NSW1-QLD1,QLD1,3,27742.141570
D,RESIDUE_PRICE_OFFER,,1,A202306,C2024Q1T10,NSW1-QLD1,QLD1,5,38838.998190
D,RESIDUE_PRICE_OFFER,,1,A202306,C2024Q1T10,NSW1-QLD1,QLD1,5,54374.597470
D,RESIDUE_PRICE_OFFER,,1,A202306,C2024Q1T10,NSW1-QLD1,QLD1,5,76124.436440
D,RESIDUE_PRICE_OFFER,,1,A202306,C2024Q1T10,NSW1-QLD1,QLD1,13,32000
D,RESIDUE_PRICE_OFFER,,1,A202306,C2024Q1T10,NSW1-QLD1,QLD1,20,20625
D,RESIDUE_PRICE_OFFER,,1,A202306,C2024Q1T10,NSW1-QLD1,QLD1,100,0
D,RESIDUE_PRICE_OFFER,,1,A202306,C2024Q1T10,V-SA,SA1,3,6796.7965
D,RESIDUE_PRICE_OFFER,,1,A202306,C2024Q1T10,V-SA,SA1,3,7408.508180
D,RESIDUE_PRICE_OFFER,,1,A202306,C2024Q1T10,V-SA,SA1,3,8075.273920
D,RESIDUE_PRICE_OFFER,,1,A202306,C2024Q1T10,V-SA,SA1,3,8802.048570
D,RESIDUE_PRICE_OFFER,,1,A202306,C2024Q1T10,V-SA,SA1,3,9594.232940
D,RESIDUE_PRICE_OFFER,,1,A202306,C2024Q1T10,V-SA,SA1,3,10457.713910
D,RESIDUE_PRICE_OFFER,,1,A202306,C2024Q1T10,V-SA,SA1,64,0
D,RESIDUE_PRICE_OFFER,,1,A202306,C2024Q1T10,V-SA,VIC1,2,35000
D,RESIDUE_PRICE_OFFER,,1,A202306,C2024Q1T10,V-SA,VIC1,2,35500.10
D,RESIDUE_PRICE_OFFER,,1,A202306,C2024Q1T10,V-SA,VIC1,2,36000.10
D,RESIDUE_PRICE_OFFER,,1,A202306,C2024Q1T10,V-SA,VIC1,2,36500.10
D,RESIDUE_PRICE_OFFER,,1,A202306,C2024Q1T10,V-SA,VIC1,2,37000.10
D,RESIDUE_PRICE_OFFER,,1,A202306,C2024Q1T10,V-SA,VIC1,2,37500.10
D,RESIDUE_PRICE_OFFER,,1,A202306,C2024Q1T10,V-SA,VIC1,2,38000.10
D,RESIDUE_PRICE_OFFER,,1,A202306,C2024Q1T10,V-SA,VIC1,2,38500.10
D,RESIDUE_PRICE_OFFER,,1,A202306,C2024Q1T10,V-SA,VIC1,2,39000.10
D,RESIDUE_PRICE_OFFER,,1,A202306,C2024Q1T10,V-SA,VIC1,2,39133.235990
D,RESIDUE_PRICE_OFFER,,1,A202306,C2024Q1T10,V-SA,VIC1,2,39500.10
D,RESIDUE_PRICE_OFFER,,1,A202306,C2024Q1T10,V-SA,VIC1,2,40000.10
D,RESIDUE_PRICE_OFFER,,1,A202306,C2024Q1T10,V-SA,VIC1,2,43829.224320
D,RESIDUE_PRICE_OFFER,,1,A202306,C2024Q1T10,V-SA,VIC1,2,49088.731240
D,RESIDUE_PRICE_OFFER,,1,A202306,C2024Q1T10,V-SA,VIC1,2,54979.378990
D,RESIDUE_PRICE_OFFER,,1,A202306,C2024Q1T10,V-SA,VIC1,2,61576.904470
D,RESIDUE_PRICE_OFFER,,1,A202306,C2024Q1T10,V-SA,VIC1,2,68966.1330
D,RESIDUE_PRICE_OFFER,,1,A202306,C2024Q1T10,V-SA,VIC1,3,46000.10
D,RESIDUE_PRICE_OFFER,,1,A202306,C2024Q1T10,V-SA,VIC1,3,47000.10
D,RESIDUE_PRICE_OFFER,,1,A202306,C2024Q1T10,V-SA,VIC1,3,48000.10
D,RESIDUE_PRICE_OFFER,,1,A202306,C2024Q1T10,V-SA,VIC1,3,49000.10
D,RESIDUE_PRICE_OFFER,,1,A202306,C2024Q1T10,V-SA,VIC1,3,50000.10
D,RESIDUE_PRICE_OFFER,,1,A202306,C2024Q1T10,V-SA,VIC1,3,51000.10
D,RESIDUE_PRICE_OFFER,,1,A202306,C2024Q1T10,V-SA,VIC1,3,52000.10
D,RESIDUE_PRICE_OFFER,,1,A202306,C2024Q1T10,V-SA,VIC1,3,53000.10
D,RESIDUE_PRICE_OFFER,,1,A202306,C2024Q1T10,V-SA,VIC1,3,54000.10
D,RESIDUE_PRICE_OFFER,,1,A202306,C2024Q1T10,V-SA,VIC1,3,55000.10
D,RESIDUE_PRICE_OFFER,,1,A202306,C2024Q1T10,V-SA,VIC1,5,30000
D,RESIDUE_PRICE_OFFER,,1,A202306,C2024Q1T10,V-SA,VIC1,5,40000
D,RESIDUE_PRICE_OFFER,,1,A202306,C2024Q1T10,V-SA,VIC1,5,75000
D,RESIDUE_PRICE_OFFER,,1,A202306,C2024Q1T10,V-SA,VIC1,5,100000
D,RESIDUE_PRICE_OFFER,,1,A202306,C2024Q1T10,V-SA,VIC1,7,65000
D,RESIDUE_PRICE_OFFER,,1,A202306,C2024Q1T10,V-SA,VIC1,8,50000
D,RESIDUE_PRICE_OFFER,,1,A202306,C2024Q1T10,V-SA,VIC1,73,0
D,RESIDUE_PRICE_OFFER,,1,A202306,C2024Q1T10,VIC1-NSW1,NSW1,2,5590.90
D,RESIDUE_PRICE_OFFER,,1,A202306,C2024Q1T10,VIC1-NSW1,NSW1,2,5680.90
D,RESIDUE_PRICE_OFFER,,1,A202306,C2024Q1T10,VIC1-NSW1,NSW1,2,5770.90
D,RESIDUE_PRICE_OFFER,,1,A202306,C2024Q1T10,VIC1-NSW1,NSW1,2,5860.90
D,RESIDUE_PRICE_OFFER,,1,A202306,C2024Q1T10,VIC1-NSW1,NSW1,2,5950.90
D,RESIDUE_PRICE_OFFER,,1,A202306,C2024Q1T10,VIC1-NSW1,NSW1,2,6040.90
D,RESIDUE_PRICE_OFFER,,1,A202306,C2024Q1T10,VIC1-NSW1,NSW1,2,6130.90
D,RESIDUE_PRICE_OFFER,,1,A202306,C2024Q1T10,VIC1-NSW1,NSW1,2,6220.90
D,RESIDUE_PRICE_OFFER,,1,A202306,C2024Q1T10,VIC1-NSW1,NSW1,2,6310.90
D,RESIDUE_PRICE_OFFER,,1,A202306,C2024Q1T10,VIC1-NSW1,NSW1,2,6400.90
D,RESIDUE_PRICE_OFFER,,1,A202306,C2024Q1T10,VIC1-NSW1,NSW1,2,6490.90
D,RESIDUE_PRICE_OFFER,,1,A202306,C2024Q1T10,VIC1-NSW1,NSW1,3,5911.849550
D,RESIDUE_PRICE_OFFER,,1,A202306,C2024Q1T10,VIC1-NSW1,NSW1,3,8276.589380
D,RESIDUE_PRICE_OFFER,,1,A202306,C2024Q1T10,VIC1-NSW1,NSW1,3,11587.225130
D,RESIDUE_PRICE_OFFER,,1,A202306,C2024Q1T10,VIC1-NSW1,NSW1,3,20277.643980
D,RESIDUE_PRICE_OFFER,,1,A202306,C2024Q1T10,VIC1-NSW1,NSW1,3,35485.876960
D,RESIDUE_PRICE_OFFER,,1,A202306,C2024Q1T10,VIC1-NSW1,NSW1,3,62100.2847
D,RESIDUE_PRICE_OFFER,,1,A202306,C2024Q1T10,VIC1-NSW1,NSW1,108,0
D,RESIDUE_PRICE_OFFER,,1,A202306,C2024Q1T10,VIC1-NSW1,VIC1,1,32020.88
D,RESIDUE_PRICE_OFFER,,1,A202306,C2024Q1T10,VIC1-NSW1,VIC1,1,32040.88
D,RESIDUE_PRICE_OFFER,,1,A202306,C2024Q1T10,VIC1-NSW1,VIC1,1,32060.88
D,RESIDUE_PRICE_OFFER,,1,A202306,C2024Q1T10,VIC1-NSW1,VIC1,1,32080.88
D,RESIDUE_PRICE_OFFER,,1,A202306,C2024Q1T10,VIC1-NSW1,VIC1,1,32100.88
D,RESIDUE_PRICE_OFFER,,1,A202306,C2024Q1T10,VIC1-NSW1,VIC1,1,32120.88
D,RESIDUE_PRICE_OFFER,,1,A202306,C2024Q1T10,VIC1-NSW1,VIC1,1,32140.88
D,RESIDUE_PRICE_OFFER,,1,A202306,C2024Q1T10,VIC1-NSW1,VIC1,1,32160.88
D,RESIDUE_PRICE_OFFER,,1,A202306,C2024Q1T10,VIC1-NSW1,VIC1,1,32180.88
D,RESIDUE_PRICE_OFFER,,1,A202306,C2024Q1T10,VIC1-NSW1,VIC1,1,32200.88
D,RESIDUE_PRICE_OFFER,,1,A202306,C2024Q1T10,VIC1-NSW1,VIC1,1,32220.88
D,RESIDUE_PRICE_OFFER,,1,A202306,C2024Q1T10,VIC1-NSW1,VIC1,1,32240.88
D,RESIDUE_PRICE_OFFER,,1,A202306,C2024Q1T10,VIC1-NSW1,VIC1,1,32260.88
D,RESIDUE_PRICE_OFFER,,1,A202306,C2024Q1T10,VIC1-NSW1,VIC1,1,32280.88
D,RESIDUE_PRICE_OFFER,,1,A202306,C2024Q1T10,VIC1-NSW1,VIC1,1,32300.88
D,RESIDUE_PRICE_OFFER,,1,A202306,C2024Q1T10,VIC1-NSW1,VIC1,1,32320.88
D,RESIDUE_PRICE_OFFER,,1,A202306,C2024Q1T10,VIC1-NSW1,VIC1,1,32340.88
D,RESIDUE_PRICE_OFFER,,1,A202306,C2024Q1T10,VIC1-NSW1,VIC1,1,32360.88
D,RESIDUE_PRICE_OFFER,,1,A202306,C2024Q1T10,VIC1-NSW1,VIC1,1,32380.88
D,RESIDUE_PRICE_OFFER,,1,A202306,C2024Q1T10,VIC1-NSW1,VIC1,1,32400.88
D,RESIDUE_PRICE_OFFER,,1,A202306,C2024Q1T10,VIC1-NSW1,VIC1,1,32420.88
D,RESIDUE_PRICE_OFFER,,1,A202306,C2024Q1T10,VIC1-NSW1,VIC1,1,32440.88
D,RESIDUE_PRICE_OFFER,,1,A202306,C2024Q1T10,VIC1-NSW1,VIC1,1,32460.88
D,RESIDUE_PRICE_OFFER,,1,A202306,C2024Q1T10,VIC1-NSW1,VIC1,1,32480.88
D,RESIDUE_PRICE_OFFER,,1,A202306,C2024Q1T10,VIC1-NSW1,VIC1,1,32500.88
D,RESIDUE_PRICE_OFFER,,1,A202306,C2024Q1T10,VIC1-NSW1,VIC1,2,34800.879990
D,RESIDUE_PRICE_OFFER,,1,A202306,C2024Q1T10,VIC1-NSW1,VIC1,2,35600.879990
D,RESIDUE_PRICE_OFFER,,1,A202306,C2024Q1T10,VIC1-NSW1,VIC1,2,36400.879990
D,RESIDUE_PRICE_OFFER,,1,A202306,C2024Q1T10,VIC1-NSW1,VIC1,2,37200.879990
D,RESIDUE_PRICE_OFFER,,1,A202306,C2024Q1T10,VIC1-NSW1,VIC1,2,38000.879990
D,RESIDUE_PRICE_OFFER,,1,A202306,C2024Q1T10,VIC1-NSW1,VIC1,2,38800.879990
D,RESIDUE_PRICE_OFFER,,1,A202306,C2024Q1T10,VIC1-NSW1,VIC1,2,39600.879990
D,RESIDUE_PRICE_OFFER,,1,A202306,C2024Q1T10,VIC1-NSW1,VIC1,2,40400.879990
D,RESIDUE_PRICE_OFFER,,1,A202306,C2024Q1T10,VIC1-NSW1,VIC1,2,41200.879990
D,RESIDUE_PRICE_OFFER,,1,A202306,C2024Q1T10,VIC1-NSW1,VIC1,2,42000.879990
D,RESIDUE_PRICE_OFFER,,1,A202306,C2024Q1T10,VIC1-NSW1,VIC1,2,42800.879990
D,RESIDUE_PRICE_OFFER,,1,A202306,C2024Q1T10,VIC1-NSW1,VIC1,2,43600.88
D,RESIDUE_PRICE_OFFER,,1,A202306,C2024Q1T10,VIC1-NSW1,VIC1,2,44400.88
D,RESIDUE_PRICE_OFFER,,1,A202306,C2024Q1T10,VIC1-NSW1,VIC1,2,45200.88
D,RESIDUE_PRICE_OFFER,,1,A202306,C2024Q1T10,VIC1-NSW1,VIC1,2,46000.88
D,RESIDUE_PRICE_OFFER,,1,A202306,C2024Q1T10,VIC1-NSW1,VIC1,2,46800.88
D,RESIDUE_PRICE_OFFER,,1,A202306,C2024Q1T10,VIC1-NSW1,VIC1,2,47600.88
D,RESIDUE_PRICE_OFFER,,1,A202306,C2024Q1T10,VIC1-NSW1,VIC1,2,48400.88
D,RESIDUE_PRICE_OFFER,,1,A202306,C2024Q1T10,VIC1-NSW1,VIC1,2,49200.88
D,RESIDUE_PRICE_OFFER,,1,A202306,C2024Q1T10,VIC1-NSW1,VIC1,2,50000.88
D,RESIDUE_PRICE_OFFER,,1,A202306,C2024Q1T10,VIC1-NSW1,VIC1,3,27613.75
D,RESIDUE_PRICE_OFFER,,1,A202306,C2024Q1T10,VIC1-NSW1,VIC1,3,28442.1625
D,RESIDUE_PRICE_OFFER,,1,A202306,C2024Q1T10,VIC1-NSW1,VIC1,3,29295.427380
D,RESIDUE_PRICE_OFFER,,1,A202306,C2024Q1T10,VIC1-NSW1,VIC1,3,30174.2902
D,RESIDUE_PRICE_OFFER,,1,A202306,C2024Q1T10,VIC1-NSW1,VIC1,3,32286.490510
D,RESIDUE_PRICE_OFFER,,1,A202306,C2024Q1T10,VIC1-NSW1,VIC1,3,34546.544850
D,RESIDUE_PRICE_OFFER,,1,A202306,C2024Q1T10,VIC1-NSW1,VIC1,20,42560
D,RESIDUE_PRICE_OFFER,,1,A202306,C2024Q1T10,VIC1-NSW1,VIC1,25,45000
D,RESIDUE_PRICE_OFFER,,1,A202306,C2024Q1T10,VIC1-NSW1,VIC1,125,0
D,RESIDUE_PRICE_OFFER,,1,A202306,C2024Q2T09,NSW1-QLD1,NSW1,3,3194.48
D,RESIDUE_PRICE_OFFER,,1,A202306,C2024Q2T09,NSW1-QLD1,NSW1,3,4152.83
D,RESIDUE_PRICE_OFFER,,1,A202306,C2024Q2T09,NSW1-QLD1,NSW1,3,5398.68
D,RESIDUE_PRICE_OFFER,,1,A202306,C2024Q2T09,NSW1-QLD1,NSW1,3,9447.69
D,RESIDUE_PRICE_OFFER,,1,A202306,C2024Q2T09,NSW1-QLD1,NSW1,3,16533.45
D,RESIDUE_PRICE_OFFER,,1,A202306,C2024Q2T09,NSW1-QLD1,NSW1,3,28933.54
D,RESIDUE_PRICE_OFFER,,1,A202306,C2024Q2T09,NSW1-QLD1,NSW1,45,0
D,RESIDUE_PRICE_OFFER,,1,A202306,C2024Q2T09,NSW1-QLD1,QLD1,1,28040.39
D,RESIDUE_PRICE_OFFER,,1,A202306,C2024Q2T09,NSW1-QLD1,QLD1,1,28080.39
D,RESIDUE_PRICE_OFFER,,1,A202306,C2024Q2T09,NSW1-QLD1,QLD1,1,28120.39
D,RESIDUE_PRICE_OFFER,,1,A202306,C2024Q2T09,NSW1-QLD1,QLD1,1,28160.39
D,RESIDUE_PRICE_OFFER,,1,A202306,C2024Q2T09,NSW1-QLD1,QLD1,1,28200.39
D,RESIDUE_PRICE_OFFER,,1,A202306,C2024Q2T09,NSW1-QLD1,QLD1,1,28240.39
D,RESIDUE_PRICE_OFFER,,1,A202306,C2024Q2T09,NSW1-QLD1,QLD1,1,28280.39
D,RESIDUE_PRICE_OFFER,,1,A202306,C2024Q2T09,NSW1-QLD1,QLD1,1,28320.39
D,RESIDUE_PRICE_OFFER,,1,A202306,C2024Q2T09,NSW1-QLD1,QLD1,1,28360.39
D,RESIDUE_PRICE_OFFER,,1,A202306,C2024Q2T09,NSW1-QLD1,QLD1,1,28400.39
D,RESIDUE_PRICE_OFFER,,1,A202306,C2024Q2T09,NSW1-QLD1,QLD1,1,28440.39
D,RESIDUE_PRICE_OFFER,,1,A202306,C2024Q2T09,NSW1-QLD1,QLD1,1,28480.39
D,RESIDUE_PRICE_OFFER,,1,A202306,C2024Q2T09,NSW1-QLD1,QLD1,1,28520.39
D,RESIDUE_PRICE_OFFER,,1,A202306,C2024Q2T09,NSW1-QLD1,QLD1,1,28560.39
D,RESIDUE_PRICE_OFFER,,1,A202306,C2024Q2T09,NSW1-QLD1,QLD1,1,28600.39
D,RESIDUE_PRICE_OFFER,,1,A202306,C2024Q2T09,NSW1-QLD1,QLD1,1,28640.39
D,RESIDUE_PRICE_OFFER,,1,A202306,C2024Q2T09,NSW1-QLD1,QLD1,1,28680.39
D,RESIDUE_PRICE_OFFER,,1,A202306,C2024Q2T09,NSW1-QLD1,QLD1,1,28720.39
D,RESIDUE_PRICE_OFFER,,1,A202306,C2024Q2T09,NSW1-QLD1,QLD1,1,28760.39
D,RESIDUE_PRICE_OFFER,,1,A202306,C2024Q2T09,NSW1-QLD1,QLD1,1,28800.39
D,RESIDUE_PRICE_OFFER,,1,A202306,C2024Q2T09,NSW1-QLD1,QLD1,1,28840.39
D,RESIDUE_PRICE_OFFER,,1,A202306,C2024Q2T09,NSW1-QLD1,QLD1,1,28880.39
D,RESIDUE_PRICE_OFFER,,1,A202306,C2024Q2T09,NSW1-QLD1,QLD1,1,28920.39
D,RESIDUE_PRICE_OFFER,,1,A202306,C2024Q2T09,NSW1-QLD1,QLD1,1,28960.39
D,RESIDUE_PRICE_OFFER,,1,A202306,C2024Q2T09,NSW1-QLD1,QLD1,1,29000.39
D,RESIDUE_PRICE_OFFER,,1,A202306,C2024Q2T09,NSW1-QLD1,QLD1,2,30800.39
D,RESIDUE_PRICE_OFFER,,1,A202306,C2024Q2T09,NSW1-QLD1,QLD1,2,31600.39
D,RESIDUE_PRICE_OFFER,,1,A202306,C2024Q2T09,NSW1-QLD1,QLD1,2,32400.39
D,RESIDUE_PRICE_OFFER,,1,A202306,C2024Q2T09,NSW1-QLD1,QLD1,2,33200.39
D,RESIDUE_PRICE_OFFER,,1,A202306,C2024Q2T09,NSW1-QLD1,QLD1,2,34000.39
D,RESIDUE_PRICE_OFFER,,1,A202306,C2024Q2T09,NSW1-QLD1,QLD1,2,34800.39
D,RESIDUE_PRICE_OFFER,,1,A202306,C2024Q2T09,NSW1-QLD1,QLD1,2,35600.39
D,RESIDUE_PRICE_OFFER,,1,A202306,C2024Q2T09,NSW1-QLD1,QLD1,2,36400.39
D,RESIDUE_PRICE_OFFER,,1,A202306,C2024Q2T09,NSW1-QLD1,QLD1,2,37200.39
D,RESIDUE_PRICE_OFFER,,1,A202306,C2024Q2T09,NSW1-QLD1,QLD1,2,38000.39
D,RESIDUE_PRICE_OFFER,,1,A202306,C2024Q2T09,NSW1-QLD1,QLD1,2,47243.20
D,RESIDUE_PRICE_OFFER,,1,A202306,C2024Q2T09,NSW1-QLD1,QLD1,2,56691.84
D,RESIDUE_PRICE_OFFER,,1,A202306,C2024Q2T09,NSW1-QLD1,QLD1,2,68030.2080
D,RESIDUE_PRICE_OFFER,,1,A202306,C2024Q2T09,NSW1-QLD1,QLD1,2,81636.2496
D,RESIDUE_PRICE_OFFER,,1,A202306,C2024Q2T09,NSW1-QLD1,QLD1,2,97963.499520
D,RESIDUE_PRICE_OFFER,,1,A202306,C2024Q2T09,NSW1-QLD1,QLD1,2,117556.1994
D,RESIDUE_PRICE_OFFER,,1,A202306,C2024Q2T09,NSW1-QLD1,QLD1,10,29988
D,RESIDUE_PRICE_OFFER,,1,A202306,C2024Q2T09,NSW1-QLD1,QLD1,20,34875
D,RESIDUE_PRICE_OFFER,,1,A202306,C2024Q2T09,NSW1-QLD1,QLD1,100,0
D,RESIDUE_PRICE_OFFER,,1,A202306,C2024Q2T09,V-SA,SA1,1,5074.12
D,RESIDUE_PRICE_OFFER,,1,A202306,C2024Q2T09,V-SA,SA1,1,5148.12
D,RESIDUE_PRICE_OFFER,,1,A202306,C2024Q2T09,V-SA,SA1,1,5222.12
D,RESIDUE_PRICE_OFFER,,1,A202306,C2024Q2T09,V-SA,SA1,1,5296.12
D,RESIDUE_PRICE_OFFER,,1,A202306,C2024Q2T09,V-SA,SA1,1,5370.12
D,RESIDUE_PRICE_OFFER,,1,A202306,C2024Q2T09,V-SA,SA1,1,5444.12
D,RESIDUE_PRICE_OFFER,,1,A202306,C2024Q2T09,V-SA,SA1,1,5518.12
D,RESIDUE_PRICE_OFFER,,1,A202306,C2024Q2T09,V-SA,SA1,1,5592.12
D,RESIDUE_PRICE_OFFER,,1,A202306,C2024Q2T09,V-SA,SA1,1,5666.12
D,RESIDUE_PRICE_OFFER,,1,A202306,C2024Q2T09,V-SA,SA1,1,5740.12
D,RESIDUE_PRICE_OFFER,,1,A202306,C2024Q2T09,V-SA,SA1,1,5814.12
D,RESIDUE_PRICE_OFFER,,1,A202306,C2024Q2T09,V-SA,SA1,1,5888.12
D,RESIDUE_PRICE_OFFER,,1,A202306,C2024Q2T09,V-SA,SA1,1,5962.12
D,RESIDUE_PRICE_OFFER,,1,A202306,C2024Q2T09,V-SA,SA1,1,6036.12
D,RESIDUE_PRICE_OFFER,,1,A202306,C2024Q2T09,V-SA,SA1,1,6110.12
D,RESIDUE_PRICE_OFFER,,1,A202306,C2024Q2T09,V-SA,SA1,1,6184.12
D,RESIDUE_PRICE_OFFER,,1,A202306,C2024Q2T09,V-SA,SA1,1,6258.12
D,RESIDUE_PRICE_OFFER,,1,A202306,C2024Q2T09,V-SA,SA1,1,6332.12
D,RESIDUE_PRICE_OFFER,,1,A202306,C2024Q2T09,V-SA,SA1,1,6406.12
D,RESIDUE_PRICE_OFFER,,1,A202306,C2024Q2T09,V-SA,SA1,1,6480.12
D,RESIDUE_PRICE_OFFER,,1,A202306,C2024Q2T09,V-SA,SA1,1,6554.12
D,RESIDUE_PRICE_OFFER,,1,A202306,C2024Q2T09,V-SA,SA1,1,6628.12
D,RESIDUE_PRICE_OFFER,,1,A202306,C2024Q2T09,V-SA,SA1,1,6702.12
D,RESIDUE_PRICE_OFFER,,1,A202306,C2024Q2T09,V-SA,SA1,1,6776.12
D,RESIDUE_PRICE_OFFER,,1,A202306,C2024Q2T09,V-SA,SA1,1,6850.12
D,RESIDUE_PRICE_OFFER,,1,A202306,C2024Q2T09,V-SA,SA1,1,6924.12
D,RESIDUE_PRICE_OFFER,,1,A202306,C2024Q2T09,V-SA,SA1,1,6998.12
D,RESIDUE_PRICE_OFFER,,1,A202306,C2024Q2T09,V-SA,SA1,2,8000
D,RESIDUE_PRICE_OFFER,,1,A202306,C2024Q2T09,V-SA,SA1,2,8888.89
D,RESIDUE_PRICE_OFFER,,1,A202306,C2024Q2T09,V-SA,SA1,2,9777.78
D,RESIDUE_PRICE_OFFER,,1,A202306,C2024Q2T09,V-SA,SA1,2,10666.67
D,RESIDUE_PRICE_OFFER,,1,A202306,C2024Q2T09,V-SA,SA1,2,11555.56
D,RESIDUE_PRICE_OFFER,,1,A202306,C2024Q2T09,V-SA,SA1,2,12444.44
D,RESIDUE_PRICE_OFFER,,1,A202306,C2024Q2T09,V-SA,SA1,2,13333.33
D,RESIDUE_PRICE_OFFER,,1,A202306,C2024Q2T09,V-SA,SA1,2,14222.22
D,RESIDUE_PRICE_OFFER,,1,A202306,C2024Q2T09,V-SA,SA1,2,15111.11
D,RESIDUE_PRICE_OFFER,,1,A202306,C2024Q2T09,V-SA,SA1,2,16000
D,RESIDUE_PRICE_OFFER,,1,A202306,C2024Q2T09,V-SA,SA1,3,6159.20
D,RESIDUE_PRICE_OFFER,,1,A202306,C2024Q2T09,V-SA,SA1,3,6713.5280
D,RESIDUE_PRICE_OFFER,,1,A202306,C2024Q2T09,V-SA,SA1,3,7317.745520
D,RESIDUE_PRICE_OFFER,,1,A202306,C2024Q2T09,V-SA,SA1,3,7976.342610
D,RESIDUE_PRICE_OFFER,,1,A202306,C2024Q2T09,V-SA,SA1,3,8694.213450
D,RESIDUE_PRICE_OFFER,,1,A202306,C2024Q2T09,V-SA,SA1,3,9476.692660
D,RESIDUE_PRICE_OFFER,,1,A202306,C2024Q2T09,V-SA,SA1,64,0
D,RESIDUE_PRICE_OFFER,,1,A202306,C2024Q2T09,V-SA,VIC1,1,18566.099990
D,RESIDUE_PRICE_OFFER,,1,A202306,C2024Q2T09,V-SA,VIC1,1,18632.099990
D,RESIDUE_PRICE_OFFER,,1,A202306,C2024Q2T09,V-SA,VIC1,1,18698.099990
D,RESIDUE_PRICE_OFFER,,1,A202306,C2024Q2T09,V-SA,VIC1,1,18764.099990
D,RESIDUE_PRICE_OFFER,,1,A202306,C2024Q2T09,V-SA,VIC1,1,18830.099990
D,RESIDUE_PRICE_OFFER,,1,A202306,C2024Q2T09,V-SA,VIC1,1,18896.099990
D,RESIDUE_PRICE_OFFER,,1,A202306,C2024Q2T09,V-SA,VIC1,1,18962.099990
D,RESIDUE_PRICE_OFFER,,1,A202306,C2024Q2T09,V-SA,VIC1,1,19028.099990
D,RESIDUE_PRICE_OFFER,,1,A202306,C2024Q2T09,V-SA,VIC1,1,19094.099990
D,RESIDUE_PRICE_OFFER,,1,A202306,C2024Q2T09,V-SA,VIC1,1,19160.099990
D,RESIDUE_PRICE_OFFER,,1,A202306,C2024Q2T09,V-SA,VIC1,1,19226.099990
D,RESIDUE_PRICE_OFFER,,1,A202306,C2024Q2T09,V-SA,VIC1,1,19292.099990
D,RESIDUE_PRICE_OFFER,,1,A202306,C2024Q2T09,V-SA,VIC1,1,19358.099990
D,RESIDUE_PRICE_OFFER,,1,A202306,C2024Q2T09,V-SA,VIC1,1,19424.099990
D,RESIDUE_PRICE_OFFER,,1,A202306,C2024Q2T09,V-SA,VIC1,1,19490.099990
D,RESIDUE_PRICE_OFFER,,1,A202306,C2024Q2T09,V-SA,VIC1,2,19696.72
D,RESIDUE_PRICE_OFFER,,1,A202306,C2024Q2T09,V-SA,VIC1,2,22060.3264
D,RESIDUE_PRICE_OFFER,,1,A202306,C2024Q2T09,V-SA,VIC1,2,24707.565570
D,RESIDUE_PRICE_OFFER,,1,A202306,C2024Q2T09,V-SA,VIC1,2,27672.473440
D,RESIDUE_PRICE_OFFER,,1,A202306,C2024Q2T09,V-SA,VIC1,2,30993.170250
D,RESIDUE_PRICE_OFFER,,1,A202306,C2024Q2T09,V-SA,VIC1,2,34712.350680
D,RESIDUE_PRICE_OFFER,,1,A202306,C2024Q2T09,V-SA,VIC1,3,21000.099990
D,RESIDUE_PRICE_OFFER,,1,A202306,C2024Q2T09,V-SA,VIC1,3,22000.10
D,RESIDUE_PRICE_OFFER,,1,A202306,C2024Q2T09,V-SA,VIC1,3,23000.10
D,RESIDUE_PRICE_OFFER,,1,A202306,C2024Q2T09,V-SA,VIC1,3,24000.10
D,RESIDUE_PRICE_OFFER,,1,A202306,C2024Q2T09,V-SA,VIC1,3,25000.10
D,RESIDUE_PRICE_OFFER,,1,A202306,C2024Q2T09,V-SA,VIC1,3,26000.10
D,RESIDUE_PRICE_OFFER,,1,A202306,C2024Q2T09,V-SA,VIC1,3,27000.10
D,RESIDUE_PRICE_OFFER,,1,A202306,C2024Q2T09,V-SA,VIC1,3,28000.10
D,RESIDUE_PRICE_OFFER,,1,A202306,C2024Q2T09,V-SA,VIC1,3,29000.10
D,RESIDUE_PRICE_OFFER,,1,A202306,C2024Q2T09,V-SA,VIC1,3,30000.10
D,RESIDUE_PRICE_OFFER,,1,A202306,C2024Q2T09,V-SA,VIC1,5,40000
D,RESIDUE_PRICE_OFFER,,1,A202306,C2024Q2T09,V-SA,VIC1,5,50000
D,RESIDUE_PRICE_OFFER,,1,A202306,C2024Q2T09,V-SA,VIC1,10,22000
D,RESIDUE_PRICE_OFFER,,1,A202306,C2024Q2T09,V-SA,VIC1,10,25000
D,RESIDUE_PRICE_OFFER,,1,A202306,C2024Q2T09,V-SA,VIC1,10,30000
D,RESIDUE_PRICE_OFFER,,1,A202306,C2024Q2T09,V-SA,VIC1,10,35000
D,RESIDUE_PRICE_OFFER,,1,A202306,C2024Q2T09,V-SA,VIC1,73,0
D,RESIDUE_PRICE_OFFER,,1,A202306,C2024Q2T09,VIC1-NSW1,NSW1,2,2374.80
D,RESIDUE_PRICE_OFFER,,1,A202306,C2024Q2T09,VIC1-NSW1,NSW1,2,2607.90
D,RESIDUE_PRICE_OFFER,,1,A202306,C2024Q2T09,VIC1-NSW1,NSW1,2,2714.90
D,RESIDUE_PRICE_OFFER,,1,A202306,C2024Q2T09,VIC1-NSW1,NSW1,2,2821.90
D,RESIDUE_PRICE_OFFER,,1,A202306,C2024Q2T09,VIC1-NSW1,NSW1,2,2928.90
D,RESIDUE_PRICE_OFFER,,1,A202306,C2024Q2T09,VIC1-NSW1,NSW1,2,2968.50
D,RESIDUE_PRICE_OFFER,,1,A202306,C2024Q2T09,VIC1-NSW1,NSW1,2,3035.90
D,RESIDUE_PRICE_OFFER,,1,A202306,C2024Q2T09,VIC1-NSW1,NSW1,2,3142.90
D,RESIDUE_PRICE_OFFER,,1,A202306,C2024Q2T09,VIC1-NSW1,NSW1,2,3249.90
D,RESIDUE_PRICE_OFFER,,1,A202306,C2024Q2T09,VIC1-NSW1,NSW1,2,3356.90
D,RESIDUE_PRICE_OFFER,,1,A202306,C2024Q2T09,VIC1-NSW1,NSW1,2,3463.90
D,RESIDUE_PRICE_OFFER,,1,A202306,C2024Q2T09,VIC1-NSW1,NSW1,2,3570.90
D,RESIDUE_PRICE_OFFER,,1,A202306,C2024Q2T09,VIC1-NSW1,NSW1,2,3677.90
D,RESIDUE_PRICE_OFFER,,1,A202306,C2024Q2T09,VIC1-NSW1,NSW1,2,3710.6250
D,RESIDUE_PRICE_OFFER,,1,A202306,C2024Q2T09,VIC1-NSW1,NSW1,2,3784.90
D,RESIDUE_PRICE_OFFER,,1,A202306,C2024Q2T09,VIC1-NSW1,NSW1,2,3891.90
D,RESIDUE_PRICE_OFFER,,1,A202306,C2024Q2T09,VIC1-NSW1,NSW1,2,3998.90
D,RESIDUE_PRICE_OFFER,,1,A202306,C2024Q2T09,VIC1-NSW1,NSW1,2,4638.281250
D,RESIDUE_PRICE_OFFER,,1,A202306,C2024Q2T09,VIC1-NSW1,NSW1,2,5797.851560
D,RESIDUE_PRICE_OFFER,,1,A202306,C2024Q2T09,VIC1-NSW1,NSW1,2,7247.314450
D,RESIDUE_PRICE_OFFER,,1,A202306,C2024Q2T09,VIC1-NSW1,NSW1,20,4835.149990
D,RESIDUE_PRICE_OFFER,,1,A202306,C2024Q2T09,VIC1-NSW1,NSW1,26,3500
D,RESIDUE_PRICE_OFFER,,1,A202306,C2024Q2T09,VIC1-NSW1,NSW1,108,0
D,RESIDUE_PRICE_OFFER,,1,A202306,C2024Q2T09,VIC1-NSW1,VIC1,1,24160.88
D,RESIDUE_PRICE_OFFER,,1,A202306,C2024Q2T09,VIC1-NSW1,VIC1,1,24320.88
D,RESIDUE_PRICE_OFFER,,1,A202306,C2024Q2T09,VIC1-NSW1,VIC1,1,24480.88
D,RESIDUE_PRICE_OFFER,,1,A202306,C2024Q2T09,VIC1-NSW1,VIC1,1,24640.88
D,RESIDUE_PRICE_OFFER,,1,A202306,C2024Q2T09,VIC1-NSW1,VIC1,1,24800.88
D,RESIDUE_PRICE_OFFER,,1,A202306,C2024Q2T09,VIC1-NSW1,VIC1,1,24960.88
D,RESIDUE_PRICE_OFFER,,1,A202306,C2024Q2T09,VIC1-NSW1,VIC1,1,25120.88
D,RESIDUE_PRICE_OFFER,,1,A202306,C2024Q2T09,VIC1-NSW1,VIC1,1,25280.88
D,RESIDUE_PRICE_OFFER,,1,A202306,C2024Q2T09,VIC1-NSW1,VIC1,1,25440.88
D,RESIDUE_PRICE_OFFER,,1,A202306,C2024Q2T09,VIC1-NSW1,VIC1,1,25600.88
D,RESIDUE_PRICE_OFFER,,1,A202306,C2024Q2T09,VIC1-NSW1,VIC1,1,25760.88
D,RESIDUE_PRICE_OFFER,,1,A202306,C2024Q2T09,VIC1-NSW1,VIC1,1,25920.88
D,RESIDUE_PRICE_OFFER,,1,A202306,C2024Q2T09,VIC1-NSW1,VIC1,1,26080.88
D,RESIDUE_PRICE_OFFER,,1,A202306,C2024Q2T09,VIC1-NSW1,VIC1,1,26240.88
D,RESIDUE_PRICE_OFFER,,1,A202306,C2024Q2T09,VIC1-NSW1,VIC1,1,26400.88
D,RESIDUE_PRICE_OFFER,,1,A202306,C2024Q2T09,VIC1-NSW1,VIC1,1,26560.88
D,RESIDUE_PRICE_OFFER,,1,A202306,C2024Q2T09,VIC1-NSW1,VIC1,1,26720.88
D,RESIDUE_PRICE_OFFER,,1,A202306,C2024Q2T09,VIC1-NSW1,VIC1,1,26880.88
D,RESIDUE_PRICE_OFFER,,1,A202306,C2024Q2T09,VIC1-NSW1,VIC1,1,27040.88
D,RESIDUE_PRICE_OFFER,,1,A202306,C2024Q2T09,VIC1-NSW1,VIC1,1,27200.88
D,RESIDUE_PRICE_OFFER,,1,A202306,C2024Q2T09,VIC1-NSW1,VIC1,1,27360.88
D,RESIDUE_PRICE_OFFER,,1,A202306,C2024Q2T09,VIC1-NSW1,VIC1,1,27520.88
D,RESIDUE_PRICE_OFFER,,1,A202306,C2024Q2T09,VIC1-NSW1,VIC1,1,27680.88
D,RESIDUE_PRICE_OFFER,,1,A202306,C2024Q2T09,VIC1-NSW1,VIC1,1,27840.88
D,RESIDUE_PRICE_OFFER,,1,A202306,C2024Q2T09,VIC1-NSW1,VIC1,1,28000.88
D,RESIDUE_PRICE_OFFER,,1,A202306,C2024Q2T09,VIC1-NSW1,VIC1,3,39800.1440
D,RESIDUE_PRICE_OFFER,,1,A202306,C2024Q2T09,VIC1-NSW1,VIC1,3,42586.154080
D,RESIDUE_PRICE_OFFER,,1,A202306,C2024Q2T09,VIC1-NSW1,VIC1,3,45567.184870
D,RESIDUE_PRICE_OFFER,,1,A202306,C2024Q2T09,VIC1-NSW1,VIC1,3,48756.887810
D,RESIDUE_PRICE_OFFER,,1,A202306,C2024Q2T09,VIC1-NSW1,VIC1,3,55095.283220
D,RESIDUE_PRICE_OFFER,,1,A202306,C2024Q2T09,VIC1-NSW1,VIC1,3,62257.670040
D,RESIDUE_PRICE_OFFER,,1,A202306,C2024Q2T09,VIC1-NSW1,VIC1,5,31000.88
D,RESIDUE_PRICE_OFFER,,1,A202306,C2024Q2T09,VIC1-NSW1,VIC1,5,32000.88
D,RESIDUE_PRICE_OFFER,,1,A202306,C2024Q2T09,VIC1-NSW1,VIC1,5,33000.879990
D,RESIDUE_PRICE_OFFER,,1,A202306,C2024Q2T09,VIC1-NSW1,VIC1,5,34000.879990
D,RESIDUE_PRICE_OFFER,,1,A202306,C2024Q2T09,VIC1-NSW1,VIC1,5,35000.879990
D,RESIDUE_PRICE_OFFER,,1,A202306,C2024Q2T09,VIC1-NSW1,VIC1,5,36000.879990
D,RESIDUE_PRICE_OFFER,,1,A202306,C2024Q2T09,VIC1-NSW1,VIC1,5,37000.879990
D,RESIDUE_PRICE_OFFER,,1,A202306,C2024Q2T09,VIC1-NSW1,VIC1,5,38000.879990
D,RESIDUE_PRICE_OFFER,,1,A202306,C2024Q2T09,VIC1-NSW1,VIC1,5,39000.879990
D,RESIDUE_PRICE_OFFER,,1,A202306,C2024Q2T09,VIC1-NSW1,VIC1,5,40000.879990
D,RESIDUE_PRICE_OFFER,,1,A202306,C2024Q2T09,VIC1-NSW1,VIC1,20,33060
D,RESIDUE_PRICE_OFFER,,1,A202306,C2024Q2T09,VIC1-NSW1,VIC1,25,40000
D,RESIDUE_PRICE_OFFER,,1,A202306,C2024Q2T09,VIC1-NSW1,VIC1,125,0
D,RESIDUE_PRICE_OFFER,,1,A202306,C2024Q3T08,NSW1-QLD1,NSW1,3,3399.57
D,RESIDUE_PRICE_OFFER,,1,A202306,C2024Q3T08,NSW1-QLD1,NSW1,3,4419.45
D,RESIDUE_PRICE_OFFER,,1,A202306,C2024Q3T08,NSW1-QLD1,NSW1,3,5745.28
D,RESIDUE_PRICE_OFFER,,1,A202306,C2024Q3T08,NSW1-QLD1,NSW1,3,10054.24
D,RESIDUE_PRICE_OFFER,,1,A202306,C2024Q3T08,NSW1-QLD1,NSW1,3,17594.919990
D,RESIDUE_PRICE_OFFER,,1,A202306,C2024Q3T08,NSW1-QLD1,NSW1,3,30791.11
D,RESIDUE_PRICE_OFFER,,1,A202306,C2024Q3T08,NSW1-QLD1,NSW1,45,0
D,RESIDUE_PRICE_OFFER,,1,A202306,C2024Q3T08,NSW1-QLD1,QLD1,1,30040.39
D,RESIDUE_PRICE_OFFER,,1,A202306,C2024Q3T08,NSW1-QLD1,QLD1,1,30080.39
D,RESIDUE_PRICE_OFFER,,1,A202306,C2024Q3T08,NSW1-QLD1,QLD1,1,30120.39
D,RESIDUE_PRICE_OFFER,,1,A202306,C2024Q3T08,NSW1-QLD1,QLD1,1,30160.39
D,RESIDUE_PRICE_OFFER,,1,A202306,C2024Q3T08,NSW1-QLD1,QLD1,1,30200.39
D,RESIDUE_PRICE_OFFER,,1,A202306,C2024Q3T08,NSW1-QLD1,QLD1,1,30240.39
D,RESIDUE_PRICE_OFFER,,1,A202306,C2024Q3T08,NSW1-QLD1,QLD1,1,30280.39
D,RESIDUE_PRICE_OFFER,,1,A202306,C2024Q3T08,NSW1-QLD1,QLD1,1,30320.39
D,RESIDUE_PRICE_OFFER,,1,A202306,C2024Q3T08,NSW1-QLD1,QLD1,1,30360.39
D,RESIDUE_PRICE_OFFER,,1,A202306,C2024Q3T08,NSW1-QLD1,QLD1,1,30400.39
D,RESIDUE_PRICE_OFFER,,1,A202306,C2024Q3T08,NSW1-QLD1,QLD1,1,30440.39
D,RESIDUE_PRICE_OFFER,,1,A202306,C2024Q3T08,NSW1-QLD1,QLD1,1,30480.39
D,RESIDUE_PRICE_OFFER,,1,A202306,C2024Q3T08,NSW1-QLD1,QLD1,1,30520.39
D,RESIDUE_PRICE_OFFER,,1,A202306,C2024Q3T08,NSW1-QLD1,QLD1,1,30560.39
D,RESIDUE_PRICE_OFFER,,1,A202306,C2024Q3T08,NSW1-QLD1,QLD1,1,30600.39
D,RESIDUE_PRICE_OFFER,,1,A202306,C2024Q3T08,NSW1-QLD1,QLD1,1,30640.39
D,RESIDUE_PRICE_OFFER,,1,A202306,C2024Q3T08,NSW1-QLD1,QLD1,1,30680.39
D,RESIDUE_PRICE_OFFER,,1,A202306,C2024Q3T08,NSW1-QLD1,QLD1,1,30720.39
D,RESIDUE_PRICE_OFFER,,1,A202306,C2024Q3T08,NSW1-QLD1,QLD1,1,30760.39
D,RESIDUE_PRICE_OFFER,,1,A202306,C2024Q3T08,NSW1-QLD1,QLD1,1,30800.39
D,RESIDUE_PRICE_OFFER,,1,A202306,C2024Q3T08,NSW1-QLD1,QLD1,1,30840.39
D,RESIDUE_PRICE_OFFER,,1,A202306,C2024Q3T08,NSW1-QLD1,QLD1,1,30880.39
D,RESIDUE_PRICE_OFFER,,1,A202306,C2024Q3T08,NSW1-QLD1,QLD1,1,30920.39
D,RESIDUE_PRICE_OFFER,,1,A202306,C2024Q3T08,NSW1-QLD1,QLD1,1,30960.39
D,RESIDUE_PRICE_OFFER,,1,A202306,C2024Q3T08,NSW1-QLD1,QLD1,1,31000.39
D,RESIDUE_PRICE_OFFER,,1,A202306,C2024Q3T08,NSW1-QLD1,QLD1,2,45983.0950
D,RESIDUE_PRICE_OFFER,,1,A202306,C2024Q3T08,NSW1-QLD1,QLD1,2,55179.7140
D,RESIDUE_PRICE_OFFER,,1,A202306,C2024Q3T08,NSW1-QLD1,QLD1,2,66215.6568
D,RESIDUE_PRICE_OFFER,,1,A202306,C2024Q3T08,NSW1-QLD1,QLD1,2,79458.788160
D,RESIDUE_PRICE_OFFER,,1,A202306,C2024Q3T08,NSW1-QLD1,QLD1,2,95350.545790
D,RESIDUE_PRICE_OFFER,,1,A202306,C2024Q3T08,NSW1-QLD1,QLD1,2,114420.6550
D,RESIDUE_PRICE_OFFER,,1,A202306,C2024Q3T08,NSW1-QLD1,QLD1,3,32800.39
D,RESIDUE_PRICE_OFFER,,1,A202306,C2024Q3T08,NSW1-QLD1,QLD1,3,33600.39
D,RESIDUE_PRICE_OFFER,,1,A202306,C2024Q3T08,NSW1-QLD1,QLD1,3,34400.39
D,RESIDUE_PRICE_OFFER,,1,A202306,C2024Q3T08,NSW1-QLD1,QLD1,3,35200.39
D,RESIDUE_PRICE_OFFER,,1,A202306,C2024Q3T08,NSW1-QLD1,QLD1,3,36000.39
D,RESIDUE_PRICE_OFFER,,1,A202306,C2024Q3T08,NSW1-QLD1,QLD1,3,36800.39
D,RESIDUE_PRICE_OFFER,,1,A202306,C2024Q3T08,NSW1-QLD1,QLD1,3,37600.39
D,RESIDUE_PRICE_OFFER,,1,A202306,C2024Q3T08,NSW1-QLD1,QLD1,3,38400.39
D,RESIDUE_PRICE_OFFER,,1,A202306,C2024Q3T08,NSW1-QLD1,QLD1,3,39200.39
D,RESIDUE_PRICE_OFFER,,1,A202306,C2024Q3T08,NSW1-QLD1,QLD1,3,40000.39
D,RESIDUE_PRICE_OFFER,,1,A202306,C2024Q3T08,NSW1-QLD1,QLD1,20,39525
D,RESIDUE_PRICE_OFFER,,1,A202306,C2024Q3T08,NSW1-QLD1,QLD1,100,0
D,RESIDUE_PRICE_OFFER,,1,A202306,C2024Q3T08,V-SA,SA1,1,7100.12
D,RESIDUE_PRICE_OFFER,,1,A202306,C2024Q3T08,V-SA,SA1,1,7200.12
D,RESIDUE_PRICE_OFFER,,1,A202306,C2024Q3T08,V-SA,SA1,1,7300.12
D,RESIDUE_PRICE_OFFER,,1,A202306,C2024Q3T08,V-SA,SA1,1,7400.12
D,RESIDUE_PRICE_OFFER,,1,A202306,C2024Q3T08,V-SA,SA1,1,7500.12
D,RESIDUE_PRICE_OFFER,,1,A202306,C2024Q3T08,V-SA,SA1,1,7600.12
D,RESIDUE_PRICE_OFFER,,1,A202306,C2024Q3T08,V-SA,SA1,1,7700.12
D,RESIDUE_PRICE_OFFER,,1,A202306,C2024Q3T08,V-SA,SA1,1,7800.12
D,RESIDUE_PRICE_OFFER,,1,A202306,C2024Q3T08,V-SA,SA1,1,7900.12
D,RESIDUE_PRICE_OFFER,,1,A202306,C2024Q3T08,V-SA,SA1,1,8000
D,RESIDUE_PRICE_OFFER,,1,A202306,C2024Q3T08,V-SA,SA1,1,8000.12
D,RESIDUE_PRICE_OFFER,,1,A202306,C2024Q3T08,V-SA,SA1,1,8100.12
D,RESIDUE_PRICE_OFFER,,1,A202306,C2024Q3T08,V-SA,SA1,1,8200.12
D,RESIDUE_PRICE_OFFER,,1,A202306,C2024Q3T08,V-SA,SA1,1,8300.12
D,RESIDUE_PRICE_OFFER,,1,A202306,C2024Q3T08,V-SA,SA1,1,8400.12
D,RESIDUE_PRICE_OFFER,,1,A202306,C2024Q3T08,V-SA,SA1,1,8500.12
D,RESIDUE_PRICE_OFFER,,1,A202306,C2024Q3T08,V-SA,SA1,1,8600.12
D,RESIDUE_PRICE_OFFER,,1,A202306,C2024Q3T08,V-SA,SA1,1,8700.12
D,RESIDUE_PRICE_OFFER,,1,A202306,C2024Q3T08,V-SA,SA1,1,8800.12
D,RESIDUE_PRICE_OFFER,,1,A202306,C2024Q3T08,V-SA,SA1,1,8900.12
D,RESIDUE_PRICE_OFFER,,1,A202306,C2024Q3T08,V-SA,SA1,1,9000.12
D,RESIDUE_PRICE_OFFER,,1,A202306,C2024Q3T08,V-SA,SA1,2,9142.86
D,RESIDUE_PRICE_OFFER,,1,A202306,C2024Q3T08,V-SA,SA1,2,10285.709990
D,RESIDUE_PRICE_OFFER,,1,A202306,C2024Q3T08,V-SA,SA1,2,10500.12
D,RESIDUE_PRICE_OFFER,,1,A202306,C2024Q3T08,V-SA,SA1,2,11000.12
D,RESIDUE_PRICE_OFFER,,1,A202306,C2024Q3T08,V-SA,SA1,2,11428.57
D,RESIDUE_PRICE_OFFER,,1,A202306,C2024Q3T08,V-SA,SA1,2,11500.12
D,RESIDUE_PRICE_OFFER,,1,A202306,C2024Q3T08,V-SA,SA1,2,12000.12
D,RESIDUE_PRICE_OFFER,,1,A202306,C2024Q3T08,V-SA,SA1,2,12500.12
D,RESIDUE_PRICE_OFFER,,1,A202306,C2024Q3T08,V-SA,SA1,2,12571.43
D,RESIDUE_PRICE_OFFER,,1,A202306,C2024Q3T08,V-SA,SA1,2,13000.12
D,RESIDUE_PRICE_OFFER,,1,A202306,C2024Q3T08,V-SA,SA1,2,13500.12
D,RESIDUE_PRICE_OFFER,,1,A202306,C2024Q3T08,V-SA,SA1,2,13714.29
D,RESIDUE_PRICE_OFFER,,1,A202306,C2024Q3T08,V-SA,SA1,2,14000.12
D,RESIDUE_PRICE_OFFER,,1,A202306,C2024Q3T08,V-SA,SA1,2,14500.12
D,RESIDUE_PRICE_OFFER,,1,A202306,C2024Q3T08,V-SA,SA1,2,14857.14
D,RESIDUE_PRICE_OFFER,,1,A202306,C2024Q3T08,V-SA,SA1,2,15000.12
D,RESIDUE_PRICE_OFFER,,1,A202306,C2024Q3T08,V-SA,SA1,2,16000
D,RESIDUE_PRICE_OFFER,,1,A202306,C2024Q3T08,V-SA,SA1,3,6725.2760
D,RESIDUE_PRICE_OFFER,,1,A202306,C2024Q3T08,V-SA,SA1,3,7330.550840
D,RESIDUE_PRICE_OFFER,,1,A202306,C2024Q3T08,V-SA,SA1,3,7990.300410
D,RESIDUE_PRICE_OFFER,,1,A202306,C2024Q3T08,V-SA,SA1,3,8709.427450
D,RESIDUE_PRICE_OFFER,,1,A202306,C2024Q3T08,V-SA,SA1,3,9493.275920
D,RESIDUE_PRICE_OFFER,,1,A202306,C2024Q3T08,V-SA,SA1,3,10347.670760
D,RESIDUE_PRICE_OFFER,,1,A202306,C2024Q3T08,V-SA,SA1,64,0
D,RESIDUE_PRICE_OFFER,,1,A202306,C2024Q3T08,V-SA,VIC1,1,19566.099990
D,RESIDUE_PRICE_OFFER,,1,A202306,C2024Q3T08,V-SA,VIC1,1,19632.099990
D,RESIDUE_PRICE_OFFER,,1,A202306,C2024Q3T08,V-SA,VIC1,1,19698.099990
D,RESIDUE_PRICE_OFFER,,1,A202306,C2024Q3T08,V-SA,VIC1,1,19764.099990
D,RESIDUE_PRICE_OFFER,,1,A202306,C2024Q3T08,V-SA,VIC1,1,19830.099990
D,RESIDUE_PRICE_OFFER,,1,A202306,C2024Q3T08,V-SA,VIC1,1,19896.099990
D,RESIDUE_PRICE_OFFER,,1,A202306,C2024Q3T08,V-SA,VIC1,1,19962.099990
D,RESIDUE_PRICE_OFFER,,1,A202306,C2024Q3T08,V-SA,VIC1,1,20028.099990
D,RESIDUE_PRICE_OFFER,,1,A202306,C2024Q3T08,V-SA,VIC1,1,20094.099990
D,RESIDUE_PRICE_OFFER,,1,A202306,C2024Q3T08,V-SA,VIC1,1,20160.099990
D,RESIDUE_PRICE_OFFER,,1,A202306,C2024Q3T08,V-SA,VIC1,1,20226.099990
D,RESIDUE_PRICE_OFFER,,1,A202306,C2024Q3T08,V-SA,VIC1,1,20292.099990
D,RESIDUE_PRICE_OFFER,,1,A202306,C2024Q3T08,V-SA,VIC1,1,20358.099990
D,RESIDUE_PRICE_OFFER,,1,A202306,C2024Q3T08,V-SA,VIC1,1,20424.099990
D,RESIDUE_PRICE_OFFER,,1,A202306,C2024Q3T08,V-SA,VIC1,1,20490.099990
D,RESIDUE_PRICE_OFFER,,1,A202306,C2024Q3T08,V-SA,VIC1,2,20380
D,RESIDUE_PRICE_OFFER,,1,A202306,C2024Q3T08,V-SA,VIC1,2,22825.60
D,RESIDUE_PRICE_OFFER,,1,A202306,C2024Q3T08,V-SA,VIC1,2,25564.6720
D,RESIDUE_PRICE_OFFER,,1,A202306,C2024Q3T08,V-SA,VIC1,2,28632.432640
D,RESIDUE_PRICE_OFFER,,1,A202306,C2024Q3T08,V-SA,VIC1,2,32068.324560
D,RESIDUE_PRICE_OFFER,,1,A202306,C2024Q3T08,V-SA,VIC1,2,35916.5235
D,RESIDUE_PRICE_OFFER,,1,A202306,C2024Q3T08,V-SA,VIC1,3,22800.10
D,RESIDUE_PRICE_OFFER,,1,A202306,C2024Q3T08,V-SA,VIC1,3,23600.10
D,RESIDUE_PRICE_OFFER,,1,A202306,C2024Q3T08,V-SA,VIC1,3,24400.10
D,RESIDUE_PRICE_OFFER,,1,A202306,C2024Q3T08,V-SA,VIC1,3,25200.10
D,RESIDUE_PRICE_OFFER,,1,A202306,C2024Q3T08,V-SA,VIC1,3,26000.10
D,RESIDUE_PRICE_OFFER,,1,A202306,C2024Q3T08,V-SA,VIC1,3,26800.10
D,RESIDUE_PRICE_OFFER,,1,A202306,C2024Q3T08,V-SA,VIC1,3,27600.10
D,RESIDUE_PRICE_OFFER,,1,A202306,C2024Q3T08,V-SA,VIC1,3,28400.10
D,RESIDUE_PRICE_OFFER,,1,A202306,C2024Q3T08,V-SA,VIC1,3,29200.10
D,RESIDUE_PRICE_OFFER,,1,A202306,C2024Q3T08,V-SA,VIC1,3,30000.10
D,RESIDUE_PRICE_OFFER,,1,A202306,C2024Q3T08,V-SA,VIC1,5,22000
D,RESIDUE_PRICE_OFFER,,1,A202306,C2024Q3T08,V-SA,VIC1,10,25000
D,RESIDUE_PRICE_OFFER,,1,A202306,C2024Q3T08,V-SA,VIC1,10,30000
D,RESIDUE_PRICE_OFFER,,1,A202306,C2024Q3T08,V-SA,VIC1,10,35000
D,RESIDUE_PRICE_OFFER,,1,A202306,C2024Q3T08,V-SA,VIC1,10,40000
D,RESIDUE_PRICE_OFFER,,1,A202306,C2024Q3T08,V-SA,VIC1,10,50000
D,RESIDUE_PRICE_OFFER,,1,A202306,C2024Q3T08,V-SA,VIC1,73,0
D,RESIDUE_PRICE_OFFER,,1,A202306,C2024Q3T08,VIC1-NSW1,NSW1,1,3000.90
D,RESIDUE_PRICE_OFFER,,1,A202306,C2024Q3T08,VIC1-NSW1,NSW1,1,3500.90
D,RESIDUE_PRICE_OFFER,,1,A202306,C2024Q3T08,VIC1-NSW1,NSW1,1,4000.90
D,RESIDUE_PRICE_OFFER,,1,A202306,C2024Q3T08,VIC1-NSW1,NSW1,2,2397.60
D,RESIDUE_PRICE_OFFER,,1,A202306,C2024Q3T08,VIC1-NSW1,NSW1,2,2997
D,RESIDUE_PRICE_OFFER,,1,A202306,C2024Q3T08,VIC1-NSW1,NSW1,2,3746.25
D,RESIDUE_PRICE_OFFER,,1,A202306,C2024Q3T08,VIC1-NSW1,NSW1,2,4682.8125
D,RESIDUE_PRICE_OFFER,,1,A202306,C2024Q3T08,VIC1-NSW1,NSW1,2,5853.515620
D,RESIDUE_PRICE_OFFER,,1,A202306,C2024Q3T08,VIC1-NSW1,NSW1,2,7316.894530
D,RESIDUE_PRICE_OFFER,,1,A202306,C2024Q3T08,VIC1-NSW1,NSW1,10,4796
D,RESIDUE_PRICE_OFFER,,1,A202306,C2024Q3T08,VIC1-NSW1,NSW1,108,0
D,RESIDUE_PRICE_OFFER,,1,A202306,C2024Q3T08,VIC1-NSW1,VIC1,1,28160.88
D,RESIDUE_PRICE_OFFER,,1,A202306,C2024Q3T08,VIC1-NSW1,VIC1,1,28320.88
D,RESIDUE_PRICE_OFFER,,1,A202306,C2024Q3T08,VIC1-NSW1,VIC1,1,28480.88
D,RESIDUE_PRICE_OFFER,,1,A202306,C2024Q3T08,VIC1-NSW1,VIC1,1,28640.88
D,RESIDUE_PRICE_OFFER,,1,A202306,C2024Q3T08,VIC1-NSW1,VIC1,1,28800.88
D,RESIDUE_PRICE_OFFER,,1,A202306,C2024Q3T08,VIC1-NSW1,VIC1,1,28960.88
D,RESIDUE_PRICE_OFFER,,1,A202306,C2024Q3T08,VIC1-NSW1,VIC1,1,29120.88
D,RESIDUE_PRICE_OFFER,,1,A202306,C2024Q3T08,VIC1-NSW1,VIC1,1,29280.88
D,RESIDUE_PRICE_OFFER,,1,A202306,C2024Q3T08,VIC1-NSW1,VIC1,1,29440.88
D,RESIDUE_PRICE_OFFER,,1,A202306,C2024Q3T08,VIC1-NSW1,VIC1,1,29600.88
D,RESIDUE_PRICE_OFFER,,1,A202306,C2024Q3T08,VIC1-NSW1,VIC1,1,29760.88
D,RESIDUE_PRICE_OFFER,,1,A202306,C2024Q3T08,VIC1-NSW1,VIC1,1,29920.88
D,RESIDUE_PRICE_OFFER,,1,A202306,C2024Q3T08,VIC1-NSW1,VIC1,1,30080.88
D,RESIDUE_PRICE_OFFER,,1,A202306,C2024Q3T08,VIC1-NSW1,VIC1,1,30240.88
D,RESIDUE_PRICE_OFFER,,1,A202306,C2024Q3T08,VIC1-NSW1,VIC1,1,30400.88
D,RESIDUE_PRICE_OFFER,,1,A202306,C2024Q3T08,VIC1-NSW1,VIC1,1,30560.88
D,RESIDUE_PRICE_OFFER,,1,A202306,C2024Q3T08,VIC1-NSW1,VIC1,1,30720.88
D,RESIDUE_PRICE_OFFER,,1,A202306,C2024Q3T08,VIC1-NSW1,VIC1,1,30880.88
D,RESIDUE_PRICE_OFFER,,1,A202306,C2024Q3T08,VIC1-NSW1,VIC1,1,31040.88
D,RESIDUE_PRICE_OFFER,,1,A202306,C2024Q3T08,VIC1-NSW1,VIC1,1,31200.88
D,RESIDUE_PRICE_OFFER,,1,A202306,C2024Q3T08,VIC1-NSW1,VIC1,1,31360.88
D,RESIDUE_PRICE_OFFER,,1,A202306,C2024Q3T08,VIC1-NSW1,VIC1,1,31520.88
D,RESIDUE_PRICE_OFFER,,1,A202306,C2024Q3T08,VIC1-NSW1,VIC1,1,31680.88
D,RESIDUE_PRICE_OFFER,,1,A202306,C2024Q3T08,VIC1-NSW1,VIC1,1,31840.88
D,RESIDUE_PRICE_OFFER,,1,A202306,C2024Q3T08,VIC1-NSW1,VIC1,1,32000.88
D,RESIDUE_PRICE_OFFER,,1,A202306,C2024Q3T08,VIC1-NSW1,VIC1,2,34440.879990
D,RESIDUE_PRICE_OFFER,,1,A202306,C2024Q3T08,VIC1-NSW1,VIC1,2,34880.879990
D,RESIDUE_PRICE_OFFER,,1,A202306,C2024Q3T08,VIC1-NSW1,VIC1,2,35320.879990
D,RESIDUE_PRICE_OFFER,,1,A202306,C2024Q3T08,VIC1-NSW1,VIC1,2,35760.879990
D,RESIDUE_PRICE_OFFER,,1,A202306,C2024Q3T08,VIC1-NSW1,VIC1,2,36200.879990
D,RESIDUE_PRICE_OFFER,,1,A202306,C2024Q3T08,VIC1-NSW1,VIC1,2,36640.879990
D,RESIDUE_PRICE_OFFER,,1,A202306,C2024Q3T08,VIC1-NSW1,VIC1,2,37080.879990
D,RESIDUE_PRICE_OFFER,,1,A202306,C2024Q3T08,VIC1-NSW1,VIC1,2,37520.879990
D,RESIDUE_PRICE_OFFER,,1,A202306,C2024Q3T08,VIC1-NSW1,VIC1,2,37960.879990
D,RESIDUE_PRICE_OFFER,,1,A202306,C2024Q3T08,VIC1-NSW1,VIC1,2,38400.879990
D,RESIDUE_PRICE_OFFER,,1,A202306,C2024Q3T08,VIC1-NSW1,VIC1,2,38840.879990
D,RESIDUE_PRICE_OFFER,,1,A202306,C2024Q3T08,VIC1-NSW1,VIC1,2,39280.879990
D,RESIDUE_PRICE_OFFER,,1,A202306,C2024Q3T08,VIC1-NSW1,VIC1,2,39720.879990
D,RESIDUE_PRICE_OFFER,,1,A202306,C2024Q3T08,VIC1-NSW1,VIC1,2,40160.879990
D,RESIDUE_PRICE_OFFER,,1,A202306,C2024Q3T08,VIC1-NSW1,VIC1,2,40600.879990
D,RESIDUE_PRICE_OFFER,,1,A202306,C2024Q3T08,VIC1-NSW1,VIC1,2,41040.879990
D,RESIDUE_PRICE_OFFER,,1,A202306,C2024Q3T08,VIC1-NSW1,VIC1,2,41480.879990
D,RESIDUE_PRICE_OFFER,,1,A202306,C2024Q3T08,VIC1-NSW1,VIC1,2,41920.879990
D,RESIDUE_PRICE_OFFER,,1,A202306,C2024Q3T08,VIC1-NSW1,VIC1,2,42360.879990
D,RESIDUE_PRICE_OFFER,,1,A202306,C2024Q3T08,VIC1-NSW1,VIC1,2,42800.879990
D,RESIDUE_PRICE_OFFER,,1,A202306,C2024Q3T08,VIC1-NSW1,VIC1,2,43240.88
D,RESIDUE_PRICE_OFFER,,1,A202306,C2024Q3T08,VIC1-NSW1,VIC1,2,43680.88
D,RESIDUE_PRICE_OFFER,,1,A202306,C2024Q3T08,VIC1-NSW1,VIC1,2,44120.88
D,RESIDUE_PRICE_OFFER,,1,A202306,C2024Q3T08,VIC1-NSW1,VIC1,2,44560.88
D,RESIDUE_PRICE_OFFER,,1,A202306,C2024Q3T08,VIC1-NSW1,VIC1,2,45000.88
D,RESIDUE_PRICE_OFFER,,1,A202306,C2024Q3T08,VIC1-NSW1,VIC1,3,41600.1440
D,RESIDUE_PRICE_OFFER,,1,A202306,C2024Q3T08,VIC1-NSW1,VIC1,3,44512.154080
D,RESIDUE_PRICE_OFFER,,1,A202306,C2024Q3T08,VIC1-NSW1,VIC1,3,47628.004870
D,RESIDUE_PRICE_OFFER,,1,A202306,C2024Q3T08,VIC1-NSW1,VIC1,3,50961.965210
D,RESIDUE_PRICE_OFFER,,1,A202306,C2024Q3T08,VIC1-NSW1,VIC1,3,57587.020680
D,RESIDUE_PRICE_OFFER,,1,A202306,C2024Q3T08,VIC1-NSW1,VIC1,3,65073.333370
D,RESIDUE_PRICE_OFFER,,1,A202306,C2024Q3T08,VIC1-NSW1,VIC1,20,34485
D,RESIDUE_PRICE_OFFER,,1,A202306,C2024Q3T08,VIC1-NSW1,VIC1,70,27000
D,RESIDUE_PRICE_OFFER,,1,A202306,C2024Q3T08,VIC1-NSW1,VIC1,125,0
D,RESIDUE_PRICE_OFFER,,1,A202306,C2024Q4T07,NSW1-QLD1,NSW1,2,19251
D,RESIDUE_PRICE_OFFER,,1,A202306,C2024Q4T07,NSW1-QLD1,NSW1,2,25026.30
D,RESIDUE_PRICE_OFFER,,1,A202306,C2024Q4T07,NSW1-QLD1,NSW1,2,32534.19
D,RESIDUE_PRICE_OFFER,,1,A202306,C2024Q4T07,NSW1-QLD1,NSW1,2,45547.8660
D,RESIDUE_PRICE_OFFER,,1,A202306,C2024Q4T07,NSW1-QLD1,NSW1,2,63767.0124
D,RESIDUE_PRICE_OFFER,,1,A202306,C2024Q4T07,NSW1-QLD1,NSW1,2,89273.817360
D,RESIDUE_PRICE_OFFER,,1,A202306,C2024Q4T07,NSW1-QLD1,NSW1,45,0
D,RESIDUE_PRICE_OFFER,,1,A202306,C2024Q4T07,NSW1-QLD1,QLD1,1,14100.39
D,RESIDUE_PRICE_OFFER,,1,A202306,C2024Q4T07,NSW1-QLD1,QLD1,1,14200.39
D,RESIDUE_PRICE_OFFER,,1,A202306,C2024Q4T07,NSW1-QLD1,QLD1,1,14300.39
D,RESIDUE_PRICE_OFFER,,1,A202306,C2024Q4T07,NSW1-QLD1,QLD1,1,14400.39
D,RESIDUE_PRICE_OFFER,,1,A202306,C2024Q4T07,NSW1-QLD1,QLD1,1,14500.39
D,RESIDUE_PRICE_OFFER,,1,A202306,C2024Q4T07,NSW1-QLD1,QLD1,1,14600.39
D,RESIDUE_PRICE_OFFER,,1,A202306,C2024Q4T07,NSW1-QLD1,QLD1,1,14700.39
D,RESIDUE_PRICE_OFFER,,1,A202306,C2024Q4T07,NSW1-QLD1,QLD1,1,14800.39
D,RESIDUE_PRICE_OFFER,,1,A202306,C2024Q4T07,NSW1-QLD1,QLD1,1,14900.39
D,RESIDUE_PRICE_OFFER,,1,A202306,C2024Q4T07,NSW1-QLD1,QLD1,1,15000.39
D,RESIDUE_PRICE_OFFER,,1,A202306,C2024Q4T07,NSW1-QLD1,QLD1,1,15100.39
D,RESIDUE_PRICE_OFFER,,1,A202306,C2024Q4T07,NSW1-QLD1,QLD1,1,15200.39
D,RESIDUE_PRICE_OFFER,,1,A202306,C2024Q4T07,NSW1-QLD1,QLD1,1,15300.39
D,RESIDUE_PRICE_OFFER,,1,A202306,C2024Q4T07,NSW1-QLD1,QLD1,1,15400.39
D,RESIDUE_PRICE_OFFER,,1,A202306,C2024Q4T07,NSW1-QLD1,QLD1,1,15500.39
D,RESIDUE_PRICE_OFFER,,1,A202306,C2024Q4T07,NSW1-QLD1,QLD1,1,15600.39
D,RESIDUE_PRICE_OFFER,,1,A202306,C2024Q4T07,NSW1-QLD1,QLD1,1,15700.39
D,RESIDUE_PRICE_OFFER,,1,A202306,C2024Q4T07,NSW1-QLD1,QLD1,1,15800.39
D,RESIDUE_PRICE_OFFER,,1,A202306,C2024Q4T07,NSW1-QLD1,QLD1,1,15900.39
D,RESIDUE_PRICE_OFFER,,1,A202306,C2024Q4T07,NSW1-QLD1,QLD1,1,16000.39
D,RESIDUE_PRICE_OFFER,,1,A202306,C2024Q4T07,NSW1-QLD1,QLD1,1,18280.39
D,RESIDUE_PRICE_OFFER,,1,A202306,C2024Q4T07,NSW1-QLD1,QLD1,1,18560.39
D,RESIDUE_PRICE_OFFER,,1,A202306,C2024Q4T07,NSW1-QLD1,QLD1,1,18840.39
D,RESIDUE_PRICE_OFFER,,1,A202306,C2024Q4T07,NSW1-QLD1,QLD1,1,19120.39
D,RESIDUE_PRICE_OFFER,,1,A202306,C2024Q4T07,NSW1-QLD1,QLD1,1,19400.39
D,RESIDUE_PRICE_OFFER,,1,A202306,C2024Q4T07,NSW1-QLD1,QLD1,1,19680.39
D,RESIDUE_PRICE_OFFER,,1,A202306,C2024Q4T07,NSW1-QLD1,QLD1,1,19960.39
D,RESIDUE_PRICE_OFFER,,1,A202306,C2024Q4T07,NSW1-QLD1,QLD1,1,20240.39
D,RESIDUE_PRICE_OFFER,,1,A202306,C2024Q4T07,NSW1-QLD1,QLD1,1,20520.39
D,RESIDUE_PRICE_OFFER,,1,A202306,C2024Q4T07,NSW1-QLD1,QLD1,1,20800.39
D,RESIDUE_PRICE_OFFER,,1,A202306,C2024Q4T07,NSW1-QLD1,QLD1,1,21080.39
D,RESIDUE_PRICE_OFFER,,1,A202306,C2024Q4T07,NSW1-QLD1,QLD1,1,21360.39
D,RESIDUE_PRICE_OFFER,,1,A202306,C2024Q4T07,NSW1-QLD1,QLD1,1,21640.39
D,RESIDUE_PRICE_OFFER,,1,A202306,C2024Q4T07,NSW1-QLD1,QLD1,1,21920.39
D,RESIDUE_PRICE_OFFER,,1,A202306,C2024Q4T07,NSW1-QLD1,QLD1,1,22200.39
D,RESIDUE_PRICE_OFFER,,1,A202306,C2024Q4T07,NSW1-QLD1,QLD1,1,22480.39
D,RESIDUE_PRICE_OFFER,,1,A202306,C2024Q4T07,NSW1-QLD1,QLD1,1,22760.39
D,RESIDUE_PRICE_OFFER,,1,A202306,C2024Q4T07,NSW1-QLD1,QLD1,1,23040.39
D,RESIDUE_PRICE_OFFER,,1,A202306,C2024Q4T07,NSW1-QLD1,QLD1,1,23320.39
D,RESIDUE_PRICE_OFFER,,1,A202306,C2024Q4T07,NSW1-QLD1,QLD1,1,23600.39
D,RESIDUE_PRICE_OFFER,,1,A202306,C2024Q4T07,NSW1-QLD1,QLD1,1,23880.39
D,RESIDUE_PRICE_OFFER,,1,A202306,C2024Q4T07,NSW1-QLD1,QLD1,1,24160.39
D,RESIDUE_PRICE_OFFER,,1,A202306,C2024Q4T07,NSW1-QLD1,QLD1,1,24440.39
D,RESIDUE_PRICE_OFFER,,1,A202306,C2024Q4T07,NSW1-QLD1,QLD1,1,24720.39
D,RESIDUE_PRICE_OFFER,,1,A202306,C2024Q4T07,NSW1-QLD1,QLD1,1,25000.39
D,RESIDUE_PRICE_OFFER,,1,A202306,C2024Q4T07,NSW1-QLD1,QLD1,3,15391.90
D,RESIDUE_PRICE_OFFER,,1,A202306,C2024Q4T07,NSW1-QLD1,QLD1,3,18470.28
D,RESIDUE_PRICE_OFFER,,1,A202306,C2024Q4T07,NSW1-QLD1,QLD1,3,22164.3360
D,RESIDUE_PRICE_OFFER,,1,A202306,C2024Q4T07,NSW1-QLD1,QLD1,5,31030.0704
D,RESIDUE_PRICE_OFFER,,1,A202306,C2024Q4T07,NSW1-QLD1,QLD1,5,43442.098560
D,RESIDUE_PRICE_OFFER,,1,A202306,C2024Q4T07,NSW1-QLD1,QLD1,5,60818.937980
D,RESIDUE_PRICE_OFFER,,1,A202306,C2024Q4T07,NSW1-QLD1,QLD1,10,18000
D,RESIDUE_PRICE_OFFER,,1,A202306,C2024Q4T07,NSW1-QLD1,QLD1,10,31284
D,RESIDUE_PRICE_OFFER,,1,A202306,C2024Q4T07,NSW1-QLD1,QLD1,100,0
D,RESIDUE_PRICE_OFFER,,1,A202306,C2024Q4T07,V-SA,SA1,1,7100.12
D,RESIDUE_PRICE_OFFER,,1,A202306,C2024Q4T07,V-SA,SA1,1,7200.12
D,RESIDUE_PRICE_OFFER,,1,A202306,C2024Q4T07,V-SA,SA1,1,7300.12
D,RESIDUE_PRICE_OFFER,,1,A202306,C2024Q4T07,V-SA,SA1,1,7400.12
D,RESIDUE_PRICE_OFFER,,1,A202306,C2024Q4T07,V-SA,SA1,1,7500.12
D,RESIDUE_PRICE_OFFER,,1,A202306,C2024Q4T07,V-SA,SA1,1,7600.12
D,RESIDUE_PRICE_OFFER,,1,A202306,C2024Q4T07,V-SA,SA1,1,7700.12
D,RESIDUE_PRICE_OFFER,,1,A202306,C2024Q4T07,V-SA,SA1,1,7800.12
D,RESIDUE_PRICE_OFFER,,1,A202306,C2024Q4T07,V-SA,SA1,1,7900.12
D,RESIDUE_PRICE_OFFER,,1,A202306,C2024Q4T07,V-SA,SA1,1,8000
D,RESIDUE_PRICE_OFFER,,1,A202306,C2024Q4T07,V-SA,SA1,1,8000.12
D,RESIDUE_PRICE_OFFER,,1,A202306,C2024Q4T07,V-SA,SA1,1,8100.12
D,RESIDUE_PRICE_OFFER,,1,A202306,C2024Q4T07,V-SA,SA1,1,8200.12
D,RESIDUE_PRICE_OFFER,,1,A202306,C2024Q4T07,V-SA,SA1,1,8300.12
D,RESIDUE_PRICE_OFFER,,1,A202306,C2024Q4T07,V-SA,SA1,1,8400.12
D,RESIDUE_PRICE_OFFER,,1,A202306,C2024Q4T07,V-SA,SA1,1,8500.12
D,RESIDUE_PRICE_OFFER,,1,A202306,C2024Q4T07,V-SA,SA1,1,8600.12
D,RESIDUE_PRICE_OFFER,,1,A202306,C2024Q4T07,V-SA,SA1,1,8700.12
D,RESIDUE_PRICE_OFFER,,1,A202306,C2024Q4T07,V-SA,SA1,1,8800.12
D,RESIDUE_PRICE_OFFER,,1,A202306,C2024Q4T07,V-SA,SA1,1,8900.12
D,RESIDUE_PRICE_OFFER,,1,A202306,C2024Q4T07,V-SA,SA1,1,9000.12
D,RESIDUE_PRICE_OFFER,,1,A202306,C2024Q4T07,V-SA,SA1,2,9142.86
D,RESIDUE_PRICE_OFFER,,1,A202306,C2024Q4T07,V-SA,SA1,2,10285.709990
D,RESIDUE_PRICE_OFFER,,1,A202306,C2024Q4T07,V-SA,SA1,2,10500.12
D,RESIDUE_PRICE_OFFER,,1,A202306,C2024Q4T07,V-SA,SA1,2,11000.12
D,RESIDUE_PRICE_OFFER,,1,A202306,C2024Q4T07,V-SA,SA1,2,11428.57
D,RESIDUE_PRICE_OFFER,,1,A202306,C2024Q4T07,V-SA,SA1,2,11500.12
D,RESIDUE_PRICE_OFFER,,1,A202306,C2024Q4T07,V-SA,SA1,2,12000.12
D,RESIDUE_PRICE_OFFER,,1,A202306,C2024Q4T07,V-SA,SA1,2,12500.12
D,RESIDUE_PRICE_OFFER,,1,A202306,C2024Q4T07,V-SA,SA1,2,12571.43
D,RESIDUE_PRICE_OFFER,,1,A202306,C2024Q4T07,V-SA,SA1,2,13000.12
D,RESIDUE_PRICE_OFFER,,1,A202306,C2024Q4T07,V-SA,SA1,2,13500.12
D,RESIDUE_PRICE_OFFER,,1,A202306,C2024Q4T07,V-SA,SA1,2,13714.29
D,RESIDUE_PRICE_OFFER,,1,A202306,C2024Q4T07,V-SA,SA1,2,14000.12
D,RESIDUE_PRICE_OFFER,,1,A202306,C2024Q4T07,V-SA,SA1,2,14500.12
D,RESIDUE_PRICE_OFFER,,1,A202306,C2024Q4T07,V-SA,SA1,2,14857.14
D,RESIDUE_PRICE_OFFER,,1,A202306,C2024Q4T07,V-SA,SA1,2,15000.12
D,RESIDUE_PRICE_OFFER,,1,A202306,C2024Q4T07,V-SA,SA1,2,16000
D,RESIDUE_PRICE_OFFER,,1,A202306,C2024Q4T07,V-SA,SA1,3,5992.672160
D,RESIDUE_PRICE_OFFER,,1,A202306,C2024Q4T07,V-SA,SA1,3,6532.012660
D,RESIDUE_PRICE_OFFER,,1,A202306,C2024Q4T07,V-SA,SA1,3,7119.8938
D,RESIDUE_PRICE_OFFER,,1,A202306,C2024Q4T07,V-SA,SA1,3,7760.684240
D,RESIDUE_PRICE_OFFER,,1,A202306,C2024Q4T07,V-SA,SA1,3,8459.145820
D,RESIDUE_PRICE_OFFER,,1,A202306,C2024Q4T07,V-SA,SA1,3,9220.468940
D,RESIDUE_PRICE_OFFER,,1,A202306,C2024Q4T07,V-SA,SA1,64,0
D,RESIDUE_PRICE_OFFER,,1,A202306,C2024Q4T07,V-SA,VIC1,2,18000.099990
D,RESIDUE_PRICE_OFFER,,1,A202306,C2024Q4T07,V-SA,VIC1,2,19600.2040
D,RESIDUE_PRICE_OFFER,,1,A202306,C2024Q4T07,V-SA,VIC1,2,21952.228480
D,RESIDUE_PRICE_OFFER,,1,A202306,C2024Q4T07,V-SA,VIC1,2,24586.4959
D,RESIDUE_PRICE_OFFER,,1,A202306,C2024Q4T07,V-SA,VIC1,2,27536.875410
D,RESIDUE_PRICE_OFFER,,1,A202306,C2024Q4T07,V-SA,VIC1,2,30841.300450
D,RESIDUE_PRICE_OFFER,,1,A202306,C2024Q4T07,V-SA,VIC1,2,34542.256510
D,RESIDUE_PRICE_OFFER,,1,A202306,C2024Q4T07,V-SA,VIC1,5,22000
D,RESIDUE_PRICE_OFFER,,1,A202306,C2024Q4T07,V-SA,VIC1,5,25000
D,RESIDUE_PRICE_OFFER,,1,A202306,C2024Q4T07,V-SA,VIC1,10,20000
D,RESIDUE_PRICE_OFFER,,1,A202306,C2024Q4T07,V-SA,VIC1,10,30000
D,RESIDUE_PRICE_OFFER,,1,A202306,C2024Q4T07,V-SA,VIC1,10,35000
D,RESIDUE_PRICE_OFFER,,1,A202306,C2024Q4T07,V-SA,VIC1,10,50000
D,RESIDUE_PRICE_OFFER,,1,A202306,C2024Q4T07,V-SA,VIC1,15,40000
D,RESIDUE_PRICE_OFFER,,1,A202306,C2024Q4T07,V-SA,VIC1,73,0
D,RESIDUE_PRICE_OFFER,,1,A202306,C2024Q4T07,VIC1-NSW1,NSW1,3,1718.889660
D,RESIDUE_PRICE_OFFER,,1,A202306,C2024Q4T07,VIC1-NSW1,NSW1,3,2406.445530
D,RESIDUE_PRICE_OFFER,,1,A202306,C2024Q4T07,VIC1-NSW1,NSW1,3,3369.023740
D,RESIDUE_PRICE_OFFER,,1,A202306,C2024Q4T07,VIC1-NSW1,NSW1,3,5895.791550
D,RESIDUE_PRICE_OFFER,,1,A202306,C2024Q4T07,VIC1-NSW1,NSW1,3,10317.635220
D,RESIDUE_PRICE_OFFER,,1,A202306,C2024Q4T07,VIC1-NSW1,NSW1,3,18055.861640
D,RESIDUE_PRICE_OFFER,,1,A202306,C2024Q4T07,VIC1-NSW1,NSW1,108,0
D,RESIDUE_PRICE_OFFER,,1,A202306,C2024Q4T07,VIC1-NSW1,VIC1,2,20200.88
D,RESIDUE_PRICE_OFFER,,1,A202306,C2024Q4T07,VIC1-NSW1,VIC1,2,20400.88
D,RESIDUE_PRICE_OFFER,,1,A202306,C2024Q4T07,VIC1-NSW1,VIC1,2,20600.88
D,RESIDUE_PRICE_OFFER,,1,A202306,C2024Q4T07,VIC1-NSW1,VIC1,2,20800.88
D,RESIDUE_PRICE_OFFER,,1,A202306,C2024Q4T07,VIC1-NSW1,VIC1,2,21000.88
D,RESIDUE_PRICE_OFFER,,1,A202306,C2024Q4T07,VIC1-NSW1,VIC1,2,21200.88
D,RESIDUE_PRICE_OFFER,,1,A202306,C2024Q4T07,VIC1-NSW1,VIC1,2,21400.88
D,RESIDUE_PRICE_OFFER,,1,A202306,C2024Q4T07,VIC1-NSW1,VIC1,2,21600.88
D,RESIDUE_PRICE_OFFER,,1,A202306,C2024Q4T07,VIC1-NSW1,VIC1,2,21800.88
D,RESIDUE_PRICE_OFFER,,1,A202306,C2024Q4T07,VIC1-NSW1,VIC1,2,22000.88
D,RESIDUE_PRICE_OFFER,,1,A202306,C2024Q4T07,VIC1-NSW1,VIC1,2,22200.88
D,RESIDUE_PRICE_OFFER,,1,A202306,C2024Q4T07,VIC1-NSW1,VIC1,2,22400.88
D,RESIDUE_PRICE_OFFER,,1,A202306,C2024Q4T07,VIC1-NSW1,VIC1,2,22600.88
D,RESIDUE_PRICE_OFFER,,1,A202306,C2024Q4T07,VIC1-NSW1,VIC1,2,22800.88
D,RESIDUE_PRICE_OFFER,,1,A202306,C2024Q4T07,VIC1-NSW1,VIC1,2,23000.88
D,RESIDUE_PRICE_OFFER,,1,A202306,C2024Q4T07,VIC1-NSW1,VIC1,2,23200.88
D,RESIDUE_PRICE_OFFER,,1,A202306,C2024Q4T07,VIC1-NSW1,VIC1,2,23400.88
D,RESIDUE_PRICE_OFFER,,1,A202306,C2024Q4T07,VIC1-NSW1,VIC1,2,23600.88
D,RESIDUE_PRICE_OFFER,,1,A202306,C2024Q4T07,VIC1-NSW1,VIC1,2,23800.88
D,RESIDUE_PRICE_OFFER,,1,A202306,C2024Q4T07,VIC1-NSW1,VIC1,2,24000.88
D,RESIDUE_PRICE_OFFER,,1,A202306,C2024Q4T07,VIC1-NSW1,VIC1,2,24200.88
D,RESIDUE_PRICE_OFFER,,1,A202306,C2024Q4T07,VIC1-NSW1,VIC1,2,24400.88
D,RESIDUE_PRICE_OFFER,,1,A202306,C2024Q4T07,VIC1-NSW1,VIC1,2,24600.88
D,RESIDUE_PRICE_OFFER,,1,A202306,C2024Q4T07,VIC1-NSW1,VIC1,2,24800.88
D,RESIDUE_PRICE_OFFER,,1,A202306,C2024Q4T07,VIC1-NSW1,VIC1,2,25000.88
D,RESIDUE_PRICE_OFFER,,1,A202306,C2024Q4T07,VIC1-NSW1,VIC1,3,21350
D,RESIDUE_PRICE_OFFER,,1,A202306,C2024Q4T07,VIC1-NSW1,VIC1,3,21990.50
D,RESIDUE_PRICE_OFFER,,1,A202306,C2024Q4T07,VIC1-NSW1,VIC1,3,22650.2150
D,RESIDUE_PRICE_OFFER,,1,A202306,C2024Q4T07,VIC1-NSW1,VIC1,3,23329.721450
D,RESIDUE_PRICE_OFFER,,1,A202306,C2024Q4T07,VIC1-NSW1,VIC1,3,24962.801950
D,RESIDUE_PRICE_OFFER,,1,A202306,C2024Q4T07,VIC1-NSW1,VIC1,3,26710.198090
D,RESIDUE_PRICE_OFFER,,1,A202306,C2024Q4T07,VIC1-NSW1,VIC1,10,27360
D,RESIDUE_PRICE_OFFER,,1,A202306,C2024Q4T07,VIC1-NSW1,VIC1,10,29700.88
D,RESIDUE_PRICE_OFFER,,1,A202306,C2024Q4T07,VIC1-NSW1,VIC1,10,31400.88
D,RESIDUE_PRICE_OFFER,,1,A202306,C2024Q4T07,VIC1-NSW1,VIC1,10,33100.879990
D,RESIDUE_PRICE_OFFER,,1,A202306,C2024Q4T07,VIC1-NSW1,VIC1,10,34800.879990
D,RESIDUE_PRICE_OFFER,,1,A202306,C2024Q4T07,VIC1-NSW1,VIC1,10,36500.879990
D,RESIDUE_PRICE_OFFER,,1,A202306,C2024Q4T07,VIC1-NSW1,VIC1,10,38200.879990
D,RESIDUE_PRICE_OFFER,,1,A202306,C2024Q4T07,VIC1-NSW1,VIC1,10,39900.879990
D,RESIDUE_PRICE_OFFER,,1,A202306,C2024Q4T07,VIC1-NSW1,VIC1,10,41600.879990
D,RESIDUE_PRICE_OFFER,,1,A202306,C2024Q4T07,VIC1-NSW1,VIC1,10,43300.88
D,RESIDUE_PRICE_OFFER,,1,A202306,C2024Q4T07,VIC1-NSW1,VIC1,10,45000.88
D,RESIDUE_PRICE_OFFER,,1,A202306,C2024Q4T07,VIC1-NSW1,VIC1,53,27000
D,RESIDUE_PRICE_OFFER,,1,A202306,C2024Q4T07,VIC1-NSW1,VIC1,125,0
D,RESIDUE_PRICE_OFFER,,1,A202306,C2025Q1T06,NSW1-QLD1,NSW1,1,15050.03
D,RESIDUE_PRICE_OFFER,,1,A202306,C2025Q1T06,NSW1-QLD1,NSW1,1,15100.03
D,RESIDUE_PRICE_OFFER,,1,A202306,C2025Q1T06,NSW1-QLD1,NSW1,45,0
D,RESIDUE_PRICE_OFFER,,1,A202306,C2025Q1T06,NSW1-QLD1,QLD1,1,18080.39
D,RESIDUE_PRICE_OFFER,,1,A202306,C2025Q1T06,NSW1-QLD1,QLD1,1,18160.39
D,RESIDUE_PRICE_OFFER,,1,A202306,C2025Q1T06,NSW1-QLD1,QLD1,1,18240.39
D,RESIDUE_PRICE_OFFER,,1,A202306,C2025Q1T06,NSW1-QLD1,QLD1,1,18320.39
D,RESIDUE_PRICE_OFFER,,1,A202306,C2025Q1T06,NSW1-QLD1,QLD1,1,18400.39
D,RESIDUE_PRICE_OFFER,,1,A202306,C2025Q1T06,NSW1-QLD1,QLD1,1,18480.39
D,RESIDUE_PRICE_OFFER,,1,A202306,C2025Q1T06,NSW1-QLD1,QLD1,1,18560.39
D,RESIDUE_PRICE_OFFER,,1,A202306,C2025Q1T06,NSW1-QLD1,QLD1,1,18640.39
D,RESIDUE_PRICE_OFFER,,1,A202306,C2025Q1T06,NSW1-QLD1,QLD1,1,18720.39
D,RESIDUE_PRICE_OFFER,,1,A202306,C2025Q1T06,NSW1-QLD1,QLD1,1,18800.39
D,RESIDUE_PRICE_OFFER,,1,A202306,C2025Q1T06,NSW1-QLD1,QLD1,1,18880.39
D,RESIDUE_PRICE_OFFER,,1,A202306,C2025Q1T06,NSW1-QLD1,QLD1,1,18960.39
D,RESIDUE_PRICE_OFFER,,1,A202306,C2025Q1T06,NSW1-QLD1,QLD1,1,19040.39
D,RESIDUE_PRICE_OFFER,,1,A202306,C2025Q1T06,NSW1-QLD1,QLD1,1,19120.39
D,RESIDUE_PRICE_OFFER,,1,A202306,C2025Q1T06,NSW1-QLD1,QLD1,1,19200.39
D,RESIDUE_PRICE_OFFER,,1,A202306,C2025Q1T06,NSW1-QLD1,QLD1,1,19280.39
D,RESIDUE_PRICE_OFFER,,1,A202306,C2025Q1T06,NSW1-QLD1,QLD1,1,19360.39
D,RESIDUE_PRICE_OFFER,,1,A202306,C2025Q1T06,NSW1-QLD1,QLD1,1,19440.39
D,RESIDUE_PRICE_OFFER,,1,A202306,C2025Q1T06,NSW1-QLD1,QLD1,1,19520.39
D,RESIDUE_PRICE_OFFER,,1,A202306,C2025Q1T06,NSW1-QLD1,QLD1,1,19600.39
D,RESIDUE_PRICE_OFFER,,1,A202306,C2025Q1T06,NSW1-QLD1,QLD1,1,19680.39
D,RESIDUE_PRICE_OFFER,,1,A202306,C2025Q1T06,NSW1-QLD1,QLD1,1,19760.39
D,RESIDUE_PRICE_OFFER,,1,A202306,C2025Q1T06,NSW1-QLD1,QLD1,1,19840.39
D,RESIDUE_PRICE_OFFER,,1,A202306,C2025Q1T06,NSW1-QLD1,QLD1,1,19920.39
D,RESIDUE_PRICE_OFFER,,1,A202306,C2025Q1T06,NSW1-QLD1,QLD1,1,20000.39
D,RESIDUE_PRICE_OFFER,,1,A202306,C2025Q1T06,NSW1-QLD1,QLD1,2,22400.39
D,RESIDUE_PRICE_OFFER,,1,A202306,C2025Q1T06,NSW1-QLD1,QLD1,2,22800.39
D,RESIDUE_PRICE_OFFER,,1,A202306,C2025Q1T06,NSW1-QLD1,QLD1,2,23200.39
D,RESIDUE_PRICE_OFFER,,1,A202306,C2025Q1T06,NSW1-QLD1,QLD1,2,23600.39
D,RESIDUE_PRICE_OFFER,,1,A202306,C2025Q1T06,NSW1-QLD1,QLD1,2,24000.39
D,RESIDUE_PRICE_OFFER,,1,A202306,C2025Q1T06,NSW1-QLD1,QLD1,2,24400.39
D,RESIDUE_PRICE_OFFER,,1,A202306,C2025Q1T06,NSW1-QLD1,QLD1,2,24800.39
D,RESIDUE_PRICE_OFFER,,1,A202306,C2025Q1T06,NSW1-QLD1,QLD1,2,25200.39
D,RESIDUE_PRICE_OFFER,,1,A202306,C2025Q1T06,NSW1-QLD1,QLD1,2,25600.39
D,RESIDUE_PRICE_OFFER,,1,A202306,C2025Q1T06,NSW1-QLD1,QLD1,2,26000.39
D,RESIDUE_PRICE_OFFER,,1,A202306,C2025Q1T06,NSW1-QLD1,QLD1,2,26400.39
D,RESIDUE_PRICE_OFFER,,1,A202306,C2025Q1T06,NSW1-QLD1,QLD1,2,26800.39
D,RESIDUE_PRICE_OFFER,,1,A202306,C2025Q1T06,NSW1-QLD1,QLD1,2,27200.39
D,RESIDUE_PRICE_OFFER,,1,A202306,C2025Q1T06,NSW1-QLD1,QLD1,2,27600.39
D,RESIDUE_PRICE_OFFER,,1,A202306,C2025Q1T06,NSW1-QLD1,QLD1,2,28000.39
D,RESIDUE_PRICE_OFFER,,1,A202306,C2025Q1T06,NSW1-QLD1,QLD1,2,28400.39
D,RESIDUE_PRICE_OFFER,,1,A202306,C2025Q1T06,NSW1-QLD1,QLD1,2,28800.39
D,RESIDUE_PRICE_OFFER,,1,A202306,C2025Q1T06,NSW1-QLD1,QLD1,2,29200.39
D,RESIDUE_PRICE_OFFER,,1,A202306,C2025Q1T06,NSW1-QLD1,QLD1,2,29600.39
D,RESIDUE_PRICE_OFFER,,1,A202306,C2025Q1T06,NSW1-QLD1,QLD1,2,30000.39
D,RESIDUE_PRICE_OFFER,,1,A202306,C2025Q1T06,NSW1-QLD1,QLD1,2,30400.39
D,RESIDUE_PRICE_OFFER,,1,A202306,C2025Q1T06,NSW1-QLD1,QLD1,2,30800.39
D,RESIDUE_PRICE_OFFER,,1,A202306,C2025Q1T06,NSW1-QLD1,QLD1,2,31200.39
D,RESIDUE_PRICE_OFFER,,1,A202306,C2025Q1T06,NSW1-QLD1,QLD1,2,31600.39
D,RESIDUE_PRICE_OFFER,,1,A202306,C2025Q1T06,NSW1-QLD1,QLD1,2,32000.39
D,RESIDUE_PRICE_OFFER,,1,A202306,C2025Q1T06,NSW1-QLD1,QLD1,3,21288.380950
D,RESIDUE_PRICE_OFFER,,1,A202306,C2025Q1T06,NSW1-QLD1,QLD1,3,25546.057140
D,RESIDUE_PRICE_OFFER,,1,A202306,C2025Q1T06,NSW1-QLD1,QLD1,3,30655.268570
D,RESIDUE_PRICE_OFFER,,1,A202306,C2025Q1T06,NSW1-QLD1,QLD1,5,42917.375990
D,RESIDUE_PRICE_OFFER,,1,A202306,C2025Q1T06,NSW1-QLD1,QLD1,5,60084.3264
D,RESIDUE_PRICE_OFFER,,1,A202306,C2025Q1T06,NSW1-QLD1,QLD1,5,84118.056960
D,RESIDUE_PRICE_OFFER,,1,A202306,C2025Q1T06,NSW1-QLD1,QLD1,100,0
D,RESIDUE_PRICE_OFFER,,1,A202306,C2025Q1T06,V-SA,SA1,3,6726.05
D,RESIDUE_PRICE_OFFER,,1,A202306,C2025Q1T06,V-SA,SA1,3,7331.3945
D,RESIDUE_PRICE_OFFER,,1,A202306,C2025Q1T06,V-SA,SA1,3,7991.22
D,RESIDUE_PRICE_OFFER,,1,A202306,C2025Q1T06,V-SA,SA1,3,8710.4298
D,RESIDUE_PRICE_OFFER,,1,A202306,C2025Q1T06,V-SA,SA1,3,9494.368480
D,RESIDUE_PRICE_OFFER,,1,A202306,C2025Q1T06,V-SA,SA1,3,10348.861650
D,RESIDUE_PRICE_OFFER,,1,A202306,C2025Q1T06,V-SA,SA1,64,0
D,RESIDUE_PRICE_OFFER,,1,A202306,C2025Q1T06,V-SA,VIC1,2,33906.7275
D,RESIDUE_PRICE_OFFER,,1,A202306,C2025Q1T06,V-SA,VIC1,2,34600.10
D,RESIDUE_PRICE_OFFER,,1,A202306,C2025Q1T06,V-SA,VIC1,2,34700.10
D,RESIDUE_PRICE_OFFER,,1,A202306,C2025Q1T06,V-SA,VIC1,2,34800.10
D,RESIDUE_PRICE_OFFER,,1,A202306,C2025Q1T06,V-SA,VIC1,2,34900.10
D,RESIDUE_PRICE_OFFER,,1,A202306,C2025Q1T06,V-SA,VIC1,2,35000.10
D,RESIDUE_PRICE_OFFER,,1,A202306,C2025Q1T06,V-SA,VIC1,2,37975.5348
D,RESIDUE_PRICE_OFFER,,1,A202306,C2025Q1T06,V-SA,VIC1,2,42532.598980
D,RESIDUE_PRICE_OFFER,,1,A202306,C2025Q1T06,V-SA,VIC1,2,47636.510850
D,RESIDUE_PRICE_OFFER,,1,A202306,C2025Q1T06,V-SA,VIC1,2,53352.892160
D,RESIDUE_PRICE_OFFER,,1,A202306,C2025Q1T06,V-SA,VIC1,2,59755.239210
D,RESIDUE_PRICE_OFFER,,1,A202306,C2025Q1T06,V-SA,VIC1,5,30000
D,RESIDUE_PRICE_OFFER,,1,A202306,C2025Q1T06,V-SA,VIC1,5,75000
D,RESIDUE_PRICE_OFFER,,1,A202306,C2025Q1T06,V-SA,VIC1,7,35000
D,RESIDUE_PRICE_OFFER,,1,A202306,C2025Q1T06,V-SA,VIC1,12,40000
D,RESIDUE_PRICE_OFFER,,1,A202306,C2025Q1T06,V-SA,VIC1,13,50000
D,RESIDUE_PRICE_OFFER,,1,A202306,C2025Q1T06,V-SA,VIC1,73,0
D,RESIDUE_PRICE_OFFER,,1,A202306,C2025Q1T06,VIC1-NSW1,NSW1,1,5500.90
D,RESIDUE_PRICE_OFFER,,1,A202306,C2025Q1T06,VIC1-NSW1,NSW1,3,5597.771360
D,RESIDUE_PRICE_OFFER,,1,A202306,C2025Q1T06,VIC1-NSW1,NSW1,3,7836.8799
D,RESIDUE_PRICE_OFFER,,1,A202306,C2025Q1T06,VIC1-NSW1,NSW1,3,10971.631870
D,RESIDUE_PRICE_OFFER,,1,A202306,C2025Q1T06,VIC1-NSW1,NSW1,3,19200.355760
D,RESIDUE_PRICE_OFFER,,1,A202306,C2025Q1T06,VIC1-NSW1,NSW1,3,33600.6226
D,RESIDUE_PRICE_OFFER,,1,A202306,C2025Q1T06,VIC1-NSW1,NSW1,3,58801.089550
D,RESIDUE_PRICE_OFFER,,1,A202306,C2025Q1T06,VIC1-NSW1,NSW1,108,0
D,RESIDUE_PRICE_OFFER,,1,A202306,C2025Q1T06,VIC1-NSW1,VIC1,1,25120.88
D,RESIDUE_PRICE_OFFER,,1,A202306,C2025Q1T06,VIC1-NSW1,VIC1,1,25240.88
D,RESIDUE_PRICE_OFFER,,1,A202306,C2025Q1T06,VIC1-NSW1,VIC1,1,25360.88
D,RESIDUE_PRICE_OFFER,,1,A202306,C2025Q1T06,VIC1-NSW1,VIC1,1,25480.88
D,RESIDUE_PRICE_OFFER,,1,A202306,C2025Q1T06,VIC1-NSW1,VIC1,1,25600.88
D,RESIDUE_PRICE_OFFER,,1,A202306,C2025Q1T06,VIC1-NSW1,VIC1,1,25720.88
D,RESIDUE_PRICE_OFFER,,1,A202306,C2025Q1T06,VIC1-NSW1,VIC1,1,25840.88
D,RESIDUE_PRICE_OFFER,,1,A202306,C2025Q1T06,VIC1-NSW1,VIC1,1,25960.88
D,RESIDUE_PRICE_OFFER,,1,A202306,C2025Q1T06,VIC1-NSW1,VIC1,1,26080.88
D,RESIDUE_PRICE_OFFER,,1,A202306,C2025Q1T06,VIC1-NSW1,VIC1,1,26200.88
D,RESIDUE_PRICE_OFFER,,1,A202306,C2025Q1T06,VIC1-NSW1,VIC1,1,26320.88
D,RESIDUE_PRICE_OFFER,,1,A202306,C2025Q1T06,VIC1-NSW1,VIC1,1,26440.88
D,RESIDUE_PRICE_OFFER,,1,A202306,C2025Q1T06,VIC1-NSW1,VIC1,1,26560.88
D,RESIDUE_PRICE_OFFER,,1,A202306,C2025Q1T06,VIC1-NSW1,VIC1,1,26680.88
D,RESIDUE_PRICE_OFFER,,1,A202306,C2025Q1T06,VIC1-NSW1,VIC1,1,26800.88
D,RESIDUE_PRICE_OFFER,,1,A202306,C2025Q1T06,VIC1-NSW1,VIC1,1,26920.88
D,RESIDUE_PRICE_OFFER,,1,A202306,C2025Q1T06,VIC1-NSW1,VIC1,1,27040.88
D,RESIDUE_PRICE_OFFER,,1,A202306,C2025Q1T06,VIC1-NSW1,VIC1,1,27160.88
D,RESIDUE_PRICE_OFFER,,1,A202306,C2025Q1T06,VIC1-NSW1,VIC1,1,27280.88
D,RESIDUE_PRICE_OFFER,,1,A202306,C2025Q1T06,VIC1-NSW1,VIC1,1,27400.88
D,RESIDUE_PRICE_OFFER,,1,A202306,C2025Q1T06,VIC1-NSW1,VIC1,1,27520.88
D,RESIDUE_PRICE_OFFER,,1,A202306,C2025Q1T06,VIC1-NSW1,VIC1,1,27640.88
D,RESIDUE_PRICE_OFFER,,1,A202306,C2025Q1T06,VIC1-NSW1,VIC1,1,27760.88
D,RESIDUE_PRICE_OFFER,,1,A202306,C2025Q1T06,VIC1-NSW1,VIC1,1,27880.88
D,RESIDUE_PRICE_OFFER,,1,A202306,C2025Q1T06,VIC1-NSW1,VIC1,1,28000.88
D,RESIDUE_PRICE_OFFER,,1,A202306,C2025Q1T06,VIC1-NSW1,VIC1,3,30600.88
D,RESIDUE_PRICE_OFFER,,1,A202306,C2025Q1T06,VIC1-NSW1,VIC1,3,31200.88
D,RESIDUE_PRICE_OFFER,,1,A202306,C2025Q1T06,VIC1-NSW1,VIC1,3,31800.88
D,RESIDUE_PRICE_OFFER,,1,A202306,C2025Q1T06,VIC1-NSW1,VIC1,3,32400.88
D,RESIDUE_PRICE_OFFER,,1,A202306,C2025Q1T06,VIC1-NSW1,VIC1,3,33000.879990
D,RESIDUE_PRICE_OFFER,,1,A202306,C2025Q1T06,VIC1-NSW1,VIC1,3,33600.879990
D,RESIDUE_PRICE_OFFER,,1,A202306,C2025Q1T06,VIC1-NSW1,VIC1,3,34200.879990
D,RESIDUE_PRICE_OFFER,,1,A202306,C2025Q1T06,VIC1-NSW1,VIC1,3,34800.879990
D,RESIDUE_PRICE_OFFER,,1,A202306,C2025Q1T06,VIC1-NSW1,VIC1,3,35400.879990
D,RESIDUE_PRICE_OFFER,,1,A202306,C2025Q1T06,VIC1-NSW1,VIC1,3,36000.879990
D,RESIDUE_PRICE_OFFER,,1,A202306,C2025Q1T06,VIC1-NSW1,VIC1,3,36600.879990
D,RESIDUE_PRICE_OFFER,,1,A202306,C2025Q1T06,VIC1-NSW1,VIC1,3,37200.879990
D,RESIDUE_PRICE_OFFER,,1,A202306,C2025Q1T06,VIC1-NSW1,VIC1,3,37800.879990
D,RESIDUE_PRICE_OFFER,,1,A202306,C2025Q1T06,VIC1-NSW1,VIC1,3,38400.879990
D,RESIDUE_PRICE_OFFER,,1,A202306,C2025Q1T06,VIC1-NSW1,VIC1,3,39000.879990
D,RESIDUE_PRICE_OFFER,,1,A202306,C2025Q1T06,VIC1-NSW1,VIC1,3,39600.879990
D,RESIDUE_PRICE_OFFER,,1,A202306,C2025Q1T06,VIC1-NSW1,VIC1,3,40200.879990
D,RESIDUE_PRICE_OFFER,,1,A202306,C2025Q1T06,VIC1-NSW1,VIC1,3,40800.879990
D,RESIDUE_PRICE_OFFER,,1,A202306,C2025Q1T06,VIC1-NSW1,VIC1,3,41400.879990
D,RESIDUE_PRICE_OFFER,,1,A202306,C2025Q1T06,VIC1-NSW1,VIC1,3,42000.879990
D,RESIDUE_PRICE_OFFER,,1,A202306,C2025Q1T06,VIC1-NSW1,VIC1,3,42600.879990
D,RESIDUE_PRICE_OFFER,,1,A202306,C2025Q1T06,VIC1-NSW1,VIC1,3,43200.88
D,RESIDUE_PRICE_OFFER,,1,A202306,C2025Q1T06,VIC1-NSW1,VIC1,3,43800.88
D,RESIDUE_PRICE_OFFER,,1,A202306,C2025Q1T06,VIC1-NSW1,VIC1,3,44400.88
D,RESIDUE_PRICE_OFFER,,1,A202306,C2025Q1T06,VIC1-NSW1,VIC1,3,45000.88
D,RESIDUE_PRICE_OFFER,,1,A202306,C2025Q1T06,VIC1-NSW1,VIC1,25,28000
D,RESIDUE_PRICE_OFFER,,1,A202306,C2025Q1T06,VIC1-NSW1,VIC1,125,0
D,RESIDUE_PRICE_OFFER,,1,A202306,C2025Q2T05,NSW1-QLD1,NSW1,45,0
D,RESIDUE_PRICE_OFFER,,1,A202306,C2025Q2T05,NSW1-QLD1,QLD1,1,32050.39
D,RESIDUE_PRICE_OFFER,,1,A202306,C2025Q2T05,NSW1-QLD1,QLD1,1,32100.39
D,RESIDUE_PRICE_OFFER,,1,A202306,C2025Q2T05,NSW1-QLD1,QLD1,1,32150.39
D,RESIDUE_PRICE_OFFER,,1,A202306,C2025Q2T05,NSW1-QLD1,QLD1,1,32200.39
D,RESIDUE_PRICE_OFFER,,1,A202306,C2025Q2T05,NSW1-QLD1,QLD1,1,32250.39
D,RESIDUE_PRICE_OFFER,,1,A202306,C2025Q2T05,NSW1-QLD1,QLD1,1,32300.39
D,RESIDUE_PRICE_OFFER,,1,A202306,C2025Q2T05,NSW1-QLD1,QLD1,1,32350.39
D,RESIDUE_PRICE_OFFER,,1,A202306,C2025Q2T05,NSW1-QLD1,QLD1,1,32400.39
D,RESIDUE_PRICE_OFFER,,1,A202306,C2025Q2T05,NSW1-QLD1,QLD1,1,32450.39
D,RESIDUE_PRICE_OFFER,,1,A202306,C2025Q2T05,NSW1-QLD1,QLD1,1,32500.39
D,RESIDUE_PRICE_OFFER,,1,A202306,C2025Q2T05,NSW1-QLD1,QLD1,10,39988
D,RESIDUE_PRICE_OFFER,,1,A202306,C2025Q2T05,NSW1-QLD1,QLD1,100,0
D,RESIDUE_PRICE_OFFER,,1,A202306,C2025Q2T05,V-SA,SA1,1,5045.12
D,RESIDUE_PRICE_OFFER,,1,A202306,C2025Q2T05,V-SA,SA1,1,5090.12
D,RESIDUE_PRICE_OFFER,,1,A202306,C2025Q2T05,V-SA,SA1,1,5135.12
D,RESIDUE_PRICE_OFFER,,1,A202306,C2025Q2T05,V-SA,SA1,1,5180.12
D,RESIDUE_PRICE_OFFER,,1,A202306,C2025Q2T05,V-SA,SA1,1,5225.12
D,RESIDUE_PRICE_OFFER,,1,A202306,C2025Q2T05,V-SA,SA1,1,5270.12
D,RESIDUE_PRICE_OFFER,,1,A202306,C2025Q2T05,V-SA,SA1,1,5315.12
D,RESIDUE_PRICE_OFFER,,1,A202306,C2025Q2T05,V-SA,SA1,1,5360.12
D,RESIDUE_PRICE_OFFER,,1,A202306,C2025Q2T05,V-SA,SA1,1,5405.12
D,RESIDUE_PRICE_OFFER,,1,A202306,C2025Q2T05,V-SA,SA1,1,5450.12
D,RESIDUE_PRICE_OFFER,,1,A202306,C2025Q2T05,V-SA,SA1,1,5495.12
D,RESIDUE_PRICE_OFFER,,1,A202306,C2025Q2T05,V-SA,SA1,64,0
D,RESIDUE_PRICE_OFFER,,1,A202306,C2025Q2T05,V-SA,VIC1,5,22000
D,RESIDUE_PRICE_OFFER,,1,A202306,C2025Q2T05,V-SA,VIC1,5,25000
D,RESIDUE_PRICE_OFFER,,1,A202306,C2025Q2T05,V-SA,VIC1,6,18000.099990
D,RESIDUE_PRICE_OFFER,,1,A202306,C2025Q2T05,V-SA,VIC1,9,30000
D,RESIDUE_PRICE_OFFER,,1,A202306,C2025Q2T05,V-SA,VIC1,10,21500
D,RESIDUE_PRICE_OFFER,,1,A202306,C2025Q2T05,V-SA,VIC1,10,35000
D,RESIDUE_PRICE_OFFER,,1,A202306,C2025Q2T05,V-SA,VIC1,10,40000
D,RESIDUE_PRICE_OFFER,,1,A202306,C2025Q2T05,V-SA,VIC1,10,50000
D,RESIDUE_PRICE_OFFER,,1,A202306,C2025Q2T05,V-SA,VIC1,73,0
D,RESIDUE_PRICE_OFFER,,1,A202306,C2025Q2T05,VIC1-NSW1,NSW1,2,1544.88
D,RESIDUE_PRICE_OFFER,,1,A202306,C2025Q2T05,VIC1-NSW1,NSW1,2,1931.10
D,RESIDUE_PRICE_OFFER,,1,A202306,C2025Q2T05,VIC1-NSW1,NSW1,2,2107.90
D,RESIDUE_PRICE_OFFER,,1,A202306,C2025Q2T05,VIC1-NSW1,NSW1,2,2214.90
D,RESIDUE_PRICE_OFFER,,1,A202306,C2025Q2T05,VIC1-NSW1,NSW1,2,2321.90
D,RESIDUE_PRICE_OFFER,,1,A202306,C2025Q2T05,VIC1-NSW1,NSW1,2,2413.8750
D,RESIDUE_PRICE_OFFER,,1,A202306,C2025Q2T05,VIC1-NSW1,NSW1,2,2428.90
D,RESIDUE_PRICE_OFFER,,1,A202306,C2025Q2T05,VIC1-NSW1,NSW1,2,2535.90
D,RESIDUE_PRICE_OFFER,,1,A202306,C2025Q2T05,VIC1-NSW1,NSW1,2,2642.90
D,RESIDUE_PRICE_OFFER,,1,A202306,C2025Q2T05,VIC1-NSW1,NSW1,2,2749.90
D,RESIDUE_PRICE_OFFER,,1,A202306,C2025Q2T05,VIC1-NSW1,NSW1,2,2856.90
D,RESIDUE_PRICE_OFFER,,1,A202306,C2025Q2T05,VIC1-NSW1,NSW1,2,2963.90
D,RESIDUE_PRICE_OFFER,,1,A202306,C2025Q2T05,VIC1-NSW1,NSW1,2,3017.343750
D,RESIDUE_PRICE_OFFER,,1,A202306,C2025Q2T05,VIC1-NSW1,NSW1,2,3070.90
D,RESIDUE_PRICE_OFFER,,1,A202306,C2025Q2T05,VIC1-NSW1,NSW1,2,3177.90
D,RESIDUE_PRICE_OFFER,,1,A202306,C2025Q2T05,VIC1-NSW1,NSW1,2,3284.90
D,RESIDUE_PRICE_OFFER,,1,A202306,C2025Q2T05,VIC1-NSW1,NSW1,2,3391.90
D,RESIDUE_PRICE_OFFER,,1,A202306,C2025Q2T05,VIC1-NSW1,NSW1,2,3498.90
D,RESIDUE_PRICE_OFFER,,1,A202306,C2025Q2T05,VIC1-NSW1,NSW1,2,3771.679680
D,RESIDUE_PRICE_OFFER,,1,A202306,C2025Q2T05,VIC1-NSW1,NSW1,2,4714.5996
D,RESIDUE_PRICE_OFFER,,1,A202306,C2025Q2T05,VIC1-NSW1,NSW1,108,0
D,RESIDUE_PRICE_OFFER,,1,A202306,C2025Q2T05,VIC1-NSW1,VIC1,1,22120.88
D,RESIDUE_PRICE_OFFER,,1,A202306,C2025Q2T05,VIC1-NSW1,VIC1,1,22240.88
D,RESIDUE_PRICE_OFFER,,1,A202306,C2025Q2T05,VIC1-NSW1,VIC1,1,22360.88
D,RESIDUE_PRICE_OFFER,,1,A202306,C2025Q2T05,VIC1-NSW1,VIC1,1,22480.88
D,RESIDUE_PRICE_OFFER,,1,A202306,C2025Q2T05,VIC1-NSW1,VIC1,1,22600.88
D,RESIDUE_PRICE_OFFER,,1,A202306,C2025Q2T05,VIC1-NSW1,VIC1,1,22720.88
D,RESIDUE_PRICE_OFFER,,1,A202306,C2025Q2T05,VIC1-NSW1,VIC1,1,22840.88
D,RESIDUE_PRICE_OFFER,,1,A202306,C2025Q2T05,VIC1-NSW1,VIC1,1,22960.88
D,RESIDUE_PRICE_OFFER,,1,A202306,C2025Q2T05,VIC1-NSW1,VIC1,1,23080.88
D,RESIDUE_PRICE_OFFER,,1,A202306,C2025Q2T05,VIC1-NSW1,VIC1,1,23200.88
D,RESIDUE_PRICE_OFFER,,1,A202306,C2025Q2T05,VIC1-NSW1,VIC1,1,23320.88
D,RESIDUE_PRICE_OFFER,,1,A202306,C2025Q2T05,VIC1-NSW1,VIC1,1,23440.88
D,RESIDUE_PRICE_OFFER,,1,A202306,C2025Q2T05,VIC1-NSW1,VIC1,1,23560.88
D,RESIDUE_PRICE_OFFER,,1,A202306,C2025Q2T05,VIC1-NSW1,VIC1,1,23680.88
D,RESIDUE_PRICE_OFFER,,1,A202306,C2025Q2T05,VIC1-NSW1,VIC1,1,23800.88
D,RESIDUE_PRICE_OFFER,,1,A202306,C2025Q2T05,VIC1-NSW1,VIC1,1,23920.88
D,RESIDUE_PRICE_OFFER,,1,A202306,C2025Q2T05,VIC1-NSW1,VIC1,1,24040.88
D,RESIDUE_PRICE_OFFER,,1,A202306,C2025Q2T05,VIC1-NSW1,VIC1,1,24160.88
D,RESIDUE_PRICE_OFFER,,1,A202306,C2025Q2T05,VIC1-NSW1,VIC1,1,24280.88
D,RESIDUE_PRICE_OFFER,,1,A202306,C2025Q2T05,VIC1-NSW1,VIC1,1,24400.88
D,RESIDUE_PRICE_OFFER,,1,A202306,C2025Q2T05,VIC1-NSW1,VIC1,1,24520.88
D,RESIDUE_PRICE_OFFER,,1,A202306,C2025Q2T05,VIC1-NSW1,VIC1,1,24640.88
D,RESIDUE_PRICE_OFFER,,1,A202306,C2025Q2T05,VIC1-NSW1,VIC1,1,24760.88
D,RESIDUE_PRICE_OFFER,,1,A202306,C2025Q2T05,VIC1-NSW1,VIC1,1,24880.88
D,RESIDUE_PRICE_OFFER,,1,A202306,C2025Q2T05,VIC1-NSW1,VIC1,1,25000.88
D,RESIDUE_PRICE_OFFER,,1,A202306,C2025Q2T05,VIC1-NSW1,VIC1,5,28800.88
D,RESIDUE_PRICE_OFFER,,1,A202306,C2025Q2T05,VIC1-NSW1,VIC1,5,30600.88
D,RESIDUE_PRICE_OFFER,,1,A202306,C2025Q2T05,VIC1-NSW1,VIC1,5,32400.88
D,RESIDUE_PRICE_OFFER,,1,A202306,C2025Q2T05,VIC1-NSW1,VIC1,5,34200.879990
D,RESIDUE_PRICE_OFFER,,1,A202306,C2025Q2T05,VIC1-NSW1,VIC1,5,36000.879990
D,RESIDUE_PRICE_OFFER,,1,A202306,C2025Q2T05,VIC1-NSW1,VIC1,5,37800.879990
D,RESIDUE_PRICE_OFFER,,1,A202306,C2025Q2T05,VIC1-NSW1,VIC1,5,39600.879990
D,RESIDUE_PRICE_OFFER,,1,A202306,C2025Q2T05,VIC1-NSW1,VIC1,5,41400.879990
D,RESIDUE_PRICE_OFFER,,1,A202306,C2025Q2T05,VIC1-NSW1,VIC1,5,43200.88
D,RESIDUE_PRICE_OFFER,,1,A202306,C2025Q2T05,VIC1-NSW1,VIC1,5,45000.88
D,RESIDUE_PRICE_OFFER,,1,A202306,C2025Q2T05,VIC1-NSW1,VIC1,25,28000
D,RESIDUE_PRICE_OFFER,,1,A202306,C2025Q2T05,VIC1-NSW1,VIC1,125,0
D,RESIDUE_PRICE_OFFER,,1,A202306,C2025Q3T04,NSW1-QLD1,NSW1,45,0
D,RESIDUE_PRICE_OFFER,,1,A202306,C2025Q3T04,NSW1-QLD1,QLD1,1,32050.39
D,RESIDUE_PRICE_OFFER,,1,A202306,C2025Q3T04,NSW1-QLD1,QLD1,1,32100.39
D,RESIDUE_PRICE_OFFER,,1,A202306,C2025Q3T04,NSW1-QLD1,QLD1,1,32150.39
D,RESIDUE_PRICE_OFFER,,1,A202306,C2025Q3T04,NSW1-QLD1,QLD1,1,32200.39
D,RESIDUE_PRICE_OFFER,,1,A202306,C2025Q3T04,NSW1-QLD1,QLD1,1,32250.39
D,RESIDUE_PRICE_OFFER,,1,A202306,C2025Q3T04,NSW1-QLD1,QLD1,1,32300.39
D,RESIDUE_PRICE_OFFER,,1,A202306,C2025Q3T04,NSW1-QLD1,QLD1,1,32350.39
D,RESIDUE_PRICE_OFFER,,1,A202306,C2025Q3T04,NSW1-QLD1,QLD1,1,32400.39
D,RESIDUE_PRICE_OFFER,,1,A202306,C2025Q3T04,NSW1-QLD1,QLD1,1,32450.39
D,RESIDUE_PRICE_OFFER,,1,A202306,C2025Q3T04,NSW1-QLD1,QLD1,1,32500.39
D,RESIDUE_PRICE_OFFER,,1,A202306,C2025Q3T04,NSW1-QLD1,QLD1,1,34050.39
D,RESIDUE_PRICE_OFFER,,1,A202306,C2025Q3T04,NSW1-QLD1,QLD1,1,34100.39
D,RESIDUE_PRICE_OFFER,,1,A202306,C2025Q3T04,NSW1-QLD1,QLD1,1,34150.39
D,RESIDUE_PRICE_OFFER,,1,A202306,C2025Q3T04,NSW1-QLD1,QLD1,1,34200.39
D,RESIDUE_PRICE_OFFER,,1,A202306,C2025Q3T04,NSW1-QLD1,QLD1,1,34250.39
D,RESIDUE_PRICE_OFFER,,1,A202306,C2025Q3T04,NSW1-QLD1,QLD1,1,34300.39
D,RESIDUE_PRICE_OFFER,,1,A202306,C2025Q3T04,NSW1-QLD1,QLD1,1,34350.39
D,RESIDUE_PRICE_OFFER,,1,A202306,C2025Q3T04,NSW1-QLD1,QLD1,1,34400.39
D,RESIDUE_PRICE_OFFER,,1,A202306,C2025Q3T04,NSW1-QLD1,QLD1,1,34450.39
D,RESIDUE_PRICE_OFFER,,1,A202306,C2025Q3T04,NSW1-QLD1,QLD1,1,34500.39
D,RESIDUE_PRICE_OFFER,,1,A202306,C2025Q3T04,NSW1-QLD1,QLD1,5,39988
D,RESIDUE_PRICE_OFFER,,1,A202306,C2025Q3T04,NSW1-QLD1,QLD1,100,0
D,RESIDUE_PRICE_OFFER,,1,A202306,C2025Q3T04,V-SA,SA1,1,7006.12
D,RESIDUE_PRICE_OFFER,,1,A202306,C2025Q3T04,V-SA,SA1,1,7012.12
D,RESIDUE_PRICE_OFFER,,1,A202306,C2025Q3T04,V-SA,SA1,1,7018.12
D,RESIDUE_PRICE_OFFER,,1,A202306,C2025Q3T04,V-SA,SA1,1,7024.12
D,RESIDUE_PRICE_OFFER,,1,A202306,C2025Q3T04,V-SA,SA1,1,7030.12
D,RESIDUE_PRICE_OFFER,,1,A202306,C2025Q3T04,V-SA,SA1,1,7036.12
D,RESIDUE_PRICE_OFFER,,1,A202306,C2025Q3T04,V-SA,SA1,1,7042.12
D,RESIDUE_PRICE_OFFER,,1,A202306,C2025Q3T04,V-SA,SA1,1,7048.12
D,RESIDUE_PRICE_OFFER,,1,A202306,C2025Q3T04,V-SA,SA1,1,7054.12
D,RESIDUE_PRICE_OFFER,,1,A202306,C2025Q3T04,V-SA,SA1,1,7060.12
D,RESIDUE_PRICE_OFFER,,1,A202306,C2025Q3T04,V-SA,SA1,1,7066.12
D,RESIDUE_PRICE_OFFER,,1,A202306,C2025Q3T04,V-SA,SA1,1,7072.12
D,RESIDUE_PRICE_OFFER,,1,A202306,C2025Q3T04,V-SA,SA1,1,7078.12
D,RESIDUE_PRICE_OFFER,,1,A202306,C2025Q3T04,V-SA,SA1,1,7084.12
D,RESIDUE_PRICE_OFFER,,1,A202306,C2025Q3T04,V-SA,SA1,1,7090.12
D,RESIDUE_PRICE_OFFER,,1,A202306,C2025Q3T04,V-SA,SA1,1,8400.12
D,RESIDUE_PRICE_OFFER,,1,A202306,C2025Q3T04,V-SA,SA1,1,8800.12
D,RESIDUE_PRICE_OFFER,,1,A202306,C2025Q3T04,V-SA,SA1,1,9200.12
D,RESIDUE_PRICE_OFFER,,1,A202306,C2025Q3T04,V-SA,SA1,1,9600.12
D,RESIDUE_PRICE_OFFER,,1,A202306,C2025Q3T04,V-SA,SA1,1,10000.12
D,RESIDUE_PRICE_OFFER,,1,A202306,C2025Q3T04,V-SA,SA1,1,10400.12
D,RESIDUE_PRICE_OFFER,,1,A202306,C2025Q3T04,V-SA,SA1,1,10800.12
D,RESIDUE_PRICE_OFFER,,1,A202306,C2025Q3T04,V-SA,SA1,1,11200.12
D,RESIDUE_PRICE_OFFER,,1,A202306,C2025Q3T04,V-SA,SA1,1,11600.12
D,RESIDUE_PRICE_OFFER,,1,A202306,C2025Q3T04,V-SA,SA1,1,12000.12
D,RESIDUE_PRICE_OFFER,,1,A202306,C2025Q3T04,V-SA,SA1,1,12400.12
D,RESIDUE_PRICE_OFFER,,1,A202306,C2025Q3T04,V-SA,SA1,1,12800.12
D,RESIDUE_PRICE_OFFER,,1,A202306,C2025Q3T04,V-SA,SA1,1,13200.12
D,RESIDUE_PRICE_OFFER,,1,A202306,C2025Q3T04,V-SA,SA1,1,13600.12
D,RESIDUE_PRICE_OFFER,,1,A202306,C2025Q3T04,V-SA,SA1,1,14000.12
D,RESIDUE_PRICE_OFFER,,1,A202306,C2025Q3T04,V-SA,SA1,64,0
D,RESIDUE_PRICE_OFFER,,1,A202306,C2025Q3T04,V-SA,VIC1,6,18000.099990
D,RESIDUE_PRICE_OFFER,,1,A202306,C2025Q3T04,V-SA,VIC1,8,22000
D,RESIDUE_PRICE_OFFER,,1,A202306,C2025Q3T04,V-SA,VIC1,10,25000
D,RESIDUE_PRICE_OFFER,,1,A202306,C2025Q3T04,V-SA,VIC1,10,30000
D,RESIDUE_PRICE_OFFER,,1,A202306,C2025Q3T04,V-SA,VIC1,10,40000
D,RESIDUE_PRICE_OFFER,,1,A202306,C2025Q3T04,V-SA,VIC1,73,0
D,RESIDUE_PRICE_OFFER,,1,A202306,C2025Q3T04,VIC1-NSW1,NSW1,2,1558.56
D,RESIDUE_PRICE_OFFER,,1,A202306,C2025Q3T04,VIC1-NSW1,NSW1,2,1948.20
D,RESIDUE_PRICE_OFFER,,1,A202306,C2025Q3T04,VIC1-NSW1,NSW1,2,2435.25
D,RESIDUE_PRICE_OFFER,,1,A202306,C2025Q3T04,VIC1-NSW1,NSW1,2,3044.0625
D,RESIDUE_PRICE_OFFER,,1,A202306,C2025Q3T04,VIC1-NSW1,NSW1,2,3805.078120
D,RESIDUE_PRICE_OFFER,,1,A202306,C2025Q3T04,VIC1-NSW1,NSW1,2,4756.347650
D,RESIDUE_PRICE_OFFER,,1,A202306,C2025Q3T04,VIC1-NSW1,NSW1,4,2136.90
D,RESIDUE_PRICE_OFFER,,1,A202306,C2025Q3T04,VIC1-NSW1,NSW1,4,2272.90
D,RESIDUE_PRICE_OFFER,,1,A202306,C2025Q3T04,VIC1-NSW1,NSW1,4,2408.90
D,RESIDUE_PRICE_OFFER,,1,A202306,C2025Q3T04,VIC1-NSW1,NSW1,4,2544.90
D,RESIDUE_PRICE_OFFER,,1,A202306,C2025Q3T04,VIC1-NSW1,NSW1,4,2680.90
D,RESIDUE_PRICE_OFFER,,1,A202306,C2025Q3T04,VIC1-NSW1,NSW1,4,2816.90
D,RESIDUE_PRICE_OFFER,,1,A202306,C2025Q3T04,VIC1-NSW1,NSW1,4,2952.90
D,RESIDUE_PRICE_OFFER,,1,A202306,C2025Q3T04,VIC1-NSW1,NSW1,4,3088.90
D,RESIDUE_PRICE_OFFER,,1,A202306,C2025Q3T04,VIC1-NSW1,NSW1,4,3224.90
D,RESIDUE_PRICE_OFFER,,1,A202306,C2025Q3T04,VIC1-NSW1,NSW1,4,3360.90
D,RESIDUE_PRICE_OFFER,,1,A202306,C2025Q3T04,VIC1-NSW1,NSW1,4,3496.90
D,RESIDUE_PRICE_OFFER,,1,A202306,C2025Q3T04,VIC1-NSW1,NSW1,108,0
D,RESIDUE_PRICE_OFFER,,1,A202306,C2025Q3T04,VIC1-NSW1,VIC1,1,24120.88
D,RESIDUE_PRICE_OFFER,,1,A202306,C2025Q3T04,VIC1-NSW1,VIC1,1,24240.88
D,RESIDUE_PRICE_OFFER,,1,A202306,C2025Q3T04,VIC1-NSW1,VIC1,1,24360.88
D,RESIDUE_PRICE_OFFER,,1,A202306,C2025Q3T04,VIC1-NSW1,VIC1,1,24480.88
D,RESIDUE_PRICE_OFFER,,1,A202306,C2025Q3T04,VIC1-NSW1,VIC1,1,24600.88
D,RESIDUE_PRICE_OFFER,,1,A202306,C2025Q3T04,VIC1-NSW1,VIC1,1,24720.88
D,RESIDUE_PRICE_OFFER,,1,A202306,C2025Q3T04,VIC1-NSW1,VIC1,1,24840.88
D,RESIDUE_PRICE_OFFER,,1,A202306,C2025Q3T04,VIC1-NSW1,VIC1,1,24960.88
D,RESIDUE_PRICE_OFFER,,1,A202306,C2025Q3T04,VIC1-NSW1,VIC1,1,25080.88
D,RESIDUE_PRICE_OFFER,,1,A202306,C2025Q3T04,VIC1-NSW1,VIC1,1,25200.88
D,RESIDUE_PRICE_OFFER,,1,A202306,C2025Q3T04,VIC1-NSW1,VIC1,1,25320.88
D,RESIDUE_PRICE_OFFER,,1,A202306,C2025Q3T04,VIC1-NSW1,VIC1,1,25440.88
D,RESIDUE_PRICE_OFFER,,1,A202306,C2025Q3T04,VIC1-NSW1,VIC1,1,25560.88
D,RESIDUE_PRICE_OFFER,,1,A202306,C2025Q3T04,VIC1-NSW1,VIC1,1,25680.88
D,RESIDUE_PRICE_OFFER,,1,A202306,C2025Q3T04,VIC1-NSW1,VIC1,1,25800.88
D,RESIDUE_PRICE_OFFER,,1,A202306,C2025Q3T04,VIC1-NSW1,VIC1,1,25920.88
D,RESIDUE_PRICE_OFFER,,1,A202306,C2025Q3T04,VIC1-NSW1,VIC1,1,26040.88
D,RESIDUE_PRICE_OFFER,,1,A202306,C2025Q3T04,VIC1-NSW1,VIC1,1,26160.88
D,RESIDUE_PRICE_OFFER,,1,A202306,C2025Q3T04,VIC1-NSW1,VIC1,1,26280.88
D,RESIDUE_PRICE_OFFER,,1,A202306,C2025Q3T04,VIC1-NSW1,VIC1,1,26400.88
D,RESIDUE_PRICE_OFFER,,1,A202306,C2025Q3T04,VIC1-NSW1,VIC1,1,26520.88
D,RESIDUE_PRICE_OFFER,,1,A202306,C2025Q3T04,VIC1-NSW1,VIC1,1,26640.88
D,RESIDUE_PRICE_OFFER,,1,A202306,C2025Q3T04,VIC1-NSW1,VIC1,1,26760.88
D,RESIDUE_PRICE_OFFER,,1,A202306,C2025Q3T04,VIC1-NSW1,VIC1,1,26880.88
D,RESIDUE_PRICE_OFFER,,1,A202306,C2025Q3T04,VIC1-NSW1,VIC1,1,27000.88
D,RESIDUE_PRICE_OFFER,,1,A202306,C2025Q3T04,VIC1-NSW1,VIC1,3,30600.88
D,RESIDUE_PRICE_OFFER,,1,A202306,C2025Q3T04,VIC1-NSW1,VIC1,3,31200.88
D,RESIDUE_PRICE_OFFER,,1,A202306,C2025Q3T04,VIC1-NSW1,VIC1,3,31800.88
D,RESIDUE_PRICE_OFFER,,1,A202306,C2025Q3T04,VIC1-NSW1,VIC1,3,32400.88
D,RESIDUE_PRICE_OFFER,,1,A202306,C2025Q3T04,VIC1-NSW1,VIC1,3,33000.879990
D,RESIDUE_PRICE_OFFER,,1,A202306,C2025Q3T04,VIC1-NSW1,VIC1,3,33600.879990
D,RESIDUE_PRICE_OFFER,,1,A202306,C2025Q3T04,VIC1-NSW1,VIC1,3,34200.879990
D,RESIDUE_PRICE_OFFER,,1,A202306,C2025Q3T04,VIC1-NSW1,VIC1,3,34800.879990
D,RESIDUE_PRICE_OFFER,,1,A202306,C2025Q3T04,VIC1-NSW1,VIC1,3,35400.879990
D,RESIDUE_PRICE_OFFER,,1,A202306,C2025Q3T04,VIC1-NSW1,VIC1,3,36000.879990
D,RESIDUE_PRICE_OFFER,,1,A202306,C2025Q3T04,VIC1-NSW1,VIC1,3,36600.879990
D,RESIDUE_PRICE_OFFER,,1,A202306,C2025Q3T04,VIC1-NSW1,VIC1,3,37200.879990
D,RESIDUE_PRICE_OFFER,,1,A202306,C2025Q3T04,VIC1-NSW1,VIC1,3,37800.879990
D,RESIDUE_PRICE_OFFER,,1,A202306,C2025Q3T04,VIC1-NSW1,VIC1,3,38400.879990
D,RESIDUE_PRICE_OFFER,,1,A202306,C2025Q3T04,VIC1-NSW1,VIC1,3,39000.879990
D,RESIDUE_PRICE_OFFER,,1,A202306,C2025Q3T04,VIC1-NSW1,VIC1,3,39600.879990
D,RESIDUE_PRICE_OFFER,,1,A202306,C2025Q3T04,VIC1-NSW1,VIC1,3,40200.879990
D,RESIDUE_PRICE_OFFER,,1,A202306,C2025Q3T04,VIC1-NSW1,VIC1,3,40800.879990
D,RESIDUE_PRICE_OFFER,,1,A202306,C2025Q3T04,VIC1-NSW1,VIC1,3,41400.879990
D,RESIDUE_PRICE_OFFER,,1,A202306,C2025Q3T04,VIC1-NSW1,VIC1,3,42000.879990
D,RESIDUE_PRICE_OFFER,,1,A202306,C2025Q3T04,VIC1-NSW1,VIC1,3,42600.879990
D,RESIDUE_PRICE_OFFER,,1,A202306,C2025Q3T04,VIC1-NSW1,VIC1,3,43200.88
D,RESIDUE_PRICE_OFFER,,1,A202306,C2025Q3T04,VIC1-NSW1,VIC1,3,43800.88
D,RESIDUE_PRICE_OFFER,,1,A202306,C2025Q3T04,VIC1-NSW1,VIC1,3,44400.88
D,RESIDUE_PRICE_OFFER,,1,A202306,C2025Q3T04,VIC1-NSW1,VIC1,3,45000.88
D,RESIDUE_PRICE_OFFER,,1,A202306,C2025Q3T04,VIC1-NSW1,VIC1,125,0
D,RESIDUE_PRICE_OFFER,,1,A202306,C2025Q4T03,NSW1-QLD1,NSW1,45,0
D,RESIDUE_PRICE_OFFER,,1,A202306,C2025Q4T03,NSW1-QLD1,QLD1,100,0
D,RESIDUE_PRICE_OFFER,,1,A202306,C2025Q4T03,V-SA,SA1,1,7006.12
D,RESIDUE_PRICE_OFFER,,1,A202306,C2025Q4T03,V-SA,SA1,1,7012.12
D,RESIDUE_PRICE_OFFER,,1,A202306,C2025Q4T03,V-SA,SA1,1,7018.12
D,RESIDUE_PRICE_OFFER,,1,A202306,C2025Q4T03,V-SA,SA1,1,7024.12
D,RESIDUE_PRICE_OFFER,,1,A202306,C2025Q4T03,V-SA,SA1,1,7030.12
D,RESIDUE_PRICE_OFFER,,1,A202306,C2025Q4T03,V-SA,SA1,1,7036.12
D,RESIDUE_PRICE_OFFER,,1,A202306,C2025Q4T03,V-SA,SA1,1,7042.12
D,RESIDUE_PRICE_OFFER,,1,A202306,C2025Q4T03,V-SA,SA1,1,7048.12
D,RESIDUE_PRICE_OFFER,,1,A202306,C2025Q4T03,V-SA,SA1,1,7054.12
D,RESIDUE_PRICE_OFFER,,1,A202306,C2025Q4T03,V-SA,SA1,1,7060.12
D,RESIDUE_PRICE_OFFER,,1,A202306,C2025Q4T03,V-SA,SA1,1,7066.12
D,RESIDUE_PRICE_OFFER,,1,A202306,C2025Q4T03,V-SA,SA1,1,7072.12
D,RESIDUE_PRICE_OFFER,,1,A202306,C2025Q4T03,V-SA,SA1,1,7078.12
D,RESIDUE_PRICE_OFFER,,1,A202306,C2025Q4T03,V-SA,SA1,1,7084.12
D,RESIDUE_PRICE_OFFER,,1,A202306,C2025Q4T03,V-SA,SA1,1,7090.12
D,RESIDUE_PRICE_OFFER,,1,A202306,C2025Q4T03,V-SA,SA1,1,8400.12
D,RESIDUE_PRICE_OFFER,,1,A202306,C2025Q4T03,V-SA,SA1,1,8800.12
D,RESIDUE_PRICE_OFFER,,1,A202306,C2025Q4T03,V-SA,SA1,1,9200.12
D,RESIDUE_PRICE_OFFER,,1,A202306,C2025Q4T03,V-SA,SA1,1,9600.12
D,RESIDUE_PRICE_OFFER,,1,A202306,C2025Q4T03,V-SA,SA1,1,10000.12
D,RESIDUE_PRICE_OFFER,,1,A202306,C2025Q4T03,V-SA,SA1,1,10400.12
D,RESIDUE_PRICE_OFFER,,1,A202306,C2025Q4T03,V-SA,SA1,1,10800.12
D,RESIDUE_PRICE_OFFER,,1,A202306,C2025Q4T03,V-SA,SA1,1,11200.12
D,RESIDUE_PRICE_OFFER,,1,A202306,C2025Q4T03,V-SA,SA1,1,11600.12
D,RESIDUE_PRICE_OFFER,,1,A202306,C2025Q4T03,V-SA,SA1,1,12000.12
D,RESIDUE_PRICE_OFFER,,1,A202306,C2025Q4T03,V-SA,SA1,1,12400.12
D,RESIDUE_PRICE_OFFER,,1,A202306,C2025Q4T03,V-SA,SA1,1,12800.12
D,RESIDUE_PRICE_OFFER,,1,A202306,C2025Q4T03,V-SA,SA1,1,13200.12
D,RESIDUE_PRICE_OFFER,,1,A202306,C2025Q4T03,V-SA,SA1,1,13600.12
D,RESIDUE_PRICE_OFFER,,1,A202306,C2025Q4T03,V-SA,SA1,1,14000.12
D,RESIDUE_PRICE_OFFER,,1,A202306,C2025Q4T03,V-SA,SA1,64,0
D,RESIDUE_PRICE_OFFER,,1,A202306,C2025Q4T03,V-SA,VIC1,5,25000
D,RESIDUE_PRICE_OFFER,,1,A202306,C2025Q4T03,V-SA,VIC1,5,35000
D,RESIDUE_PRICE_OFFER,,1,A202306,C2025Q4T03,V-SA,VIC1,5,45000
D,RESIDUE_PRICE_OFFER,,1,A202306,C2025Q4T03,V-SA,VIC1,73,0
D,RESIDUE_PRICE_OFFER,,1,A202306,C2025Q4T03,VIC1-NSW1,NSW1,108,0
D,RESIDUE_PRICE_OFFER,,1,A202306,C2025Q4T03,VIC1-NSW1,VIC1,1,23240.88
D,RESIDUE_PRICE_OFFER,,1,A202306,C2025Q4T03,VIC1-NSW1,VIC1,1,23480.88
D,RESIDUE_PRICE_OFFER,,1,A202306,C2025Q4T03,VIC1-NSW1,VIC1,1,23720.88
D,RESIDUE_PRICE_OFFER,,1,A202306,C2025Q4T03,VIC1-NSW1,VIC1,1,23960.88
D,RESIDUE_PRICE_OFFER,,1,A202306,C2025Q4T03,VIC1-NSW1,VIC1,1,24200.88
D,RESIDUE_PRICE_OFFER,,1,A202306,C2025Q4T03,VIC1-NSW1,VIC1,1,24440.88
D,RESIDUE_PRICE_OFFER,,1,A202306,C2025Q4T03,VIC1-NSW1,VIC1,1,24680.88
D,RESIDUE_PRICE_OFFER,,1,A202306,C2025Q4T03,VIC1-NSW1,VIC1,1,24920.88
D,RESIDUE_PRICE_OFFER,,1,A202306,C2025Q4T03,VIC1-NSW1,VIC1,1,25160.88
D,RESIDUE_PRICE_OFFER,,1,A202306,C2025Q4T03,VIC1-NSW1,VIC1,1,25400.88
D,RESIDUE_PRICE_OFFER,,1,A202306,C2025Q4T03,VIC1-NSW1,VIC1,1,25640.88
D,RESIDUE_PRICE_OFFER,,1,A202306,C2025Q4T03,VIC1-NSW1,VIC1,1,25880.88
D,RESIDUE_PRICE_OFFER,,1,A202306,C2025Q4T03,VIC1-NSW1,VIC1,1,26120.88
D,RESIDUE_PRICE_OFFER,,1,A202306,C2025Q4T03,VIC1-NSW1,VIC1,1,26360.88
D,RESIDUE_PRICE_OFFER,,1,A202306,C2025Q4T03,VIC1-NSW1,VIC1,1,26600.88
D,RESIDUE_PRICE_OFFER,,1,A202306,C2025Q4T03,VIC1-NSW1,VIC1,1,26840.88
D,RESIDUE_PRICE_OFFER,,1,A202306,C2025Q4T03,VIC1-NSW1,VIC1,1,27080.88
D,RESIDUE_PRICE_OFFER,,1,A202306,C2025Q4T03,VIC1-NSW1,VIC1,1,27320.88
D,RESIDUE_PRICE_OFFER,,1,A202306,C2025Q4T03,VIC1-NSW1,VIC1,1,27560.88
D,RESIDUE_PRICE_OFFER,,1,A202306,C2025Q4T03,VIC1-NSW1,VIC1,1,27800.88
D,RESIDUE_PRICE_OFFER,,1,A202306,C2025Q4T03,VIC1-NSW1,VIC1,1,28040.88
D,RESIDUE_PRICE_OFFER,,1,A202306,C2025Q4T03,VIC1-NSW1,VIC1,1,28280.88
D,RESIDUE_PRICE_OFFER,,1,A202306,C2025Q4T03,VIC1-NSW1,VIC1,1,28520.88
D,RESIDUE_PRICE_OFFER,,1,A202306,C2025Q4T03,VIC1-NSW1,VIC1,1,28760.88
D,RESIDUE_PRICE_OFFER,,1,A202306,C2025Q4T03,VIC1-NSW1,VIC1,1,29000.88
D,RESIDUE_PRICE_OFFER,,1,A202306,C2025Q4T03,VIC1-NSW1,VIC1,3,33300.879990
D,RESIDUE_PRICE_OFFER,,1,A202306,C2025Q4T03,VIC1-NSW1,VIC1,3,34600.879990
D,RESIDUE_PRICE_OFFER,,1,A202306,C2025Q4T03,VIC1-NSW1,VIC1,3,35900.879990
D,RESIDUE_PRICE_OFFER,,1,A202306,C2025Q4T03,VIC1-NSW1,VIC1,3,37200.879990
D,RESIDUE_PRICE_OFFER,,1,A202306,C2025Q4T03,VIC1-NSW1,VIC1,3,38500.879990
D,RESIDUE_PRICE_OFFER,,1,A202306,C2025Q4T03,VIC1-NSW1,VIC1,3,39800.879990
D,RESIDUE_PRICE_OFFER,,1,A202306,C2025Q4T03,VIC1-NSW1,VIC1,3,41100.879990
D,RESIDUE_PRICE_OFFER,,1,A202306,C2025Q4T03,VIC1-NSW1,VIC1,3,42400.879990
D,RESIDUE_PRICE_OFFER,,1,A202306,C2025Q4T03,VIC1-NSW1,VIC1,3,43700.88
D,RESIDUE_PRICE_OFFER,,1,A202306,C2025Q4T03,VIC1-NSW1,VIC1,3,45000.88
D,RESIDUE_PRICE_OFFER,,1,A202306,C2025Q4T03,VIC1-NSW1,VIC1,125,0
D,RESIDUE_PRICE_OFFER,,1,A202306,C2026Q1T02,NSW1-QLD1,NSW1,45,0
D,RESIDUE_PRICE_OFFER,,1,A202306,C2026Q1T02,NSW1-QLD1,QLD1,1,24033.39
D,RESIDUE_PRICE_OFFER,,1,A202306,C2026Q1T02,NSW1-QLD1,QLD1,1,24066.39
D,RESIDUE_PRICE_OFFER,,1,A202306,C2026Q1T02,NSW1-QLD1,QLD1,1,24099.39
D,RESIDUE_PRICE_OFFER,,1,A202306,C2026Q1T02,NSW1-QLD1,QLD1,1,24132.39
D,RESIDUE_PRICE_OFFER,,1,A202306,C2026Q1T02,NSW1-QLD1,QLD1,1,24165.39
D,RESIDUE_PRICE_OFFER,,1,A202306,C2026Q1T02,NSW1-QLD1,QLD1,1,24198.39
D,RESIDUE_PRICE_OFFER,,1,A202306,C2026Q1T02,NSW1-QLD1,QLD1,1,24231.39
D,RESIDUE_PRICE_OFFER,,1,A202306,C2026Q1T02,NSW1-QLD1,QLD1,1,24264.39
D,RESIDUE_PRICE_OFFER,,1,A202306,C2026Q1T02,NSW1-QLD1,QLD1,1,24297.39
D,RESIDUE_PRICE_OFFER,,1,A202306,C2026Q1T02,NSW1-QLD1,QLD1,1,24330.39
D,RESIDUE_PRICE_OFFER,,1,A202306,C2026Q1T02,NSW1-QLD1,QLD1,1,24363.39
D,RESIDUE_PRICE_OFFER,,1,A202306,C2026Q1T02,NSW1-QLD1,QLD1,1,24396.39
D,RESIDUE_PRICE_OFFER,,1,A202306,C2026Q1T02,NSW1-QLD1,QLD1,1,24429.39
D,RESIDUE_PRICE_OFFER,,1,A202306,C2026Q1T02,NSW1-QLD1,QLD1,1,24462.39
D,RESIDUE_PRICE_OFFER,,1,A202306,C2026Q1T02,NSW1-QLD1,QLD1,1,24495.39
D,RESIDUE_PRICE_OFFER,,1,A202306,C2026Q1T02,NSW1-QLD1,QLD1,10,27588
D,RESIDUE_PRICE_OFFER,,1,A202306,C2026Q1T02,NSW1-QLD1,QLD1,100,0
D,RESIDUE_PRICE_OFFER,,1,A202306,C2026Q1T02,V-SA,SA1,64,0
D,RESIDUE_PRICE_OFFER,,1,A202306,C2026Q1T02,V-SA,VIC1,73,0
D,RESIDUE_PRICE_OFFER,,1,A202306,C2026Q1T02,VIC1-NSW1,NSW1,108,0
D,RESIDUE_PRICE_OFFER,,1,A202306,C2026Q1T02,VIC1-NSW1,VIC1,1,28166.88
D,RESIDUE_PRICE_OFFER,,1,A202306,C2026Q1T02,VIC1-NSW1,VIC1,1,28332.88
D,RESIDUE_PRICE_OFFER,,1,A202306,C2026Q1T02,VIC1-NSW1,VIC1,1,28498.88
D,RESIDUE_PRICE_OFFER,,1,A202306,C2026Q1T02,VIC1-NSW1,VIC1,1,28664.88
D,RESIDUE_PRICE_OFFER,,1,A202306,C2026Q1T02,VIC1-NSW1,VIC1,1,28830.88
D,RESIDUE_PRICE_OFFER,,1,A202306,C2026Q1T02,VIC1-NSW1,VIC1,1,28996.88
D,RESIDUE_PRICE_OFFER,,1,A202306,C2026Q1T02,VIC1-NSW1,VIC1,1,29162.88
D,RESIDUE_PRICE_OFFER,,1,A202306,C2026Q1T02,VIC1-NSW1,VIC1,1,29328.88
D,RESIDUE_PRICE_OFFER,,1,A202306,C2026Q1T02,VIC1-NSW1,VIC1,1,29494.88
D,RESIDUE_PRICE_OFFER,,1,A202306,C2026Q1T02,VIC1-NSW1,VIC1,1,29660.88
D,RESIDUE_PRICE_OFFER,,1,A202306,C2026Q1T02,VIC1-NSW1,VIC1,1,29826.88
D,RESIDUE_PRICE_OFFER,,1,A202306,C2026Q1T02,VIC1-NSW1,VIC1,1,29992.88
D,RESIDUE_PRICE_OFFER,,1,A202306,C2026Q1T02,VIC1-NSW1,VIC1,1,30158.88
D,RESIDUE_PRICE_OFFER,,1,A202306,C2026Q1T02,VIC1-NSW1,VIC1,1,30324.88
D,RESIDUE_PRICE_OFFER,,1,A202306,C2026Q1T02,VIC1-NSW1,VIC1,1,30490.88
D,RESIDUE_PRICE_OFFER,,1,A202306,C2026Q1T02,VIC1-NSW1,VIC1,1,30656.88
D,RESIDUE_PRICE_OFFER,,1,A202306,C2026Q1T02,VIC1-NSW1,VIC1,1,30822.88
D,RESIDUE_PRICE_OFFER,,1,A202306,C2026Q1T02,VIC1-NSW1,VIC1,1,30988.88
D,RESIDUE_PRICE_OFFER,,1,A202306,C2026Q1T02,VIC1-NSW1,VIC1,1,31154.88
D,RESIDUE_PRICE_OFFER,,1,A202306,C2026Q1T02,VIC1-NSW1,VIC1,1,31320.88
D,RESIDUE_PRICE_OFFER,,1,A202306,C2026Q1T02,VIC1-NSW1,VIC1,1,31486.88
D,RESIDUE_PRICE_OFFER,,1,A202306,C2026Q1T02,VIC1-NSW1,VIC1,1,31652.88
D,RESIDUE_PRICE_OFFER,,1,A202306,C2026Q1T02,VIC1-NSW1,VIC1,1,31818.88
D,RESIDUE_PRICE_OFFER,,1,A202306,C2026Q1T02,VIC1-NSW1,VIC1,1,31984.88
D,RESIDUE_PRICE_OFFER,,1,A202306,C2026Q1T02,VIC1-NSW1,VIC1,125,0
D,RESIDUE_PRICE_OFFER,,1,A202306,C2026Q2T01,NSW1-QLD1,NSW1,45,0
D,RESIDUE_PRICE_OFFER,,1,A202306,C2026Q2T01,NSW1-QLD1,QLD1,100,0
D,RESIDUE_PRICE_OFFER,,1,A202306,C2026Q2T01,V-SA,SA1,64,0
D,RESIDUE_PRICE_OFFER,,1,A202306,C2026Q2T01,V-SA,VIC1,73,0
D,RESIDUE_PRICE_OFFER,,1,A202306,C2026Q2T01,VIC1-NSW1,NSW1,108,0
D,RESIDUE_PRICE_OFFER,,1,A202306,C2026Q2T01,VIC1-NSW1,VIC1,125,0
C,"END OF REPORT",1671
