C,NEMP.WORLD,SROFFER,AEMO,PUBLIC,2024/09/16,14:22:11,0000000433165185,,0000000433165185
I,RESIDUE_PRICE_OFFER,,1,:AUCTIONID,TRANCHEID,INTERCONNECTORID,FROMREGIONID,OFFERUNITS,OFFERPRICE
D,RESIDUE_PRICE_OFFER,,1,A202409,C2024Q4T12,NSW1-QLD1,NSW1,2,15421
D,RESIDUE_PRICE_OFFER,,1,A202409,C2024Q4T12,NSW1-QLD1,NSW1,2,16500.47
D,RESIDUE_PRICE_OFFER,,1,A202409,C2024Q4T12,NSW1-QLD1,NSW1,2,17655.5029
D,RESIDUE_PRICE_OFFER,,1,A202409,C2024Q4T12,NSW1-QLD1,NSW1,2,18891.3881
D,RESIDUE_PRICE_OFFER,,1,A202409,C2024Q4T12,NSW1-QLD1,NSW1,2,20213.785270
D,RESIDUE_PRICE_OFFER,,1,A202409,C2024Q4T12,NSW1-QLD1,NSW1,2,21628.750240
D,RESIDUE_PRICE_OFFER,,1,A202409,C2024Q4T12,NSW1-QLD1,NSW1,10,30000
D,RESIDUE_PRICE_OFFER,,1,A202409,C2024Q4T12,NSW1-QLD1,NSW1,55,0
D,RESIDUE_PRICE_OFFER,,1,A202409,C2024Q4T12,NSW1-QLD1,QLD1,1,16250
D,RESIDUE_PRICE_OFFER,,1,A202409,C2024Q4T12,NSW1-QLD1,QLD1,1,20133.189990
D,RESIDUE_PRICE_OFFER,,1,A202409,C2024Q4T12,NSW1-QLD1,QLD1,1,20266.189990
D,RESIDUE_PRICE_OFFER,,1,A202409,C2024Q4T12,NSW1-QLD1,QLD1,1,20399.189990
D,RESIDUE_PRICE_OFFER,,1,A202409,C2024Q4T12,NSW1-QLD1,QLD1,1,20532.189990
D,RESIDUE_PRICE_OFFER,,1,A202409,C2024Q4T12,NSW1-QLD1,QLD1,1,20665.189990
D,RESIDUE_PRICE_OFFER,,1,A202409,C2024Q4T12,NSW1-QLD1,QLD1,1,20798.189990
D,RESIDUE_PRICE_OFFER,,1,A202409,C2024Q4T12,NSW1-QLD1,QLD1,1,20931.189990
D,RESIDUE_PRICE_OFFER,,1,A202409,C2024Q4T12,NSW1-QLD1,QLD1,1,21064.189990
D,RESIDUE_PRICE_OFFER,,1,A202409,C2024Q4T12,NSW1-QLD1,QLD1,1,21197.189990
D,RESIDUE_PRICE_OFFER,,1,A202409,C2024Q4T12,NSW1-QLD1,QLD1,1,21330.189990
D,RESIDUE_PRICE_OFFER,,1,A202409,C2024Q4T12,NSW1-QLD1,QLD1,1,21463.189990
D,RESIDUE_PRICE_OFFER,,1,A202409,C2024Q4T12,NSW1-QLD1,QLD1,1,21596.19
D,RESIDUE_PRICE_OFFER,,1,A202409,C2024Q4T12,NSW1-QLD1,QLD1,1,21729.19
D,RESIDUE_PRICE_OFFER,,1,A202409,C2024Q4T12,NSW1-QLD1,QLD1,1,21862.19
D,RESIDUE_PRICE_OFFER,,1,A202409,C2024Q4T12,NSW1-QLD1,QLD1,1,21995.19
D,RESIDUE_PRICE_OFFER,,1,A202409,C2024Q4T12,NSW1-QLD1,QLD1,2,18501
D,RESIDUE_PRICE_OFFER,,1,A202409,C2024Q4T12,NSW1-QLD1,QLD1,3,18940
D,RESIDUE_PRICE_OFFER,,1,A202409,C2024Q4T12,NSW1-QLD1,QLD1,3,20142
D,RESIDUE_PRICE_OFFER,,1,A202409,C2024Q4T12,NSW1-QLD1,QLD1,5,19697.599990
D,RESIDUE_PRICE_OFFER,,1,A202409,C2024Q4T12,NSW1-QLD1,QLD1,5,20485.5040
D,RESIDUE_PRICE_OFFER,,1,A202409,C2024Q4T12,NSW1-QLD1,QLD1,5,21139
D,RESIDUE_PRICE_OFFER,,1,A202409,C2024Q4T12,NSW1-QLD1,QLD1,5,21304.924150
D,RESIDUE_PRICE_OFFER,,1,A202409,C2024Q4T12,NSW1-QLD1,QLD1,5,22157.121130
D,RESIDUE_PRICE_OFFER,,1,A202409,C2024Q4T12,NSW1-QLD1,QLD1,5,22632
D,RESIDUE_PRICE_OFFER,,1,A202409,C2024Q4T12,NSW1-QLD1,QLD1,5,23000
D,RESIDUE_PRICE_OFFER,,1,A202409,C2024Q4T12,NSW1-QLD1,QLD1,5,23043.405970
D,RESIDUE_PRICE_OFFER,,1,A202409,C2024Q4T12,NSW1-QLD1,QLD1,5,23760
D,RESIDUE_PRICE_OFFER,,1,A202409,C2024Q4T12,NSW1-QLD1,QLD1,5,25000
D,RESIDUE_PRICE_OFFER,,1,A202409,C2024Q4T12,NSW1-QLD1,QLD1,5,27000
D,RESIDUE_PRICE_OFFER,,1,A202409,C2024Q4T12,NSW1-QLD1,QLD1,6,25639
D,RESIDUE_PRICE_OFFER,,1,A202409,C2024Q4T12,NSW1-QLD1,QLD1,6,27500.19
D,RESIDUE_PRICE_OFFER,,1,A202409,C2024Q4T12,NSW1-QLD1,QLD1,6,30000.19
D,RESIDUE_PRICE_OFFER,,1,A202409,C2024Q4T12,NSW1-QLD1,QLD1,6,32500.19
D,RESIDUE_PRICE_OFFER,,1,A202409,C2024Q4T12,NSW1-QLD1,QLD1,6,35000.19
D,RESIDUE_PRICE_OFFER,,1,A202409,C2024Q4T12,NSW1-QLD1,QLD1,6,37500.19
D,RESIDUE_PRICE_OFFER,,1,A202409,C2024Q4T12,NSW1-QLD1,QLD1,6,40000.19
D,RESIDUE_PRICE_OFFER,,1,A202409,C2024Q4T12,NSW1-QLD1,QLD1,6,42500.19
D,RESIDUE_PRICE_OFFER,,1,A202409,C2024Q4T12,NSW1-QLD1,QLD1,6,45000.19
D,RESIDUE_PRICE_OFFER,,1,A202409,C2024Q4T12,NSW1-QLD1,QLD1,6,47500.19
D,RESIDUE_PRICE_OFFER,,1,A202409,C2024Q4T12,NSW1-QLD1,QLD1,6,50000.19
D,RESIDUE_PRICE_OFFER,,1,A202409,C2024Q4T12,NSW1-QLD1,QLD1,7,27771
D,RESIDUE_PRICE_OFFER,,1,A202409,C2024Q4T12,NSW1-QLD1,QLD1,18,22243
D,RESIDUE_PRICE_OFFER,,1,A202409,C2024Q4T12,NSW1-QLD1,QLD1,20,25000
D,RESIDUE_PRICE_OFFER,,1,A202409,C2024Q4T12,NSW1-QLD1,QLD1,30,18755
D,RESIDUE_PRICE_OFFER,,1,A202409,C2024Q4T12,NSW1-QLD1,QLD1,100,0
D,RESIDUE_PRICE_OFFER,,1,A202409,C2024Q4T12,V-SA,SA1,2,5498
D,RESIDUE_PRICE_OFFER,,1,A202409,C2024Q4T12,V-SA,SA1,2,5772.90
D,RESIDUE_PRICE_OFFER,,1,A202409,C2024Q4T12,V-SA,SA1,2,7150.20
D,RESIDUE_PRICE_OFFER,,1,A202409,C2024Q4T12,V-SA,SA1,2,7300.20
D,RESIDUE_PRICE_OFFER,,1,A202409,C2024Q4T12,V-SA,SA1,2,7450.20
D,RESIDUE_PRICE_OFFER,,1,A202409,C2024Q4T12,V-SA,SA1,2,7600.20
D,RESIDUE_PRICE_OFFER,,1,A202409,C2024Q4T12,V-SA,SA1,2,7750.20
D,RESIDUE_PRICE_OFFER,,1,A202409,C2024Q4T12,V-SA,SA1,2,7900.20
D,RESIDUE_PRICE_OFFER,,1,A202409,C2024Q4T12,V-SA,SA1,2,8050.20
D,RESIDUE_PRICE_OFFER,,1,A202409,C2024Q4T12,V-SA,SA1,2,8200.20
D,RESIDUE_PRICE_OFFER,,1,A202409,C2024Q4T12,V-SA,SA1,2,8350.20
D,RESIDUE_PRICE_OFFER,,1,A202409,C2024Q4T12,V-SA,SA1,2,8500.20
D,RESIDUE_PRICE_OFFER,,1,A202409,C2024Q4T12,V-SA,SA1,2,8650.20
D,RESIDUE_PRICE_OFFER,,1,A202409,C2024Q4T12,V-SA,SA1,2,8800.20
D,RESIDUE_PRICE_OFFER,,1,A202409,C2024Q4T12,V-SA,SA1,2,8950.20
D,RESIDUE_PRICE_OFFER,,1,A202409,C2024Q4T12,V-SA,SA1,2,9100.20
D,RESIDUE_PRICE_OFFER,,1,A202409,C2024Q4T12,V-SA,SA1,2,9250.20
D,RESIDUE_PRICE_OFFER,,1,A202409,C2024Q4T12,V-SA,SA1,2,9400.20
D,RESIDUE_PRICE_OFFER,,1,A202409,C2024Q4T12,V-SA,SA1,2,9550.20
D,RESIDUE_PRICE_OFFER,,1,A202409,C2024Q4T12,V-SA,SA1,2,9700.20
D,RESIDUE_PRICE_OFFER,,1,A202409,C2024Q4T12,V-SA,SA1,2,9850.20
D,RESIDUE_PRICE_OFFER,,1,A202409,C2024Q4T12,V-SA,SA1,2,10000.20
D,RESIDUE_PRICE_OFFER,,1,A202409,C2024Q4T12,V-SA,SA1,3,6350.19
D,RESIDUE_PRICE_OFFER,,1,A202409,C2024Q4T12,V-SA,SA1,3,6985.2090
D,RESIDUE_PRICE_OFFER,,1,A202409,C2024Q4T12,V-SA,SA1,3,7683.7299
D,RESIDUE_PRICE_OFFER,,1,A202409,C2024Q4T12,V-SA,SA1,3,8452.102890
D,RESIDUE_PRICE_OFFER,,1,A202409,C2024Q4T12,V-SA,SA1,5,9500
D,RESIDUE_PRICE_OFFER,,1,A202409,C2024Q4T12,V-SA,SA1,5,10000
D,RESIDUE_PRICE_OFFER,,1,A202409,C2024Q4T12,V-SA,SA1,5,10500
D,RESIDUE_PRICE_OFFER,,1,A202409,C2024Q4T12,V-SA,SA1,5,11000
D,RESIDUE_PRICE_OFFER,,1,A202409,C2024Q4T12,V-SA,SA1,5,11500
D,RESIDUE_PRICE_OFFER,,1,A202409,C2024Q4T12,V-SA,SA1,5,12000
D,RESIDUE_PRICE_OFFER,,1,A202409,C2024Q4T12,V-SA,SA1,10,5440
D,RESIDUE_PRICE_OFFER,,1,A202409,C2024Q4T12,V-SA,SA1,66,0
D,RESIDUE_PRICE_OFFER,,1,A202409,C2024Q4T12,V-SA,VIC1,1,22000
D,RESIDUE_PRICE_OFFER,,1,A202409,C2024Q4T12,V-SA,VIC1,1,22500
D,RESIDUE_PRICE_OFFER,,1,A202409,C2024Q4T12,V-SA,VIC1,1,23000
D,RESIDUE_PRICE_OFFER,,1,A202409,C2024Q4T12,V-SA,VIC1,1,23133.91
D,RESIDUE_PRICE_OFFER,,1,A202409,C2024Q4T12,V-SA,VIC1,1,23266.91
D,RESIDUE_PRICE_OFFER,,1,A202409,C2024Q4T12,V-SA,VIC1,1,23399.91
D,RESIDUE_PRICE_OFFER,,1,A202409,C2024Q4T12,V-SA,VIC1,1,23500
D,RESIDUE_PRICE_OFFER,,1,A202409,C2024Q4T12,V-SA,VIC1,1,23532.91
D,RESIDUE_PRICE_OFFER,,1,A202409,C2024Q4T12,V-SA,VIC1,1,23665.91
D,RESIDUE_PRICE_OFFER,,1,A202409,C2024Q4T12,V-SA,VIC1,1,23798.91
D,RESIDUE_PRICE_OFFER,,1,A202409,C2024Q4T12,V-SA,VIC1,1,23931.91
D,RESIDUE_PRICE_OFFER,,1,A202409,C2024Q4T12,V-SA,VIC1,1,24000
D,RESIDUE_PRICE_OFFER,,1,A202409,C2024Q4T12,V-SA,VIC1,1,24064.91
D,RESIDUE_PRICE_OFFER,,1,A202409,C2024Q4T12,V-SA,VIC1,1,24197.91
D,RESIDUE_PRICE_OFFER,,1,A202409,C2024Q4T12,V-SA,VIC1,1,24330.91
D,RESIDUE_PRICE_OFFER,,1,A202409,C2024Q4T12,V-SA,VIC1,1,24463.91
D,RESIDUE_PRICE_OFFER,,1,A202409,C2024Q4T12,V-SA,VIC1,1,24596.91
D,RESIDUE_PRICE_OFFER,,1,A202409,C2024Q4T12,V-SA,VIC1,1,24729.91
D,RESIDUE_PRICE_OFFER,,1,A202409,C2024Q4T12,V-SA,VIC1,1,24862.91
D,RESIDUE_PRICE_OFFER,,1,A202409,C2024Q4T12,V-SA,VIC1,1,24995.91
D,RESIDUE_PRICE_OFFER,,1,A202409,C2024Q4T12,V-SA,VIC1,3,14520
D,RESIDUE_PRICE_OFFER,,1,A202409,C2024Q4T12,V-SA,VIC1,5,15246
D,RESIDUE_PRICE_OFFER,,1,A202409,C2024Q4T12,V-SA,VIC1,5,16008.30
D,RESIDUE_PRICE_OFFER,,1,A202409,C2024Q4T12,V-SA,VIC1,5,16808.7150
D,RESIDUE_PRICE_OFFER,,1,A202409,C2024Q4T12,V-SA,VIC1,5,17649.150750
D,RESIDUE_PRICE_OFFER,,1,A202409,C2024Q4T12,V-SA,VIC1,10,18531.608290
D,RESIDUE_PRICE_OFFER,,1,A202409,C2024Q4T12,V-SA,VIC1,77,0
D,RESIDUE_PRICE_OFFER,,1,A202409,C2024Q4T12,VIC1-NSW1,NSW1,2,1785
D,RESIDUE_PRICE_OFFER,,1,A202409,C2024Q4T12,VIC1-NSW1,NSW1,2,2231.25
D,RESIDUE_PRICE_OFFER,,1,A202409,C2024Q4T12,VIC1-NSW1,NSW1,2,2789.0625
D,RESIDUE_PRICE_OFFER,,1,A202409,C2024Q4T12,VIC1-NSW1,NSW1,2,4183.593750
D,RESIDUE_PRICE_OFFER,,1,A202409,C2024Q4T12,VIC1-NSW1,NSW1,2,6275.390620
D,RESIDUE_PRICE_OFFER,,1,A202409,C2024Q4T12,VIC1-NSW1,NSW1,2,9413.085930
D,RESIDUE_PRICE_OFFER,,1,A202409,C2024Q4T12,VIC1-NSW1,NSW1,9,6000
D,RESIDUE_PRICE_OFFER,,1,A202409,C2024Q4T12,VIC1-NSW1,NSW1,10,6500
D,RESIDUE_PRICE_OFFER,,1,A202409,C2024Q4T12,VIC1-NSW1,NSW1,10,7000
D,RESIDUE_PRICE_OFFER,,1,A202409,C2024Q4T12,VIC1-NSW1,NSW1,10,7500
D,RESIDUE_PRICE_OFFER,,1,A202409,C2024Q4T12,VIC1-NSW1,NSW1,10,8000
D,RESIDUE_PRICE_OFFER,,1,A202409,C2024Q4T12,VIC1-NSW1,NSW1,10,8500
D,RESIDUE_PRICE_OFFER,,1,A202409,C2024Q4T12,VIC1-NSW1,NSW1,112,0
D,RESIDUE_PRICE_OFFER,,1,A202409,C2024Q4T12,VIC1-NSW1,VIC1,1,19080.90
D,RESIDUE_PRICE_OFFER,,1,A202409,C2024Q4T12,VIC1-NSW1,VIC1,1,19160.90
D,RESIDUE_PRICE_OFFER,,1,A202409,C2024Q4T12,VIC1-NSW1,VIC1,1,19240.90
D,RESIDUE_PRICE_OFFER,,1,A202409,C2024Q4T12,VIC1-NSW1,VIC1,1,19320.90
D,RESIDUE_PRICE_OFFER,,1,A202409,C2024Q4T12,VIC1-NSW1,VIC1,1,19400.90
D,RESIDUE_PRICE_OFFER,,1,A202409,C2024Q4T12,VIC1-NSW1,VIC1,1,19480.90
D,RESIDUE_PRICE_OFFER,,1,A202409,C2024Q4T12,VIC1-NSW1,VIC1,1,19560.90
D,RESIDUE_PRICE_OFFER,,1,A202409,C2024Q4T12,VIC1-NSW1,VIC1,1,19640.90
D,RESIDUE_PRICE_OFFER,,1,A202409,C2024Q4T12,VIC1-NSW1,VIC1,1,19720.90
D,RESIDUE_PRICE_OFFER,,1,A202409,C2024Q4T12,VIC1-NSW1,VIC1,1,19800.90
D,RESIDUE_PRICE_OFFER,,1,A202409,C2024Q4T12,VIC1-NSW1,VIC1,1,19880.90
D,RESIDUE_PRICE_OFFER,,1,A202409,C2024Q4T12,VIC1-NSW1,VIC1,1,19960.90
D,RESIDUE_PRICE_OFFER,,1,A202409,C2024Q4T12,VIC1-NSW1,VIC1,1,20040.90
D,RESIDUE_PRICE_OFFER,,1,A202409,C2024Q4T12,VIC1-NSW1,VIC1,1,20120.90
D,RESIDUE_PRICE_OFFER,,1,A202409,C2024Q4T12,VIC1-NSW1,VIC1,1,20200.90
D,RESIDUE_PRICE_OFFER,,1,A202409,C2024Q4T12,VIC1-NSW1,VIC1,1,20280.90
D,RESIDUE_PRICE_OFFER,,1,A202409,C2024Q4T12,VIC1-NSW1,VIC1,1,20360.90
D,RESIDUE_PRICE_OFFER,,1,A202409,C2024Q4T12,VIC1-NSW1,VIC1,1,20440.90
D,RESIDUE_PRICE_OFFER,,1,A202409,C2024Q4T12,VIC1-NSW1,VIC1,1,20520.90
D,RESIDUE_PRICE_OFFER,,1,A202409,C2024Q4T12,VIC1-NSW1,VIC1,1,20600.90
D,RESIDUE_PRICE_OFFER,,1,A202409,C2024Q4T12,VIC1-NSW1,VIC1,1,20680.90
D,RESIDUE_PRICE_OFFER,,1,A202409,C2024Q4T12,VIC1-NSW1,VIC1,1,20760.90
D,RESIDUE_PRICE_OFFER,,1,A202409,C2024Q4T12,VIC1-NSW1,VIC1,1,20840.90
D,RESIDUE_PRICE_OFFER,,1,A202409,C2024Q4T12,VIC1-NSW1,VIC1,1,20920.90
D,RESIDUE_PRICE_OFFER,,1,A202409,C2024Q4T12,VIC1-NSW1,VIC1,1,21000.90
D,RESIDUE_PRICE_OFFER,,1,A202409,C2024Q4T12,VIC1-NSW1,VIC1,2,15992
D,RESIDUE_PRICE_OFFER,,1,A202409,C2024Q4T12,VIC1-NSW1,VIC1,2,20007
D,RESIDUE_PRICE_OFFER,,1,A202409,C2024Q4T12,VIC1-NSW1,VIC1,2,21607.56
D,RESIDUE_PRICE_OFFER,,1,A202409,C2024Q4T12,VIC1-NSW1,VIC1,2,23336.1648
D,RESIDUE_PRICE_OFFER,,1,A202409,C2024Q4T12,VIC1-NSW1,VIC1,2,25203.057980
D,RESIDUE_PRICE_OFFER,,1,A202409,C2024Q4T12,VIC1-NSW1,VIC1,2,27219.302620
D,RESIDUE_PRICE_OFFER,,1,A202409,C2024Q4T12,VIC1-NSW1,VIC1,2,29396.846830
D,RESIDUE_PRICE_OFFER,,1,A202409,C2024Q4T12,VIC1-NSW1,VIC1,3,17923
D,RESIDUE_PRICE_OFFER,,1,A202409,C2024Q4T12,VIC1-NSW1,VIC1,6,18977
D,RESIDUE_PRICE_OFFER,,1,A202409,C2024Q4T12,VIC1-NSW1,VIC1,9,19473
D,RESIDUE_PRICE_OFFER,,1,A202409,C2024Q4T12,VIC1-NSW1,VIC1,10,20480
D,RESIDUE_PRICE_OFFER,,1,A202409,C2024Q4T12,VIC1-NSW1,VIC1,10,22222
D,RESIDUE_PRICE_OFFER,,1,A202409,C2024Q4T12,VIC1-NSW1,VIC1,10,24700.90
D,RESIDUE_PRICE_OFFER,,1,A202409,C2024Q4T12,VIC1-NSW1,VIC1,10,26400.90
D,RESIDUE_PRICE_OFFER,,1,A202409,C2024Q4T12,VIC1-NSW1,VIC1,10,28100.90
D,RESIDUE_PRICE_OFFER,,1,A202409,C2024Q4T12,VIC1-NSW1,VIC1,10,29800.90
D,RESIDUE_PRICE_OFFER,,1,A202409,C2024Q4T12,VIC1-NSW1,VIC1,10,31500.90
D,RESIDUE_PRICE_OFFER,,1,A202409,C2024Q4T12,VIC1-NSW1,VIC1,10,33200.90
D,RESIDUE_PRICE_OFFER,,1,A202409,C2024Q4T12,VIC1-NSW1,VIC1,10,34900.90
D,RESIDUE_PRICE_OFFER,,1,A202409,C2024Q4T12,VIC1-NSW1,VIC1,10,36600.90
D,RESIDUE_PRICE_OFFER,,1,A202409,C2024Q4T12,VIC1-NSW1,VIC1,10,38300.90
D,RESIDUE_PRICE_OFFER,,1,A202409,C2024Q4T12,VIC1-NSW1,VIC1,10,40000.90
D,RESIDUE_PRICE_OFFER,,1,A202409,C2024Q4T12,VIC1-NSW1,VIC1,11,21375
D,RESIDUE_PRICE_OFFER,,1,A202409,C2024Q4T12,VIC1-NSW1,VIC1,13,29294
D,RESIDUE_PRICE_OFFER,,1,A202409,C2024Q4T12,VIC1-NSW1,VIC1,16,29391
D,RESIDUE_PRICE_OFFER,,1,A202409,C2024Q4T12,VIC1-NSW1,VIC1,18,31995
D,RESIDUE_PRICE_OFFER,,1,A202409,C2024Q4T12,VIC1-NSW1,VIC1,20,38773
D,RESIDUE_PRICE_OFFER,,1,A202409,C2024Q4T12,VIC1-NSW1,VIC1,30,23000
D,RESIDUE_PRICE_OFFER,,1,A202409,C2024Q4T12,VIC1-NSW1,VIC1,125,0
D,RESIDUE_PRICE_OFFER,,1,A202409,C2025Q1T11,NSW1-QLD1,NSW1,2,26194
D,RESIDUE_PRICE_OFFER,,1,A202409,C2025Q1T11,NSW1-QLD1,NSW1,2,27503.70
D,RESIDUE_PRICE_OFFER,,1,A202409,C2025Q1T11,NSW1-QLD1,NSW1,2,28878.8850
D,RESIDUE_PRICE_OFFER,,1,A202409,C2025Q1T11,NSW1-QLD1,NSW1,2,30322.829250
D,RESIDUE_PRICE_OFFER,,1,A202409,C2025Q1T11,NSW1-QLD1,NSW1,2,31838.970710
D,RESIDUE_PRICE_OFFER,,1,A202409,C2025Q1T11,NSW1-QLD1,NSW1,2,33430.919250
D,RESIDUE_PRICE_OFFER,,1,A202409,C2025Q1T11,NSW1-QLD1,NSW1,2,35000
D,RESIDUE_PRICE_OFFER,,1,A202409,C2025Q1T11,NSW1-QLD1,NSW1,2,36000
D,RESIDUE_PRICE_OFFER,,1,A202409,C2025Q1T11,NSW1-QLD1,NSW1,2,37000
D,RESIDUE_PRICE_OFFER,,1,A202409,C2025Q1T11,NSW1-QLD1,NSW1,10,32000
D,RESIDUE_PRICE_OFFER,,1,A202409,C2025Q1T11,NSW1-QLD1,NSW1,10,40000
D,RESIDUE_PRICE_OFFER,,1,A202409,C2025Q1T11,NSW1-QLD1,NSW1,45,0
D,RESIDUE_PRICE_OFFER,,1,A202409,C2025Q1T11,NSW1-QLD1,QLD1,1,21575.19
D,RESIDUE_PRICE_OFFER,,1,A202409,C2025Q1T11,NSW1-QLD1,QLD1,1,21650.19
D,RESIDUE_PRICE_OFFER,,1,A202409,C2025Q1T11,NSW1-QLD1,QLD1,1,21725.19
D,RESIDUE_PRICE_OFFER,,1,A202409,C2025Q1T11,NSW1-QLD1,QLD1,1,21800.19
D,RESIDUE_PRICE_OFFER,,1,A202409,C2025Q1T11,NSW1-QLD1,QLD1,1,21875.19
D,RESIDUE_PRICE_OFFER,,1,A202409,C2025Q1T11,NSW1-QLD1,QLD1,1,21950.19
D,RESIDUE_PRICE_OFFER,,1,A202409,C2025Q1T11,NSW1-QLD1,QLD1,1,22025.19
D,RESIDUE_PRICE_OFFER,,1,A202409,C2025Q1T11,NSW1-QLD1,QLD1,1,22100.19
D,RESIDUE_PRICE_OFFER,,1,A202409,C2025Q1T11,NSW1-QLD1,QLD1,1,22175.19
D,RESIDUE_PRICE_OFFER,,1,A202409,C2025Q1T11,NSW1-QLD1,QLD1,1,22250.19
D,RESIDUE_PRICE_OFFER,,1,A202409,C2025Q1T11,NSW1-QLD1,QLD1,1,22325.19
D,RESIDUE_PRICE_OFFER,,1,A202409,C2025Q1T11,NSW1-QLD1,QLD1,1,22400.19
D,RESIDUE_PRICE_OFFER,,1,A202409,C2025Q1T11,NSW1-QLD1,QLD1,1,22475.19
D,RESIDUE_PRICE_OFFER,,1,A202409,C2025Q1T11,NSW1-QLD1,QLD1,1,22550.19
D,RESIDUE_PRICE_OFFER,,1,A202409,C2025Q1T11,NSW1-QLD1,QLD1,1,22625.19
D,RESIDUE_PRICE_OFFER,,1,A202409,C2025Q1T11,NSW1-QLD1,QLD1,1,22700.19
D,RESIDUE_PRICE_OFFER,,1,A202409,C2025Q1T11,NSW1-QLD1,QLD1,1,22775.19
D,RESIDUE_PRICE_OFFER,,1,A202409,C2025Q1T11,NSW1-QLD1,QLD1,1,22850.19
D,RESIDUE_PRICE_OFFER,,1,A202409,C2025Q1T11,NSW1-QLD1,QLD1,1,22925.19
D,RESIDUE_PRICE_OFFER,,1,A202409,C2025Q1T11,NSW1-QLD1,QLD1,1,23000.19
D,RESIDUE_PRICE_OFFER,,1,A202409,C2025Q1T11,NSW1-QLD1,QLD1,1,26500.19
D,RESIDUE_PRICE_OFFER,,1,A202409,C2025Q1T11,NSW1-QLD1,QLD1,1,28000.19
D,RESIDUE_PRICE_OFFER,,1,A202409,C2025Q1T11,NSW1-QLD1,QLD1,1,29500.19
D,RESIDUE_PRICE_OFFER,,1,A202409,C2025Q1T11,NSW1-QLD1,QLD1,1,31000.19
D,RESIDUE_PRICE_OFFER,,1,A202409,C2025Q1T11,NSW1-QLD1,QLD1,1,32500.19
D,RESIDUE_PRICE_OFFER,,1,A202409,C2025Q1T11,NSW1-QLD1,QLD1,1,34000.19
D,RESIDUE_PRICE_OFFER,,1,A202409,C2025Q1T11,NSW1-QLD1,QLD1,1,35000
D,RESIDUE_PRICE_OFFER,,1,A202409,C2025Q1T11,NSW1-QLD1,QLD1,1,35500.19
D,RESIDUE_PRICE_OFFER,,1,A202409,C2025Q1T11,NSW1-QLD1,QLD1,1,37000
D,RESIDUE_PRICE_OFFER,,1,A202409,C2025Q1T11,NSW1-QLD1,QLD1,1,37000.19
D,RESIDUE_PRICE_OFFER,,1,A202409,C2025Q1T11,NSW1-QLD1,QLD1,1,38500.19
D,RESIDUE_PRICE_OFFER,,1,A202409,C2025Q1T11,NSW1-QLD1,QLD1,1,39000
D,RESIDUE_PRICE_OFFER,,1,A202409,C2025Q1T11,NSW1-QLD1,QLD1,1,40000.19
D,RESIDUE_PRICE_OFFER,,1,A202409,C2025Q1T11,NSW1-QLD1,QLD1,3,25380
D,RESIDUE_PRICE_OFFER,,1,A202409,C2025Q1T11,NSW1-QLD1,QLD1,3,26395.20
D,RESIDUE_PRICE_OFFER,,1,A202409,C2025Q1T11,NSW1-QLD1,QLD1,3,27451.0080
D,RESIDUE_PRICE_OFFER,,1,A202409,C2025Q1T11,NSW1-QLD1,QLD1,3,28549.048320
D,RESIDUE_PRICE_OFFER,,1,A202409,C2025Q1T11,NSW1-QLD1,QLD1,3,29691.010250
D,RESIDUE_PRICE_OFFER,,1,A202409,C2025Q1T11,NSW1-QLD1,QLD1,3,30878.650660
D,RESIDUE_PRICE_OFFER,,1,A202409,C2025Q1T11,NSW1-QLD1,QLD1,5,20898
D,RESIDUE_PRICE_OFFER,,1,A202409,C2025Q1T11,NSW1-QLD1,QLD1,5,22500
D,RESIDUE_PRICE_OFFER,,1,A202409,C2025Q1T11,NSW1-QLD1,QLD1,10,25000
D,RESIDUE_PRICE_OFFER,,1,A202409,C2025Q1T11,NSW1-QLD1,QLD1,20,35000
D,RESIDUE_PRICE_OFFER,,1,A202409,C2025Q1T11,NSW1-QLD1,QLD1,100,0
D,RESIDUE_PRICE_OFFER,,1,A202409,C2025Q1T11,V-SA,SA1,3,8043.42
D,RESIDUE_PRICE_OFFER,,1,A202409,C2025Q1T11,V-SA,SA1,3,8847.7620
D,RESIDUE_PRICE_OFFER,,1,A202409,C2025Q1T11,V-SA,SA1,3,9732.5382
D,RESIDUE_PRICE_OFFER,,1,A202409,C2025Q1T11,V-SA,SA1,3,10705.792020
D,RESIDUE_PRICE_OFFER,,1,A202409,C2025Q1T11,V-SA,SA1,4,6964
D,RESIDUE_PRICE_OFFER,,1,A202409,C2025Q1T11,V-SA,SA1,4,7312.20
D,RESIDUE_PRICE_OFFER,,1,A202409,C2025Q1T11,V-SA,SA1,5,14000
D,RESIDUE_PRICE_OFFER,,1,A202409,C2025Q1T11,V-SA,SA1,5,14500
D,RESIDUE_PRICE_OFFER,,1,A202409,C2025Q1T11,V-SA,SA1,5,15000
D,RESIDUE_PRICE_OFFER,,1,A202409,C2025Q1T11,V-SA,SA1,5,15500
D,RESIDUE_PRICE_OFFER,,1,A202409,C2025Q1T11,V-SA,SA1,5,16000
D,RESIDUE_PRICE_OFFER,,1,A202409,C2025Q1T11,V-SA,SA1,5,16500
D,RESIDUE_PRICE_OFFER,,1,A202409,C2025Q1T11,V-SA,SA1,64,0
D,RESIDUE_PRICE_OFFER,,1,A202409,C2025Q1T11,V-SA,VIC1,1,32150.91
D,RESIDUE_PRICE_OFFER,,1,A202409,C2025Q1T11,V-SA,VIC1,1,32300.91
D,RESIDUE_PRICE_OFFER,,1,A202409,C2025Q1T11,V-SA,VIC1,1,32450.91
D,RESIDUE_PRICE_OFFER,,1,A202409,C2025Q1T11,V-SA,VIC1,1,32600.91
D,RESIDUE_PRICE_OFFER,,1,A202409,C2025Q1T11,V-SA,VIC1,1,32750.91
D,RESIDUE_PRICE_OFFER,,1,A202409,C2025Q1T11,V-SA,VIC1,1,32900.91
D,RESIDUE_PRICE_OFFER,,1,A202409,C2025Q1T11,V-SA,VIC1,1,33050.91
D,RESIDUE_PRICE_OFFER,,1,A202409,C2025Q1T11,V-SA,VIC1,1,33200.91
D,RESIDUE_PRICE_OFFER,,1,A202409,C2025Q1T11,V-SA,VIC1,1,33350.91
D,RESIDUE_PRICE_OFFER,,1,A202409,C2025Q1T11,V-SA,VIC1,1,33500.91
D,RESIDUE_PRICE_OFFER,,1,A202409,C2025Q1T11,V-SA,VIC1,1,33650.91
D,RESIDUE_PRICE_OFFER,,1,A202409,C2025Q1T11,V-SA,VIC1,1,33800.91
D,RESIDUE_PRICE_OFFER,,1,A202409,C2025Q1T11,V-SA,VIC1,1,33950.91
D,RESIDUE_PRICE_OFFER,,1,A202409,C2025Q1T11,V-SA,VIC1,1,34100.91
D,RESIDUE_PRICE_OFFER,,1,A202409,C2025Q1T11,V-SA,VIC1,1,34250.91
D,RESIDUE_PRICE_OFFER,,1,A202409,C2025Q1T11,V-SA,VIC1,1,34400.91
D,RESIDUE_PRICE_OFFER,,1,A202409,C2025Q1T11,V-SA,VIC1,1,34550.91
D,RESIDUE_PRICE_OFFER,,1,A202409,C2025Q1T11,V-SA,VIC1,1,34700.91
D,RESIDUE_PRICE_OFFER,,1,A202409,C2025Q1T11,V-SA,VIC1,1,34850.91
D,RESIDUE_PRICE_OFFER,,1,A202409,C2025Q1T11,V-SA,VIC1,1,35000.91
D,RESIDUE_PRICE_OFFER,,1,A202409,C2025Q1T11,V-SA,VIC1,1,38000
D,RESIDUE_PRICE_OFFER,,1,A202409,C2025Q1T11,V-SA,VIC1,1,38500
D,RESIDUE_PRICE_OFFER,,1,A202409,C2025Q1T11,V-SA,VIC1,1,39000
D,RESIDUE_PRICE_OFFER,,1,A202409,C2025Q1T11,V-SA,VIC1,1,39500
D,RESIDUE_PRICE_OFFER,,1,A202409,C2025Q1T11,V-SA,VIC1,1,40000
D,RESIDUE_PRICE_OFFER,,1,A202409,C2025Q1T11,V-SA,VIC1,3,25300
D,RESIDUE_PRICE_OFFER,,1,A202409,C2025Q1T11,V-SA,VIC1,3,26059
D,RESIDUE_PRICE_OFFER,,1,A202409,C2025Q1T11,V-SA,VIC1,3,26840.77
D,RESIDUE_PRICE_OFFER,,1,A202409,C2025Q1T11,V-SA,VIC1,3,27645.9931
D,RESIDUE_PRICE_OFFER,,1,A202409,C2025Q1T11,V-SA,VIC1,5,28475.372890
D,RESIDUE_PRICE_OFFER,,1,A202409,C2025Q1T11,V-SA,VIC1,10,29329.634080
D,RESIDUE_PRICE_OFFER,,1,A202409,C2025Q1T11,V-SA,VIC1,10,31247
D,RESIDUE_PRICE_OFFER,,1,A202409,C2025Q1T11,V-SA,VIC1,73,0
D,RESIDUE_PRICE_OFFER,,1,A202409,C2025Q1T11,VIC1-NSW1,NSW1,2,5241
D,RESIDUE_PRICE_OFFER,,1,A202409,C2025Q1T11,VIC1-NSW1,NSW1,2,5503.05
D,RESIDUE_PRICE_OFFER,,1,A202409,C2025Q1T11,VIC1-NSW1,NSW1,2,5778.2025
D,RESIDUE_PRICE_OFFER,,1,A202409,C2025Q1T11,VIC1-NSW1,NSW1,2,6067.112620
D,RESIDUE_PRICE_OFFER,,1,A202409,C2025Q1T11,VIC1-NSW1,NSW1,2,6370.468250
D,RESIDUE_PRICE_OFFER,,1,A202409,C2025Q1T11,VIC1-NSW1,NSW1,2,6688.991660
D,RESIDUE_PRICE_OFFER,,1,A202409,C2025Q1T11,VIC1-NSW1,NSW1,2,7100.39
D,RESIDUE_PRICE_OFFER,,1,A202409,C2025Q1T11,VIC1-NSW1,NSW1,2,7200.39
D,RESIDUE_PRICE_OFFER,,1,A202409,C2025Q1T11,VIC1-NSW1,NSW1,2,7300.39
D,RESIDUE_PRICE_OFFER,,1,A202409,C2025Q1T11,VIC1-NSW1,NSW1,2,7400.39
D,RESIDUE_PRICE_OFFER,,1,A202409,C2025Q1T11,VIC1-NSW1,NSW1,2,7500.39
D,RESIDUE_PRICE_OFFER,,1,A202409,C2025Q1T11,VIC1-NSW1,NSW1,2,7600.39
D,RESIDUE_PRICE_OFFER,,1,A202409,C2025Q1T11,VIC1-NSW1,NSW1,2,7700.39
D,RESIDUE_PRICE_OFFER,,1,A202409,C2025Q1T11,VIC1-NSW1,NSW1,2,7800.39
D,RESIDUE_PRICE_OFFER,,1,A202409,C2025Q1T11,VIC1-NSW1,NSW1,2,7900.39
D,RESIDUE_PRICE_OFFER,,1,A202409,C2025Q1T11,VIC1-NSW1,NSW1,2,8000.39
D,RESIDUE_PRICE_OFFER,,1,A202409,C2025Q1T11,VIC1-NSW1,NSW1,2,8100.39
D,RESIDUE_PRICE_OFFER,,1,A202409,C2025Q1T11,VIC1-NSW1,NSW1,2,8200.39
D,RESIDUE_PRICE_OFFER,,1,A202409,C2025Q1T11,VIC1-NSW1,NSW1,2,8300.39
D,RESIDUE_PRICE_OFFER,,1,A202409,C2025Q1T11,VIC1-NSW1,NSW1,2,8400.39
D,RESIDUE_PRICE_OFFER,,1,A202409,C2025Q1T11,VIC1-NSW1,NSW1,2,8500.39
D,RESIDUE_PRICE_OFFER,,1,A202409,C2025Q1T11,VIC1-NSW1,NSW1,2,8600.39
D,RESIDUE_PRICE_OFFER,,1,A202409,C2025Q1T11,VIC1-NSW1,NSW1,2,8700.39
D,RESIDUE_PRICE_OFFER,,1,A202409,C2025Q1T11,VIC1-NSW1,NSW1,2,8800.39
D,RESIDUE_PRICE_OFFER,,1,A202409,C2025Q1T11,VIC1-NSW1,NSW1,2,8900.39
D,RESIDUE_PRICE_OFFER,,1,A202409,C2025Q1T11,VIC1-NSW1,NSW1,2,9000.39
D,RESIDUE_PRICE_OFFER,,1,A202409,C2025Q1T11,VIC1-NSW1,NSW1,10,13500
D,RESIDUE_PRICE_OFFER,,1,A202409,C2025Q1T11,VIC1-NSW1,NSW1,10,14000
D,RESIDUE_PRICE_OFFER,,1,A202409,C2025Q1T11,VIC1-NSW1,NSW1,10,14500
D,RESIDUE_PRICE_OFFER,,1,A202409,C2025Q1T11,VIC1-NSW1,NSW1,15,12000
D,RESIDUE_PRICE_OFFER,,1,A202409,C2025Q1T11,VIC1-NSW1,NSW1,15,12500
D,RESIDUE_PRICE_OFFER,,1,A202409,C2025Q1T11,VIC1-NSW1,NSW1,15,13000
D,RESIDUE_PRICE_OFFER,,1,A202409,C2025Q1T11,VIC1-NSW1,NSW1,108,0
D,RESIDUE_PRICE_OFFER,,1,A202409,C2025Q1T11,VIC1-NSW1,VIC1,2,17600.90
D,RESIDUE_PRICE_OFFER,,1,A202409,C2025Q1T11,VIC1-NSW1,VIC1,2,17700.90
D,RESIDUE_PRICE_OFFER,,1,A202409,C2025Q1T11,VIC1-NSW1,VIC1,2,17800.90
D,RESIDUE_PRICE_OFFER,,1,A202409,C2025Q1T11,VIC1-NSW1,VIC1,2,17900.90
D,RESIDUE_PRICE_OFFER,,1,A202409,C2025Q1T11,VIC1-NSW1,VIC1,2,18000.90
D,RESIDUE_PRICE_OFFER,,1,A202409,C2025Q1T11,VIC1-NSW1,VIC1,2,18100.90
D,RESIDUE_PRICE_OFFER,,1,A202409,C2025Q1T11,VIC1-NSW1,VIC1,2,18200.90
D,RESIDUE_PRICE_OFFER,,1,A202409,C2025Q1T11,VIC1-NSW1,VIC1,2,18300.90
D,RESIDUE_PRICE_OFFER,,1,A202409,C2025Q1T11,VIC1-NSW1,VIC1,2,18400.90
D,RESIDUE_PRICE_OFFER,,1,A202409,C2025Q1T11,VIC1-NSW1,VIC1,2,18500.90
D,RESIDUE_PRICE_OFFER,,1,A202409,C2025Q1T11,VIC1-NSW1,VIC1,2,18600.90
D,RESIDUE_PRICE_OFFER,,1,A202409,C2025Q1T11,VIC1-NSW1,VIC1,2,18700.90
D,RESIDUE_PRICE_OFFER,,1,A202409,C2025Q1T11,VIC1-NSW1,VIC1,2,18800.90
D,RESIDUE_PRICE_OFFER,,1,A202409,C2025Q1T11,VIC1-NSW1,VIC1,2,18900.90
D,RESIDUE_PRICE_OFFER,,1,A202409,C2025Q1T11,VIC1-NSW1,VIC1,2,19000.90
D,RESIDUE_PRICE_OFFER,,1,A202409,C2025Q1T11,VIC1-NSW1,VIC1,2,19100.90
D,RESIDUE_PRICE_OFFER,,1,A202409,C2025Q1T11,VIC1-NSW1,VIC1,2,19200.90
D,RESIDUE_PRICE_OFFER,,1,A202409,C2025Q1T11,VIC1-NSW1,VIC1,2,19300.90
D,RESIDUE_PRICE_OFFER,,1,A202409,C2025Q1T11,VIC1-NSW1,VIC1,2,19400.90
D,RESIDUE_PRICE_OFFER,,1,A202409,C2025Q1T11,VIC1-NSW1,VIC1,2,19500.90
D,RESIDUE_PRICE_OFFER,,1,A202409,C2025Q1T11,VIC1-NSW1,VIC1,2,21947
D,RESIDUE_PRICE_OFFER,,1,A202409,C2025Q1T11,VIC1-NSW1,VIC1,2,22824.88
D,RESIDUE_PRICE_OFFER,,1,A202409,C2025Q1T11,VIC1-NSW1,VIC1,2,23737.8752
D,RESIDUE_PRICE_OFFER,,1,A202409,C2025Q1T11,VIC1-NSW1,VIC1,2,24687.390210
D,RESIDUE_PRICE_OFFER,,1,A202409,C2025Q1T11,VIC1-NSW1,VIC1,2,25674.885820
D,RESIDUE_PRICE_OFFER,,1,A202409,C2025Q1T11,VIC1-NSW1,VIC1,2,26701.881250
D,RESIDUE_PRICE_OFFER,,1,A202409,C2025Q1T11,VIC1-NSW1,VIC1,5,28511
D,RESIDUE_PRICE_OFFER,,1,A202409,C2025Q1T11,VIC1-NSW1,VIC1,6,22900.90
D,RESIDUE_PRICE_OFFER,,1,A202409,C2025Q1T11,VIC1-NSW1,VIC1,6,24800.90
D,RESIDUE_PRICE_OFFER,,1,A202409,C2025Q1T11,VIC1-NSW1,VIC1,6,26700.90
D,RESIDUE_PRICE_OFFER,,1,A202409,C2025Q1T11,VIC1-NSW1,VIC1,6,28600.90
D,RESIDUE_PRICE_OFFER,,1,A202409,C2025Q1T11,VIC1-NSW1,VIC1,6,30500.90
D,RESIDUE_PRICE_OFFER,,1,A202409,C2025Q1T11,VIC1-NSW1,VIC1,6,32400.90
D,RESIDUE_PRICE_OFFER,,1,A202409,C2025Q1T11,VIC1-NSW1,VIC1,6,34300.90
D,RESIDUE_PRICE_OFFER,,1,A202409,C2025Q1T11,VIC1-NSW1,VIC1,6,36200.90
D,RESIDUE_PRICE_OFFER,,1,A202409,C2025Q1T11,VIC1-NSW1,VIC1,6,38100.90
D,RESIDUE_PRICE_OFFER,,1,A202409,C2025Q1T11,VIC1-NSW1,VIC1,6,40000.90
D,RESIDUE_PRICE_OFFER,,1,A202409,C2025Q1T11,VIC1-NSW1,VIC1,10,21600
D,RESIDUE_PRICE_OFFER,,1,A202409,C2025Q1T11,VIC1-NSW1,VIC1,30,23000
D,RESIDUE_PRICE_OFFER,,1,A202409,C2025Q1T11,VIC1-NSW1,VIC1,125,0
D,RESIDUE_PRICE_OFFER,,1,A202409,C2025Q2T10,NSW1-QLD1,NSW1,5,6000.24
D,RESIDUE_PRICE_OFFER,,1,A202409,C2025Q2T10,NSW1-QLD1,NSW1,5,6570
D,RESIDUE_PRICE_OFFER,,1,A202409,C2025Q2T10,NSW1-QLD1,NSW1,45,0
D,RESIDUE_PRICE_OFFER,,1,A202409,C2025Q2T10,NSW1-QLD1,QLD1,1,36080.19
D,RESIDUE_PRICE_OFFER,,1,A202409,C2025Q2T10,NSW1-QLD1,QLD1,1,36160.19
D,RESIDUE_PRICE_OFFER,,1,A202409,C2025Q2T10,NSW1-QLD1,QLD1,1,36240.19
D,RESIDUE_PRICE_OFFER,,1,A202409,C2025Q2T10,NSW1-QLD1,QLD1,1,36320.19
D,RESIDUE_PRICE_OFFER,,1,A202409,C2025Q2T10,NSW1-QLD1,QLD1,1,36400.19
D,RESIDUE_PRICE_OFFER,,1,A202409,C2025Q2T10,NSW1-QLD1,QLD1,1,36480.19
D,RESIDUE_PRICE_OFFER,,1,A202409,C2025Q2T10,NSW1-QLD1,QLD1,1,36560.19
D,RESIDUE_PRICE_OFFER,,1,A202409,C2025Q2T10,NSW1-QLD1,QLD1,1,36640.19
D,RESIDUE_PRICE_OFFER,,1,A202409,C2025Q2T10,NSW1-QLD1,QLD1,1,36720.19
D,RESIDUE_PRICE_OFFER,,1,A202409,C2025Q2T10,NSW1-QLD1,QLD1,1,36800.19
D,RESIDUE_PRICE_OFFER,,1,A202409,C2025Q2T10,NSW1-QLD1,QLD1,1,36880.19
D,RESIDUE_PRICE_OFFER,,1,A202409,C2025Q2T10,NSW1-QLD1,QLD1,1,36960.19
D,RESIDUE_PRICE_OFFER,,1,A202409,C2025Q2T10,NSW1-QLD1,QLD1,1,37040.19
D,RESIDUE_PRICE_OFFER,,1,A202409,C2025Q2T10,NSW1-QLD1,QLD1,1,37120.19
D,RESIDUE_PRICE_OFFER,,1,A202409,C2025Q2T10,NSW1-QLD1,QLD1,1,37200.19
D,RESIDUE_PRICE_OFFER,,1,A202409,C2025Q2T10,NSW1-QLD1,QLD1,1,37280.19
D,RESIDUE_PRICE_OFFER,,1,A202409,C2025Q2T10,NSW1-QLD1,QLD1,1,37360.19
D,RESIDUE_PRICE_OFFER,,1,A202409,C2025Q2T10,NSW1-QLD1,QLD1,1,37440.19
D,RESIDUE_PRICE_OFFER,,1,A202409,C2025Q2T10,NSW1-QLD1,QLD1,1,37520.19
D,RESIDUE_PRICE_OFFER,,1,A202409,C2025Q2T10,NSW1-QLD1,QLD1,1,37600.19
D,RESIDUE_PRICE_OFFER,,1,A202409,C2025Q2T10,NSW1-QLD1,QLD1,1,37680.19
D,RESIDUE_PRICE_OFFER,,1,A202409,C2025Q2T10,NSW1-QLD1,QLD1,1,37760.19
D,RESIDUE_PRICE_OFFER,,1,A202409,C2025Q2T10,NSW1-QLD1,QLD1,1,37840.19
D,RESIDUE_PRICE_OFFER,,1,A202409,C2025Q2T10,NSW1-QLD1,QLD1,1,37920.19
D,RESIDUE_PRICE_OFFER,,1,A202409,C2025Q2T10,NSW1-QLD1,QLD1,1,38000.19
D,RESIDUE_PRICE_OFFER,,1,A202409,C2025Q2T10,NSW1-QLD1,QLD1,1,40400.19
D,RESIDUE_PRICE_OFFER,,1,A202409,C2025Q2T10,NSW1-QLD1,QLD1,1,40800.19
D,RESIDUE_PRICE_OFFER,,1,A202409,C2025Q2T10,NSW1-QLD1,QLD1,1,41200.19
D,RESIDUE_PRICE_OFFER,,1,A202409,C2025Q2T10,NSW1-QLD1,QLD1,1,41600.19
D,RESIDUE_PRICE_OFFER,,1,A202409,C2025Q2T10,NSW1-QLD1,QLD1,1,42000.19
D,RESIDUE_PRICE_OFFER,,1,A202409,C2025Q2T10,NSW1-QLD1,QLD1,1,42400.19
D,RESIDUE_PRICE_OFFER,,1,A202409,C2025Q2T10,NSW1-QLD1,QLD1,1,42800.19
D,RESIDUE_PRICE_OFFER,,1,A202409,C2025Q2T10,NSW1-QLD1,QLD1,1,43200.19
D,RESIDUE_PRICE_OFFER,,1,A202409,C2025Q2T10,NSW1-QLD1,QLD1,1,43600.19
D,RESIDUE_PRICE_OFFER,,1,A202409,C2025Q2T10,NSW1-QLD1,QLD1,1,44000.19
D,RESIDUE_PRICE_OFFER,,1,A202409,C2025Q2T10,NSW1-QLD1,QLD1,1,44400.19
D,RESIDUE_PRICE_OFFER,,1,A202409,C2025Q2T10,NSW1-QLD1,QLD1,1,44800.19
D,RESIDUE_PRICE_OFFER,,1,A202409,C2025Q2T10,NSW1-QLD1,QLD1,1,45200.19
D,RESIDUE_PRICE_OFFER,,1,A202409,C2025Q2T10,NSW1-QLD1,QLD1,1,45600.19
D,RESIDUE_PRICE_OFFER,,1,A202409,C2025Q2T10,NSW1-QLD1,QLD1,1,46000.19
D,RESIDUE_PRICE_OFFER,,1,A202409,C2025Q2T10,NSW1-QLD1,QLD1,1,46400.19
D,RESIDUE_PRICE_OFFER,,1,A202409,C2025Q2T10,NSW1-QLD1,QLD1,1,46800.19
D,RESIDUE_PRICE_OFFER,,1,A202409,C2025Q2T10,NSW1-QLD1,QLD1,1,47200.19
D,RESIDUE_PRICE_OFFER,,1,A202409,C2025Q2T10,NSW1-QLD1,QLD1,1,47600.19
D,RESIDUE_PRICE_OFFER,,1,A202409,C2025Q2T10,NSW1-QLD1,QLD1,1,48000.19
D,RESIDUE_PRICE_OFFER,,1,A202409,C2025Q2T10,NSW1-QLD1,QLD1,1,48400.19
D,RESIDUE_PRICE_OFFER,,1,A202409,C2025Q2T10,NSW1-QLD1,QLD1,1,48800.19
D,RESIDUE_PRICE_OFFER,,1,A202409,C2025Q2T10,NSW1-QLD1,QLD1,1,49200.19
D,RESIDUE_PRICE_OFFER,,1,A202409,C2025Q2T10,NSW1-QLD1,QLD1,1,49600.19
D,RESIDUE_PRICE_OFFER,,1,A202409,C2025Q2T10,NSW1-QLD1,QLD1,1,50000.19
D,RESIDUE_PRICE_OFFER,,1,A202409,C2025Q2T10,NSW1-QLD1,QLD1,2,29755
D,RESIDUE_PRICE_OFFER,,1,A202409,C2025Q2T10,NSW1-QLD1,QLD1,5,30945.20
D,RESIDUE_PRICE_OFFER,,1,A202409,C2025Q2T10,NSW1-QLD1,QLD1,5,33420.8160
D,RESIDUE_PRICE_OFFER,,1,A202409,C2025Q2T10,NSW1-QLD1,QLD1,5,36094.481280
D,RESIDUE_PRICE_OFFER,,1,A202409,C2025Q2T10,NSW1-QLD1,QLD1,5,37177.315720
D,RESIDUE_PRICE_OFFER,,1,A202409,C2025Q2T10,NSW1-QLD1,QLD1,9,42000
D,RESIDUE_PRICE_OFFER,,1,A202409,C2025Q2T10,NSW1-QLD1,QLD1,10,30576
D,RESIDUE_PRICE_OFFER,,1,A202409,C2025Q2T10,NSW1-QLD1,QLD1,10,38292.635190
D,RESIDUE_PRICE_OFFER,,1,A202409,C2025Q2T10,NSW1-QLD1,QLD1,10,51810
D,RESIDUE_PRICE_OFFER,,1,A202409,C2025Q2T10,NSW1-QLD1,QLD1,14,37542
D,RESIDUE_PRICE_OFFER,,1,A202409,C2025Q2T10,NSW1-QLD1,QLD1,100,0
D,RESIDUE_PRICE_OFFER,,1,A202409,C2025Q2T10,V-SA,SA1,2,5506
D,RESIDUE_PRICE_OFFER,,1,A202409,C2025Q2T10,V-SA,SA1,2,5781.30
D,RESIDUE_PRICE_OFFER,,1,A202409,C2025Q2T10,V-SA,SA1,3,6359.43
D,RESIDUE_PRICE_OFFER,,1,A202409,C2025Q2T10,V-SA,SA1,3,6995.3730
D,RESIDUE_PRICE_OFFER,,1,A202409,C2025Q2T10,V-SA,SA1,3,7694.9103
D,RESIDUE_PRICE_OFFER,,1,A202409,C2025Q2T10,V-SA,SA1,3,8464.401330
D,RESIDUE_PRICE_OFFER,,1,A202409,C2025Q2T10,V-SA,SA1,5,8000
D,RESIDUE_PRICE_OFFER,,1,A202409,C2025Q2T10,V-SA,SA1,5,8500
D,RESIDUE_PRICE_OFFER,,1,A202409,C2025Q2T10,V-SA,SA1,5,9000
D,RESIDUE_PRICE_OFFER,,1,A202409,C2025Q2T10,V-SA,SA1,5,9500
D,RESIDUE_PRICE_OFFER,,1,A202409,C2025Q2T10,V-SA,SA1,5,10000
D,RESIDUE_PRICE_OFFER,,1,A202409,C2025Q2T10,V-SA,SA1,5,10500
D,RESIDUE_PRICE_OFFER,,1,A202409,C2025Q2T10,V-SA,SA1,64,0
D,RESIDUE_PRICE_OFFER,,1,A202409,C2025Q2T10,V-SA,VIC1,1,18105.91
D,RESIDUE_PRICE_OFFER,,1,A202409,C2025Q2T10,V-SA,VIC1,1,18210.91
D,RESIDUE_PRICE_OFFER,,1,A202409,C2025Q2T10,V-SA,VIC1,1,18315.91
D,RESIDUE_PRICE_OFFER,,1,A202409,C2025Q2T10,V-SA,VIC1,1,18420.91
D,RESIDUE_PRICE_OFFER,,1,A202409,C2025Q2T10,V-SA,VIC1,1,18525.91
D,RESIDUE_PRICE_OFFER,,1,A202409,C2025Q2T10,V-SA,VIC1,1,18630.91
D,RESIDUE_PRICE_OFFER,,1,A202409,C2025Q2T10,V-SA,VIC1,1,18735.91
D,RESIDUE_PRICE_OFFER,,1,A202409,C2025Q2T10,V-SA,VIC1,1,18840.91
D,RESIDUE_PRICE_OFFER,,1,A202409,C2025Q2T10,V-SA,VIC1,1,18945.91
D,RESIDUE_PRICE_OFFER,,1,A202409,C2025Q2T10,V-SA,VIC1,1,19050.91
D,RESIDUE_PRICE_OFFER,,1,A202409,C2025Q2T10,V-SA,VIC1,1,19155.91
D,RESIDUE_PRICE_OFFER,,1,A202409,C2025Q2T10,V-SA,VIC1,1,19260.91
D,RESIDUE_PRICE_OFFER,,1,A202409,C2025Q2T10,V-SA,VIC1,1,19365.91
D,RESIDUE_PRICE_OFFER,,1,A202409,C2025Q2T10,V-SA,VIC1,1,19470.91
D,RESIDUE_PRICE_OFFER,,1,A202409,C2025Q2T10,V-SA,VIC1,1,19575.91
D,RESIDUE_PRICE_OFFER,,1,A202409,C2025Q2T10,V-SA,VIC1,1,19680.91
D,RESIDUE_PRICE_OFFER,,1,A202409,C2025Q2T10,V-SA,VIC1,1,19785.91
D,RESIDUE_PRICE_OFFER,,1,A202409,C2025Q2T10,V-SA,VIC1,1,19890.91
D,RESIDUE_PRICE_OFFER,,1,A202409,C2025Q2T10,V-SA,VIC1,1,19995.91
D,RESIDUE_PRICE_OFFER,,1,A202409,C2025Q2T10,V-SA,VIC1,3,25301
D,RESIDUE_PRICE_OFFER,,1,A202409,C2025Q2T10,V-SA,VIC1,3,26060.03
D,RESIDUE_PRICE_OFFER,,1,A202409,C2025Q2T10,V-SA,VIC1,3,26841.8309
D,RESIDUE_PRICE_OFFER,,1,A202409,C2025Q2T10,V-SA,VIC1,4,27647.085830
D,RESIDUE_PRICE_OFFER,,1,A202409,C2025Q2T10,V-SA,VIC1,4,28476.4984
D,RESIDUE_PRICE_OFFER,,1,A202409,C2025Q2T10,V-SA,VIC1,4,29330.793350
D,RESIDUE_PRICE_OFFER,,1,A202409,C2025Q2T10,V-SA,VIC1,73,0
D,RESIDUE_PRICE_OFFER,,1,A202409,C2025Q2T10,VIC1-NSW1,NSW1,1,3040.39
D,RESIDUE_PRICE_OFFER,,1,A202409,C2025Q2T10,VIC1-NSW1,NSW1,1,3080.39
D,RESIDUE_PRICE_OFFER,,1,A202409,C2025Q2T10,VIC1-NSW1,NSW1,1,3120.39
D,RESIDUE_PRICE_OFFER,,1,A202409,C2025Q2T10,VIC1-NSW1,NSW1,1,3160.39
D,RESIDUE_PRICE_OFFER,,1,A202409,C2025Q2T10,VIC1-NSW1,NSW1,1,3200.39
D,RESIDUE_PRICE_OFFER,,1,A202409,C2025Q2T10,VIC1-NSW1,NSW1,1,3240.39
D,RESIDUE_PRICE_OFFER,,1,A202409,C2025Q2T10,VIC1-NSW1,NSW1,1,3280.39
D,RESIDUE_PRICE_OFFER,,1,A202409,C2025Q2T10,VIC1-NSW1,NSW1,1,3320.39
D,RESIDUE_PRICE_OFFER,,1,A202409,C2025Q2T10,VIC1-NSW1,NSW1,1,3360.39
D,RESIDUE_PRICE_OFFER,,1,A202409,C2025Q2T10,VIC1-NSW1,NSW1,1,3400.39
D,RESIDUE_PRICE_OFFER,,1,A202409,C2025Q2T10,VIC1-NSW1,NSW1,1,3440.39
D,RESIDUE_PRICE_OFFER,,1,A202409,C2025Q2T10,VIC1-NSW1,NSW1,1,3480.39
D,RESIDUE_PRICE_OFFER,,1,A202409,C2025Q2T10,VIC1-NSW1,NSW1,1,3520.39
D,RESIDUE_PRICE_OFFER,,1,A202409,C2025Q2T10,VIC1-NSW1,NSW1,1,3560.39
D,RESIDUE_PRICE_OFFER,,1,A202409,C2025Q2T10,VIC1-NSW1,NSW1,1,3600.39
D,RESIDUE_PRICE_OFFER,,1,A202409,C2025Q2T10,VIC1-NSW1,NSW1,1,3640.39
D,RESIDUE_PRICE_OFFER,,1,A202409,C2025Q2T10,VIC1-NSW1,NSW1,1,3680.39
D,RESIDUE_PRICE_OFFER,,1,A202409,C2025Q2T10,VIC1-NSW1,NSW1,1,3720.39
D,RESIDUE_PRICE_OFFER,,1,A202409,C2025Q2T10,VIC1-NSW1,NSW1,1,3760.39
D,RESIDUE_PRICE_OFFER,,1,A202409,C2025Q2T10,VIC1-NSW1,NSW1,1,3800.39
D,RESIDUE_PRICE_OFFER,,1,A202409,C2025Q2T10,VIC1-NSW1,NSW1,1,3840.39
D,RESIDUE_PRICE_OFFER,,1,A202409,C2025Q2T10,VIC1-NSW1,NSW1,1,3880.39
D,RESIDUE_PRICE_OFFER,,1,A202409,C2025Q2T10,VIC1-NSW1,NSW1,1,3920.39
D,RESIDUE_PRICE_OFFER,,1,A202409,C2025Q2T10,VIC1-NSW1,NSW1,1,3960.39
D,RESIDUE_PRICE_OFFER,,1,A202409,C2025Q2T10,VIC1-NSW1,NSW1,1,4000.39
D,RESIDUE_PRICE_OFFER,,1,A202409,C2025Q2T10,VIC1-NSW1,NSW1,3,4120
D,RESIDUE_PRICE_OFFER,,1,A202409,C2025Q2T10,VIC1-NSW1,NSW1,3,4532
D,RESIDUE_PRICE_OFFER,,1,A202409,C2025Q2T10,VIC1-NSW1,NSW1,5,4985.20
D,RESIDUE_PRICE_OFFER,,1,A202409,C2025Q2T10,VIC1-NSW1,NSW1,5,5982.24
D,RESIDUE_PRICE_OFFER,,1,A202409,C2025Q2T10,VIC1-NSW1,NSW1,5,7178.6880
D,RESIDUE_PRICE_OFFER,,1,A202409,C2025Q2T10,VIC1-NSW1,NSW1,5,8614.4256
D,RESIDUE_PRICE_OFFER,,1,A202409,C2025Q2T10,VIC1-NSW1,NSW1,10,8000
D,RESIDUE_PRICE_OFFER,,1,A202409,C2025Q2T10,VIC1-NSW1,NSW1,10,8500
D,RESIDUE_PRICE_OFFER,,1,A202409,C2025Q2T10,VIC1-NSW1,NSW1,10,9000
D,RESIDUE_PRICE_OFFER,,1,A202409,C2025Q2T10,VIC1-NSW1,NSW1,10,9500
D,RESIDUE_PRICE_OFFER,,1,A202409,C2025Q2T10,VIC1-NSW1,NSW1,10,10000
D,RESIDUE_PRICE_OFFER,,1,A202409,C2025Q2T10,VIC1-NSW1,NSW1,10,10500
D,RESIDUE_PRICE_OFFER,,1,A202409,C2025Q2T10,VIC1-NSW1,NSW1,15,4400
D,RESIDUE_PRICE_OFFER,,1,A202409,C2025Q2T10,VIC1-NSW1,NSW1,16,7500
D,RESIDUE_PRICE_OFFER,,1,A202409,C2025Q2T10,VIC1-NSW1,NSW1,25,7500
D,RESIDUE_PRICE_OFFER,,1,A202409,C2025Q2T10,VIC1-NSW1,NSW1,108,0
D,RESIDUE_PRICE_OFFER,,1,A202409,C2025Q2T10,VIC1-NSW1,VIC1,1,19040.90
D,RESIDUE_PRICE_OFFER,,1,A202409,C2025Q2T10,VIC1-NSW1,VIC1,1,19080.90
D,RESIDUE_PRICE_OFFER,,1,A202409,C2025Q2T10,VIC1-NSW1,VIC1,1,19120.90
D,RESIDUE_PRICE_OFFER,,1,A202409,C2025Q2T10,VIC1-NSW1,VIC1,1,19160.90
D,RESIDUE_PRICE_OFFER,,1,A202409,C2025Q2T10,VIC1-NSW1,VIC1,1,19200.90
D,RESIDUE_PRICE_OFFER,,1,A202409,C2025Q2T10,VIC1-NSW1,VIC1,1,19240.90
D,RESIDUE_PRICE_OFFER,,1,A202409,C2025Q2T10,VIC1-NSW1,VIC1,1,19280.90
D,RESIDUE_PRICE_OFFER,,1,A202409,C2025Q2T10,VIC1-NSW1,VIC1,1,19320.90
D,RESIDUE_PRICE_OFFER,,1,A202409,C2025Q2T10,VIC1-NSW1,VIC1,1,19360.90
D,RESIDUE_PRICE_OFFER,,1,A202409,C2025Q2T10,VIC1-NSW1,VIC1,1,19400.90
D,RESIDUE_PRICE_OFFER,,1,A202409,C2025Q2T10,VIC1-NSW1,VIC1,1,19440.90
D,RESIDUE_PRICE_OFFER,,1,A202409,C2025Q2T10,VIC1-NSW1,VIC1,1,19480.90
D,RESIDUE_PRICE_OFFER,,1,A202409,C2025Q2T10,VIC1-NSW1,VIC1,1,19520.90
D,RESIDUE_PRICE_OFFER,,1,A202409,C2025Q2T10,VIC1-NSW1,VIC1,1,19560.90
D,RESIDUE_PRICE_OFFER,,1,A202409,C2025Q2T10,VIC1-NSW1,VIC1,1,19600.90
D,RESIDUE_PRICE_OFFER,,1,A202409,C2025Q2T10,VIC1-NSW1,VIC1,1,19640.90
D,RESIDUE_PRICE_OFFER,,1,A202409,C2025Q2T10,VIC1-NSW1,VIC1,1,19680.90
D,RESIDUE_PRICE_OFFER,,1,A202409,C2025Q2T10,VIC1-NSW1,VIC1,1,19720.90
D,RESIDUE_PRICE_OFFER,,1,A202409,C2025Q2T10,VIC1-NSW1,VIC1,1,19760.90
D,RESIDUE_PRICE_OFFER,,1,A202409,C2025Q2T10,VIC1-NSW1,VIC1,1,19800.90
D,RESIDUE_PRICE_OFFER,,1,A202409,C2025Q2T10,VIC1-NSW1,VIC1,1,19840.90
D,RESIDUE_PRICE_OFFER,,1,A202409,C2025Q2T10,VIC1-NSW1,VIC1,1,19880.90
D,RESIDUE_PRICE_OFFER,,1,A202409,C2025Q2T10,VIC1-NSW1,VIC1,1,19920.90
D,RESIDUE_PRICE_OFFER,,1,A202409,C2025Q2T10,VIC1-NSW1,VIC1,1,19960.90
D,RESIDUE_PRICE_OFFER,,1,A202409,C2025Q2T10,VIC1-NSW1,VIC1,1,20000.90
D,RESIDUE_PRICE_OFFER,,1,A202409,C2025Q2T10,VIC1-NSW1,VIC1,2,18250
D,RESIDUE_PRICE_OFFER,,1,A202409,C2025Q2T10,VIC1-NSW1,VIC1,2,29495
D,RESIDUE_PRICE_OFFER,,1,A202409,C2025Q2T10,VIC1-NSW1,VIC1,2,30674.80
D,RESIDUE_PRICE_OFFER,,1,A202409,C2025Q2T10,VIC1-NSW1,VIC1,2,31901.7920
D,RESIDUE_PRICE_OFFER,,1,A202409,C2025Q2T10,VIC1-NSW1,VIC1,2,33177.863680
D,RESIDUE_PRICE_OFFER,,1,A202409,C2025Q2T10,VIC1-NSW1,VIC1,3,20050
D,RESIDUE_PRICE_OFFER,,1,A202409,C2025Q2T10,VIC1-NSW1,VIC1,3,23280
D,RESIDUE_PRICE_OFFER,,1,A202409,C2025Q2T10,VIC1-NSW1,VIC1,5,28280
D,RESIDUE_PRICE_OFFER,,1,A202409,C2025Q2T10,VIC1-NSW1,VIC1,5,30576
D,RESIDUE_PRICE_OFFER,,1,A202409,C2025Q2T10,VIC1-NSW1,VIC1,5,31000.90
D,RESIDUE_PRICE_OFFER,,1,A202409,C2025Q2T10,VIC1-NSW1,VIC1,5,32000.90
D,RESIDUE_PRICE_OFFER,,1,A202409,C2025Q2T10,VIC1-NSW1,VIC1,5,33000.90
D,RESIDUE_PRICE_OFFER,,1,A202409,C2025Q2T10,VIC1-NSW1,VIC1,5,34000.90
D,RESIDUE_PRICE_OFFER,,1,A202409,C2025Q2T10,VIC1-NSW1,VIC1,5,34504.978230
D,RESIDUE_PRICE_OFFER,,1,A202409,C2025Q2T10,VIC1-NSW1,VIC1,5,35000.90
D,RESIDUE_PRICE_OFFER,,1,A202409,C2025Q2T10,VIC1-NSW1,VIC1,5,35885.177360
D,RESIDUE_PRICE_OFFER,,1,A202409,C2025Q2T10,VIC1-NSW1,VIC1,5,36000.90
D,RESIDUE_PRICE_OFFER,,1,A202409,C2025Q2T10,VIC1-NSW1,VIC1,5,37000.90
D,RESIDUE_PRICE_OFFER,,1,A202409,C2025Q2T10,VIC1-NSW1,VIC1,5,38000.90
D,RESIDUE_PRICE_OFFER,,1,A202409,C2025Q2T10,VIC1-NSW1,VIC1,5,39000.90
D,RESIDUE_PRICE_OFFER,,1,A202409,C2025Q2T10,VIC1-NSW1,VIC1,5,40000.90
D,RESIDUE_PRICE_OFFER,,1,A202409,C2025Q2T10,VIC1-NSW1,VIC1,5,41000.90
D,RESIDUE_PRICE_OFFER,,1,A202409,C2025Q2T10,VIC1-NSW1,VIC1,5,42000.90
D,RESIDUE_PRICE_OFFER,,1,A202409,C2025Q2T10,VIC1-NSW1,VIC1,5,43000.90
D,RESIDUE_PRICE_OFFER,,1,A202409,C2025Q2T10,VIC1-NSW1,VIC1,5,44000.90
D,RESIDUE_PRICE_OFFER,,1,A202409,C2025Q2T10,VIC1-NSW1,VIC1,5,45000.90
D,RESIDUE_PRICE_OFFER,,1,A202409,C2025Q2T10,VIC1-NSW1,VIC1,5,46000.90
D,RESIDUE_PRICE_OFFER,,1,A202409,C2025Q2T10,VIC1-NSW1,VIC1,5,47000.90
D,RESIDUE_PRICE_OFFER,,1,A202409,C2025Q2T10,VIC1-NSW1,VIC1,5,48000.90
D,RESIDUE_PRICE_OFFER,,1,A202409,C2025Q2T10,VIC1-NSW1,VIC1,5,49000.90
D,RESIDUE_PRICE_OFFER,,1,A202409,C2025Q2T10,VIC1-NSW1,VIC1,5,50000.90
D,RESIDUE_PRICE_OFFER,,1,A202409,C2025Q2T10,VIC1-NSW1,VIC1,10,41160
D,RESIDUE_PRICE_OFFER,,1,A202409,C2025Q2T10,VIC1-NSW1,VIC1,19,28553
D,RESIDUE_PRICE_OFFER,,1,A202409,C2025Q2T10,VIC1-NSW1,VIC1,125,0
D,RESIDUE_PRICE_OFFER,,1,A202409,C2025Q3T09,NSW1-QLD1,NSW1,4,6000.24
D,RESIDUE_PRICE_OFFER,,1,A202409,C2025Q3T09,NSW1-QLD1,NSW1,45,0
D,RESIDUE_PRICE_OFFER,,1,A202409,C2025Q3T09,NSW1-QLD1,QLD1,1,37041.19
D,RESIDUE_PRICE_OFFER,,1,A202409,C2025Q3T09,NSW1-QLD1,QLD1,1,37082.19
D,RESIDUE_PRICE_OFFER,,1,A202409,C2025Q3T09,NSW1-QLD1,QLD1,1,37123.19
D,RESIDUE_PRICE_OFFER,,1,A202409,C2025Q3T09,NSW1-QLD1,QLD1,1,37164.19
D,RESIDUE_PRICE_OFFER,,1,A202409,C2025Q3T09,NSW1-QLD1,QLD1,1,37205.19
D,RESIDUE_PRICE_OFFER,,1,A202409,C2025Q3T09,NSW1-QLD1,QLD1,1,37246.19
D,RESIDUE_PRICE_OFFER,,1,A202409,C2025Q3T09,NSW1-QLD1,QLD1,1,37287.19
D,RESIDUE_PRICE_OFFER,,1,A202409,C2025Q3T09,NSW1-QLD1,QLD1,1,37328.19
D,RESIDUE_PRICE_OFFER,,1,A202409,C2025Q3T09,NSW1-QLD1,QLD1,1,37369.19
D,RESIDUE_PRICE_OFFER,,1,A202409,C2025Q3T09,NSW1-QLD1,QLD1,1,37410.19
D,RESIDUE_PRICE_OFFER,,1,A202409,C2025Q3T09,NSW1-QLD1,QLD1,1,37451.19
D,RESIDUE_PRICE_OFFER,,1,A202409,C2025Q3T09,NSW1-QLD1,QLD1,1,37492.19
D,RESIDUE_PRICE_OFFER,,1,A202409,C2025Q3T09,NSW1-QLD1,QLD1,1,37533.19
D,RESIDUE_PRICE_OFFER,,1,A202409,C2025Q3T09,NSW1-QLD1,QLD1,1,37574.19
D,RESIDUE_PRICE_OFFER,,1,A202409,C2025Q3T09,NSW1-QLD1,QLD1,1,37615.19
D,RESIDUE_PRICE_OFFER,,1,A202409,C2025Q3T09,NSW1-QLD1,QLD1,1,37656.19
D,RESIDUE_PRICE_OFFER,,1,A202409,C2025Q3T09,NSW1-QLD1,QLD1,1,37697.19
D,RESIDUE_PRICE_OFFER,,1,A202409,C2025Q3T09,NSW1-QLD1,QLD1,1,37738.19
D,RESIDUE_PRICE_OFFER,,1,A202409,C2025Q3T09,NSW1-QLD1,QLD1,1,37779.19
D,RESIDUE_PRICE_OFFER,,1,A202409,C2025Q3T09,NSW1-QLD1,QLD1,1,37820.19
D,RESIDUE_PRICE_OFFER,,1,A202409,C2025Q3T09,NSW1-QLD1,QLD1,1,37861.19
D,RESIDUE_PRICE_OFFER,,1,A202409,C2025Q3T09,NSW1-QLD1,QLD1,1,37902.19
D,RESIDUE_PRICE_OFFER,,1,A202409,C2025Q3T09,NSW1-QLD1,QLD1,1,37943.19
D,RESIDUE_PRICE_OFFER,,1,A202409,C2025Q3T09,NSW1-QLD1,QLD1,1,37984.19
D,RESIDUE_PRICE_OFFER,,1,A202409,C2025Q3T09,NSW1-QLD1,QLD1,2,31565
D,RESIDUE_PRICE_OFFER,,1,A202409,C2025Q3T09,NSW1-QLD1,QLD1,4,42000
D,RESIDUE_PRICE_OFFER,,1,A202409,C2025Q3T09,NSW1-QLD1,QLD1,5,30912
D,RESIDUE_PRICE_OFFER,,1,A202409,C2025Q3T09,NSW1-QLD1,QLD1,5,32827.60
D,RESIDUE_PRICE_OFFER,,1,A202409,C2025Q3T09,NSW1-QLD1,QLD1,5,35453.807990
D,RESIDUE_PRICE_OFFER,,1,A202409,C2025Q3T09,NSW1-QLD1,QLD1,5,37935.574560
D,RESIDUE_PRICE_OFFER,,1,A202409,C2025Q3T09,NSW1-QLD1,QLD1,5,38883.963920
D,RESIDUE_PRICE_OFFER,,1,A202409,C2025Q3T09,NSW1-QLD1,QLD1,10,40050.482830
D,RESIDUE_PRICE_OFFER,,1,A202409,C2025Q3T09,NSW1-QLD1,QLD1,10,53130
D,RESIDUE_PRICE_OFFER,,1,A202409,C2025Q3T09,NSW1-QLD1,QLD1,18,39118
D,RESIDUE_PRICE_OFFER,,1,A202409,C2025Q3T09,NSW1-QLD1,QLD1,100,0
D,RESIDUE_PRICE_OFFER,,1,A202409,C2025Q3T09,V-SA,SA1,1,7550.20
D,RESIDUE_PRICE_OFFER,,1,A202409,C2025Q3T09,V-SA,SA1,1,7600.20
D,RESIDUE_PRICE_OFFER,,1,A202409,C2025Q3T09,V-SA,SA1,1,7650.20
D,RESIDUE_PRICE_OFFER,,1,A202409,C2025Q3T09,V-SA,SA1,1,7700.20
D,RESIDUE_PRICE_OFFER,,1,A202409,C2025Q3T09,V-SA,SA1,1,7750.20
D,RESIDUE_PRICE_OFFER,,1,A202409,C2025Q3T09,V-SA,SA1,1,7800.20
D,RESIDUE_PRICE_OFFER,,1,A202409,C2025Q3T09,V-SA,SA1,1,7850.20
D,RESIDUE_PRICE_OFFER,,1,A202409,C2025Q3T09,V-SA,SA1,1,7900.20
D,RESIDUE_PRICE_OFFER,,1,A202409,C2025Q3T09,V-SA,SA1,1,7950.20
D,RESIDUE_PRICE_OFFER,,1,A202409,C2025Q3T09,V-SA,SA1,1,8000.20
D,RESIDUE_PRICE_OFFER,,1,A202409,C2025Q3T09,V-SA,SA1,1,8050.20
D,RESIDUE_PRICE_OFFER,,1,A202409,C2025Q3T09,V-SA,SA1,1,8100.20
D,RESIDUE_PRICE_OFFER,,1,A202409,C2025Q3T09,V-SA,SA1,1,8150.20
D,RESIDUE_PRICE_OFFER,,1,A202409,C2025Q3T09,V-SA,SA1,1,8200.20
D,RESIDUE_PRICE_OFFER,,1,A202409,C2025Q3T09,V-SA,SA1,1,8250.20
D,RESIDUE_PRICE_OFFER,,1,A202409,C2025Q3T09,V-SA,SA1,1,8300.20
D,RESIDUE_PRICE_OFFER,,1,A202409,C2025Q3T09,V-SA,SA1,1,8350.20
D,RESIDUE_PRICE_OFFER,,1,A202409,C2025Q3T09,V-SA,SA1,1,8400.20
D,RESIDUE_PRICE_OFFER,,1,A202409,C2025Q3T09,V-SA,SA1,1,8450.20
D,RESIDUE_PRICE_OFFER,,1,A202409,C2025Q3T09,V-SA,SA1,1,8500.20
D,RESIDUE_PRICE_OFFER,,1,A202409,C2025Q3T09,V-SA,SA1,2,5451
D,RESIDUE_PRICE_OFFER,,1,A202409,C2025Q3T09,V-SA,SA1,2,5723.55
D,RESIDUE_PRICE_OFFER,,1,A202409,C2025Q3T09,V-SA,SA1,2,8000
D,RESIDUE_PRICE_OFFER,,1,A202409,C2025Q3T09,V-SA,SA1,2,9150.20
D,RESIDUE_PRICE_OFFER,,1,A202409,C2025Q3T09,V-SA,SA1,2,9300.20
D,RESIDUE_PRICE_OFFER,,1,A202409,C2025Q3T09,V-SA,SA1,2,9450.20
D,RESIDUE_PRICE_OFFER,,1,A202409,C2025Q3T09,V-SA,SA1,2,9600.20
D,RESIDUE_PRICE_OFFER,,1,A202409,C2025Q3T09,V-SA,SA1,2,9750.20
D,RESIDUE_PRICE_OFFER,,1,A202409,C2025Q3T09,V-SA,SA1,2,9900.20
D,RESIDUE_PRICE_OFFER,,1,A202409,C2025Q3T09,V-SA,SA1,2,10050.20
D,RESIDUE_PRICE_OFFER,,1,A202409,C2025Q3T09,V-SA,SA1,2,10200.20
D,RESIDUE_PRICE_OFFER,,1,A202409,C2025Q3T09,V-SA,SA1,2,10350.20
D,RESIDUE_PRICE_OFFER,,1,A202409,C2025Q3T09,V-SA,SA1,2,10500.20
D,RESIDUE_PRICE_OFFER,,1,A202409,C2025Q3T09,V-SA,SA1,2,10650.20
D,RESIDUE_PRICE_OFFER,,1,A202409,C2025Q3T09,V-SA,SA1,2,10800.20
D,RESIDUE_PRICE_OFFER,,1,A202409,C2025Q3T09,V-SA,SA1,2,10950.20
D,RESIDUE_PRICE_OFFER,,1,A202409,C2025Q3T09,V-SA,SA1,2,11100.20
D,RESIDUE_PRICE_OFFER,,1,A202409,C2025Q3T09,V-SA,SA1,2,11250.20
D,RESIDUE_PRICE_OFFER,,1,A202409,C2025Q3T09,V-SA,SA1,2,11400.20
D,RESIDUE_PRICE_OFFER,,1,A202409,C2025Q3T09,V-SA,SA1,2,11550.20
D,RESIDUE_PRICE_OFFER,,1,A202409,C2025Q3T09,V-SA,SA1,2,11700.20
D,RESIDUE_PRICE_OFFER,,1,A202409,C2025Q3T09,V-SA,SA1,2,11850.20
D,RESIDUE_PRICE_OFFER,,1,A202409,C2025Q3T09,V-SA,SA1,2,12000.20
D,RESIDUE_PRICE_OFFER,,1,A202409,C2025Q3T09,V-SA,SA1,3,6295.9050
D,RESIDUE_PRICE_OFFER,,1,A202409,C2025Q3T09,V-SA,SA1,3,6925.4955
D,RESIDUE_PRICE_OFFER,,1,A202409,C2025Q3T09,V-SA,SA1,3,7618.045050
D,RESIDUE_PRICE_OFFER,,1,A202409,C2025Q3T09,V-SA,SA1,3,8379.849550
D,RESIDUE_PRICE_OFFER,,1,A202409,C2025Q3T09,V-SA,SA1,3,8500
D,RESIDUE_PRICE_OFFER,,1,A202409,C2025Q3T09,V-SA,SA1,5,4728.149990
D,RESIDUE_PRICE_OFFER,,1,A202409,C2025Q3T09,V-SA,SA1,5,9000
D,RESIDUE_PRICE_OFFER,,1,A202409,C2025Q3T09,V-SA,SA1,5,9500
D,RESIDUE_PRICE_OFFER,,1,A202409,C2025Q3T09,V-SA,SA1,5,10000
D,RESIDUE_PRICE_OFFER,,1,A202409,C2025Q3T09,V-SA,SA1,5,10500
D,RESIDUE_PRICE_OFFER,,1,A202409,C2025Q3T09,V-SA,SA1,64,0
D,RESIDUE_PRICE_OFFER,,1,A202409,C2025Q3T09,V-SA,VIC1,1,22043.91
D,RESIDUE_PRICE_OFFER,,1,A202409,C2025Q3T09,V-SA,VIC1,1,22086.91
D,RESIDUE_PRICE_OFFER,,1,A202409,C2025Q3T09,V-SA,VIC1,1,22129.91
D,RESIDUE_PRICE_OFFER,,1,A202409,C2025Q3T09,V-SA,VIC1,1,22172.91
D,RESIDUE_PRICE_OFFER,,1,A202409,C2025Q3T09,V-SA,VIC1,1,22215.91
D,RESIDUE_PRICE_OFFER,,1,A202409,C2025Q3T09,V-SA,VIC1,1,22258.91
D,RESIDUE_PRICE_OFFER,,1,A202409,C2025Q3T09,V-SA,VIC1,1,22301.91
D,RESIDUE_PRICE_OFFER,,1,A202409,C2025Q3T09,V-SA,VIC1,1,22344.91
D,RESIDUE_PRICE_OFFER,,1,A202409,C2025Q3T09,V-SA,VIC1,1,22387.91
D,RESIDUE_PRICE_OFFER,,1,A202409,C2025Q3T09,V-SA,VIC1,1,22430.91
D,RESIDUE_PRICE_OFFER,,1,A202409,C2025Q3T09,V-SA,VIC1,1,22473.91
D,RESIDUE_PRICE_OFFER,,1,A202409,C2025Q3T09,V-SA,VIC1,1,22516.91
D,RESIDUE_PRICE_OFFER,,1,A202409,C2025Q3T09,V-SA,VIC1,1,22559.91
D,RESIDUE_PRICE_OFFER,,1,A202409,C2025Q3T09,V-SA,VIC1,1,22602.91
D,RESIDUE_PRICE_OFFER,,1,A202409,C2025Q3T09,V-SA,VIC1,1,22645.91
D,RESIDUE_PRICE_OFFER,,1,A202409,C2025Q3T09,V-SA,VIC1,1,22688.91
D,RESIDUE_PRICE_OFFER,,1,A202409,C2025Q3T09,V-SA,VIC1,1,22731.91
D,RESIDUE_PRICE_OFFER,,1,A202409,C2025Q3T09,V-SA,VIC1,1,22774.91
D,RESIDUE_PRICE_OFFER,,1,A202409,C2025Q3T09,V-SA,VIC1,1,22817.91
D,RESIDUE_PRICE_OFFER,,1,A202409,C2025Q3T09,V-SA,VIC1,1,22860.91
D,RESIDUE_PRICE_OFFER,,1,A202409,C2025Q3T09,V-SA,VIC1,1,22903.91
D,RESIDUE_PRICE_OFFER,,1,A202409,C2025Q3T09,V-SA,VIC1,1,22946.91
D,RESIDUE_PRICE_OFFER,,1,A202409,C2025Q3T09,V-SA,VIC1,1,22989.91
D,RESIDUE_PRICE_OFFER,,1,A202409,C2025Q3T09,V-SA,VIC1,3,25302
D,RESIDUE_PRICE_OFFER,,1,A202409,C2025Q3T09,V-SA,VIC1,3,26061.06
D,RESIDUE_PRICE_OFFER,,1,A202409,C2025Q3T09,V-SA,VIC1,3,26842.8918
D,RESIDUE_PRICE_OFFER,,1,A202409,C2025Q3T09,V-SA,VIC1,4,27648.178550
D,RESIDUE_PRICE_OFFER,,1,A202409,C2025Q3T09,V-SA,VIC1,4,28477.623910
D,RESIDUE_PRICE_OFFER,,1,A202409,C2025Q3T09,V-SA,VIC1,4,29331.952630
D,RESIDUE_PRICE_OFFER,,1,A202409,C2025Q3T09,V-SA,VIC1,73,0
D,RESIDUE_PRICE_OFFER,,1,A202409,C2025Q3T09,VIC1-NSW1,NSW1,1,3040.39
D,RESIDUE_PRICE_OFFER,,1,A202409,C2025Q3T09,VIC1-NSW1,NSW1,1,3080.39
D,RESIDUE_PRICE_OFFER,,1,A202409,C2025Q3T09,VIC1-NSW1,NSW1,1,3120.39
D,RESIDUE_PRICE_OFFER,,1,A202409,C2025Q3T09,VIC1-NSW1,NSW1,1,3160.39
D,RESIDUE_PRICE_OFFER,,1,A202409,C2025Q3T09,VIC1-NSW1,NSW1,1,3200.39
D,RESIDUE_PRICE_OFFER,,1,A202409,C2025Q3T09,VIC1-NSW1,NSW1,1,3240.39
D,RESIDUE_PRICE_OFFER,,1,A202409,C2025Q3T09,VIC1-NSW1,NSW1,1,3280.39
D,RESIDUE_PRICE_OFFER,,1,A202409,C2025Q3T09,VIC1-NSW1,NSW1,1,3320.39
D,RESIDUE_PRICE_OFFER,,1,A202409,C2025Q3T09,VIC1-NSW1,NSW1,1,3360.39
D,RESIDUE_PRICE_OFFER,,1,A202409,C2025Q3T09,VIC1-NSW1,NSW1,1,3400.39
D,RESIDUE_PRICE_OFFER,,1,A202409,C2025Q3T09,VIC1-NSW1,NSW1,1,3440.39
D,RESIDUE_PRICE_OFFER,,1,A202409,C2025Q3T09,VIC1-NSW1,NSW1,1,3480.39
D,RESIDUE_PRICE_OFFER,,1,A202409,C2025Q3T09,VIC1-NSW1,NSW1,1,3520.39
D,RESIDUE_PRICE_OFFER,,1,A202409,C2025Q3T09,VIC1-NSW1,NSW1,1,3560.39
D,RESIDUE_PRICE_OFFER,,1,A202409,C2025Q3T09,VIC1-NSW1,NSW1,1,3600.39
D,RESIDUE_PRICE_OFFER,,1,A202409,C2025Q3T09,VIC1-NSW1,NSW1,1,3640.39
D,RESIDUE_PRICE_OFFER,,1,A202409,C2025Q3T09,VIC1-NSW1,NSW1,1,3680.39
D,RESIDUE_PRICE_OFFER,,1,A202409,C2025Q3T09,VIC1-NSW1,NSW1,1,3720.39
D,RESIDUE_PRICE_OFFER,,1,A202409,C2025Q3T09,VIC1-NSW1,NSW1,1,3760.39
D,RESIDUE_PRICE_OFFER,,1,A202409,C2025Q3T09,VIC1-NSW1,NSW1,1,3800.39
D,RESIDUE_PRICE_OFFER,,1,A202409,C2025Q3T09,VIC1-NSW1,NSW1,1,3840.39
D,RESIDUE_PRICE_OFFER,,1,A202409,C2025Q3T09,VIC1-NSW1,NSW1,1,3880.39
D,RESIDUE_PRICE_OFFER,,1,A202409,C2025Q3T09,VIC1-NSW1,NSW1,1,3920.39
D,RESIDUE_PRICE_OFFER,,1,A202409,C2025Q3T09,VIC1-NSW1,NSW1,1,3960.39
D,RESIDUE_PRICE_OFFER,,1,A202409,C2025Q3T09,VIC1-NSW1,NSW1,1,4000.39
D,RESIDUE_PRICE_OFFER,,1,A202409,C2025Q3T09,VIC1-NSW1,NSW1,2,4150.39
D,RESIDUE_PRICE_OFFER,,1,A202409,C2025Q3T09,VIC1-NSW1,NSW1,2,4300.39
D,RESIDUE_PRICE_OFFER,,1,A202409,C2025Q3T09,VIC1-NSW1,NSW1,2,4450.39
D,RESIDUE_PRICE_OFFER,,1,A202409,C2025Q3T09,VIC1-NSW1,NSW1,2,4600.39
D,RESIDUE_PRICE_OFFER,,1,A202409,C2025Q3T09,VIC1-NSW1,NSW1,2,4750.39
D,RESIDUE_PRICE_OFFER,,1,A202409,C2025Q3T09,VIC1-NSW1,NSW1,2,4900.39
D,RESIDUE_PRICE_OFFER,,1,A202409,C2025Q3T09,VIC1-NSW1,NSW1,2,5050.39
D,RESIDUE_PRICE_OFFER,,1,A202409,C2025Q3T09,VIC1-NSW1,NSW1,2,5200.39
D,RESIDUE_PRICE_OFFER,,1,A202409,C2025Q3T09,VIC1-NSW1,NSW1,2,5350.39
D,RESIDUE_PRICE_OFFER,,1,A202409,C2025Q3T09,VIC1-NSW1,NSW1,2,5500.39
D,RESIDUE_PRICE_OFFER,,1,A202409,C2025Q3T09,VIC1-NSW1,NSW1,2,5650.39
D,RESIDUE_PRICE_OFFER,,1,A202409,C2025Q3T09,VIC1-NSW1,NSW1,2,5800.39
D,RESIDUE_PRICE_OFFER,,1,A202409,C2025Q3T09,VIC1-NSW1,NSW1,2,5950.39
D,RESIDUE_PRICE_OFFER,,1,A202409,C2025Q3T09,VIC1-NSW1,NSW1,2,6100.39
D,RESIDUE_PRICE_OFFER,,1,A202409,C2025Q3T09,VIC1-NSW1,NSW1,2,6250.39
D,RESIDUE_PRICE_OFFER,,1,A202409,C2025Q3T09,VIC1-NSW1,NSW1,2,6400.39
D,RESIDUE_PRICE_OFFER,,1,A202409,C2025Q3T09,VIC1-NSW1,NSW1,2,6550.39
D,RESIDUE_PRICE_OFFER,,1,A202409,C2025Q3T09,VIC1-NSW1,NSW1,2,6700.39
D,RESIDUE_PRICE_OFFER,,1,A202409,C2025Q3T09,VIC1-NSW1,NSW1,2,6850.39
D,RESIDUE_PRICE_OFFER,,1,A202409,C2025Q3T09,VIC1-NSW1,NSW1,2,7000.39
D,RESIDUE_PRICE_OFFER,,1,A202409,C2025Q3T09,VIC1-NSW1,NSW1,3,3946
D,RESIDUE_PRICE_OFFER,,1,A202409,C2025Q3T09,VIC1-NSW1,NSW1,3,4340.60
D,RESIDUE_PRICE_OFFER,,1,A202409,C2025Q3T09,VIC1-NSW1,NSW1,3,4774.66
D,RESIDUE_PRICE_OFFER,,1,A202409,C2025Q3T09,VIC1-NSW1,NSW1,5,5729.5920
D,RESIDUE_PRICE_OFFER,,1,A202409,C2025Q3T09,VIC1-NSW1,NSW1,5,6875.5104
D,RESIDUE_PRICE_OFFER,,1,A202409,C2025Q3T09,VIC1-NSW1,NSW1,5,8000
D,RESIDUE_PRICE_OFFER,,1,A202409,C2025Q3T09,VIC1-NSW1,NSW1,5,8250.612480
D,RESIDUE_PRICE_OFFER,,1,A202409,C2025Q3T09,VIC1-NSW1,NSW1,5,8500
D,RESIDUE_PRICE_OFFER,,1,A202409,C2025Q3T09,VIC1-NSW1,NSW1,5,9000
D,RESIDUE_PRICE_OFFER,,1,A202409,C2025Q3T09,VIC1-NSW1,NSW1,5,9500
D,RESIDUE_PRICE_OFFER,,1,A202409,C2025Q3T09,VIC1-NSW1,NSW1,5,10000
D,RESIDUE_PRICE_OFFER,,1,A202409,C2025Q3T09,VIC1-NSW1,NSW1,5,10500
D,RESIDUE_PRICE_OFFER,,1,A202409,C2025Q3T09,VIC1-NSW1,NSW1,10,4400
D,RESIDUE_PRICE_OFFER,,1,A202409,C2025Q3T09,VIC1-NSW1,NSW1,108,0
D,RESIDUE_PRICE_OFFER,,1,A202409,C2025Q3T09,VIC1-NSW1,VIC1,1,22080.90
D,RESIDUE_PRICE_OFFER,,1,A202409,C2025Q3T09,VIC1-NSW1,VIC1,1,22160.90
D,RESIDUE_PRICE_OFFER,,1,A202409,C2025Q3T09,VIC1-NSW1,VIC1,1,22240.90
D,RESIDUE_PRICE_OFFER,,1,A202409,C2025Q3T09,VIC1-NSW1,VIC1,1,22320.90
D,RESIDUE_PRICE_OFFER,,1,A202409,C2025Q3T09,VIC1-NSW1,VIC1,1,22400.90
D,RESIDUE_PRICE_OFFER,,1,A202409,C2025Q3T09,VIC1-NSW1,VIC1,1,22480.90
D,RESIDUE_PRICE_OFFER,,1,A202409,C2025Q3T09,VIC1-NSW1,VIC1,1,22560.90
D,RESIDUE_PRICE_OFFER,,1,A202409,C2025Q3T09,VIC1-NSW1,VIC1,1,22640.90
D,RESIDUE_PRICE_OFFER,,1,A202409,C2025Q3T09,VIC1-NSW1,VIC1,1,22720.90
D,RESIDUE_PRICE_OFFER,,1,A202409,C2025Q3T09,VIC1-NSW1,VIC1,1,22800.90
D,RESIDUE_PRICE_OFFER,,1,A202409,C2025Q3T09,VIC1-NSW1,VIC1,1,22880.90
D,RESIDUE_PRICE_OFFER,,1,A202409,C2025Q3T09,VIC1-NSW1,VIC1,1,22960.90
D,RESIDUE_PRICE_OFFER,,1,A202409,C2025Q3T09,VIC1-NSW1,VIC1,1,23040.90
D,RESIDUE_PRICE_OFFER,,1,A202409,C2025Q3T09,VIC1-NSW1,VIC1,1,23120.90
D,RESIDUE_PRICE_OFFER,,1,A202409,C2025Q3T09,VIC1-NSW1,VIC1,1,23200.90
D,RESIDUE_PRICE_OFFER,,1,A202409,C2025Q3T09,VIC1-NSW1,VIC1,1,23280.90
D,RESIDUE_PRICE_OFFER,,1,A202409,C2025Q3T09,VIC1-NSW1,VIC1,1,23360.90
D,RESIDUE_PRICE_OFFER,,1,A202409,C2025Q3T09,VIC1-NSW1,VIC1,1,23440.90
D,RESIDUE_PRICE_OFFER,,1,A202409,C2025Q3T09,VIC1-NSW1,VIC1,1,23520.90
D,RESIDUE_PRICE_OFFER,,1,A202409,C2025Q3T09,VIC1-NSW1,VIC1,1,23600.90
D,RESIDUE_PRICE_OFFER,,1,A202409,C2025Q3T09,VIC1-NSW1,VIC1,1,23680.90
D,RESIDUE_PRICE_OFFER,,1,A202409,C2025Q3T09,VIC1-NSW1,VIC1,1,23760.90
D,RESIDUE_PRICE_OFFER,,1,A202409,C2025Q3T09,VIC1-NSW1,VIC1,1,23840.90
D,RESIDUE_PRICE_OFFER,,1,A202409,C2025Q3T09,VIC1-NSW1,VIC1,1,23920.90
D,RESIDUE_PRICE_OFFER,,1,A202409,C2025Q3T09,VIC1-NSW1,VIC1,1,24000.90
D,RESIDUE_PRICE_OFFER,,1,A202409,C2025Q3T09,VIC1-NSW1,VIC1,2,30098
D,RESIDUE_PRICE_OFFER,,1,A202409,C2025Q3T09,VIC1-NSW1,VIC1,2,31301.92
D,RESIDUE_PRICE_OFFER,,1,A202409,C2025Q3T09,VIC1-NSW1,VIC1,2,32553.9968
D,RESIDUE_PRICE_OFFER,,1,A202409,C2025Q3T09,VIC1-NSW1,VIC1,2,33856.156660
D,RESIDUE_PRICE_OFFER,,1,A202409,C2025Q3T09,VIC1-NSW1,VIC1,5,30912
D,RESIDUE_PRICE_OFFER,,1,A202409,C2025Q3T09,VIC1-NSW1,VIC1,5,31000.90
D,RESIDUE_PRICE_OFFER,,1,A202409,C2025Q3T09,VIC1-NSW1,VIC1,5,32000.90
D,RESIDUE_PRICE_OFFER,,1,A202409,C2025Q3T09,VIC1-NSW1,VIC1,5,33000.90
D,RESIDUE_PRICE_OFFER,,1,A202409,C2025Q3T09,VIC1-NSW1,VIC1,5,34000.90
D,RESIDUE_PRICE_OFFER,,1,A202409,C2025Q3T09,VIC1-NSW1,VIC1,5,35000.90
D,RESIDUE_PRICE_OFFER,,1,A202409,C2025Q3T09,VIC1-NSW1,VIC1,5,35210.402940
D,RESIDUE_PRICE_OFFER,,1,A202409,C2025Q3T09,VIC1-NSW1,VIC1,5,36000.90
D,RESIDUE_PRICE_OFFER,,1,A202409,C2025Q3T09,VIC1-NSW1,VIC1,5,36618.819060
D,RESIDUE_PRICE_OFFER,,1,A202409,C2025Q3T09,VIC1-NSW1,VIC1,5,37000.90
D,RESIDUE_PRICE_OFFER,,1,A202409,C2025Q3T09,VIC1-NSW1,VIC1,5,38000.90
D,RESIDUE_PRICE_OFFER,,1,A202409,C2025Q3T09,VIC1-NSW1,VIC1,5,39000.90
D,RESIDUE_PRICE_OFFER,,1,A202409,C2025Q3T09,VIC1-NSW1,VIC1,5,40000.90
D,RESIDUE_PRICE_OFFER,,1,A202409,C2025Q3T09,VIC1-NSW1,VIC1,5,41000.90
D,RESIDUE_PRICE_OFFER,,1,A202409,C2025Q3T09,VIC1-NSW1,VIC1,5,42000.90
D,RESIDUE_PRICE_OFFER,,1,A202409,C2025Q3T09,VIC1-NSW1,VIC1,5,43000.90
D,RESIDUE_PRICE_OFFER,,1,A202409,C2025Q3T09,VIC1-NSW1,VIC1,5,44000.90
D,RESIDUE_PRICE_OFFER,,1,A202409,C2025Q3T09,VIC1-NSW1,VIC1,5,45000.90
D,RESIDUE_PRICE_OFFER,,1,A202409,C2025Q3T09,VIC1-NSW1,VIC1,5,46000.90
D,RESIDUE_PRICE_OFFER,,1,A202409,C2025Q3T09,VIC1-NSW1,VIC1,5,47000.90
D,RESIDUE_PRICE_OFFER,,1,A202409,C2025Q3T09,VIC1-NSW1,VIC1,5,48000.90
D,RESIDUE_PRICE_OFFER,,1,A202409,C2025Q3T09,VIC1-NSW1,VIC1,5,49000.90
D,RESIDUE_PRICE_OFFER,,1,A202409,C2025Q3T09,VIC1-NSW1,VIC1,5,50000.90
D,RESIDUE_PRICE_OFFER,,1,A202409,C2025Q3T09,VIC1-NSW1,VIC1,10,42840
D,RESIDUE_PRICE_OFFER,,1,A202409,C2025Q3T09,VIC1-NSW1,VIC1,20,33338
D,RESIDUE_PRICE_OFFER,,1,A202409,C2025Q3T09,VIC1-NSW1,VIC1,125,0
D,RESIDUE_PRICE_OFFER,,1,A202409,C2025Q4T08,NSW1-QLD1,NSW1,1,11111
D,RESIDUE_PRICE_OFFER,,1,A202409,C2025Q4T08,NSW1-QLD1,NSW1,45,0
D,RESIDUE_PRICE_OFFER,,1,A202409,C2025Q4T08,NSW1-QLD1,QLD1,1,23040.19
D,RESIDUE_PRICE_OFFER,,1,A202409,C2025Q4T08,NSW1-QLD1,QLD1,1,23080.19
D,RESIDUE_PRICE_OFFER,,1,A202409,C2025Q4T08,NSW1-QLD1,QLD1,1,23120.19
D,RESIDUE_PRICE_OFFER,,1,A202409,C2025Q4T08,NSW1-QLD1,QLD1,1,23160.19
D,RESIDUE_PRICE_OFFER,,1,A202409,C2025Q4T08,NSW1-QLD1,QLD1,1,23200.19
D,RESIDUE_PRICE_OFFER,,1,A202409,C2025Q4T08,NSW1-QLD1,QLD1,1,23240.19
D,RESIDUE_PRICE_OFFER,,1,A202409,C2025Q4T08,NSW1-QLD1,QLD1,1,23280.19
D,RESIDUE_PRICE_OFFER,,1,A202409,C2025Q4T08,NSW1-QLD1,QLD1,1,23320.19
D,RESIDUE_PRICE_OFFER,,1,A202409,C2025Q4T08,NSW1-QLD1,QLD1,1,23360.19
D,RESIDUE_PRICE_OFFER,,1,A202409,C2025Q4T08,NSW1-QLD1,QLD1,1,23400.19
D,RESIDUE_PRICE_OFFER,,1,A202409,C2025Q4T08,NSW1-QLD1,QLD1,1,23440.19
D,RESIDUE_PRICE_OFFER,,1,A202409,C2025Q4T08,NSW1-QLD1,QLD1,1,23480.19
D,RESIDUE_PRICE_OFFER,,1,A202409,C2025Q4T08,NSW1-QLD1,QLD1,1,23520.19
D,RESIDUE_PRICE_OFFER,,1,A202409,C2025Q4T08,NSW1-QLD1,QLD1,1,23560.19
D,RESIDUE_PRICE_OFFER,,1,A202409,C2025Q4T08,NSW1-QLD1,QLD1,1,23600.19
D,RESIDUE_PRICE_OFFER,,1,A202409,C2025Q4T08,NSW1-QLD1,QLD1,1,23640.19
D,RESIDUE_PRICE_OFFER,,1,A202409,C2025Q4T08,NSW1-QLD1,QLD1,1,23680.19
D,RESIDUE_PRICE_OFFER,,1,A202409,C2025Q4T08,NSW1-QLD1,QLD1,1,23720.19
D,RESIDUE_PRICE_OFFER,,1,A202409,C2025Q4T08,NSW1-QLD1,QLD1,1,23760.19
D,RESIDUE_PRICE_OFFER,,1,A202409,C2025Q4T08,NSW1-QLD1,QLD1,1,23800.19
D,RESIDUE_PRICE_OFFER,,1,A202409,C2025Q4T08,NSW1-QLD1,QLD1,1,23840.19
D,RESIDUE_PRICE_OFFER,,1,A202409,C2025Q4T08,NSW1-QLD1,QLD1,1,23880.19
D,RESIDUE_PRICE_OFFER,,1,A202409,C2025Q4T08,NSW1-QLD1,QLD1,1,23920.19
D,RESIDUE_PRICE_OFFER,,1,A202409,C2025Q4T08,NSW1-QLD1,QLD1,1,23960.19
D,RESIDUE_PRICE_OFFER,,1,A202409,C2025Q4T08,NSW1-QLD1,QLD1,1,24000.19
D,RESIDUE_PRICE_OFFER,,1,A202409,C2025Q4T08,NSW1-QLD1,QLD1,1,26160.19
D,RESIDUE_PRICE_OFFER,,1,A202409,C2025Q4T08,NSW1-QLD1,QLD1,1,26320.19
D,RESIDUE_PRICE_OFFER,,1,A202409,C2025Q4T08,NSW1-QLD1,QLD1,1,26480.19
D,RESIDUE_PRICE_OFFER,,1,A202409,C2025Q4T08,NSW1-QLD1,QLD1,1,26640.19
D,RESIDUE_PRICE_OFFER,,1,A202409,C2025Q4T08,NSW1-QLD1,QLD1,1,26800.19
D,RESIDUE_PRICE_OFFER,,1,A202409,C2025Q4T08,NSW1-QLD1,QLD1,1,26960.19
D,RESIDUE_PRICE_OFFER,,1,A202409,C2025Q4T08,NSW1-QLD1,QLD1,1,27120.19
D,RESIDUE_PRICE_OFFER,,1,A202409,C2025Q4T08,NSW1-QLD1,QLD1,1,27280.19
D,RESIDUE_PRICE_OFFER,,1,A202409,C2025Q4T08,NSW1-QLD1,QLD1,1,27440.19
D,RESIDUE_PRICE_OFFER,,1,A202409,C2025Q4T08,NSW1-QLD1,QLD1,1,27600.19
D,RESIDUE_PRICE_OFFER,,1,A202409,C2025Q4T08,NSW1-QLD1,QLD1,1,27760.19
D,RESIDUE_PRICE_OFFER,,1,A202409,C2025Q4T08,NSW1-QLD1,QLD1,1,27920.19
D,RESIDUE_PRICE_OFFER,,1,A202409,C2025Q4T08,NSW1-QLD1,QLD1,1,28080.19
D,RESIDUE_PRICE_OFFER,,1,A202409,C2025Q4T08,NSW1-QLD1,QLD1,1,28240.19
D,RESIDUE_PRICE_OFFER,,1,A202409,C2025Q4T08,NSW1-QLD1,QLD1,1,28400.19
D,RESIDUE_PRICE_OFFER,,1,A202409,C2025Q4T08,NSW1-QLD1,QLD1,1,28560.19
D,RESIDUE_PRICE_OFFER,,1,A202409,C2025Q4T08,NSW1-QLD1,QLD1,1,28720.19
D,RESIDUE_PRICE_OFFER,,1,A202409,C2025Q4T08,NSW1-QLD1,QLD1,1,28880.19
D,RESIDUE_PRICE_OFFER,,1,A202409,C2025Q4T08,NSW1-QLD1,QLD1,1,29040.19
D,RESIDUE_PRICE_OFFER,,1,A202409,C2025Q4T08,NSW1-QLD1,QLD1,1,29200.19
D,RESIDUE_PRICE_OFFER,,1,A202409,C2025Q4T08,NSW1-QLD1,QLD1,1,29360.19
D,RESIDUE_PRICE_OFFER,,1,A202409,C2025Q4T08,NSW1-QLD1,QLD1,1,29520.19
D,RESIDUE_PRICE_OFFER,,1,A202409,C2025Q4T08,NSW1-QLD1,QLD1,1,29680.19
D,RESIDUE_PRICE_OFFER,,1,A202409,C2025Q4T08,NSW1-QLD1,QLD1,1,29840.19
D,RESIDUE_PRICE_OFFER,,1,A202409,C2025Q4T08,NSW1-QLD1,QLD1,1,30000.19
D,RESIDUE_PRICE_OFFER,,1,A202409,C2025Q4T08,NSW1-QLD1,QLD1,3,18480
D,RESIDUE_PRICE_OFFER,,1,A202409,C2025Q4T08,NSW1-QLD1,QLD1,4,26181
D,RESIDUE_PRICE_OFFER,,1,A202409,C2025Q4T08,NSW1-QLD1,QLD1,5,16118
D,RESIDUE_PRICE_OFFER,,1,A202409,C2025Q4T08,NSW1-QLD1,QLD1,5,19219.20
D,RESIDUE_PRICE_OFFER,,1,A202409,C2025Q4T08,NSW1-QLD1,QLD1,5,19987.9680
D,RESIDUE_PRICE_OFFER,,1,A202409,C2025Q4T08,NSW1-QLD1,QLD1,5,20787.486720
D,RESIDUE_PRICE_OFFER,,1,A202409,C2025Q4T08,NSW1-QLD1,QLD1,5,21618.986190
D,RESIDUE_PRICE_OFFER,,1,A202409,C2025Q4T08,NSW1-QLD1,QLD1,5,22483.745640
D,RESIDUE_PRICE_OFFER,,1,A202409,C2025Q4T08,NSW1-QLD1,QLD1,10,37510
D,RESIDUE_PRICE_OFFER,,1,A202409,C2025Q4T08,NSW1-QLD1,QLD1,100,0
D,RESIDUE_PRICE_OFFER,,1,A202409,C2025Q4T08,V-SA,SA1,1,7550.20
D,RESIDUE_PRICE_OFFER,,1,A202409,C2025Q4T08,V-SA,SA1,1,7600.20
D,RESIDUE_PRICE_OFFER,,1,A202409,C2025Q4T08,V-SA,SA1,1,7650.20
D,RESIDUE_PRICE_OFFER,,1,A202409,C2025Q4T08,V-SA,SA1,1,7700.20
D,RESIDUE_PRICE_OFFER,,1,A202409,C2025Q4T08,V-SA,SA1,1,7750.20
D,RESIDUE_PRICE_OFFER,,1,A202409,C2025Q4T08,V-SA,SA1,1,7800.20
D,RESIDUE_PRICE_OFFER,,1,A202409,C2025Q4T08,V-SA,SA1,1,7850.20
D,RESIDUE_PRICE_OFFER,,1,A202409,C2025Q4T08,V-SA,SA1,1,7900.20
D,RESIDUE_PRICE_OFFER,,1,A202409,C2025Q4T08,V-SA,SA1,1,7950.20
D,RESIDUE_PRICE_OFFER,,1,A202409,C2025Q4T08,V-SA,SA1,1,8000.20
D,RESIDUE_PRICE_OFFER,,1,A202409,C2025Q4T08,V-SA,SA1,1,8050.20
D,RESIDUE_PRICE_OFFER,,1,A202409,C2025Q4T08,V-SA,SA1,1,8100.20
D,RESIDUE_PRICE_OFFER,,1,A202409,C2025Q4T08,V-SA,SA1,1,8150.20
D,RESIDUE_PRICE_OFFER,,1,A202409,C2025Q4T08,V-SA,SA1,1,8200.20
D,RESIDUE_PRICE_OFFER,,1,A202409,C2025Q4T08,V-SA,SA1,1,8250.20
D,RESIDUE_PRICE_OFFER,,1,A202409,C2025Q4T08,V-SA,SA1,1,8300.20
D,RESIDUE_PRICE_OFFER,,1,A202409,C2025Q4T08,V-SA,SA1,1,8350.20
D,RESIDUE_PRICE_OFFER,,1,A202409,C2025Q4T08,V-SA,SA1,1,8400.20
D,RESIDUE_PRICE_OFFER,,1,A202409,C2025Q4T08,V-SA,SA1,1,8450.20
D,RESIDUE_PRICE_OFFER,,1,A202409,C2025Q4T08,V-SA,SA1,1,8500.20
D,RESIDUE_PRICE_OFFER,,1,A202409,C2025Q4T08,V-SA,SA1,2,5408
D,RESIDUE_PRICE_OFFER,,1,A202409,C2025Q4T08,V-SA,SA1,2,5678.40
D,RESIDUE_PRICE_OFFER,,1,A202409,C2025Q4T08,V-SA,SA1,2,6246.24
D,RESIDUE_PRICE_OFFER,,1,A202409,C2025Q4T08,V-SA,SA1,2,6870.8640
D,RESIDUE_PRICE_OFFER,,1,A202409,C2025Q4T08,V-SA,SA1,2,7557.9504
D,RESIDUE_PRICE_OFFER,,1,A202409,C2025Q4T08,V-SA,SA1,2,8000
D,RESIDUE_PRICE_OFFER,,1,A202409,C2025Q4T08,V-SA,SA1,2,8313.745440
D,RESIDUE_PRICE_OFFER,,1,A202409,C2025Q4T08,V-SA,SA1,2,8500
D,RESIDUE_PRICE_OFFER,,1,A202409,C2025Q4T08,V-SA,SA1,2,9000
D,RESIDUE_PRICE_OFFER,,1,A202409,C2025Q4T08,V-SA,SA1,2,9150.20
D,RESIDUE_PRICE_OFFER,,1,A202409,C2025Q4T08,V-SA,SA1,2,9300.20
D,RESIDUE_PRICE_OFFER,,1,A202409,C2025Q4T08,V-SA,SA1,2,9450.20
D,RESIDUE_PRICE_OFFER,,1,A202409,C2025Q4T08,V-SA,SA1,2,9500
D,RESIDUE_PRICE_OFFER,,1,A202409,C2025Q4T08,V-SA,SA1,2,9600.20
D,RESIDUE_PRICE_OFFER,,1,A202409,C2025Q4T08,V-SA,SA1,2,9750.20
D,RESIDUE_PRICE_OFFER,,1,A202409,C2025Q4T08,V-SA,SA1,2,9900.20
D,RESIDUE_PRICE_OFFER,,1,A202409,C2025Q4T08,V-SA,SA1,2,10000
D,RESIDUE_PRICE_OFFER,,1,A202409,C2025Q4T08,V-SA,SA1,2,10050.20
D,RESIDUE_PRICE_OFFER,,1,A202409,C2025Q4T08,V-SA,SA1,2,10200.20
D,RESIDUE_PRICE_OFFER,,1,A202409,C2025Q4T08,V-SA,SA1,2,10350.20
D,RESIDUE_PRICE_OFFER,,1,A202409,C2025Q4T08,V-SA,SA1,2,10500
D,RESIDUE_PRICE_OFFER,,1,A202409,C2025Q4T08,V-SA,SA1,2,10500.20
D,RESIDUE_PRICE_OFFER,,1,A202409,C2025Q4T08,V-SA,SA1,2,10650.20
D,RESIDUE_PRICE_OFFER,,1,A202409,C2025Q4T08,V-SA,SA1,2,10800.20
D,RESIDUE_PRICE_OFFER,,1,A202409,C2025Q4T08,V-SA,SA1,2,10950.20
D,RESIDUE_PRICE_OFFER,,1,A202409,C2025Q4T08,V-SA,SA1,2,11100.20
D,RESIDUE_PRICE_OFFER,,1,A202409,C2025Q4T08,V-SA,SA1,2,11250.20
D,RESIDUE_PRICE_OFFER,,1,A202409,C2025Q4T08,V-SA,SA1,2,11400.20
D,RESIDUE_PRICE_OFFER,,1,A202409,C2025Q4T08,V-SA,SA1,2,11550.20
D,RESIDUE_PRICE_OFFER,,1,A202409,C2025Q4T08,V-SA,SA1,2,11700.20
D,RESIDUE_PRICE_OFFER,,1,A202409,C2025Q4T08,V-SA,SA1,2,11850.20
D,RESIDUE_PRICE_OFFER,,1,A202409,C2025Q4T08,V-SA,SA1,2,12000.20
D,RESIDUE_PRICE_OFFER,,1,A202409,C2025Q4T08,V-SA,SA1,10,4623.149990
D,RESIDUE_PRICE_OFFER,,1,A202409,C2025Q4T08,V-SA,SA1,64,0
D,RESIDUE_PRICE_OFFER,,1,A202409,C2025Q4T08,V-SA,VIC1,1,15550.91
D,RESIDUE_PRICE_OFFER,,1,A202409,C2025Q4T08,V-SA,VIC1,1,15600.91
D,RESIDUE_PRICE_OFFER,,1,A202409,C2025Q4T08,V-SA,VIC1,1,15650.91
D,RESIDUE_PRICE_OFFER,,1,A202409,C2025Q4T08,V-SA,VIC1,1,15700.91
D,RESIDUE_PRICE_OFFER,,1,A202409,C2025Q4T08,V-SA,VIC1,1,15750.91
D,RESIDUE_PRICE_OFFER,,1,A202409,C2025Q4T08,V-SA,VIC1,1,15800.91
D,RESIDUE_PRICE_OFFER,,1,A202409,C2025Q4T08,V-SA,VIC1,1,15850.91
D,RESIDUE_PRICE_OFFER,,1,A202409,C2025Q4T08,V-SA,VIC1,1,15900.91
D,RESIDUE_PRICE_OFFER,,1,A202409,C2025Q4T08,V-SA,VIC1,1,15950.91
D,RESIDUE_PRICE_OFFER,,1,A202409,C2025Q4T08,V-SA,VIC1,1,16000.91
D,RESIDUE_PRICE_OFFER,,1,A202409,C2025Q4T08,V-SA,VIC1,1,16050.91
D,RESIDUE_PRICE_OFFER,,1,A202409,C2025Q4T08,V-SA,VIC1,1,16100.91
D,RESIDUE_PRICE_OFFER,,1,A202409,C2025Q4T08,V-SA,VIC1,1,16150.91
D,RESIDUE_PRICE_OFFER,,1,A202409,C2025Q4T08,V-SA,VIC1,1,16200.91
D,RESIDUE_PRICE_OFFER,,1,A202409,C2025Q4T08,V-SA,VIC1,1,16250.91
D,RESIDUE_PRICE_OFFER,,1,A202409,C2025Q4T08,V-SA,VIC1,1,16300.91
D,RESIDUE_PRICE_OFFER,,1,A202409,C2025Q4T08,V-SA,VIC1,1,16350.91
D,RESIDUE_PRICE_OFFER,,1,A202409,C2025Q4T08,V-SA,VIC1,1,16400.91
D,RESIDUE_PRICE_OFFER,,1,A202409,C2025Q4T08,V-SA,VIC1,1,16450.91
D,RESIDUE_PRICE_OFFER,,1,A202409,C2025Q4T08,V-SA,VIC1,1,16500.91
D,RESIDUE_PRICE_OFFER,,1,A202409,C2025Q4T08,V-SA,VIC1,3,19854
D,RESIDUE_PRICE_OFFER,,1,A202409,C2025Q4T08,V-SA,VIC1,3,20449.62
D,RESIDUE_PRICE_OFFER,,1,A202409,C2025Q4T08,V-SA,VIC1,3,21063.1086
D,RESIDUE_PRICE_OFFER,,1,A202409,C2025Q4T08,V-SA,VIC1,4,21695.001860
D,RESIDUE_PRICE_OFFER,,1,A202409,C2025Q4T08,V-SA,VIC1,4,22345.851910
D,RESIDUE_PRICE_OFFER,,1,A202409,C2025Q4T08,V-SA,VIC1,4,23016.227470
D,RESIDUE_PRICE_OFFER,,1,A202409,C2025Q4T08,V-SA,VIC1,73,0
D,RESIDUE_PRICE_OFFER,,1,A202409,C2025Q4T08,VIC1-NSW1,NSW1,5,2000.39
D,RESIDUE_PRICE_OFFER,,1,A202409,C2025Q4T08,VIC1-NSW1,NSW1,5,3300
D,RESIDUE_PRICE_OFFER,,1,A202409,C2025Q4T08,VIC1-NSW1,NSW1,5,7000
D,RESIDUE_PRICE_OFFER,,1,A202409,C2025Q4T08,VIC1-NSW1,NSW1,5,7500
D,RESIDUE_PRICE_OFFER,,1,A202409,C2025Q4T08,VIC1-NSW1,NSW1,5,8000
D,RESIDUE_PRICE_OFFER,,1,A202409,C2025Q4T08,VIC1-NSW1,NSW1,5,8500
D,RESIDUE_PRICE_OFFER,,1,A202409,C2025Q4T08,VIC1-NSW1,NSW1,5,9000
D,RESIDUE_PRICE_OFFER,,1,A202409,C2025Q4T08,VIC1-NSW1,NSW1,7,1551.3120
D,RESIDUE_PRICE_OFFER,,1,A202409,C2025Q4T08,VIC1-NSW1,NSW1,108,0
D,RESIDUE_PRICE_OFFER,,1,A202409,C2025Q4T08,VIC1-NSW1,VIC1,1,14525
D,RESIDUE_PRICE_OFFER,,1,A202409,C2025Q4T08,VIC1-NSW1,VIC1,2,16828
D,RESIDUE_PRICE_OFFER,,1,A202409,C2025Q4T08,VIC1-NSW1,VIC1,2,18133.90
D,RESIDUE_PRICE_OFFER,,1,A202409,C2025Q4T08,VIC1-NSW1,VIC1,2,18266.90
D,RESIDUE_PRICE_OFFER,,1,A202409,C2025Q4T08,VIC1-NSW1,VIC1,2,18399.90
D,RESIDUE_PRICE_OFFER,,1,A202409,C2025Q4T08,VIC1-NSW1,VIC1,2,18532.90
D,RESIDUE_PRICE_OFFER,,1,A202409,C2025Q4T08,VIC1-NSW1,VIC1,2,18665.90
D,RESIDUE_PRICE_OFFER,,1,A202409,C2025Q4T08,VIC1-NSW1,VIC1,2,18798.90
D,RESIDUE_PRICE_OFFER,,1,A202409,C2025Q4T08,VIC1-NSW1,VIC1,2,18931.90
D,RESIDUE_PRICE_OFFER,,1,A202409,C2025Q4T08,VIC1-NSW1,VIC1,2,19064.90
D,RESIDUE_PRICE_OFFER,,1,A202409,C2025Q4T08,VIC1-NSW1,VIC1,2,19197.90
D,RESIDUE_PRICE_OFFER,,1,A202409,C2025Q4T08,VIC1-NSW1,VIC1,2,19330.90
D,RESIDUE_PRICE_OFFER,,1,A202409,C2025Q4T08,VIC1-NSW1,VIC1,2,19463.90
D,RESIDUE_PRICE_OFFER,,1,A202409,C2025Q4T08,VIC1-NSW1,VIC1,2,19596.90
D,RESIDUE_PRICE_OFFER,,1,A202409,C2025Q4T08,VIC1-NSW1,VIC1,2,19729.90
D,RESIDUE_PRICE_OFFER,,1,A202409,C2025Q4T08,VIC1-NSW1,VIC1,2,19862.90
D,RESIDUE_PRICE_OFFER,,1,A202409,C2025Q4T08,VIC1-NSW1,VIC1,2,19995.90
D,RESIDUE_PRICE_OFFER,,1,A202409,C2025Q4T08,VIC1-NSW1,VIC1,2,22160.90
D,RESIDUE_PRICE_OFFER,,1,A202409,C2025Q4T08,VIC1-NSW1,VIC1,2,23320.90
D,RESIDUE_PRICE_OFFER,,1,A202409,C2025Q4T08,VIC1-NSW1,VIC1,2,24480.90
D,RESIDUE_PRICE_OFFER,,1,A202409,C2025Q4T08,VIC1-NSW1,VIC1,2,25640.90
D,RESIDUE_PRICE_OFFER,,1,A202409,C2025Q4T08,VIC1-NSW1,VIC1,2,26800.90
D,RESIDUE_PRICE_OFFER,,1,A202409,C2025Q4T08,VIC1-NSW1,VIC1,2,27960.90
D,RESIDUE_PRICE_OFFER,,1,A202409,C2025Q4T08,VIC1-NSW1,VIC1,2,29120.90
D,RESIDUE_PRICE_OFFER,,1,A202409,C2025Q4T08,VIC1-NSW1,VIC1,2,30280.90
D,RESIDUE_PRICE_OFFER,,1,A202409,C2025Q4T08,VIC1-NSW1,VIC1,2,31440.90
D,RESIDUE_PRICE_OFFER,,1,A202409,C2025Q4T08,VIC1-NSW1,VIC1,2,32600.90
D,RESIDUE_PRICE_OFFER,,1,A202409,C2025Q4T08,VIC1-NSW1,VIC1,2,33760.90
D,RESIDUE_PRICE_OFFER,,1,A202409,C2025Q4T08,VIC1-NSW1,VIC1,2,34920.90
D,RESIDUE_PRICE_OFFER,,1,A202409,C2025Q4T08,VIC1-NSW1,VIC1,2,36080.90
D,RESIDUE_PRICE_OFFER,,1,A202409,C2025Q4T08,VIC1-NSW1,VIC1,2,37240.90
D,RESIDUE_PRICE_OFFER,,1,A202409,C2025Q4T08,VIC1-NSW1,VIC1,2,38400.90
D,RESIDUE_PRICE_OFFER,,1,A202409,C2025Q4T08,VIC1-NSW1,VIC1,2,39560.90
D,RESIDUE_PRICE_OFFER,,1,A202409,C2025Q4T08,VIC1-NSW1,VIC1,2,40720.90
D,RESIDUE_PRICE_OFFER,,1,A202409,C2025Q4T08,VIC1-NSW1,VIC1,2,41880.90
D,RESIDUE_PRICE_OFFER,,1,A202409,C2025Q4T08,VIC1-NSW1,VIC1,2,43040.90
D,RESIDUE_PRICE_OFFER,,1,A202409,C2025Q4T08,VIC1-NSW1,VIC1,2,44200.90
D,RESIDUE_PRICE_OFFER,,1,A202409,C2025Q4T08,VIC1-NSW1,VIC1,2,45360.90
D,RESIDUE_PRICE_OFFER,,1,A202409,C2025Q4T08,VIC1-NSW1,VIC1,2,46520.90
D,RESIDUE_PRICE_OFFER,,1,A202409,C2025Q4T08,VIC1-NSW1,VIC1,2,47680.90
D,RESIDUE_PRICE_OFFER,,1,A202409,C2025Q4T08,VIC1-NSW1,VIC1,2,48840.90
D,RESIDUE_PRICE_OFFER,,1,A202409,C2025Q4T08,VIC1-NSW1,VIC1,2,50000.90
D,RESIDUE_PRICE_OFFER,,1,A202409,C2025Q4T08,VIC1-NSW1,VIC1,4,18550
D,RESIDUE_PRICE_OFFER,,1,A202409,C2025Q4T08,VIC1-NSW1,VIC1,5,37511
D,RESIDUE_PRICE_OFFER,,1,A202409,C2025Q4T08,VIC1-NSW1,VIC1,6,22080
D,RESIDUE_PRICE_OFFER,,1,A202409,C2025Q4T08,VIC1-NSW1,VIC1,10,37380
D,RESIDUE_PRICE_OFFER,,1,A202409,C2025Q4T08,VIC1-NSW1,VIC1,125,0
D,RESIDUE_PRICE_OFFER,,1,A202409,C2026Q1T07,NSW1-QLD1,NSW1,45,0
D,RESIDUE_PRICE_OFFER,,1,A202409,C2026Q1T07,NSW1-QLD1,QLD1,1,22050.19
D,RESIDUE_PRICE_OFFER,,1,A202409,C2026Q1T07,NSW1-QLD1,QLD1,1,22100.19
D,RESIDUE_PRICE_OFFER,,1,A202409,C2026Q1T07,NSW1-QLD1,QLD1,1,22150.19
D,RESIDUE_PRICE_OFFER,,1,A202409,C2026Q1T07,NSW1-QLD1,QLD1,1,22200.19
D,RESIDUE_PRICE_OFFER,,1,A202409,C2026Q1T07,NSW1-QLD1,QLD1,1,22250.19
D,RESIDUE_PRICE_OFFER,,1,A202409,C2026Q1T07,NSW1-QLD1,QLD1,1,22300.19
D,RESIDUE_PRICE_OFFER,,1,A202409,C2026Q1T07,NSW1-QLD1,QLD1,1,22350.19
D,RESIDUE_PRICE_OFFER,,1,A202409,C2026Q1T07,NSW1-QLD1,QLD1,1,22400.19
D,RESIDUE_PRICE_OFFER,,1,A202409,C2026Q1T07,NSW1-QLD1,QLD1,1,22450.19
D,RESIDUE_PRICE_OFFER,,1,A202409,C2026Q1T07,NSW1-QLD1,QLD1,1,22500.19
D,RESIDUE_PRICE_OFFER,,1,A202409,C2026Q1T07,NSW1-QLD1,QLD1,1,22550.19
D,RESIDUE_PRICE_OFFER,,1,A202409,C2026Q1T07,NSW1-QLD1,QLD1,1,22600.19
D,RESIDUE_PRICE_OFFER,,1,A202409,C2026Q1T07,NSW1-QLD1,QLD1,1,22650.19
D,RESIDUE_PRICE_OFFER,,1,A202409,C2026Q1T07,NSW1-QLD1,QLD1,1,22700.19
D,RESIDUE_PRICE_OFFER,,1,A202409,C2026Q1T07,NSW1-QLD1,QLD1,1,22750.19
D,RESIDUE_PRICE_OFFER,,1,A202409,C2026Q1T07,NSW1-QLD1,QLD1,1,22800.19
D,RESIDUE_PRICE_OFFER,,1,A202409,C2026Q1T07,NSW1-QLD1,QLD1,1,22850.19
D,RESIDUE_PRICE_OFFER,,1,A202409,C2026Q1T07,NSW1-QLD1,QLD1,1,22900.19
D,RESIDUE_PRICE_OFFER,,1,A202409,C2026Q1T07,NSW1-QLD1,QLD1,1,22950.19
D,RESIDUE_PRICE_OFFER,,1,A202409,C2026Q1T07,NSW1-QLD1,QLD1,1,23000.19
D,RESIDUE_PRICE_OFFER,,1,A202409,C2026Q1T07,NSW1-QLD1,QLD1,1,27666.19
D,RESIDUE_PRICE_OFFER,,1,A202409,C2026Q1T07,NSW1-QLD1,QLD1,1,28332.19
D,RESIDUE_PRICE_OFFER,,1,A202409,C2026Q1T07,NSW1-QLD1,QLD1,1,28998.19
D,RESIDUE_PRICE_OFFER,,1,A202409,C2026Q1T07,NSW1-QLD1,QLD1,1,29664.19
D,RESIDUE_PRICE_OFFER,,1,A202409,C2026Q1T07,NSW1-QLD1,QLD1,1,30330.19
D,RESIDUE_PRICE_OFFER,,1,A202409,C2026Q1T07,NSW1-QLD1,QLD1,1,30996.19
D,RESIDUE_PRICE_OFFER,,1,A202409,C2026Q1T07,NSW1-QLD1,QLD1,1,31662.19
D,RESIDUE_PRICE_OFFER,,1,A202409,C2026Q1T07,NSW1-QLD1,QLD1,1,32328.19
D,RESIDUE_PRICE_OFFER,,1,A202409,C2026Q1T07,NSW1-QLD1,QLD1,1,32994.19
D,RESIDUE_PRICE_OFFER,,1,A202409,C2026Q1T07,NSW1-QLD1,QLD1,1,33660.19
D,RESIDUE_PRICE_OFFER,,1,A202409,C2026Q1T07,NSW1-QLD1,QLD1,1,34326.19
D,RESIDUE_PRICE_OFFER,,1,A202409,C2026Q1T07,NSW1-QLD1,QLD1,1,34992.19
D,RESIDUE_PRICE_OFFER,,1,A202409,C2026Q1T07,NSW1-QLD1,QLD1,1,35658.19
D,RESIDUE_PRICE_OFFER,,1,A202409,C2026Q1T07,NSW1-QLD1,QLD1,1,36324.19
D,RESIDUE_PRICE_OFFER,,1,A202409,C2026Q1T07,NSW1-QLD1,QLD1,1,36990.19
D,RESIDUE_PRICE_OFFER,,1,A202409,C2026Q1T07,NSW1-QLD1,QLD1,2,25941
D,RESIDUE_PRICE_OFFER,,1,A202409,C2026Q1T07,NSW1-QLD1,QLD1,2,26978.64
D,RESIDUE_PRICE_OFFER,,1,A202409,C2026Q1T07,NSW1-QLD1,QLD1,2,28057.7856
D,RESIDUE_PRICE_OFFER,,1,A202409,C2026Q1T07,NSW1-QLD1,QLD1,2,29180.097020
D,RESIDUE_PRICE_OFFER,,1,A202409,C2026Q1T07,NSW1-QLD1,QLD1,2,30347.3009
D,RESIDUE_PRICE_OFFER,,1,A202409,C2026Q1T07,NSW1-QLD1,QLD1,2,31561.192940
D,RESIDUE_PRICE_OFFER,,1,A202409,C2026Q1T07,NSW1-QLD1,QLD1,10,22888
D,RESIDUE_PRICE_OFFER,,1,A202409,C2026Q1T07,NSW1-QLD1,QLD1,10,37620
D,RESIDUE_PRICE_OFFER,,1,A202409,C2026Q1T07,NSW1-QLD1,QLD1,100,0
D,RESIDUE_PRICE_OFFER,,1,A202409,C2026Q1T07,V-SA,SA1,1,6071.20
D,RESIDUE_PRICE_OFFER,,1,A202409,C2026Q1T07,V-SA,SA1,1,6142.20
D,RESIDUE_PRICE_OFFER,,1,A202409,C2026Q1T07,V-SA,SA1,1,6213.20
D,RESIDUE_PRICE_OFFER,,1,A202409,C2026Q1T07,V-SA,SA1,1,6284.20
D,RESIDUE_PRICE_OFFER,,1,A202409,C2026Q1T07,V-SA,SA1,1,6355.20
D,RESIDUE_PRICE_OFFER,,1,A202409,C2026Q1T07,V-SA,SA1,1,6426.20
D,RESIDUE_PRICE_OFFER,,1,A202409,C2026Q1T07,V-SA,SA1,1,6497.20
D,RESIDUE_PRICE_OFFER,,1,A202409,C2026Q1T07,V-SA,SA1,64,0
D,RESIDUE_PRICE_OFFER,,1,A202409,C2026Q1T07,V-SA,VIC1,1,23050.91
D,RESIDUE_PRICE_OFFER,,1,A202409,C2026Q1T07,V-SA,VIC1,1,23100.91
D,RESIDUE_PRICE_OFFER,,1,A202409,C2026Q1T07,V-SA,VIC1,1,23150.91
D,RESIDUE_PRICE_OFFER,,1,A202409,C2026Q1T07,V-SA,VIC1,1,23200.91
D,RESIDUE_PRICE_OFFER,,1,A202409,C2026Q1T07,V-SA,VIC1,1,23250.91
D,RESIDUE_PRICE_OFFER,,1,A202409,C2026Q1T07,V-SA,VIC1,1,23300.91
D,RESIDUE_PRICE_OFFER,,1,A202409,C2026Q1T07,V-SA,VIC1,1,23350.91
D,RESIDUE_PRICE_OFFER,,1,A202409,C2026Q1T07,V-SA,VIC1,1,23400.91
D,RESIDUE_PRICE_OFFER,,1,A202409,C2026Q1T07,V-SA,VIC1,1,23450.91
D,RESIDUE_PRICE_OFFER,,1,A202409,C2026Q1T07,V-SA,VIC1,1,23500.91
D,RESIDUE_PRICE_OFFER,,1,A202409,C2026Q1T07,V-SA,VIC1,1,23550.91
D,RESIDUE_PRICE_OFFER,,1,A202409,C2026Q1T07,V-SA,VIC1,1,23600.91
D,RESIDUE_PRICE_OFFER,,1,A202409,C2026Q1T07,V-SA,VIC1,1,23650.91
D,RESIDUE_PRICE_OFFER,,1,A202409,C2026Q1T07,V-SA,VIC1,1,23700.91
D,RESIDUE_PRICE_OFFER,,1,A202409,C2026Q1T07,V-SA,VIC1,1,23750.91
D,RESIDUE_PRICE_OFFER,,1,A202409,C2026Q1T07,V-SA,VIC1,1,23800.91
D,RESIDUE_PRICE_OFFER,,1,A202409,C2026Q1T07,V-SA,VIC1,1,23850.91
D,RESIDUE_PRICE_OFFER,,1,A202409,C2026Q1T07,V-SA,VIC1,1,23900.91
D,RESIDUE_PRICE_OFFER,,1,A202409,C2026Q1T07,V-SA,VIC1,1,23950.91
D,RESIDUE_PRICE_OFFER,,1,A202409,C2026Q1T07,V-SA,VIC1,1,24000.91
D,RESIDUE_PRICE_OFFER,,1,A202409,C2026Q1T07,V-SA,VIC1,73,0
D,RESIDUE_PRICE_OFFER,,1,A202409,C2026Q1T07,VIC1-NSW1,NSW1,1,6550.39
D,RESIDUE_PRICE_OFFER,,1,A202409,C2026Q1T07,VIC1-NSW1,NSW1,1,6600.39
D,RESIDUE_PRICE_OFFER,,1,A202409,C2026Q1T07,VIC1-NSW1,NSW1,1,6650.39
D,RESIDUE_PRICE_OFFER,,1,A202409,C2026Q1T07,VIC1-NSW1,NSW1,1,6700.39
D,RESIDUE_PRICE_OFFER,,1,A202409,C2026Q1T07,VIC1-NSW1,NSW1,1,6750.39
D,RESIDUE_PRICE_OFFER,,1,A202409,C2026Q1T07,VIC1-NSW1,NSW1,1,6800.39
D,RESIDUE_PRICE_OFFER,,1,A202409,C2026Q1T07,VIC1-NSW1,NSW1,1,6850.39
D,RESIDUE_PRICE_OFFER,,1,A202409,C2026Q1T07,VIC1-NSW1,NSW1,1,6900.39
D,RESIDUE_PRICE_OFFER,,1,A202409,C2026Q1T07,VIC1-NSW1,NSW1,1,6950.39
D,RESIDUE_PRICE_OFFER,,1,A202409,C2026Q1T07,VIC1-NSW1,NSW1,1,7000.39
D,RESIDUE_PRICE_OFFER,,1,A202409,C2026Q1T07,VIC1-NSW1,NSW1,1,7050.39
D,RESIDUE_PRICE_OFFER,,1,A202409,C2026Q1T07,VIC1-NSW1,NSW1,1,7100.39
D,RESIDUE_PRICE_OFFER,,1,A202409,C2026Q1T07,VIC1-NSW1,NSW1,1,7150.39
D,RESIDUE_PRICE_OFFER,,1,A202409,C2026Q1T07,VIC1-NSW1,NSW1,1,7200.39
D,RESIDUE_PRICE_OFFER,,1,A202409,C2026Q1T07,VIC1-NSW1,NSW1,1,7250.39
D,RESIDUE_PRICE_OFFER,,1,A202409,C2026Q1T07,VIC1-NSW1,NSW1,1,7300.39
D,RESIDUE_PRICE_OFFER,,1,A202409,C2026Q1T07,VIC1-NSW1,NSW1,1,7350.39
D,RESIDUE_PRICE_OFFER,,1,A202409,C2026Q1T07,VIC1-NSW1,NSW1,1,7400.39
D,RESIDUE_PRICE_OFFER,,1,A202409,C2026Q1T07,VIC1-NSW1,NSW1,1,7450.39
D,RESIDUE_PRICE_OFFER,,1,A202409,C2026Q1T07,VIC1-NSW1,NSW1,1,7500.39
D,RESIDUE_PRICE_OFFER,,1,A202409,C2026Q1T07,VIC1-NSW1,NSW1,2,7550.39
D,RESIDUE_PRICE_OFFER,,1,A202409,C2026Q1T07,VIC1-NSW1,NSW1,2,7600.39
D,RESIDUE_PRICE_OFFER,,1,A202409,C2026Q1T07,VIC1-NSW1,NSW1,2,7650.39
D,RESIDUE_PRICE_OFFER,,1,A202409,C2026Q1T07,VIC1-NSW1,NSW1,2,7700.39
D,RESIDUE_PRICE_OFFER,,1,A202409,C2026Q1T07,VIC1-NSW1,NSW1,2,7750.39
D,RESIDUE_PRICE_OFFER,,1,A202409,C2026Q1T07,VIC1-NSW1,NSW1,2,7800.39
D,RESIDUE_PRICE_OFFER,,1,A202409,C2026Q1T07,VIC1-NSW1,NSW1,2,7850.39
D,RESIDUE_PRICE_OFFER,,1,A202409,C2026Q1T07,VIC1-NSW1,NSW1,2,7900.39
D,RESIDUE_PRICE_OFFER,,1,A202409,C2026Q1T07,VIC1-NSW1,NSW1,2,7950.39
D,RESIDUE_PRICE_OFFER,,1,A202409,C2026Q1T07,VIC1-NSW1,NSW1,2,8000.39
D,RESIDUE_PRICE_OFFER,,1,A202409,C2026Q1T07,VIC1-NSW1,NSW1,2,8050.39
D,RESIDUE_PRICE_OFFER,,1,A202409,C2026Q1T07,VIC1-NSW1,NSW1,2,8100.39
D,RESIDUE_PRICE_OFFER,,1,A202409,C2026Q1T07,VIC1-NSW1,NSW1,2,8150.39
D,RESIDUE_PRICE_OFFER,,1,A202409,C2026Q1T07,VIC1-NSW1,NSW1,2,8200.39
D,RESIDUE_PRICE_OFFER,,1,A202409,C2026Q1T07,VIC1-NSW1,NSW1,2,8250.39
D,RESIDUE_PRICE_OFFER,,1,A202409,C2026Q1T07,VIC1-NSW1,NSW1,2,8300.39
D,RESIDUE_PRICE_OFFER,,1,A202409,C2026Q1T07,VIC1-NSW1,NSW1,2,8350.39
D,RESIDUE_PRICE_OFFER,,1,A202409,C2026Q1T07,VIC1-NSW1,NSW1,2,8400.39
D,RESIDUE_PRICE_OFFER,,1,A202409,C2026Q1T07,VIC1-NSW1,NSW1,2,8450.39
D,RESIDUE_PRICE_OFFER,,1,A202409,C2026Q1T07,VIC1-NSW1,NSW1,2,8500.39
D,RESIDUE_PRICE_OFFER,,1,A202409,C2026Q1T07,VIC1-NSW1,NSW1,108,0
D,RESIDUE_PRICE_OFFER,,1,A202409,C2026Q1T07,VIC1-NSW1,VIC1,1,17040.90
D,RESIDUE_PRICE_OFFER,,1,A202409,C2026Q1T07,VIC1-NSW1,VIC1,1,17080.90
D,RESIDUE_PRICE_OFFER,,1,A202409,C2026Q1T07,VIC1-NSW1,VIC1,1,17120.90
D,RESIDUE_PRICE_OFFER,,1,A202409,C2026Q1T07,VIC1-NSW1,VIC1,1,17160.90
D,RESIDUE_PRICE_OFFER,,1,A202409,C2026Q1T07,VIC1-NSW1,VIC1,1,17200.90
D,RESIDUE_PRICE_OFFER,,1,A202409,C2026Q1T07,VIC1-NSW1,VIC1,1,17240.90
D,RESIDUE_PRICE_OFFER,,1,A202409,C2026Q1T07,VIC1-NSW1,VIC1,1,17280.90
D,RESIDUE_PRICE_OFFER,,1,A202409,C2026Q1T07,VIC1-NSW1,VIC1,1,17320.90
D,RESIDUE_PRICE_OFFER,,1,A202409,C2026Q1T07,VIC1-NSW1,VIC1,1,17360.90
D,RESIDUE_PRICE_OFFER,,1,A202409,C2026Q1T07,VIC1-NSW1,VIC1,1,17400.90
D,RESIDUE_PRICE_OFFER,,1,A202409,C2026Q1T07,VIC1-NSW1,VIC1,1,17440.90
D,RESIDUE_PRICE_OFFER,,1,A202409,C2026Q1T07,VIC1-NSW1,VIC1,1,17480.90
D,RESIDUE_PRICE_OFFER,,1,A202409,C2026Q1T07,VIC1-NSW1,VIC1,1,17520.90
D,RESIDUE_PRICE_OFFER,,1,A202409,C2026Q1T07,VIC1-NSW1,VIC1,1,17560.90
D,RESIDUE_PRICE_OFFER,,1,A202409,C2026Q1T07,VIC1-NSW1,VIC1,1,17600.90
D,RESIDUE_PRICE_OFFER,,1,A202409,C2026Q1T07,VIC1-NSW1,VIC1,1,17640.90
D,RESIDUE_PRICE_OFFER,,1,A202409,C2026Q1T07,VIC1-NSW1,VIC1,1,17680.90
D,RESIDUE_PRICE_OFFER,,1,A202409,C2026Q1T07,VIC1-NSW1,VIC1,1,17720.90
D,RESIDUE_PRICE_OFFER,,1,A202409,C2026Q1T07,VIC1-NSW1,VIC1,1,17760.90
D,RESIDUE_PRICE_OFFER,,1,A202409,C2026Q1T07,VIC1-NSW1,VIC1,1,17800.90
D,RESIDUE_PRICE_OFFER,,1,A202409,C2026Q1T07,VIC1-NSW1,VIC1,1,17840.90
D,RESIDUE_PRICE_OFFER,,1,A202409,C2026Q1T07,VIC1-NSW1,VIC1,1,17880.90
D,RESIDUE_PRICE_OFFER,,1,A202409,C2026Q1T07,VIC1-NSW1,VIC1,1,17920.90
D,RESIDUE_PRICE_OFFER,,1,A202409,C2026Q1T07,VIC1-NSW1,VIC1,1,17960.90
D,RESIDUE_PRICE_OFFER,,1,A202409,C2026Q1T07,VIC1-NSW1,VIC1,1,18000.90
D,RESIDUE_PRICE_OFFER,,1,A202409,C2026Q1T07,VIC1-NSW1,VIC1,2,22450.90
D,RESIDUE_PRICE_OFFER,,1,A202409,C2026Q1T07,VIC1-NSW1,VIC1,2,23900.90
D,RESIDUE_PRICE_OFFER,,1,A202409,C2026Q1T07,VIC1-NSW1,VIC1,2,25350.90
D,RESIDUE_PRICE_OFFER,,1,A202409,C2026Q1T07,VIC1-NSW1,VIC1,2,26800.90
D,RESIDUE_PRICE_OFFER,,1,A202409,C2026Q1T07,VIC1-NSW1,VIC1,2,28250.90
D,RESIDUE_PRICE_OFFER,,1,A202409,C2026Q1T07,VIC1-NSW1,VIC1,2,29700.90
D,RESIDUE_PRICE_OFFER,,1,A202409,C2026Q1T07,VIC1-NSW1,VIC1,2,31150.90
D,RESIDUE_PRICE_OFFER,,1,A202409,C2026Q1T07,VIC1-NSW1,VIC1,2,32600.90
D,RESIDUE_PRICE_OFFER,,1,A202409,C2026Q1T07,VIC1-NSW1,VIC1,2,34050.90
D,RESIDUE_PRICE_OFFER,,1,A202409,C2026Q1T07,VIC1-NSW1,VIC1,2,35500.90
D,RESIDUE_PRICE_OFFER,,1,A202409,C2026Q1T07,VIC1-NSW1,VIC1,2,36950.90
D,RESIDUE_PRICE_OFFER,,1,A202409,C2026Q1T07,VIC1-NSW1,VIC1,2,38400.90
D,RESIDUE_PRICE_OFFER,,1,A202409,C2026Q1T07,VIC1-NSW1,VIC1,2,39850.90
D,RESIDUE_PRICE_OFFER,,1,A202409,C2026Q1T07,VIC1-NSW1,VIC1,2,41300.90
D,RESIDUE_PRICE_OFFER,,1,A202409,C2026Q1T07,VIC1-NSW1,VIC1,2,42750.90
D,RESIDUE_PRICE_OFFER,,1,A202409,C2026Q1T07,VIC1-NSW1,VIC1,2,44200.90
D,RESIDUE_PRICE_OFFER,,1,A202409,C2026Q1T07,VIC1-NSW1,VIC1,2,45650.90
D,RESIDUE_PRICE_OFFER,,1,A202409,C2026Q1T07,VIC1-NSW1,VIC1,2,47100.90
D,RESIDUE_PRICE_OFFER,,1,A202409,C2026Q1T07,VIC1-NSW1,VIC1,2,48550.90
D,RESIDUE_PRICE_OFFER,,1,A202409,C2026Q1T07,VIC1-NSW1,VIC1,2,50000.90
D,RESIDUE_PRICE_OFFER,,1,A202409,C2026Q1T07,VIC1-NSW1,VIC1,3,21600
D,RESIDUE_PRICE_OFFER,,1,A202409,C2026Q1T07,VIC1-NSW1,VIC1,4,32875
D,RESIDUE_PRICE_OFFER,,1,A202409,C2026Q1T07,VIC1-NSW1,VIC1,10,43470
D,RESIDUE_PRICE_OFFER,,1,A202409,C2026Q1T07,VIC1-NSW1,VIC1,125,0
D,RESIDUE_PRICE_OFFER,,1,A202409,C2026Q2T06,NSW1-QLD1,NSW1,45,0
D,RESIDUE_PRICE_OFFER,,1,A202409,C2026Q2T06,NSW1-QLD1,QLD1,3,21840
D,RESIDUE_PRICE_OFFER,,1,A202409,C2026Q2T06,NSW1-QLD1,QLD1,3,32011
D,RESIDUE_PRICE_OFFER,,1,A202409,C2026Q2T06,NSW1-QLD1,QLD1,3,43483
D,RESIDUE_PRICE_OFFER,,1,A202409,C2026Q2T06,NSW1-QLD1,QLD1,4,38000.19
D,RESIDUE_PRICE_OFFER,,1,A202409,C2026Q2T06,NSW1-QLD1,QLD1,6,33291.44
D,RESIDUE_PRICE_OFFER,,1,A202409,C2026Q2T06,NSW1-QLD1,QLD1,6,35954.7552
D,RESIDUE_PRICE_OFFER,,1,A202409,C2026Q2T06,NSW1-QLD1,QLD1,8,38831.135620
D,RESIDUE_PRICE_OFFER,,1,A202409,C2026Q2T06,NSW1-QLD1,QLD1,8,39996.069680
D,RESIDUE_PRICE_OFFER,,1,A202409,C2026Q2T06,NSW1-QLD1,QLD1,8,41195.951780
D,RESIDUE_PRICE_OFFER,,1,A202409,C2026Q2T06,NSW1-QLD1,QLD1,10,56870
D,RESIDUE_PRICE_OFFER,,1,A202409,C2026Q2T06,NSW1-QLD1,QLD1,100,0
D,RESIDUE_PRICE_OFFER,,1,A202409,C2026Q2T06,V-SA,SA1,9,5000.20
D,RESIDUE_PRICE_OFFER,,1,A202409,C2026Q2T06,V-SA,SA1,64,0
D,RESIDUE_PRICE_OFFER,,1,A202409,C2026Q2T06,V-SA,VIC1,1,24037.91
D,RESIDUE_PRICE_OFFER,,1,A202409,C2026Q2T06,V-SA,VIC1,1,24074.91
D,RESIDUE_PRICE_OFFER,,1,A202409,C2026Q2T06,V-SA,VIC1,1,24111.91
D,RESIDUE_PRICE_OFFER,,1,A202409,C2026Q2T06,V-SA,VIC1,1,24148.91
D,RESIDUE_PRICE_OFFER,,1,A202409,C2026Q2T06,V-SA,VIC1,1,24185.91
D,RESIDUE_PRICE_OFFER,,1,A202409,C2026Q2T06,V-SA,VIC1,1,24222.91
D,RESIDUE_PRICE_OFFER,,1,A202409,C2026Q2T06,V-SA,VIC1,1,24259.91
D,RESIDUE_PRICE_OFFER,,1,A202409,C2026Q2T06,V-SA,VIC1,1,24296.91
D,RESIDUE_PRICE_OFFER,,1,A202409,C2026Q2T06,V-SA,VIC1,1,24333.91
D,RESIDUE_PRICE_OFFER,,1,A202409,C2026Q2T06,V-SA,VIC1,1,24370.91
D,RESIDUE_PRICE_OFFER,,1,A202409,C2026Q2T06,V-SA,VIC1,1,24407.91
D,RESIDUE_PRICE_OFFER,,1,A202409,C2026Q2T06,V-SA,VIC1,1,24444.91
D,RESIDUE_PRICE_OFFER,,1,A202409,C2026Q2T06,V-SA,VIC1,1,24481.91
D,RESIDUE_PRICE_OFFER,,1,A202409,C2026Q2T06,V-SA,VIC1,1,24518.91
D,RESIDUE_PRICE_OFFER,,1,A202409,C2026Q2T06,V-SA,VIC1,1,24555.91
D,RESIDUE_PRICE_OFFER,,1,A202409,C2026Q2T06,V-SA,VIC1,1,24592.91
D,RESIDUE_PRICE_OFFER,,1,A202409,C2026Q2T06,V-SA,VIC1,1,24629.91
D,RESIDUE_PRICE_OFFER,,1,A202409,C2026Q2T06,V-SA,VIC1,1,24666.91
D,RESIDUE_PRICE_OFFER,,1,A202409,C2026Q2T06,V-SA,VIC1,1,24703.91
D,RESIDUE_PRICE_OFFER,,1,A202409,C2026Q2T06,V-SA,VIC1,1,24740.91
D,RESIDUE_PRICE_OFFER,,1,A202409,C2026Q2T06,V-SA,VIC1,1,24777.91
D,RESIDUE_PRICE_OFFER,,1,A202409,C2026Q2T06,V-SA,VIC1,1,24814.91
D,RESIDUE_PRICE_OFFER,,1,A202409,C2026Q2T06,V-SA,VIC1,1,24851.91
D,RESIDUE_PRICE_OFFER,,1,A202409,C2026Q2T06,V-SA,VIC1,1,24888.91
D,RESIDUE_PRICE_OFFER,,1,A202409,C2026Q2T06,V-SA,VIC1,1,24925.91
D,RESIDUE_PRICE_OFFER,,1,A202409,C2026Q2T06,V-SA,VIC1,1,24962.91
D,RESIDUE_PRICE_OFFER,,1,A202409,C2026Q2T06,V-SA,VIC1,1,24999.91
D,RESIDUE_PRICE_OFFER,,1,A202409,C2026Q2T06,V-SA,VIC1,73,0
D,RESIDUE_PRICE_OFFER,,1,A202409,C2026Q2T06,VIC1-NSW1,NSW1,1,2543.39
D,RESIDUE_PRICE_OFFER,,1,A202409,C2026Q2T06,VIC1-NSW1,NSW1,1,2586.39
D,RESIDUE_PRICE_OFFER,,1,A202409,C2026Q2T06,VIC1-NSW1,NSW1,1,2629.39
D,RESIDUE_PRICE_OFFER,,1,A202409,C2026Q2T06,VIC1-NSW1,NSW1,1,2672.39
D,RESIDUE_PRICE_OFFER,,1,A202409,C2026Q2T06,VIC1-NSW1,NSW1,1,2715.39
D,RESIDUE_PRICE_OFFER,,1,A202409,C2026Q2T06,VIC1-NSW1,NSW1,1,2758.39
D,RESIDUE_PRICE_OFFER,,1,A202409,C2026Q2T06,VIC1-NSW1,NSW1,1,2801.39
D,RESIDUE_PRICE_OFFER,,1,A202409,C2026Q2T06,VIC1-NSW1,NSW1,1,2844.39
D,RESIDUE_PRICE_OFFER,,1,A202409,C2026Q2T06,VIC1-NSW1,NSW1,1,2887.39
D,RESIDUE_PRICE_OFFER,,1,A202409,C2026Q2T06,VIC1-NSW1,NSW1,1,2930.39
D,RESIDUE_PRICE_OFFER,,1,A202409,C2026Q2T06,VIC1-NSW1,NSW1,1,2973.39
D,RESIDUE_PRICE_OFFER,,1,A202409,C2026Q2T06,VIC1-NSW1,NSW1,1,3016.39
D,RESIDUE_PRICE_OFFER,,1,A202409,C2026Q2T06,VIC1-NSW1,NSW1,1,3059.39
D,RESIDUE_PRICE_OFFER,,1,A202409,C2026Q2T06,VIC1-NSW1,NSW1,1,3102.39
D,RESIDUE_PRICE_OFFER,,1,A202409,C2026Q2T06,VIC1-NSW1,NSW1,1,3145.39
D,RESIDUE_PRICE_OFFER,,1,A202409,C2026Q2T06,VIC1-NSW1,NSW1,1,3188.39
D,RESIDUE_PRICE_OFFER,,1,A202409,C2026Q2T06,VIC1-NSW1,NSW1,1,3231.39
D,RESIDUE_PRICE_OFFER,,1,A202409,C2026Q2T06,VIC1-NSW1,NSW1,1,3274.39
D,RESIDUE_PRICE_OFFER,,1,A202409,C2026Q2T06,VIC1-NSW1,NSW1,1,3317.39
D,RESIDUE_PRICE_OFFER,,1,A202409,C2026Q2T06,VIC1-NSW1,NSW1,1,3360.39
D,RESIDUE_PRICE_OFFER,,1,A202409,C2026Q2T06,VIC1-NSW1,NSW1,1,3403.39
D,RESIDUE_PRICE_OFFER,,1,A202409,C2026Q2T06,VIC1-NSW1,NSW1,1,3446.39
D,RESIDUE_PRICE_OFFER,,1,A202409,C2026Q2T06,VIC1-NSW1,NSW1,1,3489.39
D,RESIDUE_PRICE_OFFER,,1,A202409,C2026Q2T06,VIC1-NSW1,NSW1,108,0
D,RESIDUE_PRICE_OFFER,,1,A202409,C2026Q2T06,VIC1-NSW1,VIC1,1,18100.90
D,RESIDUE_PRICE_OFFER,,1,A202409,C2026Q2T06,VIC1-NSW1,VIC1,1,18200.90
D,RESIDUE_PRICE_OFFER,,1,A202409,C2026Q2T06,VIC1-NSW1,VIC1,1,18300.90
D,RESIDUE_PRICE_OFFER,,1,A202409,C2026Q2T06,VIC1-NSW1,VIC1,1,18400.90
D,RESIDUE_PRICE_OFFER,,1,A202409,C2026Q2T06,VIC1-NSW1,VIC1,1,18500.90
D,RESIDUE_PRICE_OFFER,,1,A202409,C2026Q2T06,VIC1-NSW1,VIC1,1,18600.90
D,RESIDUE_PRICE_OFFER,,1,A202409,C2026Q2T06,VIC1-NSW1,VIC1,1,18700.90
D,RESIDUE_PRICE_OFFER,,1,A202409,C2026Q2T06,VIC1-NSW1,VIC1,1,18800.90
D,RESIDUE_PRICE_OFFER,,1,A202409,C2026Q2T06,VIC1-NSW1,VIC1,1,18900.90
D,RESIDUE_PRICE_OFFER,,1,A202409,C2026Q2T06,VIC1-NSW1,VIC1,1,19000.90
D,RESIDUE_PRICE_OFFER,,1,A202409,C2026Q2T06,VIC1-NSW1,VIC1,1,19100.90
D,RESIDUE_PRICE_OFFER,,1,A202409,C2026Q2T06,VIC1-NSW1,VIC1,1,19200.90
D,RESIDUE_PRICE_OFFER,,1,A202409,C2026Q2T06,VIC1-NSW1,VIC1,1,19300.90
D,RESIDUE_PRICE_OFFER,,1,A202409,C2026Q2T06,VIC1-NSW1,VIC1,1,19400.90
D,RESIDUE_PRICE_OFFER,,1,A202409,C2026Q2T06,VIC1-NSW1,VIC1,1,19500.90
D,RESIDUE_PRICE_OFFER,,1,A202409,C2026Q2T06,VIC1-NSW1,VIC1,1,19600.90
D,RESIDUE_PRICE_OFFER,,1,A202409,C2026Q2T06,VIC1-NSW1,VIC1,1,19700.90
D,RESIDUE_PRICE_OFFER,,1,A202409,C2026Q2T06,VIC1-NSW1,VIC1,1,19800.90
D,RESIDUE_PRICE_OFFER,,1,A202409,C2026Q2T06,VIC1-NSW1,VIC1,1,19900.90
D,RESIDUE_PRICE_OFFER,,1,A202409,C2026Q2T06,VIC1-NSW1,VIC1,1,20000.90
D,RESIDUE_PRICE_OFFER,,1,A202409,C2026Q2T06,VIC1-NSW1,VIC1,2,24733.90
D,RESIDUE_PRICE_OFFER,,1,A202409,C2026Q2T06,VIC1-NSW1,VIC1,2,25466.90
D,RESIDUE_PRICE_OFFER,,1,A202409,C2026Q2T06,VIC1-NSW1,VIC1,2,26199.90
D,RESIDUE_PRICE_OFFER,,1,A202409,C2026Q2T06,VIC1-NSW1,VIC1,2,26932.90
D,RESIDUE_PRICE_OFFER,,1,A202409,C2026Q2T06,VIC1-NSW1,VIC1,2,27665.90
D,RESIDUE_PRICE_OFFER,,1,A202409,C2026Q2T06,VIC1-NSW1,VIC1,2,28398.90
D,RESIDUE_PRICE_OFFER,,1,A202409,C2026Q2T06,VIC1-NSW1,VIC1,2,29131.90
D,RESIDUE_PRICE_OFFER,,1,A202409,C2026Q2T06,VIC1-NSW1,VIC1,2,29864.90
D,RESIDUE_PRICE_OFFER,,1,A202409,C2026Q2T06,VIC1-NSW1,VIC1,2,30583
D,RESIDUE_PRICE_OFFER,,1,A202409,C2026Q2T06,VIC1-NSW1,VIC1,2,30597.90
D,RESIDUE_PRICE_OFFER,,1,A202409,C2026Q2T06,VIC1-NSW1,VIC1,2,31330.90
D,RESIDUE_PRICE_OFFER,,1,A202409,C2026Q2T06,VIC1-NSW1,VIC1,2,32063.90
D,RESIDUE_PRICE_OFFER,,1,A202409,C2026Q2T06,VIC1-NSW1,VIC1,2,32796.90
D,RESIDUE_PRICE_OFFER,,1,A202409,C2026Q2T06,VIC1-NSW1,VIC1,2,33529.90
D,RESIDUE_PRICE_OFFER,,1,A202409,C2026Q2T06,VIC1-NSW1,VIC1,2,34262.90
D,RESIDUE_PRICE_OFFER,,1,A202409,C2026Q2T06,VIC1-NSW1,VIC1,2,34995.90
D,RESIDUE_PRICE_OFFER,,1,A202409,C2026Q2T06,VIC1-NSW1,VIC1,10,44310
D,RESIDUE_PRICE_OFFER,,1,A202409,C2026Q2T06,VIC1-NSW1,VIC1,125,0
D,RESIDUE_PRICE_OFFER,,1,A202409,C2026Q3T05,NSW1-QLD1,NSW1,2,5000.24
D,RESIDUE_PRICE_OFFER,,1,A202409,C2026Q3T05,NSW1-QLD1,NSW1,45,0
D,RESIDUE_PRICE_OFFER,,1,A202409,C2026Q3T05,NSW1-QLD1,QLD1,3,33022
D,RESIDUE_PRICE_OFFER,,1,A202409,C2026Q3T05,NSW1-QLD1,QLD1,6,34342.879990
D,RESIDUE_PRICE_OFFER,,1,A202409,C2026Q3T05,NSW1-QLD1,QLD1,6,37090.3104
D,RESIDUE_PRICE_OFFER,,1,A202409,C2026Q3T05,NSW1-QLD1,QLD1,8,39686.632130
D,RESIDUE_PRICE_OFFER,,1,A202409,C2026Q3T05,NSW1-QLD1,QLD1,8,40678.797930
D,RESIDUE_PRICE_OFFER,,1,A202409,C2026Q3T05,NSW1-QLD1,QLD1,8,41899.161870
D,RESIDUE_PRICE_OFFER,,1,A202409,C2026Q3T05,NSW1-QLD1,QLD1,10,58960
D,RESIDUE_PRICE_OFFER,,1,A202409,C2026Q3T05,NSW1-QLD1,QLD1,100,0
D,RESIDUE_PRICE_OFFER,,1,A202409,C2026Q3T05,V-SA,SA1,2,6566.20
D,RESIDUE_PRICE_OFFER,,1,A202409,C2026Q3T05,V-SA,SA1,2,6632.20
D,RESIDUE_PRICE_OFFER,,1,A202409,C2026Q3T05,V-SA,SA1,2,6698.20
D,RESIDUE_PRICE_OFFER,,1,A202409,C2026Q3T05,V-SA,SA1,2,6764.20
D,RESIDUE_PRICE_OFFER,,1,A202409,C2026Q3T05,V-SA,SA1,2,6830.20
D,RESIDUE_PRICE_OFFER,,1,A202409,C2026Q3T05,V-SA,SA1,2,6896.20
D,RESIDUE_PRICE_OFFER,,1,A202409,C2026Q3T05,V-SA,SA1,2,6962.20
D,RESIDUE_PRICE_OFFER,,1,A202409,C2026Q3T05,V-SA,SA1,2,7028.20
D,RESIDUE_PRICE_OFFER,,1,A202409,C2026Q3T05,V-SA,SA1,2,7094.20
D,RESIDUE_PRICE_OFFER,,1,A202409,C2026Q3T05,V-SA,SA1,2,7160.20
D,RESIDUE_PRICE_OFFER,,1,A202409,C2026Q3T05,V-SA,SA1,2,7226.20
D,RESIDUE_PRICE_OFFER,,1,A202409,C2026Q3T05,V-SA,SA1,2,7292.20
D,RESIDUE_PRICE_OFFER,,1,A202409,C2026Q3T05,V-SA,SA1,2,7358.20
D,RESIDUE_PRICE_OFFER,,1,A202409,C2026Q3T05,V-SA,SA1,2,7424.20
D,RESIDUE_PRICE_OFFER,,1,A202409,C2026Q3T05,V-SA,SA1,2,7490.20
D,RESIDUE_PRICE_OFFER,,1,A202409,C2026Q3T05,V-SA,SA1,64,0
D,RESIDUE_PRICE_OFFER,,1,A202409,C2026Q3T05,V-SA,VIC1,1,20080.91
D,RESIDUE_PRICE_OFFER,,1,A202409,C2026Q3T05,V-SA,VIC1,1,20160.91
D,RESIDUE_PRICE_OFFER,,1,A202409,C2026Q3T05,V-SA,VIC1,1,20240.91
D,RESIDUE_PRICE_OFFER,,1,A202409,C2026Q3T05,V-SA,VIC1,1,20320.91
D,RESIDUE_PRICE_OFFER,,1,A202409,C2026Q3T05,V-SA,VIC1,1,20400.91
D,RESIDUE_PRICE_OFFER,,1,A202409,C2026Q3T05,V-SA,VIC1,1,20480.91
D,RESIDUE_PRICE_OFFER,,1,A202409,C2026Q3T05,V-SA,VIC1,1,20560.91
D,RESIDUE_PRICE_OFFER,,1,A202409,C2026Q3T05,V-SA,VIC1,1,20640.91
D,RESIDUE_PRICE_OFFER,,1,A202409,C2026Q3T05,V-SA,VIC1,1,20720.91
D,RESIDUE_PRICE_OFFER,,1,A202409,C2026Q3T05,V-SA,VIC1,1,20800.91
D,RESIDUE_PRICE_OFFER,,1,A202409,C2026Q3T05,V-SA,VIC1,1,20880.91
D,RESIDUE_PRICE_OFFER,,1,A202409,C2026Q3T05,V-SA,VIC1,1,20960.91
D,RESIDUE_PRICE_OFFER,,1,A202409,C2026Q3T05,V-SA,VIC1,1,21040.91
D,RESIDUE_PRICE_OFFER,,1,A202409,C2026Q3T05,V-SA,VIC1,1,21120.91
D,RESIDUE_PRICE_OFFER,,1,A202409,C2026Q3T05,V-SA,VIC1,1,21200.91
D,RESIDUE_PRICE_OFFER,,1,A202409,C2026Q3T05,V-SA,VIC1,1,21280.91
D,RESIDUE_PRICE_OFFER,,1,A202409,C2026Q3T05,V-SA,VIC1,1,21360.91
D,RESIDUE_PRICE_OFFER,,1,A202409,C2026Q3T05,V-SA,VIC1,1,21440.91
D,RESIDUE_PRICE_OFFER,,1,A202409,C2026Q3T05,V-SA,VIC1,1,21520.91
D,RESIDUE_PRICE_OFFER,,1,A202409,C2026Q3T05,V-SA,VIC1,1,21600.91
D,RESIDUE_PRICE_OFFER,,1,A202409,C2026Q3T05,V-SA,VIC1,1,21680.91
D,RESIDUE_PRICE_OFFER,,1,A202409,C2026Q3T05,V-SA,VIC1,1,21760.91
D,RESIDUE_PRICE_OFFER,,1,A202409,C2026Q3T05,V-SA,VIC1,1,21840.91
D,RESIDUE_PRICE_OFFER,,1,A202409,C2026Q3T05,V-SA,VIC1,1,21920.91
D,RESIDUE_PRICE_OFFER,,1,A202409,C2026Q3T05,V-SA,VIC1,1,22000.91
D,RESIDUE_PRICE_OFFER,,1,A202409,C2026Q3T05,V-SA,VIC1,73,0
D,RESIDUE_PRICE_OFFER,,1,A202409,C2026Q3T05,VIC1-NSW1,NSW1,1,2500.39
D,RESIDUE_PRICE_OFFER,,1,A202409,C2026Q3T05,VIC1-NSW1,NSW1,108,0
D,RESIDUE_PRICE_OFFER,,1,A202409,C2026Q3T05,VIC1-NSW1,VIC1,1,19100.90
D,RESIDUE_PRICE_OFFER,,1,A202409,C2026Q3T05,VIC1-NSW1,VIC1,1,19200.90
D,RESIDUE_PRICE_OFFER,,1,A202409,C2026Q3T05,VIC1-NSW1,VIC1,1,19300.90
D,RESIDUE_PRICE_OFFER,,1,A202409,C2026Q3T05,VIC1-NSW1,VIC1,1,19400.90
D,RESIDUE_PRICE_OFFER,,1,A202409,C2026Q3T05,VIC1-NSW1,VIC1,1,19500.90
D,RESIDUE_PRICE_OFFER,,1,A202409,C2026Q3T05,VIC1-NSW1,VIC1,1,19600.90
D,RESIDUE_PRICE_OFFER,,1,A202409,C2026Q3T05,VIC1-NSW1,VIC1,1,19700.90
D,RESIDUE_PRICE_OFFER,,1,A202409,C2026Q3T05,VIC1-NSW1,VIC1,1,19800.90
D,RESIDUE_PRICE_OFFER,,1,A202409,C2026Q3T05,VIC1-NSW1,VIC1,1,19900.90
D,RESIDUE_PRICE_OFFER,,1,A202409,C2026Q3T05,VIC1-NSW1,VIC1,1,20000.90
D,RESIDUE_PRICE_OFFER,,1,A202409,C2026Q3T05,VIC1-NSW1,VIC1,1,20100.90
D,RESIDUE_PRICE_OFFER,,1,A202409,C2026Q3T05,VIC1-NSW1,VIC1,1,20200.90
D,RESIDUE_PRICE_OFFER,,1,A202409,C2026Q3T05,VIC1-NSW1,VIC1,1,20300.90
D,RESIDUE_PRICE_OFFER,,1,A202409,C2026Q3T05,VIC1-NSW1,VIC1,1,20400.90
D,RESIDUE_PRICE_OFFER,,1,A202409,C2026Q3T05,VIC1-NSW1,VIC1,1,20500.90
D,RESIDUE_PRICE_OFFER,,1,A202409,C2026Q3T05,VIC1-NSW1,VIC1,1,20600.90
D,RESIDUE_PRICE_OFFER,,1,A202409,C2026Q3T05,VIC1-NSW1,VIC1,1,20700.90
D,RESIDUE_PRICE_OFFER,,1,A202409,C2026Q3T05,VIC1-NSW1,VIC1,1,20800.90
D,RESIDUE_PRICE_OFFER,,1,A202409,C2026Q3T05,VIC1-NSW1,VIC1,1,20900.90
D,RESIDUE_PRICE_OFFER,,1,A202409,C2026Q3T05,VIC1-NSW1,VIC1,1,21000.90
D,RESIDUE_PRICE_OFFER,,1,A202409,C2026Q3T05,VIC1-NSW1,VIC1,2,24314.90
D,RESIDUE_PRICE_OFFER,,1,A202409,C2026Q3T05,VIC1-NSW1,VIC1,2,24628.90
D,RESIDUE_PRICE_OFFER,,1,A202409,C2026Q3T05,VIC1-NSW1,VIC1,2,24942.90
D,RESIDUE_PRICE_OFFER,,1,A202409,C2026Q3T05,VIC1-NSW1,VIC1,2,25256.90
D,RESIDUE_PRICE_OFFER,,1,A202409,C2026Q3T05,VIC1-NSW1,VIC1,2,25570.90
D,RESIDUE_PRICE_OFFER,,1,A202409,C2026Q3T05,VIC1-NSW1,VIC1,2,25884.90
D,RESIDUE_PRICE_OFFER,,1,A202409,C2026Q3T05,VIC1-NSW1,VIC1,2,26198.90
D,RESIDUE_PRICE_OFFER,,1,A202409,C2026Q3T05,VIC1-NSW1,VIC1,2,26512.90
D,RESIDUE_PRICE_OFFER,,1,A202409,C2026Q3T05,VIC1-NSW1,VIC1,2,26826.90
D,RESIDUE_PRICE_OFFER,,1,A202409,C2026Q3T05,VIC1-NSW1,VIC1,2,27140.90
D,RESIDUE_PRICE_OFFER,,1,A202409,C2026Q3T05,VIC1-NSW1,VIC1,2,27454.90
D,RESIDUE_PRICE_OFFER,,1,A202409,C2026Q3T05,VIC1-NSW1,VIC1,2,27768.90
D,RESIDUE_PRICE_OFFER,,1,A202409,C2026Q3T05,VIC1-NSW1,VIC1,2,28082.90
D,RESIDUE_PRICE_OFFER,,1,A202409,C2026Q3T05,VIC1-NSW1,VIC1,2,28396.90
D,RESIDUE_PRICE_OFFER,,1,A202409,C2026Q3T05,VIC1-NSW1,VIC1,2,28710.90
D,RESIDUE_PRICE_OFFER,,1,A202409,C2026Q3T05,VIC1-NSW1,VIC1,2,29024.90
D,RESIDUE_PRICE_OFFER,,1,A202409,C2026Q3T05,VIC1-NSW1,VIC1,2,29338.90
D,RESIDUE_PRICE_OFFER,,1,A202409,C2026Q3T05,VIC1-NSW1,VIC1,2,29652.90
D,RESIDUE_PRICE_OFFER,,1,A202409,C2026Q3T05,VIC1-NSW1,VIC1,2,29966.90
D,RESIDUE_PRICE_OFFER,,1,A202409,C2026Q3T05,VIC1-NSW1,VIC1,2,30280.90
D,RESIDUE_PRICE_OFFER,,1,A202409,C2026Q3T05,VIC1-NSW1,VIC1,2,30594.90
D,RESIDUE_PRICE_OFFER,,1,A202409,C2026Q3T05,VIC1-NSW1,VIC1,2,30908.90
D,RESIDUE_PRICE_OFFER,,1,A202409,C2026Q3T05,VIC1-NSW1,VIC1,2,31222.90
D,RESIDUE_PRICE_OFFER,,1,A202409,C2026Q3T05,VIC1-NSW1,VIC1,2,31536.90
D,RESIDUE_PRICE_OFFER,,1,A202409,C2026Q3T05,VIC1-NSW1,VIC1,2,31850.90
D,RESIDUE_PRICE_OFFER,,1,A202409,C2026Q3T05,VIC1-NSW1,VIC1,2,32164.90
D,RESIDUE_PRICE_OFFER,,1,A202409,C2026Q3T05,VIC1-NSW1,VIC1,2,32478.90
D,RESIDUE_PRICE_OFFER,,1,A202409,C2026Q3T05,VIC1-NSW1,VIC1,2,32792.90
D,RESIDUE_PRICE_OFFER,,1,A202409,C2026Q3T05,VIC1-NSW1,VIC1,2,33106.90
D,RESIDUE_PRICE_OFFER,,1,A202409,C2026Q3T05,VIC1-NSW1,VIC1,2,33420.90
D,RESIDUE_PRICE_OFFER,,1,A202409,C2026Q3T05,VIC1-NSW1,VIC1,2,33734.90
D,RESIDUE_PRICE_OFFER,,1,A202409,C2026Q3T05,VIC1-NSW1,VIC1,2,34048.90
D,RESIDUE_PRICE_OFFER,,1,A202409,C2026Q3T05,VIC1-NSW1,VIC1,2,34362.90
D,RESIDUE_PRICE_OFFER,,1,A202409,C2026Q3T05,VIC1-NSW1,VIC1,2,34676.90
D,RESIDUE_PRICE_OFFER,,1,A202409,C2026Q3T05,VIC1-NSW1,VIC1,2,34990.90
D,RESIDUE_PRICE_OFFER,,1,A202409,C2026Q3T05,VIC1-NSW1,VIC1,10,44100
D,RESIDUE_PRICE_OFFER,,1,A202409,C2026Q3T05,VIC1-NSW1,VIC1,125,0
D,RESIDUE_PRICE_OFFER,,1,A202409,C2026Q4T04,NSW1-QLD1,NSW1,45,0
D,RESIDUE_PRICE_OFFER,,1,A202409,C2026Q4T04,NSW1-QLD1,QLD1,1,23040.19
D,RESIDUE_PRICE_OFFER,,1,A202409,C2026Q4T04,NSW1-QLD1,QLD1,1,23080.19
D,RESIDUE_PRICE_OFFER,,1,A202409,C2026Q4T04,NSW1-QLD1,QLD1,1,23120.19
D,RESIDUE_PRICE_OFFER,,1,A202409,C2026Q4T04,NSW1-QLD1,QLD1,1,23160.19
D,RESIDUE_PRICE_OFFER,,1,A202409,C2026Q4T04,NSW1-QLD1,QLD1,1,23200.19
D,RESIDUE_PRICE_OFFER,,1,A202409,C2026Q4T04,NSW1-QLD1,QLD1,1,23240.19
D,RESIDUE_PRICE_OFFER,,1,A202409,C2026Q4T04,NSW1-QLD1,QLD1,1,23280.19
D,RESIDUE_PRICE_OFFER,,1,A202409,C2026Q4T04,NSW1-QLD1,QLD1,1,23320.19
D,RESIDUE_PRICE_OFFER,,1,A202409,C2026Q4T04,NSW1-QLD1,QLD1,1,23360.19
D,RESIDUE_PRICE_OFFER,,1,A202409,C2026Q4T04,NSW1-QLD1,QLD1,1,23400.19
D,RESIDUE_PRICE_OFFER,,1,A202409,C2026Q4T04,NSW1-QLD1,QLD1,1,23440.19
D,RESIDUE_PRICE_OFFER,,1,A202409,C2026Q4T04,NSW1-QLD1,QLD1,1,23480.19
D,RESIDUE_PRICE_OFFER,,1,A202409,C2026Q4T04,NSW1-QLD1,QLD1,1,23520.19
D,RESIDUE_PRICE_OFFER,,1,A202409,C2026Q4T04,NSW1-QLD1,QLD1,1,23560.19
D,RESIDUE_PRICE_OFFER,,1,A202409,C2026Q4T04,NSW1-QLD1,QLD1,1,23600.19
D,RESIDUE_PRICE_OFFER,,1,A202409,C2026Q4T04,NSW1-QLD1,QLD1,1,23640.19
D,RESIDUE_PRICE_OFFER,,1,A202409,C2026Q4T04,NSW1-QLD1,QLD1,1,23680.19
D,RESIDUE_PRICE_OFFER,,1,A202409,C2026Q4T04,NSW1-QLD1,QLD1,1,23720.19
D,RESIDUE_PRICE_OFFER,,1,A202409,C2026Q4T04,NSW1-QLD1,QLD1,1,23760.19
D,RESIDUE_PRICE_OFFER,,1,A202409,C2026Q4T04,NSW1-QLD1,QLD1,1,23800.19
D,RESIDUE_PRICE_OFFER,,1,A202409,C2026Q4T04,NSW1-QLD1,QLD1,1,23840.19
D,RESIDUE_PRICE_OFFER,,1,A202409,C2026Q4T04,NSW1-QLD1,QLD1,1,23880.19
D,RESIDUE_PRICE_OFFER,,1,A202409,C2026Q4T04,NSW1-QLD1,QLD1,1,23920.19
D,RESIDUE_PRICE_OFFER,,1,A202409,C2026Q4T04,NSW1-QLD1,QLD1,1,23960.19
D,RESIDUE_PRICE_OFFER,,1,A202409,C2026Q4T04,NSW1-QLD1,QLD1,1,24000.19
D,RESIDUE_PRICE_OFFER,,1,A202409,C2026Q4T04,NSW1-QLD1,QLD1,5,21940
D,RESIDUE_PRICE_OFFER,,1,A202409,C2026Q4T04,NSW1-QLD1,QLD1,5,22598.20
D,RESIDUE_PRICE_OFFER,,1,A202409,C2026Q4T04,NSW1-QLD1,QLD1,5,23276.1460
D,RESIDUE_PRICE_OFFER,,1,A202409,C2026Q4T04,NSW1-QLD1,QLD1,5,23974.430380
D,RESIDUE_PRICE_OFFER,,1,A202409,C2026Q4T04,NSW1-QLD1,QLD1,5,24693.663290
D,RESIDUE_PRICE_OFFER,,1,A202409,C2026Q4T04,NSW1-QLD1,QLD1,5,25434.473190
D,RESIDUE_PRICE_OFFER,,1,A202409,C2026Q4T04,NSW1-QLD1,QLD1,100,0
D,RESIDUE_PRICE_OFFER,,1,A202409,C2026Q4T04,V-SA,SA1,1,7508.20
D,RESIDUE_PRICE_OFFER,,1,A202409,C2026Q4T04,V-SA,SA1,1,10702.20
D,RESIDUE_PRICE_OFFER,,1,A202409,C2026Q4T04,V-SA,SA1,1,13896.20
D,RESIDUE_PRICE_OFFER,,1,A202409,C2026Q4T04,V-SA,SA1,1,17090.20
D,RESIDUE_PRICE_OFFER,,1,A202409,C2026Q4T04,V-SA,SA1,1,20284.20
D,RESIDUE_PRICE_OFFER,,1,A202409,C2026Q4T04,V-SA,SA1,1,23478.20
D,RESIDUE_PRICE_OFFER,,1,A202409,C2026Q4T04,V-SA,SA1,1,26672.20
D,RESIDUE_PRICE_OFFER,,1,A202409,C2026Q4T04,V-SA,SA1,1,29866.20
D,RESIDUE_PRICE_OFFER,,1,A202409,C2026Q4T04,V-SA,SA1,1,33060.199990
D,RESIDUE_PRICE_OFFER,,1,A202409,C2026Q4T04,V-SA,SA1,1,36254.199990
D,RESIDUE_PRICE_OFFER,,1,A202409,C2026Q4T04,V-SA,SA1,1,39448.199990
D,RESIDUE_PRICE_OFFER,,1,A202409,C2026Q4T04,V-SA,SA1,1,42642.199990
D,RESIDUE_PRICE_OFFER,,1,A202409,C2026Q4T04,V-SA,SA1,1,45836.20
D,RESIDUE_PRICE_OFFER,,1,A202409,C2026Q4T04,V-SA,SA1,1,49030.20
D,RESIDUE_PRICE_OFFER,,1,A202409,C2026Q4T04,V-SA,SA1,1,52224.20
D,RESIDUE_PRICE_OFFER,,1,A202409,C2026Q4T04,V-SA,SA1,1,55418.20
D,RESIDUE_PRICE_OFFER,,1,A202409,C2026Q4T04,V-SA,SA1,1,58612.20
D,RESIDUE_PRICE_OFFER,,1,A202409,C2026Q4T04,V-SA,SA1,1,61806.20
D,RESIDUE_PRICE_OFFER,,1,A202409,C2026Q4T04,V-SA,SA1,64,0
D,RESIDUE_PRICE_OFFER,,1,A202409,C2026Q4T04,V-SA,VIC1,1,15071.91
D,RESIDUE_PRICE_OFFER,,1,A202409,C2026Q4T04,V-SA,VIC1,1,15142.91
D,RESIDUE_PRICE_OFFER,,1,A202409,C2026Q4T04,V-SA,VIC1,1,15213.91
D,RESIDUE_PRICE_OFFER,,1,A202409,C2026Q4T04,V-SA,VIC1,1,15284.91
D,RESIDUE_PRICE_OFFER,,1,A202409,C2026Q4T04,V-SA,VIC1,1,15355.91
D,RESIDUE_PRICE_OFFER,,1,A202409,C2026Q4T04,V-SA,VIC1,1,15426.91
D,RESIDUE_PRICE_OFFER,,1,A202409,C2026Q4T04,V-SA,VIC1,1,15497.91
D,RESIDUE_PRICE_OFFER,,1,A202409,C2026Q4T04,V-SA,VIC1,1,15568.91
D,RESIDUE_PRICE_OFFER,,1,A202409,C2026Q4T04,V-SA,VIC1,1,15639.91
D,RESIDUE_PRICE_OFFER,,1,A202409,C2026Q4T04,V-SA,VIC1,1,15710.91
D,RESIDUE_PRICE_OFFER,,1,A202409,C2026Q4T04,V-SA,VIC1,1,15781.91
D,RESIDUE_PRICE_OFFER,,1,A202409,C2026Q4T04,V-SA,VIC1,1,15852.91
D,RESIDUE_PRICE_OFFER,,1,A202409,C2026Q4T04,V-SA,VIC1,1,15923.91
D,RESIDUE_PRICE_OFFER,,1,A202409,C2026Q4T04,V-SA,VIC1,1,15994.91
D,RESIDUE_PRICE_OFFER,,1,A202409,C2026Q4T04,V-SA,VIC1,73,0
D,RESIDUE_PRICE_OFFER,,1,A202409,C2026Q4T04,VIC1-NSW1,NSW1,108,0
D,RESIDUE_PRICE_OFFER,,1,A202409,C2026Q4T04,VIC1-NSW1,VIC1,2,16133.90
D,RESIDUE_PRICE_OFFER,,1,A202409,C2026Q4T04,VIC1-NSW1,VIC1,2,16266.90
D,RESIDUE_PRICE_OFFER,,1,A202409,C2026Q4T04,VIC1-NSW1,VIC1,2,16399.90
D,RESIDUE_PRICE_OFFER,,1,A202409,C2026Q4T04,VIC1-NSW1,VIC1,2,16532.90
D,RESIDUE_PRICE_OFFER,,1,A202409,C2026Q4T04,VIC1-NSW1,VIC1,2,16665.90
D,RESIDUE_PRICE_OFFER,,1,A202409,C2026Q4T04,VIC1-NSW1,VIC1,2,16798.90
D,RESIDUE_PRICE_OFFER,,1,A202409,C2026Q4T04,VIC1-NSW1,VIC1,2,16931.90
D,RESIDUE_PRICE_OFFER,,1,A202409,C2026Q4T04,VIC1-NSW1,VIC1,2,17064.90
D,RESIDUE_PRICE_OFFER,,1,A202409,C2026Q4T04,VIC1-NSW1,VIC1,2,17197.90
D,RESIDUE_PRICE_OFFER,,1,A202409,C2026Q4T04,VIC1-NSW1,VIC1,2,17330.90
D,RESIDUE_PRICE_OFFER,,1,A202409,C2026Q4T04,VIC1-NSW1,VIC1,2,17463.90
D,RESIDUE_PRICE_OFFER,,1,A202409,C2026Q4T04,VIC1-NSW1,VIC1,2,17596.90
D,RESIDUE_PRICE_OFFER,,1,A202409,C2026Q4T04,VIC1-NSW1,VIC1,2,17729.90
D,RESIDUE_PRICE_OFFER,,1,A202409,C2026Q4T04,VIC1-NSW1,VIC1,2,17862.90
D,RESIDUE_PRICE_OFFER,,1,A202409,C2026Q4T04,VIC1-NSW1,VIC1,2,17995.90
D,RESIDUE_PRICE_OFFER,,1,A202409,C2026Q4T04,VIC1-NSW1,VIC1,2,26933.90
D,RESIDUE_PRICE_OFFER,,1,A202409,C2026Q4T04,VIC1-NSW1,VIC1,2,27866.90
D,RESIDUE_PRICE_OFFER,,1,A202409,C2026Q4T04,VIC1-NSW1,VIC1,2,28799.90
D,RESIDUE_PRICE_OFFER,,1,A202409,C2026Q4T04,VIC1-NSW1,VIC1,2,29732.90
D,RESIDUE_PRICE_OFFER,,1,A202409,C2026Q4T04,VIC1-NSW1,VIC1,2,30665.90
D,RESIDUE_PRICE_OFFER,,1,A202409,C2026Q4T04,VIC1-NSW1,VIC1,2,31598.90
D,RESIDUE_PRICE_OFFER,,1,A202409,C2026Q4T04,VIC1-NSW1,VIC1,2,32531.90
D,RESIDUE_PRICE_OFFER,,1,A202409,C2026Q4T04,VIC1-NSW1,VIC1,2,33464.90
D,RESIDUE_PRICE_OFFER,,1,A202409,C2026Q4T04,VIC1-NSW1,VIC1,2,34397.90
D,RESIDUE_PRICE_OFFER,,1,A202409,C2026Q4T04,VIC1-NSW1,VIC1,2,35330.90
D,RESIDUE_PRICE_OFFER,,1,A202409,C2026Q4T04,VIC1-NSW1,VIC1,2,36263.90
D,RESIDUE_PRICE_OFFER,,1,A202409,C2026Q4T04,VIC1-NSW1,VIC1,2,37196.90
D,RESIDUE_PRICE_OFFER,,1,A202409,C2026Q4T04,VIC1-NSW1,VIC1,2,38129.90
D,RESIDUE_PRICE_OFFER,,1,A202409,C2026Q4T04,VIC1-NSW1,VIC1,2,39062.90
D,RESIDUE_PRICE_OFFER,,1,A202409,C2026Q4T04,VIC1-NSW1,VIC1,2,39995.90
D,RESIDUE_PRICE_OFFER,,1,A202409,C2026Q4T04,VIC1-NSW1,VIC1,125,0
D,RESIDUE_PRICE_OFFER,,1,A202409,C2027Q1T03,NSW1-QLD1,NSW1,45,0
D,RESIDUE_PRICE_OFFER,,1,A202409,C2027Q1T03,NSW1-QLD1,QLD1,1,23600.19
D,RESIDUE_PRICE_OFFER,,1,A202409,C2027Q1T03,NSW1-QLD1,QLD1,1,23700.19
D,RESIDUE_PRICE_OFFER,,1,A202409,C2027Q1T03,NSW1-QLD1,QLD1,1,23800.19
D,RESIDUE_PRICE_OFFER,,1,A202409,C2027Q1T03,NSW1-QLD1,QLD1,1,23900.19
D,RESIDUE_PRICE_OFFER,,1,A202409,C2027Q1T03,NSW1-QLD1,QLD1,1,24000.19
D,RESIDUE_PRICE_OFFER,,1,A202409,C2027Q1T03,NSW1-QLD1,QLD1,1,24100.19
D,RESIDUE_PRICE_OFFER,,1,A202409,C2027Q1T03,NSW1-QLD1,QLD1,1,24200.19
D,RESIDUE_PRICE_OFFER,,1,A202409,C2027Q1T03,NSW1-QLD1,QLD1,1,24300.19
D,RESIDUE_PRICE_OFFER,,1,A202409,C2027Q1T03,NSW1-QLD1,QLD1,1,24400.19
D,RESIDUE_PRICE_OFFER,,1,A202409,C2027Q1T03,NSW1-QLD1,QLD1,1,24500.19
D,RESIDUE_PRICE_OFFER,,1,A202409,C2027Q1T03,NSW1-QLD1,QLD1,1,24600.19
D,RESIDUE_PRICE_OFFER,,1,A202409,C2027Q1T03,NSW1-QLD1,QLD1,1,24700.19
D,RESIDUE_PRICE_OFFER,,1,A202409,C2027Q1T03,NSW1-QLD1,QLD1,1,24800.19
D,RESIDUE_PRICE_OFFER,,1,A202409,C2027Q1T03,NSW1-QLD1,QLD1,1,24900.19
D,RESIDUE_PRICE_OFFER,,1,A202409,C2027Q1T03,NSW1-QLD1,QLD1,1,25000.19
D,RESIDUE_PRICE_OFFER,,1,A202409,C2027Q1T03,NSW1-QLD1,QLD1,1,25100.19
D,RESIDUE_PRICE_OFFER,,1,A202409,C2027Q1T03,NSW1-QLD1,QLD1,1,25200.19
D,RESIDUE_PRICE_OFFER,,1,A202409,C2027Q1T03,NSW1-QLD1,QLD1,1,25300.19
D,RESIDUE_PRICE_OFFER,,1,A202409,C2027Q1T03,NSW1-QLD1,QLD1,1,25400.19
D,RESIDUE_PRICE_OFFER,,1,A202409,C2027Q1T03,NSW1-QLD1,QLD1,1,25500.19
D,RESIDUE_PRICE_OFFER,,1,A202409,C2027Q1T03,NSW1-QLD1,QLD1,3,24212
D,RESIDUE_PRICE_OFFER,,1,A202409,C2027Q1T03,NSW1-QLD1,QLD1,3,25180.48
D,RESIDUE_PRICE_OFFER,,1,A202409,C2027Q1T03,NSW1-QLD1,QLD1,3,26187.6992
D,RESIDUE_PRICE_OFFER,,1,A202409,C2027Q1T03,NSW1-QLD1,QLD1,3,27235.207170
D,RESIDUE_PRICE_OFFER,,1,A202409,C2027Q1T03,NSW1-QLD1,QLD1,3,28324.615450
D,RESIDUE_PRICE_OFFER,,1,A202409,C2027Q1T03,NSW1-QLD1,QLD1,3,29457.600070
D,RESIDUE_PRICE_OFFER,,1,A202409,C2027Q1T03,NSW1-QLD1,QLD1,100,0
D,RESIDUE_PRICE_OFFER,,1,A202409,C2027Q1T03,V-SA,SA1,1,5500.20
D,RESIDUE_PRICE_OFFER,,1,A202409,C2027Q1T03,V-SA,SA1,64,0
D,RESIDUE_PRICE_OFFER,,1,A202409,C2027Q1T03,V-SA,VIC1,2,20100.91
D,RESIDUE_PRICE_OFFER,,1,A202409,C2027Q1T03,V-SA,VIC1,2,20200.91
D,RESIDUE_PRICE_OFFER,,1,A202409,C2027Q1T03,V-SA,VIC1,2,20300.91
D,RESIDUE_PRICE_OFFER,,1,A202409,C2027Q1T03,V-SA,VIC1,2,20400.91
D,RESIDUE_PRICE_OFFER,,1,A202409,C2027Q1T03,V-SA,VIC1,2,20500.91
D,RESIDUE_PRICE_OFFER,,1,A202409,C2027Q1T03,V-SA,VIC1,2,20600.91
D,RESIDUE_PRICE_OFFER,,1,A202409,C2027Q1T03,V-SA,VIC1,2,20700.91
D,RESIDUE_PRICE_OFFER,,1,A202409,C2027Q1T03,V-SA,VIC1,2,20800.91
D,RESIDUE_PRICE_OFFER,,1,A202409,C2027Q1T03,V-SA,VIC1,2,20900.91
D,RESIDUE_PRICE_OFFER,,1,A202409,C2027Q1T03,V-SA,VIC1,2,21000.91
D,RESIDUE_PRICE_OFFER,,1,A202409,C2027Q1T03,V-SA,VIC1,73,0
D,RESIDUE_PRICE_OFFER,,1,A202409,C2027Q1T03,VIC1-NSW1,NSW1,1,5337.39
D,RESIDUE_PRICE_OFFER,,1,A202409,C2027Q1T03,VIC1-NSW1,NSW1,1,5424.39
D,RESIDUE_PRICE_OFFER,,1,A202409,C2027Q1T03,VIC1-NSW1,NSW1,1,5511.39
D,RESIDUE_PRICE_OFFER,,1,A202409,C2027Q1T03,VIC1-NSW1,NSW1,1,5598.39
D,RESIDUE_PRICE_OFFER,,1,A202409,C2027Q1T03,VIC1-NSW1,NSW1,1,5685.39
D,RESIDUE_PRICE_OFFER,,1,A202409,C2027Q1T03,VIC1-NSW1,NSW1,1,5772.39
D,RESIDUE_PRICE_OFFER,,1,A202409,C2027Q1T03,VIC1-NSW1,NSW1,1,5859.39
D,RESIDUE_PRICE_OFFER,,1,A202409,C2027Q1T03,VIC1-NSW1,NSW1,1,5946.39
D,RESIDUE_PRICE_OFFER,,1,A202409,C2027Q1T03,VIC1-NSW1,NSW1,1,6033.39
D,RESIDUE_PRICE_OFFER,,1,A202409,C2027Q1T03,VIC1-NSW1,NSW1,1,6120.39
D,RESIDUE_PRICE_OFFER,,1,A202409,C2027Q1T03,VIC1-NSW1,NSW1,1,6207.39
D,RESIDUE_PRICE_OFFER,,1,A202409,C2027Q1T03,VIC1-NSW1,NSW1,1,6294.39
D,RESIDUE_PRICE_OFFER,,1,A202409,C2027Q1T03,VIC1-NSW1,NSW1,1,6381.39
D,RESIDUE_PRICE_OFFER,,1,A202409,C2027Q1T03,VIC1-NSW1,NSW1,1,6468.39
D,RESIDUE_PRICE_OFFER,,1,A202409,C2027Q1T03,VIC1-NSW1,NSW1,1,6555.39
D,RESIDUE_PRICE_OFFER,,1,A202409,C2027Q1T03,VIC1-NSW1,NSW1,1,6642.39
D,RESIDUE_PRICE_OFFER,,1,A202409,C2027Q1T03,VIC1-NSW1,NSW1,1,6729.39
D,RESIDUE_PRICE_OFFER,,1,A202409,C2027Q1T03,VIC1-NSW1,NSW1,1,6816.39
D,RESIDUE_PRICE_OFFER,,1,A202409,C2027Q1T03,VIC1-NSW1,NSW1,1,6903.39
D,RESIDUE_PRICE_OFFER,,1,A202409,C2027Q1T03,VIC1-NSW1,NSW1,1,6990.39
D,RESIDUE_PRICE_OFFER,,1,A202409,C2027Q1T03,VIC1-NSW1,NSW1,108,0
D,RESIDUE_PRICE_OFFER,,1,A202409,C2027Q1T03,VIC1-NSW1,VIC1,1,18050.90
D,RESIDUE_PRICE_OFFER,,1,A202409,C2027Q1T03,VIC1-NSW1,VIC1,1,18100.90
D,RESIDUE_PRICE_OFFER,,1,A202409,C2027Q1T03,VIC1-NSW1,VIC1,1,18150.90
D,RESIDUE_PRICE_OFFER,,1,A202409,C2027Q1T03,VIC1-NSW1,VIC1,1,18200.90
D,RESIDUE_PRICE_OFFER,,1,A202409,C2027Q1T03,VIC1-NSW1,VIC1,1,18250.90
D,RESIDUE_PRICE_OFFER,,1,A202409,C2027Q1T03,VIC1-NSW1,VIC1,1,18300.90
D,RESIDUE_PRICE_OFFER,,1,A202409,C2027Q1T03,VIC1-NSW1,VIC1,1,18350.90
D,RESIDUE_PRICE_OFFER,,1,A202409,C2027Q1T03,VIC1-NSW1,VIC1,1,18400.90
D,RESIDUE_PRICE_OFFER,,1,A202409,C2027Q1T03,VIC1-NSW1,VIC1,1,18450.90
D,RESIDUE_PRICE_OFFER,,1,A202409,C2027Q1T03,VIC1-NSW1,VIC1,1,18500.90
D,RESIDUE_PRICE_OFFER,,1,A202409,C2027Q1T03,VIC1-NSW1,VIC1,1,18550.90
D,RESIDUE_PRICE_OFFER,,1,A202409,C2027Q1T03,VIC1-NSW1,VIC1,1,18600.90
D,RESIDUE_PRICE_OFFER,,1,A202409,C2027Q1T03,VIC1-NSW1,VIC1,1,18650.90
D,RESIDUE_PRICE_OFFER,,1,A202409,C2027Q1T03,VIC1-NSW1,VIC1,1,18700.90
D,RESIDUE_PRICE_OFFER,,1,A202409,C2027Q1T03,VIC1-NSW1,VIC1,1,18750.90
D,RESIDUE_PRICE_OFFER,,1,A202409,C2027Q1T03,VIC1-NSW1,VIC1,1,18800.90
D,RESIDUE_PRICE_OFFER,,1,A202409,C2027Q1T03,VIC1-NSW1,VIC1,1,18850.90
D,RESIDUE_PRICE_OFFER,,1,A202409,C2027Q1T03,VIC1-NSW1,VIC1,1,18900.90
D,RESIDUE_PRICE_OFFER,,1,A202409,C2027Q1T03,VIC1-NSW1,VIC1,1,18950.90
D,RESIDUE_PRICE_OFFER,,1,A202409,C2027Q1T03,VIC1-NSW1,VIC1,1,19000.90
D,RESIDUE_PRICE_OFFER,,1,A202409,C2027Q1T03,VIC1-NSW1,VIC1,1,20500.90
D,RESIDUE_PRICE_OFFER,,1,A202409,C2027Q1T03,VIC1-NSW1,VIC1,1,21000.90
D,RESIDUE_PRICE_OFFER,,1,A202409,C2027Q1T03,VIC1-NSW1,VIC1,1,21500.90
D,RESIDUE_PRICE_OFFER,,1,A202409,C2027Q1T03,VIC1-NSW1,VIC1,1,22000.90
D,RESIDUE_PRICE_OFFER,,1,A202409,C2027Q1T03,VIC1-NSW1,VIC1,1,22500.90
D,RESIDUE_PRICE_OFFER,,1,A202409,C2027Q1T03,VIC1-NSW1,VIC1,1,23000.90
D,RESIDUE_PRICE_OFFER,,1,A202409,C2027Q1T03,VIC1-NSW1,VIC1,1,23500.90
D,RESIDUE_PRICE_OFFER,,1,A202409,C2027Q1T03,VIC1-NSW1,VIC1,1,24000.90
D,RESIDUE_PRICE_OFFER,,1,A202409,C2027Q1T03,VIC1-NSW1,VIC1,1,24500.90
D,RESIDUE_PRICE_OFFER,,1,A202409,C2027Q1T03,VIC1-NSW1,VIC1,1,25000.90
D,RESIDUE_PRICE_OFFER,,1,A202409,C2027Q1T03,VIC1-NSW1,VIC1,1,25500.90
D,RESIDUE_PRICE_OFFER,,1,A202409,C2027Q1T03,VIC1-NSW1,VIC1,1,26000.90
D,RESIDUE_PRICE_OFFER,,1,A202409,C2027Q1T03,VIC1-NSW1,VIC1,1,26500.90
D,RESIDUE_PRICE_OFFER,,1,A202409,C2027Q1T03,VIC1-NSW1,VIC1,1,27000.90
D,RESIDUE_PRICE_OFFER,,1,A202409,C2027Q1T03,VIC1-NSW1,VIC1,1,27500.90
D,RESIDUE_PRICE_OFFER,,1,A202409,C2027Q1T03,VIC1-NSW1,VIC1,1,28000.90
D,RESIDUE_PRICE_OFFER,,1,A202409,C2027Q1T03,VIC1-NSW1,VIC1,1,28500.90
D,RESIDUE_PRICE_OFFER,,1,A202409,C2027Q1T03,VIC1-NSW1,VIC1,1,29000.90
D,RESIDUE_PRICE_OFFER,,1,A202409,C2027Q1T03,VIC1-NSW1,VIC1,1,29500.90
D,RESIDUE_PRICE_OFFER,,1,A202409,C2027Q1T03,VIC1-NSW1,VIC1,1,30000.90
D,RESIDUE_PRICE_OFFER,,1,A202409,C2027Q1T03,VIC1-NSW1,VIC1,125,0
D,RESIDUE_PRICE_OFFER,,1,A202409,C2027Q2T02,NSW1-QLD1,NSW1,7,4500.24
D,RESIDUE_PRICE_OFFER,,1,A202409,C2027Q2T02,NSW1-QLD1,NSW1,62,0
D,RESIDUE_PRICE_OFFER,,1,A202409,C2027Q2T02,NSW1-QLD1,QLD1,2,35943
D,RESIDUE_PRICE_OFFER,,1,A202409,C2027Q2T02,NSW1-QLD1,QLD1,2,36841.574990
D,RESIDUE_PRICE_OFFER,,1,A202409,C2027Q2T02,NSW1-QLD1,QLD1,2,37762.614380
D,RESIDUE_PRICE_OFFER,,1,A202409,C2027Q2T02,NSW1-QLD1,QLD1,2,38904
D,RESIDUE_PRICE_OFFER,,1,A202409,C2027Q2T02,NSW1-QLD1,QLD1,5,39876.60
D,RESIDUE_PRICE_OFFER,,1,A202409,C2027Q2T02,NSW1-QLD1,QLD1,5,40873.5150
D,RESIDUE_PRICE_OFFER,,1,A202409,C2027Q2T02,NSW1-QLD1,QLD1,108,0
D,RESIDUE_PRICE_OFFER,,1,A202409,C2027Q2T02,V-SA,SA1,64,0
D,RESIDUE_PRICE_OFFER,,1,A202409,C2027Q2T02,V-SA,VIC1,1,11142.91
D,RESIDUE_PRICE_OFFER,,1,A202409,C2027Q2T02,V-SA,VIC1,1,11284.91
D,RESIDUE_PRICE_OFFER,,1,A202409,C2027Q2T02,V-SA,VIC1,1,11426.91
D,RESIDUE_PRICE_OFFER,,1,A202409,C2027Q2T02,V-SA,VIC1,1,11568.91
D,RESIDUE_PRICE_OFFER,,1,A202409,C2027Q2T02,V-SA,VIC1,1,11710.91
D,RESIDUE_PRICE_OFFER,,1,A202409,C2027Q2T02,V-SA,VIC1,1,11852.91
D,RESIDUE_PRICE_OFFER,,1,A202409,C2027Q2T02,V-SA,VIC1,1,11994.91
D,RESIDUE_PRICE_OFFER,,1,A202409,C2027Q2T02,V-SA,VIC1,1,12136.91
D,RESIDUE_PRICE_OFFER,,1,A202409,C2027Q2T02,V-SA,VIC1,1,12278.91
D,RESIDUE_PRICE_OFFER,,1,A202409,C2027Q2T02,V-SA,VIC1,1,12420.91
D,RESIDUE_PRICE_OFFER,,1,A202409,C2027Q2T02,V-SA,VIC1,1,12562.91
D,RESIDUE_PRICE_OFFER,,1,A202409,C2027Q2T02,V-SA,VIC1,1,12704.91
D,RESIDUE_PRICE_OFFER,,1,A202409,C2027Q2T02,V-SA,VIC1,1,12846.91
D,RESIDUE_PRICE_OFFER,,1,A202409,C2027Q2T02,V-SA,VIC1,1,12988.91
D,RESIDUE_PRICE_OFFER,,1,A202409,C2027Q2T02,V-SA,VIC1,1,13130.91
D,RESIDUE_PRICE_OFFER,,1,A202409,C2027Q2T02,V-SA,VIC1,1,13272.91
D,RESIDUE_PRICE_OFFER,,1,A202409,C2027Q2T02,V-SA,VIC1,1,13414.91
D,RESIDUE_PRICE_OFFER,,1,A202409,C2027Q2T02,V-SA,VIC1,1,13556.91
D,RESIDUE_PRICE_OFFER,,1,A202409,C2027Q2T02,V-SA,VIC1,1,13698.91
D,RESIDUE_PRICE_OFFER,,1,A202409,C2027Q2T02,V-SA,VIC1,1,13840.91
D,RESIDUE_PRICE_OFFER,,1,A202409,C2027Q2T02,V-SA,VIC1,1,13982.91
D,RESIDUE_PRICE_OFFER,,1,A202409,C2027Q2T02,V-SA,VIC1,73,0
D,RESIDUE_PRICE_OFFER,,1,A202409,C2027Q2T02,VIC1-NSW1,NSW1,108,0
D,RESIDUE_PRICE_OFFER,,1,A202409,C2027Q2T02,VIC1-NSW1,VIC1,1,17040.90
D,RESIDUE_PRICE_OFFER,,1,A202409,C2027Q2T02,VIC1-NSW1,VIC1,1,17080.90
D,RESIDUE_PRICE_OFFER,,1,A202409,C2027Q2T02,VIC1-NSW1,VIC1,1,17120.90
D,RESIDUE_PRICE_OFFER,,1,A202409,C2027Q2T02,VIC1-NSW1,VIC1,1,17160.90
D,RESIDUE_PRICE_OFFER,,1,A202409,C2027Q2T02,VIC1-NSW1,VIC1,1,17200.90
D,RESIDUE_PRICE_OFFER,,1,A202409,C2027Q2T02,VIC1-NSW1,VIC1,1,17240.90
D,RESIDUE_PRICE_OFFER,,1,A202409,C2027Q2T02,VIC1-NSW1,VIC1,1,17280.90
D,RESIDUE_PRICE_OFFER,,1,A202409,C2027Q2T02,VIC1-NSW1,VIC1,1,17320.90
D,RESIDUE_PRICE_OFFER,,1,A202409,C2027Q2T02,VIC1-NSW1,VIC1,1,17360.90
D,RESIDUE_PRICE_OFFER,,1,A202409,C2027Q2T02,VIC1-NSW1,VIC1,1,17400.90
D,RESIDUE_PRICE_OFFER,,1,A202409,C2027Q2T02,VIC1-NSW1,VIC1,1,17440.90
D,RESIDUE_PRICE_OFFER,,1,A202409,C2027Q2T02,VIC1-NSW1,VIC1,1,17480.90
D,RESIDUE_PRICE_OFFER,,1,A202409,C2027Q2T02,VIC1-NSW1,VIC1,1,17520.90
D,RESIDUE_PRICE_OFFER,,1,A202409,C2027Q2T02,VIC1-NSW1,VIC1,1,17560.90
D,RESIDUE_PRICE_OFFER,,1,A202409,C2027Q2T02,VIC1-NSW1,VIC1,1,17600.90
D,RESIDUE_PRICE_OFFER,,1,A202409,C2027Q2T02,VIC1-NSW1,VIC1,1,17640.90
D,RESIDUE_PRICE_OFFER,,1,A202409,C2027Q2T02,VIC1-NSW1,VIC1,1,17680.90
D,RESIDUE_PRICE_OFFER,,1,A202409,C2027Q2T02,VIC1-NSW1,VIC1,1,17720.90
D,RESIDUE_PRICE_OFFER,,1,A202409,C2027Q2T02,VIC1-NSW1,VIC1,1,17760.90
D,RESIDUE_PRICE_OFFER,,1,A202409,C2027Q2T02,VIC1-NSW1,VIC1,1,17800.90
D,RESIDUE_PRICE_OFFER,,1,A202409,C2027Q2T02,VIC1-NSW1,VIC1,1,17840.90
D,RESIDUE_PRICE_OFFER,,1,A202409,C2027Q2T02,VIC1-NSW1,VIC1,1,17880.90
D,RESIDUE_PRICE_OFFER,,1,A202409,C2027Q2T02,VIC1-NSW1,VIC1,1,17920.90
D,RESIDUE_PRICE_OFFER,,1,A202409,C2027Q2T02,VIC1-NSW1,VIC1,1,17960.90
D,RESIDUE_PRICE_OFFER,,1,A202409,C2027Q2T02,VIC1-NSW1,VIC1,1,18000.90
D,RESIDUE_PRICE_OFFER,,1,A202409,C2027Q2T02,VIC1-NSW1,VIC1,125,0
D,RESIDUE_PRICE_OFFER,,1,A202409,C2027Q3T01,NSW1-QLD1,NSW1,62,0
D,RESIDUE_PRICE_OFFER,,1,A202409,C2027Q3T01,NSW1-QLD1,QLD1,108,0
D,RESIDUE_PRICE_OFFER,,1,A202409,C2027Q3T01,V-SA,SA1,64,0
D,RESIDUE_PRICE_OFFER,,1,A202409,C2027Q3T01,V-SA,VIC1,73,0
D,RESIDUE_PRICE_OFFER,,1,A202409,C2027Q3T01,VIC1-NSW1,NSW1,108,0
D,RESIDUE_PRICE_OFFER,,1,A202409,C2027Q3T01,VIC1-NSW1,VIC1,125,0
C,"END OF REPORT",1643
