C,NEMP.WORLD,SROFFER,AEMO,PUBLIC,2022/09/15,14:29:08,0000000370808092,,0000000370808092
I,RESIDUE_PRICE_OFFER,,1,:AUCTIONID,TRANCHEID,INTERCONNECTORID,FROMREGIONID,OFFERUNITS,OFFERPRICE
D,RESIDUE_PRICE_OFFER,,1,A202209,C2022Q4T12,NSW1-QLD1,NSW1,5,17837.50
D,RESIDUE_PRICE_OFFER,,1,A202209,C2022Q4T12,NSW1-QLD1,NSW1,5,20437.50
D,RESIDUE_PRICE_OFFER,,1,A202209,C2022Q4T12,NSW1-QLD1,NSW1,5,23437.50
D,RESIDUE_PRICE_OFFER,,1,A202209,C2022Q4T12,NSW1-QLD1,NSW1,5,26437.50
D,RESIDUE_PRICE_OFFER,,1,A202209,C2022Q4T12,NSW1-QLD1,NSW1,5,35000
D,RESIDUE_PRICE_OFFER,,1,A202209,C2022Q4T12,NSW1-QLD1,NSW1,5,39000
D,RESIDUE_PRICE_OFFER,,1,A202209,C2022Q4T12,NSW1-QLD1,NSW1,5,43000
D,RESIDUE_PRICE_OFFER,,1,A202209,C2022Q4T12,NSW1-QLD1,NSW1,5,47000
D,RESIDUE_PRICE_OFFER,,1,A202209,C2022Q4T12,NSW1-QLD1,NSW1,55,0
D,RESIDUE_PRICE_OFFER,,1,A202209,C2022Q4T12,NSW1-QLD1,QLD1,1,12550.71
D,RESIDUE_PRICE_OFFER,,1,A202209,C2022Q4T12,NSW1-QLD1,QLD1,1,12600.71
D,RESIDUE_PRICE_OFFER,,1,A202209,C2022Q4T12,NSW1-QLD1,QLD1,1,12650.71
D,RESIDUE_PRICE_OFFER,,1,A202209,C2022Q4T12,NSW1-QLD1,QLD1,1,12700.71
D,RESIDUE_PRICE_OFFER,,1,A202209,C2022Q4T12,NSW1-QLD1,QLD1,1,12750.71
D,RESIDUE_PRICE_OFFER,,1,A202209,C2022Q4T12,NSW1-QLD1,QLD1,1,12800.71
D,RESIDUE_PRICE_OFFER,,1,A202209,C2022Q4T12,NSW1-QLD1,QLD1,1,12850.71
D,RESIDUE_PRICE_OFFER,,1,A202209,C2022Q4T12,NSW1-QLD1,QLD1,1,12900.71
D,RESIDUE_PRICE_OFFER,,1,A202209,C2022Q4T12,NSW1-QLD1,QLD1,1,12950.71
D,RESIDUE_PRICE_OFFER,,1,A202209,C2022Q4T12,NSW1-QLD1,QLD1,1,13000.71
D,RESIDUE_PRICE_OFFER,,1,A202209,C2022Q4T12,NSW1-QLD1,QLD1,1,13050.71
D,RESIDUE_PRICE_OFFER,,1,A202209,C2022Q4T12,NSW1-QLD1,QLD1,1,13100.71
D,RESIDUE_PRICE_OFFER,,1,A202209,C2022Q4T12,NSW1-QLD1,QLD1,1,13150.71
D,RESIDUE_PRICE_OFFER,,1,A202209,C2022Q4T12,NSW1-QLD1,QLD1,1,13200.71
D,RESIDUE_PRICE_OFFER,,1,A202209,C2022Q4T12,NSW1-QLD1,QLD1,1,13250.71
D,RESIDUE_PRICE_OFFER,,1,A202209,C2022Q4T12,NSW1-QLD1,QLD1,1,13300.71
D,RESIDUE_PRICE_OFFER,,1,A202209,C2022Q4T12,NSW1-QLD1,QLD1,1,13350.71
D,RESIDUE_PRICE_OFFER,,1,A202209,C2022Q4T12,NSW1-QLD1,QLD1,1,13400.71
D,RESIDUE_PRICE_OFFER,,1,A202209,C2022Q4T12,NSW1-QLD1,QLD1,1,13450.71
D,RESIDUE_PRICE_OFFER,,1,A202209,C2022Q4T12,NSW1-QLD1,QLD1,1,13500.71
D,RESIDUE_PRICE_OFFER,,1,A202209,C2022Q4T12,NSW1-QLD1,QLD1,1,13550.71
D,RESIDUE_PRICE_OFFER,,1,A202209,C2022Q4T12,NSW1-QLD1,QLD1,1,13600.71
D,RESIDUE_PRICE_OFFER,,1,A202209,C2022Q4T12,NSW1-QLD1,QLD1,1,13650.71
D,RESIDUE_PRICE_OFFER,,1,A202209,C2022Q4T12,NSW1-QLD1,QLD1,1,13700.71
D,RESIDUE_PRICE_OFFER,,1,A202209,C2022Q4T12,NSW1-QLD1,QLD1,1,13750.71
D,RESIDUE_PRICE_OFFER,,1,A202209,C2022Q4T12,NSW1-QLD1,QLD1,1,13800.71
D,RESIDUE_PRICE_OFFER,,1,A202209,C2022Q4T12,NSW1-QLD1,QLD1,1,13850.71
D,RESIDUE_PRICE_OFFER,,1,A202209,C2022Q4T12,NSW1-QLD1,QLD1,1,13900.71
D,RESIDUE_PRICE_OFFER,,1,A202209,C2022Q4T12,NSW1-QLD1,QLD1,1,13950.71
D,RESIDUE_PRICE_OFFER,,1,A202209,C2022Q4T12,NSW1-QLD1,QLD1,1,14000.71
D,RESIDUE_PRICE_OFFER,,1,A202209,C2022Q4T12,NSW1-QLD1,QLD1,1,14050.71
D,RESIDUE_PRICE_OFFER,,1,A202209,C2022Q4T12,NSW1-QLD1,QLD1,1,14100.71
D,RESIDUE_PRICE_OFFER,,1,A202209,C2022Q4T12,NSW1-QLD1,QLD1,1,14150.71
D,RESIDUE_PRICE_OFFER,,1,A202209,C2022Q4T12,NSW1-QLD1,QLD1,1,14200.71
D,RESIDUE_PRICE_OFFER,,1,A202209,C2022Q4T12,NSW1-QLD1,QLD1,1,14250.71
D,RESIDUE_PRICE_OFFER,,1,A202209,C2022Q4T12,NSW1-QLD1,QLD1,1,14300.71
D,RESIDUE_PRICE_OFFER,,1,A202209,C2022Q4T12,NSW1-QLD1,QLD1,1,14350.71
D,RESIDUE_PRICE_OFFER,,1,A202209,C2022Q4T12,NSW1-QLD1,QLD1,1,14400.71
D,RESIDUE_PRICE_OFFER,,1,A202209,C2022Q4T12,NSW1-QLD1,QLD1,1,14450.71
D,RESIDUE_PRICE_OFFER,,1,A202209,C2022Q4T12,NSW1-QLD1,QLD1,1,14500.71
D,RESIDUE_PRICE_OFFER,,1,A202209,C2022Q4T12,NSW1-QLD1,QLD1,1,14550.71
D,RESIDUE_PRICE_OFFER,,1,A202209,C2022Q4T12,NSW1-QLD1,QLD1,1,14600.71
D,RESIDUE_PRICE_OFFER,,1,A202209,C2022Q4T12,NSW1-QLD1,QLD1,1,14650.71
D,RESIDUE_PRICE_OFFER,,1,A202209,C2022Q4T12,NSW1-QLD1,QLD1,1,14700.71
D,RESIDUE_PRICE_OFFER,,1,A202209,C2022Q4T12,NSW1-QLD1,QLD1,1,14750.71
D,RESIDUE_PRICE_OFFER,,1,A202209,C2022Q4T12,NSW1-QLD1,QLD1,1,14800.71
D,RESIDUE_PRICE_OFFER,,1,A202209,C2022Q4T12,NSW1-QLD1,QLD1,1,14850.71
D,RESIDUE_PRICE_OFFER,,1,A202209,C2022Q4T12,NSW1-QLD1,QLD1,1,14900.71
D,RESIDUE_PRICE_OFFER,,1,A202209,C2022Q4T12,NSW1-QLD1,QLD1,1,14950.71
D,RESIDUE_PRICE_OFFER,,1,A202209,C2022Q4T12,NSW1-QLD1,QLD1,1,15000.71
D,RESIDUE_PRICE_OFFER,,1,A202209,C2022Q4T12,NSW1-QLD1,QLD1,1,22160.71
D,RESIDUE_PRICE_OFFER,,1,A202209,C2022Q4T12,NSW1-QLD1,QLD1,1,22320.71
D,RESIDUE_PRICE_OFFER,,1,A202209,C2022Q4T12,NSW1-QLD1,QLD1,1,22480.71
D,RESIDUE_PRICE_OFFER,,1,A202209,C2022Q4T12,NSW1-QLD1,QLD1,1,22640.71
D,RESIDUE_PRICE_OFFER,,1,A202209,C2022Q4T12,NSW1-QLD1,QLD1,1,22800.71
D,RESIDUE_PRICE_OFFER,,1,A202209,C2022Q4T12,NSW1-QLD1,QLD1,1,22960.71
D,RESIDUE_PRICE_OFFER,,1,A202209,C2022Q4T12,NSW1-QLD1,QLD1,1,23120.71
D,RESIDUE_PRICE_OFFER,,1,A202209,C2022Q4T12,NSW1-QLD1,QLD1,1,23280.71
D,RESIDUE_PRICE_OFFER,,1,A202209,C2022Q4T12,NSW1-QLD1,QLD1,1,23440.71
D,RESIDUE_PRICE_OFFER,,1,A202209,C2022Q4T12,NSW1-QLD1,QLD1,1,23600.71
D,RESIDUE_PRICE_OFFER,,1,A202209,C2022Q4T12,NSW1-QLD1,QLD1,1,23760.71
D,RESIDUE_PRICE_OFFER,,1,A202209,C2022Q4T12,NSW1-QLD1,QLD1,1,23920.71
D,RESIDUE_PRICE_OFFER,,1,A202209,C2022Q4T12,NSW1-QLD1,QLD1,1,24080.71
D,RESIDUE_PRICE_OFFER,,1,A202209,C2022Q4T12,NSW1-QLD1,QLD1,1,24240.71
D,RESIDUE_PRICE_OFFER,,1,A202209,C2022Q4T12,NSW1-QLD1,QLD1,1,24400.71
D,RESIDUE_PRICE_OFFER,,1,A202209,C2022Q4T12,NSW1-QLD1,QLD1,1,24560.71
D,RESIDUE_PRICE_OFFER,,1,A202209,C2022Q4T12,NSW1-QLD1,QLD1,1,24720.71
D,RESIDUE_PRICE_OFFER,,1,A202209,C2022Q4T12,NSW1-QLD1,QLD1,1,24880.71
D,RESIDUE_PRICE_OFFER,,1,A202209,C2022Q4T12,NSW1-QLD1,QLD1,1,25040.71
D,RESIDUE_PRICE_OFFER,,1,A202209,C2022Q4T12,NSW1-QLD1,QLD1,1,25200.71
D,RESIDUE_PRICE_OFFER,,1,A202209,C2022Q4T12,NSW1-QLD1,QLD1,1,25360.71
D,RESIDUE_PRICE_OFFER,,1,A202209,C2022Q4T12,NSW1-QLD1,QLD1,1,25520.71
D,RESIDUE_PRICE_OFFER,,1,A202209,C2022Q4T12,NSW1-QLD1,QLD1,1,25680.71
D,RESIDUE_PRICE_OFFER,,1,A202209,C2022Q4T12,NSW1-QLD1,QLD1,1,25840.71
D,RESIDUE_PRICE_OFFER,,1,A202209,C2022Q4T12,NSW1-QLD1,QLD1,1,26000.71
D,RESIDUE_PRICE_OFFER,,1,A202209,C2022Q4T12,NSW1-QLD1,QLD1,1,26160.71
D,RESIDUE_PRICE_OFFER,,1,A202209,C2022Q4T12,NSW1-QLD1,QLD1,1,26320.71
D,RESIDUE_PRICE_OFFER,,1,A202209,C2022Q4T12,NSW1-QLD1,QLD1,1,26480.71
D,RESIDUE_PRICE_OFFER,,1,A202209,C2022Q4T12,NSW1-QLD1,QLD1,1,26640.71
D,RESIDUE_PRICE_OFFER,,1,A202209,C2022Q4T12,NSW1-QLD1,QLD1,1,26800.71
D,RESIDUE_PRICE_OFFER,,1,A202209,C2022Q4T12,NSW1-QLD1,QLD1,1,26960.71
D,RESIDUE_PRICE_OFFER,,1,A202209,C2022Q4T12,NSW1-QLD1,QLD1,1,27120.71
D,RESIDUE_PRICE_OFFER,,1,A202209,C2022Q4T12,NSW1-QLD1,QLD1,1,27280.71
D,RESIDUE_PRICE_OFFER,,1,A202209,C2022Q4T12,NSW1-QLD1,QLD1,1,27440.71
D,RESIDUE_PRICE_OFFER,,1,A202209,C2022Q4T12,NSW1-QLD1,QLD1,1,27600.71
D,RESIDUE_PRICE_OFFER,,1,A202209,C2022Q4T12,NSW1-QLD1,QLD1,1,27760.71
D,RESIDUE_PRICE_OFFER,,1,A202209,C2022Q4T12,NSW1-QLD1,QLD1,1,27920.71
D,RESIDUE_PRICE_OFFER,,1,A202209,C2022Q4T12,NSW1-QLD1,QLD1,1,28080.71
D,RESIDUE_PRICE_OFFER,,1,A202209,C2022Q4T12,NSW1-QLD1,QLD1,1,28240.71
D,RESIDUE_PRICE_OFFER,,1,A202209,C2022Q4T12,NSW1-QLD1,QLD1,1,28400.71
D,RESIDUE_PRICE_OFFER,,1,A202209,C2022Q4T12,NSW1-QLD1,QLD1,1,28560.71
D,RESIDUE_PRICE_OFFER,,1,A202209,C2022Q4T12,NSW1-QLD1,QLD1,1,28720.71
D,RESIDUE_PRICE_OFFER,,1,A202209,C2022Q4T12,NSW1-QLD1,QLD1,1,28880.71
D,RESIDUE_PRICE_OFFER,,1,A202209,C2022Q4T12,NSW1-QLD1,QLD1,1,29040.71
D,RESIDUE_PRICE_OFFER,,1,A202209,C2022Q4T12,NSW1-QLD1,QLD1,1,29200.71
D,RESIDUE_PRICE_OFFER,,1,A202209,C2022Q4T12,NSW1-QLD1,QLD1,1,29360.71
D,RESIDUE_PRICE_OFFER,,1,A202209,C2022Q4T12,NSW1-QLD1,QLD1,1,29520.71
D,RESIDUE_PRICE_OFFER,,1,A202209,C2022Q4T12,NSW1-QLD1,QLD1,1,29680.71
D,RESIDUE_PRICE_OFFER,,1,A202209,C2022Q4T12,NSW1-QLD1,QLD1,1,29840.71
D,RESIDUE_PRICE_OFFER,,1,A202209,C2022Q4T12,NSW1-QLD1,QLD1,1,30000.71
D,RESIDUE_PRICE_OFFER,,1,A202209,C2022Q4T12,NSW1-QLD1,QLD1,10,12209.106650
D,RESIDUE_PRICE_OFFER,,1,A202209,C2022Q4T12,NSW1-QLD1,QLD1,10,13209.106650
D,RESIDUE_PRICE_OFFER,,1,A202209,C2022Q4T12,NSW1-QLD1,QLD1,10,14209.106650
D,RESIDUE_PRICE_OFFER,,1,A202209,C2022Q4T12,NSW1-QLD1,QLD1,10,15209.106650
D,RESIDUE_PRICE_OFFER,,1,A202209,C2022Q4T12,NSW1-QLD1,QLD1,10,20000
D,RESIDUE_PRICE_OFFER,,1,A202209,C2022Q4T12,NSW1-QLD1,QLD1,25,30000
D,RESIDUE_PRICE_OFFER,,1,A202209,C2022Q4T12,NSW1-QLD1,QLD1,60,16000
D,RESIDUE_PRICE_OFFER,,1,A202209,C2022Q4T12,NSW1-QLD1,QLD1,100,0
D,RESIDUE_PRICE_OFFER,,1,A202209,C2022Q4T12,V-SA,SA1,1,10000
D,RESIDUE_PRICE_OFFER,,1,A202209,C2022Q4T12,V-SA,SA1,1,10000.76
D,RESIDUE_PRICE_OFFER,,1,A202209,C2022Q4T12,V-SA,SA1,2,10857.14
D,RESIDUE_PRICE_OFFER,,1,A202209,C2022Q4T12,V-SA,SA1,2,11714.29
D,RESIDUE_PRICE_OFFER,,1,A202209,C2022Q4T12,V-SA,SA1,2,12571.43
D,RESIDUE_PRICE_OFFER,,1,A202209,C2022Q4T12,V-SA,SA1,2,13428.57
D,RESIDUE_PRICE_OFFER,,1,A202209,C2022Q4T12,V-SA,SA1,2,14285.71
D,RESIDUE_PRICE_OFFER,,1,A202209,C2022Q4T12,V-SA,SA1,2,15142.86
D,RESIDUE_PRICE_OFFER,,1,A202209,C2022Q4T12,V-SA,SA1,2,16000
D,RESIDUE_PRICE_OFFER,,1,A202209,C2022Q4T12,V-SA,SA1,4,14000
D,RESIDUE_PRICE_OFFER,,1,A202209,C2022Q4T12,V-SA,SA1,5,13525.811430
D,RESIDUE_PRICE_OFFER,,1,A202209,C2022Q4T12,V-SA,SA1,5,15554.683150
D,RESIDUE_PRICE_OFFER,,1,A202209,C2022Q4T12,V-SA,SA1,5,17887.885620
D,RESIDUE_PRICE_OFFER,,1,A202209,C2022Q4T12,V-SA,SA1,5,20571.068450
D,RESIDUE_PRICE_OFFER,,1,A202209,C2022Q4T12,V-SA,SA1,66,0
D,RESIDUE_PRICE_OFFER,,1,A202209,C2022Q4T12,V-SA,VIC1,1,41000.85
D,RESIDUE_PRICE_OFFER,,1,A202209,C2022Q4T12,V-SA,VIC1,1,42000.85
D,RESIDUE_PRICE_OFFER,,1,A202209,C2022Q4T12,V-SA,VIC1,1,43000.85
D,RESIDUE_PRICE_OFFER,,1,A202209,C2022Q4T12,V-SA,VIC1,1,44000.85
D,RESIDUE_PRICE_OFFER,,1,A202209,C2022Q4T12,V-SA,VIC1,1,45000.85
D,RESIDUE_PRICE_OFFER,,1,A202209,C2022Q4T12,V-SA,VIC1,1,46000.85
D,RESIDUE_PRICE_OFFER,,1,A202209,C2022Q4T12,V-SA,VIC1,1,47000.85
D,RESIDUE_PRICE_OFFER,,1,A202209,C2022Q4T12,V-SA,VIC1,1,48000.85
D,RESIDUE_PRICE_OFFER,,1,A202209,C2022Q4T12,V-SA,VIC1,1,49000.85
D,RESIDUE_PRICE_OFFER,,1,A202209,C2022Q4T12,V-SA,VIC1,1,50000.85
D,RESIDUE_PRICE_OFFER,,1,A202209,C2022Q4T12,V-SA,VIC1,1,51000.85
D,RESIDUE_PRICE_OFFER,,1,A202209,C2022Q4T12,V-SA,VIC1,1,52000.85
D,RESIDUE_PRICE_OFFER,,1,A202209,C2022Q4T12,V-SA,VIC1,1,53000.85
D,RESIDUE_PRICE_OFFER,,1,A202209,C2022Q4T12,V-SA,VIC1,1,54000.85
D,RESIDUE_PRICE_OFFER,,1,A202209,C2022Q4T12,V-SA,VIC1,1,55000.85
D,RESIDUE_PRICE_OFFER,,1,A202209,C2022Q4T12,V-SA,VIC1,1,56000.85
D,RESIDUE_PRICE_OFFER,,1,A202209,C2022Q4T12,V-SA,VIC1,1,57000.85
D,RESIDUE_PRICE_OFFER,,1,A202209,C2022Q4T12,V-SA,VIC1,1,58000.85
D,RESIDUE_PRICE_OFFER,,1,A202209,C2022Q4T12,V-SA,VIC1,1,59000.85
D,RESIDUE_PRICE_OFFER,,1,A202209,C2022Q4T12,V-SA,VIC1,1,60000.85
D,RESIDUE_PRICE_OFFER,,1,A202209,C2022Q4T12,V-SA,VIC1,5,52711.3776
D,RESIDUE_PRICE_OFFER,,1,A202209,C2022Q4T12,V-SA,VIC1,5,63253.653120
D,RESIDUE_PRICE_OFFER,,1,A202209,C2022Q4T12,V-SA,VIC1,5,75904.383740
D,RESIDUE_PRICE_OFFER,,1,A202209,C2022Q4T12,V-SA,VIC1,5,91085.260490
D,RESIDUE_PRICE_OFFER,,1,A202209,C2022Q4T12,V-SA,VIC1,77,0
D,RESIDUE_PRICE_OFFER,,1,A202209,C2022Q4T12,VIC1-NSW1,NSW1,1,1540.07
D,RESIDUE_PRICE_OFFER,,1,A202209,C2022Q4T12,VIC1-NSW1,NSW1,1,1580.07
D,RESIDUE_PRICE_OFFER,,1,A202209,C2022Q4T12,VIC1-NSW1,NSW1,1,1620.07
D,RESIDUE_PRICE_OFFER,,1,A202209,C2022Q4T12,VIC1-NSW1,NSW1,1,1660.07
D,RESIDUE_PRICE_OFFER,,1,A202209,C2022Q4T12,VIC1-NSW1,NSW1,1,1700.07
D,RESIDUE_PRICE_OFFER,,1,A202209,C2022Q4T12,VIC1-NSW1,NSW1,1,1740.07
D,RESIDUE_PRICE_OFFER,,1,A202209,C2022Q4T12,VIC1-NSW1,NSW1,1,1780.07
D,RESIDUE_PRICE_OFFER,,1,A202209,C2022Q4T12,VIC1-NSW1,NSW1,1,1820.07
D,RESIDUE_PRICE_OFFER,,1,A202209,C2022Q4T12,VIC1-NSW1,NSW1,1,1860.07
D,RESIDUE_PRICE_OFFER,,1,A202209,C2022Q4T12,VIC1-NSW1,NSW1,1,1900.07
D,RESIDUE_PRICE_OFFER,,1,A202209,C2022Q4T12,VIC1-NSW1,NSW1,1,1940.07
D,RESIDUE_PRICE_OFFER,,1,A202209,C2022Q4T12,VIC1-NSW1,NSW1,1,1980.07
D,RESIDUE_PRICE_OFFER,,1,A202209,C2022Q4T12,VIC1-NSW1,NSW1,1,2020.07
D,RESIDUE_PRICE_OFFER,,1,A202209,C2022Q4T12,VIC1-NSW1,NSW1,1,2060.07
D,RESIDUE_PRICE_OFFER,,1,A202209,C2022Q4T12,VIC1-NSW1,NSW1,1,2100.07
D,RESIDUE_PRICE_OFFER,,1,A202209,C2022Q4T12,VIC1-NSW1,NSW1,1,2140.07
D,RESIDUE_PRICE_OFFER,,1,A202209,C2022Q4T12,VIC1-NSW1,NSW1,1,2180.07
D,RESIDUE_PRICE_OFFER,,1,A202209,C2022Q4T12,VIC1-NSW1,NSW1,1,2220.07
D,RESIDUE_PRICE_OFFER,,1,A202209,C2022Q4T12,VIC1-NSW1,NSW1,1,2260.07
D,RESIDUE_PRICE_OFFER,,1,A202209,C2022Q4T12,VIC1-NSW1,NSW1,1,2300.07
D,RESIDUE_PRICE_OFFER,,1,A202209,C2022Q4T12,VIC1-NSW1,NSW1,1,2340.07
D,RESIDUE_PRICE_OFFER,,1,A202209,C2022Q4T12,VIC1-NSW1,NSW1,1,2380.07
D,RESIDUE_PRICE_OFFER,,1,A202209,C2022Q4T12,VIC1-NSW1,NSW1,1,2420.07
D,RESIDUE_PRICE_OFFER,,1,A202209,C2022Q4T12,VIC1-NSW1,NSW1,1,2460.07
D,RESIDUE_PRICE_OFFER,,1,A202209,C2022Q4T12,VIC1-NSW1,NSW1,1,2500.07
D,RESIDUE_PRICE_OFFER,,1,A202209,C2022Q4T12,VIC1-NSW1,NSW1,1,2540.07
D,RESIDUE_PRICE_OFFER,,1,A202209,C2022Q4T12,VIC1-NSW1,NSW1,1,2580.07
D,RESIDUE_PRICE_OFFER,,1,A202209,C2022Q4T12,VIC1-NSW1,NSW1,1,2620.07
D,RESIDUE_PRICE_OFFER,,1,A202209,C2022Q4T12,VIC1-NSW1,NSW1,1,2660.07
D,RESIDUE_PRICE_OFFER,,1,A202209,C2022Q4T12,VIC1-NSW1,NSW1,1,2700.07
D,RESIDUE_PRICE_OFFER,,1,A202209,C2022Q4T12,VIC1-NSW1,NSW1,1,2740.07
D,RESIDUE_PRICE_OFFER,,1,A202209,C2022Q4T12,VIC1-NSW1,NSW1,1,2780.07
D,RESIDUE_PRICE_OFFER,,1,A202209,C2022Q4T12,VIC1-NSW1,NSW1,1,2820.07
D,RESIDUE_PRICE_OFFER,,1,A202209,C2022Q4T12,VIC1-NSW1,NSW1,1,2860.07
D,RESIDUE_PRICE_OFFER,,1,A202209,C2022Q4T12,VIC1-NSW1,NSW1,1,2900.07
D,RESIDUE_PRICE_OFFER,,1,A202209,C2022Q4T12,VIC1-NSW1,NSW1,1,2940.07
D,RESIDUE_PRICE_OFFER,,1,A202209,C2022Q4T12,VIC1-NSW1,NSW1,1,2980.07
D,RESIDUE_PRICE_OFFER,,1,A202209,C2022Q4T12,VIC1-NSW1,NSW1,5,1816.563370
D,RESIDUE_PRICE_OFFER,,1,A202209,C2022Q4T12,VIC1-NSW1,NSW1,5,2543.188720
D,RESIDUE_PRICE_OFFER,,1,A202209,C2022Q4T12,VIC1-NSW1,NSW1,5,3560.464220
D,RESIDUE_PRICE_OFFER,,1,A202209,C2022Q4T12,VIC1-NSW1,NSW1,5,4984.649910
D,RESIDUE_PRICE_OFFER,,1,A202209,C2022Q4T12,VIC1-NSW1,NSW1,112,0
D,RESIDUE_PRICE_OFFER,,1,A202209,C2022Q4T12,VIC1-NSW1,VIC1,2,55666.25
D,RESIDUE_PRICE_OFFER,,1,A202209,C2022Q4T12,VIC1-NSW1,VIC1,2,56332.25
D,RESIDUE_PRICE_OFFER,,1,A202209,C2022Q4T12,VIC1-NSW1,VIC1,2,56998.25
D,RESIDUE_PRICE_OFFER,,1,A202209,C2022Q4T12,VIC1-NSW1,VIC1,2,57664.25
D,RESIDUE_PRICE_OFFER,,1,A202209,C2022Q4T12,VIC1-NSW1,VIC1,2,58330.25
D,RESIDUE_PRICE_OFFER,,1,A202209,C2022Q4T12,VIC1-NSW1,VIC1,2,58996.25
D,RESIDUE_PRICE_OFFER,,1,A202209,C2022Q4T12,VIC1-NSW1,VIC1,2,59662.25
D,RESIDUE_PRICE_OFFER,,1,A202209,C2022Q4T12,VIC1-NSW1,VIC1,2,60328.25
D,RESIDUE_PRICE_OFFER,,1,A202209,C2022Q4T12,VIC1-NSW1,VIC1,2,60994.25
D,RESIDUE_PRICE_OFFER,,1,A202209,C2022Q4T12,VIC1-NSW1,VIC1,2,61660.25
D,RESIDUE_PRICE_OFFER,,1,A202209,C2022Q4T12,VIC1-NSW1,VIC1,2,62326.25
D,RESIDUE_PRICE_OFFER,,1,A202209,C2022Q4T12,VIC1-NSW1,VIC1,2,62992.25
D,RESIDUE_PRICE_OFFER,,1,A202209,C2022Q4T12,VIC1-NSW1,VIC1,2,63658.25
D,RESIDUE_PRICE_OFFER,,1,A202209,C2022Q4T12,VIC1-NSW1,VIC1,2,64324.25
D,RESIDUE_PRICE_OFFER,,1,A202209,C2022Q4T12,VIC1-NSW1,VIC1,2,64990.25
D,RESIDUE_PRICE_OFFER,,1,A202209,C2022Q4T12,VIC1-NSW1,VIC1,5,38332
D,RESIDUE_PRICE_OFFER,,1,A202209,C2022Q4T12,VIC1-NSW1,VIC1,5,44300
D,RESIDUE_PRICE_OFFER,,1,A202209,C2022Q4T12,VIC1-NSW1,VIC1,10,42548.519990
D,RESIDUE_PRICE_OFFER,,1,A202209,C2022Q4T12,VIC1-NSW1,VIC1,15,47228.8572
D,RESIDUE_PRICE_OFFER,,1,A202209,C2022Q4T12,VIC1-NSW1,VIC1,15,52424.031490
D,RESIDUE_PRICE_OFFER,,1,A202209,C2022Q4T12,VIC1-NSW1,VIC1,18,110000
D,RESIDUE_PRICE_OFFER,,1,A202209,C2022Q4T12,VIC1-NSW1,VIC1,30,53100
D,RESIDUE_PRICE_OFFER,,1,A202209,C2022Q4T12,VIC1-NSW1,VIC1,125,0
D,RESIDUE_PRICE_OFFER,,1,A202209,C2023Q1T11,NSW1-QLD1,NSW1,5,24903.2375
D,RESIDUE_PRICE_OFFER,,1,A202209,C2023Q1T11,NSW1-QLD1,NSW1,5,28703.2375
D,RESIDUE_PRICE_OFFER,,1,A202209,C2023Q1T11,NSW1-QLD1,NSW1,5,32703.2375
D,RESIDUE_PRICE_OFFER,,1,A202209,C2023Q1T11,NSW1-QLD1,NSW1,5,36703.2375
D,RESIDUE_PRICE_OFFER,,1,A202209,C2023Q1T11,NSW1-QLD1,NSW1,45,0
D,RESIDUE_PRICE_OFFER,,1,A202209,C2023Q1T11,NSW1-QLD1,QLD1,1,16060.71
D,RESIDUE_PRICE_OFFER,,1,A202209,C2023Q1T11,NSW1-QLD1,QLD1,1,16120.71
D,RESIDUE_PRICE_OFFER,,1,A202209,C2023Q1T11,NSW1-QLD1,QLD1,1,16180.71
D,RESIDUE_PRICE_OFFER,,1,A202209,C2023Q1T11,NSW1-QLD1,QLD1,1,16240.71
D,RESIDUE_PRICE_OFFER,,1,A202209,C2023Q1T11,NSW1-QLD1,QLD1,1,16300.71
D,RESIDUE_PRICE_OFFER,,1,A202209,C2023Q1T11,NSW1-QLD1,QLD1,1,16360.71
D,RESIDUE_PRICE_OFFER,,1,A202209,C2023Q1T11,NSW1-QLD1,QLD1,1,16420.71
D,RESIDUE_PRICE_OFFER,,1,A202209,C2023Q1T11,NSW1-QLD1,QLD1,1,16480.71
D,RESIDUE_PRICE_OFFER,,1,A202209,C2023Q1T11,NSW1-QLD1,QLD1,1,16540.71
D,RESIDUE_PRICE_OFFER,,1,A202209,C2023Q1T11,NSW1-QLD1,QLD1,1,16600.71
D,RESIDUE_PRICE_OFFER,,1,A202209,C2023Q1T11,NSW1-QLD1,QLD1,1,16660.71
D,RESIDUE_PRICE_OFFER,,1,A202209,C2023Q1T11,NSW1-QLD1,QLD1,1,16720.71
D,RESIDUE_PRICE_OFFER,,1,A202209,C2023Q1T11,NSW1-QLD1,QLD1,1,16780.71
D,RESIDUE_PRICE_OFFER,,1,A202209,C2023Q1T11,NSW1-QLD1,QLD1,1,16840.71
D,RESIDUE_PRICE_OFFER,,1,A202209,C2023Q1T11,NSW1-QLD1,QLD1,1,16900.71
D,RESIDUE_PRICE_OFFER,,1,A202209,C2023Q1T11,NSW1-QLD1,QLD1,1,16960.71
D,RESIDUE_PRICE_OFFER,,1,A202209,C2023Q1T11,NSW1-QLD1,QLD1,1,17020.71
D,RESIDUE_PRICE_OFFER,,1,A202209,C2023Q1T11,NSW1-QLD1,QLD1,1,17080.71
D,RESIDUE_PRICE_OFFER,,1,A202209,C2023Q1T11,NSW1-QLD1,QLD1,1,17140.71
D,RESIDUE_PRICE_OFFER,,1,A202209,C2023Q1T11,NSW1-QLD1,QLD1,1,17200.71
D,RESIDUE_PRICE_OFFER,,1,A202209,C2023Q1T11,NSW1-QLD1,QLD1,1,17260.71
D,RESIDUE_PRICE_OFFER,,1,A202209,C2023Q1T11,NSW1-QLD1,QLD1,1,17320.71
D,RESIDUE_PRICE_OFFER,,1,A202209,C2023Q1T11,NSW1-QLD1,QLD1,1,17380.71
D,RESIDUE_PRICE_OFFER,,1,A202209,C2023Q1T11,NSW1-QLD1,QLD1,1,17440.71
D,RESIDUE_PRICE_OFFER,,1,A202209,C2023Q1T11,NSW1-QLD1,QLD1,1,17500.71
D,RESIDUE_PRICE_OFFER,,1,A202209,C2023Q1T11,NSW1-QLD1,QLD1,1,17656.71
D,RESIDUE_PRICE_OFFER,,1,A202209,C2023Q1T11,NSW1-QLD1,QLD1,1,17712.71
D,RESIDUE_PRICE_OFFER,,1,A202209,C2023Q1T11,NSW1-QLD1,QLD1,1,17768.71
D,RESIDUE_PRICE_OFFER,,1,A202209,C2023Q1T11,NSW1-QLD1,QLD1,1,17824.71
D,RESIDUE_PRICE_OFFER,,1,A202209,C2023Q1T11,NSW1-QLD1,QLD1,1,17880.71
D,RESIDUE_PRICE_OFFER,,1,A202209,C2023Q1T11,NSW1-QLD1,QLD1,1,17936.71
D,RESIDUE_PRICE_OFFER,,1,A202209,C2023Q1T11,NSW1-QLD1,QLD1,1,17992.71
D,RESIDUE_PRICE_OFFER,,1,A202209,C2023Q1T11,NSW1-QLD1,QLD1,1,18048.71
D,RESIDUE_PRICE_OFFER,,1,A202209,C2023Q1T11,NSW1-QLD1,QLD1,1,18104.71
D,RESIDUE_PRICE_OFFER,,1,A202209,C2023Q1T11,NSW1-QLD1,QLD1,1,18160.71
D,RESIDUE_PRICE_OFFER,,1,A202209,C2023Q1T11,NSW1-QLD1,QLD1,1,18216.71
D,RESIDUE_PRICE_OFFER,,1,A202209,C2023Q1T11,NSW1-QLD1,QLD1,1,18272.71
D,RESIDUE_PRICE_OFFER,,1,A202209,C2023Q1T11,NSW1-QLD1,QLD1,1,18328.71
D,RESIDUE_PRICE_OFFER,,1,A202209,C2023Q1T11,NSW1-QLD1,QLD1,1,18384.71
D,RESIDUE_PRICE_OFFER,,1,A202209,C2023Q1T11,NSW1-QLD1,QLD1,1,18440.71
D,RESIDUE_PRICE_OFFER,,1,A202209,C2023Q1T11,NSW1-QLD1,QLD1,1,18496.71
D,RESIDUE_PRICE_OFFER,,1,A202209,C2023Q1T11,NSW1-QLD1,QLD1,1,18552.71
D,RESIDUE_PRICE_OFFER,,1,A202209,C2023Q1T11,NSW1-QLD1,QLD1,1,18608.71
D,RESIDUE_PRICE_OFFER,,1,A202209,C2023Q1T11,NSW1-QLD1,QLD1,1,18664.71
D,RESIDUE_PRICE_OFFER,,1,A202209,C2023Q1T11,NSW1-QLD1,QLD1,1,18720.71
D,RESIDUE_PRICE_OFFER,,1,A202209,C2023Q1T11,NSW1-QLD1,QLD1,1,18776.71
D,RESIDUE_PRICE_OFFER,,1,A202209,C2023Q1T11,NSW1-QLD1,QLD1,1,18832.71
D,RESIDUE_PRICE_OFFER,,1,A202209,C2023Q1T11,NSW1-QLD1,QLD1,1,18888.71
D,RESIDUE_PRICE_OFFER,,1,A202209,C2023Q1T11,NSW1-QLD1,QLD1,1,18944.71
D,RESIDUE_PRICE_OFFER,,1,A202209,C2023Q1T11,NSW1-QLD1,QLD1,1,19000.71
D,RESIDUE_PRICE_OFFER,,1,A202209,C2023Q1T11,NSW1-QLD1,QLD1,10,19185.335810
D,RESIDUE_PRICE_OFFER,,1,A202209,C2023Q1T11,NSW1-QLD1,QLD1,10,22185.335810
D,RESIDUE_PRICE_OFFER,,1,A202209,C2023Q1T11,NSW1-QLD1,QLD1,10,25185.335810
D,RESIDUE_PRICE_OFFER,,1,A202209,C2023Q1T11,NSW1-QLD1,QLD1,10,28000
D,RESIDUE_PRICE_OFFER,,1,A202209,C2023Q1T11,NSW1-QLD1,QLD1,10,28185.335810
D,RESIDUE_PRICE_OFFER,,1,A202209,C2023Q1T11,NSW1-QLD1,QLD1,10,32000
D,RESIDUE_PRICE_OFFER,,1,A202209,C2023Q1T11,NSW1-QLD1,QLD1,25,35000
D,RESIDUE_PRICE_OFFER,,1,A202209,C2023Q1T11,NSW1-QLD1,QLD1,60,18900
D,RESIDUE_PRICE_OFFER,,1,A202209,C2023Q1T11,NSW1-QLD1,QLD1,100,0
D,RESIDUE_PRICE_OFFER,,1,A202209,C2023Q1T11,V-SA,SA1,5,15461.16
D,RESIDUE_PRICE_OFFER,,1,A202209,C2023Q1T11,V-SA,SA1,5,17780.3340
D,RESIDUE_PRICE_OFFER,,1,A202209,C2023Q1T11,V-SA,SA1,5,20000
D,RESIDUE_PRICE_OFFER,,1,A202209,C2023Q1T11,V-SA,SA1,5,20447.3841
D,RESIDUE_PRICE_OFFER,,1,A202209,C2023Q1T11,V-SA,SA1,5,23514.491720
D,RESIDUE_PRICE_OFFER,,1,A202209,C2023Q1T11,V-SA,SA1,5,25000
D,RESIDUE_PRICE_OFFER,,1,A202209,C2023Q1T11,V-SA,SA1,64,0
D,RESIDUE_PRICE_OFFER,,1,A202209,C2023Q1T11,V-SA,VIC1,1,50100.85
D,RESIDUE_PRICE_OFFER,,1,A202209,C2023Q1T11,V-SA,VIC1,1,50200.85
D,RESIDUE_PRICE_OFFER,,1,A202209,C2023Q1T11,V-SA,VIC1,1,50300.85
D,RESIDUE_PRICE_OFFER,,1,A202209,C2023Q1T11,V-SA,VIC1,1,50400.85
D,RESIDUE_PRICE_OFFER,,1,A202209,C2023Q1T11,V-SA,VIC1,1,50500.85
D,RESIDUE_PRICE_OFFER,,1,A202209,C2023Q1T11,V-SA,VIC1,1,50600.85
D,RESIDUE_PRICE_OFFER,,1,A202209,C2023Q1T11,V-SA,VIC1,1,50700.85
D,RESIDUE_PRICE_OFFER,,1,A202209,C2023Q1T11,V-SA,VIC1,1,50800.85
D,RESIDUE_PRICE_OFFER,,1,A202209,C2023Q1T11,V-SA,VIC1,1,50900.85
D,RESIDUE_PRICE_OFFER,,1,A202209,C2023Q1T11,V-SA,VIC1,1,51000.85
D,RESIDUE_PRICE_OFFER,,1,A202209,C2023Q1T11,V-SA,VIC1,5,82738.6896
D,RESIDUE_PRICE_OFFER,,1,A202209,C2023Q1T11,V-SA,VIC1,5,99286.427520
D,RESIDUE_PRICE_OFFER,,1,A202209,C2023Q1T11,V-SA,VIC1,5,119143.7130
D,RESIDUE_PRICE_OFFER,,1,A202209,C2023Q1T11,V-SA,VIC1,5,142972.455590
D,RESIDUE_PRICE_OFFER,,1,A202209,C2023Q1T11,V-SA,VIC1,73,0
D,RESIDUE_PRICE_OFFER,,1,A202209,C2023Q1T11,VIC1-NSW1,NSW1,1,5525.07
D,RESIDUE_PRICE_OFFER,,1,A202209,C2023Q1T11,VIC1-NSW1,NSW1,1,5550.07
D,RESIDUE_PRICE_OFFER,,1,A202209,C2023Q1T11,VIC1-NSW1,NSW1,1,5575.07
D,RESIDUE_PRICE_OFFER,,1,A202209,C2023Q1T11,VIC1-NSW1,NSW1,1,5600.07
D,RESIDUE_PRICE_OFFER,,1,A202209,C2023Q1T11,VIC1-NSW1,NSW1,1,5625.07
D,RESIDUE_PRICE_OFFER,,1,A202209,C2023Q1T11,VIC1-NSW1,NSW1,1,5650.07
D,RESIDUE_PRICE_OFFER,,1,A202209,C2023Q1T11,VIC1-NSW1,NSW1,1,5675.07
D,RESIDUE_PRICE_OFFER,,1,A202209,C2023Q1T11,VIC1-NSW1,NSW1,1,5700.07
D,RESIDUE_PRICE_OFFER,,1,A202209,C2023Q1T11,VIC1-NSW1,NSW1,1,5725.07
D,RESIDUE_PRICE_OFFER,,1,A202209,C2023Q1T11,VIC1-NSW1,NSW1,1,5750.07
D,RESIDUE_PRICE_OFFER,,1,A202209,C2023Q1T11,VIC1-NSW1,NSW1,5,4500
D,RESIDUE_PRICE_OFFER,,1,A202209,C2023Q1T11,VIC1-NSW1,NSW1,5,8850
D,RESIDUE_PRICE_OFFER,,1,A202209,C2023Q1T11,VIC1-NSW1,NSW1,5,10177.50
D,RESIDUE_PRICE_OFFER,,1,A202209,C2023Q1T11,VIC1-NSW1,NSW1,5,11704.1250
D,RESIDUE_PRICE_OFFER,,1,A202209,C2023Q1T11,VIC1-NSW1,NSW1,5,13459.743750
D,RESIDUE_PRICE_OFFER,,1,A202209,C2023Q1T11,VIC1-NSW1,NSW1,108,0
D,RESIDUE_PRICE_OFFER,,1,A202209,C2023Q1T11,VIC1-NSW1,VIC1,1,50150.25
D,RESIDUE_PRICE_OFFER,,1,A202209,C2023Q1T11,VIC1-NSW1,VIC1,1,50300.25
D,RESIDUE_PRICE_OFFER,,1,A202209,C2023Q1T11,VIC1-NSW1,VIC1,1,50450.25
D,RESIDUE_PRICE_OFFER,,1,A202209,C2023Q1T11,VIC1-NSW1,VIC1,1,50600.25
D,RESIDUE_PRICE_OFFER,,1,A202209,C2023Q1T11,VIC1-NSW1,VIC1,1,50750.25
D,RESIDUE_PRICE_OFFER,,1,A202209,C2023Q1T11,VIC1-NSW1,VIC1,1,50900.25
D,RESIDUE_PRICE_OFFER,,1,A202209,C2023Q1T11,VIC1-NSW1,VIC1,1,51050.25
D,RESIDUE_PRICE_OFFER,,1,A202209,C2023Q1T11,VIC1-NSW1,VIC1,1,51200.25
D,RESIDUE_PRICE_OFFER,,1,A202209,C2023Q1T11,VIC1-NSW1,VIC1,1,51350.25
D,RESIDUE_PRICE_OFFER,,1,A202209,C2023Q1T11,VIC1-NSW1,VIC1,1,51500.25
D,RESIDUE_PRICE_OFFER,,1,A202209,C2023Q1T11,VIC1-NSW1,VIC1,1,51650.25
D,RESIDUE_PRICE_OFFER,,1,A202209,C2023Q1T11,VIC1-NSW1,VIC1,1,51800.25
D,RESIDUE_PRICE_OFFER,,1,A202209,C2023Q1T11,VIC1-NSW1,VIC1,1,51950.25
D,RESIDUE_PRICE_OFFER,,1,A202209,C2023Q1T11,VIC1-NSW1,VIC1,1,52100.25
D,RESIDUE_PRICE_OFFER,,1,A202209,C2023Q1T11,VIC1-NSW1,VIC1,1,52250.25
D,RESIDUE_PRICE_OFFER,,1,A202209,C2023Q1T11,VIC1-NSW1,VIC1,1,52400.25
D,RESIDUE_PRICE_OFFER,,1,A202209,C2023Q1T11,VIC1-NSW1,VIC1,1,52550.25
D,RESIDUE_PRICE_OFFER,,1,A202209,C2023Q1T11,VIC1-NSW1,VIC1,1,52700.25
D,RESIDUE_PRICE_OFFER,,1,A202209,C2023Q1T11,VIC1-NSW1,VIC1,1,52850.25
D,RESIDUE_PRICE_OFFER,,1,A202209,C2023Q1T11,VIC1-NSW1,VIC1,1,53000.25
D,RESIDUE_PRICE_OFFER,,1,A202209,C2023Q1T11,VIC1-NSW1,VIC1,2,53633.25
D,RESIDUE_PRICE_OFFER,,1,A202209,C2023Q1T11,VIC1-NSW1,VIC1,2,54266.25
D,RESIDUE_PRICE_OFFER,,1,A202209,C2023Q1T11,VIC1-NSW1,VIC1,2,54899.25
D,RESIDUE_PRICE_OFFER,,1,A202209,C2023Q1T11,VIC1-NSW1,VIC1,2,55532.25
D,RESIDUE_PRICE_OFFER,,1,A202209,C2023Q1T11,VIC1-NSW1,VIC1,2,56165.25
D,RESIDUE_PRICE_OFFER,,1,A202209,C2023Q1T11,VIC1-NSW1,VIC1,2,56798.25
D,RESIDUE_PRICE_OFFER,,1,A202209,C2023Q1T11,VIC1-NSW1,VIC1,2,57431.25
D,RESIDUE_PRICE_OFFER,,1,A202209,C2023Q1T11,VIC1-NSW1,VIC1,2,58064.25
D,RESIDUE_PRICE_OFFER,,1,A202209,C2023Q1T11,VIC1-NSW1,VIC1,2,58697.25
D,RESIDUE_PRICE_OFFER,,1,A202209,C2023Q1T11,VIC1-NSW1,VIC1,2,59330.25
D,RESIDUE_PRICE_OFFER,,1,A202209,C2023Q1T11,VIC1-NSW1,VIC1,2,59963.25
D,RESIDUE_PRICE_OFFER,,1,A202209,C2023Q1T11,VIC1-NSW1,VIC1,2,60596.25
D,RESIDUE_PRICE_OFFER,,1,A202209,C2023Q1T11,VIC1-NSW1,VIC1,2,61229.25
D,RESIDUE_PRICE_OFFER,,1,A202209,C2023Q1T11,VIC1-NSW1,VIC1,2,61862.25
D,RESIDUE_PRICE_OFFER,,1,A202209,C2023Q1T11,VIC1-NSW1,VIC1,2,62495.25
D,RESIDUE_PRICE_OFFER,,1,A202209,C2023Q1T11,VIC1-NSW1,VIC1,5,42612
D,RESIDUE_PRICE_OFFER,,1,A202209,C2023Q1T11,VIC1-NSW1,VIC1,5,44800
D,RESIDUE_PRICE_OFFER,,1,A202209,C2023Q1T11,VIC1-NSW1,VIC1,5,49003.80
D,RESIDUE_PRICE_OFFER,,1,A202209,C2023Q1T11,VIC1-NSW1,VIC1,10,56354.37
D,RESIDUE_PRICE_OFFER,,1,A202209,C2023Q1T11,VIC1-NSW1,VIC1,10,64807.5255
D,RESIDUE_PRICE_OFFER,,1,A202209,C2023Q1T11,VIC1-NSW1,VIC1,30,53730
D,RESIDUE_PRICE_OFFER,,1,A202209,C2023Q1T11,VIC1-NSW1,VIC1,125,0
D,RESIDUE_PRICE_OFFER,,1,A202209,C2023Q2T10,NSW1-QLD1,NSW1,1,10025.67
D,RESIDUE_PRICE_OFFER,,1,A202209,C2023Q2T10,NSW1-QLD1,NSW1,1,10050.67
D,RESIDUE_PRICE_OFFER,,1,A202209,C2023Q2T10,NSW1-QLD1,NSW1,1,10075.67
D,RESIDUE_PRICE_OFFER,,1,A202209,C2023Q2T10,NSW1-QLD1,NSW1,1,10100.67
D,RESIDUE_PRICE_OFFER,,1,A202209,C2023Q2T10,NSW1-QLD1,NSW1,5,9124.862490
D,RESIDUE_PRICE_OFFER,,1,A202209,C2023Q2T10,NSW1-QLD1,NSW1,5,10124.862490
D,RESIDUE_PRICE_OFFER,,1,A202209,C2023Q2T10,NSW1-QLD1,NSW1,5,11124.8625
D,RESIDUE_PRICE_OFFER,,1,A202209,C2023Q2T10,NSW1-QLD1,NSW1,5,12124.8625
D,RESIDUE_PRICE_OFFER,,1,A202209,C2023Q2T10,NSW1-QLD1,NSW1,5,13000
D,RESIDUE_PRICE_OFFER,,1,A202209,C2023Q2T10,NSW1-QLD1,NSW1,5,16000
D,RESIDUE_PRICE_OFFER,,1,A202209,C2023Q2T10,NSW1-QLD1,NSW1,5,19000
D,RESIDUE_PRICE_OFFER,,1,A202209,C2023Q2T10,NSW1-QLD1,NSW1,5,22000
D,RESIDUE_PRICE_OFFER,,1,A202209,C2023Q2T10,NSW1-QLD1,NSW1,5,25000
D,RESIDUE_PRICE_OFFER,,1,A202209,C2023Q2T10,NSW1-QLD1,NSW1,45,0
D,RESIDUE_PRICE_OFFER,,1,A202209,C2023Q2T10,NSW1-QLD1,QLD1,1,37142.71
D,RESIDUE_PRICE_OFFER,,1,A202209,C2023Q2T10,NSW1-QLD1,QLD1,1,37284.71
D,RESIDUE_PRICE_OFFER,,1,A202209,C2023Q2T10,NSW1-QLD1,QLD1,1,37426.71
D,RESIDUE_PRICE_OFFER,,1,A202209,C2023Q2T10,NSW1-QLD1,QLD1,1,37568.71
D,RESIDUE_PRICE_OFFER,,1,A202209,C2023Q2T10,NSW1-QLD1,QLD1,1,37710.71
D,RESIDUE_PRICE_OFFER,,1,A202209,C2023Q2T10,NSW1-QLD1,QLD1,1,37852.71
D,RESIDUE_PRICE_OFFER,,1,A202209,C2023Q2T10,NSW1-QLD1,QLD1,1,37994.71
D,RESIDUE_PRICE_OFFER,,1,A202209,C2023Q2T10,NSW1-QLD1,QLD1,1,38136.71
D,RESIDUE_PRICE_OFFER,,1,A202209,C2023Q2T10,NSW1-QLD1,QLD1,1,38278.71
D,RESIDUE_PRICE_OFFER,,1,A202209,C2023Q2T10,NSW1-QLD1,QLD1,1,38420.71
D,RESIDUE_PRICE_OFFER,,1,A202209,C2023Q2T10,NSW1-QLD1,QLD1,1,38562.71
D,RESIDUE_PRICE_OFFER,,1,A202209,C2023Q2T10,NSW1-QLD1,QLD1,1,38704.71
D,RESIDUE_PRICE_OFFER,,1,A202209,C2023Q2T10,NSW1-QLD1,QLD1,1,38846.71
D,RESIDUE_PRICE_OFFER,,1,A202209,C2023Q2T10,NSW1-QLD1,QLD1,1,38988.71
D,RESIDUE_PRICE_OFFER,,1,A202209,C2023Q2T10,NSW1-QLD1,QLD1,1,39130.71
D,RESIDUE_PRICE_OFFER,,1,A202209,C2023Q2T10,NSW1-QLD1,QLD1,1,39272.71
D,RESIDUE_PRICE_OFFER,,1,A202209,C2023Q2T10,NSW1-QLD1,QLD1,1,39414.71
D,RESIDUE_PRICE_OFFER,,1,A202209,C2023Q2T10,NSW1-QLD1,QLD1,1,39556.71
D,RESIDUE_PRICE_OFFER,,1,A202209,C2023Q2T10,NSW1-QLD1,QLD1,1,39698.71
D,RESIDUE_PRICE_OFFER,,1,A202209,C2023Q2T10,NSW1-QLD1,QLD1,1,39840.71
D,RESIDUE_PRICE_OFFER,,1,A202209,C2023Q2T10,NSW1-QLD1,QLD1,1,39982.71
D,RESIDUE_PRICE_OFFER,,1,A202209,C2023Q2T10,NSW1-QLD1,QLD1,1,40124.71
D,RESIDUE_PRICE_OFFER,,1,A202209,C2023Q2T10,NSW1-QLD1,QLD1,1,40266.71
D,RESIDUE_PRICE_OFFER,,1,A202209,C2023Q2T10,NSW1-QLD1,QLD1,1,40408.71
D,RESIDUE_PRICE_OFFER,,1,A202209,C2023Q2T10,NSW1-QLD1,QLD1,1,40550.71
D,RESIDUE_PRICE_OFFER,,1,A202209,C2023Q2T10,NSW1-QLD1,QLD1,1,40692.71
D,RESIDUE_PRICE_OFFER,,1,A202209,C2023Q2T10,NSW1-QLD1,QLD1,1,40834.71
D,RESIDUE_PRICE_OFFER,,1,A202209,C2023Q2T10,NSW1-QLD1,QLD1,1,40976.71
D,RESIDUE_PRICE_OFFER,,1,A202209,C2023Q2T10,NSW1-QLD1,QLD1,1,41118.71
D,RESIDUE_PRICE_OFFER,,1,A202209,C2023Q2T10,NSW1-QLD1,QLD1,1,41260.71
D,RESIDUE_PRICE_OFFER,,1,A202209,C2023Q2T10,NSW1-QLD1,QLD1,1,41402.71
D,RESIDUE_PRICE_OFFER,,1,A202209,C2023Q2T10,NSW1-QLD1,QLD1,1,41544.71
D,RESIDUE_PRICE_OFFER,,1,A202209,C2023Q2T10,NSW1-QLD1,QLD1,1,41686.71
D,RESIDUE_PRICE_OFFER,,1,A202209,C2023Q2T10,NSW1-QLD1,QLD1,1,41828.71
D,RESIDUE_PRICE_OFFER,,1,A202209,C2023Q2T10,NSW1-QLD1,QLD1,1,41970.71
D,RESIDUE_PRICE_OFFER,,1,A202209,C2023Q2T10,NSW1-QLD1,QLD1,1,45428.71
D,RESIDUE_PRICE_OFFER,,1,A202209,C2023Q2T10,NSW1-QLD1,QLD1,1,45856.71
D,RESIDUE_PRICE_OFFER,,1,A202209,C2023Q2T10,NSW1-QLD1,QLD1,1,46284.71
D,RESIDUE_PRICE_OFFER,,1,A202209,C2023Q2T10,NSW1-QLD1,QLD1,1,46712.71
D,RESIDUE_PRICE_OFFER,,1,A202209,C2023Q2T10,NSW1-QLD1,QLD1,1,47140.71
D,RESIDUE_PRICE_OFFER,,1,A202209,C2023Q2T10,NSW1-QLD1,QLD1,1,47568.71
D,RESIDUE_PRICE_OFFER,,1,A202209,C2023Q2T10,NSW1-QLD1,QLD1,1,47996.71
D,RESIDUE_PRICE_OFFER,,1,A202209,C2023Q2T10,NSW1-QLD1,QLD1,1,48424.71
D,RESIDUE_PRICE_OFFER,,1,A202209,C2023Q2T10,NSW1-QLD1,QLD1,1,48852.71
D,RESIDUE_PRICE_OFFER,,1,A202209,C2023Q2T10,NSW1-QLD1,QLD1,1,49280.71
D,RESIDUE_PRICE_OFFER,,1,A202209,C2023Q2T10,NSW1-QLD1,QLD1,1,49708.71
D,RESIDUE_PRICE_OFFER,,1,A202209,C2023Q2T10,NSW1-QLD1,QLD1,1,50136.71
D,RESIDUE_PRICE_OFFER,,1,A202209,C2023Q2T10,NSW1-QLD1,QLD1,1,50564.71
D,RESIDUE_PRICE_OFFER,,1,A202209,C2023Q2T10,NSW1-QLD1,QLD1,1,50992.71
D,RESIDUE_PRICE_OFFER,,1,A202209,C2023Q2T10,NSW1-QLD1,QLD1,1,51420.71
D,RESIDUE_PRICE_OFFER,,1,A202209,C2023Q2T10,NSW1-QLD1,QLD1,1,51848.71
D,RESIDUE_PRICE_OFFER,,1,A202209,C2023Q2T10,NSW1-QLD1,QLD1,1,52276.71
D,RESIDUE_PRICE_OFFER,,1,A202209,C2023Q2T10,NSW1-QLD1,QLD1,1,52704.71
D,RESIDUE_PRICE_OFFER,,1,A202209,C2023Q2T10,NSW1-QLD1,QLD1,1,53132.71
D,RESIDUE_PRICE_OFFER,,1,A202209,C2023Q2T10,NSW1-QLD1,QLD1,1,53560.71
D,RESIDUE_PRICE_OFFER,,1,A202209,C2023Q2T10,NSW1-QLD1,QLD1,1,53988.71
D,RESIDUE_PRICE_OFFER,,1,A202209,C2023Q2T10,NSW1-QLD1,QLD1,1,54416.71
D,RESIDUE_PRICE_OFFER,,1,A202209,C2023Q2T10,NSW1-QLD1,QLD1,1,54844.71
D,RESIDUE_PRICE_OFFER,,1,A202209,C2023Q2T10,NSW1-QLD1,QLD1,1,55272.71
D,RESIDUE_PRICE_OFFER,,1,A202209,C2023Q2T10,NSW1-QLD1,QLD1,1,55700.71
D,RESIDUE_PRICE_OFFER,,1,A202209,C2023Q2T10,NSW1-QLD1,QLD1,1,56128.71
D,RESIDUE_PRICE_OFFER,,1,A202209,C2023Q2T10,NSW1-QLD1,QLD1,1,56556.71
D,RESIDUE_PRICE_OFFER,,1,A202209,C2023Q2T10,NSW1-QLD1,QLD1,1,56984.71
D,RESIDUE_PRICE_OFFER,,1,A202209,C2023Q2T10,NSW1-QLD1,QLD1,1,57412.71
D,RESIDUE_PRICE_OFFER,,1,A202209,C2023Q2T10,NSW1-QLD1,QLD1,1,57840.71
D,RESIDUE_PRICE_OFFER,,1,A202209,C2023Q2T10,NSW1-QLD1,QLD1,1,58268.71
D,RESIDUE_PRICE_OFFER,,1,A202209,C2023Q2T10,NSW1-QLD1,QLD1,1,58696.71
D,RESIDUE_PRICE_OFFER,,1,A202209,C2023Q2T10,NSW1-QLD1,QLD1,1,59124.71
D,RESIDUE_PRICE_OFFER,,1,A202209,C2023Q2T10,NSW1-QLD1,QLD1,1,59552.71
D,RESIDUE_PRICE_OFFER,,1,A202209,C2023Q2T10,NSW1-QLD1,QLD1,1,59980.71
D,RESIDUE_PRICE_OFFER,,1,A202209,C2023Q2T10,NSW1-QLD1,QLD1,5,28800
D,RESIDUE_PRICE_OFFER,,1,A202209,C2023Q2T10,NSW1-QLD1,QLD1,5,32800
D,RESIDUE_PRICE_OFFER,,1,A202209,C2023Q2T10,NSW1-QLD1,QLD1,5,36800
D,RESIDUE_PRICE_OFFER,,1,A202209,C2023Q2T10,NSW1-QLD1,QLD1,5,40800
D,RESIDUE_PRICE_OFFER,,1,A202209,C2023Q2T10,NSW1-QLD1,QLD1,20,86220
D,RESIDUE_PRICE_OFFER,,1,A202209,C2023Q2T10,NSW1-QLD1,QLD1,29,65000
D,RESIDUE_PRICE_OFFER,,1,A202209,C2023Q2T10,NSW1-QLD1,QLD1,100,0
D,RESIDUE_PRICE_OFFER,,1,A202209,C2023Q2T10,V-SA,SA1,1,8200.76
D,RESIDUE_PRICE_OFFER,,1,A202209,C2023Q2T10,V-SA,SA1,1,8400.76
D,RESIDUE_PRICE_OFFER,,1,A202209,C2023Q2T10,V-SA,SA1,1,8600.76
D,RESIDUE_PRICE_OFFER,,1,A202209,C2023Q2T10,V-SA,SA1,1,8800.76
D,RESIDUE_PRICE_OFFER,,1,A202209,C2023Q2T10,V-SA,SA1,1,9000.76
D,RESIDUE_PRICE_OFFER,,1,A202209,C2023Q2T10,V-SA,SA1,1,9200.76
D,RESIDUE_PRICE_OFFER,,1,A202209,C2023Q2T10,V-SA,SA1,1,9400.76
D,RESIDUE_PRICE_OFFER,,1,A202209,C2023Q2T10,V-SA,SA1,1,9600.76
D,RESIDUE_PRICE_OFFER,,1,A202209,C2023Q2T10,V-SA,SA1,1,9800.76
D,RESIDUE_PRICE_OFFER,,1,A202209,C2023Q2T10,V-SA,SA1,1,10000.76
D,RESIDUE_PRICE_OFFER,,1,A202209,C2023Q2T10,V-SA,SA1,1,12750.76
D,RESIDUE_PRICE_OFFER,,1,A202209,C2023Q2T10,V-SA,SA1,1,13000.76
D,RESIDUE_PRICE_OFFER,,1,A202209,C2023Q2T10,V-SA,SA1,1,13250.76
D,RESIDUE_PRICE_OFFER,,1,A202209,C2023Q2T10,V-SA,SA1,1,13500.76
D,RESIDUE_PRICE_OFFER,,1,A202209,C2023Q2T10,V-SA,SA1,1,13750.76
D,RESIDUE_PRICE_OFFER,,1,A202209,C2023Q2T10,V-SA,SA1,1,14000.76
D,RESIDUE_PRICE_OFFER,,1,A202209,C2023Q2T10,V-SA,SA1,1,14250.76
D,RESIDUE_PRICE_OFFER,,1,A202209,C2023Q2T10,V-SA,SA1,1,14500.76
D,RESIDUE_PRICE_OFFER,,1,A202209,C2023Q2T10,V-SA,SA1,1,14750.76
D,RESIDUE_PRICE_OFFER,,1,A202209,C2023Q2T10,V-SA,SA1,1,15000.76
D,RESIDUE_PRICE_OFFER,,1,A202209,C2023Q2T10,V-SA,SA1,2,10000
D,RESIDUE_PRICE_OFFER,,1,A202209,C2023Q2T10,V-SA,SA1,2,10666.67
D,RESIDUE_PRICE_OFFER,,1,A202209,C2023Q2T10,V-SA,SA1,2,11333.33
D,RESIDUE_PRICE_OFFER,,1,A202209,C2023Q2T10,V-SA,SA1,2,12000
D,RESIDUE_PRICE_OFFER,,1,A202209,C2023Q2T10,V-SA,SA1,2,12666.67
D,RESIDUE_PRICE_OFFER,,1,A202209,C2023Q2T10,V-SA,SA1,2,13333.33
D,RESIDUE_PRICE_OFFER,,1,A202209,C2023Q2T10,V-SA,SA1,2,14000
D,RESIDUE_PRICE_OFFER,,1,A202209,C2023Q2T10,V-SA,SA1,2,14666.67
D,RESIDUE_PRICE_OFFER,,1,A202209,C2023Q2T10,V-SA,SA1,2,15333.33
D,RESIDUE_PRICE_OFFER,,1,A202209,C2023Q2T10,V-SA,SA1,2,16000
D,RESIDUE_PRICE_OFFER,,1,A202209,C2023Q2T10,V-SA,SA1,5,10530
D,RESIDUE_PRICE_OFFER,,1,A202209,C2023Q2T10,V-SA,SA1,5,12109.50
D,RESIDUE_PRICE_OFFER,,1,A202209,C2023Q2T10,V-SA,SA1,5,13925.9250
D,RESIDUE_PRICE_OFFER,,1,A202209,C2023Q2T10,V-SA,SA1,5,16014.813750
D,RESIDUE_PRICE_OFFER,,1,A202209,C2023Q2T10,V-SA,SA1,6,15000
D,RESIDUE_PRICE_OFFER,,1,A202209,C2023Q2T10,V-SA,SA1,6,20000
D,RESIDUE_PRICE_OFFER,,1,A202209,C2023Q2T10,V-SA,SA1,64,0
D,RESIDUE_PRICE_OFFER,,1,A202209,C2023Q2T10,V-SA,VIC1,1,30100.85
D,RESIDUE_PRICE_OFFER,,1,A202209,C2023Q2T10,V-SA,VIC1,1,30200.85
D,RESIDUE_PRICE_OFFER,,1,A202209,C2023Q2T10,V-SA,VIC1,1,30300.85
D,RESIDUE_PRICE_OFFER,,1,A202209,C2023Q2T10,V-SA,VIC1,1,30400.85
D,RESIDUE_PRICE_OFFER,,1,A202209,C2023Q2T10,V-SA,VIC1,1,30500.85
D,RESIDUE_PRICE_OFFER,,1,A202209,C2023Q2T10,V-SA,VIC1,1,30600.85
D,RESIDUE_PRICE_OFFER,,1,A202209,C2023Q2T10,V-SA,VIC1,1,30700.85
D,RESIDUE_PRICE_OFFER,,1,A202209,C2023Q2T10,V-SA,VIC1,1,30800.85
D,RESIDUE_PRICE_OFFER,,1,A202209,C2023Q2T10,V-SA,VIC1,1,30900.85
D,RESIDUE_PRICE_OFFER,,1,A202209,C2023Q2T10,V-SA,VIC1,1,31000.85
D,RESIDUE_PRICE_OFFER,,1,A202209,C2023Q2T10,V-SA,VIC1,5,55036.80
D,RESIDUE_PRICE_OFFER,,1,A202209,C2023Q2T10,V-SA,VIC1,5,66044.16
D,RESIDUE_PRICE_OFFER,,1,A202209,C2023Q2T10,V-SA,VIC1,5,79252.9920
D,RESIDUE_PRICE_OFFER,,1,A202209,C2023Q2T10,V-SA,VIC1,5,95103.5904
D,RESIDUE_PRICE_OFFER,,1,A202209,C2023Q2T10,V-SA,VIC1,73,0
D,RESIDUE_PRICE_OFFER,,1,A202209,C2023Q2T10,VIC1-NSW1,NSW1,1,2525.07
D,RESIDUE_PRICE_OFFER,,1,A202209,C2023Q2T10,VIC1-NSW1,NSW1,1,2550.07
D,RESIDUE_PRICE_OFFER,,1,A202209,C2023Q2T10,VIC1-NSW1,NSW1,1,2575.07
D,RESIDUE_PRICE_OFFER,,1,A202209,C2023Q2T10,VIC1-NSW1,NSW1,1,2600.07
D,RESIDUE_PRICE_OFFER,,1,A202209,C2023Q2T10,VIC1-NSW1,NSW1,1,2625.07
D,RESIDUE_PRICE_OFFER,,1,A202209,C2023Q2T10,VIC1-NSW1,NSW1,1,2650.07
D,RESIDUE_PRICE_OFFER,,1,A202209,C2023Q2T10,VIC1-NSW1,NSW1,1,2675.07
D,RESIDUE_PRICE_OFFER,,1,A202209,C2023Q2T10,VIC1-NSW1,NSW1,1,2700.07
D,RESIDUE_PRICE_OFFER,,1,A202209,C2023Q2T10,VIC1-NSW1,NSW1,1,2725.07
D,RESIDUE_PRICE_OFFER,,1,A202209,C2023Q2T10,VIC1-NSW1,NSW1,1,2750.07
D,RESIDUE_PRICE_OFFER,,1,A202209,C2023Q2T10,VIC1-NSW1,NSW1,1,2775.07
D,RESIDUE_PRICE_OFFER,,1,A202209,C2023Q2T10,VIC1-NSW1,NSW1,1,2800.07
D,RESIDUE_PRICE_OFFER,,1,A202209,C2023Q2T10,VIC1-NSW1,NSW1,1,2825.07
D,RESIDUE_PRICE_OFFER,,1,A202209,C2023Q2T10,VIC1-NSW1,NSW1,1,2850.07
D,RESIDUE_PRICE_OFFER,,1,A202209,C2023Q2T10,VIC1-NSW1,NSW1,1,2875.07
D,RESIDUE_PRICE_OFFER,,1,A202209,C2023Q2T10,VIC1-NSW1,NSW1,1,2900.07
D,RESIDUE_PRICE_OFFER,,1,A202209,C2023Q2T10,VIC1-NSW1,NSW1,1,2925.07
D,RESIDUE_PRICE_OFFER,,1,A202209,C2023Q2T10,VIC1-NSW1,NSW1,1,2950.07
D,RESIDUE_PRICE_OFFER,,1,A202209,C2023Q2T10,VIC1-NSW1,NSW1,1,2975.07
D,RESIDUE_PRICE_OFFER,,1,A202209,C2023Q2T10,VIC1-NSW1,NSW1,1,3000.07
D,RESIDUE_PRICE_OFFER,,1,A202209,C2023Q2T10,VIC1-NSW1,NSW1,1,3025.07
D,RESIDUE_PRICE_OFFER,,1,A202209,C2023Q2T10,VIC1-NSW1,NSW1,1,3050.07
D,RESIDUE_PRICE_OFFER,,1,A202209,C2023Q2T10,VIC1-NSW1,NSW1,1,3075.07
D,RESIDUE_PRICE_OFFER,,1,A202209,C2023Q2T10,VIC1-NSW1,NSW1,1,3100.07
D,RESIDUE_PRICE_OFFER,,1,A202209,C2023Q2T10,VIC1-NSW1,NSW1,1,3125.07
D,RESIDUE_PRICE_OFFER,,1,A202209,C2023Q2T10,VIC1-NSW1,NSW1,1,3150.07
D,RESIDUE_PRICE_OFFER,,1,A202209,C2023Q2T10,VIC1-NSW1,NSW1,1,3175.07
D,RESIDUE_PRICE_OFFER,,1,A202209,C2023Q2T10,VIC1-NSW1,NSW1,1,3200.07
D,RESIDUE_PRICE_OFFER,,1,A202209,C2023Q2T10,VIC1-NSW1,NSW1,1,3225.07
D,RESIDUE_PRICE_OFFER,,1,A202209,C2023Q2T10,VIC1-NSW1,NSW1,1,3250.07
D,RESIDUE_PRICE_OFFER,,1,A202209,C2023Q2T10,VIC1-NSW1,NSW1,1,3275.07
D,RESIDUE_PRICE_OFFER,,1,A202209,C2023Q2T10,VIC1-NSW1,NSW1,1,3300.07
D,RESIDUE_PRICE_OFFER,,1,A202209,C2023Q2T10,VIC1-NSW1,NSW1,1,3325.07
D,RESIDUE_PRICE_OFFER,,1,A202209,C2023Q2T10,VIC1-NSW1,NSW1,1,3350.07
D,RESIDUE_PRICE_OFFER,,1,A202209,C2023Q2T10,VIC1-NSW1,NSW1,1,3375.07
D,RESIDUE_PRICE_OFFER,,1,A202209,C2023Q2T10,VIC1-NSW1,NSW1,1,3400.07
D,RESIDUE_PRICE_OFFER,,1,A202209,C2023Q2T10,VIC1-NSW1,NSW1,1,3425.07
D,RESIDUE_PRICE_OFFER,,1,A202209,C2023Q2T10,VIC1-NSW1,NSW1,1,3450.07
D,RESIDUE_PRICE_OFFER,,1,A202209,C2023Q2T10,VIC1-NSW1,NSW1,1,3475.07
D,RESIDUE_PRICE_OFFER,,1,A202209,C2023Q2T10,VIC1-NSW1,NSW1,1,3500.07
D,RESIDUE_PRICE_OFFER,,1,A202209,C2023Q2T10,VIC1-NSW1,NSW1,1,3525.07
D,RESIDUE_PRICE_OFFER,,1,A202209,C2023Q2T10,VIC1-NSW1,NSW1,1,3550.07
D,RESIDUE_PRICE_OFFER,,1,A202209,C2023Q2T10,VIC1-NSW1,NSW1,1,3575.07
D,RESIDUE_PRICE_OFFER,,1,A202209,C2023Q2T10,VIC1-NSW1,NSW1,1,3600.07
D,RESIDUE_PRICE_OFFER,,1,A202209,C2023Q2T10,VIC1-NSW1,NSW1,1,3625.07
D,RESIDUE_PRICE_OFFER,,1,A202209,C2023Q2T10,VIC1-NSW1,NSW1,1,3650.07
D,RESIDUE_PRICE_OFFER,,1,A202209,C2023Q2T10,VIC1-NSW1,NSW1,1,3675.07
D,RESIDUE_PRICE_OFFER,,1,A202209,C2023Q2T10,VIC1-NSW1,NSW1,1,3700.07
D,RESIDUE_PRICE_OFFER,,1,A202209,C2023Q2T10,VIC1-NSW1,NSW1,1,3725.07
D,RESIDUE_PRICE_OFFER,,1,A202209,C2023Q2T10,VIC1-NSW1,NSW1,1,3750.07
D,RESIDUE_PRICE_OFFER,,1,A202209,C2023Q2T10,VIC1-NSW1,NSW1,1,3775.07
D,RESIDUE_PRICE_OFFER,,1,A202209,C2023Q2T10,VIC1-NSW1,NSW1,1,3800.07
D,RESIDUE_PRICE_OFFER,,1,A202209,C2023Q2T10,VIC1-NSW1,NSW1,1,3825.07
D,RESIDUE_PRICE_OFFER,,1,A202209,C2023Q2T10,VIC1-NSW1,NSW1,1,3850.07
D,RESIDUE_PRICE_OFFER,,1,A202209,C2023Q2T10,VIC1-NSW1,NSW1,1,3875.07
D,RESIDUE_PRICE_OFFER,,1,A202209,C2023Q2T10,VIC1-NSW1,NSW1,1,3900.07
D,RESIDUE_PRICE_OFFER,,1,A202209,C2023Q2T10,VIC1-NSW1,NSW1,1,3925.07
D,RESIDUE_PRICE_OFFER,,1,A202209,C2023Q2T10,VIC1-NSW1,NSW1,1,3950.07
D,RESIDUE_PRICE_OFFER,,1,A202209,C2023Q2T10,VIC1-NSW1,NSW1,1,3975.07
D,RESIDUE_PRICE_OFFER,,1,A202209,C2023Q2T10,VIC1-NSW1,NSW1,5,4290
D,RESIDUE_PRICE_OFFER,,1,A202209,C2023Q2T10,VIC1-NSW1,NSW1,5,5362.50
D,RESIDUE_PRICE_OFFER,,1,A202209,C2023Q2T10,VIC1-NSW1,NSW1,5,6703.1250
D,RESIDUE_PRICE_OFFER,,1,A202209,C2023Q2T10,VIC1-NSW1,NSW1,5,8378.906250
D,RESIDUE_PRICE_OFFER,,1,A202209,C2023Q2T10,VIC1-NSW1,NSW1,25,2500
D,RESIDUE_PRICE_OFFER,,1,A202209,C2023Q2T10,VIC1-NSW1,NSW1,25,3500
D,RESIDUE_PRICE_OFFER,,1,A202209,C2023Q2T10,VIC1-NSW1,NSW1,50,5000
D,RESIDUE_PRICE_OFFER,,1,A202209,C2023Q2T10,VIC1-NSW1,NSW1,108,0
D,RESIDUE_PRICE_OFFER,,1,A202209,C2023Q2T10,VIC1-NSW1,VIC1,1,50025.25
D,RESIDUE_PRICE_OFFER,,1,A202209,C2023Q2T10,VIC1-NSW1,VIC1,1,50050.25
D,RESIDUE_PRICE_OFFER,,1,A202209,C2023Q2T10,VIC1-NSW1,VIC1,1,50075.25
D,RESIDUE_PRICE_OFFER,,1,A202209,C2023Q2T10,VIC1-NSW1,VIC1,1,50100.25
D,RESIDUE_PRICE_OFFER,,1,A202209,C2023Q2T10,VIC1-NSW1,VIC1,1,50125.25
D,RESIDUE_PRICE_OFFER,,1,A202209,C2023Q2T10,VIC1-NSW1,VIC1,1,50150.25
D,RESIDUE_PRICE_OFFER,,1,A202209,C2023Q2T10,VIC1-NSW1,VIC1,1,50175.25
D,RESIDUE_PRICE_OFFER,,1,A202209,C2023Q2T10,VIC1-NSW1,VIC1,1,50200.25
D,RESIDUE_PRICE_OFFER,,1,A202209,C2023Q2T10,VIC1-NSW1,VIC1,1,50225.25
D,RESIDUE_PRICE_OFFER,,1,A202209,C2023Q2T10,VIC1-NSW1,VIC1,1,50250.25
D,RESIDUE_PRICE_OFFER,,1,A202209,C2023Q2T10,VIC1-NSW1,VIC1,1,60400.25
D,RESIDUE_PRICE_OFFER,,1,A202209,C2023Q2T10,VIC1-NSW1,VIC1,1,60800.25
D,RESIDUE_PRICE_OFFER,,1,A202209,C2023Q2T10,VIC1-NSW1,VIC1,1,61200.25
D,RESIDUE_PRICE_OFFER,,1,A202209,C2023Q2T10,VIC1-NSW1,VIC1,1,61600.25
D,RESIDUE_PRICE_OFFER,,1,A202209,C2023Q2T10,VIC1-NSW1,VIC1,1,62000.25
D,RESIDUE_PRICE_OFFER,,1,A202209,C2023Q2T10,VIC1-NSW1,VIC1,1,62400.25
D,RESIDUE_PRICE_OFFER,,1,A202209,C2023Q2T10,VIC1-NSW1,VIC1,1,62800.25
D,RESIDUE_PRICE_OFFER,,1,A202209,C2023Q2T10,VIC1-NSW1,VIC1,1,63200.25
D,RESIDUE_PRICE_OFFER,,1,A202209,C2023Q2T10,VIC1-NSW1,VIC1,1,63600.25
D,RESIDUE_PRICE_OFFER,,1,A202209,C2023Q2T10,VIC1-NSW1,VIC1,1,64000.25
D,RESIDUE_PRICE_OFFER,,1,A202209,C2023Q2T10,VIC1-NSW1,VIC1,1,64400.25
D,RESIDUE_PRICE_OFFER,,1,A202209,C2023Q2T10,VIC1-NSW1,VIC1,1,64800.25
D,RESIDUE_PRICE_OFFER,,1,A202209,C2023Q2T10,VIC1-NSW1,VIC1,1,65200.25
D,RESIDUE_PRICE_OFFER,,1,A202209,C2023Q2T10,VIC1-NSW1,VIC1,1,65600.25
D,RESIDUE_PRICE_OFFER,,1,A202209,C2023Q2T10,VIC1-NSW1,VIC1,1,66000.25
D,RESIDUE_PRICE_OFFER,,1,A202209,C2023Q2T10,VIC1-NSW1,VIC1,1,66400.25
D,RESIDUE_PRICE_OFFER,,1,A202209,C2023Q2T10,VIC1-NSW1,VIC1,1,66800.25
D,RESIDUE_PRICE_OFFER,,1,A202209,C2023Q2T10,VIC1-NSW1,VIC1,1,67200.25
D,RESIDUE_PRICE_OFFER,,1,A202209,C2023Q2T10,VIC1-NSW1,VIC1,1,67600.25
D,RESIDUE_PRICE_OFFER,,1,A202209,C2023Q2T10,VIC1-NSW1,VIC1,1,68000.25
D,RESIDUE_PRICE_OFFER,,1,A202209,C2023Q2T10,VIC1-NSW1,VIC1,1,68400.25
D,RESIDUE_PRICE_OFFER,,1,A202209,C2023Q2T10,VIC1-NSW1,VIC1,1,68800.25
D,RESIDUE_PRICE_OFFER,,1,A202209,C2023Q2T10,VIC1-NSW1,VIC1,1,69200.25
D,RESIDUE_PRICE_OFFER,,1,A202209,C2023Q2T10,VIC1-NSW1,VIC1,1,69600.25
D,RESIDUE_PRICE_OFFER,,1,A202209,C2023Q2T10,VIC1-NSW1,VIC1,1,70000.25
D,RESIDUE_PRICE_OFFER,,1,A202209,C2023Q2T10,VIC1-NSW1,VIC1,1,70400.25
D,RESIDUE_PRICE_OFFER,,1,A202209,C2023Q2T10,VIC1-NSW1,VIC1,1,70800.25
D,RESIDUE_PRICE_OFFER,,1,A202209,C2023Q2T10,VIC1-NSW1,VIC1,1,71200.25
D,RESIDUE_PRICE_OFFER,,1,A202209,C2023Q2T10,VIC1-NSW1,VIC1,1,71600.25
D,RESIDUE_PRICE_OFFER,,1,A202209,C2023Q2T10,VIC1-NSW1,VIC1,1,72000.25
D,RESIDUE_PRICE_OFFER,,1,A202209,C2023Q2T10,VIC1-NSW1,VIC1,1,72400.25
D,RESIDUE_PRICE_OFFER,,1,A202209,C2023Q2T10,VIC1-NSW1,VIC1,1,72800.25
D,RESIDUE_PRICE_OFFER,,1,A202209,C2023Q2T10,VIC1-NSW1,VIC1,1,73200.25
D,RESIDUE_PRICE_OFFER,,1,A202209,C2023Q2T10,VIC1-NSW1,VIC1,1,73600.25
D,RESIDUE_PRICE_OFFER,,1,A202209,C2023Q2T10,VIC1-NSW1,VIC1,1,74000.25
D,RESIDUE_PRICE_OFFER,,1,A202209,C2023Q2T10,VIC1-NSW1,VIC1,1,74400.25
D,RESIDUE_PRICE_OFFER,,1,A202209,C2023Q2T10,VIC1-NSW1,VIC1,1,74800.25
D,RESIDUE_PRICE_OFFER,,1,A202209,C2023Q2T10,VIC1-NSW1,VIC1,1,75200.25
D,RESIDUE_PRICE_OFFER,,1,A202209,C2023Q2T10,VIC1-NSW1,VIC1,1,75600.25
D,RESIDUE_PRICE_OFFER,,1,A202209,C2023Q2T10,VIC1-NSW1,VIC1,1,76000.25
D,RESIDUE_PRICE_OFFER,,1,A202209,C2023Q2T10,VIC1-NSW1,VIC1,1,76400.25
D,RESIDUE_PRICE_OFFER,,1,A202209,C2023Q2T10,VIC1-NSW1,VIC1,1,76800.25
D,RESIDUE_PRICE_OFFER,,1,A202209,C2023Q2T10,VIC1-NSW1,VIC1,1,77200.25
D,RESIDUE_PRICE_OFFER,,1,A202209,C2023Q2T10,VIC1-NSW1,VIC1,1,77600.25
D,RESIDUE_PRICE_OFFER,,1,A202209,C2023Q2T10,VIC1-NSW1,VIC1,1,78000.25
D,RESIDUE_PRICE_OFFER,,1,A202209,C2023Q2T10,VIC1-NSW1,VIC1,1,78400.25
D,RESIDUE_PRICE_OFFER,,1,A202209,C2023Q2T10,VIC1-NSW1,VIC1,1,78800.25
D,RESIDUE_PRICE_OFFER,,1,A202209,C2023Q2T10,VIC1-NSW1,VIC1,1,79200.25
D,RESIDUE_PRICE_OFFER,,1,A202209,C2023Q2T10,VIC1-NSW1,VIC1,1,79600.25
D,RESIDUE_PRICE_OFFER,,1,A202209,C2023Q2T10,VIC1-NSW1,VIC1,1,80000.25
D,RESIDUE_PRICE_OFFER,,1,A202209,C2023Q2T10,VIC1-NSW1,VIC1,5,52000
D,RESIDUE_PRICE_OFFER,,1,A202209,C2023Q2T10,VIC1-NSW1,VIC1,5,60226
D,RESIDUE_PRICE_OFFER,,1,A202209,C2023Q2T10,VIC1-NSW1,VIC1,5,67453.12
D,RESIDUE_PRICE_OFFER,,1,A202209,C2023Q2T10,VIC1-NSW1,VIC1,9,41500
D,RESIDUE_PRICE_OFFER,,1,A202209,C2023Q2T10,VIC1-NSW1,VIC1,10,75547.4944
D,RESIDUE_PRICE_OFFER,,1,A202209,C2023Q2T10,VIC1-NSW1,VIC1,10,84613.193730
D,RESIDUE_PRICE_OFFER,,1,A202209,C2023Q2T10,VIC1-NSW1,VIC1,12,87000
D,RESIDUE_PRICE_OFFER,,1,A202209,C2023Q2T10,VIC1-NSW1,VIC1,20,65000
D,RESIDUE_PRICE_OFFER,,1,A202209,C2023Q2T10,VIC1-NSW1,VIC1,125,0
D,RESIDUE_PRICE_OFFER,,1,A202209,C2023Q3T09,NSW1-QLD1,NSW1,1,10010.67
D,RESIDUE_PRICE_OFFER,,1,A202209,C2023Q3T09,NSW1-QLD1,NSW1,1,10020.67
D,RESIDUE_PRICE_OFFER,,1,A202209,C2023Q3T09,NSW1-QLD1,NSW1,1,10030.67
D,RESIDUE_PRICE_OFFER,,1,A202209,C2023Q3T09,NSW1-QLD1,NSW1,1,10040.67
D,RESIDUE_PRICE_OFFER,,1,A202209,C2023Q3T09,NSW1-QLD1,NSW1,1,10050.67
D,RESIDUE_PRICE_OFFER,,1,A202209,C2023Q3T09,NSW1-QLD1,NSW1,1,10060.67
D,RESIDUE_PRICE_OFFER,,1,A202209,C2023Q3T09,NSW1-QLD1,NSW1,1,10070.67
D,RESIDUE_PRICE_OFFER,,1,A202209,C2023Q3T09,NSW1-QLD1,NSW1,1,10080.67
D,RESIDUE_PRICE_OFFER,,1,A202209,C2023Q3T09,NSW1-QLD1,NSW1,1,10090.67
D,RESIDUE_PRICE_OFFER,,1,A202209,C2023Q3T09,NSW1-QLD1,NSW1,1,10100.67
D,RESIDUE_PRICE_OFFER,,1,A202209,C2023Q3T09,NSW1-QLD1,NSW1,5,7869.8625
D,RESIDUE_PRICE_OFFER,,1,A202209,C2023Q3T09,NSW1-QLD1,NSW1,5,8869.862490
D,RESIDUE_PRICE_OFFER,,1,A202209,C2023Q3T09,NSW1-QLD1,NSW1,5,9869.862490
D,RESIDUE_PRICE_OFFER,,1,A202209,C2023Q3T09,NSW1-QLD1,NSW1,5,10869.8625
D,RESIDUE_PRICE_OFFER,,1,A202209,C2023Q3T09,NSW1-QLD1,NSW1,45,0
D,RESIDUE_PRICE_OFFER,,1,A202209,C2023Q3T09,NSW1-QLD1,QLD1,1,37142.71
D,RESIDUE_PRICE_OFFER,,1,A202209,C2023Q3T09,NSW1-QLD1,QLD1,1,37284.71
D,RESIDUE_PRICE_OFFER,,1,A202209,C2023Q3T09,NSW1-QLD1,QLD1,1,37426.71
D,RESIDUE_PRICE_OFFER,,1,A202209,C2023Q3T09,NSW1-QLD1,QLD1,1,37568.71
D,RESIDUE_PRICE_OFFER,,1,A202209,C2023Q3T09,NSW1-QLD1,QLD1,1,37710.71
D,RESIDUE_PRICE_OFFER,,1,A202209,C2023Q3T09,NSW1-QLD1,QLD1,1,37852.71
D,RESIDUE_PRICE_OFFER,,1,A202209,C2023Q3T09,NSW1-QLD1,QLD1,1,37994.71
D,RESIDUE_PRICE_OFFER,,1,A202209,C2023Q3T09,NSW1-QLD1,QLD1,1,38136.71
D,RESIDUE_PRICE_OFFER,,1,A202209,C2023Q3T09,NSW1-QLD1,QLD1,1,38278.71
D,RESIDUE_PRICE_OFFER,,1,A202209,C2023Q3T09,NSW1-QLD1,QLD1,1,38420.71
D,RESIDUE_PRICE_OFFER,,1,A202209,C2023Q3T09,NSW1-QLD1,QLD1,1,38562.71
D,RESIDUE_PRICE_OFFER,,1,A202209,C2023Q3T09,NSW1-QLD1,QLD1,1,38704.71
D,RESIDUE_PRICE_OFFER,,1,A202209,C2023Q3T09,NSW1-QLD1,QLD1,1,38846.71
D,RESIDUE_PRICE_OFFER,,1,A202209,C2023Q3T09,NSW1-QLD1,QLD1,1,38988.71
D,RESIDUE_PRICE_OFFER,,1,A202209,C2023Q3T09,NSW1-QLD1,QLD1,1,39130.71
D,RESIDUE_PRICE_OFFER,,1,A202209,C2023Q3T09,NSW1-QLD1,QLD1,1,39272.71
D,RESIDUE_PRICE_OFFER,,1,A202209,C2023Q3T09,NSW1-QLD1,QLD1,1,39414.71
D,RESIDUE_PRICE_OFFER,,1,A202209,C2023Q3T09,NSW1-QLD1,QLD1,1,39556.71
D,RESIDUE_PRICE_OFFER,,1,A202209,C2023Q3T09,NSW1-QLD1,QLD1,1,39698.71
D,RESIDUE_PRICE_OFFER,,1,A202209,C2023Q3T09,NSW1-QLD1,QLD1,1,39840.71
D,RESIDUE_PRICE_OFFER,,1,A202209,C2023Q3T09,NSW1-QLD1,QLD1,1,39982.71
D,RESIDUE_PRICE_OFFER,,1,A202209,C2023Q3T09,NSW1-QLD1,QLD1,1,40124.71
D,RESIDUE_PRICE_OFFER,,1,A202209,C2023Q3T09,NSW1-QLD1,QLD1,1,40266.71
D,RESIDUE_PRICE_OFFER,,1,A202209,C2023Q3T09,NSW1-QLD1,QLD1,1,40408.71
D,RESIDUE_PRICE_OFFER,,1,A202209,C2023Q3T09,NSW1-QLD1,QLD1,1,40550.71
D,RESIDUE_PRICE_OFFER,,1,A202209,C2023Q3T09,NSW1-QLD1,QLD1,1,40692.71
D,RESIDUE_PRICE_OFFER,,1,A202209,C2023Q3T09,NSW1-QLD1,QLD1,1,40834.71
D,RESIDUE_PRICE_OFFER,,1,A202209,C2023Q3T09,NSW1-QLD1,QLD1,1,40976.71
D,RESIDUE_PRICE_OFFER,,1,A202209,C2023Q3T09,NSW1-QLD1,QLD1,1,41118.71
D,RESIDUE_PRICE_OFFER,,1,A202209,C2023Q3T09,NSW1-QLD1,QLD1,1,41260.71
D,RESIDUE_PRICE_OFFER,,1,A202209,C2023Q3T09,NSW1-QLD1,QLD1,1,41402.71
D,RESIDUE_PRICE_OFFER,,1,A202209,C2023Q3T09,NSW1-QLD1,QLD1,1,41544.71
D,RESIDUE_PRICE_OFFER,,1,A202209,C2023Q3T09,NSW1-QLD1,QLD1,1,41686.71
D,RESIDUE_PRICE_OFFER,,1,A202209,C2023Q3T09,NSW1-QLD1,QLD1,1,41828.71
D,RESIDUE_PRICE_OFFER,,1,A202209,C2023Q3T09,NSW1-QLD1,QLD1,1,41970.71
D,RESIDUE_PRICE_OFFER,,1,A202209,C2023Q3T09,NSW1-QLD1,QLD1,1,45428.71
D,RESIDUE_PRICE_OFFER,,1,A202209,C2023Q3T09,NSW1-QLD1,QLD1,1,45856.71
D,RESIDUE_PRICE_OFFER,,1,A202209,C2023Q3T09,NSW1-QLD1,QLD1,1,46284.71
D,RESIDUE_PRICE_OFFER,,1,A202209,C2023Q3T09,NSW1-QLD1,QLD1,1,46712.71
D,RESIDUE_PRICE_OFFER,,1,A202209,C2023Q3T09,NSW1-QLD1,QLD1,1,47140.71
D,RESIDUE_PRICE_OFFER,,1,A202209,C2023Q3T09,NSW1-QLD1,QLD1,1,47568.71
D,RESIDUE_PRICE_OFFER,,1,A202209,C2023Q3T09,NSW1-QLD1,QLD1,1,47996.71
D,RESIDUE_PRICE_OFFER,,1,A202209,C2023Q3T09,NSW1-QLD1,QLD1,1,48424.71
D,RESIDUE_PRICE_OFFER,,1,A202209,C2023Q3T09,NSW1-QLD1,QLD1,1,48852.71
D,RESIDUE_PRICE_OFFER,,1,A202209,C2023Q3T09,NSW1-QLD1,QLD1,1,49280.71
D,RESIDUE_PRICE_OFFER,,1,A202209,C2023Q3T09,NSW1-QLD1,QLD1,1,49708.71
D,RESIDUE_PRICE_OFFER,,1,A202209,C2023Q3T09,NSW1-QLD1,QLD1,1,50136.71
D,RESIDUE_PRICE_OFFER,,1,A202209,C2023Q3T09,NSW1-QLD1,QLD1,1,50564.71
D,RESIDUE_PRICE_OFFER,,1,A202209,C2023Q3T09,NSW1-QLD1,QLD1,1,50992.71
D,RESIDUE_PRICE_OFFER,,1,A202209,C2023Q3T09,NSW1-QLD1,QLD1,1,51420.71
D,RESIDUE_PRICE_OFFER,,1,A202209,C2023Q3T09,NSW1-QLD1,QLD1,1,51848.71
D,RESIDUE_PRICE_OFFER,,1,A202209,C2023Q3T09,NSW1-QLD1,QLD1,1,52276.71
D,RESIDUE_PRICE_OFFER,,1,A202209,C2023Q3T09,NSW1-QLD1,QLD1,1,52704.71
D,RESIDUE_PRICE_OFFER,,1,A202209,C2023Q3T09,NSW1-QLD1,QLD1,1,53132.71
D,RESIDUE_PRICE_OFFER,,1,A202209,C2023Q3T09,NSW1-QLD1,QLD1,1,53560.71
D,RESIDUE_PRICE_OFFER,,1,A202209,C2023Q3T09,NSW1-QLD1,QLD1,1,53988.71
D,RESIDUE_PRICE_OFFER,,1,A202209,C2023Q3T09,NSW1-QLD1,QLD1,1,54416.71
D,RESIDUE_PRICE_OFFER,,1,A202209,C2023Q3T09,NSW1-QLD1,QLD1,1,54844.71
D,RESIDUE_PRICE_OFFER,,1,A202209,C2023Q3T09,NSW1-QLD1,QLD1,1,55272.71
D,RESIDUE_PRICE_OFFER,,1,A202209,C2023Q3T09,NSW1-QLD1,QLD1,1,55700.71
D,RESIDUE_PRICE_OFFER,,1,A202209,C2023Q3T09,NSW1-QLD1,QLD1,1,56128.71
D,RESIDUE_PRICE_OFFER,,1,A202209,C2023Q3T09,NSW1-QLD1,QLD1,1,56556.71
D,RESIDUE_PRICE_OFFER,,1,A202209,C2023Q3T09,NSW1-QLD1,QLD1,1,56984.71
D,RESIDUE_PRICE_OFFER,,1,A202209,C2023Q3T09,NSW1-QLD1,QLD1,1,57412.71
D,RESIDUE_PRICE_OFFER,,1,A202209,C2023Q3T09,NSW1-QLD1,QLD1,1,57840.71
D,RESIDUE_PRICE_OFFER,,1,A202209,C2023Q3T09,NSW1-QLD1,QLD1,1,58268.71
D,RESIDUE_PRICE_OFFER,,1,A202209,C2023Q3T09,NSW1-QLD1,QLD1,1,58696.71
D,RESIDUE_PRICE_OFFER,,1,A202209,C2023Q3T09,NSW1-QLD1,QLD1,1,59124.71
D,RESIDUE_PRICE_OFFER,,1,A202209,C2023Q3T09,NSW1-QLD1,QLD1,1,59552.71
D,RESIDUE_PRICE_OFFER,,1,A202209,C2023Q3T09,NSW1-QLD1,QLD1,1,59980.71
D,RESIDUE_PRICE_OFFER,,1,A202209,C2023Q3T09,NSW1-QLD1,QLD1,5,27300.5130
D,RESIDUE_PRICE_OFFER,,1,A202209,C2023Q3T09,NSW1-QLD1,QLD1,5,31300.5130
D,RESIDUE_PRICE_OFFER,,1,A202209,C2023Q3T09,NSW1-QLD1,QLD1,5,35300.5130
D,RESIDUE_PRICE_OFFER,,1,A202209,C2023Q3T09,NSW1-QLD1,QLD1,5,39300.5130
D,RESIDUE_PRICE_OFFER,,1,A202209,C2023Q3T09,NSW1-QLD1,QLD1,20,77220
D,RESIDUE_PRICE_OFFER,,1,A202209,C2023Q3T09,NSW1-QLD1,QLD1,100,0
D,RESIDUE_PRICE_OFFER,,1,A202209,C2023Q3T09,V-SA,SA1,1,10200.76
D,RESIDUE_PRICE_OFFER,,1,A202209,C2023Q3T09,V-SA,SA1,1,10400.76
D,RESIDUE_PRICE_OFFER,,1,A202209,C2023Q3T09,V-SA,SA1,1,10600.76
D,RESIDUE_PRICE_OFFER,,1,A202209,C2023Q3T09,V-SA,SA1,1,10800.76
D,RESIDUE_PRICE_OFFER,,1,A202209,C2023Q3T09,V-SA,SA1,1,11000.76
D,RESIDUE_PRICE_OFFER,,1,A202209,C2023Q3T09,V-SA,SA1,1,11200.76
D,RESIDUE_PRICE_OFFER,,1,A202209,C2023Q3T09,V-SA,SA1,1,11400.76
D,RESIDUE_PRICE_OFFER,,1,A202209,C2023Q3T09,V-SA,SA1,1,11600.76
D,RESIDUE_PRICE_OFFER,,1,A202209,C2023Q3T09,V-SA,SA1,1,11800.76
D,RESIDUE_PRICE_OFFER,,1,A202209,C2023Q3T09,V-SA,SA1,1,12000.76
D,RESIDUE_PRICE_OFFER,,1,A202209,C2023Q3T09,V-SA,SA1,2,10000
D,RESIDUE_PRICE_OFFER,,1,A202209,C2023Q3T09,V-SA,SA1,2,10666.67
D,RESIDUE_PRICE_OFFER,,1,A202209,C2023Q3T09,V-SA,SA1,2,11333.33
D,RESIDUE_PRICE_OFFER,,1,A202209,C2023Q3T09,V-SA,SA1,2,12000
D,RESIDUE_PRICE_OFFER,,1,A202209,C2023Q3T09,V-SA,SA1,2,12666.67
D,RESIDUE_PRICE_OFFER,,1,A202209,C2023Q3T09,V-SA,SA1,2,13333.33
D,RESIDUE_PRICE_OFFER,,1,A202209,C2023Q3T09,V-SA,SA1,2,14000
D,RESIDUE_PRICE_OFFER,,1,A202209,C2023Q3T09,V-SA,SA1,2,14666.67
D,RESIDUE_PRICE_OFFER,,1,A202209,C2023Q3T09,V-SA,SA1,2,15333.33
D,RESIDUE_PRICE_OFFER,,1,A202209,C2023Q3T09,V-SA,SA1,2,16000
D,RESIDUE_PRICE_OFFER,,1,A202209,C2023Q3T09,V-SA,SA1,5,9360
D,RESIDUE_PRICE_OFFER,,1,A202209,C2023Q3T09,V-SA,SA1,5,10764
D,RESIDUE_PRICE_OFFER,,1,A202209,C2023Q3T09,V-SA,SA1,5,12378.60
D,RESIDUE_PRICE_OFFER,,1,A202209,C2023Q3T09,V-SA,SA1,5,14235.39
D,RESIDUE_PRICE_OFFER,,1,A202209,C2023Q3T09,V-SA,SA1,64,0
D,RESIDUE_PRICE_OFFER,,1,A202209,C2023Q3T09,V-SA,VIC1,1,30100.85
D,RESIDUE_PRICE_OFFER,,1,A202209,C2023Q3T09,V-SA,VIC1,1,30200.85
D,RESIDUE_PRICE_OFFER,,1,A202209,C2023Q3T09,V-SA,VIC1,1,30300.85
D,RESIDUE_PRICE_OFFER,,1,A202209,C2023Q3T09,V-SA,VIC1,1,30400.85
D,RESIDUE_PRICE_OFFER,,1,A202209,C2023Q3T09,V-SA,VIC1,1,30500.85
D,RESIDUE_PRICE_OFFER,,1,A202209,C2023Q3T09,V-SA,VIC1,1,30600.85
D,RESIDUE_PRICE_OFFER,,1,A202209,C2023Q3T09,V-SA,VIC1,1,30700.85
D,RESIDUE_PRICE_OFFER,,1,A202209,C2023Q3T09,V-SA,VIC1,1,30800.85
D,RESIDUE_PRICE_OFFER,,1,A202209,C2023Q3T09,V-SA,VIC1,1,30900.85
D,RESIDUE_PRICE_OFFER,,1,A202209,C2023Q3T09,V-SA,VIC1,1,31000.85
D,RESIDUE_PRICE_OFFER,,1,A202209,C2023Q3T09,V-SA,VIC1,5,51932.16
D,RESIDUE_PRICE_OFFER,,1,A202209,C2023Q3T09,V-SA,VIC1,5,62318.5920
D,RESIDUE_PRICE_OFFER,,1,A202209,C2023Q3T09,V-SA,VIC1,5,74782.3104
D,RESIDUE_PRICE_OFFER,,1,A202209,C2023Q3T09,V-SA,VIC1,5,89738.772480
D,RESIDUE_PRICE_OFFER,,1,A202209,C2023Q3T09,V-SA,VIC1,73,0
D,RESIDUE_PRICE_OFFER,,1,A202209,C2023Q3T09,VIC1-NSW1,NSW1,1,3042.07
D,RESIDUE_PRICE_OFFER,,1,A202209,C2023Q3T09,VIC1-NSW1,NSW1,1,3084.07
D,RESIDUE_PRICE_OFFER,,1,A202209,C2023Q3T09,VIC1-NSW1,NSW1,1,3126.07
D,RESIDUE_PRICE_OFFER,,1,A202209,C2023Q3T09,VIC1-NSW1,NSW1,1,3168.07
D,RESIDUE_PRICE_OFFER,,1,A202209,C2023Q3T09,VIC1-NSW1,NSW1,1,3210.07
D,RESIDUE_PRICE_OFFER,,1,A202209,C2023Q3T09,VIC1-NSW1,NSW1,1,3252.07
D,RESIDUE_PRICE_OFFER,,1,A202209,C2023Q3T09,VIC1-NSW1,NSW1,1,3294.07
D,RESIDUE_PRICE_OFFER,,1,A202209,C2023Q3T09,VIC1-NSW1,NSW1,1,3336.07
D,RESIDUE_PRICE_OFFER,,1,A202209,C2023Q3T09,VIC1-NSW1,NSW1,1,3378.07
D,RESIDUE_PRICE_OFFER,,1,A202209,C2023Q3T09,VIC1-NSW1,NSW1,1,3420.07
D,RESIDUE_PRICE_OFFER,,1,A202209,C2023Q3T09,VIC1-NSW1,NSW1,1,3462.07
D,RESIDUE_PRICE_OFFER,,1,A202209,C2023Q3T09,VIC1-NSW1,NSW1,1,3504.07
D,RESIDUE_PRICE_OFFER,,1,A202209,C2023Q3T09,VIC1-NSW1,NSW1,1,3546.07
D,RESIDUE_PRICE_OFFER,,1,A202209,C2023Q3T09,VIC1-NSW1,NSW1,1,3588.07
D,RESIDUE_PRICE_OFFER,,1,A202209,C2023Q3T09,VIC1-NSW1,NSW1,1,3630.07
D,RESIDUE_PRICE_OFFER,,1,A202209,C2023Q3T09,VIC1-NSW1,NSW1,1,3672.07
D,RESIDUE_PRICE_OFFER,,1,A202209,C2023Q3T09,VIC1-NSW1,NSW1,1,3714.07
D,RESIDUE_PRICE_OFFER,,1,A202209,C2023Q3T09,VIC1-NSW1,NSW1,1,3756.07
D,RESIDUE_PRICE_OFFER,,1,A202209,C2023Q3T09,VIC1-NSW1,NSW1,1,3798.07
D,RESIDUE_PRICE_OFFER,,1,A202209,C2023Q3T09,VIC1-NSW1,NSW1,1,3840.07
D,RESIDUE_PRICE_OFFER,,1,A202209,C2023Q3T09,VIC1-NSW1,NSW1,1,3882.07
D,RESIDUE_PRICE_OFFER,,1,A202209,C2023Q3T09,VIC1-NSW1,NSW1,1,3924.07
D,RESIDUE_PRICE_OFFER,,1,A202209,C2023Q3T09,VIC1-NSW1,NSW1,1,3966.07
D,RESIDUE_PRICE_OFFER,,1,A202209,C2023Q3T09,VIC1-NSW1,NSW1,1,4008.07
D,RESIDUE_PRICE_OFFER,,1,A202209,C2023Q3T09,VIC1-NSW1,NSW1,1,4050.07
D,RESIDUE_PRICE_OFFER,,1,A202209,C2023Q3T09,VIC1-NSW1,NSW1,1,4092.07
D,RESIDUE_PRICE_OFFER,,1,A202209,C2023Q3T09,VIC1-NSW1,NSW1,1,4134.07
D,RESIDUE_PRICE_OFFER,,1,A202209,C2023Q3T09,VIC1-NSW1,NSW1,1,4176.07
D,RESIDUE_PRICE_OFFER,,1,A202209,C2023Q3T09,VIC1-NSW1,NSW1,1,4218.07
D,RESIDUE_PRICE_OFFER,,1,A202209,C2023Q3T09,VIC1-NSW1,NSW1,1,4260.07
D,RESIDUE_PRICE_OFFER,,1,A202209,C2023Q3T09,VIC1-NSW1,NSW1,1,4302.07
D,RESIDUE_PRICE_OFFER,,1,A202209,C2023Q3T09,VIC1-NSW1,NSW1,1,4344.07
D,RESIDUE_PRICE_OFFER,,1,A202209,C2023Q3T09,VIC1-NSW1,NSW1,1,4386.07
D,RESIDUE_PRICE_OFFER,,1,A202209,C2023Q3T09,VIC1-NSW1,NSW1,1,4428.07
D,RESIDUE_PRICE_OFFER,,1,A202209,C2023Q3T09,VIC1-NSW1,NSW1,1,4470.07
D,RESIDUE_PRICE_OFFER,,1,A202209,C2023Q3T09,VIC1-NSW1,NSW1,1,4512.07
D,RESIDUE_PRICE_OFFER,,1,A202209,C2023Q3T09,VIC1-NSW1,NSW1,1,4554.07
D,RESIDUE_PRICE_OFFER,,1,A202209,C2023Q3T09,VIC1-NSW1,NSW1,1,4596.07
D,RESIDUE_PRICE_OFFER,,1,A202209,C2023Q3T09,VIC1-NSW1,NSW1,1,4638.07
D,RESIDUE_PRICE_OFFER,,1,A202209,C2023Q3T09,VIC1-NSW1,NSW1,1,4680.07
D,RESIDUE_PRICE_OFFER,,1,A202209,C2023Q3T09,VIC1-NSW1,NSW1,1,4722.07
D,RESIDUE_PRICE_OFFER,,1,A202209,C2023Q3T09,VIC1-NSW1,NSW1,1,4764.07
D,RESIDUE_PRICE_OFFER,,1,A202209,C2023Q3T09,VIC1-NSW1,NSW1,1,4806.07
D,RESIDUE_PRICE_OFFER,,1,A202209,C2023Q3T09,VIC1-NSW1,NSW1,1,4848.07
D,RESIDUE_PRICE_OFFER,,1,A202209,C2023Q3T09,VIC1-NSW1,NSW1,1,4890.07
D,RESIDUE_PRICE_OFFER,,1,A202209,C2023Q3T09,VIC1-NSW1,NSW1,1,4932.07
D,RESIDUE_PRICE_OFFER,,1,A202209,C2023Q3T09,VIC1-NSW1,NSW1,1,4974.07
D,RESIDUE_PRICE_OFFER,,1,A202209,C2023Q3T09,VIC1-NSW1,NSW1,5,4404.70
D,RESIDUE_PRICE_OFFER,,1,A202209,C2023Q3T09,VIC1-NSW1,NSW1,5,5505.8750
D,RESIDUE_PRICE_OFFER,,1,A202209,C2023Q3T09,VIC1-NSW1,NSW1,5,6882.343750
D,RESIDUE_PRICE_OFFER,,1,A202209,C2023Q3T09,VIC1-NSW1,NSW1,5,8602.929680
D,RESIDUE_PRICE_OFFER,,1,A202209,C2023Q3T09,VIC1-NSW1,NSW1,10,2500
D,RESIDUE_PRICE_OFFER,,1,A202209,C2023Q3T09,VIC1-NSW1,NSW1,15,5000
D,RESIDUE_PRICE_OFFER,,1,A202209,C2023Q3T09,VIC1-NSW1,NSW1,25,3500
D,RESIDUE_PRICE_OFFER,,1,A202209,C2023Q3T09,VIC1-NSW1,NSW1,108,0
D,RESIDUE_PRICE_OFFER,,1,A202209,C2023Q3T09,VIC1-NSW1,VIC1,1,40840.25
D,RESIDUE_PRICE_OFFER,,1,A202209,C2023Q3T09,VIC1-NSW1,VIC1,1,40930.25
D,RESIDUE_PRICE_OFFER,,1,A202209,C2023Q3T09,VIC1-NSW1,VIC1,1,41020.25
D,RESIDUE_PRICE_OFFER,,1,A202209,C2023Q3T09,VIC1-NSW1,VIC1,1,41110.25
D,RESIDUE_PRICE_OFFER,,1,A202209,C2023Q3T09,VIC1-NSW1,VIC1,1,41200.25
D,RESIDUE_PRICE_OFFER,,1,A202209,C2023Q3T09,VIC1-NSW1,VIC1,1,41290.25
D,RESIDUE_PRICE_OFFER,,1,A202209,C2023Q3T09,VIC1-NSW1,VIC1,1,41380.25
D,RESIDUE_PRICE_OFFER,,1,A202209,C2023Q3T09,VIC1-NSW1,VIC1,1,41470.25
D,RESIDUE_PRICE_OFFER,,1,A202209,C2023Q3T09,VIC1-NSW1,VIC1,1,41560.25
D,RESIDUE_PRICE_OFFER,,1,A202209,C2023Q3T09,VIC1-NSW1,VIC1,1,41650.25
D,RESIDUE_PRICE_OFFER,,1,A202209,C2023Q3T09,VIC1-NSW1,VIC1,1,41740.25
D,RESIDUE_PRICE_OFFER,,1,A202209,C2023Q3T09,VIC1-NSW1,VIC1,1,41830.25
D,RESIDUE_PRICE_OFFER,,1,A202209,C2023Q3T09,VIC1-NSW1,VIC1,1,41920.25
D,RESIDUE_PRICE_OFFER,,1,A202209,C2023Q3T09,VIC1-NSW1,VIC1,1,42010.25
D,RESIDUE_PRICE_OFFER,,1,A202209,C2023Q3T09,VIC1-NSW1,VIC1,1,42100.25
D,RESIDUE_PRICE_OFFER,,1,A202209,C2023Q3T09,VIC1-NSW1,VIC1,1,42190.25
D,RESIDUE_PRICE_OFFER,,1,A202209,C2023Q3T09,VIC1-NSW1,VIC1,1,42280.25
D,RESIDUE_PRICE_OFFER,,1,A202209,C2023Q3T09,VIC1-NSW1,VIC1,1,42370.25
D,RESIDUE_PRICE_OFFER,,1,A202209,C2023Q3T09,VIC1-NSW1,VIC1,1,42460.25
D,RESIDUE_PRICE_OFFER,,1,A202209,C2023Q3T09,VIC1-NSW1,VIC1,1,42550.25
D,RESIDUE_PRICE_OFFER,,1,A202209,C2023Q3T09,VIC1-NSW1,VIC1,1,42640.25
D,RESIDUE_PRICE_OFFER,,1,A202209,C2023Q3T09,VIC1-NSW1,VIC1,1,42730.25
D,RESIDUE_PRICE_OFFER,,1,A202209,C2023Q3T09,VIC1-NSW1,VIC1,1,42820.25
D,RESIDUE_PRICE_OFFER,,1,A202209,C2023Q3T09,VIC1-NSW1,VIC1,1,42910.25
D,RESIDUE_PRICE_OFFER,,1,A202209,C2023Q3T09,VIC1-NSW1,VIC1,1,43000.25
D,RESIDUE_PRICE_OFFER,,1,A202209,C2023Q3T09,VIC1-NSW1,VIC1,1,60400.25
D,RESIDUE_PRICE_OFFER,,1,A202209,C2023Q3T09,VIC1-NSW1,VIC1,1,60800.25
D,RESIDUE_PRICE_OFFER,,1,A202209,C2023Q3T09,VIC1-NSW1,VIC1,1,61200.25
D,RESIDUE_PRICE_OFFER,,1,A202209,C2023Q3T09,VIC1-NSW1,VIC1,1,61600.25
D,RESIDUE_PRICE_OFFER,,1,A202209,C2023Q3T09,VIC1-NSW1,VIC1,1,62000.25
D,RESIDUE_PRICE_OFFER,,1,A202209,C2023Q3T09,VIC1-NSW1,VIC1,1,62400.25
D,RESIDUE_PRICE_OFFER,,1,A202209,C2023Q3T09,VIC1-NSW1,VIC1,1,62800.25
D,RESIDUE_PRICE_OFFER,,1,A202209,C2023Q3T09,VIC1-NSW1,VIC1,1,63200.25
D,RESIDUE_PRICE_OFFER,,1,A202209,C2023Q3T09,VIC1-NSW1,VIC1,1,63600.25
D,RESIDUE_PRICE_OFFER,,1,A202209,C2023Q3T09,VIC1-NSW1,VIC1,1,64000.25
D,RESIDUE_PRICE_OFFER,,1,A202209,C2023Q3T09,VIC1-NSW1,VIC1,1,64400.25
D,RESIDUE_PRICE_OFFER,,1,A202209,C2023Q3T09,VIC1-NSW1,VIC1,1,64800.25
D,RESIDUE_PRICE_OFFER,,1,A202209,C2023Q3T09,VIC1-NSW1,VIC1,1,65200.25
D,RESIDUE_PRICE_OFFER,,1,A202209,C2023Q3T09,VIC1-NSW1,VIC1,1,65600.25
D,RESIDUE_PRICE_OFFER,,1,A202209,C2023Q3T09,VIC1-NSW1,VIC1,1,66000.25
D,RESIDUE_PRICE_OFFER,,1,A202209,C2023Q3T09,VIC1-NSW1,VIC1,1,66400.25
D,RESIDUE_PRICE_OFFER,,1,A202209,C2023Q3T09,VIC1-NSW1,VIC1,1,66800.25
D,RESIDUE_PRICE_OFFER,,1,A202209,C2023Q3T09,VIC1-NSW1,VIC1,1,67200.25
D,RESIDUE_PRICE_OFFER,,1,A202209,C2023Q3T09,VIC1-NSW1,VIC1,1,67600.25
D,RESIDUE_PRICE_OFFER,,1,A202209,C2023Q3T09,VIC1-NSW1,VIC1,1,68000.25
D,RESIDUE_PRICE_OFFER,,1,A202209,C2023Q3T09,VIC1-NSW1,VIC1,1,68400.25
D,RESIDUE_PRICE_OFFER,,1,A202209,C2023Q3T09,VIC1-NSW1,VIC1,1,68800.25
D,RESIDUE_PRICE_OFFER,,1,A202209,C2023Q3T09,VIC1-NSW1,VIC1,1,69200.25
D,RESIDUE_PRICE_OFFER,,1,A202209,C2023Q3T09,VIC1-NSW1,VIC1,1,69600.25
D,RESIDUE_PRICE_OFFER,,1,A202209,C2023Q3T09,VIC1-NSW1,VIC1,1,70000.25
D,RESIDUE_PRICE_OFFER,,1,A202209,C2023Q3T09,VIC1-NSW1,VIC1,1,70400.25
D,RESIDUE_PRICE_OFFER,,1,A202209,C2023Q3T09,VIC1-NSW1,VIC1,1,70800.25
D,RESIDUE_PRICE_OFFER,,1,A202209,C2023Q3T09,VIC1-NSW1,VIC1,1,71200.25
D,RESIDUE_PRICE_OFFER,,1,A202209,C2023Q3T09,VIC1-NSW1,VIC1,1,71600.25
D,RESIDUE_PRICE_OFFER,,1,A202209,C2023Q3T09,VIC1-NSW1,VIC1,1,72000.25
D,RESIDUE_PRICE_OFFER,,1,A202209,C2023Q3T09,VIC1-NSW1,VIC1,1,72400.25
D,RESIDUE_PRICE_OFFER,,1,A202209,C2023Q3T09,VIC1-NSW1,VIC1,1,72800.25
D,RESIDUE_PRICE_OFFER,,1,A202209,C2023Q3T09,VIC1-NSW1,VIC1,1,73200.25
D,RESIDUE_PRICE_OFFER,,1,A202209,C2023Q3T09,VIC1-NSW1,VIC1,1,73600.25
D,RESIDUE_PRICE_OFFER,,1,A202209,C2023Q3T09,VIC1-NSW1,VIC1,1,74000.25
D,RESIDUE_PRICE_OFFER,,1,A202209,C2023Q3T09,VIC1-NSW1,VIC1,1,74400.25
D,RESIDUE_PRICE_OFFER,,1,A202209,C2023Q3T09,VIC1-NSW1,VIC1,1,74800.25
D,RESIDUE_PRICE_OFFER,,1,A202209,C2023Q3T09,VIC1-NSW1,VIC1,1,75200.25
D,RESIDUE_PRICE_OFFER,,1,A202209,C2023Q3T09,VIC1-NSW1,VIC1,1,75600.25
D,RESIDUE_PRICE_OFFER,,1,A202209,C2023Q3T09,VIC1-NSW1,VIC1,1,76000.25
D,RESIDUE_PRICE_OFFER,,1,A202209,C2023Q3T09,VIC1-NSW1,VIC1,1,76400.25
D,RESIDUE_PRICE_OFFER,,1,A202209,C2023Q3T09,VIC1-NSW1,VIC1,1,76800.25
D,RESIDUE_PRICE_OFFER,,1,A202209,C2023Q3T09,VIC1-NSW1,VIC1,1,77200.25
D,RESIDUE_PRICE_OFFER,,1,A202209,C2023Q3T09,VIC1-NSW1,VIC1,1,77600.25
D,RESIDUE_PRICE_OFFER,,1,A202209,C2023Q3T09,VIC1-NSW1,VIC1,1,78000.25
D,RESIDUE_PRICE_OFFER,,1,A202209,C2023Q3T09,VIC1-NSW1,VIC1,1,78400.25
D,RESIDUE_PRICE_OFFER,,1,A202209,C2023Q3T09,VIC1-NSW1,VIC1,1,78800.25
D,RESIDUE_PRICE_OFFER,,1,A202209,C2023Q3T09,VIC1-NSW1,VIC1,1,79200.25
D,RESIDUE_PRICE_OFFER,,1,A202209,C2023Q3T09,VIC1-NSW1,VIC1,1,79600.25
D,RESIDUE_PRICE_OFFER,,1,A202209,C2023Q3T09,VIC1-NSW1,VIC1,1,80000.25
D,RESIDUE_PRICE_OFFER,,1,A202209,C2023Q3T09,VIC1-NSW1,VIC1,5,50750
D,RESIDUE_PRICE_OFFER,,1,A202209,C2023Q3T09,VIC1-NSW1,VIC1,5,58479.4440
D,RESIDUE_PRICE_OFFER,,1,A202209,C2023Q3T09,VIC1-NSW1,VIC1,5,65496.977280
D,RESIDUE_PRICE_OFFER,,1,A202209,C2023Q3T09,VIC1-NSW1,VIC1,9,40250
D,RESIDUE_PRICE_OFFER,,1,A202209,C2023Q3T09,VIC1-NSW1,VIC1,10,73356.614550
D,RESIDUE_PRICE_OFFER,,1,A202209,C2023Q3T09,VIC1-NSW1,VIC1,10,82159.4083
D,RESIDUE_PRICE_OFFER,,1,A202209,C2023Q3T09,VIC1-NSW1,VIC1,20,57060
D,RESIDUE_PRICE_OFFER,,1,A202209,C2023Q3T09,VIC1-NSW1,VIC1,125,0
D,RESIDUE_PRICE_OFFER,,1,A202209,C2023Q4T08,NSW1-QLD1,NSW1,5,13394.50
D,RESIDUE_PRICE_OFFER,,1,A202209,C2023Q4T08,NSW1-QLD1,NSW1,5,15994.50
D,RESIDUE_PRICE_OFFER,,1,A202209,C2023Q4T08,NSW1-QLD1,NSW1,5,18994.50
D,RESIDUE_PRICE_OFFER,,1,A202209,C2023Q4T08,NSW1-QLD1,NSW1,5,21994.50
D,RESIDUE_PRICE_OFFER,,1,A202209,C2023Q4T08,NSW1-QLD1,NSW1,45,0
D,RESIDUE_PRICE_OFFER,,1,A202209,C2023Q4T08,NSW1-QLD1,QLD1,1,15080.71
D,RESIDUE_PRICE_OFFER,,1,A202209,C2023Q4T08,NSW1-QLD1,QLD1,1,15160.71
D,RESIDUE_PRICE_OFFER,,1,A202209,C2023Q4T08,NSW1-QLD1,QLD1,1,15240.71
D,RESIDUE_PRICE_OFFER,,1,A202209,C2023Q4T08,NSW1-QLD1,QLD1,1,15320.71
D,RESIDUE_PRICE_OFFER,,1,A202209,C2023Q4T08,NSW1-QLD1,QLD1,1,15400.71
D,RESIDUE_PRICE_OFFER,,1,A202209,C2023Q4T08,NSW1-QLD1,QLD1,1,15480.71
D,RESIDUE_PRICE_OFFER,,1,A202209,C2023Q4T08,NSW1-QLD1,QLD1,1,15560.71
D,RESIDUE_PRICE_OFFER,,1,A202209,C2023Q4T08,NSW1-QLD1,QLD1,1,15640.71
D,RESIDUE_PRICE_OFFER,,1,A202209,C2023Q4T08,NSW1-QLD1,QLD1,1,15720.71
D,RESIDUE_PRICE_OFFER,,1,A202209,C2023Q4T08,NSW1-QLD1,QLD1,1,15800.71
D,RESIDUE_PRICE_OFFER,,1,A202209,C2023Q4T08,NSW1-QLD1,QLD1,1,15880.71
D,RESIDUE_PRICE_OFFER,,1,A202209,C2023Q4T08,NSW1-QLD1,QLD1,1,15960.71
D,RESIDUE_PRICE_OFFER,,1,A202209,C2023Q4T08,NSW1-QLD1,QLD1,1,16040.71
D,RESIDUE_PRICE_OFFER,,1,A202209,C2023Q4T08,NSW1-QLD1,QLD1,1,16120.71
D,RESIDUE_PRICE_OFFER,,1,A202209,C2023Q4T08,NSW1-QLD1,QLD1,1,16200.71
D,RESIDUE_PRICE_OFFER,,1,A202209,C2023Q4T08,NSW1-QLD1,QLD1,1,16280.71
D,RESIDUE_PRICE_OFFER,,1,A202209,C2023Q4T08,NSW1-QLD1,QLD1,1,16360.71
D,RESIDUE_PRICE_OFFER,,1,A202209,C2023Q4T08,NSW1-QLD1,QLD1,1,16440.71
D,RESIDUE_PRICE_OFFER,,1,A202209,C2023Q4T08,NSW1-QLD1,QLD1,1,16520.71
D,RESIDUE_PRICE_OFFER,,1,A202209,C2023Q4T08,NSW1-QLD1,QLD1,1,16600.71
D,RESIDUE_PRICE_OFFER,,1,A202209,C2023Q4T08,NSW1-QLD1,QLD1,1,16680.71
D,RESIDUE_PRICE_OFFER,,1,A202209,C2023Q4T08,NSW1-QLD1,QLD1,1,16760.71
D,RESIDUE_PRICE_OFFER,,1,A202209,C2023Q4T08,NSW1-QLD1,QLD1,1,16840.71
D,RESIDUE_PRICE_OFFER,,1,A202209,C2023Q4T08,NSW1-QLD1,QLD1,1,16920.71
D,RESIDUE_PRICE_OFFER,,1,A202209,C2023Q4T08,NSW1-QLD1,QLD1,1,17000.71
D,RESIDUE_PRICE_OFFER,,1,A202209,C2023Q4T08,NSW1-QLD1,QLD1,1,26000.71
D,RESIDUE_PRICE_OFFER,,1,A202209,C2023Q4T08,NSW1-QLD1,QLD1,1,27000.71
D,RESIDUE_PRICE_OFFER,,1,A202209,C2023Q4T08,NSW1-QLD1,QLD1,1,28000.71
D,RESIDUE_PRICE_OFFER,,1,A202209,C2023Q4T08,NSW1-QLD1,QLD1,1,29000.71
D,RESIDUE_PRICE_OFFER,,1,A202209,C2023Q4T08,NSW1-QLD1,QLD1,1,30000.71
D,RESIDUE_PRICE_OFFER,,1,A202209,C2023Q4T08,NSW1-QLD1,QLD1,1,31000.71
D,RESIDUE_PRICE_OFFER,,1,A202209,C2023Q4T08,NSW1-QLD1,QLD1,1,32000.71
D,RESIDUE_PRICE_OFFER,,1,A202209,C2023Q4T08,NSW1-QLD1,QLD1,1,33000.71
D,RESIDUE_PRICE_OFFER,,1,A202209,C2023Q4T08,NSW1-QLD1,QLD1,1,34000.71
D,RESIDUE_PRICE_OFFER,,1,A202209,C2023Q4T08,NSW1-QLD1,QLD1,1,35000.71
D,RESIDUE_PRICE_OFFER,,1,A202209,C2023Q4T08,NSW1-QLD1,QLD1,10,15604.880780
D,RESIDUE_PRICE_OFFER,,1,A202209,C2023Q4T08,NSW1-QLD1,QLD1,10,16604.880780
D,RESIDUE_PRICE_OFFER,,1,A202209,C2023Q4T08,NSW1-QLD1,QLD1,10,17604.880780
D,RESIDUE_PRICE_OFFER,,1,A202209,C2023Q4T08,NSW1-QLD1,QLD1,10,18604.880780
D,RESIDUE_PRICE_OFFER,,1,A202209,C2023Q4T08,NSW1-QLD1,QLD1,20,26370
D,RESIDUE_PRICE_OFFER,,1,A202209,C2023Q4T08,NSW1-QLD1,QLD1,25,20000
D,RESIDUE_PRICE_OFFER,,1,A202209,C2023Q4T08,NSW1-QLD1,QLD1,100,0
D,RESIDUE_PRICE_OFFER,,1,A202209,C2023Q4T08,V-SA,SA1,1,10000
D,RESIDUE_PRICE_OFFER,,1,A202209,C2023Q4T08,V-SA,SA1,1,11200.76
D,RESIDUE_PRICE_OFFER,,1,A202209,C2023Q4T08,V-SA,SA1,1,11400.76
D,RESIDUE_PRICE_OFFER,,1,A202209,C2023Q4T08,V-SA,SA1,1,11600.76
D,RESIDUE_PRICE_OFFER,,1,A202209,C2023Q4T08,V-SA,SA1,1,11800.76
D,RESIDUE_PRICE_OFFER,,1,A202209,C2023Q4T08,V-SA,SA1,1,12000.76
D,RESIDUE_PRICE_OFFER,,1,A202209,C2023Q4T08,V-SA,SA1,1,12200.76
D,RESIDUE_PRICE_OFFER,,1,A202209,C2023Q4T08,V-SA,SA1,1,12400.76
D,RESIDUE_PRICE_OFFER,,1,A202209,C2023Q4T08,V-SA,SA1,1,12600.76
D,RESIDUE_PRICE_OFFER,,1,A202209,C2023Q4T08,V-SA,SA1,1,12800.76
D,RESIDUE_PRICE_OFFER,,1,A202209,C2023Q4T08,V-SA,SA1,1,13000.76
D,RESIDUE_PRICE_OFFER,,1,A202209,C2023Q4T08,V-SA,SA1,2,10857.14
D,RESIDUE_PRICE_OFFER,,1,A202209,C2023Q4T08,V-SA,SA1,2,11714.29
D,RESIDUE_PRICE_OFFER,,1,A202209,C2023Q4T08,V-SA,SA1,2,12571.43
D,RESIDUE_PRICE_OFFER,,1,A202209,C2023Q4T08,V-SA,SA1,2,13428.57
D,RESIDUE_PRICE_OFFER,,1,A202209,C2023Q4T08,V-SA,SA1,2,14285.71
D,RESIDUE_PRICE_OFFER,,1,A202209,C2023Q4T08,V-SA,SA1,2,15142.86
D,RESIDUE_PRICE_OFFER,,1,A202209,C2023Q4T08,V-SA,SA1,2,16000
D,RESIDUE_PRICE_OFFER,,1,A202209,C2023Q4T08,V-SA,SA1,5,12296.808330
D,RESIDUE_PRICE_OFFER,,1,A202209,C2023Q4T08,V-SA,SA1,5,14141.329580
D,RESIDUE_PRICE_OFFER,,1,A202209,C2023Q4T08,V-SA,SA1,5,16262.529020
D,RESIDUE_PRICE_OFFER,,1,A202209,C2023Q4T08,V-SA,SA1,5,18701.908370
D,RESIDUE_PRICE_OFFER,,1,A202209,C2023Q4T08,V-SA,SA1,64,0
D,RESIDUE_PRICE_OFFER,,1,A202209,C2023Q4T08,V-SA,VIC1,1,25100.85
D,RESIDUE_PRICE_OFFER,,1,A202209,C2023Q4T08,V-SA,VIC1,1,25200.85
D,RESIDUE_PRICE_OFFER,,1,A202209,C2023Q4T08,V-SA,VIC1,1,25300.85
D,RESIDUE_PRICE_OFFER,,1,A202209,C2023Q4T08,V-SA,VIC1,1,25400.85
D,RESIDUE_PRICE_OFFER,,1,A202209,C2023Q4T08,V-SA,VIC1,1,25500.85
D,RESIDUE_PRICE_OFFER,,1,A202209,C2023Q4T08,V-SA,VIC1,1,25600.85
D,RESIDUE_PRICE_OFFER,,1,A202209,C2023Q4T08,V-SA,VIC1,1,25700.85
D,RESIDUE_PRICE_OFFER,,1,A202209,C2023Q4T08,V-SA,VIC1,1,25800.85
D,RESIDUE_PRICE_OFFER,,1,A202209,C2023Q4T08,V-SA,VIC1,1,25900.85
D,RESIDUE_PRICE_OFFER,,1,A202209,C2023Q4T08,V-SA,VIC1,1,26000.85
D,RESIDUE_PRICE_OFFER,,1,A202209,C2023Q4T08,V-SA,VIC1,5,33384.96
D,RESIDUE_PRICE_OFFER,,1,A202209,C2023Q4T08,V-SA,VIC1,5,40061.951990
D,RESIDUE_PRICE_OFFER,,1,A202209,C2023Q4T08,V-SA,VIC1,5,48074.3424
D,RESIDUE_PRICE_OFFER,,1,A202209,C2023Q4T08,V-SA,VIC1,5,57689.210880
D,RESIDUE_PRICE_OFFER,,1,A202209,C2023Q4T08,V-SA,VIC1,73,0
D,RESIDUE_PRICE_OFFER,,1,A202209,C2023Q4T08,VIC1-NSW1,NSW1,1,1958.07
D,RESIDUE_PRICE_OFFER,,1,A202209,C2023Q4T08,VIC1-NSW1,NSW1,1,1966.07
D,RESIDUE_PRICE_OFFER,,1,A202209,C2023Q4T08,VIC1-NSW1,NSW1,1,1974.07
D,RESIDUE_PRICE_OFFER,,1,A202209,C2023Q4T08,VIC1-NSW1,NSW1,1,1982.07
D,RESIDUE_PRICE_OFFER,,1,A202209,C2023Q4T08,VIC1-NSW1,NSW1,1,1990.07
D,RESIDUE_PRICE_OFFER,,1,A202209,C2023Q4T08,VIC1-NSW1,NSW1,1,1998.07
D,RESIDUE_PRICE_OFFER,,1,A202209,C2023Q4T08,VIC1-NSW1,NSW1,1,2006.07
D,RESIDUE_PRICE_OFFER,,1,A202209,C2023Q4T08,VIC1-NSW1,NSW1,1,2014.07
D,RESIDUE_PRICE_OFFER,,1,A202209,C2023Q4T08,VIC1-NSW1,NSW1,1,2022.07
D,RESIDUE_PRICE_OFFER,,1,A202209,C2023Q4T08,VIC1-NSW1,NSW1,1,2030.07
D,RESIDUE_PRICE_OFFER,,1,A202209,C2023Q4T08,VIC1-NSW1,NSW1,1,2038.07
D,RESIDUE_PRICE_OFFER,,1,A202209,C2023Q4T08,VIC1-NSW1,NSW1,1,2046.07
D,RESIDUE_PRICE_OFFER,,1,A202209,C2023Q4T08,VIC1-NSW1,NSW1,1,2054.07
D,RESIDUE_PRICE_OFFER,,1,A202209,C2023Q4T08,VIC1-NSW1,NSW1,1,2062.07
D,RESIDUE_PRICE_OFFER,,1,A202209,C2023Q4T08,VIC1-NSW1,NSW1,1,2070.07
D,RESIDUE_PRICE_OFFER,,1,A202209,C2023Q4T08,VIC1-NSW1,NSW1,1,2078.07
D,RESIDUE_PRICE_OFFER,,1,A202209,C2023Q4T08,VIC1-NSW1,NSW1,1,2086.07
D,RESIDUE_PRICE_OFFER,,1,A202209,C2023Q4T08,VIC1-NSW1,NSW1,1,2094.07
D,RESIDUE_PRICE_OFFER,,1,A202209,C2023Q4T08,VIC1-NSW1,NSW1,1,2102.07
D,RESIDUE_PRICE_OFFER,,1,A202209,C2023Q4T08,VIC1-NSW1,NSW1,1,2110.07
D,RESIDUE_PRICE_OFFER,,1,A202209,C2023Q4T08,VIC1-NSW1,NSW1,1,2118.07
D,RESIDUE_PRICE_OFFER,,1,A202209,C2023Q4T08,VIC1-NSW1,NSW1,1,2126.07
D,RESIDUE_PRICE_OFFER,,1,A202209,C2023Q4T08,VIC1-NSW1,NSW1,1,2134.07
D,RESIDUE_PRICE_OFFER,,1,A202209,C2023Q4T08,VIC1-NSW1,NSW1,1,2142.07
D,RESIDUE_PRICE_OFFER,,1,A202209,C2023Q4T08,VIC1-NSW1,NSW1,5,1910
D,RESIDUE_PRICE_OFFER,,1,A202209,C2023Q4T08,VIC1-NSW1,NSW1,5,2674
D,RESIDUE_PRICE_OFFER,,1,A202209,C2023Q4T08,VIC1-NSW1,NSW1,5,3743.60
D,RESIDUE_PRICE_OFFER,,1,A202209,C2023Q4T08,VIC1-NSW1,NSW1,5,5241.04
D,RESIDUE_PRICE_OFFER,,1,A202209,C2023Q4T08,VIC1-NSW1,NSW1,108,0
D,RESIDUE_PRICE_OFFER,,1,A202209,C2023Q4T08,VIC1-NSW1,VIC1,1,39160.25
D,RESIDUE_PRICE_OFFER,,1,A202209,C2023Q4T08,VIC1-NSW1,VIC1,1,39320.25
D,RESIDUE_PRICE_OFFER,,1,A202209,C2023Q4T08,VIC1-NSW1,VIC1,1,39480.25
D,RESIDUE_PRICE_OFFER,,1,A202209,C2023Q4T08,VIC1-NSW1,VIC1,1,39640.25
D,RESIDUE_PRICE_OFFER,,1,A202209,C2023Q4T08,VIC1-NSW1,VIC1,1,39800.25
D,RESIDUE_PRICE_OFFER,,1,A202209,C2023Q4T08,VIC1-NSW1,VIC1,1,39960.25
D,RESIDUE_PRICE_OFFER,,1,A202209,C2023Q4T08,VIC1-NSW1,VIC1,1,40120.25
D,RESIDUE_PRICE_OFFER,,1,A202209,C2023Q4T08,VIC1-NSW1,VIC1,1,40280.25
D,RESIDUE_PRICE_OFFER,,1,A202209,C2023Q4T08,VIC1-NSW1,VIC1,1,40440.25
D,RESIDUE_PRICE_OFFER,,1,A202209,C2023Q4T08,VIC1-NSW1,VIC1,1,40600.25
D,RESIDUE_PRICE_OFFER,,1,A202209,C2023Q4T08,VIC1-NSW1,VIC1,1,40760.25
D,RESIDUE_PRICE_OFFER,,1,A202209,C2023Q4T08,VIC1-NSW1,VIC1,1,40920.25
D,RESIDUE_PRICE_OFFER,,1,A202209,C2023Q4T08,VIC1-NSW1,VIC1,1,41080.25
D,RESIDUE_PRICE_OFFER,,1,A202209,C2023Q4T08,VIC1-NSW1,VIC1,1,41240.25
D,RESIDUE_PRICE_OFFER,,1,A202209,C2023Q4T08,VIC1-NSW1,VIC1,1,41400.25
D,RESIDUE_PRICE_OFFER,,1,A202209,C2023Q4T08,VIC1-NSW1,VIC1,1,41560.25
D,RESIDUE_PRICE_OFFER,,1,A202209,C2023Q4T08,VIC1-NSW1,VIC1,1,41720.25
D,RESIDUE_PRICE_OFFER,,1,A202209,C2023Q4T08,VIC1-NSW1,VIC1,1,41880.25
D,RESIDUE_PRICE_OFFER,,1,A202209,C2023Q4T08,VIC1-NSW1,VIC1,1,42040.25
D,RESIDUE_PRICE_OFFER,,1,A202209,C2023Q4T08,VIC1-NSW1,VIC1,1,42200.25
D,RESIDUE_PRICE_OFFER,,1,A202209,C2023Q4T08,VIC1-NSW1,VIC1,1,42360.25
D,RESIDUE_PRICE_OFFER,,1,A202209,C2023Q4T08,VIC1-NSW1,VIC1,1,42520.25
D,RESIDUE_PRICE_OFFER,,1,A202209,C2023Q4T08,VIC1-NSW1,VIC1,1,42680.25
D,RESIDUE_PRICE_OFFER,,1,A202209,C2023Q4T08,VIC1-NSW1,VIC1,1,42840.25
D,RESIDUE_PRICE_OFFER,,1,A202209,C2023Q4T08,VIC1-NSW1,VIC1,1,43000.25
D,RESIDUE_PRICE_OFFER,,1,A202209,C2023Q4T08,VIC1-NSW1,VIC1,1,60400.25
D,RESIDUE_PRICE_OFFER,,1,A202209,C2023Q4T08,VIC1-NSW1,VIC1,1,60800.25
D,RESIDUE_PRICE_OFFER,,1,A202209,C2023Q4T08,VIC1-NSW1,VIC1,1,61200.25
D,RESIDUE_PRICE_OFFER,,1,A202209,C2023Q4T08,VIC1-NSW1,VIC1,1,61600.25
D,RESIDUE_PRICE_OFFER,,1,A202209,C2023Q4T08,VIC1-NSW1,VIC1,1,62000.25
D,RESIDUE_PRICE_OFFER,,1,A202209,C2023Q4T08,VIC1-NSW1,VIC1,1,62400.25
D,RESIDUE_PRICE_OFFER,,1,A202209,C2023Q4T08,VIC1-NSW1,VIC1,1,62800.25
D,RESIDUE_PRICE_OFFER,,1,A202209,C2023Q4T08,VIC1-NSW1,VIC1,1,63200.25
D,RESIDUE_PRICE_OFFER,,1,A202209,C2023Q4T08,VIC1-NSW1,VIC1,1,63600.25
D,RESIDUE_PRICE_OFFER,,1,A202209,C2023Q4T08,VIC1-NSW1,VIC1,1,64000.25
D,RESIDUE_PRICE_OFFER,,1,A202209,C2023Q4T08,VIC1-NSW1,VIC1,1,64400.25
D,RESIDUE_PRICE_OFFER,,1,A202209,C2023Q4T08,VIC1-NSW1,VIC1,1,64800.25
D,RESIDUE_PRICE_OFFER,,1,A202209,C2023Q4T08,VIC1-NSW1,VIC1,1,65200.25
D,RESIDUE_PRICE_OFFER,,1,A202209,C2023Q4T08,VIC1-NSW1,VIC1,1,65600.25
D,RESIDUE_PRICE_OFFER,,1,A202209,C2023Q4T08,VIC1-NSW1,VIC1,1,66000.25
D,RESIDUE_PRICE_OFFER,,1,A202209,C2023Q4T08,VIC1-NSW1,VIC1,1,66400.25
D,RESIDUE_PRICE_OFFER,,1,A202209,C2023Q4T08,VIC1-NSW1,VIC1,1,66800.25
D,RESIDUE_PRICE_OFFER,,1,A202209,C2023Q4T08,VIC1-NSW1,VIC1,1,67200.25
D,RESIDUE_PRICE_OFFER,,1,A202209,C2023Q4T08,VIC1-NSW1,VIC1,1,67600.25
D,RESIDUE_PRICE_OFFER,,1,A202209,C2023Q4T08,VIC1-NSW1,VIC1,1,68000.25
D,RESIDUE_PRICE_OFFER,,1,A202209,C2023Q4T08,VIC1-NSW1,VIC1,1,68400.25
D,RESIDUE_PRICE_OFFER,,1,A202209,C2023Q4T08,VIC1-NSW1,VIC1,1,68800.25
D,RESIDUE_PRICE_OFFER,,1,A202209,C2023Q4T08,VIC1-NSW1,VIC1,1,69200.25
D,RESIDUE_PRICE_OFFER,,1,A202209,C2023Q4T08,VIC1-NSW1,VIC1,1,69600.25
D,RESIDUE_PRICE_OFFER,,1,A202209,C2023Q4T08,VIC1-NSW1,VIC1,1,70000.25
D,RESIDUE_PRICE_OFFER,,1,A202209,C2023Q4T08,VIC1-NSW1,VIC1,1,70400.25
D,RESIDUE_PRICE_OFFER,,1,A202209,C2023Q4T08,VIC1-NSW1,VIC1,1,70800.25
D,RESIDUE_PRICE_OFFER,,1,A202209,C2023Q4T08,VIC1-NSW1,VIC1,1,71200.25
D,RESIDUE_PRICE_OFFER,,1,A202209,C2023Q4T08,VIC1-NSW1,VIC1,1,71600.25
D,RESIDUE_PRICE_OFFER,,1,A202209,C2023Q4T08,VIC1-NSW1,VIC1,1,72000.25
D,RESIDUE_PRICE_OFFER,,1,A202209,C2023Q4T08,VIC1-NSW1,VIC1,1,72400.25
D,RESIDUE_PRICE_OFFER,,1,A202209,C2023Q4T08,VIC1-NSW1,VIC1,1,72800.25
D,RESIDUE_PRICE_OFFER,,1,A202209,C2023Q4T08,VIC1-NSW1,VIC1,1,73200.25
D,RESIDUE_PRICE_OFFER,,1,A202209,C2023Q4T08,VIC1-NSW1,VIC1,1,73600.25
D,RESIDUE_PRICE_OFFER,,1,A202209,C2023Q4T08,VIC1-NSW1,VIC1,1,74000.25
D,RESIDUE_PRICE_OFFER,,1,A202209,C2023Q4T08,VIC1-NSW1,VIC1,1,74400.25
D,RESIDUE_PRICE_OFFER,,1,A202209,C2023Q4T08,VIC1-NSW1,VIC1,1,74800.25
D,RESIDUE_PRICE_OFFER,,1,A202209,C2023Q4T08,VIC1-NSW1,VIC1,1,75200.25
D,RESIDUE_PRICE_OFFER,,1,A202209,C2023Q4T08,VIC1-NSW1,VIC1,1,75600.25
D,RESIDUE_PRICE_OFFER,,1,A202209,C2023Q4T08,VIC1-NSW1,VIC1,1,76000.25
D,RESIDUE_PRICE_OFFER,,1,A202209,C2023Q4T08,VIC1-NSW1,VIC1,1,76400.25
D,RESIDUE_PRICE_OFFER,,1,A202209,C2023Q4T08,VIC1-NSW1,VIC1,1,76800.25
D,RESIDUE_PRICE_OFFER,,1,A202209,C2023Q4T08,VIC1-NSW1,VIC1,1,77200.25
D,RESIDUE_PRICE_OFFER,,1,A202209,C2023Q4T08,VIC1-NSW1,VIC1,1,77600.25
D,RESIDUE_PRICE_OFFER,,1,A202209,C2023Q4T08,VIC1-NSW1,VIC1,1,78000.25
D,RESIDUE_PRICE_OFFER,,1,A202209,C2023Q4T08,VIC1-NSW1,VIC1,1,78400.25
D,RESIDUE_PRICE_OFFER,,1,A202209,C2023Q4T08,VIC1-NSW1,VIC1,1,78800.25
D,RESIDUE_PRICE_OFFER,,1,A202209,C2023Q4T08,VIC1-NSW1,VIC1,1,79200.25
D,RESIDUE_PRICE_OFFER,,1,A202209,C2023Q4T08,VIC1-NSW1,VIC1,1,79600.25
D,RESIDUE_PRICE_OFFER,,1,A202209,C2023Q4T08,VIC1-NSW1,VIC1,1,80000.25
D,RESIDUE_PRICE_OFFER,,1,A202209,C2023Q4T08,VIC1-NSW1,VIC1,5,39715
D,RESIDUE_PRICE_OFFER,,1,A202209,C2023Q4T08,VIC1-NSW1,VIC1,5,42495.05
D,RESIDUE_PRICE_OFFER,,1,A202209,C2023Q4T08,VIC1-NSW1,VIC1,10,45469.7035
D,RESIDUE_PRICE_OFFER,,1,A202209,C2023Q4T08,VIC1-NSW1,VIC1,10,48652.582750
D,RESIDUE_PRICE_OFFER,,1,A202209,C2023Q4T08,VIC1-NSW1,VIC1,12,70000
D,RESIDUE_PRICE_OFFER,,1,A202209,C2023Q4T08,VIC1-NSW1,VIC1,20,44010
D,RESIDUE_PRICE_OFFER,,1,A202209,C2023Q4T08,VIC1-NSW1,VIC1,125,0
D,RESIDUE_PRICE_OFFER,,1,A202209,C2024Q1T07,NSW1-QLD1,NSW1,5,16580
D,RESIDUE_PRICE_OFFER,,1,A202209,C2024Q1T07,NSW1-QLD1,NSW1,5,20380
D,RESIDUE_PRICE_OFFER,,1,A202209,C2024Q1T07,NSW1-QLD1,NSW1,5,24380
D,RESIDUE_PRICE_OFFER,,1,A202209,C2024Q1T07,NSW1-QLD1,NSW1,5,28380
D,RESIDUE_PRICE_OFFER,,1,A202209,C2024Q1T07,NSW1-QLD1,NSW1,45,0
D,RESIDUE_PRICE_OFFER,,1,A202209,C2024Q1T07,NSW1-QLD1,QLD1,1,18620.71
D,RESIDUE_PRICE_OFFER,,1,A202209,C2024Q1T07,NSW1-QLD1,QLD1,1,18740.71
D,RESIDUE_PRICE_OFFER,,1,A202209,C2024Q1T07,NSW1-QLD1,QLD1,1,18860.71
D,RESIDUE_PRICE_OFFER,,1,A202209,C2024Q1T07,NSW1-QLD1,QLD1,1,18980.71
D,RESIDUE_PRICE_OFFER,,1,A202209,C2024Q1T07,NSW1-QLD1,QLD1,1,19100.71
D,RESIDUE_PRICE_OFFER,,1,A202209,C2024Q1T07,NSW1-QLD1,QLD1,1,19220.71
D,RESIDUE_PRICE_OFFER,,1,A202209,C2024Q1T07,NSW1-QLD1,QLD1,1,19340.71
D,RESIDUE_PRICE_OFFER,,1,A202209,C2024Q1T07,NSW1-QLD1,QLD1,1,19460.71
D,RESIDUE_PRICE_OFFER,,1,A202209,C2024Q1T07,NSW1-QLD1,QLD1,1,19580.71
D,RESIDUE_PRICE_OFFER,,1,A202209,C2024Q1T07,NSW1-QLD1,QLD1,1,19700.71
D,RESIDUE_PRICE_OFFER,,1,A202209,C2024Q1T07,NSW1-QLD1,QLD1,1,19820.71
D,RESIDUE_PRICE_OFFER,,1,A202209,C2024Q1T07,NSW1-QLD1,QLD1,1,19940.71
D,RESIDUE_PRICE_OFFER,,1,A202209,C2024Q1T07,NSW1-QLD1,QLD1,1,20060.71
D,RESIDUE_PRICE_OFFER,,1,A202209,C2024Q1T07,NSW1-QLD1,QLD1,1,20180.71
D,RESIDUE_PRICE_OFFER,,1,A202209,C2024Q1T07,NSW1-QLD1,QLD1,1,20300.71
D,RESIDUE_PRICE_OFFER,,1,A202209,C2024Q1T07,NSW1-QLD1,QLD1,1,20420.71
D,RESIDUE_PRICE_OFFER,,1,A202209,C2024Q1T07,NSW1-QLD1,QLD1,1,20540.71
D,RESIDUE_PRICE_OFFER,,1,A202209,C2024Q1T07,NSW1-QLD1,QLD1,1,20660.71
D,RESIDUE_PRICE_OFFER,,1,A202209,C2024Q1T07,NSW1-QLD1,QLD1,1,20780.71
D,RESIDUE_PRICE_OFFER,,1,A202209,C2024Q1T07,NSW1-QLD1,QLD1,1,20900.71
D,RESIDUE_PRICE_OFFER,,1,A202209,C2024Q1T07,NSW1-QLD1,QLD1,1,21020.71
D,RESIDUE_PRICE_OFFER,,1,A202209,C2024Q1T07,NSW1-QLD1,QLD1,1,21140.71
D,RESIDUE_PRICE_OFFER,,1,A202209,C2024Q1T07,NSW1-QLD1,QLD1,1,21260.71
D,RESIDUE_PRICE_OFFER,,1,A202209,C2024Q1T07,NSW1-QLD1,QLD1,1,21380.71
D,RESIDUE_PRICE_OFFER,,1,A202209,C2024Q1T07,NSW1-QLD1,QLD1,1,21500.71
D,RESIDUE_PRICE_OFFER,,1,A202209,C2024Q1T07,NSW1-QLD1,QLD1,1,26000.71
D,RESIDUE_PRICE_OFFER,,1,A202209,C2024Q1T07,NSW1-QLD1,QLD1,1,27000.71
D,RESIDUE_PRICE_OFFER,,1,A202209,C2024Q1T07,NSW1-QLD1,QLD1,1,28000.71
D,RESIDUE_PRICE_OFFER,,1,A202209,C2024Q1T07,NSW1-QLD1,QLD1,1,29000.71
D,RESIDUE_PRICE_OFFER,,1,A202209,C2024Q1T07,NSW1-QLD1,QLD1,1,30000.71
D,RESIDUE_PRICE_OFFER,,1,A202209,C2024Q1T07,NSW1-QLD1,QLD1,1,31000.71
D,RESIDUE_PRICE_OFFER,,1,A202209,C2024Q1T07,NSW1-QLD1,QLD1,1,32000.71
D,RESIDUE_PRICE_OFFER,,1,A202209,C2024Q1T07,NSW1-QLD1,QLD1,1,33000.71
D,RESIDUE_PRICE_OFFER,,1,A202209,C2024Q1T07,NSW1-QLD1,QLD1,1,34000.71
D,RESIDUE_PRICE_OFFER,,1,A202209,C2024Q1T07,NSW1-QLD1,QLD1,1,35000.71
D,RESIDUE_PRICE_OFFER,,1,A202209,C2024Q1T07,NSW1-QLD1,QLD1,10,22638.4513
D,RESIDUE_PRICE_OFFER,,1,A202209,C2024Q1T07,NSW1-QLD1,QLD1,10,25638.4513
D,RESIDUE_PRICE_OFFER,,1,A202209,C2024Q1T07,NSW1-QLD1,QLD1,10,28638.4513
D,RESIDUE_PRICE_OFFER,,1,A202209,C2024Q1T07,NSW1-QLD1,QLD1,10,31638.4513
D,RESIDUE_PRICE_OFFER,,1,A202209,C2024Q1T07,NSW1-QLD1,QLD1,20,35820
D,RESIDUE_PRICE_OFFER,,1,A202209,C2024Q1T07,NSW1-QLD1,QLD1,100,0
D,RESIDUE_PRICE_OFFER,,1,A202209,C2024Q1T07,V-SA,SA1,5,14541.836830
D,RESIDUE_PRICE_OFFER,,1,A202209,C2024Q1T07,V-SA,SA1,5,16723.112360
D,RESIDUE_PRICE_OFFER,,1,A202209,C2024Q1T07,V-SA,SA1,5,19231.579210
D,RESIDUE_PRICE_OFFER,,1,A202209,C2024Q1T07,V-SA,SA1,5,22116.316090
D,RESIDUE_PRICE_OFFER,,1,A202209,C2024Q1T07,V-SA,SA1,64,0
D,RESIDUE_PRICE_OFFER,,1,A202209,C2024Q1T07,V-SA,VIC1,1,50100.85
D,RESIDUE_PRICE_OFFER,,1,A202209,C2024Q1T07,V-SA,VIC1,1,50200.85
D,RESIDUE_PRICE_OFFER,,1,A202209,C2024Q1T07,V-SA,VIC1,1,50300.85
D,RESIDUE_PRICE_OFFER,,1,A202209,C2024Q1T07,V-SA,VIC1,1,50400.85
D,RESIDUE_PRICE_OFFER,,1,A202209,C2024Q1T07,V-SA,VIC1,1,50500.85
D,RESIDUE_PRICE_OFFER,,1,A202209,C2024Q1T07,V-SA,VIC1,1,50600.85
D,RESIDUE_PRICE_OFFER,,1,A202209,C2024Q1T07,V-SA,VIC1,1,50700.85
D,RESIDUE_PRICE_OFFER,,1,A202209,C2024Q1T07,V-SA,VIC1,1,50800.85
D,RESIDUE_PRICE_OFFER,,1,A202209,C2024Q1T07,V-SA,VIC1,1,50900.85
D,RESIDUE_PRICE_OFFER,,1,A202209,C2024Q1T07,V-SA,VIC1,1,51000.85
D,RESIDUE_PRICE_OFFER,,1,A202209,C2024Q1T07,V-SA,VIC1,73,0
D,RESIDUE_PRICE_OFFER,,1,A202209,C2024Q1T07,VIC1-NSW1,NSW1,1,5305.07
D,RESIDUE_PRICE_OFFER,,1,A202209,C2024Q1T07,VIC1-NSW1,NSW1,1,5360.07
D,RESIDUE_PRICE_OFFER,,1,A202209,C2024Q1T07,VIC1-NSW1,NSW1,1,5415.07
D,RESIDUE_PRICE_OFFER,,1,A202209,C2024Q1T07,VIC1-NSW1,NSW1,1,5470.07
D,RESIDUE_PRICE_OFFER,,1,A202209,C2024Q1T07,VIC1-NSW1,NSW1,1,5525.07
D,RESIDUE_PRICE_OFFER,,1,A202209,C2024Q1T07,VIC1-NSW1,NSW1,1,5580.07
D,RESIDUE_PRICE_OFFER,,1,A202209,C2024Q1T07,VIC1-NSW1,NSW1,1,5635.07
D,RESIDUE_PRICE_OFFER,,1,A202209,C2024Q1T07,VIC1-NSW1,NSW1,1,5690.07
D,RESIDUE_PRICE_OFFER,,1,A202209,C2024Q1T07,VIC1-NSW1,NSW1,1,5745.07
D,RESIDUE_PRICE_OFFER,,1,A202209,C2024Q1T07,VIC1-NSW1,NSW1,5,6524.40
D,RESIDUE_PRICE_OFFER,,1,A202209,C2024Q1T07,VIC1-NSW1,NSW1,5,7503.06
D,RESIDUE_PRICE_OFFER,,1,A202209,C2024Q1T07,VIC1-NSW1,NSW1,5,8628.5190
D,RESIDUE_PRICE_OFFER,,1,A202209,C2024Q1T07,VIC1-NSW1,NSW1,5,9922.796850
D,RESIDUE_PRICE_OFFER,,1,A202209,C2024Q1T07,VIC1-NSW1,NSW1,108,0
D,RESIDUE_PRICE_OFFER,,1,A202209,C2024Q1T07,VIC1-NSW1,VIC1,1,41010.25
D,RESIDUE_PRICE_OFFER,,1,A202209,C2024Q1T07,VIC1-NSW1,VIC1,1,41020.25
D,RESIDUE_PRICE_OFFER,,1,A202209,C2024Q1T07,VIC1-NSW1,VIC1,1,41030.25
D,RESIDUE_PRICE_OFFER,,1,A202209,C2024Q1T07,VIC1-NSW1,VIC1,1,41040.25
D,RESIDUE_PRICE_OFFER,,1,A202209,C2024Q1T07,VIC1-NSW1,VIC1,1,41050.25
D,RESIDUE_PRICE_OFFER,,1,A202209,C2024Q1T07,VIC1-NSW1,VIC1,1,41060.25
D,RESIDUE_PRICE_OFFER,,1,A202209,C2024Q1T07,VIC1-NSW1,VIC1,1,41070.25
D,RESIDUE_PRICE_OFFER,,1,A202209,C2024Q1T07,VIC1-NSW1,VIC1,1,41080.25
D,RESIDUE_PRICE_OFFER,,1,A202209,C2024Q1T07,VIC1-NSW1,VIC1,1,41090.25
D,RESIDUE_PRICE_OFFER,,1,A202209,C2024Q1T07,VIC1-NSW1,VIC1,1,41100.25
D,RESIDUE_PRICE_OFFER,,1,A202209,C2024Q1T07,VIC1-NSW1,VIC1,5,42333
D,RESIDUE_PRICE_OFFER,,1,A202209,C2024Q1T07,VIC1-NSW1,VIC1,5,48682.95
D,RESIDUE_PRICE_OFFER,,1,A202209,C2024Q1T07,VIC1-NSW1,VIC1,10,55985.3925
D,RESIDUE_PRICE_OFFER,,1,A202209,C2024Q1T07,VIC1-NSW1,VIC1,10,64383.201380
D,RESIDUE_PRICE_OFFER,,1,A202209,C2024Q1T07,VIC1-NSW1,VIC1,20,41580
D,RESIDUE_PRICE_OFFER,,1,A202209,C2024Q1T07,VIC1-NSW1,VIC1,25,67000
D,RESIDUE_PRICE_OFFER,,1,A202209,C2024Q1T07,VIC1-NSW1,VIC1,125,0
D,RESIDUE_PRICE_OFFER,,1,A202209,C2024Q2T06,NSW1-QLD1,NSW1,1,8033.67
D,RESIDUE_PRICE_OFFER,,1,A202209,C2024Q2T06,NSW1-QLD1,NSW1,1,8066.67
D,RESIDUE_PRICE_OFFER,,1,A202209,C2024Q2T06,NSW1-QLD1,NSW1,1,8099.67
D,RESIDUE_PRICE_OFFER,,1,A202209,C2024Q2T06,NSW1-QLD1,NSW1,5,6621.1125
D,RESIDUE_PRICE_OFFER,,1,A202209,C2024Q2T06,NSW1-QLD1,NSW1,5,7621.1125
D,RESIDUE_PRICE_OFFER,,1,A202209,C2024Q2T06,NSW1-QLD1,NSW1,5,8621.112490
D,RESIDUE_PRICE_OFFER,,1,A202209,C2024Q2T06,NSW1-QLD1,NSW1,5,9621.112490
D,RESIDUE_PRICE_OFFER,,1,A202209,C2024Q2T06,NSW1-QLD1,NSW1,45,0
D,RESIDUE_PRICE_OFFER,,1,A202209,C2024Q2T06,NSW1-QLD1,QLD1,1,45909.71
D,RESIDUE_PRICE_OFFER,,1,A202209,C2024Q2T06,NSW1-QLD1,QLD1,1,46818.71
D,RESIDUE_PRICE_OFFER,,1,A202209,C2024Q2T06,NSW1-QLD1,QLD1,1,47727.71
D,RESIDUE_PRICE_OFFER,,1,A202209,C2024Q2T06,NSW1-QLD1,QLD1,1,48636.71
D,RESIDUE_PRICE_OFFER,,1,A202209,C2024Q2T06,NSW1-QLD1,QLD1,1,49545.71
D,RESIDUE_PRICE_OFFER,,1,A202209,C2024Q2T06,NSW1-QLD1,QLD1,1,50454.71
D,RESIDUE_PRICE_OFFER,,1,A202209,C2024Q2T06,NSW1-QLD1,QLD1,1,51363.71
D,RESIDUE_PRICE_OFFER,,1,A202209,C2024Q2T06,NSW1-QLD1,QLD1,1,52272.71
D,RESIDUE_PRICE_OFFER,,1,A202209,C2024Q2T06,NSW1-QLD1,QLD1,1,53181.71
D,RESIDUE_PRICE_OFFER,,1,A202209,C2024Q2T06,NSW1-QLD1,QLD1,1,54090.71
D,RESIDUE_PRICE_OFFER,,1,A202209,C2024Q2T06,NSW1-QLD1,QLD1,1,54999.71
D,RESIDUE_PRICE_OFFER,,1,A202209,C2024Q2T06,NSW1-QLD1,QLD1,1,55908.71
D,RESIDUE_PRICE_OFFER,,1,A202209,C2024Q2T06,NSW1-QLD1,QLD1,1,56817.71
D,RESIDUE_PRICE_OFFER,,1,A202209,C2024Q2T06,NSW1-QLD1,QLD1,1,57726.71
D,RESIDUE_PRICE_OFFER,,1,A202209,C2024Q2T06,NSW1-QLD1,QLD1,1,58635.71
D,RESIDUE_PRICE_OFFER,,1,A202209,C2024Q2T06,NSW1-QLD1,QLD1,1,59544.71
D,RESIDUE_PRICE_OFFER,,1,A202209,C2024Q2T06,NSW1-QLD1,QLD1,1,60453.71
D,RESIDUE_PRICE_OFFER,,1,A202209,C2024Q2T06,NSW1-QLD1,QLD1,1,61362.71
D,RESIDUE_PRICE_OFFER,,1,A202209,C2024Q2T06,NSW1-QLD1,QLD1,1,62271.71
D,RESIDUE_PRICE_OFFER,,1,A202209,C2024Q2T06,NSW1-QLD1,QLD1,1,63180.71
D,RESIDUE_PRICE_OFFER,,1,A202209,C2024Q2T06,NSW1-QLD1,QLD1,1,64089.71
D,RESIDUE_PRICE_OFFER,,1,A202209,C2024Q2T06,NSW1-QLD1,QLD1,1,64998.71
D,RESIDUE_PRICE_OFFER,,1,A202209,C2024Q2T06,NSW1-QLD1,QLD1,5,30499.852940
D,RESIDUE_PRICE_OFFER,,1,A202209,C2024Q2T06,NSW1-QLD1,QLD1,5,34499.852930
D,RESIDUE_PRICE_OFFER,,1,A202209,C2024Q2T06,NSW1-QLD1,QLD1,5,38499.852930
D,RESIDUE_PRICE_OFFER,,1,A202209,C2024Q2T06,NSW1-QLD1,QLD1,5,42499.852930
D,RESIDUE_PRICE_OFFER,,1,A202209,C2024Q2T06,NSW1-QLD1,QLD1,20,77400
D,RESIDUE_PRICE_OFFER,,1,A202209,C2024Q2T06,NSW1-QLD1,QLD1,100,0
D,RESIDUE_PRICE_OFFER,,1,A202209,C2024Q2T06,V-SA,SA1,1,9010.76
D,RESIDUE_PRICE_OFFER,,1,A202209,C2024Q2T06,V-SA,SA1,1,9020.76
D,RESIDUE_PRICE_OFFER,,1,A202209,C2024Q2T06,V-SA,SA1,1,9030.76
D,RESIDUE_PRICE_OFFER,,1,A202209,C2024Q2T06,V-SA,SA1,1,9040.76
D,RESIDUE_PRICE_OFFER,,1,A202209,C2024Q2T06,V-SA,SA1,1,9050.76
D,RESIDUE_PRICE_OFFER,,1,A202209,C2024Q2T06,V-SA,SA1,1,9060.76
D,RESIDUE_PRICE_OFFER,,1,A202209,C2024Q2T06,V-SA,SA1,1,9070.76
D,RESIDUE_PRICE_OFFER,,1,A202209,C2024Q2T06,V-SA,SA1,1,9080.76
D,RESIDUE_PRICE_OFFER,,1,A202209,C2024Q2T06,V-SA,SA1,1,9090.76
D,RESIDUE_PRICE_OFFER,,1,A202209,C2024Q2T06,V-SA,SA1,1,9100.76
D,RESIDUE_PRICE_OFFER,,1,A202209,C2024Q2T06,V-SA,SA1,2,10000
D,RESIDUE_PRICE_OFFER,,1,A202209,C2024Q2T06,V-SA,SA1,2,10666.67
D,RESIDUE_PRICE_OFFER,,1,A202209,C2024Q2T06,V-SA,SA1,2,11333.33
D,RESIDUE_PRICE_OFFER,,1,A202209,C2024Q2T06,V-SA,SA1,2,12000
D,RESIDUE_PRICE_OFFER,,1,A202209,C2024Q2T06,V-SA,SA1,2,12666.67
D,RESIDUE_PRICE_OFFER,,1,A202209,C2024Q2T06,V-SA,SA1,2,13333.33
D,RESIDUE_PRICE_OFFER,,1,A202209,C2024Q2T06,V-SA,SA1,2,14000
D,RESIDUE_PRICE_OFFER,,1,A202209,C2024Q2T06,V-SA,SA1,2,14666.67
D,RESIDUE_PRICE_OFFER,,1,A202209,C2024Q2T06,V-SA,SA1,2,15333.33
D,RESIDUE_PRICE_OFFER,,1,A202209,C2024Q2T06,V-SA,SA1,2,16000
D,RESIDUE_PRICE_OFFER,,1,A202209,C2024Q2T06,V-SA,SA1,5,7197.3720
D,RESIDUE_PRICE_OFFER,,1,A202209,C2024Q2T06,V-SA,SA1,5,8276.9778
D,RESIDUE_PRICE_OFFER,,1,A202209,C2024Q2T06,V-SA,SA1,5,9518.524470
D,RESIDUE_PRICE_OFFER,,1,A202209,C2024Q2T06,V-SA,SA1,5,10946.303140
D,RESIDUE_PRICE_OFFER,,1,A202209,C2024Q2T06,V-SA,SA1,64,0
D,RESIDUE_PRICE_OFFER,,1,A202209,C2024Q2T06,V-SA,VIC1,1,33100.85
D,RESIDUE_PRICE_OFFER,,1,A202209,C2024Q2T06,V-SA,VIC1,1,33200.85
D,RESIDUE_PRICE_OFFER,,1,A202209,C2024Q2T06,V-SA,VIC1,1,33300.85
D,RESIDUE_PRICE_OFFER,,1,A202209,C2024Q2T06,V-SA,VIC1,1,33400.85
D,RESIDUE_PRICE_OFFER,,1,A202209,C2024Q2T06,V-SA,VIC1,1,33500.85
D,RESIDUE_PRICE_OFFER,,1,A202209,C2024Q2T06,V-SA,VIC1,1,33600.85
D,RESIDUE_PRICE_OFFER,,1,A202209,C2024Q2T06,V-SA,VIC1,1,33700.85
D,RESIDUE_PRICE_OFFER,,1,A202209,C2024Q2T06,V-SA,VIC1,1,33800.85
D,RESIDUE_PRICE_OFFER,,1,A202209,C2024Q2T06,V-SA,VIC1,1,33900.85
D,RESIDUE_PRICE_OFFER,,1,A202209,C2024Q2T06,V-SA,VIC1,1,34000.85
D,RESIDUE_PRICE_OFFER,,1,A202209,C2024Q2T06,V-SA,VIC1,73,0
D,RESIDUE_PRICE_OFFER,,1,A202209,C2024Q2T06,VIC1-NSW1,NSW1,1,2550.07
D,RESIDUE_PRICE_OFFER,,1,A202209,C2024Q2T06,VIC1-NSW1,NSW1,1,2600.07
D,RESIDUE_PRICE_OFFER,,1,A202209,C2024Q2T06,VIC1-NSW1,NSW1,1,2650.07
D,RESIDUE_PRICE_OFFER,,1,A202209,C2024Q2T06,VIC1-NSW1,NSW1,1,2700.07
D,RESIDUE_PRICE_OFFER,,1,A202209,C2024Q2T06,VIC1-NSW1,NSW1,1,2750.07
D,RESIDUE_PRICE_OFFER,,1,A202209,C2024Q2T06,VIC1-NSW1,NSW1,1,2800.07
D,RESIDUE_PRICE_OFFER,,1,A202209,C2024Q2T06,VIC1-NSW1,NSW1,1,2850.07
D,RESIDUE_PRICE_OFFER,,1,A202209,C2024Q2T06,VIC1-NSW1,NSW1,1,2900.07
D,RESIDUE_PRICE_OFFER,,1,A202209,C2024Q2T06,VIC1-NSW1,NSW1,1,2950.07
D,RESIDUE_PRICE_OFFER,,1,A202209,C2024Q2T06,VIC1-NSW1,NSW1,1,3000.07
D,RESIDUE_PRICE_OFFER,,1,A202209,C2024Q2T06,VIC1-NSW1,NSW1,1,3050.07
D,RESIDUE_PRICE_OFFER,,1,A202209,C2024Q2T06,VIC1-NSW1,NSW1,1,3100.07
D,RESIDUE_PRICE_OFFER,,1,A202209,C2024Q2T06,VIC1-NSW1,NSW1,1,3150.07
D,RESIDUE_PRICE_OFFER,,1,A202209,C2024Q2T06,VIC1-NSW1,NSW1,1,3200.07
D,RESIDUE_PRICE_OFFER,,1,A202209,C2024Q2T06,VIC1-NSW1,NSW1,1,3250.07
D,RESIDUE_PRICE_OFFER,,1,A202209,C2024Q2T06,VIC1-NSW1,NSW1,1,3300.07
D,RESIDUE_PRICE_OFFER,,1,A202209,C2024Q2T06,VIC1-NSW1,NSW1,1,3350.07
D,RESIDUE_PRICE_OFFER,,1,A202209,C2024Q2T06,VIC1-NSW1,NSW1,1,3400.07
D,RESIDUE_PRICE_OFFER,,1,A202209,C2024Q2T06,VIC1-NSW1,NSW1,1,3450.07
D,RESIDUE_PRICE_OFFER,,1,A202209,C2024Q2T06,VIC1-NSW1,NSW1,1,3500.07
D,RESIDUE_PRICE_OFFER,,1,A202209,C2024Q2T06,VIC1-NSW1,NSW1,1,3550.07
D,RESIDUE_PRICE_OFFER,,1,A202209,C2024Q2T06,VIC1-NSW1,NSW1,1,3600.07
D,RESIDUE_PRICE_OFFER,,1,A202209,C2024Q2T06,VIC1-NSW1,NSW1,1,3650.07
D,RESIDUE_PRICE_OFFER,,1,A202209,C2024Q2T06,VIC1-NSW1,NSW1,1,3700.07
D,RESIDUE_PRICE_OFFER,,1,A202209,C2024Q2T06,VIC1-NSW1,NSW1,1,3750.07
D,RESIDUE_PRICE_OFFER,,1,A202209,C2024Q2T06,VIC1-NSW1,NSW1,1,3800.07
D,RESIDUE_PRICE_OFFER,,1,A202209,C2024Q2T06,VIC1-NSW1,NSW1,1,3850.07
D,RESIDUE_PRICE_OFFER,,1,A202209,C2024Q2T06,VIC1-NSW1,NSW1,1,3900.07
D,RESIDUE_PRICE_OFFER,,1,A202209,C2024Q2T06,VIC1-NSW1,NSW1,1,3950.07
D,RESIDUE_PRICE_OFFER,,1,A202209,C2024Q2T06,VIC1-NSW1,NSW1,1,4000.07
D,RESIDUE_PRICE_OFFER,,1,A202209,C2024Q2T06,VIC1-NSW1,NSW1,5,4208.16
D,RESIDUE_PRICE_OFFER,,1,A202209,C2024Q2T06,VIC1-NSW1,NSW1,5,5260.20
D,RESIDUE_PRICE_OFFER,,1,A202209,C2024Q2T06,VIC1-NSW1,NSW1,5,6575.25
D,RESIDUE_PRICE_OFFER,,1,A202209,C2024Q2T06,VIC1-NSW1,NSW1,5,8219.0625
D,RESIDUE_PRICE_OFFER,,1,A202209,C2024Q2T06,VIC1-NSW1,NSW1,26,5000
D,RESIDUE_PRICE_OFFER,,1,A202209,C2024Q2T06,VIC1-NSW1,NSW1,108,0
D,RESIDUE_PRICE_OFFER,,1,A202209,C2024Q2T06,VIC1-NSW1,VIC1,1,30066.25
D,RESIDUE_PRICE_OFFER,,1,A202209,C2024Q2T06,VIC1-NSW1,VIC1,1,30132.25
D,RESIDUE_PRICE_OFFER,,1,A202209,C2024Q2T06,VIC1-NSW1,VIC1,1,30198.25
D,RESIDUE_PRICE_OFFER,,1,A202209,C2024Q2T06,VIC1-NSW1,VIC1,1,30264.25
D,RESIDUE_PRICE_OFFER,,1,A202209,C2024Q2T06,VIC1-NSW1,VIC1,1,30330.25
D,RESIDUE_PRICE_OFFER,,1,A202209,C2024Q2T06,VIC1-NSW1,VIC1,1,30396.25
D,RESIDUE_PRICE_OFFER,,1,A202209,C2024Q2T06,VIC1-NSW1,VIC1,1,30462.25
D,RESIDUE_PRICE_OFFER,,1,A202209,C2024Q2T06,VIC1-NSW1,VIC1,1,30528.25
D,RESIDUE_PRICE_OFFER,,1,A202209,C2024Q2T06,VIC1-NSW1,VIC1,1,30594.25
D,RESIDUE_PRICE_OFFER,,1,A202209,C2024Q2T06,VIC1-NSW1,VIC1,1,30660.25
D,RESIDUE_PRICE_OFFER,,1,A202209,C2024Q2T06,VIC1-NSW1,VIC1,1,30726.25
D,RESIDUE_PRICE_OFFER,,1,A202209,C2024Q2T06,VIC1-NSW1,VIC1,1,30792.25
D,RESIDUE_PRICE_OFFER,,1,A202209,C2024Q2T06,VIC1-NSW1,VIC1,1,30858.25
D,RESIDUE_PRICE_OFFER,,1,A202209,C2024Q2T06,VIC1-NSW1,VIC1,1,30924.25
D,RESIDUE_PRICE_OFFER,,1,A202209,C2024Q2T06,VIC1-NSW1,VIC1,1,30990.25
D,RESIDUE_PRICE_OFFER,,1,A202209,C2024Q2T06,VIC1-NSW1,VIC1,1,35600.25
D,RESIDUE_PRICE_OFFER,,1,A202209,C2024Q2T06,VIC1-NSW1,VIC1,1,36200.25
D,RESIDUE_PRICE_OFFER,,1,A202209,C2024Q2T06,VIC1-NSW1,VIC1,1,36800.25
D,RESIDUE_PRICE_OFFER,,1,A202209,C2024Q2T06,VIC1-NSW1,VIC1,1,37400.25
D,RESIDUE_PRICE_OFFER,,1,A202209,C2024Q2T06,VIC1-NSW1,VIC1,1,38000.25
D,RESIDUE_PRICE_OFFER,,1,A202209,C2024Q2T06,VIC1-NSW1,VIC1,1,38600.25
D,RESIDUE_PRICE_OFFER,,1,A202209,C2024Q2T06,VIC1-NSW1,VIC1,1,39200.25
D,RESIDUE_PRICE_OFFER,,1,A202209,C2024Q2T06,VIC1-NSW1,VIC1,1,39800.25
D,RESIDUE_PRICE_OFFER,,1,A202209,C2024Q2T06,VIC1-NSW1,VIC1,1,40400.25
D,RESIDUE_PRICE_OFFER,,1,A202209,C2024Q2T06,VIC1-NSW1,VIC1,1,41000.25
D,RESIDUE_PRICE_OFFER,,1,A202209,C2024Q2T06,VIC1-NSW1,VIC1,1,41600.25
D,RESIDUE_PRICE_OFFER,,1,A202209,C2024Q2T06,VIC1-NSW1,VIC1,1,42200.25
D,RESIDUE_PRICE_OFFER,,1,A202209,C2024Q2T06,VIC1-NSW1,VIC1,1,42800.25
D,RESIDUE_PRICE_OFFER,,1,A202209,C2024Q2T06,VIC1-NSW1,VIC1,1,43400.25
D,RESIDUE_PRICE_OFFER,,1,A202209,C2024Q2T06,VIC1-NSW1,VIC1,1,44000.25
D,RESIDUE_PRICE_OFFER,,1,A202209,C2024Q2T06,VIC1-NSW1,VIC1,1,44600.25
D,RESIDUE_PRICE_OFFER,,1,A202209,C2024Q2T06,VIC1-NSW1,VIC1,1,45200.25
D,RESIDUE_PRICE_OFFER,,1,A202209,C2024Q2T06,VIC1-NSW1,VIC1,1,45800.25
D,RESIDUE_PRICE_OFFER,,1,A202209,C2024Q2T06,VIC1-NSW1,VIC1,1,46400.25
D,RESIDUE_PRICE_OFFER,,1,A202209,C2024Q2T06,VIC1-NSW1,VIC1,1,47000.25
D,RESIDUE_PRICE_OFFER,,1,A202209,C2024Q2T06,VIC1-NSW1,VIC1,1,47600.25
D,RESIDUE_PRICE_OFFER,,1,A202209,C2024Q2T06,VIC1-NSW1,VIC1,1,48200.25
D,RESIDUE_PRICE_OFFER,,1,A202209,C2024Q2T06,VIC1-NSW1,VIC1,1,48800.25
D,RESIDUE_PRICE_OFFER,,1,A202209,C2024Q2T06,VIC1-NSW1,VIC1,1,49400.25
D,RESIDUE_PRICE_OFFER,,1,A202209,C2024Q2T06,VIC1-NSW1,VIC1,1,50000.25
D,RESIDUE_PRICE_OFFER,,1,A202209,C2024Q2T06,VIC1-NSW1,VIC1,5,41062.60
D,RESIDUE_PRICE_OFFER,,1,A202209,C2024Q2T06,VIC1-NSW1,VIC1,5,45990.1120
D,RESIDUE_PRICE_OFFER,,1,A202209,C2024Q2T06,VIC1-NSW1,VIC1,10,51508.925440
D,RESIDUE_PRICE_OFFER,,1,A202209,C2024Q2T06,VIC1-NSW1,VIC1,10,57689.996490
D,RESIDUE_PRICE_OFFER,,1,A202209,C2024Q2T06,VIC1-NSW1,VIC1,20,40230
D,RESIDUE_PRICE_OFFER,,1,A202209,C2024Q2T06,VIC1-NSW1,VIC1,125,0
D,RESIDUE_PRICE_OFFER,,1,A202209,C2024Q3T05,NSW1-QLD1,NSW1,1,8033.67
D,RESIDUE_PRICE_OFFER,,1,A202209,C2024Q3T05,NSW1-QLD1,NSW1,1,8066.67
D,RESIDUE_PRICE_OFFER,,1,A202209,C2024Q3T05,NSW1-QLD1,NSW1,1,8099.67
D,RESIDUE_PRICE_OFFER,,1,A202209,C2024Q3T05,NSW1-QLD1,NSW1,5,6621.1125
D,RESIDUE_PRICE_OFFER,,1,A202209,C2024Q3T05,NSW1-QLD1,NSW1,5,7621.1125
D,RESIDUE_PRICE_OFFER,,1,A202209,C2024Q3T05,NSW1-QLD1,NSW1,5,8621.112490
D,RESIDUE_PRICE_OFFER,,1,A202209,C2024Q3T05,NSW1-QLD1,NSW1,5,9621.112490
D,RESIDUE_PRICE_OFFER,,1,A202209,C2024Q3T05,NSW1-QLD1,NSW1,45,0
D,RESIDUE_PRICE_OFFER,,1,A202209,C2024Q3T05,NSW1-QLD1,QLD1,1,45800.71
D,RESIDUE_PRICE_OFFER,,1,A202209,C2024Q3T05,NSW1-QLD1,QLD1,1,46600.71
D,RESIDUE_PRICE_OFFER,,1,A202209,C2024Q3T05,NSW1-QLD1,QLD1,1,47400.71
D,RESIDUE_PRICE_OFFER,,1,A202209,C2024Q3T05,NSW1-QLD1,QLD1,1,48200.71
D,RESIDUE_PRICE_OFFER,,1,A202209,C2024Q3T05,NSW1-QLD1,QLD1,1,49000.71
D,RESIDUE_PRICE_OFFER,,1,A202209,C2024Q3T05,NSW1-QLD1,QLD1,1,49800.71
D,RESIDUE_PRICE_OFFER,,1,A202209,C2024Q3T05,NSW1-QLD1,QLD1,1,50600.71
D,RESIDUE_PRICE_OFFER,,1,A202209,C2024Q3T05,NSW1-QLD1,QLD1,1,51400.71
D,RESIDUE_PRICE_OFFER,,1,A202209,C2024Q3T05,NSW1-QLD1,QLD1,1,52200.71
D,RESIDUE_PRICE_OFFER,,1,A202209,C2024Q3T05,NSW1-QLD1,QLD1,1,53000.71
D,RESIDUE_PRICE_OFFER,,1,A202209,C2024Q3T05,NSW1-QLD1,QLD1,1,53800.71
D,RESIDUE_PRICE_OFFER,,1,A202209,C2024Q3T05,NSW1-QLD1,QLD1,1,54600.71
D,RESIDUE_PRICE_OFFER,,1,A202209,C2024Q3T05,NSW1-QLD1,QLD1,1,55400.71
D,RESIDUE_PRICE_OFFER,,1,A202209,C2024Q3T05,NSW1-QLD1,QLD1,1,56200.71
D,RESIDUE_PRICE_OFFER,,1,A202209,C2024Q3T05,NSW1-QLD1,QLD1,1,57000.71
D,RESIDUE_PRICE_OFFER,,1,A202209,C2024Q3T05,NSW1-QLD1,QLD1,1,57800.71
D,RESIDUE_PRICE_OFFER,,1,A202209,C2024Q3T05,NSW1-QLD1,QLD1,1,58600.71
D,RESIDUE_PRICE_OFFER,,1,A202209,C2024Q3T05,NSW1-QLD1,QLD1,1,59400.71
D,RESIDUE_PRICE_OFFER,,1,A202209,C2024Q3T05,NSW1-QLD1,QLD1,1,60200.71
D,RESIDUE_PRICE_OFFER,,1,A202209,C2024Q3T05,NSW1-QLD1,QLD1,1,61000.71
D,RESIDUE_PRICE_OFFER,,1,A202209,C2024Q3T05,NSW1-QLD1,QLD1,1,61800.71
D,RESIDUE_PRICE_OFFER,,1,A202209,C2024Q3T05,NSW1-QLD1,QLD1,1,62600.71
D,RESIDUE_PRICE_OFFER,,1,A202209,C2024Q3T05,NSW1-QLD1,QLD1,1,63400.71
D,RESIDUE_PRICE_OFFER,,1,A202209,C2024Q3T05,NSW1-QLD1,QLD1,1,64200.71
D,RESIDUE_PRICE_OFFER,,1,A202209,C2024Q3T05,NSW1-QLD1,QLD1,1,65000.71
D,RESIDUE_PRICE_OFFER,,1,A202209,C2024Q3T05,NSW1-QLD1,QLD1,5,29802.7446
D,RESIDUE_PRICE_OFFER,,1,A202209,C2024Q3T05,NSW1-QLD1,QLD1,5,33802.7446
D,RESIDUE_PRICE_OFFER,,1,A202209,C2024Q3T05,NSW1-QLD1,QLD1,5,37802.7446
D,RESIDUE_PRICE_OFFER,,1,A202209,C2024Q3T05,NSW1-QLD1,QLD1,5,41802.7446
D,RESIDUE_PRICE_OFFER,,1,A202209,C2024Q3T05,NSW1-QLD1,QLD1,20,79470
D,RESIDUE_PRICE_OFFER,,1,A202209,C2024Q3T05,NSW1-QLD1,QLD1,100,0
D,RESIDUE_PRICE_OFFER,,1,A202209,C2024Q3T05,V-SA,SA1,1,10000
D,RESIDUE_PRICE_OFFER,,1,A202209,C2024Q3T05,V-SA,SA1,1,10016.76
D,RESIDUE_PRICE_OFFER,,1,A202209,C2024Q3T05,V-SA,SA1,1,10032.76
D,RESIDUE_PRICE_OFFER,,1,A202209,C2024Q3T05,V-SA,SA1,1,10048.76
D,RESIDUE_PRICE_OFFER,,1,A202209,C2024Q3T05,V-SA,SA1,1,10064.76
D,RESIDUE_PRICE_OFFER,,1,A202209,C2024Q3T05,V-SA,SA1,1,10080.76
D,RESIDUE_PRICE_OFFER,,1,A202209,C2024Q3T05,V-SA,SA1,1,10096.76
D,RESIDUE_PRICE_OFFER,,1,A202209,C2024Q3T05,V-SA,SA1,2,10857.14
D,RESIDUE_PRICE_OFFER,,1,A202209,C2024Q3T05,V-SA,SA1,2,11714.29
D,RESIDUE_PRICE_OFFER,,1,A202209,C2024Q3T05,V-SA,SA1,2,12571.43
D,RESIDUE_PRICE_OFFER,,1,A202209,C2024Q3T05,V-SA,SA1,2,13428.57
D,RESIDUE_PRICE_OFFER,,1,A202209,C2024Q3T05,V-SA,SA1,2,14285.71
D,RESIDUE_PRICE_OFFER,,1,A202209,C2024Q3T05,V-SA,SA1,2,15142.86
D,RESIDUE_PRICE_OFFER,,1,A202209,C2024Q3T05,V-SA,SA1,2,16000
D,RESIDUE_PRICE_OFFER,,1,A202209,C2024Q3T05,V-SA,SA1,5,8766.8568
D,RESIDUE_PRICE_OFFER,,1,A202209,C2024Q3T05,V-SA,SA1,5,10081.885320
D,RESIDUE_PRICE_OFFER,,1,A202209,C2024Q3T05,V-SA,SA1,5,11594.168120
D,RESIDUE_PRICE_OFFER,,1,A202209,C2024Q3T05,V-SA,SA1,5,13333.293340
D,RESIDUE_PRICE_OFFER,,1,A202209,C2024Q3T05,V-SA,SA1,64,0
D,RESIDUE_PRICE_OFFER,,1,A202209,C2024Q3T05,V-SA,VIC1,1,25100.85
D,RESIDUE_PRICE_OFFER,,1,A202209,C2024Q3T05,V-SA,VIC1,1,25200.85
D,RESIDUE_PRICE_OFFER,,1,A202209,C2024Q3T05,V-SA,VIC1,1,25300.85
D,RESIDUE_PRICE_OFFER,,1,A202209,C2024Q3T05,V-SA,VIC1,1,25400.85
D,RESIDUE_PRICE_OFFER,,1,A202209,C2024Q3T05,V-SA,VIC1,1,25500.85
D,RESIDUE_PRICE_OFFER,,1,A202209,C2024Q3T05,V-SA,VIC1,1,25600.85
D,RESIDUE_PRICE_OFFER,,1,A202209,C2024Q3T05,V-SA,VIC1,1,25700.85
D,RESIDUE_PRICE_OFFER,,1,A202209,C2024Q3T05,V-SA,VIC1,1,25800.85
D,RESIDUE_PRICE_OFFER,,1,A202209,C2024Q3T05,V-SA,VIC1,1,25900.85
D,RESIDUE_PRICE_OFFER,,1,A202209,C2024Q3T05,V-SA,VIC1,1,26000.85
D,RESIDUE_PRICE_OFFER,,1,A202209,C2024Q3T05,V-SA,VIC1,73,0
D,RESIDUE_PRICE_OFFER,,1,A202209,C2024Q3T05,VIC1-NSW1,NSW1,1,3000.07
D,RESIDUE_PRICE_OFFER,,1,A202209,C2024Q3T05,VIC1-NSW1,NSW1,1,3500.07
D,RESIDUE_PRICE_OFFER,,1,A202209,C2024Q3T05,VIC1-NSW1,NSW1,1,4000.07
D,RESIDUE_PRICE_OFFER,,1,A202209,C2024Q3T05,VIC1-NSW1,NSW1,5,3826.86
D,RESIDUE_PRICE_OFFER,,1,A202209,C2024Q3T05,VIC1-NSW1,NSW1,5,4783.5750
D,RESIDUE_PRICE_OFFER,,1,A202209,C2024Q3T05,VIC1-NSW1,NSW1,5,5979.468750
D,RESIDUE_PRICE_OFFER,,1,A202209,C2024Q3T05,VIC1-NSW1,NSW1,5,7474.335930
D,RESIDUE_PRICE_OFFER,,1,A202209,C2024Q3T05,VIC1-NSW1,NSW1,108,0
D,RESIDUE_PRICE_OFFER,,1,A202209,C2024Q3T05,VIC1-NSW1,VIC1,1,30066.25
D,RESIDUE_PRICE_OFFER,,1,A202209,C2024Q3T05,VIC1-NSW1,VIC1,1,30132.25
D,RESIDUE_PRICE_OFFER,,1,A202209,C2024Q3T05,VIC1-NSW1,VIC1,1,30198.25
D,RESIDUE_PRICE_OFFER,,1,A202209,C2024Q3T05,VIC1-NSW1,VIC1,1,30264.25
D,RESIDUE_PRICE_OFFER,,1,A202209,C2024Q3T05,VIC1-NSW1,VIC1,1,30330.25
D,RESIDUE_PRICE_OFFER,,1,A202209,C2024Q3T05,VIC1-NSW1,VIC1,1,30396.25
D,RESIDUE_PRICE_OFFER,,1,A202209,C2024Q3T05,VIC1-NSW1,VIC1,1,30462.25
D,RESIDUE_PRICE_OFFER,,1,A202209,C2024Q3T05,VIC1-NSW1,VIC1,1,30528.25
D,RESIDUE_PRICE_OFFER,,1,A202209,C2024Q3T05,VIC1-NSW1,VIC1,1,30594.25
D,RESIDUE_PRICE_OFFER,,1,A202209,C2024Q3T05,VIC1-NSW1,VIC1,1,30660.25
D,RESIDUE_PRICE_OFFER,,1,A202209,C2024Q3T05,VIC1-NSW1,VIC1,1,30726.25
D,RESIDUE_PRICE_OFFER,,1,A202209,C2024Q3T05,VIC1-NSW1,VIC1,1,30792.25
D,RESIDUE_PRICE_OFFER,,1,A202209,C2024Q3T05,VIC1-NSW1,VIC1,1,30858.25
D,RESIDUE_PRICE_OFFER,,1,A202209,C2024Q3T05,VIC1-NSW1,VIC1,1,30924.25
D,RESIDUE_PRICE_OFFER,,1,A202209,C2024Q3T05,VIC1-NSW1,VIC1,1,30990.25
D,RESIDUE_PRICE_OFFER,,1,A202209,C2024Q3T05,VIC1-NSW1,VIC1,1,36000.25
D,RESIDUE_PRICE_OFFER,,1,A202209,C2024Q3T05,VIC1-NSW1,VIC1,1,37000.25
D,RESIDUE_PRICE_OFFER,,1,A202209,C2024Q3T05,VIC1-NSW1,VIC1,1,38000.25
D,RESIDUE_PRICE_OFFER,,1,A202209,C2024Q3T05,VIC1-NSW1,VIC1,1,39000.25
D,RESIDUE_PRICE_OFFER,,1,A202209,C2024Q3T05,VIC1-NSW1,VIC1,1,40000.25
D,RESIDUE_PRICE_OFFER,,1,A202209,C2024Q3T05,VIC1-NSW1,VIC1,1,41000.25
D,RESIDUE_PRICE_OFFER,,1,A202209,C2024Q3T05,VIC1-NSW1,VIC1,1,42000.25
D,RESIDUE_PRICE_OFFER,,1,A202209,C2024Q3T05,VIC1-NSW1,VIC1,1,43000.25
D,RESIDUE_PRICE_OFFER,,1,A202209,C2024Q3T05,VIC1-NSW1,VIC1,1,44000.25
D,RESIDUE_PRICE_OFFER,,1,A202209,C2024Q3T05,VIC1-NSW1,VIC1,1,45000.25
D,RESIDUE_PRICE_OFFER,,1,A202209,C2024Q3T05,VIC1-NSW1,VIC1,1,46000.25
D,RESIDUE_PRICE_OFFER,,1,A202209,C2024Q3T05,VIC1-NSW1,VIC1,1,47000.25
D,RESIDUE_PRICE_OFFER,,1,A202209,C2024Q3T05,VIC1-NSW1,VIC1,1,48000.25
D,RESIDUE_PRICE_OFFER,,1,A202209,C2024Q3T05,VIC1-NSW1,VIC1,1,49000.25
D,RESIDUE_PRICE_OFFER,,1,A202209,C2024Q3T05,VIC1-NSW1,VIC1,1,50000.25
D,RESIDUE_PRICE_OFFER,,1,A202209,C2024Q3T05,VIC1-NSW1,VIC1,5,40510.199990
D,RESIDUE_PRICE_OFFER,,1,A202209,C2024Q3T05,VIC1-NSW1,VIC1,5,45371.4240
D,RESIDUE_PRICE_OFFER,,1,A202209,C2024Q3T05,VIC1-NSW1,VIC1,10,50815.994880
D,RESIDUE_PRICE_OFFER,,1,A202209,C2024Q3T05,VIC1-NSW1,VIC1,10,56913.914270
D,RESIDUE_PRICE_OFFER,,1,A202209,C2024Q3T05,VIC1-NSW1,VIC1,13,42750
D,RESIDUE_PRICE_OFFER,,1,A202209,C2024Q3T05,VIC1-NSW1,VIC1,125,0
D,RESIDUE_PRICE_OFFER,,1,A202209,C2024Q4T04,NSW1-QLD1,NSW1,5,11880.40
D,RESIDUE_PRICE_OFFER,,1,A202209,C2024Q4T04,NSW1-QLD1,NSW1,5,14480.40
D,RESIDUE_PRICE_OFFER,,1,A202209,C2024Q4T04,NSW1-QLD1,NSW1,5,17480.40
D,RESIDUE_PRICE_OFFER,,1,A202209,C2024Q4T04,NSW1-QLD1,NSW1,5,20480.40
D,RESIDUE_PRICE_OFFER,,1,A202209,C2024Q4T04,NSW1-QLD1,NSW1,45,0
D,RESIDUE_PRICE_OFFER,,1,A202209,C2024Q4T04,NSW1-QLD1,QLD1,1,30100.71
D,RESIDUE_PRICE_OFFER,,1,A202209,C2024Q4T04,NSW1-QLD1,QLD1,1,30200.71
D,RESIDUE_PRICE_OFFER,,1,A202209,C2024Q4T04,NSW1-QLD1,QLD1,1,30300.71
D,RESIDUE_PRICE_OFFER,,1,A202209,C2024Q4T04,NSW1-QLD1,QLD1,1,30400.71
D,RESIDUE_PRICE_OFFER,,1,A202209,C2024Q4T04,NSW1-QLD1,QLD1,1,30500.71
D,RESIDUE_PRICE_OFFER,,1,A202209,C2024Q4T04,NSW1-QLD1,QLD1,1,30600.71
D,RESIDUE_PRICE_OFFER,,1,A202209,C2024Q4T04,NSW1-QLD1,QLD1,1,30700.71
D,RESIDUE_PRICE_OFFER,,1,A202209,C2024Q4T04,NSW1-QLD1,QLD1,1,30800.71
D,RESIDUE_PRICE_OFFER,,1,A202209,C2024Q4T04,NSW1-QLD1,QLD1,1,30900.71
D,RESIDUE_PRICE_OFFER,,1,A202209,C2024Q4T04,NSW1-QLD1,QLD1,1,31000.71
D,RESIDUE_PRICE_OFFER,,1,A202209,C2024Q4T04,NSW1-QLD1,QLD1,7,50000
D,RESIDUE_PRICE_OFFER,,1,A202209,C2024Q4T04,NSW1-QLD1,QLD1,10,15115.835430
D,RESIDUE_PRICE_OFFER,,1,A202209,C2024Q4T04,NSW1-QLD1,QLD1,10,16115.835430
D,RESIDUE_PRICE_OFFER,,1,A202209,C2024Q4T04,NSW1-QLD1,QLD1,10,17115.835430
D,RESIDUE_PRICE_OFFER,,1,A202209,C2024Q4T04,NSW1-QLD1,QLD1,10,18115.835430
D,RESIDUE_PRICE_OFFER,,1,A202209,C2024Q4T04,NSW1-QLD1,QLD1,100,0
D,RESIDUE_PRICE_OFFER,,1,A202209,C2024Q4T04,V-SA,SA1,1,11166.76
D,RESIDUE_PRICE_OFFER,,1,A202209,C2024Q4T04,V-SA,SA1,1,11332.76
D,RESIDUE_PRICE_OFFER,,1,A202209,C2024Q4T04,V-SA,SA1,1,11498.76
D,RESIDUE_PRICE_OFFER,,1,A202209,C2024Q4T04,V-SA,SA1,1,11664.76
D,RESIDUE_PRICE_OFFER,,1,A202209,C2024Q4T04,V-SA,SA1,1,11830.76
D,RESIDUE_PRICE_OFFER,,1,A202209,C2024Q4T04,V-SA,SA1,1,11996.76
D,RESIDUE_PRICE_OFFER,,1,A202209,C2024Q4T04,V-SA,SA1,5,11110.406670
D,RESIDUE_PRICE_OFFER,,1,A202209,C2024Q4T04,V-SA,SA1,5,12776.967670
D,RESIDUE_PRICE_OFFER,,1,A202209,C2024Q4T04,V-SA,SA1,5,14693.512820
D,RESIDUE_PRICE_OFFER,,1,A202209,C2024Q4T04,V-SA,SA1,5,16897.539740
D,RESIDUE_PRICE_OFFER,,1,A202209,C2024Q4T04,V-SA,SA1,64,0
D,RESIDUE_PRICE_OFFER,,1,A202209,C2024Q4T04,V-SA,VIC1,73,0
D,RESIDUE_PRICE_OFFER,,1,A202209,C2024Q4T04,VIC1-NSW1,NSW1,108,0
D,RESIDUE_PRICE_OFFER,,1,A202209,C2024Q4T04,VIC1-NSW1,VIC1,1,30066.25
D,RESIDUE_PRICE_OFFER,,1,A202209,C2024Q4T04,VIC1-NSW1,VIC1,1,30132.25
D,RESIDUE_PRICE_OFFER,,1,A202209,C2024Q4T04,VIC1-NSW1,VIC1,1,30198.25
D,RESIDUE_PRICE_OFFER,,1,A202209,C2024Q4T04,VIC1-NSW1,VIC1,1,30264.25
D,RESIDUE_PRICE_OFFER,,1,A202209,C2024Q4T04,VIC1-NSW1,VIC1,1,30330.25
D,RESIDUE_PRICE_OFFER,,1,A202209,C2024Q4T04,VIC1-NSW1,VIC1,1,30396.25
D,RESIDUE_PRICE_OFFER,,1,A202209,C2024Q4T04,VIC1-NSW1,VIC1,1,30462.25
D,RESIDUE_PRICE_OFFER,,1,A202209,C2024Q4T04,VIC1-NSW1,VIC1,1,30528.25
D,RESIDUE_PRICE_OFFER,,1,A202209,C2024Q4T04,VIC1-NSW1,VIC1,1,30594.25
D,RESIDUE_PRICE_OFFER,,1,A202209,C2024Q4T04,VIC1-NSW1,VIC1,1,30660.25
D,RESIDUE_PRICE_OFFER,,1,A202209,C2024Q4T04,VIC1-NSW1,VIC1,1,30726.25
D,RESIDUE_PRICE_OFFER,,1,A202209,C2024Q4T04,VIC1-NSW1,VIC1,1,30792.25
D,RESIDUE_PRICE_OFFER,,1,A202209,C2024Q4T04,VIC1-NSW1,VIC1,1,30858.25
D,RESIDUE_PRICE_OFFER,,1,A202209,C2024Q4T04,VIC1-NSW1,VIC1,1,30924.25
D,RESIDUE_PRICE_OFFER,,1,A202209,C2024Q4T04,VIC1-NSW1,VIC1,1,30990.25
D,RESIDUE_PRICE_OFFER,,1,A202209,C2024Q4T04,VIC1-NSW1,VIC1,1,35600.25
D,RESIDUE_PRICE_OFFER,,1,A202209,C2024Q4T04,VIC1-NSW1,VIC1,1,36200.25
D,RESIDUE_PRICE_OFFER,,1,A202209,C2024Q4T04,VIC1-NSW1,VIC1,1,36800.25
D,RESIDUE_PRICE_OFFER,,1,A202209,C2024Q4T04,VIC1-NSW1,VIC1,1,37400.25
D,RESIDUE_PRICE_OFFER,,1,A202209,C2024Q4T04,VIC1-NSW1,VIC1,1,38000.25
D,RESIDUE_PRICE_OFFER,,1,A202209,C2024Q4T04,VIC1-NSW1,VIC1,1,38600.25
D,RESIDUE_PRICE_OFFER,,1,A202209,C2024Q4T04,VIC1-NSW1,VIC1,1,39200.25
D,RESIDUE_PRICE_OFFER,,1,A202209,C2024Q4T04,VIC1-NSW1,VIC1,1,39800.25
D,RESIDUE_PRICE_OFFER,,1,A202209,C2024Q4T04,VIC1-NSW1,VIC1,1,40400.25
D,RESIDUE_PRICE_OFFER,,1,A202209,C2024Q4T04,VIC1-NSW1,VIC1,1,41000.25
D,RESIDUE_PRICE_OFFER,,1,A202209,C2024Q4T04,VIC1-NSW1,VIC1,1,41600.25
D,RESIDUE_PRICE_OFFER,,1,A202209,C2024Q4T04,VIC1-NSW1,VIC1,1,42200.25
D,RESIDUE_PRICE_OFFER,,1,A202209,C2024Q4T04,VIC1-NSW1,VIC1,1,42800.25
D,RESIDUE_PRICE_OFFER,,1,A202209,C2024Q4T04,VIC1-NSW1,VIC1,1,43400.25
D,RESIDUE_PRICE_OFFER,,1,A202209,C2024Q4T04,VIC1-NSW1,VIC1,1,44000.25
D,RESIDUE_PRICE_OFFER,,1,A202209,C2024Q4T04,VIC1-NSW1,VIC1,1,44600.25
D,RESIDUE_PRICE_OFFER,,1,A202209,C2024Q4T04,VIC1-NSW1,VIC1,1,45200.25
D,RESIDUE_PRICE_OFFER,,1,A202209,C2024Q4T04,VIC1-NSW1,VIC1,1,45800.25
D,RESIDUE_PRICE_OFFER,,1,A202209,C2024Q4T04,VIC1-NSW1,VIC1,1,46400.25
D,RESIDUE_PRICE_OFFER,,1,A202209,C2024Q4T04,VIC1-NSW1,VIC1,1,47000.25
D,RESIDUE_PRICE_OFFER,,1,A202209,C2024Q4T04,VIC1-NSW1,VIC1,1,47600.25
D,RESIDUE_PRICE_OFFER,,1,A202209,C2024Q4T04,VIC1-NSW1,VIC1,1,48200.25
D,RESIDUE_PRICE_OFFER,,1,A202209,C2024Q4T04,VIC1-NSW1,VIC1,1,48800.25
D,RESIDUE_PRICE_OFFER,,1,A202209,C2024Q4T04,VIC1-NSW1,VIC1,1,49400.25
D,RESIDUE_PRICE_OFFER,,1,A202209,C2024Q4T04,VIC1-NSW1,VIC1,1,50000.25
D,RESIDUE_PRICE_OFFER,,1,A202209,C2024Q4T04,VIC1-NSW1,VIC1,125,0
D,RESIDUE_PRICE_OFFER,,1,A202209,C2025Q1T03,NSW1-QLD1,NSW1,1,15050.67
D,RESIDUE_PRICE_OFFER,,1,A202209,C2025Q1T03,NSW1-QLD1,NSW1,1,15100.67
D,RESIDUE_PRICE_OFFER,,1,A202209,C2025Q1T03,NSW1-QLD1,NSW1,45,0
D,RESIDUE_PRICE_OFFER,,1,A202209,C2025Q1T03,NSW1-QLD1,QLD1,1,21058.71
D,RESIDUE_PRICE_OFFER,,1,A202209,C2025Q1T03,NSW1-QLD1,QLD1,1,21116.71
D,RESIDUE_PRICE_OFFER,,1,A202209,C2025Q1T03,NSW1-QLD1,QLD1,1,21174.71
D,RESIDUE_PRICE_OFFER,,1,A202209,C2025Q1T03,NSW1-QLD1,QLD1,1,21232.71
D,RESIDUE_PRICE_OFFER,,1,A202209,C2025Q1T03,NSW1-QLD1,QLD1,1,21290.71
D,RESIDUE_PRICE_OFFER,,1,A202209,C2025Q1T03,NSW1-QLD1,QLD1,1,21348.71
D,RESIDUE_PRICE_OFFER,,1,A202209,C2025Q1T03,NSW1-QLD1,QLD1,1,21406.71
D,RESIDUE_PRICE_OFFER,,1,A202209,C2025Q1T03,NSW1-QLD1,QLD1,1,21464.71
D,RESIDUE_PRICE_OFFER,,1,A202209,C2025Q1T03,NSW1-QLD1,QLD1,1,21522.71
D,RESIDUE_PRICE_OFFER,,1,A202209,C2025Q1T03,NSW1-QLD1,QLD1,1,21580.71
D,RESIDUE_PRICE_OFFER,,1,A202209,C2025Q1T03,NSW1-QLD1,QLD1,1,21638.71
D,RESIDUE_PRICE_OFFER,,1,A202209,C2025Q1T03,NSW1-QLD1,QLD1,1,21696.71
D,RESIDUE_PRICE_OFFER,,1,A202209,C2025Q1T03,NSW1-QLD1,QLD1,1,21754.71
D,RESIDUE_PRICE_OFFER,,1,A202209,C2025Q1T03,NSW1-QLD1,QLD1,1,21812.71
D,RESIDUE_PRICE_OFFER,,1,A202209,C2025Q1T03,NSW1-QLD1,QLD1,1,21870.71
D,RESIDUE_PRICE_OFFER,,1,A202209,C2025Q1T03,NSW1-QLD1,QLD1,1,21928.71
D,RESIDUE_PRICE_OFFER,,1,A202209,C2025Q1T03,NSW1-QLD1,QLD1,1,21986.71
D,RESIDUE_PRICE_OFFER,,1,A202209,C2025Q1T03,NSW1-QLD1,QLD1,1,22044.71
D,RESIDUE_PRICE_OFFER,,1,A202209,C2025Q1T03,NSW1-QLD1,QLD1,1,22102.71
D,RESIDUE_PRICE_OFFER,,1,A202209,C2025Q1T03,NSW1-QLD1,QLD1,1,22160.71
D,RESIDUE_PRICE_OFFER,,1,A202209,C2025Q1T03,NSW1-QLD1,QLD1,1,22218.71
D,RESIDUE_PRICE_OFFER,,1,A202209,C2025Q1T03,NSW1-QLD1,QLD1,1,22276.71
D,RESIDUE_PRICE_OFFER,,1,A202209,C2025Q1T03,NSW1-QLD1,QLD1,1,22334.71
D,RESIDUE_PRICE_OFFER,,1,A202209,C2025Q1T03,NSW1-QLD1,QLD1,1,22392.71
D,RESIDUE_PRICE_OFFER,,1,A202209,C2025Q1T03,NSW1-QLD1,QLD1,1,22450.71
D,RESIDUE_PRICE_OFFER,,1,A202209,C2025Q1T03,NSW1-QLD1,QLD1,1,22508.71
D,RESIDUE_PRICE_OFFER,,1,A202209,C2025Q1T03,NSW1-QLD1,QLD1,1,22566.71
D,RESIDUE_PRICE_OFFER,,1,A202209,C2025Q1T03,NSW1-QLD1,QLD1,1,22624.71
D,RESIDUE_PRICE_OFFER,,1,A202209,C2025Q1T03,NSW1-QLD1,QLD1,1,22682.71
D,RESIDUE_PRICE_OFFER,,1,A202209,C2025Q1T03,NSW1-QLD1,QLD1,1,22740.71
D,RESIDUE_PRICE_OFFER,,1,A202209,C2025Q1T03,NSW1-QLD1,QLD1,1,22798.71
D,RESIDUE_PRICE_OFFER,,1,A202209,C2025Q1T03,NSW1-QLD1,QLD1,1,22856.71
D,RESIDUE_PRICE_OFFER,,1,A202209,C2025Q1T03,NSW1-QLD1,QLD1,1,22914.71
D,RESIDUE_PRICE_OFFER,,1,A202209,C2025Q1T03,NSW1-QLD1,QLD1,1,22972.71
D,RESIDUE_PRICE_OFFER,,1,A202209,C2025Q1T03,NSW1-QLD1,QLD1,100,0
D,RESIDUE_PRICE_OFFER,,1,A202209,C2025Q1T03,V-SA,SA1,64,0
D,RESIDUE_PRICE_OFFER,,1,A202209,C2025Q1T03,V-SA,VIC1,1,33333.85
D,RESIDUE_PRICE_OFFER,,1,A202209,C2025Q1T03,V-SA,VIC1,1,33666.85
D,RESIDUE_PRICE_OFFER,,1,A202209,C2025Q1T03,V-SA,VIC1,1,33999.85
D,RESIDUE_PRICE_OFFER,,1,A202209,C2025Q1T03,V-SA,VIC1,73,0
D,RESIDUE_PRICE_OFFER,,1,A202209,C2025Q1T03,VIC1-NSW1,NSW1,108,0
D,RESIDUE_PRICE_OFFER,,1,A202209,C2025Q1T03,VIC1-NSW1,VIC1,1,61052.25
D,RESIDUE_PRICE_OFFER,,1,A202209,C2025Q1T03,VIC1-NSW1,VIC1,1,62104.25
D,RESIDUE_PRICE_OFFER,,1,A202209,C2025Q1T03,VIC1-NSW1,VIC1,1,63156.25
D,RESIDUE_PRICE_OFFER,,1,A202209,C2025Q1T03,VIC1-NSW1,VIC1,1,64208.25
D,RESIDUE_PRICE_OFFER,,1,A202209,C2025Q1T03,VIC1-NSW1,VIC1,1,65260.25
D,RESIDUE_PRICE_OFFER,,1,A202209,C2025Q1T03,VIC1-NSW1,VIC1,1,66312.25
D,RESIDUE_PRICE_OFFER,,1,A202209,C2025Q1T03,VIC1-NSW1,VIC1,1,67364.25
D,RESIDUE_PRICE_OFFER,,1,A202209,C2025Q1T03,VIC1-NSW1,VIC1,1,68416.25
D,RESIDUE_PRICE_OFFER,,1,A202209,C2025Q1T03,VIC1-NSW1,VIC1,1,69468.25
D,RESIDUE_PRICE_OFFER,,1,A202209,C2025Q1T03,VIC1-NSW1,VIC1,1,70520.25
D,RESIDUE_PRICE_OFFER,,1,A202209,C2025Q1T03,VIC1-NSW1,VIC1,1,71572.25
D,RESIDUE_PRICE_OFFER,,1,A202209,C2025Q1T03,VIC1-NSW1,VIC1,1,72624.25
D,RESIDUE_PRICE_OFFER,,1,A202209,C2025Q1T03,VIC1-NSW1,VIC1,1,73676.25
D,RESIDUE_PRICE_OFFER,,1,A202209,C2025Q1T03,VIC1-NSW1,VIC1,1,74728.25
D,RESIDUE_PRICE_OFFER,,1,A202209,C2025Q1T03,VIC1-NSW1,VIC1,1,75780.25
D,RESIDUE_PRICE_OFFER,,1,A202209,C2025Q1T03,VIC1-NSW1,VIC1,1,76832.25
D,RESIDUE_PRICE_OFFER,,1,A202209,C2025Q1T03,VIC1-NSW1,VIC1,1,77884.25
D,RESIDUE_PRICE_OFFER,,1,A202209,C2025Q1T03,VIC1-NSW1,VIC1,1,78936.25
D,RESIDUE_PRICE_OFFER,,1,A202209,C2025Q1T03,VIC1-NSW1,VIC1,1,79988.25
D,RESIDUE_PRICE_OFFER,,1,A202209,C2025Q1T03,VIC1-NSW1,VIC1,125,0
D,RESIDUE_PRICE_OFFER,,1,A202209,C2025Q2T02,NSW1-QLD1,NSW1,1,8014.67
D,RESIDUE_PRICE_OFFER,,1,A202209,C2025Q2T02,NSW1-QLD1,NSW1,1,8028.67
D,RESIDUE_PRICE_OFFER,,1,A202209,C2025Q2T02,NSW1-QLD1,NSW1,1,8042.67
D,RESIDUE_PRICE_OFFER,,1,A202209,C2025Q2T02,NSW1-QLD1,NSW1,1,8056.67
D,RESIDUE_PRICE_OFFER,,1,A202209,C2025Q2T02,NSW1-QLD1,NSW1,1,8070.67
D,RESIDUE_PRICE_OFFER,,1,A202209,C2025Q2T02,NSW1-QLD1,NSW1,1,8084.67
D,RESIDUE_PRICE_OFFER,,1,A202209,C2025Q2T02,NSW1-QLD1,NSW1,1,8098.67
D,RESIDUE_PRICE_OFFER,,1,A202209,C2025Q2T02,NSW1-QLD1,NSW1,45,0
D,RESIDUE_PRICE_OFFER,,1,A202209,C2025Q2T02,NSW1-QLD1,QLD1,100,0
D,RESIDUE_PRICE_OFFER,,1,A202209,C2025Q2T02,V-SA,SA1,64,0
D,RESIDUE_PRICE_OFFER,,1,A202209,C2025Q2T02,V-SA,VIC1,73,0
D,RESIDUE_PRICE_OFFER,,1,A202209,C2025Q2T02,VIC1-NSW1,NSW1,108,0
D,RESIDUE_PRICE_OFFER,,1,A202209,C2025Q2T02,VIC1-NSW1,VIC1,125,0
D,RESIDUE_PRICE_OFFER,,1,A202209,C2025Q3T01,NSW1-QLD1,NSW1,45,0
D,RESIDUE_PRICE_OFFER,,1,A202209,C2025Q3T01,NSW1-QLD1,QLD1,100,0
D,RESIDUE_PRICE_OFFER,,1,A202209,C2025Q3T01,V-SA,SA1,64,0
D,RESIDUE_PRICE_OFFER,,1,A202209,C2025Q3T01,V-SA,VIC1,73,0
D,RESIDUE_PRICE_OFFER,,1,A202209,C2025Q3T01,VIC1-NSW1,NSW1,108,0
D,RESIDUE_PRICE_OFFER,,1,A202209,C2025Q3T01,VIC1-NSW1,VIC1,125,0
C,"END OF REPORT",1631
