C,NEMP.WORLD,SROFFER,AEMO,PUBLIC,2023/03/15,15:14:18,0000000382813631,,0000000382813631
I,RESIDUE_PRICE_OFFER,,1,:AUCTIONID,TRANCHEID,INTERCONNECTORID,FROMREGIONID,OFFERUNITS,OFFERPRICE
D,RESIDUE_PRICE_OFFER,,1,A202303,C2023Q2T12,NSW1-QLD1,NSW1,1,6625.40
D,RESIDUE_PRICE_OFFER,,1,A202303,C2023Q2T12,NSW1-QLD1,NSW1,1,6750.40
D,RESIDUE_PRICE_OFFER,,1,A202303,C2023Q2T12,NSW1-QLD1,NSW1,1,6875.40
D,RESIDUE_PRICE_OFFER,,1,A202303,C2023Q2T12,NSW1-QLD1,NSW1,1,7000.40
D,RESIDUE_PRICE_OFFER,,1,A202303,C2023Q2T12,NSW1-QLD1,NSW1,5,4231.994020
D,RESIDUE_PRICE_OFFER,,1,A202303,C2023Q2T12,NSW1-QLD1,NSW1,5,4443.593720
D,RESIDUE_PRICE_OFFER,,1,A202303,C2023Q2T12,NSW1-QLD1,NSW1,5,4665.773410
D,RESIDUE_PRICE_OFFER,,1,A202303,C2023Q2T12,NSW1-QLD1,NSW1,5,4899.062080
D,RESIDUE_PRICE_OFFER,,1,A202303,C2023Q2T12,NSW1-QLD1,NSW1,5,5144.015190
D,RESIDUE_PRICE_OFFER,,1,A202303,C2023Q2T12,NSW1-QLD1,NSW1,5,5401.215950
D,RESIDUE_PRICE_OFFER,,1,A202303,C2023Q2T12,NSW1-QLD1,NSW1,55,0
D,RESIDUE_PRICE_OFFER,,1,A202303,C2023Q2T12,NSW1-QLD1,QLD1,1,19080.55
D,RESIDUE_PRICE_OFFER,,1,A202303,C2023Q2T12,NSW1-QLD1,QLD1,1,19160.55
D,RESIDUE_PRICE_OFFER,,1,A202303,C2023Q2T12,NSW1-QLD1,QLD1,1,19240.55
D,RESIDUE_PRICE_OFFER,,1,A202303,C2023Q2T12,NSW1-QLD1,QLD1,1,19320.55
D,RESIDUE_PRICE_OFFER,,1,A202303,C2023Q2T12,NSW1-QLD1,QLD1,1,19400.55
D,RESIDUE_PRICE_OFFER,,1,A202303,C2023Q2T12,NSW1-QLD1,QLD1,1,19480.55
D,RESIDUE_PRICE_OFFER,,1,A202303,C2023Q2T12,NSW1-QLD1,QLD1,1,19560.55
D,RESIDUE_PRICE_OFFER,,1,A202303,C2023Q2T12,NSW1-QLD1,QLD1,1,19640.55
D,RESIDUE_PRICE_OFFER,,1,A202303,C2023Q2T12,NSW1-QLD1,QLD1,1,19720.55
D,RESIDUE_PRICE_OFFER,,1,A202303,C2023Q2T12,NSW1-QLD1,QLD1,1,19800.55
D,RESIDUE_PRICE_OFFER,,1,A202303,C2023Q2T12,NSW1-QLD1,QLD1,1,19880.55
D,RESIDUE_PRICE_OFFER,,1,A202303,C2023Q2T12,NSW1-QLD1,QLD1,1,19960.55
D,RESIDUE_PRICE_OFFER,,1,A202303,C2023Q2T12,NSW1-QLD1,QLD1,1,20040.55
D,RESIDUE_PRICE_OFFER,,1,A202303,C2023Q2T12,NSW1-QLD1,QLD1,1,20120.55
D,RESIDUE_PRICE_OFFER,,1,A202303,C2023Q2T12,NSW1-QLD1,QLD1,1,20200.55
D,RESIDUE_PRICE_OFFER,,1,A202303,C2023Q2T12,NSW1-QLD1,QLD1,1,20280.55
D,RESIDUE_PRICE_OFFER,,1,A202303,C2023Q2T12,NSW1-QLD1,QLD1,1,20360.55
D,RESIDUE_PRICE_OFFER,,1,A202303,C2023Q2T12,NSW1-QLD1,QLD1,1,20440.55
D,RESIDUE_PRICE_OFFER,,1,A202303,C2023Q2T12,NSW1-QLD1,QLD1,1,20520.55
D,RESIDUE_PRICE_OFFER,,1,A202303,C2023Q2T12,NSW1-QLD1,QLD1,1,20600.55
D,RESIDUE_PRICE_OFFER,,1,A202303,C2023Q2T12,NSW1-QLD1,QLD1,1,20680.55
D,RESIDUE_PRICE_OFFER,,1,A202303,C2023Q2T12,NSW1-QLD1,QLD1,1,20760.55
D,RESIDUE_PRICE_OFFER,,1,A202303,C2023Q2T12,NSW1-QLD1,QLD1,1,20840.55
D,RESIDUE_PRICE_OFFER,,1,A202303,C2023Q2T12,NSW1-QLD1,QLD1,1,20920.55
D,RESIDUE_PRICE_OFFER,,1,A202303,C2023Q2T12,NSW1-QLD1,QLD1,1,21000.55
D,RESIDUE_PRICE_OFFER,,1,A202303,C2023Q2T12,NSW1-QLD1,QLD1,1,21182.55
D,RESIDUE_PRICE_OFFER,,1,A202303,C2023Q2T12,NSW1-QLD1,QLD1,1,21264.55
D,RESIDUE_PRICE_OFFER,,1,A202303,C2023Q2T12,NSW1-QLD1,QLD1,1,21346.55
D,RESIDUE_PRICE_OFFER,,1,A202303,C2023Q2T12,NSW1-QLD1,QLD1,1,21428.55
D,RESIDUE_PRICE_OFFER,,1,A202303,C2023Q2T12,NSW1-QLD1,QLD1,1,21510.55
D,RESIDUE_PRICE_OFFER,,1,A202303,C2023Q2T12,NSW1-QLD1,QLD1,1,21592.55
D,RESIDUE_PRICE_OFFER,,1,A202303,C2023Q2T12,NSW1-QLD1,QLD1,1,21674.55
D,RESIDUE_PRICE_OFFER,,1,A202303,C2023Q2T12,NSW1-QLD1,QLD1,1,21756.55
D,RESIDUE_PRICE_OFFER,,1,A202303,C2023Q2T12,NSW1-QLD1,QLD1,1,21838.55
D,RESIDUE_PRICE_OFFER,,1,A202303,C2023Q2T12,NSW1-QLD1,QLD1,1,21920.55
D,RESIDUE_PRICE_OFFER,,1,A202303,C2023Q2T12,NSW1-QLD1,QLD1,1,22002.55
D,RESIDUE_PRICE_OFFER,,1,A202303,C2023Q2T12,NSW1-QLD1,QLD1,1,22084.55
D,RESIDUE_PRICE_OFFER,,1,A202303,C2023Q2T12,NSW1-QLD1,QLD1,1,22166.55
D,RESIDUE_PRICE_OFFER,,1,A202303,C2023Q2T12,NSW1-QLD1,QLD1,1,22248.55
D,RESIDUE_PRICE_OFFER,,1,A202303,C2023Q2T12,NSW1-QLD1,QLD1,1,22330.55
D,RESIDUE_PRICE_OFFER,,1,A202303,C2023Q2T12,NSW1-QLD1,QLD1,1,22412.55
D,RESIDUE_PRICE_OFFER,,1,A202303,C2023Q2T12,NSW1-QLD1,QLD1,1,22494.55
D,RESIDUE_PRICE_OFFER,,1,A202303,C2023Q2T12,NSW1-QLD1,QLD1,1,22576.55
D,RESIDUE_PRICE_OFFER,,1,A202303,C2023Q2T12,NSW1-QLD1,QLD1,1,22658.55
D,RESIDUE_PRICE_OFFER,,1,A202303,C2023Q2T12,NSW1-QLD1,QLD1,1,22740.55
D,RESIDUE_PRICE_OFFER,,1,A202303,C2023Q2T12,NSW1-QLD1,QLD1,1,22822.55
D,RESIDUE_PRICE_OFFER,,1,A202303,C2023Q2T12,NSW1-QLD1,QLD1,1,22904.55
D,RESIDUE_PRICE_OFFER,,1,A202303,C2023Q2T12,NSW1-QLD1,QLD1,1,22986.55
D,RESIDUE_PRICE_OFFER,,1,A202303,C2023Q2T12,NSW1-QLD1,QLD1,1,23068.55
D,RESIDUE_PRICE_OFFER,,1,A202303,C2023Q2T12,NSW1-QLD1,QLD1,1,23150.55
D,RESIDUE_PRICE_OFFER,,1,A202303,C2023Q2T12,NSW1-QLD1,QLD1,1,23232.55
D,RESIDUE_PRICE_OFFER,,1,A202303,C2023Q2T12,NSW1-QLD1,QLD1,1,23314.55
D,RESIDUE_PRICE_OFFER,,1,A202303,C2023Q2T12,NSW1-QLD1,QLD1,1,23396.55
D,RESIDUE_PRICE_OFFER,,1,A202303,C2023Q2T12,NSW1-QLD1,QLD1,1,23478.55
D,RESIDUE_PRICE_OFFER,,1,A202303,C2023Q2T12,NSW1-QLD1,QLD1,1,23560.55
D,RESIDUE_PRICE_OFFER,,1,A202303,C2023Q2T12,NSW1-QLD1,QLD1,1,23642.55
D,RESIDUE_PRICE_OFFER,,1,A202303,C2023Q2T12,NSW1-QLD1,QLD1,1,23724.55
D,RESIDUE_PRICE_OFFER,,1,A202303,C2023Q2T12,NSW1-QLD1,QLD1,1,23806.55
D,RESIDUE_PRICE_OFFER,,1,A202303,C2023Q2T12,NSW1-QLD1,QLD1,1,23888.55
D,RESIDUE_PRICE_OFFER,,1,A202303,C2023Q2T12,NSW1-QLD1,QLD1,1,23970.55
D,RESIDUE_PRICE_OFFER,,1,A202303,C2023Q2T12,NSW1-QLD1,QLD1,1,28466.55
D,RESIDUE_PRICE_OFFER,,1,A202303,C2023Q2T12,NSW1-QLD1,QLD1,1,28932.55
D,RESIDUE_PRICE_OFFER,,1,A202303,C2023Q2T12,NSW1-QLD1,QLD1,1,29398.55
D,RESIDUE_PRICE_OFFER,,1,A202303,C2023Q2T12,NSW1-QLD1,QLD1,1,29864.55
D,RESIDUE_PRICE_OFFER,,1,A202303,C2023Q2T12,NSW1-QLD1,QLD1,1,30330.55
D,RESIDUE_PRICE_OFFER,,1,A202303,C2023Q2T12,NSW1-QLD1,QLD1,1,30796.55
D,RESIDUE_PRICE_OFFER,,1,A202303,C2023Q2T12,NSW1-QLD1,QLD1,1,31262.55
D,RESIDUE_PRICE_OFFER,,1,A202303,C2023Q2T12,NSW1-QLD1,QLD1,1,31728.55
D,RESIDUE_PRICE_OFFER,,1,A202303,C2023Q2T12,NSW1-QLD1,QLD1,1,32194.55
D,RESIDUE_PRICE_OFFER,,1,A202303,C2023Q2T12,NSW1-QLD1,QLD1,1,32660.55
D,RESIDUE_PRICE_OFFER,,1,A202303,C2023Q2T12,NSW1-QLD1,QLD1,1,33126.55
D,RESIDUE_PRICE_OFFER,,1,A202303,C2023Q2T12,NSW1-QLD1,QLD1,1,33592.55
D,RESIDUE_PRICE_OFFER,,1,A202303,C2023Q2T12,NSW1-QLD1,QLD1,1,34058.55
D,RESIDUE_PRICE_OFFER,,1,A202303,C2023Q2T12,NSW1-QLD1,QLD1,1,34524.55
D,RESIDUE_PRICE_OFFER,,1,A202303,C2023Q2T12,NSW1-QLD1,QLD1,1,34990.55
D,RESIDUE_PRICE_OFFER,,1,A202303,C2023Q2T12,NSW1-QLD1,QLD1,3,22500
D,RESIDUE_PRICE_OFFER,,1,A202303,C2023Q2T12,NSW1-QLD1,QLD1,3,23460
D,RESIDUE_PRICE_OFFER,,1,A202303,C2023Q2T12,NSW1-QLD1,QLD1,3,25336.80
D,RESIDUE_PRICE_OFFER,,1,A202303,C2023Q2T12,NSW1-QLD1,QLD1,3,27363.7440
D,RESIDUE_PRICE_OFFER,,1,A202303,C2023Q2T12,NSW1-QLD1,QLD1,3,29552.843520
D,RESIDUE_PRICE_OFFER,,1,A202303,C2023Q2T12,NSW1-QLD1,QLD1,3,31917.0710
D,RESIDUE_PRICE_OFFER,,1,A202303,C2023Q2T12,NSW1-QLD1,QLD1,3,34470.436680
D,RESIDUE_PRICE_OFFER,,1,A202303,C2023Q2T12,NSW1-QLD1,QLD1,10,30060
D,RESIDUE_PRICE_OFFER,,1,A202303,C2023Q2T12,NSW1-QLD1,QLD1,20,30000
D,RESIDUE_PRICE_OFFER,,1,A202303,C2023Q2T12,NSW1-QLD1,QLD1,30,43000
D,RESIDUE_PRICE_OFFER,,1,A202303,C2023Q2T12,NSW1-QLD1,QLD1,100,0
D,RESIDUE_PRICE_OFFER,,1,A202303,C2023Q2T12,V-SA,SA1,1,5075.859990
D,RESIDUE_PRICE_OFFER,,1,A202303,C2023Q2T12,V-SA,SA1,1,5150.859990
D,RESIDUE_PRICE_OFFER,,1,A202303,C2023Q2T12,V-SA,SA1,1,5225.859990
D,RESIDUE_PRICE_OFFER,,1,A202303,C2023Q2T12,V-SA,SA1,1,5300.859990
D,RESIDUE_PRICE_OFFER,,1,A202303,C2023Q2T12,V-SA,SA1,1,5375.86
D,RESIDUE_PRICE_OFFER,,1,A202303,C2023Q2T12,V-SA,SA1,1,5450.86
D,RESIDUE_PRICE_OFFER,,1,A202303,C2023Q2T12,V-SA,SA1,1,5525.86
D,RESIDUE_PRICE_OFFER,,1,A202303,C2023Q2T12,V-SA,SA1,1,5600.86
D,RESIDUE_PRICE_OFFER,,1,A202303,C2023Q2T12,V-SA,SA1,1,5675.86
D,RESIDUE_PRICE_OFFER,,1,A202303,C2023Q2T12,V-SA,SA1,1,5750.86
D,RESIDUE_PRICE_OFFER,,1,A202303,C2023Q2T12,V-SA,SA1,1,5825.86
D,RESIDUE_PRICE_OFFER,,1,A202303,C2023Q2T12,V-SA,SA1,1,5900.86
D,RESIDUE_PRICE_OFFER,,1,A202303,C2023Q2T12,V-SA,SA1,1,5975.86
D,RESIDUE_PRICE_OFFER,,1,A202303,C2023Q2T12,V-SA,SA1,1,6050.86
D,RESIDUE_PRICE_OFFER,,1,A202303,C2023Q2T12,V-SA,SA1,1,6125.86
D,RESIDUE_PRICE_OFFER,,1,A202303,C2023Q2T12,V-SA,SA1,1,6200.86
D,RESIDUE_PRICE_OFFER,,1,A202303,C2023Q2T12,V-SA,SA1,1,6275.86
D,RESIDUE_PRICE_OFFER,,1,A202303,C2023Q2T12,V-SA,SA1,1,6350.86
D,RESIDUE_PRICE_OFFER,,1,A202303,C2023Q2T12,V-SA,SA1,1,6425.86
D,RESIDUE_PRICE_OFFER,,1,A202303,C2023Q2T12,V-SA,SA1,1,6500.86
D,RESIDUE_PRICE_OFFER,,1,A202303,C2023Q2T12,V-SA,SA1,2,7261.0810
D,RESIDUE_PRICE_OFFER,,1,A202303,C2023Q2T12,V-SA,SA1,2,8400.86
D,RESIDUE_PRICE_OFFER,,1,A202303,C2023Q2T12,V-SA,SA1,2,8713.2972
D,RESIDUE_PRICE_OFFER,,1,A202303,C2023Q2T12,V-SA,SA1,2,8800.86
D,RESIDUE_PRICE_OFFER,,1,A202303,C2023Q2T12,V-SA,SA1,2,9000
D,RESIDUE_PRICE_OFFER,,1,A202303,C2023Q2T12,V-SA,SA1,2,9200.86
D,RESIDUE_PRICE_OFFER,,1,A202303,C2023Q2T12,V-SA,SA1,2,9600.86
D,RESIDUE_PRICE_OFFER,,1,A202303,C2023Q2T12,V-SA,SA1,2,9777.78
D,RESIDUE_PRICE_OFFER,,1,A202303,C2023Q2T12,V-SA,SA1,2,10000.86
D,RESIDUE_PRICE_OFFER,,1,A202303,C2023Q2T12,V-SA,SA1,2,10400.86
D,RESIDUE_PRICE_OFFER,,1,A202303,C2023Q2T12,V-SA,SA1,2,10455.956640
D,RESIDUE_PRICE_OFFER,,1,A202303,C2023Q2T12,V-SA,SA1,2,10555.56
D,RESIDUE_PRICE_OFFER,,1,A202303,C2023Q2T12,V-SA,SA1,2,10800.86
D,RESIDUE_PRICE_OFFER,,1,A202303,C2023Q2T12,V-SA,SA1,2,11200.86
D,RESIDUE_PRICE_OFFER,,1,A202303,C2023Q2T12,V-SA,SA1,2,11333.33
D,RESIDUE_PRICE_OFFER,,1,A202303,C2023Q2T12,V-SA,SA1,2,11600.86
D,RESIDUE_PRICE_OFFER,,1,A202303,C2023Q2T12,V-SA,SA1,2,12000.86
D,RESIDUE_PRICE_OFFER,,1,A202303,C2023Q2T12,V-SA,SA1,2,12111.11
D,RESIDUE_PRICE_OFFER,,1,A202303,C2023Q2T12,V-SA,SA1,2,12547.147970
D,RESIDUE_PRICE_OFFER,,1,A202303,C2023Q2T12,V-SA,SA1,2,12888.89
D,RESIDUE_PRICE_OFFER,,1,A202303,C2023Q2T12,V-SA,SA1,2,13666.67
D,RESIDUE_PRICE_OFFER,,1,A202303,C2023Q2T12,V-SA,SA1,2,14444.44
D,RESIDUE_PRICE_OFFER,,1,A202303,C2023Q2T12,V-SA,SA1,2,15056.577560
D,RESIDUE_PRICE_OFFER,,1,A202303,C2023Q2T12,V-SA,SA1,2,15222.22
D,RESIDUE_PRICE_OFFER,,1,A202303,C2023Q2T12,V-SA,SA1,2,16000
D,RESIDUE_PRICE_OFFER,,1,A202303,C2023Q2T12,V-SA,SA1,2,18067.893060
D,RESIDUE_PRICE_OFFER,,1,A202303,C2023Q2T12,V-SA,SA1,5,15000
D,RESIDUE_PRICE_OFFER,,1,A202303,C2023Q2T12,V-SA,SA1,66,0
D,RESIDUE_PRICE_OFFER,,1,A202303,C2023Q2T12,V-SA,VIC1,1,16133.96
D,RESIDUE_PRICE_OFFER,,1,A202303,C2023Q2T12,V-SA,VIC1,1,16266.96
D,RESIDUE_PRICE_OFFER,,1,A202303,C2023Q2T12,V-SA,VIC1,1,16399.96
D,RESIDUE_PRICE_OFFER,,1,A202303,C2023Q2T12,V-SA,VIC1,1,16532.96
D,RESIDUE_PRICE_OFFER,,1,A202303,C2023Q2T12,V-SA,VIC1,1,16665.96
D,RESIDUE_PRICE_OFFER,,1,A202303,C2023Q2T12,V-SA,VIC1,1,16798.96
D,RESIDUE_PRICE_OFFER,,1,A202303,C2023Q2T12,V-SA,VIC1,1,16931.96
D,RESIDUE_PRICE_OFFER,,1,A202303,C2023Q2T12,V-SA,VIC1,1,17064.96
D,RESIDUE_PRICE_OFFER,,1,A202303,C2023Q2T12,V-SA,VIC1,1,17197.96
D,RESIDUE_PRICE_OFFER,,1,A202303,C2023Q2T12,V-SA,VIC1,1,17330.96
D,RESIDUE_PRICE_OFFER,,1,A202303,C2023Q2T12,V-SA,VIC1,1,17463.96
D,RESIDUE_PRICE_OFFER,,1,A202303,C2023Q2T12,V-SA,VIC1,1,17596.96
D,RESIDUE_PRICE_OFFER,,1,A202303,C2023Q2T12,V-SA,VIC1,1,17729.96
D,RESIDUE_PRICE_OFFER,,1,A202303,C2023Q2T12,V-SA,VIC1,1,17862.96
D,RESIDUE_PRICE_OFFER,,1,A202303,C2023Q2T12,V-SA,VIC1,1,17995.96
D,RESIDUE_PRICE_OFFER,,1,A202303,C2023Q2T12,V-SA,VIC1,2,19600.96
D,RESIDUE_PRICE_OFFER,,1,A202303,C2023Q2T12,V-SA,VIC1,2,20200.96
D,RESIDUE_PRICE_OFFER,,1,A202303,C2023Q2T12,V-SA,VIC1,2,20800.96
D,RESIDUE_PRICE_OFFER,,1,A202303,C2023Q2T12,V-SA,VIC1,2,21400.96
D,RESIDUE_PRICE_OFFER,,1,A202303,C2023Q2T12,V-SA,VIC1,2,22000.96
D,RESIDUE_PRICE_OFFER,,1,A202303,C2023Q2T12,V-SA,VIC1,2,22600.96
D,RESIDUE_PRICE_OFFER,,1,A202303,C2023Q2T12,V-SA,VIC1,2,23200.96
D,RESIDUE_PRICE_OFFER,,1,A202303,C2023Q2T12,V-SA,VIC1,2,23800.96
D,RESIDUE_PRICE_OFFER,,1,A202303,C2023Q2T12,V-SA,VIC1,2,24400.96
D,RESIDUE_PRICE_OFFER,,1,A202303,C2023Q2T12,V-SA,VIC1,2,24502.792740
D,RESIDUE_PRICE_OFFER,,1,A202303,C2023Q2T12,V-SA,VIC1,2,25000.96
D,RESIDUE_PRICE_OFFER,,1,A202303,C2023Q2T12,V-SA,VIC1,2,25600.96
D,RESIDUE_PRICE_OFFER,,1,A202303,C2023Q2T12,V-SA,VIC1,2,26200.96
D,RESIDUE_PRICE_OFFER,,1,A202303,C2023Q2T12,V-SA,VIC1,2,26800.96
D,RESIDUE_PRICE_OFFER,,1,A202303,C2023Q2T12,V-SA,VIC1,2,27400.96
D,RESIDUE_PRICE_OFFER,,1,A202303,C2023Q2T12,V-SA,VIC1,2,28000.96
D,RESIDUE_PRICE_OFFER,,1,A202303,C2023Q2T12,V-SA,VIC1,2,28178.211650
D,RESIDUE_PRICE_OFFER,,1,A202303,C2023Q2T12,V-SA,VIC1,2,32404.9434
D,RESIDUE_PRICE_OFFER,,1,A202303,C2023Q2T12,V-SA,VIC1,2,37265.684910
D,RESIDUE_PRICE_OFFER,,1,A202303,C2023Q2T12,V-SA,VIC1,2,42855.537640
D,RESIDUE_PRICE_OFFER,,1,A202303,C2023Q2T12,V-SA,VIC1,2,49283.868290
D,RESIDUE_PRICE_OFFER,,1,A202303,C2023Q2T12,V-SA,VIC1,5,23500
D,RESIDUE_PRICE_OFFER,,1,A202303,C2023Q2T12,V-SA,VIC1,5,25000
D,RESIDUE_PRICE_OFFER,,1,A202303,C2023Q2T12,V-SA,VIC1,5,27500
D,RESIDUE_PRICE_OFFER,,1,A202303,C2023Q2T12,V-SA,VIC1,5,30000
D,RESIDUE_PRICE_OFFER,,1,A202303,C2023Q2T12,V-SA,VIC1,12,23000
D,RESIDUE_PRICE_OFFER,,1,A202303,C2023Q2T12,V-SA,VIC1,20,21000
D,RESIDUE_PRICE_OFFER,,1,A202303,C2023Q2T12,V-SA,VIC1,77,0
D,RESIDUE_PRICE_OFFER,,1,A202303,C2023Q2T12,VIC1-NSW1,NSW1,2,2571.13
D,RESIDUE_PRICE_OFFER,,1,A202303,C2023Q2T12,VIC1-NSW1,NSW1,2,2642.13
D,RESIDUE_PRICE_OFFER,,1,A202303,C2023Q2T12,VIC1-NSW1,NSW1,2,2713.13
D,RESIDUE_PRICE_OFFER,,1,A202303,C2023Q2T12,VIC1-NSW1,NSW1,2,2784.13
D,RESIDUE_PRICE_OFFER,,1,A202303,C2023Q2T12,VIC1-NSW1,NSW1,2,2855.13
D,RESIDUE_PRICE_OFFER,,1,A202303,C2023Q2T12,VIC1-NSW1,NSW1,2,2926.13
D,RESIDUE_PRICE_OFFER,,1,A202303,C2023Q2T12,VIC1-NSW1,NSW1,2,2997.13
D,RESIDUE_PRICE_OFFER,,1,A202303,C2023Q2T12,VIC1-NSW1,NSW1,2,3068.13
D,RESIDUE_PRICE_OFFER,,1,A202303,C2023Q2T12,VIC1-NSW1,NSW1,2,3139.13
D,RESIDUE_PRICE_OFFER,,1,A202303,C2023Q2T12,VIC1-NSW1,NSW1,2,3210.13
D,RESIDUE_PRICE_OFFER,,1,A202303,C2023Q2T12,VIC1-NSW1,NSW1,2,3281.13
D,RESIDUE_PRICE_OFFER,,1,A202303,C2023Q2T12,VIC1-NSW1,NSW1,2,3352.13
D,RESIDUE_PRICE_OFFER,,1,A202303,C2023Q2T12,VIC1-NSW1,NSW1,2,3423.13
D,RESIDUE_PRICE_OFFER,,1,A202303,C2023Q2T12,VIC1-NSW1,NSW1,2,3494.13
D,RESIDUE_PRICE_OFFER,,1,A202303,C2023Q2T12,VIC1-NSW1,NSW1,2,3565.13
D,RESIDUE_PRICE_OFFER,,1,A202303,C2023Q2T12,VIC1-NSW1,NSW1,2,3636.13
D,RESIDUE_PRICE_OFFER,,1,A202303,C2023Q2T12,VIC1-NSW1,NSW1,2,3707.13
D,RESIDUE_PRICE_OFFER,,1,A202303,C2023Q2T12,VIC1-NSW1,NSW1,2,3778.13
D,RESIDUE_PRICE_OFFER,,1,A202303,C2023Q2T12,VIC1-NSW1,NSW1,2,3849.13
D,RESIDUE_PRICE_OFFER,,1,A202303,C2023Q2T12,VIC1-NSW1,NSW1,2,3920.13
D,RESIDUE_PRICE_OFFER,,1,A202303,C2023Q2T12,VIC1-NSW1,NSW1,2,3991.13
D,RESIDUE_PRICE_OFFER,,1,A202303,C2023Q2T12,VIC1-NSW1,NSW1,5,3078.55
D,RESIDUE_PRICE_OFFER,,1,A202303,C2023Q2T12,VIC1-NSW1,NSW1,5,3540.3325
D,RESIDUE_PRICE_OFFER,,1,A202303,C2023Q2T12,VIC1-NSW1,NSW1,5,4071.382370
D,RESIDUE_PRICE_OFFER,,1,A202303,C2023Q2T12,VIC1-NSW1,NSW1,5,4682.089730
D,RESIDUE_PRICE_OFFER,,1,A202303,C2023Q2T12,VIC1-NSW1,NSW1,5,5384.403190
D,RESIDUE_PRICE_OFFER,,1,A202303,C2023Q2T12,VIC1-NSW1,NSW1,5,6192.063670
D,RESIDUE_PRICE_OFFER,,1,A202303,C2023Q2T12,VIC1-NSW1,NSW1,50,6000
D,RESIDUE_PRICE_OFFER,,1,A202303,C2023Q2T12,VIC1-NSW1,NSW1,112,0
D,RESIDUE_PRICE_OFFER,,1,A202303,C2023Q2T12,VIC1-NSW1,VIC1,2,20200.759990
D,RESIDUE_PRICE_OFFER,,1,A202303,C2023Q2T12,VIC1-NSW1,VIC1,2,20400.759990
D,RESIDUE_PRICE_OFFER,,1,A202303,C2023Q2T12,VIC1-NSW1,VIC1,2,20600.759990
D,RESIDUE_PRICE_OFFER,,1,A202303,C2023Q2T12,VIC1-NSW1,VIC1,2,20800.759990
D,RESIDUE_PRICE_OFFER,,1,A202303,C2023Q2T12,VIC1-NSW1,VIC1,2,21000.759990
D,RESIDUE_PRICE_OFFER,,1,A202303,C2023Q2T12,VIC1-NSW1,VIC1,2,21200.759990
D,RESIDUE_PRICE_OFFER,,1,A202303,C2023Q2T12,VIC1-NSW1,VIC1,2,21400.759990
D,RESIDUE_PRICE_OFFER,,1,A202303,C2023Q2T12,VIC1-NSW1,VIC1,2,21600.76
D,RESIDUE_PRICE_OFFER,,1,A202303,C2023Q2T12,VIC1-NSW1,VIC1,2,21800.76
D,RESIDUE_PRICE_OFFER,,1,A202303,C2023Q2T12,VIC1-NSW1,VIC1,2,22000.76
D,RESIDUE_PRICE_OFFER,,1,A202303,C2023Q2T12,VIC1-NSW1,VIC1,2,22200.76
D,RESIDUE_PRICE_OFFER,,1,A202303,C2023Q2T12,VIC1-NSW1,VIC1,2,22400.76
D,RESIDUE_PRICE_OFFER,,1,A202303,C2023Q2T12,VIC1-NSW1,VIC1,2,22600.76
D,RESIDUE_PRICE_OFFER,,1,A202303,C2023Q2T12,VIC1-NSW1,VIC1,2,22800.76
D,RESIDUE_PRICE_OFFER,,1,A202303,C2023Q2T12,VIC1-NSW1,VIC1,2,23000.76
D,RESIDUE_PRICE_OFFER,,1,A202303,C2023Q2T12,VIC1-NSW1,VIC1,2,23200.76
D,RESIDUE_PRICE_OFFER,,1,A202303,C2023Q2T12,VIC1-NSW1,VIC1,2,23400.76
D,RESIDUE_PRICE_OFFER,,1,A202303,C2023Q2T12,VIC1-NSW1,VIC1,2,23600.76
D,RESIDUE_PRICE_OFFER,,1,A202303,C2023Q2T12,VIC1-NSW1,VIC1,2,23800.76
D,RESIDUE_PRICE_OFFER,,1,A202303,C2023Q2T12,VIC1-NSW1,VIC1,2,24000.76
D,RESIDUE_PRICE_OFFER,,1,A202303,C2023Q2T12,VIC1-NSW1,VIC1,2,24200.76
D,RESIDUE_PRICE_OFFER,,1,A202303,C2023Q2T12,VIC1-NSW1,VIC1,2,24400.76
D,RESIDUE_PRICE_OFFER,,1,A202303,C2023Q2T12,VIC1-NSW1,VIC1,2,24600.76
D,RESIDUE_PRICE_OFFER,,1,A202303,C2023Q2T12,VIC1-NSW1,VIC1,2,24800.76
D,RESIDUE_PRICE_OFFER,,1,A202303,C2023Q2T12,VIC1-NSW1,VIC1,2,25000.76
D,RESIDUE_PRICE_OFFER,,1,A202303,C2023Q2T12,VIC1-NSW1,VIC1,2,25200.76
D,RESIDUE_PRICE_OFFER,,1,A202303,C2023Q2T12,VIC1-NSW1,VIC1,2,25400.76
D,RESIDUE_PRICE_OFFER,,1,A202303,C2023Q2T12,VIC1-NSW1,VIC1,2,25600.76
D,RESIDUE_PRICE_OFFER,,1,A202303,C2023Q2T12,VIC1-NSW1,VIC1,2,25800.76
D,RESIDUE_PRICE_OFFER,,1,A202303,C2023Q2T12,VIC1-NSW1,VIC1,2,26000.76
D,RESIDUE_PRICE_OFFER,,1,A202303,C2023Q2T12,VIC1-NSW1,VIC1,2,29839.389670
D,RESIDUE_PRICE_OFFER,,1,A202303,C2023Q2T12,VIC1-NSW1,VIC1,2,30085.76
D,RESIDUE_PRICE_OFFER,,1,A202303,C2023Q2T12,VIC1-NSW1,VIC1,2,30670.76
D,RESIDUE_PRICE_OFFER,,1,A202303,C2023Q2T12,VIC1-NSW1,VIC1,2,31255.76
D,RESIDUE_PRICE_OFFER,,1,A202303,C2023Q2T12,VIC1-NSW1,VIC1,2,31840.76
D,RESIDUE_PRICE_OFFER,,1,A202303,C2023Q2T12,VIC1-NSW1,VIC1,2,32425.76
D,RESIDUE_PRICE_OFFER,,1,A202303,C2023Q2T12,VIC1-NSW1,VIC1,2,33010.76
D,RESIDUE_PRICE_OFFER,,1,A202303,C2023Q2T12,VIC1-NSW1,VIC1,2,33595.76
D,RESIDUE_PRICE_OFFER,,1,A202303,C2023Q2T12,VIC1-NSW1,VIC1,2,34180.76
D,RESIDUE_PRICE_OFFER,,1,A202303,C2023Q2T12,VIC1-NSW1,VIC1,2,34315.298120
D,RESIDUE_PRICE_OFFER,,1,A202303,C2023Q2T12,VIC1-NSW1,VIC1,2,34765.76
D,RESIDUE_PRICE_OFFER,,1,A202303,C2023Q2T12,VIC1-NSW1,VIC1,2,35350.76
D,RESIDUE_PRICE_OFFER,,1,A202303,C2023Q2T12,VIC1-NSW1,VIC1,2,35935.76
D,RESIDUE_PRICE_OFFER,,1,A202303,C2023Q2T12,VIC1-NSW1,VIC1,2,36520.76
D,RESIDUE_PRICE_OFFER,,1,A202303,C2023Q2T12,VIC1-NSW1,VIC1,2,37105.76
D,RESIDUE_PRICE_OFFER,,1,A202303,C2023Q2T12,VIC1-NSW1,VIC1,2,37690.76
D,RESIDUE_PRICE_OFFER,,1,A202303,C2023Q2T12,VIC1-NSW1,VIC1,2,38275.76
D,RESIDUE_PRICE_OFFER,,1,A202303,C2023Q2T12,VIC1-NSW1,VIC1,2,38860.76
D,RESIDUE_PRICE_OFFER,,1,A202303,C2023Q2T12,VIC1-NSW1,VIC1,2,39445.76
D,RESIDUE_PRICE_OFFER,,1,A202303,C2023Q2T12,VIC1-NSW1,VIC1,2,39462.592830
D,RESIDUE_PRICE_OFFER,,1,A202303,C2023Q2T12,VIC1-NSW1,VIC1,2,40030.76
D,RESIDUE_PRICE_OFFER,,1,A202303,C2023Q2T12,VIC1-NSW1,VIC1,2,40615.76
D,RESIDUE_PRICE_OFFER,,1,A202303,C2023Q2T12,VIC1-NSW1,VIC1,2,41200.76
D,RESIDUE_PRICE_OFFER,,1,A202303,C2023Q2T12,VIC1-NSW1,VIC1,2,41785.76
D,RESIDUE_PRICE_OFFER,,1,A202303,C2023Q2T12,VIC1-NSW1,VIC1,2,42370.76
D,RESIDUE_PRICE_OFFER,,1,A202303,C2023Q2T12,VIC1-NSW1,VIC1,2,42955.76
D,RESIDUE_PRICE_OFFER,,1,A202303,C2023Q2T12,VIC1-NSW1,VIC1,2,43540.76
D,RESIDUE_PRICE_OFFER,,1,A202303,C2023Q2T12,VIC1-NSW1,VIC1,2,44125.76
D,RESIDUE_PRICE_OFFER,,1,A202303,C2023Q2T12,VIC1-NSW1,VIC1,2,44710.76
D,RESIDUE_PRICE_OFFER,,1,A202303,C2023Q2T12,VIC1-NSW1,VIC1,2,45295.76
D,RESIDUE_PRICE_OFFER,,1,A202303,C2023Q2T12,VIC1-NSW1,VIC1,2,45381.981770
D,RESIDUE_PRICE_OFFER,,1,A202303,C2023Q2T12,VIC1-NSW1,VIC1,2,45880.76
D,RESIDUE_PRICE_OFFER,,1,A202303,C2023Q2T12,VIC1-NSW1,VIC1,2,46465.76
D,RESIDUE_PRICE_OFFER,,1,A202303,C2023Q2T12,VIC1-NSW1,VIC1,2,47050.76
D,RESIDUE_PRICE_OFFER,,1,A202303,C2023Q2T12,VIC1-NSW1,VIC1,2,47635.76
D,RESIDUE_PRICE_OFFER,,1,A202303,C2023Q2T12,VIC1-NSW1,VIC1,2,48220.76
D,RESIDUE_PRICE_OFFER,,1,A202303,C2023Q2T12,VIC1-NSW1,VIC1,2,48805.76
D,RESIDUE_PRICE_OFFER,,1,A202303,C2023Q2T12,VIC1-NSW1,VIC1,2,49390.76
D,RESIDUE_PRICE_OFFER,,1,A202303,C2023Q2T12,VIC1-NSW1,VIC1,2,49975.76
D,RESIDUE_PRICE_OFFER,,1,A202303,C2023Q2T12,VIC1-NSW1,VIC1,2,52189.279030
D,RESIDUE_PRICE_OFFER,,1,A202303,C2023Q2T12,VIC1-NSW1,VIC1,2,60017.670890
D,RESIDUE_PRICE_OFFER,,1,A202303,C2023Q2T12,VIC1-NSW1,VIC1,10,27450
D,RESIDUE_PRICE_OFFER,,1,A202303,C2023Q2T12,VIC1-NSW1,VIC1,25,38000
D,RESIDUE_PRICE_OFFER,,1,A202303,C2023Q2T12,VIC1-NSW1,VIC1,25,45000
D,RESIDUE_PRICE_OFFER,,1,A202303,C2023Q2T12,VIC1-NSW1,VIC1,125,0
D,RESIDUE_PRICE_OFFER,,1,A202303,C2023Q3T11,NSW1-QLD1,NSW1,1,6666.40
D,RESIDUE_PRICE_OFFER,,1,A202303,C2023Q3T11,NSW1-QLD1,NSW1,1,6832.40
D,RESIDUE_PRICE_OFFER,,1,A202303,C2023Q3T11,NSW1-QLD1,NSW1,1,6998.40
D,RESIDUE_PRICE_OFFER,,1,A202303,C2023Q3T11,NSW1-QLD1,NSW1,5,3129.507160
D,RESIDUE_PRICE_OFFER,,1,A202303,C2023Q3T11,NSW1-QLD1,NSW1,5,3285.982520
D,RESIDUE_PRICE_OFFER,,1,A202303,C2023Q3T11,NSW1-QLD1,NSW1,5,3450.281650
D,RESIDUE_PRICE_OFFER,,1,A202303,C2023Q3T11,NSW1-QLD1,NSW1,5,3622.795730
D,RESIDUE_PRICE_OFFER,,1,A202303,C2023Q3T11,NSW1-QLD1,NSW1,5,3803.935520
D,RESIDUE_PRICE_OFFER,,1,A202303,C2023Q3T11,NSW1-QLD1,NSW1,5,3994.132290
D,RESIDUE_PRICE_OFFER,,1,A202303,C2023Q3T11,NSW1-QLD1,NSW1,45,0
D,RESIDUE_PRICE_OFFER,,1,A202303,C2023Q3T11,NSW1-QLD1,QLD1,1,30050.55
D,RESIDUE_PRICE_OFFER,,1,A202303,C2023Q3T11,NSW1-QLD1,QLD1,1,30100.55
D,RESIDUE_PRICE_OFFER,,1,A202303,C2023Q3T11,NSW1-QLD1,QLD1,1,30150.55
D,RESIDUE_PRICE_OFFER,,1,A202303,C2023Q3T11,NSW1-QLD1,QLD1,1,30200.55
D,RESIDUE_PRICE_OFFER,,1,A202303,C2023Q3T11,NSW1-QLD1,QLD1,1,30250.55
D,RESIDUE_PRICE_OFFER,,1,A202303,C2023Q3T11,NSW1-QLD1,QLD1,1,30300.55
D,RESIDUE_PRICE_OFFER,,1,A202303,C2023Q3T11,NSW1-QLD1,QLD1,1,30350.55
D,RESIDUE_PRICE_OFFER,,1,A202303,C2023Q3T11,NSW1-QLD1,QLD1,1,30400.55
D,RESIDUE_PRICE_OFFER,,1,A202303,C2023Q3T11,NSW1-QLD1,QLD1,1,30450.55
D,RESIDUE_PRICE_OFFER,,1,A202303,C2023Q3T11,NSW1-QLD1,QLD1,1,30500.55
D,RESIDUE_PRICE_OFFER,,1,A202303,C2023Q3T11,NSW1-QLD1,QLD1,1,30550.55
D,RESIDUE_PRICE_OFFER,,1,A202303,C2023Q3T11,NSW1-QLD1,QLD1,1,30600.55
D,RESIDUE_PRICE_OFFER,,1,A202303,C2023Q3T11,NSW1-QLD1,QLD1,1,30650.55
D,RESIDUE_PRICE_OFFER,,1,A202303,C2023Q3T11,NSW1-QLD1,QLD1,1,30700.55
D,RESIDUE_PRICE_OFFER,,1,A202303,C2023Q3T11,NSW1-QLD1,QLD1,1,30750.55
D,RESIDUE_PRICE_OFFER,,1,A202303,C2023Q3T11,NSW1-QLD1,QLD1,1,30800.55
D,RESIDUE_PRICE_OFFER,,1,A202303,C2023Q3T11,NSW1-QLD1,QLD1,1,30850.55
D,RESIDUE_PRICE_OFFER,,1,A202303,C2023Q3T11,NSW1-QLD1,QLD1,1,30900.55
D,RESIDUE_PRICE_OFFER,,1,A202303,C2023Q3T11,NSW1-QLD1,QLD1,1,30950.55
D,RESIDUE_PRICE_OFFER,,1,A202303,C2023Q3T11,NSW1-QLD1,QLD1,1,31000.55
D,RESIDUE_PRICE_OFFER,,1,A202303,C2023Q3T11,NSW1-QLD1,QLD1,3,18181.50
D,RESIDUE_PRICE_OFFER,,1,A202303,C2023Q3T11,NSW1-QLD1,QLD1,3,19636.02
D,RESIDUE_PRICE_OFFER,,1,A202303,C2023Q3T11,NSW1-QLD1,QLD1,3,21206.9016
D,RESIDUE_PRICE_OFFER,,1,A202303,C2023Q3T11,NSW1-QLD1,QLD1,3,22903.453730
D,RESIDUE_PRICE_OFFER,,1,A202303,C2023Q3T11,NSW1-QLD1,QLD1,3,24735.730030
D,RESIDUE_PRICE_OFFER,,1,A202303,C2023Q3T11,NSW1-QLD1,QLD1,3,26714.588430
D,RESIDUE_PRICE_OFFER,,1,A202303,C2023Q3T11,NSW1-QLD1,QLD1,5,22500
D,RESIDUE_PRICE_OFFER,,1,A202303,C2023Q3T11,NSW1-QLD1,QLD1,5,39200.55
D,RESIDUE_PRICE_OFFER,,1,A202303,C2023Q3T11,NSW1-QLD1,QLD1,5,40400.55
D,RESIDUE_PRICE_OFFER,,1,A202303,C2023Q3T11,NSW1-QLD1,QLD1,5,41600.55
D,RESIDUE_PRICE_OFFER,,1,A202303,C2023Q3T11,NSW1-QLD1,QLD1,5,42800.55
D,RESIDUE_PRICE_OFFER,,1,A202303,C2023Q3T11,NSW1-QLD1,QLD1,5,44000.55
D,RESIDUE_PRICE_OFFER,,1,A202303,C2023Q3T11,NSW1-QLD1,QLD1,5,45200.55
D,RESIDUE_PRICE_OFFER,,1,A202303,C2023Q3T11,NSW1-QLD1,QLD1,5,46400.55
D,RESIDUE_PRICE_OFFER,,1,A202303,C2023Q3T11,NSW1-QLD1,QLD1,5,47600.55
D,RESIDUE_PRICE_OFFER,,1,A202303,C2023Q3T11,NSW1-QLD1,QLD1,5,48800.55
D,RESIDUE_PRICE_OFFER,,1,A202303,C2023Q3T11,NSW1-QLD1,QLD1,5,50000.55
D,RESIDUE_PRICE_OFFER,,1,A202303,C2023Q3T11,NSW1-QLD1,QLD1,10,46350
D,RESIDUE_PRICE_OFFER,,1,A202303,C2023Q3T11,NSW1-QLD1,QLD1,30,55000
D,RESIDUE_PRICE_OFFER,,1,A202303,C2023Q3T11,NSW1-QLD1,QLD1,100,0
D,RESIDUE_PRICE_OFFER,,1,A202303,C2023Q3T11,V-SA,SA1,1,10100.86
D,RESIDUE_PRICE_OFFER,,1,A202303,C2023Q3T11,V-SA,SA1,1,10200.86
D,RESIDUE_PRICE_OFFER,,1,A202303,C2023Q3T11,V-SA,SA1,1,10300.86
D,RESIDUE_PRICE_OFFER,,1,A202303,C2023Q3T11,V-SA,SA1,1,10400.86
D,RESIDUE_PRICE_OFFER,,1,A202303,C2023Q3T11,V-SA,SA1,1,10500.86
D,RESIDUE_PRICE_OFFER,,1,A202303,C2023Q3T11,V-SA,SA1,1,10600.86
D,RESIDUE_PRICE_OFFER,,1,A202303,C2023Q3T11,V-SA,SA1,1,10700.86
D,RESIDUE_PRICE_OFFER,,1,A202303,C2023Q3T11,V-SA,SA1,1,10800.86
D,RESIDUE_PRICE_OFFER,,1,A202303,C2023Q3T11,V-SA,SA1,1,10900.86
D,RESIDUE_PRICE_OFFER,,1,A202303,C2023Q3T11,V-SA,SA1,1,11000.86
D,RESIDUE_PRICE_OFFER,,1,A202303,C2023Q3T11,V-SA,SA1,1,11100.86
D,RESIDUE_PRICE_OFFER,,1,A202303,C2023Q3T11,V-SA,SA1,1,11200.86
D,RESIDUE_PRICE_OFFER,,1,A202303,C2023Q3T11,V-SA,SA1,1,11300.86
D,RESIDUE_PRICE_OFFER,,1,A202303,C2023Q3T11,V-SA,SA1,1,11400.86
D,RESIDUE_PRICE_OFFER,,1,A202303,C2023Q3T11,V-SA,SA1,1,11500.86
D,RESIDUE_PRICE_OFFER,,1,A202303,C2023Q3T11,V-SA,SA1,1,11600.86
D,RESIDUE_PRICE_OFFER,,1,A202303,C2023Q3T11,V-SA,SA1,1,11700.86
D,RESIDUE_PRICE_OFFER,,1,A202303,C2023Q3T11,V-SA,SA1,1,11800.86
D,RESIDUE_PRICE_OFFER,,1,A202303,C2023Q3T11,V-SA,SA1,1,11900.86
D,RESIDUE_PRICE_OFFER,,1,A202303,C2023Q3T11,V-SA,SA1,1,12000.86
D,RESIDUE_PRICE_OFFER,,1,A202303,C2023Q3T11,V-SA,SA1,2,8502
D,RESIDUE_PRICE_OFFER,,1,A202303,C2023Q3T11,V-SA,SA1,2,9000
D,RESIDUE_PRICE_OFFER,,1,A202303,C2023Q3T11,V-SA,SA1,2,9777.78
D,RESIDUE_PRICE_OFFER,,1,A202303,C2023Q3T11,V-SA,SA1,2,10202.40
D,RESIDUE_PRICE_OFFER,,1,A202303,C2023Q3T11,V-SA,SA1,2,10555.56
D,RESIDUE_PRICE_OFFER,,1,A202303,C2023Q3T11,V-SA,SA1,2,11333.33
D,RESIDUE_PRICE_OFFER,,1,A202303,C2023Q3T11,V-SA,SA1,2,12111.11
D,RESIDUE_PRICE_OFFER,,1,A202303,C2023Q3T11,V-SA,SA1,2,12242.88
D,RESIDUE_PRICE_OFFER,,1,A202303,C2023Q3T11,V-SA,SA1,2,12888.89
D,RESIDUE_PRICE_OFFER,,1,A202303,C2023Q3T11,V-SA,SA1,2,13666.67
D,RESIDUE_PRICE_OFFER,,1,A202303,C2023Q3T11,V-SA,SA1,2,14444.44
D,RESIDUE_PRICE_OFFER,,1,A202303,C2023Q3T11,V-SA,SA1,2,14691.4560
D,RESIDUE_PRICE_OFFER,,1,A202303,C2023Q3T11,V-SA,SA1,2,15222.22
D,RESIDUE_PRICE_OFFER,,1,A202303,C2023Q3T11,V-SA,SA1,2,16000
D,RESIDUE_PRICE_OFFER,,1,A202303,C2023Q3T11,V-SA,SA1,2,17629.7472
D,RESIDUE_PRICE_OFFER,,1,A202303,C2023Q3T11,V-SA,SA1,2,21155.696630
D,RESIDUE_PRICE_OFFER,,1,A202303,C2023Q3T11,V-SA,SA1,3,14900.86
D,RESIDUE_PRICE_OFFER,,1,A202303,C2023Q3T11,V-SA,SA1,3,15300.86
D,RESIDUE_PRICE_OFFER,,1,A202303,C2023Q3T11,V-SA,SA1,3,15700.86
D,RESIDUE_PRICE_OFFER,,1,A202303,C2023Q3T11,V-SA,SA1,3,16100.86
D,RESIDUE_PRICE_OFFER,,1,A202303,C2023Q3T11,V-SA,SA1,3,16500.86
D,RESIDUE_PRICE_OFFER,,1,A202303,C2023Q3T11,V-SA,SA1,3,16900.86
D,RESIDUE_PRICE_OFFER,,1,A202303,C2023Q3T11,V-SA,SA1,3,17300.86
D,RESIDUE_PRICE_OFFER,,1,A202303,C2023Q3T11,V-SA,SA1,3,17700.86
D,RESIDUE_PRICE_OFFER,,1,A202303,C2023Q3T11,V-SA,SA1,3,18100.86
D,RESIDUE_PRICE_OFFER,,1,A202303,C2023Q3T11,V-SA,SA1,3,18500.86
D,RESIDUE_PRICE_OFFER,,1,A202303,C2023Q3T11,V-SA,SA1,5,16000
D,RESIDUE_PRICE_OFFER,,1,A202303,C2023Q3T11,V-SA,SA1,64,0
D,RESIDUE_PRICE_OFFER,,1,A202303,C2023Q3T11,V-SA,VIC1,1,15066.96
D,RESIDUE_PRICE_OFFER,,1,A202303,C2023Q3T11,V-SA,VIC1,1,15132.96
D,RESIDUE_PRICE_OFFER,,1,A202303,C2023Q3T11,V-SA,VIC1,1,15198.96
D,RESIDUE_PRICE_OFFER,,1,A202303,C2023Q3T11,V-SA,VIC1,1,15264.96
D,RESIDUE_PRICE_OFFER,,1,A202303,C2023Q3T11,V-SA,VIC1,1,15330.96
D,RESIDUE_PRICE_OFFER,,1,A202303,C2023Q3T11,V-SA,VIC1,1,15396.96
D,RESIDUE_PRICE_OFFER,,1,A202303,C2023Q3T11,V-SA,VIC1,1,15462.96
D,RESIDUE_PRICE_OFFER,,1,A202303,C2023Q3T11,V-SA,VIC1,1,15528.96
D,RESIDUE_PRICE_OFFER,,1,A202303,C2023Q3T11,V-SA,VIC1,1,15594.96
D,RESIDUE_PRICE_OFFER,,1,A202303,C2023Q3T11,V-SA,VIC1,1,15660.96
D,RESIDUE_PRICE_OFFER,,1,A202303,C2023Q3T11,V-SA,VIC1,1,15726.96
D,RESIDUE_PRICE_OFFER,,1,A202303,C2023Q3T11,V-SA,VIC1,1,15792.96
D,RESIDUE_PRICE_OFFER,,1,A202303,C2023Q3T11,V-SA,VIC1,1,15858.96
D,RESIDUE_PRICE_OFFER,,1,A202303,C2023Q3T11,V-SA,VIC1,1,15924.96
D,RESIDUE_PRICE_OFFER,,1,A202303,C2023Q3T11,V-SA,VIC1,1,15990.96
D,RESIDUE_PRICE_OFFER,,1,A202303,C2023Q3T11,V-SA,VIC1,2,27234.171140
D,RESIDUE_PRICE_OFFER,,1,A202303,C2023Q3T11,V-SA,VIC1,2,31319.296810
D,RESIDUE_PRICE_OFFER,,1,A202303,C2023Q3T11,V-SA,VIC1,2,36017.191330
D,RESIDUE_PRICE_OFFER,,1,A202303,C2023Q3T11,V-SA,VIC1,2,41419.770030
D,RESIDUE_PRICE_OFFER,,1,A202303,C2023Q3T11,V-SA,VIC1,2,47632.735530
D,RESIDUE_PRICE_OFFER,,1,A202303,C2023Q3T11,V-SA,VIC1,2,54777.645860
D,RESIDUE_PRICE_OFFER,,1,A202303,C2023Q3T11,V-SA,VIC1,3,19000.96
D,RESIDUE_PRICE_OFFER,,1,A202303,C2023Q3T11,V-SA,VIC1,3,20000.96
D,RESIDUE_PRICE_OFFER,,1,A202303,C2023Q3T11,V-SA,VIC1,3,21000.96
D,RESIDUE_PRICE_OFFER,,1,A202303,C2023Q3T11,V-SA,VIC1,3,22000.96
D,RESIDUE_PRICE_OFFER,,1,A202303,C2023Q3T11,V-SA,VIC1,3,23000.96
D,RESIDUE_PRICE_OFFER,,1,A202303,C2023Q3T11,V-SA,VIC1,3,24000.96
D,RESIDUE_PRICE_OFFER,,1,A202303,C2023Q3T11,V-SA,VIC1,3,25000.96
D,RESIDUE_PRICE_OFFER,,1,A202303,C2023Q3T11,V-SA,VIC1,3,26000.96
D,RESIDUE_PRICE_OFFER,,1,A202303,C2023Q3T11,V-SA,VIC1,3,27000.96
D,RESIDUE_PRICE_OFFER,,1,A202303,C2023Q3T11,V-SA,VIC1,3,28000.96
D,RESIDUE_PRICE_OFFER,,1,A202303,C2023Q3T11,V-SA,VIC1,10,18000
D,RESIDUE_PRICE_OFFER,,1,A202303,C2023Q3T11,V-SA,VIC1,10,20000
D,RESIDUE_PRICE_OFFER,,1,A202303,C2023Q3T11,V-SA,VIC1,10,22500
D,RESIDUE_PRICE_OFFER,,1,A202303,C2023Q3T11,V-SA,VIC1,10,25000
D,RESIDUE_PRICE_OFFER,,1,A202303,C2023Q3T11,V-SA,VIC1,15,30000
D,RESIDUE_PRICE_OFFER,,1,A202303,C2023Q3T11,V-SA,VIC1,73,0
D,RESIDUE_PRICE_OFFER,,1,A202303,C2023Q3T11,VIC1-NSW1,NSW1,2,3166.13
D,RESIDUE_PRICE_OFFER,,1,A202303,C2023Q3T11,VIC1-NSW1,NSW1,2,3332.13
D,RESIDUE_PRICE_OFFER,,1,A202303,C2023Q3T11,VIC1-NSW1,NSW1,2,3498.13
D,RESIDUE_PRICE_OFFER,,1,A202303,C2023Q3T11,VIC1-NSW1,NSW1,2,3664.13
D,RESIDUE_PRICE_OFFER,,1,A202303,C2023Q3T11,VIC1-NSW1,NSW1,2,3830.13
D,RESIDUE_PRICE_OFFER,,1,A202303,C2023Q3T11,VIC1-NSW1,NSW1,2,3996.13
D,RESIDUE_PRICE_OFFER,,1,A202303,C2023Q3T11,VIC1-NSW1,NSW1,2,4162.13
D,RESIDUE_PRICE_OFFER,,1,A202303,C2023Q3T11,VIC1-NSW1,NSW1,2,4328.13
D,RESIDUE_PRICE_OFFER,,1,A202303,C2023Q3T11,VIC1-NSW1,NSW1,2,4494.13
D,RESIDUE_PRICE_OFFER,,1,A202303,C2023Q3T11,VIC1-NSW1,NSW1,2,4660.13
D,RESIDUE_PRICE_OFFER,,1,A202303,C2023Q3T11,VIC1-NSW1,NSW1,2,4826.13
D,RESIDUE_PRICE_OFFER,,1,A202303,C2023Q3T11,VIC1-NSW1,NSW1,2,4992.13
D,RESIDUE_PRICE_OFFER,,1,A202303,C2023Q3T11,VIC1-NSW1,NSW1,5,3407.2420
D,RESIDUE_PRICE_OFFER,,1,A202303,C2023Q3T11,VIC1-NSW1,NSW1,5,3918.3283
D,RESIDUE_PRICE_OFFER,,1,A202303,C2023Q3T11,VIC1-NSW1,NSW1,5,4506.077540
D,RESIDUE_PRICE_OFFER,,1,A202303,C2023Q3T11,VIC1-NSW1,NSW1,5,5181.989170
D,RESIDUE_PRICE_OFFER,,1,A202303,C2023Q3T11,VIC1-NSW1,NSW1,5,5959.287550
D,RESIDUE_PRICE_OFFER,,1,A202303,C2023Q3T11,VIC1-NSW1,NSW1,5,6853.180680
D,RESIDUE_PRICE_OFFER,,1,A202303,C2023Q3T11,VIC1-NSW1,NSW1,40,6000
D,RESIDUE_PRICE_OFFER,,1,A202303,C2023Q3T11,VIC1-NSW1,NSW1,108,0
D,RESIDUE_PRICE_OFFER,,1,A202303,C2023Q3T11,VIC1-NSW1,VIC1,1,20200.759990
D,RESIDUE_PRICE_OFFER,,1,A202303,C2023Q3T11,VIC1-NSW1,VIC1,1,20400.759990
D,RESIDUE_PRICE_OFFER,,1,A202303,C2023Q3T11,VIC1-NSW1,VIC1,1,20600.759990
D,RESIDUE_PRICE_OFFER,,1,A202303,C2023Q3T11,VIC1-NSW1,VIC1,1,20800.759990
D,RESIDUE_PRICE_OFFER,,1,A202303,C2023Q3T11,VIC1-NSW1,VIC1,1,21000.759990
D,RESIDUE_PRICE_OFFER,,1,A202303,C2023Q3T11,VIC1-NSW1,VIC1,1,21200.759990
D,RESIDUE_PRICE_OFFER,,1,A202303,C2023Q3T11,VIC1-NSW1,VIC1,1,21400.759990
D,RESIDUE_PRICE_OFFER,,1,A202303,C2023Q3T11,VIC1-NSW1,VIC1,1,21600.76
D,RESIDUE_PRICE_OFFER,,1,A202303,C2023Q3T11,VIC1-NSW1,VIC1,1,21800.76
D,RESIDUE_PRICE_OFFER,,1,A202303,C2023Q3T11,VIC1-NSW1,VIC1,1,22000.76
D,RESIDUE_PRICE_OFFER,,1,A202303,C2023Q3T11,VIC1-NSW1,VIC1,1,22200.76
D,RESIDUE_PRICE_OFFER,,1,A202303,C2023Q3T11,VIC1-NSW1,VIC1,1,22400.76
D,RESIDUE_PRICE_OFFER,,1,A202303,C2023Q3T11,VIC1-NSW1,VIC1,1,22600.76
D,RESIDUE_PRICE_OFFER,,1,A202303,C2023Q3T11,VIC1-NSW1,VIC1,1,22800.76
D,RESIDUE_PRICE_OFFER,,1,A202303,C2023Q3T11,VIC1-NSW1,VIC1,1,23000.76
D,RESIDUE_PRICE_OFFER,,1,A202303,C2023Q3T11,VIC1-NSW1,VIC1,1,23200.76
D,RESIDUE_PRICE_OFFER,,1,A202303,C2023Q3T11,VIC1-NSW1,VIC1,1,23400.76
D,RESIDUE_PRICE_OFFER,,1,A202303,C2023Q3T11,VIC1-NSW1,VIC1,1,23600.76
D,RESIDUE_PRICE_OFFER,,1,A202303,C2023Q3T11,VIC1-NSW1,VIC1,1,23800.76
D,RESIDUE_PRICE_OFFER,,1,A202303,C2023Q3T11,VIC1-NSW1,VIC1,1,24000.76
D,RESIDUE_PRICE_OFFER,,1,A202303,C2023Q3T11,VIC1-NSW1,VIC1,1,24200.76
D,RESIDUE_PRICE_OFFER,,1,A202303,C2023Q3T11,VIC1-NSW1,VIC1,1,24400.76
D,RESIDUE_PRICE_OFFER,,1,A202303,C2023Q3T11,VIC1-NSW1,VIC1,1,24600.76
D,RESIDUE_PRICE_OFFER,,1,A202303,C2023Q3T11,VIC1-NSW1,VIC1,1,24800.76
D,RESIDUE_PRICE_OFFER,,1,A202303,C2023Q3T11,VIC1-NSW1,VIC1,1,25000.76
D,RESIDUE_PRICE_OFFER,,1,A202303,C2023Q3T11,VIC1-NSW1,VIC1,2,33491.513650
D,RESIDUE_PRICE_OFFER,,1,A202303,C2023Q3T11,VIC1-NSW1,VIC1,2,38515.240690
D,RESIDUE_PRICE_OFFER,,1,A202303,C2023Q3T11,VIC1-NSW1,VIC1,2,44292.5268
D,RESIDUE_PRICE_OFFER,,1,A202303,C2023Q3T11,VIC1-NSW1,VIC1,2,50936.405820
D,RESIDUE_PRICE_OFFER,,1,A202303,C2023Q3T11,VIC1-NSW1,VIC1,2,58576.866690
D,RESIDUE_PRICE_OFFER,,1,A202303,C2023Q3T11,VIC1-NSW1,VIC1,2,67363.396680
D,RESIDUE_PRICE_OFFER,,1,A202303,C2023Q3T11,VIC1-NSW1,VIC1,5,29294.76
D,RESIDUE_PRICE_OFFER,,1,A202303,C2023Q3T11,VIC1-NSW1,VIC1,5,30588.76
D,RESIDUE_PRICE_OFFER,,1,A202303,C2023Q3T11,VIC1-NSW1,VIC1,5,31882.76
D,RESIDUE_PRICE_OFFER,,1,A202303,C2023Q3T11,VIC1-NSW1,VIC1,5,33176.76
D,RESIDUE_PRICE_OFFER,,1,A202303,C2023Q3T11,VIC1-NSW1,VIC1,5,34470.76
D,RESIDUE_PRICE_OFFER,,1,A202303,C2023Q3T11,VIC1-NSW1,VIC1,5,35764.76
D,RESIDUE_PRICE_OFFER,,1,A202303,C2023Q3T11,VIC1-NSW1,VIC1,5,37058.76
D,RESIDUE_PRICE_OFFER,,1,A202303,C2023Q3T11,VIC1-NSW1,VIC1,5,38352.76
D,RESIDUE_PRICE_OFFER,,1,A202303,C2023Q3T11,VIC1-NSW1,VIC1,5,39646.76
D,RESIDUE_PRICE_OFFER,,1,A202303,C2023Q3T11,VIC1-NSW1,VIC1,5,40940.76
D,RESIDUE_PRICE_OFFER,,1,A202303,C2023Q3T11,VIC1-NSW1,VIC1,5,42234.76
D,RESIDUE_PRICE_OFFER,,1,A202303,C2023Q3T11,VIC1-NSW1,VIC1,5,43528.76
D,RESIDUE_PRICE_OFFER,,1,A202303,C2023Q3T11,VIC1-NSW1,VIC1,5,44822.76
D,RESIDUE_PRICE_OFFER,,1,A202303,C2023Q3T11,VIC1-NSW1,VIC1,5,46116.76
D,RESIDUE_PRICE_OFFER,,1,A202303,C2023Q3T11,VIC1-NSW1,VIC1,5,47410.76
D,RESIDUE_PRICE_OFFER,,1,A202303,C2023Q3T11,VIC1-NSW1,VIC1,5,48704.76
D,RESIDUE_PRICE_OFFER,,1,A202303,C2023Q3T11,VIC1-NSW1,VIC1,5,49998.76
D,RESIDUE_PRICE_OFFER,,1,A202303,C2023Q3T11,VIC1-NSW1,VIC1,10,27270
D,RESIDUE_PRICE_OFFER,,1,A202303,C2023Q3T11,VIC1-NSW1,VIC1,20,41000
D,RESIDUE_PRICE_OFFER,,1,A202303,C2023Q3T11,VIC1-NSW1,VIC1,125,0
D,RESIDUE_PRICE_OFFER,,1,A202303,C2023Q4T10,NSW1-QLD1,NSW1,3,8279.2062
D,RESIDUE_PRICE_OFFER,,1,A202303,C2023Q4T10,NSW1-QLD1,NSW1,3,9521.087130
D,RESIDUE_PRICE_OFFER,,1,A202303,C2023Q4T10,NSW1-QLD1,NSW1,3,10949.2502
D,RESIDUE_PRICE_OFFER,,1,A202303,C2023Q4T10,NSW1-QLD1,NSW1,3,12591.637730
D,RESIDUE_PRICE_OFFER,,1,A202303,C2023Q4T10,NSW1-QLD1,NSW1,3,14480.383390
D,RESIDUE_PRICE_OFFER,,1,A202303,C2023Q4T10,NSW1-QLD1,NSW1,3,16652.4409
D,RESIDUE_PRICE_OFFER,,1,A202303,C2023Q4T10,NSW1-QLD1,NSW1,10,12000
D,RESIDUE_PRICE_OFFER,,1,A202303,C2023Q4T10,NSW1-QLD1,NSW1,45,0
D,RESIDUE_PRICE_OFFER,,1,A202303,C2023Q4T10,NSW1-QLD1,QLD1,1,12166.55
D,RESIDUE_PRICE_OFFER,,1,A202303,C2023Q4T10,NSW1-QLD1,QLD1,1,12332.55
D,RESIDUE_PRICE_OFFER,,1,A202303,C2023Q4T10,NSW1-QLD1,QLD1,1,12498.55
D,RESIDUE_PRICE_OFFER,,1,A202303,C2023Q4T10,NSW1-QLD1,QLD1,1,12664.55
D,RESIDUE_PRICE_OFFER,,1,A202303,C2023Q4T10,NSW1-QLD1,QLD1,1,12830.55
D,RESIDUE_PRICE_OFFER,,1,A202303,C2023Q4T10,NSW1-QLD1,QLD1,1,12996.55
D,RESIDUE_PRICE_OFFER,,1,A202303,C2023Q4T10,NSW1-QLD1,QLD1,1,13162.55
D,RESIDUE_PRICE_OFFER,,1,A202303,C2023Q4T10,NSW1-QLD1,QLD1,1,13328.55
D,RESIDUE_PRICE_OFFER,,1,A202303,C2023Q4T10,NSW1-QLD1,QLD1,1,13494.55
D,RESIDUE_PRICE_OFFER,,1,A202303,C2023Q4T10,NSW1-QLD1,QLD1,1,13660.55
D,RESIDUE_PRICE_OFFER,,1,A202303,C2023Q4T10,NSW1-QLD1,QLD1,1,13826.55
D,RESIDUE_PRICE_OFFER,,1,A202303,C2023Q4T10,NSW1-QLD1,QLD1,1,13992.55
D,RESIDUE_PRICE_OFFER,,1,A202303,C2023Q4T10,NSW1-QLD1,QLD1,1,14425.55
D,RESIDUE_PRICE_OFFER,,1,A202303,C2023Q4T10,NSW1-QLD1,QLD1,1,14750.55
D,RESIDUE_PRICE_OFFER,,1,A202303,C2023Q4T10,NSW1-QLD1,QLD1,1,15075.55
D,RESIDUE_PRICE_OFFER,,1,A202303,C2023Q4T10,NSW1-QLD1,QLD1,1,15400.55
D,RESIDUE_PRICE_OFFER,,1,A202303,C2023Q4T10,NSW1-QLD1,QLD1,1,15725.55
D,RESIDUE_PRICE_OFFER,,1,A202303,C2023Q4T10,NSW1-QLD1,QLD1,1,16050.55
D,RESIDUE_PRICE_OFFER,,1,A202303,C2023Q4T10,NSW1-QLD1,QLD1,1,16375.55
D,RESIDUE_PRICE_OFFER,,1,A202303,C2023Q4T10,NSW1-QLD1,QLD1,1,16700.55
D,RESIDUE_PRICE_OFFER,,1,A202303,C2023Q4T10,NSW1-QLD1,QLD1,1,17025.55
D,RESIDUE_PRICE_OFFER,,1,A202303,C2023Q4T10,NSW1-QLD1,QLD1,1,17350.55
D,RESIDUE_PRICE_OFFER,,1,A202303,C2023Q4T10,NSW1-QLD1,QLD1,1,17675.55
D,RESIDUE_PRICE_OFFER,,1,A202303,C2023Q4T10,NSW1-QLD1,QLD1,1,18000.55
D,RESIDUE_PRICE_OFFER,,1,A202303,C2023Q4T10,NSW1-QLD1,QLD1,3,14236.255250
D,RESIDUE_PRICE_OFFER,,1,A202303,C2023Q4T10,NSW1-QLD1,QLD1,3,15659.880780
D,RESIDUE_PRICE_OFFER,,1,A202303,C2023Q4T10,NSW1-QLD1,QLD1,5,17225.868850
D,RESIDUE_PRICE_OFFER,,1,A202303,C2023Q4T10,NSW1-QLD1,QLD1,5,18948.455740
D,RESIDUE_PRICE_OFFER,,1,A202303,C2023Q4T10,NSW1-QLD1,QLD1,5,20843.301310
D,RESIDUE_PRICE_OFFER,,1,A202303,C2023Q4T10,NSW1-QLD1,QLD1,5,22927.631450
D,RESIDUE_PRICE_OFFER,,1,A202303,C2023Q4T10,NSW1-QLD1,QLD1,10,26010
D,RESIDUE_PRICE_OFFER,,1,A202303,C2023Q4T10,NSW1-QLD1,QLD1,20,32000
D,RESIDUE_PRICE_OFFER,,1,A202303,C2023Q4T10,NSW1-QLD1,QLD1,25,22000
D,RESIDUE_PRICE_OFFER,,1,A202303,C2023Q4T10,NSW1-QLD1,QLD1,100,0
D,RESIDUE_PRICE_OFFER,,1,A202303,C2023Q4T10,V-SA,SA1,1,9000
D,RESIDUE_PRICE_OFFER,,1,A202303,C2023Q4T10,V-SA,SA1,1,9080.86
D,RESIDUE_PRICE_OFFER,,1,A202303,C2023Q4T10,V-SA,SA1,1,9160.86
D,RESIDUE_PRICE_OFFER,,1,A202303,C2023Q4T10,V-SA,SA1,1,9240.86
D,RESIDUE_PRICE_OFFER,,1,A202303,C2023Q4T10,V-SA,SA1,1,9320.86
D,RESIDUE_PRICE_OFFER,,1,A202303,C2023Q4T10,V-SA,SA1,1,9400.86
D,RESIDUE_PRICE_OFFER,,1,A202303,C2023Q4T10,V-SA,SA1,1,9480.86
D,RESIDUE_PRICE_OFFER,,1,A202303,C2023Q4T10,V-SA,SA1,1,9560.86
D,RESIDUE_PRICE_OFFER,,1,A202303,C2023Q4T10,V-SA,SA1,1,9640.86
D,RESIDUE_PRICE_OFFER,,1,A202303,C2023Q4T10,V-SA,SA1,1,9720.86
D,RESIDUE_PRICE_OFFER,,1,A202303,C2023Q4T10,V-SA,SA1,1,9800.86
D,RESIDUE_PRICE_OFFER,,1,A202303,C2023Q4T10,V-SA,SA1,1,9880.86
D,RESIDUE_PRICE_OFFER,,1,A202303,C2023Q4T10,V-SA,SA1,1,9960.86
D,RESIDUE_PRICE_OFFER,,1,A202303,C2023Q4T10,V-SA,SA1,1,10040.86
D,RESIDUE_PRICE_OFFER,,1,A202303,C2023Q4T10,V-SA,SA1,1,10120.86
D,RESIDUE_PRICE_OFFER,,1,A202303,C2023Q4T10,V-SA,SA1,1,10200.86
D,RESIDUE_PRICE_OFFER,,1,A202303,C2023Q4T10,V-SA,SA1,1,10280.86
D,RESIDUE_PRICE_OFFER,,1,A202303,C2023Q4T10,V-SA,SA1,1,10360.86
D,RESIDUE_PRICE_OFFER,,1,A202303,C2023Q4T10,V-SA,SA1,1,10440.86
D,RESIDUE_PRICE_OFFER,,1,A202303,C2023Q4T10,V-SA,SA1,1,10520.86
D,RESIDUE_PRICE_OFFER,,1,A202303,C2023Q4T10,V-SA,SA1,1,10600.86
D,RESIDUE_PRICE_OFFER,,1,A202303,C2023Q4T10,V-SA,SA1,1,10680.86
D,RESIDUE_PRICE_OFFER,,1,A202303,C2023Q4T10,V-SA,SA1,1,10760.86
D,RESIDUE_PRICE_OFFER,,1,A202303,C2023Q4T10,V-SA,SA1,1,10840.86
D,RESIDUE_PRICE_OFFER,,1,A202303,C2023Q4T10,V-SA,SA1,1,10920.86
D,RESIDUE_PRICE_OFFER,,1,A202303,C2023Q4T10,V-SA,SA1,1,11000.86
D,RESIDUE_PRICE_OFFER,,1,A202303,C2023Q4T10,V-SA,SA1,1,12162.86
D,RESIDUE_PRICE_OFFER,,1,A202303,C2023Q4T10,V-SA,SA1,1,12324.86
D,RESIDUE_PRICE_OFFER,,1,A202303,C2023Q4T10,V-SA,SA1,1,12486.86
D,RESIDUE_PRICE_OFFER,,1,A202303,C2023Q4T10,V-SA,SA1,1,12648.86
D,RESIDUE_PRICE_OFFER,,1,A202303,C2023Q4T10,V-SA,SA1,1,12810.86
D,RESIDUE_PRICE_OFFER,,1,A202303,C2023Q4T10,V-SA,SA1,1,12972.86
D,RESIDUE_PRICE_OFFER,,1,A202303,C2023Q4T10,V-SA,SA1,1,13134.86
D,RESIDUE_PRICE_OFFER,,1,A202303,C2023Q4T10,V-SA,SA1,1,13296.86
D,RESIDUE_PRICE_OFFER,,1,A202303,C2023Q4T10,V-SA,SA1,1,13458.86
D,RESIDUE_PRICE_OFFER,,1,A202303,C2023Q4T10,V-SA,SA1,1,13620.86
D,RESIDUE_PRICE_OFFER,,1,A202303,C2023Q4T10,V-SA,SA1,1,13782.86
D,RESIDUE_PRICE_OFFER,,1,A202303,C2023Q4T10,V-SA,SA1,1,13944.86
D,RESIDUE_PRICE_OFFER,,1,A202303,C2023Q4T10,V-SA,SA1,1,14106.86
D,RESIDUE_PRICE_OFFER,,1,A202303,C2023Q4T10,V-SA,SA1,1,14268.86
D,RESIDUE_PRICE_OFFER,,1,A202303,C2023Q4T10,V-SA,SA1,1,14430.86
D,RESIDUE_PRICE_OFFER,,1,A202303,C2023Q4T10,V-SA,SA1,1,14592.86
D,RESIDUE_PRICE_OFFER,,1,A202303,C2023Q4T10,V-SA,SA1,1,14754.86
D,RESIDUE_PRICE_OFFER,,1,A202303,C2023Q4T10,V-SA,SA1,1,14916.86
D,RESIDUE_PRICE_OFFER,,1,A202303,C2023Q4T10,V-SA,SA1,1,15078.86
D,RESIDUE_PRICE_OFFER,,1,A202303,C2023Q4T10,V-SA,SA1,1,15240.86
D,RESIDUE_PRICE_OFFER,,1,A202303,C2023Q4T10,V-SA,SA1,1,15402.86
D,RESIDUE_PRICE_OFFER,,1,A202303,C2023Q4T10,V-SA,SA1,1,15564.86
D,RESIDUE_PRICE_OFFER,,1,A202303,C2023Q4T10,V-SA,SA1,1,15726.86
D,RESIDUE_PRICE_OFFER,,1,A202303,C2023Q4T10,V-SA,SA1,1,15888.86
D,RESIDUE_PRICE_OFFER,,1,A202303,C2023Q4T10,V-SA,SA1,1,16050.86
D,RESIDUE_PRICE_OFFER,,1,A202303,C2023Q4T10,V-SA,SA1,1,16212.86
D,RESIDUE_PRICE_OFFER,,1,A202303,C2023Q4T10,V-SA,SA1,1,16374.86
D,RESIDUE_PRICE_OFFER,,1,A202303,C2023Q4T10,V-SA,SA1,1,16536.86
D,RESIDUE_PRICE_OFFER,,1,A202303,C2023Q4T10,V-SA,SA1,1,16698.86
D,RESIDUE_PRICE_OFFER,,1,A202303,C2023Q4T10,V-SA,SA1,1,16860.86
D,RESIDUE_PRICE_OFFER,,1,A202303,C2023Q4T10,V-SA,SA1,1,17022.86
D,RESIDUE_PRICE_OFFER,,1,A202303,C2023Q4T10,V-SA,SA1,1,17184.86
D,RESIDUE_PRICE_OFFER,,1,A202303,C2023Q4T10,V-SA,SA1,1,17346.86
D,RESIDUE_PRICE_OFFER,,1,A202303,C2023Q4T10,V-SA,SA1,1,17508.86
D,RESIDUE_PRICE_OFFER,,1,A202303,C2023Q4T10,V-SA,SA1,1,17670.86
D,RESIDUE_PRICE_OFFER,,1,A202303,C2023Q4T10,V-SA,SA1,1,17832.86
D,RESIDUE_PRICE_OFFER,,1,A202303,C2023Q4T10,V-SA,SA1,1,17994.86
D,RESIDUE_PRICE_OFFER,,1,A202303,C2023Q4T10,V-SA,SA1,1,18156.86
D,RESIDUE_PRICE_OFFER,,1,A202303,C2023Q4T10,V-SA,SA1,1,18318.86
D,RESIDUE_PRICE_OFFER,,1,A202303,C2023Q4T10,V-SA,SA1,1,18480.86
D,RESIDUE_PRICE_OFFER,,1,A202303,C2023Q4T10,V-SA,SA1,2,6318.3810
D,RESIDUE_PRICE_OFFER,,1,A202303,C2023Q4T10,V-SA,SA1,2,7582.0572
D,RESIDUE_PRICE_OFFER,,1,A202303,C2023Q4T10,V-SA,SA1,2,9098.468630
D,RESIDUE_PRICE_OFFER,,1,A202303,C2023Q4T10,V-SA,SA1,2,10000
D,RESIDUE_PRICE_OFFER,,1,A202303,C2023Q4T10,V-SA,SA1,2,10918.162370
D,RESIDUE_PRICE_OFFER,,1,A202303,C2023Q4T10,V-SA,SA1,2,11000
D,RESIDUE_PRICE_OFFER,,1,A202303,C2023Q4T10,V-SA,SA1,2,12000
D,RESIDUE_PRICE_OFFER,,1,A202303,C2023Q4T10,V-SA,SA1,2,13000
D,RESIDUE_PRICE_OFFER,,1,A202303,C2023Q4T10,V-SA,SA1,2,13101.794840
D,RESIDUE_PRICE_OFFER,,1,A202303,C2023Q4T10,V-SA,SA1,2,14000
D,RESIDUE_PRICE_OFFER,,1,A202303,C2023Q4T10,V-SA,SA1,2,15000
D,RESIDUE_PRICE_OFFER,,1,A202303,C2023Q4T10,V-SA,SA1,2,15722.153810
D,RESIDUE_PRICE_OFFER,,1,A202303,C2023Q4T10,V-SA,SA1,2,16000
D,RESIDUE_PRICE_OFFER,,1,A202303,C2023Q4T10,V-SA,SA1,64,0
D,RESIDUE_PRICE_OFFER,,1,A202303,C2023Q4T10,V-SA,VIC1,1,15750.96
D,RESIDUE_PRICE_OFFER,,1,A202303,C2023Q4T10,V-SA,VIC1,1,16000.96
D,RESIDUE_PRICE_OFFER,,1,A202303,C2023Q4T10,V-SA,VIC1,1,16250.96
D,RESIDUE_PRICE_OFFER,,1,A202303,C2023Q4T10,V-SA,VIC1,1,16500.96
D,RESIDUE_PRICE_OFFER,,1,A202303,C2023Q4T10,V-SA,VIC1,1,16750.96
D,RESIDUE_PRICE_OFFER,,1,A202303,C2023Q4T10,V-SA,VIC1,1,17000.96
D,RESIDUE_PRICE_OFFER,,1,A202303,C2023Q4T10,V-SA,VIC1,1,17250.96
D,RESIDUE_PRICE_OFFER,,1,A202303,C2023Q4T10,V-SA,VIC1,1,17500.96
D,RESIDUE_PRICE_OFFER,,1,A202303,C2023Q4T10,V-SA,VIC1,1,17750.96
D,RESIDUE_PRICE_OFFER,,1,A202303,C2023Q4T10,V-SA,VIC1,1,18000.96
D,RESIDUE_PRICE_OFFER,,1,A202303,C2023Q4T10,V-SA,VIC1,1,22650.96
D,RESIDUE_PRICE_OFFER,,1,A202303,C2023Q4T10,V-SA,VIC1,1,23300.96
D,RESIDUE_PRICE_OFFER,,1,A202303,C2023Q4T10,V-SA,VIC1,1,23950.96
D,RESIDUE_PRICE_OFFER,,1,A202303,C2023Q4T10,V-SA,VIC1,1,24600.96
D,RESIDUE_PRICE_OFFER,,1,A202303,C2023Q4T10,V-SA,VIC1,1,25250.96
D,RESIDUE_PRICE_OFFER,,1,A202303,C2023Q4T10,V-SA,VIC1,1,25900.96
D,RESIDUE_PRICE_OFFER,,1,A202303,C2023Q4T10,V-SA,VIC1,1,26550.96
D,RESIDUE_PRICE_OFFER,,1,A202303,C2023Q4T10,V-SA,VIC1,1,27200.96
D,RESIDUE_PRICE_OFFER,,1,A202303,C2023Q4T10,V-SA,VIC1,1,27850.96
D,RESIDUE_PRICE_OFFER,,1,A202303,C2023Q4T10,V-SA,VIC1,1,28500.96
D,RESIDUE_PRICE_OFFER,,1,A202303,C2023Q4T10,V-SA,VIC1,1,29150.96
D,RESIDUE_PRICE_OFFER,,1,A202303,C2023Q4T10,V-SA,VIC1,1,29800.96
D,RESIDUE_PRICE_OFFER,,1,A202303,C2023Q4T10,V-SA,VIC1,1,30450.96
D,RESIDUE_PRICE_OFFER,,1,A202303,C2023Q4T10,V-SA,VIC1,1,31100.96
D,RESIDUE_PRICE_OFFER,,1,A202303,C2023Q4T10,V-SA,VIC1,1,31750.96
D,RESIDUE_PRICE_OFFER,,1,A202303,C2023Q4T10,V-SA,VIC1,1,32400.96
D,RESIDUE_PRICE_OFFER,,1,A202303,C2023Q4T10,V-SA,VIC1,1,33050.96
D,RESIDUE_PRICE_OFFER,,1,A202303,C2023Q4T10,V-SA,VIC1,1,33700.96
D,RESIDUE_PRICE_OFFER,,1,A202303,C2023Q4T10,V-SA,VIC1,1,34350.96
D,RESIDUE_PRICE_OFFER,,1,A202303,C2023Q4T10,V-SA,VIC1,1,35000.96
D,RESIDUE_PRICE_OFFER,,1,A202303,C2023Q4T10,V-SA,VIC1,2,26600.051590
D,RESIDUE_PRICE_OFFER,,1,A202303,C2023Q4T10,V-SA,VIC1,2,30590.059330
D,RESIDUE_PRICE_OFFER,,1,A202303,C2023Q4T10,V-SA,VIC1,2,35178.568220
D,RESIDUE_PRICE_OFFER,,1,A202303,C2023Q4T10,V-SA,VIC1,2,40455.353460
D,RESIDUE_PRICE_OFFER,,1,A202303,C2023Q4T10,V-SA,VIC1,2,46523.656480
D,RESIDUE_PRICE_OFFER,,1,A202303,C2023Q4T10,V-SA,VIC1,2,53502.204950
D,RESIDUE_PRICE_OFFER,,1,A202303,C2023Q4T10,V-SA,VIC1,5,22500
D,RESIDUE_PRICE_OFFER,,1,A202303,C2023Q4T10,V-SA,VIC1,5,25000
D,RESIDUE_PRICE_OFFER,,1,A202303,C2023Q4T10,V-SA,VIC1,5,27500
D,RESIDUE_PRICE_OFFER,,1,A202303,C2023Q4T10,V-SA,VIC1,10,20000
D,RESIDUE_PRICE_OFFER,,1,A202303,C2023Q4T10,V-SA,VIC1,15,18000
D,RESIDUE_PRICE_OFFER,,1,A202303,C2023Q4T10,V-SA,VIC1,15,30000
D,RESIDUE_PRICE_OFFER,,1,A202303,C2023Q4T10,V-SA,VIC1,73,0
D,RESIDUE_PRICE_OFFER,,1,A202303,C2023Q4T10,VIC1-NSW1,NSW1,2,1608.13
D,RESIDUE_PRICE_OFFER,,1,A202303,C2023Q4T10,VIC1-NSW1,NSW1,2,1616.13
D,RESIDUE_PRICE_OFFER,,1,A202303,C2023Q4T10,VIC1-NSW1,NSW1,2,1624.13
D,RESIDUE_PRICE_OFFER,,1,A202303,C2023Q4T10,VIC1-NSW1,NSW1,2,1632.13
D,RESIDUE_PRICE_OFFER,,1,A202303,C2023Q4T10,VIC1-NSW1,NSW1,2,1640.13
D,RESIDUE_PRICE_OFFER,,1,A202303,C2023Q4T10,VIC1-NSW1,NSW1,2,1648.13
D,RESIDUE_PRICE_OFFER,,1,A202303,C2023Q4T10,VIC1-NSW1,NSW1,2,1656.13
D,RESIDUE_PRICE_OFFER,,1,A202303,C2023Q4T10,VIC1-NSW1,NSW1,2,1664.13
D,RESIDUE_PRICE_OFFER,,1,A202303,C2023Q4T10,VIC1-NSW1,NSW1,2,1672.13
D,RESIDUE_PRICE_OFFER,,1,A202303,C2023Q4T10,VIC1-NSW1,NSW1,2,1680.13
D,RESIDUE_PRICE_OFFER,,1,A202303,C2023Q4T10,VIC1-NSW1,NSW1,2,1688.13
D,RESIDUE_PRICE_OFFER,,1,A202303,C2023Q4T10,VIC1-NSW1,NSW1,2,1696.13
D,RESIDUE_PRICE_OFFER,,1,A202303,C2023Q4T10,VIC1-NSW1,NSW1,5,1334.761410
D,RESIDUE_PRICE_OFFER,,1,A202303,C2023Q4T10,VIC1-NSW1,NSW1,5,1534.975630
D,RESIDUE_PRICE_OFFER,,1,A202303,C2023Q4T10,VIC1-NSW1,NSW1,5,1765.221970
D,RESIDUE_PRICE_OFFER,,1,A202303,C2023Q4T10,VIC1-NSW1,NSW1,5,2030.005270
D,RESIDUE_PRICE_OFFER,,1,A202303,C2023Q4T10,VIC1-NSW1,NSW1,5,2334.506060
D,RESIDUE_PRICE_OFFER,,1,A202303,C2023Q4T10,VIC1-NSW1,NSW1,5,2684.681970
D,RESIDUE_PRICE_OFFER,,1,A202303,C2023Q4T10,VIC1-NSW1,NSW1,10,2398.38
D,RESIDUE_PRICE_OFFER,,1,A202303,C2023Q4T10,VIC1-NSW1,NSW1,108,0
D,RESIDUE_PRICE_OFFER,,1,A202303,C2023Q4T10,VIC1-NSW1,VIC1,1,26080.76
D,RESIDUE_PRICE_OFFER,,1,A202303,C2023Q4T10,VIC1-NSW1,VIC1,1,26160.76
D,RESIDUE_PRICE_OFFER,,1,A202303,C2023Q4T10,VIC1-NSW1,VIC1,1,26240.76
D,RESIDUE_PRICE_OFFER,,1,A202303,C2023Q4T10,VIC1-NSW1,VIC1,1,26320.76
D,RESIDUE_PRICE_OFFER,,1,A202303,C2023Q4T10,VIC1-NSW1,VIC1,1,26400.76
D,RESIDUE_PRICE_OFFER,,1,A202303,C2023Q4T10,VIC1-NSW1,VIC1,1,26480.76
D,RESIDUE_PRICE_OFFER,,1,A202303,C2023Q4T10,VIC1-NSW1,VIC1,1,26560.76
D,RESIDUE_PRICE_OFFER,,1,A202303,C2023Q4T10,VIC1-NSW1,VIC1,1,26640.76
D,RESIDUE_PRICE_OFFER,,1,A202303,C2023Q4T10,VIC1-NSW1,VIC1,1,26720.76
D,RESIDUE_PRICE_OFFER,,1,A202303,C2023Q4T10,VIC1-NSW1,VIC1,1,26800.76
D,RESIDUE_PRICE_OFFER,,1,A202303,C2023Q4T10,VIC1-NSW1,VIC1,1,26880.76
D,RESIDUE_PRICE_OFFER,,1,A202303,C2023Q4T10,VIC1-NSW1,VIC1,1,26960.76
D,RESIDUE_PRICE_OFFER,,1,A202303,C2023Q4T10,VIC1-NSW1,VIC1,1,27040.76
D,RESIDUE_PRICE_OFFER,,1,A202303,C2023Q4T10,VIC1-NSW1,VIC1,1,27120.76
D,RESIDUE_PRICE_OFFER,,1,A202303,C2023Q4T10,VIC1-NSW1,VIC1,1,27200.76
D,RESIDUE_PRICE_OFFER,,1,A202303,C2023Q4T10,VIC1-NSW1,VIC1,1,27280.76
D,RESIDUE_PRICE_OFFER,,1,A202303,C2023Q4T10,VIC1-NSW1,VIC1,1,27360.76
D,RESIDUE_PRICE_OFFER,,1,A202303,C2023Q4T10,VIC1-NSW1,VIC1,1,27440.76
D,RESIDUE_PRICE_OFFER,,1,A202303,C2023Q4T10,VIC1-NSW1,VIC1,1,27520.76
D,RESIDUE_PRICE_OFFER,,1,A202303,C2023Q4T10,VIC1-NSW1,VIC1,1,27600.76
D,RESIDUE_PRICE_OFFER,,1,A202303,C2023Q4T10,VIC1-NSW1,VIC1,1,27680.76
D,RESIDUE_PRICE_OFFER,,1,A202303,C2023Q4T10,VIC1-NSW1,VIC1,1,27760.76
D,RESIDUE_PRICE_OFFER,,1,A202303,C2023Q4T10,VIC1-NSW1,VIC1,1,27840.76
D,RESIDUE_PRICE_OFFER,,1,A202303,C2023Q4T10,VIC1-NSW1,VIC1,1,27920.76
D,RESIDUE_PRICE_OFFER,,1,A202303,C2023Q4T10,VIC1-NSW1,VIC1,1,28000.76
D,RESIDUE_PRICE_OFFER,,1,A202303,C2023Q4T10,VIC1-NSW1,VIC1,5,18862.069890
D,RESIDUE_PRICE_OFFER,,1,A202303,C2023Q4T10,VIC1-NSW1,VIC1,5,21691.380390
D,RESIDUE_PRICE_OFFER,,1,A202303,C2023Q4T10,VIC1-NSW1,VIC1,5,24945.087440
D,RESIDUE_PRICE_OFFER,,1,A202303,C2023Q4T10,VIC1-NSW1,VIC1,5,28686.850560
D,RESIDUE_PRICE_OFFER,,1,A202303,C2023Q4T10,VIC1-NSW1,VIC1,5,31000.76
D,RESIDUE_PRICE_OFFER,,1,A202303,C2023Q4T10,VIC1-NSW1,VIC1,5,32000.76
D,RESIDUE_PRICE_OFFER,,1,A202303,C2023Q4T10,VIC1-NSW1,VIC1,5,32989.878140
D,RESIDUE_PRICE_OFFER,,1,A202303,C2023Q4T10,VIC1-NSW1,VIC1,5,33000.76
D,RESIDUE_PRICE_OFFER,,1,A202303,C2023Q4T10,VIC1-NSW1,VIC1,5,34000.76
D,RESIDUE_PRICE_OFFER,,1,A202303,C2023Q4T10,VIC1-NSW1,VIC1,5,35000.76
D,RESIDUE_PRICE_OFFER,,1,A202303,C2023Q4T10,VIC1-NSW1,VIC1,5,36000.76
D,RESIDUE_PRICE_OFFER,,1,A202303,C2023Q4T10,VIC1-NSW1,VIC1,5,37000.76
D,RESIDUE_PRICE_OFFER,,1,A202303,C2023Q4T10,VIC1-NSW1,VIC1,5,37938.359870
D,RESIDUE_PRICE_OFFER,,1,A202303,C2023Q4T10,VIC1-NSW1,VIC1,5,38000.76
D,RESIDUE_PRICE_OFFER,,1,A202303,C2023Q4T10,VIC1-NSW1,VIC1,5,39000.76
D,RESIDUE_PRICE_OFFER,,1,A202303,C2023Q4T10,VIC1-NSW1,VIC1,5,40000.76
D,RESIDUE_PRICE_OFFER,,1,A202303,C2023Q4T10,VIC1-NSW1,VIC1,10,26370
D,RESIDUE_PRICE_OFFER,,1,A202303,C2023Q4T10,VIC1-NSW1,VIC1,30,34000
D,RESIDUE_PRICE_OFFER,,1,A202303,C2023Q4T10,VIC1-NSW1,VIC1,125,0
D,RESIDUE_PRICE_OFFER,,1,A202303,C2024Q1T09,NSW1-QLD1,NSW1,1,15200.40
D,RESIDUE_PRICE_OFFER,,1,A202303,C2024Q1T09,NSW1-QLD1,NSW1,1,15400.40
D,RESIDUE_PRICE_OFFER,,1,A202303,C2024Q1T09,NSW1-QLD1,NSW1,1,15600.40
D,RESIDUE_PRICE_OFFER,,1,A202303,C2024Q1T09,NSW1-QLD1,NSW1,1,15800.40
D,RESIDUE_PRICE_OFFER,,1,A202303,C2024Q1T09,NSW1-QLD1,NSW1,1,16000.40
D,RESIDUE_PRICE_OFFER,,1,A202303,C2024Q1T09,NSW1-QLD1,NSW1,1,16200.40
D,RESIDUE_PRICE_OFFER,,1,A202303,C2024Q1T09,NSW1-QLD1,NSW1,1,16400.40
D,RESIDUE_PRICE_OFFER,,1,A202303,C2024Q1T09,NSW1-QLD1,NSW1,1,16600.40
D,RESIDUE_PRICE_OFFER,,1,A202303,C2024Q1T09,NSW1-QLD1,NSW1,1,16800.40
D,RESIDUE_PRICE_OFFER,,1,A202303,C2024Q1T09,NSW1-QLD1,NSW1,1,17000.40
D,RESIDUE_PRICE_OFFER,,1,A202303,C2024Q1T09,NSW1-QLD1,NSW1,1,17200.40
D,RESIDUE_PRICE_OFFER,,1,A202303,C2024Q1T09,NSW1-QLD1,NSW1,1,17400.40
D,RESIDUE_PRICE_OFFER,,1,A202303,C2024Q1T09,NSW1-QLD1,NSW1,1,17600.40
D,RESIDUE_PRICE_OFFER,,1,A202303,C2024Q1T09,NSW1-QLD1,NSW1,1,17800.40
D,RESIDUE_PRICE_OFFER,,1,A202303,C2024Q1T09,NSW1-QLD1,NSW1,1,18000.40
D,RESIDUE_PRICE_OFFER,,1,A202303,C2024Q1T09,NSW1-QLD1,NSW1,3,11097.282470
D,RESIDUE_PRICE_OFFER,,1,A202303,C2024Q1T09,NSW1-QLD1,NSW1,3,12761.874840
D,RESIDUE_PRICE_OFFER,,1,A202303,C2024Q1T09,NSW1-QLD1,NSW1,3,14676.156060
D,RESIDUE_PRICE_OFFER,,1,A202303,C2024Q1T09,NSW1-QLD1,NSW1,3,16877.579470
D,RESIDUE_PRICE_OFFER,,1,A202303,C2024Q1T09,NSW1-QLD1,NSW1,3,19409.216390
D,RESIDUE_PRICE_OFFER,,1,A202303,C2024Q1T09,NSW1-QLD1,NSW1,3,22320.598850
D,RESIDUE_PRICE_OFFER,,1,A202303,C2024Q1T09,NSW1-QLD1,NSW1,25,12000
D,RESIDUE_PRICE_OFFER,,1,A202303,C2024Q1T09,NSW1-QLD1,NSW1,45,0
D,RESIDUE_PRICE_OFFER,,1,A202303,C2024Q1T09,NSW1-QLD1,QLD1,1,18120.55
D,RESIDUE_PRICE_OFFER,,1,A202303,C2024Q1T09,NSW1-QLD1,QLD1,1,18240.55
D,RESIDUE_PRICE_OFFER,,1,A202303,C2024Q1T09,NSW1-QLD1,QLD1,1,18360.55
D,RESIDUE_PRICE_OFFER,,1,A202303,C2024Q1T09,NSW1-QLD1,QLD1,1,18480.55
D,RESIDUE_PRICE_OFFER,,1,A202303,C2024Q1T09,NSW1-QLD1,QLD1,1,18600.55
D,RESIDUE_PRICE_OFFER,,1,A202303,C2024Q1T09,NSW1-QLD1,QLD1,1,18720.55
D,RESIDUE_PRICE_OFFER,,1,A202303,C2024Q1T09,NSW1-QLD1,QLD1,1,18840.55
D,RESIDUE_PRICE_OFFER,,1,A202303,C2024Q1T09,NSW1-QLD1,QLD1,1,18960.55
D,RESIDUE_PRICE_OFFER,,1,A202303,C2024Q1T09,NSW1-QLD1,QLD1,1,19080.55
D,RESIDUE_PRICE_OFFER,,1,A202303,C2024Q1T09,NSW1-QLD1,QLD1,1,19200.55
D,RESIDUE_PRICE_OFFER,,1,A202303,C2024Q1T09,NSW1-QLD1,QLD1,1,19320.55
D,RESIDUE_PRICE_OFFER,,1,A202303,C2024Q1T09,NSW1-QLD1,QLD1,1,19440.55
D,RESIDUE_PRICE_OFFER,,1,A202303,C2024Q1T09,NSW1-QLD1,QLD1,1,19560.55
D,RESIDUE_PRICE_OFFER,,1,A202303,C2024Q1T09,NSW1-QLD1,QLD1,1,19680.55
D,RESIDUE_PRICE_OFFER,,1,A202303,C2024Q1T09,NSW1-QLD1,QLD1,1,19800.55
D,RESIDUE_PRICE_OFFER,,1,A202303,C2024Q1T09,NSW1-QLD1,QLD1,1,19920.55
D,RESIDUE_PRICE_OFFER,,1,A202303,C2024Q1T09,NSW1-QLD1,QLD1,1,20040.55
D,RESIDUE_PRICE_OFFER,,1,A202303,C2024Q1T09,NSW1-QLD1,QLD1,1,20160.55
D,RESIDUE_PRICE_OFFER,,1,A202303,C2024Q1T09,NSW1-QLD1,QLD1,1,20280.55
D,RESIDUE_PRICE_OFFER,,1,A202303,C2024Q1T09,NSW1-QLD1,QLD1,1,20400.55
D,RESIDUE_PRICE_OFFER,,1,A202303,C2024Q1T09,NSW1-QLD1,QLD1,1,20520.55
D,RESIDUE_PRICE_OFFER,,1,A202303,C2024Q1T09,NSW1-QLD1,QLD1,1,20640.55
D,RESIDUE_PRICE_OFFER,,1,A202303,C2024Q1T09,NSW1-QLD1,QLD1,1,20760.55
D,RESIDUE_PRICE_OFFER,,1,A202303,C2024Q1T09,NSW1-QLD1,QLD1,1,20880.55
D,RESIDUE_PRICE_OFFER,,1,A202303,C2024Q1T09,NSW1-QLD1,QLD1,1,21000.55
D,RESIDUE_PRICE_OFFER,,1,A202303,C2024Q1T09,NSW1-QLD1,QLD1,2,26900.55
D,RESIDUE_PRICE_OFFER,,1,A202303,C2024Q1T09,NSW1-QLD1,QLD1,2,27800.55
D,RESIDUE_PRICE_OFFER,,1,A202303,C2024Q1T09,NSW1-QLD1,QLD1,2,28700.55
D,RESIDUE_PRICE_OFFER,,1,A202303,C2024Q1T09,NSW1-QLD1,QLD1,2,29600.55
D,RESIDUE_PRICE_OFFER,,1,A202303,C2024Q1T09,NSW1-QLD1,QLD1,2,30500.55
D,RESIDUE_PRICE_OFFER,,1,A202303,C2024Q1T09,NSW1-QLD1,QLD1,2,31400.55
D,RESIDUE_PRICE_OFFER,,1,A202303,C2024Q1T09,NSW1-QLD1,QLD1,2,32300.55
D,RESIDUE_PRICE_OFFER,,1,A202303,C2024Q1T09,NSW1-QLD1,QLD1,2,33200.55
D,RESIDUE_PRICE_OFFER,,1,A202303,C2024Q1T09,NSW1-QLD1,QLD1,2,34100.55
D,RESIDUE_PRICE_OFFER,,1,A202303,C2024Q1T09,NSW1-QLD1,QLD1,2,35000.55
D,RESIDUE_PRICE_OFFER,,1,A202303,C2024Q1T09,NSW1-QLD1,QLD1,3,18915.376090
D,RESIDUE_PRICE_OFFER,,1,A202303,C2024Q1T09,NSW1-QLD1,QLD1,3,20806.9137
D,RESIDUE_PRICE_OFFER,,1,A202303,C2024Q1T09,NSW1-QLD1,QLD1,5,22887.605070
D,RESIDUE_PRICE_OFFER,,1,A202303,C2024Q1T09,NSW1-QLD1,QLD1,5,25176.365570
D,RESIDUE_PRICE_OFFER,,1,A202303,C2024Q1T09,NSW1-QLD1,QLD1,5,27694.002130
D,RESIDUE_PRICE_OFFER,,1,A202303,C2024Q1T09,NSW1-QLD1,QLD1,5,30463.402340
D,RESIDUE_PRICE_OFFER,,1,A202303,C2024Q1T09,NSW1-QLD1,QLD1,10,30060
D,RESIDUE_PRICE_OFFER,,1,A202303,C2024Q1T09,NSW1-QLD1,QLD1,10,35000
D,RESIDUE_PRICE_OFFER,,1,A202303,C2024Q1T09,NSW1-QLD1,QLD1,100,0
D,RESIDUE_PRICE_OFFER,,1,A202303,C2024Q1T09,V-SA,SA1,2,7035.5660
D,RESIDUE_PRICE_OFFER,,1,A202303,C2024Q1T09,V-SA,SA1,2,8442.6792
D,RESIDUE_PRICE_OFFER,,1,A202303,C2024Q1T09,V-SA,SA1,2,10131.215030
D,RESIDUE_PRICE_OFFER,,1,A202303,C2024Q1T09,V-SA,SA1,2,12157.458050
D,RESIDUE_PRICE_OFFER,,1,A202303,C2024Q1T09,V-SA,SA1,2,14588.949660
D,RESIDUE_PRICE_OFFER,,1,A202303,C2024Q1T09,V-SA,SA1,2,17506.739590
D,RESIDUE_PRICE_OFFER,,1,A202303,C2024Q1T09,V-SA,SA1,64,0
D,RESIDUE_PRICE_OFFER,,1,A202303,C2024Q1T09,V-SA,VIC1,1,37147.96
D,RESIDUE_PRICE_OFFER,,1,A202303,C2024Q1T09,V-SA,VIC1,1,37294.96
D,RESIDUE_PRICE_OFFER,,1,A202303,C2024Q1T09,V-SA,VIC1,1,37441.96
D,RESIDUE_PRICE_OFFER,,1,A202303,C2024Q1T09,V-SA,VIC1,1,37588.96
D,RESIDUE_PRICE_OFFER,,1,A202303,C2024Q1T09,V-SA,VIC1,1,37735.96
D,RESIDUE_PRICE_OFFER,,1,A202303,C2024Q1T09,V-SA,VIC1,1,37882.96
D,RESIDUE_PRICE_OFFER,,1,A202303,C2024Q1T09,V-SA,VIC1,1,38029.96
D,RESIDUE_PRICE_OFFER,,1,A202303,C2024Q1T09,V-SA,VIC1,1,38176.96
D,RESIDUE_PRICE_OFFER,,1,A202303,C2024Q1T09,V-SA,VIC1,1,38323.96
D,RESIDUE_PRICE_OFFER,,1,A202303,C2024Q1T09,V-SA,VIC1,1,38470.96
D,RESIDUE_PRICE_OFFER,,1,A202303,C2024Q1T09,V-SA,VIC1,1,38617.96
D,RESIDUE_PRICE_OFFER,,1,A202303,C2024Q1T09,V-SA,VIC1,1,38764.96
D,RESIDUE_PRICE_OFFER,,1,A202303,C2024Q1T09,V-SA,VIC1,1,38911.96
D,RESIDUE_PRICE_OFFER,,1,A202303,C2024Q1T09,V-SA,VIC1,1,39058.96
D,RESIDUE_PRICE_OFFER,,1,A202303,C2024Q1T09,V-SA,VIC1,1,39205.96
D,RESIDUE_PRICE_OFFER,,1,A202303,C2024Q1T09,V-SA,VIC1,1,39352.96
D,RESIDUE_PRICE_OFFER,,1,A202303,C2024Q1T09,V-SA,VIC1,1,39499.96
D,RESIDUE_PRICE_OFFER,,1,A202303,C2024Q1T09,V-SA,VIC1,1,39646.96
D,RESIDUE_PRICE_OFFER,,1,A202303,C2024Q1T09,V-SA,VIC1,1,39793.96
D,RESIDUE_PRICE_OFFER,,1,A202303,C2024Q1T09,V-SA,VIC1,1,39940.96
D,RESIDUE_PRICE_OFFER,,1,A202303,C2024Q1T09,V-SA,VIC1,1,40087.96
D,RESIDUE_PRICE_OFFER,,1,A202303,C2024Q1T09,V-SA,VIC1,1,40234.96
D,RESIDUE_PRICE_OFFER,,1,A202303,C2024Q1T09,V-SA,VIC1,1,40381.96
D,RESIDUE_PRICE_OFFER,,1,A202303,C2024Q1T09,V-SA,VIC1,1,40528.96
D,RESIDUE_PRICE_OFFER,,1,A202303,C2024Q1T09,V-SA,VIC1,1,40675.96
D,RESIDUE_PRICE_OFFER,,1,A202303,C2024Q1T09,V-SA,VIC1,1,40822.96
D,RESIDUE_PRICE_OFFER,,1,A202303,C2024Q1T09,V-SA,VIC1,1,40969.96
D,RESIDUE_PRICE_OFFER,,1,A202303,C2024Q1T09,V-SA,VIC1,1,41116.96
D,RESIDUE_PRICE_OFFER,,1,A202303,C2024Q1T09,V-SA,VIC1,1,41263.96
D,RESIDUE_PRICE_OFFER,,1,A202303,C2024Q1T09,V-SA,VIC1,1,41410.96
D,RESIDUE_PRICE_OFFER,,1,A202303,C2024Q1T09,V-SA,VIC1,1,41557.96
D,RESIDUE_PRICE_OFFER,,1,A202303,C2024Q1T09,V-SA,VIC1,1,41704.96
D,RESIDUE_PRICE_OFFER,,1,A202303,C2024Q1T09,V-SA,VIC1,1,41851.96
D,RESIDUE_PRICE_OFFER,,1,A202303,C2024Q1T09,V-SA,VIC1,1,41998.96
D,RESIDUE_PRICE_OFFER,,1,A202303,C2024Q1T09,V-SA,VIC1,2,69935.2297
D,RESIDUE_PRICE_OFFER,,1,A202303,C2024Q1T09,V-SA,VIC1,2,80425.514150
D,RESIDUE_PRICE_OFFER,,1,A202303,C2024Q1T09,V-SA,VIC1,2,92489.341270
D,RESIDUE_PRICE_OFFER,,1,A202303,C2024Q1T09,V-SA,VIC1,2,106362.7425
D,RESIDUE_PRICE_OFFER,,1,A202303,C2024Q1T09,V-SA,VIC1,2,122317.1538
D,RESIDUE_PRICE_OFFER,,1,A202303,C2024Q1T09,V-SA,VIC1,2,140664.7269
D,RESIDUE_PRICE_OFFER,,1,A202303,C2024Q1T09,V-SA,VIC1,73,0
D,RESIDUE_PRICE_OFFER,,1,A202303,C2024Q1T09,VIC1-NSW1,NSW1,1,5533.13
D,RESIDUE_PRICE_OFFER,,1,A202303,C2024Q1T09,VIC1-NSW1,NSW1,1,5566.13
D,RESIDUE_PRICE_OFFER,,1,A202303,C2024Q1T09,VIC1-NSW1,NSW1,1,5599.13
D,RESIDUE_PRICE_OFFER,,1,A202303,C2024Q1T09,VIC1-NSW1,NSW1,1,5632.13
D,RESIDUE_PRICE_OFFER,,1,A202303,C2024Q1T09,VIC1-NSW1,NSW1,1,5665.13
D,RESIDUE_PRICE_OFFER,,1,A202303,C2024Q1T09,VIC1-NSW1,NSW1,1,5698.13
D,RESIDUE_PRICE_OFFER,,1,A202303,C2024Q1T09,VIC1-NSW1,NSW1,1,5731.13
D,RESIDUE_PRICE_OFFER,,1,A202303,C2024Q1T09,VIC1-NSW1,NSW1,1,5764.13
D,RESIDUE_PRICE_OFFER,,1,A202303,C2024Q1T09,VIC1-NSW1,NSW1,1,5797.13
D,RESIDUE_PRICE_OFFER,,1,A202303,C2024Q1T09,VIC1-NSW1,NSW1,1,5830.13
D,RESIDUE_PRICE_OFFER,,1,A202303,C2024Q1T09,VIC1-NSW1,NSW1,1,5863.13
D,RESIDUE_PRICE_OFFER,,1,A202303,C2024Q1T09,VIC1-NSW1,NSW1,1,5896.13
D,RESIDUE_PRICE_OFFER,,1,A202303,C2024Q1T09,VIC1-NSW1,NSW1,1,5929.13
D,RESIDUE_PRICE_OFFER,,1,A202303,C2024Q1T09,VIC1-NSW1,NSW1,1,5962.13
D,RESIDUE_PRICE_OFFER,,1,A202303,C2024Q1T09,VIC1-NSW1,NSW1,1,5995.13
D,RESIDUE_PRICE_OFFER,,1,A202303,C2024Q1T09,VIC1-NSW1,NSW1,5,4422.749680
D,RESIDUE_PRICE_OFFER,,1,A202303,C2024Q1T09,VIC1-NSW1,NSW1,5,5086.162130
D,RESIDUE_PRICE_OFFER,,1,A202303,C2024Q1T09,VIC1-NSW1,NSW1,5,5849.086450
D,RESIDUE_PRICE_OFFER,,1,A202303,C2024Q1T09,VIC1-NSW1,NSW1,5,6726.449420
D,RESIDUE_PRICE_OFFER,,1,A202303,C2024Q1T09,VIC1-NSW1,NSW1,5,7735.416840
D,RESIDUE_PRICE_OFFER,,1,A202303,C2024Q1T09,VIC1-NSW1,NSW1,5,8895.729360
D,RESIDUE_PRICE_OFFER,,1,A202303,C2024Q1T09,VIC1-NSW1,NSW1,108,0
D,RESIDUE_PRICE_OFFER,,1,A202303,C2024Q1T09,VIC1-NSW1,VIC1,1,28100.76
D,RESIDUE_PRICE_OFFER,,1,A202303,C2024Q1T09,VIC1-NSW1,VIC1,1,28200.76
D,RESIDUE_PRICE_OFFER,,1,A202303,C2024Q1T09,VIC1-NSW1,VIC1,1,28300.76
D,RESIDUE_PRICE_OFFER,,1,A202303,C2024Q1T09,VIC1-NSW1,VIC1,1,28400.76
D,RESIDUE_PRICE_OFFER,,1,A202303,C2024Q1T09,VIC1-NSW1,VIC1,1,28500.76
D,RESIDUE_PRICE_OFFER,,1,A202303,C2024Q1T09,VIC1-NSW1,VIC1,1,28600.76
D,RESIDUE_PRICE_OFFER,,1,A202303,C2024Q1T09,VIC1-NSW1,VIC1,1,28700.76
D,RESIDUE_PRICE_OFFER,,1,A202303,C2024Q1T09,VIC1-NSW1,VIC1,1,28800.76
D,RESIDUE_PRICE_OFFER,,1,A202303,C2024Q1T09,VIC1-NSW1,VIC1,1,28900.76
D,RESIDUE_PRICE_OFFER,,1,A202303,C2024Q1T09,VIC1-NSW1,VIC1,1,29000.76
D,RESIDUE_PRICE_OFFER,,1,A202303,C2024Q1T09,VIC1-NSW1,VIC1,1,30169.76
D,RESIDUE_PRICE_OFFER,,1,A202303,C2024Q1T09,VIC1-NSW1,VIC1,1,30338.76
D,RESIDUE_PRICE_OFFER,,1,A202303,C2024Q1T09,VIC1-NSW1,VIC1,1,30507.76
D,RESIDUE_PRICE_OFFER,,1,A202303,C2024Q1T09,VIC1-NSW1,VIC1,1,30676.76
D,RESIDUE_PRICE_OFFER,,1,A202303,C2024Q1T09,VIC1-NSW1,VIC1,1,30845.76
D,RESIDUE_PRICE_OFFER,,1,A202303,C2024Q1T09,VIC1-NSW1,VIC1,1,31014.76
D,RESIDUE_PRICE_OFFER,,1,A202303,C2024Q1T09,VIC1-NSW1,VIC1,1,31183.76
D,RESIDUE_PRICE_OFFER,,1,A202303,C2024Q1T09,VIC1-NSW1,VIC1,1,31352.76
D,RESIDUE_PRICE_OFFER,,1,A202303,C2024Q1T09,VIC1-NSW1,VIC1,1,31521.76
D,RESIDUE_PRICE_OFFER,,1,A202303,C2024Q1T09,VIC1-NSW1,VIC1,1,31690.76
D,RESIDUE_PRICE_OFFER,,1,A202303,C2024Q1T09,VIC1-NSW1,VIC1,1,31859.76
D,RESIDUE_PRICE_OFFER,,1,A202303,C2024Q1T09,VIC1-NSW1,VIC1,1,32028.76
D,RESIDUE_PRICE_OFFER,,1,A202303,C2024Q1T09,VIC1-NSW1,VIC1,1,32197.76
D,RESIDUE_PRICE_OFFER,,1,A202303,C2024Q1T09,VIC1-NSW1,VIC1,1,32366.76
D,RESIDUE_PRICE_OFFER,,1,A202303,C2024Q1T09,VIC1-NSW1,VIC1,1,32535.76
D,RESIDUE_PRICE_OFFER,,1,A202303,C2024Q1T09,VIC1-NSW1,VIC1,1,32704.76
D,RESIDUE_PRICE_OFFER,,1,A202303,C2024Q1T09,VIC1-NSW1,VIC1,1,32873.76
D,RESIDUE_PRICE_OFFER,,1,A202303,C2024Q1T09,VIC1-NSW1,VIC1,1,33042.76
D,RESIDUE_PRICE_OFFER,,1,A202303,C2024Q1T09,VIC1-NSW1,VIC1,1,33211.76
D,RESIDUE_PRICE_OFFER,,1,A202303,C2024Q1T09,VIC1-NSW1,VIC1,1,33380.76
D,RESIDUE_PRICE_OFFER,,1,A202303,C2024Q1T09,VIC1-NSW1,VIC1,1,33549.76
D,RESIDUE_PRICE_OFFER,,1,A202303,C2024Q1T09,VIC1-NSW1,VIC1,1,33718.76
D,RESIDUE_PRICE_OFFER,,1,A202303,C2024Q1T09,VIC1-NSW1,VIC1,1,33887.76
D,RESIDUE_PRICE_OFFER,,1,A202303,C2024Q1T09,VIC1-NSW1,VIC1,1,34056.76
D,RESIDUE_PRICE_OFFER,,1,A202303,C2024Q1T09,VIC1-NSW1,VIC1,1,34225.76
D,RESIDUE_PRICE_OFFER,,1,A202303,C2024Q1T09,VIC1-NSW1,VIC1,1,34394.76
D,RESIDUE_PRICE_OFFER,,1,A202303,C2024Q1T09,VIC1-NSW1,VIC1,1,34563.76
D,RESIDUE_PRICE_OFFER,,1,A202303,C2024Q1T09,VIC1-NSW1,VIC1,1,34732.76
D,RESIDUE_PRICE_OFFER,,1,A202303,C2024Q1T09,VIC1-NSW1,VIC1,1,34901.76
D,RESIDUE_PRICE_OFFER,,1,A202303,C2024Q1T09,VIC1-NSW1,VIC1,1,35070.76
D,RESIDUE_PRICE_OFFER,,1,A202303,C2024Q1T09,VIC1-NSW1,VIC1,1,35239.76
D,RESIDUE_PRICE_OFFER,,1,A202303,C2024Q1T09,VIC1-NSW1,VIC1,1,35408.76
D,RESIDUE_PRICE_OFFER,,1,A202303,C2024Q1T09,VIC1-NSW1,VIC1,1,35577.76
D,RESIDUE_PRICE_OFFER,,1,A202303,C2024Q1T09,VIC1-NSW1,VIC1,1,35746.76
D,RESIDUE_PRICE_OFFER,,1,A202303,C2024Q1T09,VIC1-NSW1,VIC1,1,35915.76
D,RESIDUE_PRICE_OFFER,,1,A202303,C2024Q1T09,VIC1-NSW1,VIC1,1,36084.76
D,RESIDUE_PRICE_OFFER,,1,A202303,C2024Q1T09,VIC1-NSW1,VIC1,1,36253.76
D,RESIDUE_PRICE_OFFER,,1,A202303,C2024Q1T09,VIC1-NSW1,VIC1,1,36422.76
D,RESIDUE_PRICE_OFFER,,1,A202303,C2024Q1T09,VIC1-NSW1,VIC1,1,36591.76
D,RESIDUE_PRICE_OFFER,,1,A202303,C2024Q1T09,VIC1-NSW1,VIC1,1,36760.76
D,RESIDUE_PRICE_OFFER,,1,A202303,C2024Q1T09,VIC1-NSW1,VIC1,1,36929.76
D,RESIDUE_PRICE_OFFER,,1,A202303,C2024Q1T09,VIC1-NSW1,VIC1,1,37098.76
D,RESIDUE_PRICE_OFFER,,1,A202303,C2024Q1T09,VIC1-NSW1,VIC1,1,37267.76
D,RESIDUE_PRICE_OFFER,,1,A202303,C2024Q1T09,VIC1-NSW1,VIC1,1,37436.76
D,RESIDUE_PRICE_OFFER,,1,A202303,C2024Q1T09,VIC1-NSW1,VIC1,1,37605.76
D,RESIDUE_PRICE_OFFER,,1,A202303,C2024Q1T09,VIC1-NSW1,VIC1,1,37774.76
D,RESIDUE_PRICE_OFFER,,1,A202303,C2024Q1T09,VIC1-NSW1,VIC1,1,37943.76
D,RESIDUE_PRICE_OFFER,,1,A202303,C2024Q1T09,VIC1-NSW1,VIC1,1,38112.76
D,RESIDUE_PRICE_OFFER,,1,A202303,C2024Q1T09,VIC1-NSW1,VIC1,1,38281.76
D,RESIDUE_PRICE_OFFER,,1,A202303,C2024Q1T09,VIC1-NSW1,VIC1,1,38450.76
D,RESIDUE_PRICE_OFFER,,1,A202303,C2024Q1T09,VIC1-NSW1,VIC1,1,38619.76
D,RESIDUE_PRICE_OFFER,,1,A202303,C2024Q1T09,VIC1-NSW1,VIC1,1,38788.76
D,RESIDUE_PRICE_OFFER,,1,A202303,C2024Q1T09,VIC1-NSW1,VIC1,1,38957.76
D,RESIDUE_PRICE_OFFER,,1,A202303,C2024Q1T09,VIC1-NSW1,VIC1,1,39126.76
D,RESIDUE_PRICE_OFFER,,1,A202303,C2024Q1T09,VIC1-NSW1,VIC1,1,39295.76
D,RESIDUE_PRICE_OFFER,,1,A202303,C2024Q1T09,VIC1-NSW1,VIC1,1,39464.76
D,RESIDUE_PRICE_OFFER,,1,A202303,C2024Q1T09,VIC1-NSW1,VIC1,1,39633.76
D,RESIDUE_PRICE_OFFER,,1,A202303,C2024Q1T09,VIC1-NSW1,VIC1,1,39802.76
D,RESIDUE_PRICE_OFFER,,1,A202303,C2024Q1T09,VIC1-NSW1,VIC1,1,39971.76
D,RESIDUE_PRICE_OFFER,,1,A202303,C2024Q1T09,VIC1-NSW1,VIC1,5,19621.109610
D,RESIDUE_PRICE_OFFER,,1,A202303,C2024Q1T09,VIC1-NSW1,VIC1,5,22564.276050
D,RESIDUE_PRICE_OFFER,,1,A202303,C2024Q1T09,VIC1-NSW1,VIC1,5,25948.917450
D,RESIDUE_PRICE_OFFER,,1,A202303,C2024Q1T09,VIC1-NSW1,VIC1,5,29841.255070
D,RESIDUE_PRICE_OFFER,,1,A202303,C2024Q1T09,VIC1-NSW1,VIC1,5,34317.443330
D,RESIDUE_PRICE_OFFER,,1,A202303,C2024Q1T09,VIC1-NSW1,VIC1,5,39465.059830
D,RESIDUE_PRICE_OFFER,,1,A202303,C2024Q1T09,VIC1-NSW1,VIC1,10,28980
D,RESIDUE_PRICE_OFFER,,1,A202303,C2024Q1T09,VIC1-NSW1,VIC1,20,28000
D,RESIDUE_PRICE_OFFER,,1,A202303,C2024Q1T09,VIC1-NSW1,VIC1,125,0
D,RESIDUE_PRICE_OFFER,,1,A202303,C2024Q2T08,NSW1-QLD1,NSW1,4,2914.484230
D,RESIDUE_PRICE_OFFER,,1,A202303,C2024Q2T08,NSW1-QLD1,NSW1,4,3060.208440
D,RESIDUE_PRICE_OFFER,,1,A202303,C2024Q2T08,NSW1-QLD1,NSW1,4,3213.218870
D,RESIDUE_PRICE_OFFER,,1,A202303,C2024Q2T08,NSW1-QLD1,NSW1,4,3373.879810
D,RESIDUE_PRICE_OFFER,,1,A202303,C2024Q2T08,NSW1-QLD1,NSW1,4,3542.5738
D,RESIDUE_PRICE_OFFER,,1,A202303,C2024Q2T08,NSW1-QLD1,NSW1,4,3719.702490
D,RESIDUE_PRICE_OFFER,,1,A202303,C2024Q2T08,NSW1-QLD1,NSW1,45,0
D,RESIDUE_PRICE_OFFER,,1,A202303,C2024Q2T08,NSW1-QLD1,QLD1,1,32038.55
D,RESIDUE_PRICE_OFFER,,1,A202303,C2024Q2T08,NSW1-QLD1,QLD1,1,32076.55
D,RESIDUE_PRICE_OFFER,,1,A202303,C2024Q2T08,NSW1-QLD1,QLD1,1,32114.55
D,RESIDUE_PRICE_OFFER,,1,A202303,C2024Q2T08,NSW1-QLD1,QLD1,1,32152.55
D,RESIDUE_PRICE_OFFER,,1,A202303,C2024Q2T08,NSW1-QLD1,QLD1,1,32190.55
D,RESIDUE_PRICE_OFFER,,1,A202303,C2024Q2T08,NSW1-QLD1,QLD1,1,32228.55
D,RESIDUE_PRICE_OFFER,,1,A202303,C2024Q2T08,NSW1-QLD1,QLD1,1,32266.55
D,RESIDUE_PRICE_OFFER,,1,A202303,C2024Q2T08,NSW1-QLD1,QLD1,1,32304.55
D,RESIDUE_PRICE_OFFER,,1,A202303,C2024Q2T08,NSW1-QLD1,QLD1,1,32342.55
D,RESIDUE_PRICE_OFFER,,1,A202303,C2024Q2T08,NSW1-QLD1,QLD1,1,32380.55
D,RESIDUE_PRICE_OFFER,,1,A202303,C2024Q2T08,NSW1-QLD1,QLD1,1,32418.55
D,RESIDUE_PRICE_OFFER,,1,A202303,C2024Q2T08,NSW1-QLD1,QLD1,1,32456.55
D,RESIDUE_PRICE_OFFER,,1,A202303,C2024Q2T08,NSW1-QLD1,QLD1,1,32494.55
D,RESIDUE_PRICE_OFFER,,1,A202303,C2024Q2T08,NSW1-QLD1,QLD1,1,32532.55
D,RESIDUE_PRICE_OFFER,,1,A202303,C2024Q2T08,NSW1-QLD1,QLD1,1,32570.55
D,RESIDUE_PRICE_OFFER,,1,A202303,C2024Q2T08,NSW1-QLD1,QLD1,1,32608.55
D,RESIDUE_PRICE_OFFER,,1,A202303,C2024Q2T08,NSW1-QLD1,QLD1,1,32646.55
D,RESIDUE_PRICE_OFFER,,1,A202303,C2024Q2T08,NSW1-QLD1,QLD1,1,32684.55
D,RESIDUE_PRICE_OFFER,,1,A202303,C2024Q2T08,NSW1-QLD1,QLD1,1,32722.55
D,RESIDUE_PRICE_OFFER,,1,A202303,C2024Q2T08,NSW1-QLD1,QLD1,1,32760.55
D,RESIDUE_PRICE_OFFER,,1,A202303,C2024Q2T08,NSW1-QLD1,QLD1,1,32798.55
D,RESIDUE_PRICE_OFFER,,1,A202303,C2024Q2T08,NSW1-QLD1,QLD1,1,32836.55
D,RESIDUE_PRICE_OFFER,,1,A202303,C2024Q2T08,NSW1-QLD1,QLD1,1,32874.55
D,RESIDUE_PRICE_OFFER,,1,A202303,C2024Q2T08,NSW1-QLD1,QLD1,1,32912.55
D,RESIDUE_PRICE_OFFER,,1,A202303,C2024Q2T08,NSW1-QLD1,QLD1,1,32950.55
D,RESIDUE_PRICE_OFFER,,1,A202303,C2024Q2T08,NSW1-QLD1,QLD1,1,32988.55
D,RESIDUE_PRICE_OFFER,,1,A202303,C2024Q2T08,NSW1-QLD1,QLD1,3,27219.4650
D,RESIDUE_PRICE_OFFER,,1,A202303,C2024Q2T08,NSW1-QLD1,QLD1,3,29397.0222
D,RESIDUE_PRICE_OFFER,,1,A202303,C2024Q2T08,NSW1-QLD1,QLD1,3,31748.783980
D,RESIDUE_PRICE_OFFER,,1,A202303,C2024Q2T08,NSW1-QLD1,QLD1,3,34288.686690
D,RESIDUE_PRICE_OFFER,,1,A202303,C2024Q2T08,NSW1-QLD1,QLD1,3,37031.781630
D,RESIDUE_PRICE_OFFER,,1,A202303,C2024Q2T08,NSW1-QLD1,QLD1,3,39994.324150
D,RESIDUE_PRICE_OFFER,,1,A202303,C2024Q2T08,NSW1-QLD1,QLD1,10,51030
D,RESIDUE_PRICE_OFFER,,1,A202303,C2024Q2T08,NSW1-QLD1,QLD1,30,58000
D,RESIDUE_PRICE_OFFER,,1,A202303,C2024Q2T08,NSW1-QLD1,QLD1,100,0
D,RESIDUE_PRICE_OFFER,,1,A202303,C2024Q2T08,V-SA,SA1,1,6066.86
D,RESIDUE_PRICE_OFFER,,1,A202303,C2024Q2T08,V-SA,SA1,1,6132.86
D,RESIDUE_PRICE_OFFER,,1,A202303,C2024Q2T08,V-SA,SA1,1,6198.86
D,RESIDUE_PRICE_OFFER,,1,A202303,C2024Q2T08,V-SA,SA1,1,6264.86
D,RESIDUE_PRICE_OFFER,,1,A202303,C2024Q2T08,V-SA,SA1,1,6330.86
D,RESIDUE_PRICE_OFFER,,1,A202303,C2024Q2T08,V-SA,SA1,1,6396.86
D,RESIDUE_PRICE_OFFER,,1,A202303,C2024Q2T08,V-SA,SA1,1,6462.86
D,RESIDUE_PRICE_OFFER,,1,A202303,C2024Q2T08,V-SA,SA1,1,6528.86
D,RESIDUE_PRICE_OFFER,,1,A202303,C2024Q2T08,V-SA,SA1,1,6594.86
D,RESIDUE_PRICE_OFFER,,1,A202303,C2024Q2T08,V-SA,SA1,1,6660.86
D,RESIDUE_PRICE_OFFER,,1,A202303,C2024Q2T08,V-SA,SA1,1,6726.86
D,RESIDUE_PRICE_OFFER,,1,A202303,C2024Q2T08,V-SA,SA1,1,6792.86
D,RESIDUE_PRICE_OFFER,,1,A202303,C2024Q2T08,V-SA,SA1,1,6858.86
D,RESIDUE_PRICE_OFFER,,1,A202303,C2024Q2T08,V-SA,SA1,1,6924.86
D,RESIDUE_PRICE_OFFER,,1,A202303,C2024Q2T08,V-SA,SA1,1,6990.86
D,RESIDUE_PRICE_OFFER,,1,A202303,C2024Q2T08,V-SA,SA1,1,10500.86
D,RESIDUE_PRICE_OFFER,,1,A202303,C2024Q2T08,V-SA,SA1,1,11000.86
D,RESIDUE_PRICE_OFFER,,1,A202303,C2024Q2T08,V-SA,SA1,1,11500.86
D,RESIDUE_PRICE_OFFER,,1,A202303,C2024Q2T08,V-SA,SA1,1,12000.86
D,RESIDUE_PRICE_OFFER,,1,A202303,C2024Q2T08,V-SA,SA1,1,12500.86
D,RESIDUE_PRICE_OFFER,,1,A202303,C2024Q2T08,V-SA,SA1,1,13000.86
D,RESIDUE_PRICE_OFFER,,1,A202303,C2024Q2T08,V-SA,SA1,1,13500.86
D,RESIDUE_PRICE_OFFER,,1,A202303,C2024Q2T08,V-SA,SA1,1,14000.86
D,RESIDUE_PRICE_OFFER,,1,A202303,C2024Q2T08,V-SA,SA1,1,14500.86
D,RESIDUE_PRICE_OFFER,,1,A202303,C2024Q2T08,V-SA,SA1,1,15000.86
D,RESIDUE_PRICE_OFFER,,1,A202303,C2024Q2T08,V-SA,SA1,2,7214
D,RESIDUE_PRICE_OFFER,,1,A202303,C2024Q2T08,V-SA,SA1,2,8656.799990
D,RESIDUE_PRICE_OFFER,,1,A202303,C2024Q2T08,V-SA,SA1,2,9000
D,RESIDUE_PRICE_OFFER,,1,A202303,C2024Q2T08,V-SA,SA1,2,9777.78
D,RESIDUE_PRICE_OFFER,,1,A202303,C2024Q2T08,V-SA,SA1,2,10388.16
D,RESIDUE_PRICE_OFFER,,1,A202303,C2024Q2T08,V-SA,SA1,2,10555.56
D,RESIDUE_PRICE_OFFER,,1,A202303,C2024Q2T08,V-SA,SA1,2,11333.33
D,RESIDUE_PRICE_OFFER,,1,A202303,C2024Q2T08,V-SA,SA1,2,12111.11
D,RESIDUE_PRICE_OFFER,,1,A202303,C2024Q2T08,V-SA,SA1,2,12465.7920
D,RESIDUE_PRICE_OFFER,,1,A202303,C2024Q2T08,V-SA,SA1,2,12888.89
D,RESIDUE_PRICE_OFFER,,1,A202303,C2024Q2T08,V-SA,SA1,2,13666.67
D,RESIDUE_PRICE_OFFER,,1,A202303,C2024Q2T08,V-SA,SA1,2,14444.44
D,RESIDUE_PRICE_OFFER,,1,A202303,C2024Q2T08,V-SA,SA1,2,14958.9504
D,RESIDUE_PRICE_OFFER,,1,A202303,C2024Q2T08,V-SA,SA1,2,15222.22
D,RESIDUE_PRICE_OFFER,,1,A202303,C2024Q2T08,V-SA,SA1,2,16000
D,RESIDUE_PRICE_OFFER,,1,A202303,C2024Q2T08,V-SA,SA1,2,17950.740480
D,RESIDUE_PRICE_OFFER,,1,A202303,C2024Q2T08,V-SA,SA1,64,0
D,RESIDUE_PRICE_OFFER,,1,A202303,C2024Q2T08,V-SA,VIC1,1,17566.96
D,RESIDUE_PRICE_OFFER,,1,A202303,C2024Q2T08,V-SA,VIC1,1,17632.96
D,RESIDUE_PRICE_OFFER,,1,A202303,C2024Q2T08,V-SA,VIC1,1,17698.96
D,RESIDUE_PRICE_OFFER,,1,A202303,C2024Q2T08,V-SA,VIC1,1,17764.96
D,RESIDUE_PRICE_OFFER,,1,A202303,C2024Q2T08,V-SA,VIC1,1,17830.96
D,RESIDUE_PRICE_OFFER,,1,A202303,C2024Q2T08,V-SA,VIC1,1,17896.96
D,RESIDUE_PRICE_OFFER,,1,A202303,C2024Q2T08,V-SA,VIC1,1,17962.96
D,RESIDUE_PRICE_OFFER,,1,A202303,C2024Q2T08,V-SA,VIC1,1,18028.96
D,RESIDUE_PRICE_OFFER,,1,A202303,C2024Q2T08,V-SA,VIC1,1,18094.96
D,RESIDUE_PRICE_OFFER,,1,A202303,C2024Q2T08,V-SA,VIC1,1,18160.96
D,RESIDUE_PRICE_OFFER,,1,A202303,C2024Q2T08,V-SA,VIC1,1,18226.96
D,RESIDUE_PRICE_OFFER,,1,A202303,C2024Q2T08,V-SA,VIC1,1,18292.96
D,RESIDUE_PRICE_OFFER,,1,A202303,C2024Q2T08,V-SA,VIC1,1,18358.96
D,RESIDUE_PRICE_OFFER,,1,A202303,C2024Q2T08,V-SA,VIC1,1,18424.96
D,RESIDUE_PRICE_OFFER,,1,A202303,C2024Q2T08,V-SA,VIC1,1,18490.96
D,RESIDUE_PRICE_OFFER,,1,A202303,C2024Q2T08,V-SA,VIC1,2,21000.96
D,RESIDUE_PRICE_OFFER,,1,A202303,C2024Q2T08,V-SA,VIC1,2,22000.96
D,RESIDUE_PRICE_OFFER,,1,A202303,C2024Q2T08,V-SA,VIC1,2,23000.96
D,RESIDUE_PRICE_OFFER,,1,A202303,C2024Q2T08,V-SA,VIC1,2,24000.96
D,RESIDUE_PRICE_OFFER,,1,A202303,C2024Q2T08,V-SA,VIC1,2,25000.96
D,RESIDUE_PRICE_OFFER,,1,A202303,C2024Q2T08,V-SA,VIC1,2,26000.96
D,RESIDUE_PRICE_OFFER,,1,A202303,C2024Q2T08,V-SA,VIC1,2,27000.96
D,RESIDUE_PRICE_OFFER,,1,A202303,C2024Q2T08,V-SA,VIC1,2,28000.96
D,RESIDUE_PRICE_OFFER,,1,A202303,C2024Q2T08,V-SA,VIC1,2,29000.96
D,RESIDUE_PRICE_OFFER,,1,A202303,C2024Q2T08,V-SA,VIC1,2,30000.96
D,RESIDUE_PRICE_OFFER,,1,A202303,C2024Q2T08,V-SA,VIC1,2,40559.621580
D,RESIDUE_PRICE_OFFER,,1,A202303,C2024Q2T08,V-SA,VIC1,2,46643.564820
D,RESIDUE_PRICE_OFFER,,1,A202303,C2024Q2T08,V-SA,VIC1,2,53640.099540
D,RESIDUE_PRICE_OFFER,,1,A202303,C2024Q2T08,V-SA,VIC1,2,61686.114470
D,RESIDUE_PRICE_OFFER,,1,A202303,C2024Q2T08,V-SA,VIC1,2,70939.031650
D,RESIDUE_PRICE_OFFER,,1,A202303,C2024Q2T08,V-SA,VIC1,2,81579.886390
D,RESIDUE_PRICE_OFFER,,1,A202303,C2024Q2T08,V-SA,VIC1,10,20500
D,RESIDUE_PRICE_OFFER,,1,A202303,C2024Q2T08,V-SA,VIC1,10,35000
D,RESIDUE_PRICE_OFFER,,1,A202303,C2024Q2T08,V-SA,VIC1,73,0
D,RESIDUE_PRICE_OFFER,,1,A202303,C2024Q2T08,VIC1-NSW1,NSW1,2,2607.13
D,RESIDUE_PRICE_OFFER,,1,A202303,C2024Q2T08,VIC1-NSW1,NSW1,2,2714.13
D,RESIDUE_PRICE_OFFER,,1,A202303,C2024Q2T08,VIC1-NSW1,NSW1,2,2821.13
D,RESIDUE_PRICE_OFFER,,1,A202303,C2024Q2T08,VIC1-NSW1,NSW1,2,2928.13
D,RESIDUE_PRICE_OFFER,,1,A202303,C2024Q2T08,VIC1-NSW1,NSW1,2,3035.13
D,RESIDUE_PRICE_OFFER,,1,A202303,C2024Q2T08,VIC1-NSW1,NSW1,2,3142.13
D,RESIDUE_PRICE_OFFER,,1,A202303,C2024Q2T08,VIC1-NSW1,NSW1,2,3249.13
D,RESIDUE_PRICE_OFFER,,1,A202303,C2024Q2T08,VIC1-NSW1,NSW1,2,3356.13
D,RESIDUE_PRICE_OFFER,,1,A202303,C2024Q2T08,VIC1-NSW1,NSW1,2,3463.13
D,RESIDUE_PRICE_OFFER,,1,A202303,C2024Q2T08,VIC1-NSW1,NSW1,2,3570.13
D,RESIDUE_PRICE_OFFER,,1,A202303,C2024Q2T08,VIC1-NSW1,NSW1,2,3677.13
D,RESIDUE_PRICE_OFFER,,1,A202303,C2024Q2T08,VIC1-NSW1,NSW1,2,3784.13
D,RESIDUE_PRICE_OFFER,,1,A202303,C2024Q2T08,VIC1-NSW1,NSW1,2,3891.13
D,RESIDUE_PRICE_OFFER,,1,A202303,C2024Q2T08,VIC1-NSW1,NSW1,2,3998.13
D,RESIDUE_PRICE_OFFER,,1,A202303,C2024Q2T08,VIC1-NSW1,NSW1,5,2505.25
D,RESIDUE_PRICE_OFFER,,1,A202303,C2024Q2T08,VIC1-NSW1,NSW1,5,2881.0375
D,RESIDUE_PRICE_OFFER,,1,A202303,C2024Q2T08,VIC1-NSW1,NSW1,5,3313.193120
D,RESIDUE_PRICE_OFFER,,1,A202303,C2024Q2T08,VIC1-NSW1,NSW1,5,3810.172090
D,RESIDUE_PRICE_OFFER,,1,A202303,C2024Q2T08,VIC1-NSW1,NSW1,5,4381.6979
D,RESIDUE_PRICE_OFFER,,1,A202303,C2024Q2T08,VIC1-NSW1,NSW1,5,5038.952590
D,RESIDUE_PRICE_OFFER,,1,A202303,C2024Q2T08,VIC1-NSW1,NSW1,108,0
D,RESIDUE_PRICE_OFFER,,1,A202303,C2024Q2T08,VIC1-NSW1,VIC1,1,24160.76
D,RESIDUE_PRICE_OFFER,,1,A202303,C2024Q2T08,VIC1-NSW1,VIC1,1,24320.76
D,RESIDUE_PRICE_OFFER,,1,A202303,C2024Q2T08,VIC1-NSW1,VIC1,1,24480.76
D,RESIDUE_PRICE_OFFER,,1,A202303,C2024Q2T08,VIC1-NSW1,VIC1,1,24640.76
D,RESIDUE_PRICE_OFFER,,1,A202303,C2024Q2T08,VIC1-NSW1,VIC1,1,24800.76
D,RESIDUE_PRICE_OFFER,,1,A202303,C2024Q2T08,VIC1-NSW1,VIC1,1,24960.76
D,RESIDUE_PRICE_OFFER,,1,A202303,C2024Q2T08,VIC1-NSW1,VIC1,1,25120.76
D,RESIDUE_PRICE_OFFER,,1,A202303,C2024Q2T08,VIC1-NSW1,VIC1,1,25280.76
D,RESIDUE_PRICE_OFFER,,1,A202303,C2024Q2T08,VIC1-NSW1,VIC1,1,25440.76
D,RESIDUE_PRICE_OFFER,,1,A202303,C2024Q2T08,VIC1-NSW1,VIC1,1,25600.76
D,RESIDUE_PRICE_OFFER,,1,A202303,C2024Q2T08,VIC1-NSW1,VIC1,1,25760.76
D,RESIDUE_PRICE_OFFER,,1,A202303,C2024Q2T08,VIC1-NSW1,VIC1,1,25920.76
D,RESIDUE_PRICE_OFFER,,1,A202303,C2024Q2T08,VIC1-NSW1,VIC1,1,26080.76
D,RESIDUE_PRICE_OFFER,,1,A202303,C2024Q2T08,VIC1-NSW1,VIC1,1,26240.76
D,RESIDUE_PRICE_OFFER,,1,A202303,C2024Q2T08,VIC1-NSW1,VIC1,1,26400.76
D,RESIDUE_PRICE_OFFER,,1,A202303,C2024Q2T08,VIC1-NSW1,VIC1,1,26560.76
D,RESIDUE_PRICE_OFFER,,1,A202303,C2024Q2T08,VIC1-NSW1,VIC1,1,26720.76
D,RESIDUE_PRICE_OFFER,,1,A202303,C2024Q2T08,VIC1-NSW1,VIC1,1,26880.76
D,RESIDUE_PRICE_OFFER,,1,A202303,C2024Q2T08,VIC1-NSW1,VIC1,1,27040.76
D,RESIDUE_PRICE_OFFER,,1,A202303,C2024Q2T08,VIC1-NSW1,VIC1,1,27200.76
D,RESIDUE_PRICE_OFFER,,1,A202303,C2024Q2T08,VIC1-NSW1,VIC1,1,27360.76
D,RESIDUE_PRICE_OFFER,,1,A202303,C2024Q2T08,VIC1-NSW1,VIC1,1,27520.76
D,RESIDUE_PRICE_OFFER,,1,A202303,C2024Q2T08,VIC1-NSW1,VIC1,1,27680.76
D,RESIDUE_PRICE_OFFER,,1,A202303,C2024Q2T08,VIC1-NSW1,VIC1,1,27840.76
D,RESIDUE_PRICE_OFFER,,1,A202303,C2024Q2T08,VIC1-NSW1,VIC1,1,28000.76
D,RESIDUE_PRICE_OFFER,,1,A202303,C2024Q2T08,VIC1-NSW1,VIC1,2,30011.443440
D,RESIDUE_PRICE_OFFER,,1,A202303,C2024Q2T08,VIC1-NSW1,VIC1,2,34513.159950
D,RESIDUE_PRICE_OFFER,,1,A202303,C2024Q2T08,VIC1-NSW1,VIC1,2,35666.76
D,RESIDUE_PRICE_OFFER,,1,A202303,C2024Q2T08,VIC1-NSW1,VIC1,2,36332.76
D,RESIDUE_PRICE_OFFER,,1,A202303,C2024Q2T08,VIC1-NSW1,VIC1,2,36998.76
D,RESIDUE_PRICE_OFFER,,1,A202303,C2024Q2T08,VIC1-NSW1,VIC1,2,37664.76
D,RESIDUE_PRICE_OFFER,,1,A202303,C2024Q2T08,VIC1-NSW1,VIC1,2,38330.76
D,RESIDUE_PRICE_OFFER,,1,A202303,C2024Q2T08,VIC1-NSW1,VIC1,2,38996.76
D,RESIDUE_PRICE_OFFER,,1,A202303,C2024Q2T08,VIC1-NSW1,VIC1,2,39662.76
D,RESIDUE_PRICE_OFFER,,1,A202303,C2024Q2T08,VIC1-NSW1,VIC1,2,39690.133950
D,RESIDUE_PRICE_OFFER,,1,A202303,C2024Q2T08,VIC1-NSW1,VIC1,2,40328.76
D,RESIDUE_PRICE_OFFER,,1,A202303,C2024Q2T08,VIC1-NSW1,VIC1,2,40994.76
D,RESIDUE_PRICE_OFFER,,1,A202303,C2024Q2T08,VIC1-NSW1,VIC1,2,41660.76
D,RESIDUE_PRICE_OFFER,,1,A202303,C2024Q2T08,VIC1-NSW1,VIC1,2,42326.76
D,RESIDUE_PRICE_OFFER,,1,A202303,C2024Q2T08,VIC1-NSW1,VIC1,2,42992.76
D,RESIDUE_PRICE_OFFER,,1,A202303,C2024Q2T08,VIC1-NSW1,VIC1,2,43658.76
D,RESIDUE_PRICE_OFFER,,1,A202303,C2024Q2T08,VIC1-NSW1,VIC1,2,44324.76
D,RESIDUE_PRICE_OFFER,,1,A202303,C2024Q2T08,VIC1-NSW1,VIC1,2,44990.76
D,RESIDUE_PRICE_OFFER,,1,A202303,C2024Q2T08,VIC1-NSW1,VIC1,2,45643.654040
D,RESIDUE_PRICE_OFFER,,1,A202303,C2024Q2T08,VIC1-NSW1,VIC1,2,52490.202140
D,RESIDUE_PRICE_OFFER,,1,A202303,C2024Q2T08,VIC1-NSW1,VIC1,2,60363.732470
D,RESIDUE_PRICE_OFFER,,1,A202303,C2024Q2T08,VIC1-NSW1,VIC1,10,27270
D,RESIDUE_PRICE_OFFER,,1,A202303,C2024Q2T08,VIC1-NSW1,VIC1,10,40000
D,RESIDUE_PRICE_OFFER,,1,A202303,C2024Q2T08,VIC1-NSW1,VIC1,125,0
D,RESIDUE_PRICE_OFFER,,1,A202303,C2024Q3T07,NSW1-QLD1,NSW1,3,3119.574370
D,RESIDUE_PRICE_OFFER,,1,A202303,C2024Q3T07,NSW1-QLD1,NSW1,3,3275.553090
D,RESIDUE_PRICE_OFFER,,1,A202303,C2024Q3T07,NSW1-QLD1,NSW1,3,3439.330740
D,RESIDUE_PRICE_OFFER,,1,A202303,C2024Q3T07,NSW1-QLD1,NSW1,3,3611.297280
D,RESIDUE_PRICE_OFFER,,1,A202303,C2024Q3T07,NSW1-QLD1,NSW1,3,3791.862150
D,RESIDUE_PRICE_OFFER,,1,A202303,C2024Q3T07,NSW1-QLD1,NSW1,3,3981.455250
D,RESIDUE_PRICE_OFFER,,1,A202303,C2024Q3T07,NSW1-QLD1,NSW1,45,0
D,RESIDUE_PRICE_OFFER,,1,A202303,C2024Q3T07,NSW1-QLD1,QLD1,1,32040.55
D,RESIDUE_PRICE_OFFER,,1,A202303,C2024Q3T07,NSW1-QLD1,QLD1,1,32080.55
D,RESIDUE_PRICE_OFFER,,1,A202303,C2024Q3T07,NSW1-QLD1,QLD1,1,32120.55
D,RESIDUE_PRICE_OFFER,,1,A202303,C2024Q3T07,NSW1-QLD1,QLD1,1,32160.55
D,RESIDUE_PRICE_OFFER,,1,A202303,C2024Q3T07,NSW1-QLD1,QLD1,1,32200.55
D,RESIDUE_PRICE_OFFER,,1,A202303,C2024Q3T07,NSW1-QLD1,QLD1,1,32240.55
D,RESIDUE_PRICE_OFFER,,1,A202303,C2024Q3T07,NSW1-QLD1,QLD1,1,32280.55
D,RESIDUE_PRICE_OFFER,,1,A202303,C2024Q3T07,NSW1-QLD1,QLD1,1,32320.55
D,RESIDUE_PRICE_OFFER,,1,A202303,C2024Q3T07,NSW1-QLD1,QLD1,1,32360.55
D,RESIDUE_PRICE_OFFER,,1,A202303,C2024Q3T07,NSW1-QLD1,QLD1,1,32400.55
D,RESIDUE_PRICE_OFFER,,1,A202303,C2024Q3T07,NSW1-QLD1,QLD1,1,32440.55
D,RESIDUE_PRICE_OFFER,,1,A202303,C2024Q3T07,NSW1-QLD1,QLD1,1,32480.55
D,RESIDUE_PRICE_OFFER,,1,A202303,C2024Q3T07,NSW1-QLD1,QLD1,1,32520.55
D,RESIDUE_PRICE_OFFER,,1,A202303,C2024Q3T07,NSW1-QLD1,QLD1,1,32560.55
D,RESIDUE_PRICE_OFFER,,1,A202303,C2024Q3T07,NSW1-QLD1,QLD1,1,32600.55
D,RESIDUE_PRICE_OFFER,,1,A202303,C2024Q3T07,NSW1-QLD1,QLD1,1,32640.55
D,RESIDUE_PRICE_OFFER,,1,A202303,C2024Q3T07,NSW1-QLD1,QLD1,1,32680.55
D,RESIDUE_PRICE_OFFER,,1,A202303,C2024Q3T07,NSW1-QLD1,QLD1,1,32720.55
D,RESIDUE_PRICE_OFFER,,1,A202303,C2024Q3T07,NSW1-QLD1,QLD1,1,32760.55
D,RESIDUE_PRICE_OFFER,,1,A202303,C2024Q3T07,NSW1-QLD1,QLD1,1,32800.55
D,RESIDUE_PRICE_OFFER,,1,A202303,C2024Q3T07,NSW1-QLD1,QLD1,1,32840.55
D,RESIDUE_PRICE_OFFER,,1,A202303,C2024Q3T07,NSW1-QLD1,QLD1,1,32880.55
D,RESIDUE_PRICE_OFFER,,1,A202303,C2024Q3T07,NSW1-QLD1,QLD1,1,32920.55
D,RESIDUE_PRICE_OFFER,,1,A202303,C2024Q3T07,NSW1-QLD1,QLD1,1,32960.55
D,RESIDUE_PRICE_OFFER,,1,A202303,C2024Q3T07,NSW1-QLD1,QLD1,1,33000.55
D,RESIDUE_PRICE_OFFER,,1,A202303,C2024Q3T07,NSW1-QLD1,QLD1,3,25252.3440
D,RESIDUE_PRICE_OFFER,,1,A202303,C2024Q3T07,NSW1-QLD1,QLD1,3,27272.531520
D,RESIDUE_PRICE_OFFER,,1,A202303,C2024Q3T07,NSW1-QLD1,QLD1,3,29454.334040
D,RESIDUE_PRICE_OFFER,,1,A202303,C2024Q3T07,NSW1-QLD1,QLD1,3,31810.680760
D,RESIDUE_PRICE_OFFER,,1,A202303,C2024Q3T07,NSW1-QLD1,QLD1,3,34355.535230
D,RESIDUE_PRICE_OFFER,,1,A202303,C2024Q3T07,NSW1-QLD1,QLD1,3,37103.978040
D,RESIDUE_PRICE_OFFER,,1,A202303,C2024Q3T07,NSW1-QLD1,QLD1,10,52020
D,RESIDUE_PRICE_OFFER,,1,A202303,C2024Q3T07,NSW1-QLD1,QLD1,20,60000
D,RESIDUE_PRICE_OFFER,,1,A202303,C2024Q3T07,NSW1-QLD1,QLD1,100,0
D,RESIDUE_PRICE_OFFER,,1,A202303,C2024Q3T07,V-SA,SA1,1,9000
D,RESIDUE_PRICE_OFFER,,1,A202303,C2024Q3T07,V-SA,SA1,1,9605.86
D,RESIDUE_PRICE_OFFER,,1,A202303,C2024Q3T07,V-SA,SA1,1,9710.86
D,RESIDUE_PRICE_OFFER,,1,A202303,C2024Q3T07,V-SA,SA1,1,9815.86
D,RESIDUE_PRICE_OFFER,,1,A202303,C2024Q3T07,V-SA,SA1,1,9920.86
D,RESIDUE_PRICE_OFFER,,1,A202303,C2024Q3T07,V-SA,SA1,1,10025.86
D,RESIDUE_PRICE_OFFER,,1,A202303,C2024Q3T07,V-SA,SA1,1,10130.86
D,RESIDUE_PRICE_OFFER,,1,A202303,C2024Q3T07,V-SA,SA1,1,10235.86
D,RESIDUE_PRICE_OFFER,,1,A202303,C2024Q3T07,V-SA,SA1,1,10340.86
D,RESIDUE_PRICE_OFFER,,1,A202303,C2024Q3T07,V-SA,SA1,1,10445.86
D,RESIDUE_PRICE_OFFER,,1,A202303,C2024Q3T07,V-SA,SA1,1,10550.86
D,RESIDUE_PRICE_OFFER,,1,A202303,C2024Q3T07,V-SA,SA1,1,10655.86
D,RESIDUE_PRICE_OFFER,,1,A202303,C2024Q3T07,V-SA,SA1,1,10760.86
D,RESIDUE_PRICE_OFFER,,1,A202303,C2024Q3T07,V-SA,SA1,1,10865.86
D,RESIDUE_PRICE_OFFER,,1,A202303,C2024Q3T07,V-SA,SA1,1,10970.86
D,RESIDUE_PRICE_OFFER,,1,A202303,C2024Q3T07,V-SA,SA1,1,11075.86
D,RESIDUE_PRICE_OFFER,,1,A202303,C2024Q3T07,V-SA,SA1,1,11180.86
D,RESIDUE_PRICE_OFFER,,1,A202303,C2024Q3T07,V-SA,SA1,1,11285.86
D,RESIDUE_PRICE_OFFER,,1,A202303,C2024Q3T07,V-SA,SA1,1,11390.86
D,RESIDUE_PRICE_OFFER,,1,A202303,C2024Q3T07,V-SA,SA1,1,11495.86
D,RESIDUE_PRICE_OFFER,,1,A202303,C2024Q3T07,V-SA,SA1,2,7840.75
D,RESIDUE_PRICE_OFFER,,1,A202303,C2024Q3T07,V-SA,SA1,2,9408.90
D,RESIDUE_PRICE_OFFER,,1,A202303,C2024Q3T07,V-SA,SA1,2,10000
D,RESIDUE_PRICE_OFFER,,1,A202303,C2024Q3T07,V-SA,SA1,2,11000
D,RESIDUE_PRICE_OFFER,,1,A202303,C2024Q3T07,V-SA,SA1,2,11290.68
D,RESIDUE_PRICE_OFFER,,1,A202303,C2024Q3T07,V-SA,SA1,2,12000
D,RESIDUE_PRICE_OFFER,,1,A202303,C2024Q3T07,V-SA,SA1,2,13000
D,RESIDUE_PRICE_OFFER,,1,A202303,C2024Q3T07,V-SA,SA1,2,13548.8160
D,RESIDUE_PRICE_OFFER,,1,A202303,C2024Q3T07,V-SA,SA1,2,14000
D,RESIDUE_PRICE_OFFER,,1,A202303,C2024Q3T07,V-SA,SA1,2,15000
D,RESIDUE_PRICE_OFFER,,1,A202303,C2024Q3T07,V-SA,SA1,2,16000
D,RESIDUE_PRICE_OFFER,,1,A202303,C2024Q3T07,V-SA,SA1,2,16258.5792
D,RESIDUE_PRICE_OFFER,,1,A202303,C2024Q3T07,V-SA,SA1,2,19510.295040
D,RESIDUE_PRICE_OFFER,,1,A202303,C2024Q3T07,V-SA,SA1,64,0
D,RESIDUE_PRICE_OFFER,,1,A202303,C2024Q3T07,V-SA,VIC1,1,18566.96
D,RESIDUE_PRICE_OFFER,,1,A202303,C2024Q3T07,V-SA,VIC1,1,18632.96
D,RESIDUE_PRICE_OFFER,,1,A202303,C2024Q3T07,V-SA,VIC1,1,18698.96
D,RESIDUE_PRICE_OFFER,,1,A202303,C2024Q3T07,V-SA,VIC1,1,18764.96
D,RESIDUE_PRICE_OFFER,,1,A202303,C2024Q3T07,V-SA,VIC1,1,18830.96
D,RESIDUE_PRICE_OFFER,,1,A202303,C2024Q3T07,V-SA,VIC1,1,18896.96
D,RESIDUE_PRICE_OFFER,,1,A202303,C2024Q3T07,V-SA,VIC1,1,18962.96
D,RESIDUE_PRICE_OFFER,,1,A202303,C2024Q3T07,V-SA,VIC1,1,19028.96
D,RESIDUE_PRICE_OFFER,,1,A202303,C2024Q3T07,V-SA,VIC1,1,19094.96
D,RESIDUE_PRICE_OFFER,,1,A202303,C2024Q3T07,V-SA,VIC1,1,19160.96
D,RESIDUE_PRICE_OFFER,,1,A202303,C2024Q3T07,V-SA,VIC1,1,19226.96
D,RESIDUE_PRICE_OFFER,,1,A202303,C2024Q3T07,V-SA,VIC1,1,19292.96
D,RESIDUE_PRICE_OFFER,,1,A202303,C2024Q3T07,V-SA,VIC1,1,19358.96
D,RESIDUE_PRICE_OFFER,,1,A202303,C2024Q3T07,V-SA,VIC1,1,19424.96
D,RESIDUE_PRICE_OFFER,,1,A202303,C2024Q3T07,V-SA,VIC1,1,19490.96
D,RESIDUE_PRICE_OFFER,,1,A202303,C2024Q3T07,V-SA,VIC1,2,21000.96
D,RESIDUE_PRICE_OFFER,,1,A202303,C2024Q3T07,V-SA,VIC1,2,22000.96
D,RESIDUE_PRICE_OFFER,,1,A202303,C2024Q3T07,V-SA,VIC1,2,23000.96
D,RESIDUE_PRICE_OFFER,,1,A202303,C2024Q3T07,V-SA,VIC1,2,24000.96
D,RESIDUE_PRICE_OFFER,,1,A202303,C2024Q3T07,V-SA,VIC1,2,25000.96
D,RESIDUE_PRICE_OFFER,,1,A202303,C2024Q3T07,V-SA,VIC1,2,26000.96
D,RESIDUE_PRICE_OFFER,,1,A202303,C2024Q3T07,V-SA,VIC1,2,27000.96
D,RESIDUE_PRICE_OFFER,,1,A202303,C2024Q3T07,V-SA,VIC1,2,28000.96
D,RESIDUE_PRICE_OFFER,,1,A202303,C2024Q3T07,V-SA,VIC1,2,29000.96
D,RESIDUE_PRICE_OFFER,,1,A202303,C2024Q3T07,V-SA,VIC1,2,30000.96
D,RESIDUE_PRICE_OFFER,,1,A202303,C2024Q3T07,V-SA,VIC1,2,44287.460620
D,RESIDUE_PRICE_OFFER,,1,A202303,C2024Q3T07,V-SA,VIC1,2,50930.579710
D,RESIDUE_PRICE_OFFER,,1,A202303,C2024Q3T07,V-SA,VIC1,2,58570.166670
D,RESIDUE_PRICE_OFFER,,1,A202303,C2024Q3T07,V-SA,VIC1,2,67355.691670
D,RESIDUE_PRICE_OFFER,,1,A202303,C2024Q3T07,V-SA,VIC1,2,77459.045410
D,RESIDUE_PRICE_OFFER,,1,A202303,C2024Q3T07,V-SA,VIC1,2,89077.902230
D,RESIDUE_PRICE_OFFER,,1,A202303,C2024Q3T07,V-SA,VIC1,10,30000
D,RESIDUE_PRICE_OFFER,,1,A202303,C2024Q3T07,V-SA,VIC1,20,21000
D,RESIDUE_PRICE_OFFER,,1,A202303,C2024Q3T07,V-SA,VIC1,73,0
D,RESIDUE_PRICE_OFFER,,1,A202303,C2024Q3T07,VIC1-NSW1,NSW1,1,3666.13
D,RESIDUE_PRICE_OFFER,,1,A202303,C2024Q3T07,VIC1-NSW1,NSW1,1,4332.13
D,RESIDUE_PRICE_OFFER,,1,A202303,C2024Q3T07,VIC1-NSW1,NSW1,1,4998.13
D,RESIDUE_PRICE_OFFER,,1,A202303,C2024Q3T07,VIC1-NSW1,NSW1,5,2536.75
D,RESIDUE_PRICE_OFFER,,1,A202303,C2024Q3T07,VIC1-NSW1,NSW1,5,2917.2625
D,RESIDUE_PRICE_OFFER,,1,A202303,C2024Q3T07,VIC1-NSW1,NSW1,5,3354.851870
D,RESIDUE_PRICE_OFFER,,1,A202303,C2024Q3T07,VIC1-NSW1,NSW1,5,3858.079650
D,RESIDUE_PRICE_OFFER,,1,A202303,C2024Q3T07,VIC1-NSW1,NSW1,5,4436.7916
D,RESIDUE_PRICE_OFFER,,1,A202303,C2024Q3T07,VIC1-NSW1,NSW1,5,5102.310340
D,RESIDUE_PRICE_OFFER,,1,A202303,C2024Q3T07,VIC1-NSW1,NSW1,108,0
D,RESIDUE_PRICE_OFFER,,1,A202303,C2024Q3T07,VIC1-NSW1,VIC1,1,25160.76
D,RESIDUE_PRICE_OFFER,,1,A202303,C2024Q3T07,VIC1-NSW1,VIC1,1,25320.76
D,RESIDUE_PRICE_OFFER,,1,A202303,C2024Q3T07,VIC1-NSW1,VIC1,1,25480.76
D,RESIDUE_PRICE_OFFER,,1,A202303,C2024Q3T07,VIC1-NSW1,VIC1,1,25640.76
D,RESIDUE_PRICE_OFFER,,1,A202303,C2024Q3T07,VIC1-NSW1,VIC1,1,25800.76
D,RESIDUE_PRICE_OFFER,,1,A202303,C2024Q3T07,VIC1-NSW1,VIC1,1,25960.76
D,RESIDUE_PRICE_OFFER,,1,A202303,C2024Q3T07,VIC1-NSW1,VIC1,1,26120.76
D,RESIDUE_PRICE_OFFER,,1,A202303,C2024Q3T07,VIC1-NSW1,VIC1,1,26280.76
D,RESIDUE_PRICE_OFFER,,1,A202303,C2024Q3T07,VIC1-NSW1,VIC1,1,26440.76
D,RESIDUE_PRICE_OFFER,,1,A202303,C2024Q3T07,VIC1-NSW1,VIC1,1,26600.76
D,RESIDUE_PRICE_OFFER,,1,A202303,C2024Q3T07,VIC1-NSW1,VIC1,1,26760.76
D,RESIDUE_PRICE_OFFER,,1,A202303,C2024Q3T07,VIC1-NSW1,VIC1,1,26920.76
D,RESIDUE_PRICE_OFFER,,1,A202303,C2024Q3T07,VIC1-NSW1,VIC1,1,27080.76
D,RESIDUE_PRICE_OFFER,,1,A202303,C2024Q3T07,VIC1-NSW1,VIC1,1,27240.76
D,RESIDUE_PRICE_OFFER,,1,A202303,C2024Q3T07,VIC1-NSW1,VIC1,1,27400.76
D,RESIDUE_PRICE_OFFER,,1,A202303,C2024Q3T07,VIC1-NSW1,VIC1,1,27560.76
D,RESIDUE_PRICE_OFFER,,1,A202303,C2024Q3T07,VIC1-NSW1,VIC1,1,27720.76
D,RESIDUE_PRICE_OFFER,,1,A202303,C2024Q3T07,VIC1-NSW1,VIC1,1,27880.76
D,RESIDUE_PRICE_OFFER,,1,A202303,C2024Q3T07,VIC1-NSW1,VIC1,1,28040.76
D,RESIDUE_PRICE_OFFER,,1,A202303,C2024Q3T07,VIC1-NSW1,VIC1,1,28200.76
D,RESIDUE_PRICE_OFFER,,1,A202303,C2024Q3T07,VIC1-NSW1,VIC1,1,28360.76
D,RESIDUE_PRICE_OFFER,,1,A202303,C2024Q3T07,VIC1-NSW1,VIC1,1,28520.76
D,RESIDUE_PRICE_OFFER,,1,A202303,C2024Q3T07,VIC1-NSW1,VIC1,1,28680.76
D,RESIDUE_PRICE_OFFER,,1,A202303,C2024Q3T07,VIC1-NSW1,VIC1,1,28840.76
D,RESIDUE_PRICE_OFFER,,1,A202303,C2024Q3T07,VIC1-NSW1,VIC1,1,29000.76
D,RESIDUE_PRICE_OFFER,,1,A202303,C2024Q3T07,VIC1-NSW1,VIC1,2,33282.000580
D,RESIDUE_PRICE_OFFER,,1,A202303,C2024Q3T07,VIC1-NSW1,VIC1,2,35666.76
D,RESIDUE_PRICE_OFFER,,1,A202303,C2024Q3T07,VIC1-NSW1,VIC1,2,36332.76
D,RESIDUE_PRICE_OFFER,,1,A202303,C2024Q3T07,VIC1-NSW1,VIC1,2,36998.76
D,RESIDUE_PRICE_OFFER,,1,A202303,C2024Q3T07,VIC1-NSW1,VIC1,2,37664.76
D,RESIDUE_PRICE_OFFER,,1,A202303,C2024Q3T07,VIC1-NSW1,VIC1,2,38274.300660
D,RESIDUE_PRICE_OFFER,,1,A202303,C2024Q3T07,VIC1-NSW1,VIC1,2,38330.76
D,RESIDUE_PRICE_OFFER,,1,A202303,C2024Q3T07,VIC1-NSW1,VIC1,2,38996.76
D,RESIDUE_PRICE_OFFER,,1,A202303,C2024Q3T07,VIC1-NSW1,VIC1,2,39662.76
D,RESIDUE_PRICE_OFFER,,1,A202303,C2024Q3T07,VIC1-NSW1,VIC1,2,40328.76
D,RESIDUE_PRICE_OFFER,,1,A202303,C2024Q3T07,VIC1-NSW1,VIC1,2,40994.76
D,RESIDUE_PRICE_OFFER,,1,A202303,C2024Q3T07,VIC1-NSW1,VIC1,2,41660.76
D,RESIDUE_PRICE_OFFER,,1,A202303,C2024Q3T07,VIC1-NSW1,VIC1,2,42326.76
D,RESIDUE_PRICE_OFFER,,1,A202303,C2024Q3T07,VIC1-NSW1,VIC1,2,42992.76
D,RESIDUE_PRICE_OFFER,,1,A202303,C2024Q3T07,VIC1-NSW1,VIC1,2,43658.76
D,RESIDUE_PRICE_OFFER,,1,A202303,C2024Q3T07,VIC1-NSW1,VIC1,2,44015.445770
D,RESIDUE_PRICE_OFFER,,1,A202303,C2024Q3T07,VIC1-NSW1,VIC1,2,44324.76
D,RESIDUE_PRICE_OFFER,,1,A202303,C2024Q3T07,VIC1-NSW1,VIC1,2,44990.76
D,RESIDUE_PRICE_OFFER,,1,A202303,C2024Q3T07,VIC1-NSW1,VIC1,2,50617.762640
D,RESIDUE_PRICE_OFFER,,1,A202303,C2024Q3T07,VIC1-NSW1,VIC1,2,58210.427030
D,RESIDUE_PRICE_OFFER,,1,A202303,C2024Q3T07,VIC1-NSW1,VIC1,2,66941.991090
D,RESIDUE_PRICE_OFFER,,1,A202303,C2024Q3T07,VIC1-NSW1,VIC1,10,27540
D,RESIDUE_PRICE_OFFER,,1,A202303,C2024Q3T07,VIC1-NSW1,VIC1,10,45000
D,RESIDUE_PRICE_OFFER,,1,A202303,C2024Q3T07,VIC1-NSW1,VIC1,125,0
D,RESIDUE_PRICE_OFFER,,1,A202303,C2024Q4T06,NSW1-QLD1,NSW1,3,10799.036080
D,RESIDUE_PRICE_OFFER,,1,A202303,C2024Q4T06,NSW1-QLD1,NSW1,3,12418.891490
D,RESIDUE_PRICE_OFFER,,1,A202303,C2024Q4T06,NSW1-QLD1,NSW1,3,14281.725210
D,RESIDUE_PRICE_OFFER,,1,A202303,C2024Q4T06,NSW1-QLD1,NSW1,3,16423.9840
D,RESIDUE_PRICE_OFFER,,1,A202303,C2024Q4T06,NSW1-QLD1,NSW1,3,18887.5816
D,RESIDUE_PRICE_OFFER,,1,A202303,C2024Q4T06,NSW1-QLD1,NSW1,3,21720.718830
D,RESIDUE_PRICE_OFFER,,1,A202303,C2024Q4T06,NSW1-QLD1,NSW1,45,0
D,RESIDUE_PRICE_OFFER,,1,A202303,C2024Q4T06,NSW1-QLD1,QLD1,1,16100.55
D,RESIDUE_PRICE_OFFER,,1,A202303,C2024Q4T06,NSW1-QLD1,QLD1,1,16200.55
D,RESIDUE_PRICE_OFFER,,1,A202303,C2024Q4T06,NSW1-QLD1,QLD1,1,16300.55
D,RESIDUE_PRICE_OFFER,,1,A202303,C2024Q4T06,NSW1-QLD1,QLD1,1,16400.55
D,RESIDUE_PRICE_OFFER,,1,A202303,C2024Q4T06,NSW1-QLD1,QLD1,1,16500.55
D,RESIDUE_PRICE_OFFER,,1,A202303,C2024Q4T06,NSW1-QLD1,QLD1,1,16600.55
D,RESIDUE_PRICE_OFFER,,1,A202303,C2024Q4T06,NSW1-QLD1,QLD1,1,16700.55
D,RESIDUE_PRICE_OFFER,,1,A202303,C2024Q4T06,NSW1-QLD1,QLD1,1,16800.55
D,RESIDUE_PRICE_OFFER,,1,A202303,C2024Q4T06,NSW1-QLD1,QLD1,1,16900.55
D,RESIDUE_PRICE_OFFER,,1,A202303,C2024Q4T06,NSW1-QLD1,QLD1,1,17000.55
D,RESIDUE_PRICE_OFFER,,1,A202303,C2024Q4T06,NSW1-QLD1,QLD1,1,17100.55
D,RESIDUE_PRICE_OFFER,,1,A202303,C2024Q4T06,NSW1-QLD1,QLD1,1,17200.55
D,RESIDUE_PRICE_OFFER,,1,A202303,C2024Q4T06,NSW1-QLD1,QLD1,1,17300.55
D,RESIDUE_PRICE_OFFER,,1,A202303,C2024Q4T06,NSW1-QLD1,QLD1,1,17400.55
D,RESIDUE_PRICE_OFFER,,1,A202303,C2024Q4T06,NSW1-QLD1,QLD1,1,17500.55
D,RESIDUE_PRICE_OFFER,,1,A202303,C2024Q4T06,NSW1-QLD1,QLD1,1,17600.55
D,RESIDUE_PRICE_OFFER,,1,A202303,C2024Q4T06,NSW1-QLD1,QLD1,1,17700.55
D,RESIDUE_PRICE_OFFER,,1,A202303,C2024Q4T06,NSW1-QLD1,QLD1,1,17800.55
D,RESIDUE_PRICE_OFFER,,1,A202303,C2024Q4T06,NSW1-QLD1,QLD1,1,17900.55
D,RESIDUE_PRICE_OFFER,,1,A202303,C2024Q4T06,NSW1-QLD1,QLD1,1,18000.55
D,RESIDUE_PRICE_OFFER,,1,A202303,C2024Q4T06,NSW1-QLD1,QLD1,2,21000.55
D,RESIDUE_PRICE_OFFER,,1,A202303,C2024Q4T06,NSW1-QLD1,QLD1,2,22000.55
D,RESIDUE_PRICE_OFFER,,1,A202303,C2024Q4T06,NSW1-QLD1,QLD1,2,23000.55
D,RESIDUE_PRICE_OFFER,,1,A202303,C2024Q4T06,NSW1-QLD1,QLD1,2,24000.55
D,RESIDUE_PRICE_OFFER,,1,A202303,C2024Q4T06,NSW1-QLD1,QLD1,2,25000.55
D,RESIDUE_PRICE_OFFER,,1,A202303,C2024Q4T06,NSW1-QLD1,QLD1,2,26000.55
D,RESIDUE_PRICE_OFFER,,1,A202303,C2024Q4T06,NSW1-QLD1,QLD1,2,27000.55
D,RESIDUE_PRICE_OFFER,,1,A202303,C2024Q4T06,NSW1-QLD1,QLD1,2,28000.55
D,RESIDUE_PRICE_OFFER,,1,A202303,C2024Q4T06,NSW1-QLD1,QLD1,2,29000.55
D,RESIDUE_PRICE_OFFER,,1,A202303,C2024Q4T06,NSW1-QLD1,QLD1,2,30000.55
D,RESIDUE_PRICE_OFFER,,1,A202303,C2024Q4T06,NSW1-QLD1,QLD1,3,13914.456390
D,RESIDUE_PRICE_OFFER,,1,A202303,C2024Q4T06,NSW1-QLD1,QLD1,3,15305.902030
D,RESIDUE_PRICE_OFFER,,1,A202303,C2024Q4T06,NSW1-QLD1,QLD1,5,16836.492240
D,RESIDUE_PRICE_OFFER,,1,A202303,C2024Q4T06,NSW1-QLD1,QLD1,5,18520.141460
D,RESIDUE_PRICE_OFFER,,1,A202303,C2024Q4T06,NSW1-QLD1,QLD1,5,20372.155610
D,RESIDUE_PRICE_OFFER,,1,A202303,C2024Q4T06,NSW1-QLD1,QLD1,5,22409.371170
D,RESIDUE_PRICE_OFFER,,1,A202303,C2024Q4T06,NSW1-QLD1,QLD1,10,33000
D,RESIDUE_PRICE_OFFER,,1,A202303,C2024Q4T06,NSW1-QLD1,QLD1,100,0
D,RESIDUE_PRICE_OFFER,,1,A202303,C2024Q4T06,V-SA,SA1,1,9000
D,RESIDUE_PRICE_OFFER,,1,A202303,C2024Q4T06,V-SA,SA1,1,9100.86
D,RESIDUE_PRICE_OFFER,,1,A202303,C2024Q4T06,V-SA,SA1,1,9200.86
D,RESIDUE_PRICE_OFFER,,1,A202303,C2024Q4T06,V-SA,SA1,1,9300.86
D,RESIDUE_PRICE_OFFER,,1,A202303,C2024Q4T06,V-SA,SA1,1,9400.86
D,RESIDUE_PRICE_OFFER,,1,A202303,C2024Q4T06,V-SA,SA1,1,9500.86
D,RESIDUE_PRICE_OFFER,,1,A202303,C2024Q4T06,V-SA,SA1,1,9600.86
D,RESIDUE_PRICE_OFFER,,1,A202303,C2024Q4T06,V-SA,SA1,1,9700.86
D,RESIDUE_PRICE_OFFER,,1,A202303,C2024Q4T06,V-SA,SA1,1,9800.86
D,RESIDUE_PRICE_OFFER,,1,A202303,C2024Q4T06,V-SA,SA1,1,9900.86
D,RESIDUE_PRICE_OFFER,,1,A202303,C2024Q4T06,V-SA,SA1,1,10000.86
D,RESIDUE_PRICE_OFFER,,1,A202303,C2024Q4T06,V-SA,SA1,1,10100.86
D,RESIDUE_PRICE_OFFER,,1,A202303,C2024Q4T06,V-SA,SA1,1,10200.86
D,RESIDUE_PRICE_OFFER,,1,A202303,C2024Q4T06,V-SA,SA1,1,10300.86
D,RESIDUE_PRICE_OFFER,,1,A202303,C2024Q4T06,V-SA,SA1,1,10400.86
D,RESIDUE_PRICE_OFFER,,1,A202303,C2024Q4T06,V-SA,SA1,1,10500.86
D,RESIDUE_PRICE_OFFER,,1,A202303,C2024Q4T06,V-SA,SA1,1,10600.86
D,RESIDUE_PRICE_OFFER,,1,A202303,C2024Q4T06,V-SA,SA1,1,10700.86
D,RESIDUE_PRICE_OFFER,,1,A202303,C2024Q4T06,V-SA,SA1,1,10800.86
D,RESIDUE_PRICE_OFFER,,1,A202303,C2024Q4T06,V-SA,SA1,1,10900.86
D,RESIDUE_PRICE_OFFER,,1,A202303,C2024Q4T06,V-SA,SA1,1,11000.86
D,RESIDUE_PRICE_OFFER,,1,A202303,C2024Q4T06,V-SA,SA1,2,5671.2905
D,RESIDUE_PRICE_OFFER,,1,A202303,C2024Q4T06,V-SA,SA1,2,6805.5486
D,RESIDUE_PRICE_OFFER,,1,A202303,C2024Q4T06,V-SA,SA1,2,8166.658320
D,RESIDUE_PRICE_OFFER,,1,A202303,C2024Q4T06,V-SA,SA1,2,9799.989980
D,RESIDUE_PRICE_OFFER,,1,A202303,C2024Q4T06,V-SA,SA1,2,10000
D,RESIDUE_PRICE_OFFER,,1,A202303,C2024Q4T06,V-SA,SA1,2,11000
D,RESIDUE_PRICE_OFFER,,1,A202303,C2024Q4T06,V-SA,SA1,2,11759.987980
D,RESIDUE_PRICE_OFFER,,1,A202303,C2024Q4T06,V-SA,SA1,2,12000
D,RESIDUE_PRICE_OFFER,,1,A202303,C2024Q4T06,V-SA,SA1,2,13000
D,RESIDUE_PRICE_OFFER,,1,A202303,C2024Q4T06,V-SA,SA1,2,14000
D,RESIDUE_PRICE_OFFER,,1,A202303,C2024Q4T06,V-SA,SA1,2,14111.985580
D,RESIDUE_PRICE_OFFER,,1,A202303,C2024Q4T06,V-SA,SA1,2,15000
D,RESIDUE_PRICE_OFFER,,1,A202303,C2024Q4T06,V-SA,SA1,2,16000
D,RESIDUE_PRICE_OFFER,,1,A202303,C2024Q4T06,V-SA,SA1,64,0
D,RESIDUE_PRICE_OFFER,,1,A202303,C2024Q4T06,V-SA,VIC1,2,43446.122530
D,RESIDUE_PRICE_OFFER,,1,A202303,C2024Q4T06,V-SA,VIC1,2,49963.040910
D,RESIDUE_PRICE_OFFER,,1,A202303,C2024Q4T06,V-SA,VIC1,2,57457.497050
D,RESIDUE_PRICE_OFFER,,1,A202303,C2024Q4T06,V-SA,VIC1,2,66076.121610
D,RESIDUE_PRICE_OFFER,,1,A202303,C2024Q4T06,V-SA,VIC1,2,75987.539850
D,RESIDUE_PRICE_OFFER,,1,A202303,C2024Q4T06,V-SA,VIC1,2,87385.670830
D,RESIDUE_PRICE_OFFER,,1,A202303,C2024Q4T06,V-SA,VIC1,8,25000
D,RESIDUE_PRICE_OFFER,,1,A202303,C2024Q4T06,V-SA,VIC1,15,18000
D,RESIDUE_PRICE_OFFER,,1,A202303,C2024Q4T06,V-SA,VIC1,73,0
D,RESIDUE_PRICE_OFFER,,1,A202303,C2024Q4T06,VIC1-NSW1,NSW1,5,1427.778330
D,RESIDUE_PRICE_OFFER,,1,A202303,C2024Q4T06,VIC1-NSW1,NSW1,5,1641.945080
D,RESIDUE_PRICE_OFFER,,1,A202303,C2024Q4T06,VIC1-NSW1,NSW1,5,1888.236840
D,RESIDUE_PRICE_OFFER,,1,A202303,C2024Q4T06,VIC1-NSW1,NSW1,5,2171.472370
D,RESIDUE_PRICE_OFFER,,1,A202303,C2024Q4T06,VIC1-NSW1,NSW1,5,2497.193220
D,RESIDUE_PRICE_OFFER,,1,A202303,C2024Q4T06,VIC1-NSW1,NSW1,5,2871.772210
D,RESIDUE_PRICE_OFFER,,1,A202303,C2024Q4T06,VIC1-NSW1,NSW1,10,2196.75
D,RESIDUE_PRICE_OFFER,,1,A202303,C2024Q4T06,VIC1-NSW1,NSW1,108,0
D,RESIDUE_PRICE_OFFER,,1,A202303,C2024Q4T06,VIC1-NSW1,VIC1,1,20160.759990
D,RESIDUE_PRICE_OFFER,,1,A202303,C2024Q4T06,VIC1-NSW1,VIC1,1,20320.759990
D,RESIDUE_PRICE_OFFER,,1,A202303,C2024Q4T06,VIC1-NSW1,VIC1,1,20480.759990
D,RESIDUE_PRICE_OFFER,,1,A202303,C2024Q4T06,VIC1-NSW1,VIC1,1,20640.759990
D,RESIDUE_PRICE_OFFER,,1,A202303,C2024Q4T06,VIC1-NSW1,VIC1,1,20800.759990
D,RESIDUE_PRICE_OFFER,,1,A202303,C2024Q4T06,VIC1-NSW1,VIC1,1,20960.759990
D,RESIDUE_PRICE_OFFER,,1,A202303,C2024Q4T06,VIC1-NSW1,VIC1,1,21120.759990
D,RESIDUE_PRICE_OFFER,,1,A202303,C2024Q4T06,VIC1-NSW1,VIC1,1,21280.759990
D,RESIDUE_PRICE_OFFER,,1,A202303,C2024Q4T06,VIC1-NSW1,VIC1,1,21440.759990
D,RESIDUE_PRICE_OFFER,,1,A202303,C2024Q4T06,VIC1-NSW1,VIC1,1,21600.76
D,RESIDUE_PRICE_OFFER,,1,A202303,C2024Q4T06,VIC1-NSW1,VIC1,1,21760.76
D,RESIDUE_PRICE_OFFER,,1,A202303,C2024Q4T06,VIC1-NSW1,VIC1,1,21920.76
D,RESIDUE_PRICE_OFFER,,1,A202303,C2024Q4T06,VIC1-NSW1,VIC1,1,22080.76
D,RESIDUE_PRICE_OFFER,,1,A202303,C2024Q4T06,VIC1-NSW1,VIC1,1,22240.76
D,RESIDUE_PRICE_OFFER,,1,A202303,C2024Q4T06,VIC1-NSW1,VIC1,1,22400.76
D,RESIDUE_PRICE_OFFER,,1,A202303,C2024Q4T06,VIC1-NSW1,VIC1,1,22560.76
D,RESIDUE_PRICE_OFFER,,1,A202303,C2024Q4T06,VIC1-NSW1,VIC1,1,22720.76
D,RESIDUE_PRICE_OFFER,,1,A202303,C2024Q4T06,VIC1-NSW1,VIC1,1,22880.76
D,RESIDUE_PRICE_OFFER,,1,A202303,C2024Q4T06,VIC1-NSW1,VIC1,1,23040.76
D,RESIDUE_PRICE_OFFER,,1,A202303,C2024Q4T06,VIC1-NSW1,VIC1,1,23200.76
D,RESIDUE_PRICE_OFFER,,1,A202303,C2024Q4T06,VIC1-NSW1,VIC1,1,23360.76
D,RESIDUE_PRICE_OFFER,,1,A202303,C2024Q4T06,VIC1-NSW1,VIC1,1,23520.76
D,RESIDUE_PRICE_OFFER,,1,A202303,C2024Q4T06,VIC1-NSW1,VIC1,1,23680.76
D,RESIDUE_PRICE_OFFER,,1,A202303,C2024Q4T06,VIC1-NSW1,VIC1,1,23840.76
D,RESIDUE_PRICE_OFFER,,1,A202303,C2024Q4T06,VIC1-NSW1,VIC1,1,24000.76
D,RESIDUE_PRICE_OFFER,,1,A202303,C2024Q4T06,VIC1-NSW1,VIC1,5,20822.534880
D,RESIDUE_PRICE_OFFER,,1,A202303,C2024Q4T06,VIC1-NSW1,VIC1,5,23945.915120
D,RESIDUE_PRICE_OFFER,,1,A202303,C2024Q4T06,VIC1-NSW1,VIC1,5,27537.802380
D,RESIDUE_PRICE_OFFER,,1,A202303,C2024Q4T06,VIC1-NSW1,VIC1,5,31668.472740
D,RESIDUE_PRICE_OFFER,,1,A202303,C2024Q4T06,VIC1-NSW1,VIC1,5,36418.743640
D,RESIDUE_PRICE_OFFER,,1,A202303,C2024Q4T06,VIC1-NSW1,VIC1,5,41881.5552
D,RESIDUE_PRICE_OFFER,,1,A202303,C2024Q4T06,VIC1-NSW1,VIC1,10,29700.76
D,RESIDUE_PRICE_OFFER,,1,A202303,C2024Q4T06,VIC1-NSW1,VIC1,10,30000
D,RESIDUE_PRICE_OFFER,,1,A202303,C2024Q4T06,VIC1-NSW1,VIC1,10,31400.76
D,RESIDUE_PRICE_OFFER,,1,A202303,C2024Q4T06,VIC1-NSW1,VIC1,10,33100.76
D,RESIDUE_PRICE_OFFER,,1,A202303,C2024Q4T06,VIC1-NSW1,VIC1,10,34800.76
D,RESIDUE_PRICE_OFFER,,1,A202303,C2024Q4T06,VIC1-NSW1,VIC1,10,36500.76
D,RESIDUE_PRICE_OFFER,,1,A202303,C2024Q4T06,VIC1-NSW1,VIC1,10,38200.76
D,RESIDUE_PRICE_OFFER,,1,A202303,C2024Q4T06,VIC1-NSW1,VIC1,10,39900.76
D,RESIDUE_PRICE_OFFER,,1,A202303,C2024Q4T06,VIC1-NSW1,VIC1,10,41600.76
D,RESIDUE_PRICE_OFFER,,1,A202303,C2024Q4T06,VIC1-NSW1,VIC1,10,43300.76
D,RESIDUE_PRICE_OFFER,,1,A202303,C2024Q4T06,VIC1-NSW1,VIC1,10,45000.76
D,RESIDUE_PRICE_OFFER,,1,A202303,C2024Q4T06,VIC1-NSW1,VIC1,125,0
D,RESIDUE_PRICE_OFFER,,1,A202303,C2025Q1T05,NSW1-QLD1,NSW1,1,15050.40
D,RESIDUE_PRICE_OFFER,,1,A202303,C2025Q1T05,NSW1-QLD1,NSW1,1,15100.40
D,RESIDUE_PRICE_OFFER,,1,A202303,C2025Q1T05,NSW1-QLD1,NSW1,3,13395.1193
D,RESIDUE_PRICE_OFFER,,1,A202303,C2025Q1T05,NSW1-QLD1,NSW1,3,15404.3872
D,RESIDUE_PRICE_OFFER,,1,A202303,C2025Q1T05,NSW1-QLD1,NSW1,3,17715.045270
D,RESIDUE_PRICE_OFFER,,1,A202303,C2025Q1T05,NSW1-QLD1,NSW1,3,20372.302070
D,RESIDUE_PRICE_OFFER,,1,A202303,C2025Q1T05,NSW1-QLD1,NSW1,3,23428.147380
D,RESIDUE_PRICE_OFFER,,1,A202303,C2025Q1T05,NSW1-QLD1,NSW1,3,26942.369490
D,RESIDUE_PRICE_OFFER,,1,A202303,C2025Q1T05,NSW1-QLD1,NSW1,45,0
D,RESIDUE_PRICE_OFFER,,1,A202303,C2025Q1T05,NSW1-QLD1,QLD1,1,19080.55
D,RESIDUE_PRICE_OFFER,,1,A202303,C2025Q1T05,NSW1-QLD1,QLD1,1,19160.55
D,RESIDUE_PRICE_OFFER,,1,A202303,C2025Q1T05,NSW1-QLD1,QLD1,1,19240.55
D,RESIDUE_PRICE_OFFER,,1,A202303,C2025Q1T05,NSW1-QLD1,QLD1,1,19320.55
D,RESIDUE_PRICE_OFFER,,1,A202303,C2025Q1T05,NSW1-QLD1,QLD1,1,19400.55
D,RESIDUE_PRICE_OFFER,,1,A202303,C2025Q1T05,NSW1-QLD1,QLD1,1,19480.55
D,RESIDUE_PRICE_OFFER,,1,A202303,C2025Q1T05,NSW1-QLD1,QLD1,1,19560.55
D,RESIDUE_PRICE_OFFER,,1,A202303,C2025Q1T05,NSW1-QLD1,QLD1,1,19640.55
D,RESIDUE_PRICE_OFFER,,1,A202303,C2025Q1T05,NSW1-QLD1,QLD1,1,19720.55
D,RESIDUE_PRICE_OFFER,,1,A202303,C2025Q1T05,NSW1-QLD1,QLD1,1,19800.55
D,RESIDUE_PRICE_OFFER,,1,A202303,C2025Q1T05,NSW1-QLD1,QLD1,1,19880.55
D,RESIDUE_PRICE_OFFER,,1,A202303,C2025Q1T05,NSW1-QLD1,QLD1,1,19960.55
D,RESIDUE_PRICE_OFFER,,1,A202303,C2025Q1T05,NSW1-QLD1,QLD1,1,20040.55
D,RESIDUE_PRICE_OFFER,,1,A202303,C2025Q1T05,NSW1-QLD1,QLD1,1,20120.55
D,RESIDUE_PRICE_OFFER,,1,A202303,C2025Q1T05,NSW1-QLD1,QLD1,1,20200.55
D,RESIDUE_PRICE_OFFER,,1,A202303,C2025Q1T05,NSW1-QLD1,QLD1,1,20280.55
D,RESIDUE_PRICE_OFFER,,1,A202303,C2025Q1T05,NSW1-QLD1,QLD1,1,20360.55
D,RESIDUE_PRICE_OFFER,,1,A202303,C2025Q1T05,NSW1-QLD1,QLD1,1,20440.55
D,RESIDUE_PRICE_OFFER,,1,A202303,C2025Q1T05,NSW1-QLD1,QLD1,1,20520.55
D,RESIDUE_PRICE_OFFER,,1,A202303,C2025Q1T05,NSW1-QLD1,QLD1,1,20600.55
D,RESIDUE_PRICE_OFFER,,1,A202303,C2025Q1T05,NSW1-QLD1,QLD1,1,20680.55
D,RESIDUE_PRICE_OFFER,,1,A202303,C2025Q1T05,NSW1-QLD1,QLD1,1,20760.55
D,RESIDUE_PRICE_OFFER,,1,A202303,C2025Q1T05,NSW1-QLD1,QLD1,1,20840.55
D,RESIDUE_PRICE_OFFER,,1,A202303,C2025Q1T05,NSW1-QLD1,QLD1,1,20920.55
D,RESIDUE_PRICE_OFFER,,1,A202303,C2025Q1T05,NSW1-QLD1,QLD1,1,21000.55
D,RESIDUE_PRICE_OFFER,,1,A202303,C2025Q1T05,NSW1-QLD1,QLD1,2,24916.55
D,RESIDUE_PRICE_OFFER,,1,A202303,C2025Q1T05,NSW1-QLD1,QLD1,2,25832.55
D,RESIDUE_PRICE_OFFER,,1,A202303,C2025Q1T05,NSW1-QLD1,QLD1,2,26748.55
D,RESIDUE_PRICE_OFFER,,1,A202303,C2025Q1T05,NSW1-QLD1,QLD1,2,27664.55
D,RESIDUE_PRICE_OFFER,,1,A202303,C2025Q1T05,NSW1-QLD1,QLD1,2,28580.55
D,RESIDUE_PRICE_OFFER,,1,A202303,C2025Q1T05,NSW1-QLD1,QLD1,2,29496.55
D,RESIDUE_PRICE_OFFER,,1,A202303,C2025Q1T05,NSW1-QLD1,QLD1,2,30412.55
D,RESIDUE_PRICE_OFFER,,1,A202303,C2025Q1T05,NSW1-QLD1,QLD1,2,31328.55
D,RESIDUE_PRICE_OFFER,,1,A202303,C2025Q1T05,NSW1-QLD1,QLD1,2,32244.55
D,RESIDUE_PRICE_OFFER,,1,A202303,C2025Q1T05,NSW1-QLD1,QLD1,2,33160.55
D,RESIDUE_PRICE_OFFER,,1,A202303,C2025Q1T05,NSW1-QLD1,QLD1,2,34076.55
D,RESIDUE_PRICE_OFFER,,1,A202303,C2025Q1T05,NSW1-QLD1,QLD1,2,34992.55
D,RESIDUE_PRICE_OFFER,,1,A202303,C2025Q1T05,NSW1-QLD1,QLD1,3,20938.380950
D,RESIDUE_PRICE_OFFER,,1,A202303,C2025Q1T05,NSW1-QLD1,QLD1,3,23032.219050
D,RESIDUE_PRICE_OFFER,,1,A202303,C2025Q1T05,NSW1-QLD1,QLD1,5,25335.440950
D,RESIDUE_PRICE_OFFER,,1,A202303,C2025Q1T05,NSW1-QLD1,QLD1,5,27868.985050
D,RESIDUE_PRICE_OFFER,,1,A202303,C2025Q1T05,NSW1-QLD1,QLD1,5,30655.883550
D,RESIDUE_PRICE_OFFER,,1,A202303,C2025Q1T05,NSW1-QLD1,QLD1,5,33721.471910
D,RESIDUE_PRICE_OFFER,,1,A202303,C2025Q1T05,NSW1-QLD1,QLD1,100,0
D,RESIDUE_PRICE_OFFER,,1,A202303,C2025Q1T05,V-SA,SA1,64,0
D,RESIDUE_PRICE_OFFER,,1,A202303,C2025Q1T05,V-SA,VIC1,1,34666.96
D,RESIDUE_PRICE_OFFER,,1,A202303,C2025Q1T05,V-SA,VIC1,1,34832.96
D,RESIDUE_PRICE_OFFER,,1,A202303,C2025Q1T05,V-SA,VIC1,1,34998.96
D,RESIDUE_PRICE_OFFER,,1,A202303,C2025Q1T05,V-SA,VIC1,73,0
D,RESIDUE_PRICE_OFFER,,1,A202303,C2025Q1T05,VIC1-NSW1,NSW1,1,5000.13
D,RESIDUE_PRICE_OFFER,,1,A202303,C2025Q1T05,VIC1-NSW1,NSW1,4,4198.408110
D,RESIDUE_PRICE_OFFER,,1,A202303,C2025Q1T05,VIC1-NSW1,NSW1,4,4828.169330
D,RESIDUE_PRICE_OFFER,,1,A202303,C2025Q1T05,VIC1-NSW1,NSW1,4,5552.394730
D,RESIDUE_PRICE_OFFER,,1,A202303,C2025Q1T05,VIC1-NSW1,NSW1,4,6385.253940
D,RESIDUE_PRICE_OFFER,,1,A202303,C2025Q1T05,VIC1-NSW1,NSW1,4,7343.042030
D,RESIDUE_PRICE_OFFER,,1,A202303,C2025Q1T05,VIC1-NSW1,NSW1,4,8444.498340
D,RESIDUE_PRICE_OFFER,,1,A202303,C2025Q1T05,VIC1-NSW1,NSW1,108,0
D,RESIDUE_PRICE_OFFER,,1,A202303,C2025Q1T05,VIC1-NSW1,VIC1,1,35040.76
D,RESIDUE_PRICE_OFFER,,1,A202303,C2025Q1T05,VIC1-NSW1,VIC1,1,35080.76
D,RESIDUE_PRICE_OFFER,,1,A202303,C2025Q1T05,VIC1-NSW1,VIC1,1,35120.76
D,RESIDUE_PRICE_OFFER,,1,A202303,C2025Q1T05,VIC1-NSW1,VIC1,1,35160.76
D,RESIDUE_PRICE_OFFER,,1,A202303,C2025Q1T05,VIC1-NSW1,VIC1,1,35200.76
D,RESIDUE_PRICE_OFFER,,1,A202303,C2025Q1T05,VIC1-NSW1,VIC1,1,35240.76
D,RESIDUE_PRICE_OFFER,,1,A202303,C2025Q1T05,VIC1-NSW1,VIC1,1,35280.76
D,RESIDUE_PRICE_OFFER,,1,A202303,C2025Q1T05,VIC1-NSW1,VIC1,1,35320.76
D,RESIDUE_PRICE_OFFER,,1,A202303,C2025Q1T05,VIC1-NSW1,VIC1,1,35360.76
D,RESIDUE_PRICE_OFFER,,1,A202303,C2025Q1T05,VIC1-NSW1,VIC1,1,35400.76
D,RESIDUE_PRICE_OFFER,,1,A202303,C2025Q1T05,VIC1-NSW1,VIC1,1,35440.76
D,RESIDUE_PRICE_OFFER,,1,A202303,C2025Q1T05,VIC1-NSW1,VIC1,1,35480.76
D,RESIDUE_PRICE_OFFER,,1,A202303,C2025Q1T05,VIC1-NSW1,VIC1,1,35520.76
D,RESIDUE_PRICE_OFFER,,1,A202303,C2025Q1T05,VIC1-NSW1,VIC1,1,35560.76
D,RESIDUE_PRICE_OFFER,,1,A202303,C2025Q1T05,VIC1-NSW1,VIC1,1,35600.76
D,RESIDUE_PRICE_OFFER,,1,A202303,C2025Q1T05,VIC1-NSW1,VIC1,1,35640.76
D,RESIDUE_PRICE_OFFER,,1,A202303,C2025Q1T05,VIC1-NSW1,VIC1,1,35680.76
D,RESIDUE_PRICE_OFFER,,1,A202303,C2025Q1T05,VIC1-NSW1,VIC1,1,35720.76
D,RESIDUE_PRICE_OFFER,,1,A202303,C2025Q1T05,VIC1-NSW1,VIC1,1,35760.76
D,RESIDUE_PRICE_OFFER,,1,A202303,C2025Q1T05,VIC1-NSW1,VIC1,1,35800.76
D,RESIDUE_PRICE_OFFER,,1,A202303,C2025Q1T05,VIC1-NSW1,VIC1,1,35840.76
D,RESIDUE_PRICE_OFFER,,1,A202303,C2025Q1T05,VIC1-NSW1,VIC1,1,35880.76
D,RESIDUE_PRICE_OFFER,,1,A202303,C2025Q1T05,VIC1-NSW1,VIC1,1,35920.76
D,RESIDUE_PRICE_OFFER,,1,A202303,C2025Q1T05,VIC1-NSW1,VIC1,1,35960.76
D,RESIDUE_PRICE_OFFER,,1,A202303,C2025Q1T05,VIC1-NSW1,VIC1,1,36000.76
D,RESIDUE_PRICE_OFFER,,1,A202303,C2025Q1T05,VIC1-NSW1,VIC1,5,37900.76
D,RESIDUE_PRICE_OFFER,,1,A202303,C2025Q1T05,VIC1-NSW1,VIC1,5,39800.76
D,RESIDUE_PRICE_OFFER,,1,A202303,C2025Q1T05,VIC1-NSW1,VIC1,5,41700.76
D,RESIDUE_PRICE_OFFER,,1,A202303,C2025Q1T05,VIC1-NSW1,VIC1,5,43600.76
D,RESIDUE_PRICE_OFFER,,1,A202303,C2025Q1T05,VIC1-NSW1,VIC1,5,45500.76
D,RESIDUE_PRICE_OFFER,,1,A202303,C2025Q1T05,VIC1-NSW1,VIC1,5,47400.76
D,RESIDUE_PRICE_OFFER,,1,A202303,C2025Q1T05,VIC1-NSW1,VIC1,5,49300.76
D,RESIDUE_PRICE_OFFER,,1,A202303,C2025Q1T05,VIC1-NSW1,VIC1,5,51200.76
D,RESIDUE_PRICE_OFFER,,1,A202303,C2025Q1T05,VIC1-NSW1,VIC1,5,53100.76
D,RESIDUE_PRICE_OFFER,,1,A202303,C2025Q1T05,VIC1-NSW1,VIC1,5,55000.76
D,RESIDUE_PRICE_OFFER,,1,A202303,C2025Q1T05,VIC1-NSW1,VIC1,125,0
D,RESIDUE_PRICE_OFFER,,1,A202303,C2025Q2T04,NSW1-QLD1,NSW1,45,0
D,RESIDUE_PRICE_OFFER,,1,A202303,C2025Q2T04,NSW1-QLD1,QLD1,100,0
D,RESIDUE_PRICE_OFFER,,1,A202303,C2025Q2T04,V-SA,SA1,1,6009.86
D,RESIDUE_PRICE_OFFER,,1,A202303,C2025Q2T04,V-SA,SA1,1,6018.86
D,RESIDUE_PRICE_OFFER,,1,A202303,C2025Q2T04,V-SA,SA1,1,6027.86
D,RESIDUE_PRICE_OFFER,,1,A202303,C2025Q2T04,V-SA,SA1,1,6036.86
D,RESIDUE_PRICE_OFFER,,1,A202303,C2025Q2T04,V-SA,SA1,1,6045.86
D,RESIDUE_PRICE_OFFER,,1,A202303,C2025Q2T04,V-SA,SA1,1,6054.86
D,RESIDUE_PRICE_OFFER,,1,A202303,C2025Q2T04,V-SA,SA1,1,6063.86
D,RESIDUE_PRICE_OFFER,,1,A202303,C2025Q2T04,V-SA,SA1,1,6072.86
D,RESIDUE_PRICE_OFFER,,1,A202303,C2025Q2T04,V-SA,SA1,1,6081.86
D,RESIDUE_PRICE_OFFER,,1,A202303,C2025Q2T04,V-SA,SA1,1,6090.86
D,RESIDUE_PRICE_OFFER,,1,A202303,C2025Q2T04,V-SA,SA1,1,6099.86
D,RESIDUE_PRICE_OFFER,,1,A202303,C2025Q2T04,V-SA,SA1,64,0
D,RESIDUE_PRICE_OFFER,,1,A202303,C2025Q2T04,V-SA,VIC1,59,40000
D,RESIDUE_PRICE_OFFER,,1,A202303,C2025Q2T04,V-SA,VIC1,73,0
D,RESIDUE_PRICE_OFFER,,1,A202303,C2025Q2T04,VIC1-NSW1,NSW1,1,2687.13
D,RESIDUE_PRICE_OFFER,,1,A202303,C2025Q2T04,VIC1-NSW1,NSW1,1,2874.13
D,RESIDUE_PRICE_OFFER,,1,A202303,C2025Q2T04,VIC1-NSW1,NSW1,1,3061.13
D,RESIDUE_PRICE_OFFER,,1,A202303,C2025Q2T04,VIC1-NSW1,NSW1,1,3248.13
D,RESIDUE_PRICE_OFFER,,1,A202303,C2025Q2T04,VIC1-NSW1,NSW1,1,3435.13
D,RESIDUE_PRICE_OFFER,,1,A202303,C2025Q2T04,VIC1-NSW1,NSW1,1,3622.13
D,RESIDUE_PRICE_OFFER,,1,A202303,C2025Q2T04,VIC1-NSW1,NSW1,1,3809.13
D,RESIDUE_PRICE_OFFER,,1,A202303,C2025Q2T04,VIC1-NSW1,NSW1,1,3996.13
D,RESIDUE_PRICE_OFFER,,1,A202303,C2025Q2T04,VIC1-NSW1,NSW1,5,1558.15
D,RESIDUE_PRICE_OFFER,,1,A202303,C2025Q2T04,VIC1-NSW1,NSW1,5,1791.8725
D,RESIDUE_PRICE_OFFER,,1,A202303,C2025Q2T04,VIC1-NSW1,NSW1,5,2060.653370
D,RESIDUE_PRICE_OFFER,,1,A202303,C2025Q2T04,VIC1-NSW1,NSW1,5,2369.751380
D,RESIDUE_PRICE_OFFER,,1,A202303,C2025Q2T04,VIC1-NSW1,NSW1,5,2725.214080
D,RESIDUE_PRICE_OFFER,,1,A202303,C2025Q2T04,VIC1-NSW1,NSW1,5,3133.9962
D,RESIDUE_PRICE_OFFER,,1,A202303,C2025Q2T04,VIC1-NSW1,NSW1,108,0
D,RESIDUE_PRICE_OFFER,,1,A202303,C2025Q2T04,VIC1-NSW1,VIC1,1,26160.76
D,RESIDUE_PRICE_OFFER,,1,A202303,C2025Q2T04,VIC1-NSW1,VIC1,1,26320.76
D,RESIDUE_PRICE_OFFER,,1,A202303,C2025Q2T04,VIC1-NSW1,VIC1,1,26480.76
D,RESIDUE_PRICE_OFFER,,1,A202303,C2025Q2T04,VIC1-NSW1,VIC1,1,26640.76
D,RESIDUE_PRICE_OFFER,,1,A202303,C2025Q2T04,VIC1-NSW1,VIC1,1,26800.76
D,RESIDUE_PRICE_OFFER,,1,A202303,C2025Q2T04,VIC1-NSW1,VIC1,1,26960.76
D,RESIDUE_PRICE_OFFER,,1,A202303,C2025Q2T04,VIC1-NSW1,VIC1,1,27120.76
D,RESIDUE_PRICE_OFFER,,1,A202303,C2025Q2T04,VIC1-NSW1,VIC1,1,27280.76
D,RESIDUE_PRICE_OFFER,,1,A202303,C2025Q2T04,VIC1-NSW1,VIC1,1,27440.76
D,RESIDUE_PRICE_OFFER,,1,A202303,C2025Q2T04,VIC1-NSW1,VIC1,1,27600.76
D,RESIDUE_PRICE_OFFER,,1,A202303,C2025Q2T04,VIC1-NSW1,VIC1,1,27760.76
D,RESIDUE_PRICE_OFFER,,1,A202303,C2025Q2T04,VIC1-NSW1,VIC1,1,27920.76
D,RESIDUE_PRICE_OFFER,,1,A202303,C2025Q2T04,VIC1-NSW1,VIC1,1,28080.76
D,RESIDUE_PRICE_OFFER,,1,A202303,C2025Q2T04,VIC1-NSW1,VIC1,1,28240.76
D,RESIDUE_PRICE_OFFER,,1,A202303,C2025Q2T04,VIC1-NSW1,VIC1,1,28400.76
D,RESIDUE_PRICE_OFFER,,1,A202303,C2025Q2T04,VIC1-NSW1,VIC1,1,28560.76
D,RESIDUE_PRICE_OFFER,,1,A202303,C2025Q2T04,VIC1-NSW1,VIC1,1,28720.76
D,RESIDUE_PRICE_OFFER,,1,A202303,C2025Q2T04,VIC1-NSW1,VIC1,1,28880.76
D,RESIDUE_PRICE_OFFER,,1,A202303,C2025Q2T04,VIC1-NSW1,VIC1,1,29040.76
D,RESIDUE_PRICE_OFFER,,1,A202303,C2025Q2T04,VIC1-NSW1,VIC1,1,29200.76
D,RESIDUE_PRICE_OFFER,,1,A202303,C2025Q2T04,VIC1-NSW1,VIC1,1,29360.76
D,RESIDUE_PRICE_OFFER,,1,A202303,C2025Q2T04,VIC1-NSW1,VIC1,1,29520.76
D,RESIDUE_PRICE_OFFER,,1,A202303,C2025Q2T04,VIC1-NSW1,VIC1,1,29680.76
D,RESIDUE_PRICE_OFFER,,1,A202303,C2025Q2T04,VIC1-NSW1,VIC1,1,29840.76
D,RESIDUE_PRICE_OFFER,,1,A202303,C2025Q2T04,VIC1-NSW1,VIC1,1,30000.76
D,RESIDUE_PRICE_OFFER,,1,A202303,C2025Q2T04,VIC1-NSW1,VIC1,2,35666.76
D,RESIDUE_PRICE_OFFER,,1,A202303,C2025Q2T04,VIC1-NSW1,VIC1,2,36332.76
D,RESIDUE_PRICE_OFFER,,1,A202303,C2025Q2T04,VIC1-NSW1,VIC1,2,36998.76
D,RESIDUE_PRICE_OFFER,,1,A202303,C2025Q2T04,VIC1-NSW1,VIC1,2,37664.76
D,RESIDUE_PRICE_OFFER,,1,A202303,C2025Q2T04,VIC1-NSW1,VIC1,2,38330.76
D,RESIDUE_PRICE_OFFER,,1,A202303,C2025Q2T04,VIC1-NSW1,VIC1,2,38996.76
D,RESIDUE_PRICE_OFFER,,1,A202303,C2025Q2T04,VIC1-NSW1,VIC1,2,39662.76
D,RESIDUE_PRICE_OFFER,,1,A202303,C2025Q2T04,VIC1-NSW1,VIC1,2,40328.76
D,RESIDUE_PRICE_OFFER,,1,A202303,C2025Q2T04,VIC1-NSW1,VIC1,2,40994.76
D,RESIDUE_PRICE_OFFER,,1,A202303,C2025Q2T04,VIC1-NSW1,VIC1,2,41660.76
D,RESIDUE_PRICE_OFFER,,1,A202303,C2025Q2T04,VIC1-NSW1,VIC1,2,42326.76
D,RESIDUE_PRICE_OFFER,,1,A202303,C2025Q2T04,VIC1-NSW1,VIC1,2,42992.76
D,RESIDUE_PRICE_OFFER,,1,A202303,C2025Q2T04,VIC1-NSW1,VIC1,2,43658.76
D,RESIDUE_PRICE_OFFER,,1,A202303,C2025Q2T04,VIC1-NSW1,VIC1,2,44324.76
D,RESIDUE_PRICE_OFFER,,1,A202303,C2025Q2T04,VIC1-NSW1,VIC1,2,44990.76
D,RESIDUE_PRICE_OFFER,,1,A202303,C2025Q2T04,VIC1-NSW1,VIC1,125,0
D,RESIDUE_PRICE_OFFER,,1,A202303,C2025Q3T03,NSW1-QLD1,NSW1,45,0
D,RESIDUE_PRICE_OFFER,,1,A202303,C2025Q3T03,NSW1-QLD1,QLD1,1,33020.55
D,RESIDUE_PRICE_OFFER,,1,A202303,C2025Q3T03,NSW1-QLD1,QLD1,1,33040.55
D,RESIDUE_PRICE_OFFER,,1,A202303,C2025Q3T03,NSW1-QLD1,QLD1,1,33060.55
D,RESIDUE_PRICE_OFFER,,1,A202303,C2025Q3T03,NSW1-QLD1,QLD1,1,33080.55
D,RESIDUE_PRICE_OFFER,,1,A202303,C2025Q3T03,NSW1-QLD1,QLD1,1,33100.55
D,RESIDUE_PRICE_OFFER,,1,A202303,C2025Q3T03,NSW1-QLD1,QLD1,100,0
D,RESIDUE_PRICE_OFFER,,1,A202303,C2025Q3T03,V-SA,SA1,1,8550.86
D,RESIDUE_PRICE_OFFER,,1,A202303,C2025Q3T03,V-SA,SA1,1,8600.86
D,RESIDUE_PRICE_OFFER,,1,A202303,C2025Q3T03,V-SA,SA1,1,8650.86
D,RESIDUE_PRICE_OFFER,,1,A202303,C2025Q3T03,V-SA,SA1,1,8700.86
D,RESIDUE_PRICE_OFFER,,1,A202303,C2025Q3T03,V-SA,SA1,1,8750.86
D,RESIDUE_PRICE_OFFER,,1,A202303,C2025Q3T03,V-SA,SA1,1,8800.86
D,RESIDUE_PRICE_OFFER,,1,A202303,C2025Q3T03,V-SA,SA1,1,8850.86
D,RESIDUE_PRICE_OFFER,,1,A202303,C2025Q3T03,V-SA,SA1,1,8900.86
D,RESIDUE_PRICE_OFFER,,1,A202303,C2025Q3T03,V-SA,SA1,1,8950.86
D,RESIDUE_PRICE_OFFER,,1,A202303,C2025Q3T03,V-SA,SA1,1,9000.86
D,RESIDUE_PRICE_OFFER,,1,A202303,C2025Q3T03,V-SA,SA1,2,10571.86
D,RESIDUE_PRICE_OFFER,,1,A202303,C2025Q3T03,V-SA,SA1,2,11142.86
D,RESIDUE_PRICE_OFFER,,1,A202303,C2025Q3T03,V-SA,SA1,2,11713.86
D,RESIDUE_PRICE_OFFER,,1,A202303,C2025Q3T03,V-SA,SA1,2,12284.86
D,RESIDUE_PRICE_OFFER,,1,A202303,C2025Q3T03,V-SA,SA1,2,12855.86
D,RESIDUE_PRICE_OFFER,,1,A202303,C2025Q3T03,V-SA,SA1,2,13426.86
D,RESIDUE_PRICE_OFFER,,1,A202303,C2025Q3T03,V-SA,SA1,2,13997.86
D,RESIDUE_PRICE_OFFER,,1,A202303,C2025Q3T03,V-SA,SA1,64,0
D,RESIDUE_PRICE_OFFER,,1,A202303,C2025Q3T03,V-SA,VIC1,38,40000
D,RESIDUE_PRICE_OFFER,,1,A202303,C2025Q3T03,V-SA,VIC1,73,0
D,RESIDUE_PRICE_OFFER,,1,A202303,C2025Q3T03,VIC1-NSW1,NSW1,2,3153.13
D,RESIDUE_PRICE_OFFER,,1,A202303,C2025Q3T03,VIC1-NSW1,NSW1,2,3306.13
D,RESIDUE_PRICE_OFFER,,1,A202303,C2025Q3T03,VIC1-NSW1,NSW1,2,3459.13
D,RESIDUE_PRICE_OFFER,,1,A202303,C2025Q3T03,VIC1-NSW1,NSW1,2,3612.13
D,RESIDUE_PRICE_OFFER,,1,A202303,C2025Q3T03,VIC1-NSW1,NSW1,2,3765.13
D,RESIDUE_PRICE_OFFER,,1,A202303,C2025Q3T03,VIC1-NSW1,NSW1,2,3918.13
D,RESIDUE_PRICE_OFFER,,1,A202303,C2025Q3T03,VIC1-NSW1,NSW1,2,4071.13
D,RESIDUE_PRICE_OFFER,,1,A202303,C2025Q3T03,VIC1-NSW1,NSW1,2,4224.13
D,RESIDUE_PRICE_OFFER,,1,A202303,C2025Q3T03,VIC1-NSW1,NSW1,2,4377.13
D,RESIDUE_PRICE_OFFER,,1,A202303,C2025Q3T03,VIC1-NSW1,NSW1,2,4530.13
D,RESIDUE_PRICE_OFFER,,1,A202303,C2025Q3T03,VIC1-NSW1,NSW1,2,4683.13
D,RESIDUE_PRICE_OFFER,,1,A202303,C2025Q3T03,VIC1-NSW1,NSW1,2,4836.13
D,RESIDUE_PRICE_OFFER,,1,A202303,C2025Q3T03,VIC1-NSW1,NSW1,2,4989.13
D,RESIDUE_PRICE_OFFER,,1,A202303,C2025Q3T03,VIC1-NSW1,NSW1,5,1555.864440
D,RESIDUE_PRICE_OFFER,,1,A202303,C2025Q3T03,VIC1-NSW1,NSW1,5,1789.244110
D,RESIDUE_PRICE_OFFER,,1,A202303,C2025Q3T03,VIC1-NSW1,NSW1,5,2057.630720
D,RESIDUE_PRICE_OFFER,,1,A202303,C2025Q3T03,VIC1-NSW1,NSW1,5,2366.275330
D,RESIDUE_PRICE_OFFER,,1,A202303,C2025Q3T03,VIC1-NSW1,NSW1,5,2721.216630
D,RESIDUE_PRICE_OFFER,,1,A202303,C2025Q3T03,VIC1-NSW1,NSW1,5,3129.399130
D,RESIDUE_PRICE_OFFER,,1,A202303,C2025Q3T03,VIC1-NSW1,NSW1,108,0
D,RESIDUE_PRICE_OFFER,,1,A202303,C2025Q3T03,VIC1-NSW1,VIC1,1,27200.76
D,RESIDUE_PRICE_OFFER,,1,A202303,C2025Q3T03,VIC1-NSW1,VIC1,1,27400.76
D,RESIDUE_PRICE_OFFER,,1,A202303,C2025Q3T03,VIC1-NSW1,VIC1,1,27600.76
D,RESIDUE_PRICE_OFFER,,1,A202303,C2025Q3T03,VIC1-NSW1,VIC1,1,27800.76
D,RESIDUE_PRICE_OFFER,,1,A202303,C2025Q3T03,VIC1-NSW1,VIC1,1,28000.76
D,RESIDUE_PRICE_OFFER,,1,A202303,C2025Q3T03,VIC1-NSW1,VIC1,1,28200.76
D,RESIDUE_PRICE_OFFER,,1,A202303,C2025Q3T03,VIC1-NSW1,VIC1,1,28400.76
D,RESIDUE_PRICE_OFFER,,1,A202303,C2025Q3T03,VIC1-NSW1,VIC1,1,28600.76
D,RESIDUE_PRICE_OFFER,,1,A202303,C2025Q3T03,VIC1-NSW1,VIC1,1,28800.76
D,RESIDUE_PRICE_OFFER,,1,A202303,C2025Q3T03,VIC1-NSW1,VIC1,1,29000.76
D,RESIDUE_PRICE_OFFER,,1,A202303,C2025Q3T03,VIC1-NSW1,VIC1,1,29200.76
D,RESIDUE_PRICE_OFFER,,1,A202303,C2025Q3T03,VIC1-NSW1,VIC1,1,29400.76
D,RESIDUE_PRICE_OFFER,,1,A202303,C2025Q3T03,VIC1-NSW1,VIC1,1,29600.76
D,RESIDUE_PRICE_OFFER,,1,A202303,C2025Q3T03,VIC1-NSW1,VIC1,1,29800.76
D,RESIDUE_PRICE_OFFER,,1,A202303,C2025Q3T03,VIC1-NSW1,VIC1,1,30000.76
D,RESIDUE_PRICE_OFFER,,1,A202303,C2025Q3T03,VIC1-NSW1,VIC1,1,30200.76
D,RESIDUE_PRICE_OFFER,,1,A202303,C2025Q3T03,VIC1-NSW1,VIC1,1,30400.76
D,RESIDUE_PRICE_OFFER,,1,A202303,C2025Q3T03,VIC1-NSW1,VIC1,1,30600.76
D,RESIDUE_PRICE_OFFER,,1,A202303,C2025Q3T03,VIC1-NSW1,VIC1,1,30800.76
D,RESIDUE_PRICE_OFFER,,1,A202303,C2025Q3T03,VIC1-NSW1,VIC1,1,31000.76
D,RESIDUE_PRICE_OFFER,,1,A202303,C2025Q3T03,VIC1-NSW1,VIC1,1,31200.76
D,RESIDUE_PRICE_OFFER,,1,A202303,C2025Q3T03,VIC1-NSW1,VIC1,1,31400.76
D,RESIDUE_PRICE_OFFER,,1,A202303,C2025Q3T03,VIC1-NSW1,VIC1,1,31600.76
D,RESIDUE_PRICE_OFFER,,1,A202303,C2025Q3T03,VIC1-NSW1,VIC1,1,31800.76
D,RESIDUE_PRICE_OFFER,,1,A202303,C2025Q3T03,VIC1-NSW1,VIC1,1,32000.76
D,RESIDUE_PRICE_OFFER,,1,A202303,C2025Q3T03,VIC1-NSW1,VIC1,2,35500.76
D,RESIDUE_PRICE_OFFER,,1,A202303,C2025Q3T03,VIC1-NSW1,VIC1,2,36000.76
D,RESIDUE_PRICE_OFFER,,1,A202303,C2025Q3T03,VIC1-NSW1,VIC1,2,36500.76
D,RESIDUE_PRICE_OFFER,,1,A202303,C2025Q3T03,VIC1-NSW1,VIC1,2,37000.76
D,RESIDUE_PRICE_OFFER,,1,A202303,C2025Q3T03,VIC1-NSW1,VIC1,2,37500.76
D,RESIDUE_PRICE_OFFER,,1,A202303,C2025Q3T03,VIC1-NSW1,VIC1,2,38000.76
D,RESIDUE_PRICE_OFFER,,1,A202303,C2025Q3T03,VIC1-NSW1,VIC1,2,38500.76
D,RESIDUE_PRICE_OFFER,,1,A202303,C2025Q3T03,VIC1-NSW1,VIC1,2,39000.76
D,RESIDUE_PRICE_OFFER,,1,A202303,C2025Q3T03,VIC1-NSW1,VIC1,2,39500.76
D,RESIDUE_PRICE_OFFER,,1,A202303,C2025Q3T03,VIC1-NSW1,VIC1,2,40000.76
D,RESIDUE_PRICE_OFFER,,1,A202303,C2025Q3T03,VIC1-NSW1,VIC1,2,40500.76
D,RESIDUE_PRICE_OFFER,,1,A202303,C2025Q3T03,VIC1-NSW1,VIC1,2,41000.76
D,RESIDUE_PRICE_OFFER,,1,A202303,C2025Q3T03,VIC1-NSW1,VIC1,2,41500.76
D,RESIDUE_PRICE_OFFER,,1,A202303,C2025Q3T03,VIC1-NSW1,VIC1,2,42000.76
D,RESIDUE_PRICE_OFFER,,1,A202303,C2025Q3T03,VIC1-NSW1,VIC1,2,42500.76
D,RESIDUE_PRICE_OFFER,,1,A202303,C2025Q3T03,VIC1-NSW1,VIC1,2,43000.76
D,RESIDUE_PRICE_OFFER,,1,A202303,C2025Q3T03,VIC1-NSW1,VIC1,2,43500.76
D,RESIDUE_PRICE_OFFER,,1,A202303,C2025Q3T03,VIC1-NSW1,VIC1,2,44000.76
D,RESIDUE_PRICE_OFFER,,1,A202303,C2025Q3T03,VIC1-NSW1,VIC1,2,44500.76
D,RESIDUE_PRICE_OFFER,,1,A202303,C2025Q3T03,VIC1-NSW1,VIC1,2,45000.76
D,RESIDUE_PRICE_OFFER,,1,A202303,C2025Q3T03,VIC1-NSW1,VIC1,125,0
D,RESIDUE_PRICE_OFFER,,1,A202303,C2025Q4T02,NSW1-QLD1,NSW1,45,0
D,RESIDUE_PRICE_OFFER,,1,A202303,C2025Q4T02,NSW1-QLD1,QLD1,7,15750.55
D,RESIDUE_PRICE_OFFER,,1,A202303,C2025Q4T02,NSW1-QLD1,QLD1,7,16500.55
D,RESIDUE_PRICE_OFFER,,1,A202303,C2025Q4T02,NSW1-QLD1,QLD1,100,0
D,RESIDUE_PRICE_OFFER,,1,A202303,C2025Q4T02,V-SA,SA1,1,8050.86
D,RESIDUE_PRICE_OFFER,,1,A202303,C2025Q4T02,V-SA,SA1,1,8100.86
D,RESIDUE_PRICE_OFFER,,1,A202303,C2025Q4T02,V-SA,SA1,1,8150.86
D,RESIDUE_PRICE_OFFER,,1,A202303,C2025Q4T02,V-SA,SA1,1,8200.86
D,RESIDUE_PRICE_OFFER,,1,A202303,C2025Q4T02,V-SA,SA1,1,8250.86
D,RESIDUE_PRICE_OFFER,,1,A202303,C2025Q4T02,V-SA,SA1,1,8300.86
D,RESIDUE_PRICE_OFFER,,1,A202303,C2025Q4T02,V-SA,SA1,1,8350.86
D,RESIDUE_PRICE_OFFER,,1,A202303,C2025Q4T02,V-SA,SA1,1,8400.86
D,RESIDUE_PRICE_OFFER,,1,A202303,C2025Q4T02,V-SA,SA1,1,8450.86
D,RESIDUE_PRICE_OFFER,,1,A202303,C2025Q4T02,V-SA,SA1,1,8500.86
D,RESIDUE_PRICE_OFFER,,1,A202303,C2025Q4T02,V-SA,SA1,1,10333.86
D,RESIDUE_PRICE_OFFER,,1,A202303,C2025Q4T02,V-SA,SA1,1,10666.86
D,RESIDUE_PRICE_OFFER,,1,A202303,C2025Q4T02,V-SA,SA1,1,10999.86
D,RESIDUE_PRICE_OFFER,,1,A202303,C2025Q4T02,V-SA,SA1,64,0
D,RESIDUE_PRICE_OFFER,,1,A202303,C2025Q4T02,V-SA,VIC1,16,40000
D,RESIDUE_PRICE_OFFER,,1,A202303,C2025Q4T02,V-SA,VIC1,73,0
D,RESIDUE_PRICE_OFFER,,1,A202303,C2025Q4T02,VIC1-NSW1,NSW1,108,0
D,RESIDUE_PRICE_OFFER,,1,A202303,C2025Q4T02,VIC1-NSW1,VIC1,1,24240.76
D,RESIDUE_PRICE_OFFER,,1,A202303,C2025Q4T02,VIC1-NSW1,VIC1,1,24480.76
D,RESIDUE_PRICE_OFFER,,1,A202303,C2025Q4T02,VIC1-NSW1,VIC1,1,24720.76
D,RESIDUE_PRICE_OFFER,,1,A202303,C2025Q4T02,VIC1-NSW1,VIC1,1,24960.76
D,RESIDUE_PRICE_OFFER,,1,A202303,C2025Q4T02,VIC1-NSW1,VIC1,1,25200.76
D,RESIDUE_PRICE_OFFER,,1,A202303,C2025Q4T02,VIC1-NSW1,VIC1,1,25440.76
D,RESIDUE_PRICE_OFFER,,1,A202303,C2025Q4T02,VIC1-NSW1,VIC1,1,25680.76
D,RESIDUE_PRICE_OFFER,,1,A202303,C2025Q4T02,VIC1-NSW1,VIC1,1,25920.76
D,RESIDUE_PRICE_OFFER,,1,A202303,C2025Q4T02,VIC1-NSW1,VIC1,1,26160.76
D,RESIDUE_PRICE_OFFER,,1,A202303,C2025Q4T02,VIC1-NSW1,VIC1,1,26400.76
D,RESIDUE_PRICE_OFFER,,1,A202303,C2025Q4T02,VIC1-NSW1,VIC1,1,26640.76
D,RESIDUE_PRICE_OFFER,,1,A202303,C2025Q4T02,VIC1-NSW1,VIC1,1,26880.76
D,RESIDUE_PRICE_OFFER,,1,A202303,C2025Q4T02,VIC1-NSW1,VIC1,1,27120.76
D,RESIDUE_PRICE_OFFER,,1,A202303,C2025Q4T02,VIC1-NSW1,VIC1,1,27360.76
D,RESIDUE_PRICE_OFFER,,1,A202303,C2025Q4T02,VIC1-NSW1,VIC1,1,27600.76
D,RESIDUE_PRICE_OFFER,,1,A202303,C2025Q4T02,VIC1-NSW1,VIC1,1,27840.76
D,RESIDUE_PRICE_OFFER,,1,A202303,C2025Q4T02,VIC1-NSW1,VIC1,1,28080.76
D,RESIDUE_PRICE_OFFER,,1,A202303,C2025Q4T02,VIC1-NSW1,VIC1,1,28320.76
D,RESIDUE_PRICE_OFFER,,1,A202303,C2025Q4T02,VIC1-NSW1,VIC1,1,28560.76
D,RESIDUE_PRICE_OFFER,,1,A202303,C2025Q4T02,VIC1-NSW1,VIC1,1,28800.76
D,RESIDUE_PRICE_OFFER,,1,A202303,C2025Q4T02,VIC1-NSW1,VIC1,1,29040.76
D,RESIDUE_PRICE_OFFER,,1,A202303,C2025Q4T02,VIC1-NSW1,VIC1,1,29280.76
D,RESIDUE_PRICE_OFFER,,1,A202303,C2025Q4T02,VIC1-NSW1,VIC1,1,29520.76
D,RESIDUE_PRICE_OFFER,,1,A202303,C2025Q4T02,VIC1-NSW1,VIC1,1,29760.76
D,RESIDUE_PRICE_OFFER,,1,A202303,C2025Q4T02,VIC1-NSW1,VIC1,1,30000.76
D,RESIDUE_PRICE_OFFER,,1,A202303,C2025Q4T02,VIC1-NSW1,VIC1,1,36000.76
D,RESIDUE_PRICE_OFFER,,1,A202303,C2025Q4T02,VIC1-NSW1,VIC1,1,37000.76
D,RESIDUE_PRICE_OFFER,,1,A202303,C2025Q4T02,VIC1-NSW1,VIC1,1,38000.76
D,RESIDUE_PRICE_OFFER,,1,A202303,C2025Q4T02,VIC1-NSW1,VIC1,1,39000.76
D,RESIDUE_PRICE_OFFER,,1,A202303,C2025Q4T02,VIC1-NSW1,VIC1,1,40000.76
D,RESIDUE_PRICE_OFFER,,1,A202303,C2025Q4T02,VIC1-NSW1,VIC1,1,41000.76
D,RESIDUE_PRICE_OFFER,,1,A202303,C2025Q4T02,VIC1-NSW1,VIC1,1,42000.76
D,RESIDUE_PRICE_OFFER,,1,A202303,C2025Q4T02,VIC1-NSW1,VIC1,1,43000.76
D,RESIDUE_PRICE_OFFER,,1,A202303,C2025Q4T02,VIC1-NSW1,VIC1,1,44000.76
D,RESIDUE_PRICE_OFFER,,1,A202303,C2025Q4T02,VIC1-NSW1,VIC1,1,45000.76
D,RESIDUE_PRICE_OFFER,,1,A202303,C2025Q4T02,VIC1-NSW1,VIC1,125,0
D,RESIDUE_PRICE_OFFER,,1,A202303,C2026Q1T01,NSW1-QLD1,NSW1,45,0
D,RESIDUE_PRICE_OFFER,,1,A202303,C2026Q1T01,NSW1-QLD1,QLD1,100,0
D,RESIDUE_PRICE_OFFER,,1,A202303,C2026Q1T01,V-SA,SA1,64,0
D,RESIDUE_PRICE_OFFER,,1,A202303,C2026Q1T01,V-SA,VIC1,73,0
D,RESIDUE_PRICE_OFFER,,1,A202303,C2026Q1T01,VIC1-NSW1,NSW1,108,0
D,RESIDUE_PRICE_OFFER,,1,A202303,C2026Q1T01,VIC1-NSW1,VIC1,125,0
C,"END OF REPORT",1771
