C,NEMP.WORLD,SROFFER,AEMO,PUBLIC,2023/09/15,14:19:54,0000000397248979,,0000000397248979
I,RESIDUE_PRICE_OFFER,,1,:AUCTIONID,TRANCHEID,INTERCONNECTORID,FROMREGIONID,OFFERUNITS,OFFERPRICE
D,RESIDUE_PRICE_OFFER,,1,A202309,C2023Q4T12,NSW1-QLD1,NSW1,3,13000
D,RESIDUE_PRICE_OFFER,,1,A202309,C2023Q4T12,NSW1-QLD1,NSW1,3,22029.10
D,RESIDUE_PRICE_OFFER,,1,A202309,C2023Q4T12,NSW1-QLD1,NSW1,3,24232.01
D,RESIDUE_PRICE_OFFER,,1,A202309,C2023Q4T12,NSW1-QLD1,NSW1,3,26655.2110
D,RESIDUE_PRICE_OFFER,,1,A202309,C2023Q4T12,NSW1-QLD1,NSW1,3,29320.7321
D,RESIDUE_PRICE_OFFER,,1,A202309,C2023Q4T12,NSW1-QLD1,NSW1,3,32252.805310
D,RESIDUE_PRICE_OFFER,,1,A202309,C2023Q4T12,NSW1-QLD1,NSW1,3,35478.085840
D,RESIDUE_PRICE_OFFER,,1,A202309,C2023Q4T12,NSW1-QLD1,NSW1,55,0
D,RESIDUE_PRICE_OFFER,,1,A202309,C2023Q4T12,NSW1-QLD1,QLD1,1,16025.69
D,RESIDUE_PRICE_OFFER,,1,A202309,C2023Q4T12,NSW1-QLD1,QLD1,1,16050.69
D,RESIDUE_PRICE_OFFER,,1,A202309,C2023Q4T12,NSW1-QLD1,QLD1,1,16075.69
D,RESIDUE_PRICE_OFFER,,1,A202309,C2023Q4T12,NSW1-QLD1,QLD1,1,16100.69
D,RESIDUE_PRICE_OFFER,,1,A202309,C2023Q4T12,NSW1-QLD1,QLD1,1,16125.69
D,RESIDUE_PRICE_OFFER,,1,A202309,C2023Q4T12,NSW1-QLD1,QLD1,1,16150.69
D,RESIDUE_PRICE_OFFER,,1,A202309,C2023Q4T12,NSW1-QLD1,QLD1,1,16175.69
D,RESIDUE_PRICE_OFFER,,1,A202309,C2023Q4T12,NSW1-QLD1,QLD1,1,16200.69
D,RESIDUE_PRICE_OFFER,,1,A202309,C2023Q4T12,NSW1-QLD1,QLD1,1,16225.69
D,RESIDUE_PRICE_OFFER,,1,A202309,C2023Q4T12,NSW1-QLD1,QLD1,1,16250.69
D,RESIDUE_PRICE_OFFER,,1,A202309,C2023Q4T12,NSW1-QLD1,QLD1,1,17100.689990
D,RESIDUE_PRICE_OFFER,,1,A202309,C2023Q4T12,NSW1-QLD1,QLD1,1,17200.689990
D,RESIDUE_PRICE_OFFER,,1,A202309,C2023Q4T12,NSW1-QLD1,QLD1,1,17300.689990
D,RESIDUE_PRICE_OFFER,,1,A202309,C2023Q4T12,NSW1-QLD1,QLD1,1,17400.689990
D,RESIDUE_PRICE_OFFER,,1,A202309,C2023Q4T12,NSW1-QLD1,QLD1,1,17500.689990
D,RESIDUE_PRICE_OFFER,,1,A202309,C2023Q4T12,NSW1-QLD1,QLD1,1,17600.689990
D,RESIDUE_PRICE_OFFER,,1,A202309,C2023Q4T12,NSW1-QLD1,QLD1,1,17700.689990
D,RESIDUE_PRICE_OFFER,,1,A202309,C2023Q4T12,NSW1-QLD1,QLD1,1,17800.689990
D,RESIDUE_PRICE_OFFER,,1,A202309,C2023Q4T12,NSW1-QLD1,QLD1,1,17900.689990
D,RESIDUE_PRICE_OFFER,,1,A202309,C2023Q4T12,NSW1-QLD1,QLD1,1,18000.689990
D,RESIDUE_PRICE_OFFER,,1,A202309,C2023Q4T12,NSW1-QLD1,QLD1,2,14755.406620
D,RESIDUE_PRICE_OFFER,,1,A202309,C2023Q4T12,NSW1-QLD1,QLD1,2,17854.042010
D,RESIDUE_PRICE_OFFER,,1,A202309,C2023Q4T12,NSW1-QLD1,QLD1,3,21603.390830
D,RESIDUE_PRICE_OFFER,,1,A202309,C2023Q4T12,NSW1-QLD1,QLD1,3,24627.865540
D,RESIDUE_PRICE_OFFER,,1,A202309,C2023Q4T12,NSW1-QLD1,QLD1,4,28075.766720
D,RESIDUE_PRICE_OFFER,,1,A202309,C2023Q4T12,NSW1-QLD1,QLD1,4,30041.070390
D,RESIDUE_PRICE_OFFER,,1,A202309,C2023Q4T12,NSW1-QLD1,QLD1,15,15500
D,RESIDUE_PRICE_OFFER,,1,A202309,C2023Q4T12,NSW1-QLD1,QLD1,20,35000
D,RESIDUE_PRICE_OFFER,,1,A202309,C2023Q4T12,NSW1-QLD1,QLD1,25,23000
D,RESIDUE_PRICE_OFFER,,1,A202309,C2023Q4T12,NSW1-QLD1,QLD1,40,27000
D,RESIDUE_PRICE_OFFER,,1,A202309,C2023Q4T12,NSW1-QLD1,QLD1,100,0
D,RESIDUE_PRICE_OFFER,,1,A202309,C2023Q4T12,V-SA,SA1,1,6100.01
D,RESIDUE_PRICE_OFFER,,1,A202309,C2023Q4T12,V-SA,SA1,1,6200.01
D,RESIDUE_PRICE_OFFER,,1,A202309,C2023Q4T12,V-SA,SA1,1,6300.01
D,RESIDUE_PRICE_OFFER,,1,A202309,C2023Q4T12,V-SA,SA1,1,6400.01
D,RESIDUE_PRICE_OFFER,,1,A202309,C2023Q4T12,V-SA,SA1,1,6500.01
D,RESIDUE_PRICE_OFFER,,1,A202309,C2023Q4T12,V-SA,SA1,1,6600.01
D,RESIDUE_PRICE_OFFER,,1,A202309,C2023Q4T12,V-SA,SA1,1,6700.01
D,RESIDUE_PRICE_OFFER,,1,A202309,C2023Q4T12,V-SA,SA1,1,6800.01
D,RESIDUE_PRICE_OFFER,,1,A202309,C2023Q4T12,V-SA,SA1,1,6900.01
D,RESIDUE_PRICE_OFFER,,1,A202309,C2023Q4T12,V-SA,SA1,1,7000.01
D,RESIDUE_PRICE_OFFER,,1,A202309,C2023Q4T12,V-SA,SA1,1,7100.01
D,RESIDUE_PRICE_OFFER,,1,A202309,C2023Q4T12,V-SA,SA1,1,7200.01
D,RESIDUE_PRICE_OFFER,,1,A202309,C2023Q4T12,V-SA,SA1,1,7300.01
D,RESIDUE_PRICE_OFFER,,1,A202309,C2023Q4T12,V-SA,SA1,1,7400.01
D,RESIDUE_PRICE_OFFER,,1,A202309,C2023Q4T12,V-SA,SA1,1,7500.01
D,RESIDUE_PRICE_OFFER,,1,A202309,C2023Q4T12,V-SA,SA1,1,7600.01
D,RESIDUE_PRICE_OFFER,,1,A202309,C2023Q4T12,V-SA,SA1,1,7700.01
D,RESIDUE_PRICE_OFFER,,1,A202309,C2023Q4T12,V-SA,SA1,1,7800.01
D,RESIDUE_PRICE_OFFER,,1,A202309,C2023Q4T12,V-SA,SA1,1,7900.01
D,RESIDUE_PRICE_OFFER,,1,A202309,C2023Q4T12,V-SA,SA1,1,8000
D,RESIDUE_PRICE_OFFER,,1,A202309,C2023Q4T12,V-SA,SA1,1,8000.01
D,RESIDUE_PRICE_OFFER,,1,A202309,C2023Q4T12,V-SA,SA1,2,5734.1535
D,RESIDUE_PRICE_OFFER,,1,A202309,C2023Q4T12,V-SA,SA1,2,6536.934990
D,RESIDUE_PRICE_OFFER,,1,A202309,C2023Q4T12,V-SA,SA1,2,7452.105880
D,RESIDUE_PRICE_OFFER,,1,A202309,C2023Q4T12,V-SA,SA1,2,8495.400710
D,RESIDUE_PRICE_OFFER,,1,A202309,C2023Q4T12,V-SA,SA1,2,9142.86
D,RESIDUE_PRICE_OFFER,,1,A202309,C2023Q4T12,V-SA,SA1,2,9684.756810
D,RESIDUE_PRICE_OFFER,,1,A202309,C2023Q4T12,V-SA,SA1,2,10285.709990
D,RESIDUE_PRICE_OFFER,,1,A202309,C2023Q4T12,V-SA,SA1,2,11040.622770
D,RESIDUE_PRICE_OFFER,,1,A202309,C2023Q4T12,V-SA,SA1,2,11428.57
D,RESIDUE_PRICE_OFFER,,1,A202309,C2023Q4T12,V-SA,SA1,2,12571.43
D,RESIDUE_PRICE_OFFER,,1,A202309,C2023Q4T12,V-SA,SA1,2,13714.29
D,RESIDUE_PRICE_OFFER,,1,A202309,C2023Q4T12,V-SA,SA1,2,14857.14
D,RESIDUE_PRICE_OFFER,,1,A202309,C2023Q4T12,V-SA,SA1,2,16000
D,RESIDUE_PRICE_OFFER,,1,A202309,C2023Q4T12,V-SA,SA1,8,6500
D,RESIDUE_PRICE_OFFER,,1,A202309,C2023Q4T12,V-SA,SA1,8,10500.01
D,RESIDUE_PRICE_OFFER,,1,A202309,C2023Q4T12,V-SA,SA1,8,11000.01
D,RESIDUE_PRICE_OFFER,,1,A202309,C2023Q4T12,V-SA,SA1,8,11500.01
D,RESIDUE_PRICE_OFFER,,1,A202309,C2023Q4T12,V-SA,SA1,8,12000.01
D,RESIDUE_PRICE_OFFER,,1,A202309,C2023Q4T12,V-SA,SA1,8,12500.01
D,RESIDUE_PRICE_OFFER,,1,A202309,C2023Q4T12,V-SA,SA1,8,13000.01
D,RESIDUE_PRICE_OFFER,,1,A202309,C2023Q4T12,V-SA,SA1,8,13500.01
D,RESIDUE_PRICE_OFFER,,1,A202309,C2023Q4T12,V-SA,SA1,8,14000.01
D,RESIDUE_PRICE_OFFER,,1,A202309,C2023Q4T12,V-SA,SA1,8,14500.01
D,RESIDUE_PRICE_OFFER,,1,A202309,C2023Q4T12,V-SA,SA1,8,15000.01
D,RESIDUE_PRICE_OFFER,,1,A202309,C2023Q4T12,V-SA,SA1,66,0
D,RESIDUE_PRICE_OFFER,,1,A202309,C2023Q4T12,V-SA,VIC1,1,18100.47
D,RESIDUE_PRICE_OFFER,,1,A202309,C2023Q4T12,V-SA,VIC1,1,18200.47
D,RESIDUE_PRICE_OFFER,,1,A202309,C2023Q4T12,V-SA,VIC1,1,18300.47
D,RESIDUE_PRICE_OFFER,,1,A202309,C2023Q4T12,V-SA,VIC1,1,18400.47
D,RESIDUE_PRICE_OFFER,,1,A202309,C2023Q4T12,V-SA,VIC1,1,18500.47
D,RESIDUE_PRICE_OFFER,,1,A202309,C2023Q4T12,V-SA,VIC1,1,18600.47
D,RESIDUE_PRICE_OFFER,,1,A202309,C2023Q4T12,V-SA,VIC1,1,18700.47
D,RESIDUE_PRICE_OFFER,,1,A202309,C2023Q4T12,V-SA,VIC1,1,18800.47
D,RESIDUE_PRICE_OFFER,,1,A202309,C2023Q4T12,V-SA,VIC1,1,18900.47
D,RESIDUE_PRICE_OFFER,,1,A202309,C2023Q4T12,V-SA,VIC1,1,19000.47
D,RESIDUE_PRICE_OFFER,,1,A202309,C2023Q4T12,V-SA,VIC1,1,19100.47
D,RESIDUE_PRICE_OFFER,,1,A202309,C2023Q4T12,V-SA,VIC1,1,19200.47
D,RESIDUE_PRICE_OFFER,,1,A202309,C2023Q4T12,V-SA,VIC1,1,19300.47
D,RESIDUE_PRICE_OFFER,,1,A202309,C2023Q4T12,V-SA,VIC1,1,19400.47
D,RESIDUE_PRICE_OFFER,,1,A202309,C2023Q4T12,V-SA,VIC1,1,19500.47
D,RESIDUE_PRICE_OFFER,,1,A202309,C2023Q4T12,V-SA,VIC1,1,19600.47
D,RESIDUE_PRICE_OFFER,,1,A202309,C2023Q4T12,V-SA,VIC1,1,19700.47
D,RESIDUE_PRICE_OFFER,,1,A202309,C2023Q4T12,V-SA,VIC1,1,19800.47
D,RESIDUE_PRICE_OFFER,,1,A202309,C2023Q4T12,V-SA,VIC1,1,19900.47
D,RESIDUE_PRICE_OFFER,,1,A202309,C2023Q4T12,V-SA,VIC1,1,20000.47
D,RESIDUE_PRICE_OFFER,,1,A202309,C2023Q4T12,V-SA,VIC1,2,21672.8720
D,RESIDUE_PRICE_OFFER,,1,A202309,C2023Q4T12,V-SA,VIC1,2,22600.47
D,RESIDUE_PRICE_OFFER,,1,A202309,C2023Q4T12,V-SA,VIC1,2,23200.47
D,RESIDUE_PRICE_OFFER,,1,A202309,C2023Q4T12,V-SA,VIC1,2,23623.430480
D,RESIDUE_PRICE_OFFER,,1,A202309,C2023Q4T12,V-SA,VIC1,2,23800.47
D,RESIDUE_PRICE_OFFER,,1,A202309,C2023Q4T12,V-SA,VIC1,2,24400.47
D,RESIDUE_PRICE_OFFER,,1,A202309,C2023Q4T12,V-SA,VIC1,2,25000.47
D,RESIDUE_PRICE_OFFER,,1,A202309,C2023Q4T12,V-SA,VIC1,2,25600.47
D,RESIDUE_PRICE_OFFER,,1,A202309,C2023Q4T12,V-SA,VIC1,2,25749.539220
D,RESIDUE_PRICE_OFFER,,1,A202309,C2023Q4T12,V-SA,VIC1,2,26200.47
D,RESIDUE_PRICE_OFFER,,1,A202309,C2023Q4T12,V-SA,VIC1,2,26800.47
D,RESIDUE_PRICE_OFFER,,1,A202309,C2023Q4T12,V-SA,VIC1,2,27400.47
D,RESIDUE_PRICE_OFFER,,1,A202309,C2023Q4T12,V-SA,VIC1,2,28000.47
D,RESIDUE_PRICE_OFFER,,1,A202309,C2023Q4T12,V-SA,VIC1,2,28066.997750
D,RESIDUE_PRICE_OFFER,,1,A202309,C2023Q4T12,V-SA,VIC1,2,30593.027550
D,RESIDUE_PRICE_OFFER,,1,A202309,C2023Q4T12,V-SA,VIC1,2,33346.400020
D,RESIDUE_PRICE_OFFER,,1,A202309,C2023Q4T12,V-SA,VIC1,5,33120
D,RESIDUE_PRICE_OFFER,,1,A202309,C2023Q4T12,V-SA,VIC1,15,38000
D,RESIDUE_PRICE_OFFER,,1,A202309,C2023Q4T12,V-SA,VIC1,77,0
D,RESIDUE_PRICE_OFFER,,1,A202309,C2023Q4T12,VIC1-NSW1,NSW1,2,1254.089990
D,RESIDUE_PRICE_OFFER,,1,A202309,C2023Q4T12,VIC1-NSW1,NSW1,2,1258.089990
D,RESIDUE_PRICE_OFFER,,1,A202309,C2023Q4T12,VIC1-NSW1,NSW1,2,1262.089990
D,RESIDUE_PRICE_OFFER,,1,A202309,C2023Q4T12,VIC1-NSW1,NSW1,2,1266.089990
D,RESIDUE_PRICE_OFFER,,1,A202309,C2023Q4T12,VIC1-NSW1,NSW1,2,1270.089990
D,RESIDUE_PRICE_OFFER,,1,A202309,C2023Q4T12,VIC1-NSW1,NSW1,2,1274.089990
D,RESIDUE_PRICE_OFFER,,1,A202309,C2023Q4T12,VIC1-NSW1,NSW1,2,1278.089990
D,RESIDUE_PRICE_OFFER,,1,A202309,C2023Q4T12,VIC1-NSW1,NSW1,2,1282.089990
D,RESIDUE_PRICE_OFFER,,1,A202309,C2023Q4T12,VIC1-NSW1,NSW1,2,1286.089990
D,RESIDUE_PRICE_OFFER,,1,A202309,C2023Q4T12,VIC1-NSW1,NSW1,2,1290.089990
D,RESIDUE_PRICE_OFFER,,1,A202309,C2023Q4T12,VIC1-NSW1,NSW1,2,1294.089990
D,RESIDUE_PRICE_OFFER,,1,A202309,C2023Q4T12,VIC1-NSW1,NSW1,2,1298.089990
D,RESIDUE_PRICE_OFFER,,1,A202309,C2023Q4T12,VIC1-NSW1,NSW1,2,2534.761410
D,RESIDUE_PRICE_OFFER,,1,A202309,C2023Q4T12,VIC1-NSW1,NSW1,2,3041.7137
D,RESIDUE_PRICE_OFFER,,1,A202309,C2023Q4T12,VIC1-NSW1,NSW1,2,3650.056440
D,RESIDUE_PRICE_OFFER,,1,A202309,C2023Q4T12,VIC1-NSW1,NSW1,2,4380.067720
D,RESIDUE_PRICE_OFFER,,1,A202309,C2023Q4T12,VIC1-NSW1,NSW1,2,5256.081270
D,RESIDUE_PRICE_OFFER,,1,A202309,C2023Q4T12,VIC1-NSW1,NSW1,2,6307.297530
D,RESIDUE_PRICE_OFFER,,1,A202309,C2023Q4T12,VIC1-NSW1,NSW1,5,4000
D,RESIDUE_PRICE_OFFER,,1,A202309,C2023Q4T12,VIC1-NSW1,NSW1,5,6000
D,RESIDUE_PRICE_OFFER,,1,A202309,C2023Q4T12,VIC1-NSW1,NSW1,112,0
D,RESIDUE_PRICE_OFFER,,1,A202309,C2023Q4T12,VIC1-NSW1,VIC1,1,25500
D,RESIDUE_PRICE_OFFER,,1,A202309,C2023Q4T12,VIC1-NSW1,VIC1,1,26000
D,RESIDUE_PRICE_OFFER,,1,A202309,C2023Q4T12,VIC1-NSW1,VIC1,1,26500
D,RESIDUE_PRICE_OFFER,,1,A202309,C2023Q4T12,VIC1-NSW1,VIC1,1,27000
D,RESIDUE_PRICE_OFFER,,1,A202309,C2023Q4T12,VIC1-NSW1,VIC1,1,27100.76
D,RESIDUE_PRICE_OFFER,,1,A202309,C2023Q4T12,VIC1-NSW1,VIC1,1,27200.76
D,RESIDUE_PRICE_OFFER,,1,A202309,C2023Q4T12,VIC1-NSW1,VIC1,1,27300.76
D,RESIDUE_PRICE_OFFER,,1,A202309,C2023Q4T12,VIC1-NSW1,VIC1,1,27400.76
D,RESIDUE_PRICE_OFFER,,1,A202309,C2023Q4T12,VIC1-NSW1,VIC1,1,27500
D,RESIDUE_PRICE_OFFER,,1,A202309,C2023Q4T12,VIC1-NSW1,VIC1,1,27500.76
D,RESIDUE_PRICE_OFFER,,1,A202309,C2023Q4T12,VIC1-NSW1,VIC1,1,27600.76
D,RESIDUE_PRICE_OFFER,,1,A202309,C2023Q4T12,VIC1-NSW1,VIC1,1,27700.76
D,RESIDUE_PRICE_OFFER,,1,A202309,C2023Q4T12,VIC1-NSW1,VIC1,1,27800.76
D,RESIDUE_PRICE_OFFER,,1,A202309,C2023Q4T12,VIC1-NSW1,VIC1,1,27900.76
D,RESIDUE_PRICE_OFFER,,1,A202309,C2023Q4T12,VIC1-NSW1,VIC1,1,28000.76
D,RESIDUE_PRICE_OFFER,,1,A202309,C2023Q4T12,VIC1-NSW1,VIC1,1,28100.76
D,RESIDUE_PRICE_OFFER,,1,A202309,C2023Q4T12,VIC1-NSW1,VIC1,1,28200.76
D,RESIDUE_PRICE_OFFER,,1,A202309,C2023Q4T12,VIC1-NSW1,VIC1,1,28300.76
D,RESIDUE_PRICE_OFFER,,1,A202309,C2023Q4T12,VIC1-NSW1,VIC1,1,28400.76
D,RESIDUE_PRICE_OFFER,,1,A202309,C2023Q4T12,VIC1-NSW1,VIC1,1,28500.76
D,RESIDUE_PRICE_OFFER,,1,A202309,C2023Q4T12,VIC1-NSW1,VIC1,1,28600.76
D,RESIDUE_PRICE_OFFER,,1,A202309,C2023Q4T12,VIC1-NSW1,VIC1,1,28700.76
D,RESIDUE_PRICE_OFFER,,1,A202309,C2023Q4T12,VIC1-NSW1,VIC1,1,28800.76
D,RESIDUE_PRICE_OFFER,,1,A202309,C2023Q4T12,VIC1-NSW1,VIC1,1,28900.76
D,RESIDUE_PRICE_OFFER,,1,A202309,C2023Q4T12,VIC1-NSW1,VIC1,1,29000.76
D,RESIDUE_PRICE_OFFER,,1,A202309,C2023Q4T12,VIC1-NSW1,VIC1,1,29100.76
D,RESIDUE_PRICE_OFFER,,1,A202309,C2023Q4T12,VIC1-NSW1,VIC1,1,29200.76
D,RESIDUE_PRICE_OFFER,,1,A202309,C2023Q4T12,VIC1-NSW1,VIC1,1,29300.76
D,RESIDUE_PRICE_OFFER,,1,A202309,C2023Q4T12,VIC1-NSW1,VIC1,1,29400.76
D,RESIDUE_PRICE_OFFER,,1,A202309,C2023Q4T12,VIC1-NSW1,VIC1,1,29500.76
D,RESIDUE_PRICE_OFFER,,1,A202309,C2023Q4T12,VIC1-NSW1,VIC1,1,29600.76
D,RESIDUE_PRICE_OFFER,,1,A202309,C2023Q4T12,VIC1-NSW1,VIC1,1,29700.76
D,RESIDUE_PRICE_OFFER,,1,A202309,C2023Q4T12,VIC1-NSW1,VIC1,1,29800.76
D,RESIDUE_PRICE_OFFER,,1,A202309,C2023Q4T12,VIC1-NSW1,VIC1,1,29900.76
D,RESIDUE_PRICE_OFFER,,1,A202309,C2023Q4T12,VIC1-NSW1,VIC1,1,30000.76
D,RESIDUE_PRICE_OFFER,,1,A202309,C2023Q4T12,VIC1-NSW1,VIC1,2,18790.5847
D,RESIDUE_PRICE_OFFER,,1,A202309,C2023Q4T12,VIC1-NSW1,VIC1,2,20105.925630
D,RESIDUE_PRICE_OFFER,,1,A202309,C2023Q4T12,VIC1-NSW1,VIC1,2,31475.76
D,RESIDUE_PRICE_OFFER,,1,A202309,C2023Q4T12,VIC1-NSW1,VIC1,2,31950.76
D,RESIDUE_PRICE_OFFER,,1,A202309,C2023Q4T12,VIC1-NSW1,VIC1,2,32425.76
D,RESIDUE_PRICE_OFFER,,1,A202309,C2023Q4T12,VIC1-NSW1,VIC1,2,32900.76
D,RESIDUE_PRICE_OFFER,,1,A202309,C2023Q4T12,VIC1-NSW1,VIC1,2,33375.76
D,RESIDUE_PRICE_OFFER,,1,A202309,C2023Q4T12,VIC1-NSW1,VIC1,2,33850.76
D,RESIDUE_PRICE_OFFER,,1,A202309,C2023Q4T12,VIC1-NSW1,VIC1,2,34325.76
D,RESIDUE_PRICE_OFFER,,1,A202309,C2023Q4T12,VIC1-NSW1,VIC1,2,34800.76
D,RESIDUE_PRICE_OFFER,,1,A202309,C2023Q4T12,VIC1-NSW1,VIC1,2,35275.76
D,RESIDUE_PRICE_OFFER,,1,A202309,C2023Q4T12,VIC1-NSW1,VIC1,2,35750.76
D,RESIDUE_PRICE_OFFER,,1,A202309,C2023Q4T12,VIC1-NSW1,VIC1,2,36225.76
D,RESIDUE_PRICE_OFFER,,1,A202309,C2023Q4T12,VIC1-NSW1,VIC1,2,36700.76
D,RESIDUE_PRICE_OFFER,,1,A202309,C2023Q4T12,VIC1-NSW1,VIC1,2,37175.76
D,RESIDUE_PRICE_OFFER,,1,A202309,C2023Q4T12,VIC1-NSW1,VIC1,2,37650.76
D,RESIDUE_PRICE_OFFER,,1,A202309,C2023Q4T12,VIC1-NSW1,VIC1,2,38125.76
D,RESIDUE_PRICE_OFFER,,1,A202309,C2023Q4T12,VIC1-NSW1,VIC1,2,38600.76
D,RESIDUE_PRICE_OFFER,,1,A202309,C2023Q4T12,VIC1-NSW1,VIC1,2,39075.76
D,RESIDUE_PRICE_OFFER,,1,A202309,C2023Q4T12,VIC1-NSW1,VIC1,2,39550.76
D,RESIDUE_PRICE_OFFER,,1,A202309,C2023Q4T12,VIC1-NSW1,VIC1,2,40025.76
D,RESIDUE_PRICE_OFFER,,1,A202309,C2023Q4T12,VIC1-NSW1,VIC1,2,40500.76
D,RESIDUE_PRICE_OFFER,,1,A202309,C2023Q4T12,VIC1-NSW1,VIC1,2,40975.76
D,RESIDUE_PRICE_OFFER,,1,A202309,C2023Q4T12,VIC1-NSW1,VIC1,2,41450.76
D,RESIDUE_PRICE_OFFER,,1,A202309,C2023Q4T12,VIC1-NSW1,VIC1,2,41925.76
D,RESIDUE_PRICE_OFFER,,1,A202309,C2023Q4T12,VIC1-NSW1,VIC1,2,42400.76
D,RESIDUE_PRICE_OFFER,,1,A202309,C2023Q4T12,VIC1-NSW1,VIC1,2,42875.76
D,RESIDUE_PRICE_OFFER,,1,A202309,C2023Q4T12,VIC1-NSW1,VIC1,2,43350.76
D,RESIDUE_PRICE_OFFER,,1,A202309,C2023Q4T12,VIC1-NSW1,VIC1,2,43825.76
D,RESIDUE_PRICE_OFFER,,1,A202309,C2023Q4T12,VIC1-NSW1,VIC1,2,44300.76
D,RESIDUE_PRICE_OFFER,,1,A202309,C2023Q4T12,VIC1-NSW1,VIC1,2,44775.76
D,RESIDUE_PRICE_OFFER,,1,A202309,C2023Q4T12,VIC1-NSW1,VIC1,2,45250.76
D,RESIDUE_PRICE_OFFER,,1,A202309,C2023Q4T12,VIC1-NSW1,VIC1,2,45725.76
D,RESIDUE_PRICE_OFFER,,1,A202309,C2023Q4T12,VIC1-NSW1,VIC1,2,46200.76
D,RESIDUE_PRICE_OFFER,,1,A202309,C2023Q4T12,VIC1-NSW1,VIC1,2,46675.76
D,RESIDUE_PRICE_OFFER,,1,A202309,C2023Q4T12,VIC1-NSW1,VIC1,2,47150.76
D,RESIDUE_PRICE_OFFER,,1,A202309,C2023Q4T12,VIC1-NSW1,VIC1,2,47625.76
D,RESIDUE_PRICE_OFFER,,1,A202309,C2023Q4T12,VIC1-NSW1,VIC1,2,48100.76
D,RESIDUE_PRICE_OFFER,,1,A202309,C2023Q4T12,VIC1-NSW1,VIC1,2,48575.76
D,RESIDUE_PRICE_OFFER,,1,A202309,C2023Q4T12,VIC1-NSW1,VIC1,2,49050.76
D,RESIDUE_PRICE_OFFER,,1,A202309,C2023Q4T12,VIC1-NSW1,VIC1,2,49525.76
D,RESIDUE_PRICE_OFFER,,1,A202309,C2023Q4T12,VIC1-NSW1,VIC1,2,50000.76
D,RESIDUE_PRICE_OFFER,,1,A202309,C2023Q4T12,VIC1-NSW1,VIC1,4,22116.5182
D,RESIDUE_PRICE_OFFER,,1,A202309,C2023Q4T12,VIC1-NSW1,VIC1,4,24328.170020
D,RESIDUE_PRICE_OFFER,,1,A202309,C2023Q4T12,VIC1-NSW1,VIC1,4,26760.987020
D,RESIDUE_PRICE_OFFER,,1,A202309,C2023Q4T12,VIC1-NSW1,VIC1,4,30775.135070
D,RESIDUE_PRICE_OFFER,,1,A202309,C2023Q4T12,VIC1-NSW1,VIC1,20,35000
D,RESIDUE_PRICE_OFFER,,1,A202309,C2023Q4T12,VIC1-NSW1,VIC1,24,46000
D,RESIDUE_PRICE_OFFER,,1,A202309,C2023Q4T12,VIC1-NSW1,VIC1,25,32000
D,RESIDUE_PRICE_OFFER,,1,A202309,C2023Q4T12,VIC1-NSW1,VIC1,25,38000
D,RESIDUE_PRICE_OFFER,,1,A202309,C2023Q4T12,VIC1-NSW1,VIC1,25,40000
D,RESIDUE_PRICE_OFFER,,1,A202309,C2023Q4T12,VIC1-NSW1,VIC1,125,0
D,RESIDUE_PRICE_OFFER,,1,A202309,C2024Q1T11,NSW1-QLD1,NSW1,1,23033.48
D,RESIDUE_PRICE_OFFER,,1,A202309,C2024Q1T11,NSW1-QLD1,NSW1,1,23066.48
D,RESIDUE_PRICE_OFFER,,1,A202309,C2024Q1T11,NSW1-QLD1,NSW1,1,23099.48
D,RESIDUE_PRICE_OFFER,,1,A202309,C2024Q1T11,NSW1-QLD1,NSW1,1,23132.48
D,RESIDUE_PRICE_OFFER,,1,A202309,C2024Q1T11,NSW1-QLD1,NSW1,1,23165.48
D,RESIDUE_PRICE_OFFER,,1,A202309,C2024Q1T11,NSW1-QLD1,NSW1,1,23198.48
D,RESIDUE_PRICE_OFFER,,1,A202309,C2024Q1T11,NSW1-QLD1,NSW1,1,23231.48
D,RESIDUE_PRICE_OFFER,,1,A202309,C2024Q1T11,NSW1-QLD1,NSW1,1,23264.48
D,RESIDUE_PRICE_OFFER,,1,A202309,C2024Q1T11,NSW1-QLD1,NSW1,1,23297.48
D,RESIDUE_PRICE_OFFER,,1,A202309,C2024Q1T11,NSW1-QLD1,NSW1,1,23330.48
D,RESIDUE_PRICE_OFFER,,1,A202309,C2024Q1T11,NSW1-QLD1,NSW1,1,23363.48
D,RESIDUE_PRICE_OFFER,,1,A202309,C2024Q1T11,NSW1-QLD1,NSW1,1,23396.48
D,RESIDUE_PRICE_OFFER,,1,A202309,C2024Q1T11,NSW1-QLD1,NSW1,1,23429.48
D,RESIDUE_PRICE_OFFER,,1,A202309,C2024Q1T11,NSW1-QLD1,NSW1,1,23462.48
D,RESIDUE_PRICE_OFFER,,1,A202309,C2024Q1T11,NSW1-QLD1,NSW1,1,23495.48
D,RESIDUE_PRICE_OFFER,,1,A202309,C2024Q1T11,NSW1-QLD1,NSW1,2,27500
D,RESIDUE_PRICE_OFFER,,1,A202309,C2024Q1T11,NSW1-QLD1,NSW1,2,35814.0360
D,RESIDUE_PRICE_OFFER,,1,A202309,C2024Q1T11,NSW1-QLD1,NSW1,2,36530.316720
D,RESIDUE_PRICE_OFFER,,1,A202309,C2024Q1T11,NSW1-QLD1,NSW1,2,37260.923040
D,RESIDUE_PRICE_OFFER,,1,A202309,C2024Q1T11,NSW1-QLD1,NSW1,2,38006.141510
D,RESIDUE_PRICE_OFFER,,1,A202309,C2024Q1T11,NSW1-QLD1,NSW1,2,38766.264350
D,RESIDUE_PRICE_OFFER,,1,A202309,C2024Q1T11,NSW1-QLD1,NSW1,2,39541.589630
D,RESIDUE_PRICE_OFFER,,1,A202309,C2024Q1T11,NSW1-QLD1,NSW1,45,0
D,RESIDUE_PRICE_OFFER,,1,A202309,C2024Q1T11,NSW1-QLD1,QLD1,1,20120.689990
D,RESIDUE_PRICE_OFFER,,1,A202309,C2024Q1T11,NSW1-QLD1,QLD1,1,20240.689990
D,RESIDUE_PRICE_OFFER,,1,A202309,C2024Q1T11,NSW1-QLD1,QLD1,1,20360.689990
D,RESIDUE_PRICE_OFFER,,1,A202309,C2024Q1T11,NSW1-QLD1,QLD1,1,20480.689990
D,RESIDUE_PRICE_OFFER,,1,A202309,C2024Q1T11,NSW1-QLD1,QLD1,1,20600.689990
D,RESIDUE_PRICE_OFFER,,1,A202309,C2024Q1T11,NSW1-QLD1,QLD1,1,20720.689990
D,RESIDUE_PRICE_OFFER,,1,A202309,C2024Q1T11,NSW1-QLD1,QLD1,1,20840.689990
D,RESIDUE_PRICE_OFFER,,1,A202309,C2024Q1T11,NSW1-QLD1,QLD1,1,20960.689990
D,RESIDUE_PRICE_OFFER,,1,A202309,C2024Q1T11,NSW1-QLD1,QLD1,1,21080.689990
D,RESIDUE_PRICE_OFFER,,1,A202309,C2024Q1T11,NSW1-QLD1,QLD1,1,21200.689990
D,RESIDUE_PRICE_OFFER,,1,A202309,C2024Q1T11,NSW1-QLD1,QLD1,1,21320.689990
D,RESIDUE_PRICE_OFFER,,1,A202309,C2024Q1T11,NSW1-QLD1,QLD1,1,21440.689990
D,RESIDUE_PRICE_OFFER,,1,A202309,C2024Q1T11,NSW1-QLD1,QLD1,1,21560.69
D,RESIDUE_PRICE_OFFER,,1,A202309,C2024Q1T11,NSW1-QLD1,QLD1,1,21680.69
D,RESIDUE_PRICE_OFFER,,1,A202309,C2024Q1T11,NSW1-QLD1,QLD1,1,21800.69
D,RESIDUE_PRICE_OFFER,,1,A202309,C2024Q1T11,NSW1-QLD1,QLD1,1,21920.69
D,RESIDUE_PRICE_OFFER,,1,A202309,C2024Q1T11,NSW1-QLD1,QLD1,1,22040.69
D,RESIDUE_PRICE_OFFER,,1,A202309,C2024Q1T11,NSW1-QLD1,QLD1,1,22160.69
D,RESIDUE_PRICE_OFFER,,1,A202309,C2024Q1T11,NSW1-QLD1,QLD1,1,22280.69
D,RESIDUE_PRICE_OFFER,,1,A202309,C2024Q1T11,NSW1-QLD1,QLD1,1,22400.69
D,RESIDUE_PRICE_OFFER,,1,A202309,C2024Q1T11,NSW1-QLD1,QLD1,1,22520.69
D,RESIDUE_PRICE_OFFER,,1,A202309,C2024Q1T11,NSW1-QLD1,QLD1,1,22640.69
D,RESIDUE_PRICE_OFFER,,1,A202309,C2024Q1T11,NSW1-QLD1,QLD1,1,22760.69
D,RESIDUE_PRICE_OFFER,,1,A202309,C2024Q1T11,NSW1-QLD1,QLD1,1,22880.69
D,RESIDUE_PRICE_OFFER,,1,A202309,C2024Q1T11,NSW1-QLD1,QLD1,1,23000.69
D,RESIDUE_PRICE_OFFER,,1,A202309,C2024Q1T11,NSW1-QLD1,QLD1,2,22400.69
D,RESIDUE_PRICE_OFFER,,1,A202309,C2024Q1T11,NSW1-QLD1,QLD1,2,22800.69
D,RESIDUE_PRICE_OFFER,,1,A202309,C2024Q1T11,NSW1-QLD1,QLD1,2,23200.69
D,RESIDUE_PRICE_OFFER,,1,A202309,C2024Q1T11,NSW1-QLD1,QLD1,2,23600.69
D,RESIDUE_PRICE_OFFER,,1,A202309,C2024Q1T11,NSW1-QLD1,QLD1,2,24000.69
D,RESIDUE_PRICE_OFFER,,1,A202309,C2024Q1T11,NSW1-QLD1,QLD1,2,24400.69
D,RESIDUE_PRICE_OFFER,,1,A202309,C2024Q1T11,NSW1-QLD1,QLD1,2,24800.69
D,RESIDUE_PRICE_OFFER,,1,A202309,C2024Q1T11,NSW1-QLD1,QLD1,2,25200.69
D,RESIDUE_PRICE_OFFER,,1,A202309,C2024Q1T11,NSW1-QLD1,QLD1,2,25600.69
D,RESIDUE_PRICE_OFFER,,1,A202309,C2024Q1T11,NSW1-QLD1,QLD1,2,26000.69
D,RESIDUE_PRICE_OFFER,,1,A202309,C2024Q1T11,NSW1-QLD1,QLD1,2,27827
D,RESIDUE_PRICE_OFFER,,1,A202309,C2024Q1T11,NSW1-QLD1,QLD1,2,33670.67
D,RESIDUE_PRICE_OFFER,,1,A202309,C2024Q1T11,NSW1-QLD1,QLD1,3,40741.5107
D,RESIDUE_PRICE_OFFER,,1,A202309,C2024Q1T11,NSW1-QLD1,QLD1,3,46445.3222
D,RESIDUE_PRICE_OFFER,,1,A202309,C2024Q1T11,NSW1-QLD1,QLD1,4,52947.667310
D,RESIDUE_PRICE_OFFER,,1,A202309,C2024Q1T11,NSW1-QLD1,QLD1,4,56654.004020
D,RESIDUE_PRICE_OFFER,,1,A202309,C2024Q1T11,NSW1-QLD1,QLD1,10,21000
D,RESIDUE_PRICE_OFFER,,1,A202309,C2024Q1T11,NSW1-QLD1,QLD1,13,20000
D,RESIDUE_PRICE_OFFER,,1,A202309,C2024Q1T11,NSW1-QLD1,QLD1,20,35000
D,RESIDUE_PRICE_OFFER,,1,A202309,C2024Q1T11,NSW1-QLD1,QLD1,100,0
D,RESIDUE_PRICE_OFFER,,1,A202309,C2024Q1T11,V-SA,SA1,2,6378.441110
D,RESIDUE_PRICE_OFFER,,1,A202309,C2024Q1T11,V-SA,SA1,2,7000.01
D,RESIDUE_PRICE_OFFER,,1,A202309,C2024Q1T11,V-SA,SA1,2,7271.422860
D,RESIDUE_PRICE_OFFER,,1,A202309,C2024Q1T11,V-SA,SA1,2,8289.422060
D,RESIDUE_PRICE_OFFER,,1,A202309,C2024Q1T11,V-SA,SA1,2,9449.941150
D,RESIDUE_PRICE_OFFER,,1,A202309,C2024Q1T11,V-SA,SA1,2,10772.932920
D,RESIDUE_PRICE_OFFER,,1,A202309,C2024Q1T11,V-SA,SA1,2,12281.143530
D,RESIDUE_PRICE_OFFER,,1,A202309,C2024Q1T11,V-SA,SA1,64,0
D,RESIDUE_PRICE_OFFER,,1,A202309,C2024Q1T11,V-SA,VIC1,1,40400.47
D,RESIDUE_PRICE_OFFER,,1,A202309,C2024Q1T11,V-SA,VIC1,1,40800.47
D,RESIDUE_PRICE_OFFER,,1,A202309,C2024Q1T11,V-SA,VIC1,1,41200.47
D,RESIDUE_PRICE_OFFER,,1,A202309,C2024Q1T11,V-SA,VIC1,1,41600.47
D,RESIDUE_PRICE_OFFER,,1,A202309,C2024Q1T11,V-SA,VIC1,1,42000.47
D,RESIDUE_PRICE_OFFER,,1,A202309,C2024Q1T11,V-SA,VIC1,1,42400.47
D,RESIDUE_PRICE_OFFER,,1,A202309,C2024Q1T11,V-SA,VIC1,1,42800.47
D,RESIDUE_PRICE_OFFER,,1,A202309,C2024Q1T11,V-SA,VIC1,1,43200.47
D,RESIDUE_PRICE_OFFER,,1,A202309,C2024Q1T11,V-SA,VIC1,1,43600.47
D,RESIDUE_PRICE_OFFER,,1,A202309,C2024Q1T11,V-SA,VIC1,1,44000.47
D,RESIDUE_PRICE_OFFER,,1,A202309,C2024Q1T11,V-SA,VIC1,1,44400.47
D,RESIDUE_PRICE_OFFER,,1,A202309,C2024Q1T11,V-SA,VIC1,1,44800.47
D,RESIDUE_PRICE_OFFER,,1,A202309,C2024Q1T11,V-SA,VIC1,1,45200.47
D,RESIDUE_PRICE_OFFER,,1,A202309,C2024Q1T11,V-SA,VIC1,1,45600.47
D,RESIDUE_PRICE_OFFER,,1,A202309,C2024Q1T11,V-SA,VIC1,1,46000.47
D,RESIDUE_PRICE_OFFER,,1,A202309,C2024Q1T11,V-SA,VIC1,1,46400.47
D,RESIDUE_PRICE_OFFER,,1,A202309,C2024Q1T11,V-SA,VIC1,1,46800.47
D,RESIDUE_PRICE_OFFER,,1,A202309,C2024Q1T11,V-SA,VIC1,1,47200.47
D,RESIDUE_PRICE_OFFER,,1,A202309,C2024Q1T11,V-SA,VIC1,1,47600.47
D,RESIDUE_PRICE_OFFER,,1,A202309,C2024Q1T11,V-SA,VIC1,1,48000.47
D,RESIDUE_PRICE_OFFER,,1,A202309,C2024Q1T11,V-SA,VIC1,1,48400.47
D,RESIDUE_PRICE_OFFER,,1,A202309,C2024Q1T11,V-SA,VIC1,1,48800.47
D,RESIDUE_PRICE_OFFER,,1,A202309,C2024Q1T11,V-SA,VIC1,1,49200.47
D,RESIDUE_PRICE_OFFER,,1,A202309,C2024Q1T11,V-SA,VIC1,1,49600.47
D,RESIDUE_PRICE_OFFER,,1,A202309,C2024Q1T11,V-SA,VIC1,1,50000.47
D,RESIDUE_PRICE_OFFER,,1,A202309,C2024Q1T11,V-SA,VIC1,2,41069.06
D,RESIDUE_PRICE_OFFER,,1,A202309,C2024Q1T11,V-SA,VIC1,2,44765.2754
D,RESIDUE_PRICE_OFFER,,1,A202309,C2024Q1T11,V-SA,VIC1,2,48794.150190
D,RESIDUE_PRICE_OFFER,,1,A202309,C2024Q1T11,V-SA,VIC1,2,53185.6237
D,RESIDUE_PRICE_OFFER,,1,A202309,C2024Q1T11,V-SA,VIC1,2,57972.329840
D,RESIDUE_PRICE_OFFER,,1,A202309,C2024Q1T11,V-SA,VIC1,2,60000
D,RESIDUE_PRICE_OFFER,,1,A202309,C2024Q1T11,V-SA,VIC1,2,63189.839520
D,RESIDUE_PRICE_OFFER,,1,A202309,C2024Q1T11,V-SA,VIC1,3,56500.47
D,RESIDUE_PRICE_OFFER,,1,A202309,C2024Q1T11,V-SA,VIC1,3,58000.47
D,RESIDUE_PRICE_OFFER,,1,A202309,C2024Q1T11,V-SA,VIC1,3,59500.47
D,RESIDUE_PRICE_OFFER,,1,A202309,C2024Q1T11,V-SA,VIC1,3,61000.47
D,RESIDUE_PRICE_OFFER,,1,A202309,C2024Q1T11,V-SA,VIC1,3,62500.47
D,RESIDUE_PRICE_OFFER,,1,A202309,C2024Q1T11,V-SA,VIC1,3,64000.47
D,RESIDUE_PRICE_OFFER,,1,A202309,C2024Q1T11,V-SA,VIC1,3,65500.47
D,RESIDUE_PRICE_OFFER,,1,A202309,C2024Q1T11,V-SA,VIC1,3,67000.47
D,RESIDUE_PRICE_OFFER,,1,A202309,C2024Q1T11,V-SA,VIC1,3,68500.47
D,RESIDUE_PRICE_OFFER,,1,A202309,C2024Q1T11,V-SA,VIC1,3,70000.47
D,RESIDUE_PRICE_OFFER,,1,A202309,C2024Q1T11,V-SA,VIC1,73,0
D,RESIDUE_PRICE_OFFER,,1,A202309,C2024Q1T11,VIC1-NSW1,NSW1,1,5527.09
D,RESIDUE_PRICE_OFFER,,1,A202309,C2024Q1T11,VIC1-NSW1,NSW1,1,5554.09
D,RESIDUE_PRICE_OFFER,,1,A202309,C2024Q1T11,VIC1-NSW1,NSW1,1,5581.09
D,RESIDUE_PRICE_OFFER,,1,A202309,C2024Q1T11,VIC1-NSW1,NSW1,1,5608.09
D,RESIDUE_PRICE_OFFER,,1,A202309,C2024Q1T11,VIC1-NSW1,NSW1,1,5635.09
D,RESIDUE_PRICE_OFFER,,1,A202309,C2024Q1T11,VIC1-NSW1,NSW1,1,5662.09
D,RESIDUE_PRICE_OFFER,,1,A202309,C2024Q1T11,VIC1-NSW1,NSW1,1,5689.09
D,RESIDUE_PRICE_OFFER,,1,A202309,C2024Q1T11,VIC1-NSW1,NSW1,1,5716.09
D,RESIDUE_PRICE_OFFER,,1,A202309,C2024Q1T11,VIC1-NSW1,NSW1,1,5743.09
D,RESIDUE_PRICE_OFFER,,1,A202309,C2024Q1T11,VIC1-NSW1,NSW1,1,5770.09
D,RESIDUE_PRICE_OFFER,,1,A202309,C2024Q1T11,VIC1-NSW1,NSW1,1,5797.09
D,RESIDUE_PRICE_OFFER,,1,A202309,C2024Q1T11,VIC1-NSW1,NSW1,1,5824.09
D,RESIDUE_PRICE_OFFER,,1,A202309,C2024Q1T11,VIC1-NSW1,NSW1,1,5851.09
D,RESIDUE_PRICE_OFFER,,1,A202309,C2024Q1T11,VIC1-NSW1,NSW1,1,5878.09
D,RESIDUE_PRICE_OFFER,,1,A202309,C2024Q1T11,VIC1-NSW1,NSW1,1,5905.09
D,RESIDUE_PRICE_OFFER,,1,A202309,C2024Q1T11,VIC1-NSW1,NSW1,1,5932.09
D,RESIDUE_PRICE_OFFER,,1,A202309,C2024Q1T11,VIC1-NSW1,NSW1,1,5959.09
D,RESIDUE_PRICE_OFFER,,1,A202309,C2024Q1T11,VIC1-NSW1,NSW1,1,5986.09
D,RESIDUE_PRICE_OFFER,,1,A202309,C2024Q1T11,VIC1-NSW1,NSW1,1,6013.09
D,RESIDUE_PRICE_OFFER,,1,A202309,C2024Q1T11,VIC1-NSW1,NSW1,1,6040.09
D,RESIDUE_PRICE_OFFER,,1,A202309,C2024Q1T11,VIC1-NSW1,NSW1,1,6067.09
D,RESIDUE_PRICE_OFFER,,1,A202309,C2024Q1T11,VIC1-NSW1,NSW1,1,6094.09
D,RESIDUE_PRICE_OFFER,,1,A202309,C2024Q1T11,VIC1-NSW1,NSW1,1,6121.09
D,RESIDUE_PRICE_OFFER,,1,A202309,C2024Q1T11,VIC1-NSW1,NSW1,1,6148.09
D,RESIDUE_PRICE_OFFER,,1,A202309,C2024Q1T11,VIC1-NSW1,NSW1,1,6175.09
D,RESIDUE_PRICE_OFFER,,1,A202309,C2024Q1T11,VIC1-NSW1,NSW1,1,6202.09
D,RESIDUE_PRICE_OFFER,,1,A202309,C2024Q1T11,VIC1-NSW1,NSW1,1,6229.09
D,RESIDUE_PRICE_OFFER,,1,A202309,C2024Q1T11,VIC1-NSW1,NSW1,1,6256.09
D,RESIDUE_PRICE_OFFER,,1,A202309,C2024Q1T11,VIC1-NSW1,NSW1,1,6283.09
D,RESIDUE_PRICE_OFFER,,1,A202309,C2024Q1T11,VIC1-NSW1,NSW1,1,6310.09
D,RESIDUE_PRICE_OFFER,,1,A202309,C2024Q1T11,VIC1-NSW1,NSW1,1,6337.09
D,RESIDUE_PRICE_OFFER,,1,A202309,C2024Q1T11,VIC1-NSW1,NSW1,1,6364.09
D,RESIDUE_PRICE_OFFER,,1,A202309,C2024Q1T11,VIC1-NSW1,NSW1,1,6391.09
D,RESIDUE_PRICE_OFFER,,1,A202309,C2024Q1T11,VIC1-NSW1,NSW1,1,6418.09
D,RESIDUE_PRICE_OFFER,,1,A202309,C2024Q1T11,VIC1-NSW1,NSW1,1,6445.09
D,RESIDUE_PRICE_OFFER,,1,A202309,C2024Q1T11,VIC1-NSW1,NSW1,1,6472.09
D,RESIDUE_PRICE_OFFER,,1,A202309,C2024Q1T11,VIC1-NSW1,NSW1,1,6499.09
D,RESIDUE_PRICE_OFFER,,1,A202309,C2024Q1T11,VIC1-NSW1,NSW1,2,5622.749680
D,RESIDUE_PRICE_OFFER,,1,A202309,C2024Q1T11,VIC1-NSW1,NSW1,2,6747.299620
D,RESIDUE_PRICE_OFFER,,1,A202309,C2024Q1T11,VIC1-NSW1,NSW1,2,8096.759540
D,RESIDUE_PRICE_OFFER,,1,A202309,C2024Q1T11,VIC1-NSW1,NSW1,2,9716.111450
D,RESIDUE_PRICE_OFFER,,1,A202309,C2024Q1T11,VIC1-NSW1,NSW1,2,11659.333750
D,RESIDUE_PRICE_OFFER,,1,A202309,C2024Q1T11,VIC1-NSW1,NSW1,2,13991.200490
D,RESIDUE_PRICE_OFFER,,1,A202309,C2024Q1T11,VIC1-NSW1,NSW1,7,7000
D,RESIDUE_PRICE_OFFER,,1,A202309,C2024Q1T11,VIC1-NSW1,NSW1,7,9000
D,RESIDUE_PRICE_OFFER,,1,A202309,C2024Q1T11,VIC1-NSW1,NSW1,108,0
D,RESIDUE_PRICE_OFFER,,1,A202309,C2024Q1T11,VIC1-NSW1,VIC1,2,19482.942580
D,RESIDUE_PRICE_OFFER,,1,A202309,C2024Q1T11,VIC1-NSW1,VIC1,2,20846.748560
D,RESIDUE_PRICE_OFFER,,1,A202309,C2024Q1T11,VIC1-NSW1,VIC1,2,32320.76
D,RESIDUE_PRICE_OFFER,,1,A202309,C2024Q1T11,VIC1-NSW1,VIC1,2,32640.76
D,RESIDUE_PRICE_OFFER,,1,A202309,C2024Q1T11,VIC1-NSW1,VIC1,2,32960.76
D,RESIDUE_PRICE_OFFER,,1,A202309,C2024Q1T11,VIC1-NSW1,VIC1,2,33280.76
D,RESIDUE_PRICE_OFFER,,1,A202309,C2024Q1T11,VIC1-NSW1,VIC1,2,33600.76
D,RESIDUE_PRICE_OFFER,,1,A202309,C2024Q1T11,VIC1-NSW1,VIC1,2,33920.76
D,RESIDUE_PRICE_OFFER,,1,A202309,C2024Q1T11,VIC1-NSW1,VIC1,2,34240.76
D,RESIDUE_PRICE_OFFER,,1,A202309,C2024Q1T11,VIC1-NSW1,VIC1,2,34560.76
D,RESIDUE_PRICE_OFFER,,1,A202309,C2024Q1T11,VIC1-NSW1,VIC1,2,34880.76
D,RESIDUE_PRICE_OFFER,,1,A202309,C2024Q1T11,VIC1-NSW1,VIC1,2,35200.76
D,RESIDUE_PRICE_OFFER,,1,A202309,C2024Q1T11,VIC1-NSW1,VIC1,2,35520.76
D,RESIDUE_PRICE_OFFER,,1,A202309,C2024Q1T11,VIC1-NSW1,VIC1,2,35840.76
D,RESIDUE_PRICE_OFFER,,1,A202309,C2024Q1T11,VIC1-NSW1,VIC1,2,36160.76
D,RESIDUE_PRICE_OFFER,,1,A202309,C2024Q1T11,VIC1-NSW1,VIC1,2,36480.76
D,RESIDUE_PRICE_OFFER,,1,A202309,C2024Q1T11,VIC1-NSW1,VIC1,2,36800.76
D,RESIDUE_PRICE_OFFER,,1,A202309,C2024Q1T11,VIC1-NSW1,VIC1,2,37120.76
D,RESIDUE_PRICE_OFFER,,1,A202309,C2024Q1T11,VIC1-NSW1,VIC1,2,37440.76
D,RESIDUE_PRICE_OFFER,,1,A202309,C2024Q1T11,VIC1-NSW1,VIC1,2,37760.76
D,RESIDUE_PRICE_OFFER,,1,A202309,C2024Q1T11,VIC1-NSW1,VIC1,2,38080.76
D,RESIDUE_PRICE_OFFER,,1,A202309,C2024Q1T11,VIC1-NSW1,VIC1,2,38400.76
D,RESIDUE_PRICE_OFFER,,1,A202309,C2024Q1T11,VIC1-NSW1,VIC1,2,38720.76
D,RESIDUE_PRICE_OFFER,,1,A202309,C2024Q1T11,VIC1-NSW1,VIC1,2,39040.76
D,RESIDUE_PRICE_OFFER,,1,A202309,C2024Q1T11,VIC1-NSW1,VIC1,2,39360.76
D,RESIDUE_PRICE_OFFER,,1,A202309,C2024Q1T11,VIC1-NSW1,VIC1,2,39680.76
D,RESIDUE_PRICE_OFFER,,1,A202309,C2024Q1T11,VIC1-NSW1,VIC1,2,40000.76
D,RESIDUE_PRICE_OFFER,,1,A202309,C2024Q1T11,VIC1-NSW1,VIC1,4,22931.423420
D,RESIDUE_PRICE_OFFER,,1,A202309,C2024Q1T11,VIC1-NSW1,VIC1,4,25224.565760
D,RESIDUE_PRICE_OFFER,,1,A202309,C2024Q1T11,VIC1-NSW1,VIC1,4,27200.76
D,RESIDUE_PRICE_OFFER,,1,A202309,C2024Q1T11,VIC1-NSW1,VIC1,4,27400.76
D,RESIDUE_PRICE_OFFER,,1,A202309,C2024Q1T11,VIC1-NSW1,VIC1,4,27600.76
D,RESIDUE_PRICE_OFFER,,1,A202309,C2024Q1T11,VIC1-NSW1,VIC1,4,27747.022330
D,RESIDUE_PRICE_OFFER,,1,A202309,C2024Q1T11,VIC1-NSW1,VIC1,4,27800.76
D,RESIDUE_PRICE_OFFER,,1,A202309,C2024Q1T11,VIC1-NSW1,VIC1,4,28000.76
D,RESIDUE_PRICE_OFFER,,1,A202309,C2024Q1T11,VIC1-NSW1,VIC1,4,31909.075680
D,RESIDUE_PRICE_OFFER,,1,A202309,C2024Q1T11,VIC1-NSW1,VIC1,10,27000
D,RESIDUE_PRICE_OFFER,,1,A202309,C2024Q1T11,VIC1-NSW1,VIC1,13,33000
D,RESIDUE_PRICE_OFFER,,1,A202309,C2024Q1T11,VIC1-NSW1,VIC1,20,35000
D,RESIDUE_PRICE_OFFER,,1,A202309,C2024Q1T11,VIC1-NSW1,VIC1,25,42000
D,RESIDUE_PRICE_OFFER,,1,A202309,C2024Q1T11,VIC1-NSW1,VIC1,125,0
D,RESIDUE_PRICE_OFFER,,1,A202309,C2024Q2T10,NSW1-QLD1,NSW1,1,3744.484230
D,RESIDUE_PRICE_OFFER,,1,A202309,C2024Q2T10,NSW1-QLD1,NSW1,1,4118.932660
D,RESIDUE_PRICE_OFFER,,1,A202309,C2024Q2T10,NSW1-QLD1,NSW1,1,4530.825920
D,RESIDUE_PRICE_OFFER,,1,A202309,C2024Q2T10,NSW1-QLD1,NSW1,1,4983.908520
D,RESIDUE_PRICE_OFFER,,1,A202309,C2024Q2T10,NSW1-QLD1,NSW1,1,5482.299370
D,RESIDUE_PRICE_OFFER,,1,A202309,C2024Q2T10,NSW1-QLD1,NSW1,1,6030.5293
D,RESIDUE_PRICE_OFFER,,1,A202309,C2024Q2T10,NSW1-QLD1,NSW1,1,7555.48
D,RESIDUE_PRICE_OFFER,,1,A202309,C2024Q2T10,NSW1-QLD1,NSW1,1,7610.48
D,RESIDUE_PRICE_OFFER,,1,A202309,C2024Q2T10,NSW1-QLD1,NSW1,1,7665.48
D,RESIDUE_PRICE_OFFER,,1,A202309,C2024Q2T10,NSW1-QLD1,NSW1,1,7720.48
D,RESIDUE_PRICE_OFFER,,1,A202309,C2024Q2T10,NSW1-QLD1,NSW1,1,7775.48
D,RESIDUE_PRICE_OFFER,,1,A202309,C2024Q2T10,NSW1-QLD1,NSW1,1,7830.48
D,RESIDUE_PRICE_OFFER,,1,A202309,C2024Q2T10,NSW1-QLD1,NSW1,1,7885.48
D,RESIDUE_PRICE_OFFER,,1,A202309,C2024Q2T10,NSW1-QLD1,NSW1,1,7940.48
D,RESIDUE_PRICE_OFFER,,1,A202309,C2024Q2T10,NSW1-QLD1,NSW1,1,7995.48
D,RESIDUE_PRICE_OFFER,,1,A202309,C2024Q2T10,NSW1-QLD1,NSW1,45,0
D,RESIDUE_PRICE_OFFER,,1,A202309,C2024Q2T10,NSW1-QLD1,QLD1,1,33120.69
D,RESIDUE_PRICE_OFFER,,1,A202309,C2024Q2T10,NSW1-QLD1,QLD1,1,33240.69
D,RESIDUE_PRICE_OFFER,,1,A202309,C2024Q2T10,NSW1-QLD1,QLD1,1,33360.69
D,RESIDUE_PRICE_OFFER,,1,A202309,C2024Q2T10,NSW1-QLD1,QLD1,1,33480.69
D,RESIDUE_PRICE_OFFER,,1,A202309,C2024Q2T10,NSW1-QLD1,QLD1,1,33600.69
D,RESIDUE_PRICE_OFFER,,1,A202309,C2024Q2T10,NSW1-QLD1,QLD1,1,33720.69
D,RESIDUE_PRICE_OFFER,,1,A202309,C2024Q2T10,NSW1-QLD1,QLD1,1,33840.69
D,RESIDUE_PRICE_OFFER,,1,A202309,C2024Q2T10,NSW1-QLD1,QLD1,1,33960.69
D,RESIDUE_PRICE_OFFER,,1,A202309,C2024Q2T10,NSW1-QLD1,QLD1,1,34080.69
D,RESIDUE_PRICE_OFFER,,1,A202309,C2024Q2T10,NSW1-QLD1,QLD1,1,34200.69
D,RESIDUE_PRICE_OFFER,,1,A202309,C2024Q2T10,NSW1-QLD1,QLD1,1,34320.69
D,RESIDUE_PRICE_OFFER,,1,A202309,C2024Q2T10,NSW1-QLD1,QLD1,1,34440.69
D,RESIDUE_PRICE_OFFER,,1,A202309,C2024Q2T10,NSW1-QLD1,QLD1,1,34560.69
D,RESIDUE_PRICE_OFFER,,1,A202309,C2024Q2T10,NSW1-QLD1,QLD1,1,34680.69
D,RESIDUE_PRICE_OFFER,,1,A202309,C2024Q2T10,NSW1-QLD1,QLD1,1,34800.69
D,RESIDUE_PRICE_OFFER,,1,A202309,C2024Q2T10,NSW1-QLD1,QLD1,1,34920.69
D,RESIDUE_PRICE_OFFER,,1,A202309,C2024Q2T10,NSW1-QLD1,QLD1,1,35040.69
D,RESIDUE_PRICE_OFFER,,1,A202309,C2024Q2T10,NSW1-QLD1,QLD1,1,35160.69
D,RESIDUE_PRICE_OFFER,,1,A202309,C2024Q2T10,NSW1-QLD1,QLD1,1,35280.69
D,RESIDUE_PRICE_OFFER,,1,A202309,C2024Q2T10,NSW1-QLD1,QLD1,1,35400.69
D,RESIDUE_PRICE_OFFER,,1,A202309,C2024Q2T10,NSW1-QLD1,QLD1,1,35520.69
D,RESIDUE_PRICE_OFFER,,1,A202309,C2024Q2T10,NSW1-QLD1,QLD1,1,35640.69
D,RESIDUE_PRICE_OFFER,,1,A202309,C2024Q2T10,NSW1-QLD1,QLD1,1,35760.69
D,RESIDUE_PRICE_OFFER,,1,A202309,C2024Q2T10,NSW1-QLD1,QLD1,1,35880.69
D,RESIDUE_PRICE_OFFER,,1,A202309,C2024Q2T10,NSW1-QLD1,QLD1,1,36000.69
D,RESIDUE_PRICE_OFFER,,1,A202309,C2024Q2T10,NSW1-QLD1,QLD1,3,43608.95
D,RESIDUE_PRICE_OFFER,,1,A202309,C2024Q2T10,NSW1-QLD1,QLD1,3,52330.74
D,RESIDUE_PRICE_OFFER,,1,A202309,C2024Q2T10,NSW1-QLD1,QLD1,3,62796.8880
D,RESIDUE_PRICE_OFFER,,1,A202309,C2024Q2T10,NSW1-QLD1,QLD1,3,75356.2656
D,RESIDUE_PRICE_OFFER,,1,A202309,C2024Q2T10,NSW1-QLD1,QLD1,3,90427.518720
D,RESIDUE_PRICE_OFFER,,1,A202309,C2024Q2T10,NSW1-QLD1,QLD1,3,108513.0225
D,RESIDUE_PRICE_OFFER,,1,A202309,C2024Q2T10,NSW1-QLD1,QLD1,5,32500
D,RESIDUE_PRICE_OFFER,,1,A202309,C2024Q2T10,NSW1-QLD1,QLD1,20,35000
D,RESIDUE_PRICE_OFFER,,1,A202309,C2024Q2T10,NSW1-QLD1,QLD1,20,39000
D,RESIDUE_PRICE_OFFER,,1,A202309,C2024Q2T10,NSW1-QLD1,QLD1,25,32000.69
D,RESIDUE_PRICE_OFFER,,1,A202309,C2024Q2T10,NSW1-QLD1,QLD1,100,0
D,RESIDUE_PRICE_OFFER,,1,A202309,C2024Q2T10,V-SA,SA1,1,5074.01
D,RESIDUE_PRICE_OFFER,,1,A202309,C2024Q2T10,V-SA,SA1,1,5148.01
D,RESIDUE_PRICE_OFFER,,1,A202309,C2024Q2T10,V-SA,SA1,1,5222.01
D,RESIDUE_PRICE_OFFER,,1,A202309,C2024Q2T10,V-SA,SA1,1,5296.01
D,RESIDUE_PRICE_OFFER,,1,A202309,C2024Q2T10,V-SA,SA1,1,5370.01
D,RESIDUE_PRICE_OFFER,,1,A202309,C2024Q2T10,V-SA,SA1,1,5444.01
D,RESIDUE_PRICE_OFFER,,1,A202309,C2024Q2T10,V-SA,SA1,1,5518.01
D,RESIDUE_PRICE_OFFER,,1,A202309,C2024Q2T10,V-SA,SA1,1,5592.01
D,RESIDUE_PRICE_OFFER,,1,A202309,C2024Q2T10,V-SA,SA1,1,5666.01
D,RESIDUE_PRICE_OFFER,,1,A202309,C2024Q2T10,V-SA,SA1,1,5740.01
D,RESIDUE_PRICE_OFFER,,1,A202309,C2024Q2T10,V-SA,SA1,1,5814.01
D,RESIDUE_PRICE_OFFER,,1,A202309,C2024Q2T10,V-SA,SA1,1,5888.01
D,RESIDUE_PRICE_OFFER,,1,A202309,C2024Q2T10,V-SA,SA1,1,5962.01
D,RESIDUE_PRICE_OFFER,,1,A202309,C2024Q2T10,V-SA,SA1,1,6036.01
D,RESIDUE_PRICE_OFFER,,1,A202309,C2024Q2T10,V-SA,SA1,1,6110.01
D,RESIDUE_PRICE_OFFER,,1,A202309,C2024Q2T10,V-SA,SA1,1,6184.01
D,RESIDUE_PRICE_OFFER,,1,A202309,C2024Q2T10,V-SA,SA1,1,6258.01
D,RESIDUE_PRICE_OFFER,,1,A202309,C2024Q2T10,V-SA,SA1,1,6332.01
D,RESIDUE_PRICE_OFFER,,1,A202309,C2024Q2T10,V-SA,SA1,1,6406.01
D,RESIDUE_PRICE_OFFER,,1,A202309,C2024Q2T10,V-SA,SA1,1,6480.01
D,RESIDUE_PRICE_OFFER,,1,A202309,C2024Q2T10,V-SA,SA1,1,6554.01
D,RESIDUE_PRICE_OFFER,,1,A202309,C2024Q2T10,V-SA,SA1,1,6628.01
D,RESIDUE_PRICE_OFFER,,1,A202309,C2024Q2T10,V-SA,SA1,1,6702.01
D,RESIDUE_PRICE_OFFER,,1,A202309,C2024Q2T10,V-SA,SA1,1,6776.01
D,RESIDUE_PRICE_OFFER,,1,A202309,C2024Q2T10,V-SA,SA1,1,6850.01
D,RESIDUE_PRICE_OFFER,,1,A202309,C2024Q2T10,V-SA,SA1,1,6924.01
D,RESIDUE_PRICE_OFFER,,1,A202309,C2024Q2T10,V-SA,SA1,1,6998.01
D,RESIDUE_PRICE_OFFER,,1,A202309,C2024Q2T10,V-SA,SA1,2,4801.659030
D,RESIDUE_PRICE_OFFER,,1,A202309,C2024Q2T10,V-SA,SA1,2,5473.891290
D,RESIDUE_PRICE_OFFER,,1,A202309,C2024Q2T10,V-SA,SA1,2,6240.236070
D,RESIDUE_PRICE_OFFER,,1,A202309,C2024Q2T10,V-SA,SA1,2,7113.869120
D,RESIDUE_PRICE_OFFER,,1,A202309,C2024Q2T10,V-SA,SA1,2,8000
D,RESIDUE_PRICE_OFFER,,1,A202309,C2024Q2T10,V-SA,SA1,2,8109.8108
D,RESIDUE_PRICE_OFFER,,1,A202309,C2024Q2T10,V-SA,SA1,2,8888.89
D,RESIDUE_PRICE_OFFER,,1,A202309,C2024Q2T10,V-SA,SA1,2,9245.184320
D,RESIDUE_PRICE_OFFER,,1,A202309,C2024Q2T10,V-SA,SA1,2,9777.78
D,RESIDUE_PRICE_OFFER,,1,A202309,C2024Q2T10,V-SA,SA1,2,10666.67
D,RESIDUE_PRICE_OFFER,,1,A202309,C2024Q2T10,V-SA,SA1,2,11555.56
D,RESIDUE_PRICE_OFFER,,1,A202309,C2024Q2T10,V-SA,SA1,2,12444.44
D,RESIDUE_PRICE_OFFER,,1,A202309,C2024Q2T10,V-SA,SA1,2,13333.33
D,RESIDUE_PRICE_OFFER,,1,A202309,C2024Q2T10,V-SA,SA1,2,14222.22
D,RESIDUE_PRICE_OFFER,,1,A202309,C2024Q2T10,V-SA,SA1,2,15111.11
D,RESIDUE_PRICE_OFFER,,1,A202309,C2024Q2T10,V-SA,SA1,2,16000
D,RESIDUE_PRICE_OFFER,,1,A202309,C2024Q2T10,V-SA,SA1,64,0
D,RESIDUE_PRICE_OFFER,,1,A202309,C2024Q2T10,V-SA,VIC1,2,18300.47
D,RESIDUE_PRICE_OFFER,,1,A202309,C2024Q2T10,V-SA,VIC1,2,18600.47
D,RESIDUE_PRICE_OFFER,,1,A202309,C2024Q2T10,V-SA,VIC1,2,18900.47
D,RESIDUE_PRICE_OFFER,,1,A202309,C2024Q2T10,V-SA,VIC1,2,19200.47
D,RESIDUE_PRICE_OFFER,,1,A202309,C2024Q2T10,V-SA,VIC1,2,19500.47
D,RESIDUE_PRICE_OFFER,,1,A202309,C2024Q2T10,V-SA,VIC1,2,19800.47
D,RESIDUE_PRICE_OFFER,,1,A202309,C2024Q2T10,V-SA,VIC1,2,20100.47
D,RESIDUE_PRICE_OFFER,,1,A202309,C2024Q2T10,V-SA,VIC1,2,20400.47
D,RESIDUE_PRICE_OFFER,,1,A202309,C2024Q2T10,V-SA,VIC1,2,20700.47
D,RESIDUE_PRICE_OFFER,,1,A202309,C2024Q2T10,V-SA,VIC1,2,21000.47
D,RESIDUE_PRICE_OFFER,,1,A202309,C2024Q2T10,V-SA,VIC1,2,24704.0720
D,RESIDUE_PRICE_OFFER,,1,A202309,C2024Q2T10,V-SA,VIC1,2,26927.438480
D,RESIDUE_PRICE_OFFER,,1,A202309,C2024Q2T10,V-SA,VIC1,2,29350.907940
D,RESIDUE_PRICE_OFFER,,1,A202309,C2024Q2T10,V-SA,VIC1,2,31992.489660
D,RESIDUE_PRICE_OFFER,,1,A202309,C2024Q2T10,V-SA,VIC1,2,34871.813730
D,RESIDUE_PRICE_OFFER,,1,A202309,C2024Q2T10,V-SA,VIC1,2,38010.276960
D,RESIDUE_PRICE_OFFER,,1,A202309,C2024Q2T10,V-SA,VIC1,3,24200.47
D,RESIDUE_PRICE_OFFER,,1,A202309,C2024Q2T10,V-SA,VIC1,3,25400.47
D,RESIDUE_PRICE_OFFER,,1,A202309,C2024Q2T10,V-SA,VIC1,3,26600.47
D,RESIDUE_PRICE_OFFER,,1,A202309,C2024Q2T10,V-SA,VIC1,3,27800.47
D,RESIDUE_PRICE_OFFER,,1,A202309,C2024Q2T10,V-SA,VIC1,3,29000.47
D,RESIDUE_PRICE_OFFER,,1,A202309,C2024Q2T10,V-SA,VIC1,3,30200.47
D,RESIDUE_PRICE_OFFER,,1,A202309,C2024Q2T10,V-SA,VIC1,3,31400.47
D,RESIDUE_PRICE_OFFER,,1,A202309,C2024Q2T10,V-SA,VIC1,3,32600.47
D,RESIDUE_PRICE_OFFER,,1,A202309,C2024Q2T10,V-SA,VIC1,3,33800.47
D,RESIDUE_PRICE_OFFER,,1,A202309,C2024Q2T10,V-SA,VIC1,3,35000.47
D,RESIDUE_PRICE_OFFER,,1,A202309,C2024Q2T10,V-SA,VIC1,5,40000
D,RESIDUE_PRICE_OFFER,,1,A202309,C2024Q2T10,V-SA,VIC1,73,0
D,RESIDUE_PRICE_OFFER,,1,A202309,C2024Q2T10,VIC1-NSW1,NSW1,1,2588.09
D,RESIDUE_PRICE_OFFER,,1,A202309,C2024Q2T10,VIC1-NSW1,NSW1,1,2676.09
D,RESIDUE_PRICE_OFFER,,1,A202309,C2024Q2T10,VIC1-NSW1,NSW1,1,2764.09
D,RESIDUE_PRICE_OFFER,,1,A202309,C2024Q2T10,VIC1-NSW1,NSW1,1,2852.09
D,RESIDUE_PRICE_OFFER,,1,A202309,C2024Q2T10,VIC1-NSW1,NSW1,1,2940.09
D,RESIDUE_PRICE_OFFER,,1,A202309,C2024Q2T10,VIC1-NSW1,NSW1,1,3028.09
D,RESIDUE_PRICE_OFFER,,1,A202309,C2024Q2T10,VIC1-NSW1,NSW1,1,3116.09
D,RESIDUE_PRICE_OFFER,,1,A202309,C2024Q2T10,VIC1-NSW1,NSW1,1,3204.09
D,RESIDUE_PRICE_OFFER,,1,A202309,C2024Q2T10,VIC1-NSW1,NSW1,1,3292.09
D,RESIDUE_PRICE_OFFER,,1,A202309,C2024Q2T10,VIC1-NSW1,NSW1,1,3380.09
D,RESIDUE_PRICE_OFFER,,1,A202309,C2024Q2T10,VIC1-NSW1,NSW1,1,3468.09
D,RESIDUE_PRICE_OFFER,,1,A202309,C2024Q2T10,VIC1-NSW1,NSW1,1,3556.09
D,RESIDUE_PRICE_OFFER,,1,A202309,C2024Q2T10,VIC1-NSW1,NSW1,1,3644.09
D,RESIDUE_PRICE_OFFER,,1,A202309,C2024Q2T10,VIC1-NSW1,NSW1,1,3732.09
D,RESIDUE_PRICE_OFFER,,1,A202309,C2024Q2T10,VIC1-NSW1,NSW1,1,3820.09
D,RESIDUE_PRICE_OFFER,,1,A202309,C2024Q2T10,VIC1-NSW1,NSW1,1,3908.09
D,RESIDUE_PRICE_OFFER,,1,A202309,C2024Q2T10,VIC1-NSW1,NSW1,1,3996.09
D,RESIDUE_PRICE_OFFER,,1,A202309,C2024Q2T10,VIC1-NSW1,NSW1,2,2893.60
D,RESIDUE_PRICE_OFFER,,1,A202309,C2024Q2T10,VIC1-NSW1,NSW1,2,3472.32
D,RESIDUE_PRICE_OFFER,,1,A202309,C2024Q2T10,VIC1-NSW1,NSW1,2,4166.783990
D,RESIDUE_PRICE_OFFER,,1,A202309,C2024Q2T10,VIC1-NSW1,NSW1,2,5000.1408
D,RESIDUE_PRICE_OFFER,,1,A202309,C2024Q2T10,VIC1-NSW1,NSW1,2,6000.168960
D,RESIDUE_PRICE_OFFER,,1,A202309,C2024Q2T10,VIC1-NSW1,NSW1,2,7200.202750
D,RESIDUE_PRICE_OFFER,,1,A202309,C2024Q2T10,VIC1-NSW1,NSW1,10,4300
D,RESIDUE_PRICE_OFFER,,1,A202309,C2024Q2T10,VIC1-NSW1,NSW1,10,6000
D,RESIDUE_PRICE_OFFER,,1,A202309,C2024Q2T10,VIC1-NSW1,NSW1,26,3000
D,RESIDUE_PRICE_OFFER,,1,A202309,C2024Q2T10,VIC1-NSW1,NSW1,108,0
D,RESIDUE_PRICE_OFFER,,1,A202309,C2024Q2T10,VIC1-NSW1,VIC1,1,26020.76
D,RESIDUE_PRICE_OFFER,,1,A202309,C2024Q2T10,VIC1-NSW1,VIC1,1,26040.76
D,RESIDUE_PRICE_OFFER,,1,A202309,C2024Q2T10,VIC1-NSW1,VIC1,1,26060.76
D,RESIDUE_PRICE_OFFER,,1,A202309,C2024Q2T10,VIC1-NSW1,VIC1,1,26080.76
D,RESIDUE_PRICE_OFFER,,1,A202309,C2024Q2T10,VIC1-NSW1,VIC1,1,26100.76
D,RESIDUE_PRICE_OFFER,,1,A202309,C2024Q2T10,VIC1-NSW1,VIC1,1,26120.76
D,RESIDUE_PRICE_OFFER,,1,A202309,C2024Q2T10,VIC1-NSW1,VIC1,1,26140.76
D,RESIDUE_PRICE_OFFER,,1,A202309,C2024Q2T10,VIC1-NSW1,VIC1,1,26160.76
D,RESIDUE_PRICE_OFFER,,1,A202309,C2024Q2T10,VIC1-NSW1,VIC1,1,26180.76
D,RESIDUE_PRICE_OFFER,,1,A202309,C2024Q2T10,VIC1-NSW1,VIC1,1,26200.76
D,RESIDUE_PRICE_OFFER,,1,A202309,C2024Q2T10,VIC1-NSW1,VIC1,1,26220.76
D,RESIDUE_PRICE_OFFER,,1,A202309,C2024Q2T10,VIC1-NSW1,VIC1,1,26240.76
D,RESIDUE_PRICE_OFFER,,1,A202309,C2024Q2T10,VIC1-NSW1,VIC1,1,26260.76
D,RESIDUE_PRICE_OFFER,,1,A202309,C2024Q2T10,VIC1-NSW1,VIC1,1,26280.76
D,RESIDUE_PRICE_OFFER,,1,A202309,C2024Q2T10,VIC1-NSW1,VIC1,1,26300.76
D,RESIDUE_PRICE_OFFER,,1,A202309,C2024Q2T10,VIC1-NSW1,VIC1,1,26320.76
D,RESIDUE_PRICE_OFFER,,1,A202309,C2024Q2T10,VIC1-NSW1,VIC1,1,26340.76
D,RESIDUE_PRICE_OFFER,,1,A202309,C2024Q2T10,VIC1-NSW1,VIC1,1,26360.76
D,RESIDUE_PRICE_OFFER,,1,A202309,C2024Q2T10,VIC1-NSW1,VIC1,1,26380.76
D,RESIDUE_PRICE_OFFER,,1,A202309,C2024Q2T10,VIC1-NSW1,VIC1,1,26400.76
D,RESIDUE_PRICE_OFFER,,1,A202309,C2024Q2T10,VIC1-NSW1,VIC1,1,26420.76
D,RESIDUE_PRICE_OFFER,,1,A202309,C2024Q2T10,VIC1-NSW1,VIC1,1,26440.76
D,RESIDUE_PRICE_OFFER,,1,A202309,C2024Q2T10,VIC1-NSW1,VIC1,1,26460.76
D,RESIDUE_PRICE_OFFER,,1,A202309,C2024Q2T10,VIC1-NSW1,VIC1,1,26480.76
D,RESIDUE_PRICE_OFFER,,1,A202309,C2024Q2T10,VIC1-NSW1,VIC1,1,26500.76
D,RESIDUE_PRICE_OFFER,,1,A202309,C2024Q2T10,VIC1-NSW1,VIC1,1,40690.1440
D,RESIDUE_PRICE_OFFER,,1,A202309,C2024Q2T10,VIC1-NSW1,VIC1,1,44759.1584
D,RESIDUE_PRICE_OFFER,,1,A202309,C2024Q2T10,VIC1-NSW1,VIC1,1,49235.074240
D,RESIDUE_PRICE_OFFER,,1,A202309,C2024Q2T10,VIC1-NSW1,VIC1,2,28880.76
D,RESIDUE_PRICE_OFFER,,1,A202309,C2024Q2T10,VIC1-NSW1,VIC1,2,29760.76
D,RESIDUE_PRICE_OFFER,,1,A202309,C2024Q2T10,VIC1-NSW1,VIC1,2,30640.76
D,RESIDUE_PRICE_OFFER,,1,A202309,C2024Q2T10,VIC1-NSW1,VIC1,2,31520.76
D,RESIDUE_PRICE_OFFER,,1,A202309,C2024Q2T10,VIC1-NSW1,VIC1,2,32400.76
D,RESIDUE_PRICE_OFFER,,1,A202309,C2024Q2T10,VIC1-NSW1,VIC1,2,33280.76
D,RESIDUE_PRICE_OFFER,,1,A202309,C2024Q2T10,VIC1-NSW1,VIC1,2,34160.76
D,RESIDUE_PRICE_OFFER,,1,A202309,C2024Q2T10,VIC1-NSW1,VIC1,2,35040.76
D,RESIDUE_PRICE_OFFER,,1,A202309,C2024Q2T10,VIC1-NSW1,VIC1,2,35920.76
D,RESIDUE_PRICE_OFFER,,1,A202309,C2024Q2T10,VIC1-NSW1,VIC1,2,36800.76
D,RESIDUE_PRICE_OFFER,,1,A202309,C2024Q2T10,VIC1-NSW1,VIC1,2,37680.76
D,RESIDUE_PRICE_OFFER,,1,A202309,C2024Q2T10,VIC1-NSW1,VIC1,2,38560.76
D,RESIDUE_PRICE_OFFER,,1,A202309,C2024Q2T10,VIC1-NSW1,VIC1,2,39440.76
D,RESIDUE_PRICE_OFFER,,1,A202309,C2024Q2T10,VIC1-NSW1,VIC1,2,40320.76
D,RESIDUE_PRICE_OFFER,,1,A202309,C2024Q2T10,VIC1-NSW1,VIC1,2,41200.76
D,RESIDUE_PRICE_OFFER,,1,A202309,C2024Q2T10,VIC1-NSW1,VIC1,2,42080.76
D,RESIDUE_PRICE_OFFER,,1,A202309,C2024Q2T10,VIC1-NSW1,VIC1,2,42960.76
D,RESIDUE_PRICE_OFFER,,1,A202309,C2024Q2T10,VIC1-NSW1,VIC1,2,43840.76
D,RESIDUE_PRICE_OFFER,,1,A202309,C2024Q2T10,VIC1-NSW1,VIC1,2,44720.76
D,RESIDUE_PRICE_OFFER,,1,A202309,C2024Q2T10,VIC1-NSW1,VIC1,2,45600.76
D,RESIDUE_PRICE_OFFER,,1,A202309,C2024Q2T10,VIC1-NSW1,VIC1,2,46480.76
D,RESIDUE_PRICE_OFFER,,1,A202309,C2024Q2T10,VIC1-NSW1,VIC1,2,47360.76
D,RESIDUE_PRICE_OFFER,,1,A202309,C2024Q2T10,VIC1-NSW1,VIC1,2,48240.76
D,RESIDUE_PRICE_OFFER,,1,A202309,C2024Q2T10,VIC1-NSW1,VIC1,2,49120.76
D,RESIDUE_PRICE_OFFER,,1,A202309,C2024Q2T10,VIC1-NSW1,VIC1,2,50000.76
D,RESIDUE_PRICE_OFFER,,1,A202309,C2024Q2T10,VIC1-NSW1,VIC1,2,54158.581660
D,RESIDUE_PRICE_OFFER,,1,A202309,C2024Q2T10,VIC1-NSW1,VIC1,2,59574.439830
D,RESIDUE_PRICE_OFFER,,1,A202309,C2024Q2T10,VIC1-NSW1,VIC1,2,65531.883810
D,RESIDUE_PRICE_OFFER,,1,A202309,C2024Q2T10,VIC1-NSW1,VIC1,10,33000
D,RESIDUE_PRICE_OFFER,,1,A202309,C2024Q2T10,VIC1-NSW1,VIC1,15,29000
D,RESIDUE_PRICE_OFFER,,1,A202309,C2024Q2T10,VIC1-NSW1,VIC1,20,35000
D,RESIDUE_PRICE_OFFER,,1,A202309,C2024Q2T10,VIC1-NSW1,VIC1,25,40000
D,RESIDUE_PRICE_OFFER,,1,A202309,C2024Q2T10,VIC1-NSW1,VIC1,125,0
D,RESIDUE_PRICE_OFFER,,1,A202309,C2024Q3T09,NSW1-QLD1,NSW1,1,3949.574370
D,RESIDUE_PRICE_OFFER,,1,A202309,C2024Q3T09,NSW1-QLD1,NSW1,1,4344.531810
D,RESIDUE_PRICE_OFFER,,1,A202309,C2024Q3T09,NSW1-QLD1,NSW1,1,4778.984990
D,RESIDUE_PRICE_OFFER,,1,A202309,C2024Q3T09,NSW1-QLD1,NSW1,1,5256.883490
D,RESIDUE_PRICE_OFFER,,1,A202309,C2024Q3T09,NSW1-QLD1,NSW1,1,5782.571840
D,RESIDUE_PRICE_OFFER,,1,A202309,C2024Q3T09,NSW1-QLD1,NSW1,1,6360.829020
D,RESIDUE_PRICE_OFFER,,1,A202309,C2024Q3T09,NSW1-QLD1,NSW1,1,7083.48
D,RESIDUE_PRICE_OFFER,,1,A202309,C2024Q3T09,NSW1-QLD1,NSW1,1,7166.48
D,RESIDUE_PRICE_OFFER,,1,A202309,C2024Q3T09,NSW1-QLD1,NSW1,1,7249.48
D,RESIDUE_PRICE_OFFER,,1,A202309,C2024Q3T09,NSW1-QLD1,NSW1,1,7332.48
D,RESIDUE_PRICE_OFFER,,1,A202309,C2024Q3T09,NSW1-QLD1,NSW1,1,7415.48
D,RESIDUE_PRICE_OFFER,,1,A202309,C2024Q3T09,NSW1-QLD1,NSW1,1,7498.48
D,RESIDUE_PRICE_OFFER,,1,A202309,C2024Q3T09,NSW1-QLD1,NSW1,45,0
D,RESIDUE_PRICE_OFFER,,1,A202309,C2024Q3T09,NSW1-QLD1,QLD1,2,32300.69
D,RESIDUE_PRICE_OFFER,,1,A202309,C2024Q3T09,NSW1-QLD1,QLD1,2,32600.69
D,RESIDUE_PRICE_OFFER,,1,A202309,C2024Q3T09,NSW1-QLD1,QLD1,2,32900.69
D,RESIDUE_PRICE_OFFER,,1,A202309,C2024Q3T09,NSW1-QLD1,QLD1,2,33200.69
D,RESIDUE_PRICE_OFFER,,1,A202309,C2024Q3T09,NSW1-QLD1,QLD1,2,33500.69
D,RESIDUE_PRICE_OFFER,,1,A202309,C2024Q3T09,NSW1-QLD1,QLD1,2,33800.69
D,RESIDUE_PRICE_OFFER,,1,A202309,C2024Q3T09,NSW1-QLD1,QLD1,2,34100.69
D,RESIDUE_PRICE_OFFER,,1,A202309,C2024Q3T09,NSW1-QLD1,QLD1,2,34400.69
D,RESIDUE_PRICE_OFFER,,1,A202309,C2024Q3T09,NSW1-QLD1,QLD1,2,34700.69
D,RESIDUE_PRICE_OFFER,,1,A202309,C2024Q3T09,NSW1-QLD1,QLD1,2,35000.69
D,RESIDUE_PRICE_OFFER,,1,A202309,C2024Q3T09,NSW1-QLD1,QLD1,2,35300.69
D,RESIDUE_PRICE_OFFER,,1,A202309,C2024Q3T09,NSW1-QLD1,QLD1,2,35600.69
D,RESIDUE_PRICE_OFFER,,1,A202309,C2024Q3T09,NSW1-QLD1,QLD1,2,35900.69
D,RESIDUE_PRICE_OFFER,,1,A202309,C2024Q3T09,NSW1-QLD1,QLD1,2,36200.69
D,RESIDUE_PRICE_OFFER,,1,A202309,C2024Q3T09,NSW1-QLD1,QLD1,2,36500.69
D,RESIDUE_PRICE_OFFER,,1,A202309,C2024Q3T09,NSW1-QLD1,QLD1,2,36800.69
D,RESIDUE_PRICE_OFFER,,1,A202309,C2024Q3T09,NSW1-QLD1,QLD1,2,37100.69
D,RESIDUE_PRICE_OFFER,,1,A202309,C2024Q3T09,NSW1-QLD1,QLD1,2,37400.69
D,RESIDUE_PRICE_OFFER,,1,A202309,C2024Q3T09,NSW1-QLD1,QLD1,2,37700.69
D,RESIDUE_PRICE_OFFER,,1,A202309,C2024Q3T09,NSW1-QLD1,QLD1,2,38000.69
D,RESIDUE_PRICE_OFFER,,1,A202309,C2024Q3T09,NSW1-QLD1,QLD1,3,50339.1350
D,RESIDUE_PRICE_OFFER,,1,A202309,C2024Q3T09,NSW1-QLD1,QLD1,3,60406.9620
D,RESIDUE_PRICE_OFFER,,1,A202309,C2024Q3T09,NSW1-QLD1,QLD1,3,72488.3544
D,RESIDUE_PRICE_OFFER,,1,A202309,C2024Q3T09,NSW1-QLD1,QLD1,3,86986.025280
D,RESIDUE_PRICE_OFFER,,1,A202309,C2024Q3T09,NSW1-QLD1,QLD1,3,104383.2303
D,RESIDUE_PRICE_OFFER,,1,A202309,C2024Q3T09,NSW1-QLD1,QLD1,3,125259.8764
D,RESIDUE_PRICE_OFFER,,1,A202309,C2024Q3T09,NSW1-QLD1,QLD1,5,33500
D,RESIDUE_PRICE_OFFER,,1,A202309,C2024Q3T09,NSW1-QLD1,QLD1,20,35000
D,RESIDUE_PRICE_OFFER,,1,A202309,C2024Q3T09,NSW1-QLD1,QLD1,20,43000
D,RESIDUE_PRICE_OFFER,,1,A202309,C2024Q3T09,NSW1-QLD1,QLD1,25,32000.69
D,RESIDUE_PRICE_OFFER,,1,A202309,C2024Q3T09,NSW1-QLD1,QLD1,100,0
D,RESIDUE_PRICE_OFFER,,1,A202309,C2024Q3T09,V-SA,SA1,1,6600.01
D,RESIDUE_PRICE_OFFER,,1,A202309,C2024Q3T09,V-SA,SA1,1,6700.01
D,RESIDUE_PRICE_OFFER,,1,A202309,C2024Q3T09,V-SA,SA1,1,6800.01
D,RESIDUE_PRICE_OFFER,,1,A202309,C2024Q3T09,V-SA,SA1,1,6900.01
D,RESIDUE_PRICE_OFFER,,1,A202309,C2024Q3T09,V-SA,SA1,1,7000.01
D,RESIDUE_PRICE_OFFER,,1,A202309,C2024Q3T09,V-SA,SA1,1,7100.01
D,RESIDUE_PRICE_OFFER,,1,A202309,C2024Q3T09,V-SA,SA1,1,7200.01
D,RESIDUE_PRICE_OFFER,,1,A202309,C2024Q3T09,V-SA,SA1,1,7300.01
D,RESIDUE_PRICE_OFFER,,1,A202309,C2024Q3T09,V-SA,SA1,1,7400.01
D,RESIDUE_PRICE_OFFER,,1,A202309,C2024Q3T09,V-SA,SA1,1,7500.01
D,RESIDUE_PRICE_OFFER,,1,A202309,C2024Q3T09,V-SA,SA1,1,7600.01
D,RESIDUE_PRICE_OFFER,,1,A202309,C2024Q3T09,V-SA,SA1,1,7700.01
D,RESIDUE_PRICE_OFFER,,1,A202309,C2024Q3T09,V-SA,SA1,1,7800.01
D,RESIDUE_PRICE_OFFER,,1,A202309,C2024Q3T09,V-SA,SA1,1,7900.01
D,RESIDUE_PRICE_OFFER,,1,A202309,C2024Q3T09,V-SA,SA1,1,8000
D,RESIDUE_PRICE_OFFER,,1,A202309,C2024Q3T09,V-SA,SA1,1,8000.01
D,RESIDUE_PRICE_OFFER,,1,A202309,C2024Q3T09,V-SA,SA1,1,8100.01
D,RESIDUE_PRICE_OFFER,,1,A202309,C2024Q3T09,V-SA,SA1,1,8200.01
D,RESIDUE_PRICE_OFFER,,1,A202309,C2024Q3T09,V-SA,SA1,1,8300.01
D,RESIDUE_PRICE_OFFER,,1,A202309,C2024Q3T09,V-SA,SA1,1,8400.01
D,RESIDUE_PRICE_OFFER,,1,A202309,C2024Q3T09,V-SA,SA1,1,8500.01
D,RESIDUE_PRICE_OFFER,,1,A202309,C2024Q3T09,V-SA,SA1,2,5500.962570
D,RESIDUE_PRICE_OFFER,,1,A202309,C2024Q3T09,V-SA,SA1,2,6271.097330
D,RESIDUE_PRICE_OFFER,,1,A202309,C2024Q3T09,V-SA,SA1,2,7149.050950
D,RESIDUE_PRICE_OFFER,,1,A202309,C2024Q3T09,V-SA,SA1,2,8149.918090
D,RESIDUE_PRICE_OFFER,,1,A202309,C2024Q3T09,V-SA,SA1,2,9142.86
D,RESIDUE_PRICE_OFFER,,1,A202309,C2024Q3T09,V-SA,SA1,2,9290.906620
D,RESIDUE_PRICE_OFFER,,1,A202309,C2024Q3T09,V-SA,SA1,2,9600.01
D,RESIDUE_PRICE_OFFER,,1,A202309,C2024Q3T09,V-SA,SA1,2,10200.01
D,RESIDUE_PRICE_OFFER,,1,A202309,C2024Q3T09,V-SA,SA1,2,10285.709990
D,RESIDUE_PRICE_OFFER,,1,A202309,C2024Q3T09,V-SA,SA1,2,10591.633550
D,RESIDUE_PRICE_OFFER,,1,A202309,C2024Q3T09,V-SA,SA1,2,10800.01
D,RESIDUE_PRICE_OFFER,,1,A202309,C2024Q3T09,V-SA,SA1,2,11400.01
D,RESIDUE_PRICE_OFFER,,1,A202309,C2024Q3T09,V-SA,SA1,2,11428.57
D,RESIDUE_PRICE_OFFER,,1,A202309,C2024Q3T09,V-SA,SA1,2,12000.01
D,RESIDUE_PRICE_OFFER,,1,A202309,C2024Q3T09,V-SA,SA1,2,12571.43
D,RESIDUE_PRICE_OFFER,,1,A202309,C2024Q3T09,V-SA,SA1,2,12600.01
D,RESIDUE_PRICE_OFFER,,1,A202309,C2024Q3T09,V-SA,SA1,2,13200.01
D,RESIDUE_PRICE_OFFER,,1,A202309,C2024Q3T09,V-SA,SA1,2,13714.29
D,RESIDUE_PRICE_OFFER,,1,A202309,C2024Q3T09,V-SA,SA1,2,13800.01
D,RESIDUE_PRICE_OFFER,,1,A202309,C2024Q3T09,V-SA,SA1,2,14400.01
D,RESIDUE_PRICE_OFFER,,1,A202309,C2024Q3T09,V-SA,SA1,2,14857.14
D,RESIDUE_PRICE_OFFER,,1,A202309,C2024Q3T09,V-SA,SA1,2,15000.01
D,RESIDUE_PRICE_OFFER,,1,A202309,C2024Q3T09,V-SA,SA1,2,16000
D,RESIDUE_PRICE_OFFER,,1,A202309,C2024Q3T09,V-SA,SA1,64,0
D,RESIDUE_PRICE_OFFER,,1,A202309,C2024Q3T09,V-SA,VIC1,1,19150.47
D,RESIDUE_PRICE_OFFER,,1,A202309,C2024Q3T09,V-SA,VIC1,1,19300.47
D,RESIDUE_PRICE_OFFER,,1,A202309,C2024Q3T09,V-SA,VIC1,1,19450.47
D,RESIDUE_PRICE_OFFER,,1,A202309,C2024Q3T09,V-SA,VIC1,1,19600.47
D,RESIDUE_PRICE_OFFER,,1,A202309,C2024Q3T09,V-SA,VIC1,1,19750.47
D,RESIDUE_PRICE_OFFER,,1,A202309,C2024Q3T09,V-SA,VIC1,1,19900.47
D,RESIDUE_PRICE_OFFER,,1,A202309,C2024Q3T09,V-SA,VIC1,1,20050.47
D,RESIDUE_PRICE_OFFER,,1,A202309,C2024Q3T09,V-SA,VIC1,1,20200.47
D,RESIDUE_PRICE_OFFER,,1,A202309,C2024Q3T09,V-SA,VIC1,1,20350.47
D,RESIDUE_PRICE_OFFER,,1,A202309,C2024Q3T09,V-SA,VIC1,1,20500.47
D,RESIDUE_PRICE_OFFER,,1,A202309,C2024Q3T09,V-SA,VIC1,1,20650.47
D,RESIDUE_PRICE_OFFER,,1,A202309,C2024Q3T09,V-SA,VIC1,1,20800.47
D,RESIDUE_PRICE_OFFER,,1,A202309,C2024Q3T09,V-SA,VIC1,1,20950.47
D,RESIDUE_PRICE_OFFER,,1,A202309,C2024Q3T09,V-SA,VIC1,1,21100.47
D,RESIDUE_PRICE_OFFER,,1,A202309,C2024Q3T09,V-SA,VIC1,1,21250.47
D,RESIDUE_PRICE_OFFER,,1,A202309,C2024Q3T09,V-SA,VIC1,1,21400.47
D,RESIDUE_PRICE_OFFER,,1,A202309,C2024Q3T09,V-SA,VIC1,1,21550.47
D,RESIDUE_PRICE_OFFER,,1,A202309,C2024Q3T09,V-SA,VIC1,1,21700.47
D,RESIDUE_PRICE_OFFER,,1,A202309,C2024Q3T09,V-SA,VIC1,1,21850.47
D,RESIDUE_PRICE_OFFER,,1,A202309,C2024Q3T09,V-SA,VIC1,1,22000.47
D,RESIDUE_PRICE_OFFER,,1,A202309,C2024Q3T09,V-SA,VIC1,2,26720.0720
D,RESIDUE_PRICE_OFFER,,1,A202309,C2024Q3T09,V-SA,VIC1,2,29124.878480
D,RESIDUE_PRICE_OFFER,,1,A202309,C2024Q3T09,V-SA,VIC1,2,31746.117540
D,RESIDUE_PRICE_OFFER,,1,A202309,C2024Q3T09,V-SA,VIC1,2,34603.268120
D,RESIDUE_PRICE_OFFER,,1,A202309,C2024Q3T09,V-SA,VIC1,2,37717.562250
D,RESIDUE_PRICE_OFFER,,1,A202309,C2024Q3T09,V-SA,VIC1,2,41112.142860
D,RESIDUE_PRICE_OFFER,,1,A202309,C2024Q3T09,V-SA,VIC1,3,25100.47
D,RESIDUE_PRICE_OFFER,,1,A202309,C2024Q3T09,V-SA,VIC1,3,26200.47
D,RESIDUE_PRICE_OFFER,,1,A202309,C2024Q3T09,V-SA,VIC1,3,27300.47
D,RESIDUE_PRICE_OFFER,,1,A202309,C2024Q3T09,V-SA,VIC1,3,28400.47
D,RESIDUE_PRICE_OFFER,,1,A202309,C2024Q3T09,V-SA,VIC1,3,29500.47
D,RESIDUE_PRICE_OFFER,,1,A202309,C2024Q3T09,V-SA,VIC1,3,30600.47
D,RESIDUE_PRICE_OFFER,,1,A202309,C2024Q3T09,V-SA,VIC1,3,31700.47
D,RESIDUE_PRICE_OFFER,,1,A202309,C2024Q3T09,V-SA,VIC1,3,32800.47
D,RESIDUE_PRICE_OFFER,,1,A202309,C2024Q3T09,V-SA,VIC1,3,33900.47
D,RESIDUE_PRICE_OFFER,,1,A202309,C2024Q3T09,V-SA,VIC1,3,35000.47
D,RESIDUE_PRICE_OFFER,,1,A202309,C2024Q3T09,V-SA,VIC1,5,43000
D,RESIDUE_PRICE_OFFER,,1,A202309,C2024Q3T09,V-SA,VIC1,73,0
D,RESIDUE_PRICE_OFFER,,1,A202309,C2024Q3T09,VIC1-NSW1,NSW1,1,3000.09
D,RESIDUE_PRICE_OFFER,,1,A202309,C2024Q3T09,VIC1-NSW1,NSW1,1,3500.09
D,RESIDUE_PRICE_OFFER,,1,A202309,C2024Q3T09,VIC1-NSW1,NSW1,1,4000.09
D,RESIDUE_PRICE_OFFER,,1,A202309,C2024Q3T09,VIC1-NSW1,NSW1,2,2974.037270
D,RESIDUE_PRICE_OFFER,,1,A202309,C2024Q3T09,VIC1-NSW1,NSW1,2,3568.844720
D,RESIDUE_PRICE_OFFER,,1,A202309,C2024Q3T09,VIC1-NSW1,NSW1,2,4282.613670
D,RESIDUE_PRICE_OFFER,,1,A202309,C2024Q3T09,VIC1-NSW1,NSW1,2,5139.1364
D,RESIDUE_PRICE_OFFER,,1,A202309,C2024Q3T09,VIC1-NSW1,NSW1,2,6166.963680
D,RESIDUE_PRICE_OFFER,,1,A202309,C2024Q3T09,VIC1-NSW1,NSW1,2,7400.356420
D,RESIDUE_PRICE_OFFER,,1,A202309,C2024Q3T09,VIC1-NSW1,NSW1,15,4900
D,RESIDUE_PRICE_OFFER,,1,A202309,C2024Q3T09,VIC1-NSW1,NSW1,15,6200
D,RESIDUE_PRICE_OFFER,,1,A202309,C2024Q3T09,VIC1-NSW1,NSW1,108,0
D,RESIDUE_PRICE_OFFER,,1,A202309,C2024Q3T09,VIC1-NSW1,VIC1,1,29020.76
D,RESIDUE_PRICE_OFFER,,1,A202309,C2024Q3T09,VIC1-NSW1,VIC1,1,29040.76
D,RESIDUE_PRICE_OFFER,,1,A202309,C2024Q3T09,VIC1-NSW1,VIC1,1,29060.76
D,RESIDUE_PRICE_OFFER,,1,A202309,C2024Q3T09,VIC1-NSW1,VIC1,1,29080.76
D,RESIDUE_PRICE_OFFER,,1,A202309,C2024Q3T09,VIC1-NSW1,VIC1,1,29100.76
D,RESIDUE_PRICE_OFFER,,1,A202309,C2024Q3T09,VIC1-NSW1,VIC1,1,29120.76
D,RESIDUE_PRICE_OFFER,,1,A202309,C2024Q3T09,VIC1-NSW1,VIC1,1,29140.76
D,RESIDUE_PRICE_OFFER,,1,A202309,C2024Q3T09,VIC1-NSW1,VIC1,1,29160.76
D,RESIDUE_PRICE_OFFER,,1,A202309,C2024Q3T09,VIC1-NSW1,VIC1,1,29180.76
D,RESIDUE_PRICE_OFFER,,1,A202309,C2024Q3T09,VIC1-NSW1,VIC1,1,29200.76
D,RESIDUE_PRICE_OFFER,,1,A202309,C2024Q3T09,VIC1-NSW1,VIC1,1,29220.76
D,RESIDUE_PRICE_OFFER,,1,A202309,C2024Q3T09,VIC1-NSW1,VIC1,1,29240.76
D,RESIDUE_PRICE_OFFER,,1,A202309,C2024Q3T09,VIC1-NSW1,VIC1,1,29260.76
D,RESIDUE_PRICE_OFFER,,1,A202309,C2024Q3T09,VIC1-NSW1,VIC1,1,29280.76
D,RESIDUE_PRICE_OFFER,,1,A202309,C2024Q3T09,VIC1-NSW1,VIC1,1,29300.76
D,RESIDUE_PRICE_OFFER,,1,A202309,C2024Q3T09,VIC1-NSW1,VIC1,1,29320.76
D,RESIDUE_PRICE_OFFER,,1,A202309,C2024Q3T09,VIC1-NSW1,VIC1,1,29340.76
D,RESIDUE_PRICE_OFFER,,1,A202309,C2024Q3T09,VIC1-NSW1,VIC1,1,29360.76
D,RESIDUE_PRICE_OFFER,,1,A202309,C2024Q3T09,VIC1-NSW1,VIC1,1,29380.76
D,RESIDUE_PRICE_OFFER,,1,A202309,C2024Q3T09,VIC1-NSW1,VIC1,1,29400.76
D,RESIDUE_PRICE_OFFER,,1,A202309,C2024Q3T09,VIC1-NSW1,VIC1,1,29420.76
D,RESIDUE_PRICE_OFFER,,1,A202309,C2024Q3T09,VIC1-NSW1,VIC1,1,29440.76
D,RESIDUE_PRICE_OFFER,,1,A202309,C2024Q3T09,VIC1-NSW1,VIC1,1,29460.76
D,RESIDUE_PRICE_OFFER,,1,A202309,C2024Q3T09,VIC1-NSW1,VIC1,1,29480.76
D,RESIDUE_PRICE_OFFER,,1,A202309,C2024Q3T09,VIC1-NSW1,VIC1,1,29500.76
D,RESIDUE_PRICE_OFFER,,1,A202309,C2024Q3T09,VIC1-NSW1,VIC1,1,44161.9840
D,RESIDUE_PRICE_OFFER,,1,A202309,C2024Q3T09,VIC1-NSW1,VIC1,1,48578.1824
D,RESIDUE_PRICE_OFFER,,1,A202309,C2024Q3T09,VIC1-NSW1,VIC1,1,53436.000640
D,RESIDUE_PRICE_OFFER,,1,A202309,C2024Q3T09,VIC1-NSW1,VIC1,2,58779.6007
D,RESIDUE_PRICE_OFFER,,1,A202309,C2024Q3T09,VIC1-NSW1,VIC1,2,64657.560770
D,RESIDUE_PRICE_OFFER,,1,A202309,C2024Q3T09,VIC1-NSW1,VIC1,2,71123.316850
D,RESIDUE_PRICE_OFFER,,1,A202309,C2024Q3T09,VIC1-NSW1,VIC1,5,32000.76
D,RESIDUE_PRICE_OFFER,,1,A202309,C2024Q3T09,VIC1-NSW1,VIC1,5,34000.76
D,RESIDUE_PRICE_OFFER,,1,A202309,C2024Q3T09,VIC1-NSW1,VIC1,5,36000.76
D,RESIDUE_PRICE_OFFER,,1,A202309,C2024Q3T09,VIC1-NSW1,VIC1,5,38000.76
D,RESIDUE_PRICE_OFFER,,1,A202309,C2024Q3T09,VIC1-NSW1,VIC1,5,40000.76
D,RESIDUE_PRICE_OFFER,,1,A202309,C2024Q3T09,VIC1-NSW1,VIC1,5,42000.76
D,RESIDUE_PRICE_OFFER,,1,A202309,C2024Q3T09,VIC1-NSW1,VIC1,5,44000.76
D,RESIDUE_PRICE_OFFER,,1,A202309,C2024Q3T09,VIC1-NSW1,VIC1,5,46000.76
D,RESIDUE_PRICE_OFFER,,1,A202309,C2024Q3T09,VIC1-NSW1,VIC1,5,48000.76
D,RESIDUE_PRICE_OFFER,,1,A202309,C2024Q3T09,VIC1-NSW1,VIC1,5,50000.76
D,RESIDUE_PRICE_OFFER,,1,A202309,C2024Q3T09,VIC1-NSW1,VIC1,10,47000
D,RESIDUE_PRICE_OFFER,,1,A202309,C2024Q3T09,VIC1-NSW1,VIC1,13,44000
D,RESIDUE_PRICE_OFFER,,1,A202309,C2024Q3T09,VIC1-NSW1,VIC1,20,35000
D,RESIDUE_PRICE_OFFER,,1,A202309,C2024Q3T09,VIC1-NSW1,VIC1,35,36000
D,RESIDUE_PRICE_OFFER,,1,A202309,C2024Q3T09,VIC1-NSW1,VIC1,35,42000
D,RESIDUE_PRICE_OFFER,,1,A202309,C2024Q3T09,VIC1-NSW1,VIC1,125,0
D,RESIDUE_PRICE_OFFER,,1,A202309,C2024Q4T08,NSW1-QLD1,NSW1,2,17229.0240
D,RESIDUE_PRICE_OFFER,,1,A202309,C2024Q4T08,NSW1-QLD1,NSW1,2,17573.604480
D,RESIDUE_PRICE_OFFER,,1,A202309,C2024Q4T08,NSW1-QLD1,NSW1,2,17925.076570
D,RESIDUE_PRICE_OFFER,,1,A202309,C2024Q4T08,NSW1-QLD1,NSW1,2,18283.5781
D,RESIDUE_PRICE_OFFER,,1,A202309,C2024Q4T08,NSW1-QLD1,NSW1,2,18649.249660
D,RESIDUE_PRICE_OFFER,,1,A202309,C2024Q4T08,NSW1-QLD1,NSW1,2,19022.234650
D,RESIDUE_PRICE_OFFER,,1,A202309,C2024Q4T08,NSW1-QLD1,NSW1,45,0
D,RESIDUE_PRICE_OFFER,,1,A202309,C2024Q4T08,NSW1-QLD1,QLD1,2,14630.832550
D,RESIDUE_PRICE_OFFER,,1,A202309,C2024Q4T08,NSW1-QLD1,QLD1,2,15700.69
D,RESIDUE_PRICE_OFFER,,1,A202309,C2024Q4T08,NSW1-QLD1,QLD1,2,15900.69
D,RESIDUE_PRICE_OFFER,,1,A202309,C2024Q4T08,NSW1-QLD1,QLD1,2,16100.69
D,RESIDUE_PRICE_OFFER,,1,A202309,C2024Q4T08,NSW1-QLD1,QLD1,2,16300.69
D,RESIDUE_PRICE_OFFER,,1,A202309,C2024Q4T08,NSW1-QLD1,QLD1,2,16500.689990
D,RESIDUE_PRICE_OFFER,,1,A202309,C2024Q4T08,NSW1-QLD1,QLD1,2,16700.689990
D,RESIDUE_PRICE_OFFER,,1,A202309,C2024Q4T08,NSW1-QLD1,QLD1,2,16900.689990
D,RESIDUE_PRICE_OFFER,,1,A202309,C2024Q4T08,NSW1-QLD1,QLD1,2,17100.689990
D,RESIDUE_PRICE_OFFER,,1,A202309,C2024Q4T08,NSW1-QLD1,QLD1,2,17300.689990
D,RESIDUE_PRICE_OFFER,,1,A202309,C2024Q4T08,NSW1-QLD1,QLD1,2,17500.689990
D,RESIDUE_PRICE_OFFER,,1,A202309,C2024Q4T08,NSW1-QLD1,QLD1,2,17703.307390
D,RESIDUE_PRICE_OFFER,,1,A202309,C2024Q4T08,NSW1-QLD1,QLD1,3,19700.689990
D,RESIDUE_PRICE_OFFER,,1,A202309,C2024Q4T08,NSW1-QLD1,QLD1,3,19900.689990
D,RESIDUE_PRICE_OFFER,,1,A202309,C2024Q4T08,NSW1-QLD1,QLD1,3,20100.689990
D,RESIDUE_PRICE_OFFER,,1,A202309,C2024Q4T08,NSW1-QLD1,QLD1,3,20300.689990
D,RESIDUE_PRICE_OFFER,,1,A202309,C2024Q4T08,NSW1-QLD1,QLD1,3,20500.689990
D,RESIDUE_PRICE_OFFER,,1,A202309,C2024Q4T08,NSW1-QLD1,QLD1,3,20700.689990
D,RESIDUE_PRICE_OFFER,,1,A202309,C2024Q4T08,NSW1-QLD1,QLD1,3,20900.689990
D,RESIDUE_PRICE_OFFER,,1,A202309,C2024Q4T08,NSW1-QLD1,QLD1,3,21100.689990
D,RESIDUE_PRICE_OFFER,,1,A202309,C2024Q4T08,NSW1-QLD1,QLD1,3,21300.689990
D,RESIDUE_PRICE_OFFER,,1,A202309,C2024Q4T08,NSW1-QLD1,QLD1,3,21421.001930
D,RESIDUE_PRICE_OFFER,,1,A202309,C2024Q4T08,NSW1-QLD1,QLD1,3,21500.69
D,RESIDUE_PRICE_OFFER,,1,A202309,C2024Q4T08,NSW1-QLD1,QLD1,3,24419.942210
D,RESIDUE_PRICE_OFFER,,1,A202309,C2024Q4T08,NSW1-QLD1,QLD1,4,27838.734120
D,RESIDUE_PRICE_OFFER,,1,A202309,C2024Q4T08,NSW1-QLD1,QLD1,4,29787.445510
D,RESIDUE_PRICE_OFFER,,1,A202309,C2024Q4T08,NSW1-QLD1,QLD1,8,24500
D,RESIDUE_PRICE_OFFER,,1,A202309,C2024Q4T08,NSW1-QLD1,QLD1,20,35000
D,RESIDUE_PRICE_OFFER,,1,A202309,C2024Q4T08,NSW1-QLD1,QLD1,50,25000
D,RESIDUE_PRICE_OFFER,,1,A202309,C2024Q4T08,NSW1-QLD1,QLD1,100,0
D,RESIDUE_PRICE_OFFER,,1,A202309,C2024Q4T08,V-SA,SA1,1,6100.01
D,RESIDUE_PRICE_OFFER,,1,A202309,C2024Q4T08,V-SA,SA1,1,6200.01
D,RESIDUE_PRICE_OFFER,,1,A202309,C2024Q4T08,V-SA,SA1,1,6300.01
D,RESIDUE_PRICE_OFFER,,1,A202309,C2024Q4T08,V-SA,SA1,1,6400.01
D,RESIDUE_PRICE_OFFER,,1,A202309,C2024Q4T08,V-SA,SA1,1,6500.01
D,RESIDUE_PRICE_OFFER,,1,A202309,C2024Q4T08,V-SA,SA1,1,6600.01
D,RESIDUE_PRICE_OFFER,,1,A202309,C2024Q4T08,V-SA,SA1,1,6700.01
D,RESIDUE_PRICE_OFFER,,1,A202309,C2024Q4T08,V-SA,SA1,1,6800.01
D,RESIDUE_PRICE_OFFER,,1,A202309,C2024Q4T08,V-SA,SA1,1,6900.01
D,RESIDUE_PRICE_OFFER,,1,A202309,C2024Q4T08,V-SA,SA1,1,7000.01
D,RESIDUE_PRICE_OFFER,,1,A202309,C2024Q4T08,V-SA,SA1,1,7100.01
D,RESIDUE_PRICE_OFFER,,1,A202309,C2024Q4T08,V-SA,SA1,1,7200.01
D,RESIDUE_PRICE_OFFER,,1,A202309,C2024Q4T08,V-SA,SA1,1,7300.01
D,RESIDUE_PRICE_OFFER,,1,A202309,C2024Q4T08,V-SA,SA1,1,7400.01
D,RESIDUE_PRICE_OFFER,,1,A202309,C2024Q4T08,V-SA,SA1,1,7500.01
D,RESIDUE_PRICE_OFFER,,1,A202309,C2024Q4T08,V-SA,SA1,1,7600.01
D,RESIDUE_PRICE_OFFER,,1,A202309,C2024Q4T08,V-SA,SA1,1,7700.01
D,RESIDUE_PRICE_OFFER,,1,A202309,C2024Q4T08,V-SA,SA1,1,7800.01
D,RESIDUE_PRICE_OFFER,,1,A202309,C2024Q4T08,V-SA,SA1,1,7900.01
D,RESIDUE_PRICE_OFFER,,1,A202309,C2024Q4T08,V-SA,SA1,1,8000
D,RESIDUE_PRICE_OFFER,,1,A202309,C2024Q4T08,V-SA,SA1,1,8000.01
D,RESIDUE_PRICE_OFFER,,1,A202309,C2024Q4T08,V-SA,SA1,2,5362.9595
D,RESIDUE_PRICE_OFFER,,1,A202309,C2024Q4T08,V-SA,SA1,2,6113.773830
D,RESIDUE_PRICE_OFFER,,1,A202309,C2024Q4T08,V-SA,SA1,2,6969.702160
D,RESIDUE_PRICE_OFFER,,1,A202309,C2024Q4T08,V-SA,SA1,2,7945.460460
D,RESIDUE_PRICE_OFFER,,1,A202309,C2024Q4T08,V-SA,SA1,2,9057.824930
D,RESIDUE_PRICE_OFFER,,1,A202309,C2024Q4T08,V-SA,SA1,2,9142.86
D,RESIDUE_PRICE_OFFER,,1,A202309,C2024Q4T08,V-SA,SA1,2,10285.709990
D,RESIDUE_PRICE_OFFER,,1,A202309,C2024Q4T08,V-SA,SA1,2,10325.920430
D,RESIDUE_PRICE_OFFER,,1,A202309,C2024Q4T08,V-SA,SA1,2,11428.57
D,RESIDUE_PRICE_OFFER,,1,A202309,C2024Q4T08,V-SA,SA1,2,12571.43
D,RESIDUE_PRICE_OFFER,,1,A202309,C2024Q4T08,V-SA,SA1,2,13714.29
D,RESIDUE_PRICE_OFFER,,1,A202309,C2024Q4T08,V-SA,SA1,2,14857.14
D,RESIDUE_PRICE_OFFER,,1,A202309,C2024Q4T08,V-SA,SA1,2,16000
D,RESIDUE_PRICE_OFFER,,1,A202309,C2024Q4T08,V-SA,SA1,3,10500.01
D,RESIDUE_PRICE_OFFER,,1,A202309,C2024Q4T08,V-SA,SA1,3,11000.01
D,RESIDUE_PRICE_OFFER,,1,A202309,C2024Q4T08,V-SA,SA1,3,11500.01
D,RESIDUE_PRICE_OFFER,,1,A202309,C2024Q4T08,V-SA,SA1,3,12000.01
D,RESIDUE_PRICE_OFFER,,1,A202309,C2024Q4T08,V-SA,SA1,3,12500.01
D,RESIDUE_PRICE_OFFER,,1,A202309,C2024Q4T08,V-SA,SA1,3,13000.01
D,RESIDUE_PRICE_OFFER,,1,A202309,C2024Q4T08,V-SA,SA1,3,13500.01
D,RESIDUE_PRICE_OFFER,,1,A202309,C2024Q4T08,V-SA,SA1,3,14000.01
D,RESIDUE_PRICE_OFFER,,1,A202309,C2024Q4T08,V-SA,SA1,3,14500.01
D,RESIDUE_PRICE_OFFER,,1,A202309,C2024Q4T08,V-SA,SA1,3,15000.01
D,RESIDUE_PRICE_OFFER,,1,A202309,C2024Q4T08,V-SA,SA1,64,0
D,RESIDUE_PRICE_OFFER,,1,A202309,C2024Q4T08,V-SA,VIC1,2,20000.47
D,RESIDUE_PRICE_OFFER,,1,A202309,C2024Q4T08,V-SA,VIC1,2,26199.9980
D,RESIDUE_PRICE_OFFER,,1,A202309,C2024Q4T08,V-SA,VIC1,2,28557.997820
D,RESIDUE_PRICE_OFFER,,1,A202309,C2024Q4T08,V-SA,VIC1,2,31128.217620
D,RESIDUE_PRICE_OFFER,,1,A202309,C2024Q4T08,V-SA,VIC1,2,33929.757210
D,RESIDUE_PRICE_OFFER,,1,A202309,C2024Q4T08,V-SA,VIC1,2,36983.435360
D,RESIDUE_PRICE_OFFER,,1,A202309,C2024Q4T08,V-SA,VIC1,2,40311.944530
D,RESIDUE_PRICE_OFFER,,1,A202309,C2024Q4T08,V-SA,VIC1,5,35000
D,RESIDUE_PRICE_OFFER,,1,A202309,C2024Q4T08,V-SA,VIC1,73,0
D,RESIDUE_PRICE_OFFER,,1,A202309,C2024Q4T08,VIC1-NSW1,NSW1,2,2627.778330
D,RESIDUE_PRICE_OFFER,,1,A202309,C2024Q4T08,VIC1-NSW1,NSW1,2,3153.3340
D,RESIDUE_PRICE_OFFER,,1,A202309,C2024Q4T08,VIC1-NSW1,NSW1,2,3784.0008
D,RESIDUE_PRICE_OFFER,,1,A202309,C2024Q4T08,VIC1-NSW1,NSW1,2,4540.800950
D,RESIDUE_PRICE_OFFER,,1,A202309,C2024Q4T08,VIC1-NSW1,NSW1,2,5448.961150
D,RESIDUE_PRICE_OFFER,,1,A202309,C2024Q4T08,VIC1-NSW1,NSW1,2,6538.753380
D,RESIDUE_PRICE_OFFER,,1,A202309,C2024Q4T08,VIC1-NSW1,NSW1,108,0
D,RESIDUE_PRICE_OFFER,,1,A202309,C2024Q4T08,VIC1-NSW1,VIC1,1,17020.759990
D,RESIDUE_PRICE_OFFER,,1,A202309,C2024Q4T08,VIC1-NSW1,VIC1,1,17040.759990
D,RESIDUE_PRICE_OFFER,,1,A202309,C2024Q4T08,VIC1-NSW1,VIC1,1,17060.759990
D,RESIDUE_PRICE_OFFER,,1,A202309,C2024Q4T08,VIC1-NSW1,VIC1,1,17080.759990
D,RESIDUE_PRICE_OFFER,,1,A202309,C2024Q4T08,VIC1-NSW1,VIC1,1,17100.759990
D,RESIDUE_PRICE_OFFER,,1,A202309,C2024Q4T08,VIC1-NSW1,VIC1,1,17120.759990
D,RESIDUE_PRICE_OFFER,,1,A202309,C2024Q4T08,VIC1-NSW1,VIC1,1,17140.759990
D,RESIDUE_PRICE_OFFER,,1,A202309,C2024Q4T08,VIC1-NSW1,VIC1,1,17160.759990
D,RESIDUE_PRICE_OFFER,,1,A202309,C2024Q4T08,VIC1-NSW1,VIC1,1,17180.759990
D,RESIDUE_PRICE_OFFER,,1,A202309,C2024Q4T08,VIC1-NSW1,VIC1,1,17200.759990
D,RESIDUE_PRICE_OFFER,,1,A202309,C2024Q4T08,VIC1-NSW1,VIC1,1,17220.759990
D,RESIDUE_PRICE_OFFER,,1,A202309,C2024Q4T08,VIC1-NSW1,VIC1,1,17240.759990
D,RESIDUE_PRICE_OFFER,,1,A202309,C2024Q4T08,VIC1-NSW1,VIC1,1,17260.759990
D,RESIDUE_PRICE_OFFER,,1,A202309,C2024Q4T08,VIC1-NSW1,VIC1,1,17280.759990
D,RESIDUE_PRICE_OFFER,,1,A202309,C2024Q4T08,VIC1-NSW1,VIC1,1,17300.759990
D,RESIDUE_PRICE_OFFER,,1,A202309,C2024Q4T08,VIC1-NSW1,VIC1,1,17320.759990
D,RESIDUE_PRICE_OFFER,,1,A202309,C2024Q4T08,VIC1-NSW1,VIC1,1,17340.759990
D,RESIDUE_PRICE_OFFER,,1,A202309,C2024Q4T08,VIC1-NSW1,VIC1,1,17360.759990
D,RESIDUE_PRICE_OFFER,,1,A202309,C2024Q4T08,VIC1-NSW1,VIC1,1,17380.759990
D,RESIDUE_PRICE_OFFER,,1,A202309,C2024Q4T08,VIC1-NSW1,VIC1,1,17400.759990
D,RESIDUE_PRICE_OFFER,,1,A202309,C2024Q4T08,VIC1-NSW1,VIC1,1,17420.759990
D,RESIDUE_PRICE_OFFER,,1,A202309,C2024Q4T08,VIC1-NSW1,VIC1,1,17440.759990
D,RESIDUE_PRICE_OFFER,,1,A202309,C2024Q4T08,VIC1-NSW1,VIC1,1,17460.759990
D,RESIDUE_PRICE_OFFER,,1,A202309,C2024Q4T08,VIC1-NSW1,VIC1,1,17480.759990
D,RESIDUE_PRICE_OFFER,,1,A202309,C2024Q4T08,VIC1-NSW1,VIC1,1,17500.759990
D,RESIDUE_PRICE_OFFER,,1,A202309,C2024Q4T08,VIC1-NSW1,VIC1,2,19622.480180
D,RESIDUE_PRICE_OFFER,,1,A202309,C2024Q4T08,VIC1-NSW1,VIC1,2,20050.759990
D,RESIDUE_PRICE_OFFER,,1,A202309,C2024Q4T08,VIC1-NSW1,VIC1,2,20100.759990
D,RESIDUE_PRICE_OFFER,,1,A202309,C2024Q4T08,VIC1-NSW1,VIC1,2,20150.759990
D,RESIDUE_PRICE_OFFER,,1,A202309,C2024Q4T08,VIC1-NSW1,VIC1,2,20200.759990
D,RESIDUE_PRICE_OFFER,,1,A202309,C2024Q4T08,VIC1-NSW1,VIC1,2,20250.759990
D,RESIDUE_PRICE_OFFER,,1,A202309,C2024Q4T08,VIC1-NSW1,VIC1,2,20300.759990
D,RESIDUE_PRICE_OFFER,,1,A202309,C2024Q4T08,VIC1-NSW1,VIC1,2,20350.759990
D,RESIDUE_PRICE_OFFER,,1,A202309,C2024Q4T08,VIC1-NSW1,VIC1,2,20400.759990
D,RESIDUE_PRICE_OFFER,,1,A202309,C2024Q4T08,VIC1-NSW1,VIC1,2,20450.759990
D,RESIDUE_PRICE_OFFER,,1,A202309,C2024Q4T08,VIC1-NSW1,VIC1,2,20500.759990
D,RESIDUE_PRICE_OFFER,,1,A202309,C2024Q4T08,VIC1-NSW1,VIC1,2,20550.759990
D,RESIDUE_PRICE_OFFER,,1,A202309,C2024Q4T08,VIC1-NSW1,VIC1,2,20600.759990
D,RESIDUE_PRICE_OFFER,,1,A202309,C2024Q4T08,VIC1-NSW1,VIC1,2,20650.759990
D,RESIDUE_PRICE_OFFER,,1,A202309,C2024Q4T08,VIC1-NSW1,VIC1,2,20700.759990
D,RESIDUE_PRICE_OFFER,,1,A202309,C2024Q4T08,VIC1-NSW1,VIC1,2,20750.759990
D,RESIDUE_PRICE_OFFER,,1,A202309,C2024Q4T08,VIC1-NSW1,VIC1,2,20800.759990
D,RESIDUE_PRICE_OFFER,,1,A202309,C2024Q4T08,VIC1-NSW1,VIC1,2,20850.759990
D,RESIDUE_PRICE_OFFER,,1,A202309,C2024Q4T08,VIC1-NSW1,VIC1,2,20900.759990
D,RESIDUE_PRICE_OFFER,,1,A202309,C2024Q4T08,VIC1-NSW1,VIC1,2,20950.759990
D,RESIDUE_PRICE_OFFER,,1,A202309,C2024Q4T08,VIC1-NSW1,VIC1,2,20996.053810
D,RESIDUE_PRICE_OFFER,,1,A202309,C2024Q4T08,VIC1-NSW1,VIC1,2,21000.759990
D,RESIDUE_PRICE_OFFER,,1,A202309,C2024Q4T08,VIC1-NSW1,VIC1,2,22720.76
D,RESIDUE_PRICE_OFFER,,1,A202309,C2024Q4T08,VIC1-NSW1,VIC1,2,23440.76
D,RESIDUE_PRICE_OFFER,,1,A202309,C2024Q4T08,VIC1-NSW1,VIC1,2,24160.76
D,RESIDUE_PRICE_OFFER,,1,A202309,C2024Q4T08,VIC1-NSW1,VIC1,2,24880.76
D,RESIDUE_PRICE_OFFER,,1,A202309,C2024Q4T08,VIC1-NSW1,VIC1,2,25600.76
D,RESIDUE_PRICE_OFFER,,1,A202309,C2024Q4T08,VIC1-NSW1,VIC1,2,26320.76
D,RESIDUE_PRICE_OFFER,,1,A202309,C2024Q4T08,VIC1-NSW1,VIC1,2,27040.76
D,RESIDUE_PRICE_OFFER,,1,A202309,C2024Q4T08,VIC1-NSW1,VIC1,2,27760.76
D,RESIDUE_PRICE_OFFER,,1,A202309,C2024Q4T08,VIC1-NSW1,VIC1,2,28480.76
D,RESIDUE_PRICE_OFFER,,1,A202309,C2024Q4T08,VIC1-NSW1,VIC1,2,29200.76
D,RESIDUE_PRICE_OFFER,,1,A202309,C2024Q4T08,VIC1-NSW1,VIC1,2,29920.76
D,RESIDUE_PRICE_OFFER,,1,A202309,C2024Q4T08,VIC1-NSW1,VIC1,2,30640.76
D,RESIDUE_PRICE_OFFER,,1,A202309,C2024Q4T08,VIC1-NSW1,VIC1,2,31360.76
D,RESIDUE_PRICE_OFFER,,1,A202309,C2024Q4T08,VIC1-NSW1,VIC1,2,32080.76
D,RESIDUE_PRICE_OFFER,,1,A202309,C2024Q4T08,VIC1-NSW1,VIC1,2,32800.76
D,RESIDUE_PRICE_OFFER,,1,A202309,C2024Q4T08,VIC1-NSW1,VIC1,2,33520.76
D,RESIDUE_PRICE_OFFER,,1,A202309,C2024Q4T08,VIC1-NSW1,VIC1,2,34240.76
D,RESIDUE_PRICE_OFFER,,1,A202309,C2024Q4T08,VIC1-NSW1,VIC1,2,34960.76
D,RESIDUE_PRICE_OFFER,,1,A202309,C2024Q4T08,VIC1-NSW1,VIC1,2,35680.76
D,RESIDUE_PRICE_OFFER,,1,A202309,C2024Q4T08,VIC1-NSW1,VIC1,2,36400.76
D,RESIDUE_PRICE_OFFER,,1,A202309,C2024Q4T08,VIC1-NSW1,VIC1,2,37120.76
D,RESIDUE_PRICE_OFFER,,1,A202309,C2024Q4T08,VIC1-NSW1,VIC1,2,37840.76
D,RESIDUE_PRICE_OFFER,,1,A202309,C2024Q4T08,VIC1-NSW1,VIC1,2,38560.76
D,RESIDUE_PRICE_OFFER,,1,A202309,C2024Q4T08,VIC1-NSW1,VIC1,2,39280.76
D,RESIDUE_PRICE_OFFER,,1,A202309,C2024Q4T08,VIC1-NSW1,VIC1,2,40000.76
D,RESIDUE_PRICE_OFFER,,1,A202309,C2024Q4T08,VIC1-NSW1,VIC1,4,23095.659190
D,RESIDUE_PRICE_OFFER,,1,A202309,C2024Q4T08,VIC1-NSW1,VIC1,4,25405.2251
D,RESIDUE_PRICE_OFFER,,1,A202309,C2024Q4T08,VIC1-NSW1,VIC1,4,27945.747620
D,RESIDUE_PRICE_OFFER,,1,A202309,C2024Q4T08,VIC1-NSW1,VIC1,4,32137.609760
D,RESIDUE_PRICE_OFFER,,1,A202309,C2024Q4T08,VIC1-NSW1,VIC1,8,35000
D,RESIDUE_PRICE_OFFER,,1,A202309,C2024Q4T08,VIC1-NSW1,VIC1,8,38000
D,RESIDUE_PRICE_OFFER,,1,A202309,C2024Q4T08,VIC1-NSW1,VIC1,20,35000
D,RESIDUE_PRICE_OFFER,,1,A202309,C2024Q4T08,VIC1-NSW1,VIC1,53,42000
D,RESIDUE_PRICE_OFFER,,1,A202309,C2024Q4T08,VIC1-NSW1,VIC1,125,0
D,RESIDUE_PRICE_OFFER,,1,A202309,C2025Q1T07,NSW1-QLD1,NSW1,1,14925.48
D,RESIDUE_PRICE_OFFER,,1,A202309,C2025Q1T07,NSW1-QLD1,NSW1,1,15000.48
D,RESIDUE_PRICE_OFFER,,1,A202309,C2025Q1T07,NSW1-QLD1,NSW1,45,0
D,RESIDUE_PRICE_OFFER,,1,A202309,C2025Q1T07,NSW1-QLD1,QLD1,1,20059.689990
D,RESIDUE_PRICE_OFFER,,1,A202309,C2025Q1T07,NSW1-QLD1,QLD1,1,20119.689990
D,RESIDUE_PRICE_OFFER,,1,A202309,C2025Q1T07,NSW1-QLD1,QLD1,1,20179.689990
D,RESIDUE_PRICE_OFFER,,1,A202309,C2025Q1T07,NSW1-QLD1,QLD1,1,20239.689990
D,RESIDUE_PRICE_OFFER,,1,A202309,C2025Q1T07,NSW1-QLD1,QLD1,1,20299.689990
D,RESIDUE_PRICE_OFFER,,1,A202309,C2025Q1T07,NSW1-QLD1,QLD1,1,20359.689990
D,RESIDUE_PRICE_OFFER,,1,A202309,C2025Q1T07,NSW1-QLD1,QLD1,1,20419.689990
D,RESIDUE_PRICE_OFFER,,1,A202309,C2025Q1T07,NSW1-QLD1,QLD1,1,20479.689990
D,RESIDUE_PRICE_OFFER,,1,A202309,C2025Q1T07,NSW1-QLD1,QLD1,1,20539.689990
D,RESIDUE_PRICE_OFFER,,1,A202309,C2025Q1T07,NSW1-QLD1,QLD1,1,20599.689990
D,RESIDUE_PRICE_OFFER,,1,A202309,C2025Q1T07,NSW1-QLD1,QLD1,1,20659.689990
D,RESIDUE_PRICE_OFFER,,1,A202309,C2025Q1T07,NSW1-QLD1,QLD1,1,20719.689990
D,RESIDUE_PRICE_OFFER,,1,A202309,C2025Q1T07,NSW1-QLD1,QLD1,1,20779.689990
D,RESIDUE_PRICE_OFFER,,1,A202309,C2025Q1T07,NSW1-QLD1,QLD1,1,20839.689990
D,RESIDUE_PRICE_OFFER,,1,A202309,C2025Q1T07,NSW1-QLD1,QLD1,1,20899.689990
D,RESIDUE_PRICE_OFFER,,1,A202309,C2025Q1T07,NSW1-QLD1,QLD1,1,20959.689990
D,RESIDUE_PRICE_OFFER,,1,A202309,C2025Q1T07,NSW1-QLD1,QLD1,1,21019.689990
D,RESIDUE_PRICE_OFFER,,1,A202309,C2025Q1T07,NSW1-QLD1,QLD1,1,21079.689990
D,RESIDUE_PRICE_OFFER,,1,A202309,C2025Q1T07,NSW1-QLD1,QLD1,1,21139.689990
D,RESIDUE_PRICE_OFFER,,1,A202309,C2025Q1T07,NSW1-QLD1,QLD1,1,21199.689990
D,RESIDUE_PRICE_OFFER,,1,A202309,C2025Q1T07,NSW1-QLD1,QLD1,1,21259.689990
D,RESIDUE_PRICE_OFFER,,1,A202309,C2025Q1T07,NSW1-QLD1,QLD1,1,21319.689990
D,RESIDUE_PRICE_OFFER,,1,A202309,C2025Q1T07,NSW1-QLD1,QLD1,1,21379.689990
D,RESIDUE_PRICE_OFFER,,1,A202309,C2025Q1T07,NSW1-QLD1,QLD1,1,21439.689990
D,RESIDUE_PRICE_OFFER,,1,A202309,C2025Q1T07,NSW1-QLD1,QLD1,1,21499.69
D,RESIDUE_PRICE_OFFER,,1,A202309,C2025Q1T07,NSW1-QLD1,QLD1,2,35000
D,RESIDUE_PRICE_OFFER,,1,A202309,C2025Q1T07,NSW1-QLD1,QLD1,5,18500.55
D,RESIDUE_PRICE_OFFER,,1,A202309,C2025Q1T07,NSW1-QLD1,QLD1,5,23333.69
D,RESIDUE_PRICE_OFFER,,1,A202309,C2025Q1T07,NSW1-QLD1,QLD1,5,23666.69
D,RESIDUE_PRICE_OFFER,,1,A202309,C2025Q1T07,NSW1-QLD1,QLD1,5,23999.69
D,RESIDUE_PRICE_OFFER,,1,A202309,C2025Q1T07,NSW1-QLD1,QLD1,5,24332.69
D,RESIDUE_PRICE_OFFER,,1,A202309,C2025Q1T07,NSW1-QLD1,QLD1,5,24665.69
D,RESIDUE_PRICE_OFFER,,1,A202309,C2025Q1T07,NSW1-QLD1,QLD1,5,24998.69
D,RESIDUE_PRICE_OFFER,,1,A202309,C2025Q1T07,NSW1-QLD1,QLD1,5,25331.69
D,RESIDUE_PRICE_OFFER,,1,A202309,C2025Q1T07,NSW1-QLD1,QLD1,5,25664.69
D,RESIDUE_PRICE_OFFER,,1,A202309,C2025Q1T07,NSW1-QLD1,QLD1,5,25997.69
D,RESIDUE_PRICE_OFFER,,1,A202309,C2025Q1T07,NSW1-QLD1,QLD1,5,26330.69
D,RESIDUE_PRICE_OFFER,,1,A202309,C2025Q1T07,NSW1-QLD1,QLD1,5,26663.69
D,RESIDUE_PRICE_OFFER,,1,A202309,C2025Q1T07,NSW1-QLD1,QLD1,5,26996.69
D,RESIDUE_PRICE_OFFER,,1,A202309,C2025Q1T07,NSW1-QLD1,QLD1,5,27329.69
D,RESIDUE_PRICE_OFFER,,1,A202309,C2025Q1T07,NSW1-QLD1,QLD1,5,27662.69
D,RESIDUE_PRICE_OFFER,,1,A202309,C2025Q1T07,NSW1-QLD1,QLD1,5,27995.69
D,RESIDUE_PRICE_OFFER,,1,A202309,C2025Q1T07,NSW1-QLD1,QLD1,100,0
D,RESIDUE_PRICE_OFFER,,1,A202309,C2025Q1T07,V-SA,SA1,2,6662.266050
D,RESIDUE_PRICE_OFFER,,1,A202309,C2025Q1T07,V-SA,SA1,2,7594.9833
D,RESIDUE_PRICE_OFFER,,1,A202309,C2025Q1T07,V-SA,SA1,2,8658.280960
D,RESIDUE_PRICE_OFFER,,1,A202309,C2025Q1T07,V-SA,SA1,2,9870.4403
D,RESIDUE_PRICE_OFFER,,1,A202309,C2025Q1T07,V-SA,SA1,2,11252.301940
D,RESIDUE_PRICE_OFFER,,1,A202309,C2025Q1T07,V-SA,SA1,2,12827.624210
D,RESIDUE_PRICE_OFFER,,1,A202309,C2025Q1T07,V-SA,SA1,64,0
D,RESIDUE_PRICE_OFFER,,1,A202309,C2025Q1T07,V-SA,VIC1,1,34133.47
D,RESIDUE_PRICE_OFFER,,1,A202309,C2025Q1T07,V-SA,VIC1,1,35266.47
D,RESIDUE_PRICE_OFFER,,1,A202309,C2025Q1T07,V-SA,VIC1,1,36399.47
D,RESIDUE_PRICE_OFFER,,1,A202309,C2025Q1T07,V-SA,VIC1,1,37532.47
D,RESIDUE_PRICE_OFFER,,1,A202309,C2025Q1T07,V-SA,VIC1,1,38665.47
D,RESIDUE_PRICE_OFFER,,1,A202309,C2025Q1T07,V-SA,VIC1,1,39798.47
D,RESIDUE_PRICE_OFFER,,1,A202309,C2025Q1T07,V-SA,VIC1,1,40931.47
D,RESIDUE_PRICE_OFFER,,1,A202309,C2025Q1T07,V-SA,VIC1,1,42064.47
D,RESIDUE_PRICE_OFFER,,1,A202309,C2025Q1T07,V-SA,VIC1,1,43197.47
D,RESIDUE_PRICE_OFFER,,1,A202309,C2025Q1T07,V-SA,VIC1,1,44330.47
D,RESIDUE_PRICE_OFFER,,1,A202309,C2025Q1T07,V-SA,VIC1,1,45463.47
D,RESIDUE_PRICE_OFFER,,1,A202309,C2025Q1T07,V-SA,VIC1,1,46596.47
D,RESIDUE_PRICE_OFFER,,1,A202309,C2025Q1T07,V-SA,VIC1,1,47729.47
D,RESIDUE_PRICE_OFFER,,1,A202309,C2025Q1T07,V-SA,VIC1,1,48862.47
D,RESIDUE_PRICE_OFFER,,1,A202309,C2025Q1T07,V-SA,VIC1,1,49995.47
D,RESIDUE_PRICE_OFFER,,1,A202309,C2025Q1T07,V-SA,VIC1,5,51000
D,RESIDUE_PRICE_OFFER,,1,A202309,C2025Q1T07,V-SA,VIC1,10,28000.47
D,RESIDUE_PRICE_OFFER,,1,A202309,C2025Q1T07,V-SA,VIC1,73,0
D,RESIDUE_PRICE_OFFER,,1,A202309,C2025Q1T07,VIC1-NSW1,NSW1,1,5050.09
D,RESIDUE_PRICE_OFFER,,1,A202309,C2025Q1T07,VIC1-NSW1,NSW1,1,5100.09
D,RESIDUE_PRICE_OFFER,,1,A202309,C2025Q1T07,VIC1-NSW1,NSW1,1,5150.09
D,RESIDUE_PRICE_OFFER,,1,A202309,C2025Q1T07,VIC1-NSW1,NSW1,1,5200.09
D,RESIDUE_PRICE_OFFER,,1,A202309,C2025Q1T07,VIC1-NSW1,NSW1,1,5250.09
D,RESIDUE_PRICE_OFFER,,1,A202309,C2025Q1T07,VIC1-NSW1,NSW1,1,5300.09
D,RESIDUE_PRICE_OFFER,,1,A202309,C2025Q1T07,VIC1-NSW1,NSW1,1,5350.09
D,RESIDUE_PRICE_OFFER,,1,A202309,C2025Q1T07,VIC1-NSW1,NSW1,1,5400.09
D,RESIDUE_PRICE_OFFER,,1,A202309,C2025Q1T07,VIC1-NSW1,NSW1,1,5450.09
D,RESIDUE_PRICE_OFFER,,1,A202309,C2025Q1T07,VIC1-NSW1,NSW1,1,5500.09
D,RESIDUE_PRICE_OFFER,,1,A202309,C2025Q1T07,VIC1-NSW1,NSW1,1,5550.09
D,RESIDUE_PRICE_OFFER,,1,A202309,C2025Q1T07,VIC1-NSW1,NSW1,1,5600.09
D,RESIDUE_PRICE_OFFER,,1,A202309,C2025Q1T07,VIC1-NSW1,NSW1,1,5650.09
D,RESIDUE_PRICE_OFFER,,1,A202309,C2025Q1T07,VIC1-NSW1,NSW1,1,5700.09
D,RESIDUE_PRICE_OFFER,,1,A202309,C2025Q1T07,VIC1-NSW1,NSW1,1,5750.09
D,RESIDUE_PRICE_OFFER,,1,A202309,C2025Q1T07,VIC1-NSW1,NSW1,1,5800.09
D,RESIDUE_PRICE_OFFER,,1,A202309,C2025Q1T07,VIC1-NSW1,NSW1,1,5850.09
D,RESIDUE_PRICE_OFFER,,1,A202309,C2025Q1T07,VIC1-NSW1,NSW1,1,5900.09
D,RESIDUE_PRICE_OFFER,,1,A202309,C2025Q1T07,VIC1-NSW1,NSW1,1,5950.09
D,RESIDUE_PRICE_OFFER,,1,A202309,C2025Q1T07,VIC1-NSW1,NSW1,1,6000.09
D,RESIDUE_PRICE_OFFER,,1,A202309,C2025Q1T07,VIC1-NSW1,NSW1,2,5398.408110
D,RESIDUE_PRICE_OFFER,,1,A202309,C2025Q1T07,VIC1-NSW1,NSW1,2,6478.089730
D,RESIDUE_PRICE_OFFER,,1,A202309,C2025Q1T07,VIC1-NSW1,NSW1,2,7773.707680
D,RESIDUE_PRICE_OFFER,,1,A202309,C2025Q1T07,VIC1-NSW1,NSW1,2,9328.449220
D,RESIDUE_PRICE_OFFER,,1,A202309,C2025Q1T07,VIC1-NSW1,NSW1,2,11194.139070
D,RESIDUE_PRICE_OFFER,,1,A202309,C2025Q1T07,VIC1-NSW1,NSW1,2,13432.966880
D,RESIDUE_PRICE_OFFER,,1,A202309,C2025Q1T07,VIC1-NSW1,NSW1,108,0
D,RESIDUE_PRICE_OFFER,,1,A202309,C2025Q1T07,VIC1-NSW1,VIC1,1,25020.76
D,RESIDUE_PRICE_OFFER,,1,A202309,C2025Q1T07,VIC1-NSW1,VIC1,1,25040.76
D,RESIDUE_PRICE_OFFER,,1,A202309,C2025Q1T07,VIC1-NSW1,VIC1,1,25060.76
D,RESIDUE_PRICE_OFFER,,1,A202309,C2025Q1T07,VIC1-NSW1,VIC1,1,25080.76
D,RESIDUE_PRICE_OFFER,,1,A202309,C2025Q1T07,VIC1-NSW1,VIC1,1,25100.76
D,RESIDUE_PRICE_OFFER,,1,A202309,C2025Q1T07,VIC1-NSW1,VIC1,1,25120.76
D,RESIDUE_PRICE_OFFER,,1,A202309,C2025Q1T07,VIC1-NSW1,VIC1,1,25140.76
D,RESIDUE_PRICE_OFFER,,1,A202309,C2025Q1T07,VIC1-NSW1,VIC1,1,25160.76
D,RESIDUE_PRICE_OFFER,,1,A202309,C2025Q1T07,VIC1-NSW1,VIC1,1,25180.76
D,RESIDUE_PRICE_OFFER,,1,A202309,C2025Q1T07,VIC1-NSW1,VIC1,1,25200.76
D,RESIDUE_PRICE_OFFER,,1,A202309,C2025Q1T07,VIC1-NSW1,VIC1,1,25220.76
D,RESIDUE_PRICE_OFFER,,1,A202309,C2025Q1T07,VIC1-NSW1,VIC1,1,25240.76
D,RESIDUE_PRICE_OFFER,,1,A202309,C2025Q1T07,VIC1-NSW1,VIC1,1,25260.76
D,RESIDUE_PRICE_OFFER,,1,A202309,C2025Q1T07,VIC1-NSW1,VIC1,1,25280.76
D,RESIDUE_PRICE_OFFER,,1,A202309,C2025Q1T07,VIC1-NSW1,VIC1,1,25300.76
D,RESIDUE_PRICE_OFFER,,1,A202309,C2025Q1T07,VIC1-NSW1,VIC1,1,25320.76
D,RESIDUE_PRICE_OFFER,,1,A202309,C2025Q1T07,VIC1-NSW1,VIC1,1,25340.76
D,RESIDUE_PRICE_OFFER,,1,A202309,C2025Q1T07,VIC1-NSW1,VIC1,1,25360.76
D,RESIDUE_PRICE_OFFER,,1,A202309,C2025Q1T07,VIC1-NSW1,VIC1,1,25380.76
D,RESIDUE_PRICE_OFFER,,1,A202309,C2025Q1T07,VIC1-NSW1,VIC1,1,25400.76
D,RESIDUE_PRICE_OFFER,,1,A202309,C2025Q1T07,VIC1-NSW1,VIC1,1,25420.76
D,RESIDUE_PRICE_OFFER,,1,A202309,C2025Q1T07,VIC1-NSW1,VIC1,1,25440.76
D,RESIDUE_PRICE_OFFER,,1,A202309,C2025Q1T07,VIC1-NSW1,VIC1,1,25460.76
D,RESIDUE_PRICE_OFFER,,1,A202309,C2025Q1T07,VIC1-NSW1,VIC1,1,25480.76
D,RESIDUE_PRICE_OFFER,,1,A202309,C2025Q1T07,VIC1-NSW1,VIC1,1,25500.76
D,RESIDUE_PRICE_OFFER,,1,A202309,C2025Q1T07,VIC1-NSW1,VIC1,1,38000
D,RESIDUE_PRICE_OFFER,,1,A202309,C2025Q1T07,VIC1-NSW1,VIC1,2,22041.672730
D,RESIDUE_PRICE_OFFER,,1,A202309,C2025Q1T07,VIC1-NSW1,VIC1,2,23584.589820
D,RESIDUE_PRICE_OFFER,,1,A202309,C2025Q1T07,VIC1-NSW1,VIC1,3,28680.76
D,RESIDUE_PRICE_OFFER,,1,A202309,C2025Q1T07,VIC1-NSW1,VIC1,3,29360.76
D,RESIDUE_PRICE_OFFER,,1,A202309,C2025Q1T07,VIC1-NSW1,VIC1,3,30040.76
D,RESIDUE_PRICE_OFFER,,1,A202309,C2025Q1T07,VIC1-NSW1,VIC1,3,30720.76
D,RESIDUE_PRICE_OFFER,,1,A202309,C2025Q1T07,VIC1-NSW1,VIC1,3,31400.76
D,RESIDUE_PRICE_OFFER,,1,A202309,C2025Q1T07,VIC1-NSW1,VIC1,3,32080.76
D,RESIDUE_PRICE_OFFER,,1,A202309,C2025Q1T07,VIC1-NSW1,VIC1,3,32760.76
D,RESIDUE_PRICE_OFFER,,1,A202309,C2025Q1T07,VIC1-NSW1,VIC1,3,33440.76
D,RESIDUE_PRICE_OFFER,,1,A202309,C2025Q1T07,VIC1-NSW1,VIC1,3,34120.76
D,RESIDUE_PRICE_OFFER,,1,A202309,C2025Q1T07,VIC1-NSW1,VIC1,3,34800.76
D,RESIDUE_PRICE_OFFER,,1,A202309,C2025Q1T07,VIC1-NSW1,VIC1,3,35480.76
D,RESIDUE_PRICE_OFFER,,1,A202309,C2025Q1T07,VIC1-NSW1,VIC1,3,36160.76
D,RESIDUE_PRICE_OFFER,,1,A202309,C2025Q1T07,VIC1-NSW1,VIC1,3,36840.76
D,RESIDUE_PRICE_OFFER,,1,A202309,C2025Q1T07,VIC1-NSW1,VIC1,3,37520.76
D,RESIDUE_PRICE_OFFER,,1,A202309,C2025Q1T07,VIC1-NSW1,VIC1,3,38200.76
D,RESIDUE_PRICE_OFFER,,1,A202309,C2025Q1T07,VIC1-NSW1,VIC1,3,38880.76
D,RESIDUE_PRICE_OFFER,,1,A202309,C2025Q1T07,VIC1-NSW1,VIC1,3,39560.76
D,RESIDUE_PRICE_OFFER,,1,A202309,C2025Q1T07,VIC1-NSW1,VIC1,3,40240.76
D,RESIDUE_PRICE_OFFER,,1,A202309,C2025Q1T07,VIC1-NSW1,VIC1,3,40920.76
D,RESIDUE_PRICE_OFFER,,1,A202309,C2025Q1T07,VIC1-NSW1,VIC1,3,41600.76
D,RESIDUE_PRICE_OFFER,,1,A202309,C2025Q1T07,VIC1-NSW1,VIC1,3,42280.76
D,RESIDUE_PRICE_OFFER,,1,A202309,C2025Q1T07,VIC1-NSW1,VIC1,3,42960.76
D,RESIDUE_PRICE_OFFER,,1,A202309,C2025Q1T07,VIC1-NSW1,VIC1,3,43640.76
D,RESIDUE_PRICE_OFFER,,1,A202309,C2025Q1T07,VIC1-NSW1,VIC1,3,44320.76
D,RESIDUE_PRICE_OFFER,,1,A202309,C2025Q1T07,VIC1-NSW1,VIC1,3,45000.76
D,RESIDUE_PRICE_OFFER,,1,A202309,C2025Q1T07,VIC1-NSW1,VIC1,4,25943.0488
D,RESIDUE_PRICE_OFFER,,1,A202309,C2025Q1T07,VIC1-NSW1,VIC1,4,28537.353680
D,RESIDUE_PRICE_OFFER,,1,A202309,C2025Q1T07,VIC1-NSW1,VIC1,4,31391.089050
D,RESIDUE_PRICE_OFFER,,1,A202309,C2025Q1T07,VIC1-NSW1,VIC1,4,36099.752410
D,RESIDUE_PRICE_OFFER,,1,A202309,C2025Q1T07,VIC1-NSW1,VIC1,25,46000
D,RESIDUE_PRICE_OFFER,,1,A202309,C2025Q1T07,VIC1-NSW1,VIC1,125,0
D,RESIDUE_PRICE_OFFER,,1,A202309,C2025Q2T06,NSW1-QLD1,NSW1,45,0
D,RESIDUE_PRICE_OFFER,,1,A202309,C2025Q2T06,NSW1-QLD1,QLD1,2,32100.69
D,RESIDUE_PRICE_OFFER,,1,A202309,C2025Q2T06,NSW1-QLD1,QLD1,2,32200.69
D,RESIDUE_PRICE_OFFER,,1,A202309,C2025Q2T06,NSW1-QLD1,QLD1,2,32300.69
D,RESIDUE_PRICE_OFFER,,1,A202309,C2025Q2T06,NSW1-QLD1,QLD1,2,32400.69
D,RESIDUE_PRICE_OFFER,,1,A202309,C2025Q2T06,NSW1-QLD1,QLD1,2,32500.69
D,RESIDUE_PRICE_OFFER,,1,A202309,C2025Q2T06,NSW1-QLD1,QLD1,2,32600.69
D,RESIDUE_PRICE_OFFER,,1,A202309,C2025Q2T06,NSW1-QLD1,QLD1,2,32700.69
D,RESIDUE_PRICE_OFFER,,1,A202309,C2025Q2T06,NSW1-QLD1,QLD1,2,32800.69
D,RESIDUE_PRICE_OFFER,,1,A202309,C2025Q2T06,NSW1-QLD1,QLD1,2,32900.69
D,RESIDUE_PRICE_OFFER,,1,A202309,C2025Q2T06,NSW1-QLD1,QLD1,2,33000.69
D,RESIDUE_PRICE_OFFER,,1,A202309,C2025Q2T06,NSW1-QLD1,QLD1,2,40000
D,RESIDUE_PRICE_OFFER,,1,A202309,C2025Q2T06,NSW1-QLD1,QLD1,20,35000
D,RESIDUE_PRICE_OFFER,,1,A202309,C2025Q2T06,NSW1-QLD1,QLD1,100,0
D,RESIDUE_PRICE_OFFER,,1,A202309,C2025Q2T06,V-SA,SA1,1,5045.01
D,RESIDUE_PRICE_OFFER,,1,A202309,C2025Q2T06,V-SA,SA1,1,5090.01
D,RESIDUE_PRICE_OFFER,,1,A202309,C2025Q2T06,V-SA,SA1,1,5135.01
D,RESIDUE_PRICE_OFFER,,1,A202309,C2025Q2T06,V-SA,SA1,1,5180.01
D,RESIDUE_PRICE_OFFER,,1,A202309,C2025Q2T06,V-SA,SA1,1,5225.01
D,RESIDUE_PRICE_OFFER,,1,A202309,C2025Q2T06,V-SA,SA1,1,5270.01
D,RESIDUE_PRICE_OFFER,,1,A202309,C2025Q2T06,V-SA,SA1,1,5315.01
D,RESIDUE_PRICE_OFFER,,1,A202309,C2025Q2T06,V-SA,SA1,1,5360.01
D,RESIDUE_PRICE_OFFER,,1,A202309,C2025Q2T06,V-SA,SA1,1,5405.01
D,RESIDUE_PRICE_OFFER,,1,A202309,C2025Q2T06,V-SA,SA1,1,5450.01
D,RESIDUE_PRICE_OFFER,,1,A202309,C2025Q2T06,V-SA,SA1,1,5495.01
D,RESIDUE_PRICE_OFFER,,1,A202309,C2025Q2T06,V-SA,SA1,2,4260.883550
D,RESIDUE_PRICE_OFFER,,1,A202309,C2025Q2T06,V-SA,SA1,2,4857.407250
D,RESIDUE_PRICE_OFFER,,1,A202309,C2025Q2T06,V-SA,SA1,2,5537.444270
D,RESIDUE_PRICE_OFFER,,1,A202309,C2025Q2T06,V-SA,SA1,2,6312.686470
D,RESIDUE_PRICE_OFFER,,1,A202309,C2025Q2T06,V-SA,SA1,2,7196.462570
D,RESIDUE_PRICE_OFFER,,1,A202309,C2025Q2T06,V-SA,SA1,2,8203.967330
D,RESIDUE_PRICE_OFFER,,1,A202309,C2025Q2T06,V-SA,SA1,64,0
D,RESIDUE_PRICE_OFFER,,1,A202309,C2025Q2T06,V-SA,VIC1,2,20100.47
D,RESIDUE_PRICE_OFFER,,1,A202309,C2025Q2T06,V-SA,VIC1,2,20200.47
D,RESIDUE_PRICE_OFFER,,1,A202309,C2025Q2T06,V-SA,VIC1,2,20300.47
D,RESIDUE_PRICE_OFFER,,1,A202309,C2025Q2T06,V-SA,VIC1,2,20400.47
D,RESIDUE_PRICE_OFFER,,1,A202309,C2025Q2T06,V-SA,VIC1,2,20500.47
D,RESIDUE_PRICE_OFFER,,1,A202309,C2025Q2T06,V-SA,VIC1,2,20600.47
D,RESIDUE_PRICE_OFFER,,1,A202309,C2025Q2T06,V-SA,VIC1,2,20700.47
D,RESIDUE_PRICE_OFFER,,1,A202309,C2025Q2T06,V-SA,VIC1,2,20800.47
D,RESIDUE_PRICE_OFFER,,1,A202309,C2025Q2T06,V-SA,VIC1,2,20900.47
D,RESIDUE_PRICE_OFFER,,1,A202309,C2025Q2T06,V-SA,VIC1,2,21000.47
D,RESIDUE_PRICE_OFFER,,1,A202309,C2025Q2T06,V-SA,VIC1,5,54000
D,RESIDUE_PRICE_OFFER,,1,A202309,C2025Q2T06,V-SA,VIC1,73,0
D,RESIDUE_PRICE_OFFER,,1,A202309,C2025Q2T06,VIC1-NSW1,NSW1,2,2747.858330
D,RESIDUE_PRICE_OFFER,,1,A202309,C2025Q2T06,VIC1-NSW1,NSW1,2,3297.43
D,RESIDUE_PRICE_OFFER,,1,A202309,C2025Q2T06,VIC1-NSW1,NSW1,2,3956.9160
D,RESIDUE_PRICE_OFFER,,1,A202309,C2025Q2T06,VIC1-NSW1,NSW1,2,4748.2992
D,RESIDUE_PRICE_OFFER,,1,A202309,C2025Q2T06,VIC1-NSW1,NSW1,2,5697.959040
D,RESIDUE_PRICE_OFFER,,1,A202309,C2025Q2T06,VIC1-NSW1,NSW1,2,6837.550840
D,RESIDUE_PRICE_OFFER,,1,A202309,C2025Q2T06,VIC1-NSW1,NSW1,3,1857.09
D,RESIDUE_PRICE_OFFER,,1,A202309,C2025Q2T06,VIC1-NSW1,NSW1,3,1964.09
D,RESIDUE_PRICE_OFFER,,1,A202309,C2025Q2T06,VIC1-NSW1,NSW1,3,2071.09
D,RESIDUE_PRICE_OFFER,,1,A202309,C2025Q2T06,VIC1-NSW1,NSW1,3,2178.09
D,RESIDUE_PRICE_OFFER,,1,A202309,C2025Q2T06,VIC1-NSW1,NSW1,3,2285.09
D,RESIDUE_PRICE_OFFER,,1,A202309,C2025Q2T06,VIC1-NSW1,NSW1,3,2392.09
D,RESIDUE_PRICE_OFFER,,1,A202309,C2025Q2T06,VIC1-NSW1,NSW1,3,2499.09
D,RESIDUE_PRICE_OFFER,,1,A202309,C2025Q2T06,VIC1-NSW1,NSW1,3,2606.09
D,RESIDUE_PRICE_OFFER,,1,A202309,C2025Q2T06,VIC1-NSW1,NSW1,3,2713.09
D,RESIDUE_PRICE_OFFER,,1,A202309,C2025Q2T06,VIC1-NSW1,NSW1,3,2820.09
D,RESIDUE_PRICE_OFFER,,1,A202309,C2025Q2T06,VIC1-NSW1,NSW1,3,2927.09
D,RESIDUE_PRICE_OFFER,,1,A202309,C2025Q2T06,VIC1-NSW1,NSW1,3,3034.09
D,RESIDUE_PRICE_OFFER,,1,A202309,C2025Q2T06,VIC1-NSW1,NSW1,3,3141.09
D,RESIDUE_PRICE_OFFER,,1,A202309,C2025Q2T06,VIC1-NSW1,NSW1,3,3248.09
D,RESIDUE_PRICE_OFFER,,1,A202309,C2025Q2T06,VIC1-NSW1,NSW1,5,1350.55
D,RESIDUE_PRICE_OFFER,,1,A202309,C2025Q2T06,VIC1-NSW1,NSW1,10,6500
D,RESIDUE_PRICE_OFFER,,1,A202309,C2025Q2T06,VIC1-NSW1,NSW1,108,0
D,RESIDUE_PRICE_OFFER,,1,A202309,C2025Q2T06,VIC1-NSW1,VIC1,1,24120.76
D,RESIDUE_PRICE_OFFER,,1,A202309,C2025Q2T06,VIC1-NSW1,VIC1,1,24240.76
D,RESIDUE_PRICE_OFFER,,1,A202309,C2025Q2T06,VIC1-NSW1,VIC1,1,24360.76
D,RESIDUE_PRICE_OFFER,,1,A202309,C2025Q2T06,VIC1-NSW1,VIC1,1,24480.76
D,RESIDUE_PRICE_OFFER,,1,A202309,C2025Q2T06,VIC1-NSW1,VIC1,1,24600.76
D,RESIDUE_PRICE_OFFER,,1,A202309,C2025Q2T06,VIC1-NSW1,VIC1,1,24720.76
D,RESIDUE_PRICE_OFFER,,1,A202309,C2025Q2T06,VIC1-NSW1,VIC1,1,24840.76
D,RESIDUE_PRICE_OFFER,,1,A202309,C2025Q2T06,VIC1-NSW1,VIC1,1,24960.76
D,RESIDUE_PRICE_OFFER,,1,A202309,C2025Q2T06,VIC1-NSW1,VIC1,1,25080.76
D,RESIDUE_PRICE_OFFER,,1,A202309,C2025Q2T06,VIC1-NSW1,VIC1,1,25200.76
D,RESIDUE_PRICE_OFFER,,1,A202309,C2025Q2T06,VIC1-NSW1,VIC1,1,25320.76
D,RESIDUE_PRICE_OFFER,,1,A202309,C2025Q2T06,VIC1-NSW1,VIC1,1,25440.76
D,RESIDUE_PRICE_OFFER,,1,A202309,C2025Q2T06,VIC1-NSW1,VIC1,1,25560.76
D,RESIDUE_PRICE_OFFER,,1,A202309,C2025Q2T06,VIC1-NSW1,VIC1,1,25680.76
D,RESIDUE_PRICE_OFFER,,1,A202309,C2025Q2T06,VIC1-NSW1,VIC1,1,25800.76
D,RESIDUE_PRICE_OFFER,,1,A202309,C2025Q2T06,VIC1-NSW1,VIC1,1,25920.76
D,RESIDUE_PRICE_OFFER,,1,A202309,C2025Q2T06,VIC1-NSW1,VIC1,1,26040.76
D,RESIDUE_PRICE_OFFER,,1,A202309,C2025Q2T06,VIC1-NSW1,VIC1,1,26160.76
D,RESIDUE_PRICE_OFFER,,1,A202309,C2025Q2T06,VIC1-NSW1,VIC1,1,26280.76
D,RESIDUE_PRICE_OFFER,,1,A202309,C2025Q2T06,VIC1-NSW1,VIC1,1,26400.76
D,RESIDUE_PRICE_OFFER,,1,A202309,C2025Q2T06,VIC1-NSW1,VIC1,1,26520.76
D,RESIDUE_PRICE_OFFER,,1,A202309,C2025Q2T06,VIC1-NSW1,VIC1,1,26640.76
D,RESIDUE_PRICE_OFFER,,1,A202309,C2025Q2T06,VIC1-NSW1,VIC1,1,26760.76
D,RESIDUE_PRICE_OFFER,,1,A202309,C2025Q2T06,VIC1-NSW1,VIC1,1,26880.76
D,RESIDUE_PRICE_OFFER,,1,A202309,C2025Q2T06,VIC1-NSW1,VIC1,1,27000.76
D,RESIDUE_PRICE_OFFER,,1,A202309,C2025Q2T06,VIC1-NSW1,VIC1,2,30600.76
D,RESIDUE_PRICE_OFFER,,1,A202309,C2025Q2T06,VIC1-NSW1,VIC1,2,31200.76
D,RESIDUE_PRICE_OFFER,,1,A202309,C2025Q2T06,VIC1-NSW1,VIC1,2,31800.76
D,RESIDUE_PRICE_OFFER,,1,A202309,C2025Q2T06,VIC1-NSW1,VIC1,2,32400.76
D,RESIDUE_PRICE_OFFER,,1,A202309,C2025Q2T06,VIC1-NSW1,VIC1,2,33000.76
D,RESIDUE_PRICE_OFFER,,1,A202309,C2025Q2T06,VIC1-NSW1,VIC1,2,33600.76
D,RESIDUE_PRICE_OFFER,,1,A202309,C2025Q2T06,VIC1-NSW1,VIC1,2,34200.76
D,RESIDUE_PRICE_OFFER,,1,A202309,C2025Q2T06,VIC1-NSW1,VIC1,2,34800.76
D,RESIDUE_PRICE_OFFER,,1,A202309,C2025Q2T06,VIC1-NSW1,VIC1,2,35400.76
D,RESIDUE_PRICE_OFFER,,1,A202309,C2025Q2T06,VIC1-NSW1,VIC1,2,36000.76
D,RESIDUE_PRICE_OFFER,,1,A202309,C2025Q2T06,VIC1-NSW1,VIC1,2,36600.76
D,RESIDUE_PRICE_OFFER,,1,A202309,C2025Q2T06,VIC1-NSW1,VIC1,2,37200.76
D,RESIDUE_PRICE_OFFER,,1,A202309,C2025Q2T06,VIC1-NSW1,VIC1,2,37800.76
D,RESIDUE_PRICE_OFFER,,1,A202309,C2025Q2T06,VIC1-NSW1,VIC1,2,38400.76
D,RESIDUE_PRICE_OFFER,,1,A202309,C2025Q2T06,VIC1-NSW1,VIC1,2,39000.76
D,RESIDUE_PRICE_OFFER,,1,A202309,C2025Q2T06,VIC1-NSW1,VIC1,2,39600.76
D,RESIDUE_PRICE_OFFER,,1,A202309,C2025Q2T06,VIC1-NSW1,VIC1,2,40200.76
D,RESIDUE_PRICE_OFFER,,1,A202309,C2025Q2T06,VIC1-NSW1,VIC1,2,40800.76
D,RESIDUE_PRICE_OFFER,,1,A202309,C2025Q2T06,VIC1-NSW1,VIC1,2,41400.76
D,RESIDUE_PRICE_OFFER,,1,A202309,C2025Q2T06,VIC1-NSW1,VIC1,2,42000.76
D,RESIDUE_PRICE_OFFER,,1,A202309,C2025Q2T06,VIC1-NSW1,VIC1,2,42600.76
D,RESIDUE_PRICE_OFFER,,1,A202309,C2025Q2T06,VIC1-NSW1,VIC1,2,43200.76
D,RESIDUE_PRICE_OFFER,,1,A202309,C2025Q2T06,VIC1-NSW1,VIC1,2,43800.76
D,RESIDUE_PRICE_OFFER,,1,A202309,C2025Q2T06,VIC1-NSW1,VIC1,2,44400.76
D,RESIDUE_PRICE_OFFER,,1,A202309,C2025Q2T06,VIC1-NSW1,VIC1,2,45000.76
D,RESIDUE_PRICE_OFFER,,1,A202309,C2025Q2T06,VIC1-NSW1,VIC1,4,26000
D,RESIDUE_PRICE_OFFER,,1,A202309,C2025Q2T06,VIC1-NSW1,VIC1,20,35000
D,RESIDUE_PRICE_OFFER,,1,A202309,C2025Q2T06,VIC1-NSW1,VIC1,25,38000
D,RESIDUE_PRICE_OFFER,,1,A202309,C2025Q2T06,VIC1-NSW1,VIC1,125,0
D,RESIDUE_PRICE_OFFER,,1,A202309,C2025Q3T05,NSW1-QLD1,NSW1,45,0
D,RESIDUE_PRICE_OFFER,,1,A202309,C2025Q3T05,NSW1-QLD1,QLD1,1,32020.69
D,RESIDUE_PRICE_OFFER,,1,A202309,C2025Q3T05,NSW1-QLD1,QLD1,1,32040.69
D,RESIDUE_PRICE_OFFER,,1,A202309,C2025Q3T05,NSW1-QLD1,QLD1,1,32060.69
D,RESIDUE_PRICE_OFFER,,1,A202309,C2025Q3T05,NSW1-QLD1,QLD1,1,32080.69
D,RESIDUE_PRICE_OFFER,,1,A202309,C2025Q3T05,NSW1-QLD1,QLD1,1,32100.69
D,RESIDUE_PRICE_OFFER,,1,A202309,C2025Q3T05,NSW1-QLD1,QLD1,1,32120.69
D,RESIDUE_PRICE_OFFER,,1,A202309,C2025Q3T05,NSW1-QLD1,QLD1,1,32140.69
D,RESIDUE_PRICE_OFFER,,1,A202309,C2025Q3T05,NSW1-QLD1,QLD1,1,32160.69
D,RESIDUE_PRICE_OFFER,,1,A202309,C2025Q3T05,NSW1-QLD1,QLD1,1,32180.69
D,RESIDUE_PRICE_OFFER,,1,A202309,C2025Q3T05,NSW1-QLD1,QLD1,1,32200.69
D,RESIDUE_PRICE_OFFER,,1,A202309,C2025Q3T05,NSW1-QLD1,QLD1,1,32220.69
D,RESIDUE_PRICE_OFFER,,1,A202309,C2025Q3T05,NSW1-QLD1,QLD1,1,32240.69
D,RESIDUE_PRICE_OFFER,,1,A202309,C2025Q3T05,NSW1-QLD1,QLD1,1,32260.69
D,RESIDUE_PRICE_OFFER,,1,A202309,C2025Q3T05,NSW1-QLD1,QLD1,1,32280.69
D,RESIDUE_PRICE_OFFER,,1,A202309,C2025Q3T05,NSW1-QLD1,QLD1,1,32300.69
D,RESIDUE_PRICE_OFFER,,1,A202309,C2025Q3T05,NSW1-QLD1,QLD1,1,32320.69
D,RESIDUE_PRICE_OFFER,,1,A202309,C2025Q3T05,NSW1-QLD1,QLD1,1,32340.69
D,RESIDUE_PRICE_OFFER,,1,A202309,C2025Q3T05,NSW1-QLD1,QLD1,1,32360.69
D,RESIDUE_PRICE_OFFER,,1,A202309,C2025Q3T05,NSW1-QLD1,QLD1,1,32380.69
D,RESIDUE_PRICE_OFFER,,1,A202309,C2025Q3T05,NSW1-QLD1,QLD1,1,32400.69
D,RESIDUE_PRICE_OFFER,,1,A202309,C2025Q3T05,NSW1-QLD1,QLD1,1,32420.69
D,RESIDUE_PRICE_OFFER,,1,A202309,C2025Q3T05,NSW1-QLD1,QLD1,1,32440.69
D,RESIDUE_PRICE_OFFER,,1,A202309,C2025Q3T05,NSW1-QLD1,QLD1,1,32460.69
D,RESIDUE_PRICE_OFFER,,1,A202309,C2025Q3T05,NSW1-QLD1,QLD1,1,32480.69
D,RESIDUE_PRICE_OFFER,,1,A202309,C2025Q3T05,NSW1-QLD1,QLD1,1,32500.69
D,RESIDUE_PRICE_OFFER,,1,A202309,C2025Q3T05,NSW1-QLD1,QLD1,20,35000
D,RESIDUE_PRICE_OFFER,,1,A202309,C2025Q3T05,NSW1-QLD1,QLD1,100,0
D,RESIDUE_PRICE_OFFER,,1,A202309,C2025Q3T05,V-SA,SA1,1,6005.01
D,RESIDUE_PRICE_OFFER,,1,A202309,C2025Q3T05,V-SA,SA1,1,6010.01
D,RESIDUE_PRICE_OFFER,,1,A202309,C2025Q3T05,V-SA,SA1,1,6015.01
D,RESIDUE_PRICE_OFFER,,1,A202309,C2025Q3T05,V-SA,SA1,1,6020.01
D,RESIDUE_PRICE_OFFER,,1,A202309,C2025Q3T05,V-SA,SA1,1,6025.01
D,RESIDUE_PRICE_OFFER,,1,A202309,C2025Q3T05,V-SA,SA1,1,6030.01
D,RESIDUE_PRICE_OFFER,,1,A202309,C2025Q3T05,V-SA,SA1,1,6035.01
D,RESIDUE_PRICE_OFFER,,1,A202309,C2025Q3T05,V-SA,SA1,1,6040.01
D,RESIDUE_PRICE_OFFER,,1,A202309,C2025Q3T05,V-SA,SA1,1,6045.01
D,RESIDUE_PRICE_OFFER,,1,A202309,C2025Q3T05,V-SA,SA1,1,6050.01
D,RESIDUE_PRICE_OFFER,,1,A202309,C2025Q3T05,V-SA,SA1,1,6055.01
D,RESIDUE_PRICE_OFFER,,1,A202309,C2025Q3T05,V-SA,SA1,1,6060.01
D,RESIDUE_PRICE_OFFER,,1,A202309,C2025Q3T05,V-SA,SA1,1,6065.01
D,RESIDUE_PRICE_OFFER,,1,A202309,C2025Q3T05,V-SA,SA1,1,6070.01
D,RESIDUE_PRICE_OFFER,,1,A202309,C2025Q3T05,V-SA,SA1,1,6075.01
D,RESIDUE_PRICE_OFFER,,1,A202309,C2025Q3T05,V-SA,SA1,1,6080.01
D,RESIDUE_PRICE_OFFER,,1,A202309,C2025Q3T05,V-SA,SA1,1,6085.01
D,RESIDUE_PRICE_OFFER,,1,A202309,C2025Q3T05,V-SA,SA1,1,6090.01
D,RESIDUE_PRICE_OFFER,,1,A202309,C2025Q3T05,V-SA,SA1,1,6095.01
D,RESIDUE_PRICE_OFFER,,1,A202309,C2025Q3T05,V-SA,SA1,1,6100.01
D,RESIDUE_PRICE_OFFER,,1,A202309,C2025Q3T05,V-SA,SA1,1,7350.01
D,RESIDUE_PRICE_OFFER,,1,A202309,C2025Q3T05,V-SA,SA1,1,7700.01
D,RESIDUE_PRICE_OFFER,,1,A202309,C2025Q3T05,V-SA,SA1,1,8050.01
D,RESIDUE_PRICE_OFFER,,1,A202309,C2025Q3T05,V-SA,SA1,1,8400.01
D,RESIDUE_PRICE_OFFER,,1,A202309,C2025Q3T05,V-SA,SA1,1,8750.01
D,RESIDUE_PRICE_OFFER,,1,A202309,C2025Q3T05,V-SA,SA1,1,9100.01
D,RESIDUE_PRICE_OFFER,,1,A202309,C2025Q3T05,V-SA,SA1,1,9450.01
D,RESIDUE_PRICE_OFFER,,1,A202309,C2025Q3T05,V-SA,SA1,1,9800.01
D,RESIDUE_PRICE_OFFER,,1,A202309,C2025Q3T05,V-SA,SA1,1,10150.01
D,RESIDUE_PRICE_OFFER,,1,A202309,C2025Q3T05,V-SA,SA1,1,10500.01
D,RESIDUE_PRICE_OFFER,,1,A202309,C2025Q3T05,V-SA,SA1,1,10850.01
D,RESIDUE_PRICE_OFFER,,1,A202309,C2025Q3T05,V-SA,SA1,1,11200.01
D,RESIDUE_PRICE_OFFER,,1,A202309,C2025Q3T05,V-SA,SA1,1,11550.01
D,RESIDUE_PRICE_OFFER,,1,A202309,C2025Q3T05,V-SA,SA1,1,11900.01
D,RESIDUE_PRICE_OFFER,,1,A202309,C2025Q3T05,V-SA,SA1,1,12250.01
D,RESIDUE_PRICE_OFFER,,1,A202309,C2025Q3T05,V-SA,SA1,1,12600.01
D,RESIDUE_PRICE_OFFER,,1,A202309,C2025Q3T05,V-SA,SA1,1,12950.01
D,RESIDUE_PRICE_OFFER,,1,A202309,C2025Q3T05,V-SA,SA1,1,13300.01
D,RESIDUE_PRICE_OFFER,,1,A202309,C2025Q3T05,V-SA,SA1,1,13650.01
D,RESIDUE_PRICE_OFFER,,1,A202309,C2025Q3T05,V-SA,SA1,1,14000.01
D,RESIDUE_PRICE_OFFER,,1,A202309,C2025Q3T05,V-SA,SA1,2,5199.411420
D,RESIDUE_PRICE_OFFER,,1,A202309,C2025Q3T05,V-SA,SA1,2,5927.329020
D,RESIDUE_PRICE_OFFER,,1,A202309,C2025Q3T05,V-SA,SA1,2,6757.155090
D,RESIDUE_PRICE_OFFER,,1,A202309,C2025Q3T05,V-SA,SA1,2,7703.1568
D,RESIDUE_PRICE_OFFER,,1,A202309,C2025Q3T05,V-SA,SA1,2,8781.598750
D,RESIDUE_PRICE_OFFER,,1,A202309,C2025Q3T05,V-SA,SA1,2,10011.022580
D,RESIDUE_PRICE_OFFER,,1,A202309,C2025Q3T05,V-SA,SA1,64,0
D,RESIDUE_PRICE_OFFER,,1,A202309,C2025Q3T05,V-SA,VIC1,2,20100.47
D,RESIDUE_PRICE_OFFER,,1,A202309,C2025Q3T05,V-SA,VIC1,2,20200.47
D,RESIDUE_PRICE_OFFER,,1,A202309,C2025Q3T05,V-SA,VIC1,2,20300.47
D,RESIDUE_PRICE_OFFER,,1,A202309,C2025Q3T05,V-SA,VIC1,2,20400.47
D,RESIDUE_PRICE_OFFER,,1,A202309,C2025Q3T05,V-SA,VIC1,2,20500.47
D,RESIDUE_PRICE_OFFER,,1,A202309,C2025Q3T05,V-SA,VIC1,2,20600.47
D,RESIDUE_PRICE_OFFER,,1,A202309,C2025Q3T05,V-SA,VIC1,2,20700.47
D,RESIDUE_PRICE_OFFER,,1,A202309,C2025Q3T05,V-SA,VIC1,2,20800.47
D,RESIDUE_PRICE_OFFER,,1,A202309,C2025Q3T05,V-SA,VIC1,2,20900.47
D,RESIDUE_PRICE_OFFER,,1,A202309,C2025Q3T05,V-SA,VIC1,2,21000.47
D,RESIDUE_PRICE_OFFER,,1,A202309,C2025Q3T05,V-SA,VIC1,5,56000
D,RESIDUE_PRICE_OFFER,,1,A202309,C2025Q3T05,V-SA,VIC1,73,0
D,RESIDUE_PRICE_OFFER,,1,A202309,C2025Q3T05,VIC1-NSW1,NSW1,2,1795.09
D,RESIDUE_PRICE_OFFER,,1,A202309,C2025Q3T05,VIC1-NSW1,NSW1,2,1840.09
D,RESIDUE_PRICE_OFFER,,1,A202309,C2025Q3T05,VIC1-NSW1,NSW1,2,1885.09
D,RESIDUE_PRICE_OFFER,,1,A202309,C2025Q3T05,VIC1-NSW1,NSW1,2,1930.09
D,RESIDUE_PRICE_OFFER,,1,A202309,C2025Q3T05,VIC1-NSW1,NSW1,2,1975.09
D,RESIDUE_PRICE_OFFER,,1,A202309,C2025Q3T05,VIC1-NSW1,NSW1,2,2020.09
D,RESIDUE_PRICE_OFFER,,1,A202309,C2025Q3T05,VIC1-NSW1,NSW1,2,2065.09
D,RESIDUE_PRICE_OFFER,,1,A202309,C2025Q3T05,VIC1-NSW1,NSW1,2,2110.09
D,RESIDUE_PRICE_OFFER,,1,A202309,C2025Q3T05,VIC1-NSW1,NSW1,2,2155.09
D,RESIDUE_PRICE_OFFER,,1,A202309,C2025Q3T05,VIC1-NSW1,NSW1,2,2200.09
D,RESIDUE_PRICE_OFFER,,1,A202309,C2025Q3T05,VIC1-NSW1,NSW1,2,2245.09
D,RESIDUE_PRICE_OFFER,,1,A202309,C2025Q3T05,VIC1-NSW1,NSW1,2,2290.09
D,RESIDUE_PRICE_OFFER,,1,A202309,C2025Q3T05,VIC1-NSW1,NSW1,2,2335.09
D,RESIDUE_PRICE_OFFER,,1,A202309,C2025Q3T05,VIC1-NSW1,NSW1,2,2380.09
D,RESIDUE_PRICE_OFFER,,1,A202309,C2025Q3T05,VIC1-NSW1,NSW1,2,2425.09
D,RESIDUE_PRICE_OFFER,,1,A202309,C2025Q3T05,VIC1-NSW1,NSW1,2,2470.09
D,RESIDUE_PRICE_OFFER,,1,A202309,C2025Q3T05,VIC1-NSW1,NSW1,2,2515.09
D,RESIDUE_PRICE_OFFER,,1,A202309,C2025Q3T05,VIC1-NSW1,NSW1,2,2560.09
D,RESIDUE_PRICE_OFFER,,1,A202309,C2025Q3T05,VIC1-NSW1,NSW1,2,2605.09
D,RESIDUE_PRICE_OFFER,,1,A202309,C2025Q3T05,VIC1-NSW1,NSW1,2,2650.09
D,RESIDUE_PRICE_OFFER,,1,A202309,C2025Q3T05,VIC1-NSW1,NSW1,2,2695.09
D,RESIDUE_PRICE_OFFER,,1,A202309,C2025Q3T05,VIC1-NSW1,NSW1,2,2740.09
D,RESIDUE_PRICE_OFFER,,1,A202309,C2025Q3T05,VIC1-NSW1,NSW1,2,2750.894130
D,RESIDUE_PRICE_OFFER,,1,A202309,C2025Q3T05,VIC1-NSW1,NSW1,2,2785.09
D,RESIDUE_PRICE_OFFER,,1,A202309,C2025Q3T05,VIC1-NSW1,NSW1,2,2830.09
D,RESIDUE_PRICE_OFFER,,1,A202309,C2025Q3T05,VIC1-NSW1,NSW1,2,2875.09
D,RESIDUE_PRICE_OFFER,,1,A202309,C2025Q3T05,VIC1-NSW1,NSW1,2,2920.09
D,RESIDUE_PRICE_OFFER,,1,A202309,C2025Q3T05,VIC1-NSW1,NSW1,2,2965.09
D,RESIDUE_PRICE_OFFER,,1,A202309,C2025Q3T05,VIC1-NSW1,NSW1,2,3010.09
D,RESIDUE_PRICE_OFFER,,1,A202309,C2025Q3T05,VIC1-NSW1,NSW1,2,3055.09
D,RESIDUE_PRICE_OFFER,,1,A202309,C2025Q3T05,VIC1-NSW1,NSW1,2,3100.09
D,RESIDUE_PRICE_OFFER,,1,A202309,C2025Q3T05,VIC1-NSW1,NSW1,2,3145.09
D,RESIDUE_PRICE_OFFER,,1,A202309,C2025Q3T05,VIC1-NSW1,NSW1,2,3190.09
D,RESIDUE_PRICE_OFFER,,1,A202309,C2025Q3T05,VIC1-NSW1,NSW1,2,3235.09
D,RESIDUE_PRICE_OFFER,,1,A202309,C2025Q3T05,VIC1-NSW1,NSW1,2,3301.072960
D,RESIDUE_PRICE_OFFER,,1,A202309,C2025Q3T05,VIC1-NSW1,NSW1,2,3961.287550
D,RESIDUE_PRICE_OFFER,,1,A202309,C2025Q3T05,VIC1-NSW1,NSW1,2,4753.545060
D,RESIDUE_PRICE_OFFER,,1,A202309,C2025Q3T05,VIC1-NSW1,NSW1,2,5704.254070
D,RESIDUE_PRICE_OFFER,,1,A202309,C2025Q3T05,VIC1-NSW1,NSW1,2,6845.104890
D,RESIDUE_PRICE_OFFER,,1,A202309,C2025Q3T05,VIC1-NSW1,NSW1,5,1349.99
D,RESIDUE_PRICE_OFFER,,1,A202309,C2025Q3T05,VIC1-NSW1,NSW1,108,0
D,RESIDUE_PRICE_OFFER,,1,A202309,C2025Q3T05,VIC1-NSW1,VIC1,1,24120.76
D,RESIDUE_PRICE_OFFER,,1,A202309,C2025Q3T05,VIC1-NSW1,VIC1,1,24240.76
D,RESIDUE_PRICE_OFFER,,1,A202309,C2025Q3T05,VIC1-NSW1,VIC1,1,24360.76
D,RESIDUE_PRICE_OFFER,,1,A202309,C2025Q3T05,VIC1-NSW1,VIC1,1,24480.76
D,RESIDUE_PRICE_OFFER,,1,A202309,C2025Q3T05,VIC1-NSW1,VIC1,1,24600.76
D,RESIDUE_PRICE_OFFER,,1,A202309,C2025Q3T05,VIC1-NSW1,VIC1,1,24720.76
D,RESIDUE_PRICE_OFFER,,1,A202309,C2025Q3T05,VIC1-NSW1,VIC1,1,24840.76
D,RESIDUE_PRICE_OFFER,,1,A202309,C2025Q3T05,VIC1-NSW1,VIC1,1,24960.76
D,RESIDUE_PRICE_OFFER,,1,A202309,C2025Q3T05,VIC1-NSW1,VIC1,1,25080.76
D,RESIDUE_PRICE_OFFER,,1,A202309,C2025Q3T05,VIC1-NSW1,VIC1,1,25200.76
D,RESIDUE_PRICE_OFFER,,1,A202309,C2025Q3T05,VIC1-NSW1,VIC1,1,25320.76
D,RESIDUE_PRICE_OFFER,,1,A202309,C2025Q3T05,VIC1-NSW1,VIC1,1,25440.76
D,RESIDUE_PRICE_OFFER,,1,A202309,C2025Q3T05,VIC1-NSW1,VIC1,1,25560.76
D,RESIDUE_PRICE_OFFER,,1,A202309,C2025Q3T05,VIC1-NSW1,VIC1,1,25680.76
D,RESIDUE_PRICE_OFFER,,1,A202309,C2025Q3T05,VIC1-NSW1,VIC1,1,25800.76
D,RESIDUE_PRICE_OFFER,,1,A202309,C2025Q3T05,VIC1-NSW1,VIC1,1,25920.76
D,RESIDUE_PRICE_OFFER,,1,A202309,C2025Q3T05,VIC1-NSW1,VIC1,1,26040.76
D,RESIDUE_PRICE_OFFER,,1,A202309,C2025Q3T05,VIC1-NSW1,VIC1,1,26160.76
D,RESIDUE_PRICE_OFFER,,1,A202309,C2025Q3T05,VIC1-NSW1,VIC1,1,26280.76
D,RESIDUE_PRICE_OFFER,,1,A202309,C2025Q3T05,VIC1-NSW1,VIC1,1,26400.76
D,RESIDUE_PRICE_OFFER,,1,A202309,C2025Q3T05,VIC1-NSW1,VIC1,1,26520.76
D,RESIDUE_PRICE_OFFER,,1,A202309,C2025Q3T05,VIC1-NSW1,VIC1,1,26640.76
D,RESIDUE_PRICE_OFFER,,1,A202309,C2025Q3T05,VIC1-NSW1,VIC1,1,26760.76
D,RESIDUE_PRICE_OFFER,,1,A202309,C2025Q3T05,VIC1-NSW1,VIC1,1,26880.76
D,RESIDUE_PRICE_OFFER,,1,A202309,C2025Q3T05,VIC1-NSW1,VIC1,1,27000.76
D,RESIDUE_PRICE_OFFER,,1,A202309,C2025Q3T05,VIC1-NSW1,VIC1,2,30600.76
D,RESIDUE_PRICE_OFFER,,1,A202309,C2025Q3T05,VIC1-NSW1,VIC1,2,31200.76
D,RESIDUE_PRICE_OFFER,,1,A202309,C2025Q3T05,VIC1-NSW1,VIC1,2,31800.76
D,RESIDUE_PRICE_OFFER,,1,A202309,C2025Q3T05,VIC1-NSW1,VIC1,2,32400.76
D,RESIDUE_PRICE_OFFER,,1,A202309,C2025Q3T05,VIC1-NSW1,VIC1,2,33000.76
D,RESIDUE_PRICE_OFFER,,1,A202309,C2025Q3T05,VIC1-NSW1,VIC1,2,33600.76
D,RESIDUE_PRICE_OFFER,,1,A202309,C2025Q3T05,VIC1-NSW1,VIC1,2,34200.76
D,RESIDUE_PRICE_OFFER,,1,A202309,C2025Q3T05,VIC1-NSW1,VIC1,2,34800.76
D,RESIDUE_PRICE_OFFER,,1,A202309,C2025Q3T05,VIC1-NSW1,VIC1,2,35400.76
D,RESIDUE_PRICE_OFFER,,1,A202309,C2025Q3T05,VIC1-NSW1,VIC1,2,36000.76
D,RESIDUE_PRICE_OFFER,,1,A202309,C2025Q3T05,VIC1-NSW1,VIC1,2,36600.76
D,RESIDUE_PRICE_OFFER,,1,A202309,C2025Q3T05,VIC1-NSW1,VIC1,2,37200.76
D,RESIDUE_PRICE_OFFER,,1,A202309,C2025Q3T05,VIC1-NSW1,VIC1,2,37800.76
D,RESIDUE_PRICE_OFFER,,1,A202309,C2025Q3T05,VIC1-NSW1,VIC1,2,38400.76
D,RESIDUE_PRICE_OFFER,,1,A202309,C2025Q3T05,VIC1-NSW1,VIC1,2,39000.76
D,RESIDUE_PRICE_OFFER,,1,A202309,C2025Q3T05,VIC1-NSW1,VIC1,2,39600.76
D,RESIDUE_PRICE_OFFER,,1,A202309,C2025Q3T05,VIC1-NSW1,VIC1,2,40200.76
D,RESIDUE_PRICE_OFFER,,1,A202309,C2025Q3T05,VIC1-NSW1,VIC1,2,40800.76
D,RESIDUE_PRICE_OFFER,,1,A202309,C2025Q3T05,VIC1-NSW1,VIC1,2,41400.76
D,RESIDUE_PRICE_OFFER,,1,A202309,C2025Q3T05,VIC1-NSW1,VIC1,2,42000.76
D,RESIDUE_PRICE_OFFER,,1,A202309,C2025Q3T05,VIC1-NSW1,VIC1,2,42600.76
D,RESIDUE_PRICE_OFFER,,1,A202309,C2025Q3T05,VIC1-NSW1,VIC1,2,43200.76
D,RESIDUE_PRICE_OFFER,,1,A202309,C2025Q3T05,VIC1-NSW1,VIC1,2,43800.76
D,RESIDUE_PRICE_OFFER,,1,A202309,C2025Q3T05,VIC1-NSW1,VIC1,2,44400.76
D,RESIDUE_PRICE_OFFER,,1,A202309,C2025Q3T05,VIC1-NSW1,VIC1,2,45000.76
D,RESIDUE_PRICE_OFFER,,1,A202309,C2025Q3T05,VIC1-NSW1,VIC1,20,35000
D,RESIDUE_PRICE_OFFER,,1,A202309,C2025Q3T05,VIC1-NSW1,VIC1,125,0
D,RESIDUE_PRICE_OFFER,,1,A202309,C2025Q4T04,NSW1-QLD1,NSW1,45,0
D,RESIDUE_PRICE_OFFER,,1,A202309,C2025Q4T04,NSW1-QLD1,QLD1,1,19040.689990
D,RESIDUE_PRICE_OFFER,,1,A202309,C2025Q4T04,NSW1-QLD1,QLD1,1,19080.689990
D,RESIDUE_PRICE_OFFER,,1,A202309,C2025Q4T04,NSW1-QLD1,QLD1,1,19120.689990
D,RESIDUE_PRICE_OFFER,,1,A202309,C2025Q4T04,NSW1-QLD1,QLD1,1,19160.689990
D,RESIDUE_PRICE_OFFER,,1,A202309,C2025Q4T04,NSW1-QLD1,QLD1,1,19200.689990
D,RESIDUE_PRICE_OFFER,,1,A202309,C2025Q4T04,NSW1-QLD1,QLD1,1,19240.689990
D,RESIDUE_PRICE_OFFER,,1,A202309,C2025Q4T04,NSW1-QLD1,QLD1,1,19280.689990
D,RESIDUE_PRICE_OFFER,,1,A202309,C2025Q4T04,NSW1-QLD1,QLD1,1,19320.689990
D,RESIDUE_PRICE_OFFER,,1,A202309,C2025Q4T04,NSW1-QLD1,QLD1,1,19360.689990
D,RESIDUE_PRICE_OFFER,,1,A202309,C2025Q4T04,NSW1-QLD1,QLD1,1,19400.689990
D,RESIDUE_PRICE_OFFER,,1,A202309,C2025Q4T04,NSW1-QLD1,QLD1,1,19440.689990
D,RESIDUE_PRICE_OFFER,,1,A202309,C2025Q4T04,NSW1-QLD1,QLD1,1,19480.689990
D,RESIDUE_PRICE_OFFER,,1,A202309,C2025Q4T04,NSW1-QLD1,QLD1,1,19520.689990
D,RESIDUE_PRICE_OFFER,,1,A202309,C2025Q4T04,NSW1-QLD1,QLD1,1,19560.689990
D,RESIDUE_PRICE_OFFER,,1,A202309,C2025Q4T04,NSW1-QLD1,QLD1,1,19600.689990
D,RESIDUE_PRICE_OFFER,,1,A202309,C2025Q4T04,NSW1-QLD1,QLD1,1,19640.689990
D,RESIDUE_PRICE_OFFER,,1,A202309,C2025Q4T04,NSW1-QLD1,QLD1,1,19680.689990
D,RESIDUE_PRICE_OFFER,,1,A202309,C2025Q4T04,NSW1-QLD1,QLD1,1,19720.689990
D,RESIDUE_PRICE_OFFER,,1,A202309,C2025Q4T04,NSW1-QLD1,QLD1,1,19760.689990
D,RESIDUE_PRICE_OFFER,,1,A202309,C2025Q4T04,NSW1-QLD1,QLD1,1,19800.689990
D,RESIDUE_PRICE_OFFER,,1,A202309,C2025Q4T04,NSW1-QLD1,QLD1,1,19840.689990
D,RESIDUE_PRICE_OFFER,,1,A202309,C2025Q4T04,NSW1-QLD1,QLD1,1,19880.689990
D,RESIDUE_PRICE_OFFER,,1,A202309,C2025Q4T04,NSW1-QLD1,QLD1,1,19920.689990
D,RESIDUE_PRICE_OFFER,,1,A202309,C2025Q4T04,NSW1-QLD1,QLD1,1,19960.689990
D,RESIDUE_PRICE_OFFER,,1,A202309,C2025Q4T04,NSW1-QLD1,QLD1,1,20000.689990
D,RESIDUE_PRICE_OFFER,,1,A202309,C2025Q4T04,NSW1-QLD1,QLD1,5,14999.99
D,RESIDUE_PRICE_OFFER,,1,A202309,C2025Q4T04,NSW1-QLD1,QLD1,100,0
D,RESIDUE_PRICE_OFFER,,1,A202309,C2025Q4T04,V-SA,SA1,1,6005.01
D,RESIDUE_PRICE_OFFER,,1,A202309,C2025Q4T04,V-SA,SA1,1,6010.01
D,RESIDUE_PRICE_OFFER,,1,A202309,C2025Q4T04,V-SA,SA1,1,6015.01
D,RESIDUE_PRICE_OFFER,,1,A202309,C2025Q4T04,V-SA,SA1,1,6020.01
D,RESIDUE_PRICE_OFFER,,1,A202309,C2025Q4T04,V-SA,SA1,1,6025.01
D,RESIDUE_PRICE_OFFER,,1,A202309,C2025Q4T04,V-SA,SA1,1,6030.01
D,RESIDUE_PRICE_OFFER,,1,A202309,C2025Q4T04,V-SA,SA1,1,6035.01
D,RESIDUE_PRICE_OFFER,,1,A202309,C2025Q4T04,V-SA,SA1,1,6040.01
D,RESIDUE_PRICE_OFFER,,1,A202309,C2025Q4T04,V-SA,SA1,1,6045.01
D,RESIDUE_PRICE_OFFER,,1,A202309,C2025Q4T04,V-SA,SA1,1,6050.01
D,RESIDUE_PRICE_OFFER,,1,A202309,C2025Q4T04,V-SA,SA1,1,6055.01
D,RESIDUE_PRICE_OFFER,,1,A202309,C2025Q4T04,V-SA,SA1,1,6060.01
D,RESIDUE_PRICE_OFFER,,1,A202309,C2025Q4T04,V-SA,SA1,1,6065.01
D,RESIDUE_PRICE_OFFER,,1,A202309,C2025Q4T04,V-SA,SA1,1,6070.01
D,RESIDUE_PRICE_OFFER,,1,A202309,C2025Q4T04,V-SA,SA1,1,6075.01
D,RESIDUE_PRICE_OFFER,,1,A202309,C2025Q4T04,V-SA,SA1,1,6080.01
D,RESIDUE_PRICE_OFFER,,1,A202309,C2025Q4T04,V-SA,SA1,1,6085.01
D,RESIDUE_PRICE_OFFER,,1,A202309,C2025Q4T04,V-SA,SA1,1,6090.01
D,RESIDUE_PRICE_OFFER,,1,A202309,C2025Q4T04,V-SA,SA1,1,6095.01
D,RESIDUE_PRICE_OFFER,,1,A202309,C2025Q4T04,V-SA,SA1,1,6100.01
D,RESIDUE_PRICE_OFFER,,1,A202309,C2025Q4T04,V-SA,SA1,1,7350.01
D,RESIDUE_PRICE_OFFER,,1,A202309,C2025Q4T04,V-SA,SA1,1,7700.01
D,RESIDUE_PRICE_OFFER,,1,A202309,C2025Q4T04,V-SA,SA1,1,8050.01
D,RESIDUE_PRICE_OFFER,,1,A202309,C2025Q4T04,V-SA,SA1,1,8400.01
D,RESIDUE_PRICE_OFFER,,1,A202309,C2025Q4T04,V-SA,SA1,1,8750.01
D,RESIDUE_PRICE_OFFER,,1,A202309,C2025Q4T04,V-SA,SA1,1,9100.01
D,RESIDUE_PRICE_OFFER,,1,A202309,C2025Q4T04,V-SA,SA1,1,9450.01
D,RESIDUE_PRICE_OFFER,,1,A202309,C2025Q4T04,V-SA,SA1,1,9800.01
D,RESIDUE_PRICE_OFFER,,1,A202309,C2025Q4T04,V-SA,SA1,1,10150.01
D,RESIDUE_PRICE_OFFER,,1,A202309,C2025Q4T04,V-SA,SA1,1,10500.01
D,RESIDUE_PRICE_OFFER,,1,A202309,C2025Q4T04,V-SA,SA1,1,10850.01
D,RESIDUE_PRICE_OFFER,,1,A202309,C2025Q4T04,V-SA,SA1,1,11200.01
D,RESIDUE_PRICE_OFFER,,1,A202309,C2025Q4T04,V-SA,SA1,1,11550.01
D,RESIDUE_PRICE_OFFER,,1,A202309,C2025Q4T04,V-SA,SA1,1,11900.01
D,RESIDUE_PRICE_OFFER,,1,A202309,C2025Q4T04,V-SA,SA1,1,12250.01
D,RESIDUE_PRICE_OFFER,,1,A202309,C2025Q4T04,V-SA,SA1,1,12600.01
D,RESIDUE_PRICE_OFFER,,1,A202309,C2025Q4T04,V-SA,SA1,1,12950.01
D,RESIDUE_PRICE_OFFER,,1,A202309,C2025Q4T04,V-SA,SA1,1,13300.01
D,RESIDUE_PRICE_OFFER,,1,A202309,C2025Q4T04,V-SA,SA1,1,13650.01
D,RESIDUE_PRICE_OFFER,,1,A202309,C2025Q4T04,V-SA,SA1,1,14000.01
D,RESIDUE_PRICE_OFFER,,1,A202309,C2025Q4T04,V-SA,SA1,2,5131.413120
D,RESIDUE_PRICE_OFFER,,1,A202309,C2025Q4T04,V-SA,SA1,2,5849.810960
D,RESIDUE_PRICE_OFFER,,1,A202309,C2025Q4T04,V-SA,SA1,2,6668.784490
D,RESIDUE_PRICE_OFFER,,1,A202309,C2025Q4T04,V-SA,SA1,2,7602.414320
D,RESIDUE_PRICE_OFFER,,1,A202309,C2025Q4T04,V-SA,SA1,2,8666.752330
D,RESIDUE_PRICE_OFFER,,1,A202309,C2025Q4T04,V-SA,SA1,2,9880.097650
D,RESIDUE_PRICE_OFFER,,1,A202309,C2025Q4T04,V-SA,SA1,64,0
D,RESIDUE_PRICE_OFFER,,1,A202309,C2025Q4T04,V-SA,VIC1,5,41000
D,RESIDUE_PRICE_OFFER,,1,A202309,C2025Q4T04,V-SA,VIC1,10,18000.47
D,RESIDUE_PRICE_OFFER,,1,A202309,C2025Q4T04,V-SA,VIC1,73,0
D,RESIDUE_PRICE_OFFER,,1,A202309,C2025Q4T04,VIC1-NSW1,NSW1,108,0
D,RESIDUE_PRICE_OFFER,,1,A202309,C2025Q4T04,VIC1-NSW1,VIC1,1,19004.759990
D,RESIDUE_PRICE_OFFER,,1,A202309,C2025Q4T04,VIC1-NSW1,VIC1,1,19008.759990
D,RESIDUE_PRICE_OFFER,,1,A202309,C2025Q4T04,VIC1-NSW1,VIC1,1,19012.759990
D,RESIDUE_PRICE_OFFER,,1,A202309,C2025Q4T04,VIC1-NSW1,VIC1,1,19016.759990
D,RESIDUE_PRICE_OFFER,,1,A202309,C2025Q4T04,VIC1-NSW1,VIC1,1,19020.759990
D,RESIDUE_PRICE_OFFER,,1,A202309,C2025Q4T04,VIC1-NSW1,VIC1,1,19024.759990
D,RESIDUE_PRICE_OFFER,,1,A202309,C2025Q4T04,VIC1-NSW1,VIC1,1,19028.759990
D,RESIDUE_PRICE_OFFER,,1,A202309,C2025Q4T04,VIC1-NSW1,VIC1,1,19032.759990
D,RESIDUE_PRICE_OFFER,,1,A202309,C2025Q4T04,VIC1-NSW1,VIC1,1,19036.759990
D,RESIDUE_PRICE_OFFER,,1,A202309,C2025Q4T04,VIC1-NSW1,VIC1,1,19040.759990
D,RESIDUE_PRICE_OFFER,,1,A202309,C2025Q4T04,VIC1-NSW1,VIC1,1,19044.759990
D,RESIDUE_PRICE_OFFER,,1,A202309,C2025Q4T04,VIC1-NSW1,VIC1,1,19048.759990
D,RESIDUE_PRICE_OFFER,,1,A202309,C2025Q4T04,VIC1-NSW1,VIC1,1,19052.759990
D,RESIDUE_PRICE_OFFER,,1,A202309,C2025Q4T04,VIC1-NSW1,VIC1,1,19056.759990
D,RESIDUE_PRICE_OFFER,,1,A202309,C2025Q4T04,VIC1-NSW1,VIC1,1,19060.759990
D,RESIDUE_PRICE_OFFER,,1,A202309,C2025Q4T04,VIC1-NSW1,VIC1,1,19064.759990
D,RESIDUE_PRICE_OFFER,,1,A202309,C2025Q4T04,VIC1-NSW1,VIC1,1,19068.759990
D,RESIDUE_PRICE_OFFER,,1,A202309,C2025Q4T04,VIC1-NSW1,VIC1,1,19072.759990
D,RESIDUE_PRICE_OFFER,,1,A202309,C2025Q4T04,VIC1-NSW1,VIC1,1,19076.759990
D,RESIDUE_PRICE_OFFER,,1,A202309,C2025Q4T04,VIC1-NSW1,VIC1,1,19080.759990
D,RESIDUE_PRICE_OFFER,,1,A202309,C2025Q4T04,VIC1-NSW1,VIC1,1,19084.759990
D,RESIDUE_PRICE_OFFER,,1,A202309,C2025Q4T04,VIC1-NSW1,VIC1,1,19088.759990
D,RESIDUE_PRICE_OFFER,,1,A202309,C2025Q4T04,VIC1-NSW1,VIC1,1,19092.759990
D,RESIDUE_PRICE_OFFER,,1,A202309,C2025Q4T04,VIC1-NSW1,VIC1,1,19096.759990
D,RESIDUE_PRICE_OFFER,,1,A202309,C2025Q4T04,VIC1-NSW1,VIC1,1,19100.759990
D,RESIDUE_PRICE_OFFER,,1,A202309,C2025Q4T04,VIC1-NSW1,VIC1,2,17060.77
D,RESIDUE_PRICE_OFFER,,1,A202309,C2025Q4T04,VIC1-NSW1,VIC1,2,18425.6316
D,RESIDUE_PRICE_OFFER,,1,A202309,C2025Q4T04,VIC1-NSW1,VIC1,2,19899.682130
D,RESIDUE_PRICE_OFFER,,1,A202309,C2025Q4T04,VIC1-NSW1,VIC1,2,22920.76
D,RESIDUE_PRICE_OFFER,,1,A202309,C2025Q4T04,VIC1-NSW1,VIC1,2,23840.76
D,RESIDUE_PRICE_OFFER,,1,A202309,C2025Q4T04,VIC1-NSW1,VIC1,2,24760.76
D,RESIDUE_PRICE_OFFER,,1,A202309,C2025Q4T04,VIC1-NSW1,VIC1,2,25680.76
D,RESIDUE_PRICE_OFFER,,1,A202309,C2025Q4T04,VIC1-NSW1,VIC1,2,26600.76
D,RESIDUE_PRICE_OFFER,,1,A202309,C2025Q4T04,VIC1-NSW1,VIC1,2,27520.76
D,RESIDUE_PRICE_OFFER,,1,A202309,C2025Q4T04,VIC1-NSW1,VIC1,2,28440.76
D,RESIDUE_PRICE_OFFER,,1,A202309,C2025Q4T04,VIC1-NSW1,VIC1,2,29360.76
D,RESIDUE_PRICE_OFFER,,1,A202309,C2025Q4T04,VIC1-NSW1,VIC1,2,30280.76
D,RESIDUE_PRICE_OFFER,,1,A202309,C2025Q4T04,VIC1-NSW1,VIC1,2,31200.76
D,RESIDUE_PRICE_OFFER,,1,A202309,C2025Q4T04,VIC1-NSW1,VIC1,2,32120.76
D,RESIDUE_PRICE_OFFER,,1,A202309,C2025Q4T04,VIC1-NSW1,VIC1,2,33040.76
D,RESIDUE_PRICE_OFFER,,1,A202309,C2025Q4T04,VIC1-NSW1,VIC1,2,33960.76
D,RESIDUE_PRICE_OFFER,,1,A202309,C2025Q4T04,VIC1-NSW1,VIC1,2,34880.76
D,RESIDUE_PRICE_OFFER,,1,A202309,C2025Q4T04,VIC1-NSW1,VIC1,2,35800.76
D,RESIDUE_PRICE_OFFER,,1,A202309,C2025Q4T04,VIC1-NSW1,VIC1,2,36720.76
D,RESIDUE_PRICE_OFFER,,1,A202309,C2025Q4T04,VIC1-NSW1,VIC1,2,37640.76
D,RESIDUE_PRICE_OFFER,,1,A202309,C2025Q4T04,VIC1-NSW1,VIC1,2,38560.76
D,RESIDUE_PRICE_OFFER,,1,A202309,C2025Q4T04,VIC1-NSW1,VIC1,2,39480.76
D,RESIDUE_PRICE_OFFER,,1,A202309,C2025Q4T04,VIC1-NSW1,VIC1,2,40400.76
D,RESIDUE_PRICE_OFFER,,1,A202309,C2025Q4T04,VIC1-NSW1,VIC1,2,41320.76
D,RESIDUE_PRICE_OFFER,,1,A202309,C2025Q4T04,VIC1-NSW1,VIC1,2,42240.76
D,RESIDUE_PRICE_OFFER,,1,A202309,C2025Q4T04,VIC1-NSW1,VIC1,2,43160.76
D,RESIDUE_PRICE_OFFER,,1,A202309,C2025Q4T04,VIC1-NSW1,VIC1,2,44080.76
D,RESIDUE_PRICE_OFFER,,1,A202309,C2025Q4T04,VIC1-NSW1,VIC1,2,45000.76
D,RESIDUE_PRICE_OFFER,,1,A202309,C2025Q4T04,VIC1-NSW1,VIC1,4,21491.6567
D,RESIDUE_PRICE_OFFER,,1,A202309,C2025Q4T04,VIC1-NSW1,VIC1,4,23210.989230
D,RESIDUE_PRICE_OFFER,,1,A202309,C2025Q4T04,VIC1-NSW1,VIC1,4,25067.868370
D,RESIDUE_PRICE_OFFER,,1,A202309,C2025Q4T04,VIC1-NSW1,VIC1,125,0
D,RESIDUE_PRICE_OFFER,,1,A202309,C2026Q1T03,NSW1-QLD1,NSW1,45,0
D,RESIDUE_PRICE_OFFER,,1,A202309,C2026Q1T03,NSW1-QLD1,QLD1,1,22040.69
D,RESIDUE_PRICE_OFFER,,1,A202309,C2026Q1T03,NSW1-QLD1,QLD1,1,22080.69
D,RESIDUE_PRICE_OFFER,,1,A202309,C2026Q1T03,NSW1-QLD1,QLD1,1,22120.69
D,RESIDUE_PRICE_OFFER,,1,A202309,C2026Q1T03,NSW1-QLD1,QLD1,1,22160.69
D,RESIDUE_PRICE_OFFER,,1,A202309,C2026Q1T03,NSW1-QLD1,QLD1,1,22200.69
D,RESIDUE_PRICE_OFFER,,1,A202309,C2026Q1T03,NSW1-QLD1,QLD1,1,22240.69
D,RESIDUE_PRICE_OFFER,,1,A202309,C2026Q1T03,NSW1-QLD1,QLD1,1,22280.69
D,RESIDUE_PRICE_OFFER,,1,A202309,C2026Q1T03,NSW1-QLD1,QLD1,1,22320.69
D,RESIDUE_PRICE_OFFER,,1,A202309,C2026Q1T03,NSW1-QLD1,QLD1,1,22360.69
D,RESIDUE_PRICE_OFFER,,1,A202309,C2026Q1T03,NSW1-QLD1,QLD1,1,22400.69
D,RESIDUE_PRICE_OFFER,,1,A202309,C2026Q1T03,NSW1-QLD1,QLD1,1,22440.69
D,RESIDUE_PRICE_OFFER,,1,A202309,C2026Q1T03,NSW1-QLD1,QLD1,1,22480.69
D,RESIDUE_PRICE_OFFER,,1,A202309,C2026Q1T03,NSW1-QLD1,QLD1,1,22520.69
D,RESIDUE_PRICE_OFFER,,1,A202309,C2026Q1T03,NSW1-QLD1,QLD1,1,22560.69
D,RESIDUE_PRICE_OFFER,,1,A202309,C2026Q1T03,NSW1-QLD1,QLD1,1,22600.69
D,RESIDUE_PRICE_OFFER,,1,A202309,C2026Q1T03,NSW1-QLD1,QLD1,1,22640.69
D,RESIDUE_PRICE_OFFER,,1,A202309,C2026Q1T03,NSW1-QLD1,QLD1,1,22680.69
D,RESIDUE_PRICE_OFFER,,1,A202309,C2026Q1T03,NSW1-QLD1,QLD1,1,22720.69
D,RESIDUE_PRICE_OFFER,,1,A202309,C2026Q1T03,NSW1-QLD1,QLD1,1,22760.69
D,RESIDUE_PRICE_OFFER,,1,A202309,C2026Q1T03,NSW1-QLD1,QLD1,1,22800.69
D,RESIDUE_PRICE_OFFER,,1,A202309,C2026Q1T03,NSW1-QLD1,QLD1,1,22840.69
D,RESIDUE_PRICE_OFFER,,1,A202309,C2026Q1T03,NSW1-QLD1,QLD1,1,22880.69
D,RESIDUE_PRICE_OFFER,,1,A202309,C2026Q1T03,NSW1-QLD1,QLD1,1,22920.69
D,RESIDUE_PRICE_OFFER,,1,A202309,C2026Q1T03,NSW1-QLD1,QLD1,1,22960.69
D,RESIDUE_PRICE_OFFER,,1,A202309,C2026Q1T03,NSW1-QLD1,QLD1,1,23000.69
D,RESIDUE_PRICE_OFFER,,1,A202309,C2026Q1T03,NSW1-QLD1,QLD1,100,0
D,RESIDUE_PRICE_OFFER,,1,A202309,C2026Q1T03,V-SA,SA1,2,5325.516660
D,RESIDUE_PRICE_OFFER,,1,A202309,C2026Q1T03,V-SA,SA1,2,6071.0890
D,RESIDUE_PRICE_OFFER,,1,A202309,C2026Q1T03,V-SA,SA1,2,6921.041460
D,RESIDUE_PRICE_OFFER,,1,A202309,C2026Q1T03,V-SA,SA1,2,7889.987260
D,RESIDUE_PRICE_OFFER,,1,A202309,C2026Q1T03,V-SA,SA1,2,8994.585480
D,RESIDUE_PRICE_OFFER,,1,A202309,C2026Q1T03,V-SA,SA1,2,10253.827450
D,RESIDUE_PRICE_OFFER,,1,A202309,C2026Q1T03,V-SA,SA1,6,7100.01
D,RESIDUE_PRICE_OFFER,,1,A202309,C2026Q1T03,V-SA,SA1,64,0
D,RESIDUE_PRICE_OFFER,,1,A202309,C2026Q1T03,V-SA,VIC1,2,56000
D,RESIDUE_PRICE_OFFER,,1,A202309,C2026Q1T03,V-SA,VIC1,10,26000.47
D,RESIDUE_PRICE_OFFER,,1,A202309,C2026Q1T03,V-SA,VIC1,73,0
D,RESIDUE_PRICE_OFFER,,1,A202309,C2026Q1T03,VIC1-NSW1,NSW1,2,4600.09
D,RESIDUE_PRICE_OFFER,,1,A202309,C2026Q1T03,VIC1-NSW1,NSW1,2,4700.09
D,RESIDUE_PRICE_OFFER,,1,A202309,C2026Q1T03,VIC1-NSW1,NSW1,2,4800.09
D,RESIDUE_PRICE_OFFER,,1,A202309,C2026Q1T03,VIC1-NSW1,NSW1,2,4900.09
D,RESIDUE_PRICE_OFFER,,1,A202309,C2026Q1T03,VIC1-NSW1,NSW1,2,5000.09
D,RESIDUE_PRICE_OFFER,,1,A202309,C2026Q1T03,VIC1-NSW1,NSW1,2,5100.09
D,RESIDUE_PRICE_OFFER,,1,A202309,C2026Q1T03,VIC1-NSW1,NSW1,2,5200.09
D,RESIDUE_PRICE_OFFER,,1,A202309,C2026Q1T03,VIC1-NSW1,NSW1,2,5300.09
D,RESIDUE_PRICE_OFFER,,1,A202309,C2026Q1T03,VIC1-NSW1,NSW1,2,5400.09
D,RESIDUE_PRICE_OFFER,,1,A202309,C2026Q1T03,VIC1-NSW1,NSW1,2,5500.09
D,RESIDUE_PRICE_OFFER,,1,A202309,C2026Q1T03,VIC1-NSW1,NSW1,108,0
D,RESIDUE_PRICE_OFFER,,1,A202309,C2026Q1T03,VIC1-NSW1,VIC1,2,21964.80
D,RESIDUE_PRICE_OFFER,,1,A202309,C2026Q1T03,VIC1-NSW1,VIC1,2,22050.76
D,RESIDUE_PRICE_OFFER,,1,A202309,C2026Q1T03,VIC1-NSW1,VIC1,2,22100.76
D,RESIDUE_PRICE_OFFER,,1,A202309,C2026Q1T03,VIC1-NSW1,VIC1,2,22150.76
D,RESIDUE_PRICE_OFFER,,1,A202309,C2026Q1T03,VIC1-NSW1,VIC1,2,22200.76
D,RESIDUE_PRICE_OFFER,,1,A202309,C2026Q1T03,VIC1-NSW1,VIC1,2,22250.76
D,RESIDUE_PRICE_OFFER,,1,A202309,C2026Q1T03,VIC1-NSW1,VIC1,2,22300.76
D,RESIDUE_PRICE_OFFER,,1,A202309,C2026Q1T03,VIC1-NSW1,VIC1,2,22350.76
D,RESIDUE_PRICE_OFFER,,1,A202309,C2026Q1T03,VIC1-NSW1,VIC1,2,22400.76
D,RESIDUE_PRICE_OFFER,,1,A202309,C2026Q1T03,VIC1-NSW1,VIC1,2,22450.76
D,RESIDUE_PRICE_OFFER,,1,A202309,C2026Q1T03,VIC1-NSW1,VIC1,2,22500.76
D,RESIDUE_PRICE_OFFER,,1,A202309,C2026Q1T03,VIC1-NSW1,VIC1,2,23721.9840
D,RESIDUE_PRICE_OFFER,,1,A202309,C2026Q1T03,VIC1-NSW1,VIC1,2,25619.742720
D,RESIDUE_PRICE_OFFER,,1,A202309,C2026Q1T03,VIC1-NSW1,VIC1,4,27669.322140
D,RESIDUE_PRICE_OFFER,,1,A202309,C2026Q1T03,VIC1-NSW1,VIC1,4,29882.867910
D,RESIDUE_PRICE_OFFER,,1,A202309,C2026Q1T03,VIC1-NSW1,VIC1,4,32273.497340
D,RESIDUE_PRICE_OFFER,,1,A202309,C2026Q1T03,VIC1-NSW1,VIC1,125,0
D,RESIDUE_PRICE_OFFER,,1,A202309,C2026Q2T02,NSW1-QLD1,NSW1,45,0
D,RESIDUE_PRICE_OFFER,,1,A202309,C2026Q2T02,NSW1-QLD1,QLD1,5,32000.69
D,RESIDUE_PRICE_OFFER,,1,A202309,C2026Q2T02,NSW1-QLD1,QLD1,100,0
D,RESIDUE_PRICE_OFFER,,1,A202309,C2026Q2T02,V-SA,SA1,1,7012.636660
D,RESIDUE_PRICE_OFFER,,1,A202309,C2026Q2T02,V-SA,SA1,1,7994.405790
D,RESIDUE_PRICE_OFFER,,1,A202309,C2026Q2T02,V-SA,SA1,1,9113.6226
D,RESIDUE_PRICE_OFFER,,1,A202309,C2026Q2T02,V-SA,SA1,2,4733.33
D,RESIDUE_PRICE_OFFER,,1,A202309,C2026Q2T02,V-SA,SA1,2,5395.9962
D,RESIDUE_PRICE_OFFER,,1,A202309,C2026Q2T02,V-SA,SA1,2,6151.435660
D,RESIDUE_PRICE_OFFER,,1,A202309,C2026Q2T02,V-SA,SA1,64,0
D,RESIDUE_PRICE_OFFER,,1,A202309,C2026Q2T02,V-SA,VIC1,3,20000.47
D,RESIDUE_PRICE_OFFER,,1,A202309,C2026Q2T02,V-SA,VIC1,5,61000
D,RESIDUE_PRICE_OFFER,,1,A202309,C2026Q2T02,V-SA,VIC1,73,0
D,RESIDUE_PRICE_OFFER,,1,A202309,C2026Q2T02,VIC1-NSW1,NSW1,1,1504.09
D,RESIDUE_PRICE_OFFER,,1,A202309,C2026Q2T02,VIC1-NSW1,NSW1,1,1508.09
D,RESIDUE_PRICE_OFFER,,1,A202309,C2026Q2T02,VIC1-NSW1,NSW1,1,1512.09
D,RESIDUE_PRICE_OFFER,,1,A202309,C2026Q2T02,VIC1-NSW1,NSW1,1,1516.09
D,RESIDUE_PRICE_OFFER,,1,A202309,C2026Q2T02,VIC1-NSW1,NSW1,1,1520.09
D,RESIDUE_PRICE_OFFER,,1,A202309,C2026Q2T02,VIC1-NSW1,NSW1,1,1524.09
D,RESIDUE_PRICE_OFFER,,1,A202309,C2026Q2T02,VIC1-NSW1,NSW1,1,1528.09
D,RESIDUE_PRICE_OFFER,,1,A202309,C2026Q2T02,VIC1-NSW1,NSW1,1,1532.09
D,RESIDUE_PRICE_OFFER,,1,A202309,C2026Q2T02,VIC1-NSW1,NSW1,1,1536.09
D,RESIDUE_PRICE_OFFER,,1,A202309,C2026Q2T02,VIC1-NSW1,NSW1,1,1540.09
D,RESIDUE_PRICE_OFFER,,1,A202309,C2026Q2T02,VIC1-NSW1,NSW1,1,1544.09
D,RESIDUE_PRICE_OFFER,,1,A202309,C2026Q2T02,VIC1-NSW1,NSW1,1,1548.09
D,RESIDUE_PRICE_OFFER,,1,A202309,C2026Q2T02,VIC1-NSW1,NSW1,1,1552.09
D,RESIDUE_PRICE_OFFER,,1,A202309,C2026Q2T02,VIC1-NSW1,NSW1,1,1556.09
D,RESIDUE_PRICE_OFFER,,1,A202309,C2026Q2T02,VIC1-NSW1,NSW1,1,1560.09
D,RESIDUE_PRICE_OFFER,,1,A202309,C2026Q2T02,VIC1-NSW1,NSW1,1,1564.09
D,RESIDUE_PRICE_OFFER,,1,A202309,C2026Q2T02,VIC1-NSW1,NSW1,1,1568.09
D,RESIDUE_PRICE_OFFER,,1,A202309,C2026Q2T02,VIC1-NSW1,NSW1,1,1572.09
D,RESIDUE_PRICE_OFFER,,1,A202309,C2026Q2T02,VIC1-NSW1,NSW1,1,1576.09
D,RESIDUE_PRICE_OFFER,,1,A202309,C2026Q2T02,VIC1-NSW1,NSW1,1,1580.09
D,RESIDUE_PRICE_OFFER,,1,A202309,C2026Q2T02,VIC1-NSW1,NSW1,1,1584.09
D,RESIDUE_PRICE_OFFER,,1,A202309,C2026Q2T02,VIC1-NSW1,NSW1,1,1588.09
D,RESIDUE_PRICE_OFFER,,1,A202309,C2026Q2T02,VIC1-NSW1,NSW1,1,1592.09
D,RESIDUE_PRICE_OFFER,,1,A202309,C2026Q2T02,VIC1-NSW1,NSW1,108,0
D,RESIDUE_PRICE_OFFER,,1,A202309,C2026Q2T02,VIC1-NSW1,VIC1,2,19995.59
D,RESIDUE_PRICE_OFFER,,1,A202309,C2026Q2T02,VIC1-NSW1,VIC1,2,20000.759990
D,RESIDUE_PRICE_OFFER,,1,A202309,C2026Q2T02,VIC1-NSW1,VIC1,2,21595.2372
D,RESIDUE_PRICE_OFFER,,1,A202309,C2026Q2T02,VIC1-NSW1,VIC1,2,23322.856180
D,RESIDUE_PRICE_OFFER,,1,A202309,C2026Q2T02,VIC1-NSW1,VIC1,4,25188.684670
D,RESIDUE_PRICE_OFFER,,1,A202309,C2026Q2T02,VIC1-NSW1,VIC1,4,27203.779440
D,RESIDUE_PRICE_OFFER,,1,A202309,C2026Q2T02,VIC1-NSW1,VIC1,4,29380.0818
D,RESIDUE_PRICE_OFFER,,1,A202309,C2026Q2T02,VIC1-NSW1,VIC1,125,0
D,RESIDUE_PRICE_OFFER,,1,A202309,C2026Q3T01,NSW1-QLD1,NSW1,45,0
D,RESIDUE_PRICE_OFFER,,1,A202309,C2026Q3T01,NSW1-QLD1,QLD1,100,0
D,RESIDUE_PRICE_OFFER,,1,A202309,C2026Q3T01,V-SA,SA1,64,0
D,RESIDUE_PRICE_OFFER,,1,A202309,C2026Q3T01,V-SA,VIC1,73,0
D,RESIDUE_PRICE_OFFER,,1,A202309,C2026Q3T01,VIC1-NSW1,NSW1,108,0
D,RESIDUE_PRICE_OFFER,,1,A202309,C2026Q3T01,VIC1-NSW1,VIC1,125,0
C,"END OF REPORT",1729
