C,NEMP.WORLD,SROFFER,AEMO,PUBLIC,2024/03/15,14:55:45,0000000413785061,,0000000413785061
I,RESIDUE_PRICE_OFFER,,1,:AUCTIONID,TRANCHEID,INTERCONNECTORID,FROMREGIONID,OFFERUNITS,OFFERPRICE
D,RESIDUE_PRICE_OFFER,,1,A202403,C2024Q2T12,NSW1-QLD1,NSW1,4,8500
D,RESIDUE_PRICE_OFFER,,1,A202403,C2024Q2T12,NSW1-QLD1,NSW1,9,7000.66
D,RESIDUE_PRICE_OFFER,,1,A202403,C2024Q2T12,NSW1-QLD1,NSW1,55,0
D,RESIDUE_PRICE_OFFER,,1,A202403,C2024Q2T12,NSW1-QLD1,QLD1,1,20100.89
D,RESIDUE_PRICE_OFFER,,1,A202403,C2024Q2T12,NSW1-QLD1,QLD1,1,20200.89
D,RESIDUE_PRICE_OFFER,,1,A202403,C2024Q2T12,NSW1-QLD1,QLD1,1,20300.89
D,RESIDUE_PRICE_OFFER,,1,A202403,C2024Q2T12,NSW1-QLD1,QLD1,1,20400.89
D,RESIDUE_PRICE_OFFER,,1,A202403,C2024Q2T12,NSW1-QLD1,QLD1,1,20500.89
D,RESIDUE_PRICE_OFFER,,1,A202403,C2024Q2T12,NSW1-QLD1,QLD1,1,20600.89
D,RESIDUE_PRICE_OFFER,,1,A202403,C2024Q2T12,NSW1-QLD1,QLD1,1,20700.89
D,RESIDUE_PRICE_OFFER,,1,A202403,C2024Q2T12,NSW1-QLD1,QLD1,1,20800.89
D,RESIDUE_PRICE_OFFER,,1,A202403,C2024Q2T12,NSW1-QLD1,QLD1,1,20900.89
D,RESIDUE_PRICE_OFFER,,1,A202403,C2024Q2T12,NSW1-QLD1,QLD1,1,21000.89
D,RESIDUE_PRICE_OFFER,,1,A202403,C2024Q2T12,NSW1-QLD1,QLD1,1,21100.89
D,RESIDUE_PRICE_OFFER,,1,A202403,C2024Q2T12,NSW1-QLD1,QLD1,1,21200.89
D,RESIDUE_PRICE_OFFER,,1,A202403,C2024Q2T12,NSW1-QLD1,QLD1,1,21300.89
D,RESIDUE_PRICE_OFFER,,1,A202403,C2024Q2T12,NSW1-QLD1,QLD1,1,21400.89
D,RESIDUE_PRICE_OFFER,,1,A202403,C2024Q2T12,NSW1-QLD1,QLD1,1,21500.89
D,RESIDUE_PRICE_OFFER,,1,A202403,C2024Q2T12,NSW1-QLD1,QLD1,1,21600.89
D,RESIDUE_PRICE_OFFER,,1,A202403,C2024Q2T12,NSW1-QLD1,QLD1,1,21700.89
D,RESIDUE_PRICE_OFFER,,1,A202403,C2024Q2T12,NSW1-QLD1,QLD1,1,21800.89
D,RESIDUE_PRICE_OFFER,,1,A202403,C2024Q2T12,NSW1-QLD1,QLD1,1,21900.89
D,RESIDUE_PRICE_OFFER,,1,A202403,C2024Q2T12,NSW1-QLD1,QLD1,1,22000.89
D,RESIDUE_PRICE_OFFER,,1,A202403,C2024Q2T12,NSW1-QLD1,QLD1,1,23280.89
D,RESIDUE_PRICE_OFFER,,1,A202403,C2024Q2T12,NSW1-QLD1,QLD1,1,23560.89
D,RESIDUE_PRICE_OFFER,,1,A202403,C2024Q2T12,NSW1-QLD1,QLD1,1,23840.89
D,RESIDUE_PRICE_OFFER,,1,A202403,C2024Q2T12,NSW1-QLD1,QLD1,1,24120.89
D,RESIDUE_PRICE_OFFER,,1,A202403,C2024Q2T12,NSW1-QLD1,QLD1,1,24400.89
D,RESIDUE_PRICE_OFFER,,1,A202403,C2024Q2T12,NSW1-QLD1,QLD1,1,24680.89
D,RESIDUE_PRICE_OFFER,,1,A202403,C2024Q2T12,NSW1-QLD1,QLD1,1,24960.89
D,RESIDUE_PRICE_OFFER,,1,A202403,C2024Q2T12,NSW1-QLD1,QLD1,1,25240.89
D,RESIDUE_PRICE_OFFER,,1,A202403,C2024Q2T12,NSW1-QLD1,QLD1,1,25520.89
D,RESIDUE_PRICE_OFFER,,1,A202403,C2024Q2T12,NSW1-QLD1,QLD1,1,25800.89
D,RESIDUE_PRICE_OFFER,,1,A202403,C2024Q2T12,NSW1-QLD1,QLD1,1,26080.89
D,RESIDUE_PRICE_OFFER,,1,A202403,C2024Q2T12,NSW1-QLD1,QLD1,1,26360.89
D,RESIDUE_PRICE_OFFER,,1,A202403,C2024Q2T12,NSW1-QLD1,QLD1,1,26640.89
D,RESIDUE_PRICE_OFFER,,1,A202403,C2024Q2T12,NSW1-QLD1,QLD1,1,26920.89
D,RESIDUE_PRICE_OFFER,,1,A202403,C2024Q2T12,NSW1-QLD1,QLD1,1,27200.89
D,RESIDUE_PRICE_OFFER,,1,A202403,C2024Q2T12,NSW1-QLD1,QLD1,1,27480.89
D,RESIDUE_PRICE_OFFER,,1,A202403,C2024Q2T12,NSW1-QLD1,QLD1,1,27760.89
D,RESIDUE_PRICE_OFFER,,1,A202403,C2024Q2T12,NSW1-QLD1,QLD1,1,28040.89
D,RESIDUE_PRICE_OFFER,,1,A202403,C2024Q2T12,NSW1-QLD1,QLD1,1,28320.89
D,RESIDUE_PRICE_OFFER,,1,A202403,C2024Q2T12,NSW1-QLD1,QLD1,1,28600.89
D,RESIDUE_PRICE_OFFER,,1,A202403,C2024Q2T12,NSW1-QLD1,QLD1,1,28880.89
D,RESIDUE_PRICE_OFFER,,1,A202403,C2024Q2T12,NSW1-QLD1,QLD1,1,29160.89
D,RESIDUE_PRICE_OFFER,,1,A202403,C2024Q2T12,NSW1-QLD1,QLD1,1,29440.89
D,RESIDUE_PRICE_OFFER,,1,A202403,C2024Q2T12,NSW1-QLD1,QLD1,1,29720.89
D,RESIDUE_PRICE_OFFER,,1,A202403,C2024Q2T12,NSW1-QLD1,QLD1,1,30000.89
D,RESIDUE_PRICE_OFFER,,1,A202403,C2024Q2T12,NSW1-QLD1,QLD1,10,21230
D,RESIDUE_PRICE_OFFER,,1,A202403,C2024Q2T12,NSW1-QLD1,QLD1,10,23230
D,RESIDUE_PRICE_OFFER,,1,A202403,C2024Q2T12,NSW1-QLD1,QLD1,10,25230
D,RESIDUE_PRICE_OFFER,,1,A202403,C2024Q2T12,NSW1-QLD1,QLD1,30,32398
D,RESIDUE_PRICE_OFFER,,1,A202403,C2024Q2T12,NSW1-QLD1,QLD1,40,28380
D,RESIDUE_PRICE_OFFER,,1,A202403,C2024Q2T12,NSW1-QLD1,QLD1,100,0
D,RESIDUE_PRICE_OFFER,,1,A202403,C2024Q2T12,V-SA,SA1,1,3769.58
D,RESIDUE_PRICE_OFFER,,1,A202403,C2024Q2T12,V-SA,SA1,1,3788.58
D,RESIDUE_PRICE_OFFER,,1,A202403,C2024Q2T12,V-SA,SA1,1,3807.58
D,RESIDUE_PRICE_OFFER,,1,A202403,C2024Q2T12,V-SA,SA1,1,3826.58
D,RESIDUE_PRICE_OFFER,,1,A202403,C2024Q2T12,V-SA,SA1,1,3845.58
D,RESIDUE_PRICE_OFFER,,1,A202403,C2024Q2T12,V-SA,SA1,1,3864.58
D,RESIDUE_PRICE_OFFER,,1,A202403,C2024Q2T12,V-SA,SA1,1,3883.58
D,RESIDUE_PRICE_OFFER,,1,A202403,C2024Q2T12,V-SA,SA1,1,3902.58
D,RESIDUE_PRICE_OFFER,,1,A202403,C2024Q2T12,V-SA,SA1,1,3921.58
D,RESIDUE_PRICE_OFFER,,1,A202403,C2024Q2T12,V-SA,SA1,1,3940.58
D,RESIDUE_PRICE_OFFER,,1,A202403,C2024Q2T12,V-SA,SA1,1,3959.58
D,RESIDUE_PRICE_OFFER,,1,A202403,C2024Q2T12,V-SA,SA1,1,3978.58
D,RESIDUE_PRICE_OFFER,,1,A202403,C2024Q2T12,V-SA,SA1,1,3997.58
D,RESIDUE_PRICE_OFFER,,1,A202403,C2024Q2T12,V-SA,SA1,1,4016.58
D,RESIDUE_PRICE_OFFER,,1,A202403,C2024Q2T12,V-SA,SA1,1,4035.58
D,RESIDUE_PRICE_OFFER,,1,A202403,C2024Q2T12,V-SA,SA1,1,4054.58
D,RESIDUE_PRICE_OFFER,,1,A202403,C2024Q2T12,V-SA,SA1,1,4073.58
D,RESIDUE_PRICE_OFFER,,1,A202403,C2024Q2T12,V-SA,SA1,1,4092.58
D,RESIDUE_PRICE_OFFER,,1,A202403,C2024Q2T12,V-SA,SA1,1,4111.58
D,RESIDUE_PRICE_OFFER,,1,A202403,C2024Q2T12,V-SA,SA1,1,4130.58
D,RESIDUE_PRICE_OFFER,,1,A202403,C2024Q2T12,V-SA,SA1,1,4149.58
D,RESIDUE_PRICE_OFFER,,1,A202403,C2024Q2T12,V-SA,SA1,1,4168.58
D,RESIDUE_PRICE_OFFER,,1,A202403,C2024Q2T12,V-SA,SA1,1,4187.58
D,RESIDUE_PRICE_OFFER,,1,A202403,C2024Q2T12,V-SA,SA1,1,4206.58
D,RESIDUE_PRICE_OFFER,,1,A202403,C2024Q2T12,V-SA,SA1,1,4225.58
D,RESIDUE_PRICE_OFFER,,1,A202403,C2024Q2T12,V-SA,SA1,1,4244.58
D,RESIDUE_PRICE_OFFER,,1,A202403,C2024Q2T12,V-SA,SA1,2,4701.685480
D,RESIDUE_PRICE_OFFER,,1,A202403,C2024Q2T12,V-SA,SA1,2,5171.854030
D,RESIDUE_PRICE_OFFER,,1,A202403,C2024Q2T12,V-SA,SA1,2,5689.039430
D,RESIDUE_PRICE_OFFER,,1,A202403,C2024Q2T12,V-SA,SA1,2,6257.943370
D,RESIDUE_PRICE_OFFER,,1,A202403,C2024Q2T12,V-SA,SA1,2,6883.737710
D,RESIDUE_PRICE_OFFER,,1,A202403,C2024Q2T12,V-SA,SA1,2,7572.111480
D,RESIDUE_PRICE_OFFER,,1,A202403,C2024Q2T12,V-SA,SA1,2,8000
D,RESIDUE_PRICE_OFFER,,1,A202403,C2024Q2T12,V-SA,SA1,2,8888.89
D,RESIDUE_PRICE_OFFER,,1,A202403,C2024Q2T12,V-SA,SA1,2,9777.78
D,RESIDUE_PRICE_OFFER,,1,A202403,C2024Q2T12,V-SA,SA1,2,10666.67
D,RESIDUE_PRICE_OFFER,,1,A202403,C2024Q2T12,V-SA,SA1,2,11555.56
D,RESIDUE_PRICE_OFFER,,1,A202403,C2024Q2T12,V-SA,SA1,2,12444.44
D,RESIDUE_PRICE_OFFER,,1,A202403,C2024Q2T12,V-SA,SA1,2,13333.33
D,RESIDUE_PRICE_OFFER,,1,A202403,C2024Q2T12,V-SA,SA1,2,14222.22
D,RESIDUE_PRICE_OFFER,,1,A202403,C2024Q2T12,V-SA,SA1,2,15111.11
D,RESIDUE_PRICE_OFFER,,1,A202403,C2024Q2T12,V-SA,SA1,2,16000
D,RESIDUE_PRICE_OFFER,,1,A202403,C2024Q2T12,V-SA,SA1,5,9500
D,RESIDUE_PRICE_OFFER,,1,A202403,C2024Q2T12,V-SA,SA1,5,10000
D,RESIDUE_PRICE_OFFER,,1,A202403,C2024Q2T12,V-SA,SA1,5,10500
D,RESIDUE_PRICE_OFFER,,1,A202403,C2024Q2T12,V-SA,SA1,5,11000
D,RESIDUE_PRICE_OFFER,,1,A202403,C2024Q2T12,V-SA,SA1,10,11500
D,RESIDUE_PRICE_OFFER,,1,A202403,C2024Q2T12,V-SA,SA1,10,12000
D,RESIDUE_PRICE_OFFER,,1,A202403,C2024Q2T12,V-SA,SA1,11,4727.7650
D,RESIDUE_PRICE_OFFER,,1,A202403,C2024Q2T12,V-SA,SA1,66,0
D,RESIDUE_PRICE_OFFER,,1,A202403,C2024Q2T12,V-SA,VIC1,1,15000
D,RESIDUE_PRICE_OFFER,,1,A202403,C2024Q2T12,V-SA,VIC1,1,15500
D,RESIDUE_PRICE_OFFER,,1,A202403,C2024Q2T12,V-SA,VIC1,1,16725.28
D,RESIDUE_PRICE_OFFER,,1,A202403,C2024Q2T12,V-SA,VIC1,1,16950.28
D,RESIDUE_PRICE_OFFER,,1,A202403,C2024Q2T12,V-SA,VIC1,1,17175.28
D,RESIDUE_PRICE_OFFER,,1,A202403,C2024Q2T12,V-SA,VIC1,1,17400.28
D,RESIDUE_PRICE_OFFER,,1,A202403,C2024Q2T12,V-SA,VIC1,1,17625.28
D,RESIDUE_PRICE_OFFER,,1,A202403,C2024Q2T12,V-SA,VIC1,1,17850.28
D,RESIDUE_PRICE_OFFER,,1,A202403,C2024Q2T12,V-SA,VIC1,1,18075.28
D,RESIDUE_PRICE_OFFER,,1,A202403,C2024Q2T12,V-SA,VIC1,1,18300.28
D,RESIDUE_PRICE_OFFER,,1,A202403,C2024Q2T12,V-SA,VIC1,1,18525.28
D,RESIDUE_PRICE_OFFER,,1,A202403,C2024Q2T12,V-SA,VIC1,1,18750.28
D,RESIDUE_PRICE_OFFER,,1,A202403,C2024Q2T12,V-SA,VIC1,1,18975.28
D,RESIDUE_PRICE_OFFER,,1,A202403,C2024Q2T12,V-SA,VIC1,1,19200.28
D,RESIDUE_PRICE_OFFER,,1,A202403,C2024Q2T12,V-SA,VIC1,1,19425.28
D,RESIDUE_PRICE_OFFER,,1,A202403,C2024Q2T12,V-SA,VIC1,1,19650.28
D,RESIDUE_PRICE_OFFER,,1,A202403,C2024Q2T12,V-SA,VIC1,1,19875.28
D,RESIDUE_PRICE_OFFER,,1,A202403,C2024Q2T12,V-SA,VIC1,1,20100.28
D,RESIDUE_PRICE_OFFER,,1,A202403,C2024Q2T12,V-SA,VIC1,1,20325.28
D,RESIDUE_PRICE_OFFER,,1,A202403,C2024Q2T12,V-SA,VIC1,1,20550.28
D,RESIDUE_PRICE_OFFER,,1,A202403,C2024Q2T12,V-SA,VIC1,1,20775.28
D,RESIDUE_PRICE_OFFER,,1,A202403,C2024Q2T12,V-SA,VIC1,1,21000.28
D,RESIDUE_PRICE_OFFER,,1,A202403,C2024Q2T12,V-SA,VIC1,1,21225.28
D,RESIDUE_PRICE_OFFER,,1,A202403,C2024Q2T12,V-SA,VIC1,1,21450.28
D,RESIDUE_PRICE_OFFER,,1,A202403,C2024Q2T12,V-SA,VIC1,1,21675.28
D,RESIDUE_PRICE_OFFER,,1,A202403,C2024Q2T12,V-SA,VIC1,1,21900.28
D,RESIDUE_PRICE_OFFER,,1,A202403,C2024Q2T12,V-SA,VIC1,1,22125.28
D,RESIDUE_PRICE_OFFER,,1,A202403,C2024Q2T12,V-SA,VIC1,1,22350.28
D,RESIDUE_PRICE_OFFER,,1,A202403,C2024Q2T12,V-SA,VIC1,1,22575.28
D,RESIDUE_PRICE_OFFER,,1,A202403,C2024Q2T12,V-SA,VIC1,1,22800.28
D,RESIDUE_PRICE_OFFER,,1,A202403,C2024Q2T12,V-SA,VIC1,1,23025.28
D,RESIDUE_PRICE_OFFER,,1,A202403,C2024Q2T12,V-SA,VIC1,1,23250.28
D,RESIDUE_PRICE_OFFER,,1,A202403,C2024Q2T12,V-SA,VIC1,1,23475.28
D,RESIDUE_PRICE_OFFER,,1,A202403,C2024Q2T12,V-SA,VIC1,1,23700.28
D,RESIDUE_PRICE_OFFER,,1,A202403,C2024Q2T12,V-SA,VIC1,1,23925.28
D,RESIDUE_PRICE_OFFER,,1,A202403,C2024Q2T12,V-SA,VIC1,1,24150.28
D,RESIDUE_PRICE_OFFER,,1,A202403,C2024Q2T12,V-SA,VIC1,1,24375.28
D,RESIDUE_PRICE_OFFER,,1,A202403,C2024Q2T12,V-SA,VIC1,1,24600.28
D,RESIDUE_PRICE_OFFER,,1,A202403,C2024Q2T12,V-SA,VIC1,1,24825.28
D,RESIDUE_PRICE_OFFER,,1,A202403,C2024Q2T12,V-SA,VIC1,1,25050.28
D,RESIDUE_PRICE_OFFER,,1,A202403,C2024Q2T12,V-SA,VIC1,1,25275.28
D,RESIDUE_PRICE_OFFER,,1,A202403,C2024Q2T12,V-SA,VIC1,1,25500.28
D,RESIDUE_PRICE_OFFER,,1,A202403,C2024Q2T12,V-SA,VIC1,1,25725.28
D,RESIDUE_PRICE_OFFER,,1,A202403,C2024Q2T12,V-SA,VIC1,1,25950.28
D,RESIDUE_PRICE_OFFER,,1,A202403,C2024Q2T12,V-SA,VIC1,1,26175.28
D,RESIDUE_PRICE_OFFER,,1,A202403,C2024Q2T12,V-SA,VIC1,1,26400.28
D,RESIDUE_PRICE_OFFER,,1,A202403,C2024Q2T12,V-SA,VIC1,1,26625.28
D,RESIDUE_PRICE_OFFER,,1,A202403,C2024Q2T12,V-SA,VIC1,1,26850.28
D,RESIDUE_PRICE_OFFER,,1,A202403,C2024Q2T12,V-SA,VIC1,1,27075.28
D,RESIDUE_PRICE_OFFER,,1,A202403,C2024Q2T12,V-SA,VIC1,1,27300.28
D,RESIDUE_PRICE_OFFER,,1,A202403,C2024Q2T12,V-SA,VIC1,1,27525.28
D,RESIDUE_PRICE_OFFER,,1,A202403,C2024Q2T12,V-SA,VIC1,1,27750.28
D,RESIDUE_PRICE_OFFER,,1,A202403,C2024Q2T12,V-SA,VIC1,1,27975.28
D,RESIDUE_PRICE_OFFER,,1,A202403,C2024Q2T12,V-SA,VIC1,1,28200.28
D,RESIDUE_PRICE_OFFER,,1,A202403,C2024Q2T12,V-SA,VIC1,1,28425.28
D,RESIDUE_PRICE_OFFER,,1,A202403,C2024Q2T12,V-SA,VIC1,1,28650.28
D,RESIDUE_PRICE_OFFER,,1,A202403,C2024Q2T12,V-SA,VIC1,1,28875.28
D,RESIDUE_PRICE_OFFER,,1,A202403,C2024Q2T12,V-SA,VIC1,1,29100.28
D,RESIDUE_PRICE_OFFER,,1,A202403,C2024Q2T12,V-SA,VIC1,1,29325.28
D,RESIDUE_PRICE_OFFER,,1,A202403,C2024Q2T12,V-SA,VIC1,1,29550.28
D,RESIDUE_PRICE_OFFER,,1,A202403,C2024Q2T12,V-SA,VIC1,1,29775.28
D,RESIDUE_PRICE_OFFER,,1,A202403,C2024Q2T12,V-SA,VIC1,1,30000.28
D,RESIDUE_PRICE_OFFER,,1,A202403,C2024Q2T12,V-SA,VIC1,2,13000
D,RESIDUE_PRICE_OFFER,,1,A202403,C2024Q2T12,V-SA,VIC1,2,13500
D,RESIDUE_PRICE_OFFER,,1,A202403,C2024Q2T12,V-SA,VIC1,2,14000
D,RESIDUE_PRICE_OFFER,,1,A202403,C2024Q2T12,V-SA,VIC1,2,14500
D,RESIDUE_PRICE_OFFER,,1,A202403,C2024Q2T12,V-SA,VIC1,8,19372
D,RESIDUE_PRICE_OFFER,,1,A202403,C2024Q2T12,V-SA,VIC1,77,0
D,RESIDUE_PRICE_OFFER,,1,A202403,C2024Q2T12,VIC1-NSW1,NSW1,1,3022.06
D,RESIDUE_PRICE_OFFER,,1,A202403,C2024Q2T12,VIC1-NSW1,NSW1,1,3044.06
D,RESIDUE_PRICE_OFFER,,1,A202403,C2024Q2T12,VIC1-NSW1,NSW1,1,3066.06
D,RESIDUE_PRICE_OFFER,,1,A202403,C2024Q2T12,VIC1-NSW1,NSW1,1,3088.06
D,RESIDUE_PRICE_OFFER,,1,A202403,C2024Q2T12,VIC1-NSW1,NSW1,1,3110.06
D,RESIDUE_PRICE_OFFER,,1,A202403,C2024Q2T12,VIC1-NSW1,NSW1,1,3132.06
D,RESIDUE_PRICE_OFFER,,1,A202403,C2024Q2T12,VIC1-NSW1,NSW1,1,3154.06
D,RESIDUE_PRICE_OFFER,,1,A202403,C2024Q2T12,VIC1-NSW1,NSW1,1,3176.06
D,RESIDUE_PRICE_OFFER,,1,A202403,C2024Q2T12,VIC1-NSW1,NSW1,1,3198.06
D,RESIDUE_PRICE_OFFER,,1,A202403,C2024Q2T12,VIC1-NSW1,NSW1,1,3220.06
D,RESIDUE_PRICE_OFFER,,1,A202403,C2024Q2T12,VIC1-NSW1,NSW1,1,3242.06
D,RESIDUE_PRICE_OFFER,,1,A202403,C2024Q2T12,VIC1-NSW1,NSW1,2,3333.40
D,RESIDUE_PRICE_OFFER,,1,A202403,C2024Q2T12,VIC1-NSW1,NSW1,2,3833.41
D,RESIDUE_PRICE_OFFER,,1,A202403,C2024Q2T12,VIC1-NSW1,NSW1,2,4408.4215
D,RESIDUE_PRICE_OFFER,,1,A202403,C2024Q2T12,VIC1-NSW1,NSW1,2,5069.684720
D,RESIDUE_PRICE_OFFER,,1,A202403,C2024Q2T12,VIC1-NSW1,NSW1,2,5830.137430
D,RESIDUE_PRICE_OFFER,,1,A202403,C2024Q2T12,VIC1-NSW1,NSW1,2,6704.658040
D,RESIDUE_PRICE_OFFER,,1,A202403,C2024Q2T12,VIC1-NSW1,NSW1,9,6000
D,RESIDUE_PRICE_OFFER,,1,A202403,C2024Q2T12,VIC1-NSW1,NSW1,10,5300
D,RESIDUE_PRICE_OFFER,,1,A202403,C2024Q2T12,VIC1-NSW1,NSW1,10,6500
D,RESIDUE_PRICE_OFFER,,1,A202403,C2024Q2T12,VIC1-NSW1,NSW1,10,7000
D,RESIDUE_PRICE_OFFER,,1,A202403,C2024Q2T12,VIC1-NSW1,NSW1,10,7500
D,RESIDUE_PRICE_OFFER,,1,A202403,C2024Q2T12,VIC1-NSW1,NSW1,10,8000
D,RESIDUE_PRICE_OFFER,,1,A202403,C2024Q2T12,VIC1-NSW1,NSW1,10,8500
D,RESIDUE_PRICE_OFFER,,1,A202403,C2024Q2T12,VIC1-NSW1,NSW1,112,0
D,RESIDUE_PRICE_OFFER,,1,A202403,C2024Q2T12,VIC1-NSW1,VIC1,1,20525.96
D,RESIDUE_PRICE_OFFER,,1,A202403,C2024Q2T12,VIC1-NSW1,VIC1,1,20550.96
D,RESIDUE_PRICE_OFFER,,1,A202403,C2024Q2T12,VIC1-NSW1,VIC1,1,20575.96
D,RESIDUE_PRICE_OFFER,,1,A202403,C2024Q2T12,VIC1-NSW1,VIC1,1,20600.96
D,RESIDUE_PRICE_OFFER,,1,A202403,C2024Q2T12,VIC1-NSW1,VIC1,1,20625.96
D,RESIDUE_PRICE_OFFER,,1,A202403,C2024Q2T12,VIC1-NSW1,VIC1,1,20650.96
D,RESIDUE_PRICE_OFFER,,1,A202403,C2024Q2T12,VIC1-NSW1,VIC1,1,20675.96
D,RESIDUE_PRICE_OFFER,,1,A202403,C2024Q2T12,VIC1-NSW1,VIC1,1,20700.96
D,RESIDUE_PRICE_OFFER,,1,A202403,C2024Q2T12,VIC1-NSW1,VIC1,1,20725.96
D,RESIDUE_PRICE_OFFER,,1,A202403,C2024Q2T12,VIC1-NSW1,VIC1,1,20750.96
D,RESIDUE_PRICE_OFFER,,1,A202403,C2024Q2T12,VIC1-NSW1,VIC1,1,20775.96
D,RESIDUE_PRICE_OFFER,,1,A202403,C2024Q2T12,VIC1-NSW1,VIC1,1,20800.96
D,RESIDUE_PRICE_OFFER,,1,A202403,C2024Q2T12,VIC1-NSW1,VIC1,1,20825.96
D,RESIDUE_PRICE_OFFER,,1,A202403,C2024Q2T12,VIC1-NSW1,VIC1,1,20850.96
D,RESIDUE_PRICE_OFFER,,1,A202403,C2024Q2T12,VIC1-NSW1,VIC1,1,20875.96
D,RESIDUE_PRICE_OFFER,,1,A202403,C2024Q2T12,VIC1-NSW1,VIC1,1,20900.96
D,RESIDUE_PRICE_OFFER,,1,A202403,C2024Q2T12,VIC1-NSW1,VIC1,1,20925.96
D,RESIDUE_PRICE_OFFER,,1,A202403,C2024Q2T12,VIC1-NSW1,VIC1,1,20950.96
D,RESIDUE_PRICE_OFFER,,1,A202403,C2024Q2T12,VIC1-NSW1,VIC1,1,20975.96
D,RESIDUE_PRICE_OFFER,,1,A202403,C2024Q2T12,VIC1-NSW1,VIC1,1,21000.96
D,RESIDUE_PRICE_OFFER,,1,A202403,C2024Q2T12,VIC1-NSW1,VIC1,5,23700.96
D,RESIDUE_PRICE_OFFER,,1,A202403,C2024Q2T12,VIC1-NSW1,VIC1,5,24400.96
D,RESIDUE_PRICE_OFFER,,1,A202403,C2024Q2T12,VIC1-NSW1,VIC1,5,25100.96
D,RESIDUE_PRICE_OFFER,,1,A202403,C2024Q2T12,VIC1-NSW1,VIC1,5,25800.96
D,RESIDUE_PRICE_OFFER,,1,A202403,C2024Q2T12,VIC1-NSW1,VIC1,5,26500.96
D,RESIDUE_PRICE_OFFER,,1,A202403,C2024Q2T12,VIC1-NSW1,VIC1,5,27200.96
D,RESIDUE_PRICE_OFFER,,1,A202403,C2024Q2T12,VIC1-NSW1,VIC1,5,27900.96
D,RESIDUE_PRICE_OFFER,,1,A202403,C2024Q2T12,VIC1-NSW1,VIC1,5,28600.96
D,RESIDUE_PRICE_OFFER,,1,A202403,C2024Q2T12,VIC1-NSW1,VIC1,5,29300.96
D,RESIDUE_PRICE_OFFER,,1,A202403,C2024Q2T12,VIC1-NSW1,VIC1,5,30000.96
D,RESIDUE_PRICE_OFFER,,1,A202403,C2024Q2T12,VIC1-NSW1,VIC1,10,16000
D,RESIDUE_PRICE_OFFER,,1,A202403,C2024Q2T12,VIC1-NSW1,VIC1,15,15000
D,RESIDUE_PRICE_OFFER,,1,A202403,C2024Q2T12,VIC1-NSW1,VIC1,25,26718
D,RESIDUE_PRICE_OFFER,,1,A202403,C2024Q2T12,VIC1-NSW1,VIC1,40,27720
D,RESIDUE_PRICE_OFFER,,1,A202403,C2024Q2T12,VIC1-NSW1,VIC1,125,0
D,RESIDUE_PRICE_OFFER,,1,A202403,C2024Q3T11,NSW1-QLD1,NSW1,5,5952
D,RESIDUE_PRICE_OFFER,,1,A202403,C2024Q3T11,NSW1-QLD1,NSW1,45,0
D,RESIDUE_PRICE_OFFER,,1,A202403,C2024Q3T11,NSW1-QLD1,QLD1,1,26550.89
D,RESIDUE_PRICE_OFFER,,1,A202403,C2024Q3T11,NSW1-QLD1,QLD1,1,26600.89
D,RESIDUE_PRICE_OFFER,,1,A202403,C2024Q3T11,NSW1-QLD1,QLD1,1,26650.89
D,RESIDUE_PRICE_OFFER,,1,A202403,C2024Q3T11,NSW1-QLD1,QLD1,1,26700.89
D,RESIDUE_PRICE_OFFER,,1,A202403,C2024Q3T11,NSW1-QLD1,QLD1,1,26750.89
D,RESIDUE_PRICE_OFFER,,1,A202403,C2024Q3T11,NSW1-QLD1,QLD1,1,26800.89
D,RESIDUE_PRICE_OFFER,,1,A202403,C2024Q3T11,NSW1-QLD1,QLD1,1,26850.89
D,RESIDUE_PRICE_OFFER,,1,A202403,C2024Q3T11,NSW1-QLD1,QLD1,1,26900.89
D,RESIDUE_PRICE_OFFER,,1,A202403,C2024Q3T11,NSW1-QLD1,QLD1,1,26950.89
D,RESIDUE_PRICE_OFFER,,1,A202403,C2024Q3T11,NSW1-QLD1,QLD1,1,27000.89
D,RESIDUE_PRICE_OFFER,,1,A202403,C2024Q3T11,NSW1-QLD1,QLD1,1,27050.89
D,RESIDUE_PRICE_OFFER,,1,A202403,C2024Q3T11,NSW1-QLD1,QLD1,1,27100.89
D,RESIDUE_PRICE_OFFER,,1,A202403,C2024Q3T11,NSW1-QLD1,QLD1,1,27150.89
D,RESIDUE_PRICE_OFFER,,1,A202403,C2024Q3T11,NSW1-QLD1,QLD1,1,27200.89
D,RESIDUE_PRICE_OFFER,,1,A202403,C2024Q3T11,NSW1-QLD1,QLD1,1,27250.89
D,RESIDUE_PRICE_OFFER,,1,A202403,C2024Q3T11,NSW1-QLD1,QLD1,1,27300.89
D,RESIDUE_PRICE_OFFER,,1,A202403,C2024Q3T11,NSW1-QLD1,QLD1,1,27350.89
D,RESIDUE_PRICE_OFFER,,1,A202403,C2024Q3T11,NSW1-QLD1,QLD1,1,27400.89
D,RESIDUE_PRICE_OFFER,,1,A202403,C2024Q3T11,NSW1-QLD1,QLD1,1,27450.89
D,RESIDUE_PRICE_OFFER,,1,A202403,C2024Q3T11,NSW1-QLD1,QLD1,1,27500.89
D,RESIDUE_PRICE_OFFER,,1,A202403,C2024Q3T11,NSW1-QLD1,QLD1,2,28250.89
D,RESIDUE_PRICE_OFFER,,1,A202403,C2024Q3T11,NSW1-QLD1,QLD1,2,28500.89
D,RESIDUE_PRICE_OFFER,,1,A202403,C2024Q3T11,NSW1-QLD1,QLD1,2,28750.89
D,RESIDUE_PRICE_OFFER,,1,A202403,C2024Q3T11,NSW1-QLD1,QLD1,2,29000.89
D,RESIDUE_PRICE_OFFER,,1,A202403,C2024Q3T11,NSW1-QLD1,QLD1,2,29250.89
D,RESIDUE_PRICE_OFFER,,1,A202403,C2024Q3T11,NSW1-QLD1,QLD1,2,29500.89
D,RESIDUE_PRICE_OFFER,,1,A202403,C2024Q3T11,NSW1-QLD1,QLD1,2,29750.89
D,RESIDUE_PRICE_OFFER,,1,A202403,C2024Q3T11,NSW1-QLD1,QLD1,2,30000.89
D,RESIDUE_PRICE_OFFER,,1,A202403,C2024Q3T11,NSW1-QLD1,QLD1,2,30250.89
D,RESIDUE_PRICE_OFFER,,1,A202403,C2024Q3T11,NSW1-QLD1,QLD1,2,30500.89
D,RESIDUE_PRICE_OFFER,,1,A202403,C2024Q3T11,NSW1-QLD1,QLD1,2,30750.89
D,RESIDUE_PRICE_OFFER,,1,A202403,C2024Q3T11,NSW1-QLD1,QLD1,2,31000.89
D,RESIDUE_PRICE_OFFER,,1,A202403,C2024Q3T11,NSW1-QLD1,QLD1,2,31250.89
D,RESIDUE_PRICE_OFFER,,1,A202403,C2024Q3T11,NSW1-QLD1,QLD1,2,31500.89
D,RESIDUE_PRICE_OFFER,,1,A202403,C2024Q3T11,NSW1-QLD1,QLD1,2,31750.89
D,RESIDUE_PRICE_OFFER,,1,A202403,C2024Q3T11,NSW1-QLD1,QLD1,2,32000.89
D,RESIDUE_PRICE_OFFER,,1,A202403,C2024Q3T11,NSW1-QLD1,QLD1,2,32250.89
D,RESIDUE_PRICE_OFFER,,1,A202403,C2024Q3T11,NSW1-QLD1,QLD1,2,32500.89
D,RESIDUE_PRICE_OFFER,,1,A202403,C2024Q3T11,NSW1-QLD1,QLD1,2,32750.89
D,RESIDUE_PRICE_OFFER,,1,A202403,C2024Q3T11,NSW1-QLD1,QLD1,2,33000.89
D,RESIDUE_PRICE_OFFER,,1,A202403,C2024Q3T11,NSW1-QLD1,QLD1,6,28640
D,RESIDUE_PRICE_OFFER,,1,A202403,C2024Q3T11,NSW1-QLD1,QLD1,10,24640
D,RESIDUE_PRICE_OFFER,,1,A202403,C2024Q3T11,NSW1-QLD1,QLD1,10,26640
D,RESIDUE_PRICE_OFFER,,1,A202403,C2024Q3T11,NSW1-QLD1,QLD1,30,35065
D,RESIDUE_PRICE_OFFER,,1,A202403,C2024Q3T11,NSW1-QLD1,QLD1,40,31020
D,RESIDUE_PRICE_OFFER,,1,A202403,C2024Q3T11,NSW1-QLD1,QLD1,100,0
D,RESIDUE_PRICE_OFFER,,1,A202403,C2024Q3T11,V-SA,SA1,1,5600.58
D,RESIDUE_PRICE_OFFER,,1,A202403,C2024Q3T11,V-SA,SA1,1,5700.58
D,RESIDUE_PRICE_OFFER,,1,A202403,C2024Q3T11,V-SA,SA1,1,5800.58
D,RESIDUE_PRICE_OFFER,,1,A202403,C2024Q3T11,V-SA,SA1,1,5900.58
D,RESIDUE_PRICE_OFFER,,1,A202403,C2024Q3T11,V-SA,SA1,1,6000.58
D,RESIDUE_PRICE_OFFER,,1,A202403,C2024Q3T11,V-SA,SA1,1,6100.58
D,RESIDUE_PRICE_OFFER,,1,A202403,C2024Q3T11,V-SA,SA1,1,6200.58
D,RESIDUE_PRICE_OFFER,,1,A202403,C2024Q3T11,V-SA,SA1,1,6300.58
D,RESIDUE_PRICE_OFFER,,1,A202403,C2024Q3T11,V-SA,SA1,1,6400.58
D,RESIDUE_PRICE_OFFER,,1,A202403,C2024Q3T11,V-SA,SA1,1,6500.58
D,RESIDUE_PRICE_OFFER,,1,A202403,C2024Q3T11,V-SA,SA1,1,6600.58
D,RESIDUE_PRICE_OFFER,,1,A202403,C2024Q3T11,V-SA,SA1,1,6700.58
D,RESIDUE_PRICE_OFFER,,1,A202403,C2024Q3T11,V-SA,SA1,1,6800.58
D,RESIDUE_PRICE_OFFER,,1,A202403,C2024Q3T11,V-SA,SA1,1,6900.58
D,RESIDUE_PRICE_OFFER,,1,A202403,C2024Q3T11,V-SA,SA1,1,7000.58
D,RESIDUE_PRICE_OFFER,,1,A202403,C2024Q3T11,V-SA,SA1,1,7100.58
D,RESIDUE_PRICE_OFFER,,1,A202403,C2024Q3T11,V-SA,SA1,1,7200.58
D,RESIDUE_PRICE_OFFER,,1,A202403,C2024Q3T11,V-SA,SA1,1,7300.58
D,RESIDUE_PRICE_OFFER,,1,A202403,C2024Q3T11,V-SA,SA1,1,7400.58
D,RESIDUE_PRICE_OFFER,,1,A202403,C2024Q3T11,V-SA,SA1,1,7500.58
D,RESIDUE_PRICE_OFFER,,1,A202403,C2024Q3T11,V-SA,SA1,1,8000
D,RESIDUE_PRICE_OFFER,,1,A202403,C2024Q3T11,V-SA,SA1,2,5400.971420
D,RESIDUE_PRICE_OFFER,,1,A202403,C2024Q3T11,V-SA,SA1,2,5941.068570
D,RESIDUE_PRICE_OFFER,,1,A202403,C2024Q3T11,V-SA,SA1,2,6535.175420
D,RESIDUE_PRICE_OFFER,,1,A202403,C2024Q3T11,V-SA,SA1,2,7188.692970
D,RESIDUE_PRICE_OFFER,,1,A202403,C2024Q3T11,V-SA,SA1,2,7907.562260
D,RESIDUE_PRICE_OFFER,,1,A202403,C2024Q3T11,V-SA,SA1,2,8266.58
D,RESIDUE_PRICE_OFFER,,1,A202403,C2024Q3T11,V-SA,SA1,2,8532.58
D,RESIDUE_PRICE_OFFER,,1,A202403,C2024Q3T11,V-SA,SA1,2,8698.318490
D,RESIDUE_PRICE_OFFER,,1,A202403,C2024Q3T11,V-SA,SA1,2,8798.58
D,RESIDUE_PRICE_OFFER,,1,A202403,C2024Q3T11,V-SA,SA1,2,9064.58
D,RESIDUE_PRICE_OFFER,,1,A202403,C2024Q3T11,V-SA,SA1,2,9142.86
D,RESIDUE_PRICE_OFFER,,1,A202403,C2024Q3T11,V-SA,SA1,2,9330.58
D,RESIDUE_PRICE_OFFER,,1,A202403,C2024Q3T11,V-SA,SA1,2,9596.58
D,RESIDUE_PRICE_OFFER,,1,A202403,C2024Q3T11,V-SA,SA1,2,9862.58
D,RESIDUE_PRICE_OFFER,,1,A202403,C2024Q3T11,V-SA,SA1,2,10128.58
D,RESIDUE_PRICE_OFFER,,1,A202403,C2024Q3T11,V-SA,SA1,2,10285.709990
D,RESIDUE_PRICE_OFFER,,1,A202403,C2024Q3T11,V-SA,SA1,2,10394.58
D,RESIDUE_PRICE_OFFER,,1,A202403,C2024Q3T11,V-SA,SA1,2,10660.58
D,RESIDUE_PRICE_OFFER,,1,A202403,C2024Q3T11,V-SA,SA1,2,10926.58
D,RESIDUE_PRICE_OFFER,,1,A202403,C2024Q3T11,V-SA,SA1,2,11192.58
D,RESIDUE_PRICE_OFFER,,1,A202403,C2024Q3T11,V-SA,SA1,2,11428.57
D,RESIDUE_PRICE_OFFER,,1,A202403,C2024Q3T11,V-SA,SA1,2,11458.58
D,RESIDUE_PRICE_OFFER,,1,A202403,C2024Q3T11,V-SA,SA1,2,11724.58
D,RESIDUE_PRICE_OFFER,,1,A202403,C2024Q3T11,V-SA,SA1,2,11990.58
D,RESIDUE_PRICE_OFFER,,1,A202403,C2024Q3T11,V-SA,SA1,2,12571.43
D,RESIDUE_PRICE_OFFER,,1,A202403,C2024Q3T11,V-SA,SA1,2,13714.29
D,RESIDUE_PRICE_OFFER,,1,A202403,C2024Q3T11,V-SA,SA1,2,14857.14
D,RESIDUE_PRICE_OFFER,,1,A202403,C2024Q3T11,V-SA,SA1,2,16000
D,RESIDUE_PRICE_OFFER,,1,A202403,C2024Q3T11,V-SA,SA1,5,9500
D,RESIDUE_PRICE_OFFER,,1,A202403,C2024Q3T11,V-SA,SA1,5,10000
D,RESIDUE_PRICE_OFFER,,1,A202403,C2024Q3T11,V-SA,SA1,5,10500
D,RESIDUE_PRICE_OFFER,,1,A202403,C2024Q3T11,V-SA,SA1,5,11000
D,RESIDUE_PRICE_OFFER,,1,A202403,C2024Q3T11,V-SA,SA1,10,11500
D,RESIDUE_PRICE_OFFER,,1,A202403,C2024Q3T11,V-SA,SA1,10,12000
D,RESIDUE_PRICE_OFFER,,1,A202403,C2024Q3T11,V-SA,SA1,12,5054.4915
D,RESIDUE_PRICE_OFFER,,1,A202403,C2024Q3T11,V-SA,SA1,64,0
D,RESIDUE_PRICE_OFFER,,1,A202403,C2024Q3T11,V-SA,VIC1,1,14000
D,RESIDUE_PRICE_OFFER,,1,A202403,C2024Q3T11,V-SA,VIC1,1,16550.28
D,RESIDUE_PRICE_OFFER,,1,A202403,C2024Q3T11,V-SA,VIC1,1,16600.28
D,RESIDUE_PRICE_OFFER,,1,A202403,C2024Q3T11,V-SA,VIC1,1,16650.28
D,RESIDUE_PRICE_OFFER,,1,A202403,C2024Q3T11,V-SA,VIC1,1,16700.28
D,RESIDUE_PRICE_OFFER,,1,A202403,C2024Q3T11,V-SA,VIC1,1,16750.28
D,RESIDUE_PRICE_OFFER,,1,A202403,C2024Q3T11,V-SA,VIC1,1,16800.28
D,RESIDUE_PRICE_OFFER,,1,A202403,C2024Q3T11,V-SA,VIC1,1,16850.28
D,RESIDUE_PRICE_OFFER,,1,A202403,C2024Q3T11,V-SA,VIC1,1,16900.28
D,RESIDUE_PRICE_OFFER,,1,A202403,C2024Q3T11,V-SA,VIC1,1,16950.28
D,RESIDUE_PRICE_OFFER,,1,A202403,C2024Q3T11,V-SA,VIC1,1,17000.28
D,RESIDUE_PRICE_OFFER,,1,A202403,C2024Q3T11,V-SA,VIC1,1,17050.28
D,RESIDUE_PRICE_OFFER,,1,A202403,C2024Q3T11,V-SA,VIC1,1,17100.28
D,RESIDUE_PRICE_OFFER,,1,A202403,C2024Q3T11,V-SA,VIC1,1,17150.28
D,RESIDUE_PRICE_OFFER,,1,A202403,C2024Q3T11,V-SA,VIC1,1,17200.28
D,RESIDUE_PRICE_OFFER,,1,A202403,C2024Q3T11,V-SA,VIC1,1,17250.28
D,RESIDUE_PRICE_OFFER,,1,A202403,C2024Q3T11,V-SA,VIC1,1,17300.28
D,RESIDUE_PRICE_OFFER,,1,A202403,C2024Q3T11,V-SA,VIC1,1,17350.28
D,RESIDUE_PRICE_OFFER,,1,A202403,C2024Q3T11,V-SA,VIC1,1,17400.28
D,RESIDUE_PRICE_OFFER,,1,A202403,C2024Q3T11,V-SA,VIC1,1,17450.28
D,RESIDUE_PRICE_OFFER,,1,A202403,C2024Q3T11,V-SA,VIC1,1,17500.28
D,RESIDUE_PRICE_OFFER,,1,A202403,C2024Q3T11,V-SA,VIC1,2,11500
D,RESIDUE_PRICE_OFFER,,1,A202403,C2024Q3T11,V-SA,VIC1,2,12000
D,RESIDUE_PRICE_OFFER,,1,A202403,C2024Q3T11,V-SA,VIC1,2,12500
D,RESIDUE_PRICE_OFFER,,1,A202403,C2024Q3T11,V-SA,VIC1,2,13000
D,RESIDUE_PRICE_OFFER,,1,A202403,C2024Q3T11,V-SA,VIC1,2,13500
D,RESIDUE_PRICE_OFFER,,1,A202403,C2024Q3T11,V-SA,VIC1,2,19650.28
D,RESIDUE_PRICE_OFFER,,1,A202403,C2024Q3T11,V-SA,VIC1,2,20800.28
D,RESIDUE_PRICE_OFFER,,1,A202403,C2024Q3T11,V-SA,VIC1,2,21950.28
D,RESIDUE_PRICE_OFFER,,1,A202403,C2024Q3T11,V-SA,VIC1,2,23100.28
D,RESIDUE_PRICE_OFFER,,1,A202403,C2024Q3T11,V-SA,VIC1,2,24250.28
D,RESIDUE_PRICE_OFFER,,1,A202403,C2024Q3T11,V-SA,VIC1,2,25400.28
D,RESIDUE_PRICE_OFFER,,1,A202403,C2024Q3T11,V-SA,VIC1,2,26550.28
D,RESIDUE_PRICE_OFFER,,1,A202403,C2024Q3T11,V-SA,VIC1,2,27700.28
D,RESIDUE_PRICE_OFFER,,1,A202403,C2024Q3T11,V-SA,VIC1,2,28850.28
D,RESIDUE_PRICE_OFFER,,1,A202403,C2024Q3T11,V-SA,VIC1,2,30000.28
D,RESIDUE_PRICE_OFFER,,1,A202403,C2024Q3T11,V-SA,VIC1,5,22707
D,RESIDUE_PRICE_OFFER,,1,A202403,C2024Q3T11,V-SA,VIC1,10,18000
D,RESIDUE_PRICE_OFFER,,1,A202403,C2024Q3T11,V-SA,VIC1,20,20000
D,RESIDUE_PRICE_OFFER,,1,A202403,C2024Q3T11,V-SA,VIC1,30,50000
D,RESIDUE_PRICE_OFFER,,1,A202403,C2024Q3T11,V-SA,VIC1,73,0
D,RESIDUE_PRICE_OFFER,,1,A202403,C2024Q3T11,VIC1-NSW1,NSW1,1,2550.06
D,RESIDUE_PRICE_OFFER,,1,A202403,C2024Q3T11,VIC1-NSW1,NSW1,1,2600.06
D,RESIDUE_PRICE_OFFER,,1,A202403,C2024Q3T11,VIC1-NSW1,NSW1,1,2650.06
D,RESIDUE_PRICE_OFFER,,1,A202403,C2024Q3T11,VIC1-NSW1,NSW1,1,2700.06
D,RESIDUE_PRICE_OFFER,,1,A202403,C2024Q3T11,VIC1-NSW1,NSW1,1,2750.06
D,RESIDUE_PRICE_OFFER,,1,A202403,C2024Q3T11,VIC1-NSW1,NSW1,2,2905
D,RESIDUE_PRICE_OFFER,,1,A202403,C2024Q3T11,VIC1-NSW1,NSW1,2,3340.75
D,RESIDUE_PRICE_OFFER,,1,A202403,C2024Q3T11,VIC1-NSW1,NSW1,2,3841.8625
D,RESIDUE_PRICE_OFFER,,1,A202403,C2024Q3T11,VIC1-NSW1,NSW1,2,4418.141870
D,RESIDUE_PRICE_OFFER,,1,A202403,C2024Q3T11,VIC1-NSW1,NSW1,2,5080.863150
D,RESIDUE_PRICE_OFFER,,1,A202403,C2024Q3T11,VIC1-NSW1,NSW1,2,5842.992630
D,RESIDUE_PRICE_OFFER,,1,A202403,C2024Q3T11,VIC1-NSW1,NSW1,10,7500
D,RESIDUE_PRICE_OFFER,,1,A202403,C2024Q3T11,VIC1-NSW1,NSW1,10,8000
D,RESIDUE_PRICE_OFFER,,1,A202403,C2024Q3T11,VIC1-NSW1,NSW1,10,8500
D,RESIDUE_PRICE_OFFER,,1,A202403,C2024Q3T11,VIC1-NSW1,NSW1,15,6000
D,RESIDUE_PRICE_OFFER,,1,A202403,C2024Q3T11,VIC1-NSW1,NSW1,15,6500
D,RESIDUE_PRICE_OFFER,,1,A202403,C2024Q3T11,VIC1-NSW1,NSW1,15,7000
D,RESIDUE_PRICE_OFFER,,1,A202403,C2024Q3T11,VIC1-NSW1,NSW1,25,5453
D,RESIDUE_PRICE_OFFER,,1,A202403,C2024Q3T11,VIC1-NSW1,NSW1,108,0
D,RESIDUE_PRICE_OFFER,,1,A202403,C2024Q3T11,VIC1-NSW1,VIC1,2,27433.96
D,RESIDUE_PRICE_OFFER,,1,A202403,C2024Q3T11,VIC1-NSW1,VIC1,2,27866.96
D,RESIDUE_PRICE_OFFER,,1,A202403,C2024Q3T11,VIC1-NSW1,VIC1,2,28299.96
D,RESIDUE_PRICE_OFFER,,1,A202403,C2024Q3T11,VIC1-NSW1,VIC1,2,28732.96
D,RESIDUE_PRICE_OFFER,,1,A202403,C2024Q3T11,VIC1-NSW1,VIC1,2,29165.96
D,RESIDUE_PRICE_OFFER,,1,A202403,C2024Q3T11,VIC1-NSW1,VIC1,2,29598.96
D,RESIDUE_PRICE_OFFER,,1,A202403,C2024Q3T11,VIC1-NSW1,VIC1,2,30031.96
D,RESIDUE_PRICE_OFFER,,1,A202403,C2024Q3T11,VIC1-NSW1,VIC1,2,30464.96
D,RESIDUE_PRICE_OFFER,,1,A202403,C2024Q3T11,VIC1-NSW1,VIC1,2,30897.96
D,RESIDUE_PRICE_OFFER,,1,A202403,C2024Q3T11,VIC1-NSW1,VIC1,2,31330.96
D,RESIDUE_PRICE_OFFER,,1,A202403,C2024Q3T11,VIC1-NSW1,VIC1,2,31763.96
D,RESIDUE_PRICE_OFFER,,1,A202403,C2024Q3T11,VIC1-NSW1,VIC1,2,32196.96
D,RESIDUE_PRICE_OFFER,,1,A202403,C2024Q3T11,VIC1-NSW1,VIC1,2,32629.96
D,RESIDUE_PRICE_OFFER,,1,A202403,C2024Q3T11,VIC1-NSW1,VIC1,2,33062.96
D,RESIDUE_PRICE_OFFER,,1,A202403,C2024Q3T11,VIC1-NSW1,VIC1,2,33495.96
D,RESIDUE_PRICE_OFFER,,1,A202403,C2024Q3T11,VIC1-NSW1,VIC1,2,33928.96
D,RESIDUE_PRICE_OFFER,,1,A202403,C2024Q3T11,VIC1-NSW1,VIC1,2,34361.96
D,RESIDUE_PRICE_OFFER,,1,A202403,C2024Q3T11,VIC1-NSW1,VIC1,2,34794.96
D,RESIDUE_PRICE_OFFER,,1,A202403,C2024Q3T11,VIC1-NSW1,VIC1,2,35227.96
D,RESIDUE_PRICE_OFFER,,1,A202403,C2024Q3T11,VIC1-NSW1,VIC1,2,35660.96
D,RESIDUE_PRICE_OFFER,,1,A202403,C2024Q3T11,VIC1-NSW1,VIC1,2,36093.96
D,RESIDUE_PRICE_OFFER,,1,A202403,C2024Q3T11,VIC1-NSW1,VIC1,2,36526.96
D,RESIDUE_PRICE_OFFER,,1,A202403,C2024Q3T11,VIC1-NSW1,VIC1,2,36959.96
D,RESIDUE_PRICE_OFFER,,1,A202403,C2024Q3T11,VIC1-NSW1,VIC1,2,37392.96
D,RESIDUE_PRICE_OFFER,,1,A202403,C2024Q3T11,VIC1-NSW1,VIC1,2,37825.96
D,RESIDUE_PRICE_OFFER,,1,A202403,C2024Q3T11,VIC1-NSW1,VIC1,2,38258.96
D,RESIDUE_PRICE_OFFER,,1,A202403,C2024Q3T11,VIC1-NSW1,VIC1,2,38691.96
D,RESIDUE_PRICE_OFFER,,1,A202403,C2024Q3T11,VIC1-NSW1,VIC1,2,39124.96
D,RESIDUE_PRICE_OFFER,,1,A202403,C2024Q3T11,VIC1-NSW1,VIC1,2,39557.96
D,RESIDUE_PRICE_OFFER,,1,A202403,C2024Q3T11,VIC1-NSW1,VIC1,2,39990.96
D,RESIDUE_PRICE_OFFER,,1,A202403,C2024Q3T11,VIC1-NSW1,VIC1,4,24200.96
D,RESIDUE_PRICE_OFFER,,1,A202403,C2024Q3T11,VIC1-NSW1,VIC1,4,24400.96
D,RESIDUE_PRICE_OFFER,,1,A202403,C2024Q3T11,VIC1-NSW1,VIC1,4,24600.96
D,RESIDUE_PRICE_OFFER,,1,A202403,C2024Q3T11,VIC1-NSW1,VIC1,4,24800.96
D,RESIDUE_PRICE_OFFER,,1,A202403,C2024Q3T11,VIC1-NSW1,VIC1,4,25000.96
D,RESIDUE_PRICE_OFFER,,1,A202403,C2024Q3T11,VIC1-NSW1,VIC1,20,20000
D,RESIDUE_PRICE_OFFER,,1,A202403,C2024Q3T11,VIC1-NSW1,VIC1,25,18000
D,RESIDUE_PRICE_OFFER,,1,A202403,C2024Q3T11,VIC1-NSW1,VIC1,25,19000
D,RESIDUE_PRICE_OFFER,,1,A202403,C2024Q3T11,VIC1-NSW1,VIC1,25,31243
D,RESIDUE_PRICE_OFFER,,1,A202403,C2024Q3T11,VIC1-NSW1,VIC1,40,27510
D,RESIDUE_PRICE_OFFER,,1,A202403,C2024Q3T11,VIC1-NSW1,VIC1,125,0
D,RESIDUE_PRICE_OFFER,,1,A202403,C2024Q4T10,NSW1-QLD1,NSW1,3,11442.5875
D,RESIDUE_PRICE_OFFER,,1,A202403,C2024Q4T10,NSW1-QLD1,NSW1,3,13273.4015
D,RESIDUE_PRICE_OFFER,,1,A202403,C2024Q4T10,NSW1-QLD1,NSW1,3,15397.145740
D,RESIDUE_PRICE_OFFER,,1,A202403,C2024Q4T10,NSW1-QLD1,NSW1,3,17860.689060
D,RESIDUE_PRICE_OFFER,,1,A202403,C2024Q4T10,NSW1-QLD1,NSW1,5,20718.399310
D,RESIDUE_PRICE_OFFER,,1,A202403,C2024Q4T10,NSW1-QLD1,NSW1,5,24033.3432
D,RESIDUE_PRICE_OFFER,,1,A202403,C2024Q4T10,NSW1-QLD1,NSW1,45,0
D,RESIDUE_PRICE_OFFER,,1,A202403,C2024Q4T10,NSW1-QLD1,QLD1,1,16050.89
D,RESIDUE_PRICE_OFFER,,1,A202403,C2024Q4T10,NSW1-QLD1,QLD1,1,16100.89
D,RESIDUE_PRICE_OFFER,,1,A202403,C2024Q4T10,NSW1-QLD1,QLD1,1,16150.89
D,RESIDUE_PRICE_OFFER,,1,A202403,C2024Q4T10,NSW1-QLD1,QLD1,1,16200.89
D,RESIDUE_PRICE_OFFER,,1,A202403,C2024Q4T10,NSW1-QLD1,QLD1,1,16250.89
D,RESIDUE_PRICE_OFFER,,1,A202403,C2024Q4T10,NSW1-QLD1,QLD1,1,16300.89
D,RESIDUE_PRICE_OFFER,,1,A202403,C2024Q4T10,NSW1-QLD1,QLD1,1,16350.89
D,RESIDUE_PRICE_OFFER,,1,A202403,C2024Q4T10,NSW1-QLD1,QLD1,1,16400.89
D,RESIDUE_PRICE_OFFER,,1,A202403,C2024Q4T10,NSW1-QLD1,QLD1,1,16450.89
D,RESIDUE_PRICE_OFFER,,1,A202403,C2024Q4T10,NSW1-QLD1,QLD1,1,16500.89
D,RESIDUE_PRICE_OFFER,,1,A202403,C2024Q4T10,NSW1-QLD1,QLD1,1,16550.89
D,RESIDUE_PRICE_OFFER,,1,A202403,C2024Q4T10,NSW1-QLD1,QLD1,1,16600.89
D,RESIDUE_PRICE_OFFER,,1,A202403,C2024Q4T10,NSW1-QLD1,QLD1,1,16650.89
D,RESIDUE_PRICE_OFFER,,1,A202403,C2024Q4T10,NSW1-QLD1,QLD1,1,16700.89
D,RESIDUE_PRICE_OFFER,,1,A202403,C2024Q4T10,NSW1-QLD1,QLD1,1,16750.89
D,RESIDUE_PRICE_OFFER,,1,A202403,C2024Q4T10,NSW1-QLD1,QLD1,1,16800.89
D,RESIDUE_PRICE_OFFER,,1,A202403,C2024Q4T10,NSW1-QLD1,QLD1,1,16850.89
D,RESIDUE_PRICE_OFFER,,1,A202403,C2024Q4T10,NSW1-QLD1,QLD1,1,16900.89
D,RESIDUE_PRICE_OFFER,,1,A202403,C2024Q4T10,NSW1-QLD1,QLD1,1,16950.89
D,RESIDUE_PRICE_OFFER,,1,A202403,C2024Q4T10,NSW1-QLD1,QLD1,1,17000.89
D,RESIDUE_PRICE_OFFER,,1,A202403,C2024Q4T10,NSW1-QLD1,QLD1,2,15277.50
D,RESIDUE_PRICE_OFFER,,1,A202403,C2024Q4T10,NSW1-QLD1,QLD1,2,16499.70
D,RESIDUE_PRICE_OFFER,,1,A202403,C2024Q4T10,NSW1-QLD1,QLD1,2,19550.89
D,RESIDUE_PRICE_OFFER,,1,A202403,C2024Q4T10,NSW1-QLD1,QLD1,2,20100.89
D,RESIDUE_PRICE_OFFER,,1,A202403,C2024Q4T10,NSW1-QLD1,QLD1,2,20650.89
D,RESIDUE_PRICE_OFFER,,1,A202403,C2024Q4T10,NSW1-QLD1,QLD1,2,20784.870090
D,RESIDUE_PRICE_OFFER,,1,A202403,C2024Q4T10,NSW1-QLD1,QLD1,2,21200.89
D,RESIDUE_PRICE_OFFER,,1,A202403,C2024Q4T10,NSW1-QLD1,QLD1,2,21750.89
D,RESIDUE_PRICE_OFFER,,1,A202403,C2024Q4T10,NSW1-QLD1,QLD1,2,22300.89
D,RESIDUE_PRICE_OFFER,,1,A202403,C2024Q4T10,NSW1-QLD1,QLD1,2,22447.659690
D,RESIDUE_PRICE_OFFER,,1,A202403,C2024Q4T10,NSW1-QLD1,QLD1,2,22850.89
D,RESIDUE_PRICE_OFFER,,1,A202403,C2024Q4T10,NSW1-QLD1,QLD1,2,23400.89
D,RESIDUE_PRICE_OFFER,,1,A202403,C2024Q4T10,NSW1-QLD1,QLD1,2,23950.89
D,RESIDUE_PRICE_OFFER,,1,A202403,C2024Q4T10,NSW1-QLD1,QLD1,2,24500.89
D,RESIDUE_PRICE_OFFER,,1,A202403,C2024Q4T10,NSW1-QLD1,QLD1,2,25050.89
D,RESIDUE_PRICE_OFFER,,1,A202403,C2024Q4T10,NSW1-QLD1,QLD1,2,25600.89
D,RESIDUE_PRICE_OFFER,,1,A202403,C2024Q4T10,NSW1-QLD1,QLD1,2,26150.89
D,RESIDUE_PRICE_OFFER,,1,A202403,C2024Q4T10,NSW1-QLD1,QLD1,2,26700.89
D,RESIDUE_PRICE_OFFER,,1,A202403,C2024Q4T10,NSW1-QLD1,QLD1,2,27250.89
D,RESIDUE_PRICE_OFFER,,1,A202403,C2024Q4T10,NSW1-QLD1,QLD1,2,27800.89
D,RESIDUE_PRICE_OFFER,,1,A202403,C2024Q4T10,NSW1-QLD1,QLD1,2,28350.89
D,RESIDUE_PRICE_OFFER,,1,A202403,C2024Q4T10,NSW1-QLD1,QLD1,2,28900.89
D,RESIDUE_PRICE_OFFER,,1,A202403,C2024Q4T10,NSW1-QLD1,QLD1,2,29450.89
D,RESIDUE_PRICE_OFFER,,1,A202403,C2024Q4T10,NSW1-QLD1,QLD1,2,30000.89
D,RESIDUE_PRICE_OFFER,,1,A202403,C2024Q4T10,NSW1-QLD1,QLD1,3,17819.6760
D,RESIDUE_PRICE_OFFER,,1,A202403,C2024Q4T10,NSW1-QLD1,QLD1,3,19245.250080
D,RESIDUE_PRICE_OFFER,,1,A202403,C2024Q4T10,NSW1-QLD1,QLD1,4,17505
D,RESIDUE_PRICE_OFFER,,1,A202403,C2024Q4T10,NSW1-QLD1,QLD1,9,24689
D,RESIDUE_PRICE_OFFER,,1,A202403,C2024Q4T10,NSW1-QLD1,QLD1,10,13505
D,RESIDUE_PRICE_OFFER,,1,A202403,C2024Q4T10,NSW1-QLD1,QLD1,10,15505
D,RESIDUE_PRICE_OFFER,,1,A202403,C2024Q4T10,NSW1-QLD1,QLD1,20,12250
D,RESIDUE_PRICE_OFFER,,1,A202403,C2024Q4T10,NSW1-QLD1,QLD1,20,20240
D,RESIDUE_PRICE_OFFER,,1,A202403,C2024Q4T10,NSW1-QLD1,QLD1,25,11500
D,RESIDUE_PRICE_OFFER,,1,A202403,C2024Q4T10,NSW1-QLD1,QLD1,100,0
D,RESIDUE_PRICE_OFFER,,1,A202403,C2024Q4T10,V-SA,SA1,1,5600.58
D,RESIDUE_PRICE_OFFER,,1,A202403,C2024Q4T10,V-SA,SA1,1,5700.58
D,RESIDUE_PRICE_OFFER,,1,A202403,C2024Q4T10,V-SA,SA1,1,5800.58
D,RESIDUE_PRICE_OFFER,,1,A202403,C2024Q4T10,V-SA,SA1,1,5900.58
D,RESIDUE_PRICE_OFFER,,1,A202403,C2024Q4T10,V-SA,SA1,1,6000.58
D,RESIDUE_PRICE_OFFER,,1,A202403,C2024Q4T10,V-SA,SA1,1,6100.58
D,RESIDUE_PRICE_OFFER,,1,A202403,C2024Q4T10,V-SA,SA1,1,6200.58
D,RESIDUE_PRICE_OFFER,,1,A202403,C2024Q4T10,V-SA,SA1,1,6300.58
D,RESIDUE_PRICE_OFFER,,1,A202403,C2024Q4T10,V-SA,SA1,1,6400.58
D,RESIDUE_PRICE_OFFER,,1,A202403,C2024Q4T10,V-SA,SA1,1,6500.58
D,RESIDUE_PRICE_OFFER,,1,A202403,C2024Q4T10,V-SA,SA1,1,6600.58
D,RESIDUE_PRICE_OFFER,,1,A202403,C2024Q4T10,V-SA,SA1,1,6700.58
D,RESIDUE_PRICE_OFFER,,1,A202403,C2024Q4T10,V-SA,SA1,1,6800.58
D,RESIDUE_PRICE_OFFER,,1,A202403,C2024Q4T10,V-SA,SA1,1,6900.58
D,RESIDUE_PRICE_OFFER,,1,A202403,C2024Q4T10,V-SA,SA1,1,7000.58
D,RESIDUE_PRICE_OFFER,,1,A202403,C2024Q4T10,V-SA,SA1,1,7100.58
D,RESIDUE_PRICE_OFFER,,1,A202403,C2024Q4T10,V-SA,SA1,1,7200.58
D,RESIDUE_PRICE_OFFER,,1,A202403,C2024Q4T10,V-SA,SA1,1,7300.58
D,RESIDUE_PRICE_OFFER,,1,A202403,C2024Q4T10,V-SA,SA1,1,7400.58
D,RESIDUE_PRICE_OFFER,,1,A202403,C2024Q4T10,V-SA,SA1,1,7500.58
D,RESIDUE_PRICE_OFFER,,1,A202403,C2024Q4T10,V-SA,SA1,1,8000
D,RESIDUE_PRICE_OFFER,,1,A202403,C2024Q4T10,V-SA,SA1,2,5240.426470
D,RESIDUE_PRICE_OFFER,,1,A202403,C2024Q4T10,V-SA,SA1,2,5764.469110
D,RESIDUE_PRICE_OFFER,,1,A202403,C2024Q4T10,V-SA,SA1,2,6340.916020
D,RESIDUE_PRICE_OFFER,,1,A202403,C2024Q4T10,V-SA,SA1,2,6975.007630
D,RESIDUE_PRICE_OFFER,,1,A202403,C2024Q4T10,V-SA,SA1,2,7672.508390
D,RESIDUE_PRICE_OFFER,,1,A202403,C2024Q4T10,V-SA,SA1,2,8266.58
D,RESIDUE_PRICE_OFFER,,1,A202403,C2024Q4T10,V-SA,SA1,2,8439.759230
D,RESIDUE_PRICE_OFFER,,1,A202403,C2024Q4T10,V-SA,SA1,2,8532.58
D,RESIDUE_PRICE_OFFER,,1,A202403,C2024Q4T10,V-SA,SA1,2,8798.58
D,RESIDUE_PRICE_OFFER,,1,A202403,C2024Q4T10,V-SA,SA1,2,9064.58
D,RESIDUE_PRICE_OFFER,,1,A202403,C2024Q4T10,V-SA,SA1,2,9142.86
D,RESIDUE_PRICE_OFFER,,1,A202403,C2024Q4T10,V-SA,SA1,2,9330.58
D,RESIDUE_PRICE_OFFER,,1,A202403,C2024Q4T10,V-SA,SA1,2,9596.58
D,RESIDUE_PRICE_OFFER,,1,A202403,C2024Q4T10,V-SA,SA1,2,9862.58
D,RESIDUE_PRICE_OFFER,,1,A202403,C2024Q4T10,V-SA,SA1,2,10128.58
D,RESIDUE_PRICE_OFFER,,1,A202403,C2024Q4T10,V-SA,SA1,2,10285.709990
D,RESIDUE_PRICE_OFFER,,1,A202403,C2024Q4T10,V-SA,SA1,2,10394.58
D,RESIDUE_PRICE_OFFER,,1,A202403,C2024Q4T10,V-SA,SA1,2,10660.58
D,RESIDUE_PRICE_OFFER,,1,A202403,C2024Q4T10,V-SA,SA1,2,10926.58
D,RESIDUE_PRICE_OFFER,,1,A202403,C2024Q4T10,V-SA,SA1,2,11192.58
D,RESIDUE_PRICE_OFFER,,1,A202403,C2024Q4T10,V-SA,SA1,2,11428.57
D,RESIDUE_PRICE_OFFER,,1,A202403,C2024Q4T10,V-SA,SA1,2,11458.58
D,RESIDUE_PRICE_OFFER,,1,A202403,C2024Q4T10,V-SA,SA1,2,11724.58
D,RESIDUE_PRICE_OFFER,,1,A202403,C2024Q4T10,V-SA,SA1,2,11990.58
D,RESIDUE_PRICE_OFFER,,1,A202403,C2024Q4T10,V-SA,SA1,2,12571.43
D,RESIDUE_PRICE_OFFER,,1,A202403,C2024Q4T10,V-SA,SA1,2,13714.29
D,RESIDUE_PRICE_OFFER,,1,A202403,C2024Q4T10,V-SA,SA1,2,14857.14
D,RESIDUE_PRICE_OFFER,,1,A202403,C2024Q4T10,V-SA,SA1,2,16000
D,RESIDUE_PRICE_OFFER,,1,A202403,C2024Q4T10,V-SA,SA1,5,8000
D,RESIDUE_PRICE_OFFER,,1,A202403,C2024Q4T10,V-SA,SA1,5,8500
D,RESIDUE_PRICE_OFFER,,1,A202403,C2024Q4T10,V-SA,SA1,5,9000
D,RESIDUE_PRICE_OFFER,,1,A202403,C2024Q4T10,V-SA,SA1,5,9500
D,RESIDUE_PRICE_OFFER,,1,A202403,C2024Q4T10,V-SA,SA1,10,10000
D,RESIDUE_PRICE_OFFER,,1,A202403,C2024Q4T10,V-SA,SA1,10,10500
D,RESIDUE_PRICE_OFFER,,1,A202403,C2024Q4T10,V-SA,SA1,12,5240.55
D,RESIDUE_PRICE_OFFER,,1,A202403,C2024Q4T10,V-SA,SA1,64,0
D,RESIDUE_PRICE_OFFER,,1,A202403,C2024Q4T10,V-SA,VIC1,1,17111.28
D,RESIDUE_PRICE_OFFER,,1,A202403,C2024Q4T10,V-SA,VIC1,1,17222.28
D,RESIDUE_PRICE_OFFER,,1,A202403,C2024Q4T10,V-SA,VIC1,1,17333.28
D,RESIDUE_PRICE_OFFER,,1,A202403,C2024Q4T10,V-SA,VIC1,1,17444.28
D,RESIDUE_PRICE_OFFER,,1,A202403,C2024Q4T10,V-SA,VIC1,1,17555.28
D,RESIDUE_PRICE_OFFER,,1,A202403,C2024Q4T10,V-SA,VIC1,1,17666.28
D,RESIDUE_PRICE_OFFER,,1,A202403,C2024Q4T10,V-SA,VIC1,1,17777.28
D,RESIDUE_PRICE_OFFER,,1,A202403,C2024Q4T10,V-SA,VIC1,1,17888.28
D,RESIDUE_PRICE_OFFER,,1,A202403,C2024Q4T10,V-SA,VIC1,1,17999.28
D,RESIDUE_PRICE_OFFER,,1,A202403,C2024Q4T10,V-SA,VIC1,2,10500
D,RESIDUE_PRICE_OFFER,,1,A202403,C2024Q4T10,V-SA,VIC1,2,11000
D,RESIDUE_PRICE_OFFER,,1,A202403,C2024Q4T10,V-SA,VIC1,2,11500
D,RESIDUE_PRICE_OFFER,,1,A202403,C2024Q4T10,V-SA,VIC1,2,12000
D,RESIDUE_PRICE_OFFER,,1,A202403,C2024Q4T10,V-SA,VIC1,2,12500
D,RESIDUE_PRICE_OFFER,,1,A202403,C2024Q4T10,V-SA,VIC1,2,13000
D,RESIDUE_PRICE_OFFER,,1,A202403,C2024Q4T10,V-SA,VIC1,73,0
D,RESIDUE_PRICE_OFFER,,1,A202403,C2024Q4T10,VIC1-NSW1,NSW1,2,1620.666660
D,RESIDUE_PRICE_OFFER,,1,A202403,C2024Q4T10,VIC1-NSW1,NSW1,2,2187.90
D,RESIDUE_PRICE_OFFER,,1,A202403,C2024Q4T10,VIC1-NSW1,NSW1,2,2953.6650
D,RESIDUE_PRICE_OFFER,,1,A202403,C2024Q4T10,VIC1-NSW1,NSW1,2,3987.447750
D,RESIDUE_PRICE_OFFER,,1,A202403,C2024Q4T10,VIC1-NSW1,NSW1,3,5383.054460
D,RESIDUE_PRICE_OFFER,,1,A202403,C2024Q4T10,VIC1-NSW1,NSW1,3,7267.123520
D,RESIDUE_PRICE_OFFER,,1,A202403,C2024Q4T10,VIC1-NSW1,NSW1,10,6000
D,RESIDUE_PRICE_OFFER,,1,A202403,C2024Q4T10,VIC1-NSW1,NSW1,10,6500
D,RESIDUE_PRICE_OFFER,,1,A202403,C2024Q4T10,VIC1-NSW1,NSW1,10,7000
D,RESIDUE_PRICE_OFFER,,1,A202403,C2024Q4T10,VIC1-NSW1,NSW1,10,7500
D,RESIDUE_PRICE_OFFER,,1,A202403,C2024Q4T10,VIC1-NSW1,NSW1,10,8000
D,RESIDUE_PRICE_OFFER,,1,A202403,C2024Q4T10,VIC1-NSW1,NSW1,10,8500
D,RESIDUE_PRICE_OFFER,,1,A202403,C2024Q4T10,VIC1-NSW1,NSW1,17,1380
D,RESIDUE_PRICE_OFFER,,1,A202403,C2024Q4T10,VIC1-NSW1,NSW1,108,0
D,RESIDUE_PRICE_OFFER,,1,A202403,C2024Q4T10,VIC1-NSW1,VIC1,1,15033.96
D,RESIDUE_PRICE_OFFER,,1,A202403,C2024Q4T10,VIC1-NSW1,VIC1,1,15066.96
D,RESIDUE_PRICE_OFFER,,1,A202403,C2024Q4T10,VIC1-NSW1,VIC1,1,15099.96
D,RESIDUE_PRICE_OFFER,,1,A202403,C2024Q4T10,VIC1-NSW1,VIC1,1,15132.96
D,RESIDUE_PRICE_OFFER,,1,A202403,C2024Q4T10,VIC1-NSW1,VIC1,1,15165.96
D,RESIDUE_PRICE_OFFER,,1,A202403,C2024Q4T10,VIC1-NSW1,VIC1,1,15198.96
D,RESIDUE_PRICE_OFFER,,1,A202403,C2024Q4T10,VIC1-NSW1,VIC1,1,15231.96
D,RESIDUE_PRICE_OFFER,,1,A202403,C2024Q4T10,VIC1-NSW1,VIC1,1,15264.96
D,RESIDUE_PRICE_OFFER,,1,A202403,C2024Q4T10,VIC1-NSW1,VIC1,1,15297.96
D,RESIDUE_PRICE_OFFER,,1,A202403,C2024Q4T10,VIC1-NSW1,VIC1,1,15330.96
D,RESIDUE_PRICE_OFFER,,1,A202403,C2024Q4T10,VIC1-NSW1,VIC1,1,15363.96
D,RESIDUE_PRICE_OFFER,,1,A202403,C2024Q4T10,VIC1-NSW1,VIC1,1,15396.96
D,RESIDUE_PRICE_OFFER,,1,A202403,C2024Q4T10,VIC1-NSW1,VIC1,1,15429.96
D,RESIDUE_PRICE_OFFER,,1,A202403,C2024Q4T10,VIC1-NSW1,VIC1,1,15462.96
D,RESIDUE_PRICE_OFFER,,1,A202403,C2024Q4T10,VIC1-NSW1,VIC1,1,15495.96
D,RESIDUE_PRICE_OFFER,,1,A202403,C2024Q4T10,VIC1-NSW1,VIC1,1,15528.96
D,RESIDUE_PRICE_OFFER,,1,A202403,C2024Q4T10,VIC1-NSW1,VIC1,1,15561.96
D,RESIDUE_PRICE_OFFER,,1,A202403,C2024Q4T10,VIC1-NSW1,VIC1,1,15594.96
D,RESIDUE_PRICE_OFFER,,1,A202403,C2024Q4T10,VIC1-NSW1,VIC1,1,15627.96
D,RESIDUE_PRICE_OFFER,,1,A202403,C2024Q4T10,VIC1-NSW1,VIC1,1,15660.96
D,RESIDUE_PRICE_OFFER,,1,A202403,C2024Q4T10,VIC1-NSW1,VIC1,1,15693.96
D,RESIDUE_PRICE_OFFER,,1,A202403,C2024Q4T10,VIC1-NSW1,VIC1,1,15726.96
D,RESIDUE_PRICE_OFFER,,1,A202403,C2024Q4T10,VIC1-NSW1,VIC1,1,15759.96
D,RESIDUE_PRICE_OFFER,,1,A202403,C2024Q4T10,VIC1-NSW1,VIC1,1,15792.96
D,RESIDUE_PRICE_OFFER,,1,A202403,C2024Q4T10,VIC1-NSW1,VIC1,1,15825.96
D,RESIDUE_PRICE_OFFER,,1,A202403,C2024Q4T10,VIC1-NSW1,VIC1,1,15858.96
D,RESIDUE_PRICE_OFFER,,1,A202403,C2024Q4T10,VIC1-NSW1,VIC1,1,15891.96
D,RESIDUE_PRICE_OFFER,,1,A202403,C2024Q4T10,VIC1-NSW1,VIC1,1,15924.96
D,RESIDUE_PRICE_OFFER,,1,A202403,C2024Q4T10,VIC1-NSW1,VIC1,1,15957.96
D,RESIDUE_PRICE_OFFER,,1,A202403,C2024Q4T10,VIC1-NSW1,VIC1,1,15990.96
D,RESIDUE_PRICE_OFFER,,1,A202403,C2024Q4T10,VIC1-NSW1,VIC1,1,16200.96
D,RESIDUE_PRICE_OFFER,,1,A202403,C2024Q4T10,VIC1-NSW1,VIC1,1,16400.96
D,RESIDUE_PRICE_OFFER,,1,A202403,C2024Q4T10,VIC1-NSW1,VIC1,1,16600.96
D,RESIDUE_PRICE_OFFER,,1,A202403,C2024Q4T10,VIC1-NSW1,VIC1,1,16800.96
D,RESIDUE_PRICE_OFFER,,1,A202403,C2024Q4T10,VIC1-NSW1,VIC1,1,17000.96
D,RESIDUE_PRICE_OFFER,,1,A202403,C2024Q4T10,VIC1-NSW1,VIC1,1,17200.96
D,RESIDUE_PRICE_OFFER,,1,A202403,C2024Q4T10,VIC1-NSW1,VIC1,1,17400.96
D,RESIDUE_PRICE_OFFER,,1,A202403,C2024Q4T10,VIC1-NSW1,VIC1,1,17600.96
D,RESIDUE_PRICE_OFFER,,1,A202403,C2024Q4T10,VIC1-NSW1,VIC1,1,17800.96
D,RESIDUE_PRICE_OFFER,,1,A202403,C2024Q4T10,VIC1-NSW1,VIC1,1,18000.96
D,RESIDUE_PRICE_OFFER,,1,A202403,C2024Q4T10,VIC1-NSW1,VIC1,1,18200.96
D,RESIDUE_PRICE_OFFER,,1,A202403,C2024Q4T10,VIC1-NSW1,VIC1,1,18400.96
D,RESIDUE_PRICE_OFFER,,1,A202403,C2024Q4T10,VIC1-NSW1,VIC1,1,18600.96
D,RESIDUE_PRICE_OFFER,,1,A202403,C2024Q4T10,VIC1-NSW1,VIC1,1,18800.96
D,RESIDUE_PRICE_OFFER,,1,A202403,C2024Q4T10,VIC1-NSW1,VIC1,1,19000.96
D,RESIDUE_PRICE_OFFER,,1,A202403,C2024Q4T10,VIC1-NSW1,VIC1,1,19200.96
D,RESIDUE_PRICE_OFFER,,1,A202403,C2024Q4T10,VIC1-NSW1,VIC1,1,19400.96
D,RESIDUE_PRICE_OFFER,,1,A202403,C2024Q4T10,VIC1-NSW1,VIC1,1,19600.96
D,RESIDUE_PRICE_OFFER,,1,A202403,C2024Q4T10,VIC1-NSW1,VIC1,1,19800.96
D,RESIDUE_PRICE_OFFER,,1,A202403,C2024Q4T10,VIC1-NSW1,VIC1,1,20000.96
D,RESIDUE_PRICE_OFFER,,1,A202403,C2024Q4T10,VIC1-NSW1,VIC1,2,15500
D,RESIDUE_PRICE_OFFER,,1,A202403,C2024Q4T10,VIC1-NSW1,VIC1,2,18580.892310
D,RESIDUE_PRICE_OFFER,,1,A202403,C2024Q4T10,VIC1-NSW1,VIC1,2,19881.554770
D,RESIDUE_PRICE_OFFER,,1,A202403,C2024Q4T10,VIC1-NSW1,VIC1,2,21273.263590
D,RESIDUE_PRICE_OFFER,,1,A202403,C2024Q4T10,VIC1-NSW1,VIC1,2,23480.96
D,RESIDUE_PRICE_OFFER,,1,A202403,C2024Q4T10,VIC1-NSW1,VIC1,2,23960.96
D,RESIDUE_PRICE_OFFER,,1,A202403,C2024Q4T10,VIC1-NSW1,VIC1,2,24440.96
D,RESIDUE_PRICE_OFFER,,1,A202403,C2024Q4T10,VIC1-NSW1,VIC1,2,24920.96
D,RESIDUE_PRICE_OFFER,,1,A202403,C2024Q4T10,VIC1-NSW1,VIC1,2,25400.96
D,RESIDUE_PRICE_OFFER,,1,A202403,C2024Q4T10,VIC1-NSW1,VIC1,2,25880.96
D,RESIDUE_PRICE_OFFER,,1,A202403,C2024Q4T10,VIC1-NSW1,VIC1,2,26360.96
D,RESIDUE_PRICE_OFFER,,1,A202403,C2024Q4T10,VIC1-NSW1,VIC1,2,26840.96
D,RESIDUE_PRICE_OFFER,,1,A202403,C2024Q4T10,VIC1-NSW1,VIC1,2,27320.96
D,RESIDUE_PRICE_OFFER,,1,A202403,C2024Q4T10,VIC1-NSW1,VIC1,2,27800.96
D,RESIDUE_PRICE_OFFER,,1,A202403,C2024Q4T10,VIC1-NSW1,VIC1,2,28280.96
D,RESIDUE_PRICE_OFFER,,1,A202403,C2024Q4T10,VIC1-NSW1,VIC1,2,28760.96
D,RESIDUE_PRICE_OFFER,,1,A202403,C2024Q4T10,VIC1-NSW1,VIC1,2,29240.96
D,RESIDUE_PRICE_OFFER,,1,A202403,C2024Q4T10,VIC1-NSW1,VIC1,2,29720.96
D,RESIDUE_PRICE_OFFER,,1,A202403,C2024Q4T10,VIC1-NSW1,VIC1,2,30200.96
D,RESIDUE_PRICE_OFFER,,1,A202403,C2024Q4T10,VIC1-NSW1,VIC1,2,30680.96
D,RESIDUE_PRICE_OFFER,,1,A202403,C2024Q4T10,VIC1-NSW1,VIC1,2,31160.96
D,RESIDUE_PRICE_OFFER,,1,A202403,C2024Q4T10,VIC1-NSW1,VIC1,2,31640.96
D,RESIDUE_PRICE_OFFER,,1,A202403,C2024Q4T10,VIC1-NSW1,VIC1,2,32120.96
D,RESIDUE_PRICE_OFFER,,1,A202403,C2024Q4T10,VIC1-NSW1,VIC1,2,32600.96
D,RESIDUE_PRICE_OFFER,,1,A202403,C2024Q4T10,VIC1-NSW1,VIC1,2,33080.96
D,RESIDUE_PRICE_OFFER,,1,A202403,C2024Q4T10,VIC1-NSW1,VIC1,2,33560.96
D,RESIDUE_PRICE_OFFER,,1,A202403,C2024Q4T10,VIC1-NSW1,VIC1,2,34040.96
D,RESIDUE_PRICE_OFFER,,1,A202403,C2024Q4T10,VIC1-NSW1,VIC1,2,34520.96
D,RESIDUE_PRICE_OFFER,,1,A202403,C2024Q4T10,VIC1-NSW1,VIC1,2,35000.96
D,RESIDUE_PRICE_OFFER,,1,A202403,C2024Q4T10,VIC1-NSW1,VIC1,3,22762.392060
D,RESIDUE_PRICE_OFFER,,1,A202403,C2024Q4T10,VIC1-NSW1,VIC1,3,24355.7595
D,RESIDUE_PRICE_OFFER,,1,A202403,C2024Q4T10,VIC1-NSW1,VIC1,3,26060.662660
D,RESIDUE_PRICE_OFFER,,1,A202403,C2024Q4T10,VIC1-NSW1,VIC1,13,27707
D,RESIDUE_PRICE_OFFER,,1,A202403,C2024Q4T10,VIC1-NSW1,VIC1,20,14000
D,RESIDUE_PRICE_OFFER,,1,A202403,C2024Q4T10,VIC1-NSW1,VIC1,20,15000
D,RESIDUE_PRICE_OFFER,,1,A202403,C2024Q4T10,VIC1-NSW1,VIC1,20,18000
D,RESIDUE_PRICE_OFFER,,1,A202403,C2024Q4T10,VIC1-NSW1,VIC1,40,25620
D,RESIDUE_PRICE_OFFER,,1,A202403,C2024Q4T10,VIC1-NSW1,VIC1,42,30000
D,RESIDUE_PRICE_OFFER,,1,A202403,C2024Q4T10,VIC1-NSW1,VIC1,50,25000
D,RESIDUE_PRICE_OFFER,,1,A202403,C2024Q4T10,VIC1-NSW1,VIC1,125,0
D,RESIDUE_PRICE_OFFER,,1,A202403,C2025Q1T09,NSW1-QLD1,NSW1,2,15130.343750
D,RESIDUE_PRICE_OFFER,,1,A202403,C2025Q1T09,NSW1-QLD1,NSW1,2,16945.9850
D,RESIDUE_PRICE_OFFER,,1,A202403,C2025Q1T09,NSW1-QLD1,NSW1,2,18979.5032
D,RESIDUE_PRICE_OFFER,,1,A202403,C2025Q1T09,NSW1-QLD1,NSW1,2,30000
D,RESIDUE_PRICE_OFFER,,1,A202403,C2025Q1T09,NSW1-QLD1,NSW1,2,31000
D,RESIDUE_PRICE_OFFER,,1,A202403,C2025Q1T09,NSW1-QLD1,NSW1,2,32000
D,RESIDUE_PRICE_OFFER,,1,A202403,C2025Q1T09,NSW1-QLD1,NSW1,2,33000
D,RESIDUE_PRICE_OFFER,,1,A202403,C2025Q1T09,NSW1-QLD1,NSW1,2,34000
D,RESIDUE_PRICE_OFFER,,1,A202403,C2025Q1T09,NSW1-QLD1,NSW1,2,35000
D,RESIDUE_PRICE_OFFER,,1,A202403,C2025Q1T09,NSW1-QLD1,NSW1,3,21257.043580
D,RESIDUE_PRICE_OFFER,,1,A202403,C2025Q1T09,NSW1-QLD1,NSW1,3,23807.888810
D,RESIDUE_PRICE_OFFER,,1,A202403,C2025Q1T09,NSW1-QLD1,NSW1,3,26664.835470
D,RESIDUE_PRICE_OFFER,,1,A202403,C2025Q1T09,NSW1-QLD1,NSW1,45,0
D,RESIDUE_PRICE_OFFER,,1,A202403,C2025Q1T09,NSW1-QLD1,QLD1,1,18520.89
D,RESIDUE_PRICE_OFFER,,1,A202403,C2025Q1T09,NSW1-QLD1,QLD1,1,18540.89
D,RESIDUE_PRICE_OFFER,,1,A202403,C2025Q1T09,NSW1-QLD1,QLD1,1,18560.89
D,RESIDUE_PRICE_OFFER,,1,A202403,C2025Q1T09,NSW1-QLD1,QLD1,1,18580.89
D,RESIDUE_PRICE_OFFER,,1,A202403,C2025Q1T09,NSW1-QLD1,QLD1,1,18600.89
D,RESIDUE_PRICE_OFFER,,1,A202403,C2025Q1T09,NSW1-QLD1,QLD1,1,18620.89
D,RESIDUE_PRICE_OFFER,,1,A202403,C2025Q1T09,NSW1-QLD1,QLD1,1,18640.89
D,RESIDUE_PRICE_OFFER,,1,A202403,C2025Q1T09,NSW1-QLD1,QLD1,1,18660.89
D,RESIDUE_PRICE_OFFER,,1,A202403,C2025Q1T09,NSW1-QLD1,QLD1,1,18680.89
D,RESIDUE_PRICE_OFFER,,1,A202403,C2025Q1T09,NSW1-QLD1,QLD1,1,18700.89
D,RESIDUE_PRICE_OFFER,,1,A202403,C2025Q1T09,NSW1-QLD1,QLD1,1,18720.89
D,RESIDUE_PRICE_OFFER,,1,A202403,C2025Q1T09,NSW1-QLD1,QLD1,1,18740.89
D,RESIDUE_PRICE_OFFER,,1,A202403,C2025Q1T09,NSW1-QLD1,QLD1,1,18760.89
D,RESIDUE_PRICE_OFFER,,1,A202403,C2025Q1T09,NSW1-QLD1,QLD1,1,18780.89
D,RESIDUE_PRICE_OFFER,,1,A202403,C2025Q1T09,NSW1-QLD1,QLD1,1,18800.89
D,RESIDUE_PRICE_OFFER,,1,A202403,C2025Q1T09,NSW1-QLD1,QLD1,1,18820.89
D,RESIDUE_PRICE_OFFER,,1,A202403,C2025Q1T09,NSW1-QLD1,QLD1,1,18840.89
D,RESIDUE_PRICE_OFFER,,1,A202403,C2025Q1T09,NSW1-QLD1,QLD1,1,18860.89
D,RESIDUE_PRICE_OFFER,,1,A202403,C2025Q1T09,NSW1-QLD1,QLD1,1,18880.89
D,RESIDUE_PRICE_OFFER,,1,A202403,C2025Q1T09,NSW1-QLD1,QLD1,1,18900.89
D,RESIDUE_PRICE_OFFER,,1,A202403,C2025Q1T09,NSW1-QLD1,QLD1,1,18920.89
D,RESIDUE_PRICE_OFFER,,1,A202403,C2025Q1T09,NSW1-QLD1,QLD1,1,18940.89
D,RESIDUE_PRICE_OFFER,,1,A202403,C2025Q1T09,NSW1-QLD1,QLD1,1,18960.89
D,RESIDUE_PRICE_OFFER,,1,A202403,C2025Q1T09,NSW1-QLD1,QLD1,1,18980.89
D,RESIDUE_PRICE_OFFER,,1,A202403,C2025Q1T09,NSW1-QLD1,QLD1,1,19000.89
D,RESIDUE_PRICE_OFFER,,1,A202403,C2025Q1T09,NSW1-QLD1,QLD1,1,20200.89
D,RESIDUE_PRICE_OFFER,,1,A202403,C2025Q1T09,NSW1-QLD1,QLD1,1,20400.89
D,RESIDUE_PRICE_OFFER,,1,A202403,C2025Q1T09,NSW1-QLD1,QLD1,1,20600.89
D,RESIDUE_PRICE_OFFER,,1,A202403,C2025Q1T09,NSW1-QLD1,QLD1,1,20800.89
D,RESIDUE_PRICE_OFFER,,1,A202403,C2025Q1T09,NSW1-QLD1,QLD1,1,21000.89
D,RESIDUE_PRICE_OFFER,,1,A202403,C2025Q1T09,NSW1-QLD1,QLD1,1,21200.89
D,RESIDUE_PRICE_OFFER,,1,A202403,C2025Q1T09,NSW1-QLD1,QLD1,1,21400.89
D,RESIDUE_PRICE_OFFER,,1,A202403,C2025Q1T09,NSW1-QLD1,QLD1,1,21600.89
D,RESIDUE_PRICE_OFFER,,1,A202403,C2025Q1T09,NSW1-QLD1,QLD1,1,21800.89
D,RESIDUE_PRICE_OFFER,,1,A202403,C2025Q1T09,NSW1-QLD1,QLD1,1,22000.89
D,RESIDUE_PRICE_OFFER,,1,A202403,C2025Q1T09,NSW1-QLD1,QLD1,1,22200.89
D,RESIDUE_PRICE_OFFER,,1,A202403,C2025Q1T09,NSW1-QLD1,QLD1,1,22400.89
D,RESIDUE_PRICE_OFFER,,1,A202403,C2025Q1T09,NSW1-QLD1,QLD1,1,22600.89
D,RESIDUE_PRICE_OFFER,,1,A202403,C2025Q1T09,NSW1-QLD1,QLD1,1,22800.89
D,RESIDUE_PRICE_OFFER,,1,A202403,C2025Q1T09,NSW1-QLD1,QLD1,1,23000.89
D,RESIDUE_PRICE_OFFER,,1,A202403,C2025Q1T09,NSW1-QLD1,QLD1,1,23200.89
D,RESIDUE_PRICE_OFFER,,1,A202403,C2025Q1T09,NSW1-QLD1,QLD1,1,23400.89
D,RESIDUE_PRICE_OFFER,,1,A202403,C2025Q1T09,NSW1-QLD1,QLD1,1,23600.89
D,RESIDUE_PRICE_OFFER,,1,A202403,C2025Q1T09,NSW1-QLD1,QLD1,1,23800.89
D,RESIDUE_PRICE_OFFER,,1,A202403,C2025Q1T09,NSW1-QLD1,QLD1,1,24000.89
D,RESIDUE_PRICE_OFFER,,1,A202403,C2025Q1T09,NSW1-QLD1,QLD1,1,24200.89
D,RESIDUE_PRICE_OFFER,,1,A202403,C2025Q1T09,NSW1-QLD1,QLD1,1,24400.89
D,RESIDUE_PRICE_OFFER,,1,A202403,C2025Q1T09,NSW1-QLD1,QLD1,1,24600.89
D,RESIDUE_PRICE_OFFER,,1,A202403,C2025Q1T09,NSW1-QLD1,QLD1,1,24800.89
D,RESIDUE_PRICE_OFFER,,1,A202403,C2025Q1T09,NSW1-QLD1,QLD1,1,25000.89
D,RESIDUE_PRICE_OFFER,,1,A202403,C2025Q1T09,NSW1-QLD1,QLD1,1,25200.89
D,RESIDUE_PRICE_OFFER,,1,A202403,C2025Q1T09,NSW1-QLD1,QLD1,1,25400.89
D,RESIDUE_PRICE_OFFER,,1,A202403,C2025Q1T09,NSW1-QLD1,QLD1,1,25600.89
D,RESIDUE_PRICE_OFFER,,1,A202403,C2025Q1T09,NSW1-QLD1,QLD1,1,25800.89
D,RESIDUE_PRICE_OFFER,,1,A202403,C2025Q1T09,NSW1-QLD1,QLD1,1,26000.89
D,RESIDUE_PRICE_OFFER,,1,A202403,C2025Q1T09,NSW1-QLD1,QLD1,1,26200.89
D,RESIDUE_PRICE_OFFER,,1,A202403,C2025Q1T09,NSW1-QLD1,QLD1,1,26400.89
D,RESIDUE_PRICE_OFFER,,1,A202403,C2025Q1T09,NSW1-QLD1,QLD1,1,26600.89
D,RESIDUE_PRICE_OFFER,,1,A202403,C2025Q1T09,NSW1-QLD1,QLD1,1,26800.89
D,RESIDUE_PRICE_OFFER,,1,A202403,C2025Q1T09,NSW1-QLD1,QLD1,1,27000.89
D,RESIDUE_PRICE_OFFER,,1,A202403,C2025Q1T09,NSW1-QLD1,QLD1,1,27200.89
D,RESIDUE_PRICE_OFFER,,1,A202403,C2025Q1T09,NSW1-QLD1,QLD1,1,27400.89
D,RESIDUE_PRICE_OFFER,,1,A202403,C2025Q1T09,NSW1-QLD1,QLD1,1,27600.89
D,RESIDUE_PRICE_OFFER,,1,A202403,C2025Q1T09,NSW1-QLD1,QLD1,1,27800.89
D,RESIDUE_PRICE_OFFER,,1,A202403,C2025Q1T09,NSW1-QLD1,QLD1,1,28000.89
D,RESIDUE_PRICE_OFFER,,1,A202403,C2025Q1T09,NSW1-QLD1,QLD1,1,28200.89
D,RESIDUE_PRICE_OFFER,,1,A202403,C2025Q1T09,NSW1-QLD1,QLD1,1,28400.89
D,RESIDUE_PRICE_OFFER,,1,A202403,C2025Q1T09,NSW1-QLD1,QLD1,1,28600.89
D,RESIDUE_PRICE_OFFER,,1,A202403,C2025Q1T09,NSW1-QLD1,QLD1,1,28800.89
D,RESIDUE_PRICE_OFFER,,1,A202403,C2025Q1T09,NSW1-QLD1,QLD1,1,29000.89
D,RESIDUE_PRICE_OFFER,,1,A202403,C2025Q1T09,NSW1-QLD1,QLD1,1,29200.89
D,RESIDUE_PRICE_OFFER,,1,A202403,C2025Q1T09,NSW1-QLD1,QLD1,1,29400.89
D,RESIDUE_PRICE_OFFER,,1,A202403,C2025Q1T09,NSW1-QLD1,QLD1,1,29600.89
D,RESIDUE_PRICE_OFFER,,1,A202403,C2025Q1T09,NSW1-QLD1,QLD1,1,29800.89
D,RESIDUE_PRICE_OFFER,,1,A202403,C2025Q1T09,NSW1-QLD1,QLD1,1,30000.89
D,RESIDUE_PRICE_OFFER,,1,A202403,C2025Q1T09,NSW1-QLD1,QLD1,2,19125
D,RESIDUE_PRICE_OFFER,,1,A202403,C2025Q1T09,NSW1-QLD1,QLD1,2,21125
D,RESIDUE_PRICE_OFFER,,1,A202403,C2025Q1T09,NSW1-QLD1,QLD1,2,26089.885790
D,RESIDUE_PRICE_OFFER,,1,A202403,C2025Q1T09,NSW1-QLD1,QLD1,2,27916.1778
D,RESIDUE_PRICE_OFFER,,1,A202403,C2025Q1T09,NSW1-QLD1,QLD1,2,29870.310240
D,RESIDUE_PRICE_OFFER,,1,A202403,C2025Q1T09,NSW1-QLD1,QLD1,2,31961.231960
D,RESIDUE_PRICE_OFFER,,1,A202403,C2025Q1T09,NSW1-QLD1,QLD1,3,22763
D,RESIDUE_PRICE_OFFER,,1,A202403,C2025Q1T09,NSW1-QLD1,QLD1,3,22787.916670
D,RESIDUE_PRICE_OFFER,,1,A202403,C2025Q1T09,NSW1-QLD1,QLD1,3,24383.070830
D,RESIDUE_PRICE_OFFER,,1,A202403,C2025Q1T09,NSW1-QLD1,QLD1,8,23430
D,RESIDUE_PRICE_OFFER,,1,A202403,C2025Q1T09,NSW1-QLD1,QLD1,10,17125
D,RESIDUE_PRICE_OFFER,,1,A202403,C2025Q1T09,NSW1-QLD1,QLD1,100,0
D,RESIDUE_PRICE_OFFER,,1,A202403,C2025Q1T09,V-SA,SA1,2,6812.924240
D,RESIDUE_PRICE_OFFER,,1,A202403,C2025Q1T09,V-SA,SA1,2,7494.216660
D,RESIDUE_PRICE_OFFER,,1,A202403,C2025Q1T09,V-SA,SA1,2,8243.638330
D,RESIDUE_PRICE_OFFER,,1,A202403,C2025Q1T09,V-SA,SA1,2,9068.002160
D,RESIDUE_PRICE_OFFER,,1,A202403,C2025Q1T09,V-SA,SA1,2,9500
D,RESIDUE_PRICE_OFFER,,1,A202403,C2025Q1T09,V-SA,SA1,2,10881.6026
D,RESIDUE_PRICE_OFFER,,1,A202403,C2025Q1T09,V-SA,SA1,2,13057.923120
D,RESIDUE_PRICE_OFFER,,1,A202403,C2025Q1T09,V-SA,SA1,3,10000
D,RESIDUE_PRICE_OFFER,,1,A202403,C2025Q1T09,V-SA,SA1,5,10500
D,RESIDUE_PRICE_OFFER,,1,A202403,C2025Q1T09,V-SA,SA1,5,11000
D,RESIDUE_PRICE_OFFER,,1,A202403,C2025Q1T09,V-SA,SA1,5,11500
D,RESIDUE_PRICE_OFFER,,1,A202403,C2025Q1T09,V-SA,SA1,5,12000
D,RESIDUE_PRICE_OFFER,,1,A202403,C2025Q1T09,V-SA,SA1,12,7486.50
D,RESIDUE_PRICE_OFFER,,1,A202403,C2025Q1T09,V-SA,SA1,64,0
D,RESIDUE_PRICE_OFFER,,1,A202403,C2025Q1T09,V-SA,VIC1,1,30068.28
D,RESIDUE_PRICE_OFFER,,1,A202403,C2025Q1T09,V-SA,VIC1,1,30136.28
D,RESIDUE_PRICE_OFFER,,1,A202403,C2025Q1T09,V-SA,VIC1,1,30204.28
D,RESIDUE_PRICE_OFFER,,1,A202403,C2025Q1T09,V-SA,VIC1,1,30272.28
D,RESIDUE_PRICE_OFFER,,1,A202403,C2025Q1T09,V-SA,VIC1,1,30340.28
D,RESIDUE_PRICE_OFFER,,1,A202403,C2025Q1T09,V-SA,VIC1,1,30408.28
D,RESIDUE_PRICE_OFFER,,1,A202403,C2025Q1T09,V-SA,VIC1,1,30476.28
D,RESIDUE_PRICE_OFFER,,1,A202403,C2025Q1T09,V-SA,VIC1,1,30544.28
D,RESIDUE_PRICE_OFFER,,1,A202403,C2025Q1T09,V-SA,VIC1,1,30612.28
D,RESIDUE_PRICE_OFFER,,1,A202403,C2025Q1T09,V-SA,VIC1,1,30680.28
D,RESIDUE_PRICE_OFFER,,1,A202403,C2025Q1T09,V-SA,VIC1,1,30748.28
D,RESIDUE_PRICE_OFFER,,1,A202403,C2025Q1T09,V-SA,VIC1,1,30816.28
D,RESIDUE_PRICE_OFFER,,1,A202403,C2025Q1T09,V-SA,VIC1,1,30884.28
D,RESIDUE_PRICE_OFFER,,1,A202403,C2025Q1T09,V-SA,VIC1,1,30952.28
D,RESIDUE_PRICE_OFFER,,1,A202403,C2025Q1T09,V-SA,VIC1,1,31020.28
D,RESIDUE_PRICE_OFFER,,1,A202403,C2025Q1T09,V-SA,VIC1,1,31088.28
D,RESIDUE_PRICE_OFFER,,1,A202403,C2025Q1T09,V-SA,VIC1,1,31156.28
D,RESIDUE_PRICE_OFFER,,1,A202403,C2025Q1T09,V-SA,VIC1,1,31224.28
D,RESIDUE_PRICE_OFFER,,1,A202403,C2025Q1T09,V-SA,VIC1,1,31292.28
D,RESIDUE_PRICE_OFFER,,1,A202403,C2025Q1T09,V-SA,VIC1,1,31360.28
D,RESIDUE_PRICE_OFFER,,1,A202403,C2025Q1T09,V-SA,VIC1,1,31428.28
D,RESIDUE_PRICE_OFFER,,1,A202403,C2025Q1T09,V-SA,VIC1,1,31496.28
D,RESIDUE_PRICE_OFFER,,1,A202403,C2025Q1T09,V-SA,VIC1,1,31564.28
D,RESIDUE_PRICE_OFFER,,1,A202403,C2025Q1T09,V-SA,VIC1,1,31632.28
D,RESIDUE_PRICE_OFFER,,1,A202403,C2025Q1T09,V-SA,VIC1,1,31700.28
D,RESIDUE_PRICE_OFFER,,1,A202403,C2025Q1T09,V-SA,VIC1,1,31768.28
D,RESIDUE_PRICE_OFFER,,1,A202403,C2025Q1T09,V-SA,VIC1,1,31836.28
D,RESIDUE_PRICE_OFFER,,1,A202403,C2025Q1T09,V-SA,VIC1,1,31904.28
D,RESIDUE_PRICE_OFFER,,1,A202403,C2025Q1T09,V-SA,VIC1,1,31972.28
D,RESIDUE_PRICE_OFFER,,1,A202403,C2025Q1T09,V-SA,VIC1,2,23500
D,RESIDUE_PRICE_OFFER,,1,A202403,C2025Q1T09,V-SA,VIC1,2,24000
D,RESIDUE_PRICE_OFFER,,1,A202403,C2025Q1T09,V-SA,VIC1,2,24500
D,RESIDUE_PRICE_OFFER,,1,A202403,C2025Q1T09,V-SA,VIC1,2,25000
D,RESIDUE_PRICE_OFFER,,1,A202403,C2025Q1T09,V-SA,VIC1,2,25500
D,RESIDUE_PRICE_OFFER,,1,A202403,C2025Q1T09,V-SA,VIC1,2,26000
D,RESIDUE_PRICE_OFFER,,1,A202403,C2025Q1T09,V-SA,VIC1,73,0
D,RESIDUE_PRICE_OFFER,,1,A202403,C2025Q1T09,VIC1-NSW1,NSW1,1,5100.06
D,RESIDUE_PRICE_OFFER,,1,A202403,C2025Q1T09,VIC1-NSW1,NSW1,1,5200.06
D,RESIDUE_PRICE_OFFER,,1,A202403,C2025Q1T09,VIC1-NSW1,NSW1,1,5300.06
D,RESIDUE_PRICE_OFFER,,1,A202403,C2025Q1T09,VIC1-NSW1,NSW1,1,5400.06
D,RESIDUE_PRICE_OFFER,,1,A202403,C2025Q1T09,VIC1-NSW1,NSW1,1,5500.06
D,RESIDUE_PRICE_OFFER,,1,A202403,C2025Q1T09,VIC1-NSW1,NSW1,1,5600.06
D,RESIDUE_PRICE_OFFER,,1,A202403,C2025Q1T09,VIC1-NSW1,NSW1,1,5700.06
D,RESIDUE_PRICE_OFFER,,1,A202403,C2025Q1T09,VIC1-NSW1,NSW1,1,5800.06
D,RESIDUE_PRICE_OFFER,,1,A202403,C2025Q1T09,VIC1-NSW1,NSW1,1,5900.06
D,RESIDUE_PRICE_OFFER,,1,A202403,C2025Q1T09,VIC1-NSW1,NSW1,1,6000.06
D,RESIDUE_PRICE_OFFER,,1,A202403,C2025Q1T09,VIC1-NSW1,NSW1,1,6100.06
D,RESIDUE_PRICE_OFFER,,1,A202403,C2025Q1T09,VIC1-NSW1,NSW1,1,6200.06
D,RESIDUE_PRICE_OFFER,,1,A202403,C2025Q1T09,VIC1-NSW1,NSW1,1,6300.06
D,RESIDUE_PRICE_OFFER,,1,A202403,C2025Q1T09,VIC1-NSW1,NSW1,1,6400.06
D,RESIDUE_PRICE_OFFER,,1,A202403,C2025Q1T09,VIC1-NSW1,NSW1,1,6500.06
D,RESIDUE_PRICE_OFFER,,1,A202403,C2025Q1T09,VIC1-NSW1,NSW1,1,6600.06
D,RESIDUE_PRICE_OFFER,,1,A202403,C2025Q1T09,VIC1-NSW1,NSW1,1,6700.06
D,RESIDUE_PRICE_OFFER,,1,A202403,C2025Q1T09,VIC1-NSW1,NSW1,1,6800.06
D,RESIDUE_PRICE_OFFER,,1,A202403,C2025Q1T09,VIC1-NSW1,NSW1,1,6900.06
D,RESIDUE_PRICE_OFFER,,1,A202403,C2025Q1T09,VIC1-NSW1,NSW1,1,7000.06
D,RESIDUE_PRICE_OFFER,,1,A202403,C2025Q1T09,VIC1-NSW1,NSW1,2,5999.081080
D,RESIDUE_PRICE_OFFER,,1,A202403,C2025Q1T09,VIC1-NSW1,NSW1,2,8098.759450
D,RESIDUE_PRICE_OFFER,,1,A202403,C2025Q1T09,VIC1-NSW1,NSW1,2,10933.325270
D,RESIDUE_PRICE_OFFER,,1,A202403,C2025Q1T09,VIC1-NSW1,NSW1,2,14759.989110
D,RESIDUE_PRICE_OFFER,,1,A202403,C2025Q1T09,VIC1-NSW1,NSW1,3,19925.985310
D,RESIDUE_PRICE_OFFER,,1,A202403,C2025Q1T09,VIC1-NSW1,NSW1,3,26900.080160
D,RESIDUE_PRICE_OFFER,,1,A202403,C2025Q1T09,VIC1-NSW1,NSW1,5,9000
D,RESIDUE_PRICE_OFFER,,1,A202403,C2025Q1T09,VIC1-NSW1,NSW1,5,9500
D,RESIDUE_PRICE_OFFER,,1,A202403,C2025Q1T09,VIC1-NSW1,NSW1,5,10000
D,RESIDUE_PRICE_OFFER,,1,A202403,C2025Q1T09,VIC1-NSW1,NSW1,5,10500
D,RESIDUE_PRICE_OFFER,,1,A202403,C2025Q1T09,VIC1-NSW1,NSW1,5,11000
D,RESIDUE_PRICE_OFFER,,1,A202403,C2025Q1T09,VIC1-NSW1,NSW1,5,11500
D,RESIDUE_PRICE_OFFER,,1,A202403,C2025Q1T09,VIC1-NSW1,NSW1,24,4186.2760
D,RESIDUE_PRICE_OFFER,,1,A202403,C2025Q1T09,VIC1-NSW1,NSW1,108,0
D,RESIDUE_PRICE_OFFER,,1,A202403,C2025Q1T09,VIC1-NSW1,VIC1,1,18033.96
D,RESIDUE_PRICE_OFFER,,1,A202403,C2025Q1T09,VIC1-NSW1,VIC1,1,18066.96
D,RESIDUE_PRICE_OFFER,,1,A202403,C2025Q1T09,VIC1-NSW1,VIC1,1,18099.96
D,RESIDUE_PRICE_OFFER,,1,A202403,C2025Q1T09,VIC1-NSW1,VIC1,1,18132.96
D,RESIDUE_PRICE_OFFER,,1,A202403,C2025Q1T09,VIC1-NSW1,VIC1,1,18165.96
D,RESIDUE_PRICE_OFFER,,1,A202403,C2025Q1T09,VIC1-NSW1,VIC1,1,18198.96
D,RESIDUE_PRICE_OFFER,,1,A202403,C2025Q1T09,VIC1-NSW1,VIC1,1,18231.96
D,RESIDUE_PRICE_OFFER,,1,A202403,C2025Q1T09,VIC1-NSW1,VIC1,1,18264.96
D,RESIDUE_PRICE_OFFER,,1,A202403,C2025Q1T09,VIC1-NSW1,VIC1,1,18297.96
D,RESIDUE_PRICE_OFFER,,1,A202403,C2025Q1T09,VIC1-NSW1,VIC1,1,18330.96
D,RESIDUE_PRICE_OFFER,,1,A202403,C2025Q1T09,VIC1-NSW1,VIC1,1,18363.96
D,RESIDUE_PRICE_OFFER,,1,A202403,C2025Q1T09,VIC1-NSW1,VIC1,1,18396.96
D,RESIDUE_PRICE_OFFER,,1,A202403,C2025Q1T09,VIC1-NSW1,VIC1,1,18429.96
D,RESIDUE_PRICE_OFFER,,1,A202403,C2025Q1T09,VIC1-NSW1,VIC1,1,18462.96
D,RESIDUE_PRICE_OFFER,,1,A202403,C2025Q1T09,VIC1-NSW1,VIC1,1,18495.96
D,RESIDUE_PRICE_OFFER,,1,A202403,C2025Q1T09,VIC1-NSW1,VIC1,1,18528.96
D,RESIDUE_PRICE_OFFER,,1,A202403,C2025Q1T09,VIC1-NSW1,VIC1,1,18561.96
D,RESIDUE_PRICE_OFFER,,1,A202403,C2025Q1T09,VIC1-NSW1,VIC1,1,18594.96
D,RESIDUE_PRICE_OFFER,,1,A202403,C2025Q1T09,VIC1-NSW1,VIC1,1,18627.96
D,RESIDUE_PRICE_OFFER,,1,A202403,C2025Q1T09,VIC1-NSW1,VIC1,1,18660.96
D,RESIDUE_PRICE_OFFER,,1,A202403,C2025Q1T09,VIC1-NSW1,VIC1,1,18693.96
D,RESIDUE_PRICE_OFFER,,1,A202403,C2025Q1T09,VIC1-NSW1,VIC1,1,18726.96
D,RESIDUE_PRICE_OFFER,,1,A202403,C2025Q1T09,VIC1-NSW1,VIC1,1,18759.96
D,RESIDUE_PRICE_OFFER,,1,A202403,C2025Q1T09,VIC1-NSW1,VIC1,1,18792.96
D,RESIDUE_PRICE_OFFER,,1,A202403,C2025Q1T09,VIC1-NSW1,VIC1,1,18825.96
D,RESIDUE_PRICE_OFFER,,1,A202403,C2025Q1T09,VIC1-NSW1,VIC1,1,18858.96
D,RESIDUE_PRICE_OFFER,,1,A202403,C2025Q1T09,VIC1-NSW1,VIC1,1,18891.96
D,RESIDUE_PRICE_OFFER,,1,A202403,C2025Q1T09,VIC1-NSW1,VIC1,1,18924.96
D,RESIDUE_PRICE_OFFER,,1,A202403,C2025Q1T09,VIC1-NSW1,VIC1,1,18957.96
D,RESIDUE_PRICE_OFFER,,1,A202403,C2025Q1T09,VIC1-NSW1,VIC1,1,18990.96
D,RESIDUE_PRICE_OFFER,,1,A202403,C2025Q1T09,VIC1-NSW1,VIC1,2,20428.96
D,RESIDUE_PRICE_OFFER,,1,A202403,C2025Q1T09,VIC1-NSW1,VIC1,2,20856.96
D,RESIDUE_PRICE_OFFER,,1,A202403,C2025Q1T09,VIC1-NSW1,VIC1,2,21284.96
D,RESIDUE_PRICE_OFFER,,1,A202403,C2025Q1T09,VIC1-NSW1,VIC1,2,21712.96
D,RESIDUE_PRICE_OFFER,,1,A202403,C2025Q1T09,VIC1-NSW1,VIC1,2,22140.96
D,RESIDUE_PRICE_OFFER,,1,A202403,C2025Q1T09,VIC1-NSW1,VIC1,2,22568.96
D,RESIDUE_PRICE_OFFER,,1,A202403,C2025Q1T09,VIC1-NSW1,VIC1,2,22615.70
D,RESIDUE_PRICE_OFFER,,1,A202403,C2025Q1T09,VIC1-NSW1,VIC1,2,22996.96
D,RESIDUE_PRICE_OFFER,,1,A202403,C2025Q1T09,VIC1-NSW1,VIC1,2,23424.96
D,RESIDUE_PRICE_OFFER,,1,A202403,C2025Q1T09,VIC1-NSW1,VIC1,2,23852.96
D,RESIDUE_PRICE_OFFER,,1,A202403,C2025Q1T09,VIC1-NSW1,VIC1,2,24198.7990
D,RESIDUE_PRICE_OFFER,,1,A202403,C2025Q1T09,VIC1-NSW1,VIC1,2,24280.96
D,RESIDUE_PRICE_OFFER,,1,A202403,C2025Q1T09,VIC1-NSW1,VIC1,2,24708.96
D,RESIDUE_PRICE_OFFER,,1,A202403,C2025Q1T09,VIC1-NSW1,VIC1,2,25136.96
D,RESIDUE_PRICE_OFFER,,1,A202403,C2025Q1T09,VIC1-NSW1,VIC1,2,25564.96
D,RESIDUE_PRICE_OFFER,,1,A202403,C2025Q1T09,VIC1-NSW1,VIC1,2,25892.714930
D,RESIDUE_PRICE_OFFER,,1,A202403,C2025Q1T09,VIC1-NSW1,VIC1,2,25992.96
D,RESIDUE_PRICE_OFFER,,1,A202403,C2025Q1T09,VIC1-NSW1,VIC1,2,26420.96
D,RESIDUE_PRICE_OFFER,,1,A202403,C2025Q1T09,VIC1-NSW1,VIC1,2,26848.96
D,RESIDUE_PRICE_OFFER,,1,A202403,C2025Q1T09,VIC1-NSW1,VIC1,2,27276.96
D,RESIDUE_PRICE_OFFER,,1,A202403,C2025Q1T09,VIC1-NSW1,VIC1,2,27704.96
D,RESIDUE_PRICE_OFFER,,1,A202403,C2025Q1T09,VIC1-NSW1,VIC1,2,27705.204980
D,RESIDUE_PRICE_OFFER,,1,A202403,C2025Q1T09,VIC1-NSW1,VIC1,2,28132.96
D,RESIDUE_PRICE_OFFER,,1,A202403,C2025Q1T09,VIC1-NSW1,VIC1,2,28560.96
D,RESIDUE_PRICE_OFFER,,1,A202403,C2025Q1T09,VIC1-NSW1,VIC1,2,28988.96
D,RESIDUE_PRICE_OFFER,,1,A202403,C2025Q1T09,VIC1-NSW1,VIC1,2,29416.96
D,RESIDUE_PRICE_OFFER,,1,A202403,C2025Q1T09,VIC1-NSW1,VIC1,2,29644.569320
D,RESIDUE_PRICE_OFFER,,1,A202403,C2025Q1T09,VIC1-NSW1,VIC1,2,29844.96
D,RESIDUE_PRICE_OFFER,,1,A202403,C2025Q1T09,VIC1-NSW1,VIC1,2,30272.96
D,RESIDUE_PRICE_OFFER,,1,A202403,C2025Q1T09,VIC1-NSW1,VIC1,2,30700.96
D,RESIDUE_PRICE_OFFER,,1,A202403,C2025Q1T09,VIC1-NSW1,VIC1,2,31128.96
D,RESIDUE_PRICE_OFFER,,1,A202403,C2025Q1T09,VIC1-NSW1,VIC1,2,31556.96
D,RESIDUE_PRICE_OFFER,,1,A202403,C2025Q1T09,VIC1-NSW1,VIC1,2,31719.689180
D,RESIDUE_PRICE_OFFER,,1,A202403,C2025Q1T09,VIC1-NSW1,VIC1,2,31984.96
D,RESIDUE_PRICE_OFFER,,1,A202403,C2025Q1T09,VIC1-NSW1,VIC1,2,32412.96
D,RESIDUE_PRICE_OFFER,,1,A202403,C2025Q1T09,VIC1-NSW1,VIC1,2,32840.96
D,RESIDUE_PRICE_OFFER,,1,A202403,C2025Q1T09,VIC1-NSW1,VIC1,2,33268.96
D,RESIDUE_PRICE_OFFER,,1,A202403,C2025Q1T09,VIC1-NSW1,VIC1,2,33696.96
D,RESIDUE_PRICE_OFFER,,1,A202403,C2025Q1T09,VIC1-NSW1,VIC1,2,34124.96
D,RESIDUE_PRICE_OFFER,,1,A202403,C2025Q1T09,VIC1-NSW1,VIC1,2,34552.96
D,RESIDUE_PRICE_OFFER,,1,A202403,C2025Q1T09,VIC1-NSW1,VIC1,2,34980.96
D,RESIDUE_PRICE_OFFER,,1,A202403,C2025Q1T09,VIC1-NSW1,VIC1,4,18500
D,RESIDUE_PRICE_OFFER,,1,A202403,C2025Q1T09,VIC1-NSW1,VIC1,4,18900
D,RESIDUE_PRICE_OFFER,,1,A202403,C2025Q1T09,VIC1-NSW1,VIC1,5,30938
D,RESIDUE_PRICE_OFFER,,1,A202403,C2025Q1T09,VIC1-NSW1,VIC1,20,35070
D,RESIDUE_PRICE_OFFER,,1,A202403,C2025Q1T09,VIC1-NSW1,VIC1,25,17000
D,RESIDUE_PRICE_OFFER,,1,A202403,C2025Q1T09,VIC1-NSW1,VIC1,125,0
D,RESIDUE_PRICE_OFFER,,1,A202403,C2025Q2T08,NSW1-QLD1,NSW1,3,7650
D,RESIDUE_PRICE_OFFER,,1,A202403,C2025Q2T08,NSW1-QLD1,NSW1,5,5500.66
D,RESIDUE_PRICE_OFFER,,1,A202403,C2025Q2T08,NSW1-QLD1,NSW1,45,0
D,RESIDUE_PRICE_OFFER,,1,A202403,C2025Q2T08,NSW1-QLD1,QLD1,1,28050.89
D,RESIDUE_PRICE_OFFER,,1,A202403,C2025Q2T08,NSW1-QLD1,QLD1,1,28100.89
D,RESIDUE_PRICE_OFFER,,1,A202403,C2025Q2T08,NSW1-QLD1,QLD1,1,28150.89
D,RESIDUE_PRICE_OFFER,,1,A202403,C2025Q2T08,NSW1-QLD1,QLD1,1,28200.89
D,RESIDUE_PRICE_OFFER,,1,A202403,C2025Q2T08,NSW1-QLD1,QLD1,1,28250.89
D,RESIDUE_PRICE_OFFER,,1,A202403,C2025Q2T08,NSW1-QLD1,QLD1,1,28300.89
D,RESIDUE_PRICE_OFFER,,1,A202403,C2025Q2T08,NSW1-QLD1,QLD1,1,28350.89
D,RESIDUE_PRICE_OFFER,,1,A202403,C2025Q2T08,NSW1-QLD1,QLD1,1,28400.89
D,RESIDUE_PRICE_OFFER,,1,A202403,C2025Q2T08,NSW1-QLD1,QLD1,1,28450.89
D,RESIDUE_PRICE_OFFER,,1,A202403,C2025Q2T08,NSW1-QLD1,QLD1,1,28500.89
D,RESIDUE_PRICE_OFFER,,1,A202403,C2025Q2T08,NSW1-QLD1,QLD1,1,28550.89
D,RESIDUE_PRICE_OFFER,,1,A202403,C2025Q2T08,NSW1-QLD1,QLD1,1,28600.89
D,RESIDUE_PRICE_OFFER,,1,A202403,C2025Q2T08,NSW1-QLD1,QLD1,1,28650.89
D,RESIDUE_PRICE_OFFER,,1,A202403,C2025Q2T08,NSW1-QLD1,QLD1,1,28700.89
D,RESIDUE_PRICE_OFFER,,1,A202403,C2025Q2T08,NSW1-QLD1,QLD1,1,28750.89
D,RESIDUE_PRICE_OFFER,,1,A202403,C2025Q2T08,NSW1-QLD1,QLD1,1,28800.89
D,RESIDUE_PRICE_OFFER,,1,A202403,C2025Q2T08,NSW1-QLD1,QLD1,1,28850.89
D,RESIDUE_PRICE_OFFER,,1,A202403,C2025Q2T08,NSW1-QLD1,QLD1,1,28900.89
D,RESIDUE_PRICE_OFFER,,1,A202403,C2025Q2T08,NSW1-QLD1,QLD1,1,28950.89
D,RESIDUE_PRICE_OFFER,,1,A202403,C2025Q2T08,NSW1-QLD1,QLD1,1,29000.89
D,RESIDUE_PRICE_OFFER,,1,A202403,C2025Q2T08,NSW1-QLD1,QLD1,2,40996.911990
D,RESIDUE_PRICE_OFFER,,1,A202403,C2025Q2T08,NSW1-QLD1,QLD1,2,42021.834790
D,RESIDUE_PRICE_OFFER,,1,A202403,C2025Q2T08,NSW1-QLD1,QLD1,2,43072.380670
D,RESIDUE_PRICE_OFFER,,1,A202403,C2025Q2T08,NSW1-QLD1,QLD1,2,44149.190190
D,RESIDUE_PRICE_OFFER,,1,A202403,C2025Q2T08,NSW1-QLD1,QLD1,2,46356.6497
D,RESIDUE_PRICE_OFFER,,1,A202403,C2025Q2T08,NSW1-QLD1,QLD1,2,48674.482180
D,RESIDUE_PRICE_OFFER,,1,A202403,C2025Q2T08,NSW1-QLD1,QLD1,6,41078
D,RESIDUE_PRICE_OFFER,,1,A202403,C2025Q2T08,NSW1-QLD1,QLD1,10,22888
D,RESIDUE_PRICE_OFFER,,1,A202403,C2025Q2T08,NSW1-QLD1,QLD1,20,35640
D,RESIDUE_PRICE_OFFER,,1,A202403,C2025Q2T08,NSW1-QLD1,QLD1,100,0
D,RESIDUE_PRICE_OFFER,,1,A202403,C2025Q2T08,V-SA,SA1,1,8000
D,RESIDUE_PRICE_OFFER,,1,A202403,C2025Q2T08,V-SA,SA1,2,4387.772720
D,RESIDUE_PRICE_OFFER,,1,A202403,C2025Q2T08,V-SA,SA1,2,4826.55
D,RESIDUE_PRICE_OFFER,,1,A202403,C2025Q2T08,V-SA,SA1,2,5309.2050
D,RESIDUE_PRICE_OFFER,,1,A202403,C2025Q2T08,V-SA,SA1,2,5840.1255
D,RESIDUE_PRICE_OFFER,,1,A202403,C2025Q2T08,V-SA,SA1,2,6424.138050
D,RESIDUE_PRICE_OFFER,,1,A202403,C2025Q2T08,V-SA,SA1,2,7066.551850
D,RESIDUE_PRICE_OFFER,,1,A202403,C2025Q2T08,V-SA,SA1,2,9142.86
D,RESIDUE_PRICE_OFFER,,1,A202403,C2025Q2T08,V-SA,SA1,2,10285.709990
D,RESIDUE_PRICE_OFFER,,1,A202403,C2025Q2T08,V-SA,SA1,2,11428.57
D,RESIDUE_PRICE_OFFER,,1,A202403,C2025Q2T08,V-SA,SA1,2,12571.43
D,RESIDUE_PRICE_OFFER,,1,A202403,C2025Q2T08,V-SA,SA1,2,13714.29
D,RESIDUE_PRICE_OFFER,,1,A202403,C2025Q2T08,V-SA,SA1,2,14857.14
D,RESIDUE_PRICE_OFFER,,1,A202403,C2025Q2T08,V-SA,SA1,2,16000
D,RESIDUE_PRICE_OFFER,,1,A202403,C2025Q2T08,V-SA,SA1,5,8000
D,RESIDUE_PRICE_OFFER,,1,A202403,C2025Q2T08,V-SA,SA1,5,8500
D,RESIDUE_PRICE_OFFER,,1,A202403,C2025Q2T08,V-SA,SA1,5,9000
D,RESIDUE_PRICE_OFFER,,1,A202403,C2025Q2T08,V-SA,SA1,5,9500
D,RESIDUE_PRICE_OFFER,,1,A202403,C2025Q2T08,V-SA,SA1,5,10000
D,RESIDUE_PRICE_OFFER,,1,A202403,C2025Q2T08,V-SA,SA1,5,10500
D,RESIDUE_PRICE_OFFER,,1,A202403,C2025Q2T08,V-SA,SA1,64,0
D,RESIDUE_PRICE_OFFER,,1,A202403,C2025Q2T08,V-SA,VIC1,1,13500
D,RESIDUE_PRICE_OFFER,,1,A202403,C2025Q2T08,V-SA,VIC1,1,14000
D,RESIDUE_PRICE_OFFER,,1,A202403,C2025Q2T08,V-SA,VIC1,1,14500
D,RESIDUE_PRICE_OFFER,,1,A202403,C2025Q2T08,V-SA,VIC1,1,15000
D,RESIDUE_PRICE_OFFER,,1,A202403,C2025Q2T08,V-SA,VIC1,1,15086.28
D,RESIDUE_PRICE_OFFER,,1,A202403,C2025Q2T08,V-SA,VIC1,1,15172.28
D,RESIDUE_PRICE_OFFER,,1,A202403,C2025Q2T08,V-SA,VIC1,1,15258.28
D,RESIDUE_PRICE_OFFER,,1,A202403,C2025Q2T08,V-SA,VIC1,1,15344.28
D,RESIDUE_PRICE_OFFER,,1,A202403,C2025Q2T08,V-SA,VIC1,1,15430.28
D,RESIDUE_PRICE_OFFER,,1,A202403,C2025Q2T08,V-SA,VIC1,1,15500
D,RESIDUE_PRICE_OFFER,,1,A202403,C2025Q2T08,V-SA,VIC1,1,15516.28
D,RESIDUE_PRICE_OFFER,,1,A202403,C2025Q2T08,V-SA,VIC1,1,15602.28
D,RESIDUE_PRICE_OFFER,,1,A202403,C2025Q2T08,V-SA,VIC1,1,15688.28
D,RESIDUE_PRICE_OFFER,,1,A202403,C2025Q2T08,V-SA,VIC1,1,15774.28
D,RESIDUE_PRICE_OFFER,,1,A202403,C2025Q2T08,V-SA,VIC1,1,15860.28
D,RESIDUE_PRICE_OFFER,,1,A202403,C2025Q2T08,V-SA,VIC1,1,15946.28
D,RESIDUE_PRICE_OFFER,,1,A202403,C2025Q2T08,V-SA,VIC1,1,16032.28
D,RESIDUE_PRICE_OFFER,,1,A202403,C2025Q2T08,V-SA,VIC1,1,16118.28
D,RESIDUE_PRICE_OFFER,,1,A202403,C2025Q2T08,V-SA,VIC1,1,16204.28
D,RESIDUE_PRICE_OFFER,,1,A202403,C2025Q2T08,V-SA,VIC1,1,16290.28
D,RESIDUE_PRICE_OFFER,,1,A202403,C2025Q2T08,V-SA,VIC1,1,16376.28
D,RESIDUE_PRICE_OFFER,,1,A202403,C2025Q2T08,V-SA,VIC1,1,16462.28
D,RESIDUE_PRICE_OFFER,,1,A202403,C2025Q2T08,V-SA,VIC1,1,16548.28
D,RESIDUE_PRICE_OFFER,,1,A202403,C2025Q2T08,V-SA,VIC1,1,16634.28
D,RESIDUE_PRICE_OFFER,,1,A202403,C2025Q2T08,V-SA,VIC1,1,16720.28
D,RESIDUE_PRICE_OFFER,,1,A202403,C2025Q2T08,V-SA,VIC1,1,16806.28
D,RESIDUE_PRICE_OFFER,,1,A202403,C2025Q2T08,V-SA,VIC1,1,16892.28
D,RESIDUE_PRICE_OFFER,,1,A202403,C2025Q2T08,V-SA,VIC1,1,16978.28
D,RESIDUE_PRICE_OFFER,,1,A202403,C2025Q2T08,V-SA,VIC1,73,0
D,RESIDUE_PRICE_OFFER,,1,A202403,C2025Q2T08,VIC1-NSW1,NSW1,2,2980.50
D,RESIDUE_PRICE_OFFER,,1,A202403,C2025Q2T08,VIC1-NSW1,NSW1,2,3427.5750
D,RESIDUE_PRICE_OFFER,,1,A202403,C2025Q2T08,VIC1-NSW1,NSW1,2,3941.711250
D,RESIDUE_PRICE_OFFER,,1,A202403,C2025Q2T08,VIC1-NSW1,NSW1,2,4532.967930
D,RESIDUE_PRICE_OFFER,,1,A202403,C2025Q2T08,VIC1-NSW1,NSW1,2,5212.913120
D,RESIDUE_PRICE_OFFER,,1,A202403,C2025Q2T08,VIC1-NSW1,NSW1,2,5994.850090
D,RESIDUE_PRICE_OFFER,,1,A202403,C2025Q2T08,VIC1-NSW1,NSW1,3,2107.06
D,RESIDUE_PRICE_OFFER,,1,A202403,C2025Q2T08,VIC1-NSW1,NSW1,3,2214.06
D,RESIDUE_PRICE_OFFER,,1,A202403,C2025Q2T08,VIC1-NSW1,NSW1,3,2321.06
D,RESIDUE_PRICE_OFFER,,1,A202403,C2025Q2T08,VIC1-NSW1,NSW1,3,2428.06
D,RESIDUE_PRICE_OFFER,,1,A202403,C2025Q2T08,VIC1-NSW1,NSW1,3,2535.06
D,RESIDUE_PRICE_OFFER,,1,A202403,C2025Q2T08,VIC1-NSW1,NSW1,3,2642.06
D,RESIDUE_PRICE_OFFER,,1,A202403,C2025Q2T08,VIC1-NSW1,NSW1,3,2749.06
D,RESIDUE_PRICE_OFFER,,1,A202403,C2025Q2T08,VIC1-NSW1,NSW1,3,2856.06
D,RESIDUE_PRICE_OFFER,,1,A202403,C2025Q2T08,VIC1-NSW1,NSW1,3,2963.06
D,RESIDUE_PRICE_OFFER,,1,A202403,C2025Q2T08,VIC1-NSW1,NSW1,3,3070.06
D,RESIDUE_PRICE_OFFER,,1,A202403,C2025Q2T08,VIC1-NSW1,NSW1,3,3177.06
D,RESIDUE_PRICE_OFFER,,1,A202403,C2025Q2T08,VIC1-NSW1,NSW1,3,3284.06
D,RESIDUE_PRICE_OFFER,,1,A202403,C2025Q2T08,VIC1-NSW1,NSW1,3,3391.06
D,RESIDUE_PRICE_OFFER,,1,A202403,C2025Q2T08,VIC1-NSW1,NSW1,3,3498.06
D,RESIDUE_PRICE_OFFER,,1,A202403,C2025Q2T08,VIC1-NSW1,NSW1,5,6000
D,RESIDUE_PRICE_OFFER,,1,A202403,C2025Q2T08,VIC1-NSW1,NSW1,5,6500
D,RESIDUE_PRICE_OFFER,,1,A202403,C2025Q2T08,VIC1-NSW1,NSW1,5,7000
D,RESIDUE_PRICE_OFFER,,1,A202403,C2025Q2T08,VIC1-NSW1,NSW1,5,7500
D,RESIDUE_PRICE_OFFER,,1,A202403,C2025Q2T08,VIC1-NSW1,NSW1,5,8000
D,RESIDUE_PRICE_OFFER,,1,A202403,C2025Q2T08,VIC1-NSW1,NSW1,15,5520
D,RESIDUE_PRICE_OFFER,,1,A202403,C2025Q2T08,VIC1-NSW1,NSW1,108,0
D,RESIDUE_PRICE_OFFER,,1,A202403,C2025Q2T08,VIC1-NSW1,VIC1,1,21050.96
D,RESIDUE_PRICE_OFFER,,1,A202403,C2025Q2T08,VIC1-NSW1,VIC1,1,21100.96
D,RESIDUE_PRICE_OFFER,,1,A202403,C2025Q2T08,VIC1-NSW1,VIC1,1,21150.96
D,RESIDUE_PRICE_OFFER,,1,A202403,C2025Q2T08,VIC1-NSW1,VIC1,1,21200.96
D,RESIDUE_PRICE_OFFER,,1,A202403,C2025Q2T08,VIC1-NSW1,VIC1,1,21250.96
D,RESIDUE_PRICE_OFFER,,1,A202403,C2025Q2T08,VIC1-NSW1,VIC1,1,21300.96
D,RESIDUE_PRICE_OFFER,,1,A202403,C2025Q2T08,VIC1-NSW1,VIC1,1,21350.96
D,RESIDUE_PRICE_OFFER,,1,A202403,C2025Q2T08,VIC1-NSW1,VIC1,1,21400.96
D,RESIDUE_PRICE_OFFER,,1,A202403,C2025Q2T08,VIC1-NSW1,VIC1,1,21450.96
D,RESIDUE_PRICE_OFFER,,1,A202403,C2025Q2T08,VIC1-NSW1,VIC1,1,21500.96
D,RESIDUE_PRICE_OFFER,,1,A202403,C2025Q2T08,VIC1-NSW1,VIC1,1,21550.96
D,RESIDUE_PRICE_OFFER,,1,A202403,C2025Q2T08,VIC1-NSW1,VIC1,1,21600.96
D,RESIDUE_PRICE_OFFER,,1,A202403,C2025Q2T08,VIC1-NSW1,VIC1,1,21650.96
D,RESIDUE_PRICE_OFFER,,1,A202403,C2025Q2T08,VIC1-NSW1,VIC1,1,21700.96
D,RESIDUE_PRICE_OFFER,,1,A202403,C2025Q2T08,VIC1-NSW1,VIC1,1,21750.96
D,RESIDUE_PRICE_OFFER,,1,A202403,C2025Q2T08,VIC1-NSW1,VIC1,1,21800.96
D,RESIDUE_PRICE_OFFER,,1,A202403,C2025Q2T08,VIC1-NSW1,VIC1,1,21850.96
D,RESIDUE_PRICE_OFFER,,1,A202403,C2025Q2T08,VIC1-NSW1,VIC1,1,21900.96
D,RESIDUE_PRICE_OFFER,,1,A202403,C2025Q2T08,VIC1-NSW1,VIC1,1,21950.96
D,RESIDUE_PRICE_OFFER,,1,A202403,C2025Q2T08,VIC1-NSW1,VIC1,1,22000.96
D,RESIDUE_PRICE_OFFER,,1,A202403,C2025Q2T08,VIC1-NSW1,VIC1,5,23700.96
D,RESIDUE_PRICE_OFFER,,1,A202403,C2025Q2T08,VIC1-NSW1,VIC1,5,24400.96
D,RESIDUE_PRICE_OFFER,,1,A202403,C2025Q2T08,VIC1-NSW1,VIC1,5,25100.96
D,RESIDUE_PRICE_OFFER,,1,A202403,C2025Q2T08,VIC1-NSW1,VIC1,5,25800.96
D,RESIDUE_PRICE_OFFER,,1,A202403,C2025Q2T08,VIC1-NSW1,VIC1,5,26500.96
D,RESIDUE_PRICE_OFFER,,1,A202403,C2025Q2T08,VIC1-NSW1,VIC1,5,27200.96
D,RESIDUE_PRICE_OFFER,,1,A202403,C2025Q2T08,VIC1-NSW1,VIC1,5,27900.96
D,RESIDUE_PRICE_OFFER,,1,A202403,C2025Q2T08,VIC1-NSW1,VIC1,5,28600.96
D,RESIDUE_PRICE_OFFER,,1,A202403,C2025Q2T08,VIC1-NSW1,VIC1,5,29300.96
D,RESIDUE_PRICE_OFFER,,1,A202403,C2025Q2T08,VIC1-NSW1,VIC1,5,30000.96
D,RESIDUE_PRICE_OFFER,,1,A202403,C2025Q2T08,VIC1-NSW1,VIC1,9,31421
D,RESIDUE_PRICE_OFFER,,1,A202403,C2025Q2T08,VIC1-NSW1,VIC1,20,30030
D,RESIDUE_PRICE_OFFER,,1,A202403,C2025Q2T08,VIC1-NSW1,VIC1,25,18000
D,RESIDUE_PRICE_OFFER,,1,A202403,C2025Q2T08,VIC1-NSW1,VIC1,125,0
D,RESIDUE_PRICE_OFFER,,1,A202403,C2025Q3T07,NSW1-QLD1,NSW1,45,0
D,RESIDUE_PRICE_OFFER,,1,A202403,C2025Q3T07,NSW1-QLD1,QLD1,1,30050.89
D,RESIDUE_PRICE_OFFER,,1,A202403,C2025Q3T07,NSW1-QLD1,QLD1,1,30100.89
D,RESIDUE_PRICE_OFFER,,1,A202403,C2025Q3T07,NSW1-QLD1,QLD1,1,30150.89
D,RESIDUE_PRICE_OFFER,,1,A202403,C2025Q3T07,NSW1-QLD1,QLD1,1,30200.89
D,RESIDUE_PRICE_OFFER,,1,A202403,C2025Q3T07,NSW1-QLD1,QLD1,1,30250.89
D,RESIDUE_PRICE_OFFER,,1,A202403,C2025Q3T07,NSW1-QLD1,QLD1,1,30300.89
D,RESIDUE_PRICE_OFFER,,1,A202403,C2025Q3T07,NSW1-QLD1,QLD1,1,30350.89
D,RESIDUE_PRICE_OFFER,,1,A202403,C2025Q3T07,NSW1-QLD1,QLD1,1,30400.89
D,RESIDUE_PRICE_OFFER,,1,A202403,C2025Q3T07,NSW1-QLD1,QLD1,1,30450.89
D,RESIDUE_PRICE_OFFER,,1,A202403,C2025Q3T07,NSW1-QLD1,QLD1,1,30500.89
D,RESIDUE_PRICE_OFFER,,1,A202403,C2025Q3T07,NSW1-QLD1,QLD1,1,30550.89
D,RESIDUE_PRICE_OFFER,,1,A202403,C2025Q3T07,NSW1-QLD1,QLD1,1,30600.89
D,RESIDUE_PRICE_OFFER,,1,A202403,C2025Q3T07,NSW1-QLD1,QLD1,1,30650.89
D,RESIDUE_PRICE_OFFER,,1,A202403,C2025Q3T07,NSW1-QLD1,QLD1,1,30700.89
D,RESIDUE_PRICE_OFFER,,1,A202403,C2025Q3T07,NSW1-QLD1,QLD1,1,30750.89
D,RESIDUE_PRICE_OFFER,,1,A202403,C2025Q3T07,NSW1-QLD1,QLD1,1,30800.89
D,RESIDUE_PRICE_OFFER,,1,A202403,C2025Q3T07,NSW1-QLD1,QLD1,1,30850.89
D,RESIDUE_PRICE_OFFER,,1,A202403,C2025Q3T07,NSW1-QLD1,QLD1,1,30900.89
D,RESIDUE_PRICE_OFFER,,1,A202403,C2025Q3T07,NSW1-QLD1,QLD1,1,30950.89
D,RESIDUE_PRICE_OFFER,,1,A202403,C2025Q3T07,NSW1-QLD1,QLD1,1,31000.89
D,RESIDUE_PRICE_OFFER,,1,A202403,C2025Q3T07,NSW1-QLD1,QLD1,2,44669.2320
D,RESIDUE_PRICE_OFFER,,1,A202403,C2025Q3T07,NSW1-QLD1,QLD1,2,45785.9628
D,RESIDUE_PRICE_OFFER,,1,A202403,C2025Q3T07,NSW1-QLD1,QLD1,2,46930.611870
D,RESIDUE_PRICE_OFFER,,1,A202403,C2025Q3T07,NSW1-QLD1,QLD1,2,48103.877170
D,RESIDUE_PRICE_OFFER,,1,A202403,C2025Q3T07,NSW1-QLD1,QLD1,2,50509.071030
D,RESIDUE_PRICE_OFFER,,1,A202403,C2025Q3T07,NSW1-QLD1,QLD1,2,53034.524580
D,RESIDUE_PRICE_OFFER,,1,A202403,C2025Q3T07,NSW1-QLD1,QLD1,5,22888
D,RESIDUE_PRICE_OFFER,,1,A202403,C2025Q3T07,NSW1-QLD1,QLD1,10,43537
D,RESIDUE_PRICE_OFFER,,1,A202403,C2025Q3T07,NSW1-QLD1,QLD1,20,36960
D,RESIDUE_PRICE_OFFER,,1,A202403,C2025Q3T07,NSW1-QLD1,QLD1,100,0
D,RESIDUE_PRICE_OFFER,,1,A202403,C2025Q3T07,V-SA,SA1,1,5025.58
D,RESIDUE_PRICE_OFFER,,1,A202403,C2025Q3T07,V-SA,SA1,1,5050.58
D,RESIDUE_PRICE_OFFER,,1,A202403,C2025Q3T07,V-SA,SA1,1,5075.58
D,RESIDUE_PRICE_OFFER,,1,A202403,C2025Q3T07,V-SA,SA1,1,5100.58
D,RESIDUE_PRICE_OFFER,,1,A202403,C2025Q3T07,V-SA,SA1,1,5125.58
D,RESIDUE_PRICE_OFFER,,1,A202403,C2025Q3T07,V-SA,SA1,1,5150.58
D,RESIDUE_PRICE_OFFER,,1,A202403,C2025Q3T07,V-SA,SA1,1,5175.58
D,RESIDUE_PRICE_OFFER,,1,A202403,C2025Q3T07,V-SA,SA1,1,5200.58
D,RESIDUE_PRICE_OFFER,,1,A202403,C2025Q3T07,V-SA,SA1,1,5225.58
D,RESIDUE_PRICE_OFFER,,1,A202403,C2025Q3T07,V-SA,SA1,1,5250.58
D,RESIDUE_PRICE_OFFER,,1,A202403,C2025Q3T07,V-SA,SA1,1,5275.58
D,RESIDUE_PRICE_OFFER,,1,A202403,C2025Q3T07,V-SA,SA1,1,5300.58
D,RESIDUE_PRICE_OFFER,,1,A202403,C2025Q3T07,V-SA,SA1,1,5325.58
D,RESIDUE_PRICE_OFFER,,1,A202403,C2025Q3T07,V-SA,SA1,1,5350.58
D,RESIDUE_PRICE_OFFER,,1,A202403,C2025Q3T07,V-SA,SA1,1,5375.58
D,RESIDUE_PRICE_OFFER,,1,A202403,C2025Q3T07,V-SA,SA1,1,5400.58
D,RESIDUE_PRICE_OFFER,,1,A202403,C2025Q3T07,V-SA,SA1,1,5425.58
D,RESIDUE_PRICE_OFFER,,1,A202403,C2025Q3T07,V-SA,SA1,1,5450.58
D,RESIDUE_PRICE_OFFER,,1,A202403,C2025Q3T07,V-SA,SA1,1,5475.58
D,RESIDUE_PRICE_OFFER,,1,A202403,C2025Q3T07,V-SA,SA1,1,5500.58
D,RESIDUE_PRICE_OFFER,,1,A202403,C2025Q3T07,V-SA,SA1,2,5168.666660
D,RESIDUE_PRICE_OFFER,,1,A202403,C2025Q3T07,V-SA,SA1,2,5685.533330
D,RESIDUE_PRICE_OFFER,,1,A202403,C2025Q3T07,V-SA,SA1,2,6150.58
D,RESIDUE_PRICE_OFFER,,1,A202403,C2025Q3T07,V-SA,SA1,2,6254.086660
D,RESIDUE_PRICE_OFFER,,1,A202403,C2025Q3T07,V-SA,SA1,2,6300.58
D,RESIDUE_PRICE_OFFER,,1,A202403,C2025Q3T07,V-SA,SA1,2,6450.58
D,RESIDUE_PRICE_OFFER,,1,A202403,C2025Q3T07,V-SA,SA1,2,6600.58
D,RESIDUE_PRICE_OFFER,,1,A202403,C2025Q3T07,V-SA,SA1,2,6750.58
D,RESIDUE_PRICE_OFFER,,1,A202403,C2025Q3T07,V-SA,SA1,2,6879.495330
D,RESIDUE_PRICE_OFFER,,1,A202403,C2025Q3T07,V-SA,SA1,2,6900.58
D,RESIDUE_PRICE_OFFER,,1,A202403,C2025Q3T07,V-SA,SA1,2,7050.58
D,RESIDUE_PRICE_OFFER,,1,A202403,C2025Q3T07,V-SA,SA1,2,7200.58
D,RESIDUE_PRICE_OFFER,,1,A202403,C2025Q3T07,V-SA,SA1,2,7350.58
D,RESIDUE_PRICE_OFFER,,1,A202403,C2025Q3T07,V-SA,SA1,2,7500.58
D,RESIDUE_PRICE_OFFER,,1,A202403,C2025Q3T07,V-SA,SA1,2,7567.444860
D,RESIDUE_PRICE_OFFER,,1,A202403,C2025Q3T07,V-SA,SA1,2,7650.58
D,RESIDUE_PRICE_OFFER,,1,A202403,C2025Q3T07,V-SA,SA1,2,7800.58
D,RESIDUE_PRICE_OFFER,,1,A202403,C2025Q3T07,V-SA,SA1,2,7950.58
D,RESIDUE_PRICE_OFFER,,1,A202403,C2025Q3T07,V-SA,SA1,2,8100.58
D,RESIDUE_PRICE_OFFER,,1,A202403,C2025Q3T07,V-SA,SA1,2,8250.58
D,RESIDUE_PRICE_OFFER,,1,A202403,C2025Q3T07,V-SA,SA1,2,8324.189350
D,RESIDUE_PRICE_OFFER,,1,A202403,C2025Q3T07,V-SA,SA1,2,8400.58
D,RESIDUE_PRICE_OFFER,,1,A202403,C2025Q3T07,V-SA,SA1,2,8550.58
D,RESIDUE_PRICE_OFFER,,1,A202403,C2025Q3T07,V-SA,SA1,2,8700.58
D,RESIDUE_PRICE_OFFER,,1,A202403,C2025Q3T07,V-SA,SA1,2,8850.58
D,RESIDUE_PRICE_OFFER,,1,A202403,C2025Q3T07,V-SA,SA1,2,9000.58
D,RESIDUE_PRICE_OFFER,,1,A202403,C2025Q3T07,V-SA,SA1,64,0
D,RESIDUE_PRICE_OFFER,,1,A202403,C2025Q3T07,V-SA,VIC1,1,15083.28
D,RESIDUE_PRICE_OFFER,,1,A202403,C2025Q3T07,V-SA,VIC1,1,15166.28
D,RESIDUE_PRICE_OFFER,,1,A202403,C2025Q3T07,V-SA,VIC1,1,15249.28
D,RESIDUE_PRICE_OFFER,,1,A202403,C2025Q3T07,V-SA,VIC1,1,15332.28
D,RESIDUE_PRICE_OFFER,,1,A202403,C2025Q3T07,V-SA,VIC1,1,15415.28
D,RESIDUE_PRICE_OFFER,,1,A202403,C2025Q3T07,V-SA,VIC1,1,15498.28
D,RESIDUE_PRICE_OFFER,,1,A202403,C2025Q3T07,V-SA,VIC1,1,15581.28
D,RESIDUE_PRICE_OFFER,,1,A202403,C2025Q3T07,V-SA,VIC1,1,15664.28
D,RESIDUE_PRICE_OFFER,,1,A202403,C2025Q3T07,V-SA,VIC1,1,15747.28
D,RESIDUE_PRICE_OFFER,,1,A202403,C2025Q3T07,V-SA,VIC1,1,15830.28
D,RESIDUE_PRICE_OFFER,,1,A202403,C2025Q3T07,V-SA,VIC1,1,15913.28
D,RESIDUE_PRICE_OFFER,,1,A202403,C2025Q3T07,V-SA,VIC1,1,15996.28
D,RESIDUE_PRICE_OFFER,,1,A202403,C2025Q3T07,V-SA,VIC1,1,16079.28
D,RESIDUE_PRICE_OFFER,,1,A202403,C2025Q3T07,V-SA,VIC1,1,16162.28
D,RESIDUE_PRICE_OFFER,,1,A202403,C2025Q3T07,V-SA,VIC1,1,16245.28
D,RESIDUE_PRICE_OFFER,,1,A202403,C2025Q3T07,V-SA,VIC1,1,16328.28
D,RESIDUE_PRICE_OFFER,,1,A202403,C2025Q3T07,V-SA,VIC1,1,16411.28
D,RESIDUE_PRICE_OFFER,,1,A202403,C2025Q3T07,V-SA,VIC1,1,16494.28
D,RESIDUE_PRICE_OFFER,,1,A202403,C2025Q3T07,V-SA,VIC1,1,16577.28
D,RESIDUE_PRICE_OFFER,,1,A202403,C2025Q3T07,V-SA,VIC1,1,16660.28
D,RESIDUE_PRICE_OFFER,,1,A202403,C2025Q3T07,V-SA,VIC1,1,16743.28
D,RESIDUE_PRICE_OFFER,,1,A202403,C2025Q3T07,V-SA,VIC1,1,16826.28
D,RESIDUE_PRICE_OFFER,,1,A202403,C2025Q3T07,V-SA,VIC1,1,16909.28
D,RESIDUE_PRICE_OFFER,,1,A202403,C2025Q3T07,V-SA,VIC1,1,16992.28
D,RESIDUE_PRICE_OFFER,,1,A202403,C2025Q3T07,V-SA,VIC1,73,0
D,RESIDUE_PRICE_OFFER,,1,A202403,C2025Q3T07,VIC1-NSW1,NSW1,2,2812.7520
D,RESIDUE_PRICE_OFFER,,1,A202403,C2025Q3T07,VIC1-NSW1,NSW1,2,3234.6648
D,RESIDUE_PRICE_OFFER,,1,A202403,C2025Q3T07,VIC1-NSW1,NSW1,2,3719.864520
D,RESIDUE_PRICE_OFFER,,1,A202403,C2025Q3T07,VIC1-NSW1,NSW1,2,4277.844190
D,RESIDUE_PRICE_OFFER,,1,A202403,C2025Q3T07,VIC1-NSW1,NSW1,2,4919.520820
D,RESIDUE_PRICE_OFFER,,1,A202403,C2025Q3T07,VIC1-NSW1,NSW1,2,5657.448950
D,RESIDUE_PRICE_OFFER,,1,A202403,C2025Q3T07,VIC1-NSW1,NSW1,3,2107.06
D,RESIDUE_PRICE_OFFER,,1,A202403,C2025Q3T07,VIC1-NSW1,NSW1,3,2214.06
D,RESIDUE_PRICE_OFFER,,1,A202403,C2025Q3T07,VIC1-NSW1,NSW1,3,2321.06
D,RESIDUE_PRICE_OFFER,,1,A202403,C2025Q3T07,VIC1-NSW1,NSW1,3,2428.06
D,RESIDUE_PRICE_OFFER,,1,A202403,C2025Q3T07,VIC1-NSW1,NSW1,3,2535.06
D,RESIDUE_PRICE_OFFER,,1,A202403,C2025Q3T07,VIC1-NSW1,NSW1,3,2642.06
D,RESIDUE_PRICE_OFFER,,1,A202403,C2025Q3T07,VIC1-NSW1,NSW1,3,2749.06
D,RESIDUE_PRICE_OFFER,,1,A202403,C2025Q3T07,VIC1-NSW1,NSW1,3,2856.06
D,RESIDUE_PRICE_OFFER,,1,A202403,C2025Q3T07,VIC1-NSW1,NSW1,3,2963.06
D,RESIDUE_PRICE_OFFER,,1,A202403,C2025Q3T07,VIC1-NSW1,NSW1,3,3070.06
D,RESIDUE_PRICE_OFFER,,1,A202403,C2025Q3T07,VIC1-NSW1,NSW1,3,3177.06
D,RESIDUE_PRICE_OFFER,,1,A202403,C2025Q3T07,VIC1-NSW1,NSW1,3,3284.06
D,RESIDUE_PRICE_OFFER,,1,A202403,C2025Q3T07,VIC1-NSW1,NSW1,3,3391.06
D,RESIDUE_PRICE_OFFER,,1,A202403,C2025Q3T07,VIC1-NSW1,NSW1,3,3498.06
D,RESIDUE_PRICE_OFFER,,1,A202403,C2025Q3T07,VIC1-NSW1,NSW1,10,5581
D,RESIDUE_PRICE_OFFER,,1,A202403,C2025Q3T07,VIC1-NSW1,NSW1,108,0
D,RESIDUE_PRICE_OFFER,,1,A202403,C2025Q3T07,VIC1-NSW1,VIC1,1,22050.96
D,RESIDUE_PRICE_OFFER,,1,A202403,C2025Q3T07,VIC1-NSW1,VIC1,1,22100.96
D,RESIDUE_PRICE_OFFER,,1,A202403,C2025Q3T07,VIC1-NSW1,VIC1,1,22150.96
D,RESIDUE_PRICE_OFFER,,1,A202403,C2025Q3T07,VIC1-NSW1,VIC1,1,22200.96
D,RESIDUE_PRICE_OFFER,,1,A202403,C2025Q3T07,VIC1-NSW1,VIC1,1,22250.96
D,RESIDUE_PRICE_OFFER,,1,A202403,C2025Q3T07,VIC1-NSW1,VIC1,1,22300.96
D,RESIDUE_PRICE_OFFER,,1,A202403,C2025Q3T07,VIC1-NSW1,VIC1,1,22350.96
D,RESIDUE_PRICE_OFFER,,1,A202403,C2025Q3T07,VIC1-NSW1,VIC1,1,22400.96
D,RESIDUE_PRICE_OFFER,,1,A202403,C2025Q3T07,VIC1-NSW1,VIC1,1,22450.96
D,RESIDUE_PRICE_OFFER,,1,A202403,C2025Q3T07,VIC1-NSW1,VIC1,1,22500.96
D,RESIDUE_PRICE_OFFER,,1,A202403,C2025Q3T07,VIC1-NSW1,VIC1,1,22550.96
D,RESIDUE_PRICE_OFFER,,1,A202403,C2025Q3T07,VIC1-NSW1,VIC1,1,22600.96
D,RESIDUE_PRICE_OFFER,,1,A202403,C2025Q3T07,VIC1-NSW1,VIC1,1,22650.96
D,RESIDUE_PRICE_OFFER,,1,A202403,C2025Q3T07,VIC1-NSW1,VIC1,1,22700.96
D,RESIDUE_PRICE_OFFER,,1,A202403,C2025Q3T07,VIC1-NSW1,VIC1,1,22750.96
D,RESIDUE_PRICE_OFFER,,1,A202403,C2025Q3T07,VIC1-NSW1,VIC1,1,22800.96
D,RESIDUE_PRICE_OFFER,,1,A202403,C2025Q3T07,VIC1-NSW1,VIC1,1,22850.96
D,RESIDUE_PRICE_OFFER,,1,A202403,C2025Q3T07,VIC1-NSW1,VIC1,1,22900.96
D,RESIDUE_PRICE_OFFER,,1,A202403,C2025Q3T07,VIC1-NSW1,VIC1,1,22950.96
D,RESIDUE_PRICE_OFFER,,1,A202403,C2025Q3T07,VIC1-NSW1,VIC1,1,23000.96
D,RESIDUE_PRICE_OFFER,,1,A202403,C2025Q3T07,VIC1-NSW1,VIC1,5,24600.96
D,RESIDUE_PRICE_OFFER,,1,A202403,C2025Q3T07,VIC1-NSW1,VIC1,5,25200.96
D,RESIDUE_PRICE_OFFER,,1,A202403,C2025Q3T07,VIC1-NSW1,VIC1,5,25800.96
D,RESIDUE_PRICE_OFFER,,1,A202403,C2025Q3T07,VIC1-NSW1,VIC1,5,26400.96
D,RESIDUE_PRICE_OFFER,,1,A202403,C2025Q3T07,VIC1-NSW1,VIC1,5,27000.96
D,RESIDUE_PRICE_OFFER,,1,A202403,C2025Q3T07,VIC1-NSW1,VIC1,5,27600.96
D,RESIDUE_PRICE_OFFER,,1,A202403,C2025Q3T07,VIC1-NSW1,VIC1,5,28200.96
D,RESIDUE_PRICE_OFFER,,1,A202403,C2025Q3T07,VIC1-NSW1,VIC1,5,28800.96
D,RESIDUE_PRICE_OFFER,,1,A202403,C2025Q3T07,VIC1-NSW1,VIC1,5,29400.96
D,RESIDUE_PRICE_OFFER,,1,A202403,C2025Q3T07,VIC1-NSW1,VIC1,5,30000.96
D,RESIDUE_PRICE_OFFER,,1,A202403,C2025Q3T07,VIC1-NSW1,VIC1,10,37479
D,RESIDUE_PRICE_OFFER,,1,A202403,C2025Q3T07,VIC1-NSW1,VIC1,20,30345
D,RESIDUE_PRICE_OFFER,,1,A202403,C2025Q3T07,VIC1-NSW1,VIC1,125,0
D,RESIDUE_PRICE_OFFER,,1,A202403,C2025Q4T06,NSW1-QLD1,NSW1,45,0
D,RESIDUE_PRICE_OFFER,,1,A202403,C2025Q4T06,NSW1-QLD1,QLD1,1,18040.89
D,RESIDUE_PRICE_OFFER,,1,A202403,C2025Q4T06,NSW1-QLD1,QLD1,1,18080.89
D,RESIDUE_PRICE_OFFER,,1,A202403,C2025Q4T06,NSW1-QLD1,QLD1,1,18120.89
D,RESIDUE_PRICE_OFFER,,1,A202403,C2025Q4T06,NSW1-QLD1,QLD1,1,18160.89
D,RESIDUE_PRICE_OFFER,,1,A202403,C2025Q4T06,NSW1-QLD1,QLD1,1,18200.89
D,RESIDUE_PRICE_OFFER,,1,A202403,C2025Q4T06,NSW1-QLD1,QLD1,1,18240.89
D,RESIDUE_PRICE_OFFER,,1,A202403,C2025Q4T06,NSW1-QLD1,QLD1,1,18280.89
D,RESIDUE_PRICE_OFFER,,1,A202403,C2025Q4T06,NSW1-QLD1,QLD1,1,18320.89
D,RESIDUE_PRICE_OFFER,,1,A202403,C2025Q4T06,NSW1-QLD1,QLD1,1,18360.89
D,RESIDUE_PRICE_OFFER,,1,A202403,C2025Q4T06,NSW1-QLD1,QLD1,1,18400.89
D,RESIDUE_PRICE_OFFER,,1,A202403,C2025Q4T06,NSW1-QLD1,QLD1,1,18440.89
D,RESIDUE_PRICE_OFFER,,1,A202403,C2025Q4T06,NSW1-QLD1,QLD1,1,18480.89
D,RESIDUE_PRICE_OFFER,,1,A202403,C2025Q4T06,NSW1-QLD1,QLD1,1,18520.89
D,RESIDUE_PRICE_OFFER,,1,A202403,C2025Q4T06,NSW1-QLD1,QLD1,1,18560.89
D,RESIDUE_PRICE_OFFER,,1,A202403,C2025Q4T06,NSW1-QLD1,QLD1,1,18600.89
D,RESIDUE_PRICE_OFFER,,1,A202403,C2025Q4T06,NSW1-QLD1,QLD1,1,18640.89
D,RESIDUE_PRICE_OFFER,,1,A202403,C2025Q4T06,NSW1-QLD1,QLD1,1,18680.89
D,RESIDUE_PRICE_OFFER,,1,A202403,C2025Q4T06,NSW1-QLD1,QLD1,1,18720.89
D,RESIDUE_PRICE_OFFER,,1,A202403,C2025Q4T06,NSW1-QLD1,QLD1,1,18760.89
D,RESIDUE_PRICE_OFFER,,1,A202403,C2025Q4T06,NSW1-QLD1,QLD1,1,18800.89
D,RESIDUE_PRICE_OFFER,,1,A202403,C2025Q4T06,NSW1-QLD1,QLD1,1,18840.89
D,RESIDUE_PRICE_OFFER,,1,A202403,C2025Q4T06,NSW1-QLD1,QLD1,1,18880.89
D,RESIDUE_PRICE_OFFER,,1,A202403,C2025Q4T06,NSW1-QLD1,QLD1,1,18920.89
D,RESIDUE_PRICE_OFFER,,1,A202403,C2025Q4T06,NSW1-QLD1,QLD1,1,18960.89
D,RESIDUE_PRICE_OFFER,,1,A202403,C2025Q4T06,NSW1-QLD1,QLD1,1,19000.89
D,RESIDUE_PRICE_OFFER,,1,A202403,C2025Q4T06,NSW1-QLD1,QLD1,1,25520
D,RESIDUE_PRICE_OFFER,,1,A202403,C2025Q4T06,NSW1-QLD1,QLD1,1,32692
D,RESIDUE_PRICE_OFFER,,1,A202403,C2025Q4T06,NSW1-QLD1,QLD1,100,0
D,RESIDUE_PRICE_OFFER,,1,A202403,C2025Q4T06,V-SA,SA1,1,5025.58
D,RESIDUE_PRICE_OFFER,,1,A202403,C2025Q4T06,V-SA,SA1,1,5050.58
D,RESIDUE_PRICE_OFFER,,1,A202403,C2025Q4T06,V-SA,SA1,1,5075.58
D,RESIDUE_PRICE_OFFER,,1,A202403,C2025Q4T06,V-SA,SA1,1,5100.58
D,RESIDUE_PRICE_OFFER,,1,A202403,C2025Q4T06,V-SA,SA1,1,5125.58
D,RESIDUE_PRICE_OFFER,,1,A202403,C2025Q4T06,V-SA,SA1,1,5150.58
D,RESIDUE_PRICE_OFFER,,1,A202403,C2025Q4T06,V-SA,SA1,1,5175.58
D,RESIDUE_PRICE_OFFER,,1,A202403,C2025Q4T06,V-SA,SA1,1,5200.58
D,RESIDUE_PRICE_OFFER,,1,A202403,C2025Q4T06,V-SA,SA1,1,5225.58
D,RESIDUE_PRICE_OFFER,,1,A202403,C2025Q4T06,V-SA,SA1,1,5250.58
D,RESIDUE_PRICE_OFFER,,1,A202403,C2025Q4T06,V-SA,SA1,1,5275.58
D,RESIDUE_PRICE_OFFER,,1,A202403,C2025Q4T06,V-SA,SA1,1,5300.58
D,RESIDUE_PRICE_OFFER,,1,A202403,C2025Q4T06,V-SA,SA1,1,5325.58
D,RESIDUE_PRICE_OFFER,,1,A202403,C2025Q4T06,V-SA,SA1,1,5350.58
D,RESIDUE_PRICE_OFFER,,1,A202403,C2025Q4T06,V-SA,SA1,1,5375.58
D,RESIDUE_PRICE_OFFER,,1,A202403,C2025Q4T06,V-SA,SA1,1,5400.58
D,RESIDUE_PRICE_OFFER,,1,A202403,C2025Q4T06,V-SA,SA1,1,5425.58
D,RESIDUE_PRICE_OFFER,,1,A202403,C2025Q4T06,V-SA,SA1,1,5450.58
D,RESIDUE_PRICE_OFFER,,1,A202403,C2025Q4T06,V-SA,SA1,1,5475.58
D,RESIDUE_PRICE_OFFER,,1,A202403,C2025Q4T06,V-SA,SA1,1,5500.58
D,RESIDUE_PRICE_OFFER,,1,A202403,C2025Q4T06,V-SA,SA1,2,5031.3125
D,RESIDUE_PRICE_OFFER,,1,A202403,C2025Q4T06,V-SA,SA1,2,5534.443750
D,RESIDUE_PRICE_OFFER,,1,A202403,C2025Q4T06,V-SA,SA1,2,6087.888120
D,RESIDUE_PRICE_OFFER,,1,A202403,C2025Q4T06,V-SA,SA1,2,6150.58
D,RESIDUE_PRICE_OFFER,,1,A202403,C2025Q4T06,V-SA,SA1,2,6300.58
D,RESIDUE_PRICE_OFFER,,1,A202403,C2025Q4T06,V-SA,SA1,2,6450.58
D,RESIDUE_PRICE_OFFER,,1,A202403,C2025Q4T06,V-SA,SA1,2,6600.58
D,RESIDUE_PRICE_OFFER,,1,A202403,C2025Q4T06,V-SA,SA1,2,6696.676930
D,RESIDUE_PRICE_OFFER,,1,A202403,C2025Q4T06,V-SA,SA1,2,6750.58
D,RESIDUE_PRICE_OFFER,,1,A202403,C2025Q4T06,V-SA,SA1,2,6900.58
D,RESIDUE_PRICE_OFFER,,1,A202403,C2025Q4T06,V-SA,SA1,2,7050.58
D,RESIDUE_PRICE_OFFER,,1,A202403,C2025Q4T06,V-SA,SA1,2,7200.58
D,RESIDUE_PRICE_OFFER,,1,A202403,C2025Q4T06,V-SA,SA1,2,7350.58
D,RESIDUE_PRICE_OFFER,,1,A202403,C2025Q4T06,V-SA,SA1,2,7366.344630
D,RESIDUE_PRICE_OFFER,,1,A202403,C2025Q4T06,V-SA,SA1,2,7500.58
D,RESIDUE_PRICE_OFFER,,1,A202403,C2025Q4T06,V-SA,SA1,2,7650.58
D,RESIDUE_PRICE_OFFER,,1,A202403,C2025Q4T06,V-SA,SA1,2,7800.58
D,RESIDUE_PRICE_OFFER,,1,A202403,C2025Q4T06,V-SA,SA1,2,7950.58
D,RESIDUE_PRICE_OFFER,,1,A202403,C2025Q4T06,V-SA,SA1,2,8100.58
D,RESIDUE_PRICE_OFFER,,1,A202403,C2025Q4T06,V-SA,SA1,2,8102.979090
D,RESIDUE_PRICE_OFFER,,1,A202403,C2025Q4T06,V-SA,SA1,2,8250.58
D,RESIDUE_PRICE_OFFER,,1,A202403,C2025Q4T06,V-SA,SA1,2,8400.58
D,RESIDUE_PRICE_OFFER,,1,A202403,C2025Q4T06,V-SA,SA1,2,8550.58
D,RESIDUE_PRICE_OFFER,,1,A202403,C2025Q4T06,V-SA,SA1,2,8700.58
D,RESIDUE_PRICE_OFFER,,1,A202403,C2025Q4T06,V-SA,SA1,2,8850.58
D,RESIDUE_PRICE_OFFER,,1,A202403,C2025Q4T06,V-SA,SA1,2,9000.58
D,RESIDUE_PRICE_OFFER,,1,A202403,C2025Q4T06,V-SA,SA1,64,0
D,RESIDUE_PRICE_OFFER,,1,A202403,C2025Q4T06,V-SA,VIC1,1,14575.28
D,RESIDUE_PRICE_OFFER,,1,A202403,C2025Q4T06,V-SA,VIC1,1,14650.28
D,RESIDUE_PRICE_OFFER,,1,A202403,C2025Q4T06,V-SA,VIC1,1,14725.28
D,RESIDUE_PRICE_OFFER,,1,A202403,C2025Q4T06,V-SA,VIC1,1,14800.28
D,RESIDUE_PRICE_OFFER,,1,A202403,C2025Q4T06,V-SA,VIC1,1,14875.28
D,RESIDUE_PRICE_OFFER,,1,A202403,C2025Q4T06,V-SA,VIC1,1,14950.28
D,RESIDUE_PRICE_OFFER,,1,A202403,C2025Q4T06,V-SA,VIC1,1,15025.28
D,RESIDUE_PRICE_OFFER,,1,A202403,C2025Q4T06,V-SA,VIC1,1,15100.28
D,RESIDUE_PRICE_OFFER,,1,A202403,C2025Q4T06,V-SA,VIC1,1,15175.28
D,RESIDUE_PRICE_OFFER,,1,A202403,C2025Q4T06,V-SA,VIC1,1,15250.28
D,RESIDUE_PRICE_OFFER,,1,A202403,C2025Q4T06,V-SA,VIC1,1,15325.28
D,RESIDUE_PRICE_OFFER,,1,A202403,C2025Q4T06,V-SA,VIC1,1,15400.28
D,RESIDUE_PRICE_OFFER,,1,A202403,C2025Q4T06,V-SA,VIC1,1,15475.28
D,RESIDUE_PRICE_OFFER,,1,A202403,C2025Q4T06,V-SA,VIC1,1,15550.28
D,RESIDUE_PRICE_OFFER,,1,A202403,C2025Q4T06,V-SA,VIC1,1,15625.28
D,RESIDUE_PRICE_OFFER,,1,A202403,C2025Q4T06,V-SA,VIC1,1,15700.28
D,RESIDUE_PRICE_OFFER,,1,A202403,C2025Q4T06,V-SA,VIC1,1,15775.28
D,RESIDUE_PRICE_OFFER,,1,A202403,C2025Q4T06,V-SA,VIC1,1,15850.28
D,RESIDUE_PRICE_OFFER,,1,A202403,C2025Q4T06,V-SA,VIC1,1,15925.28
D,RESIDUE_PRICE_OFFER,,1,A202403,C2025Q4T06,V-SA,VIC1,1,16000.28
D,RESIDUE_PRICE_OFFER,,1,A202403,C2025Q4T06,V-SA,VIC1,73,0
D,RESIDUE_PRICE_OFFER,,1,A202403,C2025Q4T06,VIC1-NSW1,NSW1,5,5000
D,RESIDUE_PRICE_OFFER,,1,A202403,C2025Q4T06,VIC1-NSW1,NSW1,108,0
D,RESIDUE_PRICE_OFFER,,1,A202403,C2025Q4T06,VIC1-NSW1,VIC1,1,16020.96
D,RESIDUE_PRICE_OFFER,,1,A202403,C2025Q4T06,VIC1-NSW1,VIC1,1,16040.96
D,RESIDUE_PRICE_OFFER,,1,A202403,C2025Q4T06,VIC1-NSW1,VIC1,1,16060.96
D,RESIDUE_PRICE_OFFER,,1,A202403,C2025Q4T06,VIC1-NSW1,VIC1,1,16080.96
D,RESIDUE_PRICE_OFFER,,1,A202403,C2025Q4T06,VIC1-NSW1,VIC1,1,16100.96
D,RESIDUE_PRICE_OFFER,,1,A202403,C2025Q4T06,VIC1-NSW1,VIC1,1,16120.96
D,RESIDUE_PRICE_OFFER,,1,A202403,C2025Q4T06,VIC1-NSW1,VIC1,1,16140.96
D,RESIDUE_PRICE_OFFER,,1,A202403,C2025Q4T06,VIC1-NSW1,VIC1,1,16160.96
D,RESIDUE_PRICE_OFFER,,1,A202403,C2025Q4T06,VIC1-NSW1,VIC1,1,16180.96
D,RESIDUE_PRICE_OFFER,,1,A202403,C2025Q4T06,VIC1-NSW1,VIC1,1,16200.96
D,RESIDUE_PRICE_OFFER,,1,A202403,C2025Q4T06,VIC1-NSW1,VIC1,1,16220.96
D,RESIDUE_PRICE_OFFER,,1,A202403,C2025Q4T06,VIC1-NSW1,VIC1,1,16240.96
D,RESIDUE_PRICE_OFFER,,1,A202403,C2025Q4T06,VIC1-NSW1,VIC1,1,16260.96
D,RESIDUE_PRICE_OFFER,,1,A202403,C2025Q4T06,VIC1-NSW1,VIC1,1,16280.96
D,RESIDUE_PRICE_OFFER,,1,A202403,C2025Q4T06,VIC1-NSW1,VIC1,1,16300.96
D,RESIDUE_PRICE_OFFER,,1,A202403,C2025Q4T06,VIC1-NSW1,VIC1,1,16320.96
D,RESIDUE_PRICE_OFFER,,1,A202403,C2025Q4T06,VIC1-NSW1,VIC1,1,16340.96
D,RESIDUE_PRICE_OFFER,,1,A202403,C2025Q4T06,VIC1-NSW1,VIC1,1,16360.96
D,RESIDUE_PRICE_OFFER,,1,A202403,C2025Q4T06,VIC1-NSW1,VIC1,1,16380.96
D,RESIDUE_PRICE_OFFER,,1,A202403,C2025Q4T06,VIC1-NSW1,VIC1,1,16400.96
D,RESIDUE_PRICE_OFFER,,1,A202403,C2025Q4T06,VIC1-NSW1,VIC1,1,16420.96
D,RESIDUE_PRICE_OFFER,,1,A202403,C2025Q4T06,VIC1-NSW1,VIC1,1,16440.96
D,RESIDUE_PRICE_OFFER,,1,A202403,C2025Q4T06,VIC1-NSW1,VIC1,1,16460.96
D,RESIDUE_PRICE_OFFER,,1,A202403,C2025Q4T06,VIC1-NSW1,VIC1,1,16480.96
D,RESIDUE_PRICE_OFFER,,1,A202403,C2025Q4T06,VIC1-NSW1,VIC1,1,16500.96
D,RESIDUE_PRICE_OFFER,,1,A202403,C2025Q4T06,VIC1-NSW1,VIC1,1,28140
D,RESIDUE_PRICE_OFFER,,1,A202403,C2025Q4T06,VIC1-NSW1,VIC1,2,17012.3750
D,RESIDUE_PRICE_OFFER,,1,A202403,C2025Q4T06,VIC1-NSW1,VIC1,2,18203.241250
D,RESIDUE_PRICE_OFFER,,1,A202403,C2025Q4T06,VIC1-NSW1,VIC1,2,18480.96
D,RESIDUE_PRICE_OFFER,,1,A202403,C2025Q4T06,VIC1-NSW1,VIC1,2,18960.96
D,RESIDUE_PRICE_OFFER,,1,A202403,C2025Q4T06,VIC1-NSW1,VIC1,2,19440.96
D,RESIDUE_PRICE_OFFER,,1,A202403,C2025Q4T06,VIC1-NSW1,VIC1,2,19477.468140
D,RESIDUE_PRICE_OFFER,,1,A202403,C2025Q4T06,VIC1-NSW1,VIC1,2,19920.96
D,RESIDUE_PRICE_OFFER,,1,A202403,C2025Q4T06,VIC1-NSW1,VIC1,2,20400.96
D,RESIDUE_PRICE_OFFER,,1,A202403,C2025Q4T06,VIC1-NSW1,VIC1,2,20840.8909
D,RESIDUE_PRICE_OFFER,,1,A202403,C2025Q4T06,VIC1-NSW1,VIC1,2,20880.96
D,RESIDUE_PRICE_OFFER,,1,A202403,C2025Q4T06,VIC1-NSW1,VIC1,2,21360.96
D,RESIDUE_PRICE_OFFER,,1,A202403,C2025Q4T06,VIC1-NSW1,VIC1,2,21840.96
D,RESIDUE_PRICE_OFFER,,1,A202403,C2025Q4T06,VIC1-NSW1,VIC1,2,22299.753270
D,RESIDUE_PRICE_OFFER,,1,A202403,C2025Q4T06,VIC1-NSW1,VIC1,2,22320.96
D,RESIDUE_PRICE_OFFER,,1,A202403,C2025Q4T06,VIC1-NSW1,VIC1,2,22800.96
D,RESIDUE_PRICE_OFFER,,1,A202403,C2025Q4T06,VIC1-NSW1,VIC1,2,23280.96
D,RESIDUE_PRICE_OFFER,,1,A202403,C2025Q4T06,VIC1-NSW1,VIC1,2,23760.96
D,RESIDUE_PRICE_OFFER,,1,A202403,C2025Q4T06,VIC1-NSW1,VIC1,2,23860.7360
D,RESIDUE_PRICE_OFFER,,1,A202403,C2025Q4T06,VIC1-NSW1,VIC1,2,24240.96
D,RESIDUE_PRICE_OFFER,,1,A202403,C2025Q4T06,VIC1-NSW1,VIC1,2,24720.96
D,RESIDUE_PRICE_OFFER,,1,A202403,C2025Q4T06,VIC1-NSW1,VIC1,2,25200.96
D,RESIDUE_PRICE_OFFER,,1,A202403,C2025Q4T06,VIC1-NSW1,VIC1,2,25680.96
D,RESIDUE_PRICE_OFFER,,1,A202403,C2025Q4T06,VIC1-NSW1,VIC1,2,26160.96
D,RESIDUE_PRICE_OFFER,,1,A202403,C2025Q4T06,VIC1-NSW1,VIC1,2,26640.96
D,RESIDUE_PRICE_OFFER,,1,A202403,C2025Q4T06,VIC1-NSW1,VIC1,2,27120.96
D,RESIDUE_PRICE_OFFER,,1,A202403,C2025Q4T06,VIC1-NSW1,VIC1,2,27600.96
D,RESIDUE_PRICE_OFFER,,1,A202403,C2025Q4T06,VIC1-NSW1,VIC1,2,28080.96
D,RESIDUE_PRICE_OFFER,,1,A202403,C2025Q4T06,VIC1-NSW1,VIC1,2,28560.96
D,RESIDUE_PRICE_OFFER,,1,A202403,C2025Q4T06,VIC1-NSW1,VIC1,2,29040.96
D,RESIDUE_PRICE_OFFER,,1,A202403,C2025Q4T06,VIC1-NSW1,VIC1,2,29520.96
D,RESIDUE_PRICE_OFFER,,1,A202403,C2025Q4T06,VIC1-NSW1,VIC1,2,30000.96
D,RESIDUE_PRICE_OFFER,,1,A202403,C2025Q4T06,VIC1-NSW1,VIC1,2,37231
D,RESIDUE_PRICE_OFFER,,1,A202403,C2025Q4T06,VIC1-NSW1,VIC1,23,16000
D,RESIDUE_PRICE_OFFER,,1,A202403,C2025Q4T06,VIC1-NSW1,VIC1,125,0
D,RESIDUE_PRICE_OFFER,,1,A202403,C2026Q1T05,NSW1-QLD1,NSW1,45,0
D,RESIDUE_PRICE_OFFER,,1,A202403,C2026Q1T05,NSW1-QLD1,QLD1,1,22040.89
D,RESIDUE_PRICE_OFFER,,1,A202403,C2026Q1T05,NSW1-QLD1,QLD1,1,22080.89
D,RESIDUE_PRICE_OFFER,,1,A202403,C2026Q1T05,NSW1-QLD1,QLD1,1,22120.89
D,RESIDUE_PRICE_OFFER,,1,A202403,C2026Q1T05,NSW1-QLD1,QLD1,1,22160.89
D,RESIDUE_PRICE_OFFER,,1,A202403,C2026Q1T05,NSW1-QLD1,QLD1,1,22200.89
D,RESIDUE_PRICE_OFFER,,1,A202403,C2026Q1T05,NSW1-QLD1,QLD1,1,22240.89
D,RESIDUE_PRICE_OFFER,,1,A202403,C2026Q1T05,NSW1-QLD1,QLD1,1,22280.89
D,RESIDUE_PRICE_OFFER,,1,A202403,C2026Q1T05,NSW1-QLD1,QLD1,1,22320.89
D,RESIDUE_PRICE_OFFER,,1,A202403,C2026Q1T05,NSW1-QLD1,QLD1,1,22360.89
D,RESIDUE_PRICE_OFFER,,1,A202403,C2026Q1T05,NSW1-QLD1,QLD1,1,22400.89
D,RESIDUE_PRICE_OFFER,,1,A202403,C2026Q1T05,NSW1-QLD1,QLD1,1,22440.89
D,RESIDUE_PRICE_OFFER,,1,A202403,C2026Q1T05,NSW1-QLD1,QLD1,1,22480.89
D,RESIDUE_PRICE_OFFER,,1,A202403,C2026Q1T05,NSW1-QLD1,QLD1,1,22520.89
D,RESIDUE_PRICE_OFFER,,1,A202403,C2026Q1T05,NSW1-QLD1,QLD1,1,22560.89
D,RESIDUE_PRICE_OFFER,,1,A202403,C2026Q1T05,NSW1-QLD1,QLD1,1,22600.89
D,RESIDUE_PRICE_OFFER,,1,A202403,C2026Q1T05,NSW1-QLD1,QLD1,1,22640.89
D,RESIDUE_PRICE_OFFER,,1,A202403,C2026Q1T05,NSW1-QLD1,QLD1,1,22680.89
D,RESIDUE_PRICE_OFFER,,1,A202403,C2026Q1T05,NSW1-QLD1,QLD1,1,22720.89
D,RESIDUE_PRICE_OFFER,,1,A202403,C2026Q1T05,NSW1-QLD1,QLD1,1,22760.89
D,RESIDUE_PRICE_OFFER,,1,A202403,C2026Q1T05,NSW1-QLD1,QLD1,1,22800.89
D,RESIDUE_PRICE_OFFER,,1,A202403,C2026Q1T05,NSW1-QLD1,QLD1,1,22840.89
D,RESIDUE_PRICE_OFFER,,1,A202403,C2026Q1T05,NSW1-QLD1,QLD1,1,22880.89
D,RESIDUE_PRICE_OFFER,,1,A202403,C2026Q1T05,NSW1-QLD1,QLD1,1,22920.89
D,RESIDUE_PRICE_OFFER,,1,A202403,C2026Q1T05,NSW1-QLD1,QLD1,1,22960.89
D,RESIDUE_PRICE_OFFER,,1,A202403,C2026Q1T05,NSW1-QLD1,QLD1,1,23000.89
D,RESIDUE_PRICE_OFFER,,1,A202403,C2026Q1T05,NSW1-QLD1,QLD1,1,25300
D,RESIDUE_PRICE_OFFER,,1,A202403,C2026Q1T05,NSW1-QLD1,QLD1,1,25500.89
D,RESIDUE_PRICE_OFFER,,1,A202403,C2026Q1T05,NSW1-QLD1,QLD1,1,26000.89
D,RESIDUE_PRICE_OFFER,,1,A202403,C2026Q1T05,NSW1-QLD1,QLD1,1,26500.89
D,RESIDUE_PRICE_OFFER,,1,A202403,C2026Q1T05,NSW1-QLD1,QLD1,1,27000.89
D,RESIDUE_PRICE_OFFER,,1,A202403,C2026Q1T05,NSW1-QLD1,QLD1,1,27500.89
D,RESIDUE_PRICE_OFFER,,1,A202403,C2026Q1T05,NSW1-QLD1,QLD1,1,28000.89
D,RESIDUE_PRICE_OFFER,,1,A202403,C2026Q1T05,NSW1-QLD1,QLD1,1,28500.89
D,RESIDUE_PRICE_OFFER,,1,A202403,C2026Q1T05,NSW1-QLD1,QLD1,1,29000.89
D,RESIDUE_PRICE_OFFER,,1,A202403,C2026Q1T05,NSW1-QLD1,QLD1,1,29500.89
D,RESIDUE_PRICE_OFFER,,1,A202403,C2026Q1T05,NSW1-QLD1,QLD1,1,30000.89
D,RESIDUE_PRICE_OFFER,,1,A202403,C2026Q1T05,NSW1-QLD1,QLD1,100,0
D,RESIDUE_PRICE_OFFER,,1,A202403,C2026Q1T05,V-SA,SA1,1,7071.58
D,RESIDUE_PRICE_OFFER,,1,A202403,C2026Q1T05,V-SA,SA1,1,7142.58
D,RESIDUE_PRICE_OFFER,,1,A202403,C2026Q1T05,V-SA,SA1,1,7213.58
D,RESIDUE_PRICE_OFFER,,1,A202403,C2026Q1T05,V-SA,SA1,1,7284.58
D,RESIDUE_PRICE_OFFER,,1,A202403,C2026Q1T05,V-SA,SA1,1,7355.58
D,RESIDUE_PRICE_OFFER,,1,A202403,C2026Q1T05,V-SA,SA1,1,7426.58
D,RESIDUE_PRICE_OFFER,,1,A202403,C2026Q1T05,V-SA,SA1,1,7497.58
D,RESIDUE_PRICE_OFFER,,1,A202403,C2026Q1T05,V-SA,SA1,64,0
D,RESIDUE_PRICE_OFFER,,1,A202403,C2026Q1T05,V-SA,VIC1,10,20000.28
D,RESIDUE_PRICE_OFFER,,1,A202403,C2026Q1T05,V-SA,VIC1,73,0
D,RESIDUE_PRICE_OFFER,,1,A202403,C2026Q1T05,VIC1-NSW1,NSW1,2,4600.06
D,RESIDUE_PRICE_OFFER,,1,A202403,C2026Q1T05,VIC1-NSW1,NSW1,2,4700.06
D,RESIDUE_PRICE_OFFER,,1,A202403,C2026Q1T05,VIC1-NSW1,NSW1,2,4800.06
D,RESIDUE_PRICE_OFFER,,1,A202403,C2026Q1T05,VIC1-NSW1,NSW1,2,4900.06
D,RESIDUE_PRICE_OFFER,,1,A202403,C2026Q1T05,VIC1-NSW1,NSW1,2,5000.06
D,RESIDUE_PRICE_OFFER,,1,A202403,C2026Q1T05,VIC1-NSW1,NSW1,2,5100.06
D,RESIDUE_PRICE_OFFER,,1,A202403,C2026Q1T05,VIC1-NSW1,NSW1,2,5200.06
D,RESIDUE_PRICE_OFFER,,1,A202403,C2026Q1T05,VIC1-NSW1,NSW1,2,5300.06
D,RESIDUE_PRICE_OFFER,,1,A202403,C2026Q1T05,VIC1-NSW1,NSW1,2,5400.06
D,RESIDUE_PRICE_OFFER,,1,A202403,C2026Q1T05,VIC1-NSW1,NSW1,2,5500.06
D,RESIDUE_PRICE_OFFER,,1,A202403,C2026Q1T05,VIC1-NSW1,NSW1,108,0
D,RESIDUE_PRICE_OFFER,,1,A202403,C2026Q1T05,VIC1-NSW1,VIC1,1,18000.96
D,RESIDUE_PRICE_OFFER,,1,A202403,C2026Q1T05,VIC1-NSW1,VIC1,1,20500.96
D,RESIDUE_PRICE_OFFER,,1,A202403,C2026Q1T05,VIC1-NSW1,VIC1,1,21000.96
D,RESIDUE_PRICE_OFFER,,1,A202403,C2026Q1T05,VIC1-NSW1,VIC1,1,21500.96
D,RESIDUE_PRICE_OFFER,,1,A202403,C2026Q1T05,VIC1-NSW1,VIC1,1,22000.96
D,RESIDUE_PRICE_OFFER,,1,A202403,C2026Q1T05,VIC1-NSW1,VIC1,1,22500.96
D,RESIDUE_PRICE_OFFER,,1,A202403,C2026Q1T05,VIC1-NSW1,VIC1,1,23000.96
D,RESIDUE_PRICE_OFFER,,1,A202403,C2026Q1T05,VIC1-NSW1,VIC1,1,23500.96
D,RESIDUE_PRICE_OFFER,,1,A202403,C2026Q1T05,VIC1-NSW1,VIC1,1,24000.96
D,RESIDUE_PRICE_OFFER,,1,A202403,C2026Q1T05,VIC1-NSW1,VIC1,1,24500.96
D,RESIDUE_PRICE_OFFER,,1,A202403,C2026Q1T05,VIC1-NSW1,VIC1,1,25000.96
D,RESIDUE_PRICE_OFFER,,1,A202403,C2026Q1T05,VIC1-NSW1,VIC1,1,25500.96
D,RESIDUE_PRICE_OFFER,,1,A202403,C2026Q1T05,VIC1-NSW1,VIC1,1,26000.96
D,RESIDUE_PRICE_OFFER,,1,A202403,C2026Q1T05,VIC1-NSW1,VIC1,1,26500.96
D,RESIDUE_PRICE_OFFER,,1,A202403,C2026Q1T05,VIC1-NSW1,VIC1,1,27000.96
D,RESIDUE_PRICE_OFFER,,1,A202403,C2026Q1T05,VIC1-NSW1,VIC1,1,27500.96
D,RESIDUE_PRICE_OFFER,,1,A202403,C2026Q1T05,VIC1-NSW1,VIC1,1,28000.96
D,RESIDUE_PRICE_OFFER,,1,A202403,C2026Q1T05,VIC1-NSW1,VIC1,1,28500.96
D,RESIDUE_PRICE_OFFER,,1,A202403,C2026Q1T05,VIC1-NSW1,VIC1,1,29000.96
D,RESIDUE_PRICE_OFFER,,1,A202403,C2026Q1T05,VIC1-NSW1,VIC1,1,29500.96
D,RESIDUE_PRICE_OFFER,,1,A202403,C2026Q1T05,VIC1-NSW1,VIC1,1,30000.96
D,RESIDUE_PRICE_OFFER,,1,A202403,C2026Q1T05,VIC1-NSW1,VIC1,1,37485
D,RESIDUE_PRICE_OFFER,,1,A202403,C2026Q1T05,VIC1-NSW1,VIC1,2,23165
D,RESIDUE_PRICE_OFFER,,1,A202403,C2026Q1T05,VIC1-NSW1,VIC1,2,24786.55
D,RESIDUE_PRICE_OFFER,,1,A202403,C2026Q1T05,VIC1-NSW1,VIC1,2,26521.6085
D,RESIDUE_PRICE_OFFER,,1,A202403,C2026Q1T05,VIC1-NSW1,VIC1,2,28378.1211
D,RESIDUE_PRICE_OFFER,,1,A202403,C2026Q1T05,VIC1-NSW1,VIC1,2,30364.589570
D,RESIDUE_PRICE_OFFER,,1,A202403,C2026Q1T05,VIC1-NSW1,VIC1,2,32490.110840
D,RESIDUE_PRICE_OFFER,,1,A202403,C2026Q1T05,VIC1-NSW1,VIC1,125,0
D,RESIDUE_PRICE_OFFER,,1,A202403,C2026Q2T04,NSW1-QLD1,NSW1,45,0
D,RESIDUE_PRICE_OFFER,,1,A202403,C2026Q2T04,NSW1-QLD1,QLD1,15,29500.89
D,RESIDUE_PRICE_OFFER,,1,A202403,C2026Q2T04,NSW1-QLD1,QLD1,100,0
D,RESIDUE_PRICE_OFFER,,1,A202403,C2026Q2T04,V-SA,SA1,9,5000.58
D,RESIDUE_PRICE_OFFER,,1,A202403,C2026Q2T04,V-SA,SA1,64,0
D,RESIDUE_PRICE_OFFER,,1,A202403,C2026Q2T04,V-SA,VIC1,1,14095.28
D,RESIDUE_PRICE_OFFER,,1,A202403,C2026Q2T04,V-SA,VIC1,1,14190.28
D,RESIDUE_PRICE_OFFER,,1,A202403,C2026Q2T04,V-SA,VIC1,1,14285.28
D,RESIDUE_PRICE_OFFER,,1,A202403,C2026Q2T04,V-SA,VIC1,1,14380.28
D,RESIDUE_PRICE_OFFER,,1,A202403,C2026Q2T04,V-SA,VIC1,1,14475.28
D,RESIDUE_PRICE_OFFER,,1,A202403,C2026Q2T04,V-SA,VIC1,1,14570.28
D,RESIDUE_PRICE_OFFER,,1,A202403,C2026Q2T04,V-SA,VIC1,1,14665.28
D,RESIDUE_PRICE_OFFER,,1,A202403,C2026Q2T04,V-SA,VIC1,1,14760.28
D,RESIDUE_PRICE_OFFER,,1,A202403,C2026Q2T04,V-SA,VIC1,1,14855.28
D,RESIDUE_PRICE_OFFER,,1,A202403,C2026Q2T04,V-SA,VIC1,1,14950.28
D,RESIDUE_PRICE_OFFER,,1,A202403,C2026Q2T04,V-SA,VIC1,1,15045.28
D,RESIDUE_PRICE_OFFER,,1,A202403,C2026Q2T04,V-SA,VIC1,1,15140.28
D,RESIDUE_PRICE_OFFER,,1,A202403,C2026Q2T04,V-SA,VIC1,1,15235.28
D,RESIDUE_PRICE_OFFER,,1,A202403,C2026Q2T04,V-SA,VIC1,1,15330.28
D,RESIDUE_PRICE_OFFER,,1,A202403,C2026Q2T04,V-SA,VIC1,1,15425.28
D,RESIDUE_PRICE_OFFER,,1,A202403,C2026Q2T04,V-SA,VIC1,1,15520.28
D,RESIDUE_PRICE_OFFER,,1,A202403,C2026Q2T04,V-SA,VIC1,1,15615.28
D,RESIDUE_PRICE_OFFER,,1,A202403,C2026Q2T04,V-SA,VIC1,1,15710.28
D,RESIDUE_PRICE_OFFER,,1,A202403,C2026Q2T04,V-SA,VIC1,1,15805.28
D,RESIDUE_PRICE_OFFER,,1,A202403,C2026Q2T04,V-SA,VIC1,1,15900.28
D,RESIDUE_PRICE_OFFER,,1,A202403,C2026Q2T04,V-SA,VIC1,1,15995.28
D,RESIDUE_PRICE_OFFER,,1,A202403,C2026Q2T04,V-SA,VIC1,73,0
D,RESIDUE_PRICE_OFFER,,1,A202403,C2026Q2T04,VIC1-NSW1,NSW1,1,2021.06
D,RESIDUE_PRICE_OFFER,,1,A202403,C2026Q2T04,VIC1-NSW1,NSW1,1,2042.06
D,RESIDUE_PRICE_OFFER,,1,A202403,C2026Q2T04,VIC1-NSW1,NSW1,1,2063.06
D,RESIDUE_PRICE_OFFER,,1,A202403,C2026Q2T04,VIC1-NSW1,NSW1,1,2084.06
D,RESIDUE_PRICE_OFFER,,1,A202403,C2026Q2T04,VIC1-NSW1,NSW1,1,2105.06
D,RESIDUE_PRICE_OFFER,,1,A202403,C2026Q2T04,VIC1-NSW1,NSW1,1,2126.06
D,RESIDUE_PRICE_OFFER,,1,A202403,C2026Q2T04,VIC1-NSW1,NSW1,1,2147.06
D,RESIDUE_PRICE_OFFER,,1,A202403,C2026Q2T04,VIC1-NSW1,NSW1,1,2168.06
D,RESIDUE_PRICE_OFFER,,1,A202403,C2026Q2T04,VIC1-NSW1,NSW1,1,2189.06
D,RESIDUE_PRICE_OFFER,,1,A202403,C2026Q2T04,VIC1-NSW1,NSW1,1,2210.06
D,RESIDUE_PRICE_OFFER,,1,A202403,C2026Q2T04,VIC1-NSW1,NSW1,1,2231.06
D,RESIDUE_PRICE_OFFER,,1,A202403,C2026Q2T04,VIC1-NSW1,NSW1,1,2252.06
D,RESIDUE_PRICE_OFFER,,1,A202403,C2026Q2T04,VIC1-NSW1,NSW1,1,2273.06
D,RESIDUE_PRICE_OFFER,,1,A202403,C2026Q2T04,VIC1-NSW1,NSW1,1,2294.06
D,RESIDUE_PRICE_OFFER,,1,A202403,C2026Q2T04,VIC1-NSW1,NSW1,1,2315.06
D,RESIDUE_PRICE_OFFER,,1,A202403,C2026Q2T04,VIC1-NSW1,NSW1,1,2336.06
D,RESIDUE_PRICE_OFFER,,1,A202403,C2026Q2T04,VIC1-NSW1,NSW1,1,2357.06
D,RESIDUE_PRICE_OFFER,,1,A202403,C2026Q2T04,VIC1-NSW1,NSW1,1,2378.06
D,RESIDUE_PRICE_OFFER,,1,A202403,C2026Q2T04,VIC1-NSW1,NSW1,1,2399.06
D,RESIDUE_PRICE_OFFER,,1,A202403,C2026Q2T04,VIC1-NSW1,NSW1,1,2420.06
D,RESIDUE_PRICE_OFFER,,1,A202403,C2026Q2T04,VIC1-NSW1,NSW1,1,2441.06
D,RESIDUE_PRICE_OFFER,,1,A202403,C2026Q2T04,VIC1-NSW1,NSW1,1,2462.06
D,RESIDUE_PRICE_OFFER,,1,A202403,C2026Q2T04,VIC1-NSW1,NSW1,1,2483.06
D,RESIDUE_PRICE_OFFER,,1,A202403,C2026Q2T04,VIC1-NSW1,NSW1,108,0
D,RESIDUE_PRICE_OFFER,,1,A202403,C2026Q2T04,VIC1-NSW1,VIC1,1,18000.96
D,RESIDUE_PRICE_OFFER,,1,A202403,C2026Q2T04,VIC1-NSW1,VIC1,1,20500.96
D,RESIDUE_PRICE_OFFER,,1,A202403,C2026Q2T04,VIC1-NSW1,VIC1,1,21000.96
D,RESIDUE_PRICE_OFFER,,1,A202403,C2026Q2T04,VIC1-NSW1,VIC1,1,21500.96
D,RESIDUE_PRICE_OFFER,,1,A202403,C2026Q2T04,VIC1-NSW1,VIC1,1,22000.96
D,RESIDUE_PRICE_OFFER,,1,A202403,C2026Q2T04,VIC1-NSW1,VIC1,1,22500.96
D,RESIDUE_PRICE_OFFER,,1,A202403,C2026Q2T04,VIC1-NSW1,VIC1,1,23000.96
D,RESIDUE_PRICE_OFFER,,1,A202403,C2026Q2T04,VIC1-NSW1,VIC1,1,23500.96
D,RESIDUE_PRICE_OFFER,,1,A202403,C2026Q2T04,VIC1-NSW1,VIC1,1,24000.96
D,RESIDUE_PRICE_OFFER,,1,A202403,C2026Q2T04,VIC1-NSW1,VIC1,1,24500.96
D,RESIDUE_PRICE_OFFER,,1,A202403,C2026Q2T04,VIC1-NSW1,VIC1,1,25000.96
D,RESIDUE_PRICE_OFFER,,1,A202403,C2026Q2T04,VIC1-NSW1,VIC1,1,25500.96
D,RESIDUE_PRICE_OFFER,,1,A202403,C2026Q2T04,VIC1-NSW1,VIC1,1,26000.96
D,RESIDUE_PRICE_OFFER,,1,A202403,C2026Q2T04,VIC1-NSW1,VIC1,1,26500.96
D,RESIDUE_PRICE_OFFER,,1,A202403,C2026Q2T04,VIC1-NSW1,VIC1,1,27000.96
D,RESIDUE_PRICE_OFFER,,1,A202403,C2026Q2T04,VIC1-NSW1,VIC1,1,27500.96
D,RESIDUE_PRICE_OFFER,,1,A202403,C2026Q2T04,VIC1-NSW1,VIC1,1,28000.96
D,RESIDUE_PRICE_OFFER,,1,A202403,C2026Q2T04,VIC1-NSW1,VIC1,1,28500.96
D,RESIDUE_PRICE_OFFER,,1,A202403,C2026Q2T04,VIC1-NSW1,VIC1,1,29000.96
D,RESIDUE_PRICE_OFFER,,1,A202403,C2026Q2T04,VIC1-NSW1,VIC1,1,29500.96
D,RESIDUE_PRICE_OFFER,,1,A202403,C2026Q2T04,VIC1-NSW1,VIC1,1,30000.96
D,RESIDUE_PRICE_OFFER,,1,A202403,C2026Q2T04,VIC1-NSW1,VIC1,125,0
D,RESIDUE_PRICE_OFFER,,1,A202403,C2026Q3T03,NSW1-QLD1,NSW1,45,0
D,RESIDUE_PRICE_OFFER,,1,A202403,C2026Q3T03,NSW1-QLD1,QLD1,10,29500.89
D,RESIDUE_PRICE_OFFER,,1,A202403,C2026Q3T03,NSW1-QLD1,QLD1,100,0
D,RESIDUE_PRICE_OFFER,,1,A202403,C2026Q3T03,V-SA,SA1,1,5027.58
D,RESIDUE_PRICE_OFFER,,1,A202403,C2026Q3T03,V-SA,SA1,1,5054.58
D,RESIDUE_PRICE_OFFER,,1,A202403,C2026Q3T03,V-SA,SA1,1,5081.58
D,RESIDUE_PRICE_OFFER,,1,A202403,C2026Q3T03,V-SA,SA1,1,5108.58
D,RESIDUE_PRICE_OFFER,,1,A202403,C2026Q3T03,V-SA,SA1,1,5135.58
D,RESIDUE_PRICE_OFFER,,1,A202403,C2026Q3T03,V-SA,SA1,1,5162.58
D,RESIDUE_PRICE_OFFER,,1,A202403,C2026Q3T03,V-SA,SA1,1,5189.58
D,RESIDUE_PRICE_OFFER,,1,A202403,C2026Q3T03,V-SA,SA1,1,5216.58
D,RESIDUE_PRICE_OFFER,,1,A202403,C2026Q3T03,V-SA,SA1,1,5243.58
D,RESIDUE_PRICE_OFFER,,1,A202403,C2026Q3T03,V-SA,SA1,1,5270.58
D,RESIDUE_PRICE_OFFER,,1,A202403,C2026Q3T03,V-SA,SA1,1,5297.58
D,RESIDUE_PRICE_OFFER,,1,A202403,C2026Q3T03,V-SA,SA1,1,5324.58
D,RESIDUE_PRICE_OFFER,,1,A202403,C2026Q3T03,V-SA,SA1,1,5351.58
D,RESIDUE_PRICE_OFFER,,1,A202403,C2026Q3T03,V-SA,SA1,1,5378.58
D,RESIDUE_PRICE_OFFER,,1,A202403,C2026Q3T03,V-SA,SA1,1,5405.58
D,RESIDUE_PRICE_OFFER,,1,A202403,C2026Q3T03,V-SA,SA1,1,5432.58
D,RESIDUE_PRICE_OFFER,,1,A202403,C2026Q3T03,V-SA,SA1,1,5459.58
D,RESIDUE_PRICE_OFFER,,1,A202403,C2026Q3T03,V-SA,SA1,1,5486.58
D,RESIDUE_PRICE_OFFER,,1,A202403,C2026Q3T03,V-SA,SA1,64,0
D,RESIDUE_PRICE_OFFER,,1,A202403,C2026Q3T03,V-SA,VIC1,1,14105.28
D,RESIDUE_PRICE_OFFER,,1,A202403,C2026Q3T03,V-SA,VIC1,1,14210.28
D,RESIDUE_PRICE_OFFER,,1,A202403,C2026Q3T03,V-SA,VIC1,1,14315.28
D,RESIDUE_PRICE_OFFER,,1,A202403,C2026Q3T03,V-SA,VIC1,1,14420.28
D,RESIDUE_PRICE_OFFER,,1,A202403,C2026Q3T03,V-SA,VIC1,1,14525.28
D,RESIDUE_PRICE_OFFER,,1,A202403,C2026Q3T03,V-SA,VIC1,1,14630.28
D,RESIDUE_PRICE_OFFER,,1,A202403,C2026Q3T03,V-SA,VIC1,1,14735.28
D,RESIDUE_PRICE_OFFER,,1,A202403,C2026Q3T03,V-SA,VIC1,1,14840.28
D,RESIDUE_PRICE_OFFER,,1,A202403,C2026Q3T03,V-SA,VIC1,1,14945.28
D,RESIDUE_PRICE_OFFER,,1,A202403,C2026Q3T03,V-SA,VIC1,1,15050.28
D,RESIDUE_PRICE_OFFER,,1,A202403,C2026Q3T03,V-SA,VIC1,1,15155.28
D,RESIDUE_PRICE_OFFER,,1,A202403,C2026Q3T03,V-SA,VIC1,1,15260.28
D,RESIDUE_PRICE_OFFER,,1,A202403,C2026Q3T03,V-SA,VIC1,1,15365.28
D,RESIDUE_PRICE_OFFER,,1,A202403,C2026Q3T03,V-SA,VIC1,1,15470.28
D,RESIDUE_PRICE_OFFER,,1,A202403,C2026Q3T03,V-SA,VIC1,1,15575.28
D,RESIDUE_PRICE_OFFER,,1,A202403,C2026Q3T03,V-SA,VIC1,1,15680.28
D,RESIDUE_PRICE_OFFER,,1,A202403,C2026Q3T03,V-SA,VIC1,1,15785.28
D,RESIDUE_PRICE_OFFER,,1,A202403,C2026Q3T03,V-SA,VIC1,1,15890.28
D,RESIDUE_PRICE_OFFER,,1,A202403,C2026Q3T03,V-SA,VIC1,1,15995.28
D,RESIDUE_PRICE_OFFER,,1,A202403,C2026Q3T03,V-SA,VIC1,73,0
D,RESIDUE_PRICE_OFFER,,1,A202403,C2026Q3T03,VIC1-NSW1,NSW1,108,0
D,RESIDUE_PRICE_OFFER,,1,A202403,C2026Q3T03,VIC1-NSW1,VIC1,1,19050.96
D,RESIDUE_PRICE_OFFER,,1,A202403,C2026Q3T03,VIC1-NSW1,VIC1,1,19100.96
D,RESIDUE_PRICE_OFFER,,1,A202403,C2026Q3T03,VIC1-NSW1,VIC1,1,19150.96
D,RESIDUE_PRICE_OFFER,,1,A202403,C2026Q3T03,VIC1-NSW1,VIC1,1,19200.96
D,RESIDUE_PRICE_OFFER,,1,A202403,C2026Q3T03,VIC1-NSW1,VIC1,1,19250.96
D,RESIDUE_PRICE_OFFER,,1,A202403,C2026Q3T03,VIC1-NSW1,VIC1,1,19300.96
D,RESIDUE_PRICE_OFFER,,1,A202403,C2026Q3T03,VIC1-NSW1,VIC1,1,19350.96
D,RESIDUE_PRICE_OFFER,,1,A202403,C2026Q3T03,VIC1-NSW1,VIC1,1,19400.96
D,RESIDUE_PRICE_OFFER,,1,A202403,C2026Q3T03,VIC1-NSW1,VIC1,1,19450.96
D,RESIDUE_PRICE_OFFER,,1,A202403,C2026Q3T03,VIC1-NSW1,VIC1,1,19500.96
D,RESIDUE_PRICE_OFFER,,1,A202403,C2026Q3T03,VIC1-NSW1,VIC1,1,19550.96
D,RESIDUE_PRICE_OFFER,,1,A202403,C2026Q3T03,VIC1-NSW1,VIC1,1,19600.96
D,RESIDUE_PRICE_OFFER,,1,A202403,C2026Q3T03,VIC1-NSW1,VIC1,1,19650.96
D,RESIDUE_PRICE_OFFER,,1,A202403,C2026Q3T03,VIC1-NSW1,VIC1,1,19700.96
D,RESIDUE_PRICE_OFFER,,1,A202403,C2026Q3T03,VIC1-NSW1,VIC1,1,19750.96
D,RESIDUE_PRICE_OFFER,,1,A202403,C2026Q3T03,VIC1-NSW1,VIC1,1,19800.96
D,RESIDUE_PRICE_OFFER,,1,A202403,C2026Q3T03,VIC1-NSW1,VIC1,1,19850.96
D,RESIDUE_PRICE_OFFER,,1,A202403,C2026Q3T03,VIC1-NSW1,VIC1,1,19900.96
D,RESIDUE_PRICE_OFFER,,1,A202403,C2026Q3T03,VIC1-NSW1,VIC1,1,19950.96
D,RESIDUE_PRICE_OFFER,,1,A202403,C2026Q3T03,VIC1-NSW1,VIC1,1,20000.96
D,RESIDUE_PRICE_OFFER,,1,A202403,C2026Q3T03,VIC1-NSW1,VIC1,1,21900.96
D,RESIDUE_PRICE_OFFER,,1,A202403,C2026Q3T03,VIC1-NSW1,VIC1,1,22800.96
D,RESIDUE_PRICE_OFFER,,1,A202403,C2026Q3T03,VIC1-NSW1,VIC1,1,23700.96
D,RESIDUE_PRICE_OFFER,,1,A202403,C2026Q3T03,VIC1-NSW1,VIC1,1,24600.96
D,RESIDUE_PRICE_OFFER,,1,A202403,C2026Q3T03,VIC1-NSW1,VIC1,1,25500.96
D,RESIDUE_PRICE_OFFER,,1,A202403,C2026Q3T03,VIC1-NSW1,VIC1,1,26400.96
D,RESIDUE_PRICE_OFFER,,1,A202403,C2026Q3T03,VIC1-NSW1,VIC1,1,27300.96
D,RESIDUE_PRICE_OFFER,,1,A202403,C2026Q3T03,VIC1-NSW1,VIC1,1,28200.96
D,RESIDUE_PRICE_OFFER,,1,A202403,C2026Q3T03,VIC1-NSW1,VIC1,1,29100.96
D,RESIDUE_PRICE_OFFER,,1,A202403,C2026Q3T03,VIC1-NSW1,VIC1,1,30000.96
D,RESIDUE_PRICE_OFFER,,1,A202403,C2026Q3T03,VIC1-NSW1,VIC1,125,0
D,RESIDUE_PRICE_OFFER,,1,A202403,C2026Q4T02,NSW1-QLD1,NSW1,45,0
D,RESIDUE_PRICE_OFFER,,1,A202403,C2026Q4T02,NSW1-QLD1,QLD1,14,18000.89
D,RESIDUE_PRICE_OFFER,,1,A202403,C2026Q4T02,NSW1-QLD1,QLD1,100,0
D,RESIDUE_PRICE_OFFER,,1,A202403,C2026Q4T02,V-SA,SA1,64,0
D,RESIDUE_PRICE_OFFER,,1,A202403,C2026Q4T02,V-SA,VIC1,73,0
D,RESIDUE_PRICE_OFFER,,1,A202403,C2026Q4T02,VIC1-NSW1,NSW1,108,0
D,RESIDUE_PRICE_OFFER,,1,A202403,C2026Q4T02,VIC1-NSW1,VIC1,1,16111.96
D,RESIDUE_PRICE_OFFER,,1,A202403,C2026Q4T02,VIC1-NSW1,VIC1,1,16222.96
D,RESIDUE_PRICE_OFFER,,1,A202403,C2026Q4T02,VIC1-NSW1,VIC1,1,16333.96
D,RESIDUE_PRICE_OFFER,,1,A202403,C2026Q4T02,VIC1-NSW1,VIC1,1,16444.96
D,RESIDUE_PRICE_OFFER,,1,A202403,C2026Q4T02,VIC1-NSW1,VIC1,1,16555.96
D,RESIDUE_PRICE_OFFER,,1,A202403,C2026Q4T02,VIC1-NSW1,VIC1,1,16666.96
D,RESIDUE_PRICE_OFFER,,1,A202403,C2026Q4T02,VIC1-NSW1,VIC1,1,16777.96
D,RESIDUE_PRICE_OFFER,,1,A202403,C2026Q4T02,VIC1-NSW1,VIC1,1,16888.96
D,RESIDUE_PRICE_OFFER,,1,A202403,C2026Q4T02,VIC1-NSW1,VIC1,1,16999.96
D,RESIDUE_PRICE_OFFER,,1,A202403,C2026Q4T02,VIC1-NSW1,VIC1,125,0
D,RESIDUE_PRICE_OFFER,,1,A202403,C2027Q1T01,NSW1-QLD1,NSW1,45,0
D,RESIDUE_PRICE_OFFER,,1,A202403,C2027Q1T01,NSW1-QLD1,QLD1,100,0
D,RESIDUE_PRICE_OFFER,,1,A202403,C2027Q1T01,V-SA,SA1,64,0
D,RESIDUE_PRICE_OFFER,,1,A202403,C2027Q1T01,V-SA,VIC1,73,0
D,RESIDUE_PRICE_OFFER,,1,A202403,C2027Q1T01,VIC1-NSW1,NSW1,108,0
D,RESIDUE_PRICE_OFFER,,1,A202403,C2027Q1T01,VIC1-NSW1,VIC1,125,0
C,"END OF REPORT",1658
