C,NEMP.WORLD,SROFFER,AEMO,PUBLIC,2022/03/15,14:14:38,0000000359533953,,0000000359533953
I,RESIDUE_PRICE_OFFER,,1,:AUCTIONID,TRANCHEID,INTERCONNECTORID,FROMREGIONID,OFFERUNITS,OFFERPRICE
D,RESIDUE_PRICE_OFFER,,1,A202203,C2022Q2T12,NSW1-QLD1,NSW1,2,20000
D,RESIDUE_PRICE_OFFER,,1,A202203,C2022Q2T12,NSW1-QLD1,NSW1,3,22000
D,RESIDUE_PRICE_OFFER,,1,A202203,C2022Q2T12,NSW1-QLD1,NSW1,4,5406
D,RESIDUE_PRICE_OFFER,,1,A202203,C2022Q2T12,NSW1-QLD1,NSW1,4,6906
D,RESIDUE_PRICE_OFFER,,1,A202203,C2022Q2T12,NSW1-QLD1,NSW1,4,25000
D,RESIDUE_PRICE_OFFER,,1,A202203,C2022Q2T12,NSW1-QLD1,NSW1,5,14116.666670
D,RESIDUE_PRICE_OFFER,,1,A202203,C2022Q2T12,NSW1-QLD1,NSW1,5,18351.666660
D,RESIDUE_PRICE_OFFER,,1,A202203,C2022Q2T12,NSW1-QLD1,NSW1,10,3500
D,RESIDUE_PRICE_OFFER,,1,A202203,C2022Q2T12,NSW1-QLD1,NSW1,10,3600
D,RESIDUE_PRICE_OFFER,,1,A202203,C2022Q2T12,NSW1-QLD1,NSW1,10,3999
D,RESIDUE_PRICE_OFFER,,1,A202203,C2022Q2T12,NSW1-QLD1,NSW1,15,3903
D,RESIDUE_PRICE_OFFER,,1,A202203,C2022Q2T12,NSW1-QLD1,NSW1,55,0
D,RESIDUE_PRICE_OFFER,,1,A202203,C2022Q2T12,NSW1-QLD1,QLD1,1,11090.49
D,RESIDUE_PRICE_OFFER,,1,A202203,C2022Q2T12,NSW1-QLD1,QLD1,1,11180.49
D,RESIDUE_PRICE_OFFER,,1,A202203,C2022Q2T12,NSW1-QLD1,QLD1,1,11270.49
D,RESIDUE_PRICE_OFFER,,1,A202203,C2022Q2T12,NSW1-QLD1,QLD1,1,11360.49
D,RESIDUE_PRICE_OFFER,,1,A202203,C2022Q2T12,NSW1-QLD1,QLD1,1,11450.49
D,RESIDUE_PRICE_OFFER,,1,A202203,C2022Q2T12,NSW1-QLD1,QLD1,1,11540.49
D,RESIDUE_PRICE_OFFER,,1,A202203,C2022Q2T12,NSW1-QLD1,QLD1,1,11630.49
D,RESIDUE_PRICE_OFFER,,1,A202203,C2022Q2T12,NSW1-QLD1,QLD1,1,11720.49
D,RESIDUE_PRICE_OFFER,,1,A202203,C2022Q2T12,NSW1-QLD1,QLD1,1,11810.49
D,RESIDUE_PRICE_OFFER,,1,A202203,C2022Q2T12,NSW1-QLD1,QLD1,1,11900.49
D,RESIDUE_PRICE_OFFER,,1,A202203,C2022Q2T12,NSW1-QLD1,QLD1,1,11990.49
D,RESIDUE_PRICE_OFFER,,1,A202203,C2022Q2T12,NSW1-QLD1,QLD1,1,12080.49
D,RESIDUE_PRICE_OFFER,,1,A202203,C2022Q2T12,NSW1-QLD1,QLD1,1,12170.49
D,RESIDUE_PRICE_OFFER,,1,A202203,C2022Q2T12,NSW1-QLD1,QLD1,1,12260.49
D,RESIDUE_PRICE_OFFER,,1,A202203,C2022Q2T12,NSW1-QLD1,QLD1,1,12350.49
D,RESIDUE_PRICE_OFFER,,1,A202203,C2022Q2T12,NSW1-QLD1,QLD1,1,12440.49
D,RESIDUE_PRICE_OFFER,,1,A202203,C2022Q2T12,NSW1-QLD1,QLD1,1,12530.49
D,RESIDUE_PRICE_OFFER,,1,A202203,C2022Q2T12,NSW1-QLD1,QLD1,1,12620.49
D,RESIDUE_PRICE_OFFER,,1,A202203,C2022Q2T12,NSW1-QLD1,QLD1,1,12710.49
D,RESIDUE_PRICE_OFFER,,1,A202203,C2022Q2T12,NSW1-QLD1,QLD1,1,12800.49
D,RESIDUE_PRICE_OFFER,,1,A202203,C2022Q2T12,NSW1-QLD1,QLD1,1,12890.49
D,RESIDUE_PRICE_OFFER,,1,A202203,C2022Q2T12,NSW1-QLD1,QLD1,1,12980.49
D,RESIDUE_PRICE_OFFER,,1,A202203,C2022Q2T12,NSW1-QLD1,QLD1,20,12158.959240
D,RESIDUE_PRICE_OFFER,,1,A202203,C2022Q2T12,NSW1-QLD1,QLD1,20,13264.319170
D,RESIDUE_PRICE_OFFER,,1,A202203,C2022Q2T12,NSW1-QLD1,QLD1,20,13770
D,RESIDUE_PRICE_OFFER,,1,A202203,C2022Q2T12,NSW1-QLD1,QLD1,25,15000
D,RESIDUE_PRICE_OFFER,,1,A202203,C2022Q2T12,NSW1-QLD1,QLD1,100,0
D,RESIDUE_PRICE_OFFER,,1,A202203,C2022Q2T12,V-SA,SA1,2,8000
D,RESIDUE_PRICE_OFFER,,1,A202203,C2022Q2T12,V-SA,SA1,2,8888.89
D,RESIDUE_PRICE_OFFER,,1,A202203,C2022Q2T12,V-SA,SA1,2,9777.78
D,RESIDUE_PRICE_OFFER,,1,A202203,C2022Q2T12,V-SA,SA1,2,10666.67
D,RESIDUE_PRICE_OFFER,,1,A202203,C2022Q2T12,V-SA,SA1,2,11555.56
D,RESIDUE_PRICE_OFFER,,1,A202203,C2022Q2T12,V-SA,SA1,2,12444.44
D,RESIDUE_PRICE_OFFER,,1,A202203,C2022Q2T12,V-SA,SA1,2,13333.33
D,RESIDUE_PRICE_OFFER,,1,A202203,C2022Q2T12,V-SA,SA1,2,14222.22
D,RESIDUE_PRICE_OFFER,,1,A202203,C2022Q2T12,V-SA,SA1,2,15111.11
D,RESIDUE_PRICE_OFFER,,1,A202203,C2022Q2T12,V-SA,SA1,2,16000
D,RESIDUE_PRICE_OFFER,,1,A202203,C2022Q2T12,V-SA,SA1,10,7431.353650
D,RESIDUE_PRICE_OFFER,,1,A202203,C2022Q2T12,V-SA,SA1,10,8846.849580
D,RESIDUE_PRICE_OFFER,,1,A202203,C2022Q2T12,V-SA,SA1,66,0
D,RESIDUE_PRICE_OFFER,,1,A202203,C2022Q2T12,V-SA,VIC1,1,18080.62
D,RESIDUE_PRICE_OFFER,,1,A202203,C2022Q2T12,V-SA,VIC1,1,18160.62
D,RESIDUE_PRICE_OFFER,,1,A202203,C2022Q2T12,V-SA,VIC1,1,18240.62
D,RESIDUE_PRICE_OFFER,,1,A202203,C2022Q2T12,V-SA,VIC1,1,18320.62
D,RESIDUE_PRICE_OFFER,,1,A202203,C2022Q2T12,V-SA,VIC1,1,18400.62
D,RESIDUE_PRICE_OFFER,,1,A202203,C2022Q2T12,V-SA,VIC1,1,18480.62
D,RESIDUE_PRICE_OFFER,,1,A202203,C2022Q2T12,V-SA,VIC1,1,18560.62
D,RESIDUE_PRICE_OFFER,,1,A202203,C2022Q2T12,V-SA,VIC1,1,18640.62
D,RESIDUE_PRICE_OFFER,,1,A202203,C2022Q2T12,V-SA,VIC1,1,18720.62
D,RESIDUE_PRICE_OFFER,,1,A202203,C2022Q2T12,V-SA,VIC1,1,18800.62
D,RESIDUE_PRICE_OFFER,,1,A202203,C2022Q2T12,V-SA,VIC1,1,18880.62
D,RESIDUE_PRICE_OFFER,,1,A202203,C2022Q2T12,V-SA,VIC1,1,18960.62
D,RESIDUE_PRICE_OFFER,,1,A202203,C2022Q2T12,V-SA,VIC1,1,19040.62
D,RESIDUE_PRICE_OFFER,,1,A202203,C2022Q2T12,V-SA,VIC1,1,19120.62
D,RESIDUE_PRICE_OFFER,,1,A202203,C2022Q2T12,V-SA,VIC1,1,19200.62
D,RESIDUE_PRICE_OFFER,,1,A202203,C2022Q2T12,V-SA,VIC1,1,19280.62
D,RESIDUE_PRICE_OFFER,,1,A202203,C2022Q2T12,V-SA,VIC1,1,19360.62
D,RESIDUE_PRICE_OFFER,,1,A202203,C2022Q2T12,V-SA,VIC1,1,19440.62
D,RESIDUE_PRICE_OFFER,,1,A202203,C2022Q2T12,V-SA,VIC1,1,19520.62
D,RESIDUE_PRICE_OFFER,,1,A202203,C2022Q2T12,V-SA,VIC1,1,19600.62
D,RESIDUE_PRICE_OFFER,,1,A202203,C2022Q2T12,V-SA,VIC1,1,19680.62
D,RESIDUE_PRICE_OFFER,,1,A202203,C2022Q2T12,V-SA,VIC1,1,19760.62
D,RESIDUE_PRICE_OFFER,,1,A202203,C2022Q2T12,V-SA,VIC1,1,19840.62
D,RESIDUE_PRICE_OFFER,,1,A202203,C2022Q2T12,V-SA,VIC1,1,19920.62
D,RESIDUE_PRICE_OFFER,,1,A202203,C2022Q2T12,V-SA,VIC1,1,20000.62
D,RESIDUE_PRICE_OFFER,,1,A202203,C2022Q2T12,V-SA,VIC1,1,40600.62
D,RESIDUE_PRICE_OFFER,,1,A202203,C2022Q2T12,V-SA,VIC1,1,41200.62
D,RESIDUE_PRICE_OFFER,,1,A202203,C2022Q2T12,V-SA,VIC1,1,41800.62
D,RESIDUE_PRICE_OFFER,,1,A202203,C2022Q2T12,V-SA,VIC1,1,42400.62
D,RESIDUE_PRICE_OFFER,,1,A202203,C2022Q2T12,V-SA,VIC1,1,43000.62
D,RESIDUE_PRICE_OFFER,,1,A202203,C2022Q2T12,V-SA,VIC1,1,43600.62
D,RESIDUE_PRICE_OFFER,,1,A202203,C2022Q2T12,V-SA,VIC1,1,44200.62
D,RESIDUE_PRICE_OFFER,,1,A202203,C2022Q2T12,V-SA,VIC1,1,44800.62
D,RESIDUE_PRICE_OFFER,,1,A202203,C2022Q2T12,V-SA,VIC1,1,45400.62
D,RESIDUE_PRICE_OFFER,,1,A202203,C2022Q2T12,V-SA,VIC1,1,46000.62
D,RESIDUE_PRICE_OFFER,,1,A202203,C2022Q2T12,V-SA,VIC1,1,46600.62
D,RESIDUE_PRICE_OFFER,,1,A202203,C2022Q2T12,V-SA,VIC1,1,47200.62
D,RESIDUE_PRICE_OFFER,,1,A202203,C2022Q2T12,V-SA,VIC1,1,47800.62
D,RESIDUE_PRICE_OFFER,,1,A202203,C2022Q2T12,V-SA,VIC1,1,48400.62
D,RESIDUE_PRICE_OFFER,,1,A202203,C2022Q2T12,V-SA,VIC1,1,49000.62
D,RESIDUE_PRICE_OFFER,,1,A202203,C2022Q2T12,V-SA,VIC1,1,49600.62
D,RESIDUE_PRICE_OFFER,,1,A202203,C2022Q2T12,V-SA,VIC1,1,50200.62
D,RESIDUE_PRICE_OFFER,,1,A202203,C2022Q2T12,V-SA,VIC1,1,50800.62
D,RESIDUE_PRICE_OFFER,,1,A202203,C2022Q2T12,V-SA,VIC1,1,51400.62
D,RESIDUE_PRICE_OFFER,,1,A202203,C2022Q2T12,V-SA,VIC1,1,52000.62
D,RESIDUE_PRICE_OFFER,,1,A202203,C2022Q2T12,V-SA,VIC1,1,52600.62
D,RESIDUE_PRICE_OFFER,,1,A202203,C2022Q2T12,V-SA,VIC1,1,53200.62
D,RESIDUE_PRICE_OFFER,,1,A202203,C2022Q2T12,V-SA,VIC1,1,53800.62
D,RESIDUE_PRICE_OFFER,,1,A202203,C2022Q2T12,V-SA,VIC1,1,54400.62
D,RESIDUE_PRICE_OFFER,,1,A202203,C2022Q2T12,V-SA,VIC1,1,55000.62
D,RESIDUE_PRICE_OFFER,,1,A202203,C2022Q2T12,V-SA,VIC1,3,7050
D,RESIDUE_PRICE_OFFER,,1,A202203,C2022Q2T12,V-SA,VIC1,3,9050
D,RESIDUE_PRICE_OFFER,,1,A202203,C2022Q2T12,V-SA,VIC1,77,0
D,RESIDUE_PRICE_OFFER,,1,A202203,C2022Q2T12,VIC1-NSW1,NSW1,1,1262.089990
D,RESIDUE_PRICE_OFFER,,1,A202203,C2022Q2T12,VIC1-NSW1,NSW1,1,1274.089990
D,RESIDUE_PRICE_OFFER,,1,A202203,C2022Q2T12,VIC1-NSW1,NSW1,1,1286.089990
D,RESIDUE_PRICE_OFFER,,1,A202203,C2022Q2T12,VIC1-NSW1,NSW1,1,1298.089990
D,RESIDUE_PRICE_OFFER,,1,A202203,C2022Q2T12,VIC1-NSW1,NSW1,1,1310.089990
D,RESIDUE_PRICE_OFFER,,1,A202203,C2022Q2T12,VIC1-NSW1,NSW1,1,1322.089990
D,RESIDUE_PRICE_OFFER,,1,A202203,C2022Q2T12,VIC1-NSW1,NSW1,1,1334.089990
D,RESIDUE_PRICE_OFFER,,1,A202203,C2022Q2T12,VIC1-NSW1,NSW1,1,1346.09
D,RESIDUE_PRICE_OFFER,,1,A202203,C2022Q2T12,VIC1-NSW1,NSW1,1,1358.09
D,RESIDUE_PRICE_OFFER,,1,A202203,C2022Q2T12,VIC1-NSW1,NSW1,1,1370.09
D,RESIDUE_PRICE_OFFER,,1,A202203,C2022Q2T12,VIC1-NSW1,NSW1,1,1382.09
D,RESIDUE_PRICE_OFFER,,1,A202203,C2022Q2T12,VIC1-NSW1,NSW1,1,1394.09
D,RESIDUE_PRICE_OFFER,,1,A202203,C2022Q2T12,VIC1-NSW1,NSW1,1,1406.09
D,RESIDUE_PRICE_OFFER,,1,A202203,C2022Q2T12,VIC1-NSW1,NSW1,1,1418.09
D,RESIDUE_PRICE_OFFER,,1,A202203,C2022Q2T12,VIC1-NSW1,NSW1,1,1430.09
D,RESIDUE_PRICE_OFFER,,1,A202203,C2022Q2T12,VIC1-NSW1,NSW1,1,1442.09
D,RESIDUE_PRICE_OFFER,,1,A202203,C2022Q2T12,VIC1-NSW1,NSW1,1,1454.09
D,RESIDUE_PRICE_OFFER,,1,A202203,C2022Q2T12,VIC1-NSW1,NSW1,1,1466.09
D,RESIDUE_PRICE_OFFER,,1,A202203,C2022Q2T12,VIC1-NSW1,NSW1,1,1478.09
D,RESIDUE_PRICE_OFFER,,1,A202203,C2022Q2T12,VIC1-NSW1,NSW1,1,1490.09
D,RESIDUE_PRICE_OFFER,,1,A202203,C2022Q2T12,VIC1-NSW1,NSW1,1,1502.09
D,RESIDUE_PRICE_OFFER,,1,A202203,C2022Q2T12,VIC1-NSW1,NSW1,1,1514.09
D,RESIDUE_PRICE_OFFER,,1,A202203,C2022Q2T12,VIC1-NSW1,NSW1,1,1526.09
D,RESIDUE_PRICE_OFFER,,1,A202203,C2022Q2T12,VIC1-NSW1,NSW1,1,1538.09
D,RESIDUE_PRICE_OFFER,,1,A202203,C2022Q2T12,VIC1-NSW1,NSW1,1,1550.09
D,RESIDUE_PRICE_OFFER,,1,A202203,C2022Q2T12,VIC1-NSW1,NSW1,1,1562.09
D,RESIDUE_PRICE_OFFER,,1,A202203,C2022Q2T12,VIC1-NSW1,NSW1,1,1574.09
D,RESIDUE_PRICE_OFFER,,1,A202203,C2022Q2T12,VIC1-NSW1,NSW1,1,1586.09
D,RESIDUE_PRICE_OFFER,,1,A202203,C2022Q2T12,VIC1-NSW1,NSW1,1,1598.09
D,RESIDUE_PRICE_OFFER,,1,A202203,C2022Q2T12,VIC1-NSW1,NSW1,1,1610.09
D,RESIDUE_PRICE_OFFER,,1,A202203,C2022Q2T12,VIC1-NSW1,NSW1,1,1622.09
D,RESIDUE_PRICE_OFFER,,1,A202203,C2022Q2T12,VIC1-NSW1,NSW1,1,1634.09
D,RESIDUE_PRICE_OFFER,,1,A202203,C2022Q2T12,VIC1-NSW1,NSW1,1,1646.09
D,RESIDUE_PRICE_OFFER,,1,A202203,C2022Q2T12,VIC1-NSW1,NSW1,1,1658.09
D,RESIDUE_PRICE_OFFER,,1,A202203,C2022Q2T12,VIC1-NSW1,NSW1,1,1670.09
D,RESIDUE_PRICE_OFFER,,1,A202203,C2022Q2T12,VIC1-NSW1,NSW1,1,1682.09
D,RESIDUE_PRICE_OFFER,,1,A202203,C2022Q2T12,VIC1-NSW1,NSW1,1,1694.09
D,RESIDUE_PRICE_OFFER,,1,A202203,C2022Q2T12,VIC1-NSW1,NSW1,1,1706.09
D,RESIDUE_PRICE_OFFER,,1,A202203,C2022Q2T12,VIC1-NSW1,NSW1,1,1718.09
D,RESIDUE_PRICE_OFFER,,1,A202203,C2022Q2T12,VIC1-NSW1,NSW1,1,1730.09
D,RESIDUE_PRICE_OFFER,,1,A202203,C2022Q2T12,VIC1-NSW1,NSW1,1,1742.09
D,RESIDUE_PRICE_OFFER,,1,A202203,C2022Q2T12,VIC1-NSW1,NSW1,1,1754.09
D,RESIDUE_PRICE_OFFER,,1,A202203,C2022Q2T12,VIC1-NSW1,NSW1,1,1766.09
D,RESIDUE_PRICE_OFFER,,1,A202203,C2022Q2T12,VIC1-NSW1,NSW1,1,1778.09
D,RESIDUE_PRICE_OFFER,,1,A202203,C2022Q2T12,VIC1-NSW1,NSW1,1,1790.09
D,RESIDUE_PRICE_OFFER,,1,A202203,C2022Q2T12,VIC1-NSW1,NSW1,1,1802.09
D,RESIDUE_PRICE_OFFER,,1,A202203,C2022Q2T12,VIC1-NSW1,NSW1,1,1814.09
D,RESIDUE_PRICE_OFFER,,1,A202203,C2022Q2T12,VIC1-NSW1,NSW1,1,1826.09
D,RESIDUE_PRICE_OFFER,,1,A202203,C2022Q2T12,VIC1-NSW1,NSW1,1,1838.09
D,RESIDUE_PRICE_OFFER,,1,A202203,C2022Q2T12,VIC1-NSW1,NSW1,1,1850.09
D,RESIDUE_PRICE_OFFER,,1,A202203,C2022Q2T12,VIC1-NSW1,NSW1,1,1862.09
D,RESIDUE_PRICE_OFFER,,1,A202203,C2022Q2T12,VIC1-NSW1,NSW1,1,1874.09
D,RESIDUE_PRICE_OFFER,,1,A202203,C2022Q2T12,VIC1-NSW1,NSW1,1,1886.09
D,RESIDUE_PRICE_OFFER,,1,A202203,C2022Q2T12,VIC1-NSW1,NSW1,1,1898.09
D,RESIDUE_PRICE_OFFER,,1,A202203,C2022Q2T12,VIC1-NSW1,NSW1,1,1910.09
D,RESIDUE_PRICE_OFFER,,1,A202203,C2022Q2T12,VIC1-NSW1,NSW1,1,1922.09
D,RESIDUE_PRICE_OFFER,,1,A202203,C2022Q2T12,VIC1-NSW1,NSW1,1,1934.09
D,RESIDUE_PRICE_OFFER,,1,A202203,C2022Q2T12,VIC1-NSW1,NSW1,1,1946.09
D,RESIDUE_PRICE_OFFER,,1,A202203,C2022Q2T12,VIC1-NSW1,NSW1,1,1958.09
D,RESIDUE_PRICE_OFFER,,1,A202203,C2022Q2T12,VIC1-NSW1,NSW1,20,2039.025340
D,RESIDUE_PRICE_OFFER,,1,A202203,C2022Q2T12,VIC1-NSW1,NSW1,20,2357.623060
D,RESIDUE_PRICE_OFFER,,1,A202203,C2022Q2T12,VIC1-NSW1,NSW1,67,2000
D,RESIDUE_PRICE_OFFER,,1,A202203,C2022Q2T12,VIC1-NSW1,NSW1,112,0
D,RESIDUE_PRICE_OFFER,,1,A202203,C2022Q2T12,VIC1-NSW1,VIC1,10,20625
D,RESIDUE_PRICE_OFFER,,1,A202203,C2022Q2T12,VIC1-NSW1,VIC1,10,26250
D,RESIDUE_PRICE_OFFER,,1,A202203,C2022Q2T12,VIC1-NSW1,VIC1,20,25500
D,RESIDUE_PRICE_OFFER,,1,A202203,C2022Q2T12,VIC1-NSW1,VIC1,20,32000
D,RESIDUE_PRICE_OFFER,,1,A202203,C2022Q2T12,VIC1-NSW1,VIC1,40,35000
D,RESIDUE_PRICE_OFFER,,1,A202203,C2022Q2T12,VIC1-NSW1,VIC1,125,0
D,RESIDUE_PRICE_OFFER,,1,A202203,C2022Q3T11,NSW1-QLD1,NSW1,1,5050.28
D,RESIDUE_PRICE_OFFER,,1,A202203,C2022Q3T11,NSW1-QLD1,NSW1,1,5100.28
D,RESIDUE_PRICE_OFFER,,1,A202203,C2022Q3T11,NSW1-QLD1,NSW1,2,20000
D,RESIDUE_PRICE_OFFER,,1,A202203,C2022Q3T11,NSW1-QLD1,NSW1,2,22000
D,RESIDUE_PRICE_OFFER,,1,A202203,C2022Q3T11,NSW1-QLD1,NSW1,3,25000
D,RESIDUE_PRICE_OFFER,,1,A202203,C2022Q3T11,NSW1-QLD1,NSW1,5,5987.88
D,RESIDUE_PRICE_OFFER,,1,A202203,C2022Q3T11,NSW1-QLD1,NSW1,5,10124.287170
D,RESIDUE_PRICE_OFFER,,1,A202203,C2022Q3T11,NSW1-QLD1,NSW1,5,13161.573330
D,RESIDUE_PRICE_OFFER,,1,A202203,C2022Q3T11,NSW1-QLD1,NSW1,15,3500
D,RESIDUE_PRICE_OFFER,,1,A202203,C2022Q3T11,NSW1-QLD1,NSW1,45,0
D,RESIDUE_PRICE_OFFER,,1,A202203,C2022Q3T11,NSW1-QLD1,QLD1,1,18040.49
D,RESIDUE_PRICE_OFFER,,1,A202203,C2022Q3T11,NSW1-QLD1,QLD1,1,18080.49
D,RESIDUE_PRICE_OFFER,,1,A202203,C2022Q3T11,NSW1-QLD1,QLD1,1,18120.49
D,RESIDUE_PRICE_OFFER,,1,A202203,C2022Q3T11,NSW1-QLD1,QLD1,1,18160.49
D,RESIDUE_PRICE_OFFER,,1,A202203,C2022Q3T11,NSW1-QLD1,QLD1,1,18200.49
D,RESIDUE_PRICE_OFFER,,1,A202203,C2022Q3T11,NSW1-QLD1,QLD1,1,18240.49
D,RESIDUE_PRICE_OFFER,,1,A202203,C2022Q3T11,NSW1-QLD1,QLD1,1,18280.49
D,RESIDUE_PRICE_OFFER,,1,A202203,C2022Q3T11,NSW1-QLD1,QLD1,1,18320.49
D,RESIDUE_PRICE_OFFER,,1,A202203,C2022Q3T11,NSW1-QLD1,QLD1,1,18360.49
D,RESIDUE_PRICE_OFFER,,1,A202203,C2022Q3T11,NSW1-QLD1,QLD1,1,18400.49
D,RESIDUE_PRICE_OFFER,,1,A202203,C2022Q3T11,NSW1-QLD1,QLD1,1,18440.49
D,RESIDUE_PRICE_OFFER,,1,A202203,C2022Q3T11,NSW1-QLD1,QLD1,1,18480.49
D,RESIDUE_PRICE_OFFER,,1,A202203,C2022Q3T11,NSW1-QLD1,QLD1,1,18520.49
D,RESIDUE_PRICE_OFFER,,1,A202203,C2022Q3T11,NSW1-QLD1,QLD1,1,18560.49
D,RESIDUE_PRICE_OFFER,,1,A202203,C2022Q3T11,NSW1-QLD1,QLD1,1,18600.49
D,RESIDUE_PRICE_OFFER,,1,A202203,C2022Q3T11,NSW1-QLD1,QLD1,1,18640.49
D,RESIDUE_PRICE_OFFER,,1,A202203,C2022Q3T11,NSW1-QLD1,QLD1,1,18680.49
D,RESIDUE_PRICE_OFFER,,1,A202203,C2022Q3T11,NSW1-QLD1,QLD1,1,18720.49
D,RESIDUE_PRICE_OFFER,,1,A202203,C2022Q3T11,NSW1-QLD1,QLD1,1,18760.49
D,RESIDUE_PRICE_OFFER,,1,A202203,C2022Q3T11,NSW1-QLD1,QLD1,1,18800.49
D,RESIDUE_PRICE_OFFER,,1,A202203,C2022Q3T11,NSW1-QLD1,QLD1,1,18840.49
D,RESIDUE_PRICE_OFFER,,1,A202203,C2022Q3T11,NSW1-QLD1,QLD1,1,18880.49
D,RESIDUE_PRICE_OFFER,,1,A202203,C2022Q3T11,NSW1-QLD1,QLD1,1,18920.49
D,RESIDUE_PRICE_OFFER,,1,A202203,C2022Q3T11,NSW1-QLD1,QLD1,1,18960.49
D,RESIDUE_PRICE_OFFER,,1,A202203,C2022Q3T11,NSW1-QLD1,QLD1,1,19000.49
D,RESIDUE_PRICE_OFFER,,1,A202203,C2022Q3T11,NSW1-QLD1,QLD1,1,22235.49
D,RESIDUE_PRICE_OFFER,,1,A202203,C2022Q3T11,NSW1-QLD1,QLD1,1,22470.49
D,RESIDUE_PRICE_OFFER,,1,A202203,C2022Q3T11,NSW1-QLD1,QLD1,1,22705.49
D,RESIDUE_PRICE_OFFER,,1,A202203,C2022Q3T11,NSW1-QLD1,QLD1,1,22940.49
D,RESIDUE_PRICE_OFFER,,1,A202203,C2022Q3T11,NSW1-QLD1,QLD1,1,23175.49
D,RESIDUE_PRICE_OFFER,,1,A202203,C2022Q3T11,NSW1-QLD1,QLD1,1,23410.49
D,RESIDUE_PRICE_OFFER,,1,A202203,C2022Q3T11,NSW1-QLD1,QLD1,1,23645.49
D,RESIDUE_PRICE_OFFER,,1,A202203,C2022Q3T11,NSW1-QLD1,QLD1,1,23880.49
D,RESIDUE_PRICE_OFFER,,1,A202203,C2022Q3T11,NSW1-QLD1,QLD1,1,24115.49
D,RESIDUE_PRICE_OFFER,,1,A202203,C2022Q3T11,NSW1-QLD1,QLD1,1,24350.49
D,RESIDUE_PRICE_OFFER,,1,A202203,C2022Q3T11,NSW1-QLD1,QLD1,1,24585.49
D,RESIDUE_PRICE_OFFER,,1,A202203,C2022Q3T11,NSW1-QLD1,QLD1,1,24820.49
D,RESIDUE_PRICE_OFFER,,1,A202203,C2022Q3T11,NSW1-QLD1,QLD1,1,25055.49
D,RESIDUE_PRICE_OFFER,,1,A202203,C2022Q3T11,NSW1-QLD1,QLD1,1,25290.49
D,RESIDUE_PRICE_OFFER,,1,A202203,C2022Q3T11,NSW1-QLD1,QLD1,1,25525.49
D,RESIDUE_PRICE_OFFER,,1,A202203,C2022Q3T11,NSW1-QLD1,QLD1,1,25760.49
D,RESIDUE_PRICE_OFFER,,1,A202203,C2022Q3T11,NSW1-QLD1,QLD1,1,25995.49
D,RESIDUE_PRICE_OFFER,,1,A202203,C2022Q3T11,NSW1-QLD1,QLD1,1,26230.49
D,RESIDUE_PRICE_OFFER,,1,A202203,C2022Q3T11,NSW1-QLD1,QLD1,1,26465.49
D,RESIDUE_PRICE_OFFER,,1,A202203,C2022Q3T11,NSW1-QLD1,QLD1,1,26700.49
D,RESIDUE_PRICE_OFFER,,1,A202203,C2022Q3T11,NSW1-QLD1,QLD1,1,26935.49
D,RESIDUE_PRICE_OFFER,,1,A202203,C2022Q3T11,NSW1-QLD1,QLD1,1,27170.49
D,RESIDUE_PRICE_OFFER,,1,A202203,C2022Q3T11,NSW1-QLD1,QLD1,1,27405.49
D,RESIDUE_PRICE_OFFER,,1,A202203,C2022Q3T11,NSW1-QLD1,QLD1,1,27640.49
D,RESIDUE_PRICE_OFFER,,1,A202203,C2022Q3T11,NSW1-QLD1,QLD1,1,27875.49
D,RESIDUE_PRICE_OFFER,,1,A202203,C2022Q3T11,NSW1-QLD1,QLD1,1,28110.49
D,RESIDUE_PRICE_OFFER,,1,A202203,C2022Q3T11,NSW1-QLD1,QLD1,1,28345.49
D,RESIDUE_PRICE_OFFER,,1,A202203,C2022Q3T11,NSW1-QLD1,QLD1,1,28580.49
D,RESIDUE_PRICE_OFFER,,1,A202203,C2022Q3T11,NSW1-QLD1,QLD1,1,28815.49
D,RESIDUE_PRICE_OFFER,,1,A202203,C2022Q3T11,NSW1-QLD1,QLD1,1,29050.49
D,RESIDUE_PRICE_OFFER,,1,A202203,C2022Q3T11,NSW1-QLD1,QLD1,1,29285.49
D,RESIDUE_PRICE_OFFER,,1,A202203,C2022Q3T11,NSW1-QLD1,QLD1,1,29520.49
D,RESIDUE_PRICE_OFFER,,1,A202203,C2022Q3T11,NSW1-QLD1,QLD1,1,29755.49
D,RESIDUE_PRICE_OFFER,,1,A202203,C2022Q3T11,NSW1-QLD1,QLD1,1,29990.49
D,RESIDUE_PRICE_OFFER,,1,A202203,C2022Q3T11,NSW1-QLD1,QLD1,20,15155.620810
D,RESIDUE_PRICE_OFFER,,1,A202203,C2022Q3T11,NSW1-QLD1,QLD1,20,16974.295310
D,RESIDUE_PRICE_OFFER,,1,A202203,C2022Q3T11,NSW1-QLD1,QLD1,20,18180
D,RESIDUE_PRICE_OFFER,,1,A202203,C2022Q3T11,NSW1-QLD1,QLD1,25,19500
D,RESIDUE_PRICE_OFFER,,1,A202203,C2022Q3T11,NSW1-QLD1,QLD1,100,0
D,RESIDUE_PRICE_OFFER,,1,A202203,C2022Q3T11,V-SA,SA1,1,7011.38
D,RESIDUE_PRICE_OFFER,,1,A202203,C2022Q3T11,V-SA,SA1,1,7022.38
D,RESIDUE_PRICE_OFFER,,1,A202203,C2022Q3T11,V-SA,SA1,1,7033.38
D,RESIDUE_PRICE_OFFER,,1,A202203,C2022Q3T11,V-SA,SA1,1,7044.38
D,RESIDUE_PRICE_OFFER,,1,A202203,C2022Q3T11,V-SA,SA1,1,7055.38
D,RESIDUE_PRICE_OFFER,,1,A202203,C2022Q3T11,V-SA,SA1,1,7066.38
D,RESIDUE_PRICE_OFFER,,1,A202203,C2022Q3T11,V-SA,SA1,1,7077.38
D,RESIDUE_PRICE_OFFER,,1,A202203,C2022Q3T11,V-SA,SA1,1,7088.38
D,RESIDUE_PRICE_OFFER,,1,A202203,C2022Q3T11,V-SA,SA1,1,7099.38
D,RESIDUE_PRICE_OFFER,,1,A202203,C2022Q3T11,V-SA,SA1,2,8000
D,RESIDUE_PRICE_OFFER,,1,A202203,C2022Q3T11,V-SA,SA1,2,8888.89
D,RESIDUE_PRICE_OFFER,,1,A202203,C2022Q3T11,V-SA,SA1,2,9777.78
D,RESIDUE_PRICE_OFFER,,1,A202203,C2022Q3T11,V-SA,SA1,2,10666.67
D,RESIDUE_PRICE_OFFER,,1,A202203,C2022Q3T11,V-SA,SA1,2,11555.56
D,RESIDUE_PRICE_OFFER,,1,A202203,C2022Q3T11,V-SA,SA1,2,12444.44
D,RESIDUE_PRICE_OFFER,,1,A202203,C2022Q3T11,V-SA,SA1,2,13333.33
D,RESIDUE_PRICE_OFFER,,1,A202203,C2022Q3T11,V-SA,SA1,2,14222.22
D,RESIDUE_PRICE_OFFER,,1,A202203,C2022Q3T11,V-SA,SA1,2,15111.11
D,RESIDUE_PRICE_OFFER,,1,A202203,C2022Q3T11,V-SA,SA1,2,16000
D,RESIDUE_PRICE_OFFER,,1,A202203,C2022Q3T11,V-SA,SA1,10,8819.417250
D,RESIDUE_PRICE_OFFER,,1,A202203,C2022Q3T11,V-SA,SA1,10,10499.306250
D,RESIDUE_PRICE_OFFER,,1,A202203,C2022Q3T11,V-SA,SA1,64,0
D,RESIDUE_PRICE_OFFER,,1,A202203,C2022Q3T11,V-SA,VIC1,1,14580.62
D,RESIDUE_PRICE_OFFER,,1,A202203,C2022Q3T11,V-SA,VIC1,1,14660.62
D,RESIDUE_PRICE_OFFER,,1,A202203,C2022Q3T11,V-SA,VIC1,1,14740.62
D,RESIDUE_PRICE_OFFER,,1,A202203,C2022Q3T11,V-SA,VIC1,1,14820.62
D,RESIDUE_PRICE_OFFER,,1,A202203,C2022Q3T11,V-SA,VIC1,1,14900.62
D,RESIDUE_PRICE_OFFER,,1,A202203,C2022Q3T11,V-SA,VIC1,1,14980.62
D,RESIDUE_PRICE_OFFER,,1,A202203,C2022Q3T11,V-SA,VIC1,1,15060.62
D,RESIDUE_PRICE_OFFER,,1,A202203,C2022Q3T11,V-SA,VIC1,1,15140.62
D,RESIDUE_PRICE_OFFER,,1,A202203,C2022Q3T11,V-SA,VIC1,1,15220.62
D,RESIDUE_PRICE_OFFER,,1,A202203,C2022Q3T11,V-SA,VIC1,1,15300.62
D,RESIDUE_PRICE_OFFER,,1,A202203,C2022Q3T11,V-SA,VIC1,1,15380.62
D,RESIDUE_PRICE_OFFER,,1,A202203,C2022Q3T11,V-SA,VIC1,1,15460.62
D,RESIDUE_PRICE_OFFER,,1,A202203,C2022Q3T11,V-SA,VIC1,1,15540.62
D,RESIDUE_PRICE_OFFER,,1,A202203,C2022Q3T11,V-SA,VIC1,1,15620.62
D,RESIDUE_PRICE_OFFER,,1,A202203,C2022Q3T11,V-SA,VIC1,1,15700.62
D,RESIDUE_PRICE_OFFER,,1,A202203,C2022Q3T11,V-SA,VIC1,1,15780.62
D,RESIDUE_PRICE_OFFER,,1,A202203,C2022Q3T11,V-SA,VIC1,1,15860.62
D,RESIDUE_PRICE_OFFER,,1,A202203,C2022Q3T11,V-SA,VIC1,1,15940.62
D,RESIDUE_PRICE_OFFER,,1,A202203,C2022Q3T11,V-SA,VIC1,1,16020.62
D,RESIDUE_PRICE_OFFER,,1,A202203,C2022Q3T11,V-SA,VIC1,1,16100.62
D,RESIDUE_PRICE_OFFER,,1,A202203,C2022Q3T11,V-SA,VIC1,1,16180.62
D,RESIDUE_PRICE_OFFER,,1,A202203,C2022Q3T11,V-SA,VIC1,1,16260.62
D,RESIDUE_PRICE_OFFER,,1,A202203,C2022Q3T11,V-SA,VIC1,1,16340.62
D,RESIDUE_PRICE_OFFER,,1,A202203,C2022Q3T11,V-SA,VIC1,1,16420.62
D,RESIDUE_PRICE_OFFER,,1,A202203,C2022Q3T11,V-SA,VIC1,1,16500.62
D,RESIDUE_PRICE_OFFER,,1,A202203,C2022Q3T11,V-SA,VIC1,1,20400.62
D,RESIDUE_PRICE_OFFER,,1,A202203,C2022Q3T11,V-SA,VIC1,1,20800.62
D,RESIDUE_PRICE_OFFER,,1,A202203,C2022Q3T11,V-SA,VIC1,1,21200.62
D,RESIDUE_PRICE_OFFER,,1,A202203,C2022Q3T11,V-SA,VIC1,1,21600.62
D,RESIDUE_PRICE_OFFER,,1,A202203,C2022Q3T11,V-SA,VIC1,1,22000.62
D,RESIDUE_PRICE_OFFER,,1,A202203,C2022Q3T11,V-SA,VIC1,1,22400.62
D,RESIDUE_PRICE_OFFER,,1,A202203,C2022Q3T11,V-SA,VIC1,1,22800.62
D,RESIDUE_PRICE_OFFER,,1,A202203,C2022Q3T11,V-SA,VIC1,1,23200.62
D,RESIDUE_PRICE_OFFER,,1,A202203,C2022Q3T11,V-SA,VIC1,1,23600.62
D,RESIDUE_PRICE_OFFER,,1,A202203,C2022Q3T11,V-SA,VIC1,1,24000.62
D,RESIDUE_PRICE_OFFER,,1,A202203,C2022Q3T11,V-SA,VIC1,1,24400.62
D,RESIDUE_PRICE_OFFER,,1,A202203,C2022Q3T11,V-SA,VIC1,1,24800.62
D,RESIDUE_PRICE_OFFER,,1,A202203,C2022Q3T11,V-SA,VIC1,1,25200.62
D,RESIDUE_PRICE_OFFER,,1,A202203,C2022Q3T11,V-SA,VIC1,1,25600.62
D,RESIDUE_PRICE_OFFER,,1,A202203,C2022Q3T11,V-SA,VIC1,1,26000.62
D,RESIDUE_PRICE_OFFER,,1,A202203,C2022Q3T11,V-SA,VIC1,1,26400.62
D,RESIDUE_PRICE_OFFER,,1,A202203,C2022Q3T11,V-SA,VIC1,1,26800.62
D,RESIDUE_PRICE_OFFER,,1,A202203,C2022Q3T11,V-SA,VIC1,1,27200.62
D,RESIDUE_PRICE_OFFER,,1,A202203,C2022Q3T11,V-SA,VIC1,1,27600.62
D,RESIDUE_PRICE_OFFER,,1,A202203,C2022Q3T11,V-SA,VIC1,1,28000.62
D,RESIDUE_PRICE_OFFER,,1,A202203,C2022Q3T11,V-SA,VIC1,1,28400.62
D,RESIDUE_PRICE_OFFER,,1,A202203,C2022Q3T11,V-SA,VIC1,1,28800.62
D,RESIDUE_PRICE_OFFER,,1,A202203,C2022Q3T11,V-SA,VIC1,1,29200.62
D,RESIDUE_PRICE_OFFER,,1,A202203,C2022Q3T11,V-SA,VIC1,1,29600.62
D,RESIDUE_PRICE_OFFER,,1,A202203,C2022Q3T11,V-SA,VIC1,1,30000.62
D,RESIDUE_PRICE_OFFER,,1,A202203,C2022Q3T11,V-SA,VIC1,5,15066.66
D,RESIDUE_PRICE_OFFER,,1,A202203,C2022Q3T11,V-SA,VIC1,73,0
D,RESIDUE_PRICE_OFFER,,1,A202203,C2022Q3T11,VIC1-NSW1,NSW1,1,1269.089990
D,RESIDUE_PRICE_OFFER,,1,A202203,C2022Q3T11,VIC1-NSW1,NSW1,1,1288.089990
D,RESIDUE_PRICE_OFFER,,1,A202203,C2022Q3T11,VIC1-NSW1,NSW1,1,1307.089990
D,RESIDUE_PRICE_OFFER,,1,A202203,C2022Q3T11,VIC1-NSW1,NSW1,1,1326.089990
D,RESIDUE_PRICE_OFFER,,1,A202203,C2022Q3T11,VIC1-NSW1,NSW1,1,1345.09
D,RESIDUE_PRICE_OFFER,,1,A202203,C2022Q3T11,VIC1-NSW1,NSW1,1,1364.09
D,RESIDUE_PRICE_OFFER,,1,A202203,C2022Q3T11,VIC1-NSW1,NSW1,1,1383.09
D,RESIDUE_PRICE_OFFER,,1,A202203,C2022Q3T11,VIC1-NSW1,NSW1,1,1402.09
D,RESIDUE_PRICE_OFFER,,1,A202203,C2022Q3T11,VIC1-NSW1,NSW1,1,1421.09
D,RESIDUE_PRICE_OFFER,,1,A202203,C2022Q3T11,VIC1-NSW1,NSW1,1,1440.09
D,RESIDUE_PRICE_OFFER,,1,A202203,C2022Q3T11,VIC1-NSW1,NSW1,1,1459.09
D,RESIDUE_PRICE_OFFER,,1,A202203,C2022Q3T11,VIC1-NSW1,NSW1,1,1478.09
D,RESIDUE_PRICE_OFFER,,1,A202203,C2022Q3T11,VIC1-NSW1,NSW1,1,1497.09
D,RESIDUE_PRICE_OFFER,,1,A202203,C2022Q3T11,VIC1-NSW1,NSW1,1,1516.09
D,RESIDUE_PRICE_OFFER,,1,A202203,C2022Q3T11,VIC1-NSW1,NSW1,1,1535.09
D,RESIDUE_PRICE_OFFER,,1,A202203,C2022Q3T11,VIC1-NSW1,NSW1,1,1554.09
D,RESIDUE_PRICE_OFFER,,1,A202203,C2022Q3T11,VIC1-NSW1,NSW1,1,1573.09
D,RESIDUE_PRICE_OFFER,,1,A202203,C2022Q3T11,VIC1-NSW1,NSW1,1,1592.09
D,RESIDUE_PRICE_OFFER,,1,A202203,C2022Q3T11,VIC1-NSW1,NSW1,1,1611.09
D,RESIDUE_PRICE_OFFER,,1,A202203,C2022Q3T11,VIC1-NSW1,NSW1,1,1630.09
D,RESIDUE_PRICE_OFFER,,1,A202203,C2022Q3T11,VIC1-NSW1,NSW1,1,1649.09
D,RESIDUE_PRICE_OFFER,,1,A202203,C2022Q3T11,VIC1-NSW1,NSW1,1,1668.09
D,RESIDUE_PRICE_OFFER,,1,A202203,C2022Q3T11,VIC1-NSW1,NSW1,1,1687.09
D,RESIDUE_PRICE_OFFER,,1,A202203,C2022Q3T11,VIC1-NSW1,NSW1,1,1706.09
D,RESIDUE_PRICE_OFFER,,1,A202203,C2022Q3T11,VIC1-NSW1,NSW1,1,1725.09
D,RESIDUE_PRICE_OFFER,,1,A202203,C2022Q3T11,VIC1-NSW1,NSW1,1,1744.09
D,RESIDUE_PRICE_OFFER,,1,A202203,C2022Q3T11,VIC1-NSW1,NSW1,1,1763.09
D,RESIDUE_PRICE_OFFER,,1,A202203,C2022Q3T11,VIC1-NSW1,NSW1,1,1782.09
D,RESIDUE_PRICE_OFFER,,1,A202203,C2022Q3T11,VIC1-NSW1,NSW1,1,1801.09
D,RESIDUE_PRICE_OFFER,,1,A202203,C2022Q3T11,VIC1-NSW1,NSW1,1,1820.09
D,RESIDUE_PRICE_OFFER,,1,A202203,C2022Q3T11,VIC1-NSW1,NSW1,1,1839.09
D,RESIDUE_PRICE_OFFER,,1,A202203,C2022Q3T11,VIC1-NSW1,NSW1,1,1858.09
D,RESIDUE_PRICE_OFFER,,1,A202203,C2022Q3T11,VIC1-NSW1,NSW1,1,1877.09
D,RESIDUE_PRICE_OFFER,,1,A202203,C2022Q3T11,VIC1-NSW1,NSW1,1,1896.09
D,RESIDUE_PRICE_OFFER,,1,A202203,C2022Q3T11,VIC1-NSW1,NSW1,1,1915.09
D,RESIDUE_PRICE_OFFER,,1,A202203,C2022Q3T11,VIC1-NSW1,NSW1,1,1934.09
D,RESIDUE_PRICE_OFFER,,1,A202203,C2022Q3T11,VIC1-NSW1,NSW1,1,1953.09
D,RESIDUE_PRICE_OFFER,,1,A202203,C2022Q3T11,VIC1-NSW1,NSW1,1,1972.09
D,RESIDUE_PRICE_OFFER,,1,A202203,C2022Q3T11,VIC1-NSW1,NSW1,1,1991.09
D,RESIDUE_PRICE_OFFER,,1,A202203,C2022Q3T11,VIC1-NSW1,NSW1,20,1993.065860
D,RESIDUE_PRICE_OFFER,,1,A202203,C2022Q3T11,VIC1-NSW1,NSW1,20,2304.4824
D,RESIDUE_PRICE_OFFER,,1,A202203,C2022Q3T11,VIC1-NSW1,NSW1,78,2000
D,RESIDUE_PRICE_OFFER,,1,A202203,C2022Q3T11,VIC1-NSW1,NSW1,108,0
D,RESIDUE_PRICE_OFFER,,1,A202203,C2022Q3T11,VIC1-NSW1,VIC1,1,25200.97
D,RESIDUE_PRICE_OFFER,,1,A202203,C2022Q3T11,VIC1-NSW1,VIC1,1,25400.97
D,RESIDUE_PRICE_OFFER,,1,A202203,C2022Q3T11,VIC1-NSW1,VIC1,1,25600.97
D,RESIDUE_PRICE_OFFER,,1,A202203,C2022Q3T11,VIC1-NSW1,VIC1,1,25800.97
D,RESIDUE_PRICE_OFFER,,1,A202203,C2022Q3T11,VIC1-NSW1,VIC1,1,26000.97
D,RESIDUE_PRICE_OFFER,,1,A202203,C2022Q3T11,VIC1-NSW1,VIC1,1,26200.97
D,RESIDUE_PRICE_OFFER,,1,A202203,C2022Q3T11,VIC1-NSW1,VIC1,1,26400.97
D,RESIDUE_PRICE_OFFER,,1,A202203,C2022Q3T11,VIC1-NSW1,VIC1,1,26600.97
D,RESIDUE_PRICE_OFFER,,1,A202203,C2022Q3T11,VIC1-NSW1,VIC1,1,26800.97
D,RESIDUE_PRICE_OFFER,,1,A202203,C2022Q3T11,VIC1-NSW1,VIC1,1,27000.97
D,RESIDUE_PRICE_OFFER,,1,A202203,C2022Q3T11,VIC1-NSW1,VIC1,1,27200.97
D,RESIDUE_PRICE_OFFER,,1,A202203,C2022Q3T11,VIC1-NSW1,VIC1,1,27400.97
D,RESIDUE_PRICE_OFFER,,1,A202203,C2022Q3T11,VIC1-NSW1,VIC1,1,27600.97
D,RESIDUE_PRICE_OFFER,,1,A202203,C2022Q3T11,VIC1-NSW1,VIC1,1,27800.97
D,RESIDUE_PRICE_OFFER,,1,A202203,C2022Q3T11,VIC1-NSW1,VIC1,1,28000.97
D,RESIDUE_PRICE_OFFER,,1,A202203,C2022Q3T11,VIC1-NSW1,VIC1,1,28200.97
D,RESIDUE_PRICE_OFFER,,1,A202203,C2022Q3T11,VIC1-NSW1,VIC1,1,28400.97
D,RESIDUE_PRICE_OFFER,,1,A202203,C2022Q3T11,VIC1-NSW1,VIC1,1,28600.97
D,RESIDUE_PRICE_OFFER,,1,A202203,C2022Q3T11,VIC1-NSW1,VIC1,1,28800.97
D,RESIDUE_PRICE_OFFER,,1,A202203,C2022Q3T11,VIC1-NSW1,VIC1,1,29000.97
D,RESIDUE_PRICE_OFFER,,1,A202203,C2022Q3T11,VIC1-NSW1,VIC1,1,29200.97
D,RESIDUE_PRICE_OFFER,,1,A202203,C2022Q3T11,VIC1-NSW1,VIC1,1,29400.97
D,RESIDUE_PRICE_OFFER,,1,A202203,C2022Q3T11,VIC1-NSW1,VIC1,1,29600.97
D,RESIDUE_PRICE_OFFER,,1,A202203,C2022Q3T11,VIC1-NSW1,VIC1,1,29800.97
D,RESIDUE_PRICE_OFFER,,1,A202203,C2022Q3T11,VIC1-NSW1,VIC1,1,30000.97
D,RESIDUE_PRICE_OFFER,,1,A202203,C2022Q3T11,VIC1-NSW1,VIC1,2,36000.97
D,RESIDUE_PRICE_OFFER,,1,A202203,C2022Q3T11,VIC1-NSW1,VIC1,2,37000.97
D,RESIDUE_PRICE_OFFER,,1,A202203,C2022Q3T11,VIC1-NSW1,VIC1,2,38000.97
D,RESIDUE_PRICE_OFFER,,1,A202203,C2022Q3T11,VIC1-NSW1,VIC1,2,39000.97
D,RESIDUE_PRICE_OFFER,,1,A202203,C2022Q3T11,VIC1-NSW1,VIC1,2,40000.97
D,RESIDUE_PRICE_OFFER,,1,A202203,C2022Q3T11,VIC1-NSW1,VIC1,2,41000.97
D,RESIDUE_PRICE_OFFER,,1,A202203,C2022Q3T11,VIC1-NSW1,VIC1,2,42000.97
D,RESIDUE_PRICE_OFFER,,1,A202203,C2022Q3T11,VIC1-NSW1,VIC1,2,43000.97
D,RESIDUE_PRICE_OFFER,,1,A202203,C2022Q3T11,VIC1-NSW1,VIC1,2,44000.97
D,RESIDUE_PRICE_OFFER,,1,A202203,C2022Q3T11,VIC1-NSW1,VIC1,2,45000.97
D,RESIDUE_PRICE_OFFER,,1,A202203,C2022Q3T11,VIC1-NSW1,VIC1,2,46000.97
D,RESIDUE_PRICE_OFFER,,1,A202203,C2022Q3T11,VIC1-NSW1,VIC1,2,47000.97
D,RESIDUE_PRICE_OFFER,,1,A202203,C2022Q3T11,VIC1-NSW1,VIC1,2,48000.97
D,RESIDUE_PRICE_OFFER,,1,A202203,C2022Q3T11,VIC1-NSW1,VIC1,2,49000.97
D,RESIDUE_PRICE_OFFER,,1,A202203,C2022Q3T11,VIC1-NSW1,VIC1,2,50000.97
D,RESIDUE_PRICE_OFFER,,1,A202203,C2022Q3T11,VIC1-NSW1,VIC1,2,51000.97
D,RESIDUE_PRICE_OFFER,,1,A202203,C2022Q3T11,VIC1-NSW1,VIC1,2,52000.97
D,RESIDUE_PRICE_OFFER,,1,A202203,C2022Q3T11,VIC1-NSW1,VIC1,2,53000.97
D,RESIDUE_PRICE_OFFER,,1,A202203,C2022Q3T11,VIC1-NSW1,VIC1,2,54000.97
D,RESIDUE_PRICE_OFFER,,1,A202203,C2022Q3T11,VIC1-NSW1,VIC1,2,55000.97
D,RESIDUE_PRICE_OFFER,,1,A202203,C2022Q3T11,VIC1-NSW1,VIC1,10,17875
D,RESIDUE_PRICE_OFFER,,1,A202203,C2022Q3T11,VIC1-NSW1,VIC1,10,22750
D,RESIDUE_PRICE_OFFER,,1,A202203,C2022Q3T11,VIC1-NSW1,VIC1,20,25075
D,RESIDUE_PRICE_OFFER,,1,A202203,C2022Q3T11,VIC1-NSW1,VIC1,20,30000
D,RESIDUE_PRICE_OFFER,,1,A202203,C2022Q3T11,VIC1-NSW1,VIC1,125,0
D,RESIDUE_PRICE_OFFER,,1,A202203,C2022Q4T10,NSW1-QLD1,NSW1,2,20000
D,RESIDUE_PRICE_OFFER,,1,A202203,C2022Q4T10,NSW1-QLD1,NSW1,3,22000
D,RESIDUE_PRICE_OFFER,,1,A202203,C2022Q4T10,NSW1-QLD1,NSW1,4,25000
D,RESIDUE_PRICE_OFFER,,1,A202203,C2022Q4T10,NSW1-QLD1,NSW1,5,29883.772970
D,RESIDUE_PRICE_OFFER,,1,A202203,C2022Q4T10,NSW1-QLD1,NSW1,5,35486.9804
D,RESIDUE_PRICE_OFFER,,1,A202203,C2022Q4T10,NSW1-QLD1,NSW1,45,0
D,RESIDUE_PRICE_OFFER,,1,A202203,C2022Q4T10,NSW1-QLD1,QLD1,1,13080.49
D,RESIDUE_PRICE_OFFER,,1,A202203,C2022Q4T10,NSW1-QLD1,QLD1,1,13160.49
D,RESIDUE_PRICE_OFFER,,1,A202203,C2022Q4T10,NSW1-QLD1,QLD1,1,13240.49
D,RESIDUE_PRICE_OFFER,,1,A202203,C2022Q4T10,NSW1-QLD1,QLD1,1,13320.49
D,RESIDUE_PRICE_OFFER,,1,A202203,C2022Q4T10,NSW1-QLD1,QLD1,1,13400.49
D,RESIDUE_PRICE_OFFER,,1,A202203,C2022Q4T10,NSW1-QLD1,QLD1,1,13480.49
D,RESIDUE_PRICE_OFFER,,1,A202203,C2022Q4T10,NSW1-QLD1,QLD1,1,13560.49
D,RESIDUE_PRICE_OFFER,,1,A202203,C2022Q4T10,NSW1-QLD1,QLD1,1,13640.49
D,RESIDUE_PRICE_OFFER,,1,A202203,C2022Q4T10,NSW1-QLD1,QLD1,1,13720.49
D,RESIDUE_PRICE_OFFER,,1,A202203,C2022Q4T10,NSW1-QLD1,QLD1,1,13800.49
D,RESIDUE_PRICE_OFFER,,1,A202203,C2022Q4T10,NSW1-QLD1,QLD1,1,13880.49
D,RESIDUE_PRICE_OFFER,,1,A202203,C2022Q4T10,NSW1-QLD1,QLD1,1,13960.49
D,RESIDUE_PRICE_OFFER,,1,A202203,C2022Q4T10,NSW1-QLD1,QLD1,1,14040.49
D,RESIDUE_PRICE_OFFER,,1,A202203,C2022Q4T10,NSW1-QLD1,QLD1,1,14120.49
D,RESIDUE_PRICE_OFFER,,1,A202203,C2022Q4T10,NSW1-QLD1,QLD1,1,14200.49
D,RESIDUE_PRICE_OFFER,,1,A202203,C2022Q4T10,NSW1-QLD1,QLD1,1,14280.49
D,RESIDUE_PRICE_OFFER,,1,A202203,C2022Q4T10,NSW1-QLD1,QLD1,1,14360.49
D,RESIDUE_PRICE_OFFER,,1,A202203,C2022Q4T10,NSW1-QLD1,QLD1,1,14440.49
D,RESIDUE_PRICE_OFFER,,1,A202203,C2022Q4T10,NSW1-QLD1,QLD1,1,14520.49
D,RESIDUE_PRICE_OFFER,,1,A202203,C2022Q4T10,NSW1-QLD1,QLD1,1,14600.49
D,RESIDUE_PRICE_OFFER,,1,A202203,C2022Q4T10,NSW1-QLD1,QLD1,1,14680.49
D,RESIDUE_PRICE_OFFER,,1,A202203,C2022Q4T10,NSW1-QLD1,QLD1,1,14760.49
D,RESIDUE_PRICE_OFFER,,1,A202203,C2022Q4T10,NSW1-QLD1,QLD1,1,14840.49
D,RESIDUE_PRICE_OFFER,,1,A202203,C2022Q4T10,NSW1-QLD1,QLD1,1,14920.49
D,RESIDUE_PRICE_OFFER,,1,A202203,C2022Q4T10,NSW1-QLD1,QLD1,1,15000.49
D,RESIDUE_PRICE_OFFER,,1,A202203,C2022Q4T10,NSW1-QLD1,QLD1,2,17400.49
D,RESIDUE_PRICE_OFFER,,1,A202203,C2022Q4T10,NSW1-QLD1,QLD1,2,17800.49
D,RESIDUE_PRICE_OFFER,,1,A202203,C2022Q4T10,NSW1-QLD1,QLD1,2,18200.49
D,RESIDUE_PRICE_OFFER,,1,A202203,C2022Q4T10,NSW1-QLD1,QLD1,2,18600.49
D,RESIDUE_PRICE_OFFER,,1,A202203,C2022Q4T10,NSW1-QLD1,QLD1,2,19000.49
D,RESIDUE_PRICE_OFFER,,1,A202203,C2022Q4T10,NSW1-QLD1,QLD1,2,19400.49
D,RESIDUE_PRICE_OFFER,,1,A202203,C2022Q4T10,NSW1-QLD1,QLD1,2,19800.49
D,RESIDUE_PRICE_OFFER,,1,A202203,C2022Q4T10,NSW1-QLD1,QLD1,2,20200.49
D,RESIDUE_PRICE_OFFER,,1,A202203,C2022Q4T10,NSW1-QLD1,QLD1,2,20600.49
D,RESIDUE_PRICE_OFFER,,1,A202203,C2022Q4T10,NSW1-QLD1,QLD1,2,21000.49
D,RESIDUE_PRICE_OFFER,,1,A202203,C2022Q4T10,NSW1-QLD1,QLD1,2,21400.49
D,RESIDUE_PRICE_OFFER,,1,A202203,C2022Q4T10,NSW1-QLD1,QLD1,2,21800.49
D,RESIDUE_PRICE_OFFER,,1,A202203,C2022Q4T10,NSW1-QLD1,QLD1,2,22200.49
D,RESIDUE_PRICE_OFFER,,1,A202203,C2022Q4T10,NSW1-QLD1,QLD1,2,22600.49
D,RESIDUE_PRICE_OFFER,,1,A202203,C2022Q4T10,NSW1-QLD1,QLD1,2,23000.49
D,RESIDUE_PRICE_OFFER,,1,A202203,C2022Q4T10,NSW1-QLD1,QLD1,2,23400.49
D,RESIDUE_PRICE_OFFER,,1,A202203,C2022Q4T10,NSW1-QLD1,QLD1,2,23800.49
D,RESIDUE_PRICE_OFFER,,1,A202203,C2022Q4T10,NSW1-QLD1,QLD1,2,24200.49
D,RESIDUE_PRICE_OFFER,,1,A202203,C2022Q4T10,NSW1-QLD1,QLD1,2,24600.49
D,RESIDUE_PRICE_OFFER,,1,A202203,C2022Q4T10,NSW1-QLD1,QLD1,2,25000.49
D,RESIDUE_PRICE_OFFER,,1,A202203,C2022Q4T10,NSW1-QLD1,QLD1,2,25400.49
D,RESIDUE_PRICE_OFFER,,1,A202203,C2022Q4T10,NSW1-QLD1,QLD1,2,25800.49
D,RESIDUE_PRICE_OFFER,,1,A202203,C2022Q4T10,NSW1-QLD1,QLD1,2,26200.49
D,RESIDUE_PRICE_OFFER,,1,A202203,C2022Q4T10,NSW1-QLD1,QLD1,2,26600.49
D,RESIDUE_PRICE_OFFER,,1,A202203,C2022Q4T10,NSW1-QLD1,QLD1,2,27000.49
D,RESIDUE_PRICE_OFFER,,1,A202203,C2022Q4T10,NSW1-QLD1,QLD1,2,27400.49
D,RESIDUE_PRICE_OFFER,,1,A202203,C2022Q4T10,NSW1-QLD1,QLD1,2,27800.49
D,RESIDUE_PRICE_OFFER,,1,A202203,C2022Q4T10,NSW1-QLD1,QLD1,2,28200.49
D,RESIDUE_PRICE_OFFER,,1,A202203,C2022Q4T10,NSW1-QLD1,QLD1,2,28600.49
D,RESIDUE_PRICE_OFFER,,1,A202203,C2022Q4T10,NSW1-QLD1,QLD1,2,29000.49
D,RESIDUE_PRICE_OFFER,,1,A202203,C2022Q4T10,NSW1-QLD1,QLD1,2,29400.49
D,RESIDUE_PRICE_OFFER,,1,A202203,C2022Q4T10,NSW1-QLD1,QLD1,2,29800.49
D,RESIDUE_PRICE_OFFER,,1,A202203,C2022Q4T10,NSW1-QLD1,QLD1,2,30200.49
D,RESIDUE_PRICE_OFFER,,1,A202203,C2022Q4T10,NSW1-QLD1,QLD1,2,30600.49
D,RESIDUE_PRICE_OFFER,,1,A202203,C2022Q4T10,NSW1-QLD1,QLD1,2,31000.49
D,RESIDUE_PRICE_OFFER,,1,A202203,C2022Q4T10,NSW1-QLD1,QLD1,2,31400.49
D,RESIDUE_PRICE_OFFER,,1,A202203,C2022Q4T10,NSW1-QLD1,QLD1,2,31800.49
D,RESIDUE_PRICE_OFFER,,1,A202203,C2022Q4T10,NSW1-QLD1,QLD1,2,32200.49
D,RESIDUE_PRICE_OFFER,,1,A202203,C2022Q4T10,NSW1-QLD1,QLD1,2,32600.49
D,RESIDUE_PRICE_OFFER,,1,A202203,C2022Q4T10,NSW1-QLD1,QLD1,2,33000.49
D,RESIDUE_PRICE_OFFER,,1,A202203,C2022Q4T10,NSW1-QLD1,QLD1,2,33400.49
D,RESIDUE_PRICE_OFFER,,1,A202203,C2022Q4T10,NSW1-QLD1,QLD1,2,33800.49
D,RESIDUE_PRICE_OFFER,,1,A202203,C2022Q4T10,NSW1-QLD1,QLD1,2,34200.49
D,RESIDUE_PRICE_OFFER,,1,A202203,C2022Q4T10,NSW1-QLD1,QLD1,2,34600.49
D,RESIDUE_PRICE_OFFER,,1,A202203,C2022Q4T10,NSW1-QLD1,QLD1,2,35000.49
D,RESIDUE_PRICE_OFFER,,1,A202203,C2022Q4T10,NSW1-QLD1,QLD1,20,12211.5901
D,RESIDUE_PRICE_OFFER,,1,A202203,C2022Q4T10,NSW1-QLD1,QLD1,20,13321.734650
D,RESIDUE_PRICE_OFFER,,1,A202203,C2022Q4T10,NSW1-QLD1,QLD1,20,18990
D,RESIDUE_PRICE_OFFER,,1,A202203,C2022Q4T10,NSW1-QLD1,QLD1,100,0
D,RESIDUE_PRICE_OFFER,,1,A202203,C2022Q4T10,V-SA,SA1,1,7500.38
D,RESIDUE_PRICE_OFFER,,1,A202203,C2022Q4T10,V-SA,SA1,1,8000
D,RESIDUE_PRICE_OFFER,,1,A202203,C2022Q4T10,V-SA,SA1,2,9142.86
D,RESIDUE_PRICE_OFFER,,1,A202203,C2022Q4T10,V-SA,SA1,2,10285.709990
D,RESIDUE_PRICE_OFFER,,1,A202203,C2022Q4T10,V-SA,SA1,2,11428.57
D,RESIDUE_PRICE_OFFER,,1,A202203,C2022Q4T10,V-SA,SA1,2,12571.43
D,RESIDUE_PRICE_OFFER,,1,A202203,C2022Q4T10,V-SA,SA1,2,13714.29
D,RESIDUE_PRICE_OFFER,,1,A202203,C2022Q4T10,V-SA,SA1,2,14857.14
D,RESIDUE_PRICE_OFFER,,1,A202203,C2022Q4T10,V-SA,SA1,2,16000
D,RESIDUE_PRICE_OFFER,,1,A202203,C2022Q4T10,V-SA,SA1,10,9357.225850
D,RESIDUE_PRICE_OFFER,,1,A202203,C2022Q4T10,V-SA,SA1,10,11139.554580
D,RESIDUE_PRICE_OFFER,,1,A202203,C2022Q4T10,V-SA,SA1,64,0
D,RESIDUE_PRICE_OFFER,,1,A202203,C2022Q4T10,V-SA,VIC1,1,15080.62
D,RESIDUE_PRICE_OFFER,,1,A202203,C2022Q4T10,V-SA,VIC1,1,15160.62
D,RESIDUE_PRICE_OFFER,,1,A202203,C2022Q4T10,V-SA,VIC1,1,15240.62
D,RESIDUE_PRICE_OFFER,,1,A202203,C2022Q4T10,V-SA,VIC1,1,15320.62
D,RESIDUE_PRICE_OFFER,,1,A202203,C2022Q4T10,V-SA,VIC1,1,15400.62
D,RESIDUE_PRICE_OFFER,,1,A202203,C2022Q4T10,V-SA,VIC1,1,15480.62
D,RESIDUE_PRICE_OFFER,,1,A202203,C2022Q4T10,V-SA,VIC1,1,15560.62
D,RESIDUE_PRICE_OFFER,,1,A202203,C2022Q4T10,V-SA,VIC1,1,15640.62
D,RESIDUE_PRICE_OFFER,,1,A202203,C2022Q4T10,V-SA,VIC1,1,15720.62
D,RESIDUE_PRICE_OFFER,,1,A202203,C2022Q4T10,V-SA,VIC1,1,15800.62
D,RESIDUE_PRICE_OFFER,,1,A202203,C2022Q4T10,V-SA,VIC1,1,15880.62
D,RESIDUE_PRICE_OFFER,,1,A202203,C2022Q4T10,V-SA,VIC1,1,15960.62
D,RESIDUE_PRICE_OFFER,,1,A202203,C2022Q4T10,V-SA,VIC1,1,16040.62
D,RESIDUE_PRICE_OFFER,,1,A202203,C2022Q4T10,V-SA,VIC1,1,16120.62
D,RESIDUE_PRICE_OFFER,,1,A202203,C2022Q4T10,V-SA,VIC1,1,16200.62
D,RESIDUE_PRICE_OFFER,,1,A202203,C2022Q4T10,V-SA,VIC1,1,16280.62
D,RESIDUE_PRICE_OFFER,,1,A202203,C2022Q4T10,V-SA,VIC1,1,16360.62
D,RESIDUE_PRICE_OFFER,,1,A202203,C2022Q4T10,V-SA,VIC1,1,16440.62
D,RESIDUE_PRICE_OFFER,,1,A202203,C2022Q4T10,V-SA,VIC1,1,16520.62
D,RESIDUE_PRICE_OFFER,,1,A202203,C2022Q4T10,V-SA,VIC1,1,16600.62
D,RESIDUE_PRICE_OFFER,,1,A202203,C2022Q4T10,V-SA,VIC1,1,16680.62
D,RESIDUE_PRICE_OFFER,,1,A202203,C2022Q4T10,V-SA,VIC1,1,16760.62
D,RESIDUE_PRICE_OFFER,,1,A202203,C2022Q4T10,V-SA,VIC1,1,16840.62
D,RESIDUE_PRICE_OFFER,,1,A202203,C2022Q4T10,V-SA,VIC1,1,16920.62
D,RESIDUE_PRICE_OFFER,,1,A202203,C2022Q4T10,V-SA,VIC1,1,17000.62
D,RESIDUE_PRICE_OFFER,,1,A202203,C2022Q4T10,V-SA,VIC1,2,18566.62
D,RESIDUE_PRICE_OFFER,,1,A202203,C2022Q4T10,V-SA,VIC1,2,19132.62
D,RESIDUE_PRICE_OFFER,,1,A202203,C2022Q4T10,V-SA,VIC1,2,19698.62
D,RESIDUE_PRICE_OFFER,,1,A202203,C2022Q4T10,V-SA,VIC1,2,20264.62
D,RESIDUE_PRICE_OFFER,,1,A202203,C2022Q4T10,V-SA,VIC1,2,20830.62
D,RESIDUE_PRICE_OFFER,,1,A202203,C2022Q4T10,V-SA,VIC1,2,21396.62
D,RESIDUE_PRICE_OFFER,,1,A202203,C2022Q4T10,V-SA,VIC1,2,21962.62
D,RESIDUE_PRICE_OFFER,,1,A202203,C2022Q4T10,V-SA,VIC1,2,22528.62
D,RESIDUE_PRICE_OFFER,,1,A202203,C2022Q4T10,V-SA,VIC1,2,23094.62
D,RESIDUE_PRICE_OFFER,,1,A202203,C2022Q4T10,V-SA,VIC1,2,23660.62
D,RESIDUE_PRICE_OFFER,,1,A202203,C2022Q4T10,V-SA,VIC1,2,24226.62
D,RESIDUE_PRICE_OFFER,,1,A202203,C2022Q4T10,V-SA,VIC1,2,24792.62
D,RESIDUE_PRICE_OFFER,,1,A202203,C2022Q4T10,V-SA,VIC1,2,25358.62
D,RESIDUE_PRICE_OFFER,,1,A202203,C2022Q4T10,V-SA,VIC1,2,25924.62
D,RESIDUE_PRICE_OFFER,,1,A202203,C2022Q4T10,V-SA,VIC1,2,26490.62
D,RESIDUE_PRICE_OFFER,,1,A202203,C2022Q4T10,V-SA,VIC1,2,27056.62
D,RESIDUE_PRICE_OFFER,,1,A202203,C2022Q4T10,V-SA,VIC1,2,27622.62
D,RESIDUE_PRICE_OFFER,,1,A202203,C2022Q4T10,V-SA,VIC1,2,28188.62
D,RESIDUE_PRICE_OFFER,,1,A202203,C2022Q4T10,V-SA,VIC1,2,28754.62
D,RESIDUE_PRICE_OFFER,,1,A202203,C2022Q4T10,V-SA,VIC1,2,29320.62
D,RESIDUE_PRICE_OFFER,,1,A202203,C2022Q4T10,V-SA,VIC1,2,29886.62
D,RESIDUE_PRICE_OFFER,,1,A202203,C2022Q4T10,V-SA,VIC1,2,30452.62
D,RESIDUE_PRICE_OFFER,,1,A202203,C2022Q4T10,V-SA,VIC1,2,31018.62
D,RESIDUE_PRICE_OFFER,,1,A202203,C2022Q4T10,V-SA,VIC1,2,31584.62
D,RESIDUE_PRICE_OFFER,,1,A202203,C2022Q4T10,V-SA,VIC1,2,32150.62
D,RESIDUE_PRICE_OFFER,,1,A202203,C2022Q4T10,V-SA,VIC1,2,32716.62
D,RESIDUE_PRICE_OFFER,,1,A202203,C2022Q4T10,V-SA,VIC1,2,33282.62
D,RESIDUE_PRICE_OFFER,,1,A202203,C2022Q4T10,V-SA,VIC1,2,33848.62
D,RESIDUE_PRICE_OFFER,,1,A202203,C2022Q4T10,V-SA,VIC1,2,34414.62
D,RESIDUE_PRICE_OFFER,,1,A202203,C2022Q4T10,V-SA,VIC1,2,34980.62
D,RESIDUE_PRICE_OFFER,,1,A202203,C2022Q4T10,V-SA,VIC1,73,0
D,RESIDUE_PRICE_OFFER,,1,A202203,C2022Q4T10,VIC1-NSW1,NSW1,1,1278.089990
D,RESIDUE_PRICE_OFFER,,1,A202203,C2022Q4T10,VIC1-NSW1,NSW1,1,1306.089990
D,RESIDUE_PRICE_OFFER,,1,A202203,C2022Q4T10,VIC1-NSW1,NSW1,1,1334.089990
D,RESIDUE_PRICE_OFFER,,1,A202203,C2022Q4T10,VIC1-NSW1,NSW1,1,1362.09
D,RESIDUE_PRICE_OFFER,,1,A202203,C2022Q4T10,VIC1-NSW1,NSW1,1,1390.09
D,RESIDUE_PRICE_OFFER,,1,A202203,C2022Q4T10,VIC1-NSW1,NSW1,1,1418.09
D,RESIDUE_PRICE_OFFER,,1,A202203,C2022Q4T10,VIC1-NSW1,NSW1,1,1446.09
D,RESIDUE_PRICE_OFFER,,1,A202203,C2022Q4T10,VIC1-NSW1,NSW1,1,1474.09
D,RESIDUE_PRICE_OFFER,,1,A202203,C2022Q4T10,VIC1-NSW1,NSW1,1,1502.09
D,RESIDUE_PRICE_OFFER,,1,A202203,C2022Q4T10,VIC1-NSW1,NSW1,1,1530.09
D,RESIDUE_PRICE_OFFER,,1,A202203,C2022Q4T10,VIC1-NSW1,NSW1,1,1558.09
D,RESIDUE_PRICE_OFFER,,1,A202203,C2022Q4T10,VIC1-NSW1,NSW1,1,1586.09
D,RESIDUE_PRICE_OFFER,,1,A202203,C2022Q4T10,VIC1-NSW1,NSW1,1,1614.09
D,RESIDUE_PRICE_OFFER,,1,A202203,C2022Q4T10,VIC1-NSW1,NSW1,1,1642.09
D,RESIDUE_PRICE_OFFER,,1,A202203,C2022Q4T10,VIC1-NSW1,NSW1,1,1670.09
D,RESIDUE_PRICE_OFFER,,1,A202203,C2022Q4T10,VIC1-NSW1,NSW1,1,1698.09
D,RESIDUE_PRICE_OFFER,,1,A202203,C2022Q4T10,VIC1-NSW1,NSW1,1,1726.09
D,RESIDUE_PRICE_OFFER,,1,A202203,C2022Q4T10,VIC1-NSW1,NSW1,1,1754.09
D,RESIDUE_PRICE_OFFER,,1,A202203,C2022Q4T10,VIC1-NSW1,NSW1,1,1782.09
D,RESIDUE_PRICE_OFFER,,1,A202203,C2022Q4T10,VIC1-NSW1,NSW1,1,1810.09
D,RESIDUE_PRICE_OFFER,,1,A202203,C2022Q4T10,VIC1-NSW1,NSW1,1,1838.09
D,RESIDUE_PRICE_OFFER,,1,A202203,C2022Q4T10,VIC1-NSW1,NSW1,1,1866.09
D,RESIDUE_PRICE_OFFER,,1,A202203,C2022Q4T10,VIC1-NSW1,NSW1,1,1894.09
D,RESIDUE_PRICE_OFFER,,1,A202203,C2022Q4T10,VIC1-NSW1,NSW1,1,1922.09
D,RESIDUE_PRICE_OFFER,,1,A202203,C2022Q4T10,VIC1-NSW1,NSW1,1,1950.09
D,RESIDUE_PRICE_OFFER,,1,A202203,C2022Q4T10,VIC1-NSW1,NSW1,1,1978.09
D,RESIDUE_PRICE_OFFER,,1,A202203,C2022Q4T10,VIC1-NSW1,NSW1,20,2512.186580
D,RESIDUE_PRICE_OFFER,,1,A202203,C2022Q4T10,VIC1-NSW1,NSW1,20,2904.715740
D,RESIDUE_PRICE_OFFER,,1,A202203,C2022Q4T10,VIC1-NSW1,NSW1,108,0
D,RESIDUE_PRICE_OFFER,,1,A202203,C2022Q4T10,VIC1-NSW1,VIC1,1,32200.97
D,RESIDUE_PRICE_OFFER,,1,A202203,C2022Q4T10,VIC1-NSW1,VIC1,1,32400.97
D,RESIDUE_PRICE_OFFER,,1,A202203,C2022Q4T10,VIC1-NSW1,VIC1,1,32600.97
D,RESIDUE_PRICE_OFFER,,1,A202203,C2022Q4T10,VIC1-NSW1,VIC1,1,32800.97
D,RESIDUE_PRICE_OFFER,,1,A202203,C2022Q4T10,VIC1-NSW1,VIC1,1,33000.97
D,RESIDUE_PRICE_OFFER,,1,A202203,C2022Q4T10,VIC1-NSW1,VIC1,1,33200.97
D,RESIDUE_PRICE_OFFER,,1,A202203,C2022Q4T10,VIC1-NSW1,VIC1,1,33400.97
D,RESIDUE_PRICE_OFFER,,1,A202203,C2022Q4T10,VIC1-NSW1,VIC1,1,33600.97
D,RESIDUE_PRICE_OFFER,,1,A202203,C2022Q4T10,VIC1-NSW1,VIC1,1,33800.97
D,RESIDUE_PRICE_OFFER,,1,A202203,C2022Q4T10,VIC1-NSW1,VIC1,1,34000.97
D,RESIDUE_PRICE_OFFER,,1,A202203,C2022Q4T10,VIC1-NSW1,VIC1,1,34200.97
D,RESIDUE_PRICE_OFFER,,1,A202203,C2022Q4T10,VIC1-NSW1,VIC1,1,34400.97
D,RESIDUE_PRICE_OFFER,,1,A202203,C2022Q4T10,VIC1-NSW1,VIC1,1,34600.97
D,RESIDUE_PRICE_OFFER,,1,A202203,C2022Q4T10,VIC1-NSW1,VIC1,1,34800.97
D,RESIDUE_PRICE_OFFER,,1,A202203,C2022Q4T10,VIC1-NSW1,VIC1,1,35000.97
D,RESIDUE_PRICE_OFFER,,1,A202203,C2022Q4T10,VIC1-NSW1,VIC1,1,35200.97
D,RESIDUE_PRICE_OFFER,,1,A202203,C2022Q4T10,VIC1-NSW1,VIC1,1,35400.97
D,RESIDUE_PRICE_OFFER,,1,A202203,C2022Q4T10,VIC1-NSW1,VIC1,1,35600.97
D,RESIDUE_PRICE_OFFER,,1,A202203,C2022Q4T10,VIC1-NSW1,VIC1,1,35800.97
D,RESIDUE_PRICE_OFFER,,1,A202203,C2022Q4T10,VIC1-NSW1,VIC1,1,36000.97
D,RESIDUE_PRICE_OFFER,,1,A202203,C2022Q4T10,VIC1-NSW1,VIC1,1,36200.97
D,RESIDUE_PRICE_OFFER,,1,A202203,C2022Q4T10,VIC1-NSW1,VIC1,1,36400.97
D,RESIDUE_PRICE_OFFER,,1,A202203,C2022Q4T10,VIC1-NSW1,VIC1,1,36600.97
D,RESIDUE_PRICE_OFFER,,1,A202203,C2022Q4T10,VIC1-NSW1,VIC1,1,36800.97
D,RESIDUE_PRICE_OFFER,,1,A202203,C2022Q4T10,VIC1-NSW1,VIC1,1,37000.97
D,RESIDUE_PRICE_OFFER,,1,A202203,C2022Q4T10,VIC1-NSW1,VIC1,10,20926.938990
D,RESIDUE_PRICE_OFFER,,1,A202203,C2022Q4T10,VIC1-NSW1,VIC1,10,26634.2860
D,RESIDUE_PRICE_OFFER,,1,A202203,C2022Q4T10,VIC1-NSW1,VIC1,10,47500.97
D,RESIDUE_PRICE_OFFER,,1,A202203,C2022Q4T10,VIC1-NSW1,VIC1,10,50000.97
D,RESIDUE_PRICE_OFFER,,1,A202203,C2022Q4T10,VIC1-NSW1,VIC1,10,52500.97
D,RESIDUE_PRICE_OFFER,,1,A202203,C2022Q4T10,VIC1-NSW1,VIC1,10,55000.97
D,RESIDUE_PRICE_OFFER,,1,A202203,C2022Q4T10,VIC1-NSW1,VIC1,10,57500.97
D,RESIDUE_PRICE_OFFER,,1,A202203,C2022Q4T10,VIC1-NSW1,VIC1,10,60000.97
D,RESIDUE_PRICE_OFFER,,1,A202203,C2022Q4T10,VIC1-NSW1,VIC1,18,30000
D,RESIDUE_PRICE_OFFER,,1,A202203,C2022Q4T10,VIC1-NSW1,VIC1,20,29325
D,RESIDUE_PRICE_OFFER,,1,A202203,C2022Q4T10,VIC1-NSW1,VIC1,125,0
D,RESIDUE_PRICE_OFFER,,1,A202203,C2023Q1T09,NSW1-QLD1,NSW1,1,12533.28
D,RESIDUE_PRICE_OFFER,,1,A202203,C2023Q1T09,NSW1-QLD1,NSW1,1,12566.28
D,RESIDUE_PRICE_OFFER,,1,A202203,C2023Q1T09,NSW1-QLD1,NSW1,1,12599.28
D,RESIDUE_PRICE_OFFER,,1,A202203,C2023Q1T09,NSW1-QLD1,NSW1,2,20000
D,RESIDUE_PRICE_OFFER,,1,A202203,C2023Q1T09,NSW1-QLD1,NSW1,2,22000
D,RESIDUE_PRICE_OFFER,,1,A202203,C2023Q1T09,NSW1-QLD1,NSW1,2,25000
D,RESIDUE_PRICE_OFFER,,1,A202203,C2023Q1T09,NSW1-QLD1,NSW1,5,30832.2760
D,RESIDUE_PRICE_OFFER,,1,A202203,C2023Q1T09,NSW1-QLD1,NSW1,5,46248.4140
D,RESIDUE_PRICE_OFFER,,1,A202203,C2023Q1T09,NSW1-QLD1,NSW1,45,0
D,RESIDUE_PRICE_OFFER,,1,A202203,C2023Q1T09,NSW1-QLD1,QLD1,1,27040.49
D,RESIDUE_PRICE_OFFER,,1,A202203,C2023Q1T09,NSW1-QLD1,QLD1,1,27080.49
D,RESIDUE_PRICE_OFFER,,1,A202203,C2023Q1T09,NSW1-QLD1,QLD1,1,27120.49
D,RESIDUE_PRICE_OFFER,,1,A202203,C2023Q1T09,NSW1-QLD1,QLD1,1,27160.49
D,RESIDUE_PRICE_OFFER,,1,A202203,C2023Q1T09,NSW1-QLD1,QLD1,1,27200.49
D,RESIDUE_PRICE_OFFER,,1,A202203,C2023Q1T09,NSW1-QLD1,QLD1,1,27240.49
D,RESIDUE_PRICE_OFFER,,1,A202203,C2023Q1T09,NSW1-QLD1,QLD1,1,27280.49
D,RESIDUE_PRICE_OFFER,,1,A202203,C2023Q1T09,NSW1-QLD1,QLD1,1,27320.49
D,RESIDUE_PRICE_OFFER,,1,A202203,C2023Q1T09,NSW1-QLD1,QLD1,1,27360.49
D,RESIDUE_PRICE_OFFER,,1,A202203,C2023Q1T09,NSW1-QLD1,QLD1,1,27400.49
D,RESIDUE_PRICE_OFFER,,1,A202203,C2023Q1T09,NSW1-QLD1,QLD1,1,27440.49
D,RESIDUE_PRICE_OFFER,,1,A202203,C2023Q1T09,NSW1-QLD1,QLD1,1,27480.49
D,RESIDUE_PRICE_OFFER,,1,A202203,C2023Q1T09,NSW1-QLD1,QLD1,1,27520.49
D,RESIDUE_PRICE_OFFER,,1,A202203,C2023Q1T09,NSW1-QLD1,QLD1,1,27560.49
D,RESIDUE_PRICE_OFFER,,1,A202203,C2023Q1T09,NSW1-QLD1,QLD1,1,27600.49
D,RESIDUE_PRICE_OFFER,,1,A202203,C2023Q1T09,NSW1-QLD1,QLD1,1,27640.49
D,RESIDUE_PRICE_OFFER,,1,A202203,C2023Q1T09,NSW1-QLD1,QLD1,1,27680.49
D,RESIDUE_PRICE_OFFER,,1,A202203,C2023Q1T09,NSW1-QLD1,QLD1,1,27720.49
D,RESIDUE_PRICE_OFFER,,1,A202203,C2023Q1T09,NSW1-QLD1,QLD1,1,27760.49
D,RESIDUE_PRICE_OFFER,,1,A202203,C2023Q1T09,NSW1-QLD1,QLD1,1,27800.49
D,RESIDUE_PRICE_OFFER,,1,A202203,C2023Q1T09,NSW1-QLD1,QLD1,1,27840.49
D,RESIDUE_PRICE_OFFER,,1,A202203,C2023Q1T09,NSW1-QLD1,QLD1,1,27880.49
D,RESIDUE_PRICE_OFFER,,1,A202203,C2023Q1T09,NSW1-QLD1,QLD1,1,27920.49
D,RESIDUE_PRICE_OFFER,,1,A202203,C2023Q1T09,NSW1-QLD1,QLD1,1,27960.49
D,RESIDUE_PRICE_OFFER,,1,A202203,C2023Q1T09,NSW1-QLD1,QLD1,1,28000.49
D,RESIDUE_PRICE_OFFER,,1,A202203,C2023Q1T09,NSW1-QLD1,QLD1,4,30800.49
D,RESIDUE_PRICE_OFFER,,1,A202203,C2023Q1T09,NSW1-QLD1,QLD1,4,31600.49
D,RESIDUE_PRICE_OFFER,,1,A202203,C2023Q1T09,NSW1-QLD1,QLD1,4,32400.49
D,RESIDUE_PRICE_OFFER,,1,A202203,C2023Q1T09,NSW1-QLD1,QLD1,4,33200.49
D,RESIDUE_PRICE_OFFER,,1,A202203,C2023Q1T09,NSW1-QLD1,QLD1,4,34000.49
D,RESIDUE_PRICE_OFFER,,1,A202203,C2023Q1T09,NSW1-QLD1,QLD1,4,34800.49
D,RESIDUE_PRICE_OFFER,,1,A202203,C2023Q1T09,NSW1-QLD1,QLD1,4,35600.49
D,RESIDUE_PRICE_OFFER,,1,A202203,C2023Q1T09,NSW1-QLD1,QLD1,4,36400.49
D,RESIDUE_PRICE_OFFER,,1,A202203,C2023Q1T09,NSW1-QLD1,QLD1,4,37200.49
D,RESIDUE_PRICE_OFFER,,1,A202203,C2023Q1T09,NSW1-QLD1,QLD1,4,38000.49
D,RESIDUE_PRICE_OFFER,,1,A202203,C2023Q1T09,NSW1-QLD1,QLD1,4,38800.49
D,RESIDUE_PRICE_OFFER,,1,A202203,C2023Q1T09,NSW1-QLD1,QLD1,4,39600.49
D,RESIDUE_PRICE_OFFER,,1,A202203,C2023Q1T09,NSW1-QLD1,QLD1,4,40400.49
D,RESIDUE_PRICE_OFFER,,1,A202203,C2023Q1T09,NSW1-QLD1,QLD1,4,41200.49
D,RESIDUE_PRICE_OFFER,,1,A202203,C2023Q1T09,NSW1-QLD1,QLD1,4,42000.49
D,RESIDUE_PRICE_OFFER,,1,A202203,C2023Q1T09,NSW1-QLD1,QLD1,4,42800.49
D,RESIDUE_PRICE_OFFER,,1,A202203,C2023Q1T09,NSW1-QLD1,QLD1,4,43600.49
D,RESIDUE_PRICE_OFFER,,1,A202203,C2023Q1T09,NSW1-QLD1,QLD1,4,44400.49
D,RESIDUE_PRICE_OFFER,,1,A202203,C2023Q1T09,NSW1-QLD1,QLD1,4,45200.49
D,RESIDUE_PRICE_OFFER,,1,A202203,C2023Q1T09,NSW1-QLD1,QLD1,4,46000.49
D,RESIDUE_PRICE_OFFER,,1,A202203,C2023Q1T09,NSW1-QLD1,QLD1,4,46800.49
D,RESIDUE_PRICE_OFFER,,1,A202203,C2023Q1T09,NSW1-QLD1,QLD1,4,47600.49
D,RESIDUE_PRICE_OFFER,,1,A202203,C2023Q1T09,NSW1-QLD1,QLD1,4,48400.49
D,RESIDUE_PRICE_OFFER,,1,A202203,C2023Q1T09,NSW1-QLD1,QLD1,4,49200.49
D,RESIDUE_PRICE_OFFER,,1,A202203,C2023Q1T09,NSW1-QLD1,QLD1,4,50000.49
D,RESIDUE_PRICE_OFFER,,1,A202203,C2023Q1T09,NSW1-QLD1,QLD1,10,17189.174440
D,RESIDUE_PRICE_OFFER,,1,A202203,C2023Q1T09,NSW1-QLD1,QLD1,10,18751.826660
D,RESIDUE_PRICE_OFFER,,1,A202203,C2023Q1T09,NSW1-QLD1,QLD1,16,40000
D,RESIDUE_PRICE_OFFER,,1,A202203,C2023Q1T09,NSW1-QLD1,QLD1,20,36990
D,RESIDUE_PRICE_OFFER,,1,A202203,C2023Q1T09,NSW1-QLD1,QLD1,100,0
D,RESIDUE_PRICE_OFFER,,1,A202203,C2023Q1T09,V-SA,SA1,10,6850
D,RESIDUE_PRICE_OFFER,,1,A202203,C2023Q1T09,V-SA,SA1,10,9261.244320
D,RESIDUE_PRICE_OFFER,,1,A202203,C2023Q1T09,V-SA,SA1,10,11025.290870
D,RESIDUE_PRICE_OFFER,,1,A202203,C2023Q1T09,V-SA,SA1,64,0
D,RESIDUE_PRICE_OFFER,,1,A202203,C2023Q1T09,V-SA,VIC1,1,20238.62
D,RESIDUE_PRICE_OFFER,,1,A202203,C2023Q1T09,V-SA,VIC1,1,20476.62
D,RESIDUE_PRICE_OFFER,,1,A202203,C2023Q1T09,V-SA,VIC1,1,20714.62
D,RESIDUE_PRICE_OFFER,,1,A202203,C2023Q1T09,V-SA,VIC1,1,20952.62
D,RESIDUE_PRICE_OFFER,,1,A202203,C2023Q1T09,V-SA,VIC1,1,21190.62
D,RESIDUE_PRICE_OFFER,,1,A202203,C2023Q1T09,V-SA,VIC1,1,21428.62
D,RESIDUE_PRICE_OFFER,,1,A202203,C2023Q1T09,V-SA,VIC1,1,21666.62
D,RESIDUE_PRICE_OFFER,,1,A202203,C2023Q1T09,V-SA,VIC1,1,21904.62
D,RESIDUE_PRICE_OFFER,,1,A202203,C2023Q1T09,V-SA,VIC1,1,22142.62
D,RESIDUE_PRICE_OFFER,,1,A202203,C2023Q1T09,V-SA,VIC1,1,22380.62
D,RESIDUE_PRICE_OFFER,,1,A202203,C2023Q1T09,V-SA,VIC1,1,22618.62
D,RESIDUE_PRICE_OFFER,,1,A202203,C2023Q1T09,V-SA,VIC1,1,22856.62
D,RESIDUE_PRICE_OFFER,,1,A202203,C2023Q1T09,V-SA,VIC1,1,23094.62
D,RESIDUE_PRICE_OFFER,,1,A202203,C2023Q1T09,V-SA,VIC1,1,23332.62
D,RESIDUE_PRICE_OFFER,,1,A202203,C2023Q1T09,V-SA,VIC1,1,23570.62
D,RESIDUE_PRICE_OFFER,,1,A202203,C2023Q1T09,V-SA,VIC1,1,23808.62
D,RESIDUE_PRICE_OFFER,,1,A202203,C2023Q1T09,V-SA,VIC1,1,24046.62
D,RESIDUE_PRICE_OFFER,,1,A202203,C2023Q1T09,V-SA,VIC1,1,24284.62
D,RESIDUE_PRICE_OFFER,,1,A202203,C2023Q1T09,V-SA,VIC1,1,24522.62
D,RESIDUE_PRICE_OFFER,,1,A202203,C2023Q1T09,V-SA,VIC1,1,24760.62
D,RESIDUE_PRICE_OFFER,,1,A202203,C2023Q1T09,V-SA,VIC1,1,24998.62
D,RESIDUE_PRICE_OFFER,,1,A202203,C2023Q1T09,V-SA,VIC1,5,26730
D,RESIDUE_PRICE_OFFER,,1,A202203,C2023Q1T09,V-SA,VIC1,73,0
D,RESIDUE_PRICE_OFFER,,1,A202203,C2023Q1T09,VIC1-NSW1,NSW1,1,4525.09
D,RESIDUE_PRICE_OFFER,,1,A202203,C2023Q1T09,VIC1-NSW1,NSW1,1,4550.09
D,RESIDUE_PRICE_OFFER,,1,A202203,C2023Q1T09,VIC1-NSW1,NSW1,1,4575.09
D,RESIDUE_PRICE_OFFER,,1,A202203,C2023Q1T09,VIC1-NSW1,NSW1,1,4600.09
D,RESIDUE_PRICE_OFFER,,1,A202203,C2023Q1T09,VIC1-NSW1,NSW1,1,4625.09
D,RESIDUE_PRICE_OFFER,,1,A202203,C2023Q1T09,VIC1-NSW1,NSW1,1,4650.09
D,RESIDUE_PRICE_OFFER,,1,A202203,C2023Q1T09,VIC1-NSW1,NSW1,1,4675.09
D,RESIDUE_PRICE_OFFER,,1,A202203,C2023Q1T09,VIC1-NSW1,NSW1,1,4700.09
D,RESIDUE_PRICE_OFFER,,1,A202203,C2023Q1T09,VIC1-NSW1,NSW1,1,4725.09
D,RESIDUE_PRICE_OFFER,,1,A202203,C2023Q1T09,VIC1-NSW1,NSW1,1,4750.09
D,RESIDUE_PRICE_OFFER,,1,A202203,C2023Q1T09,VIC1-NSW1,NSW1,13,4500
D,RESIDUE_PRICE_OFFER,,1,A202203,C2023Q1T09,VIC1-NSW1,NSW1,20,10077.18
D,RESIDUE_PRICE_OFFER,,1,A202203,C2023Q1T09,VIC1-NSW1,NSW1,20,11651.739380
D,RESIDUE_PRICE_OFFER,,1,A202203,C2023Q1T09,VIC1-NSW1,NSW1,108,0
D,RESIDUE_PRICE_OFFER,,1,A202203,C2023Q1T09,VIC1-NSW1,VIC1,1,35200.97
D,RESIDUE_PRICE_OFFER,,1,A202203,C2023Q1T09,VIC1-NSW1,VIC1,1,35400.97
D,RESIDUE_PRICE_OFFER,,1,A202203,C2023Q1T09,VIC1-NSW1,VIC1,1,35600.97
D,RESIDUE_PRICE_OFFER,,1,A202203,C2023Q1T09,VIC1-NSW1,VIC1,1,35800.97
D,RESIDUE_PRICE_OFFER,,1,A202203,C2023Q1T09,VIC1-NSW1,VIC1,1,36000.97
D,RESIDUE_PRICE_OFFER,,1,A202203,C2023Q1T09,VIC1-NSW1,VIC1,1,36200.97
D,RESIDUE_PRICE_OFFER,,1,A202203,C2023Q1T09,VIC1-NSW1,VIC1,1,36400.97
D,RESIDUE_PRICE_OFFER,,1,A202203,C2023Q1T09,VIC1-NSW1,VIC1,1,36600.97
D,RESIDUE_PRICE_OFFER,,1,A202203,C2023Q1T09,VIC1-NSW1,VIC1,1,36800.97
D,RESIDUE_PRICE_OFFER,,1,A202203,C2023Q1T09,VIC1-NSW1,VIC1,1,37000.97
D,RESIDUE_PRICE_OFFER,,1,A202203,C2023Q1T09,VIC1-NSW1,VIC1,1,37200.97
D,RESIDUE_PRICE_OFFER,,1,A202203,C2023Q1T09,VIC1-NSW1,VIC1,1,37400.97
D,RESIDUE_PRICE_OFFER,,1,A202203,C2023Q1T09,VIC1-NSW1,VIC1,1,37600.97
D,RESIDUE_PRICE_OFFER,,1,A202203,C2023Q1T09,VIC1-NSW1,VIC1,1,37800.97
D,RESIDUE_PRICE_OFFER,,1,A202203,C2023Q1T09,VIC1-NSW1,VIC1,1,38000.97
D,RESIDUE_PRICE_OFFER,,1,A202203,C2023Q1T09,VIC1-NSW1,VIC1,1,38200.97
D,RESIDUE_PRICE_OFFER,,1,A202203,C2023Q1T09,VIC1-NSW1,VIC1,1,38400.97
D,RESIDUE_PRICE_OFFER,,1,A202203,C2023Q1T09,VIC1-NSW1,VIC1,1,38600.97
D,RESIDUE_PRICE_OFFER,,1,A202203,C2023Q1T09,VIC1-NSW1,VIC1,1,38800.97
D,RESIDUE_PRICE_OFFER,,1,A202203,C2023Q1T09,VIC1-NSW1,VIC1,1,39000.97
D,RESIDUE_PRICE_OFFER,,1,A202203,C2023Q1T09,VIC1-NSW1,VIC1,1,39200.97
D,RESIDUE_PRICE_OFFER,,1,A202203,C2023Q1T09,VIC1-NSW1,VIC1,1,39400.97
D,RESIDUE_PRICE_OFFER,,1,A202203,C2023Q1T09,VIC1-NSW1,VIC1,1,39600.97
D,RESIDUE_PRICE_OFFER,,1,A202203,C2023Q1T09,VIC1-NSW1,VIC1,1,39800.97
D,RESIDUE_PRICE_OFFER,,1,A202203,C2023Q1T09,VIC1-NSW1,VIC1,1,40000.97
D,RESIDUE_PRICE_OFFER,,1,A202203,C2023Q1T09,VIC1-NSW1,VIC1,1,46500.97
D,RESIDUE_PRICE_OFFER,,1,A202203,C2023Q1T09,VIC1-NSW1,VIC1,1,48000.97
D,RESIDUE_PRICE_OFFER,,1,A202203,C2023Q1T09,VIC1-NSW1,VIC1,1,49500.97
D,RESIDUE_PRICE_OFFER,,1,A202203,C2023Q1T09,VIC1-NSW1,VIC1,1,51000.97
D,RESIDUE_PRICE_OFFER,,1,A202203,C2023Q1T09,VIC1-NSW1,VIC1,1,52500.97
D,RESIDUE_PRICE_OFFER,,1,A202203,C2023Q1T09,VIC1-NSW1,VIC1,1,54000.97
D,RESIDUE_PRICE_OFFER,,1,A202203,C2023Q1T09,VIC1-NSW1,VIC1,1,55500.97
D,RESIDUE_PRICE_OFFER,,1,A202203,C2023Q1T09,VIC1-NSW1,VIC1,1,57000.97
D,RESIDUE_PRICE_OFFER,,1,A202203,C2023Q1T09,VIC1-NSW1,VIC1,1,58500.97
D,RESIDUE_PRICE_OFFER,,1,A202203,C2023Q1T09,VIC1-NSW1,VIC1,1,60000.97
D,RESIDUE_PRICE_OFFER,,1,A202203,C2023Q1T09,VIC1-NSW1,VIC1,10,23293.5450
D,RESIDUE_PRICE_OFFER,,1,A202203,C2023Q1T09,VIC1-NSW1,VIC1,10,29646.33
D,RESIDUE_PRICE_OFFER,,1,A202203,C2023Q1T09,VIC1-NSW1,VIC1,20,32980
D,RESIDUE_PRICE_OFFER,,1,A202203,C2023Q1T09,VIC1-NSW1,VIC1,125,0
D,RESIDUE_PRICE_OFFER,,1,A202203,C2023Q2T08,NSW1-QLD1,NSW1,1,5050.28
D,RESIDUE_PRICE_OFFER,,1,A202203,C2023Q2T08,NSW1-QLD1,NSW1,1,5100.28
D,RESIDUE_PRICE_OFFER,,1,A202203,C2023Q2T08,NSW1-QLD1,NSW1,1,20000
D,RESIDUE_PRICE_OFFER,,1,A202203,C2023Q2T08,NSW1-QLD1,NSW1,1,22000
D,RESIDUE_PRICE_OFFER,,1,A202203,C2023Q2T08,NSW1-QLD1,NSW1,2,25000
D,RESIDUE_PRICE_OFFER,,1,A202203,C2023Q2T08,NSW1-QLD1,NSW1,5,9358.333330
D,RESIDUE_PRICE_OFFER,,1,A202203,C2023Q2T08,NSW1-QLD1,NSW1,5,12165.833330
D,RESIDUE_PRICE_OFFER,,1,A202203,C2023Q2T08,NSW1-QLD1,NSW1,45,0
D,RESIDUE_PRICE_OFFER,,1,A202203,C2023Q2T08,NSW1-QLD1,QLD1,1,34100.49
D,RESIDUE_PRICE_OFFER,,1,A202203,C2023Q2T08,NSW1-QLD1,QLD1,1,34200.49
D,RESIDUE_PRICE_OFFER,,1,A202203,C2023Q2T08,NSW1-QLD1,QLD1,1,34300.49
D,RESIDUE_PRICE_OFFER,,1,A202203,C2023Q2T08,NSW1-QLD1,QLD1,1,34400.49
D,RESIDUE_PRICE_OFFER,,1,A202203,C2023Q2T08,NSW1-QLD1,QLD1,1,34500.49
D,RESIDUE_PRICE_OFFER,,1,A202203,C2023Q2T08,NSW1-QLD1,QLD1,1,34600.49
D,RESIDUE_PRICE_OFFER,,1,A202203,C2023Q2T08,NSW1-QLD1,QLD1,1,34700.49
D,RESIDUE_PRICE_OFFER,,1,A202203,C2023Q2T08,NSW1-QLD1,QLD1,1,34800.49
D,RESIDUE_PRICE_OFFER,,1,A202203,C2023Q2T08,NSW1-QLD1,QLD1,1,34900.49
D,RESIDUE_PRICE_OFFER,,1,A202203,C2023Q2T08,NSW1-QLD1,QLD1,1,35000.49
D,RESIDUE_PRICE_OFFER,,1,A202203,C2023Q2T08,NSW1-QLD1,QLD1,2,40800.49
D,RESIDUE_PRICE_OFFER,,1,A202203,C2023Q2T08,NSW1-QLD1,QLD1,2,41600.49
D,RESIDUE_PRICE_OFFER,,1,A202203,C2023Q2T08,NSW1-QLD1,QLD1,2,42400.49
D,RESIDUE_PRICE_OFFER,,1,A202203,C2023Q2T08,NSW1-QLD1,QLD1,2,43200.49
D,RESIDUE_PRICE_OFFER,,1,A202203,C2023Q2T08,NSW1-QLD1,QLD1,2,44000.49
D,RESIDUE_PRICE_OFFER,,1,A202203,C2023Q2T08,NSW1-QLD1,QLD1,2,44800.49
D,RESIDUE_PRICE_OFFER,,1,A202203,C2023Q2T08,NSW1-QLD1,QLD1,2,45600.49
D,RESIDUE_PRICE_OFFER,,1,A202203,C2023Q2T08,NSW1-QLD1,QLD1,2,46400.49
D,RESIDUE_PRICE_OFFER,,1,A202203,C2023Q2T08,NSW1-QLD1,QLD1,2,47200.49
D,RESIDUE_PRICE_OFFER,,1,A202203,C2023Q2T08,NSW1-QLD1,QLD1,2,48000.49
D,RESIDUE_PRICE_OFFER,,1,A202203,C2023Q2T08,NSW1-QLD1,QLD1,2,48800.49
D,RESIDUE_PRICE_OFFER,,1,A202203,C2023Q2T08,NSW1-QLD1,QLD1,2,49600.49
D,RESIDUE_PRICE_OFFER,,1,A202203,C2023Q2T08,NSW1-QLD1,QLD1,2,50400.49
D,RESIDUE_PRICE_OFFER,,1,A202203,C2023Q2T08,NSW1-QLD1,QLD1,2,51200.49
D,RESIDUE_PRICE_OFFER,,1,A202203,C2023Q2T08,NSW1-QLD1,QLD1,2,52000.49
D,RESIDUE_PRICE_OFFER,,1,A202203,C2023Q2T08,NSW1-QLD1,QLD1,2,52800.49
D,RESIDUE_PRICE_OFFER,,1,A202203,C2023Q2T08,NSW1-QLD1,QLD1,2,53600.49
D,RESIDUE_PRICE_OFFER,,1,A202203,C2023Q2T08,NSW1-QLD1,QLD1,2,54400.49
D,RESIDUE_PRICE_OFFER,,1,A202203,C2023Q2T08,NSW1-QLD1,QLD1,2,55200.49
D,RESIDUE_PRICE_OFFER,,1,A202203,C2023Q2T08,NSW1-QLD1,QLD1,2,56000.49
D,RESIDUE_PRICE_OFFER,,1,A202203,C2023Q2T08,NSW1-QLD1,QLD1,2,56800.49
D,RESIDUE_PRICE_OFFER,,1,A202203,C2023Q2T08,NSW1-QLD1,QLD1,2,57600.49
D,RESIDUE_PRICE_OFFER,,1,A202203,C2023Q2T08,NSW1-QLD1,QLD1,2,58400.49
D,RESIDUE_PRICE_OFFER,,1,A202203,C2023Q2T08,NSW1-QLD1,QLD1,2,59200.49
D,RESIDUE_PRICE_OFFER,,1,A202203,C2023Q2T08,NSW1-QLD1,QLD1,2,60000.49
D,RESIDUE_PRICE_OFFER,,1,A202203,C2023Q2T08,NSW1-QLD1,QLD1,14,40000
D,RESIDUE_PRICE_OFFER,,1,A202203,C2023Q2T08,NSW1-QLD1,QLD1,20,43920
D,RESIDUE_PRICE_OFFER,,1,A202203,C2023Q2T08,NSW1-QLD1,QLD1,100,0
D,RESIDUE_PRICE_OFFER,,1,A202203,C2023Q2T08,V-SA,SA1,1,4550.38
D,RESIDUE_PRICE_OFFER,,1,A202203,C2023Q2T08,V-SA,SA1,1,4600.38
D,RESIDUE_PRICE_OFFER,,1,A202203,C2023Q2T08,V-SA,SA1,1,4650.38
D,RESIDUE_PRICE_OFFER,,1,A202203,C2023Q2T08,V-SA,SA1,1,4700.38
D,RESIDUE_PRICE_OFFER,,1,A202203,C2023Q2T08,V-SA,SA1,1,4750.38
D,RESIDUE_PRICE_OFFER,,1,A202203,C2023Q2T08,V-SA,SA1,1,4800.38
D,RESIDUE_PRICE_OFFER,,1,A202203,C2023Q2T08,V-SA,SA1,1,4850.38
D,RESIDUE_PRICE_OFFER,,1,A202203,C2023Q2T08,V-SA,SA1,1,4900.38
D,RESIDUE_PRICE_OFFER,,1,A202203,C2023Q2T08,V-SA,SA1,1,4950.38
D,RESIDUE_PRICE_OFFER,,1,A202203,C2023Q2T08,V-SA,SA1,1,5000.38
D,RESIDUE_PRICE_OFFER,,1,A202203,C2023Q2T08,V-SA,SA1,2,7150.38
D,RESIDUE_PRICE_OFFER,,1,A202203,C2023Q2T08,V-SA,SA1,2,7300.38
D,RESIDUE_PRICE_OFFER,,1,A202203,C2023Q2T08,V-SA,SA1,2,7450.38
D,RESIDUE_PRICE_OFFER,,1,A202203,C2023Q2T08,V-SA,SA1,2,7600.38
D,RESIDUE_PRICE_OFFER,,1,A202203,C2023Q2T08,V-SA,SA1,2,7750.38
D,RESIDUE_PRICE_OFFER,,1,A202203,C2023Q2T08,V-SA,SA1,2,7900.38
D,RESIDUE_PRICE_OFFER,,1,A202203,C2023Q2T08,V-SA,SA1,2,8000
D,RESIDUE_PRICE_OFFER,,1,A202203,C2023Q2T08,V-SA,SA1,2,8050.38
D,RESIDUE_PRICE_OFFER,,1,A202203,C2023Q2T08,V-SA,SA1,2,8200.379990
D,RESIDUE_PRICE_OFFER,,1,A202203,C2023Q2T08,V-SA,SA1,2,8350.379990
D,RESIDUE_PRICE_OFFER,,1,A202203,C2023Q2T08,V-SA,SA1,2,8500.379990
D,RESIDUE_PRICE_OFFER,,1,A202203,C2023Q2T08,V-SA,SA1,2,8888.89
D,RESIDUE_PRICE_OFFER,,1,A202203,C2023Q2T08,V-SA,SA1,2,9777.78
D,RESIDUE_PRICE_OFFER,,1,A202203,C2023Q2T08,V-SA,SA1,2,10666.67
D,RESIDUE_PRICE_OFFER,,1,A202203,C2023Q2T08,V-SA,SA1,2,11555.56
D,RESIDUE_PRICE_OFFER,,1,A202203,C2023Q2T08,V-SA,SA1,2,12444.44
D,RESIDUE_PRICE_OFFER,,1,A202203,C2023Q2T08,V-SA,SA1,2,13333.33
D,RESIDUE_PRICE_OFFER,,1,A202203,C2023Q2T08,V-SA,SA1,2,14222.22
D,RESIDUE_PRICE_OFFER,,1,A202203,C2023Q2T08,V-SA,SA1,2,15111.11
D,RESIDUE_PRICE_OFFER,,1,A202203,C2023Q2T08,V-SA,SA1,2,16000
D,RESIDUE_PRICE_OFFER,,1,A202203,C2023Q2T08,V-SA,SA1,64,0
D,RESIDUE_PRICE_OFFER,,1,A202203,C2023Q2T08,V-SA,VIC1,1,16100.62
D,RESIDUE_PRICE_OFFER,,1,A202203,C2023Q2T08,V-SA,VIC1,1,16200.62
D,RESIDUE_PRICE_OFFER,,1,A202203,C2023Q2T08,V-SA,VIC1,1,16300.62
D,RESIDUE_PRICE_OFFER,,1,A202203,C2023Q2T08,V-SA,VIC1,1,16400.62
D,RESIDUE_PRICE_OFFER,,1,A202203,C2023Q2T08,V-SA,VIC1,1,16500.62
D,RESIDUE_PRICE_OFFER,,1,A202203,C2023Q2T08,V-SA,VIC1,1,16600.62
D,RESIDUE_PRICE_OFFER,,1,A202203,C2023Q2T08,V-SA,VIC1,1,16700.62
D,RESIDUE_PRICE_OFFER,,1,A202203,C2023Q2T08,V-SA,VIC1,1,16800.62
D,RESIDUE_PRICE_OFFER,,1,A202203,C2023Q2T08,V-SA,VIC1,1,16900.62
D,RESIDUE_PRICE_OFFER,,1,A202203,C2023Q2T08,V-SA,VIC1,1,17000.62
D,RESIDUE_PRICE_OFFER,,1,A202203,C2023Q2T08,V-SA,VIC1,2,22800.62
D,RESIDUE_PRICE_OFFER,,1,A202203,C2023Q2T08,V-SA,VIC1,2,23600.62
D,RESIDUE_PRICE_OFFER,,1,A202203,C2023Q2T08,V-SA,VIC1,2,24400.62
D,RESIDUE_PRICE_OFFER,,1,A202203,C2023Q2T08,V-SA,VIC1,2,25200.62
D,RESIDUE_PRICE_OFFER,,1,A202203,C2023Q2T08,V-SA,VIC1,2,26000.62
D,RESIDUE_PRICE_OFFER,,1,A202203,C2023Q2T08,V-SA,VIC1,2,26800.62
D,RESIDUE_PRICE_OFFER,,1,A202203,C2023Q2T08,V-SA,VIC1,2,27600.62
D,RESIDUE_PRICE_OFFER,,1,A202203,C2023Q2T08,V-SA,VIC1,2,28400.62
D,RESIDUE_PRICE_OFFER,,1,A202203,C2023Q2T08,V-SA,VIC1,2,29200.62
D,RESIDUE_PRICE_OFFER,,1,A202203,C2023Q2T08,V-SA,VIC1,2,30000.62
D,RESIDUE_PRICE_OFFER,,1,A202203,C2023Q2T08,V-SA,VIC1,5,13213.20
D,RESIDUE_PRICE_OFFER,,1,A202203,C2023Q2T08,V-SA,VIC1,73,0
D,RESIDUE_PRICE_OFFER,,1,A202203,C2023Q2T08,VIC1-NSW1,NSW1,1,1262.089990
D,RESIDUE_PRICE_OFFER,,1,A202203,C2023Q2T08,VIC1-NSW1,NSW1,1,1274.089990
D,RESIDUE_PRICE_OFFER,,1,A202203,C2023Q2T08,VIC1-NSW1,NSW1,1,1286.089990
D,RESIDUE_PRICE_OFFER,,1,A202203,C2023Q2T08,VIC1-NSW1,NSW1,1,1298.089990
D,RESIDUE_PRICE_OFFER,,1,A202203,C2023Q2T08,VIC1-NSW1,NSW1,1,1310.089990
D,RESIDUE_PRICE_OFFER,,1,A202203,C2023Q2T08,VIC1-NSW1,NSW1,1,1322.089990
D,RESIDUE_PRICE_OFFER,,1,A202203,C2023Q2T08,VIC1-NSW1,NSW1,1,1334.089990
D,RESIDUE_PRICE_OFFER,,1,A202203,C2023Q2T08,VIC1-NSW1,NSW1,1,1346.09
D,RESIDUE_PRICE_OFFER,,1,A202203,C2023Q2T08,VIC1-NSW1,NSW1,1,1358.09
D,RESIDUE_PRICE_OFFER,,1,A202203,C2023Q2T08,VIC1-NSW1,NSW1,1,1370.09
D,RESIDUE_PRICE_OFFER,,1,A202203,C2023Q2T08,VIC1-NSW1,NSW1,1,1382.09
D,RESIDUE_PRICE_OFFER,,1,A202203,C2023Q2T08,VIC1-NSW1,NSW1,1,1394.09
D,RESIDUE_PRICE_OFFER,,1,A202203,C2023Q2T08,VIC1-NSW1,NSW1,1,1406.09
D,RESIDUE_PRICE_OFFER,,1,A202203,C2023Q2T08,VIC1-NSW1,NSW1,1,1418.09
D,RESIDUE_PRICE_OFFER,,1,A202203,C2023Q2T08,VIC1-NSW1,NSW1,1,1430.09
D,RESIDUE_PRICE_OFFER,,1,A202203,C2023Q2T08,VIC1-NSW1,NSW1,1,1442.09
D,RESIDUE_PRICE_OFFER,,1,A202203,C2023Q2T08,VIC1-NSW1,NSW1,1,1454.09
D,RESIDUE_PRICE_OFFER,,1,A202203,C2023Q2T08,VIC1-NSW1,NSW1,1,1466.09
D,RESIDUE_PRICE_OFFER,,1,A202203,C2023Q2T08,VIC1-NSW1,NSW1,1,1478.09
D,RESIDUE_PRICE_OFFER,,1,A202203,C2023Q2T08,VIC1-NSW1,NSW1,1,1490.09
D,RESIDUE_PRICE_OFFER,,1,A202203,C2023Q2T08,VIC1-NSW1,NSW1,1,1502.09
D,RESIDUE_PRICE_OFFER,,1,A202203,C2023Q2T08,VIC1-NSW1,NSW1,1,1514.09
D,RESIDUE_PRICE_OFFER,,1,A202203,C2023Q2T08,VIC1-NSW1,NSW1,1,1526.09
D,RESIDUE_PRICE_OFFER,,1,A202203,C2023Q2T08,VIC1-NSW1,NSW1,1,1538.09
D,RESIDUE_PRICE_OFFER,,1,A202203,C2023Q2T08,VIC1-NSW1,NSW1,1,1550.09
D,RESIDUE_PRICE_OFFER,,1,A202203,C2023Q2T08,VIC1-NSW1,NSW1,1,1562.09
D,RESIDUE_PRICE_OFFER,,1,A202203,C2023Q2T08,VIC1-NSW1,NSW1,1,1574.09
D,RESIDUE_PRICE_OFFER,,1,A202203,C2023Q2T08,VIC1-NSW1,NSW1,1,1586.09
D,RESIDUE_PRICE_OFFER,,1,A202203,C2023Q2T08,VIC1-NSW1,NSW1,1,1598.09
D,RESIDUE_PRICE_OFFER,,1,A202203,C2023Q2T08,VIC1-NSW1,NSW1,1,1610.09
D,RESIDUE_PRICE_OFFER,,1,A202203,C2023Q2T08,VIC1-NSW1,NSW1,1,1622.09
D,RESIDUE_PRICE_OFFER,,1,A202203,C2023Q2T08,VIC1-NSW1,NSW1,1,1634.09
D,RESIDUE_PRICE_OFFER,,1,A202203,C2023Q2T08,VIC1-NSW1,NSW1,1,1646.09
D,RESIDUE_PRICE_OFFER,,1,A202203,C2023Q2T08,VIC1-NSW1,NSW1,1,1658.09
D,RESIDUE_PRICE_OFFER,,1,A202203,C2023Q2T08,VIC1-NSW1,NSW1,1,1670.09
D,RESIDUE_PRICE_OFFER,,1,A202203,C2023Q2T08,VIC1-NSW1,NSW1,1,1682.09
D,RESIDUE_PRICE_OFFER,,1,A202203,C2023Q2T08,VIC1-NSW1,NSW1,1,1694.09
D,RESIDUE_PRICE_OFFER,,1,A202203,C2023Q2T08,VIC1-NSW1,NSW1,1,1706.09
D,RESIDUE_PRICE_OFFER,,1,A202203,C2023Q2T08,VIC1-NSW1,NSW1,1,1718.09
D,RESIDUE_PRICE_OFFER,,1,A202203,C2023Q2T08,VIC1-NSW1,NSW1,1,1730.09
D,RESIDUE_PRICE_OFFER,,1,A202203,C2023Q2T08,VIC1-NSW1,NSW1,1,1742.09
D,RESIDUE_PRICE_OFFER,,1,A202203,C2023Q2T08,VIC1-NSW1,NSW1,1,1754.09
D,RESIDUE_PRICE_OFFER,,1,A202203,C2023Q2T08,VIC1-NSW1,NSW1,1,1766.09
D,RESIDUE_PRICE_OFFER,,1,A202203,C2023Q2T08,VIC1-NSW1,NSW1,1,1778.09
D,RESIDUE_PRICE_OFFER,,1,A202203,C2023Q2T08,VIC1-NSW1,NSW1,1,1790.09
D,RESIDUE_PRICE_OFFER,,1,A202203,C2023Q2T08,VIC1-NSW1,NSW1,1,1802.09
D,RESIDUE_PRICE_OFFER,,1,A202203,C2023Q2T08,VIC1-NSW1,NSW1,1,1814.09
D,RESIDUE_PRICE_OFFER,,1,A202203,C2023Q2T08,VIC1-NSW1,NSW1,1,1826.09
D,RESIDUE_PRICE_OFFER,,1,A202203,C2023Q2T08,VIC1-NSW1,NSW1,1,1838.09
D,RESIDUE_PRICE_OFFER,,1,A202203,C2023Q2T08,VIC1-NSW1,NSW1,1,1850.09
D,RESIDUE_PRICE_OFFER,,1,A202203,C2023Q2T08,VIC1-NSW1,NSW1,1,1862.09
D,RESIDUE_PRICE_OFFER,,1,A202203,C2023Q2T08,VIC1-NSW1,NSW1,1,1874.09
D,RESIDUE_PRICE_OFFER,,1,A202203,C2023Q2T08,VIC1-NSW1,NSW1,1,1886.09
D,RESIDUE_PRICE_OFFER,,1,A202203,C2023Q2T08,VIC1-NSW1,NSW1,1,1898.09
D,RESIDUE_PRICE_OFFER,,1,A202203,C2023Q2T08,VIC1-NSW1,NSW1,1,1910.09
D,RESIDUE_PRICE_OFFER,,1,A202203,C2023Q2T08,VIC1-NSW1,NSW1,1,1922.09
D,RESIDUE_PRICE_OFFER,,1,A202203,C2023Q2T08,VIC1-NSW1,NSW1,1,1934.09
D,RESIDUE_PRICE_OFFER,,1,A202203,C2023Q2T08,VIC1-NSW1,NSW1,1,1946.09
D,RESIDUE_PRICE_OFFER,,1,A202203,C2023Q2T08,VIC1-NSW1,NSW1,1,1958.09
D,RESIDUE_PRICE_OFFER,,1,A202203,C2023Q2T08,VIC1-NSW1,NSW1,1,1970.09
D,RESIDUE_PRICE_OFFER,,1,A202203,C2023Q2T08,VIC1-NSW1,NSW1,58,3000
D,RESIDUE_PRICE_OFFER,,1,A202203,C2023Q2T08,VIC1-NSW1,NSW1,75,2000
D,RESIDUE_PRICE_OFFER,,1,A202203,C2023Q2T08,VIC1-NSW1,NSW1,108,0
D,RESIDUE_PRICE_OFFER,,1,A202203,C2023Q2T08,VIC1-NSW1,VIC1,1,35200.97
D,RESIDUE_PRICE_OFFER,,1,A202203,C2023Q2T08,VIC1-NSW1,VIC1,1,35400.97
D,RESIDUE_PRICE_OFFER,,1,A202203,C2023Q2T08,VIC1-NSW1,VIC1,1,35600.97
D,RESIDUE_PRICE_OFFER,,1,A202203,C2023Q2T08,VIC1-NSW1,VIC1,1,35800.97
D,RESIDUE_PRICE_OFFER,,1,A202203,C2023Q2T08,VIC1-NSW1,VIC1,1,36000.97
D,RESIDUE_PRICE_OFFER,,1,A202203,C2023Q2T08,VIC1-NSW1,VIC1,1,36200.97
D,RESIDUE_PRICE_OFFER,,1,A202203,C2023Q2T08,VIC1-NSW1,VIC1,1,36400.97
D,RESIDUE_PRICE_OFFER,,1,A202203,C2023Q2T08,VIC1-NSW1,VIC1,1,36600.97
D,RESIDUE_PRICE_OFFER,,1,A202203,C2023Q2T08,VIC1-NSW1,VIC1,1,36800.97
D,RESIDUE_PRICE_OFFER,,1,A202203,C2023Q2T08,VIC1-NSW1,VIC1,1,37000.97
D,RESIDUE_PRICE_OFFER,,1,A202203,C2023Q2T08,VIC1-NSW1,VIC1,1,37200.97
D,RESIDUE_PRICE_OFFER,,1,A202203,C2023Q2T08,VIC1-NSW1,VIC1,1,37400.97
D,RESIDUE_PRICE_OFFER,,1,A202203,C2023Q2T08,VIC1-NSW1,VIC1,1,37600.97
D,RESIDUE_PRICE_OFFER,,1,A202203,C2023Q2T08,VIC1-NSW1,VIC1,1,37800.97
D,RESIDUE_PRICE_OFFER,,1,A202203,C2023Q2T08,VIC1-NSW1,VIC1,1,38000.97
D,RESIDUE_PRICE_OFFER,,1,A202203,C2023Q2T08,VIC1-NSW1,VIC1,1,38200.97
D,RESIDUE_PRICE_OFFER,,1,A202203,C2023Q2T08,VIC1-NSW1,VIC1,1,38400.97
D,RESIDUE_PRICE_OFFER,,1,A202203,C2023Q2T08,VIC1-NSW1,VIC1,1,38600.97
D,RESIDUE_PRICE_OFFER,,1,A202203,C2023Q2T08,VIC1-NSW1,VIC1,1,38800.97
D,RESIDUE_PRICE_OFFER,,1,A202203,C2023Q2T08,VIC1-NSW1,VIC1,1,39000.97
D,RESIDUE_PRICE_OFFER,,1,A202203,C2023Q2T08,VIC1-NSW1,VIC1,1,39200.97
D,RESIDUE_PRICE_OFFER,,1,A202203,C2023Q2T08,VIC1-NSW1,VIC1,1,39400.97
D,RESIDUE_PRICE_OFFER,,1,A202203,C2023Q2T08,VIC1-NSW1,VIC1,1,39600.97
D,RESIDUE_PRICE_OFFER,,1,A202203,C2023Q2T08,VIC1-NSW1,VIC1,1,39800.97
D,RESIDUE_PRICE_OFFER,,1,A202203,C2023Q2T08,VIC1-NSW1,VIC1,1,40000.97
D,RESIDUE_PRICE_OFFER,,1,A202203,C2023Q2T08,VIC1-NSW1,VIC1,1,45428.97
D,RESIDUE_PRICE_OFFER,,1,A202203,C2023Q2T08,VIC1-NSW1,VIC1,1,45856.97
D,RESIDUE_PRICE_OFFER,,1,A202203,C2023Q2T08,VIC1-NSW1,VIC1,1,46284.97
D,RESIDUE_PRICE_OFFER,,1,A202203,C2023Q2T08,VIC1-NSW1,VIC1,1,46712.97
D,RESIDUE_PRICE_OFFER,,1,A202203,C2023Q2T08,VIC1-NSW1,VIC1,1,47140.97
D,RESIDUE_PRICE_OFFER,,1,A202203,C2023Q2T08,VIC1-NSW1,VIC1,1,47568.97
D,RESIDUE_PRICE_OFFER,,1,A202203,C2023Q2T08,VIC1-NSW1,VIC1,1,47996.97
D,RESIDUE_PRICE_OFFER,,1,A202203,C2023Q2T08,VIC1-NSW1,VIC1,1,48424.97
D,RESIDUE_PRICE_OFFER,,1,A202203,C2023Q2T08,VIC1-NSW1,VIC1,1,48852.97
D,RESIDUE_PRICE_OFFER,,1,A202203,C2023Q2T08,VIC1-NSW1,VIC1,1,49280.97
D,RESIDUE_PRICE_OFFER,,1,A202203,C2023Q2T08,VIC1-NSW1,VIC1,1,49708.97
D,RESIDUE_PRICE_OFFER,,1,A202203,C2023Q2T08,VIC1-NSW1,VIC1,1,50136.97
D,RESIDUE_PRICE_OFFER,,1,A202203,C2023Q2T08,VIC1-NSW1,VIC1,1,50564.97
D,RESIDUE_PRICE_OFFER,,1,A202203,C2023Q2T08,VIC1-NSW1,VIC1,1,50992.97
D,RESIDUE_PRICE_OFFER,,1,A202203,C2023Q2T08,VIC1-NSW1,VIC1,1,51420.97
D,RESIDUE_PRICE_OFFER,,1,A202203,C2023Q2T08,VIC1-NSW1,VIC1,1,51848.97
D,RESIDUE_PRICE_OFFER,,1,A202203,C2023Q2T08,VIC1-NSW1,VIC1,1,52276.97
D,RESIDUE_PRICE_OFFER,,1,A202203,C2023Q2T08,VIC1-NSW1,VIC1,1,52704.97
D,RESIDUE_PRICE_OFFER,,1,A202203,C2023Q2T08,VIC1-NSW1,VIC1,1,53132.97
D,RESIDUE_PRICE_OFFER,,1,A202203,C2023Q2T08,VIC1-NSW1,VIC1,1,53560.97
D,RESIDUE_PRICE_OFFER,,1,A202203,C2023Q2T08,VIC1-NSW1,VIC1,1,53988.97
D,RESIDUE_PRICE_OFFER,,1,A202203,C2023Q2T08,VIC1-NSW1,VIC1,1,54416.97
D,RESIDUE_PRICE_OFFER,,1,A202203,C2023Q2T08,VIC1-NSW1,VIC1,1,54844.97
D,RESIDUE_PRICE_OFFER,,1,A202203,C2023Q2T08,VIC1-NSW1,VIC1,1,55272.97
D,RESIDUE_PRICE_OFFER,,1,A202203,C2023Q2T08,VIC1-NSW1,VIC1,1,55700.97
D,RESIDUE_PRICE_OFFER,,1,A202203,C2023Q2T08,VIC1-NSW1,VIC1,1,56128.97
D,RESIDUE_PRICE_OFFER,,1,A202203,C2023Q2T08,VIC1-NSW1,VIC1,1,56556.97
D,RESIDUE_PRICE_OFFER,,1,A202203,C2023Q2T08,VIC1-NSW1,VIC1,1,56984.97
D,RESIDUE_PRICE_OFFER,,1,A202203,C2023Q2T08,VIC1-NSW1,VIC1,1,57412.97
D,RESIDUE_PRICE_OFFER,,1,A202203,C2023Q2T08,VIC1-NSW1,VIC1,1,57840.97
D,RESIDUE_PRICE_OFFER,,1,A202203,C2023Q2T08,VIC1-NSW1,VIC1,1,58268.97
D,RESIDUE_PRICE_OFFER,,1,A202203,C2023Q2T08,VIC1-NSW1,VIC1,1,58696.97
D,RESIDUE_PRICE_OFFER,,1,A202203,C2023Q2T08,VIC1-NSW1,VIC1,1,59124.97
D,RESIDUE_PRICE_OFFER,,1,A202203,C2023Q2T08,VIC1-NSW1,VIC1,1,59552.97
D,RESIDUE_PRICE_OFFER,,1,A202203,C2023Q2T08,VIC1-NSW1,VIC1,1,59980.97
D,RESIDUE_PRICE_OFFER,,1,A202203,C2023Q2T08,VIC1-NSW1,VIC1,20,29155
D,RESIDUE_PRICE_OFFER,,1,A202203,C2023Q2T08,VIC1-NSW1,VIC1,125,0
D,RESIDUE_PRICE_OFFER,,1,A202203,C2023Q3T07,NSW1-QLD1,NSW1,1,20000
D,RESIDUE_PRICE_OFFER,,1,A202203,C2023Q3T07,NSW1-QLD1,NSW1,1,22000
D,RESIDUE_PRICE_OFFER,,1,A202203,C2023Q3T07,NSW1-QLD1,NSW1,2,5033.28
D,RESIDUE_PRICE_OFFER,,1,A202203,C2023Q3T07,NSW1-QLD1,NSW1,2,5066.28
D,RESIDUE_PRICE_OFFER,,1,A202203,C2023Q3T07,NSW1-QLD1,NSW1,2,5099.28
D,RESIDUE_PRICE_OFFER,,1,A202203,C2023Q3T07,NSW1-QLD1,NSW1,2,25000
D,RESIDUE_PRICE_OFFER,,1,A202203,C2023Q3T07,NSW1-QLD1,NSW1,5,4800
D,RESIDUE_PRICE_OFFER,,1,A202203,C2023Q3T07,NSW1-QLD1,NSW1,5,9376.666660
D,RESIDUE_PRICE_OFFER,,1,A202203,C2023Q3T07,NSW1-QLD1,NSW1,5,12189.666670
D,RESIDUE_PRICE_OFFER,,1,A202203,C2023Q3T07,NSW1-QLD1,NSW1,45,0
D,RESIDUE_PRICE_OFFER,,1,A202203,C2023Q3T07,NSW1-QLD1,QLD1,1,35100.49
D,RESIDUE_PRICE_OFFER,,1,A202203,C2023Q3T07,NSW1-QLD1,QLD1,1,35200.49
D,RESIDUE_PRICE_OFFER,,1,A202203,C2023Q3T07,NSW1-QLD1,QLD1,1,35300.49
D,RESIDUE_PRICE_OFFER,,1,A202203,C2023Q3T07,NSW1-QLD1,QLD1,1,35400.49
D,RESIDUE_PRICE_OFFER,,1,A202203,C2023Q3T07,NSW1-QLD1,QLD1,1,35500.49
D,RESIDUE_PRICE_OFFER,,1,A202203,C2023Q3T07,NSW1-QLD1,QLD1,1,35600.49
D,RESIDUE_PRICE_OFFER,,1,A202203,C2023Q3T07,NSW1-QLD1,QLD1,1,35700.49
D,RESIDUE_PRICE_OFFER,,1,A202203,C2023Q3T07,NSW1-QLD1,QLD1,1,35800.49
D,RESIDUE_PRICE_OFFER,,1,A202203,C2023Q3T07,NSW1-QLD1,QLD1,1,35900.49
D,RESIDUE_PRICE_OFFER,,1,A202203,C2023Q3T07,NSW1-QLD1,QLD1,1,36000.49
D,RESIDUE_PRICE_OFFER,,1,A202203,C2023Q3T07,NSW1-QLD1,QLD1,2,42000.49
D,RESIDUE_PRICE_OFFER,,1,A202203,C2023Q3T07,NSW1-QLD1,QLD1,2,44000.49
D,RESIDUE_PRICE_OFFER,,1,A202203,C2023Q3T07,NSW1-QLD1,QLD1,2,46000.49
D,RESIDUE_PRICE_OFFER,,1,A202203,C2023Q3T07,NSW1-QLD1,QLD1,2,48000.49
D,RESIDUE_PRICE_OFFER,,1,A202203,C2023Q3T07,NSW1-QLD1,QLD1,2,50000.49
D,RESIDUE_PRICE_OFFER,,1,A202203,C2023Q3T07,NSW1-QLD1,QLD1,2,52000.49
D,RESIDUE_PRICE_OFFER,,1,A202203,C2023Q3T07,NSW1-QLD1,QLD1,2,54000.49
D,RESIDUE_PRICE_OFFER,,1,A202203,C2023Q3T07,NSW1-QLD1,QLD1,2,56000.49
D,RESIDUE_PRICE_OFFER,,1,A202203,C2023Q3T07,NSW1-QLD1,QLD1,2,58000.49
D,RESIDUE_PRICE_OFFER,,1,A202203,C2023Q3T07,NSW1-QLD1,QLD1,2,60000.49
D,RESIDUE_PRICE_OFFER,,1,A202203,C2023Q3T07,NSW1-QLD1,QLD1,20,43740
D,RESIDUE_PRICE_OFFER,,1,A202203,C2023Q3T07,NSW1-QLD1,QLD1,100,0
D,RESIDUE_PRICE_OFFER,,1,A202203,C2023Q3T07,V-SA,SA1,1,6300.38
D,RESIDUE_PRICE_OFFER,,1,A202203,C2023Q3T07,V-SA,SA1,1,6350.38
D,RESIDUE_PRICE_OFFER,,1,A202203,C2023Q3T07,V-SA,SA1,1,6400.38
D,RESIDUE_PRICE_OFFER,,1,A202203,C2023Q3T07,V-SA,SA1,1,6450.38
D,RESIDUE_PRICE_OFFER,,1,A202203,C2023Q3T07,V-SA,SA1,1,6500.38
D,RESIDUE_PRICE_OFFER,,1,A202203,C2023Q3T07,V-SA,SA1,1,6550.38
D,RESIDUE_PRICE_OFFER,,1,A202203,C2023Q3T07,V-SA,SA1,1,6600.38
D,RESIDUE_PRICE_OFFER,,1,A202203,C2023Q3T07,V-SA,SA1,1,6650.38
D,RESIDUE_PRICE_OFFER,,1,A202203,C2023Q3T07,V-SA,SA1,1,6700.38
D,RESIDUE_PRICE_OFFER,,1,A202203,C2023Q3T07,V-SA,SA1,1,6750.38
D,RESIDUE_PRICE_OFFER,,1,A202203,C2023Q3T07,V-SA,SA1,1,6800.38
D,RESIDUE_PRICE_OFFER,,1,A202203,C2023Q3T07,V-SA,SA1,1,6850.38
D,RESIDUE_PRICE_OFFER,,1,A202203,C2023Q3T07,V-SA,SA1,1,6900.38
D,RESIDUE_PRICE_OFFER,,1,A202203,C2023Q3T07,V-SA,SA1,1,6950.38
D,RESIDUE_PRICE_OFFER,,1,A202203,C2023Q3T07,V-SA,SA1,1,7000.38
D,RESIDUE_PRICE_OFFER,,1,A202203,C2023Q3T07,V-SA,SA1,1,7050.38
D,RESIDUE_PRICE_OFFER,,1,A202203,C2023Q3T07,V-SA,SA1,1,7100.38
D,RESIDUE_PRICE_OFFER,,1,A202203,C2023Q3T07,V-SA,SA1,1,7150.38
D,RESIDUE_PRICE_OFFER,,1,A202203,C2023Q3T07,V-SA,SA1,1,7200.38
D,RESIDUE_PRICE_OFFER,,1,A202203,C2023Q3T07,V-SA,SA1,1,7250.38
D,RESIDUE_PRICE_OFFER,,1,A202203,C2023Q3T07,V-SA,SA1,1,7300.38
D,RESIDUE_PRICE_OFFER,,1,A202203,C2023Q3T07,V-SA,SA1,1,7350.38
D,RESIDUE_PRICE_OFFER,,1,A202203,C2023Q3T07,V-SA,SA1,1,7400.38
D,RESIDUE_PRICE_OFFER,,1,A202203,C2023Q3T07,V-SA,SA1,1,7450.38
D,RESIDUE_PRICE_OFFER,,1,A202203,C2023Q3T07,V-SA,SA1,1,7500.38
D,RESIDUE_PRICE_OFFER,,1,A202203,C2023Q3T07,V-SA,SA1,2,8000
D,RESIDUE_PRICE_OFFER,,1,A202203,C2023Q3T07,V-SA,SA1,2,8888.89
D,RESIDUE_PRICE_OFFER,,1,A202203,C2023Q3T07,V-SA,SA1,2,9777.78
D,RESIDUE_PRICE_OFFER,,1,A202203,C2023Q3T07,V-SA,SA1,2,10666.67
D,RESIDUE_PRICE_OFFER,,1,A202203,C2023Q3T07,V-SA,SA1,2,11555.56
D,RESIDUE_PRICE_OFFER,,1,A202203,C2023Q3T07,V-SA,SA1,2,12444.44
D,RESIDUE_PRICE_OFFER,,1,A202203,C2023Q3T07,V-SA,SA1,2,13333.33
D,RESIDUE_PRICE_OFFER,,1,A202203,C2023Q3T07,V-SA,SA1,2,14222.22
D,RESIDUE_PRICE_OFFER,,1,A202203,C2023Q3T07,V-SA,SA1,2,15111.11
D,RESIDUE_PRICE_OFFER,,1,A202203,C2023Q3T07,V-SA,SA1,2,16000
D,RESIDUE_PRICE_OFFER,,1,A202203,C2023Q3T07,V-SA,SA1,64,0
D,RESIDUE_PRICE_OFFER,,1,A202203,C2023Q3T07,V-SA,VIC1,1,16100.62
D,RESIDUE_PRICE_OFFER,,1,A202203,C2023Q3T07,V-SA,VIC1,1,16200.62
D,RESIDUE_PRICE_OFFER,,1,A202203,C2023Q3T07,V-SA,VIC1,1,16300.62
D,RESIDUE_PRICE_OFFER,,1,A202203,C2023Q3T07,V-SA,VIC1,1,16400.62
D,RESIDUE_PRICE_OFFER,,1,A202203,C2023Q3T07,V-SA,VIC1,1,16500.62
D,RESIDUE_PRICE_OFFER,,1,A202203,C2023Q3T07,V-SA,VIC1,1,16600.62
D,RESIDUE_PRICE_OFFER,,1,A202203,C2023Q3T07,V-SA,VIC1,1,16700.62
D,RESIDUE_PRICE_OFFER,,1,A202203,C2023Q3T07,V-SA,VIC1,1,16800.62
D,RESIDUE_PRICE_OFFER,,1,A202203,C2023Q3T07,V-SA,VIC1,1,16900.62
D,RESIDUE_PRICE_OFFER,,1,A202203,C2023Q3T07,V-SA,VIC1,1,17000.62
D,RESIDUE_PRICE_OFFER,,1,A202203,C2023Q3T07,V-SA,VIC1,2,22800.62
D,RESIDUE_PRICE_OFFER,,1,A202203,C2023Q3T07,V-SA,VIC1,2,23600.62
D,RESIDUE_PRICE_OFFER,,1,A202203,C2023Q3T07,V-SA,VIC1,2,24400.62
D,RESIDUE_PRICE_OFFER,,1,A202203,C2023Q3T07,V-SA,VIC1,2,25200.62
D,RESIDUE_PRICE_OFFER,,1,A202203,C2023Q3T07,V-SA,VIC1,2,26000.62
D,RESIDUE_PRICE_OFFER,,1,A202203,C2023Q3T07,V-SA,VIC1,2,26800.62
D,RESIDUE_PRICE_OFFER,,1,A202203,C2023Q3T07,V-SA,VIC1,2,27600.62
D,RESIDUE_PRICE_OFFER,,1,A202203,C2023Q3T07,V-SA,VIC1,2,28400.62
D,RESIDUE_PRICE_OFFER,,1,A202203,C2023Q3T07,V-SA,VIC1,2,29200.62
D,RESIDUE_PRICE_OFFER,,1,A202203,C2023Q3T07,V-SA,VIC1,2,30000.62
D,RESIDUE_PRICE_OFFER,,1,A202203,C2023Q3T07,V-SA,VIC1,5,15000
D,RESIDUE_PRICE_OFFER,,1,A202203,C2023Q3T07,V-SA,VIC1,73,0
D,RESIDUE_PRICE_OFFER,,1,A202203,C2023Q3T07,VIC1-NSW1,NSW1,1,1265.089990
D,RESIDUE_PRICE_OFFER,,1,A202203,C2023Q3T07,VIC1-NSW1,NSW1,1,1280.089990
D,RESIDUE_PRICE_OFFER,,1,A202203,C2023Q3T07,VIC1-NSW1,NSW1,1,1295.089990
D,RESIDUE_PRICE_OFFER,,1,A202203,C2023Q3T07,VIC1-NSW1,NSW1,1,1310.089990
D,RESIDUE_PRICE_OFFER,,1,A202203,C2023Q3T07,VIC1-NSW1,NSW1,1,1325.089990
D,RESIDUE_PRICE_OFFER,,1,A202203,C2023Q3T07,VIC1-NSW1,NSW1,1,1340.089990
D,RESIDUE_PRICE_OFFER,,1,A202203,C2023Q3T07,VIC1-NSW1,NSW1,1,1355.09
D,RESIDUE_PRICE_OFFER,,1,A202203,C2023Q3T07,VIC1-NSW1,NSW1,1,1370.09
D,RESIDUE_PRICE_OFFER,,1,A202203,C2023Q3T07,VIC1-NSW1,NSW1,1,1385.09
D,RESIDUE_PRICE_OFFER,,1,A202203,C2023Q3T07,VIC1-NSW1,NSW1,1,1400.09
D,RESIDUE_PRICE_OFFER,,1,A202203,C2023Q3T07,VIC1-NSW1,NSW1,1,1415.09
D,RESIDUE_PRICE_OFFER,,1,A202203,C2023Q3T07,VIC1-NSW1,NSW1,1,1430.09
D,RESIDUE_PRICE_OFFER,,1,A202203,C2023Q3T07,VIC1-NSW1,NSW1,1,1445.09
D,RESIDUE_PRICE_OFFER,,1,A202203,C2023Q3T07,VIC1-NSW1,NSW1,1,1460.09
D,RESIDUE_PRICE_OFFER,,1,A202203,C2023Q3T07,VIC1-NSW1,NSW1,1,1475.09
D,RESIDUE_PRICE_OFFER,,1,A202203,C2023Q3T07,VIC1-NSW1,NSW1,1,1490.09
D,RESIDUE_PRICE_OFFER,,1,A202203,C2023Q3T07,VIC1-NSW1,NSW1,1,1505.09
D,RESIDUE_PRICE_OFFER,,1,A202203,C2023Q3T07,VIC1-NSW1,NSW1,1,1520.09
D,RESIDUE_PRICE_OFFER,,1,A202203,C2023Q3T07,VIC1-NSW1,NSW1,1,1535.09
D,RESIDUE_PRICE_OFFER,,1,A202203,C2023Q3T07,VIC1-NSW1,NSW1,1,1550.09
D,RESIDUE_PRICE_OFFER,,1,A202203,C2023Q3T07,VIC1-NSW1,NSW1,1,1565.09
D,RESIDUE_PRICE_OFFER,,1,A202203,C2023Q3T07,VIC1-NSW1,NSW1,1,1580.09
D,RESIDUE_PRICE_OFFER,,1,A202203,C2023Q3T07,VIC1-NSW1,NSW1,1,1595.09
D,RESIDUE_PRICE_OFFER,,1,A202203,C2023Q3T07,VIC1-NSW1,NSW1,1,1610.09
D,RESIDUE_PRICE_OFFER,,1,A202203,C2023Q3T07,VIC1-NSW1,NSW1,1,1625.09
D,RESIDUE_PRICE_OFFER,,1,A202203,C2023Q3T07,VIC1-NSW1,NSW1,1,1640.09
D,RESIDUE_PRICE_OFFER,,1,A202203,C2023Q3T07,VIC1-NSW1,NSW1,1,1655.09
D,RESIDUE_PRICE_OFFER,,1,A202203,C2023Q3T07,VIC1-NSW1,NSW1,1,1670.09
D,RESIDUE_PRICE_OFFER,,1,A202203,C2023Q3T07,VIC1-NSW1,NSW1,1,1685.09
D,RESIDUE_PRICE_OFFER,,1,A202203,C2023Q3T07,VIC1-NSW1,NSW1,1,1700.09
D,RESIDUE_PRICE_OFFER,,1,A202203,C2023Q3T07,VIC1-NSW1,NSW1,1,1715.09
D,RESIDUE_PRICE_OFFER,,1,A202203,C2023Q3T07,VIC1-NSW1,NSW1,1,1730.09
D,RESIDUE_PRICE_OFFER,,1,A202203,C2023Q3T07,VIC1-NSW1,NSW1,1,1745.09
D,RESIDUE_PRICE_OFFER,,1,A202203,C2023Q3T07,VIC1-NSW1,NSW1,1,1760.09
D,RESIDUE_PRICE_OFFER,,1,A202203,C2023Q3T07,VIC1-NSW1,NSW1,1,1775.09
D,RESIDUE_PRICE_OFFER,,1,A202203,C2023Q3T07,VIC1-NSW1,NSW1,1,1790.09
D,RESIDUE_PRICE_OFFER,,1,A202203,C2023Q3T07,VIC1-NSW1,NSW1,1,1805.09
D,RESIDUE_PRICE_OFFER,,1,A202203,C2023Q3T07,VIC1-NSW1,NSW1,1,1820.09
D,RESIDUE_PRICE_OFFER,,1,A202203,C2023Q3T07,VIC1-NSW1,NSW1,1,1835.09
D,RESIDUE_PRICE_OFFER,,1,A202203,C2023Q3T07,VIC1-NSW1,NSW1,1,1850.09
D,RESIDUE_PRICE_OFFER,,1,A202203,C2023Q3T07,VIC1-NSW1,NSW1,1,1865.09
D,RESIDUE_PRICE_OFFER,,1,A202203,C2023Q3T07,VIC1-NSW1,NSW1,1,1880.09
D,RESIDUE_PRICE_OFFER,,1,A202203,C2023Q3T07,VIC1-NSW1,NSW1,1,1895.09
D,RESIDUE_PRICE_OFFER,,1,A202203,C2023Q3T07,VIC1-NSW1,NSW1,1,1910.09
D,RESIDUE_PRICE_OFFER,,1,A202203,C2023Q3T07,VIC1-NSW1,NSW1,1,1925.09
D,RESIDUE_PRICE_OFFER,,1,A202203,C2023Q3T07,VIC1-NSW1,NSW1,1,1940.09
D,RESIDUE_PRICE_OFFER,,1,A202203,C2023Q3T07,VIC1-NSW1,NSW1,1,1955.09
D,RESIDUE_PRICE_OFFER,,1,A202203,C2023Q3T07,VIC1-NSW1,NSW1,50,2000
D,RESIDUE_PRICE_OFFER,,1,A202203,C2023Q3T07,VIC1-NSW1,NSW1,108,0
D,RESIDUE_PRICE_OFFER,,1,A202203,C2023Q3T07,VIC1-NSW1,VIC1,1,35200.97
D,RESIDUE_PRICE_OFFER,,1,A202203,C2023Q3T07,VIC1-NSW1,VIC1,1,35400.97
D,RESIDUE_PRICE_OFFER,,1,A202203,C2023Q3T07,VIC1-NSW1,VIC1,1,35600.97
D,RESIDUE_PRICE_OFFER,,1,A202203,C2023Q3T07,VIC1-NSW1,VIC1,1,35800.97
D,RESIDUE_PRICE_OFFER,,1,A202203,C2023Q3T07,VIC1-NSW1,VIC1,1,36000.97
D,RESIDUE_PRICE_OFFER,,1,A202203,C2023Q3T07,VIC1-NSW1,VIC1,1,36200.97
D,RESIDUE_PRICE_OFFER,,1,A202203,C2023Q3T07,VIC1-NSW1,VIC1,1,36400.97
D,RESIDUE_PRICE_OFFER,,1,A202203,C2023Q3T07,VIC1-NSW1,VIC1,1,36600.97
D,RESIDUE_PRICE_OFFER,,1,A202203,C2023Q3T07,VIC1-NSW1,VIC1,1,36800.97
D,RESIDUE_PRICE_OFFER,,1,A202203,C2023Q3T07,VIC1-NSW1,VIC1,1,37000.97
D,RESIDUE_PRICE_OFFER,,1,A202203,C2023Q3T07,VIC1-NSW1,VIC1,1,37200.97
D,RESIDUE_PRICE_OFFER,,1,A202203,C2023Q3T07,VIC1-NSW1,VIC1,1,37400.97
D,RESIDUE_PRICE_OFFER,,1,A202203,C2023Q3T07,VIC1-NSW1,VIC1,1,37600.97
D,RESIDUE_PRICE_OFFER,,1,A202203,C2023Q3T07,VIC1-NSW1,VIC1,1,37800.97
D,RESIDUE_PRICE_OFFER,,1,A202203,C2023Q3T07,VIC1-NSW1,VIC1,1,38000.97
D,RESIDUE_PRICE_OFFER,,1,A202203,C2023Q3T07,VIC1-NSW1,VIC1,1,38200.97
D,RESIDUE_PRICE_OFFER,,1,A202203,C2023Q3T07,VIC1-NSW1,VIC1,1,38400.97
D,RESIDUE_PRICE_OFFER,,1,A202203,C2023Q3T07,VIC1-NSW1,VIC1,1,38600.97
D,RESIDUE_PRICE_OFFER,,1,A202203,C2023Q3T07,VIC1-NSW1,VIC1,1,38800.97
D,RESIDUE_PRICE_OFFER,,1,A202203,C2023Q3T07,VIC1-NSW1,VIC1,1,39000.97
D,RESIDUE_PRICE_OFFER,,1,A202203,C2023Q3T07,VIC1-NSW1,VIC1,1,39200.97
D,RESIDUE_PRICE_OFFER,,1,A202203,C2023Q3T07,VIC1-NSW1,VIC1,1,39400.97
D,RESIDUE_PRICE_OFFER,,1,A202203,C2023Q3T07,VIC1-NSW1,VIC1,1,39600.97
D,RESIDUE_PRICE_OFFER,,1,A202203,C2023Q3T07,VIC1-NSW1,VIC1,1,39800.97
D,RESIDUE_PRICE_OFFER,,1,A202203,C2023Q3T07,VIC1-NSW1,VIC1,1,40000.97
D,RESIDUE_PRICE_OFFER,,1,A202203,C2023Q3T07,VIC1-NSW1,VIC1,5,46500.97
D,RESIDUE_PRICE_OFFER,,1,A202203,C2023Q3T07,VIC1-NSW1,VIC1,5,48000.97
D,RESIDUE_PRICE_OFFER,,1,A202203,C2023Q3T07,VIC1-NSW1,VIC1,5,49500.97
D,RESIDUE_PRICE_OFFER,,1,A202203,C2023Q3T07,VIC1-NSW1,VIC1,5,51000.97
D,RESIDUE_PRICE_OFFER,,1,A202203,C2023Q3T07,VIC1-NSW1,VIC1,5,52500.97
D,RESIDUE_PRICE_OFFER,,1,A202203,C2023Q3T07,VIC1-NSW1,VIC1,5,54000.97
D,RESIDUE_PRICE_OFFER,,1,A202203,C2023Q3T07,VIC1-NSW1,VIC1,5,55500.97
D,RESIDUE_PRICE_OFFER,,1,A202203,C2023Q3T07,VIC1-NSW1,VIC1,5,57000.97
D,RESIDUE_PRICE_OFFER,,1,A202203,C2023Q3T07,VIC1-NSW1,VIC1,5,58500.97
D,RESIDUE_PRICE_OFFER,,1,A202203,C2023Q3T07,VIC1-NSW1,VIC1,5,60000.97
D,RESIDUE_PRICE_OFFER,,1,A202203,C2023Q3T07,VIC1-NSW1,VIC1,20,29070
D,RESIDUE_PRICE_OFFER,,1,A202203,C2023Q3T07,VIC1-NSW1,VIC1,125,0
D,RESIDUE_PRICE_OFFER,,1,A202203,C2023Q4T06,NSW1-QLD1,NSW1,1,20000
D,RESIDUE_PRICE_OFFER,,1,A202203,C2023Q4T06,NSW1-QLD1,NSW1,1,22000
D,RESIDUE_PRICE_OFFER,,1,A202203,C2023Q4T06,NSW1-QLD1,NSW1,1,25000
D,RESIDUE_PRICE_OFFER,,1,A202203,C2023Q4T06,NSW1-QLD1,NSW1,5,23646.723810
D,RESIDUE_PRICE_OFFER,,1,A202203,C2023Q4T06,NSW1-QLD1,NSW1,5,28080.484520
D,RESIDUE_PRICE_OFFER,,1,A202203,C2023Q4T06,NSW1-QLD1,NSW1,45,0
D,RESIDUE_PRICE_OFFER,,1,A202203,C2023Q4T06,NSW1-QLD1,QLD1,1,18057.49
D,RESIDUE_PRICE_OFFER,,1,A202203,C2023Q4T06,NSW1-QLD1,QLD1,1,18114.49
D,RESIDUE_PRICE_OFFER,,1,A202203,C2023Q4T06,NSW1-QLD1,QLD1,1,18171.49
D,RESIDUE_PRICE_OFFER,,1,A202203,C2023Q4T06,NSW1-QLD1,QLD1,1,18228.49
D,RESIDUE_PRICE_OFFER,,1,A202203,C2023Q4T06,NSW1-QLD1,QLD1,1,18285.49
D,RESIDUE_PRICE_OFFER,,1,A202203,C2023Q4T06,NSW1-QLD1,QLD1,1,18342.49
D,RESIDUE_PRICE_OFFER,,1,A202203,C2023Q4T06,NSW1-QLD1,QLD1,1,18399.49
D,RESIDUE_PRICE_OFFER,,1,A202203,C2023Q4T06,NSW1-QLD1,QLD1,1,18456.49
D,RESIDUE_PRICE_OFFER,,1,A202203,C2023Q4T06,NSW1-QLD1,QLD1,1,18513.49
D,RESIDUE_PRICE_OFFER,,1,A202203,C2023Q4T06,NSW1-QLD1,QLD1,1,18570.49
D,RESIDUE_PRICE_OFFER,,1,A202203,C2023Q4T06,NSW1-QLD1,QLD1,1,18627.49
D,RESIDUE_PRICE_OFFER,,1,A202203,C2023Q4T06,NSW1-QLD1,QLD1,1,18684.49
D,RESIDUE_PRICE_OFFER,,1,A202203,C2023Q4T06,NSW1-QLD1,QLD1,1,18741.49
D,RESIDUE_PRICE_OFFER,,1,A202203,C2023Q4T06,NSW1-QLD1,QLD1,1,18798.49
D,RESIDUE_PRICE_OFFER,,1,A202203,C2023Q4T06,NSW1-QLD1,QLD1,1,18855.49
D,RESIDUE_PRICE_OFFER,,1,A202203,C2023Q4T06,NSW1-QLD1,QLD1,1,18912.49
D,RESIDUE_PRICE_OFFER,,1,A202203,C2023Q4T06,NSW1-QLD1,QLD1,1,18969.49
D,RESIDUE_PRICE_OFFER,,1,A202203,C2023Q4T06,NSW1-QLD1,QLD1,1,19026.49
D,RESIDUE_PRICE_OFFER,,1,A202203,C2023Q4T06,NSW1-QLD1,QLD1,1,19083.49
D,RESIDUE_PRICE_OFFER,,1,A202203,C2023Q4T06,NSW1-QLD1,QLD1,1,19140.49
D,RESIDUE_PRICE_OFFER,,1,A202203,C2023Q4T06,NSW1-QLD1,QLD1,1,19197.49
D,RESIDUE_PRICE_OFFER,,1,A202203,C2023Q4T06,NSW1-QLD1,QLD1,1,19254.49
D,RESIDUE_PRICE_OFFER,,1,A202203,C2023Q4T06,NSW1-QLD1,QLD1,1,19311.49
D,RESIDUE_PRICE_OFFER,,1,A202203,C2023Q4T06,NSW1-QLD1,QLD1,1,19368.49
D,RESIDUE_PRICE_OFFER,,1,A202203,C2023Q4T06,NSW1-QLD1,QLD1,1,19425.49
D,RESIDUE_PRICE_OFFER,,1,A202203,C2023Q4T06,NSW1-QLD1,QLD1,1,19482.49
D,RESIDUE_PRICE_OFFER,,1,A202203,C2023Q4T06,NSW1-QLD1,QLD1,1,19539.49
D,RESIDUE_PRICE_OFFER,,1,A202203,C2023Q4T06,NSW1-QLD1,QLD1,1,19596.49
D,RESIDUE_PRICE_OFFER,,1,A202203,C2023Q4T06,NSW1-QLD1,QLD1,1,19653.49
D,RESIDUE_PRICE_OFFER,,1,A202203,C2023Q4T06,NSW1-QLD1,QLD1,1,19710.49
D,RESIDUE_PRICE_OFFER,,1,A202203,C2023Q4T06,NSW1-QLD1,QLD1,1,19767.49
D,RESIDUE_PRICE_OFFER,,1,A202203,C2023Q4T06,NSW1-QLD1,QLD1,1,19824.49
D,RESIDUE_PRICE_OFFER,,1,A202203,C2023Q4T06,NSW1-QLD1,QLD1,1,19881.49
D,RESIDUE_PRICE_OFFER,,1,A202203,C2023Q4T06,NSW1-QLD1,QLD1,1,19938.49
D,RESIDUE_PRICE_OFFER,,1,A202203,C2023Q4T06,NSW1-QLD1,QLD1,1,19995.49
D,RESIDUE_PRICE_OFFER,,1,A202203,C2023Q4T06,NSW1-QLD1,QLD1,9,40000
D,RESIDUE_PRICE_OFFER,,1,A202203,C2023Q4T06,NSW1-QLD1,QLD1,20,23940
D,RESIDUE_PRICE_OFFER,,1,A202203,C2023Q4T06,NSW1-QLD1,QLD1,100,0
D,RESIDUE_PRICE_OFFER,,1,A202203,C2023Q4T06,V-SA,SA1,1,6783.38
D,RESIDUE_PRICE_OFFER,,1,A202203,C2023Q4T06,V-SA,SA1,1,6816.38
D,RESIDUE_PRICE_OFFER,,1,A202203,C2023Q4T06,V-SA,SA1,1,6849.38
D,RESIDUE_PRICE_OFFER,,1,A202203,C2023Q4T06,V-SA,SA1,1,6882.38
D,RESIDUE_PRICE_OFFER,,1,A202203,C2023Q4T06,V-SA,SA1,1,6915.38
D,RESIDUE_PRICE_OFFER,,1,A202203,C2023Q4T06,V-SA,SA1,1,6948.38
D,RESIDUE_PRICE_OFFER,,1,A202203,C2023Q4T06,V-SA,SA1,1,6981.38
D,RESIDUE_PRICE_OFFER,,1,A202203,C2023Q4T06,V-SA,SA1,1,7014.38
D,RESIDUE_PRICE_OFFER,,1,A202203,C2023Q4T06,V-SA,SA1,1,7047.38
D,RESIDUE_PRICE_OFFER,,1,A202203,C2023Q4T06,V-SA,SA1,1,7080.38
D,RESIDUE_PRICE_OFFER,,1,A202203,C2023Q4T06,V-SA,SA1,1,7113.38
D,RESIDUE_PRICE_OFFER,,1,A202203,C2023Q4T06,V-SA,SA1,1,7146.38
D,RESIDUE_PRICE_OFFER,,1,A202203,C2023Q4T06,V-SA,SA1,1,7179.38
D,RESIDUE_PRICE_OFFER,,1,A202203,C2023Q4T06,V-SA,SA1,1,7212.38
D,RESIDUE_PRICE_OFFER,,1,A202203,C2023Q4T06,V-SA,SA1,1,7245.38
D,RESIDUE_PRICE_OFFER,,1,A202203,C2023Q4T06,V-SA,SA1,1,7278.38
D,RESIDUE_PRICE_OFFER,,1,A202203,C2023Q4T06,V-SA,SA1,1,7311.38
D,RESIDUE_PRICE_OFFER,,1,A202203,C2023Q4T06,V-SA,SA1,1,7344.38
D,RESIDUE_PRICE_OFFER,,1,A202203,C2023Q4T06,V-SA,SA1,1,7377.38
D,RESIDUE_PRICE_OFFER,,1,A202203,C2023Q4T06,V-SA,SA1,1,7410.38
D,RESIDUE_PRICE_OFFER,,1,A202203,C2023Q4T06,V-SA,SA1,1,7443.38
D,RESIDUE_PRICE_OFFER,,1,A202203,C2023Q4T06,V-SA,SA1,1,7476.38
D,RESIDUE_PRICE_OFFER,,1,A202203,C2023Q4T06,V-SA,SA1,1,7509.38
D,RESIDUE_PRICE_OFFER,,1,A202203,C2023Q4T06,V-SA,SA1,1,7542.38
D,RESIDUE_PRICE_OFFER,,1,A202203,C2023Q4T06,V-SA,SA1,1,7575.38
D,RESIDUE_PRICE_OFFER,,1,A202203,C2023Q4T06,V-SA,SA1,1,7608.38
D,RESIDUE_PRICE_OFFER,,1,A202203,C2023Q4T06,V-SA,SA1,1,7641.38
D,RESIDUE_PRICE_OFFER,,1,A202203,C2023Q4T06,V-SA,SA1,1,7674.38
D,RESIDUE_PRICE_OFFER,,1,A202203,C2023Q4T06,V-SA,SA1,1,7707.38
D,RESIDUE_PRICE_OFFER,,1,A202203,C2023Q4T06,V-SA,SA1,1,7740.38
D,RESIDUE_PRICE_OFFER,,1,A202203,C2023Q4T06,V-SA,SA1,1,8000
D,RESIDUE_PRICE_OFFER,,1,A202203,C2023Q4T06,V-SA,SA1,2,9142.86
D,RESIDUE_PRICE_OFFER,,1,A202203,C2023Q4T06,V-SA,SA1,2,10285.709990
D,RESIDUE_PRICE_OFFER,,1,A202203,C2023Q4T06,V-SA,SA1,2,11428.57
D,RESIDUE_PRICE_OFFER,,1,A202203,C2023Q4T06,V-SA,SA1,2,12571.43
D,RESIDUE_PRICE_OFFER,,1,A202203,C2023Q4T06,V-SA,SA1,2,13714.29
D,RESIDUE_PRICE_OFFER,,1,A202203,C2023Q4T06,V-SA,SA1,2,14857.14
D,RESIDUE_PRICE_OFFER,,1,A202203,C2023Q4T06,V-SA,SA1,2,16000
D,RESIDUE_PRICE_OFFER,,1,A202203,C2023Q4T06,V-SA,SA1,64,0
D,RESIDUE_PRICE_OFFER,,1,A202203,C2023Q4T06,V-SA,VIC1,1,12133.62
D,RESIDUE_PRICE_OFFER,,1,A202203,C2023Q4T06,V-SA,VIC1,1,12266.62
D,RESIDUE_PRICE_OFFER,,1,A202203,C2023Q4T06,V-SA,VIC1,1,12399.62
D,RESIDUE_PRICE_OFFER,,1,A202203,C2023Q4T06,V-SA,VIC1,1,12532.62
D,RESIDUE_PRICE_OFFER,,1,A202203,C2023Q4T06,V-SA,VIC1,1,12665.62
D,RESIDUE_PRICE_OFFER,,1,A202203,C2023Q4T06,V-SA,VIC1,1,12798.62
D,RESIDUE_PRICE_OFFER,,1,A202203,C2023Q4T06,V-SA,VIC1,1,12931.62
D,RESIDUE_PRICE_OFFER,,1,A202203,C2023Q4T06,V-SA,VIC1,1,13064.62
D,RESIDUE_PRICE_OFFER,,1,A202203,C2023Q4T06,V-SA,VIC1,1,13197.62
D,RESIDUE_PRICE_OFFER,,1,A202203,C2023Q4T06,V-SA,VIC1,1,13330.62
D,RESIDUE_PRICE_OFFER,,1,A202203,C2023Q4T06,V-SA,VIC1,1,13463.62
D,RESIDUE_PRICE_OFFER,,1,A202203,C2023Q4T06,V-SA,VIC1,1,13596.62
D,RESIDUE_PRICE_OFFER,,1,A202203,C2023Q4T06,V-SA,VIC1,1,13729.62
D,RESIDUE_PRICE_OFFER,,1,A202203,C2023Q4T06,V-SA,VIC1,1,13862.62
D,RESIDUE_PRICE_OFFER,,1,A202203,C2023Q4T06,V-SA,VIC1,1,13995.62
D,RESIDUE_PRICE_OFFER,,1,A202203,C2023Q4T06,V-SA,VIC1,73,0
D,RESIDUE_PRICE_OFFER,,1,A202203,C2023Q4T06,VIC1-NSW1,NSW1,1,1275.089990
D,RESIDUE_PRICE_OFFER,,1,A202203,C2023Q4T06,VIC1-NSW1,NSW1,1,1300.089990
D,RESIDUE_PRICE_OFFER,,1,A202203,C2023Q4T06,VIC1-NSW1,NSW1,1,1325.089990
D,RESIDUE_PRICE_OFFER,,1,A202203,C2023Q4T06,VIC1-NSW1,NSW1,1,1350.09
D,RESIDUE_PRICE_OFFER,,1,A202203,C2023Q4T06,VIC1-NSW1,NSW1,1,1375.09
D,RESIDUE_PRICE_OFFER,,1,A202203,C2023Q4T06,VIC1-NSW1,NSW1,1,1400.09
D,RESIDUE_PRICE_OFFER,,1,A202203,C2023Q4T06,VIC1-NSW1,NSW1,1,1425.09
D,RESIDUE_PRICE_OFFER,,1,A202203,C2023Q4T06,VIC1-NSW1,NSW1,1,1450.09
D,RESIDUE_PRICE_OFFER,,1,A202203,C2023Q4T06,VIC1-NSW1,NSW1,1,1475.09
D,RESIDUE_PRICE_OFFER,,1,A202203,C2023Q4T06,VIC1-NSW1,NSW1,1,1500.09
D,RESIDUE_PRICE_OFFER,,1,A202203,C2023Q4T06,VIC1-NSW1,NSW1,1,1525.09
D,RESIDUE_PRICE_OFFER,,1,A202203,C2023Q4T06,VIC1-NSW1,NSW1,1,1550.09
D,RESIDUE_PRICE_OFFER,,1,A202203,C2023Q4T06,VIC1-NSW1,NSW1,1,1575.09
D,RESIDUE_PRICE_OFFER,,1,A202203,C2023Q4T06,VIC1-NSW1,NSW1,1,1600.09
D,RESIDUE_PRICE_OFFER,,1,A202203,C2023Q4T06,VIC1-NSW1,NSW1,1,1625.09
D,RESIDUE_PRICE_OFFER,,1,A202203,C2023Q4T06,VIC1-NSW1,NSW1,1,1650.09
D,RESIDUE_PRICE_OFFER,,1,A202203,C2023Q4T06,VIC1-NSW1,NSW1,1,1675.09
D,RESIDUE_PRICE_OFFER,,1,A202203,C2023Q4T06,VIC1-NSW1,NSW1,1,1700.09
D,RESIDUE_PRICE_OFFER,,1,A202203,C2023Q4T06,VIC1-NSW1,NSW1,1,1725.09
D,RESIDUE_PRICE_OFFER,,1,A202203,C2023Q4T06,VIC1-NSW1,NSW1,1,1750.09
D,RESIDUE_PRICE_OFFER,,1,A202203,C2023Q4T06,VIC1-NSW1,NSW1,1,1775.09
D,RESIDUE_PRICE_OFFER,,1,A202203,C2023Q4T06,VIC1-NSW1,NSW1,1,1800.09
D,RESIDUE_PRICE_OFFER,,1,A202203,C2023Q4T06,VIC1-NSW1,NSW1,1,1825.09
D,RESIDUE_PRICE_OFFER,,1,A202203,C2023Q4T06,VIC1-NSW1,NSW1,1,1850.09
D,RESIDUE_PRICE_OFFER,,1,A202203,C2023Q4T06,VIC1-NSW1,NSW1,1,1875.09
D,RESIDUE_PRICE_OFFER,,1,A202203,C2023Q4T06,VIC1-NSW1,NSW1,1,1900.09
D,RESIDUE_PRICE_OFFER,,1,A202203,C2023Q4T06,VIC1-NSW1,NSW1,1,1925.09
D,RESIDUE_PRICE_OFFER,,1,A202203,C2023Q4T06,VIC1-NSW1,NSW1,1,1950.09
D,RESIDUE_PRICE_OFFER,,1,A202203,C2023Q4T06,VIC1-NSW1,NSW1,1,1975.09
D,RESIDUE_PRICE_OFFER,,1,A202203,C2023Q4T06,VIC1-NSW1,NSW1,1,2000.09
D,RESIDUE_PRICE_OFFER,,1,A202203,C2023Q4T06,VIC1-NSW1,NSW1,5,2554
D,RESIDUE_PRICE_OFFER,,1,A202203,C2023Q4T06,VIC1-NSW1,NSW1,108,0
D,RESIDUE_PRICE_OFFER,,1,A202203,C2023Q4T06,VIC1-NSW1,VIC1,1,33280.97
D,RESIDUE_PRICE_OFFER,,1,A202203,C2023Q4T06,VIC1-NSW1,VIC1,1,33560.97
D,RESIDUE_PRICE_OFFER,,1,A202203,C2023Q4T06,VIC1-NSW1,VIC1,1,33840.97
D,RESIDUE_PRICE_OFFER,,1,A202203,C2023Q4T06,VIC1-NSW1,VIC1,1,34120.97
D,RESIDUE_PRICE_OFFER,,1,A202203,C2023Q4T06,VIC1-NSW1,VIC1,1,34400.97
D,RESIDUE_PRICE_OFFER,,1,A202203,C2023Q4T06,VIC1-NSW1,VIC1,1,34680.97
D,RESIDUE_PRICE_OFFER,,1,A202203,C2023Q4T06,VIC1-NSW1,VIC1,1,34960.97
D,RESIDUE_PRICE_OFFER,,1,A202203,C2023Q4T06,VIC1-NSW1,VIC1,1,35240.97
D,RESIDUE_PRICE_OFFER,,1,A202203,C2023Q4T06,VIC1-NSW1,VIC1,1,35520.97
D,RESIDUE_PRICE_OFFER,,1,A202203,C2023Q4T06,VIC1-NSW1,VIC1,1,35800.97
D,RESIDUE_PRICE_OFFER,,1,A202203,C2023Q4T06,VIC1-NSW1,VIC1,1,36080.97
D,RESIDUE_PRICE_OFFER,,1,A202203,C2023Q4T06,VIC1-NSW1,VIC1,1,36360.97
D,RESIDUE_PRICE_OFFER,,1,A202203,C2023Q4T06,VIC1-NSW1,VIC1,1,36640.97
D,RESIDUE_PRICE_OFFER,,1,A202203,C2023Q4T06,VIC1-NSW1,VIC1,1,36920.97
D,RESIDUE_PRICE_OFFER,,1,A202203,C2023Q4T06,VIC1-NSW1,VIC1,1,37200.97
D,RESIDUE_PRICE_OFFER,,1,A202203,C2023Q4T06,VIC1-NSW1,VIC1,1,37480.97
D,RESIDUE_PRICE_OFFER,,1,A202203,C2023Q4T06,VIC1-NSW1,VIC1,1,37760.97
D,RESIDUE_PRICE_OFFER,,1,A202203,C2023Q4T06,VIC1-NSW1,VIC1,1,38040.97
D,RESIDUE_PRICE_OFFER,,1,A202203,C2023Q4T06,VIC1-NSW1,VIC1,1,38320.97
D,RESIDUE_PRICE_OFFER,,1,A202203,C2023Q4T06,VIC1-NSW1,VIC1,1,38600.97
D,RESIDUE_PRICE_OFFER,,1,A202203,C2023Q4T06,VIC1-NSW1,VIC1,1,38880.97
D,RESIDUE_PRICE_OFFER,,1,A202203,C2023Q4T06,VIC1-NSW1,VIC1,1,39160.97
D,RESIDUE_PRICE_OFFER,,1,A202203,C2023Q4T06,VIC1-NSW1,VIC1,1,39440.97
D,RESIDUE_PRICE_OFFER,,1,A202203,C2023Q4T06,VIC1-NSW1,VIC1,1,39720.97
D,RESIDUE_PRICE_OFFER,,1,A202203,C2023Q4T06,VIC1-NSW1,VIC1,1,40000.97
D,RESIDUE_PRICE_OFFER,,1,A202203,C2023Q4T06,VIC1-NSW1,VIC1,1,45428.97
D,RESIDUE_PRICE_OFFER,,1,A202203,C2023Q4T06,VIC1-NSW1,VIC1,1,45856.97
D,RESIDUE_PRICE_OFFER,,1,A202203,C2023Q4T06,VIC1-NSW1,VIC1,1,46284.97
D,RESIDUE_PRICE_OFFER,,1,A202203,C2023Q4T06,VIC1-NSW1,VIC1,1,46712.97
D,RESIDUE_PRICE_OFFER,,1,A202203,C2023Q4T06,VIC1-NSW1,VIC1,1,47140.97
D,RESIDUE_PRICE_OFFER,,1,A202203,C2023Q4T06,VIC1-NSW1,VIC1,1,47568.97
D,RESIDUE_PRICE_OFFER,,1,A202203,C2023Q4T06,VIC1-NSW1,VIC1,1,47996.97
D,RESIDUE_PRICE_OFFER,,1,A202203,C2023Q4T06,VIC1-NSW1,VIC1,1,48424.97
D,RESIDUE_PRICE_OFFER,,1,A202203,C2023Q4T06,VIC1-NSW1,VIC1,1,48852.97
D,RESIDUE_PRICE_OFFER,,1,A202203,C2023Q4T06,VIC1-NSW1,VIC1,1,49280.97
D,RESIDUE_PRICE_OFFER,,1,A202203,C2023Q4T06,VIC1-NSW1,VIC1,1,49708.97
D,RESIDUE_PRICE_OFFER,,1,A202203,C2023Q4T06,VIC1-NSW1,VIC1,1,50136.97
D,RESIDUE_PRICE_OFFER,,1,A202203,C2023Q4T06,VIC1-NSW1,VIC1,1,50564.97
D,RESIDUE_PRICE_OFFER,,1,A202203,C2023Q4T06,VIC1-NSW1,VIC1,1,50992.97
D,RESIDUE_PRICE_OFFER,,1,A202203,C2023Q4T06,VIC1-NSW1,VIC1,1,51420.97
D,RESIDUE_PRICE_OFFER,,1,A202203,C2023Q4T06,VIC1-NSW1,VIC1,1,51848.97
D,RESIDUE_PRICE_OFFER,,1,A202203,C2023Q4T06,VIC1-NSW1,VIC1,1,52276.97
D,RESIDUE_PRICE_OFFER,,1,A202203,C2023Q4T06,VIC1-NSW1,VIC1,1,52704.97
D,RESIDUE_PRICE_OFFER,,1,A202203,C2023Q4T06,VIC1-NSW1,VIC1,1,53132.97
D,RESIDUE_PRICE_OFFER,,1,A202203,C2023Q4T06,VIC1-NSW1,VIC1,1,53560.97
D,RESIDUE_PRICE_OFFER,,1,A202203,C2023Q4T06,VIC1-NSW1,VIC1,1,53988.97
D,RESIDUE_PRICE_OFFER,,1,A202203,C2023Q4T06,VIC1-NSW1,VIC1,1,54416.97
D,RESIDUE_PRICE_OFFER,,1,A202203,C2023Q4T06,VIC1-NSW1,VIC1,1,54844.97
D,RESIDUE_PRICE_OFFER,,1,A202203,C2023Q4T06,VIC1-NSW1,VIC1,1,55272.97
D,RESIDUE_PRICE_OFFER,,1,A202203,C2023Q4T06,VIC1-NSW1,VIC1,1,55700.97
D,RESIDUE_PRICE_OFFER,,1,A202203,C2023Q4T06,VIC1-NSW1,VIC1,1,56128.97
D,RESIDUE_PRICE_OFFER,,1,A202203,C2023Q4T06,VIC1-NSW1,VIC1,1,56556.97
D,RESIDUE_PRICE_OFFER,,1,A202203,C2023Q4T06,VIC1-NSW1,VIC1,1,56984.97
D,RESIDUE_PRICE_OFFER,,1,A202203,C2023Q4T06,VIC1-NSW1,VIC1,1,57412.97
D,RESIDUE_PRICE_OFFER,,1,A202203,C2023Q4T06,VIC1-NSW1,VIC1,1,57840.97
D,RESIDUE_PRICE_OFFER,,1,A202203,C2023Q4T06,VIC1-NSW1,VIC1,1,58268.97
D,RESIDUE_PRICE_OFFER,,1,A202203,C2023Q4T06,VIC1-NSW1,VIC1,1,58696.97
D,RESIDUE_PRICE_OFFER,,1,A202203,C2023Q4T06,VIC1-NSW1,VIC1,1,59124.97
D,RESIDUE_PRICE_OFFER,,1,A202203,C2023Q4T06,VIC1-NSW1,VIC1,1,59552.97
D,RESIDUE_PRICE_OFFER,,1,A202203,C2023Q4T06,VIC1-NSW1,VIC1,1,59980.97
D,RESIDUE_PRICE_OFFER,,1,A202203,C2023Q4T06,VIC1-NSW1,VIC1,12,35000
D,RESIDUE_PRICE_OFFER,,1,A202203,C2023Q4T06,VIC1-NSW1,VIC1,20,28305
D,RESIDUE_PRICE_OFFER,,1,A202203,C2023Q4T06,VIC1-NSW1,VIC1,125,0
D,RESIDUE_PRICE_OFFER,,1,A202203,C2024Q1T05,NSW1-QLD1,NSW1,1,20000
D,RESIDUE_PRICE_OFFER,,1,A202203,C2024Q1T05,NSW1-QLD1,NSW1,1,22000
D,RESIDUE_PRICE_OFFER,,1,A202203,C2024Q1T05,NSW1-QLD1,NSW1,1,25000
D,RESIDUE_PRICE_OFFER,,1,A202203,C2024Q1T05,NSW1-QLD1,NSW1,45,0
D,RESIDUE_PRICE_OFFER,,1,A202203,C2024Q1T05,NSW1-QLD1,QLD1,1,28100.49
D,RESIDUE_PRICE_OFFER,,1,A202203,C2024Q1T05,NSW1-QLD1,QLD1,1,28200.49
D,RESIDUE_PRICE_OFFER,,1,A202203,C2024Q1T05,NSW1-QLD1,QLD1,1,28300.49
D,RESIDUE_PRICE_OFFER,,1,A202203,C2024Q1T05,NSW1-QLD1,QLD1,1,28400.49
D,RESIDUE_PRICE_OFFER,,1,A202203,C2024Q1T05,NSW1-QLD1,QLD1,1,28500.49
D,RESIDUE_PRICE_OFFER,,1,A202203,C2024Q1T05,NSW1-QLD1,QLD1,1,28600.49
D,RESIDUE_PRICE_OFFER,,1,A202203,C2024Q1T05,NSW1-QLD1,QLD1,1,28700.49
D,RESIDUE_PRICE_OFFER,,1,A202203,C2024Q1T05,NSW1-QLD1,QLD1,1,28800.49
D,RESIDUE_PRICE_OFFER,,1,A202203,C2024Q1T05,NSW1-QLD1,QLD1,1,28900.49
D,RESIDUE_PRICE_OFFER,,1,A202203,C2024Q1T05,NSW1-QLD1,QLD1,1,29000.49
D,RESIDUE_PRICE_OFFER,,1,A202203,C2024Q1T05,NSW1-QLD1,QLD1,20,42030
D,RESIDUE_PRICE_OFFER,,1,A202203,C2024Q1T05,NSW1-QLD1,QLD1,100,0
D,RESIDUE_PRICE_OFFER,,1,A202203,C2024Q1T05,V-SA,SA1,64,0
D,RESIDUE_PRICE_OFFER,,1,A202203,C2024Q1T05,V-SA,VIC1,1,20294.62
D,RESIDUE_PRICE_OFFER,,1,A202203,C2024Q1T05,V-SA,VIC1,1,20588.62
D,RESIDUE_PRICE_OFFER,,1,A202203,C2024Q1T05,V-SA,VIC1,1,20882.62
D,RESIDUE_PRICE_OFFER,,1,A202203,C2024Q1T05,V-SA,VIC1,1,21176.62
D,RESIDUE_PRICE_OFFER,,1,A202203,C2024Q1T05,V-SA,VIC1,1,21470.62
D,RESIDUE_PRICE_OFFER,,1,A202203,C2024Q1T05,V-SA,VIC1,1,21764.62
D,RESIDUE_PRICE_OFFER,,1,A202203,C2024Q1T05,V-SA,VIC1,1,22058.62
D,RESIDUE_PRICE_OFFER,,1,A202203,C2024Q1T05,V-SA,VIC1,1,22352.62
D,RESIDUE_PRICE_OFFER,,1,A202203,C2024Q1T05,V-SA,VIC1,1,22646.62
D,RESIDUE_PRICE_OFFER,,1,A202203,C2024Q1T05,V-SA,VIC1,1,22940.62
D,RESIDUE_PRICE_OFFER,,1,A202203,C2024Q1T05,V-SA,VIC1,1,23234.62
D,RESIDUE_PRICE_OFFER,,1,A202203,C2024Q1T05,V-SA,VIC1,1,23528.62
D,RESIDUE_PRICE_OFFER,,1,A202203,C2024Q1T05,V-SA,VIC1,1,23822.62
D,RESIDUE_PRICE_OFFER,,1,A202203,C2024Q1T05,V-SA,VIC1,1,24116.62
D,RESIDUE_PRICE_OFFER,,1,A202203,C2024Q1T05,V-SA,VIC1,1,24410.62
D,RESIDUE_PRICE_OFFER,,1,A202203,C2024Q1T05,V-SA,VIC1,1,24704.62
D,RESIDUE_PRICE_OFFER,,1,A202203,C2024Q1T05,V-SA,VIC1,1,24998.62
D,RESIDUE_PRICE_OFFER,,1,A202203,C2024Q1T05,V-SA,VIC1,73,0
D,RESIDUE_PRICE_OFFER,,1,A202203,C2024Q1T05,VIC1-NSW1,NSW1,1,5527.09
D,RESIDUE_PRICE_OFFER,,1,A202203,C2024Q1T05,VIC1-NSW1,NSW1,1,5554.09
D,RESIDUE_PRICE_OFFER,,1,A202203,C2024Q1T05,VIC1-NSW1,NSW1,1,5581.09
D,RESIDUE_PRICE_OFFER,,1,A202203,C2024Q1T05,VIC1-NSW1,NSW1,1,5608.09
D,RESIDUE_PRICE_OFFER,,1,A202203,C2024Q1T05,VIC1-NSW1,NSW1,1,5635.09
D,RESIDUE_PRICE_OFFER,,1,A202203,C2024Q1T05,VIC1-NSW1,NSW1,1,5662.09
D,RESIDUE_PRICE_OFFER,,1,A202203,C2024Q1T05,VIC1-NSW1,NSW1,1,5689.09
D,RESIDUE_PRICE_OFFER,,1,A202203,C2024Q1T05,VIC1-NSW1,NSW1,1,5716.09
D,RESIDUE_PRICE_OFFER,,1,A202203,C2024Q1T05,VIC1-NSW1,NSW1,1,5743.09
D,RESIDUE_PRICE_OFFER,,1,A202203,C2024Q1T05,VIC1-NSW1,NSW1,108,0
D,RESIDUE_PRICE_OFFER,,1,A202203,C2024Q1T05,VIC1-NSW1,VIC1,20,30940
D,RESIDUE_PRICE_OFFER,,1,A202203,C2024Q1T05,VIC1-NSW1,VIC1,22,31000.97
D,RESIDUE_PRICE_OFFER,,1,A202203,C2024Q1T05,VIC1-NSW1,VIC1,125,0
D,RESIDUE_PRICE_OFFER,,1,A202203,C2024Q2T04,NSW1-QLD1,NSW1,1,20000
D,RESIDUE_PRICE_OFFER,,1,A202203,C2024Q2T04,NSW1-QLD1,NSW1,1,22000
D,RESIDUE_PRICE_OFFER,,1,A202203,C2024Q2T04,NSW1-QLD1,NSW1,1,25000
D,RESIDUE_PRICE_OFFER,,1,A202203,C2024Q2T04,NSW1-QLD1,NSW1,45,0
D,RESIDUE_PRICE_OFFER,,1,A202203,C2024Q2T04,NSW1-QLD1,QLD1,20,35550
D,RESIDUE_PRICE_OFFER,,1,A202203,C2024Q2T04,NSW1-QLD1,QLD1,100,0
D,RESIDUE_PRICE_OFFER,,1,A202203,C2024Q2T04,V-SA,SA1,1,5050.38
D,RESIDUE_PRICE_OFFER,,1,A202203,C2024Q2T04,V-SA,SA1,1,5100.38
D,RESIDUE_PRICE_OFFER,,1,A202203,C2024Q2T04,V-SA,SA1,1,5150.38
D,RESIDUE_PRICE_OFFER,,1,A202203,C2024Q2T04,V-SA,SA1,1,5200.38
D,RESIDUE_PRICE_OFFER,,1,A202203,C2024Q2T04,V-SA,SA1,1,5250.38
D,RESIDUE_PRICE_OFFER,,1,A202203,C2024Q2T04,V-SA,SA1,1,5300.38
D,RESIDUE_PRICE_OFFER,,1,A202203,C2024Q2T04,V-SA,SA1,1,5350.38
D,RESIDUE_PRICE_OFFER,,1,A202203,C2024Q2T04,V-SA,SA1,1,5400.38
D,RESIDUE_PRICE_OFFER,,1,A202203,C2024Q2T04,V-SA,SA1,1,5450.38
D,RESIDUE_PRICE_OFFER,,1,A202203,C2024Q2T04,V-SA,SA1,1,5500.38
D,RESIDUE_PRICE_OFFER,,1,A202203,C2024Q2T04,V-SA,SA1,1,7066.38
D,RESIDUE_PRICE_OFFER,,1,A202203,C2024Q2T04,V-SA,SA1,1,7132.38
D,RESIDUE_PRICE_OFFER,,1,A202203,C2024Q2T04,V-SA,SA1,1,7198.38
D,RESIDUE_PRICE_OFFER,,1,A202203,C2024Q2T04,V-SA,SA1,1,7264.38
D,RESIDUE_PRICE_OFFER,,1,A202203,C2024Q2T04,V-SA,SA1,1,7330.38
D,RESIDUE_PRICE_OFFER,,1,A202203,C2024Q2T04,V-SA,SA1,1,7396.38
D,RESIDUE_PRICE_OFFER,,1,A202203,C2024Q2T04,V-SA,SA1,1,7462.38
D,RESIDUE_PRICE_OFFER,,1,A202203,C2024Q2T04,V-SA,SA1,1,7528.38
D,RESIDUE_PRICE_OFFER,,1,A202203,C2024Q2T04,V-SA,SA1,1,7594.38
D,RESIDUE_PRICE_OFFER,,1,A202203,C2024Q2T04,V-SA,SA1,1,7660.38
D,RESIDUE_PRICE_OFFER,,1,A202203,C2024Q2T04,V-SA,SA1,1,7726.38
D,RESIDUE_PRICE_OFFER,,1,A202203,C2024Q2T04,V-SA,SA1,1,7792.38
D,RESIDUE_PRICE_OFFER,,1,A202203,C2024Q2T04,V-SA,SA1,1,7858.38
D,RESIDUE_PRICE_OFFER,,1,A202203,C2024Q2T04,V-SA,SA1,1,7924.38
D,RESIDUE_PRICE_OFFER,,1,A202203,C2024Q2T04,V-SA,SA1,1,7990.38
D,RESIDUE_PRICE_OFFER,,1,A202203,C2024Q2T04,V-SA,SA1,64,0
D,RESIDUE_PRICE_OFFER,,1,A202203,C2024Q2T04,V-SA,VIC1,73,0
D,RESIDUE_PRICE_OFFER,,1,A202203,C2024Q2T04,VIC1-NSW1,NSW1,1,1275.089990
D,RESIDUE_PRICE_OFFER,,1,A202203,C2024Q2T04,VIC1-NSW1,NSW1,1,1300.089990
D,RESIDUE_PRICE_OFFER,,1,A202203,C2024Q2T04,VIC1-NSW1,NSW1,1,1325.089990
D,RESIDUE_PRICE_OFFER,,1,A202203,C2024Q2T04,VIC1-NSW1,NSW1,1,1350.09
D,RESIDUE_PRICE_OFFER,,1,A202203,C2024Q2T04,VIC1-NSW1,NSW1,1,1375.09
D,RESIDUE_PRICE_OFFER,,1,A202203,C2024Q2T04,VIC1-NSW1,NSW1,1,1400.09
D,RESIDUE_PRICE_OFFER,,1,A202203,C2024Q2T04,VIC1-NSW1,NSW1,1,1425.09
D,RESIDUE_PRICE_OFFER,,1,A202203,C2024Q2T04,VIC1-NSW1,NSW1,1,1450.09
D,RESIDUE_PRICE_OFFER,,1,A202203,C2024Q2T04,VIC1-NSW1,NSW1,1,1475.09
D,RESIDUE_PRICE_OFFER,,1,A202203,C2024Q2T04,VIC1-NSW1,NSW1,1,1500.09
D,RESIDUE_PRICE_OFFER,,1,A202203,C2024Q2T04,VIC1-NSW1,NSW1,1,1525.09
D,RESIDUE_PRICE_OFFER,,1,A202203,C2024Q2T04,VIC1-NSW1,NSW1,1,1550.09
D,RESIDUE_PRICE_OFFER,,1,A202203,C2024Q2T04,VIC1-NSW1,NSW1,1,1575.09
D,RESIDUE_PRICE_OFFER,,1,A202203,C2024Q2T04,VIC1-NSW1,NSW1,1,1600.09
D,RESIDUE_PRICE_OFFER,,1,A202203,C2024Q2T04,VIC1-NSW1,NSW1,1,1625.09
D,RESIDUE_PRICE_OFFER,,1,A202203,C2024Q2T04,VIC1-NSW1,NSW1,1,1650.09
D,RESIDUE_PRICE_OFFER,,1,A202203,C2024Q2T04,VIC1-NSW1,NSW1,1,1675.09
D,RESIDUE_PRICE_OFFER,,1,A202203,C2024Q2T04,VIC1-NSW1,NSW1,1,1700.09
D,RESIDUE_PRICE_OFFER,,1,A202203,C2024Q2T04,VIC1-NSW1,NSW1,1,1725.09
D,RESIDUE_PRICE_OFFER,,1,A202203,C2024Q2T04,VIC1-NSW1,NSW1,1,1750.09
D,RESIDUE_PRICE_OFFER,,1,A202203,C2024Q2T04,VIC1-NSW1,NSW1,1,1775.09
D,RESIDUE_PRICE_OFFER,,1,A202203,C2024Q2T04,VIC1-NSW1,NSW1,1,1800.09
D,RESIDUE_PRICE_OFFER,,1,A202203,C2024Q2T04,VIC1-NSW1,NSW1,1,1825.09
D,RESIDUE_PRICE_OFFER,,1,A202203,C2024Q2T04,VIC1-NSW1,NSW1,1,1850.09
D,RESIDUE_PRICE_OFFER,,1,A202203,C2024Q2T04,VIC1-NSW1,NSW1,1,1875.09
D,RESIDUE_PRICE_OFFER,,1,A202203,C2024Q2T04,VIC1-NSW1,NSW1,1,1900.09
D,RESIDUE_PRICE_OFFER,,1,A202203,C2024Q2T04,VIC1-NSW1,NSW1,1,1925.09
D,RESIDUE_PRICE_OFFER,,1,A202203,C2024Q2T04,VIC1-NSW1,NSW1,1,1950.09
D,RESIDUE_PRICE_OFFER,,1,A202203,C2024Q2T04,VIC1-NSW1,NSW1,1,1975.09
D,RESIDUE_PRICE_OFFER,,1,A202203,C2024Q2T04,VIC1-NSW1,NSW1,1,2000.09
D,RESIDUE_PRICE_OFFER,,1,A202203,C2024Q2T04,VIC1-NSW1,NSW1,26,2000
D,RESIDUE_PRICE_OFFER,,1,A202203,C2024Q2T04,VIC1-NSW1,NSW1,108,0
D,RESIDUE_PRICE_OFFER,,1,A202203,C2024Q2T04,VIC1-NSW1,VIC1,1,26071.97
D,RESIDUE_PRICE_OFFER,,1,A202203,C2024Q2T04,VIC1-NSW1,VIC1,1,26142.97
D,RESIDUE_PRICE_OFFER,,1,A202203,C2024Q2T04,VIC1-NSW1,VIC1,1,26213.97
D,RESIDUE_PRICE_OFFER,,1,A202203,C2024Q2T04,VIC1-NSW1,VIC1,1,26284.97
D,RESIDUE_PRICE_OFFER,,1,A202203,C2024Q2T04,VIC1-NSW1,VIC1,1,26355.97
D,RESIDUE_PRICE_OFFER,,1,A202203,C2024Q2T04,VIC1-NSW1,VIC1,1,26426.97
D,RESIDUE_PRICE_OFFER,,1,A202203,C2024Q2T04,VIC1-NSW1,VIC1,1,26497.97
D,RESIDUE_PRICE_OFFER,,1,A202203,C2024Q2T04,VIC1-NSW1,VIC1,20,24225
D,RESIDUE_PRICE_OFFER,,1,A202203,C2024Q2T04,VIC1-NSW1,VIC1,125,0
D,RESIDUE_PRICE_OFFER,,1,A202203,C2024Q3T03,NSW1-QLD1,NSW1,1,20000
D,RESIDUE_PRICE_OFFER,,1,A202203,C2024Q3T03,NSW1-QLD1,NSW1,1,22000
D,RESIDUE_PRICE_OFFER,,1,A202203,C2024Q3T03,NSW1-QLD1,NSW1,1,25000
D,RESIDUE_PRICE_OFFER,,1,A202203,C2024Q3T03,NSW1-QLD1,NSW1,45,0
D,RESIDUE_PRICE_OFFER,,1,A202203,C2024Q3T03,NSW1-QLD1,QLD1,1,37375.49
D,RESIDUE_PRICE_OFFER,,1,A202203,C2024Q3T03,NSW1-QLD1,QLD1,1,37750.49
D,RESIDUE_PRICE_OFFER,,1,A202203,C2024Q3T03,NSW1-QLD1,QLD1,1,38125.49
D,RESIDUE_PRICE_OFFER,,1,A202203,C2024Q3T03,NSW1-QLD1,QLD1,1,38500.49
D,RESIDUE_PRICE_OFFER,,1,A202203,C2024Q3T03,NSW1-QLD1,QLD1,1,38875.49
D,RESIDUE_PRICE_OFFER,,1,A202203,C2024Q3T03,NSW1-QLD1,QLD1,1,39250.49
D,RESIDUE_PRICE_OFFER,,1,A202203,C2024Q3T03,NSW1-QLD1,QLD1,1,39625.49
D,RESIDUE_PRICE_OFFER,,1,A202203,C2024Q3T03,NSW1-QLD1,QLD1,1,40000.49
D,RESIDUE_PRICE_OFFER,,1,A202203,C2024Q3T03,NSW1-QLD1,QLD1,100,0
D,RESIDUE_PRICE_OFFER,,1,A202203,C2024Q3T03,V-SA,SA1,3,6250.38
D,RESIDUE_PRICE_OFFER,,1,A202203,C2024Q3T03,V-SA,SA1,64,0
D,RESIDUE_PRICE_OFFER,,1,A202203,C2024Q3T03,V-SA,VIC1,1,16500.62
D,RESIDUE_PRICE_OFFER,,1,A202203,C2024Q3T03,V-SA,VIC1,73,0
D,RESIDUE_PRICE_OFFER,,1,A202203,C2024Q3T03,VIC1-NSW1,NSW1,108,0
D,RESIDUE_PRICE_OFFER,,1,A202203,C2024Q3T03,VIC1-NSW1,VIC1,1,26050.97
D,RESIDUE_PRICE_OFFER,,1,A202203,C2024Q3T03,VIC1-NSW1,VIC1,1,26100.97
D,RESIDUE_PRICE_OFFER,,1,A202203,C2024Q3T03,VIC1-NSW1,VIC1,1,26150.97
D,RESIDUE_PRICE_OFFER,,1,A202203,C2024Q3T03,VIC1-NSW1,VIC1,1,26200.97
D,RESIDUE_PRICE_OFFER,,1,A202203,C2024Q3T03,VIC1-NSW1,VIC1,1,26250.97
D,RESIDUE_PRICE_OFFER,,1,A202203,C2024Q3T03,VIC1-NSW1,VIC1,1,26300.97
D,RESIDUE_PRICE_OFFER,,1,A202203,C2024Q3T03,VIC1-NSW1,VIC1,1,26350.97
D,RESIDUE_PRICE_OFFER,,1,A202203,C2024Q3T03,VIC1-NSW1,VIC1,1,26400.97
D,RESIDUE_PRICE_OFFER,,1,A202203,C2024Q3T03,VIC1-NSW1,VIC1,1,26450.97
D,RESIDUE_PRICE_OFFER,,1,A202203,C2024Q3T03,VIC1-NSW1,VIC1,1,26500.97
D,RESIDUE_PRICE_OFFER,,1,A202203,C2024Q3T03,VIC1-NSW1,VIC1,125,0
D,RESIDUE_PRICE_OFFER,,1,A202203,C2024Q4T02,NSW1-QLD1,NSW1,1,20000
D,RESIDUE_PRICE_OFFER,,1,A202203,C2024Q4T02,NSW1-QLD1,NSW1,1,22000
D,RESIDUE_PRICE_OFFER,,1,A202203,C2024Q4T02,NSW1-QLD1,NSW1,1,25000
D,RESIDUE_PRICE_OFFER,,1,A202203,C2024Q4T02,NSW1-QLD1,NSW1,45,0
D,RESIDUE_PRICE_OFFER,,1,A202203,C2024Q4T02,NSW1-QLD1,QLD1,100,0
D,RESIDUE_PRICE_OFFER,,1,A202203,C2024Q4T02,V-SA,SA1,64,0
D,RESIDUE_PRICE_OFFER,,1,A202203,C2024Q4T02,V-SA,VIC1,73,0
D,RESIDUE_PRICE_OFFER,,1,A202203,C2024Q4T02,VIC1-NSW1,NSW1,108,0
D,RESIDUE_PRICE_OFFER,,1,A202203,C2024Q4T02,VIC1-NSW1,VIC1,1,29060.97
D,RESIDUE_PRICE_OFFER,,1,A202203,C2024Q4T02,VIC1-NSW1,VIC1,1,29120.97
D,RESIDUE_PRICE_OFFER,,1,A202203,C2024Q4T02,VIC1-NSW1,VIC1,1,29180.97
D,RESIDUE_PRICE_OFFER,,1,A202203,C2024Q4T02,VIC1-NSW1,VIC1,1,29240.97
D,RESIDUE_PRICE_OFFER,,1,A202203,C2024Q4T02,VIC1-NSW1,VIC1,1,29300.97
D,RESIDUE_PRICE_OFFER,,1,A202203,C2024Q4T02,VIC1-NSW1,VIC1,1,29360.97
D,RESIDUE_PRICE_OFFER,,1,A202203,C2024Q4T02,VIC1-NSW1,VIC1,1,29420.97
D,RESIDUE_PRICE_OFFER,,1,A202203,C2024Q4T02,VIC1-NSW1,VIC1,1,29480.97
D,RESIDUE_PRICE_OFFER,,1,A202203,C2024Q4T02,VIC1-NSW1,VIC1,1,29540.97
D,RESIDUE_PRICE_OFFER,,1,A202203,C2024Q4T02,VIC1-NSW1,VIC1,1,29600.97
D,RESIDUE_PRICE_OFFER,,1,A202203,C2024Q4T02,VIC1-NSW1,VIC1,1,29660.97
D,RESIDUE_PRICE_OFFER,,1,A202203,C2024Q4T02,VIC1-NSW1,VIC1,1,29720.97
D,RESIDUE_PRICE_OFFER,,1,A202203,C2024Q4T02,VIC1-NSW1,VIC1,1,29780.97
D,RESIDUE_PRICE_OFFER,,1,A202203,C2024Q4T02,VIC1-NSW1,VIC1,1,29840.97
D,RESIDUE_PRICE_OFFER,,1,A202203,C2024Q4T02,VIC1-NSW1,VIC1,1,29900.97
D,RESIDUE_PRICE_OFFER,,1,A202203,C2024Q4T02,VIC1-NSW1,VIC1,1,29960.97
D,RESIDUE_PRICE_OFFER,,1,A202203,C2024Q4T02,VIC1-NSW1,VIC1,1,30020.97
D,RESIDUE_PRICE_OFFER,,1,A202203,C2024Q4T02,VIC1-NSW1,VIC1,1,30080.97
D,RESIDUE_PRICE_OFFER,,1,A202203,C2024Q4T02,VIC1-NSW1,VIC1,1,30140.97
D,RESIDUE_PRICE_OFFER,,1,A202203,C2024Q4T02,VIC1-NSW1,VIC1,1,30200.97
D,RESIDUE_PRICE_OFFER,,1,A202203,C2024Q4T02,VIC1-NSW1,VIC1,1,30260.97
D,RESIDUE_PRICE_OFFER,,1,A202203,C2024Q4T02,VIC1-NSW1,VIC1,1,30320.97
D,RESIDUE_PRICE_OFFER,,1,A202203,C2024Q4T02,VIC1-NSW1,VIC1,1,30380.97
D,RESIDUE_PRICE_OFFER,,1,A202203,C2024Q4T02,VIC1-NSW1,VIC1,1,30440.97
D,RESIDUE_PRICE_OFFER,,1,A202203,C2024Q4T02,VIC1-NSW1,VIC1,1,30500.97
D,RESIDUE_PRICE_OFFER,,1,A202203,C2024Q4T02,VIC1-NSW1,VIC1,125,0
D,RESIDUE_PRICE_OFFER,,1,A202203,C2025Q1T01,NSW1-QLD1,NSW1,45,0
D,RESIDUE_PRICE_OFFER,,1,A202203,C2025Q1T01,NSW1-QLD1,QLD1,100,0
D,RESIDUE_PRICE_OFFER,,1,A202203,C2025Q1T01,V-SA,SA1,64,0
D,RESIDUE_PRICE_OFFER,,1,A202203,C2025Q1T01,V-SA,VIC1,73,0
D,RESIDUE_PRICE_OFFER,,1,A202203,C2025Q1T01,VIC1-NSW1,NSW1,108,0
D,RESIDUE_PRICE_OFFER,,1,A202203,C2025Q1T01,VIC1-NSW1,VIC1,125,0
C,"END OF REPORT",1560
