C,NEMP.WORLD,SROFFER,AEMO,PUBLIC,2024/06/17,15:34:35,0000000423356163,,0000000423356163
I,RESIDUE_PRICE_OFFER,,1,:AUCTIONID,TRANCHEID,INTERCONNECTORID,FROMREGIONID,OFFERUNITS,OFFERPRICE
D,RESIDUE_PRICE_OFFER,,1,A202406,C2024Q3T12,NSW1-QLD1,NSW1,2,7000
D,RESIDUE_PRICE_OFFER,,1,A202406,C2024Q3T12,NSW1-QLD1,NSW1,2,7250
D,RESIDUE_PRICE_OFFER,,1,A202406,C2024Q3T12,NSW1-QLD1,NSW1,2,7450
D,RESIDUE_PRICE_OFFER,,1,A202406,C2024Q3T12,NSW1-QLD1,NSW1,2,7500
D,RESIDUE_PRICE_OFFER,,1,A202406,C2024Q3T12,NSW1-QLD1,NSW1,10,8500
D,RESIDUE_PRICE_OFFER,,1,A202406,C2024Q3T12,NSW1-QLD1,NSW1,55,0
D,RESIDUE_PRICE_OFFER,,1,A202406,C2024Q3T12,NSW1-QLD1,QLD1,1,37551
D,RESIDUE_PRICE_OFFER,,1,A202406,C2024Q3T12,NSW1-QLD1,QLD1,1,37601
D,RESIDUE_PRICE_OFFER,,1,A202406,C2024Q3T12,NSW1-QLD1,QLD1,1,37651
D,RESIDUE_PRICE_OFFER,,1,A202406,C2024Q3T12,NSW1-QLD1,QLD1,1,37701
D,RESIDUE_PRICE_OFFER,,1,A202406,C2024Q3T12,NSW1-QLD1,QLD1,1,37751
D,RESIDUE_PRICE_OFFER,,1,A202406,C2024Q3T12,NSW1-QLD1,QLD1,1,37801
D,RESIDUE_PRICE_OFFER,,1,A202406,C2024Q3T12,NSW1-QLD1,QLD1,1,37851
D,RESIDUE_PRICE_OFFER,,1,A202406,C2024Q3T12,NSW1-QLD1,QLD1,1,37901
D,RESIDUE_PRICE_OFFER,,1,A202406,C2024Q3T12,NSW1-QLD1,QLD1,1,37951
D,RESIDUE_PRICE_OFFER,,1,A202406,C2024Q3T12,NSW1-QLD1,QLD1,1,38001
D,RESIDUE_PRICE_OFFER,,1,A202406,C2024Q3T12,NSW1-QLD1,QLD1,1,38051
D,RESIDUE_PRICE_OFFER,,1,A202406,C2024Q3T12,NSW1-QLD1,QLD1,1,38101
D,RESIDUE_PRICE_OFFER,,1,A202406,C2024Q3T12,NSW1-QLD1,QLD1,1,38151
D,RESIDUE_PRICE_OFFER,,1,A202406,C2024Q3T12,NSW1-QLD1,QLD1,1,38201
D,RESIDUE_PRICE_OFFER,,1,A202406,C2024Q3T12,NSW1-QLD1,QLD1,1,38251
D,RESIDUE_PRICE_OFFER,,1,A202406,C2024Q3T12,NSW1-QLD1,QLD1,1,38301
D,RESIDUE_PRICE_OFFER,,1,A202406,C2024Q3T12,NSW1-QLD1,QLD1,1,38351
D,RESIDUE_PRICE_OFFER,,1,A202406,C2024Q3T12,NSW1-QLD1,QLD1,1,38401
D,RESIDUE_PRICE_OFFER,,1,A202406,C2024Q3T12,NSW1-QLD1,QLD1,1,38451
D,RESIDUE_PRICE_OFFER,,1,A202406,C2024Q3T12,NSW1-QLD1,QLD1,1,38501
D,RESIDUE_PRICE_OFFER,,1,A202406,C2024Q3T12,NSW1-QLD1,QLD1,1,47500
D,RESIDUE_PRICE_OFFER,,1,A202406,C2024Q3T12,NSW1-QLD1,QLD1,2,42500
D,RESIDUE_PRICE_OFFER,,1,A202406,C2024Q3T12,NSW1-QLD1,QLD1,2,45000
D,RESIDUE_PRICE_OFFER,,1,A202406,C2024Q3T12,NSW1-QLD1,QLD1,5,38000
D,RESIDUE_PRICE_OFFER,,1,A202406,C2024Q3T12,NSW1-QLD1,QLD1,5,40000
D,RESIDUE_PRICE_OFFER,,1,A202406,C2024Q3T12,NSW1-QLD1,QLD1,5,42000
D,RESIDUE_PRICE_OFFER,,1,A202406,C2024Q3T12,NSW1-QLD1,QLD1,6,41001
D,RESIDUE_PRICE_OFFER,,1,A202406,C2024Q3T12,NSW1-QLD1,QLD1,6,42001
D,RESIDUE_PRICE_OFFER,,1,A202406,C2024Q3T12,NSW1-QLD1,QLD1,6,43001
D,RESIDUE_PRICE_OFFER,,1,A202406,C2024Q3T12,NSW1-QLD1,QLD1,6,44001
D,RESIDUE_PRICE_OFFER,,1,A202406,C2024Q3T12,NSW1-QLD1,QLD1,6,45001
D,RESIDUE_PRICE_OFFER,,1,A202406,C2024Q3T12,NSW1-QLD1,QLD1,6,46001
D,RESIDUE_PRICE_OFFER,,1,A202406,C2024Q3T12,NSW1-QLD1,QLD1,6,47001
D,RESIDUE_PRICE_OFFER,,1,A202406,C2024Q3T12,NSW1-QLD1,QLD1,6,48001
D,RESIDUE_PRICE_OFFER,,1,A202406,C2024Q3T12,NSW1-QLD1,QLD1,6,49001
D,RESIDUE_PRICE_OFFER,,1,A202406,C2024Q3T12,NSW1-QLD1,QLD1,6,50001
D,RESIDUE_PRICE_OFFER,,1,A202406,C2024Q3T12,NSW1-QLD1,QLD1,20,35000
D,RESIDUE_PRICE_OFFER,,1,A202406,C2024Q3T12,NSW1-QLD1,QLD1,30,52310
D,RESIDUE_PRICE_OFFER,,1,A202406,C2024Q3T12,NSW1-QLD1,QLD1,100,0
D,RESIDUE_PRICE_OFFER,,1,A202406,C2024Q3T12,V-SA,SA1,1,5614.78
D,RESIDUE_PRICE_OFFER,,1,A202406,C2024Q3T12,V-SA,SA1,1,5728.78
D,RESIDUE_PRICE_OFFER,,1,A202406,C2024Q3T12,V-SA,SA1,1,5842.78
D,RESIDUE_PRICE_OFFER,,1,A202406,C2024Q3T12,V-SA,SA1,1,5956.78
D,RESIDUE_PRICE_OFFER,,1,A202406,C2024Q3T12,V-SA,SA1,1,6070.78
D,RESIDUE_PRICE_OFFER,,1,A202406,C2024Q3T12,V-SA,SA1,1,6184.78
D,RESIDUE_PRICE_OFFER,,1,A202406,C2024Q3T12,V-SA,SA1,1,6298.78
D,RESIDUE_PRICE_OFFER,,1,A202406,C2024Q3T12,V-SA,SA1,1,6412.78
D,RESIDUE_PRICE_OFFER,,1,A202406,C2024Q3T12,V-SA,SA1,1,6526.78
D,RESIDUE_PRICE_OFFER,,1,A202406,C2024Q3T12,V-SA,SA1,1,6640.78
D,RESIDUE_PRICE_OFFER,,1,A202406,C2024Q3T12,V-SA,SA1,1,6754.78
D,RESIDUE_PRICE_OFFER,,1,A202406,C2024Q3T12,V-SA,SA1,1,6868.78
D,RESIDUE_PRICE_OFFER,,1,A202406,C2024Q3T12,V-SA,SA1,1,6982.78
D,RESIDUE_PRICE_OFFER,,1,A202406,C2024Q3T12,V-SA,SA1,1,7096.78
D,RESIDUE_PRICE_OFFER,,1,A202406,C2024Q3T12,V-SA,SA1,1,7210.78
D,RESIDUE_PRICE_OFFER,,1,A202406,C2024Q3T12,V-SA,SA1,1,7324.78
D,RESIDUE_PRICE_OFFER,,1,A202406,C2024Q3T12,V-SA,SA1,1,7438.78
D,RESIDUE_PRICE_OFFER,,1,A202406,C2024Q3T12,V-SA,SA1,1,7552.78
D,RESIDUE_PRICE_OFFER,,1,A202406,C2024Q3T12,V-SA,SA1,1,7666.78
D,RESIDUE_PRICE_OFFER,,1,A202406,C2024Q3T12,V-SA,SA1,1,7780.78
D,RESIDUE_PRICE_OFFER,,1,A202406,C2024Q3T12,V-SA,SA1,1,7894.78
D,RESIDUE_PRICE_OFFER,,1,A202406,C2024Q3T12,V-SA,SA1,1,8000
D,RESIDUE_PRICE_OFFER,,1,A202406,C2024Q3T12,V-SA,SA1,1,8008.78
D,RESIDUE_PRICE_OFFER,,1,A202406,C2024Q3T12,V-SA,SA1,1,8122.78
D,RESIDUE_PRICE_OFFER,,1,A202406,C2024Q3T12,V-SA,SA1,1,8236.78
D,RESIDUE_PRICE_OFFER,,1,A202406,C2024Q3T12,V-SA,SA1,1,8350.78
D,RESIDUE_PRICE_OFFER,,1,A202406,C2024Q3T12,V-SA,SA1,1,8464.78
D,RESIDUE_PRICE_OFFER,,1,A202406,C2024Q3T12,V-SA,SA1,1,8578.78
D,RESIDUE_PRICE_OFFER,,1,A202406,C2024Q3T12,V-SA,SA1,1,8692.78
D,RESIDUE_PRICE_OFFER,,1,A202406,C2024Q3T12,V-SA,SA1,1,8806.78
D,RESIDUE_PRICE_OFFER,,1,A202406,C2024Q3T12,V-SA,SA1,1,8920.78
D,RESIDUE_PRICE_OFFER,,1,A202406,C2024Q3T12,V-SA,SA1,1,9034.78
D,RESIDUE_PRICE_OFFER,,1,A202406,C2024Q3T12,V-SA,SA1,1,9148.78
D,RESIDUE_PRICE_OFFER,,1,A202406,C2024Q3T12,V-SA,SA1,1,9262.78
D,RESIDUE_PRICE_OFFER,,1,A202406,C2024Q3T12,V-SA,SA1,1,9376.78
D,RESIDUE_PRICE_OFFER,,1,A202406,C2024Q3T12,V-SA,SA1,1,9490.78
D,RESIDUE_PRICE_OFFER,,1,A202406,C2024Q3T12,V-SA,SA1,1,9604.78
D,RESIDUE_PRICE_OFFER,,1,A202406,C2024Q3T12,V-SA,SA1,1,9718.78
D,RESIDUE_PRICE_OFFER,,1,A202406,C2024Q3T12,V-SA,SA1,1,9832.78
D,RESIDUE_PRICE_OFFER,,1,A202406,C2024Q3T12,V-SA,SA1,1,9946.78
D,RESIDUE_PRICE_OFFER,,1,A202406,C2024Q3T12,V-SA,SA1,1,10060.78
D,RESIDUE_PRICE_OFFER,,1,A202406,C2024Q3T12,V-SA,SA1,1,10174.78
D,RESIDUE_PRICE_OFFER,,1,A202406,C2024Q3T12,V-SA,SA1,1,10288.78
D,RESIDUE_PRICE_OFFER,,1,A202406,C2024Q3T12,V-SA,SA1,1,10402.78
D,RESIDUE_PRICE_OFFER,,1,A202406,C2024Q3T12,V-SA,SA1,1,10516.78
D,RESIDUE_PRICE_OFFER,,1,A202406,C2024Q3T12,V-SA,SA1,1,10630.78
D,RESIDUE_PRICE_OFFER,,1,A202406,C2024Q3T12,V-SA,SA1,1,10744.78
D,RESIDUE_PRICE_OFFER,,1,A202406,C2024Q3T12,V-SA,SA1,1,10858.78
D,RESIDUE_PRICE_OFFER,,1,A202406,C2024Q3T12,V-SA,SA1,1,10972.78
D,RESIDUE_PRICE_OFFER,,1,A202406,C2024Q3T12,V-SA,SA1,1,11086.78
D,RESIDUE_PRICE_OFFER,,1,A202406,C2024Q3T12,V-SA,SA1,1,11200.78
D,RESIDUE_PRICE_OFFER,,1,A202406,C2024Q3T12,V-SA,SA1,1,11314.78
D,RESIDUE_PRICE_OFFER,,1,A202406,C2024Q3T12,V-SA,SA1,1,11428.78
D,RESIDUE_PRICE_OFFER,,1,A202406,C2024Q3T12,V-SA,SA1,1,11542.78
D,RESIDUE_PRICE_OFFER,,1,A202406,C2024Q3T12,V-SA,SA1,1,11656.78
D,RESIDUE_PRICE_OFFER,,1,A202406,C2024Q3T12,V-SA,SA1,1,11770.78
D,RESIDUE_PRICE_OFFER,,1,A202406,C2024Q3T12,V-SA,SA1,1,11884.78
D,RESIDUE_PRICE_OFFER,,1,A202406,C2024Q3T12,V-SA,SA1,1,11998.78
D,RESIDUE_PRICE_OFFER,,1,A202406,C2024Q3T12,V-SA,SA1,2,5500.971420
D,RESIDUE_PRICE_OFFER,,1,A202406,C2024Q3T12,V-SA,SA1,2,6326.117140
D,RESIDUE_PRICE_OFFER,,1,A202406,C2024Q3T12,V-SA,SA1,2,7275.034710
D,RESIDUE_PRICE_OFFER,,1,A202406,C2024Q3T12,V-SA,SA1,2,8366.289920
D,RESIDUE_PRICE_OFFER,,1,A202406,C2024Q3T12,V-SA,SA1,2,9142.86
D,RESIDUE_PRICE_OFFER,,1,A202406,C2024Q3T12,V-SA,SA1,2,9621.233410
D,RESIDUE_PRICE_OFFER,,1,A202406,C2024Q3T12,V-SA,SA1,2,10285.709990
D,RESIDUE_PRICE_OFFER,,1,A202406,C2024Q3T12,V-SA,SA1,2,11064.418420
D,RESIDUE_PRICE_OFFER,,1,A202406,C2024Q3T12,V-SA,SA1,2,11428.57
D,RESIDUE_PRICE_OFFER,,1,A202406,C2024Q3T12,V-SA,SA1,2,12571.43
D,RESIDUE_PRICE_OFFER,,1,A202406,C2024Q3T12,V-SA,SA1,2,13714.29
D,RESIDUE_PRICE_OFFER,,1,A202406,C2024Q3T12,V-SA,SA1,2,14857.14
D,RESIDUE_PRICE_OFFER,,1,A202406,C2024Q3T12,V-SA,SA1,2,16000
D,RESIDUE_PRICE_OFFER,,1,A202406,C2024Q3T12,V-SA,SA1,5,9500
D,RESIDUE_PRICE_OFFER,,1,A202406,C2024Q3T12,V-SA,SA1,5,10000
D,RESIDUE_PRICE_OFFER,,1,A202406,C2024Q3T12,V-SA,SA1,5,10500
D,RESIDUE_PRICE_OFFER,,1,A202406,C2024Q3T12,V-SA,SA1,5,11000
D,RESIDUE_PRICE_OFFER,,1,A202406,C2024Q3T12,V-SA,SA1,5,11500
D,RESIDUE_PRICE_OFFER,,1,A202406,C2024Q3T12,V-SA,SA1,5,12000
D,RESIDUE_PRICE_OFFER,,1,A202406,C2024Q3T12,V-SA,SA1,12,3782.70
D,RESIDUE_PRICE_OFFER,,1,A202406,C2024Q3T12,V-SA,SA1,66,0
D,RESIDUE_PRICE_OFFER,,1,A202406,C2024Q3T12,V-SA,VIC1,1,15000
D,RESIDUE_PRICE_OFFER,,1,A202406,C2024Q3T12,V-SA,VIC1,1,15450
D,RESIDUE_PRICE_OFFER,,1,A202406,C2024Q3T12,V-SA,VIC1,1,15458
D,RESIDUE_PRICE_OFFER,,1,A202406,C2024Q3T12,V-SA,VIC1,1,15500
D,RESIDUE_PRICE_OFFER,,1,A202406,C2024Q3T12,V-SA,VIC1,1,16000
D,RESIDUE_PRICE_OFFER,,1,A202406,C2024Q3T12,V-SA,VIC1,1,16500
D,RESIDUE_PRICE_OFFER,,1,A202406,C2024Q3T12,V-SA,VIC1,1,17000
D,RESIDUE_PRICE_OFFER,,1,A202406,C2024Q3T12,V-SA,VIC1,1,30000
D,RESIDUE_PRICE_OFFER,,1,A202406,C2024Q3T12,V-SA,VIC1,2,16700.05
D,RESIDUE_PRICE_OFFER,,1,A202406,C2024Q3T12,V-SA,VIC1,2,16900.05
D,RESIDUE_PRICE_OFFER,,1,A202406,C2024Q3T12,V-SA,VIC1,2,17100.05
D,RESIDUE_PRICE_OFFER,,1,A202406,C2024Q3T12,V-SA,VIC1,2,17300.05
D,RESIDUE_PRICE_OFFER,,1,A202406,C2024Q3T12,V-SA,VIC1,2,17500.05
D,RESIDUE_PRICE_OFFER,,1,A202406,C2024Q3T12,V-SA,VIC1,2,17700.05
D,RESIDUE_PRICE_OFFER,,1,A202406,C2024Q3T12,V-SA,VIC1,2,17900.05
D,RESIDUE_PRICE_OFFER,,1,A202406,C2024Q3T12,V-SA,VIC1,2,18100.05
D,RESIDUE_PRICE_OFFER,,1,A202406,C2024Q3T12,V-SA,VIC1,2,18300.05
D,RESIDUE_PRICE_OFFER,,1,A202406,C2024Q3T12,V-SA,VIC1,2,18500.05
D,RESIDUE_PRICE_OFFER,,1,A202406,C2024Q3T12,V-SA,VIC1,2,18700.05
D,RESIDUE_PRICE_OFFER,,1,A202406,C2024Q3T12,V-SA,VIC1,2,18900.05
D,RESIDUE_PRICE_OFFER,,1,A202406,C2024Q3T12,V-SA,VIC1,2,19100.05
D,RESIDUE_PRICE_OFFER,,1,A202406,C2024Q3T12,V-SA,VIC1,2,19300.05
D,RESIDUE_PRICE_OFFER,,1,A202406,C2024Q3T12,V-SA,VIC1,2,19500.05
D,RESIDUE_PRICE_OFFER,,1,A202406,C2024Q3T12,V-SA,VIC1,2,19700.05
D,RESIDUE_PRICE_OFFER,,1,A202406,C2024Q3T12,V-SA,VIC1,2,19900.05
D,RESIDUE_PRICE_OFFER,,1,A202406,C2024Q3T12,V-SA,VIC1,2,20100.05
D,RESIDUE_PRICE_OFFER,,1,A202406,C2024Q3T12,V-SA,VIC1,2,20300.05
D,RESIDUE_PRICE_OFFER,,1,A202406,C2024Q3T12,V-SA,VIC1,2,20500.05
D,RESIDUE_PRICE_OFFER,,1,A202406,C2024Q3T12,V-SA,VIC1,2,35000
D,RESIDUE_PRICE_OFFER,,1,A202406,C2024Q3T12,V-SA,VIC1,5,40000
D,RESIDUE_PRICE_OFFER,,1,A202406,C2024Q3T12,V-SA,VIC1,5,45000
D,RESIDUE_PRICE_OFFER,,1,A202406,C2024Q3T12,V-SA,VIC1,5,50000
D,RESIDUE_PRICE_OFFER,,1,A202406,C2024Q3T12,V-SA,VIC1,10,21684
D,RESIDUE_PRICE_OFFER,,1,A202406,C2024Q3T12,V-SA,VIC1,77,0
D,RESIDUE_PRICE_OFFER,,1,A202406,C2024Q3T12,VIC1-NSW1,NSW1,2,4159.328350
D,RESIDUE_PRICE_OFFER,,1,A202406,C2024Q3T12,VIC1-NSW1,NSW1,2,4492.074620
D,RESIDUE_PRICE_OFFER,,1,A202406,C2024Q3T12,VIC1-NSW1,NSW1,2,4851.440590
D,RESIDUE_PRICE_OFFER,,1,A202406,C2024Q3T12,VIC1-NSW1,NSW1,2,5239.555840
D,RESIDUE_PRICE_OFFER,,1,A202406,C2024Q3T12,VIC1-NSW1,NSW1,3,5658.720310
D,RESIDUE_PRICE_OFFER,,1,A202406,C2024Q3T12,VIC1-NSW1,NSW1,4,6111.417930
D,RESIDUE_PRICE_OFFER,,1,A202406,C2024Q3T12,VIC1-NSW1,NSW1,9,5000
D,RESIDUE_PRICE_OFFER,,1,A202406,C2024Q3T12,VIC1-NSW1,NSW1,10,5500
D,RESIDUE_PRICE_OFFER,,1,A202406,C2024Q3T12,VIC1-NSW1,NSW1,10,6000
D,RESIDUE_PRICE_OFFER,,1,A202406,C2024Q3T12,VIC1-NSW1,NSW1,10,6500
D,RESIDUE_PRICE_OFFER,,1,A202406,C2024Q3T12,VIC1-NSW1,NSW1,10,7000
D,RESIDUE_PRICE_OFFER,,1,A202406,C2024Q3T12,VIC1-NSW1,NSW1,10,7250
D,RESIDUE_PRICE_OFFER,,1,A202406,C2024Q3T12,VIC1-NSW1,NSW1,10,7500
D,RESIDUE_PRICE_OFFER,,1,A202406,C2024Q3T12,VIC1-NSW1,NSW1,10,7750
D,RESIDUE_PRICE_OFFER,,1,A202406,C2024Q3T12,VIC1-NSW1,NSW1,10,8000
D,RESIDUE_PRICE_OFFER,,1,A202406,C2024Q3T12,VIC1-NSW1,NSW1,15,6850
D,RESIDUE_PRICE_OFFER,,1,A202406,C2024Q3T12,VIC1-NSW1,NSW1,15,7000
D,RESIDUE_PRICE_OFFER,,1,A202406,C2024Q3T12,VIC1-NSW1,NSW1,15,7500
D,RESIDUE_PRICE_OFFER,,1,A202406,C2024Q3T12,VIC1-NSW1,NSW1,20,5300
D,RESIDUE_PRICE_OFFER,,1,A202406,C2024Q3T12,VIC1-NSW1,NSW1,112,0
D,RESIDUE_PRICE_OFFER,,1,A202406,C2024Q3T12,VIC1-NSW1,VIC1,1,21533.22
D,RESIDUE_PRICE_OFFER,,1,A202406,C2024Q3T12,VIC1-NSW1,VIC1,1,21566.22
D,RESIDUE_PRICE_OFFER,,1,A202406,C2024Q3T12,VIC1-NSW1,VIC1,1,21599.22
D,RESIDUE_PRICE_OFFER,,1,A202406,C2024Q3T12,VIC1-NSW1,VIC1,1,21632.22
D,RESIDUE_PRICE_OFFER,,1,A202406,C2024Q3T12,VIC1-NSW1,VIC1,1,21665.22
D,RESIDUE_PRICE_OFFER,,1,A202406,C2024Q3T12,VIC1-NSW1,VIC1,1,21698.22
D,RESIDUE_PRICE_OFFER,,1,A202406,C2024Q3T12,VIC1-NSW1,VIC1,1,21731.22
D,RESIDUE_PRICE_OFFER,,1,A202406,C2024Q3T12,VIC1-NSW1,VIC1,1,21764.22
D,RESIDUE_PRICE_OFFER,,1,A202406,C2024Q3T12,VIC1-NSW1,VIC1,1,21797.22
D,RESIDUE_PRICE_OFFER,,1,A202406,C2024Q3T12,VIC1-NSW1,VIC1,1,21830.22
D,RESIDUE_PRICE_OFFER,,1,A202406,C2024Q3T12,VIC1-NSW1,VIC1,1,21863.22
D,RESIDUE_PRICE_OFFER,,1,A202406,C2024Q3T12,VIC1-NSW1,VIC1,1,21896.22
D,RESIDUE_PRICE_OFFER,,1,A202406,C2024Q3T12,VIC1-NSW1,VIC1,1,21929.22
D,RESIDUE_PRICE_OFFER,,1,A202406,C2024Q3T12,VIC1-NSW1,VIC1,1,21962.22
D,RESIDUE_PRICE_OFFER,,1,A202406,C2024Q3T12,VIC1-NSW1,VIC1,1,21995.22
D,RESIDUE_PRICE_OFFER,,1,A202406,C2024Q3T12,VIC1-NSW1,VIC1,1,22028.22
D,RESIDUE_PRICE_OFFER,,1,A202406,C2024Q3T12,VIC1-NSW1,VIC1,1,22061.22
D,RESIDUE_PRICE_OFFER,,1,A202406,C2024Q3T12,VIC1-NSW1,VIC1,1,22094.22
D,RESIDUE_PRICE_OFFER,,1,A202406,C2024Q3T12,VIC1-NSW1,VIC1,1,22127.22
D,RESIDUE_PRICE_OFFER,,1,A202406,C2024Q3T12,VIC1-NSW1,VIC1,1,22160.22
D,RESIDUE_PRICE_OFFER,,1,A202406,C2024Q3T12,VIC1-NSW1,VIC1,1,22193.22
D,RESIDUE_PRICE_OFFER,,1,A202406,C2024Q3T12,VIC1-NSW1,VIC1,1,22226.22
D,RESIDUE_PRICE_OFFER,,1,A202406,C2024Q3T12,VIC1-NSW1,VIC1,1,22259.22
D,RESIDUE_PRICE_OFFER,,1,A202406,C2024Q3T12,VIC1-NSW1,VIC1,1,22292.22
D,RESIDUE_PRICE_OFFER,,1,A202406,C2024Q3T12,VIC1-NSW1,VIC1,1,22325.22
D,RESIDUE_PRICE_OFFER,,1,A202406,C2024Q3T12,VIC1-NSW1,VIC1,1,22358.22
D,RESIDUE_PRICE_OFFER,,1,A202406,C2024Q3T12,VIC1-NSW1,VIC1,1,22391.22
D,RESIDUE_PRICE_OFFER,,1,A202406,C2024Q3T12,VIC1-NSW1,VIC1,1,22424.22
D,RESIDUE_PRICE_OFFER,,1,A202406,C2024Q3T12,VIC1-NSW1,VIC1,1,22457.22
D,RESIDUE_PRICE_OFFER,,1,A202406,C2024Q3T12,VIC1-NSW1,VIC1,1,22490.22
D,RESIDUE_PRICE_OFFER,,1,A202406,C2024Q3T12,VIC1-NSW1,VIC1,2,22998.797620
D,RESIDUE_PRICE_OFFER,,1,A202406,C2024Q3T12,VIC1-NSW1,VIC1,2,24608.713450
D,RESIDUE_PRICE_OFFER,,1,A202406,C2024Q3T12,VIC1-NSW1,VIC1,2,26331.323390
D,RESIDUE_PRICE_OFFER,,1,A202406,C2024Q3T12,VIC1-NSW1,VIC1,2,28174.516030
D,RESIDUE_PRICE_OFFER,,1,A202406,C2024Q3T12,VIC1-NSW1,VIC1,2,30146.732150
D,RESIDUE_PRICE_OFFER,,1,A202406,C2024Q3T12,VIC1-NSW1,VIC1,2,32257.0034
D,RESIDUE_PRICE_OFFER,,1,A202406,C2024Q3T12,VIC1-NSW1,VIC1,10,24700.22
D,RESIDUE_PRICE_OFFER,,1,A202406,C2024Q3T12,VIC1-NSW1,VIC1,10,26400.22
D,RESIDUE_PRICE_OFFER,,1,A202406,C2024Q3T12,VIC1-NSW1,VIC1,10,28100.22
D,RESIDUE_PRICE_OFFER,,1,A202406,C2024Q3T12,VIC1-NSW1,VIC1,10,29800.22
D,RESIDUE_PRICE_OFFER,,1,A202406,C2024Q3T12,VIC1-NSW1,VIC1,10,31500.22
D,RESIDUE_PRICE_OFFER,,1,A202406,C2024Q3T12,VIC1-NSW1,VIC1,10,33200.22
D,RESIDUE_PRICE_OFFER,,1,A202406,C2024Q3T12,VIC1-NSW1,VIC1,10,34900.22
D,RESIDUE_PRICE_OFFER,,1,A202406,C2024Q3T12,VIC1-NSW1,VIC1,10,36600.22
D,RESIDUE_PRICE_OFFER,,1,A202406,C2024Q3T12,VIC1-NSW1,VIC1,10,38300.22
D,RESIDUE_PRICE_OFFER,,1,A202406,C2024Q3T12,VIC1-NSW1,VIC1,10,40000.22
D,RESIDUE_PRICE_OFFER,,1,A202406,C2024Q3T12,VIC1-NSW1,VIC1,20,20000
D,RESIDUE_PRICE_OFFER,,1,A202406,C2024Q3T12,VIC1-NSW1,VIC1,30,33926
D,RESIDUE_PRICE_OFFER,,1,A202406,C2024Q3T12,VIC1-NSW1,VIC1,125,0
D,RESIDUE_PRICE_OFFER,,1,A202406,C2024Q4T11,NSW1-QLD1,NSW1,1,8250
D,RESIDUE_PRICE_OFFER,,1,A202406,C2024Q4T11,NSW1-QLD1,NSW1,1,8375
D,RESIDUE_PRICE_OFFER,,1,A202406,C2024Q4T11,NSW1-QLD1,NSW1,1,8488
D,RESIDUE_PRICE_OFFER,,1,A202406,C2024Q4T11,NSW1-QLD1,NSW1,2,18771.6425
D,RESIDUE_PRICE_OFFER,,1,A202406,C2024Q4T11,NSW1-QLD1,NSW1,2,21587.388880
D,RESIDUE_PRICE_OFFER,,1,A202406,C2024Q4T11,NSW1-QLD1,NSW1,2,24825.497210
D,RESIDUE_PRICE_OFFER,,1,A202406,C2024Q4T11,NSW1-QLD1,NSW1,2,28549.321790
D,RESIDUE_PRICE_OFFER,,1,A202406,C2024Q4T11,NSW1-QLD1,NSW1,2,32831.720060
D,RESIDUE_PRICE_OFFER,,1,A202406,C2024Q4T11,NSW1-QLD1,NSW1,2,37756.478060
D,RESIDUE_PRICE_OFFER,,1,A202406,C2024Q4T11,NSW1-QLD1,NSW1,45,0
D,RESIDUE_PRICE_OFFER,,1,A202406,C2024Q4T11,NSW1-QLD1,QLD1,1,23051
D,RESIDUE_PRICE_OFFER,,1,A202406,C2024Q4T11,NSW1-QLD1,QLD1,1,23101
D,RESIDUE_PRICE_OFFER,,1,A202406,C2024Q4T11,NSW1-QLD1,QLD1,1,23151
D,RESIDUE_PRICE_OFFER,,1,A202406,C2024Q4T11,NSW1-QLD1,QLD1,1,23201
D,RESIDUE_PRICE_OFFER,,1,A202406,C2024Q4T11,NSW1-QLD1,QLD1,1,23251
D,RESIDUE_PRICE_OFFER,,1,A202406,C2024Q4T11,NSW1-QLD1,QLD1,1,23301
D,RESIDUE_PRICE_OFFER,,1,A202406,C2024Q4T11,NSW1-QLD1,QLD1,1,23351
D,RESIDUE_PRICE_OFFER,,1,A202406,C2024Q4T11,NSW1-QLD1,QLD1,1,23401
D,RESIDUE_PRICE_OFFER,,1,A202406,C2024Q4T11,NSW1-QLD1,QLD1,1,23451
D,RESIDUE_PRICE_OFFER,,1,A202406,C2024Q4T11,NSW1-QLD1,QLD1,1,23501
D,RESIDUE_PRICE_OFFER,,1,A202406,C2024Q4T11,NSW1-QLD1,QLD1,1,23551
D,RESIDUE_PRICE_OFFER,,1,A202406,C2024Q4T11,NSW1-QLD1,QLD1,1,23601
D,RESIDUE_PRICE_OFFER,,1,A202406,C2024Q4T11,NSW1-QLD1,QLD1,1,23651
D,RESIDUE_PRICE_OFFER,,1,A202406,C2024Q4T11,NSW1-QLD1,QLD1,1,23701
D,RESIDUE_PRICE_OFFER,,1,A202406,C2024Q4T11,NSW1-QLD1,QLD1,1,23751
D,RESIDUE_PRICE_OFFER,,1,A202406,C2024Q4T11,NSW1-QLD1,QLD1,1,23801
D,RESIDUE_PRICE_OFFER,,1,A202406,C2024Q4T11,NSW1-QLD1,QLD1,1,23851
D,RESIDUE_PRICE_OFFER,,1,A202406,C2024Q4T11,NSW1-QLD1,QLD1,1,23901
D,RESIDUE_PRICE_OFFER,,1,A202406,C2024Q4T11,NSW1-QLD1,QLD1,1,23951
D,RESIDUE_PRICE_OFFER,,1,A202406,C2024Q4T11,NSW1-QLD1,QLD1,1,24001
D,RESIDUE_PRICE_OFFER,,1,A202406,C2024Q4T11,NSW1-QLD1,QLD1,2,11973
D,RESIDUE_PRICE_OFFER,,1,A202406,C2024Q4T11,NSW1-QLD1,QLD1,2,12923
D,RESIDUE_PRICE_OFFER,,1,A202406,C2024Q4T11,NSW1-QLD1,QLD1,2,14000
D,RESIDUE_PRICE_OFFER,,1,A202406,C2024Q4T11,NSW1-QLD1,QLD1,2,14500
D,RESIDUE_PRICE_OFFER,,1,A202406,C2024Q4T11,NSW1-QLD1,QLD1,3,13903
D,RESIDUE_PRICE_OFFER,,1,A202406,C2024Q4T11,NSW1-QLD1,QLD1,3,14778
D,RESIDUE_PRICE_OFFER,,1,A202406,C2024Q4T11,NSW1-QLD1,QLD1,3,15721
D,RESIDUE_PRICE_OFFER,,1,A202406,C2024Q4T11,NSW1-QLD1,QLD1,3,16778
D,RESIDUE_PRICE_OFFER,,1,A202406,C2024Q4T11,NSW1-QLD1,QLD1,3,17875
D,RESIDUE_PRICE_OFFER,,1,A202406,C2024Q4T11,NSW1-QLD1,QLD1,4,18771
D,RESIDUE_PRICE_OFFER,,1,A202406,C2024Q4T11,NSW1-QLD1,QLD1,4,19786
D,RESIDUE_PRICE_OFFER,,1,A202406,C2024Q4T11,NSW1-QLD1,QLD1,4,20873
D,RESIDUE_PRICE_OFFER,,1,A202406,C2024Q4T11,NSW1-QLD1,QLD1,4,22836
D,RESIDUE_PRICE_OFFER,,1,A202406,C2024Q4T11,NSW1-QLD1,QLD1,4,23699
D,RESIDUE_PRICE_OFFER,,1,A202406,C2024Q4T11,NSW1-QLD1,QLD1,4,25751
D,RESIDUE_PRICE_OFFER,,1,A202406,C2024Q4T11,NSW1-QLD1,QLD1,4,26501
D,RESIDUE_PRICE_OFFER,,1,A202406,C2024Q4T11,NSW1-QLD1,QLD1,4,27251
D,RESIDUE_PRICE_OFFER,,1,A202406,C2024Q4T11,NSW1-QLD1,QLD1,4,28001
D,RESIDUE_PRICE_OFFER,,1,A202406,C2024Q4T11,NSW1-QLD1,QLD1,4,28751
D,RESIDUE_PRICE_OFFER,,1,A202406,C2024Q4T11,NSW1-QLD1,QLD1,4,29501
D,RESIDUE_PRICE_OFFER,,1,A202406,C2024Q4T11,NSW1-QLD1,QLD1,4,30251
D,RESIDUE_PRICE_OFFER,,1,A202406,C2024Q4T11,NSW1-QLD1,QLD1,4,31001
D,RESIDUE_PRICE_OFFER,,1,A202406,C2024Q4T11,NSW1-QLD1,QLD1,4,31751
D,RESIDUE_PRICE_OFFER,,1,A202406,C2024Q4T11,NSW1-QLD1,QLD1,4,32501
D,RESIDUE_PRICE_OFFER,,1,A202406,C2024Q4T11,NSW1-QLD1,QLD1,4,33251
D,RESIDUE_PRICE_OFFER,,1,A202406,C2024Q4T11,NSW1-QLD1,QLD1,4,34001
D,RESIDUE_PRICE_OFFER,,1,A202406,C2024Q4T11,NSW1-QLD1,QLD1,4,34751
D,RESIDUE_PRICE_OFFER,,1,A202406,C2024Q4T11,NSW1-QLD1,QLD1,4,35501
D,RESIDUE_PRICE_OFFER,,1,A202406,C2024Q4T11,NSW1-QLD1,QLD1,4,36251
D,RESIDUE_PRICE_OFFER,,1,A202406,C2024Q4T11,NSW1-QLD1,QLD1,4,37001
D,RESIDUE_PRICE_OFFER,,1,A202406,C2024Q4T11,NSW1-QLD1,QLD1,4,37751
D,RESIDUE_PRICE_OFFER,,1,A202406,C2024Q4T11,NSW1-QLD1,QLD1,4,38501
D,RESIDUE_PRICE_OFFER,,1,A202406,C2024Q4T11,NSW1-QLD1,QLD1,4,39251
D,RESIDUE_PRICE_OFFER,,1,A202406,C2024Q4T11,NSW1-QLD1,QLD1,4,40001
D,RESIDUE_PRICE_OFFER,,1,A202406,C2024Q4T11,NSW1-QLD1,QLD1,5,23000
D,RESIDUE_PRICE_OFFER,,1,A202406,C2024Q4T11,NSW1-QLD1,QLD1,5,24589
D,RESIDUE_PRICE_OFFER,,1,A202406,C2024Q4T11,NSW1-QLD1,QLD1,5,25000
D,RESIDUE_PRICE_OFFER,,1,A202406,C2024Q4T11,NSW1-QLD1,QLD1,5,25678
D,RESIDUE_PRICE_OFFER,,1,A202406,C2024Q4T11,NSW1-QLD1,QLD1,5,26618
D,RESIDUE_PRICE_OFFER,,1,A202406,C2024Q4T11,NSW1-QLD1,QLD1,5,27000
D,RESIDUE_PRICE_OFFER,,1,A202406,C2024Q4T11,NSW1-QLD1,QLD1,6,26718
D,RESIDUE_PRICE_OFFER,,1,A202406,C2024Q4T11,NSW1-QLD1,QLD1,7,27618
D,RESIDUE_PRICE_OFFER,,1,A202406,C2024Q4T11,NSW1-QLD1,QLD1,11,35524
D,RESIDUE_PRICE_OFFER,,1,A202406,C2024Q4T11,NSW1-QLD1,QLD1,20,45870
D,RESIDUE_PRICE_OFFER,,1,A202406,C2024Q4T11,NSW1-QLD1,QLD1,100,0
D,RESIDUE_PRICE_OFFER,,1,A202406,C2024Q4T11,V-SA,SA1,1,5535.78
D,RESIDUE_PRICE_OFFER,,1,A202406,C2024Q4T11,V-SA,SA1,1,5570.78
D,RESIDUE_PRICE_OFFER,,1,A202406,C2024Q4T11,V-SA,SA1,1,5605.78
D,RESIDUE_PRICE_OFFER,,1,A202406,C2024Q4T11,V-SA,SA1,1,5640.78
D,RESIDUE_PRICE_OFFER,,1,A202406,C2024Q4T11,V-SA,SA1,1,5675.78
D,RESIDUE_PRICE_OFFER,,1,A202406,C2024Q4T11,V-SA,SA1,1,5710.78
D,RESIDUE_PRICE_OFFER,,1,A202406,C2024Q4T11,V-SA,SA1,1,5745.78
D,RESIDUE_PRICE_OFFER,,1,A202406,C2024Q4T11,V-SA,SA1,1,5780.78
D,RESIDUE_PRICE_OFFER,,1,A202406,C2024Q4T11,V-SA,SA1,1,5815.78
D,RESIDUE_PRICE_OFFER,,1,A202406,C2024Q4T11,V-SA,SA1,1,5850.78
D,RESIDUE_PRICE_OFFER,,1,A202406,C2024Q4T11,V-SA,SA1,1,5885.78
D,RESIDUE_PRICE_OFFER,,1,A202406,C2024Q4T11,V-SA,SA1,1,5920.78
D,RESIDUE_PRICE_OFFER,,1,A202406,C2024Q4T11,V-SA,SA1,1,5955.78
D,RESIDUE_PRICE_OFFER,,1,A202406,C2024Q4T11,V-SA,SA1,1,5990.78
D,RESIDUE_PRICE_OFFER,,1,A202406,C2024Q4T11,V-SA,SA1,1,6025.78
D,RESIDUE_PRICE_OFFER,,1,A202406,C2024Q4T11,V-SA,SA1,1,6060.78
D,RESIDUE_PRICE_OFFER,,1,A202406,C2024Q4T11,V-SA,SA1,1,6095.78
D,RESIDUE_PRICE_OFFER,,1,A202406,C2024Q4T11,V-SA,SA1,1,6130.78
D,RESIDUE_PRICE_OFFER,,1,A202406,C2024Q4T11,V-SA,SA1,1,6165.78
D,RESIDUE_PRICE_OFFER,,1,A202406,C2024Q4T11,V-SA,SA1,1,6200.78
D,RESIDUE_PRICE_OFFER,,1,A202406,C2024Q4T11,V-SA,SA1,1,6235.78
D,RESIDUE_PRICE_OFFER,,1,A202406,C2024Q4T11,V-SA,SA1,1,6270.78
D,RESIDUE_PRICE_OFFER,,1,A202406,C2024Q4T11,V-SA,SA1,1,6305.78
D,RESIDUE_PRICE_OFFER,,1,A202406,C2024Q4T11,V-SA,SA1,1,6340.78
D,RESIDUE_PRICE_OFFER,,1,A202406,C2024Q4T11,V-SA,SA1,1,6375.78
D,RESIDUE_PRICE_OFFER,,1,A202406,C2024Q4T11,V-SA,SA1,1,6410.78
D,RESIDUE_PRICE_OFFER,,1,A202406,C2024Q4T11,V-SA,SA1,1,6445.78
D,RESIDUE_PRICE_OFFER,,1,A202406,C2024Q4T11,V-SA,SA1,1,6480.78
D,RESIDUE_PRICE_OFFER,,1,A202406,C2024Q4T11,V-SA,SA1,1,6515.78
D,RESIDUE_PRICE_OFFER,,1,A202406,C2024Q4T11,V-SA,SA1,1,6550.78
D,RESIDUE_PRICE_OFFER,,1,A202406,C2024Q4T11,V-SA,SA1,1,6585.78
D,RESIDUE_PRICE_OFFER,,1,A202406,C2024Q4T11,V-SA,SA1,1,6620.78
D,RESIDUE_PRICE_OFFER,,1,A202406,C2024Q4T11,V-SA,SA1,1,6655.78
D,RESIDUE_PRICE_OFFER,,1,A202406,C2024Q4T11,V-SA,SA1,1,6690.78
D,RESIDUE_PRICE_OFFER,,1,A202406,C2024Q4T11,V-SA,SA1,1,6725.78
D,RESIDUE_PRICE_OFFER,,1,A202406,C2024Q4T11,V-SA,SA1,1,6760.78
D,RESIDUE_PRICE_OFFER,,1,A202406,C2024Q4T11,V-SA,SA1,1,6795.78
D,RESIDUE_PRICE_OFFER,,1,A202406,C2024Q4T11,V-SA,SA1,1,6830.78
D,RESIDUE_PRICE_OFFER,,1,A202406,C2024Q4T11,V-SA,SA1,1,6865.78
D,RESIDUE_PRICE_OFFER,,1,A202406,C2024Q4T11,V-SA,SA1,1,6900.78
D,RESIDUE_PRICE_OFFER,,1,A202406,C2024Q4T11,V-SA,SA1,1,6935.78
D,RESIDUE_PRICE_OFFER,,1,A202406,C2024Q4T11,V-SA,SA1,1,6970.78
D,RESIDUE_PRICE_OFFER,,1,A202406,C2024Q4T11,V-SA,SA1,1,7005.78
D,RESIDUE_PRICE_OFFER,,1,A202406,C2024Q4T11,V-SA,SA1,1,7040.78
D,RESIDUE_PRICE_OFFER,,1,A202406,C2024Q4T11,V-SA,SA1,1,7075.78
D,RESIDUE_PRICE_OFFER,,1,A202406,C2024Q4T11,V-SA,SA1,1,7110.78
D,RESIDUE_PRICE_OFFER,,1,A202406,C2024Q4T11,V-SA,SA1,1,7145.78
D,RESIDUE_PRICE_OFFER,,1,A202406,C2024Q4T11,V-SA,SA1,1,7180.78
D,RESIDUE_PRICE_OFFER,,1,A202406,C2024Q4T11,V-SA,SA1,1,7215.78
D,RESIDUE_PRICE_OFFER,,1,A202406,C2024Q4T11,V-SA,SA1,1,7250.78
D,RESIDUE_PRICE_OFFER,,1,A202406,C2024Q4T11,V-SA,SA1,1,7285.78
D,RESIDUE_PRICE_OFFER,,1,A202406,C2024Q4T11,V-SA,SA1,1,7320.78
D,RESIDUE_PRICE_OFFER,,1,A202406,C2024Q4T11,V-SA,SA1,1,7355.78
D,RESIDUE_PRICE_OFFER,,1,A202406,C2024Q4T11,V-SA,SA1,1,7390.78
D,RESIDUE_PRICE_OFFER,,1,A202406,C2024Q4T11,V-SA,SA1,1,7425.78
D,RESIDUE_PRICE_OFFER,,1,A202406,C2024Q4T11,V-SA,SA1,1,7460.78
D,RESIDUE_PRICE_OFFER,,1,A202406,C2024Q4T11,V-SA,SA1,1,7495.78
D,RESIDUE_PRICE_OFFER,,1,A202406,C2024Q4T11,V-SA,SA1,1,8000
D,RESIDUE_PRICE_OFFER,,1,A202406,C2024Q4T11,V-SA,SA1,2,5340.426470
D,RESIDUE_PRICE_OFFER,,1,A202406,C2024Q4T11,V-SA,SA1,2,6141.490440
D,RESIDUE_PRICE_OFFER,,1,A202406,C2024Q4T11,V-SA,SA1,2,7062.7140
D,RESIDUE_PRICE_OFFER,,1,A202406,C2024Q4T11,V-SA,SA1,2,8122.1211
D,RESIDUE_PRICE_OFFER,,1,A202406,C2024Q4T11,V-SA,SA1,2,9142.86
D,RESIDUE_PRICE_OFFER,,1,A202406,C2024Q4T11,V-SA,SA1,2,9340.439270
D,RESIDUE_PRICE_OFFER,,1,A202406,C2024Q4T11,V-SA,SA1,2,10285.709990
D,RESIDUE_PRICE_OFFER,,1,A202406,C2024Q4T11,V-SA,SA1,2,10741.505170
D,RESIDUE_PRICE_OFFER,,1,A202406,C2024Q4T11,V-SA,SA1,2,11428.57
D,RESIDUE_PRICE_OFFER,,1,A202406,C2024Q4T11,V-SA,SA1,2,12571.43
D,RESIDUE_PRICE_OFFER,,1,A202406,C2024Q4T11,V-SA,SA1,2,13714.29
D,RESIDUE_PRICE_OFFER,,1,A202406,C2024Q4T11,V-SA,SA1,2,14857.14
D,RESIDUE_PRICE_OFFER,,1,A202406,C2024Q4T11,V-SA,SA1,2,16000
D,RESIDUE_PRICE_OFFER,,1,A202406,C2024Q4T11,V-SA,SA1,5,9500
D,RESIDUE_PRICE_OFFER,,1,A202406,C2024Q4T11,V-SA,SA1,5,10000
D,RESIDUE_PRICE_OFFER,,1,A202406,C2024Q4T11,V-SA,SA1,5,10500
D,RESIDUE_PRICE_OFFER,,1,A202406,C2024Q4T11,V-SA,SA1,5,11000
D,RESIDUE_PRICE_OFFER,,1,A202406,C2024Q4T11,V-SA,SA1,5,11500
D,RESIDUE_PRICE_OFFER,,1,A202406,C2024Q4T11,V-SA,SA1,5,12000
D,RESIDUE_PRICE_OFFER,,1,A202406,C2024Q4T11,V-SA,SA1,12,3691.17
D,RESIDUE_PRICE_OFFER,,1,A202406,C2024Q4T11,V-SA,SA1,64,0
D,RESIDUE_PRICE_OFFER,,1,A202406,C2024Q4T11,V-SA,VIC1,1,17000
D,RESIDUE_PRICE_OFFER,,1,A202406,C2024Q4T11,V-SA,VIC1,1,17033.05
D,RESIDUE_PRICE_OFFER,,1,A202406,C2024Q4T11,V-SA,VIC1,1,17066.05
D,RESIDUE_PRICE_OFFER,,1,A202406,C2024Q4T11,V-SA,VIC1,1,17099.05
D,RESIDUE_PRICE_OFFER,,1,A202406,C2024Q4T11,V-SA,VIC1,1,17132.05
D,RESIDUE_PRICE_OFFER,,1,A202406,C2024Q4T11,V-SA,VIC1,1,17165.05
D,RESIDUE_PRICE_OFFER,,1,A202406,C2024Q4T11,V-SA,VIC1,1,17198.05
D,RESIDUE_PRICE_OFFER,,1,A202406,C2024Q4T11,V-SA,VIC1,1,17231.05
D,RESIDUE_PRICE_OFFER,,1,A202406,C2024Q4T11,V-SA,VIC1,1,17264.05
D,RESIDUE_PRICE_OFFER,,1,A202406,C2024Q4T11,V-SA,VIC1,1,17297.05
D,RESIDUE_PRICE_OFFER,,1,A202406,C2024Q4T11,V-SA,VIC1,1,17330.05
D,RESIDUE_PRICE_OFFER,,1,A202406,C2024Q4T11,V-SA,VIC1,1,17363.05
D,RESIDUE_PRICE_OFFER,,1,A202406,C2024Q4T11,V-SA,VIC1,1,17396.05
D,RESIDUE_PRICE_OFFER,,1,A202406,C2024Q4T11,V-SA,VIC1,1,17429.05
D,RESIDUE_PRICE_OFFER,,1,A202406,C2024Q4T11,V-SA,VIC1,1,17462.05
D,RESIDUE_PRICE_OFFER,,1,A202406,C2024Q4T11,V-SA,VIC1,1,17495.05
D,RESIDUE_PRICE_OFFER,,1,A202406,C2024Q4T11,V-SA,VIC1,1,17500
D,RESIDUE_PRICE_OFFER,,1,A202406,C2024Q4T11,V-SA,VIC1,1,18000
D,RESIDUE_PRICE_OFFER,,1,A202406,C2024Q4T11,V-SA,VIC1,1,18500
D,RESIDUE_PRICE_OFFER,,1,A202406,C2024Q4T11,V-SA,VIC1,1,19000
D,RESIDUE_PRICE_OFFER,,1,A202406,C2024Q4T11,V-SA,VIC1,1,19500
D,RESIDUE_PRICE_OFFER,,1,A202406,C2024Q4T11,V-SA,VIC1,73,0
D,RESIDUE_PRICE_OFFER,,1,A202406,C2024Q4T11,VIC1-NSW1,NSW1,2,1720.666660
D,RESIDUE_PRICE_OFFER,,1,A202406,C2024Q4T11,VIC1-NSW1,NSW1,2,1858.32
D,RESIDUE_PRICE_OFFER,,1,A202406,C2024Q4T11,VIC1-NSW1,NSW1,2,2006.9856
D,RESIDUE_PRICE_OFFER,,1,A202406,C2024Q4T11,VIC1-NSW1,NSW1,2,2167.544440
D,RESIDUE_PRICE_OFFER,,1,A202406,C2024Q4T11,VIC1-NSW1,NSW1,2,2340.9480
D,RESIDUE_PRICE_OFFER,,1,A202406,C2024Q4T11,VIC1-NSW1,NSW1,2,2528.223840
D,RESIDUE_PRICE_OFFER,,1,A202406,C2024Q4T11,VIC1-NSW1,NSW1,10,5500
D,RESIDUE_PRICE_OFFER,,1,A202406,C2024Q4T11,VIC1-NSW1,NSW1,10,6000
D,RESIDUE_PRICE_OFFER,,1,A202406,C2024Q4T11,VIC1-NSW1,NSW1,10,6500
D,RESIDUE_PRICE_OFFER,,1,A202406,C2024Q4T11,VIC1-NSW1,NSW1,15,4000
D,RESIDUE_PRICE_OFFER,,1,A202406,C2024Q4T11,VIC1-NSW1,NSW1,15,4500
D,RESIDUE_PRICE_OFFER,,1,A202406,C2024Q4T11,VIC1-NSW1,NSW1,15,5000
D,RESIDUE_PRICE_OFFER,,1,A202406,C2024Q4T11,VIC1-NSW1,NSW1,17,1544.45
D,RESIDUE_PRICE_OFFER,,1,A202406,C2024Q4T11,VIC1-NSW1,NSW1,108,0
D,RESIDUE_PRICE_OFFER,,1,A202406,C2024Q4T11,VIC1-NSW1,VIC1,1,18100.22
D,RESIDUE_PRICE_OFFER,,1,A202406,C2024Q4T11,VIC1-NSW1,VIC1,1,18200.22
D,RESIDUE_PRICE_OFFER,,1,A202406,C2024Q4T11,VIC1-NSW1,VIC1,1,18300.22
D,RESIDUE_PRICE_OFFER,,1,A202406,C2024Q4T11,VIC1-NSW1,VIC1,1,18400.22
D,RESIDUE_PRICE_OFFER,,1,A202406,C2024Q4T11,VIC1-NSW1,VIC1,1,18500.22
D,RESIDUE_PRICE_OFFER,,1,A202406,C2024Q4T11,VIC1-NSW1,VIC1,1,18600.22
D,RESIDUE_PRICE_OFFER,,1,A202406,C2024Q4T11,VIC1-NSW1,VIC1,1,18700.22
D,RESIDUE_PRICE_OFFER,,1,A202406,C2024Q4T11,VIC1-NSW1,VIC1,1,18800.22
D,RESIDUE_PRICE_OFFER,,1,A202406,C2024Q4T11,VIC1-NSW1,VIC1,1,18900.22
D,RESIDUE_PRICE_OFFER,,1,A202406,C2024Q4T11,VIC1-NSW1,VIC1,1,19000.22
D,RESIDUE_PRICE_OFFER,,1,A202406,C2024Q4T11,VIC1-NSW1,VIC1,1,19100.22
D,RESIDUE_PRICE_OFFER,,1,A202406,C2024Q4T11,VIC1-NSW1,VIC1,1,19200.22
D,RESIDUE_PRICE_OFFER,,1,A202406,C2024Q4T11,VIC1-NSW1,VIC1,1,19300.22
D,RESIDUE_PRICE_OFFER,,1,A202406,C2024Q4T11,VIC1-NSW1,VIC1,1,19400.22
D,RESIDUE_PRICE_OFFER,,1,A202406,C2024Q4T11,VIC1-NSW1,VIC1,1,19500.22
D,RESIDUE_PRICE_OFFER,,1,A202406,C2024Q4T11,VIC1-NSW1,VIC1,1,19600.22
D,RESIDUE_PRICE_OFFER,,1,A202406,C2024Q4T11,VIC1-NSW1,VIC1,1,19700.22
D,RESIDUE_PRICE_OFFER,,1,A202406,C2024Q4T11,VIC1-NSW1,VIC1,1,19800.22
D,RESIDUE_PRICE_OFFER,,1,A202406,C2024Q4T11,VIC1-NSW1,VIC1,1,19900.22
D,RESIDUE_PRICE_OFFER,,1,A202406,C2024Q4T11,VIC1-NSW1,VIC1,1,20000.22
D,RESIDUE_PRICE_OFFER,,1,A202406,C2024Q4T11,VIC1-NSW1,VIC1,2,12000
D,RESIDUE_PRICE_OFFER,,1,A202406,C2024Q4T11,VIC1-NSW1,VIC1,2,19280.892310
D,RESIDUE_PRICE_OFFER,,1,A202406,C2024Q4T11,VIC1-NSW1,VIC1,2,20244.936920
D,RESIDUE_PRICE_OFFER,,1,A202406,C2024Q4T11,VIC1-NSW1,VIC1,2,21257.183770
D,RESIDUE_PRICE_OFFER,,1,A202406,C2024Q4T11,VIC1-NSW1,VIC1,2,22320.042960
D,RESIDUE_PRICE_OFFER,,1,A202406,C2024Q4T11,VIC1-NSW1,VIC1,2,23436.045110
D,RESIDUE_PRICE_OFFER,,1,A202406,C2024Q4T11,VIC1-NSW1,VIC1,2,24607.847360
D,RESIDUE_PRICE_OFFER,,1,A202406,C2024Q4T11,VIC1-NSW1,VIC1,3,15998
D,RESIDUE_PRICE_OFFER,,1,A202406,C2024Q4T11,VIC1-NSW1,VIC1,5,17426
D,RESIDUE_PRICE_OFFER,,1,A202406,C2024Q4T11,VIC1-NSW1,VIC1,6,18481
D,RESIDUE_PRICE_OFFER,,1,A202406,C2024Q4T11,VIC1-NSW1,VIC1,7,19471
D,RESIDUE_PRICE_OFFER,,1,A202406,C2024Q4T11,VIC1-NSW1,VIC1,8,22900.22
D,RESIDUE_PRICE_OFFER,,1,A202406,C2024Q4T11,VIC1-NSW1,VIC1,8,24800.22
D,RESIDUE_PRICE_OFFER,,1,A202406,C2024Q4T11,VIC1-NSW1,VIC1,8,26700.22
D,RESIDUE_PRICE_OFFER,,1,A202406,C2024Q4T11,VIC1-NSW1,VIC1,8,28600.22
D,RESIDUE_PRICE_OFFER,,1,A202406,C2024Q4T11,VIC1-NSW1,VIC1,8,30500.22
D,RESIDUE_PRICE_OFFER,,1,A202406,C2024Q4T11,VIC1-NSW1,VIC1,8,32400.22
D,RESIDUE_PRICE_OFFER,,1,A202406,C2024Q4T11,VIC1-NSW1,VIC1,8,34300.22
D,RESIDUE_PRICE_OFFER,,1,A202406,C2024Q4T11,VIC1-NSW1,VIC1,8,36200.22
D,RESIDUE_PRICE_OFFER,,1,A202406,C2024Q4T11,VIC1-NSW1,VIC1,8,38100.22
D,RESIDUE_PRICE_OFFER,,1,A202406,C2024Q4T11,VIC1-NSW1,VIC1,8,40000.22
D,RESIDUE_PRICE_OFFER,,1,A202406,C2024Q4T11,VIC1-NSW1,VIC1,9,20490
D,RESIDUE_PRICE_OFFER,,1,A202406,C2024Q4T11,VIC1-NSW1,VIC1,11,21369
D,RESIDUE_PRICE_OFFER,,1,A202406,C2024Q4T11,VIC1-NSW1,VIC1,13,29299
D,RESIDUE_PRICE_OFFER,,1,A202406,C2024Q4T11,VIC1-NSW1,VIC1,20,20000
D,RESIDUE_PRICE_OFFER,,1,A202406,C2024Q4T11,VIC1-NSW1,VIC1,25,52343
D,RESIDUE_PRICE_OFFER,,1,A202406,C2024Q4T11,VIC1-NSW1,VIC1,125,0
D,RESIDUE_PRICE_OFFER,,1,A202406,C2025Q1T10,NSW1-QLD1,NSW1,2,34000
D,RESIDUE_PRICE_OFFER,,1,A202406,C2025Q1T10,NSW1-QLD1,NSW1,2,35000
D,RESIDUE_PRICE_OFFER,,1,A202406,C2025Q1T10,NSW1-QLD1,NSW1,2,36000
D,RESIDUE_PRICE_OFFER,,1,A202406,C2025Q1T10,NSW1-QLD1,NSW1,2,37000
D,RESIDUE_PRICE_OFFER,,1,A202406,C2025Q1T10,NSW1-QLD1,NSW1,2,38000
D,RESIDUE_PRICE_OFFER,,1,A202406,C2025Q1T10,NSW1-QLD1,NSW1,2,39980.75
D,RESIDUE_PRICE_OFFER,,1,A202406,C2025Q1T10,NSW1-QLD1,NSW1,2,45977.8625
D,RESIDUE_PRICE_OFFER,,1,A202406,C2025Q1T10,NSW1-QLD1,NSW1,2,52874.541880
D,RESIDUE_PRICE_OFFER,,1,A202406,C2025Q1T10,NSW1-QLD1,NSW1,2,60805.723160
D,RESIDUE_PRICE_OFFER,,1,A202406,C2025Q1T10,NSW1-QLD1,NSW1,2,69926.581630
D,RESIDUE_PRICE_OFFER,,1,A202406,C2025Q1T10,NSW1-QLD1,NSW1,2,80415.568870
D,RESIDUE_PRICE_OFFER,,1,A202406,C2025Q1T10,NSW1-QLD1,NSW1,10,33000
D,RESIDUE_PRICE_OFFER,,1,A202406,C2025Q1T10,NSW1-QLD1,NSW1,45,0
D,RESIDUE_PRICE_OFFER,,1,A202406,C2025Q1T10,NSW1-QLD1,QLD1,1,22081
D,RESIDUE_PRICE_OFFER,,1,A202406,C2025Q1T10,NSW1-QLD1,QLD1,1,22161
D,RESIDUE_PRICE_OFFER,,1,A202406,C2025Q1T10,NSW1-QLD1,QLD1,1,22241
D,RESIDUE_PRICE_OFFER,,1,A202406,C2025Q1T10,NSW1-QLD1,QLD1,1,22321
D,RESIDUE_PRICE_OFFER,,1,A202406,C2025Q1T10,NSW1-QLD1,QLD1,1,22401
D,RESIDUE_PRICE_OFFER,,1,A202406,C2025Q1T10,NSW1-QLD1,QLD1,1,22481
D,RESIDUE_PRICE_OFFER,,1,A202406,C2025Q1T10,NSW1-QLD1,QLD1,1,22561
D,RESIDUE_PRICE_OFFER,,1,A202406,C2025Q1T10,NSW1-QLD1,QLD1,1,22641
D,RESIDUE_PRICE_OFFER,,1,A202406,C2025Q1T10,NSW1-QLD1,QLD1,1,22721
D,RESIDUE_PRICE_OFFER,,1,A202406,C2025Q1T10,NSW1-QLD1,QLD1,1,22801
D,RESIDUE_PRICE_OFFER,,1,A202406,C2025Q1T10,NSW1-QLD1,QLD1,1,22881
D,RESIDUE_PRICE_OFFER,,1,A202406,C2025Q1T10,NSW1-QLD1,QLD1,1,22961
D,RESIDUE_PRICE_OFFER,,1,A202406,C2025Q1T10,NSW1-QLD1,QLD1,1,23041
D,RESIDUE_PRICE_OFFER,,1,A202406,C2025Q1T10,NSW1-QLD1,QLD1,1,23121
D,RESIDUE_PRICE_OFFER,,1,A202406,C2025Q1T10,NSW1-QLD1,QLD1,1,23201
D,RESIDUE_PRICE_OFFER,,1,A202406,C2025Q1T10,NSW1-QLD1,QLD1,1,23281
D,RESIDUE_PRICE_OFFER,,1,A202406,C2025Q1T10,NSW1-QLD1,QLD1,1,23361
D,RESIDUE_PRICE_OFFER,,1,A202406,C2025Q1T10,NSW1-QLD1,QLD1,1,23441
D,RESIDUE_PRICE_OFFER,,1,A202406,C2025Q1T10,NSW1-QLD1,QLD1,1,23521
D,RESIDUE_PRICE_OFFER,,1,A202406,C2025Q1T10,NSW1-QLD1,QLD1,1,23601
D,RESIDUE_PRICE_OFFER,,1,A202406,C2025Q1T10,NSW1-QLD1,QLD1,1,23681
D,RESIDUE_PRICE_OFFER,,1,A202406,C2025Q1T10,NSW1-QLD1,QLD1,1,23761
D,RESIDUE_PRICE_OFFER,,1,A202406,C2025Q1T10,NSW1-QLD1,QLD1,1,23841
D,RESIDUE_PRICE_OFFER,,1,A202406,C2025Q1T10,NSW1-QLD1,QLD1,1,23921
D,RESIDUE_PRICE_OFFER,,1,A202406,C2025Q1T10,NSW1-QLD1,QLD1,1,24001
D,RESIDUE_PRICE_OFFER,,1,A202406,C2025Q1T10,NSW1-QLD1,QLD1,1,35000
D,RESIDUE_PRICE_OFFER,,1,A202406,C2025Q1T10,NSW1-QLD1,QLD1,1,37000
D,RESIDUE_PRICE_OFFER,,1,A202406,C2025Q1T10,NSW1-QLD1,QLD1,1,39000
D,RESIDUE_PRICE_OFFER,,1,A202406,C2025Q1T10,NSW1-QLD1,QLD1,4,27100
D,RESIDUE_PRICE_OFFER,,1,A202406,C2025Q1T10,NSW1-QLD1,QLD1,5,22801
D,RESIDUE_PRICE_OFFER,,1,A202406,C2025Q1T10,NSW1-QLD1,QLD1,5,23601
D,RESIDUE_PRICE_OFFER,,1,A202406,C2025Q1T10,NSW1-QLD1,QLD1,5,24401
D,RESIDUE_PRICE_OFFER,,1,A202406,C2025Q1T10,NSW1-QLD1,QLD1,5,25201
D,RESIDUE_PRICE_OFFER,,1,A202406,C2025Q1T10,NSW1-QLD1,QLD1,5,25584
D,RESIDUE_PRICE_OFFER,,1,A202406,C2025Q1T10,NSW1-QLD1,QLD1,5,26001
D,RESIDUE_PRICE_OFFER,,1,A202406,C2025Q1T10,NSW1-QLD1,QLD1,5,26801
D,RESIDUE_PRICE_OFFER,,1,A202406,C2025Q1T10,NSW1-QLD1,QLD1,5,27601
D,RESIDUE_PRICE_OFFER,,1,A202406,C2025Q1T10,NSW1-QLD1,QLD1,5,28401
D,RESIDUE_PRICE_OFFER,,1,A202406,C2025Q1T10,NSW1-QLD1,QLD1,5,29201
D,RESIDUE_PRICE_OFFER,,1,A202406,C2025Q1T10,NSW1-QLD1,QLD1,5,30001
D,RESIDUE_PRICE_OFFER,,1,A202406,C2025Q1T10,NSW1-QLD1,QLD1,10,42130
D,RESIDUE_PRICE_OFFER,,1,A202406,C2025Q1T10,NSW1-QLD1,QLD1,100,0
D,RESIDUE_PRICE_OFFER,,1,A202406,C2025Q1T10,V-SA,SA1,2,6612.924240
D,RESIDUE_PRICE_OFFER,,1,A202406,C2025Q1T10,V-SA,SA1,2,7604.862870
D,RESIDUE_PRICE_OFFER,,1,A202406,C2025Q1T10,V-SA,SA1,2,8745.592310
D,RESIDUE_PRICE_OFFER,,1,A202406,C2025Q1T10,V-SA,SA1,2,10057.431160
D,RESIDUE_PRICE_OFFER,,1,A202406,C2025Q1T10,V-SA,SA1,2,11566.045830
D,RESIDUE_PRICE_OFFER,,1,A202406,C2025Q1T10,V-SA,SA1,2,13300.952710
D,RESIDUE_PRICE_OFFER,,1,A202406,C2025Q1T10,V-SA,SA1,5,8000
D,RESIDUE_PRICE_OFFER,,1,A202406,C2025Q1T10,V-SA,SA1,5,8500
D,RESIDUE_PRICE_OFFER,,1,A202406,C2025Q1T10,V-SA,SA1,5,9000
D,RESIDUE_PRICE_OFFER,,1,A202406,C2025Q1T10,V-SA,SA1,5,9500
D,RESIDUE_PRICE_OFFER,,1,A202406,C2025Q1T10,V-SA,SA1,5,10000
D,RESIDUE_PRICE_OFFER,,1,A202406,C2025Q1T10,V-SA,SA1,5,10500
D,RESIDUE_PRICE_OFFER,,1,A202406,C2025Q1T10,V-SA,SA1,12,5931
D,RESIDUE_PRICE_OFFER,,1,A202406,C2025Q1T10,V-SA,SA1,64,0
D,RESIDUE_PRICE_OFFER,,1,A202406,C2025Q1T10,V-SA,VIC1,1,30250.05
D,RESIDUE_PRICE_OFFER,,1,A202406,C2025Q1T10,V-SA,VIC1,1,30500.05
D,RESIDUE_PRICE_OFFER,,1,A202406,C2025Q1T10,V-SA,VIC1,1,30750.05
D,RESIDUE_PRICE_OFFER,,1,A202406,C2025Q1T10,V-SA,VIC1,1,31000.05
D,RESIDUE_PRICE_OFFER,,1,A202406,C2025Q1T10,V-SA,VIC1,1,31250.05
D,RESIDUE_PRICE_OFFER,,1,A202406,C2025Q1T10,V-SA,VIC1,1,31500.05
D,RESIDUE_PRICE_OFFER,,1,A202406,C2025Q1T10,V-SA,VIC1,1,31750.05
D,RESIDUE_PRICE_OFFER,,1,A202406,C2025Q1T10,V-SA,VIC1,1,32000.05
D,RESIDUE_PRICE_OFFER,,1,A202406,C2025Q1T10,V-SA,VIC1,1,32250.05
D,RESIDUE_PRICE_OFFER,,1,A202406,C2025Q1T10,V-SA,VIC1,1,32500.05
D,RESIDUE_PRICE_OFFER,,1,A202406,C2025Q1T10,V-SA,VIC1,1,32750.05
D,RESIDUE_PRICE_OFFER,,1,A202406,C2025Q1T10,V-SA,VIC1,1,33000.05
D,RESIDUE_PRICE_OFFER,,1,A202406,C2025Q1T10,V-SA,VIC1,1,33250.05
D,RESIDUE_PRICE_OFFER,,1,A202406,C2025Q1T10,V-SA,VIC1,1,33500.05
D,RESIDUE_PRICE_OFFER,,1,A202406,C2025Q1T10,V-SA,VIC1,1,33750.05
D,RESIDUE_PRICE_OFFER,,1,A202406,C2025Q1T10,V-SA,VIC1,1,34000.05
D,RESIDUE_PRICE_OFFER,,1,A202406,C2025Q1T10,V-SA,VIC1,1,34250.05
D,RESIDUE_PRICE_OFFER,,1,A202406,C2025Q1T10,V-SA,VIC1,1,34500.05
D,RESIDUE_PRICE_OFFER,,1,A202406,C2025Q1T10,V-SA,VIC1,1,34750.05
D,RESIDUE_PRICE_OFFER,,1,A202406,C2025Q1T10,V-SA,VIC1,1,35000.05
D,RESIDUE_PRICE_OFFER,,1,A202406,C2025Q1T10,V-SA,VIC1,1,37875.05
D,RESIDUE_PRICE_OFFER,,1,A202406,C2025Q1T10,V-SA,VIC1,1,38250.05
D,RESIDUE_PRICE_OFFER,,1,A202406,C2025Q1T10,V-SA,VIC1,1,38625.05
D,RESIDUE_PRICE_OFFER,,1,A202406,C2025Q1T10,V-SA,VIC1,1,39000.05
D,RESIDUE_PRICE_OFFER,,1,A202406,C2025Q1T10,V-SA,VIC1,1,39375.05
D,RESIDUE_PRICE_OFFER,,1,A202406,C2025Q1T10,V-SA,VIC1,1,39750.05
D,RESIDUE_PRICE_OFFER,,1,A202406,C2025Q1T10,V-SA,VIC1,1,40125.05
D,RESIDUE_PRICE_OFFER,,1,A202406,C2025Q1T10,V-SA,VIC1,1,40500.05
D,RESIDUE_PRICE_OFFER,,1,A202406,C2025Q1T10,V-SA,VIC1,1,40875.05
D,RESIDUE_PRICE_OFFER,,1,A202406,C2025Q1T10,V-SA,VIC1,1,41250.05
D,RESIDUE_PRICE_OFFER,,1,A202406,C2025Q1T10,V-SA,VIC1,1,41625.05
D,RESIDUE_PRICE_OFFER,,1,A202406,C2025Q1T10,V-SA,VIC1,1,42000.05
D,RESIDUE_PRICE_OFFER,,1,A202406,C2025Q1T10,V-SA,VIC1,1,42375.05
D,RESIDUE_PRICE_OFFER,,1,A202406,C2025Q1T10,V-SA,VIC1,1,42750.05
D,RESIDUE_PRICE_OFFER,,1,A202406,C2025Q1T10,V-SA,VIC1,1,43125.05
D,RESIDUE_PRICE_OFFER,,1,A202406,C2025Q1T10,V-SA,VIC1,1,43500.05
D,RESIDUE_PRICE_OFFER,,1,A202406,C2025Q1T10,V-SA,VIC1,1,43875.05
D,RESIDUE_PRICE_OFFER,,1,A202406,C2025Q1T10,V-SA,VIC1,1,44250.05
D,RESIDUE_PRICE_OFFER,,1,A202406,C2025Q1T10,V-SA,VIC1,1,44625.05
D,RESIDUE_PRICE_OFFER,,1,A202406,C2025Q1T10,V-SA,VIC1,1,45000.05
D,RESIDUE_PRICE_OFFER,,1,A202406,C2025Q1T10,V-SA,VIC1,73,0
D,RESIDUE_PRICE_OFFER,,1,A202406,C2025Q1T10,VIC1-NSW1,NSW1,1,7050.03
D,RESIDUE_PRICE_OFFER,,1,A202406,C2025Q1T10,VIC1-NSW1,NSW1,1,7100.03
D,RESIDUE_PRICE_OFFER,,1,A202406,C2025Q1T10,VIC1-NSW1,NSW1,1,7150.03
D,RESIDUE_PRICE_OFFER,,1,A202406,C2025Q1T10,VIC1-NSW1,NSW1,1,7200.03
D,RESIDUE_PRICE_OFFER,,1,A202406,C2025Q1T10,VIC1-NSW1,NSW1,1,7250.03
D,RESIDUE_PRICE_OFFER,,1,A202406,C2025Q1T10,VIC1-NSW1,NSW1,1,7300.03
D,RESIDUE_PRICE_OFFER,,1,A202406,C2025Q1T10,VIC1-NSW1,NSW1,1,7350.03
D,RESIDUE_PRICE_OFFER,,1,A202406,C2025Q1T10,VIC1-NSW1,NSW1,1,7400.03
D,RESIDUE_PRICE_OFFER,,1,A202406,C2025Q1T10,VIC1-NSW1,NSW1,1,7450.03
D,RESIDUE_PRICE_OFFER,,1,A202406,C2025Q1T10,VIC1-NSW1,NSW1,1,7500.03
D,RESIDUE_PRICE_OFFER,,1,A202406,C2025Q1T10,VIC1-NSW1,NSW1,1,7550.03
D,RESIDUE_PRICE_OFFER,,1,A202406,C2025Q1T10,VIC1-NSW1,NSW1,1,7600.03
D,RESIDUE_PRICE_OFFER,,1,A202406,C2025Q1T10,VIC1-NSW1,NSW1,1,7650.03
D,RESIDUE_PRICE_OFFER,,1,A202406,C2025Q1T10,VIC1-NSW1,NSW1,1,7700.03
D,RESIDUE_PRICE_OFFER,,1,A202406,C2025Q1T10,VIC1-NSW1,NSW1,1,7750.03
D,RESIDUE_PRICE_OFFER,,1,A202406,C2025Q1T10,VIC1-NSW1,NSW1,1,7800.03
D,RESIDUE_PRICE_OFFER,,1,A202406,C2025Q1T10,VIC1-NSW1,NSW1,1,7850.03
D,RESIDUE_PRICE_OFFER,,1,A202406,C2025Q1T10,VIC1-NSW1,NSW1,1,7900.03
D,RESIDUE_PRICE_OFFER,,1,A202406,C2025Q1T10,VIC1-NSW1,NSW1,1,7950.03
D,RESIDUE_PRICE_OFFER,,1,A202406,C2025Q1T10,VIC1-NSW1,NSW1,1,8000.03
D,RESIDUE_PRICE_OFFER,,1,A202406,C2025Q1T10,VIC1-NSW1,NSW1,2,4499.081080
D,RESIDUE_PRICE_OFFER,,1,A202406,C2025Q1T10,VIC1-NSW1,NSW1,2,4859.007560
D,RESIDUE_PRICE_OFFER,,1,A202406,C2025Q1T10,VIC1-NSW1,NSW1,2,5247.728170
D,RESIDUE_PRICE_OFFER,,1,A202406,C2025Q1T10,VIC1-NSW1,NSW1,2,5667.546420
D,RESIDUE_PRICE_OFFER,,1,A202406,C2025Q1T10,VIC1-NSW1,NSW1,2,6120.950140
D,RESIDUE_PRICE_OFFER,,1,A202406,C2025Q1T10,VIC1-NSW1,NSW1,2,6610.626150
D,RESIDUE_PRICE_OFFER,,1,A202406,C2025Q1T10,VIC1-NSW1,NSW1,10,8000
D,RESIDUE_PRICE_OFFER,,1,A202406,C2025Q1T10,VIC1-NSW1,NSW1,10,8500
D,RESIDUE_PRICE_OFFER,,1,A202406,C2025Q1T10,VIC1-NSW1,NSW1,10,9000
D,RESIDUE_PRICE_OFFER,,1,A202406,C2025Q1T10,VIC1-NSW1,NSW1,10,9500
D,RESIDUE_PRICE_OFFER,,1,A202406,C2025Q1T10,VIC1-NSW1,NSW1,10,10000
D,RESIDUE_PRICE_OFFER,,1,A202406,C2025Q1T10,VIC1-NSW1,NSW1,10,10500
D,RESIDUE_PRICE_OFFER,,1,A202406,C2025Q1T10,VIC1-NSW1,NSW1,108,0
D,RESIDUE_PRICE_OFFER,,1,A202406,C2025Q1T10,VIC1-NSW1,VIC1,1,20042.22
D,RESIDUE_PRICE_OFFER,,1,A202406,C2025Q1T10,VIC1-NSW1,VIC1,1,20084.22
D,RESIDUE_PRICE_OFFER,,1,A202406,C2025Q1T10,VIC1-NSW1,VIC1,1,20126.22
D,RESIDUE_PRICE_OFFER,,1,A202406,C2025Q1T10,VIC1-NSW1,VIC1,1,20168.22
D,RESIDUE_PRICE_OFFER,,1,A202406,C2025Q1T10,VIC1-NSW1,VIC1,1,20210.22
D,RESIDUE_PRICE_OFFER,,1,A202406,C2025Q1T10,VIC1-NSW1,VIC1,1,20252.22
D,RESIDUE_PRICE_OFFER,,1,A202406,C2025Q1T10,VIC1-NSW1,VIC1,1,20294.22
D,RESIDUE_PRICE_OFFER,,1,A202406,C2025Q1T10,VIC1-NSW1,VIC1,1,20336.22
D,RESIDUE_PRICE_OFFER,,1,A202406,C2025Q1T10,VIC1-NSW1,VIC1,1,20378.22
D,RESIDUE_PRICE_OFFER,,1,A202406,C2025Q1T10,VIC1-NSW1,VIC1,1,20420.22
D,RESIDUE_PRICE_OFFER,,1,A202406,C2025Q1T10,VIC1-NSW1,VIC1,1,20462.22
D,RESIDUE_PRICE_OFFER,,1,A202406,C2025Q1T10,VIC1-NSW1,VIC1,1,20504.22
D,RESIDUE_PRICE_OFFER,,1,A202406,C2025Q1T10,VIC1-NSW1,VIC1,1,20546.22
D,RESIDUE_PRICE_OFFER,,1,A202406,C2025Q1T10,VIC1-NSW1,VIC1,1,20588.22
D,RESIDUE_PRICE_OFFER,,1,A202406,C2025Q1T10,VIC1-NSW1,VIC1,1,20630.22
D,RESIDUE_PRICE_OFFER,,1,A202406,C2025Q1T10,VIC1-NSW1,VIC1,1,20672.22
D,RESIDUE_PRICE_OFFER,,1,A202406,C2025Q1T10,VIC1-NSW1,VIC1,1,20714.22
D,RESIDUE_PRICE_OFFER,,1,A202406,C2025Q1T10,VIC1-NSW1,VIC1,1,20756.22
D,RESIDUE_PRICE_OFFER,,1,A202406,C2025Q1T10,VIC1-NSW1,VIC1,1,20798.22
D,RESIDUE_PRICE_OFFER,,1,A202406,C2025Q1T10,VIC1-NSW1,VIC1,1,20840.22
D,RESIDUE_PRICE_OFFER,,1,A202406,C2025Q1T10,VIC1-NSW1,VIC1,1,20882.22
D,RESIDUE_PRICE_OFFER,,1,A202406,C2025Q1T10,VIC1-NSW1,VIC1,1,20924.22
D,RESIDUE_PRICE_OFFER,,1,A202406,C2025Q1T10,VIC1-NSW1,VIC1,1,20966.22
D,RESIDUE_PRICE_OFFER,,1,A202406,C2025Q1T10,VIC1-NSW1,VIC1,1,21008.22
D,RESIDUE_PRICE_OFFER,,1,A202406,C2025Q1T10,VIC1-NSW1,VIC1,1,21050.22
D,RESIDUE_PRICE_OFFER,,1,A202406,C2025Q1T10,VIC1-NSW1,VIC1,1,21092.22
D,RESIDUE_PRICE_OFFER,,1,A202406,C2025Q1T10,VIC1-NSW1,VIC1,1,21134.22
D,RESIDUE_PRICE_OFFER,,1,A202406,C2025Q1T10,VIC1-NSW1,VIC1,1,21176.22
D,RESIDUE_PRICE_OFFER,,1,A202406,C2025Q1T10,VIC1-NSW1,VIC1,1,21218.22
D,RESIDUE_PRICE_OFFER,,1,A202406,C2025Q1T10,VIC1-NSW1,VIC1,1,21260.22
D,RESIDUE_PRICE_OFFER,,1,A202406,C2025Q1T10,VIC1-NSW1,VIC1,1,21302.22
D,RESIDUE_PRICE_OFFER,,1,A202406,C2025Q1T10,VIC1-NSW1,VIC1,1,21344.22
D,RESIDUE_PRICE_OFFER,,1,A202406,C2025Q1T10,VIC1-NSW1,VIC1,1,21386.22
D,RESIDUE_PRICE_OFFER,,1,A202406,C2025Q1T10,VIC1-NSW1,VIC1,1,21428.22
D,RESIDUE_PRICE_OFFER,,1,A202406,C2025Q1T10,VIC1-NSW1,VIC1,1,21470.22
D,RESIDUE_PRICE_OFFER,,1,A202406,C2025Q1T10,VIC1-NSW1,VIC1,2,22115.70
D,RESIDUE_PRICE_OFFER,,1,A202406,C2025Q1T10,VIC1-NSW1,VIC1,2,23221.4850
D,RESIDUE_PRICE_OFFER,,1,A202406,C2025Q1T10,VIC1-NSW1,VIC1,2,24382.559250
D,RESIDUE_PRICE_OFFER,,1,A202406,C2025Q1T10,VIC1-NSW1,VIC1,2,25601.687210
D,RESIDUE_PRICE_OFFER,,1,A202406,C2025Q1T10,VIC1-NSW1,VIC1,2,26881.771570
D,RESIDUE_PRICE_OFFER,,1,A202406,C2025Q1T10,VIC1-NSW1,VIC1,2,28225.860150
D,RESIDUE_PRICE_OFFER,,1,A202406,C2025Q1T10,VIC1-NSW1,VIC1,4,15100
D,RESIDUE_PRICE_OFFER,,1,A202406,C2025Q1T10,VIC1-NSW1,VIC1,4,15500
D,RESIDUE_PRICE_OFFER,,1,A202406,C2025Q1T10,VIC1-NSW1,VIC1,5,48967
D,RESIDUE_PRICE_OFFER,,1,A202406,C2025Q1T10,VIC1-NSW1,VIC1,7,23700.22
D,RESIDUE_PRICE_OFFER,,1,A202406,C2025Q1T10,VIC1-NSW1,VIC1,7,24400.22
D,RESIDUE_PRICE_OFFER,,1,A202406,C2025Q1T10,VIC1-NSW1,VIC1,7,25100.22
D,RESIDUE_PRICE_OFFER,,1,A202406,C2025Q1T10,VIC1-NSW1,VIC1,7,25800.22
D,RESIDUE_PRICE_OFFER,,1,A202406,C2025Q1T10,VIC1-NSW1,VIC1,7,26500.22
D,RESIDUE_PRICE_OFFER,,1,A202406,C2025Q1T10,VIC1-NSW1,VIC1,7,27200.22
D,RESIDUE_PRICE_OFFER,,1,A202406,C2025Q1T10,VIC1-NSW1,VIC1,7,27900.22
D,RESIDUE_PRICE_OFFER,,1,A202406,C2025Q1T10,VIC1-NSW1,VIC1,7,28600.22
D,RESIDUE_PRICE_OFFER,,1,A202406,C2025Q1T10,VIC1-NSW1,VIC1,7,29300.22
D,RESIDUE_PRICE_OFFER,,1,A202406,C2025Q1T10,VIC1-NSW1,VIC1,7,30000.22
D,RESIDUE_PRICE_OFFER,,1,A202406,C2025Q1T10,VIC1-NSW1,VIC1,10,45045
D,RESIDUE_PRICE_OFFER,,1,A202406,C2025Q1T10,VIC1-NSW1,VIC1,125,0
D,RESIDUE_PRICE_OFFER,,1,A202406,C2025Q2T09,NSW1-QLD1,NSW1,5,5500.84
D,RESIDUE_PRICE_OFFER,,1,A202406,C2025Q2T09,NSW1-QLD1,NSW1,5,7500
D,RESIDUE_PRICE_OFFER,,1,A202406,C2025Q2T09,NSW1-QLD1,NSW1,45,0
D,RESIDUE_PRICE_OFFER,,1,A202406,C2025Q2T09,NSW1-QLD1,QLD1,1,37041
D,RESIDUE_PRICE_OFFER,,1,A202406,C2025Q2T09,NSW1-QLD1,QLD1,1,37081
D,RESIDUE_PRICE_OFFER,,1,A202406,C2025Q2T09,NSW1-QLD1,QLD1,1,37121
D,RESIDUE_PRICE_OFFER,,1,A202406,C2025Q2T09,NSW1-QLD1,QLD1,1,37161
D,RESIDUE_PRICE_OFFER,,1,A202406,C2025Q2T09,NSW1-QLD1,QLD1,1,37201
D,RESIDUE_PRICE_OFFER,,1,A202406,C2025Q2T09,NSW1-QLD1,QLD1,1,37241
D,RESIDUE_PRICE_OFFER,,1,A202406,C2025Q2T09,NSW1-QLD1,QLD1,1,37281
D,RESIDUE_PRICE_OFFER,,1,A202406,C2025Q2T09,NSW1-QLD1,QLD1,1,37321
D,RESIDUE_PRICE_OFFER,,1,A202406,C2025Q2T09,NSW1-QLD1,QLD1,1,37361
D,RESIDUE_PRICE_OFFER,,1,A202406,C2025Q2T09,NSW1-QLD1,QLD1,1,37401
D,RESIDUE_PRICE_OFFER,,1,A202406,C2025Q2T09,NSW1-QLD1,QLD1,1,37441
D,RESIDUE_PRICE_OFFER,,1,A202406,C2025Q2T09,NSW1-QLD1,QLD1,1,37481
D,RESIDUE_PRICE_OFFER,,1,A202406,C2025Q2T09,NSW1-QLD1,QLD1,1,37521
D,RESIDUE_PRICE_OFFER,,1,A202406,C2025Q2T09,NSW1-QLD1,QLD1,1,37561
D,RESIDUE_PRICE_OFFER,,1,A202406,C2025Q2T09,NSW1-QLD1,QLD1,1,37601
D,RESIDUE_PRICE_OFFER,,1,A202406,C2025Q2T09,NSW1-QLD1,QLD1,1,37641
D,RESIDUE_PRICE_OFFER,,1,A202406,C2025Q2T09,NSW1-QLD1,QLD1,1,37681
D,RESIDUE_PRICE_OFFER,,1,A202406,C2025Q2T09,NSW1-QLD1,QLD1,1,37721
D,RESIDUE_PRICE_OFFER,,1,A202406,C2025Q2T09,NSW1-QLD1,QLD1,1,37761
D,RESIDUE_PRICE_OFFER,,1,A202406,C2025Q2T09,NSW1-QLD1,QLD1,1,37801
D,RESIDUE_PRICE_OFFER,,1,A202406,C2025Q2T09,NSW1-QLD1,QLD1,1,37841
D,RESIDUE_PRICE_OFFER,,1,A202406,C2025Q2T09,NSW1-QLD1,QLD1,1,37881
D,RESIDUE_PRICE_OFFER,,1,A202406,C2025Q2T09,NSW1-QLD1,QLD1,1,37921
D,RESIDUE_PRICE_OFFER,,1,A202406,C2025Q2T09,NSW1-QLD1,QLD1,1,37961
D,RESIDUE_PRICE_OFFER,,1,A202406,C2025Q2T09,NSW1-QLD1,QLD1,1,38001
D,RESIDUE_PRICE_OFFER,,1,A202406,C2025Q2T09,NSW1-QLD1,QLD1,1,39800
D,RESIDUE_PRICE_OFFER,,1,A202406,C2025Q2T09,NSW1-QLD1,QLD1,1,39900
D,RESIDUE_PRICE_OFFER,,1,A202406,C2025Q2T09,NSW1-QLD1,QLD1,1,39995
D,RESIDUE_PRICE_OFFER,,1,A202406,C2025Q2T09,NSW1-QLD1,QLD1,1,39999
D,RESIDUE_PRICE_OFFER,,1,A202406,C2025Q2T09,NSW1-QLD1,QLD1,1,40000
D,RESIDUE_PRICE_OFFER,,1,A202406,C2025Q2T09,NSW1-QLD1,QLD1,5,42001
D,RESIDUE_PRICE_OFFER,,1,A202406,C2025Q2T09,NSW1-QLD1,QLD1,5,44001
D,RESIDUE_PRICE_OFFER,,1,A202406,C2025Q2T09,NSW1-QLD1,QLD1,5,46001
D,RESIDUE_PRICE_OFFER,,1,A202406,C2025Q2T09,NSW1-QLD1,QLD1,5,48001
D,RESIDUE_PRICE_OFFER,,1,A202406,C2025Q2T09,NSW1-QLD1,QLD1,5,50001
D,RESIDUE_PRICE_OFFER,,1,A202406,C2025Q2T09,NSW1-QLD1,QLD1,10,52868
D,RESIDUE_PRICE_OFFER,,1,A202406,C2025Q2T09,NSW1-QLD1,QLD1,10,65560
D,RESIDUE_PRICE_OFFER,,1,A202406,C2025Q2T09,NSW1-QLD1,QLD1,100,0
D,RESIDUE_PRICE_OFFER,,1,A202406,C2025Q2T09,V-SA,SA1,1,8000
D,RESIDUE_PRICE_OFFER,,1,A202406,C2025Q2T09,V-SA,SA1,2,4483.153840
D,RESIDUE_PRICE_OFFER,,1,A202406,C2025Q2T09,V-SA,SA1,2,5155.626920
D,RESIDUE_PRICE_OFFER,,1,A202406,C2025Q2T09,V-SA,SA1,2,5928.970960
D,RESIDUE_PRICE_OFFER,,1,A202406,C2025Q2T09,V-SA,SA1,2,6500
D,RESIDUE_PRICE_OFFER,,1,A202406,C2025Q2T09,V-SA,SA1,2,6818.3166
D,RESIDUE_PRICE_OFFER,,1,A202406,C2025Q2T09,V-SA,SA1,2,7841.064090
D,RESIDUE_PRICE_OFFER,,1,A202406,C2025Q2T09,V-SA,SA1,2,9017.223710
D,RESIDUE_PRICE_OFFER,,1,A202406,C2025Q2T09,V-SA,SA1,2,9142.86
D,RESIDUE_PRICE_OFFER,,1,A202406,C2025Q2T09,V-SA,SA1,2,10285.709990
D,RESIDUE_PRICE_OFFER,,1,A202406,C2025Q2T09,V-SA,SA1,2,11428.57
D,RESIDUE_PRICE_OFFER,,1,A202406,C2025Q2T09,V-SA,SA1,2,12571.43
D,RESIDUE_PRICE_OFFER,,1,A202406,C2025Q2T09,V-SA,SA1,2,13714.29
D,RESIDUE_PRICE_OFFER,,1,A202406,C2025Q2T09,V-SA,SA1,2,14857.14
D,RESIDUE_PRICE_OFFER,,1,A202406,C2025Q2T09,V-SA,SA1,2,16000
D,RESIDUE_PRICE_OFFER,,1,A202406,C2025Q2T09,V-SA,SA1,3,7000
D,RESIDUE_PRICE_OFFER,,1,A202406,C2025Q2T09,V-SA,SA1,5,7500
D,RESIDUE_PRICE_OFFER,,1,A202406,C2025Q2T09,V-SA,SA1,5,8000
D,RESIDUE_PRICE_OFFER,,1,A202406,C2025Q2T09,V-SA,SA1,5,8500
D,RESIDUE_PRICE_OFFER,,1,A202406,C2025Q2T09,V-SA,SA1,5,9000
D,RESIDUE_PRICE_OFFER,,1,A202406,C2025Q2T09,V-SA,SA1,64,0
D,RESIDUE_PRICE_OFFER,,1,A202406,C2025Q2T09,V-SA,VIC1,1,17043.05
D,RESIDUE_PRICE_OFFER,,1,A202406,C2025Q2T09,V-SA,VIC1,1,17086.05
D,RESIDUE_PRICE_OFFER,,1,A202406,C2025Q2T09,V-SA,VIC1,1,17129.05
D,RESIDUE_PRICE_OFFER,,1,A202406,C2025Q2T09,V-SA,VIC1,1,17172.05
D,RESIDUE_PRICE_OFFER,,1,A202406,C2025Q2T09,V-SA,VIC1,1,17215.05
D,RESIDUE_PRICE_OFFER,,1,A202406,C2025Q2T09,V-SA,VIC1,1,17258.05
D,RESIDUE_PRICE_OFFER,,1,A202406,C2025Q2T09,V-SA,VIC1,1,17301.05
D,RESIDUE_PRICE_OFFER,,1,A202406,C2025Q2T09,V-SA,VIC1,1,17344.05
D,RESIDUE_PRICE_OFFER,,1,A202406,C2025Q2T09,V-SA,VIC1,1,17387.05
D,RESIDUE_PRICE_OFFER,,1,A202406,C2025Q2T09,V-SA,VIC1,1,17430.05
D,RESIDUE_PRICE_OFFER,,1,A202406,C2025Q2T09,V-SA,VIC1,1,17473.05
D,RESIDUE_PRICE_OFFER,,1,A202406,C2025Q2T09,V-SA,VIC1,1,17516.05
D,RESIDUE_PRICE_OFFER,,1,A202406,C2025Q2T09,V-SA,VIC1,1,17559.05
D,RESIDUE_PRICE_OFFER,,1,A202406,C2025Q2T09,V-SA,VIC1,1,17602.05
D,RESIDUE_PRICE_OFFER,,1,A202406,C2025Q2T09,V-SA,VIC1,1,17645.05
D,RESIDUE_PRICE_OFFER,,1,A202406,C2025Q2T09,V-SA,VIC1,1,17688.05
D,RESIDUE_PRICE_OFFER,,1,A202406,C2025Q2T09,V-SA,VIC1,1,17731.05
D,RESIDUE_PRICE_OFFER,,1,A202406,C2025Q2T09,V-SA,VIC1,1,17774.05
D,RESIDUE_PRICE_OFFER,,1,A202406,C2025Q2T09,V-SA,VIC1,1,17817.05
D,RESIDUE_PRICE_OFFER,,1,A202406,C2025Q2T09,V-SA,VIC1,1,17860.05
D,RESIDUE_PRICE_OFFER,,1,A202406,C2025Q2T09,V-SA,VIC1,1,17903.05
D,RESIDUE_PRICE_OFFER,,1,A202406,C2025Q2T09,V-SA,VIC1,1,17946.05
D,RESIDUE_PRICE_OFFER,,1,A202406,C2025Q2T09,V-SA,VIC1,1,17989.05
D,RESIDUE_PRICE_OFFER,,1,A202406,C2025Q2T09,V-SA,VIC1,73,0
D,RESIDUE_PRICE_OFFER,,1,A202406,C2025Q2T09,VIC1-NSW1,NSW1,1,2540.03
D,RESIDUE_PRICE_OFFER,,1,A202406,C2025Q2T09,VIC1-NSW1,NSW1,1,2580.03
D,RESIDUE_PRICE_OFFER,,1,A202406,C2025Q2T09,VIC1-NSW1,NSW1,1,2620.03
D,RESIDUE_PRICE_OFFER,,1,A202406,C2025Q2T09,VIC1-NSW1,NSW1,1,2660.03
D,RESIDUE_PRICE_OFFER,,1,A202406,C2025Q2T09,VIC1-NSW1,NSW1,1,2700.03
D,RESIDUE_PRICE_OFFER,,1,A202406,C2025Q2T09,VIC1-NSW1,NSW1,1,2740.03
D,RESIDUE_PRICE_OFFER,,1,A202406,C2025Q2T09,VIC1-NSW1,NSW1,1,2780.03
D,RESIDUE_PRICE_OFFER,,1,A202406,C2025Q2T09,VIC1-NSW1,NSW1,1,2820.03
D,RESIDUE_PRICE_OFFER,,1,A202406,C2025Q2T09,VIC1-NSW1,NSW1,1,2860.03
D,RESIDUE_PRICE_OFFER,,1,A202406,C2025Q2T09,VIC1-NSW1,NSW1,1,2900.03
D,RESIDUE_PRICE_OFFER,,1,A202406,C2025Q2T09,VIC1-NSW1,NSW1,1,2940.03
D,RESIDUE_PRICE_OFFER,,1,A202406,C2025Q2T09,VIC1-NSW1,NSW1,1,2980.03
D,RESIDUE_PRICE_OFFER,,1,A202406,C2025Q2T09,VIC1-NSW1,NSW1,1,3020.03
D,RESIDUE_PRICE_OFFER,,1,A202406,C2025Q2T09,VIC1-NSW1,NSW1,1,3060.03
D,RESIDUE_PRICE_OFFER,,1,A202406,C2025Q2T09,VIC1-NSW1,NSW1,1,3100.03
D,RESIDUE_PRICE_OFFER,,1,A202406,C2025Q2T09,VIC1-NSW1,NSW1,1,3140.03
D,RESIDUE_PRICE_OFFER,,1,A202406,C2025Q2T09,VIC1-NSW1,NSW1,1,3180.03
D,RESIDUE_PRICE_OFFER,,1,A202406,C2025Q2T09,VIC1-NSW1,NSW1,1,3220.03
D,RESIDUE_PRICE_OFFER,,1,A202406,C2025Q2T09,VIC1-NSW1,NSW1,1,3260.03
D,RESIDUE_PRICE_OFFER,,1,A202406,C2025Q2T09,VIC1-NSW1,NSW1,1,3300.03
D,RESIDUE_PRICE_OFFER,,1,A202406,C2025Q2T09,VIC1-NSW1,NSW1,1,3340.03
D,RESIDUE_PRICE_OFFER,,1,A202406,C2025Q2T09,VIC1-NSW1,NSW1,1,3380.03
D,RESIDUE_PRICE_OFFER,,1,A202406,C2025Q2T09,VIC1-NSW1,NSW1,1,3420.03
D,RESIDUE_PRICE_OFFER,,1,A202406,C2025Q2T09,VIC1-NSW1,NSW1,1,3460.03
D,RESIDUE_PRICE_OFFER,,1,A202406,C2025Q2T09,VIC1-NSW1,NSW1,1,3500.03
D,RESIDUE_PRICE_OFFER,,1,A202406,C2025Q2T09,VIC1-NSW1,NSW1,1,4107.03
D,RESIDUE_PRICE_OFFER,,1,A202406,C2025Q2T09,VIC1-NSW1,NSW1,1,4214.03
D,RESIDUE_PRICE_OFFER,,1,A202406,C2025Q2T09,VIC1-NSW1,NSW1,1,4321.03
D,RESIDUE_PRICE_OFFER,,1,A202406,C2025Q2T09,VIC1-NSW1,NSW1,1,4428.03
D,RESIDUE_PRICE_OFFER,,1,A202406,C2025Q2T09,VIC1-NSW1,NSW1,1,4535.03
D,RESIDUE_PRICE_OFFER,,1,A202406,C2025Q2T09,VIC1-NSW1,NSW1,1,4642.03
D,RESIDUE_PRICE_OFFER,,1,A202406,C2025Q2T09,VIC1-NSW1,NSW1,1,4749.03
D,RESIDUE_PRICE_OFFER,,1,A202406,C2025Q2T09,VIC1-NSW1,NSW1,1,4856.03
D,RESIDUE_PRICE_OFFER,,1,A202406,C2025Q2T09,VIC1-NSW1,NSW1,1,4963.03
D,RESIDUE_PRICE_OFFER,,1,A202406,C2025Q2T09,VIC1-NSW1,NSW1,1,5070.03
D,RESIDUE_PRICE_OFFER,,1,A202406,C2025Q2T09,VIC1-NSW1,NSW1,1,5177.03
D,RESIDUE_PRICE_OFFER,,1,A202406,C2025Q2T09,VIC1-NSW1,NSW1,1,5284.03
D,RESIDUE_PRICE_OFFER,,1,A202406,C2025Q2T09,VIC1-NSW1,NSW1,1,5391.03
D,RESIDUE_PRICE_OFFER,,1,A202406,C2025Q2T09,VIC1-NSW1,NSW1,1,5498.03
D,RESIDUE_PRICE_OFFER,,1,A202406,C2025Q2T09,VIC1-NSW1,NSW1,2,6963.18
D,RESIDUE_PRICE_OFFER,,1,A202406,C2025Q2T09,VIC1-NSW1,NSW1,2,7659.4980
D,RESIDUE_PRICE_OFFER,,1,A202406,C2025Q2T09,VIC1-NSW1,NSW1,2,8425.4478
D,RESIDUE_PRICE_OFFER,,1,A202406,C2025Q2T09,VIC1-NSW1,NSW1,2,9267.992580
D,RESIDUE_PRICE_OFFER,,1,A202406,C2025Q2T09,VIC1-NSW1,NSW1,2,10194.791840
D,RESIDUE_PRICE_OFFER,,1,A202406,C2025Q2T09,VIC1-NSW1,NSW1,2,11214.271020
D,RESIDUE_PRICE_OFFER,,1,A202406,C2025Q2T09,VIC1-NSW1,NSW1,5,5000
D,RESIDUE_PRICE_OFFER,,1,A202406,C2025Q2T09,VIC1-NSW1,NSW1,5,5500
D,RESIDUE_PRICE_OFFER,,1,A202406,C2025Q2T09,VIC1-NSW1,NSW1,5,6000
D,RESIDUE_PRICE_OFFER,,1,A202406,C2025Q2T09,VIC1-NSW1,NSW1,5,6500
D,RESIDUE_PRICE_OFFER,,1,A202406,C2025Q2T09,VIC1-NSW1,NSW1,5,7000
D,RESIDUE_PRICE_OFFER,,1,A202406,C2025Q2T09,VIC1-NSW1,NSW1,5,7500
D,RESIDUE_PRICE_OFFER,,1,A202406,C2025Q2T09,VIC1-NSW1,NSW1,15,6325
D,RESIDUE_PRICE_OFFER,,1,A202406,C2025Q2T09,VIC1-NSW1,NSW1,108,0
D,RESIDUE_PRICE_OFFER,,1,A202406,C2025Q2T09,VIC1-NSW1,VIC1,1,23200.22
D,RESIDUE_PRICE_OFFER,,1,A202406,C2025Q2T09,VIC1-NSW1,VIC1,1,23400.22
D,RESIDUE_PRICE_OFFER,,1,A202406,C2025Q2T09,VIC1-NSW1,VIC1,1,23600.22
D,RESIDUE_PRICE_OFFER,,1,A202406,C2025Q2T09,VIC1-NSW1,VIC1,1,23800.22
D,RESIDUE_PRICE_OFFER,,1,A202406,C2025Q2T09,VIC1-NSW1,VIC1,1,24000.22
D,RESIDUE_PRICE_OFFER,,1,A202406,C2025Q2T09,VIC1-NSW1,VIC1,1,24200.22
D,RESIDUE_PRICE_OFFER,,1,A202406,C2025Q2T09,VIC1-NSW1,VIC1,1,24400.22
D,RESIDUE_PRICE_OFFER,,1,A202406,C2025Q2T09,VIC1-NSW1,VIC1,1,24600.22
D,RESIDUE_PRICE_OFFER,,1,A202406,C2025Q2T09,VIC1-NSW1,VIC1,1,24800.22
D,RESIDUE_PRICE_OFFER,,1,A202406,C2025Q2T09,VIC1-NSW1,VIC1,1,25000.22
D,RESIDUE_PRICE_OFFER,,1,A202406,C2025Q2T09,VIC1-NSW1,VIC1,1,25200.22
D,RESIDUE_PRICE_OFFER,,1,A202406,C2025Q2T09,VIC1-NSW1,VIC1,1,25400.22
D,RESIDUE_PRICE_OFFER,,1,A202406,C2025Q2T09,VIC1-NSW1,VIC1,1,25600.22
D,RESIDUE_PRICE_OFFER,,1,A202406,C2025Q2T09,VIC1-NSW1,VIC1,1,25800.22
D,RESIDUE_PRICE_OFFER,,1,A202406,C2025Q2T09,VIC1-NSW1,VIC1,1,26000.22
D,RESIDUE_PRICE_OFFER,,1,A202406,C2025Q2T09,VIC1-NSW1,VIC1,1,26200.22
D,RESIDUE_PRICE_OFFER,,1,A202406,C2025Q2T09,VIC1-NSW1,VIC1,1,26400.22
D,RESIDUE_PRICE_OFFER,,1,A202406,C2025Q2T09,VIC1-NSW1,VIC1,1,26600.22
D,RESIDUE_PRICE_OFFER,,1,A202406,C2025Q2T09,VIC1-NSW1,VIC1,1,26800.22
D,RESIDUE_PRICE_OFFER,,1,A202406,C2025Q2T09,VIC1-NSW1,VIC1,1,27000.22
D,RESIDUE_PRICE_OFFER,,1,A202406,C2025Q2T09,VIC1-NSW1,VIC1,1,27200.22
D,RESIDUE_PRICE_OFFER,,1,A202406,C2025Q2T09,VIC1-NSW1,VIC1,1,27400.22
D,RESIDUE_PRICE_OFFER,,1,A202406,C2025Q2T09,VIC1-NSW1,VIC1,1,27600.22
D,RESIDUE_PRICE_OFFER,,1,A202406,C2025Q2T09,VIC1-NSW1,VIC1,1,27800.22
D,RESIDUE_PRICE_OFFER,,1,A202406,C2025Q2T09,VIC1-NSW1,VIC1,1,28000.22
D,RESIDUE_PRICE_OFFER,,1,A202406,C2025Q2T09,VIC1-NSW1,VIC1,2,24032.1625
D,RESIDUE_PRICE_OFFER,,1,A202406,C2025Q2T09,VIC1-NSW1,VIC1,2,25714.413880
D,RESIDUE_PRICE_OFFER,,1,A202406,C2025Q2T09,VIC1-NSW1,VIC1,2,27514.422850
D,RESIDUE_PRICE_OFFER,,1,A202406,C2025Q2T09,VIC1-NSW1,VIC1,2,29440.432450
D,RESIDUE_PRICE_OFFER,,1,A202406,C2025Q2T09,VIC1-NSW1,VIC1,2,31501.262720
D,RESIDUE_PRICE_OFFER,,1,A202406,C2025Q2T09,VIC1-NSW1,VIC1,2,33706.351110
D,RESIDUE_PRICE_OFFER,,1,A202406,C2025Q2T09,VIC1-NSW1,VIC1,3,31000.22
D,RESIDUE_PRICE_OFFER,,1,A202406,C2025Q2T09,VIC1-NSW1,VIC1,3,32000.22
D,RESIDUE_PRICE_OFFER,,1,A202406,C2025Q2T09,VIC1-NSW1,VIC1,3,33000.22
D,RESIDUE_PRICE_OFFER,,1,A202406,C2025Q2T09,VIC1-NSW1,VIC1,3,34000.22
D,RESIDUE_PRICE_OFFER,,1,A202406,C2025Q2T09,VIC1-NSW1,VIC1,3,35000.22
D,RESIDUE_PRICE_OFFER,,1,A202406,C2025Q2T09,VIC1-NSW1,VIC1,3,36000.22
D,RESIDUE_PRICE_OFFER,,1,A202406,C2025Q2T09,VIC1-NSW1,VIC1,3,37000.22
D,RESIDUE_PRICE_OFFER,,1,A202406,C2025Q2T09,VIC1-NSW1,VIC1,3,38000.22
D,RESIDUE_PRICE_OFFER,,1,A202406,C2025Q2T09,VIC1-NSW1,VIC1,3,39000.22
D,RESIDUE_PRICE_OFFER,,1,A202406,C2025Q2T09,VIC1-NSW1,VIC1,3,40000.22
D,RESIDUE_PRICE_OFFER,,1,A202406,C2025Q2T09,VIC1-NSW1,VIC1,3,41000.22
D,RESIDUE_PRICE_OFFER,,1,A202406,C2025Q2T09,VIC1-NSW1,VIC1,3,42000.22
D,RESIDUE_PRICE_OFFER,,1,A202406,C2025Q2T09,VIC1-NSW1,VIC1,3,43000.22
D,RESIDUE_PRICE_OFFER,,1,A202406,C2025Q2T09,VIC1-NSW1,VIC1,3,44000.22
D,RESIDUE_PRICE_OFFER,,1,A202406,C2025Q2T09,VIC1-NSW1,VIC1,3,45000.22
D,RESIDUE_PRICE_OFFER,,1,A202406,C2025Q2T09,VIC1-NSW1,VIC1,3,46000.22
D,RESIDUE_PRICE_OFFER,,1,A202406,C2025Q2T09,VIC1-NSW1,VIC1,3,47000.22
D,RESIDUE_PRICE_OFFER,,1,A202406,C2025Q2T09,VIC1-NSW1,VIC1,3,48000.22
D,RESIDUE_PRICE_OFFER,,1,A202406,C2025Q2T09,VIC1-NSW1,VIC1,3,49000.22
D,RESIDUE_PRICE_OFFER,,1,A202406,C2025Q2T09,VIC1-NSW1,VIC1,3,50000.22
D,RESIDUE_PRICE_OFFER,,1,A202406,C2025Q2T09,VIC1-NSW1,VIC1,10,38115
D,RESIDUE_PRICE_OFFER,,1,A202406,C2025Q2T09,VIC1-NSW1,VIC1,11,38825
D,RESIDUE_PRICE_OFFER,,1,A202406,C2025Q2T09,VIC1-NSW1,VIC1,125,0
D,RESIDUE_PRICE_OFFER,,1,A202406,C2025Q3T08,NSW1-QLD1,NSW1,45,0
D,RESIDUE_PRICE_OFFER,,1,A202406,C2025Q3T08,NSW1-QLD1,QLD1,1,37041
D,RESIDUE_PRICE_OFFER,,1,A202406,C2025Q3T08,NSW1-QLD1,QLD1,1,37081
D,RESIDUE_PRICE_OFFER,,1,A202406,C2025Q3T08,NSW1-QLD1,QLD1,1,37121
D,RESIDUE_PRICE_OFFER,,1,A202406,C2025Q3T08,NSW1-QLD1,QLD1,1,37161
D,RESIDUE_PRICE_OFFER,,1,A202406,C2025Q3T08,NSW1-QLD1,QLD1,1,37201
D,RESIDUE_PRICE_OFFER,,1,A202406,C2025Q3T08,NSW1-QLD1,QLD1,1,37241
D,RESIDUE_PRICE_OFFER,,1,A202406,C2025Q3T08,NSW1-QLD1,QLD1,1,37281
D,RESIDUE_PRICE_OFFER,,1,A202406,C2025Q3T08,NSW1-QLD1,QLD1,1,37321
D,RESIDUE_PRICE_OFFER,,1,A202406,C2025Q3T08,NSW1-QLD1,QLD1,1,37361
D,RESIDUE_PRICE_OFFER,,1,A202406,C2025Q3T08,NSW1-QLD1,QLD1,1,37401
D,RESIDUE_PRICE_OFFER,,1,A202406,C2025Q3T08,NSW1-QLD1,QLD1,1,37441
D,RESIDUE_PRICE_OFFER,,1,A202406,C2025Q3T08,NSW1-QLD1,QLD1,1,37481
D,RESIDUE_PRICE_OFFER,,1,A202406,C2025Q3T08,NSW1-QLD1,QLD1,1,37521
D,RESIDUE_PRICE_OFFER,,1,A202406,C2025Q3T08,NSW1-QLD1,QLD1,1,37561
D,RESIDUE_PRICE_OFFER,,1,A202406,C2025Q3T08,NSW1-QLD1,QLD1,1,37601
D,RESIDUE_PRICE_OFFER,,1,A202406,C2025Q3T08,NSW1-QLD1,QLD1,1,37641
D,RESIDUE_PRICE_OFFER,,1,A202406,C2025Q3T08,NSW1-QLD1,QLD1,1,37681
D,RESIDUE_PRICE_OFFER,,1,A202406,C2025Q3T08,NSW1-QLD1,QLD1,1,37721
D,RESIDUE_PRICE_OFFER,,1,A202406,C2025Q3T08,NSW1-QLD1,QLD1,1,37761
D,RESIDUE_PRICE_OFFER,,1,A202406,C2025Q3T08,NSW1-QLD1,QLD1,1,37801
D,RESIDUE_PRICE_OFFER,,1,A202406,C2025Q3T08,NSW1-QLD1,QLD1,1,37841
D,RESIDUE_PRICE_OFFER,,1,A202406,C2025Q3T08,NSW1-QLD1,QLD1,1,37881
D,RESIDUE_PRICE_OFFER,,1,A202406,C2025Q3T08,NSW1-QLD1,QLD1,1,37921
D,RESIDUE_PRICE_OFFER,,1,A202406,C2025Q3T08,NSW1-QLD1,QLD1,1,37961
D,RESIDUE_PRICE_OFFER,,1,A202406,C2025Q3T08,NSW1-QLD1,QLD1,1,38001
D,RESIDUE_PRICE_OFFER,,1,A202406,C2025Q3T08,NSW1-QLD1,QLD1,1,39800
D,RESIDUE_PRICE_OFFER,,1,A202406,C2025Q3T08,NSW1-QLD1,QLD1,1,39900
D,RESIDUE_PRICE_OFFER,,1,A202406,C2025Q3T08,NSW1-QLD1,QLD1,1,39995
D,RESIDUE_PRICE_OFFER,,1,A202406,C2025Q3T08,NSW1-QLD1,QLD1,1,39999
D,RESIDUE_PRICE_OFFER,,1,A202406,C2025Q3T08,NSW1-QLD1,QLD1,1,40000
D,RESIDUE_PRICE_OFFER,,1,A202406,C2025Q3T08,NSW1-QLD1,QLD1,10,54877
D,RESIDUE_PRICE_OFFER,,1,A202406,C2025Q3T08,NSW1-QLD1,QLD1,10,63250
D,RESIDUE_PRICE_OFFER,,1,A202406,C2025Q3T08,NSW1-QLD1,QLD1,100,0
D,RESIDUE_PRICE_OFFER,,1,A202406,C2025Q3T08,V-SA,SA1,1,5262.78
D,RESIDUE_PRICE_OFFER,,1,A202406,C2025Q3T08,V-SA,SA1,1,5274.78
D,RESIDUE_PRICE_OFFER,,1,A202406,C2025Q3T08,V-SA,SA1,1,5286.78
D,RESIDUE_PRICE_OFFER,,1,A202406,C2025Q3T08,V-SA,SA1,1,5298.78
D,RESIDUE_PRICE_OFFER,,1,A202406,C2025Q3T08,V-SA,SA1,1,5310.78
D,RESIDUE_PRICE_OFFER,,1,A202406,C2025Q3T08,V-SA,SA1,1,5322.78
D,RESIDUE_PRICE_OFFER,,1,A202406,C2025Q3T08,V-SA,SA1,1,5334.78
D,RESIDUE_PRICE_OFFER,,1,A202406,C2025Q3T08,V-SA,SA1,1,5346.78
D,RESIDUE_PRICE_OFFER,,1,A202406,C2025Q3T08,V-SA,SA1,1,5358.78
D,RESIDUE_PRICE_OFFER,,1,A202406,C2025Q3T08,V-SA,SA1,1,5370.78
D,RESIDUE_PRICE_OFFER,,1,A202406,C2025Q3T08,V-SA,SA1,1,5382.78
D,RESIDUE_PRICE_OFFER,,1,A202406,C2025Q3T08,V-SA,SA1,1,5394.78
D,RESIDUE_PRICE_OFFER,,1,A202406,C2025Q3T08,V-SA,SA1,1,5406.78
D,RESIDUE_PRICE_OFFER,,1,A202406,C2025Q3T08,V-SA,SA1,1,5418.78
D,RESIDUE_PRICE_OFFER,,1,A202406,C2025Q3T08,V-SA,SA1,1,5430.78
D,RESIDUE_PRICE_OFFER,,1,A202406,C2025Q3T08,V-SA,SA1,1,5442.78
D,RESIDUE_PRICE_OFFER,,1,A202406,C2025Q3T08,V-SA,SA1,1,5454.78
D,RESIDUE_PRICE_OFFER,,1,A202406,C2025Q3T08,V-SA,SA1,1,5466.78
D,RESIDUE_PRICE_OFFER,,1,A202406,C2025Q3T08,V-SA,SA1,1,5478.78
D,RESIDUE_PRICE_OFFER,,1,A202406,C2025Q3T08,V-SA,SA1,1,5490.78
D,RESIDUE_PRICE_OFFER,,1,A202406,C2025Q3T08,V-SA,SA1,2,5268.666660
D,RESIDUE_PRICE_OFFER,,1,A202406,C2025Q3T08,V-SA,SA1,2,6058.966660
D,RESIDUE_PRICE_OFFER,,1,A202406,C2025Q3T08,V-SA,SA1,2,6150.78
D,RESIDUE_PRICE_OFFER,,1,A202406,C2025Q3T08,V-SA,SA1,2,6300.78
D,RESIDUE_PRICE_OFFER,,1,A202406,C2025Q3T08,V-SA,SA1,2,6450.78
D,RESIDUE_PRICE_OFFER,,1,A202406,C2025Q3T08,V-SA,SA1,2,6500
D,RESIDUE_PRICE_OFFER,,1,A202406,C2025Q3T08,V-SA,SA1,2,6600.78
D,RESIDUE_PRICE_OFFER,,1,A202406,C2025Q3T08,V-SA,SA1,2,6750.78
D,RESIDUE_PRICE_OFFER,,1,A202406,C2025Q3T08,V-SA,SA1,2,6900.78
D,RESIDUE_PRICE_OFFER,,1,A202406,C2025Q3T08,V-SA,SA1,2,6967.811660
D,RESIDUE_PRICE_OFFER,,1,A202406,C2025Q3T08,V-SA,SA1,2,7000
D,RESIDUE_PRICE_OFFER,,1,A202406,C2025Q3T08,V-SA,SA1,2,7050.78
D,RESIDUE_PRICE_OFFER,,1,A202406,C2025Q3T08,V-SA,SA1,2,7200.78
D,RESIDUE_PRICE_OFFER,,1,A202406,C2025Q3T08,V-SA,SA1,2,7350.78
D,RESIDUE_PRICE_OFFER,,1,A202406,C2025Q3T08,V-SA,SA1,2,7500
D,RESIDUE_PRICE_OFFER,,1,A202406,C2025Q3T08,V-SA,SA1,2,7500.78
D,RESIDUE_PRICE_OFFER,,1,A202406,C2025Q3T08,V-SA,SA1,2,7650.78
D,RESIDUE_PRICE_OFFER,,1,A202406,C2025Q3T08,V-SA,SA1,2,7800.78
D,RESIDUE_PRICE_OFFER,,1,A202406,C2025Q3T08,V-SA,SA1,2,7950.78
D,RESIDUE_PRICE_OFFER,,1,A202406,C2025Q3T08,V-SA,SA1,2,8000
D,RESIDUE_PRICE_OFFER,,1,A202406,C2025Q3T08,V-SA,SA1,2,8012.983410
D,RESIDUE_PRICE_OFFER,,1,A202406,C2025Q3T08,V-SA,SA1,2,8100.78
D,RESIDUE_PRICE_OFFER,,1,A202406,C2025Q3T08,V-SA,SA1,2,8250.78
D,RESIDUE_PRICE_OFFER,,1,A202406,C2025Q3T08,V-SA,SA1,2,8400.78
D,RESIDUE_PRICE_OFFER,,1,A202406,C2025Q3T08,V-SA,SA1,2,8500
D,RESIDUE_PRICE_OFFER,,1,A202406,C2025Q3T08,V-SA,SA1,2,8550.78
D,RESIDUE_PRICE_OFFER,,1,A202406,C2025Q3T08,V-SA,SA1,2,8700.78
D,RESIDUE_PRICE_OFFER,,1,A202406,C2025Q3T08,V-SA,SA1,2,8850.78
D,RESIDUE_PRICE_OFFER,,1,A202406,C2025Q3T08,V-SA,SA1,2,9000
D,RESIDUE_PRICE_OFFER,,1,A202406,C2025Q3T08,V-SA,SA1,2,9000.78
D,RESIDUE_PRICE_OFFER,,1,A202406,C2025Q3T08,V-SA,SA1,2,9214.930920
D,RESIDUE_PRICE_OFFER,,1,A202406,C2025Q3T08,V-SA,SA1,2,10597.170570
D,RESIDUE_PRICE_OFFER,,1,A202406,C2025Q3T08,V-SA,SA1,64,0
D,RESIDUE_PRICE_OFFER,,1,A202406,C2025Q3T08,V-SA,VIC1,1,16541.05
D,RESIDUE_PRICE_OFFER,,1,A202406,C2025Q3T08,V-SA,VIC1,1,16582.05
D,RESIDUE_PRICE_OFFER,,1,A202406,C2025Q3T08,V-SA,VIC1,1,16623.05
D,RESIDUE_PRICE_OFFER,,1,A202406,C2025Q3T08,V-SA,VIC1,1,16664.05
D,RESIDUE_PRICE_OFFER,,1,A202406,C2025Q3T08,V-SA,VIC1,1,16705.05
D,RESIDUE_PRICE_OFFER,,1,A202406,C2025Q3T08,V-SA,VIC1,1,16746.05
D,RESIDUE_PRICE_OFFER,,1,A202406,C2025Q3T08,V-SA,VIC1,1,16787.05
D,RESIDUE_PRICE_OFFER,,1,A202406,C2025Q3T08,V-SA,VIC1,1,16828.05
D,RESIDUE_PRICE_OFFER,,1,A202406,C2025Q3T08,V-SA,VIC1,1,16869.05
D,RESIDUE_PRICE_OFFER,,1,A202406,C2025Q3T08,V-SA,VIC1,1,16910.05
D,RESIDUE_PRICE_OFFER,,1,A202406,C2025Q3T08,V-SA,VIC1,1,16951.05
D,RESIDUE_PRICE_OFFER,,1,A202406,C2025Q3T08,V-SA,VIC1,1,16992.05
D,RESIDUE_PRICE_OFFER,,1,A202406,C2025Q3T08,V-SA,VIC1,1,17033.05
D,RESIDUE_PRICE_OFFER,,1,A202406,C2025Q3T08,V-SA,VIC1,1,17074.05
D,RESIDUE_PRICE_OFFER,,1,A202406,C2025Q3T08,V-SA,VIC1,1,17115.05
D,RESIDUE_PRICE_OFFER,,1,A202406,C2025Q3T08,V-SA,VIC1,1,17156.05
D,RESIDUE_PRICE_OFFER,,1,A202406,C2025Q3T08,V-SA,VIC1,1,17197.05
D,RESIDUE_PRICE_OFFER,,1,A202406,C2025Q3T08,V-SA,VIC1,1,17238.05
D,RESIDUE_PRICE_OFFER,,1,A202406,C2025Q3T08,V-SA,VIC1,1,17279.05
D,RESIDUE_PRICE_OFFER,,1,A202406,C2025Q3T08,V-SA,VIC1,1,17320.05
D,RESIDUE_PRICE_OFFER,,1,A202406,C2025Q3T08,V-SA,VIC1,1,17361.05
D,RESIDUE_PRICE_OFFER,,1,A202406,C2025Q3T08,V-SA,VIC1,1,17402.05
D,RESIDUE_PRICE_OFFER,,1,A202406,C2025Q3T08,V-SA,VIC1,1,17443.05
D,RESIDUE_PRICE_OFFER,,1,A202406,C2025Q3T08,V-SA,VIC1,1,17484.05
D,RESIDUE_PRICE_OFFER,,1,A202406,C2025Q3T08,V-SA,VIC1,73,0
D,RESIDUE_PRICE_OFFER,,1,A202406,C2025Q3T08,VIC1-NSW1,NSW1,1,2540.03
D,RESIDUE_PRICE_OFFER,,1,A202406,C2025Q3T08,VIC1-NSW1,NSW1,1,2580.03
D,RESIDUE_PRICE_OFFER,,1,A202406,C2025Q3T08,VIC1-NSW1,NSW1,1,2620.03
D,RESIDUE_PRICE_OFFER,,1,A202406,C2025Q3T08,VIC1-NSW1,NSW1,1,2660.03
D,RESIDUE_PRICE_OFFER,,1,A202406,C2025Q3T08,VIC1-NSW1,NSW1,1,2700.03
D,RESIDUE_PRICE_OFFER,,1,A202406,C2025Q3T08,VIC1-NSW1,NSW1,1,2740.03
D,RESIDUE_PRICE_OFFER,,1,A202406,C2025Q3T08,VIC1-NSW1,NSW1,1,2780.03
D,RESIDUE_PRICE_OFFER,,1,A202406,C2025Q3T08,VIC1-NSW1,NSW1,1,2820.03
D,RESIDUE_PRICE_OFFER,,1,A202406,C2025Q3T08,VIC1-NSW1,NSW1,1,2860.03
D,RESIDUE_PRICE_OFFER,,1,A202406,C2025Q3T08,VIC1-NSW1,NSW1,1,2900.03
D,RESIDUE_PRICE_OFFER,,1,A202406,C2025Q3T08,VIC1-NSW1,NSW1,1,2940.03
D,RESIDUE_PRICE_OFFER,,1,A202406,C2025Q3T08,VIC1-NSW1,NSW1,1,2980.03
D,RESIDUE_PRICE_OFFER,,1,A202406,C2025Q3T08,VIC1-NSW1,NSW1,1,3020.03
D,RESIDUE_PRICE_OFFER,,1,A202406,C2025Q3T08,VIC1-NSW1,NSW1,1,3060.03
D,RESIDUE_PRICE_OFFER,,1,A202406,C2025Q3T08,VIC1-NSW1,NSW1,1,3100.03
D,RESIDUE_PRICE_OFFER,,1,A202406,C2025Q3T08,VIC1-NSW1,NSW1,1,3140.03
D,RESIDUE_PRICE_OFFER,,1,A202406,C2025Q3T08,VIC1-NSW1,NSW1,1,3180.03
D,RESIDUE_PRICE_OFFER,,1,A202406,C2025Q3T08,VIC1-NSW1,NSW1,1,3220.03
D,RESIDUE_PRICE_OFFER,,1,A202406,C2025Q3T08,VIC1-NSW1,NSW1,1,3260.03
D,RESIDUE_PRICE_OFFER,,1,A202406,C2025Q3T08,VIC1-NSW1,NSW1,1,3300.03
D,RESIDUE_PRICE_OFFER,,1,A202406,C2025Q3T08,VIC1-NSW1,NSW1,1,3340.03
D,RESIDUE_PRICE_OFFER,,1,A202406,C2025Q3T08,VIC1-NSW1,NSW1,1,3380.03
D,RESIDUE_PRICE_OFFER,,1,A202406,C2025Q3T08,VIC1-NSW1,NSW1,1,3420.03
D,RESIDUE_PRICE_OFFER,,1,A202406,C2025Q3T08,VIC1-NSW1,NSW1,1,3460.03
D,RESIDUE_PRICE_OFFER,,1,A202406,C2025Q3T08,VIC1-NSW1,NSW1,1,3500.03
D,RESIDUE_PRICE_OFFER,,1,A202406,C2025Q3T08,VIC1-NSW1,NSW1,1,4063.03
D,RESIDUE_PRICE_OFFER,,1,A202406,C2025Q3T08,VIC1-NSW1,NSW1,1,4126.03
D,RESIDUE_PRICE_OFFER,,1,A202406,C2025Q3T08,VIC1-NSW1,NSW1,1,4189.03
D,RESIDUE_PRICE_OFFER,,1,A202406,C2025Q3T08,VIC1-NSW1,NSW1,1,4252.03
D,RESIDUE_PRICE_OFFER,,1,A202406,C2025Q3T08,VIC1-NSW1,NSW1,1,4315.03
D,RESIDUE_PRICE_OFFER,,1,A202406,C2025Q3T08,VIC1-NSW1,NSW1,1,4378.03
D,RESIDUE_PRICE_OFFER,,1,A202406,C2025Q3T08,VIC1-NSW1,NSW1,1,4441.03
D,RESIDUE_PRICE_OFFER,,1,A202406,C2025Q3T08,VIC1-NSW1,NSW1,1,4504.03
D,RESIDUE_PRICE_OFFER,,1,A202406,C2025Q3T08,VIC1-NSW1,NSW1,1,4567.03
D,RESIDUE_PRICE_OFFER,,1,A202406,C2025Q3T08,VIC1-NSW1,NSW1,1,4630.03
D,RESIDUE_PRICE_OFFER,,1,A202406,C2025Q3T08,VIC1-NSW1,NSW1,1,4693.03
D,RESIDUE_PRICE_OFFER,,1,A202406,C2025Q3T08,VIC1-NSW1,NSW1,1,4756.03
D,RESIDUE_PRICE_OFFER,,1,A202406,C2025Q3T08,VIC1-NSW1,NSW1,1,4819.03
D,RESIDUE_PRICE_OFFER,,1,A202406,C2025Q3T08,VIC1-NSW1,NSW1,1,4882.03
D,RESIDUE_PRICE_OFFER,,1,A202406,C2025Q3T08,VIC1-NSW1,NSW1,1,4945.03
D,RESIDUE_PRICE_OFFER,,1,A202406,C2025Q3T08,VIC1-NSW1,NSW1,1,5008.03
D,RESIDUE_PRICE_OFFER,,1,A202406,C2025Q3T08,VIC1-NSW1,NSW1,1,5071.03
D,RESIDUE_PRICE_OFFER,,1,A202406,C2025Q3T08,VIC1-NSW1,NSW1,1,5134.03
D,RESIDUE_PRICE_OFFER,,1,A202406,C2025Q3T08,VIC1-NSW1,NSW1,1,5197.03
D,RESIDUE_PRICE_OFFER,,1,A202406,C2025Q3T08,VIC1-NSW1,NSW1,1,5260.03
D,RESIDUE_PRICE_OFFER,,1,A202406,C2025Q3T08,VIC1-NSW1,NSW1,1,5323.03
D,RESIDUE_PRICE_OFFER,,1,A202406,C2025Q3T08,VIC1-NSW1,NSW1,1,5386.03
D,RESIDUE_PRICE_OFFER,,1,A202406,C2025Q3T08,VIC1-NSW1,NSW1,1,5449.03
D,RESIDUE_PRICE_OFFER,,1,A202406,C2025Q3T08,VIC1-NSW1,NSW1,1,5512.03
D,RESIDUE_PRICE_OFFER,,1,A202406,C2025Q3T08,VIC1-NSW1,NSW1,1,5575.03
D,RESIDUE_PRICE_OFFER,,1,A202406,C2025Q3T08,VIC1-NSW1,NSW1,1,5638.03
D,RESIDUE_PRICE_OFFER,,1,A202406,C2025Q3T08,VIC1-NSW1,NSW1,1,5701.03
D,RESIDUE_PRICE_OFFER,,1,A202406,C2025Q3T08,VIC1-NSW1,NSW1,1,5764.03
D,RESIDUE_PRICE_OFFER,,1,A202406,C2025Q3T08,VIC1-NSW1,NSW1,1,5827.03
D,RESIDUE_PRICE_OFFER,,1,A202406,C2025Q3T08,VIC1-NSW1,NSW1,1,5890.03
D,RESIDUE_PRICE_OFFER,,1,A202406,C2025Q3T08,VIC1-NSW1,NSW1,1,5953.03
D,RESIDUE_PRICE_OFFER,,1,A202406,C2025Q3T08,VIC1-NSW1,NSW1,1,6016.03
D,RESIDUE_PRICE_OFFER,,1,A202406,C2025Q3T08,VIC1-NSW1,NSW1,1,6079.03
D,RESIDUE_PRICE_OFFER,,1,A202406,C2025Q3T08,VIC1-NSW1,NSW1,1,6142.03
D,RESIDUE_PRICE_OFFER,,1,A202406,C2025Q3T08,VIC1-NSW1,NSW1,1,6205.03
D,RESIDUE_PRICE_OFFER,,1,A202406,C2025Q3T08,VIC1-NSW1,NSW1,1,6268.03
D,RESIDUE_PRICE_OFFER,,1,A202406,C2025Q3T08,VIC1-NSW1,NSW1,1,6331.03
D,RESIDUE_PRICE_OFFER,,1,A202406,C2025Q3T08,VIC1-NSW1,NSW1,1,6394.03
D,RESIDUE_PRICE_OFFER,,1,A202406,C2025Q3T08,VIC1-NSW1,NSW1,1,6457.03
D,RESIDUE_PRICE_OFFER,,1,A202406,C2025Q3T08,VIC1-NSW1,NSW1,1,6520.03
D,RESIDUE_PRICE_OFFER,,1,A202406,C2025Q3T08,VIC1-NSW1,NSW1,1,6583.03
D,RESIDUE_PRICE_OFFER,,1,A202406,C2025Q3T08,VIC1-NSW1,NSW1,1,6646.03
D,RESIDUE_PRICE_OFFER,,1,A202406,C2025Q3T08,VIC1-NSW1,NSW1,1,6709.03
D,RESIDUE_PRICE_OFFER,,1,A202406,C2025Q3T08,VIC1-NSW1,NSW1,1,6772.03
D,RESIDUE_PRICE_OFFER,,1,A202406,C2025Q3T08,VIC1-NSW1,NSW1,1,6835.03
D,RESIDUE_PRICE_OFFER,,1,A202406,C2025Q3T08,VIC1-NSW1,NSW1,1,6898.03
D,RESIDUE_PRICE_OFFER,,1,A202406,C2025Q3T08,VIC1-NSW1,NSW1,1,6961.03
D,RESIDUE_PRICE_OFFER,,1,A202406,C2025Q3T08,VIC1-NSW1,NSW1,2,3847.638550
D,RESIDUE_PRICE_OFFER,,1,A202406,C2025Q3T08,VIC1-NSW1,NSW1,2,4155.449630
D,RESIDUE_PRICE_OFFER,,1,A202406,C2025Q3T08,VIC1-NSW1,NSW1,2,4487.885610
D,RESIDUE_PRICE_OFFER,,1,A202406,C2025Q3T08,VIC1-NSW1,NSW1,2,4846.916450
D,RESIDUE_PRICE_OFFER,,1,A202406,C2025Q3T08,VIC1-NSW1,NSW1,2,5234.669770
D,RESIDUE_PRICE_OFFER,,1,A202406,C2025Q3T08,VIC1-NSW1,NSW1,2,5653.443350
D,RESIDUE_PRICE_OFFER,,1,A202406,C2025Q3T08,VIC1-NSW1,NSW1,5,5000
D,RESIDUE_PRICE_OFFER,,1,A202406,C2025Q3T08,VIC1-NSW1,NSW1,5,5500
D,RESIDUE_PRICE_OFFER,,1,A202406,C2025Q3T08,VIC1-NSW1,NSW1,5,6000
D,RESIDUE_PRICE_OFFER,,1,A202406,C2025Q3T08,VIC1-NSW1,NSW1,5,6500
D,RESIDUE_PRICE_OFFER,,1,A202406,C2025Q3T08,VIC1-NSW1,NSW1,5,7000
D,RESIDUE_PRICE_OFFER,,1,A202406,C2025Q3T08,VIC1-NSW1,NSW1,10,6100
D,RESIDUE_PRICE_OFFER,,1,A202406,C2025Q3T08,VIC1-NSW1,NSW1,108,0
D,RESIDUE_PRICE_OFFER,,1,A202406,C2025Q3T08,VIC1-NSW1,VIC1,1,22000
D,RESIDUE_PRICE_OFFER,,1,A202406,C2025Q3T08,VIC1-NSW1,VIC1,1,23200.22
D,RESIDUE_PRICE_OFFER,,1,A202406,C2025Q3T08,VIC1-NSW1,VIC1,1,23400.22
D,RESIDUE_PRICE_OFFER,,1,A202406,C2025Q3T08,VIC1-NSW1,VIC1,1,23600.22
D,RESIDUE_PRICE_OFFER,,1,A202406,C2025Q3T08,VIC1-NSW1,VIC1,1,23800.22
D,RESIDUE_PRICE_OFFER,,1,A202406,C2025Q3T08,VIC1-NSW1,VIC1,1,24000.22
D,RESIDUE_PRICE_OFFER,,1,A202406,C2025Q3T08,VIC1-NSW1,VIC1,1,24200.22
D,RESIDUE_PRICE_OFFER,,1,A202406,C2025Q3T08,VIC1-NSW1,VIC1,1,24400.22
D,RESIDUE_PRICE_OFFER,,1,A202406,C2025Q3T08,VIC1-NSW1,VIC1,1,24600.22
D,RESIDUE_PRICE_OFFER,,1,A202406,C2025Q3T08,VIC1-NSW1,VIC1,1,24800.22
D,RESIDUE_PRICE_OFFER,,1,A202406,C2025Q3T08,VIC1-NSW1,VIC1,1,25000.22
D,RESIDUE_PRICE_OFFER,,1,A202406,C2025Q3T08,VIC1-NSW1,VIC1,1,25200.22
D,RESIDUE_PRICE_OFFER,,1,A202406,C2025Q3T08,VIC1-NSW1,VIC1,1,25400.22
D,RESIDUE_PRICE_OFFER,,1,A202406,C2025Q3T08,VIC1-NSW1,VIC1,1,25600.22
D,RESIDUE_PRICE_OFFER,,1,A202406,C2025Q3T08,VIC1-NSW1,VIC1,1,25800.22
D,RESIDUE_PRICE_OFFER,,1,A202406,C2025Q3T08,VIC1-NSW1,VIC1,1,26000.22
D,RESIDUE_PRICE_OFFER,,1,A202406,C2025Q3T08,VIC1-NSW1,VIC1,1,26200.22
D,RESIDUE_PRICE_OFFER,,1,A202406,C2025Q3T08,VIC1-NSW1,VIC1,1,26400.22
D,RESIDUE_PRICE_OFFER,,1,A202406,C2025Q3T08,VIC1-NSW1,VIC1,1,26600.22
D,RESIDUE_PRICE_OFFER,,1,A202406,C2025Q3T08,VIC1-NSW1,VIC1,1,26800.22
D,RESIDUE_PRICE_OFFER,,1,A202406,C2025Q3T08,VIC1-NSW1,VIC1,1,27000.22
D,RESIDUE_PRICE_OFFER,,1,A202406,C2025Q3T08,VIC1-NSW1,VIC1,1,27200.22
D,RESIDUE_PRICE_OFFER,,1,A202406,C2025Q3T08,VIC1-NSW1,VIC1,1,27400.22
D,RESIDUE_PRICE_OFFER,,1,A202406,C2025Q3T08,VIC1-NSW1,VIC1,1,27600.22
D,RESIDUE_PRICE_OFFER,,1,A202406,C2025Q3T08,VIC1-NSW1,VIC1,1,27800.22
D,RESIDUE_PRICE_OFFER,,1,A202406,C2025Q3T08,VIC1-NSW1,VIC1,1,28000.22
D,RESIDUE_PRICE_OFFER,,1,A202406,C2025Q3T08,VIC1-NSW1,VIC1,2,22285.71
D,RESIDUE_PRICE_OFFER,,1,A202406,C2025Q3T08,VIC1-NSW1,VIC1,2,22571.43
D,RESIDUE_PRICE_OFFER,,1,A202406,C2025Q3T08,VIC1-NSW1,VIC1,2,22857.14
D,RESIDUE_PRICE_OFFER,,1,A202406,C2025Q3T08,VIC1-NSW1,VIC1,2,23142.86
D,RESIDUE_PRICE_OFFER,,1,A202406,C2025Q3T08,VIC1-NSW1,VIC1,2,23428.57
D,RESIDUE_PRICE_OFFER,,1,A202406,C2025Q3T08,VIC1-NSW1,VIC1,2,23714.29
D,RESIDUE_PRICE_OFFER,,1,A202406,C2025Q3T08,VIC1-NSW1,VIC1,2,24000
D,RESIDUE_PRICE_OFFER,,1,A202406,C2025Q3T08,VIC1-NSW1,VIC1,2,24728.704820
D,RESIDUE_PRICE_OFFER,,1,A202406,C2025Q3T08,VIC1-NSW1,VIC1,2,26459.714160
D,RESIDUE_PRICE_OFFER,,1,A202406,C2025Q3T08,VIC1-NSW1,VIC1,2,28311.894150
D,RESIDUE_PRICE_OFFER,,1,A202406,C2025Q3T08,VIC1-NSW1,VIC1,2,30293.726740
D,RESIDUE_PRICE_OFFER,,1,A202406,C2025Q3T08,VIC1-NSW1,VIC1,2,32414.287610
D,RESIDUE_PRICE_OFFER,,1,A202406,C2025Q3T08,VIC1-NSW1,VIC1,2,34683.287740
D,RESIDUE_PRICE_OFFER,,1,A202406,C2025Q3T08,VIC1-NSW1,VIC1,3,31000.22
D,RESIDUE_PRICE_OFFER,,1,A202406,C2025Q3T08,VIC1-NSW1,VIC1,3,32000.22
D,RESIDUE_PRICE_OFFER,,1,A202406,C2025Q3T08,VIC1-NSW1,VIC1,3,33000.22
D,RESIDUE_PRICE_OFFER,,1,A202406,C2025Q3T08,VIC1-NSW1,VIC1,3,34000.22
D,RESIDUE_PRICE_OFFER,,1,A202406,C2025Q3T08,VIC1-NSW1,VIC1,3,35000.22
D,RESIDUE_PRICE_OFFER,,1,A202406,C2025Q3T08,VIC1-NSW1,VIC1,3,36000.22
D,RESIDUE_PRICE_OFFER,,1,A202406,C2025Q3T08,VIC1-NSW1,VIC1,3,37000.22
D,RESIDUE_PRICE_OFFER,,1,A202406,C2025Q3T08,VIC1-NSW1,VIC1,3,38000.22
D,RESIDUE_PRICE_OFFER,,1,A202406,C2025Q3T08,VIC1-NSW1,VIC1,3,39000.22
D,RESIDUE_PRICE_OFFER,,1,A202406,C2025Q3T08,VIC1-NSW1,VIC1,3,40000.22
D,RESIDUE_PRICE_OFFER,,1,A202406,C2025Q3T08,VIC1-NSW1,VIC1,3,41000.22
D,RESIDUE_PRICE_OFFER,,1,A202406,C2025Q3T08,VIC1-NSW1,VIC1,3,42000.22
D,RESIDUE_PRICE_OFFER,,1,A202406,C2025Q3T08,VIC1-NSW1,VIC1,3,43000.22
D,RESIDUE_PRICE_OFFER,,1,A202406,C2025Q3T08,VIC1-NSW1,VIC1,3,44000.22
D,RESIDUE_PRICE_OFFER,,1,A202406,C2025Q3T08,VIC1-NSW1,VIC1,3,45000.22
D,RESIDUE_PRICE_OFFER,,1,A202406,C2025Q3T08,VIC1-NSW1,VIC1,3,46000.22
D,RESIDUE_PRICE_OFFER,,1,A202406,C2025Q3T08,VIC1-NSW1,VIC1,3,47000.22
D,RESIDUE_PRICE_OFFER,,1,A202406,C2025Q3T08,VIC1-NSW1,VIC1,3,48000.22
D,RESIDUE_PRICE_OFFER,,1,A202406,C2025Q3T08,VIC1-NSW1,VIC1,3,49000.22
D,RESIDUE_PRICE_OFFER,,1,A202406,C2025Q3T08,VIC1-NSW1,VIC1,3,50000.22
D,RESIDUE_PRICE_OFFER,,1,A202406,C2025Q3T08,VIC1-NSW1,VIC1,10,40110
D,RESIDUE_PRICE_OFFER,,1,A202406,C2025Q3T08,VIC1-NSW1,VIC1,17,46245
D,RESIDUE_PRICE_OFFER,,1,A202406,C2025Q3T08,VIC1-NSW1,VIC1,125,0
D,RESIDUE_PRICE_OFFER,,1,A202406,C2025Q4T07,NSW1-QLD1,NSW1,2,19240.3275
D,RESIDUE_PRICE_OFFER,,1,A202406,C2025Q4T07,NSW1-QLD1,NSW1,2,22126.376630
D,RESIDUE_PRICE_OFFER,,1,A202406,C2025Q4T07,NSW1-QLD1,NSW1,2,25445.333120
D,RESIDUE_PRICE_OFFER,,1,A202406,C2025Q4T07,NSW1-QLD1,NSW1,2,29262.133090
D,RESIDUE_PRICE_OFFER,,1,A202406,C2025Q4T07,NSW1-QLD1,NSW1,2,33651.453040
D,RESIDUE_PRICE_OFFER,,1,A202406,C2025Q4T07,NSW1-QLD1,NSW1,2,38699.171010
D,RESIDUE_PRICE_OFFER,,1,A202406,C2025Q4T07,NSW1-QLD1,NSW1,45,0
D,RESIDUE_PRICE_OFFER,,1,A202406,C2025Q4T07,NSW1-QLD1,QLD1,1,16000
D,RESIDUE_PRICE_OFFER,,1,A202406,C2025Q4T07,NSW1-QLD1,QLD1,1,16500
D,RESIDUE_PRICE_OFFER,,1,A202406,C2025Q4T07,NSW1-QLD1,QLD1,1,25541
D,RESIDUE_PRICE_OFFER,,1,A202406,C2025Q4T07,NSW1-QLD1,QLD1,1,25581
D,RESIDUE_PRICE_OFFER,,1,A202406,C2025Q4T07,NSW1-QLD1,QLD1,1,25621
D,RESIDUE_PRICE_OFFER,,1,A202406,C2025Q4T07,NSW1-QLD1,QLD1,1,25661
D,RESIDUE_PRICE_OFFER,,1,A202406,C2025Q4T07,NSW1-QLD1,QLD1,1,25701
D,RESIDUE_PRICE_OFFER,,1,A202406,C2025Q4T07,NSW1-QLD1,QLD1,1,25741
D,RESIDUE_PRICE_OFFER,,1,A202406,C2025Q4T07,NSW1-QLD1,QLD1,1,25781
D,RESIDUE_PRICE_OFFER,,1,A202406,C2025Q4T07,NSW1-QLD1,QLD1,1,25821
D,RESIDUE_PRICE_OFFER,,1,A202406,C2025Q4T07,NSW1-QLD1,QLD1,1,25861
D,RESIDUE_PRICE_OFFER,,1,A202406,C2025Q4T07,NSW1-QLD1,QLD1,1,25901
D,RESIDUE_PRICE_OFFER,,1,A202406,C2025Q4T07,NSW1-QLD1,QLD1,1,25941
D,RESIDUE_PRICE_OFFER,,1,A202406,C2025Q4T07,NSW1-QLD1,QLD1,1,25981
D,RESIDUE_PRICE_OFFER,,1,A202406,C2025Q4T07,NSW1-QLD1,QLD1,1,26021
D,RESIDUE_PRICE_OFFER,,1,A202406,C2025Q4T07,NSW1-QLD1,QLD1,1,26061
D,RESIDUE_PRICE_OFFER,,1,A202406,C2025Q4T07,NSW1-QLD1,QLD1,1,26101
D,RESIDUE_PRICE_OFFER,,1,A202406,C2025Q4T07,NSW1-QLD1,QLD1,1,26141
D,RESIDUE_PRICE_OFFER,,1,A202406,C2025Q4T07,NSW1-QLD1,QLD1,1,26181
D,RESIDUE_PRICE_OFFER,,1,A202406,C2025Q4T07,NSW1-QLD1,QLD1,1,26221
D,RESIDUE_PRICE_OFFER,,1,A202406,C2025Q4T07,NSW1-QLD1,QLD1,1,26261
D,RESIDUE_PRICE_OFFER,,1,A202406,C2025Q4T07,NSW1-QLD1,QLD1,1,26301
D,RESIDUE_PRICE_OFFER,,1,A202406,C2025Q4T07,NSW1-QLD1,QLD1,1,26341
D,RESIDUE_PRICE_OFFER,,1,A202406,C2025Q4T07,NSW1-QLD1,QLD1,1,26381
D,RESIDUE_PRICE_OFFER,,1,A202406,C2025Q4T07,NSW1-QLD1,QLD1,1,26421
D,RESIDUE_PRICE_OFFER,,1,A202406,C2025Q4T07,NSW1-QLD1,QLD1,1,26461
D,RESIDUE_PRICE_OFFER,,1,A202406,C2025Q4T07,NSW1-QLD1,QLD1,1,26501
D,RESIDUE_PRICE_OFFER,,1,A202406,C2025Q4T07,NSW1-QLD1,QLD1,2,35082
D,RESIDUE_PRICE_OFFER,,1,A202406,C2025Q4T07,NSW1-QLD1,QLD1,6,28001
D,RESIDUE_PRICE_OFFER,,1,A202406,C2025Q4T07,NSW1-QLD1,QLD1,6,29001
D,RESIDUE_PRICE_OFFER,,1,A202406,C2025Q4T07,NSW1-QLD1,QLD1,6,30001
D,RESIDUE_PRICE_OFFER,,1,A202406,C2025Q4T07,NSW1-QLD1,QLD1,6,31001
D,RESIDUE_PRICE_OFFER,,1,A202406,C2025Q4T07,NSW1-QLD1,QLD1,6,32001
D,RESIDUE_PRICE_OFFER,,1,A202406,C2025Q4T07,NSW1-QLD1,QLD1,6,33001
D,RESIDUE_PRICE_OFFER,,1,A202406,C2025Q4T07,NSW1-QLD1,QLD1,6,34001
D,RESIDUE_PRICE_OFFER,,1,A202406,C2025Q4T07,NSW1-QLD1,QLD1,6,35001
D,RESIDUE_PRICE_OFFER,,1,A202406,C2025Q4T07,NSW1-QLD1,QLD1,6,36001
D,RESIDUE_PRICE_OFFER,,1,A202406,C2025Q4T07,NSW1-QLD1,QLD1,6,37001
D,RESIDUE_PRICE_OFFER,,1,A202406,C2025Q4T07,NSW1-QLD1,QLD1,10,40260
D,RESIDUE_PRICE_OFFER,,1,A202406,C2025Q4T07,NSW1-QLD1,QLD1,100,0
D,RESIDUE_PRICE_OFFER,,1,A202406,C2025Q4T07,V-SA,SA1,1,5262.78
D,RESIDUE_PRICE_OFFER,,1,A202406,C2025Q4T07,V-SA,SA1,1,5274.78
D,RESIDUE_PRICE_OFFER,,1,A202406,C2025Q4T07,V-SA,SA1,1,5286.78
D,RESIDUE_PRICE_OFFER,,1,A202406,C2025Q4T07,V-SA,SA1,1,5298.78
D,RESIDUE_PRICE_OFFER,,1,A202406,C2025Q4T07,V-SA,SA1,1,5310.78
D,RESIDUE_PRICE_OFFER,,1,A202406,C2025Q4T07,V-SA,SA1,1,5322.78
D,RESIDUE_PRICE_OFFER,,1,A202406,C2025Q4T07,V-SA,SA1,1,5334.78
D,RESIDUE_PRICE_OFFER,,1,A202406,C2025Q4T07,V-SA,SA1,1,5346.78
D,RESIDUE_PRICE_OFFER,,1,A202406,C2025Q4T07,V-SA,SA1,1,5358.78
D,RESIDUE_PRICE_OFFER,,1,A202406,C2025Q4T07,V-SA,SA1,1,5370.78
D,RESIDUE_PRICE_OFFER,,1,A202406,C2025Q4T07,V-SA,SA1,1,5382.78
D,RESIDUE_PRICE_OFFER,,1,A202406,C2025Q4T07,V-SA,SA1,1,5394.78
D,RESIDUE_PRICE_OFFER,,1,A202406,C2025Q4T07,V-SA,SA1,1,5406.78
D,RESIDUE_PRICE_OFFER,,1,A202406,C2025Q4T07,V-SA,SA1,1,5418.78
D,RESIDUE_PRICE_OFFER,,1,A202406,C2025Q4T07,V-SA,SA1,1,5430.78
D,RESIDUE_PRICE_OFFER,,1,A202406,C2025Q4T07,V-SA,SA1,1,5442.78
D,RESIDUE_PRICE_OFFER,,1,A202406,C2025Q4T07,V-SA,SA1,1,5454.78
D,RESIDUE_PRICE_OFFER,,1,A202406,C2025Q4T07,V-SA,SA1,1,5466.78
D,RESIDUE_PRICE_OFFER,,1,A202406,C2025Q4T07,V-SA,SA1,1,5478.78
D,RESIDUE_PRICE_OFFER,,1,A202406,C2025Q4T07,V-SA,SA1,1,5490.78
D,RESIDUE_PRICE_OFFER,,1,A202406,C2025Q4T07,V-SA,SA1,2,5131.3125
D,RESIDUE_PRICE_OFFER,,1,A202406,C2025Q4T07,V-SA,SA1,2,5901.009370
D,RESIDUE_PRICE_OFFER,,1,A202406,C2025Q4T07,V-SA,SA1,2,6150.78
D,RESIDUE_PRICE_OFFER,,1,A202406,C2025Q4T07,V-SA,SA1,2,6300.78
D,RESIDUE_PRICE_OFFER,,1,A202406,C2025Q4T07,V-SA,SA1,2,6450.78
D,RESIDUE_PRICE_OFFER,,1,A202406,C2025Q4T07,V-SA,SA1,2,6600.78
D,RESIDUE_PRICE_OFFER,,1,A202406,C2025Q4T07,V-SA,SA1,2,6750.78
D,RESIDUE_PRICE_OFFER,,1,A202406,C2025Q4T07,V-SA,SA1,2,6786.160780
D,RESIDUE_PRICE_OFFER,,1,A202406,C2025Q4T07,V-SA,SA1,2,6900.78
D,RESIDUE_PRICE_OFFER,,1,A202406,C2025Q4T07,V-SA,SA1,2,7050.78
D,RESIDUE_PRICE_OFFER,,1,A202406,C2025Q4T07,V-SA,SA1,2,7200.78
D,RESIDUE_PRICE_OFFER,,1,A202406,C2025Q4T07,V-SA,SA1,2,7350.78
D,RESIDUE_PRICE_OFFER,,1,A202406,C2025Q4T07,V-SA,SA1,2,7500.78
D,RESIDUE_PRICE_OFFER,,1,A202406,C2025Q4T07,V-SA,SA1,2,7650.78
D,RESIDUE_PRICE_OFFER,,1,A202406,C2025Q4T07,V-SA,SA1,2,7800.78
D,RESIDUE_PRICE_OFFER,,1,A202406,C2025Q4T07,V-SA,SA1,2,7804.084890
D,RESIDUE_PRICE_OFFER,,1,A202406,C2025Q4T07,V-SA,SA1,2,7950.78
D,RESIDUE_PRICE_OFFER,,1,A202406,C2025Q4T07,V-SA,SA1,2,8100.78
D,RESIDUE_PRICE_OFFER,,1,A202406,C2025Q4T07,V-SA,SA1,2,8250.78
D,RESIDUE_PRICE_OFFER,,1,A202406,C2025Q4T07,V-SA,SA1,2,8400.78
D,RESIDUE_PRICE_OFFER,,1,A202406,C2025Q4T07,V-SA,SA1,2,8550.78
D,RESIDUE_PRICE_OFFER,,1,A202406,C2025Q4T07,V-SA,SA1,2,8700.78
D,RESIDUE_PRICE_OFFER,,1,A202406,C2025Q4T07,V-SA,SA1,2,8850.78
D,RESIDUE_PRICE_OFFER,,1,A202406,C2025Q4T07,V-SA,SA1,2,8974.697630
D,RESIDUE_PRICE_OFFER,,1,A202406,C2025Q4T07,V-SA,SA1,2,9000.78
D,RESIDUE_PRICE_OFFER,,1,A202406,C2025Q4T07,V-SA,SA1,2,10320.902280
D,RESIDUE_PRICE_OFFER,,1,A202406,C2025Q4T07,V-SA,SA1,64,0
D,RESIDUE_PRICE_OFFER,,1,A202406,C2025Q4T07,V-SA,VIC1,1,15025.05
D,RESIDUE_PRICE_OFFER,,1,A202406,C2025Q4T07,V-SA,VIC1,1,15050.05
D,RESIDUE_PRICE_OFFER,,1,A202406,C2025Q4T07,V-SA,VIC1,1,15075.05
D,RESIDUE_PRICE_OFFER,,1,A202406,C2025Q4T07,V-SA,VIC1,1,15100.05
D,RESIDUE_PRICE_OFFER,,1,A202406,C2025Q4T07,V-SA,VIC1,1,15125.05
D,RESIDUE_PRICE_OFFER,,1,A202406,C2025Q4T07,V-SA,VIC1,1,15150.05
D,RESIDUE_PRICE_OFFER,,1,A202406,C2025Q4T07,V-SA,VIC1,1,15175.05
D,RESIDUE_PRICE_OFFER,,1,A202406,C2025Q4T07,V-SA,VIC1,1,15200.05
D,RESIDUE_PRICE_OFFER,,1,A202406,C2025Q4T07,V-SA,VIC1,1,15225.05
D,RESIDUE_PRICE_OFFER,,1,A202406,C2025Q4T07,V-SA,VIC1,1,15250.05
D,RESIDUE_PRICE_OFFER,,1,A202406,C2025Q4T07,V-SA,VIC1,1,15275.05
D,RESIDUE_PRICE_OFFER,,1,A202406,C2025Q4T07,V-SA,VIC1,1,15300.05
D,RESIDUE_PRICE_OFFER,,1,A202406,C2025Q4T07,V-SA,VIC1,1,15325.05
D,RESIDUE_PRICE_OFFER,,1,A202406,C2025Q4T07,V-SA,VIC1,1,15350.05
D,RESIDUE_PRICE_OFFER,,1,A202406,C2025Q4T07,V-SA,VIC1,1,15375.05
D,RESIDUE_PRICE_OFFER,,1,A202406,C2025Q4T07,V-SA,VIC1,1,15400.05
D,RESIDUE_PRICE_OFFER,,1,A202406,C2025Q4T07,V-SA,VIC1,1,15425.05
D,RESIDUE_PRICE_OFFER,,1,A202406,C2025Q4T07,V-SA,VIC1,1,15450.05
D,RESIDUE_PRICE_OFFER,,1,A202406,C2025Q4T07,V-SA,VIC1,1,15475.05
D,RESIDUE_PRICE_OFFER,,1,A202406,C2025Q4T07,V-SA,VIC1,1,15500.05
D,RESIDUE_PRICE_OFFER,,1,A202406,C2025Q4T07,V-SA,VIC1,1,17736.05
D,RESIDUE_PRICE_OFFER,,1,A202406,C2025Q4T07,V-SA,VIC1,1,17972.05
D,RESIDUE_PRICE_OFFER,,1,A202406,C2025Q4T07,V-SA,VIC1,1,18208.05
D,RESIDUE_PRICE_OFFER,,1,A202406,C2025Q4T07,V-SA,VIC1,1,18444.05
D,RESIDUE_PRICE_OFFER,,1,A202406,C2025Q4T07,V-SA,VIC1,1,18680.05
D,RESIDUE_PRICE_OFFER,,1,A202406,C2025Q4T07,V-SA,VIC1,1,18916.05
D,RESIDUE_PRICE_OFFER,,1,A202406,C2025Q4T07,V-SA,VIC1,1,19152.05
D,RESIDUE_PRICE_OFFER,,1,A202406,C2025Q4T07,V-SA,VIC1,1,19388.05
D,RESIDUE_PRICE_OFFER,,1,A202406,C2025Q4T07,V-SA,VIC1,1,19624.05
D,RESIDUE_PRICE_OFFER,,1,A202406,C2025Q4T07,V-SA,VIC1,1,19860.05
D,RESIDUE_PRICE_OFFER,,1,A202406,C2025Q4T07,V-SA,VIC1,1,20096.05
D,RESIDUE_PRICE_OFFER,,1,A202406,C2025Q4T07,V-SA,VIC1,1,20332.05
D,RESIDUE_PRICE_OFFER,,1,A202406,C2025Q4T07,V-SA,VIC1,1,20568.05
D,RESIDUE_PRICE_OFFER,,1,A202406,C2025Q4T07,V-SA,VIC1,1,20804.05
D,RESIDUE_PRICE_OFFER,,1,A202406,C2025Q4T07,V-SA,VIC1,1,21040.05
D,RESIDUE_PRICE_OFFER,,1,A202406,C2025Q4T07,V-SA,VIC1,1,21276.05
D,RESIDUE_PRICE_OFFER,,1,A202406,C2025Q4T07,V-SA,VIC1,1,21512.05
D,RESIDUE_PRICE_OFFER,,1,A202406,C2025Q4T07,V-SA,VIC1,1,21748.05
D,RESIDUE_PRICE_OFFER,,1,A202406,C2025Q4T07,V-SA,VIC1,1,21984.05
D,RESIDUE_PRICE_OFFER,,1,A202406,C2025Q4T07,V-SA,VIC1,73,0
D,RESIDUE_PRICE_OFFER,,1,A202406,C2025Q4T07,VIC1-NSW1,NSW1,5,2000.03
D,RESIDUE_PRICE_OFFER,,1,A202406,C2025Q4T07,VIC1-NSW1,NSW1,10,4900
D,RESIDUE_PRICE_OFFER,,1,A202406,C2025Q4T07,VIC1-NSW1,NSW1,108,0
D,RESIDUE_PRICE_OFFER,,1,A202406,C2025Q4T07,VIC1-NSW1,VIC1,1,22000
D,RESIDUE_PRICE_OFFER,,1,A202406,C2025Q4T07,VIC1-NSW1,VIC1,2,17712.3750
D,RESIDUE_PRICE_OFFER,,1,A202406,C2025Q4T07,VIC1-NSW1,VIC1,2,18540.22
D,RESIDUE_PRICE_OFFER,,1,A202406,C2025Q4T07,VIC1-NSW1,VIC1,2,18580.22
D,RESIDUE_PRICE_OFFER,,1,A202406,C2025Q4T07,VIC1-NSW1,VIC1,2,18597.993750
D,RESIDUE_PRICE_OFFER,,1,A202406,C2025Q4T07,VIC1-NSW1,VIC1,2,18620.22
D,RESIDUE_PRICE_OFFER,,1,A202406,C2025Q4T07,VIC1-NSW1,VIC1,2,18660.22
D,RESIDUE_PRICE_OFFER,,1,A202406,C2025Q4T07,VIC1-NSW1,VIC1,2,18700.22
D,RESIDUE_PRICE_OFFER,,1,A202406,C2025Q4T07,VIC1-NSW1,VIC1,2,18740.22
D,RESIDUE_PRICE_OFFER,,1,A202406,C2025Q4T07,VIC1-NSW1,VIC1,2,18780.22
D,RESIDUE_PRICE_OFFER,,1,A202406,C2025Q4T07,VIC1-NSW1,VIC1,2,18820.22
D,RESIDUE_PRICE_OFFER,,1,A202406,C2025Q4T07,VIC1-NSW1,VIC1,2,18860.22
D,RESIDUE_PRICE_OFFER,,1,A202406,C2025Q4T07,VIC1-NSW1,VIC1,2,18900.22
D,RESIDUE_PRICE_OFFER,,1,A202406,C2025Q4T07,VIC1-NSW1,VIC1,2,18940.22
D,RESIDUE_PRICE_OFFER,,1,A202406,C2025Q4T07,VIC1-NSW1,VIC1,2,18980.22
D,RESIDUE_PRICE_OFFER,,1,A202406,C2025Q4T07,VIC1-NSW1,VIC1,2,19020.22
D,RESIDUE_PRICE_OFFER,,1,A202406,C2025Q4T07,VIC1-NSW1,VIC1,2,19060.22
D,RESIDUE_PRICE_OFFER,,1,A202406,C2025Q4T07,VIC1-NSW1,VIC1,2,19100.22
D,RESIDUE_PRICE_OFFER,,1,A202406,C2025Q4T07,VIC1-NSW1,VIC1,2,19140.22
D,RESIDUE_PRICE_OFFER,,1,A202406,C2025Q4T07,VIC1-NSW1,VIC1,2,19180.22
D,RESIDUE_PRICE_OFFER,,1,A202406,C2025Q4T07,VIC1-NSW1,VIC1,2,19220.22
D,RESIDUE_PRICE_OFFER,,1,A202406,C2025Q4T07,VIC1-NSW1,VIC1,2,19260.22
D,RESIDUE_PRICE_OFFER,,1,A202406,C2025Q4T07,VIC1-NSW1,VIC1,2,19300.22
D,RESIDUE_PRICE_OFFER,,1,A202406,C2025Q4T07,VIC1-NSW1,VIC1,2,19340.22
D,RESIDUE_PRICE_OFFER,,1,A202406,C2025Q4T07,VIC1-NSW1,VIC1,2,19380.22
D,RESIDUE_PRICE_OFFER,,1,A202406,C2025Q4T07,VIC1-NSW1,VIC1,2,19420.22
D,RESIDUE_PRICE_OFFER,,1,A202406,C2025Q4T07,VIC1-NSW1,VIC1,2,19460.22
D,RESIDUE_PRICE_OFFER,,1,A202406,C2025Q4T07,VIC1-NSW1,VIC1,2,19500.22
D,RESIDUE_PRICE_OFFER,,1,A202406,C2025Q4T07,VIC1-NSW1,VIC1,2,19527.893440
D,RESIDUE_PRICE_OFFER,,1,A202406,C2025Q4T07,VIC1-NSW1,VIC1,2,20504.288110
D,RESIDUE_PRICE_OFFER,,1,A202406,C2025Q4T07,VIC1-NSW1,VIC1,2,21200.22
D,RESIDUE_PRICE_OFFER,,1,A202406,C2025Q4T07,VIC1-NSW1,VIC1,2,21529.502510
D,RESIDUE_PRICE_OFFER,,1,A202406,C2025Q4T07,VIC1-NSW1,VIC1,2,22285.71
D,RESIDUE_PRICE_OFFER,,1,A202406,C2025Q4T07,VIC1-NSW1,VIC1,2,22400.22
D,RESIDUE_PRICE_OFFER,,1,A202406,C2025Q4T07,VIC1-NSW1,VIC1,2,22571.43
D,RESIDUE_PRICE_OFFER,,1,A202406,C2025Q4T07,VIC1-NSW1,VIC1,2,22605.977640
D,RESIDUE_PRICE_OFFER,,1,A202406,C2025Q4T07,VIC1-NSW1,VIC1,2,22857.14
D,RESIDUE_PRICE_OFFER,,1,A202406,C2025Q4T07,VIC1-NSW1,VIC1,2,23142.86
D,RESIDUE_PRICE_OFFER,,1,A202406,C2025Q4T07,VIC1-NSW1,VIC1,2,23428.57
D,RESIDUE_PRICE_OFFER,,1,A202406,C2025Q4T07,VIC1-NSW1,VIC1,2,23600.22
D,RESIDUE_PRICE_OFFER,,1,A202406,C2025Q4T07,VIC1-NSW1,VIC1,2,23714.29
D,RESIDUE_PRICE_OFFER,,1,A202406,C2025Q4T07,VIC1-NSW1,VIC1,2,24000
D,RESIDUE_PRICE_OFFER,,1,A202406,C2025Q4T07,VIC1-NSW1,VIC1,2,24800.22
D,RESIDUE_PRICE_OFFER,,1,A202406,C2025Q4T07,VIC1-NSW1,VIC1,2,26000.22
D,RESIDUE_PRICE_OFFER,,1,A202406,C2025Q4T07,VIC1-NSW1,VIC1,2,27200.22
D,RESIDUE_PRICE_OFFER,,1,A202406,C2025Q4T07,VIC1-NSW1,VIC1,2,28400.22
D,RESIDUE_PRICE_OFFER,,1,A202406,C2025Q4T07,VIC1-NSW1,VIC1,2,29600.22
D,RESIDUE_PRICE_OFFER,,1,A202406,C2025Q4T07,VIC1-NSW1,VIC1,2,30800.22
D,RESIDUE_PRICE_OFFER,,1,A202406,C2025Q4T07,VIC1-NSW1,VIC1,2,32000.22
D,RESIDUE_PRICE_OFFER,,1,A202406,C2025Q4T07,VIC1-NSW1,VIC1,2,33200.22
D,RESIDUE_PRICE_OFFER,,1,A202406,C2025Q4T07,VIC1-NSW1,VIC1,2,34400.22
D,RESIDUE_PRICE_OFFER,,1,A202406,C2025Q4T07,VIC1-NSW1,VIC1,2,35600.22
D,RESIDUE_PRICE_OFFER,,1,A202406,C2025Q4T07,VIC1-NSW1,VIC1,2,36800.22
D,RESIDUE_PRICE_OFFER,,1,A202406,C2025Q4T07,VIC1-NSW1,VIC1,2,38000.22
D,RESIDUE_PRICE_OFFER,,1,A202406,C2025Q4T07,VIC1-NSW1,VIC1,2,39200.22
D,RESIDUE_PRICE_OFFER,,1,A202406,C2025Q4T07,VIC1-NSW1,VIC1,2,40400.22
D,RESIDUE_PRICE_OFFER,,1,A202406,C2025Q4T07,VIC1-NSW1,VIC1,2,41600.22
D,RESIDUE_PRICE_OFFER,,1,A202406,C2025Q4T07,VIC1-NSW1,VIC1,2,42800.22
D,RESIDUE_PRICE_OFFER,,1,A202406,C2025Q4T07,VIC1-NSW1,VIC1,2,44000.22
D,RESIDUE_PRICE_OFFER,,1,A202406,C2025Q4T07,VIC1-NSW1,VIC1,2,45200.22
D,RESIDUE_PRICE_OFFER,,1,A202406,C2025Q4T07,VIC1-NSW1,VIC1,2,46400.22
D,RESIDUE_PRICE_OFFER,,1,A202406,C2025Q4T07,VIC1-NSW1,VIC1,2,47600.22
D,RESIDUE_PRICE_OFFER,,1,A202406,C2025Q4T07,VIC1-NSW1,VIC1,2,48800.22
D,RESIDUE_PRICE_OFFER,,1,A202406,C2025Q4T07,VIC1-NSW1,VIC1,2,50000.22
D,RESIDUE_PRICE_OFFER,,1,A202406,C2025Q4T07,VIC1-NSW1,VIC1,4,47163
D,RESIDUE_PRICE_OFFER,,1,A202406,C2025Q4T07,VIC1-NSW1,VIC1,10,38010
D,RESIDUE_PRICE_OFFER,,1,A202406,C2025Q4T07,VIC1-NSW1,VIC1,125,0
D,RESIDUE_PRICE_OFFER,,1,A202406,C2026Q1T06,NSW1-QLD1,NSW1,2,34779.942490
D,RESIDUE_PRICE_OFFER,,1,A202406,C2026Q1T06,NSW1-QLD1,NSW1,2,39996.933870
D,RESIDUE_PRICE_OFFER,,1,A202406,C2026Q1T06,NSW1-QLD1,NSW1,2,45996.473960
D,RESIDUE_PRICE_OFFER,,1,A202406,C2026Q1T06,NSW1-QLD1,NSW1,2,52895.945050
D,RESIDUE_PRICE_OFFER,,1,A202406,C2026Q1T06,NSW1-QLD1,NSW1,2,60830.336810
D,RESIDUE_PRICE_OFFER,,1,A202406,C2026Q1T06,NSW1-QLD1,NSW1,2,69954.887330
D,RESIDUE_PRICE_OFFER,,1,A202406,C2026Q1T06,NSW1-QLD1,NSW1,45,0
D,RESIDUE_PRICE_OFFER,,1,A202406,C2026Q1T06,NSW1-QLD1,QLD1,1,28081
D,RESIDUE_PRICE_OFFER,,1,A202406,C2026Q1T06,NSW1-QLD1,QLD1,1,28161
D,RESIDUE_PRICE_OFFER,,1,A202406,C2026Q1T06,NSW1-QLD1,QLD1,1,28241
D,RESIDUE_PRICE_OFFER,,1,A202406,C2026Q1T06,NSW1-QLD1,QLD1,1,28321
D,RESIDUE_PRICE_OFFER,,1,A202406,C2026Q1T06,NSW1-QLD1,QLD1,1,28401
D,RESIDUE_PRICE_OFFER,,1,A202406,C2026Q1T06,NSW1-QLD1,QLD1,1,28481
D,RESIDUE_PRICE_OFFER,,1,A202406,C2026Q1T06,NSW1-QLD1,QLD1,1,28561
D,RESIDUE_PRICE_OFFER,,1,A202406,C2026Q1T06,NSW1-QLD1,QLD1,1,28641
D,RESIDUE_PRICE_OFFER,,1,A202406,C2026Q1T06,NSW1-QLD1,QLD1,1,28721
D,RESIDUE_PRICE_OFFER,,1,A202406,C2026Q1T06,NSW1-QLD1,QLD1,1,28801
D,RESIDUE_PRICE_OFFER,,1,A202406,C2026Q1T06,NSW1-QLD1,QLD1,1,28881
D,RESIDUE_PRICE_OFFER,,1,A202406,C2026Q1T06,NSW1-QLD1,QLD1,1,28961
D,RESIDUE_PRICE_OFFER,,1,A202406,C2026Q1T06,NSW1-QLD1,QLD1,1,29041
D,RESIDUE_PRICE_OFFER,,1,A202406,C2026Q1T06,NSW1-QLD1,QLD1,1,29121
D,RESIDUE_PRICE_OFFER,,1,A202406,C2026Q1T06,NSW1-QLD1,QLD1,1,29201
D,RESIDUE_PRICE_OFFER,,1,A202406,C2026Q1T06,NSW1-QLD1,QLD1,1,29281
D,RESIDUE_PRICE_OFFER,,1,A202406,C2026Q1T06,NSW1-QLD1,QLD1,1,29361
D,RESIDUE_PRICE_OFFER,,1,A202406,C2026Q1T06,NSW1-QLD1,QLD1,1,29441
D,RESIDUE_PRICE_OFFER,,1,A202406,C2026Q1T06,NSW1-QLD1,QLD1,1,29521
D,RESIDUE_PRICE_OFFER,,1,A202406,C2026Q1T06,NSW1-QLD1,QLD1,1,29601
D,RESIDUE_PRICE_OFFER,,1,A202406,C2026Q1T06,NSW1-QLD1,QLD1,1,29681
D,RESIDUE_PRICE_OFFER,,1,A202406,C2026Q1T06,NSW1-QLD1,QLD1,1,29761
D,RESIDUE_PRICE_OFFER,,1,A202406,C2026Q1T06,NSW1-QLD1,QLD1,1,29841
D,RESIDUE_PRICE_OFFER,,1,A202406,C2026Q1T06,NSW1-QLD1,QLD1,1,29921
D,RESIDUE_PRICE_OFFER,,1,A202406,C2026Q1T06,NSW1-QLD1,QLD1,1,30001
D,RESIDUE_PRICE_OFFER,,1,A202406,C2026Q1T06,NSW1-QLD1,QLD1,1,32616
D,RESIDUE_PRICE_OFFER,,1,A202406,C2026Q1T06,NSW1-QLD1,QLD1,5,27895
D,RESIDUE_PRICE_OFFER,,1,A202406,C2026Q1T06,NSW1-QLD1,QLD1,10,25584
D,RESIDUE_PRICE_OFFER,,1,A202406,C2026Q1T06,NSW1-QLD1,QLD1,10,48730
D,RESIDUE_PRICE_OFFER,,1,A202406,C2026Q1T06,NSW1-QLD1,QLD1,100,0
D,RESIDUE_PRICE_OFFER,,1,A202406,C2026Q1T06,V-SA,SA1,1,7071.78
D,RESIDUE_PRICE_OFFER,,1,A202406,C2026Q1T06,V-SA,SA1,1,7142.78
D,RESIDUE_PRICE_OFFER,,1,A202406,C2026Q1T06,V-SA,SA1,1,7213.78
D,RESIDUE_PRICE_OFFER,,1,A202406,C2026Q1T06,V-SA,SA1,1,7284.78
D,RESIDUE_PRICE_OFFER,,1,A202406,C2026Q1T06,V-SA,SA1,1,7355.78
D,RESIDUE_PRICE_OFFER,,1,A202406,C2026Q1T06,V-SA,SA1,1,7426.78
D,RESIDUE_PRICE_OFFER,,1,A202406,C2026Q1T06,V-SA,SA1,1,7497.78
D,RESIDUE_PRICE_OFFER,,1,A202406,C2026Q1T06,V-SA,SA1,2,5325.666660
D,RESIDUE_PRICE_OFFER,,1,A202406,C2026Q1T06,V-SA,SA1,2,6124.516660
D,RESIDUE_PRICE_OFFER,,1,A202406,C2026Q1T06,V-SA,SA1,2,7043.194160
D,RESIDUE_PRICE_OFFER,,1,A202406,C2026Q1T06,V-SA,SA1,2,8099.673290
D,RESIDUE_PRICE_OFFER,,1,A202406,C2026Q1T06,V-SA,SA1,2,9314.624280
D,RESIDUE_PRICE_OFFER,,1,A202406,C2026Q1T06,V-SA,SA1,2,10711.817920
D,RESIDUE_PRICE_OFFER,,1,A202406,C2026Q1T06,V-SA,SA1,64,0
D,RESIDUE_PRICE_OFFER,,1,A202406,C2026Q1T06,V-SA,VIC1,20,30000.05
D,RESIDUE_PRICE_OFFER,,1,A202406,C2026Q1T06,V-SA,VIC1,73,0
D,RESIDUE_PRICE_OFFER,,1,A202406,C2026Q1T06,VIC1-NSW1,NSW1,1,6550.03
D,RESIDUE_PRICE_OFFER,,1,A202406,C2026Q1T06,VIC1-NSW1,NSW1,1,6600.03
D,RESIDUE_PRICE_OFFER,,1,A202406,C2026Q1T06,VIC1-NSW1,NSW1,1,6650.03
D,RESIDUE_PRICE_OFFER,,1,A202406,C2026Q1T06,VIC1-NSW1,NSW1,1,6700.03
D,RESIDUE_PRICE_OFFER,,1,A202406,C2026Q1T06,VIC1-NSW1,NSW1,1,6750.03
D,RESIDUE_PRICE_OFFER,,1,A202406,C2026Q1T06,VIC1-NSW1,NSW1,1,6800.03
D,RESIDUE_PRICE_OFFER,,1,A202406,C2026Q1T06,VIC1-NSW1,NSW1,1,6850.03
D,RESIDUE_PRICE_OFFER,,1,A202406,C2026Q1T06,VIC1-NSW1,NSW1,1,6900.03
D,RESIDUE_PRICE_OFFER,,1,A202406,C2026Q1T06,VIC1-NSW1,NSW1,1,6950.03
D,RESIDUE_PRICE_OFFER,,1,A202406,C2026Q1T06,VIC1-NSW1,NSW1,1,7000.03
D,RESIDUE_PRICE_OFFER,,1,A202406,C2026Q1T06,VIC1-NSW1,NSW1,1,7050.03
D,RESIDUE_PRICE_OFFER,,1,A202406,C2026Q1T06,VIC1-NSW1,NSW1,1,7100.03
D,RESIDUE_PRICE_OFFER,,1,A202406,C2026Q1T06,VIC1-NSW1,NSW1,1,7150.03
D,RESIDUE_PRICE_OFFER,,1,A202406,C2026Q1T06,VIC1-NSW1,NSW1,1,7200.03
D,RESIDUE_PRICE_OFFER,,1,A202406,C2026Q1T06,VIC1-NSW1,NSW1,1,7250.03
D,RESIDUE_PRICE_OFFER,,1,A202406,C2026Q1T06,VIC1-NSW1,NSW1,1,7300.03
D,RESIDUE_PRICE_OFFER,,1,A202406,C2026Q1T06,VIC1-NSW1,NSW1,1,7350.03
D,RESIDUE_PRICE_OFFER,,1,A202406,C2026Q1T06,VIC1-NSW1,NSW1,1,7400.03
D,RESIDUE_PRICE_OFFER,,1,A202406,C2026Q1T06,VIC1-NSW1,NSW1,1,7450.03
D,RESIDUE_PRICE_OFFER,,1,A202406,C2026Q1T06,VIC1-NSW1,NSW1,1,7500.03
D,RESIDUE_PRICE_OFFER,,1,A202406,C2026Q1T06,VIC1-NSW1,NSW1,1,7550.03
D,RESIDUE_PRICE_OFFER,,1,A202406,C2026Q1T06,VIC1-NSW1,NSW1,1,7600.03
D,RESIDUE_PRICE_OFFER,,1,A202406,C2026Q1T06,VIC1-NSW1,NSW1,1,7650.03
D,RESIDUE_PRICE_OFFER,,1,A202406,C2026Q1T06,VIC1-NSW1,NSW1,1,7700.03
D,RESIDUE_PRICE_OFFER,,1,A202406,C2026Q1T06,VIC1-NSW1,NSW1,1,7750.03
D,RESIDUE_PRICE_OFFER,,1,A202406,C2026Q1T06,VIC1-NSW1,NSW1,1,7800.03
D,RESIDUE_PRICE_OFFER,,1,A202406,C2026Q1T06,VIC1-NSW1,NSW1,1,7850.03
D,RESIDUE_PRICE_OFFER,,1,A202406,C2026Q1T06,VIC1-NSW1,NSW1,1,7900.03
D,RESIDUE_PRICE_OFFER,,1,A202406,C2026Q1T06,VIC1-NSW1,NSW1,1,7950.03
D,RESIDUE_PRICE_OFFER,,1,A202406,C2026Q1T06,VIC1-NSW1,NSW1,1,8000.03
D,RESIDUE_PRICE_OFFER,,1,A202406,C2026Q1T06,VIC1-NSW1,NSW1,1,8050.03
D,RESIDUE_PRICE_OFFER,,1,A202406,C2026Q1T06,VIC1-NSW1,NSW1,1,8100.03
D,RESIDUE_PRICE_OFFER,,1,A202406,C2026Q1T06,VIC1-NSW1,NSW1,1,8150.03
D,RESIDUE_PRICE_OFFER,,1,A202406,C2026Q1T06,VIC1-NSW1,NSW1,1,8200.03
D,RESIDUE_PRICE_OFFER,,1,A202406,C2026Q1T06,VIC1-NSW1,NSW1,1,8250.03
D,RESIDUE_PRICE_OFFER,,1,A202406,C2026Q1T06,VIC1-NSW1,NSW1,1,8300.03
D,RESIDUE_PRICE_OFFER,,1,A202406,C2026Q1T06,VIC1-NSW1,NSW1,1,8350.03
D,RESIDUE_PRICE_OFFER,,1,A202406,C2026Q1T06,VIC1-NSW1,NSW1,1,8400.03
D,RESIDUE_PRICE_OFFER,,1,A202406,C2026Q1T06,VIC1-NSW1,NSW1,1,8450.03
D,RESIDUE_PRICE_OFFER,,1,A202406,C2026Q1T06,VIC1-NSW1,NSW1,1,8500.03
D,RESIDUE_PRICE_OFFER,,1,A202406,C2026Q1T06,VIC1-NSW1,NSW1,108,0
D,RESIDUE_PRICE_OFFER,,1,A202406,C2026Q1T06,VIC1-NSW1,VIC1,1,21050.22
D,RESIDUE_PRICE_OFFER,,1,A202406,C2026Q1T06,VIC1-NSW1,VIC1,1,21100.22
D,RESIDUE_PRICE_OFFER,,1,A202406,C2026Q1T06,VIC1-NSW1,VIC1,1,21150.22
D,RESIDUE_PRICE_OFFER,,1,A202406,C2026Q1T06,VIC1-NSW1,VIC1,1,21200.22
D,RESIDUE_PRICE_OFFER,,1,A202406,C2026Q1T06,VIC1-NSW1,VIC1,1,21250.22
D,RESIDUE_PRICE_OFFER,,1,A202406,C2026Q1T06,VIC1-NSW1,VIC1,1,21300.22
D,RESIDUE_PRICE_OFFER,,1,A202406,C2026Q1T06,VIC1-NSW1,VIC1,1,21350.22
D,RESIDUE_PRICE_OFFER,,1,A202406,C2026Q1T06,VIC1-NSW1,VIC1,1,21400.22
D,RESIDUE_PRICE_OFFER,,1,A202406,C2026Q1T06,VIC1-NSW1,VIC1,1,21450.22
D,RESIDUE_PRICE_OFFER,,1,A202406,C2026Q1T06,VIC1-NSW1,VIC1,1,21500.22
D,RESIDUE_PRICE_OFFER,,1,A202406,C2026Q1T06,VIC1-NSW1,VIC1,1,21550.22
D,RESIDUE_PRICE_OFFER,,1,A202406,C2026Q1T06,VIC1-NSW1,VIC1,1,21600.22
D,RESIDUE_PRICE_OFFER,,1,A202406,C2026Q1T06,VIC1-NSW1,VIC1,1,21650.22
D,RESIDUE_PRICE_OFFER,,1,A202406,C2026Q1T06,VIC1-NSW1,VIC1,1,21700.22
D,RESIDUE_PRICE_OFFER,,1,A202406,C2026Q1T06,VIC1-NSW1,VIC1,1,21750.22
D,RESIDUE_PRICE_OFFER,,1,A202406,C2026Q1T06,VIC1-NSW1,VIC1,1,21800.22
D,RESIDUE_PRICE_OFFER,,1,A202406,C2026Q1T06,VIC1-NSW1,VIC1,1,21850.22
D,RESIDUE_PRICE_OFFER,,1,A202406,C2026Q1T06,VIC1-NSW1,VIC1,1,21900.22
D,RESIDUE_PRICE_OFFER,,1,A202406,C2026Q1T06,VIC1-NSW1,VIC1,1,21950.22
D,RESIDUE_PRICE_OFFER,,1,A202406,C2026Q1T06,VIC1-NSW1,VIC1,1,22000.22
D,RESIDUE_PRICE_OFFER,,1,A202406,C2026Q1T06,VIC1-NSW1,VIC1,2,22665
D,RESIDUE_PRICE_OFFER,,1,A202406,C2026Q1T06,VIC1-NSW1,VIC1,2,23798.25
D,RESIDUE_PRICE_OFFER,,1,A202406,C2026Q1T06,VIC1-NSW1,VIC1,2,24733.22
D,RESIDUE_PRICE_OFFER,,1,A202406,C2026Q1T06,VIC1-NSW1,VIC1,2,24988.1625
D,RESIDUE_PRICE_OFFER,,1,A202406,C2026Q1T06,VIC1-NSW1,VIC1,2,25466.22
D,RESIDUE_PRICE_OFFER,,1,A202406,C2026Q1T06,VIC1-NSW1,VIC1,2,26199.22
D,RESIDUE_PRICE_OFFER,,1,A202406,C2026Q1T06,VIC1-NSW1,VIC1,2,26237.570630
D,RESIDUE_PRICE_OFFER,,1,A202406,C2026Q1T06,VIC1-NSW1,VIC1,2,26932.22
D,RESIDUE_PRICE_OFFER,,1,A202406,C2026Q1T06,VIC1-NSW1,VIC1,2,27549.449160
D,RESIDUE_PRICE_OFFER,,1,A202406,C2026Q1T06,VIC1-NSW1,VIC1,2,27665.22
D,RESIDUE_PRICE_OFFER,,1,A202406,C2026Q1T06,VIC1-NSW1,VIC1,2,28398.22
D,RESIDUE_PRICE_OFFER,,1,A202406,C2026Q1T06,VIC1-NSW1,VIC1,2,28926.921610
D,RESIDUE_PRICE_OFFER,,1,A202406,C2026Q1T06,VIC1-NSW1,VIC1,2,29131.22
D,RESIDUE_PRICE_OFFER,,1,A202406,C2026Q1T06,VIC1-NSW1,VIC1,2,29864.22
D,RESIDUE_PRICE_OFFER,,1,A202406,C2026Q1T06,VIC1-NSW1,VIC1,2,30597.22
D,RESIDUE_PRICE_OFFER,,1,A202406,C2026Q1T06,VIC1-NSW1,VIC1,2,31330.22
D,RESIDUE_PRICE_OFFER,,1,A202406,C2026Q1T06,VIC1-NSW1,VIC1,2,32063.22
D,RESIDUE_PRICE_OFFER,,1,A202406,C2026Q1T06,VIC1-NSW1,VIC1,2,32796.22
D,RESIDUE_PRICE_OFFER,,1,A202406,C2026Q1T06,VIC1-NSW1,VIC1,2,33529.22
D,RESIDUE_PRICE_OFFER,,1,A202406,C2026Q1T06,VIC1-NSW1,VIC1,2,34262.22
D,RESIDUE_PRICE_OFFER,,1,A202406,C2026Q1T06,VIC1-NSW1,VIC1,2,34995.22
D,RESIDUE_PRICE_OFFER,,1,A202406,C2026Q1T06,VIC1-NSW1,VIC1,2,53344
D,RESIDUE_PRICE_OFFER,,1,A202406,C2026Q1T06,VIC1-NSW1,VIC1,10,47985
D,RESIDUE_PRICE_OFFER,,1,A202406,C2026Q1T06,VIC1-NSW1,VIC1,125,0
D,RESIDUE_PRICE_OFFER,,1,A202406,C2026Q2T05,NSW1-QLD1,NSW1,45,0
D,RESIDUE_PRICE_OFFER,,1,A202406,C2026Q2T05,NSW1-QLD1,QLD1,10,69300
D,RESIDUE_PRICE_OFFER,,1,A202406,C2026Q2T05,NSW1-QLD1,QLD1,15,37001
D,RESIDUE_PRICE_OFFER,,1,A202406,C2026Q2T05,NSW1-QLD1,QLD1,100,0
D,RESIDUE_PRICE_OFFER,,1,A202406,C2026Q2T05,V-SA,SA1,1,4733
D,RESIDUE_PRICE_OFFER,,1,A202406,C2026Q2T05,V-SA,SA1,1,5442.95
D,RESIDUE_PRICE_OFFER,,1,A202406,C2026Q2T05,V-SA,SA1,1,6259.3925
D,RESIDUE_PRICE_OFFER,,1,A202406,C2026Q2T05,V-SA,SA1,1,7198.301370
D,RESIDUE_PRICE_OFFER,,1,A202406,C2026Q2T05,V-SA,SA1,1,8278.046580
D,RESIDUE_PRICE_OFFER,,1,A202406,C2026Q2T05,V-SA,SA1,1,9519.753560
D,RESIDUE_PRICE_OFFER,,1,A202406,C2026Q2T05,V-SA,SA1,9,4000.78
D,RESIDUE_PRICE_OFFER,,1,A202406,C2026Q2T05,V-SA,SA1,64,0
D,RESIDUE_PRICE_OFFER,,1,A202406,C2026Q2T05,V-SA,VIC1,1,14074.05
D,RESIDUE_PRICE_OFFER,,1,A202406,C2026Q2T05,V-SA,VIC1,1,14148.05
D,RESIDUE_PRICE_OFFER,,1,A202406,C2026Q2T05,V-SA,VIC1,1,14222.05
D,RESIDUE_PRICE_OFFER,,1,A202406,C2026Q2T05,V-SA,VIC1,1,14296.05
D,RESIDUE_PRICE_OFFER,,1,A202406,C2026Q2T05,V-SA,VIC1,1,14370.05
D,RESIDUE_PRICE_OFFER,,1,A202406,C2026Q2T05,V-SA,VIC1,1,14444.05
D,RESIDUE_PRICE_OFFER,,1,A202406,C2026Q2T05,V-SA,VIC1,1,14518.05
D,RESIDUE_PRICE_OFFER,,1,A202406,C2026Q2T05,V-SA,VIC1,1,14592.05
D,RESIDUE_PRICE_OFFER,,1,A202406,C2026Q2T05,V-SA,VIC1,1,14666.05
D,RESIDUE_PRICE_OFFER,,1,A202406,C2026Q2T05,V-SA,VIC1,1,14740.05
D,RESIDUE_PRICE_OFFER,,1,A202406,C2026Q2T05,V-SA,VIC1,1,14814.05
D,RESIDUE_PRICE_OFFER,,1,A202406,C2026Q2T05,V-SA,VIC1,1,14888.05
D,RESIDUE_PRICE_OFFER,,1,A202406,C2026Q2T05,V-SA,VIC1,1,14962.05
D,RESIDUE_PRICE_OFFER,,1,A202406,C2026Q2T05,V-SA,VIC1,1,15036.05
D,RESIDUE_PRICE_OFFER,,1,A202406,C2026Q2T05,V-SA,VIC1,1,15110.05
D,RESIDUE_PRICE_OFFER,,1,A202406,C2026Q2T05,V-SA,VIC1,1,15184.05
D,RESIDUE_PRICE_OFFER,,1,A202406,C2026Q2T05,V-SA,VIC1,1,15258.05
D,RESIDUE_PRICE_OFFER,,1,A202406,C2026Q2T05,V-SA,VIC1,1,15332.05
D,RESIDUE_PRICE_OFFER,,1,A202406,C2026Q2T05,V-SA,VIC1,1,15406.05
D,RESIDUE_PRICE_OFFER,,1,A202406,C2026Q2T05,V-SA,VIC1,1,15480.05
D,RESIDUE_PRICE_OFFER,,1,A202406,C2026Q2T05,V-SA,VIC1,1,15554.05
D,RESIDUE_PRICE_OFFER,,1,A202406,C2026Q2T05,V-SA,VIC1,1,15628.05
D,RESIDUE_PRICE_OFFER,,1,A202406,C2026Q2T05,V-SA,VIC1,1,15702.05
D,RESIDUE_PRICE_OFFER,,1,A202406,C2026Q2T05,V-SA,VIC1,1,15776.05
D,RESIDUE_PRICE_OFFER,,1,A202406,C2026Q2T05,V-SA,VIC1,1,15850.05
D,RESIDUE_PRICE_OFFER,,1,A202406,C2026Q2T05,V-SA,VIC1,1,15924.05
D,RESIDUE_PRICE_OFFER,,1,A202406,C2026Q2T05,V-SA,VIC1,1,15998.05
D,RESIDUE_PRICE_OFFER,,1,A202406,C2026Q2T05,V-SA,VIC1,73,0
D,RESIDUE_PRICE_OFFER,,1,A202406,C2026Q2T05,VIC1-NSW1,NSW1,23,2500.03
D,RESIDUE_PRICE_OFFER,,1,A202406,C2026Q2T05,VIC1-NSW1,NSW1,108,0
D,RESIDUE_PRICE_OFFER,,1,A202406,C2026Q2T05,VIC1-NSW1,VIC1,1,23050.22
D,RESIDUE_PRICE_OFFER,,1,A202406,C2026Q2T05,VIC1-NSW1,VIC1,1,23100.22
D,RESIDUE_PRICE_OFFER,,1,A202406,C2026Q2T05,VIC1-NSW1,VIC1,1,23150.22
D,RESIDUE_PRICE_OFFER,,1,A202406,C2026Q2T05,VIC1-NSW1,VIC1,1,23200.22
D,RESIDUE_PRICE_OFFER,,1,A202406,C2026Q2T05,VIC1-NSW1,VIC1,1,23250.22
D,RESIDUE_PRICE_OFFER,,1,A202406,C2026Q2T05,VIC1-NSW1,VIC1,1,23300.22
D,RESIDUE_PRICE_OFFER,,1,A202406,C2026Q2T05,VIC1-NSW1,VIC1,1,23350.22
D,RESIDUE_PRICE_OFFER,,1,A202406,C2026Q2T05,VIC1-NSW1,VIC1,1,23400.22
D,RESIDUE_PRICE_OFFER,,1,A202406,C2026Q2T05,VIC1-NSW1,VIC1,1,23450.22
D,RESIDUE_PRICE_OFFER,,1,A202406,C2026Q2T05,VIC1-NSW1,VIC1,1,23500.22
D,RESIDUE_PRICE_OFFER,,1,A202406,C2026Q2T05,VIC1-NSW1,VIC1,1,23550.22
D,RESIDUE_PRICE_OFFER,,1,A202406,C2026Q2T05,VIC1-NSW1,VIC1,1,23600.22
D,RESIDUE_PRICE_OFFER,,1,A202406,C2026Q2T05,VIC1-NSW1,VIC1,1,23650.22
D,RESIDUE_PRICE_OFFER,,1,A202406,C2026Q2T05,VIC1-NSW1,VIC1,1,23700.22
D,RESIDUE_PRICE_OFFER,,1,A202406,C2026Q2T05,VIC1-NSW1,VIC1,1,23750.22
D,RESIDUE_PRICE_OFFER,,1,A202406,C2026Q2T05,VIC1-NSW1,VIC1,1,23800.22
D,RESIDUE_PRICE_OFFER,,1,A202406,C2026Q2T05,VIC1-NSW1,VIC1,1,23850.22
D,RESIDUE_PRICE_OFFER,,1,A202406,C2026Q2T05,VIC1-NSW1,VIC1,1,23900.22
D,RESIDUE_PRICE_OFFER,,1,A202406,C2026Q2T05,VIC1-NSW1,VIC1,1,23950.22
D,RESIDUE_PRICE_OFFER,,1,A202406,C2026Q2T05,VIC1-NSW1,VIC1,1,24000.22
D,RESIDUE_PRICE_OFFER,,1,A202406,C2026Q2T05,VIC1-NSW1,VIC1,2,18482.537310
D,RESIDUE_PRICE_OFFER,,1,A202406,C2026Q2T05,VIC1-NSW1,VIC1,2,19406.664180
D,RESIDUE_PRICE_OFFER,,1,A202406,C2026Q2T05,VIC1-NSW1,VIC1,2,20376.997390
D,RESIDUE_PRICE_OFFER,,1,A202406,C2026Q2T05,VIC1-NSW1,VIC1,2,21395.847250
D,RESIDUE_PRICE_OFFER,,1,A202406,C2026Q2T05,VIC1-NSW1,VIC1,2,22465.639620
D,RESIDUE_PRICE_OFFER,,1,A202406,C2026Q2T05,VIC1-NSW1,VIC1,2,23588.9216
D,RESIDUE_PRICE_OFFER,,1,A202406,C2026Q2T05,VIC1-NSW1,VIC1,2,26933.22
D,RESIDUE_PRICE_OFFER,,1,A202406,C2026Q2T05,VIC1-NSW1,VIC1,2,27866.22
D,RESIDUE_PRICE_OFFER,,1,A202406,C2026Q2T05,VIC1-NSW1,VIC1,2,28799.22
D,RESIDUE_PRICE_OFFER,,1,A202406,C2026Q2T05,VIC1-NSW1,VIC1,2,29732.22
D,RESIDUE_PRICE_OFFER,,1,A202406,C2026Q2T05,VIC1-NSW1,VIC1,2,30665.22
D,RESIDUE_PRICE_OFFER,,1,A202406,C2026Q2T05,VIC1-NSW1,VIC1,2,31598.22
D,RESIDUE_PRICE_OFFER,,1,A202406,C2026Q2T05,VIC1-NSW1,VIC1,2,32531.22
D,RESIDUE_PRICE_OFFER,,1,A202406,C2026Q2T05,VIC1-NSW1,VIC1,2,33464.22
D,RESIDUE_PRICE_OFFER,,1,A202406,C2026Q2T05,VIC1-NSW1,VIC1,2,34397.22
D,RESIDUE_PRICE_OFFER,,1,A202406,C2026Q2T05,VIC1-NSW1,VIC1,2,35330.22
D,RESIDUE_PRICE_OFFER,,1,A202406,C2026Q2T05,VIC1-NSW1,VIC1,2,36263.22
D,RESIDUE_PRICE_OFFER,,1,A202406,C2026Q2T05,VIC1-NSW1,VIC1,2,37196.22
D,RESIDUE_PRICE_OFFER,,1,A202406,C2026Q2T05,VIC1-NSW1,VIC1,2,38129.22
D,RESIDUE_PRICE_OFFER,,1,A202406,C2026Q2T05,VIC1-NSW1,VIC1,2,39062.22
D,RESIDUE_PRICE_OFFER,,1,A202406,C2026Q2T05,VIC1-NSW1,VIC1,2,39995.22
D,RESIDUE_PRICE_OFFER,,1,A202406,C2026Q2T05,VIC1-NSW1,VIC1,10,46935
D,RESIDUE_PRICE_OFFER,,1,A202406,C2026Q2T05,VIC1-NSW1,VIC1,125,0
D,RESIDUE_PRICE_OFFER,,1,A202406,C2026Q3T04,NSW1-QLD1,NSW1,45,0
D,RESIDUE_PRICE_OFFER,,1,A202406,C2026Q3T04,NSW1-QLD1,QLD1,10,37001
D,RESIDUE_PRICE_OFFER,,1,A202406,C2026Q3T04,NSW1-QLD1,QLD1,100,0
D,RESIDUE_PRICE_OFFER,,1,A202406,C2026Q3T04,V-SA,SA1,1,5020.78
D,RESIDUE_PRICE_OFFER,,1,A202406,C2026Q3T04,V-SA,SA1,1,5040.78
D,RESIDUE_PRICE_OFFER,,1,A202406,C2026Q3T04,V-SA,SA1,1,5060.78
D,RESIDUE_PRICE_OFFER,,1,A202406,C2026Q3T04,V-SA,SA1,1,5080.78
D,RESIDUE_PRICE_OFFER,,1,A202406,C2026Q3T04,V-SA,SA1,1,5100.78
D,RESIDUE_PRICE_OFFER,,1,A202406,C2026Q3T04,V-SA,SA1,1,5120.78
D,RESIDUE_PRICE_OFFER,,1,A202406,C2026Q3T04,V-SA,SA1,1,5140.78
D,RESIDUE_PRICE_OFFER,,1,A202406,C2026Q3T04,V-SA,SA1,1,5160.78
D,RESIDUE_PRICE_OFFER,,1,A202406,C2026Q3T04,V-SA,SA1,1,5180.78
D,RESIDUE_PRICE_OFFER,,1,A202406,C2026Q3T04,V-SA,SA1,1,5200.78
D,RESIDUE_PRICE_OFFER,,1,A202406,C2026Q3T04,V-SA,SA1,1,5220.78
D,RESIDUE_PRICE_OFFER,,1,A202406,C2026Q3T04,V-SA,SA1,1,5240.78
D,RESIDUE_PRICE_OFFER,,1,A202406,C2026Q3T04,V-SA,SA1,1,5260.78
D,RESIDUE_PRICE_OFFER,,1,A202406,C2026Q3T04,V-SA,SA1,1,5280.78
D,RESIDUE_PRICE_OFFER,,1,A202406,C2026Q3T04,V-SA,SA1,1,5300.78
D,RESIDUE_PRICE_OFFER,,1,A202406,C2026Q3T04,V-SA,SA1,1,5320.78
D,RESIDUE_PRICE_OFFER,,1,A202406,C2026Q3T04,V-SA,SA1,1,5340.78
D,RESIDUE_PRICE_OFFER,,1,A202406,C2026Q3T04,V-SA,SA1,1,5360.78
D,RESIDUE_PRICE_OFFER,,1,A202406,C2026Q3T04,V-SA,SA1,1,5380.78
D,RESIDUE_PRICE_OFFER,,1,A202406,C2026Q3T04,V-SA,SA1,1,5400.78
D,RESIDUE_PRICE_OFFER,,1,A202406,C2026Q3T04,V-SA,SA1,1,5420.78
D,RESIDUE_PRICE_OFFER,,1,A202406,C2026Q3T04,V-SA,SA1,1,5440.78
D,RESIDUE_PRICE_OFFER,,1,A202406,C2026Q3T04,V-SA,SA1,1,5460.78
D,RESIDUE_PRICE_OFFER,,1,A202406,C2026Q3T04,V-SA,SA1,1,5480.78
D,RESIDUE_PRICE_OFFER,,1,A202406,C2026Q3T04,V-SA,SA1,64,0
D,RESIDUE_PRICE_OFFER,,1,A202406,C2026Q3T04,V-SA,VIC1,1,14080.05
D,RESIDUE_PRICE_OFFER,,1,A202406,C2026Q3T04,V-SA,VIC1,1,14160.05
D,RESIDUE_PRICE_OFFER,,1,A202406,C2026Q3T04,V-SA,VIC1,1,14240.05
D,RESIDUE_PRICE_OFFER,,1,A202406,C2026Q3T04,V-SA,VIC1,1,14320.05
D,RESIDUE_PRICE_OFFER,,1,A202406,C2026Q3T04,V-SA,VIC1,1,14400.05
D,RESIDUE_PRICE_OFFER,,1,A202406,C2026Q3T04,V-SA,VIC1,1,14480.05
D,RESIDUE_PRICE_OFFER,,1,A202406,C2026Q3T04,V-SA,VIC1,1,14560.05
D,RESIDUE_PRICE_OFFER,,1,A202406,C2026Q3T04,V-SA,VIC1,1,14640.05
D,RESIDUE_PRICE_OFFER,,1,A202406,C2026Q3T04,V-SA,VIC1,1,14720.05
D,RESIDUE_PRICE_OFFER,,1,A202406,C2026Q3T04,V-SA,VIC1,1,14800.05
D,RESIDUE_PRICE_OFFER,,1,A202406,C2026Q3T04,V-SA,VIC1,1,14880.05
D,RESIDUE_PRICE_OFFER,,1,A202406,C2026Q3T04,V-SA,VIC1,1,14960.05
D,RESIDUE_PRICE_OFFER,,1,A202406,C2026Q3T04,V-SA,VIC1,1,15040.05
D,RESIDUE_PRICE_OFFER,,1,A202406,C2026Q3T04,V-SA,VIC1,1,15120.05
D,RESIDUE_PRICE_OFFER,,1,A202406,C2026Q3T04,V-SA,VIC1,1,15200.05
D,RESIDUE_PRICE_OFFER,,1,A202406,C2026Q3T04,V-SA,VIC1,1,15280.05
D,RESIDUE_PRICE_OFFER,,1,A202406,C2026Q3T04,V-SA,VIC1,1,15360.05
D,RESIDUE_PRICE_OFFER,,1,A202406,C2026Q3T04,V-SA,VIC1,1,15440.05
D,RESIDUE_PRICE_OFFER,,1,A202406,C2026Q3T04,V-SA,VIC1,1,15520.05
D,RESIDUE_PRICE_OFFER,,1,A202406,C2026Q3T04,V-SA,VIC1,1,15600.05
D,RESIDUE_PRICE_OFFER,,1,A202406,C2026Q3T04,V-SA,VIC1,1,15680.05
D,RESIDUE_PRICE_OFFER,,1,A202406,C2026Q3T04,V-SA,VIC1,1,15760.05
D,RESIDUE_PRICE_OFFER,,1,A202406,C2026Q3T04,V-SA,VIC1,1,15840.05
D,RESIDUE_PRICE_OFFER,,1,A202406,C2026Q3T04,V-SA,VIC1,1,15920.05
D,RESIDUE_PRICE_OFFER,,1,A202406,C2026Q3T04,V-SA,VIC1,1,16000.05
D,RESIDUE_PRICE_OFFER,,1,A202406,C2026Q3T04,V-SA,VIC1,73,0
D,RESIDUE_PRICE_OFFER,,1,A202406,C2026Q3T04,VIC1-NSW1,NSW1,1,2500.03
D,RESIDUE_PRICE_OFFER,,1,A202406,C2026Q3T04,VIC1-NSW1,NSW1,108,0
D,RESIDUE_PRICE_OFFER,,1,A202406,C2026Q3T04,VIC1-NSW1,VIC1,1,23050.22
D,RESIDUE_PRICE_OFFER,,1,A202406,C2026Q3T04,VIC1-NSW1,VIC1,1,23100.22
D,RESIDUE_PRICE_OFFER,,1,A202406,C2026Q3T04,VIC1-NSW1,VIC1,1,23150.22
D,RESIDUE_PRICE_OFFER,,1,A202406,C2026Q3T04,VIC1-NSW1,VIC1,1,23200.22
D,RESIDUE_PRICE_OFFER,,1,A202406,C2026Q3T04,VIC1-NSW1,VIC1,1,23250.22
D,RESIDUE_PRICE_OFFER,,1,A202406,C2026Q3T04,VIC1-NSW1,VIC1,1,23300.22
D,RESIDUE_PRICE_OFFER,,1,A202406,C2026Q3T04,VIC1-NSW1,VIC1,1,23350.22
D,RESIDUE_PRICE_OFFER,,1,A202406,C2026Q3T04,VIC1-NSW1,VIC1,1,23400.22
D,RESIDUE_PRICE_OFFER,,1,A202406,C2026Q3T04,VIC1-NSW1,VIC1,1,23450.22
D,RESIDUE_PRICE_OFFER,,1,A202406,C2026Q3T04,VIC1-NSW1,VIC1,1,23500.22
D,RESIDUE_PRICE_OFFER,,1,A202406,C2026Q3T04,VIC1-NSW1,VIC1,1,23550.22
D,RESIDUE_PRICE_OFFER,,1,A202406,C2026Q3T04,VIC1-NSW1,VIC1,1,23600.22
D,RESIDUE_PRICE_OFFER,,1,A202406,C2026Q3T04,VIC1-NSW1,VIC1,1,23650.22
D,RESIDUE_PRICE_OFFER,,1,A202406,C2026Q3T04,VIC1-NSW1,VIC1,1,23700.22
D,RESIDUE_PRICE_OFFER,,1,A202406,C2026Q3T04,VIC1-NSW1,VIC1,1,23750.22
D,RESIDUE_PRICE_OFFER,,1,A202406,C2026Q3T04,VIC1-NSW1,VIC1,1,23800.22
D,RESIDUE_PRICE_OFFER,,1,A202406,C2026Q3T04,VIC1-NSW1,VIC1,1,23850.22
D,RESIDUE_PRICE_OFFER,,1,A202406,C2026Q3T04,VIC1-NSW1,VIC1,1,23900.22
D,RESIDUE_PRICE_OFFER,,1,A202406,C2026Q3T04,VIC1-NSW1,VIC1,1,23950.22
D,RESIDUE_PRICE_OFFER,,1,A202406,C2026Q3T04,VIC1-NSW1,VIC1,1,24000.22
D,RESIDUE_PRICE_OFFER,,1,A202406,C2026Q3T04,VIC1-NSW1,VIC1,2,16720
D,RESIDUE_PRICE_OFFER,,1,A202406,C2026Q3T04,VIC1-NSW1,VIC1,2,17556
D,RESIDUE_PRICE_OFFER,,1,A202406,C2026Q3T04,VIC1-NSW1,VIC1,2,18433.80
D,RESIDUE_PRICE_OFFER,,1,A202406,C2026Q3T04,VIC1-NSW1,VIC1,2,19355.49
D,RESIDUE_PRICE_OFFER,,1,A202406,C2026Q3T04,VIC1-NSW1,VIC1,2,20323.2645
D,RESIDUE_PRICE_OFFER,,1,A202406,C2026Q3T04,VIC1-NSW1,VIC1,2,21339.427730
D,RESIDUE_PRICE_OFFER,,1,A202406,C2026Q3T04,VIC1-NSW1,VIC1,2,26933.22
D,RESIDUE_PRICE_OFFER,,1,A202406,C2026Q3T04,VIC1-NSW1,VIC1,2,27866.22
D,RESIDUE_PRICE_OFFER,,1,A202406,C2026Q3T04,VIC1-NSW1,VIC1,2,28799.22
D,RESIDUE_PRICE_OFFER,,1,A202406,C2026Q3T04,VIC1-NSW1,VIC1,2,29732.22
D,RESIDUE_PRICE_OFFER,,1,A202406,C2026Q3T04,VIC1-NSW1,VIC1,2,30665.22
D,RESIDUE_PRICE_OFFER,,1,A202406,C2026Q3T04,VIC1-NSW1,VIC1,2,31598.22
D,RESIDUE_PRICE_OFFER,,1,A202406,C2026Q3T04,VIC1-NSW1,VIC1,2,32531.22
D,RESIDUE_PRICE_OFFER,,1,A202406,C2026Q3T04,VIC1-NSW1,VIC1,2,33464.22
D,RESIDUE_PRICE_OFFER,,1,A202406,C2026Q3T04,VIC1-NSW1,VIC1,2,34397.22
D,RESIDUE_PRICE_OFFER,,1,A202406,C2026Q3T04,VIC1-NSW1,VIC1,2,35330.22
D,RESIDUE_PRICE_OFFER,,1,A202406,C2026Q3T04,VIC1-NSW1,VIC1,2,36263.22
D,RESIDUE_PRICE_OFFER,,1,A202406,C2026Q3T04,VIC1-NSW1,VIC1,2,37196.22
D,RESIDUE_PRICE_OFFER,,1,A202406,C2026Q3T04,VIC1-NSW1,VIC1,2,38129.22
D,RESIDUE_PRICE_OFFER,,1,A202406,C2026Q3T04,VIC1-NSW1,VIC1,2,39062.22
D,RESIDUE_PRICE_OFFER,,1,A202406,C2026Q3T04,VIC1-NSW1,VIC1,2,39995.22
D,RESIDUE_PRICE_OFFER,,1,A202406,C2026Q3T04,VIC1-NSW1,VIC1,125,0
D,RESIDUE_PRICE_OFFER,,1,A202406,C2026Q4T03,NSW1-QLD1,NSW1,45,0
D,RESIDUE_PRICE_OFFER,,1,A202406,C2026Q4T03,NSW1-QLD1,QLD1,1,25541
D,RESIDUE_PRICE_OFFER,,1,A202406,C2026Q4T03,NSW1-QLD1,QLD1,1,25581
D,RESIDUE_PRICE_OFFER,,1,A202406,C2026Q4T03,NSW1-QLD1,QLD1,1,25621
D,RESIDUE_PRICE_OFFER,,1,A202406,C2026Q4T03,NSW1-QLD1,QLD1,1,25661
D,RESIDUE_PRICE_OFFER,,1,A202406,C2026Q4T03,NSW1-QLD1,QLD1,1,25701
D,RESIDUE_PRICE_OFFER,,1,A202406,C2026Q4T03,NSW1-QLD1,QLD1,1,25741
D,RESIDUE_PRICE_OFFER,,1,A202406,C2026Q4T03,NSW1-QLD1,QLD1,1,25781
D,RESIDUE_PRICE_OFFER,,1,A202406,C2026Q4T03,NSW1-QLD1,QLD1,1,25821
D,RESIDUE_PRICE_OFFER,,1,A202406,C2026Q4T03,NSW1-QLD1,QLD1,1,25861
D,RESIDUE_PRICE_OFFER,,1,A202406,C2026Q4T03,NSW1-QLD1,QLD1,1,25901
D,RESIDUE_PRICE_OFFER,,1,A202406,C2026Q4T03,NSW1-QLD1,QLD1,1,25941
D,RESIDUE_PRICE_OFFER,,1,A202406,C2026Q4T03,NSW1-QLD1,QLD1,1,25981
D,RESIDUE_PRICE_OFFER,,1,A202406,C2026Q4T03,NSW1-QLD1,QLD1,1,26021
D,RESIDUE_PRICE_OFFER,,1,A202406,C2026Q4T03,NSW1-QLD1,QLD1,1,26061
D,RESIDUE_PRICE_OFFER,,1,A202406,C2026Q4T03,NSW1-QLD1,QLD1,1,26101
D,RESIDUE_PRICE_OFFER,,1,A202406,C2026Q4T03,NSW1-QLD1,QLD1,1,26141
D,RESIDUE_PRICE_OFFER,,1,A202406,C2026Q4T03,NSW1-QLD1,QLD1,1,26181
D,RESIDUE_PRICE_OFFER,,1,A202406,C2026Q4T03,NSW1-QLD1,QLD1,1,26221
D,RESIDUE_PRICE_OFFER,,1,A202406,C2026Q4T03,NSW1-QLD1,QLD1,1,26261
D,RESIDUE_PRICE_OFFER,,1,A202406,C2026Q4T03,NSW1-QLD1,QLD1,1,26301
D,RESIDUE_PRICE_OFFER,,1,A202406,C2026Q4T03,NSW1-QLD1,QLD1,1,26341
D,RESIDUE_PRICE_OFFER,,1,A202406,C2026Q4T03,NSW1-QLD1,QLD1,1,26381
D,RESIDUE_PRICE_OFFER,,1,A202406,C2026Q4T03,NSW1-QLD1,QLD1,1,26421
D,RESIDUE_PRICE_OFFER,,1,A202406,C2026Q4T03,NSW1-QLD1,QLD1,1,26461
D,RESIDUE_PRICE_OFFER,,1,A202406,C2026Q4T03,NSW1-QLD1,QLD1,1,26501
D,RESIDUE_PRICE_OFFER,,1,A202406,C2026Q4T03,NSW1-QLD1,QLD1,5,29801
D,RESIDUE_PRICE_OFFER,,1,A202406,C2026Q4T03,NSW1-QLD1,QLD1,5,31601
D,RESIDUE_PRICE_OFFER,,1,A202406,C2026Q4T03,NSW1-QLD1,QLD1,5,33401
D,RESIDUE_PRICE_OFFER,,1,A202406,C2026Q4T03,NSW1-QLD1,QLD1,5,35201
D,RESIDUE_PRICE_OFFER,,1,A202406,C2026Q4T03,NSW1-QLD1,QLD1,5,37001
D,RESIDUE_PRICE_OFFER,,1,A202406,C2026Q4T03,NSW1-QLD1,QLD1,100,0
D,RESIDUE_PRICE_OFFER,,1,A202406,C2026Q4T03,V-SA,SA1,1,5083.78
D,RESIDUE_PRICE_OFFER,,1,A202406,C2026Q4T03,V-SA,SA1,1,5166.78
D,RESIDUE_PRICE_OFFER,,1,A202406,C2026Q4T03,V-SA,SA1,1,5249.78
D,RESIDUE_PRICE_OFFER,,1,A202406,C2026Q4T03,V-SA,SA1,1,5332.78
D,RESIDUE_PRICE_OFFER,,1,A202406,C2026Q4T03,V-SA,SA1,1,5415.78
D,RESIDUE_PRICE_OFFER,,1,A202406,C2026Q4T03,V-SA,SA1,1,5498.78
D,RESIDUE_PRICE_OFFER,,1,A202406,C2026Q4T03,V-SA,SA1,64,0
D,RESIDUE_PRICE_OFFER,,1,A202406,C2026Q4T03,V-SA,VIC1,1,14035.05
D,RESIDUE_PRICE_OFFER,,1,A202406,C2026Q4T03,V-SA,VIC1,1,14070.05
D,RESIDUE_PRICE_OFFER,,1,A202406,C2026Q4T03,V-SA,VIC1,1,14105.05
D,RESIDUE_PRICE_OFFER,,1,A202406,C2026Q4T03,V-SA,VIC1,1,14140.05
D,RESIDUE_PRICE_OFFER,,1,A202406,C2026Q4T03,V-SA,VIC1,1,14175.05
D,RESIDUE_PRICE_OFFER,,1,A202406,C2026Q4T03,V-SA,VIC1,1,14210.05
D,RESIDUE_PRICE_OFFER,,1,A202406,C2026Q4T03,V-SA,VIC1,1,14245.05
D,RESIDUE_PRICE_OFFER,,1,A202406,C2026Q4T03,V-SA,VIC1,1,14280.05
D,RESIDUE_PRICE_OFFER,,1,A202406,C2026Q4T03,V-SA,VIC1,1,14315.05
D,RESIDUE_PRICE_OFFER,,1,A202406,C2026Q4T03,V-SA,VIC1,1,14350.05
D,RESIDUE_PRICE_OFFER,,1,A202406,C2026Q4T03,V-SA,VIC1,1,14385.05
D,RESIDUE_PRICE_OFFER,,1,A202406,C2026Q4T03,V-SA,VIC1,1,14420.05
D,RESIDUE_PRICE_OFFER,,1,A202406,C2026Q4T03,V-SA,VIC1,1,14455.05
D,RESIDUE_PRICE_OFFER,,1,A202406,C2026Q4T03,V-SA,VIC1,1,14490.05
D,RESIDUE_PRICE_OFFER,,1,A202406,C2026Q4T03,V-SA,VIC1,73,0
D,RESIDUE_PRICE_OFFER,,1,A202406,C2026Q4T03,VIC1-NSW1,NSW1,108,0
D,RESIDUE_PRICE_OFFER,,1,A202406,C2026Q4T03,VIC1-NSW1,VIC1,2,17066.22
D,RESIDUE_PRICE_OFFER,,1,A202406,C2026Q4T03,VIC1-NSW1,VIC1,2,17132.22
D,RESIDUE_PRICE_OFFER,,1,A202406,C2026Q4T03,VIC1-NSW1,VIC1,2,17198.22
D,RESIDUE_PRICE_OFFER,,1,A202406,C2026Q4T03,VIC1-NSW1,VIC1,2,17264.22
D,RESIDUE_PRICE_OFFER,,1,A202406,C2026Q4T03,VIC1-NSW1,VIC1,2,17330.22
D,RESIDUE_PRICE_OFFER,,1,A202406,C2026Q4T03,VIC1-NSW1,VIC1,2,17396.22
D,RESIDUE_PRICE_OFFER,,1,A202406,C2026Q4T03,VIC1-NSW1,VIC1,2,17462.22
D,RESIDUE_PRICE_OFFER,,1,A202406,C2026Q4T03,VIC1-NSW1,VIC1,2,17528.22
D,RESIDUE_PRICE_OFFER,,1,A202406,C2026Q4T03,VIC1-NSW1,VIC1,2,17594.22
D,RESIDUE_PRICE_OFFER,,1,A202406,C2026Q4T03,VIC1-NSW1,VIC1,2,17660.22
D,RESIDUE_PRICE_OFFER,,1,A202406,C2026Q4T03,VIC1-NSW1,VIC1,2,17726.22
D,RESIDUE_PRICE_OFFER,,1,A202406,C2026Q4T03,VIC1-NSW1,VIC1,2,17792.22
D,RESIDUE_PRICE_OFFER,,1,A202406,C2026Q4T03,VIC1-NSW1,VIC1,2,17858.22
D,RESIDUE_PRICE_OFFER,,1,A202406,C2026Q4T03,VIC1-NSW1,VIC1,2,17924.22
D,RESIDUE_PRICE_OFFER,,1,A202406,C2026Q4T03,VIC1-NSW1,VIC1,2,17990.22
D,RESIDUE_PRICE_OFFER,,1,A202406,C2026Q4T03,VIC1-NSW1,VIC1,125,0
D,RESIDUE_PRICE_OFFER,,1,A202406,C2027Q1T02,NSW1-QLD1,NSW1,45,0
D,RESIDUE_PRICE_OFFER,,1,A202406,C2027Q1T02,NSW1-QLD1,QLD1,1,28101
D,RESIDUE_PRICE_OFFER,,1,A202406,C2027Q1T02,NSW1-QLD1,QLD1,1,28201
D,RESIDUE_PRICE_OFFER,,1,A202406,C2027Q1T02,NSW1-QLD1,QLD1,1,28301
D,RESIDUE_PRICE_OFFER,,1,A202406,C2027Q1T02,NSW1-QLD1,QLD1,1,28401
D,RESIDUE_PRICE_OFFER,,1,A202406,C2027Q1T02,NSW1-QLD1,QLD1,1,28501
D,RESIDUE_PRICE_OFFER,,1,A202406,C2027Q1T02,NSW1-QLD1,QLD1,1,28601
D,RESIDUE_PRICE_OFFER,,1,A202406,C2027Q1T02,NSW1-QLD1,QLD1,1,28701
D,RESIDUE_PRICE_OFFER,,1,A202406,C2027Q1T02,NSW1-QLD1,QLD1,1,28801
D,RESIDUE_PRICE_OFFER,,1,A202406,C2027Q1T02,NSW1-QLD1,QLD1,1,28901
D,RESIDUE_PRICE_OFFER,,1,A202406,C2027Q1T02,NSW1-QLD1,QLD1,1,29001
D,RESIDUE_PRICE_OFFER,,1,A202406,C2027Q1T02,NSW1-QLD1,QLD1,1,29101
D,RESIDUE_PRICE_OFFER,,1,A202406,C2027Q1T02,NSW1-QLD1,QLD1,1,29201
D,RESIDUE_PRICE_OFFER,,1,A202406,C2027Q1T02,NSW1-QLD1,QLD1,1,29301
D,RESIDUE_PRICE_OFFER,,1,A202406,C2027Q1T02,NSW1-QLD1,QLD1,1,29401
D,RESIDUE_PRICE_OFFER,,1,A202406,C2027Q1T02,NSW1-QLD1,QLD1,1,29501
D,RESIDUE_PRICE_OFFER,,1,A202406,C2027Q1T02,NSW1-QLD1,QLD1,1,29601
D,RESIDUE_PRICE_OFFER,,1,A202406,C2027Q1T02,NSW1-QLD1,QLD1,1,29701
D,RESIDUE_PRICE_OFFER,,1,A202406,C2027Q1T02,NSW1-QLD1,QLD1,1,29801
D,RESIDUE_PRICE_OFFER,,1,A202406,C2027Q1T02,NSW1-QLD1,QLD1,1,29901
D,RESIDUE_PRICE_OFFER,,1,A202406,C2027Q1T02,NSW1-QLD1,QLD1,1,30001
D,RESIDUE_PRICE_OFFER,,1,A202406,C2027Q1T02,NSW1-QLD1,QLD1,100,0
D,RESIDUE_PRICE_OFFER,,1,A202406,C2027Q1T02,V-SA,SA1,1,7500.78
D,RESIDUE_PRICE_OFFER,,1,A202406,C2027Q1T02,V-SA,SA1,64,0
D,RESIDUE_PRICE_OFFER,,1,A202406,C2027Q1T02,V-SA,VIC1,13,30000.05
D,RESIDUE_PRICE_OFFER,,1,A202406,C2027Q1T02,V-SA,VIC1,73,0
D,RESIDUE_PRICE_OFFER,,1,A202406,C2027Q1T02,VIC1-NSW1,NSW1,1,6066.03
D,RESIDUE_PRICE_OFFER,,1,A202406,C2027Q1T02,VIC1-NSW1,NSW1,1,6132.03
D,RESIDUE_PRICE_OFFER,,1,A202406,C2027Q1T02,VIC1-NSW1,NSW1,1,6198.03
D,RESIDUE_PRICE_OFFER,,1,A202406,C2027Q1T02,VIC1-NSW1,NSW1,1,6264.03
D,RESIDUE_PRICE_OFFER,,1,A202406,C2027Q1T02,VIC1-NSW1,NSW1,1,6330.03
D,RESIDUE_PRICE_OFFER,,1,A202406,C2027Q1T02,VIC1-NSW1,NSW1,1,6396.03
D,RESIDUE_PRICE_OFFER,,1,A202406,C2027Q1T02,VIC1-NSW1,NSW1,1,6462.03
D,RESIDUE_PRICE_OFFER,,1,A202406,C2027Q1T02,VIC1-NSW1,NSW1,1,6528.03
D,RESIDUE_PRICE_OFFER,,1,A202406,C2027Q1T02,VIC1-NSW1,NSW1,1,6594.03
D,RESIDUE_PRICE_OFFER,,1,A202406,C2027Q1T02,VIC1-NSW1,NSW1,1,6660.03
D,RESIDUE_PRICE_OFFER,,1,A202406,C2027Q1T02,VIC1-NSW1,NSW1,1,6726.03
D,RESIDUE_PRICE_OFFER,,1,A202406,C2027Q1T02,VIC1-NSW1,NSW1,1,6792.03
D,RESIDUE_PRICE_OFFER,,1,A202406,C2027Q1T02,VIC1-NSW1,NSW1,1,6858.03
D,RESIDUE_PRICE_OFFER,,1,A202406,C2027Q1T02,VIC1-NSW1,NSW1,1,6924.03
D,RESIDUE_PRICE_OFFER,,1,A202406,C2027Q1T02,VIC1-NSW1,NSW1,1,6990.03
D,RESIDUE_PRICE_OFFER,,1,A202406,C2027Q1T02,VIC1-NSW1,NSW1,108,0
D,RESIDUE_PRICE_OFFER,,1,A202406,C2027Q1T02,VIC1-NSW1,VIC1,2,19222.22
D,RESIDUE_PRICE_OFFER,,1,A202406,C2027Q1T02,VIC1-NSW1,VIC1,2,19444.22
D,RESIDUE_PRICE_OFFER,,1,A202406,C2027Q1T02,VIC1-NSW1,VIC1,2,19666.22
D,RESIDUE_PRICE_OFFER,,1,A202406,C2027Q1T02,VIC1-NSW1,VIC1,2,19888.22
D,RESIDUE_PRICE_OFFER,,1,A202406,C2027Q1T02,VIC1-NSW1,VIC1,2,20110.22
D,RESIDUE_PRICE_OFFER,,1,A202406,C2027Q1T02,VIC1-NSW1,VIC1,2,20332.22
D,RESIDUE_PRICE_OFFER,,1,A202406,C2027Q1T02,VIC1-NSW1,VIC1,2,20554.22
D,RESIDUE_PRICE_OFFER,,1,A202406,C2027Q1T02,VIC1-NSW1,VIC1,2,20776.22
D,RESIDUE_PRICE_OFFER,,1,A202406,C2027Q1T02,VIC1-NSW1,VIC1,2,20998.22
D,RESIDUE_PRICE_OFFER,,1,A202406,C2027Q1T02,VIC1-NSW1,VIC1,125,0
D,RESIDUE_PRICE_OFFER,,1,A202406,C2027Q2T01,NSW1-QLD1,NSW1,62,0
D,RESIDUE_PRICE_OFFER,,1,A202406,C2027Q2T01,NSW1-QLD1,QLD1,108,0
D,RESIDUE_PRICE_OFFER,,1,A202406,C2027Q2T01,V-SA,SA1,64,0
D,RESIDUE_PRICE_OFFER,,1,A202406,C2027Q2T01,V-SA,VIC1,73,0
D,RESIDUE_PRICE_OFFER,,1,A202406,C2027Q2T01,VIC1-NSW1,NSW1,108,0
D,RESIDUE_PRICE_OFFER,,1,A202406,C2027Q2T01,VIC1-NSW1,VIC1,125,0
C,"END OF REPORT",1772
