C,NEMP.WORLD,SROFFER,AEMO,PUBLIC,2024/12/16,14:18:39,0000000443573031,,0000000443573031
I,RESIDUE_PRICE_OFFER,,1,:AUCTIONID,TRANCHEID,INTERCONNECTORID,FROMREGIONID,OFFERUNITS,OFFERPRICE
D,RESIDUE_PRICE_OFFER,,1,A202412,C2025Q1T12,NSW1-QLD1,NSW1,1,28756
D,RESIDUE_PRICE_OFFER,,1,A202412,C2025Q1T12,NSW1-QLD1,NSW1,2,30768.92
D,RESIDUE_PRICE_OFFER,,1,A202412,C2025Q1T12,NSW1-QLD1,NSW1,2,32922.7444
D,RESIDUE_PRICE_OFFER,,1,A202412,C2025Q1T12,NSW1-QLD1,NSW1,2,35227.336510
D,RESIDUE_PRICE_OFFER,,1,A202412,C2025Q1T12,NSW1-QLD1,NSW1,2,37693.250060
D,RESIDUE_PRICE_OFFER,,1,A202412,C2025Q1T12,NSW1-QLD1,NSW1,2,40331.777570
D,RESIDUE_PRICE_OFFER,,1,A202412,C2025Q1T12,NSW1-QLD1,NSW1,38,35000
D,RESIDUE_PRICE_OFFER,,1,A202412,C2025Q1T12,NSW1-QLD1,NSW1,55,0
D,RESIDUE_PRICE_OFFER,,1,A202412,C2025Q1T12,NSW1-QLD1,QLD1,1,33680.51
D,RESIDUE_PRICE_OFFER,,1,A202412,C2025Q1T12,NSW1-QLD1,QLD1,1,34360.51
D,RESIDUE_PRICE_OFFER,,1,A202412,C2025Q1T12,NSW1-QLD1,QLD1,1,35040.51
D,RESIDUE_PRICE_OFFER,,1,A202412,C2025Q1T12,NSW1-QLD1,QLD1,1,35720.51
D,RESIDUE_PRICE_OFFER,,1,A202412,C2025Q1T12,NSW1-QLD1,QLD1,1,36400.51
D,RESIDUE_PRICE_OFFER,,1,A202412,C2025Q1T12,NSW1-QLD1,QLD1,1,37080.51
D,RESIDUE_PRICE_OFFER,,1,A202412,C2025Q1T12,NSW1-QLD1,QLD1,1,37760.51
D,RESIDUE_PRICE_OFFER,,1,A202412,C2025Q1T12,NSW1-QLD1,QLD1,1,38440.51
D,RESIDUE_PRICE_OFFER,,1,A202412,C2025Q1T12,NSW1-QLD1,QLD1,1,39120.51
D,RESIDUE_PRICE_OFFER,,1,A202412,C2025Q1T12,NSW1-QLD1,QLD1,1,39800.51
D,RESIDUE_PRICE_OFFER,,1,A202412,C2025Q1T12,NSW1-QLD1,QLD1,1,40480.51
D,RESIDUE_PRICE_OFFER,,1,A202412,C2025Q1T12,NSW1-QLD1,QLD1,1,41160.51
D,RESIDUE_PRICE_OFFER,,1,A202412,C2025Q1T12,NSW1-QLD1,QLD1,1,41840.51
D,RESIDUE_PRICE_OFFER,,1,A202412,C2025Q1T12,NSW1-QLD1,QLD1,1,42520.51
D,RESIDUE_PRICE_OFFER,,1,A202412,C2025Q1T12,NSW1-QLD1,QLD1,1,43200.51
D,RESIDUE_PRICE_OFFER,,1,A202412,C2025Q1T12,NSW1-QLD1,QLD1,1,43880.51
D,RESIDUE_PRICE_OFFER,,1,A202412,C2025Q1T12,NSW1-QLD1,QLD1,1,44560.51
D,RESIDUE_PRICE_OFFER,,1,A202412,C2025Q1T12,NSW1-QLD1,QLD1,1,45240.51
D,RESIDUE_PRICE_OFFER,,1,A202412,C2025Q1T12,NSW1-QLD1,QLD1,1,45920.51
D,RESIDUE_PRICE_OFFER,,1,A202412,C2025Q1T12,NSW1-QLD1,QLD1,1,46600.51
D,RESIDUE_PRICE_OFFER,,1,A202412,C2025Q1T12,NSW1-QLD1,QLD1,1,47280.51
D,RESIDUE_PRICE_OFFER,,1,A202412,C2025Q1T12,NSW1-QLD1,QLD1,1,47960.51
D,RESIDUE_PRICE_OFFER,,1,A202412,C2025Q1T12,NSW1-QLD1,QLD1,1,48640.51
D,RESIDUE_PRICE_OFFER,,1,A202412,C2025Q1T12,NSW1-QLD1,QLD1,1,49320.51
D,RESIDUE_PRICE_OFFER,,1,A202412,C2025Q1T12,NSW1-QLD1,QLD1,1,50000.51
D,RESIDUE_PRICE_OFFER,,1,A202412,C2025Q1T12,NSW1-QLD1,QLD1,2,27647.4785
D,RESIDUE_PRICE_OFFER,,1,A202412,C2025Q1T12,NSW1-QLD1,QLD1,2,33100.51
D,RESIDUE_PRICE_OFFER,,1,A202412,C2025Q1T12,NSW1-QLD1,QLD1,2,33200.51
D,RESIDUE_PRICE_OFFER,,1,A202412,C2025Q1T12,NSW1-QLD1,QLD1,2,33300.51
D,RESIDUE_PRICE_OFFER,,1,A202412,C2025Q1T12,NSW1-QLD1,QLD1,2,33400.51
D,RESIDUE_PRICE_OFFER,,1,A202412,C2025Q1T12,NSW1-QLD1,QLD1,2,33500.51
D,RESIDUE_PRICE_OFFER,,1,A202412,C2025Q1T12,NSW1-QLD1,QLD1,2,33600.51
D,RESIDUE_PRICE_OFFER,,1,A202412,C2025Q1T12,NSW1-QLD1,QLD1,2,33700.51
D,RESIDUE_PRICE_OFFER,,1,A202412,C2025Q1T12,NSW1-QLD1,QLD1,2,33800.51
D,RESIDUE_PRICE_OFFER,,1,A202412,C2025Q1T12,NSW1-QLD1,QLD1,2,33900.51
D,RESIDUE_PRICE_OFFER,,1,A202412,C2025Q1T12,NSW1-QLD1,QLD1,2,34000.51
D,RESIDUE_PRICE_OFFER,,1,A202412,C2025Q1T12,NSW1-QLD1,QLD1,3,28753.377640
D,RESIDUE_PRICE_OFFER,,1,A202412,C2025Q1T12,NSW1-QLD1,QLD1,3,29903.512750
D,RESIDUE_PRICE_OFFER,,1,A202412,C2025Q1T12,NSW1-QLD1,QLD1,3,31099.653260
D,RESIDUE_PRICE_OFFER,,1,A202412,C2025Q1T12,NSW1-QLD1,QLD1,3,32343.639390
D,RESIDUE_PRICE_OFFER,,1,A202412,C2025Q1T12,NSW1-QLD1,QLD1,3,33637.384960
D,RESIDUE_PRICE_OFFER,,1,A202412,C2025Q1T12,NSW1-QLD1,QLD1,4,24000
D,RESIDUE_PRICE_OFFER,,1,A202412,C2025Q1T12,NSW1-QLD1,QLD1,100,0
D,RESIDUE_PRICE_OFFER,,1,A202412,C2025Q1T12,V-SA,SA1,2,7128.50
D,RESIDUE_PRICE_OFFER,,1,A202412,C2025Q1T12,V-SA,SA1,2,7484.9250
D,RESIDUE_PRICE_OFFER,,1,A202412,C2025Q1T12,V-SA,SA1,3,8233.4175
D,RESIDUE_PRICE_OFFER,,1,A202412,C2025Q1T12,V-SA,SA1,3,9056.759240
D,RESIDUE_PRICE_OFFER,,1,A202412,C2025Q1T12,V-SA,SA1,3,9962.435170
D,RESIDUE_PRICE_OFFER,,1,A202412,C2025Q1T12,V-SA,SA1,3,10958.678690
D,RESIDUE_PRICE_OFFER,,1,A202412,C2025Q1T12,V-SA,SA1,11,8838
D,RESIDUE_PRICE_OFFER,,1,A202412,C2025Q1T12,V-SA,SA1,40,16000
D,RESIDUE_PRICE_OFFER,,1,A202412,C2025Q1T12,V-SA,SA1,66,0
D,RESIDUE_PRICE_OFFER,,1,A202412,C2025Q1T12,V-SA,VIC1,1,27325.37
D,RESIDUE_PRICE_OFFER,,1,A202412,C2025Q1T12,V-SA,VIC1,1,27400.37
D,RESIDUE_PRICE_OFFER,,1,A202412,C2025Q1T12,V-SA,VIC1,1,27475.37
D,RESIDUE_PRICE_OFFER,,1,A202412,C2025Q1T12,V-SA,VIC1,1,27550.37
D,RESIDUE_PRICE_OFFER,,1,A202412,C2025Q1T12,V-SA,VIC1,1,27625.37
D,RESIDUE_PRICE_OFFER,,1,A202412,C2025Q1T12,V-SA,VIC1,1,27700.37
D,RESIDUE_PRICE_OFFER,,1,A202412,C2025Q1T12,V-SA,VIC1,1,27775.37
D,RESIDUE_PRICE_OFFER,,1,A202412,C2025Q1T12,V-SA,VIC1,1,27850.37
D,RESIDUE_PRICE_OFFER,,1,A202412,C2025Q1T12,V-SA,VIC1,1,27925.37
D,RESIDUE_PRICE_OFFER,,1,A202412,C2025Q1T12,V-SA,VIC1,1,28000.37
D,RESIDUE_PRICE_OFFER,,1,A202412,C2025Q1T12,V-SA,VIC1,2,29022.30
D,RESIDUE_PRICE_OFFER,,1,A202412,C2025Q1T12,V-SA,VIC1,2,29892.9690
D,RESIDUE_PRICE_OFFER,,1,A202412,C2025Q1T12,V-SA,VIC1,2,30789.758070
D,RESIDUE_PRICE_OFFER,,1,A202412,C2025Q1T12,V-SA,VIC1,4,31713.450810
D,RESIDUE_PRICE_OFFER,,1,A202412,C2025Q1T12,V-SA,VIC1,4,32664.854340
D,RESIDUE_PRICE_OFFER,,1,A202412,C2025Q1T12,V-SA,VIC1,4,33644.799970
D,RESIDUE_PRICE_OFFER,,1,A202412,C2025Q1T12,V-SA,VIC1,17,25926
D,RESIDUE_PRICE_OFFER,,1,A202412,C2025Q1T12,V-SA,VIC1,77,0
D,RESIDUE_PRICE_OFFER,,1,A202412,C2025Q1T12,VIC1-NSW1,NSW1,1,8290.93
D,RESIDUE_PRICE_OFFER,,1,A202412,C2025Q1T12,VIC1-NSW1,NSW1,1,8330.93
D,RESIDUE_PRICE_OFFER,,1,A202412,C2025Q1T12,VIC1-NSW1,NSW1,1,8370.93
D,RESIDUE_PRICE_OFFER,,1,A202412,C2025Q1T12,VIC1-NSW1,NSW1,1,8410.93
D,RESIDUE_PRICE_OFFER,,1,A202412,C2025Q1T12,VIC1-NSW1,NSW1,1,8450.93
D,RESIDUE_PRICE_OFFER,,1,A202412,C2025Q1T12,VIC1-NSW1,NSW1,1,8490.93
D,RESIDUE_PRICE_OFFER,,1,A202412,C2025Q1T12,VIC1-NSW1,NSW1,1,8530.93
D,RESIDUE_PRICE_OFFER,,1,A202412,C2025Q1T12,VIC1-NSW1,NSW1,1,8570.93
D,RESIDUE_PRICE_OFFER,,1,A202412,C2025Q1T12,VIC1-NSW1,NSW1,1,8610.93
D,RESIDUE_PRICE_OFFER,,1,A202412,C2025Q1T12,VIC1-NSW1,NSW1,1,8650.93
D,RESIDUE_PRICE_OFFER,,1,A202412,C2025Q1T12,VIC1-NSW1,NSW1,1,8690.93
D,RESIDUE_PRICE_OFFER,,1,A202412,C2025Q1T12,VIC1-NSW1,NSW1,1,8730.93
D,RESIDUE_PRICE_OFFER,,1,A202412,C2025Q1T12,VIC1-NSW1,NSW1,1,8770.93
D,RESIDUE_PRICE_OFFER,,1,A202412,C2025Q1T12,VIC1-NSW1,NSW1,1,8810.93
D,RESIDUE_PRICE_OFFER,,1,A202412,C2025Q1T12,VIC1-NSW1,NSW1,1,8850.93
D,RESIDUE_PRICE_OFFER,,1,A202412,C2025Q1T12,VIC1-NSW1,NSW1,1,8890.93
D,RESIDUE_PRICE_OFFER,,1,A202412,C2025Q1T12,VIC1-NSW1,NSW1,1,8930.93
D,RESIDUE_PRICE_OFFER,,1,A202412,C2025Q1T12,VIC1-NSW1,NSW1,1,8970.93
D,RESIDUE_PRICE_OFFER,,1,A202412,C2025Q1T12,VIC1-NSW1,NSW1,1,9010.93
D,RESIDUE_PRICE_OFFER,,1,A202412,C2025Q1T12,VIC1-NSW1,NSW1,1,9050.93
D,RESIDUE_PRICE_OFFER,,1,A202412,C2025Q1T12,VIC1-NSW1,NSW1,1,9090.93
D,RESIDUE_PRICE_OFFER,,1,A202412,C2025Q1T12,VIC1-NSW1,NSW1,1,9130.93
D,RESIDUE_PRICE_OFFER,,1,A202412,C2025Q1T12,VIC1-NSW1,NSW1,1,9170.93
D,RESIDUE_PRICE_OFFER,,1,A202412,C2025Q1T12,VIC1-NSW1,NSW1,1,9210.93
D,RESIDUE_PRICE_OFFER,,1,A202412,C2025Q1T12,VIC1-NSW1,NSW1,1,9250.93
D,RESIDUE_PRICE_OFFER,,1,A202412,C2025Q1T12,VIC1-NSW1,NSW1,2,7000.6356
D,RESIDUE_PRICE_OFFER,,1,A202412,C2025Q1T12,VIC1-NSW1,NSW1,2,7350.667380
D,RESIDUE_PRICE_OFFER,,1,A202412,C2025Q1T12,VIC1-NSW1,NSW1,2,7718.200740
D,RESIDUE_PRICE_OFFER,,1,A202412,C2025Q1T12,VIC1-NSW1,NSW1,2,8104.110780
D,RESIDUE_PRICE_OFFER,,1,A202412,C2025Q1T12,VIC1-NSW1,NSW1,2,8509.316320
D,RESIDUE_PRICE_OFFER,,1,A202412,C2025Q1T12,VIC1-NSW1,NSW1,2,8934.782140
D,RESIDUE_PRICE_OFFER,,1,A202412,C2025Q1T12,VIC1-NSW1,NSW1,4,6471
D,RESIDUE_PRICE_OFFER,,1,A202412,C2025Q1T12,VIC1-NSW1,NSW1,4,7471
D,RESIDUE_PRICE_OFFER,,1,A202412,C2025Q1T12,VIC1-NSW1,NSW1,112,0
D,RESIDUE_PRICE_OFFER,,1,A202412,C2025Q1T12,VIC1-NSW1,NSW1,144,15000
D,RESIDUE_PRICE_OFFER,,1,A202412,C2025Q1T12,VIC1-NSW1,VIC1,1,25040.94
D,RESIDUE_PRICE_OFFER,,1,A202412,C2025Q1T12,VIC1-NSW1,VIC1,1,25080.94
D,RESIDUE_PRICE_OFFER,,1,A202412,C2025Q1T12,VIC1-NSW1,VIC1,1,25120.94
D,RESIDUE_PRICE_OFFER,,1,A202412,C2025Q1T12,VIC1-NSW1,VIC1,1,25160.94
D,RESIDUE_PRICE_OFFER,,1,A202412,C2025Q1T12,VIC1-NSW1,VIC1,1,25200.94
D,RESIDUE_PRICE_OFFER,,1,A202412,C2025Q1T12,VIC1-NSW1,VIC1,1,25240.94
D,RESIDUE_PRICE_OFFER,,1,A202412,C2025Q1T12,VIC1-NSW1,VIC1,1,25280.94
D,RESIDUE_PRICE_OFFER,,1,A202412,C2025Q1T12,VIC1-NSW1,VIC1,1,25320.94
D,RESIDUE_PRICE_OFFER,,1,A202412,C2025Q1T12,VIC1-NSW1,VIC1,1,25360.94
D,RESIDUE_PRICE_OFFER,,1,A202412,C2025Q1T12,VIC1-NSW1,VIC1,1,25400.94
D,RESIDUE_PRICE_OFFER,,1,A202412,C2025Q1T12,VIC1-NSW1,VIC1,1,25440.94
D,RESIDUE_PRICE_OFFER,,1,A202412,C2025Q1T12,VIC1-NSW1,VIC1,1,25480.94
D,RESIDUE_PRICE_OFFER,,1,A202412,C2025Q1T12,VIC1-NSW1,VIC1,1,25520.94
D,RESIDUE_PRICE_OFFER,,1,A202412,C2025Q1T12,VIC1-NSW1,VIC1,1,25560.94
D,RESIDUE_PRICE_OFFER,,1,A202412,C2025Q1T12,VIC1-NSW1,VIC1,1,25600.94
D,RESIDUE_PRICE_OFFER,,1,A202412,C2025Q1T12,VIC1-NSW1,VIC1,1,25640.94
D,RESIDUE_PRICE_OFFER,,1,A202412,C2025Q1T12,VIC1-NSW1,VIC1,1,25680.94
D,RESIDUE_PRICE_OFFER,,1,A202412,C2025Q1T12,VIC1-NSW1,VIC1,1,25720.94
D,RESIDUE_PRICE_OFFER,,1,A202412,C2025Q1T12,VIC1-NSW1,VIC1,1,25760.94
D,RESIDUE_PRICE_OFFER,,1,A202412,C2025Q1T12,VIC1-NSW1,VIC1,1,25800.94
D,RESIDUE_PRICE_OFFER,,1,A202412,C2025Q1T12,VIC1-NSW1,VIC1,1,25840.94
D,RESIDUE_PRICE_OFFER,,1,A202412,C2025Q1T12,VIC1-NSW1,VIC1,1,25880.94
D,RESIDUE_PRICE_OFFER,,1,A202412,C2025Q1T12,VIC1-NSW1,VIC1,1,25920.94
D,RESIDUE_PRICE_OFFER,,1,A202412,C2025Q1T12,VIC1-NSW1,VIC1,1,25960.94
D,RESIDUE_PRICE_OFFER,,1,A202412,C2025Q1T12,VIC1-NSW1,VIC1,1,26000.94
D,RESIDUE_PRICE_OFFER,,1,A202412,C2025Q1T12,VIC1-NSW1,VIC1,5,21666
D,RESIDUE_PRICE_OFFER,,1,A202412,C2025Q1T12,VIC1-NSW1,VIC1,5,28300.94
D,RESIDUE_PRICE_OFFER,,1,A202412,C2025Q1T12,VIC1-NSW1,VIC1,5,29600.94
D,RESIDUE_PRICE_OFFER,,1,A202412,C2025Q1T12,VIC1-NSW1,VIC1,5,30900.94
D,RESIDUE_PRICE_OFFER,,1,A202412,C2025Q1T12,VIC1-NSW1,VIC1,5,32200.94
D,RESIDUE_PRICE_OFFER,,1,A202412,C2025Q1T12,VIC1-NSW1,VIC1,5,33500.94
D,RESIDUE_PRICE_OFFER,,1,A202412,C2025Q1T12,VIC1-NSW1,VIC1,5,34800.94
D,RESIDUE_PRICE_OFFER,,1,A202412,C2025Q1T12,VIC1-NSW1,VIC1,5,36100.94
D,RESIDUE_PRICE_OFFER,,1,A202412,C2025Q1T12,VIC1-NSW1,VIC1,5,37400.94
D,RESIDUE_PRICE_OFFER,,1,A202412,C2025Q1T12,VIC1-NSW1,VIC1,5,38700.94
D,RESIDUE_PRICE_OFFER,,1,A202412,C2025Q1T12,VIC1-NSW1,VIC1,5,40000.94
D,RESIDUE_PRICE_OFFER,,1,A202412,C2025Q1T12,VIC1-NSW1,VIC1,14,55889
D,RESIDUE_PRICE_OFFER,,1,A202412,C2025Q1T12,VIC1-NSW1,VIC1,125,0
D,RESIDUE_PRICE_OFFER,,1,A202412,C2025Q2T11,NSW1-QLD1,NSW1,1,6345.4670
D,RESIDUE_PRICE_OFFER,,1,A202412,C2025Q2T11,NSW1-QLD1,NSW1,1,6662.740350
D,RESIDUE_PRICE_OFFER,,1,A202412,C2025Q2T11,NSW1-QLD1,NSW1,1,6995.877360
D,RESIDUE_PRICE_OFFER,,1,A202412,C2025Q2T11,NSW1-QLD1,NSW1,1,7345.671230
D,RESIDUE_PRICE_OFFER,,1,A202412,C2025Q2T11,NSW1-QLD1,NSW1,1,7712.954790
D,RESIDUE_PRICE_OFFER,,1,A202412,C2025Q2T11,NSW1-QLD1,NSW1,1,8098.602530
D,RESIDUE_PRICE_OFFER,,1,A202412,C2025Q2T11,NSW1-QLD1,NSW1,5,9813
D,RESIDUE_PRICE_OFFER,,1,A202412,C2025Q2T11,NSW1-QLD1,NSW1,10,7500.89
D,RESIDUE_PRICE_OFFER,,1,A202412,C2025Q2T11,NSW1-QLD1,NSW1,45,0
D,RESIDUE_PRICE_OFFER,,1,A202412,C2025Q2T11,NSW1-QLD1,QLD1,1,40100.51
D,RESIDUE_PRICE_OFFER,,1,A202412,C2025Q2T11,NSW1-QLD1,QLD1,1,40200.51
D,RESIDUE_PRICE_OFFER,,1,A202412,C2025Q2T11,NSW1-QLD1,QLD1,1,40300.51
D,RESIDUE_PRICE_OFFER,,1,A202412,C2025Q2T11,NSW1-QLD1,QLD1,1,40400.51
D,RESIDUE_PRICE_OFFER,,1,A202412,C2025Q2T11,NSW1-QLD1,QLD1,1,40500.51
D,RESIDUE_PRICE_OFFER,,1,A202412,C2025Q2T11,NSW1-QLD1,QLD1,1,40600.51
D,RESIDUE_PRICE_OFFER,,1,A202412,C2025Q2T11,NSW1-QLD1,QLD1,1,40700.51
D,RESIDUE_PRICE_OFFER,,1,A202412,C2025Q2T11,NSW1-QLD1,QLD1,1,40800.51
D,RESIDUE_PRICE_OFFER,,1,A202412,C2025Q2T11,NSW1-QLD1,QLD1,1,40900.51
D,RESIDUE_PRICE_OFFER,,1,A202412,C2025Q2T11,NSW1-QLD1,QLD1,1,41000.51
D,RESIDUE_PRICE_OFFER,,1,A202412,C2025Q2T11,NSW1-QLD1,QLD1,1,41100.51
D,RESIDUE_PRICE_OFFER,,1,A202412,C2025Q2T11,NSW1-QLD1,QLD1,1,41200.51
D,RESIDUE_PRICE_OFFER,,1,A202412,C2025Q2T11,NSW1-QLD1,QLD1,1,41300.51
D,RESIDUE_PRICE_OFFER,,1,A202412,C2025Q2T11,NSW1-QLD1,QLD1,1,41400.51
D,RESIDUE_PRICE_OFFER,,1,A202412,C2025Q2T11,NSW1-QLD1,QLD1,1,41500.51
D,RESIDUE_PRICE_OFFER,,1,A202412,C2025Q2T11,NSW1-QLD1,QLD1,1,41600.51
D,RESIDUE_PRICE_OFFER,,1,A202412,C2025Q2T11,NSW1-QLD1,QLD1,1,41700.51
D,RESIDUE_PRICE_OFFER,,1,A202412,C2025Q2T11,NSW1-QLD1,QLD1,1,41800.51
D,RESIDUE_PRICE_OFFER,,1,A202412,C2025Q2T11,NSW1-QLD1,QLD1,1,41900.51
D,RESIDUE_PRICE_OFFER,,1,A202412,C2025Q2T11,NSW1-QLD1,QLD1,1,42000.51
D,RESIDUE_PRICE_OFFER,,1,A202412,C2025Q2T11,NSW1-QLD1,QLD1,2,37040.2760
D,RESIDUE_PRICE_OFFER,,1,A202412,C2025Q2T11,NSW1-QLD1,QLD1,3,38521.887040
D,RESIDUE_PRICE_OFFER,,1,A202412,C2025Q2T11,NSW1-QLD1,QLD1,3,40062.762510
D,RESIDUE_PRICE_OFFER,,1,A202412,C2025Q2T11,NSW1-QLD1,QLD1,4,46000.51
D,RESIDUE_PRICE_OFFER,,1,A202412,C2025Q2T11,NSW1-QLD1,QLD1,4,47000.51
D,RESIDUE_PRICE_OFFER,,1,A202412,C2025Q2T11,NSW1-QLD1,QLD1,4,48000.51
D,RESIDUE_PRICE_OFFER,,1,A202412,C2025Q2T11,NSW1-QLD1,QLD1,4,49000.51
D,RESIDUE_PRICE_OFFER,,1,A202412,C2025Q2T11,NSW1-QLD1,QLD1,4,50000.51
D,RESIDUE_PRICE_OFFER,,1,A202412,C2025Q2T11,NSW1-QLD1,QLD1,4,51000.51
D,RESIDUE_PRICE_OFFER,,1,A202412,C2025Q2T11,NSW1-QLD1,QLD1,4,52000.51
D,RESIDUE_PRICE_OFFER,,1,A202412,C2025Q2T11,NSW1-QLD1,QLD1,4,53000.51
D,RESIDUE_PRICE_OFFER,,1,A202412,C2025Q2T11,NSW1-QLD1,QLD1,4,54000.51
D,RESIDUE_PRICE_OFFER,,1,A202412,C2025Q2T11,NSW1-QLD1,QLD1,4,55000.51
D,RESIDUE_PRICE_OFFER,,1,A202412,C2025Q2T11,NSW1-QLD1,QLD1,5,35040
D,RESIDUE_PRICE_OFFER,,1,A202412,C2025Q2T11,NSW1-QLD1,QLD1,5,41665.273020
D,RESIDUE_PRICE_OFFER,,1,A202412,C2025Q2T11,NSW1-QLD1,QLD1,5,43331.883940
D,RESIDUE_PRICE_OFFER,,1,A202412,C2025Q2T11,NSW1-QLD1,QLD1,10,45065.1593
D,RESIDUE_PRICE_OFFER,,1,A202412,C2025Q2T11,NSW1-QLD1,QLD1,100,0
D,RESIDUE_PRICE_OFFER,,1,A202412,C2025Q2T11,V-SA,SA1,2,6386.30
D,RESIDUE_PRICE_OFFER,,1,A202412,C2025Q2T11,V-SA,SA1,2,6705.6150
D,RESIDUE_PRICE_OFFER,,1,A202412,C2025Q2T11,V-SA,SA1,3,7376.1765
D,RESIDUE_PRICE_OFFER,,1,A202412,C2025Q2T11,V-SA,SA1,3,8113.794150
D,RESIDUE_PRICE_OFFER,,1,A202412,C2025Q2T11,V-SA,SA1,3,8925.173560
D,RESIDUE_PRICE_OFFER,,1,A202412,C2025Q2T11,V-SA,SA1,3,9817.690920
D,RESIDUE_PRICE_OFFER,,1,A202412,C2025Q2T11,V-SA,SA1,9,6727
D,RESIDUE_PRICE_OFFER,,1,A202412,C2025Q2T11,V-SA,SA1,40,12000
D,RESIDUE_PRICE_OFFER,,1,A202412,C2025Q2T11,V-SA,SA1,64,0
D,RESIDUE_PRICE_OFFER,,1,A202412,C2025Q2T11,V-SA,VIC1,1,25052.37
D,RESIDUE_PRICE_OFFER,,1,A202412,C2025Q2T11,V-SA,VIC1,1,25104.37
D,RESIDUE_PRICE_OFFER,,1,A202412,C2025Q2T11,V-SA,VIC1,1,25156.37
D,RESIDUE_PRICE_OFFER,,1,A202412,C2025Q2T11,V-SA,VIC1,1,25208.37
D,RESIDUE_PRICE_OFFER,,1,A202412,C2025Q2T11,V-SA,VIC1,1,25260.37
D,RESIDUE_PRICE_OFFER,,1,A202412,C2025Q2T11,V-SA,VIC1,1,25312.37
D,RESIDUE_PRICE_OFFER,,1,A202412,C2025Q2T11,V-SA,VIC1,1,25364.37
D,RESIDUE_PRICE_OFFER,,1,A202412,C2025Q2T11,V-SA,VIC1,1,25416.37
D,RESIDUE_PRICE_OFFER,,1,A202412,C2025Q2T11,V-SA,VIC1,1,25468.37
D,RESIDUE_PRICE_OFFER,,1,A202412,C2025Q2T11,V-SA,VIC1,1,25520.37
D,RESIDUE_PRICE_OFFER,,1,A202412,C2025Q2T11,V-SA,VIC1,1,25572.37
D,RESIDUE_PRICE_OFFER,,1,A202412,C2025Q2T11,V-SA,VIC1,1,25624.37
D,RESIDUE_PRICE_OFFER,,1,A202412,C2025Q2T11,V-SA,VIC1,1,25676.37
D,RESIDUE_PRICE_OFFER,,1,A202412,C2025Q2T11,V-SA,VIC1,1,25728.37
D,RESIDUE_PRICE_OFFER,,1,A202412,C2025Q2T11,V-SA,VIC1,1,25780.37
D,RESIDUE_PRICE_OFFER,,1,A202412,C2025Q2T11,V-SA,VIC1,1,25832.37
D,RESIDUE_PRICE_OFFER,,1,A202412,C2025Q2T11,V-SA,VIC1,1,25884.37
D,RESIDUE_PRICE_OFFER,,1,A202412,C2025Q2T11,V-SA,VIC1,1,25936.37
D,RESIDUE_PRICE_OFFER,,1,A202412,C2025Q2T11,V-SA,VIC1,1,25988.37
D,RESIDUE_PRICE_OFFER,,1,A202412,C2025Q2T11,V-SA,VIC1,3,19753.40
D,RESIDUE_PRICE_OFFER,,1,A202412,C2025Q2T11,V-SA,VIC1,3,20346.0020
D,RESIDUE_PRICE_OFFER,,1,A202412,C2025Q2T11,V-SA,VIC1,3,20956.382060
D,RESIDUE_PRICE_OFFER,,1,A202412,C2025Q2T11,V-SA,VIC1,4,21585.073520
D,RESIDUE_PRICE_OFFER,,1,A202412,C2025Q2T11,V-SA,VIC1,4,22232.625730
D,RESIDUE_PRICE_OFFER,,1,A202412,C2025Q2T11,V-SA,VIC1,4,22899.6045
D,RESIDUE_PRICE_OFFER,,1,A202412,C2025Q2T11,V-SA,VIC1,8,27000
D,RESIDUE_PRICE_OFFER,,1,A202412,C2025Q2T11,V-SA,VIC1,73,0
D,RESIDUE_PRICE_OFFER,,1,A202412,C2025Q2T11,VIC1-NSW1,NSW1,1,6080.93
D,RESIDUE_PRICE_OFFER,,1,A202412,C2025Q2T11,VIC1-NSW1,NSW1,1,6160.93
D,RESIDUE_PRICE_OFFER,,1,A202412,C2025Q2T11,VIC1-NSW1,NSW1,1,6240.93
D,RESIDUE_PRICE_OFFER,,1,A202412,C2025Q2T11,VIC1-NSW1,NSW1,1,6320.93
D,RESIDUE_PRICE_OFFER,,1,A202412,C2025Q2T11,VIC1-NSW1,NSW1,1,6400.93
D,RESIDUE_PRICE_OFFER,,1,A202412,C2025Q2T11,VIC1-NSW1,NSW1,1,6480.93
D,RESIDUE_PRICE_OFFER,,1,A202412,C2025Q2T11,VIC1-NSW1,NSW1,1,6560.93
D,RESIDUE_PRICE_OFFER,,1,A202412,C2025Q2T11,VIC1-NSW1,NSW1,1,6640.93
D,RESIDUE_PRICE_OFFER,,1,A202412,C2025Q2T11,VIC1-NSW1,NSW1,1,6720.93
D,RESIDUE_PRICE_OFFER,,1,A202412,C2025Q2T11,VIC1-NSW1,NSW1,1,6800.93
D,RESIDUE_PRICE_OFFER,,1,A202412,C2025Q2T11,VIC1-NSW1,NSW1,1,6880.93
D,RESIDUE_PRICE_OFFER,,1,A202412,C2025Q2T11,VIC1-NSW1,NSW1,1,6960.93
D,RESIDUE_PRICE_OFFER,,1,A202412,C2025Q2T11,VIC1-NSW1,NSW1,1,7040.93
D,RESIDUE_PRICE_OFFER,,1,A202412,C2025Q2T11,VIC1-NSW1,NSW1,1,7120.93
D,RESIDUE_PRICE_OFFER,,1,A202412,C2025Q2T11,VIC1-NSW1,NSW1,1,7200.93
D,RESIDUE_PRICE_OFFER,,1,A202412,C2025Q2T11,VIC1-NSW1,NSW1,1,7280.93
D,RESIDUE_PRICE_OFFER,,1,A202412,C2025Q2T11,VIC1-NSW1,NSW1,1,7360.93
D,RESIDUE_PRICE_OFFER,,1,A202412,C2025Q2T11,VIC1-NSW1,NSW1,1,7440.93
D,RESIDUE_PRICE_OFFER,,1,A202412,C2025Q2T11,VIC1-NSW1,NSW1,1,7520.93
D,RESIDUE_PRICE_OFFER,,1,A202412,C2025Q2T11,VIC1-NSW1,NSW1,1,7600.93
D,RESIDUE_PRICE_OFFER,,1,A202412,C2025Q2T11,VIC1-NSW1,NSW1,1,7680.93
D,RESIDUE_PRICE_OFFER,,1,A202412,C2025Q2T11,VIC1-NSW1,NSW1,1,7760.93
D,RESIDUE_PRICE_OFFER,,1,A202412,C2025Q2T11,VIC1-NSW1,NSW1,1,7840.93
D,RESIDUE_PRICE_OFFER,,1,A202412,C2025Q2T11,VIC1-NSW1,NSW1,1,7920.93
D,RESIDUE_PRICE_OFFER,,1,A202412,C2025Q2T11,VIC1-NSW1,NSW1,1,8000.93
D,RESIDUE_PRICE_OFFER,,1,A202412,C2025Q2T11,VIC1-NSW1,NSW1,2,4080.80
D,RESIDUE_PRICE_OFFER,,1,A202412,C2025Q2T11,VIC1-NSW1,NSW1,2,4366.4560
D,RESIDUE_PRICE_OFFER,,1,A202412,C2025Q2T11,VIC1-NSW1,NSW1,2,4672.107920
D,RESIDUE_PRICE_OFFER,,1,A202412,C2025Q2T11,VIC1-NSW1,NSW1,2,4999.155470
D,RESIDUE_PRICE_OFFER,,1,A202412,C2025Q2T11,VIC1-NSW1,NSW1,2,5349.096350
D,RESIDUE_PRICE_OFFER,,1,A202412,C2025Q2T11,VIC1-NSW1,NSW1,2,5723.5331
D,RESIDUE_PRICE_OFFER,,1,A202412,C2025Q2T11,VIC1-NSW1,NSW1,6,3871
D,RESIDUE_PRICE_OFFER,,1,A202412,C2025Q2T11,VIC1-NSW1,NSW1,6,4371
D,RESIDUE_PRICE_OFFER,,1,A202412,C2025Q2T11,VIC1-NSW1,NSW1,15,4400
D,RESIDUE_PRICE_OFFER,,1,A202412,C2025Q2T11,VIC1-NSW1,NSW1,50,10000
D,RESIDUE_PRICE_OFFER,,1,A202412,C2025Q2T11,VIC1-NSW1,NSW1,108,0
D,RESIDUE_PRICE_OFFER,,1,A202412,C2025Q2T11,VIC1-NSW1,VIC1,1,19400
D,RESIDUE_PRICE_OFFER,,1,A202412,C2025Q2T11,VIC1-NSW1,VIC1,1,20196
D,RESIDUE_PRICE_OFFER,,1,A202412,C2025Q2T11,VIC1-NSW1,VIC1,1,20680
D,RESIDUE_PRICE_OFFER,,1,A202412,C2025Q2T11,VIC1-NSW1,VIC1,1,21080.939990
D,RESIDUE_PRICE_OFFER,,1,A202412,C2025Q2T11,VIC1-NSW1,VIC1,1,21118
D,RESIDUE_PRICE_OFFER,,1,A202412,C2025Q2T11,VIC1-NSW1,VIC1,1,21160.939990
D,RESIDUE_PRICE_OFFER,,1,A202412,C2025Q2T11,VIC1-NSW1,VIC1,1,21240.939990
D,RESIDUE_PRICE_OFFER,,1,A202412,C2025Q2T11,VIC1-NSW1,VIC1,1,21320.939990
D,RESIDUE_PRICE_OFFER,,1,A202412,C2025Q2T11,VIC1-NSW1,VIC1,1,21400.939990
D,RESIDUE_PRICE_OFFER,,1,A202412,C2025Q2T11,VIC1-NSW1,VIC1,1,21480.94
D,RESIDUE_PRICE_OFFER,,1,A202412,C2025Q2T11,VIC1-NSW1,VIC1,1,21560.94
D,RESIDUE_PRICE_OFFER,,1,A202412,C2025Q2T11,VIC1-NSW1,VIC1,1,21561
D,RESIDUE_PRICE_OFFER,,1,A202412,C2025Q2T11,VIC1-NSW1,VIC1,1,21640.94
D,RESIDUE_PRICE_OFFER,,1,A202412,C2025Q2T11,VIC1-NSW1,VIC1,1,21720.94
D,RESIDUE_PRICE_OFFER,,1,A202412,C2025Q2T11,VIC1-NSW1,VIC1,1,21800.94
D,RESIDUE_PRICE_OFFER,,1,A202412,C2025Q2T11,VIC1-NSW1,VIC1,1,21880.94
D,RESIDUE_PRICE_OFFER,,1,A202412,C2025Q2T11,VIC1-NSW1,VIC1,1,21939
D,RESIDUE_PRICE_OFFER,,1,A202412,C2025Q2T11,VIC1-NSW1,VIC1,1,21960.94
D,RESIDUE_PRICE_OFFER,,1,A202412,C2025Q2T11,VIC1-NSW1,VIC1,1,22040.94
D,RESIDUE_PRICE_OFFER,,1,A202412,C2025Q2T11,VIC1-NSW1,VIC1,1,22120.94
D,RESIDUE_PRICE_OFFER,,1,A202412,C2025Q2T11,VIC1-NSW1,VIC1,1,22200.94
D,RESIDUE_PRICE_OFFER,,1,A202412,C2025Q2T11,VIC1-NSW1,VIC1,1,22280.94
D,RESIDUE_PRICE_OFFER,,1,A202412,C2025Q2T11,VIC1-NSW1,VIC1,1,22352
D,RESIDUE_PRICE_OFFER,,1,A202412,C2025Q2T11,VIC1-NSW1,VIC1,1,22360.94
D,RESIDUE_PRICE_OFFER,,1,A202412,C2025Q2T11,VIC1-NSW1,VIC1,1,22440.94
D,RESIDUE_PRICE_OFFER,,1,A202412,C2025Q2T11,VIC1-NSW1,VIC1,1,22520.94
D,RESIDUE_PRICE_OFFER,,1,A202412,C2025Q2T11,VIC1-NSW1,VIC1,1,22600.94
D,RESIDUE_PRICE_OFFER,,1,A202412,C2025Q2T11,VIC1-NSW1,VIC1,1,22680.94
D,RESIDUE_PRICE_OFFER,,1,A202412,C2025Q2T11,VIC1-NSW1,VIC1,1,22734
D,RESIDUE_PRICE_OFFER,,1,A202412,C2025Q2T11,VIC1-NSW1,VIC1,1,22760.94
D,RESIDUE_PRICE_OFFER,,1,A202412,C2025Q2T11,VIC1-NSW1,VIC1,1,22840.94
D,RESIDUE_PRICE_OFFER,,1,A202412,C2025Q2T11,VIC1-NSW1,VIC1,1,22920.94
D,RESIDUE_PRICE_OFFER,,1,A202412,C2025Q2T11,VIC1-NSW1,VIC1,1,23000.94
D,RESIDUE_PRICE_OFFER,,1,A202412,C2025Q2T11,VIC1-NSW1,VIC1,1,23148
D,RESIDUE_PRICE_OFFER,,1,A202412,C2025Q2T11,VIC1-NSW1,VIC1,1,23501
D,RESIDUE_PRICE_OFFER,,1,A202412,C2025Q2T11,VIC1-NSW1,VIC1,1,23867
D,RESIDUE_PRICE_OFFER,,1,A202412,C2025Q2T11,VIC1-NSW1,VIC1,1,24335
D,RESIDUE_PRICE_OFFER,,1,A202412,C2025Q2T11,VIC1-NSW1,VIC1,1,24777
D,RESIDUE_PRICE_OFFER,,1,A202412,C2025Q2T11,VIC1-NSW1,VIC1,1,25180
D,RESIDUE_PRICE_OFFER,,1,A202412,C2025Q2T11,VIC1-NSW1,VIC1,1,25572
D,RESIDUE_PRICE_OFFER,,1,A202412,C2025Q2T11,VIC1-NSW1,VIC1,1,25987
D,RESIDUE_PRICE_OFFER,,1,A202412,C2025Q2T11,VIC1-NSW1,VIC1,1,26354
D,RESIDUE_PRICE_OFFER,,1,A202412,C2025Q2T11,VIC1-NSW1,VIC1,1,26711
D,RESIDUE_PRICE_OFFER,,1,A202412,C2025Q2T11,VIC1-NSW1,VIC1,2,21012.8820
D,RESIDUE_PRICE_OFFER,,1,A202412,C2025Q2T11,VIC1-NSW1,VIC1,2,21853.397280
D,RESIDUE_PRICE_OFFER,,1,A202412,C2025Q2T11,VIC1-NSW1,VIC1,2,22727.533170
D,RESIDUE_PRICE_OFFER,,1,A202412,C2025Q2T11,VIC1-NSW1,VIC1,2,23636.6345
D,RESIDUE_PRICE_OFFER,,1,A202412,C2025Q2T11,VIC1-NSW1,VIC1,5,23281
D,RESIDUE_PRICE_OFFER,,1,A202412,C2025Q2T11,VIC1-NSW1,VIC1,5,24582.099880
D,RESIDUE_PRICE_OFFER,,1,A202412,C2025Q2T11,VIC1-NSW1,VIC1,5,25565.383870
D,RESIDUE_PRICE_OFFER,,1,A202412,C2025Q2T11,VIC1-NSW1,VIC1,7,26500.94
D,RESIDUE_PRICE_OFFER,,1,A202412,C2025Q2T11,VIC1-NSW1,VIC1,7,28000.94
D,RESIDUE_PRICE_OFFER,,1,A202412,C2025Q2T11,VIC1-NSW1,VIC1,7,29500.94
D,RESIDUE_PRICE_OFFER,,1,A202412,C2025Q2T11,VIC1-NSW1,VIC1,7,31000.94
D,RESIDUE_PRICE_OFFER,,1,A202412,C2025Q2T11,VIC1-NSW1,VIC1,7,32500.94
D,RESIDUE_PRICE_OFFER,,1,A202412,C2025Q2T11,VIC1-NSW1,VIC1,7,34000.94
D,RESIDUE_PRICE_OFFER,,1,A202412,C2025Q2T11,VIC1-NSW1,VIC1,7,35500.94
D,RESIDUE_PRICE_OFFER,,1,A202412,C2025Q2T11,VIC1-NSW1,VIC1,7,37000.94
D,RESIDUE_PRICE_OFFER,,1,A202412,C2025Q2T11,VIC1-NSW1,VIC1,7,38500.94
D,RESIDUE_PRICE_OFFER,,1,A202412,C2025Q2T11,VIC1-NSW1,VIC1,7,40000.94
D,RESIDUE_PRICE_OFFER,,1,A202412,C2025Q2T11,VIC1-NSW1,VIC1,24,35223
D,RESIDUE_PRICE_OFFER,,1,A202412,C2025Q2T11,VIC1-NSW1,VIC1,125,0
D,RESIDUE_PRICE_OFFER,,1,A202412,C2025Q3T10,NSW1-QLD1,NSW1,9,7500.89
D,RESIDUE_PRICE_OFFER,,1,A202412,C2025Q3T10,NSW1-QLD1,NSW1,45,0
D,RESIDUE_PRICE_OFFER,,1,A202412,C2025Q3T10,NSW1-QLD1,QLD1,1,40100.51
D,RESIDUE_PRICE_OFFER,,1,A202412,C2025Q3T10,NSW1-QLD1,QLD1,1,40200.51
D,RESIDUE_PRICE_OFFER,,1,A202412,C2025Q3T10,NSW1-QLD1,QLD1,1,40300.51
D,RESIDUE_PRICE_OFFER,,1,A202412,C2025Q3T10,NSW1-QLD1,QLD1,1,40400.51
D,RESIDUE_PRICE_OFFER,,1,A202412,C2025Q3T10,NSW1-QLD1,QLD1,1,40500.51
D,RESIDUE_PRICE_OFFER,,1,A202412,C2025Q3T10,NSW1-QLD1,QLD1,1,40600.51
D,RESIDUE_PRICE_OFFER,,1,A202412,C2025Q3T10,NSW1-QLD1,QLD1,1,40700.51
D,RESIDUE_PRICE_OFFER,,1,A202412,C2025Q3T10,NSW1-QLD1,QLD1,1,40800.51
D,RESIDUE_PRICE_OFFER,,1,A202412,C2025Q3T10,NSW1-QLD1,QLD1,1,40900.51
D,RESIDUE_PRICE_OFFER,,1,A202412,C2025Q3T10,NSW1-QLD1,QLD1,1,41000.51
D,RESIDUE_PRICE_OFFER,,1,A202412,C2025Q3T10,NSW1-QLD1,QLD1,1,41100.51
D,RESIDUE_PRICE_OFFER,,1,A202412,C2025Q3T10,NSW1-QLD1,QLD1,1,41200.51
D,RESIDUE_PRICE_OFFER,,1,A202412,C2025Q3T10,NSW1-QLD1,QLD1,1,41300.51
D,RESIDUE_PRICE_OFFER,,1,A202412,C2025Q3T10,NSW1-QLD1,QLD1,1,41400.51
D,RESIDUE_PRICE_OFFER,,1,A202412,C2025Q3T10,NSW1-QLD1,QLD1,1,41500.51
D,RESIDUE_PRICE_OFFER,,1,A202412,C2025Q3T10,NSW1-QLD1,QLD1,1,41600.51
D,RESIDUE_PRICE_OFFER,,1,A202412,C2025Q3T10,NSW1-QLD1,QLD1,1,41700.51
D,RESIDUE_PRICE_OFFER,,1,A202412,C2025Q3T10,NSW1-QLD1,QLD1,1,41800.51
D,RESIDUE_PRICE_OFFER,,1,A202412,C2025Q3T10,NSW1-QLD1,QLD1,1,41900.51
D,RESIDUE_PRICE_OFFER,,1,A202412,C2025Q3T10,NSW1-QLD1,QLD1,1,42000.51
D,RESIDUE_PRICE_OFFER,,1,A202412,C2025Q3T10,NSW1-QLD1,QLD1,1,45526.51
D,RESIDUE_PRICE_OFFER,,1,A202412,C2025Q3T10,NSW1-QLD1,QLD1,1,46052.51
D,RESIDUE_PRICE_OFFER,,1,A202412,C2025Q3T10,NSW1-QLD1,QLD1,1,46578.51
D,RESIDUE_PRICE_OFFER,,1,A202412,C2025Q3T10,NSW1-QLD1,QLD1,1,47104.51
D,RESIDUE_PRICE_OFFER,,1,A202412,C2025Q3T10,NSW1-QLD1,QLD1,1,47630.51
D,RESIDUE_PRICE_OFFER,,1,A202412,C2025Q3T10,NSW1-QLD1,QLD1,1,48156.51
D,RESIDUE_PRICE_OFFER,,1,A202412,C2025Q3T10,NSW1-QLD1,QLD1,1,48682.51
D,RESIDUE_PRICE_OFFER,,1,A202412,C2025Q3T10,NSW1-QLD1,QLD1,1,49208.51
D,RESIDUE_PRICE_OFFER,,1,A202412,C2025Q3T10,NSW1-QLD1,QLD1,1,49734.51
D,RESIDUE_PRICE_OFFER,,1,A202412,C2025Q3T10,NSW1-QLD1,QLD1,1,50260.51
D,RESIDUE_PRICE_OFFER,,1,A202412,C2025Q3T10,NSW1-QLD1,QLD1,1,50786.51
D,RESIDUE_PRICE_OFFER,,1,A202412,C2025Q3T10,NSW1-QLD1,QLD1,1,51312.51
D,RESIDUE_PRICE_OFFER,,1,A202412,C2025Q3T10,NSW1-QLD1,QLD1,1,51838.51
D,RESIDUE_PRICE_OFFER,,1,A202412,C2025Q3T10,NSW1-QLD1,QLD1,1,52364.51
D,RESIDUE_PRICE_OFFER,,1,A202412,C2025Q3T10,NSW1-QLD1,QLD1,1,52890.51
D,RESIDUE_PRICE_OFFER,,1,A202412,C2025Q3T10,NSW1-QLD1,QLD1,1,53416.51
D,RESIDUE_PRICE_OFFER,,1,A202412,C2025Q3T10,NSW1-QLD1,QLD1,1,53942.51
D,RESIDUE_PRICE_OFFER,,1,A202412,C2025Q3T10,NSW1-QLD1,QLD1,1,54468.51
D,RESIDUE_PRICE_OFFER,,1,A202412,C2025Q3T10,NSW1-QLD1,QLD1,1,54994.51
D,RESIDUE_PRICE_OFFER,,1,A202412,C2025Q3T10,NSW1-QLD1,QLD1,3,34720.252990
D,RESIDUE_PRICE_OFFER,,1,A202412,C2025Q3T10,NSW1-QLD1,QLD1,3,36109.063120
D,RESIDUE_PRICE_OFFER,,1,A202412,C2025Q3T10,NSW1-QLD1,QLD1,3,37553.425640
D,RESIDUE_PRICE_OFFER,,1,A202412,C2025Q3T10,NSW1-QLD1,QLD1,5,36240
D,RESIDUE_PRICE_OFFER,,1,A202412,C2025Q3T10,NSW1-QLD1,QLD1,5,39055.562670
D,RESIDUE_PRICE_OFFER,,1,A202412,C2025Q3T10,NSW1-QLD1,QLD1,5,40617.785180
D,RESIDUE_PRICE_OFFER,,1,A202412,C2025Q3T10,NSW1-QLD1,QLD1,10,42242.496580
D,RESIDUE_PRICE_OFFER,,1,A202412,C2025Q3T10,NSW1-QLD1,QLD1,20,42538
D,RESIDUE_PRICE_OFFER,,1,A202412,C2025Q3T10,NSW1-QLD1,QLD1,100,0
D,RESIDUE_PRICE_OFFER,,1,A202412,C2025Q3T10,V-SA,SA1,1,7550.59
D,RESIDUE_PRICE_OFFER,,1,A202412,C2025Q3T10,V-SA,SA1,1,7600.59
D,RESIDUE_PRICE_OFFER,,1,A202412,C2025Q3T10,V-SA,SA1,1,7650.59
D,RESIDUE_PRICE_OFFER,,1,A202412,C2025Q3T10,V-SA,SA1,1,7700.59
D,RESIDUE_PRICE_OFFER,,1,A202412,C2025Q3T10,V-SA,SA1,1,7750.59
D,RESIDUE_PRICE_OFFER,,1,A202412,C2025Q3T10,V-SA,SA1,1,7800.59
D,RESIDUE_PRICE_OFFER,,1,A202412,C2025Q3T10,V-SA,SA1,1,7850.59
D,RESIDUE_PRICE_OFFER,,1,A202412,C2025Q3T10,V-SA,SA1,1,7900.59
D,RESIDUE_PRICE_OFFER,,1,A202412,C2025Q3T10,V-SA,SA1,1,7950.59
D,RESIDUE_PRICE_OFFER,,1,A202412,C2025Q3T10,V-SA,SA1,1,8000.59
D,RESIDUE_PRICE_OFFER,,1,A202412,C2025Q3T10,V-SA,SA1,1,8050.59
D,RESIDUE_PRICE_OFFER,,1,A202412,C2025Q3T10,V-SA,SA1,1,8100.59
D,RESIDUE_PRICE_OFFER,,1,A202412,C2025Q3T10,V-SA,SA1,1,8150.59
D,RESIDUE_PRICE_OFFER,,1,A202412,C2025Q3T10,V-SA,SA1,1,8200.59
D,RESIDUE_PRICE_OFFER,,1,A202412,C2025Q3T10,V-SA,SA1,1,8250.59
D,RESIDUE_PRICE_OFFER,,1,A202412,C2025Q3T10,V-SA,SA1,1,8300.59
D,RESIDUE_PRICE_OFFER,,1,A202412,C2025Q3T10,V-SA,SA1,1,8350.59
D,RESIDUE_PRICE_OFFER,,1,A202412,C2025Q3T10,V-SA,SA1,1,8400.59
D,RESIDUE_PRICE_OFFER,,1,A202412,C2025Q3T10,V-SA,SA1,1,8450.59
D,RESIDUE_PRICE_OFFER,,1,A202412,C2025Q3T10,V-SA,SA1,1,8500.59
D,RESIDUE_PRICE_OFFER,,1,A202412,C2025Q3T10,V-SA,SA1,2,6542.4350
D,RESIDUE_PRICE_OFFER,,1,A202412,C2025Q3T10,V-SA,SA1,2,6869.556750
D,RESIDUE_PRICE_OFFER,,1,A202412,C2025Q3T10,V-SA,SA1,2,9150.59
D,RESIDUE_PRICE_OFFER,,1,A202412,C2025Q3T10,V-SA,SA1,2,9300.59
D,RESIDUE_PRICE_OFFER,,1,A202412,C2025Q3T10,V-SA,SA1,2,9450.59
D,RESIDUE_PRICE_OFFER,,1,A202412,C2025Q3T10,V-SA,SA1,2,9600.59
D,RESIDUE_PRICE_OFFER,,1,A202412,C2025Q3T10,V-SA,SA1,2,9750.59
D,RESIDUE_PRICE_OFFER,,1,A202412,C2025Q3T10,V-SA,SA1,2,9900.59
D,RESIDUE_PRICE_OFFER,,1,A202412,C2025Q3T10,V-SA,SA1,2,10050.59
D,RESIDUE_PRICE_OFFER,,1,A202412,C2025Q3T10,V-SA,SA1,2,10200.59
D,RESIDUE_PRICE_OFFER,,1,A202412,C2025Q3T10,V-SA,SA1,2,10350.59
D,RESIDUE_PRICE_OFFER,,1,A202412,C2025Q3T10,V-SA,SA1,2,10500.59
D,RESIDUE_PRICE_OFFER,,1,A202412,C2025Q3T10,V-SA,SA1,2,10650.59
D,RESIDUE_PRICE_OFFER,,1,A202412,C2025Q3T10,V-SA,SA1,2,10800.59
D,RESIDUE_PRICE_OFFER,,1,A202412,C2025Q3T10,V-SA,SA1,2,10950.59
D,RESIDUE_PRICE_OFFER,,1,A202412,C2025Q3T10,V-SA,SA1,2,11100.59
D,RESIDUE_PRICE_OFFER,,1,A202412,C2025Q3T10,V-SA,SA1,2,11250.59
D,RESIDUE_PRICE_OFFER,,1,A202412,C2025Q3T10,V-SA,SA1,2,11400.59
D,RESIDUE_PRICE_OFFER,,1,A202412,C2025Q3T10,V-SA,SA1,2,11550.59
D,RESIDUE_PRICE_OFFER,,1,A202412,C2025Q3T10,V-SA,SA1,2,11700.59
D,RESIDUE_PRICE_OFFER,,1,A202412,C2025Q3T10,V-SA,SA1,2,11850.59
D,RESIDUE_PRICE_OFFER,,1,A202412,C2025Q3T10,V-SA,SA1,2,12000.59
D,RESIDUE_PRICE_OFFER,,1,A202412,C2025Q3T10,V-SA,SA1,3,7556.512420
D,RESIDUE_PRICE_OFFER,,1,A202412,C2025Q3T10,V-SA,SA1,3,8312.163660
D,RESIDUE_PRICE_OFFER,,1,A202412,C2025Q3T10,V-SA,SA1,3,9143.380030
D,RESIDUE_PRICE_OFFER,,1,A202412,C2025Q3T10,V-SA,SA1,3,10057.718040
D,RESIDUE_PRICE_OFFER,,1,A202412,C2025Q3T10,V-SA,SA1,8,7777
D,RESIDUE_PRICE_OFFER,,1,A202412,C2025Q3T10,V-SA,SA1,64,0
D,RESIDUE_PRICE_OFFER,,1,A202412,C2025Q3T10,V-SA,VIC1,2,22200.37
D,RESIDUE_PRICE_OFFER,,1,A202412,C2025Q3T10,V-SA,VIC1,2,22400.37
D,RESIDUE_PRICE_OFFER,,1,A202412,C2025Q3T10,V-SA,VIC1,2,22600.37
D,RESIDUE_PRICE_OFFER,,1,A202412,C2025Q3T10,V-SA,VIC1,2,22800.37
D,RESIDUE_PRICE_OFFER,,1,A202412,C2025Q3T10,V-SA,VIC1,2,23000.37
D,RESIDUE_PRICE_OFFER,,1,A202412,C2025Q3T10,V-SA,VIC1,2,23200.37
D,RESIDUE_PRICE_OFFER,,1,A202412,C2025Q3T10,V-SA,VIC1,2,23400.37
D,RESIDUE_PRICE_OFFER,,1,A202412,C2025Q3T10,V-SA,VIC1,2,23600.37
D,RESIDUE_PRICE_OFFER,,1,A202412,C2025Q3T10,V-SA,VIC1,2,23800.37
D,RESIDUE_PRICE_OFFER,,1,A202412,C2025Q3T10,V-SA,VIC1,2,24000.37
D,RESIDUE_PRICE_OFFER,,1,A202412,C2025Q3T10,V-SA,VIC1,3,23743.2990
D,RESIDUE_PRICE_OFFER,,1,A202412,C2025Q3T10,V-SA,VIC1,3,24455.597970
D,RESIDUE_PRICE_OFFER,,1,A202412,C2025Q3T10,V-SA,VIC1,3,25189.265910
D,RESIDUE_PRICE_OFFER,,1,A202412,C2025Q3T10,V-SA,VIC1,4,25944.943890
D,RESIDUE_PRICE_OFFER,,1,A202412,C2025Q3T10,V-SA,VIC1,4,26723.2922
D,RESIDUE_PRICE_OFFER,,1,A202412,C2025Q3T10,V-SA,VIC1,4,27524.990970
D,RESIDUE_PRICE_OFFER,,1,A202412,C2025Q3T10,V-SA,VIC1,73,0
D,RESIDUE_PRICE_OFFER,,1,A202412,C2025Q3T10,VIC1-NSW1,NSW1,2,4058.7520
D,RESIDUE_PRICE_OFFER,,1,A202412,C2025Q3T10,VIC1-NSW1,NSW1,2,4342.864640
D,RESIDUE_PRICE_OFFER,,1,A202412,C2025Q3T10,VIC1-NSW1,NSW1,2,4646.865160
D,RESIDUE_PRICE_OFFER,,1,A202412,C2025Q3T10,VIC1-NSW1,NSW1,2,4972.145720
D,RESIDUE_PRICE_OFFER,,1,A202412,C2025Q3T10,VIC1-NSW1,NSW1,2,5320.195920
D,RESIDUE_PRICE_OFFER,,1,A202412,C2025Q3T10,VIC1-NSW1,NSW1,2,5692.609640
D,RESIDUE_PRICE_OFFER,,1,A202412,C2025Q3T10,VIC1-NSW1,NSW1,2,6160.93
D,RESIDUE_PRICE_OFFER,,1,A202412,C2025Q3T10,VIC1-NSW1,NSW1,2,6320.93
D,RESIDUE_PRICE_OFFER,,1,A202412,C2025Q3T10,VIC1-NSW1,NSW1,2,6480.93
D,RESIDUE_PRICE_OFFER,,1,A202412,C2025Q3T10,VIC1-NSW1,NSW1,2,6640.93
D,RESIDUE_PRICE_OFFER,,1,A202412,C2025Q3T10,VIC1-NSW1,NSW1,2,6800.93
D,RESIDUE_PRICE_OFFER,,1,A202412,C2025Q3T10,VIC1-NSW1,NSW1,2,6960.93
D,RESIDUE_PRICE_OFFER,,1,A202412,C2025Q3T10,VIC1-NSW1,NSW1,2,7120.93
D,RESIDUE_PRICE_OFFER,,1,A202412,C2025Q3T10,VIC1-NSW1,NSW1,2,7280.93
D,RESIDUE_PRICE_OFFER,,1,A202412,C2025Q3T10,VIC1-NSW1,NSW1,2,7440.93
D,RESIDUE_PRICE_OFFER,,1,A202412,C2025Q3T10,VIC1-NSW1,NSW1,2,7600.93
D,RESIDUE_PRICE_OFFER,,1,A202412,C2025Q3T10,VIC1-NSW1,NSW1,2,7760.93
D,RESIDUE_PRICE_OFFER,,1,A202412,C2025Q3T10,VIC1-NSW1,NSW1,2,7920.93
D,RESIDUE_PRICE_OFFER,,1,A202412,C2025Q3T10,VIC1-NSW1,NSW1,2,8080.93
D,RESIDUE_PRICE_OFFER,,1,A202412,C2025Q3T10,VIC1-NSW1,NSW1,2,8240.93
D,RESIDUE_PRICE_OFFER,,1,A202412,C2025Q3T10,VIC1-NSW1,NSW1,2,8400.93
D,RESIDUE_PRICE_OFFER,,1,A202412,C2025Q3T10,VIC1-NSW1,NSW1,2,8560.93
D,RESIDUE_PRICE_OFFER,,1,A202412,C2025Q3T10,VIC1-NSW1,NSW1,2,8720.93
D,RESIDUE_PRICE_OFFER,,1,A202412,C2025Q3T10,VIC1-NSW1,NSW1,2,8880.93
D,RESIDUE_PRICE_OFFER,,1,A202412,C2025Q3T10,VIC1-NSW1,NSW1,2,9040.93
D,RESIDUE_PRICE_OFFER,,1,A202412,C2025Q3T10,VIC1-NSW1,NSW1,2,9200.93
D,RESIDUE_PRICE_OFFER,,1,A202412,C2025Q3T10,VIC1-NSW1,NSW1,2,9360.93
D,RESIDUE_PRICE_OFFER,,1,A202412,C2025Q3T10,VIC1-NSW1,NSW1,2,9520.93
D,RESIDUE_PRICE_OFFER,,1,A202412,C2025Q3T10,VIC1-NSW1,NSW1,2,9680.93
D,RESIDUE_PRICE_OFFER,,1,A202412,C2025Q3T10,VIC1-NSW1,NSW1,2,9840.93
D,RESIDUE_PRICE_OFFER,,1,A202412,C2025Q3T10,VIC1-NSW1,NSW1,2,10000.93
D,RESIDUE_PRICE_OFFER,,1,A202412,C2025Q3T10,VIC1-NSW1,NSW1,4,3838
D,RESIDUE_PRICE_OFFER,,1,A202412,C2025Q3T10,VIC1-NSW1,NSW1,10,4400
D,RESIDUE_PRICE_OFFER,,1,A202412,C2025Q3T10,VIC1-NSW1,NSW1,50,10000
D,RESIDUE_PRICE_OFFER,,1,A202412,C2025Q3T10,VIC1-NSW1,NSW1,108,0
D,RESIDUE_PRICE_OFFER,,1,A202412,C2025Q3T10,VIC1-NSW1,VIC1,1,23080.94
D,RESIDUE_PRICE_OFFER,,1,A202412,C2025Q3T10,VIC1-NSW1,VIC1,1,23160.94
D,RESIDUE_PRICE_OFFER,,1,A202412,C2025Q3T10,VIC1-NSW1,VIC1,1,23240.94
D,RESIDUE_PRICE_OFFER,,1,A202412,C2025Q3T10,VIC1-NSW1,VIC1,1,23320.94
D,RESIDUE_PRICE_OFFER,,1,A202412,C2025Q3T10,VIC1-NSW1,VIC1,1,23400.94
D,RESIDUE_PRICE_OFFER,,1,A202412,C2025Q3T10,VIC1-NSW1,VIC1,1,23480.94
D,RESIDUE_PRICE_OFFER,,1,A202412,C2025Q3T10,VIC1-NSW1,VIC1,1,23560.94
D,RESIDUE_PRICE_OFFER,,1,A202412,C2025Q3T10,VIC1-NSW1,VIC1,1,23640.94
D,RESIDUE_PRICE_OFFER,,1,A202412,C2025Q3T10,VIC1-NSW1,VIC1,1,23720.94
D,RESIDUE_PRICE_OFFER,,1,A202412,C2025Q3T10,VIC1-NSW1,VIC1,1,23800.94
D,RESIDUE_PRICE_OFFER,,1,A202412,C2025Q3T10,VIC1-NSW1,VIC1,1,23880.94
D,RESIDUE_PRICE_OFFER,,1,A202412,C2025Q3T10,VIC1-NSW1,VIC1,1,23960.94
D,RESIDUE_PRICE_OFFER,,1,A202412,C2025Q3T10,VIC1-NSW1,VIC1,1,24040.94
D,RESIDUE_PRICE_OFFER,,1,A202412,C2025Q3T10,VIC1-NSW1,VIC1,1,24120.94
D,RESIDUE_PRICE_OFFER,,1,A202412,C2025Q3T10,VIC1-NSW1,VIC1,1,24200.94
D,RESIDUE_PRICE_OFFER,,1,A202412,C2025Q3T10,VIC1-NSW1,VIC1,1,24280.94
D,RESIDUE_PRICE_OFFER,,1,A202412,C2025Q3T10,VIC1-NSW1,VIC1,1,24360.94
D,RESIDUE_PRICE_OFFER,,1,A202412,C2025Q3T10,VIC1-NSW1,VIC1,1,24440.94
D,RESIDUE_PRICE_OFFER,,1,A202412,C2025Q3T10,VIC1-NSW1,VIC1,1,24520.94
D,RESIDUE_PRICE_OFFER,,1,A202412,C2025Q3T10,VIC1-NSW1,VIC1,1,24600.94
D,RESIDUE_PRICE_OFFER,,1,A202412,C2025Q3T10,VIC1-NSW1,VIC1,1,24680.94
D,RESIDUE_PRICE_OFFER,,1,A202412,C2025Q3T10,VIC1-NSW1,VIC1,1,24760.94
D,RESIDUE_PRICE_OFFER,,1,A202412,C2025Q3T10,VIC1-NSW1,VIC1,1,24840.94
D,RESIDUE_PRICE_OFFER,,1,A202412,C2025Q3T10,VIC1-NSW1,VIC1,1,24920.94
D,RESIDUE_PRICE_OFFER,,1,A202412,C2025Q3T10,VIC1-NSW1,VIC1,1,25000.94
D,RESIDUE_PRICE_OFFER,,1,A202412,C2025Q3T10,VIC1-NSW1,VIC1,2,22090
D,RESIDUE_PRICE_OFFER,,1,A202412,C2025Q3T10,VIC1-NSW1,VIC1,2,22973.60
D,RESIDUE_PRICE_OFFER,,1,A202412,C2025Q3T10,VIC1-NSW1,VIC1,2,23892.5440
D,RESIDUE_PRICE_OFFER,,1,A202412,C2025Q3T10,VIC1-NSW1,VIC1,2,24848.245760
D,RESIDUE_PRICE_OFFER,,1,A202412,C2025Q3T10,VIC1-NSW1,VIC1,5,24600
D,RESIDUE_PRICE_OFFER,,1,A202412,C2025Q3T10,VIC1-NSW1,VIC1,5,25842.175590
D,RESIDUE_PRICE_OFFER,,1,A202412,C2025Q3T10,VIC1-NSW1,VIC1,5,26875.862610
D,RESIDUE_PRICE_OFFER,,1,A202412,C2025Q3T10,VIC1-NSW1,VIC1,5,31000.94
D,RESIDUE_PRICE_OFFER,,1,A202412,C2025Q3T10,VIC1-NSW1,VIC1,5,32000.94
D,RESIDUE_PRICE_OFFER,,1,A202412,C2025Q3T10,VIC1-NSW1,VIC1,5,33000.94
D,RESIDUE_PRICE_OFFER,,1,A202412,C2025Q3T10,VIC1-NSW1,VIC1,5,34000.94
D,RESIDUE_PRICE_OFFER,,1,A202412,C2025Q3T10,VIC1-NSW1,VIC1,5,35000.94
D,RESIDUE_PRICE_OFFER,,1,A202412,C2025Q3T10,VIC1-NSW1,VIC1,5,36000.94
D,RESIDUE_PRICE_OFFER,,1,A202412,C2025Q3T10,VIC1-NSW1,VIC1,5,37000.94
D,RESIDUE_PRICE_OFFER,,1,A202412,C2025Q3T10,VIC1-NSW1,VIC1,5,38000.94
D,RESIDUE_PRICE_OFFER,,1,A202412,C2025Q3T10,VIC1-NSW1,VIC1,5,39000.94
D,RESIDUE_PRICE_OFFER,,1,A202412,C2025Q3T10,VIC1-NSW1,VIC1,5,40000.94
D,RESIDUE_PRICE_OFFER,,1,A202412,C2025Q3T10,VIC1-NSW1,VIC1,5,41000.94
D,RESIDUE_PRICE_OFFER,,1,A202412,C2025Q3T10,VIC1-NSW1,VIC1,5,42000.94
D,RESIDUE_PRICE_OFFER,,1,A202412,C2025Q3T10,VIC1-NSW1,VIC1,5,43000.94
D,RESIDUE_PRICE_OFFER,,1,A202412,C2025Q3T10,VIC1-NSW1,VIC1,5,44000.94
D,RESIDUE_PRICE_OFFER,,1,A202412,C2025Q3T10,VIC1-NSW1,VIC1,5,45000.94
D,RESIDUE_PRICE_OFFER,,1,A202412,C2025Q3T10,VIC1-NSW1,VIC1,5,46000.94
D,RESIDUE_PRICE_OFFER,,1,A202412,C2025Q3T10,VIC1-NSW1,VIC1,5,47000.94
D,RESIDUE_PRICE_OFFER,,1,A202412,C2025Q3T10,VIC1-NSW1,VIC1,5,48000.94
D,RESIDUE_PRICE_OFFER,,1,A202412,C2025Q3T10,VIC1-NSW1,VIC1,5,49000.94
D,RESIDUE_PRICE_OFFER,,1,A202412,C2025Q3T10,VIC1-NSW1,VIC1,5,50000.94
D,RESIDUE_PRICE_OFFER,,1,A202412,C2025Q3T10,VIC1-NSW1,VIC1,27,35422
D,RESIDUE_PRICE_OFFER,,1,A202412,C2025Q3T10,VIC1-NSW1,VIC1,125,0
D,RESIDUE_PRICE_OFFER,,1,A202412,C2025Q4T09,NSW1-QLD1,NSW1,1,12003.75
D,RESIDUE_PRICE_OFFER,,1,A202412,C2025Q4T09,NSW1-QLD1,NSW1,2,12603.9375
D,RESIDUE_PRICE_OFFER,,1,A202412,C2025Q4T09,NSW1-QLD1,NSW1,2,13234.134380
D,RESIDUE_PRICE_OFFER,,1,A202412,C2025Q4T09,NSW1-QLD1,NSW1,2,13895.841090
D,RESIDUE_PRICE_OFFER,,1,A202412,C2025Q4T09,NSW1-QLD1,NSW1,2,14590.633150
D,RESIDUE_PRICE_OFFER,,1,A202412,C2025Q4T09,NSW1-QLD1,NSW1,2,15320.164810
D,RESIDUE_PRICE_OFFER,,1,A202412,C2025Q4T09,NSW1-QLD1,NSW1,45,0
D,RESIDUE_PRICE_OFFER,,1,A202412,C2025Q4T09,NSW1-QLD1,QLD1,1,24100.51
D,RESIDUE_PRICE_OFFER,,1,A202412,C2025Q4T09,NSW1-QLD1,QLD1,1,24200.51
D,RESIDUE_PRICE_OFFER,,1,A202412,C2025Q4T09,NSW1-QLD1,QLD1,1,24300.51
D,RESIDUE_PRICE_OFFER,,1,A202412,C2025Q4T09,NSW1-QLD1,QLD1,1,24400.51
D,RESIDUE_PRICE_OFFER,,1,A202412,C2025Q4T09,NSW1-QLD1,QLD1,1,24500.51
D,RESIDUE_PRICE_OFFER,,1,A202412,C2025Q4T09,NSW1-QLD1,QLD1,1,24600.51
D,RESIDUE_PRICE_OFFER,,1,A202412,C2025Q4T09,NSW1-QLD1,QLD1,1,24700.51
D,RESIDUE_PRICE_OFFER,,1,A202412,C2025Q4T09,NSW1-QLD1,QLD1,1,24800.51
D,RESIDUE_PRICE_OFFER,,1,A202412,C2025Q4T09,NSW1-QLD1,QLD1,1,24900.51
D,RESIDUE_PRICE_OFFER,,1,A202412,C2025Q4T09,NSW1-QLD1,QLD1,1,25000.51
D,RESIDUE_PRICE_OFFER,,1,A202412,C2025Q4T09,NSW1-QLD1,QLD1,1,25100.51
D,RESIDUE_PRICE_OFFER,,1,A202412,C2025Q4T09,NSW1-QLD1,QLD1,1,25200.51
D,RESIDUE_PRICE_OFFER,,1,A202412,C2025Q4T09,NSW1-QLD1,QLD1,1,25300.51
D,RESIDUE_PRICE_OFFER,,1,A202412,C2025Q4T09,NSW1-QLD1,QLD1,1,25400.51
D,RESIDUE_PRICE_OFFER,,1,A202412,C2025Q4T09,NSW1-QLD1,QLD1,1,25500.51
D,RESIDUE_PRICE_OFFER,,1,A202412,C2025Q4T09,NSW1-QLD1,QLD1,1,25600.51
D,RESIDUE_PRICE_OFFER,,1,A202412,C2025Q4T09,NSW1-QLD1,QLD1,1,25700.51
D,RESIDUE_PRICE_OFFER,,1,A202412,C2025Q4T09,NSW1-QLD1,QLD1,1,25800.51
D,RESIDUE_PRICE_OFFER,,1,A202412,C2025Q4T09,NSW1-QLD1,QLD1,1,25900.51
D,RESIDUE_PRICE_OFFER,,1,A202412,C2025Q4T09,NSW1-QLD1,QLD1,1,26000.51
D,RESIDUE_PRICE_OFFER,,1,A202412,C2025Q4T09,NSW1-QLD1,QLD1,3,22932.05
D,RESIDUE_PRICE_OFFER,,1,A202412,C2025Q4T09,NSW1-QLD1,QLD1,3,23849.3320
D,RESIDUE_PRICE_OFFER,,1,A202412,C2025Q4T09,NSW1-QLD1,QLD1,3,24803.305280
D,RESIDUE_PRICE_OFFER,,1,A202412,C2025Q4T09,NSW1-QLD1,QLD1,3,25795.437490
D,RESIDUE_PRICE_OFFER,,1,A202412,C2025Q4T09,NSW1-QLD1,QLD1,3,26827.254990
D,RESIDUE_PRICE_OFFER,,1,A202412,C2025Q4T09,NSW1-QLD1,QLD1,3,27900.345190
D,RESIDUE_PRICE_OFFER,,1,A202412,C2025Q4T09,NSW1-QLD1,QLD1,3,30500.51
D,RESIDUE_PRICE_OFFER,,1,A202412,C2025Q4T09,NSW1-QLD1,QLD1,3,31000.51
D,RESIDUE_PRICE_OFFER,,1,A202412,C2025Q4T09,NSW1-QLD1,QLD1,3,31500.51
D,RESIDUE_PRICE_OFFER,,1,A202412,C2025Q4T09,NSW1-QLD1,QLD1,3,32000.51
D,RESIDUE_PRICE_OFFER,,1,A202412,C2025Q4T09,NSW1-QLD1,QLD1,3,32500.51
D,RESIDUE_PRICE_OFFER,,1,A202412,C2025Q4T09,NSW1-QLD1,QLD1,3,33000.51
D,RESIDUE_PRICE_OFFER,,1,A202412,C2025Q4T09,NSW1-QLD1,QLD1,3,33500.51
D,RESIDUE_PRICE_OFFER,,1,A202412,C2025Q4T09,NSW1-QLD1,QLD1,3,34000.51
D,RESIDUE_PRICE_OFFER,,1,A202412,C2025Q4T09,NSW1-QLD1,QLD1,3,34500.51
D,RESIDUE_PRICE_OFFER,,1,A202412,C2025Q4T09,NSW1-QLD1,QLD1,3,35000.51
D,RESIDUE_PRICE_OFFER,,1,A202412,C2025Q4T09,NSW1-QLD1,QLD1,3,35500.51
D,RESIDUE_PRICE_OFFER,,1,A202412,C2025Q4T09,NSW1-QLD1,QLD1,3,36000.51
D,RESIDUE_PRICE_OFFER,,1,A202412,C2025Q4T09,NSW1-QLD1,QLD1,3,36500.51
D,RESIDUE_PRICE_OFFER,,1,A202412,C2025Q4T09,NSW1-QLD1,QLD1,3,37000.51
D,RESIDUE_PRICE_OFFER,,1,A202412,C2025Q4T09,NSW1-QLD1,QLD1,3,37500.51
D,RESIDUE_PRICE_OFFER,,1,A202412,C2025Q4T09,NSW1-QLD1,QLD1,3,38000.51
D,RESIDUE_PRICE_OFFER,,1,A202412,C2025Q4T09,NSW1-QLD1,QLD1,3,38500.51
D,RESIDUE_PRICE_OFFER,,1,A202412,C2025Q4T09,NSW1-QLD1,QLD1,3,39000.51
D,RESIDUE_PRICE_OFFER,,1,A202412,C2025Q4T09,NSW1-QLD1,QLD1,3,39500.51
D,RESIDUE_PRICE_OFFER,,1,A202412,C2025Q4T09,NSW1-QLD1,QLD1,3,40000.51
D,RESIDUE_PRICE_OFFER,,1,A202412,C2025Q4T09,NSW1-QLD1,QLD1,5,27667
D,RESIDUE_PRICE_OFFER,,1,A202412,C2025Q4T09,NSW1-QLD1,QLD1,100,0
D,RESIDUE_PRICE_OFFER,,1,A202412,C2025Q4T09,V-SA,SA1,1,5366.5930
D,RESIDUE_PRICE_OFFER,,1,A202412,C2025Q4T09,V-SA,SA1,1,5634.922650
D,RESIDUE_PRICE_OFFER,,1,A202412,C2025Q4T09,V-SA,SA1,1,7550.59
D,RESIDUE_PRICE_OFFER,,1,A202412,C2025Q4T09,V-SA,SA1,1,7600.59
D,RESIDUE_PRICE_OFFER,,1,A202412,C2025Q4T09,V-SA,SA1,1,7650.59
D,RESIDUE_PRICE_OFFER,,1,A202412,C2025Q4T09,V-SA,SA1,1,7700.59
D,RESIDUE_PRICE_OFFER,,1,A202412,C2025Q4T09,V-SA,SA1,1,7750.59
D,RESIDUE_PRICE_OFFER,,1,A202412,C2025Q4T09,V-SA,SA1,1,7800.59
D,RESIDUE_PRICE_OFFER,,1,A202412,C2025Q4T09,V-SA,SA1,1,7850.59
D,RESIDUE_PRICE_OFFER,,1,A202412,C2025Q4T09,V-SA,SA1,1,7900.59
D,RESIDUE_PRICE_OFFER,,1,A202412,C2025Q4T09,V-SA,SA1,1,7950.59
D,RESIDUE_PRICE_OFFER,,1,A202412,C2025Q4T09,V-SA,SA1,1,8000.59
D,RESIDUE_PRICE_OFFER,,1,A202412,C2025Q4T09,V-SA,SA1,1,8050.59
D,RESIDUE_PRICE_OFFER,,1,A202412,C2025Q4T09,V-SA,SA1,1,8100.59
D,RESIDUE_PRICE_OFFER,,1,A202412,C2025Q4T09,V-SA,SA1,1,8150.59
D,RESIDUE_PRICE_OFFER,,1,A202412,C2025Q4T09,V-SA,SA1,1,8200.59
D,RESIDUE_PRICE_OFFER,,1,A202412,C2025Q4T09,V-SA,SA1,1,8250.59
D,RESIDUE_PRICE_OFFER,,1,A202412,C2025Q4T09,V-SA,SA1,1,8300.59
D,RESIDUE_PRICE_OFFER,,1,A202412,C2025Q4T09,V-SA,SA1,1,8350.59
D,RESIDUE_PRICE_OFFER,,1,A202412,C2025Q4T09,V-SA,SA1,1,8400.59
D,RESIDUE_PRICE_OFFER,,1,A202412,C2025Q4T09,V-SA,SA1,1,8450.59
D,RESIDUE_PRICE_OFFER,,1,A202412,C2025Q4T09,V-SA,SA1,1,8500.59
D,RESIDUE_PRICE_OFFER,,1,A202412,C2025Q4T09,V-SA,SA1,2,6198.414910
D,RESIDUE_PRICE_OFFER,,1,A202412,C2025Q4T09,V-SA,SA1,2,9150.59
D,RESIDUE_PRICE_OFFER,,1,A202412,C2025Q4T09,V-SA,SA1,2,9300.59
D,RESIDUE_PRICE_OFFER,,1,A202412,C2025Q4T09,V-SA,SA1,2,9450.59
D,RESIDUE_PRICE_OFFER,,1,A202412,C2025Q4T09,V-SA,SA1,2,9600.59
D,RESIDUE_PRICE_OFFER,,1,A202412,C2025Q4T09,V-SA,SA1,2,9750.59
D,RESIDUE_PRICE_OFFER,,1,A202412,C2025Q4T09,V-SA,SA1,2,9900.59
D,RESIDUE_PRICE_OFFER,,1,A202412,C2025Q4T09,V-SA,SA1,2,10050.59
D,RESIDUE_PRICE_OFFER,,1,A202412,C2025Q4T09,V-SA,SA1,2,10200.59
D,RESIDUE_PRICE_OFFER,,1,A202412,C2025Q4T09,V-SA,SA1,2,10350.59
D,RESIDUE_PRICE_OFFER,,1,A202412,C2025Q4T09,V-SA,SA1,2,10500.59
D,RESIDUE_PRICE_OFFER,,1,A202412,C2025Q4T09,V-SA,SA1,2,10650.59
D,RESIDUE_PRICE_OFFER,,1,A202412,C2025Q4T09,V-SA,SA1,2,10800.59
D,RESIDUE_PRICE_OFFER,,1,A202412,C2025Q4T09,V-SA,SA1,2,10950.59
D,RESIDUE_PRICE_OFFER,,1,A202412,C2025Q4T09,V-SA,SA1,2,11100.59
D,RESIDUE_PRICE_OFFER,,1,A202412,C2025Q4T09,V-SA,SA1,2,11250.59
D,RESIDUE_PRICE_OFFER,,1,A202412,C2025Q4T09,V-SA,SA1,2,11400.59
D,RESIDUE_PRICE_OFFER,,1,A202412,C2025Q4T09,V-SA,SA1,2,11550.59
D,RESIDUE_PRICE_OFFER,,1,A202412,C2025Q4T09,V-SA,SA1,2,11700.59
D,RESIDUE_PRICE_OFFER,,1,A202412,C2025Q4T09,V-SA,SA1,2,11850.59
D,RESIDUE_PRICE_OFFER,,1,A202412,C2025Q4T09,V-SA,SA1,2,12000.59
D,RESIDUE_PRICE_OFFER,,1,A202412,C2025Q4T09,V-SA,SA1,3,6800
D,RESIDUE_PRICE_OFFER,,1,A202412,C2025Q4T09,V-SA,SA1,3,6818.2564
D,RESIDUE_PRICE_OFFER,,1,A202412,C2025Q4T09,V-SA,SA1,3,7500.082040
D,RESIDUE_PRICE_OFFER,,1,A202412,C2025Q4T09,V-SA,SA1,3,8250.090250
D,RESIDUE_PRICE_OFFER,,1,A202412,C2025Q4T09,V-SA,SA1,64,0
D,RESIDUE_PRICE_OFFER,,1,A202412,C2025Q4T09,V-SA,VIC1,2,16200.37
D,RESIDUE_PRICE_OFFER,,1,A202412,C2025Q4T09,V-SA,VIC1,2,16400.37
D,RESIDUE_PRICE_OFFER,,1,A202412,C2025Q4T09,V-SA,VIC1,2,16600.37
D,RESIDUE_PRICE_OFFER,,1,A202412,C2025Q4T09,V-SA,VIC1,2,16800.37
D,RESIDUE_PRICE_OFFER,,1,A202412,C2025Q4T09,V-SA,VIC1,2,17000.37
D,RESIDUE_PRICE_OFFER,,1,A202412,C2025Q4T09,V-SA,VIC1,2,17200.37
D,RESIDUE_PRICE_OFFER,,1,A202412,C2025Q4T09,V-SA,VIC1,2,17400.37
D,RESIDUE_PRICE_OFFER,,1,A202412,C2025Q4T09,V-SA,VIC1,2,17600.37
D,RESIDUE_PRICE_OFFER,,1,A202412,C2025Q4T09,V-SA,VIC1,2,17800.37
D,RESIDUE_PRICE_OFFER,,1,A202412,C2025Q4T09,V-SA,VIC1,2,18000.37
D,RESIDUE_PRICE_OFFER,,1,A202412,C2025Q4T09,V-SA,VIC1,3,15696.1050
D,RESIDUE_PRICE_OFFER,,1,A202412,C2025Q4T09,V-SA,VIC1,3,16166.988150
D,RESIDUE_PRICE_OFFER,,1,A202412,C2025Q4T09,V-SA,VIC1,3,16651.997790
D,RESIDUE_PRICE_OFFER,,1,A202412,C2025Q4T09,V-SA,VIC1,4,17151.557730
D,RESIDUE_PRICE_OFFER,,1,A202412,C2025Q4T09,V-SA,VIC1,4,17666.104450
D,RESIDUE_PRICE_OFFER,,1,A202412,C2025Q4T09,V-SA,VIC1,4,18196.087590
D,RESIDUE_PRICE_OFFER,,1,A202412,C2025Q4T09,V-SA,VIC1,73,0
D,RESIDUE_PRICE_OFFER,,1,A202412,C2025Q4T09,VIC1-NSW1,NSW1,1,1450
D,RESIDUE_PRICE_OFFER,,1,A202412,C2025Q4T09,VIC1-NSW1,NSW1,1,1568
D,RESIDUE_PRICE_OFFER,,1,A202412,C2025Q4T09,VIC1-NSW1,NSW1,1,1690
D,RESIDUE_PRICE_OFFER,,1,A202412,C2025Q4T09,VIC1-NSW1,NSW1,1,1815
D,RESIDUE_PRICE_OFFER,,1,A202412,C2025Q4T09,VIC1-NSW1,NSW1,1,1917
D,RESIDUE_PRICE_OFFER,,1,A202412,C2025Q4T09,VIC1-NSW1,NSW1,1,2019
D,RESIDUE_PRICE_OFFER,,1,A202412,C2025Q4T09,VIC1-NSW1,NSW1,1,2143
D,RESIDUE_PRICE_OFFER,,1,A202412,C2025Q4T09,VIC1-NSW1,NSW1,1,2246
D,RESIDUE_PRICE_OFFER,,1,A202412,C2025Q4T09,VIC1-NSW1,NSW1,1,2347
D,RESIDUE_PRICE_OFFER,,1,A202412,C2025Q4T09,VIC1-NSW1,NSW1,1,2449
D,RESIDUE_PRICE_OFFER,,1,A202412,C2025Q4T09,VIC1-NSW1,NSW1,1,2553
D,RESIDUE_PRICE_OFFER,,1,A202412,C2025Q4T09,VIC1-NSW1,NSW1,1,2645
D,RESIDUE_PRICE_OFFER,,1,A202412,C2025Q4T09,VIC1-NSW1,NSW1,1,2739
D,RESIDUE_PRICE_OFFER,,1,A202412,C2025Q4T09,VIC1-NSW1,NSW1,1,2829
D,RESIDUE_PRICE_OFFER,,1,A202412,C2025Q4T09,VIC1-NSW1,NSW1,1,2920
D,RESIDUE_PRICE_OFFER,,1,A202412,C2025Q4T09,VIC1-NSW1,NSW1,1,4360
D,RESIDUE_PRICE_OFFER,,1,A202412,C2025Q4T09,VIC1-NSW1,NSW1,2,3001
D,RESIDUE_PRICE_OFFER,,1,A202412,C2025Q4T09,VIC1-NSW1,NSW1,2,3075
D,RESIDUE_PRICE_OFFER,,1,A202412,C2025Q4T09,VIC1-NSW1,NSW1,2,3146
D,RESIDUE_PRICE_OFFER,,1,A202412,C2025Q4T09,VIC1-NSW1,NSW1,2,3242
D,RESIDUE_PRICE_OFFER,,1,A202412,C2025Q4T09,VIC1-NSW1,NSW1,2,3311
D,RESIDUE_PRICE_OFFER,,1,A202412,C2025Q4T09,VIC1-NSW1,NSW1,2,3380
D,RESIDUE_PRICE_OFFER,,1,A202412,C2025Q4T09,VIC1-NSW1,NSW1,2,3471
D,RESIDUE_PRICE_OFFER,,1,A202412,C2025Q4T09,VIC1-NSW1,NSW1,2,3549
D,RESIDUE_PRICE_OFFER,,1,A202412,C2025Q4T09,VIC1-NSW1,NSW1,2,3640
D,RESIDUE_PRICE_OFFER,,1,A202412,C2025Q4T09,VIC1-NSW1,NSW1,2,3706
D,RESIDUE_PRICE_OFFER,,1,A202412,C2025Q4T09,VIC1-NSW1,NSW1,2,3796
D,RESIDUE_PRICE_OFFER,,1,A202412,C2025Q4T09,VIC1-NSW1,NSW1,2,3865
D,RESIDUE_PRICE_OFFER,,1,A202412,C2025Q4T09,VIC1-NSW1,NSW1,2,3962
D,RESIDUE_PRICE_OFFER,,1,A202412,C2025Q4T09,VIC1-NSW1,NSW1,2,4036
D,RESIDUE_PRICE_OFFER,,1,A202412,C2025Q4T09,VIC1-NSW1,NSW1,2,4129
D,RESIDUE_PRICE_OFFER,,1,A202412,C2025Q4T09,VIC1-NSW1,NSW1,2,4212
D,RESIDUE_PRICE_OFFER,,1,A202412,C2025Q4T09,VIC1-NSW1,NSW1,2,4279
D,RESIDUE_PRICE_OFFER,,1,A202412,C2025Q4T09,VIC1-NSW1,NSW1,3,2659
D,RESIDUE_PRICE_OFFER,,1,A202412,C2025Q4T09,VIC1-NSW1,NSW1,5,4400
D,RESIDUE_PRICE_OFFER,,1,A202412,C2025Q4T09,VIC1-NSW1,NSW1,108,0
D,RESIDUE_PRICE_OFFER,,1,A202412,C2025Q4T09,VIC1-NSW1,VIC1,1,13917
D,RESIDUE_PRICE_OFFER,,1,A202412,C2025Q4T09,VIC1-NSW1,VIC1,1,14345
D,RESIDUE_PRICE_OFFER,,1,A202412,C2025Q4T09,VIC1-NSW1,VIC1,1,14752
D,RESIDUE_PRICE_OFFER,,1,A202412,C2025Q4T09,VIC1-NSW1,VIC1,1,15020
D,RESIDUE_PRICE_OFFER,,1,A202412,C2025Q4T09,VIC1-NSW1,VIC1,1,16802
D,RESIDUE_PRICE_OFFER,,1,A202412,C2025Q4T09,VIC1-NSW1,VIC1,1,17164
D,RESIDUE_PRICE_OFFER,,1,A202412,C2025Q4T09,VIC1-NSW1,VIC1,1,17467
D,RESIDUE_PRICE_OFFER,,1,A202412,C2025Q4T09,VIC1-NSW1,VIC1,1,17968
D,RESIDUE_PRICE_OFFER,,1,A202412,C2025Q4T09,VIC1-NSW1,VIC1,1,18275
D,RESIDUE_PRICE_OFFER,,1,A202412,C2025Q4T09,VIC1-NSW1,VIC1,1,18666
D,RESIDUE_PRICE_OFFER,,1,A202412,C2025Q4T09,VIC1-NSW1,VIC1,1,19065
D,RESIDUE_PRICE_OFFER,,1,A202412,C2025Q4T09,VIC1-NSW1,VIC1,1,19553
D,RESIDUE_PRICE_OFFER,,1,A202412,C2025Q4T09,VIC1-NSW1,VIC1,1,19850
D,RESIDUE_PRICE_OFFER,,1,A202412,C2025Q4T09,VIC1-NSW1,VIC1,1,20277
D,RESIDUE_PRICE_OFFER,,1,A202412,C2025Q4T09,VIC1-NSW1,VIC1,1,20783
D,RESIDUE_PRICE_OFFER,,1,A202412,C2025Q4T09,VIC1-NSW1,VIC1,1,21228
D,RESIDUE_PRICE_OFFER,,1,A202412,C2025Q4T09,VIC1-NSW1,VIC1,1,21732
D,RESIDUE_PRICE_OFFER,,1,A202412,C2025Q4T09,VIC1-NSW1,VIC1,1,22133
D,RESIDUE_PRICE_OFFER,,1,A202412,C2025Q4T09,VIC1-NSW1,VIC1,1,22584
D,RESIDUE_PRICE_OFFER,,1,A202412,C2025Q4T09,VIC1-NSW1,VIC1,1,23004
D,RESIDUE_PRICE_OFFER,,1,A202412,C2025Q4T09,VIC1-NSW1,VIC1,1,23500
D,RESIDUE_PRICE_OFFER,,1,A202412,C2025Q4T09,VIC1-NSW1,VIC1,1,23820
D,RESIDUE_PRICE_OFFER,,1,A202412,C2025Q4T09,VIC1-NSW1,VIC1,1,24147
D,RESIDUE_PRICE_OFFER,,1,A202412,C2025Q4T09,VIC1-NSW1,VIC1,2,18133.939990
D,RESIDUE_PRICE_OFFER,,1,A202412,C2025Q4T09,VIC1-NSW1,VIC1,2,18266.939990
D,RESIDUE_PRICE_OFFER,,1,A202412,C2025Q4T09,VIC1-NSW1,VIC1,2,18399.939990
D,RESIDUE_PRICE_OFFER,,1,A202412,C2025Q4T09,VIC1-NSW1,VIC1,2,18532.939990
D,RESIDUE_PRICE_OFFER,,1,A202412,C2025Q4T09,VIC1-NSW1,VIC1,2,18665.939990
D,RESIDUE_PRICE_OFFER,,1,A202412,C2025Q4T09,VIC1-NSW1,VIC1,2,18798.939990
D,RESIDUE_PRICE_OFFER,,1,A202412,C2025Q4T09,VIC1-NSW1,VIC1,2,18931.939990
D,RESIDUE_PRICE_OFFER,,1,A202412,C2025Q4T09,VIC1-NSW1,VIC1,2,19064.939990
D,RESIDUE_PRICE_OFFER,,1,A202412,C2025Q4T09,VIC1-NSW1,VIC1,2,19197.939990
D,RESIDUE_PRICE_OFFER,,1,A202412,C2025Q4T09,VIC1-NSW1,VIC1,2,19330.939990
D,RESIDUE_PRICE_OFFER,,1,A202412,C2025Q4T09,VIC1-NSW1,VIC1,2,19463.939990
D,RESIDUE_PRICE_OFFER,,1,A202412,C2025Q4T09,VIC1-NSW1,VIC1,2,19596.939990
D,RESIDUE_PRICE_OFFER,,1,A202412,C2025Q4T09,VIC1-NSW1,VIC1,2,19729.939990
D,RESIDUE_PRICE_OFFER,,1,A202412,C2025Q4T09,VIC1-NSW1,VIC1,2,19862.939990
D,RESIDUE_PRICE_OFFER,,1,A202412,C2025Q4T09,VIC1-NSW1,VIC1,2,19995.939990
D,RESIDUE_PRICE_OFFER,,1,A202412,C2025Q4T09,VIC1-NSW1,VIC1,5,31000.94
D,RESIDUE_PRICE_OFFER,,1,A202412,C2025Q4T09,VIC1-NSW1,VIC1,5,32000.94
D,RESIDUE_PRICE_OFFER,,1,A202412,C2025Q4T09,VIC1-NSW1,VIC1,5,33000.94
D,RESIDUE_PRICE_OFFER,,1,A202412,C2025Q4T09,VIC1-NSW1,VIC1,5,34000.94
D,RESIDUE_PRICE_OFFER,,1,A202412,C2025Q4T09,VIC1-NSW1,VIC1,5,35000.94
D,RESIDUE_PRICE_OFFER,,1,A202412,C2025Q4T09,VIC1-NSW1,VIC1,5,36000.94
D,RESIDUE_PRICE_OFFER,,1,A202412,C2025Q4T09,VIC1-NSW1,VIC1,5,37000.94
D,RESIDUE_PRICE_OFFER,,1,A202412,C2025Q4T09,VIC1-NSW1,VIC1,5,38000.94
D,RESIDUE_PRICE_OFFER,,1,A202412,C2025Q4T09,VIC1-NSW1,VIC1,5,39000.94
D,RESIDUE_PRICE_OFFER,,1,A202412,C2025Q4T09,VIC1-NSW1,VIC1,5,40000.94
D,RESIDUE_PRICE_OFFER,,1,A202412,C2025Q4T09,VIC1-NSW1,VIC1,5,41000.94
D,RESIDUE_PRICE_OFFER,,1,A202412,C2025Q4T09,VIC1-NSW1,VIC1,5,42000.94
D,RESIDUE_PRICE_OFFER,,1,A202412,C2025Q4T09,VIC1-NSW1,VIC1,5,43000.94
D,RESIDUE_PRICE_OFFER,,1,A202412,C2025Q4T09,VIC1-NSW1,VIC1,5,44000.94
D,RESIDUE_PRICE_OFFER,,1,A202412,C2025Q4T09,VIC1-NSW1,VIC1,5,45000.94
D,RESIDUE_PRICE_OFFER,,1,A202412,C2025Q4T09,VIC1-NSW1,VIC1,5,46000.94
D,RESIDUE_PRICE_OFFER,,1,A202412,C2025Q4T09,VIC1-NSW1,VIC1,5,47000.94
D,RESIDUE_PRICE_OFFER,,1,A202412,C2025Q4T09,VIC1-NSW1,VIC1,5,48000.94
D,RESIDUE_PRICE_OFFER,,1,A202412,C2025Q4T09,VIC1-NSW1,VIC1,5,49000.94
D,RESIDUE_PRICE_OFFER,,1,A202412,C2025Q4T09,VIC1-NSW1,VIC1,5,50000.94
D,RESIDUE_PRICE_OFFER,,1,A202412,C2025Q4T09,VIC1-NSW1,VIC1,6,16764
D,RESIDUE_PRICE_OFFER,,1,A202412,C2025Q4T09,VIC1-NSW1,VIC1,12,50900
D,RESIDUE_PRICE_OFFER,,1,A202412,C2025Q4T09,VIC1-NSW1,VIC1,125,0
D,RESIDUE_PRICE_OFFER,,1,A202412,C2026Q1T08,NSW1-QLD1,NSW1,1,25506.25
D,RESIDUE_PRICE_OFFER,,1,A202412,C2026Q1T08,NSW1-QLD1,NSW1,1,26781.5625
D,RESIDUE_PRICE_OFFER,,1,A202412,C2026Q1T08,NSW1-QLD1,NSW1,1,28120.640630
D,RESIDUE_PRICE_OFFER,,1,A202412,C2026Q1T08,NSW1-QLD1,NSW1,1,29526.672660
D,RESIDUE_PRICE_OFFER,,1,A202412,C2026Q1T08,NSW1-QLD1,NSW1,1,31003.006290
D,RESIDUE_PRICE_OFFER,,1,A202412,C2026Q1T08,NSW1-QLD1,NSW1,1,32553.1566
D,RESIDUE_PRICE_OFFER,,1,A202412,C2026Q1T08,NSW1-QLD1,NSW1,45,0
D,RESIDUE_PRICE_OFFER,,1,A202412,C2026Q1T08,NSW1-QLD1,QLD1,1,25000
D,RESIDUE_PRICE_OFFER,,1,A202412,C2026Q1T08,NSW1-QLD1,QLD1,2,27100.51
D,RESIDUE_PRICE_OFFER,,1,A202412,C2026Q1T08,NSW1-QLD1,QLD1,2,27200.51
D,RESIDUE_PRICE_OFFER,,1,A202412,C2026Q1T08,NSW1-QLD1,QLD1,2,27300.51
D,RESIDUE_PRICE_OFFER,,1,A202412,C2026Q1T08,NSW1-QLD1,QLD1,2,27400.51
D,RESIDUE_PRICE_OFFER,,1,A202412,C2026Q1T08,NSW1-QLD1,QLD1,2,27500.51
D,RESIDUE_PRICE_OFFER,,1,A202412,C2026Q1T08,NSW1-QLD1,QLD1,2,27600.51
D,RESIDUE_PRICE_OFFER,,1,A202412,C2026Q1T08,NSW1-QLD1,QLD1,2,27700.51
D,RESIDUE_PRICE_OFFER,,1,A202412,C2026Q1T08,NSW1-QLD1,QLD1,2,27800.51
D,RESIDUE_PRICE_OFFER,,1,A202412,C2026Q1T08,NSW1-QLD1,QLD1,2,27900.51
D,RESIDUE_PRICE_OFFER,,1,A202412,C2026Q1T08,NSW1-QLD1,QLD1,2,28000.51
D,RESIDUE_PRICE_OFFER,,1,A202412,C2026Q1T08,NSW1-QLD1,QLD1,2,28582
D,RESIDUE_PRICE_OFFER,,1,A202412,C2026Q1T08,NSW1-QLD1,QLD1,2,34774.373260
D,RESIDUE_PRICE_OFFER,,1,A202412,C2026Q1T08,NSW1-QLD1,QLD1,3,29725.28
D,RESIDUE_PRICE_OFFER,,1,A202412,C2026Q1T08,NSW1-QLD1,QLD1,3,30914.2912
D,RESIDUE_PRICE_OFFER,,1,A202412,C2026Q1T08,NSW1-QLD1,QLD1,3,32150.862850
D,RESIDUE_PRICE_OFFER,,1,A202412,C2026Q1T08,NSW1-QLD1,QLD1,3,33436.897360
D,RESIDUE_PRICE_OFFER,,1,A202412,C2026Q1T08,NSW1-QLD1,QLD1,5,23229
D,RESIDUE_PRICE_OFFER,,1,A202412,C2026Q1T08,NSW1-QLD1,QLD1,5,24589
D,RESIDUE_PRICE_OFFER,,1,A202412,C2026Q1T08,NSW1-QLD1,QLD1,100,0
D,RESIDUE_PRICE_OFFER,,1,A202412,C2026Q1T08,V-SA,SA1,1,6353.51
D,RESIDUE_PRICE_OFFER,,1,A202412,C2026Q1T08,V-SA,SA1,1,6671.1855
D,RESIDUE_PRICE_OFFER,,1,A202412,C2026Q1T08,V-SA,SA1,1,7338.304050
D,RESIDUE_PRICE_OFFER,,1,A202412,C2026Q1T08,V-SA,SA1,1,8072.134450
D,RESIDUE_PRICE_OFFER,,1,A202412,C2026Q1T08,V-SA,SA1,1,8879.3479
D,RESIDUE_PRICE_OFFER,,1,A202412,C2026Q1T08,V-SA,SA1,1,9767.282690
D,RESIDUE_PRICE_OFFER,,1,A202412,C2026Q1T08,V-SA,SA1,10,7805
D,RESIDUE_PRICE_OFFER,,1,A202412,C2026Q1T08,V-SA,SA1,64,0
D,RESIDUE_PRICE_OFFER,,1,A202412,C2026Q1T08,V-SA,VIC1,1,24100.37
D,RESIDUE_PRICE_OFFER,,1,A202412,C2026Q1T08,V-SA,VIC1,1,24200.37
D,RESIDUE_PRICE_OFFER,,1,A202412,C2026Q1T08,V-SA,VIC1,1,24300.37
D,RESIDUE_PRICE_OFFER,,1,A202412,C2026Q1T08,V-SA,VIC1,1,24400.37
D,RESIDUE_PRICE_OFFER,,1,A202412,C2026Q1T08,V-SA,VIC1,1,24500.37
D,RESIDUE_PRICE_OFFER,,1,A202412,C2026Q1T08,V-SA,VIC1,1,24600.37
D,RESIDUE_PRICE_OFFER,,1,A202412,C2026Q1T08,V-SA,VIC1,1,24700.37
D,RESIDUE_PRICE_OFFER,,1,A202412,C2026Q1T08,V-SA,VIC1,1,24800.37
D,RESIDUE_PRICE_OFFER,,1,A202412,C2026Q1T08,V-SA,VIC1,1,24900.37
D,RESIDUE_PRICE_OFFER,,1,A202412,C2026Q1T08,V-SA,VIC1,1,25000.37
D,RESIDUE_PRICE_OFFER,,1,A202412,C2026Q1T08,V-SA,VIC1,1,25100.37
D,RESIDUE_PRICE_OFFER,,1,A202412,C2026Q1T08,V-SA,VIC1,1,25200.37
D,RESIDUE_PRICE_OFFER,,1,A202412,C2026Q1T08,V-SA,VIC1,1,25300.37
D,RESIDUE_PRICE_OFFER,,1,A202412,C2026Q1T08,V-SA,VIC1,1,25400.37
D,RESIDUE_PRICE_OFFER,,1,A202412,C2026Q1T08,V-SA,VIC1,1,25500.37
D,RESIDUE_PRICE_OFFER,,1,A202412,C2026Q1T08,V-SA,VIC1,1,25600.37
D,RESIDUE_PRICE_OFFER,,1,A202412,C2026Q1T08,V-SA,VIC1,1,25700.37
D,RESIDUE_PRICE_OFFER,,1,A202412,C2026Q1T08,V-SA,VIC1,1,25800.37
D,RESIDUE_PRICE_OFFER,,1,A202412,C2026Q1T08,V-SA,VIC1,1,25900.37
D,RESIDUE_PRICE_OFFER,,1,A202412,C2026Q1T08,V-SA,VIC1,1,26000.37
D,RESIDUE_PRICE_OFFER,,1,A202412,C2026Q1T08,V-SA,VIC1,73,0
D,RESIDUE_PRICE_OFFER,,1,A202412,C2026Q1T08,VIC1-NSW1,NSW1,2,7650.93
D,RESIDUE_PRICE_OFFER,,1,A202412,C2026Q1T08,VIC1-NSW1,NSW1,2,7750.93
D,RESIDUE_PRICE_OFFER,,1,A202412,C2026Q1T08,VIC1-NSW1,NSW1,2,7850.93
D,RESIDUE_PRICE_OFFER,,1,A202412,C2026Q1T08,VIC1-NSW1,NSW1,2,7950.93
D,RESIDUE_PRICE_OFFER,,1,A202412,C2026Q1T08,VIC1-NSW1,NSW1,2,8050.93
D,RESIDUE_PRICE_OFFER,,1,A202412,C2026Q1T08,VIC1-NSW1,NSW1,2,8150.93
D,RESIDUE_PRICE_OFFER,,1,A202412,C2026Q1T08,VIC1-NSW1,NSW1,2,8250.93
D,RESIDUE_PRICE_OFFER,,1,A202412,C2026Q1T08,VIC1-NSW1,NSW1,2,8350.93
D,RESIDUE_PRICE_OFFER,,1,A202412,C2026Q1T08,VIC1-NSW1,NSW1,2,8450.93
D,RESIDUE_PRICE_OFFER,,1,A202412,C2026Q1T08,VIC1-NSW1,NSW1,2,8550.93
D,RESIDUE_PRICE_OFFER,,1,A202412,C2026Q1T08,VIC1-NSW1,NSW1,4,4692.359990
D,RESIDUE_PRICE_OFFER,,1,A202412,C2026Q1T08,VIC1-NSW1,NSW1,4,5520
D,RESIDUE_PRICE_OFFER,,1,A202412,C2026Q1T08,VIC1-NSW1,NSW1,5,4600.35
D,RESIDUE_PRICE_OFFER,,1,A202412,C2026Q1T08,VIC1-NSW1,NSW1,108,0
D,RESIDUE_PRICE_OFFER,,1,A202412,C2026Q1T08,VIC1-NSW1,VIC1,1,21040.939990
D,RESIDUE_PRICE_OFFER,,1,A202412,C2026Q1T08,VIC1-NSW1,VIC1,1,21080.939990
D,RESIDUE_PRICE_OFFER,,1,A202412,C2026Q1T08,VIC1-NSW1,VIC1,1,21120.939990
D,RESIDUE_PRICE_OFFER,,1,A202412,C2026Q1T08,VIC1-NSW1,VIC1,1,21160.939990
D,RESIDUE_PRICE_OFFER,,1,A202412,C2026Q1T08,VIC1-NSW1,VIC1,1,21200.939990
D,RESIDUE_PRICE_OFFER,,1,A202412,C2026Q1T08,VIC1-NSW1,VIC1,1,21240.939990
D,RESIDUE_PRICE_OFFER,,1,A202412,C2026Q1T08,VIC1-NSW1,VIC1,1,21280.939990
D,RESIDUE_PRICE_OFFER,,1,A202412,C2026Q1T08,VIC1-NSW1,VIC1,1,21320.939990
D,RESIDUE_PRICE_OFFER,,1,A202412,C2026Q1T08,VIC1-NSW1,VIC1,1,21360.939990
D,RESIDUE_PRICE_OFFER,,1,A202412,C2026Q1T08,VIC1-NSW1,VIC1,1,21400.939990
D,RESIDUE_PRICE_OFFER,,1,A202412,C2026Q1T08,VIC1-NSW1,VIC1,1,21440.939990
D,RESIDUE_PRICE_OFFER,,1,A202412,C2026Q1T08,VIC1-NSW1,VIC1,1,21480.94
D,RESIDUE_PRICE_OFFER,,1,A202412,C2026Q1T08,VIC1-NSW1,VIC1,1,21520.94
D,RESIDUE_PRICE_OFFER,,1,A202412,C2026Q1T08,VIC1-NSW1,VIC1,1,21560.94
D,RESIDUE_PRICE_OFFER,,1,A202412,C2026Q1T08,VIC1-NSW1,VIC1,1,21600.94
D,RESIDUE_PRICE_OFFER,,1,A202412,C2026Q1T08,VIC1-NSW1,VIC1,1,21640.94
D,RESIDUE_PRICE_OFFER,,1,A202412,C2026Q1T08,VIC1-NSW1,VIC1,1,21680.94
D,RESIDUE_PRICE_OFFER,,1,A202412,C2026Q1T08,VIC1-NSW1,VIC1,1,21720.94
D,RESIDUE_PRICE_OFFER,,1,A202412,C2026Q1T08,VIC1-NSW1,VIC1,1,21760.94
D,RESIDUE_PRICE_OFFER,,1,A202412,C2026Q1T08,VIC1-NSW1,VIC1,1,21800.94
D,RESIDUE_PRICE_OFFER,,1,A202412,C2026Q1T08,VIC1-NSW1,VIC1,1,21840.94
D,RESIDUE_PRICE_OFFER,,1,A202412,C2026Q1T08,VIC1-NSW1,VIC1,1,21880.94
D,RESIDUE_PRICE_OFFER,,1,A202412,C2026Q1T08,VIC1-NSW1,VIC1,1,21920.94
D,RESIDUE_PRICE_OFFER,,1,A202412,C2026Q1T08,VIC1-NSW1,VIC1,1,21960.94
D,RESIDUE_PRICE_OFFER,,1,A202412,C2026Q1T08,VIC1-NSW1,VIC1,1,22000.94
D,RESIDUE_PRICE_OFFER,,1,A202412,C2026Q1T08,VIC1-NSW1,VIC1,3,20036
D,RESIDUE_PRICE_OFFER,,1,A202412,C2026Q1T08,VIC1-NSW1,VIC1,6,45574
D,RESIDUE_PRICE_OFFER,,1,A202412,C2026Q1T08,VIC1-NSW1,VIC1,9,34000.94
D,RESIDUE_PRICE_OFFER,,1,A202412,C2026Q1T08,VIC1-NSW1,VIC1,9,38000.94
D,RESIDUE_PRICE_OFFER,,1,A202412,C2026Q1T08,VIC1-NSW1,VIC1,9,42000.94
D,RESIDUE_PRICE_OFFER,,1,A202412,C2026Q1T08,VIC1-NSW1,VIC1,9,46000.94
D,RESIDUE_PRICE_OFFER,,1,A202412,C2026Q1T08,VIC1-NSW1,VIC1,9,50000.94
D,RESIDUE_PRICE_OFFER,,1,A202412,C2026Q1T08,VIC1-NSW1,VIC1,125,0
D,RESIDUE_PRICE_OFFER,,1,A202412,C2026Q2T07,NSW1-QLD1,NSW1,45,0
D,RESIDUE_PRICE_OFFER,,1,A202412,C2026Q2T07,NSW1-QLD1,QLD1,1,40080.51
D,RESIDUE_PRICE_OFFER,,1,A202412,C2026Q2T07,NSW1-QLD1,QLD1,1,40160.51
D,RESIDUE_PRICE_OFFER,,1,A202412,C2026Q2T07,NSW1-QLD1,QLD1,1,40240.51
D,RESIDUE_PRICE_OFFER,,1,A202412,C2026Q2T07,NSW1-QLD1,QLD1,1,40320.51
D,RESIDUE_PRICE_OFFER,,1,A202412,C2026Q2T07,NSW1-QLD1,QLD1,1,40400.51
D,RESIDUE_PRICE_OFFER,,1,A202412,C2026Q2T07,NSW1-QLD1,QLD1,1,40480.51
D,RESIDUE_PRICE_OFFER,,1,A202412,C2026Q2T07,NSW1-QLD1,QLD1,1,40560.51
D,RESIDUE_PRICE_OFFER,,1,A202412,C2026Q2T07,NSW1-QLD1,QLD1,1,40640.51
D,RESIDUE_PRICE_OFFER,,1,A202412,C2026Q2T07,NSW1-QLD1,QLD1,1,40720.51
D,RESIDUE_PRICE_OFFER,,1,A202412,C2026Q2T07,NSW1-QLD1,QLD1,1,40800.51
D,RESIDUE_PRICE_OFFER,,1,A202412,C2026Q2T07,NSW1-QLD1,QLD1,1,40880.51
D,RESIDUE_PRICE_OFFER,,1,A202412,C2026Q2T07,NSW1-QLD1,QLD1,1,40960.51
D,RESIDUE_PRICE_OFFER,,1,A202412,C2026Q2T07,NSW1-QLD1,QLD1,1,41040.51
D,RESIDUE_PRICE_OFFER,,1,A202412,C2026Q2T07,NSW1-QLD1,QLD1,1,41120.51
D,RESIDUE_PRICE_OFFER,,1,A202412,C2026Q2T07,NSW1-QLD1,QLD1,1,41200.51
D,RESIDUE_PRICE_OFFER,,1,A202412,C2026Q2T07,NSW1-QLD1,QLD1,1,41280.51
D,RESIDUE_PRICE_OFFER,,1,A202412,C2026Q2T07,NSW1-QLD1,QLD1,1,41360.51
D,RESIDUE_PRICE_OFFER,,1,A202412,C2026Q2T07,NSW1-QLD1,QLD1,1,41440.51
D,RESIDUE_PRICE_OFFER,,1,A202412,C2026Q2T07,NSW1-QLD1,QLD1,1,41520.51
D,RESIDUE_PRICE_OFFER,,1,A202412,C2026Q2T07,NSW1-QLD1,QLD1,1,41600.51
D,RESIDUE_PRICE_OFFER,,1,A202412,C2026Q2T07,NSW1-QLD1,QLD1,1,41680.51
D,RESIDUE_PRICE_OFFER,,1,A202412,C2026Q2T07,NSW1-QLD1,QLD1,1,41760.51
D,RESIDUE_PRICE_OFFER,,1,A202412,C2026Q2T07,NSW1-QLD1,QLD1,1,41840.51
D,RESIDUE_PRICE_OFFER,,1,A202412,C2026Q2T07,NSW1-QLD1,QLD1,1,41920.51
D,RESIDUE_PRICE_OFFER,,1,A202412,C2026Q2T07,NSW1-QLD1,QLD1,1,42000.51
D,RESIDUE_PRICE_OFFER,,1,A202412,C2026Q2T07,NSW1-QLD1,QLD1,3,35633.60
D,RESIDUE_PRICE_OFFER,,1,A202412,C2026Q2T07,NSW1-QLD1,QLD1,3,37058.9440
D,RESIDUE_PRICE_OFFER,,1,A202412,C2026Q2T07,NSW1-QLD1,QLD1,3,38541.301760
D,RESIDUE_PRICE_OFFER,,1,A202412,C2026Q2T07,NSW1-QLD1,QLD1,5,40082.953830
D,RESIDUE_PRICE_OFFER,,1,A202412,C2026Q2T07,NSW1-QLD1,QLD1,5,41686.271980
D,RESIDUE_PRICE_OFFER,,1,A202412,C2026Q2T07,NSW1-QLD1,QLD1,5,46042
D,RESIDUE_PRICE_OFFER,,1,A202412,C2026Q2T07,NSW1-QLD1,QLD1,8,43353.722860
D,RESIDUE_PRICE_OFFER,,1,A202412,C2026Q2T07,NSW1-QLD1,QLD1,100,0
D,RESIDUE_PRICE_OFFER,,1,A202412,C2026Q2T07,V-SA,SA1,9,6000.59
D,RESIDUE_PRICE_OFFER,,1,A202412,C2026Q2T07,V-SA,SA1,10,5555
D,RESIDUE_PRICE_OFFER,,1,A202412,C2026Q2T07,V-SA,SA1,64,0
D,RESIDUE_PRICE_OFFER,,1,A202412,C2026Q2T07,V-SA,VIC1,1,20080.37
D,RESIDUE_PRICE_OFFER,,1,A202412,C2026Q2T07,V-SA,VIC1,1,20160.37
D,RESIDUE_PRICE_OFFER,,1,A202412,C2026Q2T07,V-SA,VIC1,1,20240.37
D,RESIDUE_PRICE_OFFER,,1,A202412,C2026Q2T07,V-SA,VIC1,1,20320.37
D,RESIDUE_PRICE_OFFER,,1,A202412,C2026Q2T07,V-SA,VIC1,1,20400.37
D,RESIDUE_PRICE_OFFER,,1,A202412,C2026Q2T07,V-SA,VIC1,1,20480.37
D,RESIDUE_PRICE_OFFER,,1,A202412,C2026Q2T07,V-SA,VIC1,1,20560.37
D,RESIDUE_PRICE_OFFER,,1,A202412,C2026Q2T07,V-SA,VIC1,1,20640.37
D,RESIDUE_PRICE_OFFER,,1,A202412,C2026Q2T07,V-SA,VIC1,1,20720.37
D,RESIDUE_PRICE_OFFER,,1,A202412,C2026Q2T07,V-SA,VIC1,1,20800.37
D,RESIDUE_PRICE_OFFER,,1,A202412,C2026Q2T07,V-SA,VIC1,1,20880.37
D,RESIDUE_PRICE_OFFER,,1,A202412,C2026Q2T07,V-SA,VIC1,1,20960.37
D,RESIDUE_PRICE_OFFER,,1,A202412,C2026Q2T07,V-SA,VIC1,1,21040.37
D,RESIDUE_PRICE_OFFER,,1,A202412,C2026Q2T07,V-SA,VIC1,1,21120.37
D,RESIDUE_PRICE_OFFER,,1,A202412,C2026Q2T07,V-SA,VIC1,1,21200.37
D,RESIDUE_PRICE_OFFER,,1,A202412,C2026Q2T07,V-SA,VIC1,1,21280.37
D,RESIDUE_PRICE_OFFER,,1,A202412,C2026Q2T07,V-SA,VIC1,1,21360.37
D,RESIDUE_PRICE_OFFER,,1,A202412,C2026Q2T07,V-SA,VIC1,1,21440.37
D,RESIDUE_PRICE_OFFER,,1,A202412,C2026Q2T07,V-SA,VIC1,1,21520.37
D,RESIDUE_PRICE_OFFER,,1,A202412,C2026Q2T07,V-SA,VIC1,1,21600.37
D,RESIDUE_PRICE_OFFER,,1,A202412,C2026Q2T07,V-SA,VIC1,1,21680.37
D,RESIDUE_PRICE_OFFER,,1,A202412,C2026Q2T07,V-SA,VIC1,1,21760.37
D,RESIDUE_PRICE_OFFER,,1,A202412,C2026Q2T07,V-SA,VIC1,1,21840.37
D,RESIDUE_PRICE_OFFER,,1,A202412,C2026Q2T07,V-SA,VIC1,1,21920.37
D,RESIDUE_PRICE_OFFER,,1,A202412,C2026Q2T07,V-SA,VIC1,1,22000.37
D,RESIDUE_PRICE_OFFER,,1,A202412,C2026Q2T07,V-SA,VIC1,73,0
D,RESIDUE_PRICE_OFFER,,1,A202412,C2026Q2T07,VIC1-NSW1,NSW1,1,4045.93
D,RESIDUE_PRICE_OFFER,,1,A202412,C2026Q2T07,VIC1-NSW1,NSW1,1,4090.93
D,RESIDUE_PRICE_OFFER,,1,A202412,C2026Q2T07,VIC1-NSW1,NSW1,1,4135.93
D,RESIDUE_PRICE_OFFER,,1,A202412,C2026Q2T07,VIC1-NSW1,NSW1,1,4180.93
D,RESIDUE_PRICE_OFFER,,1,A202412,C2026Q2T07,VIC1-NSW1,NSW1,1,4225.93
D,RESIDUE_PRICE_OFFER,,1,A202412,C2026Q2T07,VIC1-NSW1,NSW1,1,4270.93
D,RESIDUE_PRICE_OFFER,,1,A202412,C2026Q2T07,VIC1-NSW1,NSW1,1,4315.93
D,RESIDUE_PRICE_OFFER,,1,A202412,C2026Q2T07,VIC1-NSW1,NSW1,1,4360.93
D,RESIDUE_PRICE_OFFER,,1,A202412,C2026Q2T07,VIC1-NSW1,NSW1,1,4405.93
D,RESIDUE_PRICE_OFFER,,1,A202412,C2026Q2T07,VIC1-NSW1,NSW1,1,4450.93
D,RESIDUE_PRICE_OFFER,,1,A202412,C2026Q2T07,VIC1-NSW1,NSW1,1,4495.93
D,RESIDUE_PRICE_OFFER,,1,A202412,C2026Q2T07,VIC1-NSW1,NSW1,1,4540.93
D,RESIDUE_PRICE_OFFER,,1,A202412,C2026Q2T07,VIC1-NSW1,NSW1,1,4585.93
D,RESIDUE_PRICE_OFFER,,1,A202412,C2026Q2T07,VIC1-NSW1,NSW1,1,4630.93
D,RESIDUE_PRICE_OFFER,,1,A202412,C2026Q2T07,VIC1-NSW1,NSW1,1,4675.93
D,RESIDUE_PRICE_OFFER,,1,A202412,C2026Q2T07,VIC1-NSW1,NSW1,1,4720.93
D,RESIDUE_PRICE_OFFER,,1,A202412,C2026Q2T07,VIC1-NSW1,NSW1,1,4765.93
D,RESIDUE_PRICE_OFFER,,1,A202412,C2026Q2T07,VIC1-NSW1,NSW1,1,4810.93
D,RESIDUE_PRICE_OFFER,,1,A202412,C2026Q2T07,VIC1-NSW1,NSW1,1,4855.93
D,RESIDUE_PRICE_OFFER,,1,A202412,C2026Q2T07,VIC1-NSW1,NSW1,1,4900.93
D,RESIDUE_PRICE_OFFER,,1,A202412,C2026Q2T07,VIC1-NSW1,NSW1,1,4945.93
D,RESIDUE_PRICE_OFFER,,1,A202412,C2026Q2T07,VIC1-NSW1,NSW1,1,4990.93
D,RESIDUE_PRICE_OFFER,,1,A202412,C2026Q2T07,VIC1-NSW1,NSW1,5,3095
D,RESIDUE_PRICE_OFFER,,1,A202412,C2026Q2T07,VIC1-NSW1,NSW1,108,0
D,RESIDUE_PRICE_OFFER,,1,A202412,C2026Q2T07,VIC1-NSW1,VIC1,1,20050.939990
D,RESIDUE_PRICE_OFFER,,1,A202412,C2026Q2T07,VIC1-NSW1,VIC1,1,20100.939990
D,RESIDUE_PRICE_OFFER,,1,A202412,C2026Q2T07,VIC1-NSW1,VIC1,1,20150.939990
D,RESIDUE_PRICE_OFFER,,1,A202412,C2026Q2T07,VIC1-NSW1,VIC1,1,20200.939990
D,RESIDUE_PRICE_OFFER,,1,A202412,C2026Q2T07,VIC1-NSW1,VIC1,1,20250.939990
D,RESIDUE_PRICE_OFFER,,1,A202412,C2026Q2T07,VIC1-NSW1,VIC1,1,20300.939990
D,RESIDUE_PRICE_OFFER,,1,A202412,C2026Q2T07,VIC1-NSW1,VIC1,1,20350.939990
D,RESIDUE_PRICE_OFFER,,1,A202412,C2026Q2T07,VIC1-NSW1,VIC1,1,20400.939990
D,RESIDUE_PRICE_OFFER,,1,A202412,C2026Q2T07,VIC1-NSW1,VIC1,1,20450.939990
D,RESIDUE_PRICE_OFFER,,1,A202412,C2026Q2T07,VIC1-NSW1,VIC1,1,20500.939990
D,RESIDUE_PRICE_OFFER,,1,A202412,C2026Q2T07,VIC1-NSW1,VIC1,1,20550.939990
D,RESIDUE_PRICE_OFFER,,1,A202412,C2026Q2T07,VIC1-NSW1,VIC1,1,20600.939990
D,RESIDUE_PRICE_OFFER,,1,A202412,C2026Q2T07,VIC1-NSW1,VIC1,1,20650.939990
D,RESIDUE_PRICE_OFFER,,1,A202412,C2026Q2T07,VIC1-NSW1,VIC1,1,20700.939990
D,RESIDUE_PRICE_OFFER,,1,A202412,C2026Q2T07,VIC1-NSW1,VIC1,1,20750.939990
D,RESIDUE_PRICE_OFFER,,1,A202412,C2026Q2T07,VIC1-NSW1,VIC1,1,20800.939990
D,RESIDUE_PRICE_OFFER,,1,A202412,C2026Q2T07,VIC1-NSW1,VIC1,1,20850.939990
D,RESIDUE_PRICE_OFFER,,1,A202412,C2026Q2T07,VIC1-NSW1,VIC1,1,20900.939990
D,RESIDUE_PRICE_OFFER,,1,A202412,C2026Q2T07,VIC1-NSW1,VIC1,1,20950.939990
D,RESIDUE_PRICE_OFFER,,1,A202412,C2026Q2T07,VIC1-NSW1,VIC1,1,21000.939990
D,RESIDUE_PRICE_OFFER,,1,A202412,C2026Q2T07,VIC1-NSW1,VIC1,4,20311
D,RESIDUE_PRICE_OFFER,,1,A202412,C2026Q2T07,VIC1-NSW1,VIC1,5,23400.94
D,RESIDUE_PRICE_OFFER,,1,A202412,C2026Q2T07,VIC1-NSW1,VIC1,5,24800.94
D,RESIDUE_PRICE_OFFER,,1,A202412,C2026Q2T07,VIC1-NSW1,VIC1,5,26200.94
D,RESIDUE_PRICE_OFFER,,1,A202412,C2026Q2T07,VIC1-NSW1,VIC1,5,27600.94
D,RESIDUE_PRICE_OFFER,,1,A202412,C2026Q2T07,VIC1-NSW1,VIC1,5,29000.94
D,RESIDUE_PRICE_OFFER,,1,A202412,C2026Q2T07,VIC1-NSW1,VIC1,5,30400.94
D,RESIDUE_PRICE_OFFER,,1,A202412,C2026Q2T07,VIC1-NSW1,VIC1,5,31800.94
D,RESIDUE_PRICE_OFFER,,1,A202412,C2026Q2T07,VIC1-NSW1,VIC1,5,33200.94
D,RESIDUE_PRICE_OFFER,,1,A202412,C2026Q2T07,VIC1-NSW1,VIC1,5,34600.94
D,RESIDUE_PRICE_OFFER,,1,A202412,C2026Q2T07,VIC1-NSW1,VIC1,5,35167
D,RESIDUE_PRICE_OFFER,,1,A202412,C2026Q2T07,VIC1-NSW1,VIC1,5,36000.94
D,RESIDUE_PRICE_OFFER,,1,A202412,C2026Q2T07,VIC1-NSW1,VIC1,5,37400.94
D,RESIDUE_PRICE_OFFER,,1,A202412,C2026Q2T07,VIC1-NSW1,VIC1,5,38800.94
D,RESIDUE_PRICE_OFFER,,1,A202412,C2026Q2T07,VIC1-NSW1,VIC1,5,40200.94
D,RESIDUE_PRICE_OFFER,,1,A202412,C2026Q2T07,VIC1-NSW1,VIC1,5,41600.94
D,RESIDUE_PRICE_OFFER,,1,A202412,C2026Q2T07,VIC1-NSW1,VIC1,5,43000.94
D,RESIDUE_PRICE_OFFER,,1,A202412,C2026Q2T07,VIC1-NSW1,VIC1,5,44400.94
D,RESIDUE_PRICE_OFFER,,1,A202412,C2026Q2T07,VIC1-NSW1,VIC1,5,45800.94
D,RESIDUE_PRICE_OFFER,,1,A202412,C2026Q2T07,VIC1-NSW1,VIC1,5,47200.94
D,RESIDUE_PRICE_OFFER,,1,A202412,C2026Q2T07,VIC1-NSW1,VIC1,5,48600.94
D,RESIDUE_PRICE_OFFER,,1,A202412,C2026Q2T07,VIC1-NSW1,VIC1,5,50000.94
D,RESIDUE_PRICE_OFFER,,1,A202412,C2026Q2T07,VIC1-NSW1,VIC1,125,0
D,RESIDUE_PRICE_OFFER,,1,A202412,C2026Q3T06,NSW1-QLD1,NSW1,2,6000.89
D,RESIDUE_PRICE_OFFER,,1,A202412,C2026Q3T06,NSW1-QLD1,NSW1,45,0
D,RESIDUE_PRICE_OFFER,,1,A202412,C2026Q3T06,NSW1-QLD1,QLD1,1,40080.51
D,RESIDUE_PRICE_OFFER,,1,A202412,C2026Q3T06,NSW1-QLD1,QLD1,1,40160.51
D,RESIDUE_PRICE_OFFER,,1,A202412,C2026Q3T06,NSW1-QLD1,QLD1,1,40240.51
D,RESIDUE_PRICE_OFFER,,1,A202412,C2026Q3T06,NSW1-QLD1,QLD1,1,40320.51
D,RESIDUE_PRICE_OFFER,,1,A202412,C2026Q3T06,NSW1-QLD1,QLD1,1,40400.51
D,RESIDUE_PRICE_OFFER,,1,A202412,C2026Q3T06,NSW1-QLD1,QLD1,1,40480.51
D,RESIDUE_PRICE_OFFER,,1,A202412,C2026Q3T06,NSW1-QLD1,QLD1,1,40560.51
D,RESIDUE_PRICE_OFFER,,1,A202412,C2026Q3T06,NSW1-QLD1,QLD1,1,40640.51
D,RESIDUE_PRICE_OFFER,,1,A202412,C2026Q3T06,NSW1-QLD1,QLD1,1,40720.51
D,RESIDUE_PRICE_OFFER,,1,A202412,C2026Q3T06,NSW1-QLD1,QLD1,1,40800.51
D,RESIDUE_PRICE_OFFER,,1,A202412,C2026Q3T06,NSW1-QLD1,QLD1,1,40880.51
D,RESIDUE_PRICE_OFFER,,1,A202412,C2026Q3T06,NSW1-QLD1,QLD1,1,40960.51
D,RESIDUE_PRICE_OFFER,,1,A202412,C2026Q3T06,NSW1-QLD1,QLD1,1,41040.51
D,RESIDUE_PRICE_OFFER,,1,A202412,C2026Q3T06,NSW1-QLD1,QLD1,1,41120.51
D,RESIDUE_PRICE_OFFER,,1,A202412,C2026Q3T06,NSW1-QLD1,QLD1,1,41200.51
D,RESIDUE_PRICE_OFFER,,1,A202412,C2026Q3T06,NSW1-QLD1,QLD1,1,41280.51
D,RESIDUE_PRICE_OFFER,,1,A202412,C2026Q3T06,NSW1-QLD1,QLD1,1,41360.51
D,RESIDUE_PRICE_OFFER,,1,A202412,C2026Q3T06,NSW1-QLD1,QLD1,1,41440.51
D,RESIDUE_PRICE_OFFER,,1,A202412,C2026Q3T06,NSW1-QLD1,QLD1,1,41520.51
D,RESIDUE_PRICE_OFFER,,1,A202412,C2026Q3T06,NSW1-QLD1,QLD1,1,41600.51
D,RESIDUE_PRICE_OFFER,,1,A202412,C2026Q3T06,NSW1-QLD1,QLD1,1,41680.51
D,RESIDUE_PRICE_OFFER,,1,A202412,C2026Q3T06,NSW1-QLD1,QLD1,1,41760.51
D,RESIDUE_PRICE_OFFER,,1,A202412,C2026Q3T06,NSW1-QLD1,QLD1,1,41840.51
D,RESIDUE_PRICE_OFFER,,1,A202412,C2026Q3T06,NSW1-QLD1,QLD1,1,41920.51
D,RESIDUE_PRICE_OFFER,,1,A202412,C2026Q3T06,NSW1-QLD1,QLD1,1,42000.51
D,RESIDUE_PRICE_OFFER,,1,A202412,C2026Q3T06,NSW1-QLD1,QLD1,3,36788.252990
D,RESIDUE_PRICE_OFFER,,1,A202412,C2026Q3T06,NSW1-QLD1,QLD1,3,38259.783120
D,RESIDUE_PRICE_OFFER,,1,A202412,C2026Q3T06,NSW1-QLD1,QLD1,3,39790.174440
D,RESIDUE_PRICE_OFFER,,1,A202412,C2026Q3T06,NSW1-QLD1,QLD1,4,46012
D,RESIDUE_PRICE_OFFER,,1,A202412,C2026Q3T06,NSW1-QLD1,QLD1,5,41381.781420
D,RESIDUE_PRICE_OFFER,,1,A202412,C2026Q3T06,NSW1-QLD1,QLD1,5,43037.052680
D,RESIDUE_PRICE_OFFER,,1,A202412,C2026Q3T06,NSW1-QLD1,QLD1,8,44758.534790
D,RESIDUE_PRICE_OFFER,,1,A202412,C2026Q3T06,NSW1-QLD1,QLD1,100,0
D,RESIDUE_PRICE_OFFER,,1,A202412,C2026Q3T06,V-SA,SA1,2,6566.59
D,RESIDUE_PRICE_OFFER,,1,A202412,C2026Q3T06,V-SA,SA1,2,6632.59
D,RESIDUE_PRICE_OFFER,,1,A202412,C2026Q3T06,V-SA,SA1,2,6698.59
D,RESIDUE_PRICE_OFFER,,1,A202412,C2026Q3T06,V-SA,SA1,2,6764.59
D,RESIDUE_PRICE_OFFER,,1,A202412,C2026Q3T06,V-SA,SA1,2,6830.59
D,RESIDUE_PRICE_OFFER,,1,A202412,C2026Q3T06,V-SA,SA1,2,6896.59
D,RESIDUE_PRICE_OFFER,,1,A202412,C2026Q3T06,V-SA,SA1,2,6962.59
D,RESIDUE_PRICE_OFFER,,1,A202412,C2026Q3T06,V-SA,SA1,2,7028.59
D,RESIDUE_PRICE_OFFER,,1,A202412,C2026Q3T06,V-SA,SA1,2,7094.59
D,RESIDUE_PRICE_OFFER,,1,A202412,C2026Q3T06,V-SA,SA1,2,7160.59
D,RESIDUE_PRICE_OFFER,,1,A202412,C2026Q3T06,V-SA,SA1,2,7226.59
D,RESIDUE_PRICE_OFFER,,1,A202412,C2026Q3T06,V-SA,SA1,2,7292.59
D,RESIDUE_PRICE_OFFER,,1,A202412,C2026Q3T06,V-SA,SA1,2,7358.59
D,RESIDUE_PRICE_OFFER,,1,A202412,C2026Q3T06,V-SA,SA1,2,7424.59
D,RESIDUE_PRICE_OFFER,,1,A202412,C2026Q3T06,V-SA,SA1,2,7490.59
D,RESIDUE_PRICE_OFFER,,1,A202412,C2026Q3T06,V-SA,SA1,8,5888
D,RESIDUE_PRICE_OFFER,,1,A202412,C2026Q3T06,V-SA,SA1,64,0
D,RESIDUE_PRICE_OFFER,,1,A202412,C2026Q3T06,V-SA,VIC1,1,20080.37
D,RESIDUE_PRICE_OFFER,,1,A202412,C2026Q3T06,V-SA,VIC1,1,20160.37
D,RESIDUE_PRICE_OFFER,,1,A202412,C2026Q3T06,V-SA,VIC1,1,20240.37
D,RESIDUE_PRICE_OFFER,,1,A202412,C2026Q3T06,V-SA,VIC1,1,20320.37
D,RESIDUE_PRICE_OFFER,,1,A202412,C2026Q3T06,V-SA,VIC1,1,20400.37
D,RESIDUE_PRICE_OFFER,,1,A202412,C2026Q3T06,V-SA,VIC1,1,20480.37
D,RESIDUE_PRICE_OFFER,,1,A202412,C2026Q3T06,V-SA,VIC1,1,20560.37
D,RESIDUE_PRICE_OFFER,,1,A202412,C2026Q3T06,V-SA,VIC1,1,20640.37
D,RESIDUE_PRICE_OFFER,,1,A202412,C2026Q3T06,V-SA,VIC1,1,20720.37
D,RESIDUE_PRICE_OFFER,,1,A202412,C2026Q3T06,V-SA,VIC1,1,20800.37
D,RESIDUE_PRICE_OFFER,,1,A202412,C2026Q3T06,V-SA,VIC1,1,20880.37
D,RESIDUE_PRICE_OFFER,,1,A202412,C2026Q3T06,V-SA,VIC1,1,20960.37
D,RESIDUE_PRICE_OFFER,,1,A202412,C2026Q3T06,V-SA,VIC1,1,21040.37
D,RESIDUE_PRICE_OFFER,,1,A202412,C2026Q3T06,V-SA,VIC1,1,21120.37
D,RESIDUE_PRICE_OFFER,,1,A202412,C2026Q3T06,V-SA,VIC1,1,21200.37
D,RESIDUE_PRICE_OFFER,,1,A202412,C2026Q3T06,V-SA,VIC1,1,21280.37
D,RESIDUE_PRICE_OFFER,,1,A202412,C2026Q3T06,V-SA,VIC1,1,21360.37
D,RESIDUE_PRICE_OFFER,,1,A202412,C2026Q3T06,V-SA,VIC1,1,21440.37
D,RESIDUE_PRICE_OFFER,,1,A202412,C2026Q3T06,V-SA,VIC1,1,21520.37
D,RESIDUE_PRICE_OFFER,,1,A202412,C2026Q3T06,V-SA,VIC1,1,21600.37
D,RESIDUE_PRICE_OFFER,,1,A202412,C2026Q3T06,V-SA,VIC1,1,21680.37
D,RESIDUE_PRICE_OFFER,,1,A202412,C2026Q3T06,V-SA,VIC1,1,21760.37
D,RESIDUE_PRICE_OFFER,,1,A202412,C2026Q3T06,V-SA,VIC1,1,21840.37
D,RESIDUE_PRICE_OFFER,,1,A202412,C2026Q3T06,V-SA,VIC1,1,21920.37
D,RESIDUE_PRICE_OFFER,,1,A202412,C2026Q3T06,V-SA,VIC1,1,22000.37
D,RESIDUE_PRICE_OFFER,,1,A202412,C2026Q3T06,V-SA,VIC1,73,0
D,RESIDUE_PRICE_OFFER,,1,A202412,C2026Q3T06,VIC1-NSW1,NSW1,108,0
D,RESIDUE_PRICE_OFFER,,1,A202412,C2026Q3T06,VIC1-NSW1,VIC1,1,22050.94
D,RESIDUE_PRICE_OFFER,,1,A202412,C2026Q3T06,VIC1-NSW1,VIC1,1,22100.94
D,RESIDUE_PRICE_OFFER,,1,A202412,C2026Q3T06,VIC1-NSW1,VIC1,1,22150.94
D,RESIDUE_PRICE_OFFER,,1,A202412,C2026Q3T06,VIC1-NSW1,VIC1,1,22200.94
D,RESIDUE_PRICE_OFFER,,1,A202412,C2026Q3T06,VIC1-NSW1,VIC1,1,22250.94
D,RESIDUE_PRICE_OFFER,,1,A202412,C2026Q3T06,VIC1-NSW1,VIC1,1,22300.94
D,RESIDUE_PRICE_OFFER,,1,A202412,C2026Q3T06,VIC1-NSW1,VIC1,1,22350.94
D,RESIDUE_PRICE_OFFER,,1,A202412,C2026Q3T06,VIC1-NSW1,VIC1,1,22400.94
D,RESIDUE_PRICE_OFFER,,1,A202412,C2026Q3T06,VIC1-NSW1,VIC1,1,22450.94
D,RESIDUE_PRICE_OFFER,,1,A202412,C2026Q3T06,VIC1-NSW1,VIC1,1,22500.94
D,RESIDUE_PRICE_OFFER,,1,A202412,C2026Q3T06,VIC1-NSW1,VIC1,1,22550.94
D,RESIDUE_PRICE_OFFER,,1,A202412,C2026Q3T06,VIC1-NSW1,VIC1,1,22600.94
D,RESIDUE_PRICE_OFFER,,1,A202412,C2026Q3T06,VIC1-NSW1,VIC1,1,22650.94
D,RESIDUE_PRICE_OFFER,,1,A202412,C2026Q3T06,VIC1-NSW1,VIC1,1,22700.94
D,RESIDUE_PRICE_OFFER,,1,A202412,C2026Q3T06,VIC1-NSW1,VIC1,1,22750.94
D,RESIDUE_PRICE_OFFER,,1,A202412,C2026Q3T06,VIC1-NSW1,VIC1,1,22800.94
D,RESIDUE_PRICE_OFFER,,1,A202412,C2026Q3T06,VIC1-NSW1,VIC1,1,22850.94
D,RESIDUE_PRICE_OFFER,,1,A202412,C2026Q3T06,VIC1-NSW1,VIC1,1,22900.94
D,RESIDUE_PRICE_OFFER,,1,A202412,C2026Q3T06,VIC1-NSW1,VIC1,1,22950.94
D,RESIDUE_PRICE_OFFER,,1,A202412,C2026Q3T06,VIC1-NSW1,VIC1,1,23000.94
D,RESIDUE_PRICE_OFFER,,1,A202412,C2026Q3T06,VIC1-NSW1,VIC1,4,20580
D,RESIDUE_PRICE_OFFER,,1,A202412,C2026Q3T06,VIC1-NSW1,VIC1,4,25300.94
D,RESIDUE_PRICE_OFFER,,1,A202412,C2026Q3T06,VIC1-NSW1,VIC1,4,26600.94
D,RESIDUE_PRICE_OFFER,,1,A202412,C2026Q3T06,VIC1-NSW1,VIC1,4,27900.94
D,RESIDUE_PRICE_OFFER,,1,A202412,C2026Q3T06,VIC1-NSW1,VIC1,4,29200.94
D,RESIDUE_PRICE_OFFER,,1,A202412,C2026Q3T06,VIC1-NSW1,VIC1,4,30500.94
D,RESIDUE_PRICE_OFFER,,1,A202412,C2026Q3T06,VIC1-NSW1,VIC1,4,31800.94
D,RESIDUE_PRICE_OFFER,,1,A202412,C2026Q3T06,VIC1-NSW1,VIC1,4,33100.94
D,RESIDUE_PRICE_OFFER,,1,A202412,C2026Q3T06,VIC1-NSW1,VIC1,4,34400.94
D,RESIDUE_PRICE_OFFER,,1,A202412,C2026Q3T06,VIC1-NSW1,VIC1,4,35700.94
D,RESIDUE_PRICE_OFFER,,1,A202412,C2026Q3T06,VIC1-NSW1,VIC1,4,37000.94
D,RESIDUE_PRICE_OFFER,,1,A202412,C2026Q3T06,VIC1-NSW1,VIC1,4,38300.94
D,RESIDUE_PRICE_OFFER,,1,A202412,C2026Q3T06,VIC1-NSW1,VIC1,4,39600.94
D,RESIDUE_PRICE_OFFER,,1,A202412,C2026Q3T06,VIC1-NSW1,VIC1,4,40900.94
D,RESIDUE_PRICE_OFFER,,1,A202412,C2026Q3T06,VIC1-NSW1,VIC1,4,42200.94
D,RESIDUE_PRICE_OFFER,,1,A202412,C2026Q3T06,VIC1-NSW1,VIC1,4,43500.94
D,RESIDUE_PRICE_OFFER,,1,A202412,C2026Q3T06,VIC1-NSW1,VIC1,4,44800.94
D,RESIDUE_PRICE_OFFER,,1,A202412,C2026Q3T06,VIC1-NSW1,VIC1,4,46100.94
D,RESIDUE_PRICE_OFFER,,1,A202412,C2026Q3T06,VIC1-NSW1,VIC1,4,47400.94
D,RESIDUE_PRICE_OFFER,,1,A202412,C2026Q3T06,VIC1-NSW1,VIC1,4,48700.94
D,RESIDUE_PRICE_OFFER,,1,A202412,C2026Q3T06,VIC1-NSW1,VIC1,4,50000.94
D,RESIDUE_PRICE_OFFER,,1,A202412,C2026Q3T06,VIC1-NSW1,VIC1,5,37579
D,RESIDUE_PRICE_OFFER,,1,A202412,C2026Q3T06,VIC1-NSW1,VIC1,125,0
D,RESIDUE_PRICE_OFFER,,1,A202412,C2026Q4T05,NSW1-QLD1,NSW1,45,0
D,RESIDUE_PRICE_OFFER,,1,A202412,C2026Q4T05,NSW1-QLD1,QLD1,1,22638.80
D,RESIDUE_PRICE_OFFER,,1,A202412,C2026Q4T05,NSW1-QLD1,QLD1,1,23544.3520
D,RESIDUE_PRICE_OFFER,,1,A202412,C2026Q4T05,NSW1-QLD1,QLD1,1,24080.51
D,RESIDUE_PRICE_OFFER,,1,A202412,C2026Q4T05,NSW1-QLD1,QLD1,1,24160.51
D,RESIDUE_PRICE_OFFER,,1,A202412,C2026Q4T05,NSW1-QLD1,QLD1,1,24240.51
D,RESIDUE_PRICE_OFFER,,1,A202412,C2026Q4T05,NSW1-QLD1,QLD1,1,24320.51
D,RESIDUE_PRICE_OFFER,,1,A202412,C2026Q4T05,NSW1-QLD1,QLD1,1,24400.51
D,RESIDUE_PRICE_OFFER,,1,A202412,C2026Q4T05,NSW1-QLD1,QLD1,1,24480.51
D,RESIDUE_PRICE_OFFER,,1,A202412,C2026Q4T05,NSW1-QLD1,QLD1,1,24486.126080
D,RESIDUE_PRICE_OFFER,,1,A202412,C2026Q4T05,NSW1-QLD1,QLD1,1,24560.51
D,RESIDUE_PRICE_OFFER,,1,A202412,C2026Q4T05,NSW1-QLD1,QLD1,1,24640.51
D,RESIDUE_PRICE_OFFER,,1,A202412,C2026Q4T05,NSW1-QLD1,QLD1,1,24720.51
D,RESIDUE_PRICE_OFFER,,1,A202412,C2026Q4T05,NSW1-QLD1,QLD1,1,24800.51
D,RESIDUE_PRICE_OFFER,,1,A202412,C2026Q4T05,NSW1-QLD1,QLD1,1,24880.51
D,RESIDUE_PRICE_OFFER,,1,A202412,C2026Q4T05,NSW1-QLD1,QLD1,1,24960.51
D,RESIDUE_PRICE_OFFER,,1,A202412,C2026Q4T05,NSW1-QLD1,QLD1,1,25040.51
D,RESIDUE_PRICE_OFFER,,1,A202412,C2026Q4T05,NSW1-QLD1,QLD1,1,25120.51
D,RESIDUE_PRICE_OFFER,,1,A202412,C2026Q4T05,NSW1-QLD1,QLD1,1,25200.51
D,RESIDUE_PRICE_OFFER,,1,A202412,C2026Q4T05,NSW1-QLD1,QLD1,1,25280.51
D,RESIDUE_PRICE_OFFER,,1,A202412,C2026Q4T05,NSW1-QLD1,QLD1,1,25360.51
D,RESIDUE_PRICE_OFFER,,1,A202412,C2026Q4T05,NSW1-QLD1,QLD1,1,25440.51
D,RESIDUE_PRICE_OFFER,,1,A202412,C2026Q4T05,NSW1-QLD1,QLD1,1,25465.571120
D,RESIDUE_PRICE_OFFER,,1,A202412,C2026Q4T05,NSW1-QLD1,QLD1,1,25520.51
D,RESIDUE_PRICE_OFFER,,1,A202412,C2026Q4T05,NSW1-QLD1,QLD1,1,25600.51
D,RESIDUE_PRICE_OFFER,,1,A202412,C2026Q4T05,NSW1-QLD1,QLD1,1,25680.51
D,RESIDUE_PRICE_OFFER,,1,A202412,C2026Q4T05,NSW1-QLD1,QLD1,1,25760.51
D,RESIDUE_PRICE_OFFER,,1,A202412,C2026Q4T05,NSW1-QLD1,QLD1,1,25840.51
D,RESIDUE_PRICE_OFFER,,1,A202412,C2026Q4T05,NSW1-QLD1,QLD1,1,25920.51
D,RESIDUE_PRICE_OFFER,,1,A202412,C2026Q4T05,NSW1-QLD1,QLD1,1,26000.51
D,RESIDUE_PRICE_OFFER,,1,A202412,C2026Q4T05,NSW1-QLD1,QLD1,1,26484.193970
D,RESIDUE_PRICE_OFFER,,1,A202412,C2026Q4T05,NSW1-QLD1,QLD1,1,27543.561730
D,RESIDUE_PRICE_OFFER,,1,A202412,C2026Q4T05,NSW1-QLD1,QLD1,1,30400.51
D,RESIDUE_PRICE_OFFER,,1,A202412,C2026Q4T05,NSW1-QLD1,QLD1,1,30800.51
D,RESIDUE_PRICE_OFFER,,1,A202412,C2026Q4T05,NSW1-QLD1,QLD1,1,31200.51
D,RESIDUE_PRICE_OFFER,,1,A202412,C2026Q4T05,NSW1-QLD1,QLD1,1,31600.51
D,RESIDUE_PRICE_OFFER,,1,A202412,C2026Q4T05,NSW1-QLD1,QLD1,1,32000.51
D,RESIDUE_PRICE_OFFER,,1,A202412,C2026Q4T05,NSW1-QLD1,QLD1,1,32400.51
D,RESIDUE_PRICE_OFFER,,1,A202412,C2026Q4T05,NSW1-QLD1,QLD1,1,32800.51
D,RESIDUE_PRICE_OFFER,,1,A202412,C2026Q4T05,NSW1-QLD1,QLD1,1,33200.51
D,RESIDUE_PRICE_OFFER,,1,A202412,C2026Q4T05,NSW1-QLD1,QLD1,1,33600.51
D,RESIDUE_PRICE_OFFER,,1,A202412,C2026Q4T05,NSW1-QLD1,QLD1,1,34000.51
D,RESIDUE_PRICE_OFFER,,1,A202412,C2026Q4T05,NSW1-QLD1,QLD1,1,34400.51
D,RESIDUE_PRICE_OFFER,,1,A202412,C2026Q4T05,NSW1-QLD1,QLD1,1,34800.51
D,RESIDUE_PRICE_OFFER,,1,A202412,C2026Q4T05,NSW1-QLD1,QLD1,1,35200.51
D,RESIDUE_PRICE_OFFER,,1,A202412,C2026Q4T05,NSW1-QLD1,QLD1,1,35600.51
D,RESIDUE_PRICE_OFFER,,1,A202412,C2026Q4T05,NSW1-QLD1,QLD1,1,36000.51
D,RESIDUE_PRICE_OFFER,,1,A202412,C2026Q4T05,NSW1-QLD1,QLD1,1,36400.51
D,RESIDUE_PRICE_OFFER,,1,A202412,C2026Q4T05,NSW1-QLD1,QLD1,1,36800.51
D,RESIDUE_PRICE_OFFER,,1,A202412,C2026Q4T05,NSW1-QLD1,QLD1,1,37200.51
D,RESIDUE_PRICE_OFFER,,1,A202412,C2026Q4T05,NSW1-QLD1,QLD1,1,37600.51
D,RESIDUE_PRICE_OFFER,,1,A202412,C2026Q4T05,NSW1-QLD1,QLD1,1,38000.51
D,RESIDUE_PRICE_OFFER,,1,A202412,C2026Q4T05,NSW1-QLD1,QLD1,1,38400.51
D,RESIDUE_PRICE_OFFER,,1,A202412,C2026Q4T05,NSW1-QLD1,QLD1,1,38800.51
D,RESIDUE_PRICE_OFFER,,1,A202412,C2026Q4T05,NSW1-QLD1,QLD1,1,39200.51
D,RESIDUE_PRICE_OFFER,,1,A202412,C2026Q4T05,NSW1-QLD1,QLD1,1,39600.51
D,RESIDUE_PRICE_OFFER,,1,A202412,C2026Q4T05,NSW1-QLD1,QLD1,1,40000.51
D,RESIDUE_PRICE_OFFER,,1,A202412,C2026Q4T05,NSW1-QLD1,QLD1,100,0
D,RESIDUE_PRICE_OFFER,,1,A202412,C2026Q4T05,V-SA,SA1,2,6566.59
D,RESIDUE_PRICE_OFFER,,1,A202412,C2026Q4T05,V-SA,SA1,2,6632.59
D,RESIDUE_PRICE_OFFER,,1,A202412,C2026Q4T05,V-SA,SA1,2,6698.59
D,RESIDUE_PRICE_OFFER,,1,A202412,C2026Q4T05,V-SA,SA1,2,6764.59
D,RESIDUE_PRICE_OFFER,,1,A202412,C2026Q4T05,V-SA,SA1,2,6830.59
D,RESIDUE_PRICE_OFFER,,1,A202412,C2026Q4T05,V-SA,SA1,2,6896.59
D,RESIDUE_PRICE_OFFER,,1,A202412,C2026Q4T05,V-SA,SA1,2,6962.59
D,RESIDUE_PRICE_OFFER,,1,A202412,C2026Q4T05,V-SA,SA1,2,7028.59
D,RESIDUE_PRICE_OFFER,,1,A202412,C2026Q4T05,V-SA,SA1,2,7094.59
D,RESIDUE_PRICE_OFFER,,1,A202412,C2026Q4T05,V-SA,SA1,2,7160.59
D,RESIDUE_PRICE_OFFER,,1,A202412,C2026Q4T05,V-SA,SA1,2,7226.59
D,RESIDUE_PRICE_OFFER,,1,A202412,C2026Q4T05,V-SA,SA1,2,7292.59
D,RESIDUE_PRICE_OFFER,,1,A202412,C2026Q4T05,V-SA,SA1,2,7358.59
D,RESIDUE_PRICE_OFFER,,1,A202412,C2026Q4T05,V-SA,SA1,2,7424.59
D,RESIDUE_PRICE_OFFER,,1,A202412,C2026Q4T05,V-SA,SA1,2,7490.59
D,RESIDUE_PRICE_OFFER,,1,A202412,C2026Q4T05,V-SA,SA1,3,5666
D,RESIDUE_PRICE_OFFER,,1,A202412,C2026Q4T05,V-SA,SA1,64,0
D,RESIDUE_PRICE_OFFER,,1,A202412,C2026Q4T05,V-SA,VIC1,1,15066.37
D,RESIDUE_PRICE_OFFER,,1,A202412,C2026Q4T05,V-SA,VIC1,1,15132.37
D,RESIDUE_PRICE_OFFER,,1,A202412,C2026Q4T05,V-SA,VIC1,1,15198.37
D,RESIDUE_PRICE_OFFER,,1,A202412,C2026Q4T05,V-SA,VIC1,1,15264.37
D,RESIDUE_PRICE_OFFER,,1,A202412,C2026Q4T05,V-SA,VIC1,1,15330.37
D,RESIDUE_PRICE_OFFER,,1,A202412,C2026Q4T05,V-SA,VIC1,1,15396.37
D,RESIDUE_PRICE_OFFER,,1,A202412,C2026Q4T05,V-SA,VIC1,1,15462.37
D,RESIDUE_PRICE_OFFER,,1,A202412,C2026Q4T05,V-SA,VIC1,1,15528.37
D,RESIDUE_PRICE_OFFER,,1,A202412,C2026Q4T05,V-SA,VIC1,1,15594.37
D,RESIDUE_PRICE_OFFER,,1,A202412,C2026Q4T05,V-SA,VIC1,1,15660.37
D,RESIDUE_PRICE_OFFER,,1,A202412,C2026Q4T05,V-SA,VIC1,1,15726.37
D,RESIDUE_PRICE_OFFER,,1,A202412,C2026Q4T05,V-SA,VIC1,1,15792.37
D,RESIDUE_PRICE_OFFER,,1,A202412,C2026Q4T05,V-SA,VIC1,1,15858.37
D,RESIDUE_PRICE_OFFER,,1,A202412,C2026Q4T05,V-SA,VIC1,1,15924.37
D,RESIDUE_PRICE_OFFER,,1,A202412,C2026Q4T05,V-SA,VIC1,1,15990.37
D,RESIDUE_PRICE_OFFER,,1,A202412,C2026Q4T05,V-SA,VIC1,73,0
D,RESIDUE_PRICE_OFFER,,1,A202412,C2026Q4T05,VIC1-NSW1,NSW1,108,0
D,RESIDUE_PRICE_OFFER,,1,A202412,C2026Q4T05,VIC1-NSW1,VIC1,2,17133.939990
D,RESIDUE_PRICE_OFFER,,1,A202412,C2026Q4T05,VIC1-NSW1,VIC1,2,17266.939990
D,RESIDUE_PRICE_OFFER,,1,A202412,C2026Q4T05,VIC1-NSW1,VIC1,2,17399.939990
D,RESIDUE_PRICE_OFFER,,1,A202412,C2026Q4T05,VIC1-NSW1,VIC1,2,17532.939990
D,RESIDUE_PRICE_OFFER,,1,A202412,C2026Q4T05,VIC1-NSW1,VIC1,2,17665.939990
D,RESIDUE_PRICE_OFFER,,1,A202412,C2026Q4T05,VIC1-NSW1,VIC1,2,17798.939990
D,RESIDUE_PRICE_OFFER,,1,A202412,C2026Q4T05,VIC1-NSW1,VIC1,2,17931.939990
D,RESIDUE_PRICE_OFFER,,1,A202412,C2026Q4T05,VIC1-NSW1,VIC1,2,18064.939990
D,RESIDUE_PRICE_OFFER,,1,A202412,C2026Q4T05,VIC1-NSW1,VIC1,2,18197.939990
D,RESIDUE_PRICE_OFFER,,1,A202412,C2026Q4T05,VIC1-NSW1,VIC1,2,18330.939990
D,RESIDUE_PRICE_OFFER,,1,A202412,C2026Q4T05,VIC1-NSW1,VIC1,2,18463.939990
D,RESIDUE_PRICE_OFFER,,1,A202412,C2026Q4T05,VIC1-NSW1,VIC1,2,18596.939990
D,RESIDUE_PRICE_OFFER,,1,A202412,C2026Q4T05,VIC1-NSW1,VIC1,2,18729.939990
D,RESIDUE_PRICE_OFFER,,1,A202412,C2026Q4T05,VIC1-NSW1,VIC1,2,18862.939990
D,RESIDUE_PRICE_OFFER,,1,A202412,C2026Q4T05,VIC1-NSW1,VIC1,2,18995.939990
D,RESIDUE_PRICE_OFFER,,1,A202412,C2026Q4T05,VIC1-NSW1,VIC1,2,24733.94
D,RESIDUE_PRICE_OFFER,,1,A202412,C2026Q4T05,VIC1-NSW1,VIC1,2,25466.94
D,RESIDUE_PRICE_OFFER,,1,A202412,C2026Q4T05,VIC1-NSW1,VIC1,2,26199.94
D,RESIDUE_PRICE_OFFER,,1,A202412,C2026Q4T05,VIC1-NSW1,VIC1,2,26932.94
D,RESIDUE_PRICE_OFFER,,1,A202412,C2026Q4T05,VIC1-NSW1,VIC1,2,27665.94
D,RESIDUE_PRICE_OFFER,,1,A202412,C2026Q4T05,VIC1-NSW1,VIC1,2,28398.94
D,RESIDUE_PRICE_OFFER,,1,A202412,C2026Q4T05,VIC1-NSW1,VIC1,2,29131.94
D,RESIDUE_PRICE_OFFER,,1,A202412,C2026Q4T05,VIC1-NSW1,VIC1,2,29864.94
D,RESIDUE_PRICE_OFFER,,1,A202412,C2026Q4T05,VIC1-NSW1,VIC1,2,30597.94
D,RESIDUE_PRICE_OFFER,,1,A202412,C2026Q4T05,VIC1-NSW1,VIC1,2,31330.94
D,RESIDUE_PRICE_OFFER,,1,A202412,C2026Q4T05,VIC1-NSW1,VIC1,2,32063.94
D,RESIDUE_PRICE_OFFER,,1,A202412,C2026Q4T05,VIC1-NSW1,VIC1,2,32796.94
D,RESIDUE_PRICE_OFFER,,1,A202412,C2026Q4T05,VIC1-NSW1,VIC1,2,33529.94
D,RESIDUE_PRICE_OFFER,,1,A202412,C2026Q4T05,VIC1-NSW1,VIC1,2,34262.94
D,RESIDUE_PRICE_OFFER,,1,A202412,C2026Q4T05,VIC1-NSW1,VIC1,2,34995.94
D,RESIDUE_PRICE_OFFER,,1,A202412,C2026Q4T05,VIC1-NSW1,VIC1,125,0
D,RESIDUE_PRICE_OFFER,,1,A202412,C2027Q1T04,NSW1-QLD1,NSW1,45,0
D,RESIDUE_PRICE_OFFER,,1,A202412,C2027Q1T04,NSW1-QLD1,QLD1,1,24856
D,RESIDUE_PRICE_OFFER,,1,A202412,C2027Q1T04,NSW1-QLD1,QLD1,1,25850.24
D,RESIDUE_PRICE_OFFER,,1,A202412,C2027Q1T04,NSW1-QLD1,QLD1,1,26050.51
D,RESIDUE_PRICE_OFFER,,1,A202412,C2027Q1T04,NSW1-QLD1,QLD1,1,26100.51
D,RESIDUE_PRICE_OFFER,,1,A202412,C2027Q1T04,NSW1-QLD1,QLD1,1,26150.51
D,RESIDUE_PRICE_OFFER,,1,A202412,C2027Q1T04,NSW1-QLD1,QLD1,1,26200.51
D,RESIDUE_PRICE_OFFER,,1,A202412,C2027Q1T04,NSW1-QLD1,QLD1,1,26250.51
D,RESIDUE_PRICE_OFFER,,1,A202412,C2027Q1T04,NSW1-QLD1,QLD1,1,26300.51
D,RESIDUE_PRICE_OFFER,,1,A202412,C2027Q1T04,NSW1-QLD1,QLD1,1,26350.51
D,RESIDUE_PRICE_OFFER,,1,A202412,C2027Q1T04,NSW1-QLD1,QLD1,1,26400.51
D,RESIDUE_PRICE_OFFER,,1,A202412,C2027Q1T04,NSW1-QLD1,QLD1,1,26450.51
D,RESIDUE_PRICE_OFFER,,1,A202412,C2027Q1T04,NSW1-QLD1,QLD1,1,26500.51
D,RESIDUE_PRICE_OFFER,,1,A202412,C2027Q1T04,NSW1-QLD1,QLD1,1,26550.51
D,RESIDUE_PRICE_OFFER,,1,A202412,C2027Q1T04,NSW1-QLD1,QLD1,1,26600.51
D,RESIDUE_PRICE_OFFER,,1,A202412,C2027Q1T04,NSW1-QLD1,QLD1,1,26650.51
D,RESIDUE_PRICE_OFFER,,1,A202412,C2027Q1T04,NSW1-QLD1,QLD1,1,26700.51
D,RESIDUE_PRICE_OFFER,,1,A202412,C2027Q1T04,NSW1-QLD1,QLD1,1,26750.51
D,RESIDUE_PRICE_OFFER,,1,A202412,C2027Q1T04,NSW1-QLD1,QLD1,1,26800.51
D,RESIDUE_PRICE_OFFER,,1,A202412,C2027Q1T04,NSW1-QLD1,QLD1,1,26850.51
D,RESIDUE_PRICE_OFFER,,1,A202412,C2027Q1T04,NSW1-QLD1,QLD1,1,26884.2496
D,RESIDUE_PRICE_OFFER,,1,A202412,C2027Q1T04,NSW1-QLD1,QLD1,1,26900.51
D,RESIDUE_PRICE_OFFER,,1,A202412,C2027Q1T04,NSW1-QLD1,QLD1,1,26950.51
D,RESIDUE_PRICE_OFFER,,1,A202412,C2027Q1T04,NSW1-QLD1,QLD1,1,27000.51
D,RESIDUE_PRICE_OFFER,,1,A202412,C2027Q1T04,NSW1-QLD1,QLD1,1,27959.619580
D,RESIDUE_PRICE_OFFER,,1,A202412,C2027Q1T04,NSW1-QLD1,QLD1,1,29078.004370
D,RESIDUE_PRICE_OFFER,,1,A202412,C2027Q1T04,NSW1-QLD1,QLD1,1,30241.124540
D,RESIDUE_PRICE_OFFER,,1,A202412,C2027Q1T04,NSW1-QLD1,QLD1,100,0
D,RESIDUE_PRICE_OFFER,,1,A202412,C2027Q1T04,V-SA,SA1,10,7115
D,RESIDUE_PRICE_OFFER,,1,A202412,C2027Q1T04,V-SA,SA1,64,0
D,RESIDUE_PRICE_OFFER,,1,A202412,C2027Q1T04,V-SA,VIC1,1,22050.37
D,RESIDUE_PRICE_OFFER,,1,A202412,C2027Q1T04,V-SA,VIC1,1,22100.37
D,RESIDUE_PRICE_OFFER,,1,A202412,C2027Q1T04,V-SA,VIC1,1,22150.37
D,RESIDUE_PRICE_OFFER,,1,A202412,C2027Q1T04,V-SA,VIC1,1,22200.37
D,RESIDUE_PRICE_OFFER,,1,A202412,C2027Q1T04,V-SA,VIC1,1,22250.37
D,RESIDUE_PRICE_OFFER,,1,A202412,C2027Q1T04,V-SA,VIC1,1,22300.37
D,RESIDUE_PRICE_OFFER,,1,A202412,C2027Q1T04,V-SA,VIC1,1,22350.37
D,RESIDUE_PRICE_OFFER,,1,A202412,C2027Q1T04,V-SA,VIC1,1,22400.37
D,RESIDUE_PRICE_OFFER,,1,A202412,C2027Q1T04,V-SA,VIC1,1,22450.37
D,RESIDUE_PRICE_OFFER,,1,A202412,C2027Q1T04,V-SA,VIC1,1,22500.37
D,RESIDUE_PRICE_OFFER,,1,A202412,C2027Q1T04,V-SA,VIC1,1,22550.37
D,RESIDUE_PRICE_OFFER,,1,A202412,C2027Q1T04,V-SA,VIC1,1,22600.37
D,RESIDUE_PRICE_OFFER,,1,A202412,C2027Q1T04,V-SA,VIC1,1,22650.37
D,RESIDUE_PRICE_OFFER,,1,A202412,C2027Q1T04,V-SA,VIC1,1,22700.37
D,RESIDUE_PRICE_OFFER,,1,A202412,C2027Q1T04,V-SA,VIC1,1,22750.37
D,RESIDUE_PRICE_OFFER,,1,A202412,C2027Q1T04,V-SA,VIC1,1,22800.37
D,RESIDUE_PRICE_OFFER,,1,A202412,C2027Q1T04,V-SA,VIC1,1,22850.37
D,RESIDUE_PRICE_OFFER,,1,A202412,C2027Q1T04,V-SA,VIC1,1,22900.37
D,RESIDUE_PRICE_OFFER,,1,A202412,C2027Q1T04,V-SA,VIC1,1,22950.37
D,RESIDUE_PRICE_OFFER,,1,A202412,C2027Q1T04,V-SA,VIC1,1,23000.37
D,RESIDUE_PRICE_OFFER,,1,A202412,C2027Q1T04,V-SA,VIC1,73,0
D,RESIDUE_PRICE_OFFER,,1,A202412,C2027Q1T04,VIC1-NSW1,NSW1,2,5550.93
D,RESIDUE_PRICE_OFFER,,1,A202412,C2027Q1T04,VIC1-NSW1,NSW1,2,5600.93
D,RESIDUE_PRICE_OFFER,,1,A202412,C2027Q1T04,VIC1-NSW1,NSW1,2,5650.93
D,RESIDUE_PRICE_OFFER,,1,A202412,C2027Q1T04,VIC1-NSW1,NSW1,2,5700.93
D,RESIDUE_PRICE_OFFER,,1,A202412,C2027Q1T04,VIC1-NSW1,NSW1,2,5750.93
D,RESIDUE_PRICE_OFFER,,1,A202412,C2027Q1T04,VIC1-NSW1,NSW1,2,5800.93
D,RESIDUE_PRICE_OFFER,,1,A202412,C2027Q1T04,VIC1-NSW1,NSW1,2,5850.93
D,RESIDUE_PRICE_OFFER,,1,A202412,C2027Q1T04,VIC1-NSW1,NSW1,2,5900.93
D,RESIDUE_PRICE_OFFER,,1,A202412,C2027Q1T04,VIC1-NSW1,NSW1,2,5950.93
D,RESIDUE_PRICE_OFFER,,1,A202412,C2027Q1T04,VIC1-NSW1,NSW1,2,6000.93
D,RESIDUE_PRICE_OFFER,,1,A202412,C2027Q1T04,VIC1-NSW1,NSW1,2,6050.93
D,RESIDUE_PRICE_OFFER,,1,A202412,C2027Q1T04,VIC1-NSW1,NSW1,2,6100.93
D,RESIDUE_PRICE_OFFER,,1,A202412,C2027Q1T04,VIC1-NSW1,NSW1,2,6150.93
D,RESIDUE_PRICE_OFFER,,1,A202412,C2027Q1T04,VIC1-NSW1,NSW1,2,6200.93
D,RESIDUE_PRICE_OFFER,,1,A202412,C2027Q1T04,VIC1-NSW1,NSW1,2,6250.93
D,RESIDUE_PRICE_OFFER,,1,A202412,C2027Q1T04,VIC1-NSW1,NSW1,2,6300.93
D,RESIDUE_PRICE_OFFER,,1,A202412,C2027Q1T04,VIC1-NSW1,NSW1,2,6350.93
D,RESIDUE_PRICE_OFFER,,1,A202412,C2027Q1T04,VIC1-NSW1,NSW1,2,6400.93
D,RESIDUE_PRICE_OFFER,,1,A202412,C2027Q1T04,VIC1-NSW1,NSW1,2,6450.93
D,RESIDUE_PRICE_OFFER,,1,A202412,C2027Q1T04,VIC1-NSW1,NSW1,2,6500.93
D,RESIDUE_PRICE_OFFER,,1,A202412,C2027Q1T04,VIC1-NSW1,NSW1,108,0
D,RESIDUE_PRICE_OFFER,,1,A202412,C2027Q1T04,VIC1-NSW1,VIC1,1,26700.94
D,RESIDUE_PRICE_OFFER,,1,A202412,C2027Q1T04,VIC1-NSW1,VIC1,1,27400.94
D,RESIDUE_PRICE_OFFER,,1,A202412,C2027Q1T04,VIC1-NSW1,VIC1,1,28100.94
D,RESIDUE_PRICE_OFFER,,1,A202412,C2027Q1T04,VIC1-NSW1,VIC1,1,28800.94
D,RESIDUE_PRICE_OFFER,,1,A202412,C2027Q1T04,VIC1-NSW1,VIC1,1,29500.94
D,RESIDUE_PRICE_OFFER,,1,A202412,C2027Q1T04,VIC1-NSW1,VIC1,1,30200.94
D,RESIDUE_PRICE_OFFER,,1,A202412,C2027Q1T04,VIC1-NSW1,VIC1,1,30900.94
D,RESIDUE_PRICE_OFFER,,1,A202412,C2027Q1T04,VIC1-NSW1,VIC1,1,31600.94
D,RESIDUE_PRICE_OFFER,,1,A202412,C2027Q1T04,VIC1-NSW1,VIC1,1,32300.94
D,RESIDUE_PRICE_OFFER,,1,A202412,C2027Q1T04,VIC1-NSW1,VIC1,1,33000.94
D,RESIDUE_PRICE_OFFER,,1,A202412,C2027Q1T04,VIC1-NSW1,VIC1,1,33700.94
D,RESIDUE_PRICE_OFFER,,1,A202412,C2027Q1T04,VIC1-NSW1,VIC1,1,34400.94
D,RESIDUE_PRICE_OFFER,,1,A202412,C2027Q1T04,VIC1-NSW1,VIC1,1,35100.94
D,RESIDUE_PRICE_OFFER,,1,A202412,C2027Q1T04,VIC1-NSW1,VIC1,1,35800.94
D,RESIDUE_PRICE_OFFER,,1,A202412,C2027Q1T04,VIC1-NSW1,VIC1,1,36500.94
D,RESIDUE_PRICE_OFFER,,1,A202412,C2027Q1T04,VIC1-NSW1,VIC1,1,37200.94
D,RESIDUE_PRICE_OFFER,,1,A202412,C2027Q1T04,VIC1-NSW1,VIC1,1,37900.94
D,RESIDUE_PRICE_OFFER,,1,A202412,C2027Q1T04,VIC1-NSW1,VIC1,1,38600.94
D,RESIDUE_PRICE_OFFER,,1,A202412,C2027Q1T04,VIC1-NSW1,VIC1,1,39300.94
D,RESIDUE_PRICE_OFFER,,1,A202412,C2027Q1T04,VIC1-NSW1,VIC1,1,40000.94
D,RESIDUE_PRICE_OFFER,,1,A202412,C2027Q1T04,VIC1-NSW1,VIC1,2,16133.94
D,RESIDUE_PRICE_OFFER,,1,A202412,C2027Q1T04,VIC1-NSW1,VIC1,2,16266.94
D,RESIDUE_PRICE_OFFER,,1,A202412,C2027Q1T04,VIC1-NSW1,VIC1,2,16399.939990
D,RESIDUE_PRICE_OFFER,,1,A202412,C2027Q1T04,VIC1-NSW1,VIC1,2,16532.939990
D,RESIDUE_PRICE_OFFER,,1,A202412,C2027Q1T04,VIC1-NSW1,VIC1,2,16665.939990
D,RESIDUE_PRICE_OFFER,,1,A202412,C2027Q1T04,VIC1-NSW1,VIC1,2,16798.939990
D,RESIDUE_PRICE_OFFER,,1,A202412,C2027Q1T04,VIC1-NSW1,VIC1,2,16931.939990
D,RESIDUE_PRICE_OFFER,,1,A202412,C2027Q1T04,VIC1-NSW1,VIC1,2,17064.939990
D,RESIDUE_PRICE_OFFER,,1,A202412,C2027Q1T04,VIC1-NSW1,VIC1,2,17197.939990
D,RESIDUE_PRICE_OFFER,,1,A202412,C2027Q1T04,VIC1-NSW1,VIC1,2,17330.939990
D,RESIDUE_PRICE_OFFER,,1,A202412,C2027Q1T04,VIC1-NSW1,VIC1,2,17463.939990
D,RESIDUE_PRICE_OFFER,,1,A202412,C2027Q1T04,VIC1-NSW1,VIC1,2,17596.939990
D,RESIDUE_PRICE_OFFER,,1,A202412,C2027Q1T04,VIC1-NSW1,VIC1,2,17729.939990
D,RESIDUE_PRICE_OFFER,,1,A202412,C2027Q1T04,VIC1-NSW1,VIC1,2,17862.939990
D,RESIDUE_PRICE_OFFER,,1,A202412,C2027Q1T04,VIC1-NSW1,VIC1,2,17995.939990
D,RESIDUE_PRICE_OFFER,,1,A202412,C2027Q1T04,VIC1-NSW1,VIC1,125,0
D,RESIDUE_PRICE_OFFER,,1,A202412,C2027Q2T03,NSW1-QLD1,NSW1,10,5000.89
D,RESIDUE_PRICE_OFFER,,1,A202412,C2027Q2T03,NSW1-QLD1,NSW1,62,0
D,RESIDUE_PRICE_OFFER,,1,A202412,C2027Q2T03,NSW1-QLD1,QLD1,1,39633.60
D,RESIDUE_PRICE_OFFER,,1,A202412,C2027Q2T03,NSW1-QLD1,QLD1,1,40133.51
D,RESIDUE_PRICE_OFFER,,1,A202412,C2027Q2T03,NSW1-QLD1,QLD1,1,40266.51
D,RESIDUE_PRICE_OFFER,,1,A202412,C2027Q2T03,NSW1-QLD1,QLD1,1,40399.51
D,RESIDUE_PRICE_OFFER,,1,A202412,C2027Q2T03,NSW1-QLD1,QLD1,1,40532.51
D,RESIDUE_PRICE_OFFER,,1,A202412,C2027Q2T03,NSW1-QLD1,QLD1,1,40665.51
D,RESIDUE_PRICE_OFFER,,1,A202412,C2027Q2T03,NSW1-QLD1,QLD1,1,40798.51
D,RESIDUE_PRICE_OFFER,,1,A202412,C2027Q2T03,NSW1-QLD1,QLD1,1,40931.51
D,RESIDUE_PRICE_OFFER,,1,A202412,C2027Q2T03,NSW1-QLD1,QLD1,1,41064.51
D,RESIDUE_PRICE_OFFER,,1,A202412,C2027Q2T03,NSW1-QLD1,QLD1,1,41197.51
D,RESIDUE_PRICE_OFFER,,1,A202412,C2027Q2T03,NSW1-QLD1,QLD1,1,41218.9440
D,RESIDUE_PRICE_OFFER,,1,A202412,C2027Q2T03,NSW1-QLD1,QLD1,1,41330.51
D,RESIDUE_PRICE_OFFER,,1,A202412,C2027Q2T03,NSW1-QLD1,QLD1,1,41463.51
D,RESIDUE_PRICE_OFFER,,1,A202412,C2027Q2T03,NSW1-QLD1,QLD1,1,41596.51
D,RESIDUE_PRICE_OFFER,,1,A202412,C2027Q2T03,NSW1-QLD1,QLD1,1,41729.51
D,RESIDUE_PRICE_OFFER,,1,A202412,C2027Q2T03,NSW1-QLD1,QLD1,1,41862.51
D,RESIDUE_PRICE_OFFER,,1,A202412,C2027Q2T03,NSW1-QLD1,QLD1,1,41995.51
D,RESIDUE_PRICE_OFFER,,1,A202412,C2027Q2T03,NSW1-QLD1,QLD1,1,42867.701760
D,RESIDUE_PRICE_OFFER,,1,A202412,C2027Q2T03,NSW1-QLD1,QLD1,1,44582.409830
D,RESIDUE_PRICE_OFFER,,1,A202412,C2027Q2T03,NSW1-QLD1,QLD1,1,46365.706220
D,RESIDUE_PRICE_OFFER,,1,A202412,C2027Q2T03,NSW1-QLD1,QLD1,1,48220.334470
D,RESIDUE_PRICE_OFFER,,1,A202412,C2027Q2T03,NSW1-QLD1,QLD1,108,0
D,RESIDUE_PRICE_OFFER,,1,A202412,C2027Q2T03,V-SA,SA1,10,5720
D,RESIDUE_PRICE_OFFER,,1,A202412,C2027Q2T03,V-SA,SA1,64,0
D,RESIDUE_PRICE_OFFER,,1,A202412,C2027Q2T03,V-SA,VIC1,1,13043.37
D,RESIDUE_PRICE_OFFER,,1,A202412,C2027Q2T03,V-SA,VIC1,1,13086.37
D,RESIDUE_PRICE_OFFER,,1,A202412,C2027Q2T03,V-SA,VIC1,1,13129.37
D,RESIDUE_PRICE_OFFER,,1,A202412,C2027Q2T03,V-SA,VIC1,1,13172.37
D,RESIDUE_PRICE_OFFER,,1,A202412,C2027Q2T03,V-SA,VIC1,1,13215.37
D,RESIDUE_PRICE_OFFER,,1,A202412,C2027Q2T03,V-SA,VIC1,1,13258.37
D,RESIDUE_PRICE_OFFER,,1,A202412,C2027Q2T03,V-SA,VIC1,1,13301.37
D,RESIDUE_PRICE_OFFER,,1,A202412,C2027Q2T03,V-SA,VIC1,1,13344.37
D,RESIDUE_PRICE_OFFER,,1,A202412,C2027Q2T03,V-SA,VIC1,1,13387.37
D,RESIDUE_PRICE_OFFER,,1,A202412,C2027Q2T03,V-SA,VIC1,1,13430.37
D,RESIDUE_PRICE_OFFER,,1,A202412,C2027Q2T03,V-SA,VIC1,1,13473.37
D,RESIDUE_PRICE_OFFER,,1,A202412,C2027Q2T03,V-SA,VIC1,1,13516.37
D,RESIDUE_PRICE_OFFER,,1,A202412,C2027Q2T03,V-SA,VIC1,1,13559.37
D,RESIDUE_PRICE_OFFER,,1,A202412,C2027Q2T03,V-SA,VIC1,1,13602.37
D,RESIDUE_PRICE_OFFER,,1,A202412,C2027Q2T03,V-SA,VIC1,1,13645.37
D,RESIDUE_PRICE_OFFER,,1,A202412,C2027Q2T03,V-SA,VIC1,1,13688.37
D,RESIDUE_PRICE_OFFER,,1,A202412,C2027Q2T03,V-SA,VIC1,1,13731.37
D,RESIDUE_PRICE_OFFER,,1,A202412,C2027Q2T03,V-SA,VIC1,1,13774.37
D,RESIDUE_PRICE_OFFER,,1,A202412,C2027Q2T03,V-SA,VIC1,1,13817.37
D,RESIDUE_PRICE_OFFER,,1,A202412,C2027Q2T03,V-SA,VIC1,1,13860.37
D,RESIDUE_PRICE_OFFER,,1,A202412,C2027Q2T03,V-SA,VIC1,1,13903.37
D,RESIDUE_PRICE_OFFER,,1,A202412,C2027Q2T03,V-SA,VIC1,1,13946.37
D,RESIDUE_PRICE_OFFER,,1,A202412,C2027Q2T03,V-SA,VIC1,1,13989.37
D,RESIDUE_PRICE_OFFER,,1,A202412,C2027Q2T03,V-SA,VIC1,73,0
D,RESIDUE_PRICE_OFFER,,1,A202412,C2027Q2T03,VIC1-NSW1,NSW1,108,0
D,RESIDUE_PRICE_OFFER,,1,A202412,C2027Q2T03,VIC1-NSW1,VIC1,1,17040.939990
D,RESIDUE_PRICE_OFFER,,1,A202412,C2027Q2T03,VIC1-NSW1,VIC1,1,17080.939990
D,RESIDUE_PRICE_OFFER,,1,A202412,C2027Q2T03,VIC1-NSW1,VIC1,1,17120.939990
D,RESIDUE_PRICE_OFFER,,1,A202412,C2027Q2T03,VIC1-NSW1,VIC1,1,17160.939990
D,RESIDUE_PRICE_OFFER,,1,A202412,C2027Q2T03,VIC1-NSW1,VIC1,1,17200.939990
D,RESIDUE_PRICE_OFFER,,1,A202412,C2027Q2T03,VIC1-NSW1,VIC1,1,17240.939990
D,RESIDUE_PRICE_OFFER,,1,A202412,C2027Q2T03,VIC1-NSW1,VIC1,1,17280.939990
D,RESIDUE_PRICE_OFFER,,1,A202412,C2027Q2T03,VIC1-NSW1,VIC1,1,17320.939990
D,RESIDUE_PRICE_OFFER,,1,A202412,C2027Q2T03,VIC1-NSW1,VIC1,1,17360.939990
D,RESIDUE_PRICE_OFFER,,1,A202412,C2027Q2T03,VIC1-NSW1,VIC1,1,17400.939990
D,RESIDUE_PRICE_OFFER,,1,A202412,C2027Q2T03,VIC1-NSW1,VIC1,1,17440.939990
D,RESIDUE_PRICE_OFFER,,1,A202412,C2027Q2T03,VIC1-NSW1,VIC1,1,17480.939990
D,RESIDUE_PRICE_OFFER,,1,A202412,C2027Q2T03,VIC1-NSW1,VIC1,1,17520.939990
D,RESIDUE_PRICE_OFFER,,1,A202412,C2027Q2T03,VIC1-NSW1,VIC1,1,17560.939990
D,RESIDUE_PRICE_OFFER,,1,A202412,C2027Q2T03,VIC1-NSW1,VIC1,1,17600.939990
D,RESIDUE_PRICE_OFFER,,1,A202412,C2027Q2T03,VIC1-NSW1,VIC1,1,17640.939990
D,RESIDUE_PRICE_OFFER,,1,A202412,C2027Q2T03,VIC1-NSW1,VIC1,1,17680.939990
D,RESIDUE_PRICE_OFFER,,1,A202412,C2027Q2T03,VIC1-NSW1,VIC1,1,17720.939990
D,RESIDUE_PRICE_OFFER,,1,A202412,C2027Q2T03,VIC1-NSW1,VIC1,1,17760.939990
D,RESIDUE_PRICE_OFFER,,1,A202412,C2027Q2T03,VIC1-NSW1,VIC1,1,17800.939990
D,RESIDUE_PRICE_OFFER,,1,A202412,C2027Q2T03,VIC1-NSW1,VIC1,1,17840.939990
D,RESIDUE_PRICE_OFFER,,1,A202412,C2027Q2T03,VIC1-NSW1,VIC1,1,17880.939990
D,RESIDUE_PRICE_OFFER,,1,A202412,C2027Q2T03,VIC1-NSW1,VIC1,1,17920.939990
D,RESIDUE_PRICE_OFFER,,1,A202412,C2027Q2T03,VIC1-NSW1,VIC1,1,17960.939990
D,RESIDUE_PRICE_OFFER,,1,A202412,C2027Q2T03,VIC1-NSW1,VIC1,1,18000.939990
D,RESIDUE_PRICE_OFFER,,1,A202412,C2027Q2T03,VIC1-NSW1,VIC1,2,13920
D,RESIDUE_PRICE_OFFER,,1,A202412,C2027Q2T03,VIC1-NSW1,VIC1,125,0
D,RESIDUE_PRICE_OFFER,,1,A202412,C2027Q3T02,NSW1-QLD1,NSW1,62,0
D,RESIDUE_PRICE_OFFER,,1,A202412,C2027Q3T02,NSW1-QLD1,QLD1,1,40133.51
D,RESIDUE_PRICE_OFFER,,1,A202412,C2027Q3T02,NSW1-QLD1,QLD1,1,40266.51
D,RESIDUE_PRICE_OFFER,,1,A202412,C2027Q3T02,NSW1-QLD1,QLD1,1,40399.51
D,RESIDUE_PRICE_OFFER,,1,A202412,C2027Q3T02,NSW1-QLD1,QLD1,1,40532.51
D,RESIDUE_PRICE_OFFER,,1,A202412,C2027Q3T02,NSW1-QLD1,QLD1,1,40665.51
D,RESIDUE_PRICE_OFFER,,1,A202412,C2027Q3T02,NSW1-QLD1,QLD1,1,40798.51
D,RESIDUE_PRICE_OFFER,,1,A202412,C2027Q3T02,NSW1-QLD1,QLD1,1,40931.51
D,RESIDUE_PRICE_OFFER,,1,A202412,C2027Q3T02,NSW1-QLD1,QLD1,1,41064.51
D,RESIDUE_PRICE_OFFER,,1,A202412,C2027Q3T02,NSW1-QLD1,QLD1,1,41197.51
D,RESIDUE_PRICE_OFFER,,1,A202412,C2027Q3T02,NSW1-QLD1,QLD1,1,41330.51
D,RESIDUE_PRICE_OFFER,,1,A202412,C2027Q3T02,NSW1-QLD1,QLD1,1,41463.51
D,RESIDUE_PRICE_OFFER,,1,A202412,C2027Q3T02,NSW1-QLD1,QLD1,1,41596.51
D,RESIDUE_PRICE_OFFER,,1,A202412,C2027Q3T02,NSW1-QLD1,QLD1,1,41729.51
D,RESIDUE_PRICE_OFFER,,1,A202412,C2027Q3T02,NSW1-QLD1,QLD1,1,41862.51
D,RESIDUE_PRICE_OFFER,,1,A202412,C2027Q3T02,NSW1-QLD1,QLD1,1,41995.51
D,RESIDUE_PRICE_OFFER,,1,A202412,C2027Q3T02,NSW1-QLD1,QLD1,108,0
D,RESIDUE_PRICE_OFFER,,1,A202412,C2027Q3T02,V-SA,SA1,1,5500.59
D,RESIDUE_PRICE_OFFER,,1,A202412,C2027Q3T02,V-SA,SA1,64,0
D,RESIDUE_PRICE_OFFER,,1,A202412,C2027Q3T02,V-SA,VIC1,73,0
D,RESIDUE_PRICE_OFFER,,1,A202412,C2027Q3T02,VIC1-NSW1,NSW1,108,0
D,RESIDUE_PRICE_OFFER,,1,A202412,C2027Q3T02,VIC1-NSW1,VIC1,1,18040.939990
D,RESIDUE_PRICE_OFFER,,1,A202412,C2027Q3T02,VIC1-NSW1,VIC1,1,18080.939990
D,RESIDUE_PRICE_OFFER,,1,A202412,C2027Q3T02,VIC1-NSW1,VIC1,1,18120.939990
D,RESIDUE_PRICE_OFFER,,1,A202412,C2027Q3T02,VIC1-NSW1,VIC1,1,18160.939990
D,RESIDUE_PRICE_OFFER,,1,A202412,C2027Q3T02,VIC1-NSW1,VIC1,1,18200.939990
D,RESIDUE_PRICE_OFFER,,1,A202412,C2027Q3T02,VIC1-NSW1,VIC1,1,18240.939990
D,RESIDUE_PRICE_OFFER,,1,A202412,C2027Q3T02,VIC1-NSW1,VIC1,1,18280.939990
D,RESIDUE_PRICE_OFFER,,1,A202412,C2027Q3T02,VIC1-NSW1,VIC1,1,18320.939990
D,RESIDUE_PRICE_OFFER,,1,A202412,C2027Q3T02,VIC1-NSW1,VIC1,1,18360.939990
D,RESIDUE_PRICE_OFFER,,1,A202412,C2027Q3T02,VIC1-NSW1,VIC1,1,18400.939990
D,RESIDUE_PRICE_OFFER,,1,A202412,C2027Q3T02,VIC1-NSW1,VIC1,1,18440.939990
D,RESIDUE_PRICE_OFFER,,1,A202412,C2027Q3T02,VIC1-NSW1,VIC1,1,18480.939990
D,RESIDUE_PRICE_OFFER,,1,A202412,C2027Q3T02,VIC1-NSW1,VIC1,1,18520.939990
D,RESIDUE_PRICE_OFFER,,1,A202412,C2027Q3T02,VIC1-NSW1,VIC1,1,18560.939990
D,RESIDUE_PRICE_OFFER,,1,A202412,C2027Q3T02,VIC1-NSW1,VIC1,1,18600.939990
D,RESIDUE_PRICE_OFFER,,1,A202412,C2027Q3T02,VIC1-NSW1,VIC1,1,18640.939990
D,RESIDUE_PRICE_OFFER,,1,A202412,C2027Q3T02,VIC1-NSW1,VIC1,1,18680.939990
D,RESIDUE_PRICE_OFFER,,1,A202412,C2027Q3T02,VIC1-NSW1,VIC1,1,18720.939990
D,RESIDUE_PRICE_OFFER,,1,A202412,C2027Q3T02,VIC1-NSW1,VIC1,1,18760.939990
D,RESIDUE_PRICE_OFFER,,1,A202412,C2027Q3T02,VIC1-NSW1,VIC1,1,18800.939990
D,RESIDUE_PRICE_OFFER,,1,A202412,C2027Q3T02,VIC1-NSW1,VIC1,1,18840.939990
D,RESIDUE_PRICE_OFFER,,1,A202412,C2027Q3T02,VIC1-NSW1,VIC1,1,18880.939990
D,RESIDUE_PRICE_OFFER,,1,A202412,C2027Q3T02,VIC1-NSW1,VIC1,1,18920.939990
D,RESIDUE_PRICE_OFFER,,1,A202412,C2027Q3T02,VIC1-NSW1,VIC1,1,18960.939990
D,RESIDUE_PRICE_OFFER,,1,A202412,C2027Q3T02,VIC1-NSW1,VIC1,1,19000.939990
D,RESIDUE_PRICE_OFFER,,1,A202412,C2027Q3T02,VIC1-NSW1,VIC1,125,0
D,RESIDUE_PRICE_OFFER,,1,A202412,C2027Q4T01,NSW1-QLD1,NSW1,62,0
D,RESIDUE_PRICE_OFFER,,1,A202412,C2027Q4T01,NSW1-QLD1,QLD1,108,0
D,RESIDUE_PRICE_OFFER,,1,A202412,C2027Q4T01,V-SA,SA1,64,0
D,RESIDUE_PRICE_OFFER,,1,A202412,C2027Q4T01,V-SA,VIC1,73,0
D,RESIDUE_PRICE_OFFER,,1,A202412,C2027Q4T01,VIC1-NSW1,NSW1,108,0
D,RESIDUE_PRICE_OFFER,,1,A202412,C2027Q4T01,VIC1-NSW1,VIC1,125,0
C,"END OF REPORT",1473
