C,NEMP.WORLD,SROFFER,AEMO,PUBLIC,2022/12/15,14:19:43,0000000376943805,,0000000376943805
I,RESIDUE_PRICE_OFFER,,1,:AUCTIONID,TRANCHEID,INTERCONNECTORID,FROMREGIONID,OFFERUNITS,OFFERPRICE
D,RESIDUE_PRICE_OFFER,,1,A202212,C2023Q1T12,NSW1-QLD1,NSW1,2,27830
D,RESIDUE_PRICE_OFFER,,1,A202212,C2023Q1T12,NSW1-QLD1,NSW1,2,29095
D,RESIDUE_PRICE_OFFER,,1,A202212,C2023Q1T12,NSW1-QLD1,NSW1,2,30360
D,RESIDUE_PRICE_OFFER,,1,A202212,C2023Q1T12,NSW1-QLD1,NSW1,2,31625
D,RESIDUE_PRICE_OFFER,,1,A202212,C2023Q1T12,NSW1-QLD1,NSW1,2,32890
D,RESIDUE_PRICE_OFFER,,1,A202212,C2023Q1T12,NSW1-QLD1,NSW1,2,34155
D,RESIDUE_PRICE_OFFER,,1,A202212,C2023Q1T12,NSW1-QLD1,NSW1,3,20000
D,RESIDUE_PRICE_OFFER,,1,A202212,C2023Q1T12,NSW1-QLD1,NSW1,25,40000
D,RESIDUE_PRICE_OFFER,,1,A202212,C2023Q1T12,NSW1-QLD1,NSW1,55,0
D,RESIDUE_PRICE_OFFER,,1,A202212,C2023Q1T12,NSW1-QLD1,QLD1,3,16287.779840
D,RESIDUE_PRICE_OFFER,,1,A202212,C2023Q1T12,NSW1-QLD1,QLD1,3,17916.557820
D,RESIDUE_PRICE_OFFER,,1,A202212,C2023Q1T12,NSW1-QLD1,QLD1,3,19708.2136
D,RESIDUE_PRICE_OFFER,,1,A202212,C2023Q1T12,NSW1-QLD1,QLD1,3,21679.034970
D,RESIDUE_PRICE_OFFER,,1,A202212,C2023Q1T12,NSW1-QLD1,QLD1,3,23846.938460
D,RESIDUE_PRICE_OFFER,,1,A202212,C2023Q1T12,NSW1-QLD1,QLD1,3,26231.632310
D,RESIDUE_PRICE_OFFER,,1,A202212,C2023Q1T12,NSW1-QLD1,QLD1,4,11320
D,RESIDUE_PRICE_OFFER,,1,A202212,C2023Q1T12,NSW1-QLD1,QLD1,4,11640
D,RESIDUE_PRICE_OFFER,,1,A202212,C2023Q1T12,NSW1-QLD1,QLD1,4,11960
D,RESIDUE_PRICE_OFFER,,1,A202212,C2023Q1T12,NSW1-QLD1,QLD1,4,12280
D,RESIDUE_PRICE_OFFER,,1,A202212,C2023Q1T12,NSW1-QLD1,QLD1,4,12600
D,RESIDUE_PRICE_OFFER,,1,A202212,C2023Q1T12,NSW1-QLD1,QLD1,4,12920
D,RESIDUE_PRICE_OFFER,,1,A202212,C2023Q1T12,NSW1-QLD1,QLD1,4,13240
D,RESIDUE_PRICE_OFFER,,1,A202212,C2023Q1T12,NSW1-QLD1,QLD1,4,13560
D,RESIDUE_PRICE_OFFER,,1,A202212,C2023Q1T12,NSW1-QLD1,QLD1,4,13880
D,RESIDUE_PRICE_OFFER,,1,A202212,C2023Q1T12,NSW1-QLD1,QLD1,4,14200
D,RESIDUE_PRICE_OFFER,,1,A202212,C2023Q1T12,NSW1-QLD1,QLD1,4,14520
D,RESIDUE_PRICE_OFFER,,1,A202212,C2023Q1T12,NSW1-QLD1,QLD1,4,14840
D,RESIDUE_PRICE_OFFER,,1,A202212,C2023Q1T12,NSW1-QLD1,QLD1,4,15160
D,RESIDUE_PRICE_OFFER,,1,A202212,C2023Q1T12,NSW1-QLD1,QLD1,4,15480
D,RESIDUE_PRICE_OFFER,,1,A202212,C2023Q1T12,NSW1-QLD1,QLD1,4,15800
D,RESIDUE_PRICE_OFFER,,1,A202212,C2023Q1T12,NSW1-QLD1,QLD1,4,16120
D,RESIDUE_PRICE_OFFER,,1,A202212,C2023Q1T12,NSW1-QLD1,QLD1,4,16440
D,RESIDUE_PRICE_OFFER,,1,A202212,C2023Q1T12,NSW1-QLD1,QLD1,4,16760
D,RESIDUE_PRICE_OFFER,,1,A202212,C2023Q1T12,NSW1-QLD1,QLD1,4,17080
D,RESIDUE_PRICE_OFFER,,1,A202212,C2023Q1T12,NSW1-QLD1,QLD1,4,17400
D,RESIDUE_PRICE_OFFER,,1,A202212,C2023Q1T12,NSW1-QLD1,QLD1,4,17720
D,RESIDUE_PRICE_OFFER,,1,A202212,C2023Q1T12,NSW1-QLD1,QLD1,4,18040
D,RESIDUE_PRICE_OFFER,,1,A202212,C2023Q1T12,NSW1-QLD1,QLD1,4,18360
D,RESIDUE_PRICE_OFFER,,1,A202212,C2023Q1T12,NSW1-QLD1,QLD1,4,18680
D,RESIDUE_PRICE_OFFER,,1,A202212,C2023Q1T12,NSW1-QLD1,QLD1,4,19000
D,RESIDUE_PRICE_OFFER,,1,A202212,C2023Q1T12,NSW1-QLD1,QLD1,13,25700
D,RESIDUE_PRICE_OFFER,,1,A202212,C2023Q1T12,NSW1-QLD1,QLD1,25,45000
D,RESIDUE_PRICE_OFFER,,1,A202212,C2023Q1T12,NSW1-QLD1,QLD1,60,25740
D,RESIDUE_PRICE_OFFER,,1,A202212,C2023Q1T12,NSW1-QLD1,QLD1,100,0
D,RESIDUE_PRICE_OFFER,,1,A202212,C2023Q1T12,V-SA,SA1,3,8791.508330
D,RESIDUE_PRICE_OFFER,,1,A202212,C2023Q1T12,V-SA,SA1,3,9406.913910
D,RESIDUE_PRICE_OFFER,,1,A202212,C2023Q1T12,V-SA,SA1,3,10065.397890
D,RESIDUE_PRICE_OFFER,,1,A202212,C2023Q1T12,V-SA,SA1,3,10769.975740
D,RESIDUE_PRICE_OFFER,,1,A202212,C2023Q1T12,V-SA,SA1,3,11523.874050
D,RESIDUE_PRICE_OFFER,,1,A202212,C2023Q1T12,V-SA,SA1,3,12330.545230
D,RESIDUE_PRICE_OFFER,,1,A202212,C2023Q1T12,V-SA,SA1,15,8000
D,RESIDUE_PRICE_OFFER,,1,A202212,C2023Q1T12,V-SA,SA1,66,0
D,RESIDUE_PRICE_OFFER,,1,A202212,C2023Q1T12,V-SA,VIC1,1,28280.99
D,RESIDUE_PRICE_OFFER,,1,A202212,C2023Q1T12,V-SA,VIC1,1,28560.99
D,RESIDUE_PRICE_OFFER,,1,A202212,C2023Q1T12,V-SA,VIC1,1,28840.99
D,RESIDUE_PRICE_OFFER,,1,A202212,C2023Q1T12,V-SA,VIC1,1,29120.99
D,RESIDUE_PRICE_OFFER,,1,A202212,C2023Q1T12,V-SA,VIC1,1,29400.99
D,RESIDUE_PRICE_OFFER,,1,A202212,C2023Q1T12,V-SA,VIC1,1,29680.99
D,RESIDUE_PRICE_OFFER,,1,A202212,C2023Q1T12,V-SA,VIC1,1,29960.99
D,RESIDUE_PRICE_OFFER,,1,A202212,C2023Q1T12,V-SA,VIC1,1,30240.99
D,RESIDUE_PRICE_OFFER,,1,A202212,C2023Q1T12,V-SA,VIC1,1,30520.99
D,RESIDUE_PRICE_OFFER,,1,A202212,C2023Q1T12,V-SA,VIC1,1,30800.99
D,RESIDUE_PRICE_OFFER,,1,A202212,C2023Q1T12,V-SA,VIC1,1,31080.99
D,RESIDUE_PRICE_OFFER,,1,A202212,C2023Q1T12,V-SA,VIC1,1,31360.99
D,RESIDUE_PRICE_OFFER,,1,A202212,C2023Q1T12,V-SA,VIC1,1,31640.99
D,RESIDUE_PRICE_OFFER,,1,A202212,C2023Q1T12,V-SA,VIC1,1,31920.99
D,RESIDUE_PRICE_OFFER,,1,A202212,C2023Q1T12,V-SA,VIC1,1,32200.99
D,RESIDUE_PRICE_OFFER,,1,A202212,C2023Q1T12,V-SA,VIC1,1,32480.99
D,RESIDUE_PRICE_OFFER,,1,A202212,C2023Q1T12,V-SA,VIC1,1,32760.99
D,RESIDUE_PRICE_OFFER,,1,A202212,C2023Q1T12,V-SA,VIC1,1,33040.99
D,RESIDUE_PRICE_OFFER,,1,A202212,C2023Q1T12,V-SA,VIC1,1,33320.99
D,RESIDUE_PRICE_OFFER,,1,A202212,C2023Q1T12,V-SA,VIC1,1,33600.99
D,RESIDUE_PRICE_OFFER,,1,A202212,C2023Q1T12,V-SA,VIC1,1,33880.99
D,RESIDUE_PRICE_OFFER,,1,A202212,C2023Q1T12,V-SA,VIC1,1,34160.99
D,RESIDUE_PRICE_OFFER,,1,A202212,C2023Q1T12,V-SA,VIC1,1,34440.99
D,RESIDUE_PRICE_OFFER,,1,A202212,C2023Q1T12,V-SA,VIC1,1,34720.99
D,RESIDUE_PRICE_OFFER,,1,A202212,C2023Q1T12,V-SA,VIC1,1,35000.99
D,RESIDUE_PRICE_OFFER,,1,A202212,C2023Q1T12,V-SA,VIC1,2,49656
D,RESIDUE_PRICE_OFFER,,1,A202212,C2023Q1T12,V-SA,VIC1,2,50897.40
D,RESIDUE_PRICE_OFFER,,1,A202212,C2023Q1T12,V-SA,VIC1,2,52169.8350
D,RESIDUE_PRICE_OFFER,,1,A202212,C2023Q1T12,V-SA,VIC1,2,53474.080870
D,RESIDUE_PRICE_OFFER,,1,A202212,C2023Q1T12,V-SA,VIC1,2,54810.9329
D,RESIDUE_PRICE_OFFER,,1,A202212,C2023Q1T12,V-SA,VIC1,2,56181.206220
D,RESIDUE_PRICE_OFFER,,1,A202212,C2023Q1T12,V-SA,VIC1,5,160000
D,RESIDUE_PRICE_OFFER,,1,A202212,C2023Q1T12,V-SA,VIC1,10,34000
D,RESIDUE_PRICE_OFFER,,1,A202212,C2023Q1T12,V-SA,VIC1,77,0
D,RESIDUE_PRICE_OFFER,,1,A202212,C2023Q1T12,VIC1-NSW1,NSW1,1,4510.04
D,RESIDUE_PRICE_OFFER,,1,A202212,C2023Q1T12,VIC1-NSW1,NSW1,1,4520.04
D,RESIDUE_PRICE_OFFER,,1,A202212,C2023Q1T12,VIC1-NSW1,NSW1,1,4530.04
D,RESIDUE_PRICE_OFFER,,1,A202212,C2023Q1T12,VIC1-NSW1,NSW1,1,4540.04
D,RESIDUE_PRICE_OFFER,,1,A202212,C2023Q1T12,VIC1-NSW1,NSW1,1,4550.04
D,RESIDUE_PRICE_OFFER,,1,A202212,C2023Q1T12,VIC1-NSW1,NSW1,1,4560.04
D,RESIDUE_PRICE_OFFER,,1,A202212,C2023Q1T12,VIC1-NSW1,NSW1,1,4570.04
D,RESIDUE_PRICE_OFFER,,1,A202212,C2023Q1T12,VIC1-NSW1,NSW1,1,4580.04
D,RESIDUE_PRICE_OFFER,,1,A202212,C2023Q1T12,VIC1-NSW1,NSW1,1,4590.04
D,RESIDUE_PRICE_OFFER,,1,A202212,C2023Q1T12,VIC1-NSW1,NSW1,1,4600.04
D,RESIDUE_PRICE_OFFER,,1,A202212,C2023Q1T12,VIC1-NSW1,NSW1,3,8200
D,RESIDUE_PRICE_OFFER,,1,A202212,C2023Q1T12,VIC1-NSW1,NSW1,3,9020
D,RESIDUE_PRICE_OFFER,,1,A202212,C2023Q1T12,VIC1-NSW1,NSW1,3,9922
D,RESIDUE_PRICE_OFFER,,1,A202212,C2023Q1T12,VIC1-NSW1,NSW1,3,10914.20
D,RESIDUE_PRICE_OFFER,,1,A202212,C2023Q1T12,VIC1-NSW1,NSW1,3,12005.62
D,RESIDUE_PRICE_OFFER,,1,A202212,C2023Q1T12,VIC1-NSW1,NSW1,3,13206.1820
D,RESIDUE_PRICE_OFFER,,1,A202212,C2023Q1T12,VIC1-NSW1,NSW1,7,25000
D,RESIDUE_PRICE_OFFER,,1,A202212,C2023Q1T12,VIC1-NSW1,NSW1,112,0
D,RESIDUE_PRICE_OFFER,,1,A202212,C2023Q1T12,VIC1-NSW1,VIC1,1,38257.879990
D,RESIDUE_PRICE_OFFER,,1,A202212,C2023Q1T12,VIC1-NSW1,VIC1,1,38514.879990
D,RESIDUE_PRICE_OFFER,,1,A202212,C2023Q1T12,VIC1-NSW1,VIC1,1,38771.879990
D,RESIDUE_PRICE_OFFER,,1,A202212,C2023Q1T12,VIC1-NSW1,VIC1,1,39028.879990
D,RESIDUE_PRICE_OFFER,,1,A202212,C2023Q1T12,VIC1-NSW1,VIC1,1,39285.879990
D,RESIDUE_PRICE_OFFER,,1,A202212,C2023Q1T12,VIC1-NSW1,VIC1,1,39542.879990
D,RESIDUE_PRICE_OFFER,,1,A202212,C2023Q1T12,VIC1-NSW1,VIC1,1,39799.879990
D,RESIDUE_PRICE_OFFER,,1,A202212,C2023Q1T12,VIC1-NSW1,VIC1,1,40056.879990
D,RESIDUE_PRICE_OFFER,,1,A202212,C2023Q1T12,VIC1-NSW1,VIC1,1,40313.879990
D,RESIDUE_PRICE_OFFER,,1,A202212,C2023Q1T12,VIC1-NSW1,VIC1,1,40570.879990
D,RESIDUE_PRICE_OFFER,,1,A202212,C2023Q1T12,VIC1-NSW1,VIC1,1,40827.879990
D,RESIDUE_PRICE_OFFER,,1,A202212,C2023Q1T12,VIC1-NSW1,VIC1,1,41084.879990
D,RESIDUE_PRICE_OFFER,,1,A202212,C2023Q1T12,VIC1-NSW1,VIC1,1,41341.879990
D,RESIDUE_PRICE_OFFER,,1,A202212,C2023Q1T12,VIC1-NSW1,VIC1,1,41598.879990
D,RESIDUE_PRICE_OFFER,,1,A202212,C2023Q1T12,VIC1-NSW1,VIC1,1,41855.879990
D,RESIDUE_PRICE_OFFER,,1,A202212,C2023Q1T12,VIC1-NSW1,VIC1,1,42112.879990
D,RESIDUE_PRICE_OFFER,,1,A202212,C2023Q1T12,VIC1-NSW1,VIC1,1,42369.879990
D,RESIDUE_PRICE_OFFER,,1,A202212,C2023Q1T12,VIC1-NSW1,VIC1,1,42626.879990
D,RESIDUE_PRICE_OFFER,,1,A202212,C2023Q1T12,VIC1-NSW1,VIC1,1,42883.879990
D,RESIDUE_PRICE_OFFER,,1,A202212,C2023Q1T12,VIC1-NSW1,VIC1,1,43140.88
D,RESIDUE_PRICE_OFFER,,1,A202212,C2023Q1T12,VIC1-NSW1,VIC1,1,43397.88
D,RESIDUE_PRICE_OFFER,,1,A202212,C2023Q1T12,VIC1-NSW1,VIC1,1,43654.88
D,RESIDUE_PRICE_OFFER,,1,A202212,C2023Q1T12,VIC1-NSW1,VIC1,1,43911.88
D,RESIDUE_PRICE_OFFER,,1,A202212,C2023Q1T12,VIC1-NSW1,VIC1,1,44168.88
D,RESIDUE_PRICE_OFFER,,1,A202212,C2023Q1T12,VIC1-NSW1,VIC1,1,44425.88
D,RESIDUE_PRICE_OFFER,,1,A202212,C2023Q1T12,VIC1-NSW1,VIC1,1,44682.88
D,RESIDUE_PRICE_OFFER,,1,A202212,C2023Q1T12,VIC1-NSW1,VIC1,1,44939.88
D,RESIDUE_PRICE_OFFER,,1,A202212,C2023Q1T12,VIC1-NSW1,VIC1,1,45196.88
D,RESIDUE_PRICE_OFFER,,1,A202212,C2023Q1T12,VIC1-NSW1,VIC1,1,45453.88
D,RESIDUE_PRICE_OFFER,,1,A202212,C2023Q1T12,VIC1-NSW1,VIC1,1,45710.88
D,RESIDUE_PRICE_OFFER,,1,A202212,C2023Q1T12,VIC1-NSW1,VIC1,1,45967.88
D,RESIDUE_PRICE_OFFER,,1,A202212,C2023Q1T12,VIC1-NSW1,VIC1,1,46224.88
D,RESIDUE_PRICE_OFFER,,1,A202212,C2023Q1T12,VIC1-NSW1,VIC1,1,46481.88
D,RESIDUE_PRICE_OFFER,,1,A202212,C2023Q1T12,VIC1-NSW1,VIC1,1,46738.88
D,RESIDUE_PRICE_OFFER,,1,A202212,C2023Q1T12,VIC1-NSW1,VIC1,1,46995.88
D,RESIDUE_PRICE_OFFER,,1,A202212,C2023Q1T12,VIC1-NSW1,VIC1,1,48400.88
D,RESIDUE_PRICE_OFFER,,1,A202212,C2023Q1T12,VIC1-NSW1,VIC1,1,48800.88
D,RESIDUE_PRICE_OFFER,,1,A202212,C2023Q1T12,VIC1-NSW1,VIC1,1,49200.88
D,RESIDUE_PRICE_OFFER,,1,A202212,C2023Q1T12,VIC1-NSW1,VIC1,1,49600.88
D,RESIDUE_PRICE_OFFER,,1,A202212,C2023Q1T12,VIC1-NSW1,VIC1,1,50000.88
D,RESIDUE_PRICE_OFFER,,1,A202212,C2023Q1T12,VIC1-NSW1,VIC1,1,50400.88
D,RESIDUE_PRICE_OFFER,,1,A202212,C2023Q1T12,VIC1-NSW1,VIC1,1,50800.88
D,RESIDUE_PRICE_OFFER,,1,A202212,C2023Q1T12,VIC1-NSW1,VIC1,1,51200.88
D,RESIDUE_PRICE_OFFER,,1,A202212,C2023Q1T12,VIC1-NSW1,VIC1,1,51600.88
D,RESIDUE_PRICE_OFFER,,1,A202212,C2023Q1T12,VIC1-NSW1,VIC1,1,52000.88
D,RESIDUE_PRICE_OFFER,,1,A202212,C2023Q1T12,VIC1-NSW1,VIC1,1,52400.88
D,RESIDUE_PRICE_OFFER,,1,A202212,C2023Q1T12,VIC1-NSW1,VIC1,1,52800.88
D,RESIDUE_PRICE_OFFER,,1,A202212,C2023Q1T12,VIC1-NSW1,VIC1,1,53200.88
D,RESIDUE_PRICE_OFFER,,1,A202212,C2023Q1T12,VIC1-NSW1,VIC1,1,53600.88
D,RESIDUE_PRICE_OFFER,,1,A202212,C2023Q1T12,VIC1-NSW1,VIC1,1,54000.88
D,RESIDUE_PRICE_OFFER,,1,A202212,C2023Q1T12,VIC1-NSW1,VIC1,1,54400.88
D,RESIDUE_PRICE_OFFER,,1,A202212,C2023Q1T12,VIC1-NSW1,VIC1,1,54800.88
D,RESIDUE_PRICE_OFFER,,1,A202212,C2023Q1T12,VIC1-NSW1,VIC1,1,55200.88
D,RESIDUE_PRICE_OFFER,,1,A202212,C2023Q1T12,VIC1-NSW1,VIC1,1,55600.88
D,RESIDUE_PRICE_OFFER,,1,A202212,C2023Q1T12,VIC1-NSW1,VIC1,1,56000.88
D,RESIDUE_PRICE_OFFER,,1,A202212,C2023Q1T12,VIC1-NSW1,VIC1,1,56400.88
D,RESIDUE_PRICE_OFFER,,1,A202212,C2023Q1T12,VIC1-NSW1,VIC1,1,56800.88
D,RESIDUE_PRICE_OFFER,,1,A202212,C2023Q1T12,VIC1-NSW1,VIC1,1,57200.88
D,RESIDUE_PRICE_OFFER,,1,A202212,C2023Q1T12,VIC1-NSW1,VIC1,1,57600.88
D,RESIDUE_PRICE_OFFER,,1,A202212,C2023Q1T12,VIC1-NSW1,VIC1,1,58000.88
D,RESIDUE_PRICE_OFFER,,1,A202212,C2023Q1T12,VIC1-NSW1,VIC1,1,58400.88
D,RESIDUE_PRICE_OFFER,,1,A202212,C2023Q1T12,VIC1-NSW1,VIC1,1,58800.88
D,RESIDUE_PRICE_OFFER,,1,A202212,C2023Q1T12,VIC1-NSW1,VIC1,1,59200.88
D,RESIDUE_PRICE_OFFER,,1,A202212,C2023Q1T12,VIC1-NSW1,VIC1,1,59600.88
D,RESIDUE_PRICE_OFFER,,1,A202212,C2023Q1T12,VIC1-NSW1,VIC1,1,60000.88
D,RESIDUE_PRICE_OFFER,,1,A202212,C2023Q1T12,VIC1-NSW1,VIC1,3,31512.643590
D,RESIDUE_PRICE_OFFER,,1,A202212,C2023Q1T12,VIC1-NSW1,VIC1,3,33088.275770
D,RESIDUE_PRICE_OFFER,,1,A202212,C2023Q1T12,VIC1-NSW1,VIC1,5,36397.103340
D,RESIDUE_PRICE_OFFER,,1,A202212,C2023Q1T12,VIC1-NSW1,VIC1,5,40000
D,RESIDUE_PRICE_OFFER,,1,A202212,C2023Q1T12,VIC1-NSW1,VIC1,5,41856.668850
D,RESIDUE_PRICE_OFFER,,1,A202212,C2023Q1T12,VIC1-NSW1,VIC1,6,30000
D,RESIDUE_PRICE_OFFER,,1,A202212,C2023Q1T12,VIC1-NSW1,VIC1,7,48135.169170
D,RESIDUE_PRICE_OFFER,,1,A202212,C2023Q1T12,VIC1-NSW1,VIC1,11,55355.444550
D,RESIDUE_PRICE_OFFER,,1,A202212,C2023Q1T12,VIC1-NSW1,VIC1,20,78000
D,RESIDUE_PRICE_OFFER,,1,A202212,C2023Q1T12,VIC1-NSW1,VIC1,30,39240
D,RESIDUE_PRICE_OFFER,,1,A202212,C2023Q1T12,VIC1-NSW1,VIC1,125,0
D,RESIDUE_PRICE_OFFER,,1,A202212,C2023Q2T11,NSW1-QLD1,NSW1,1,10025.33
D,RESIDUE_PRICE_OFFER,,1,A202212,C2023Q2T11,NSW1-QLD1,NSW1,1,10050.33
D,RESIDUE_PRICE_OFFER,,1,A202212,C2023Q2T11,NSW1-QLD1,NSW1,1,10075.33
D,RESIDUE_PRICE_OFFER,,1,A202212,C2023Q2T11,NSW1-QLD1,NSW1,1,10100.33
D,RESIDUE_PRICE_OFFER,,1,A202212,C2023Q2T11,NSW1-QLD1,NSW1,2,6050
D,RESIDUE_PRICE_OFFER,,1,A202212,C2023Q2T11,NSW1-QLD1,NSW1,2,6957.50
D,RESIDUE_PRICE_OFFER,,1,A202212,C2023Q2T11,NSW1-QLD1,NSW1,2,8001.1250
D,RESIDUE_PRICE_OFFER,,1,A202212,C2023Q2T11,NSW1-QLD1,NSW1,2,9201.293750
D,RESIDUE_PRICE_OFFER,,1,A202212,C2023Q2T11,NSW1-QLD1,NSW1,2,10581.487810
D,RESIDUE_PRICE_OFFER,,1,A202212,C2023Q2T11,NSW1-QLD1,NSW1,2,12168.710980
D,RESIDUE_PRICE_OFFER,,1,A202212,C2023Q2T11,NSW1-QLD1,NSW1,25,6500
D,RESIDUE_PRICE_OFFER,,1,A202212,C2023Q2T11,NSW1-QLD1,NSW1,45,0
D,RESIDUE_PRICE_OFFER,,1,A202212,C2023Q2T11,NSW1-QLD1,QLD1,1,22371
D,RESIDUE_PRICE_OFFER,,1,A202212,C2023Q2T11,NSW1-QLD1,QLD1,1,22742
D,RESIDUE_PRICE_OFFER,,1,A202212,C2023Q2T11,NSW1-QLD1,QLD1,1,23113
D,RESIDUE_PRICE_OFFER,,1,A202212,C2023Q2T11,NSW1-QLD1,QLD1,1,23484
D,RESIDUE_PRICE_OFFER,,1,A202212,C2023Q2T11,NSW1-QLD1,QLD1,1,23855
D,RESIDUE_PRICE_OFFER,,1,A202212,C2023Q2T11,NSW1-QLD1,QLD1,1,24226
D,RESIDUE_PRICE_OFFER,,1,A202212,C2023Q2T11,NSW1-QLD1,QLD1,1,24597
D,RESIDUE_PRICE_OFFER,,1,A202212,C2023Q2T11,NSW1-QLD1,QLD1,1,24968
D,RESIDUE_PRICE_OFFER,,1,A202212,C2023Q2T11,NSW1-QLD1,QLD1,1,25339
D,RESIDUE_PRICE_OFFER,,1,A202212,C2023Q2T11,NSW1-QLD1,QLD1,1,25710
D,RESIDUE_PRICE_OFFER,,1,A202212,C2023Q2T11,NSW1-QLD1,QLD1,1,26081
D,RESIDUE_PRICE_OFFER,,1,A202212,C2023Q2T11,NSW1-QLD1,QLD1,1,26452
D,RESIDUE_PRICE_OFFER,,1,A202212,C2023Q2T11,NSW1-QLD1,QLD1,1,26823
D,RESIDUE_PRICE_OFFER,,1,A202212,C2023Q2T11,NSW1-QLD1,QLD1,1,27194
D,RESIDUE_PRICE_OFFER,,1,A202212,C2023Q2T11,NSW1-QLD1,QLD1,1,27565
D,RESIDUE_PRICE_OFFER,,1,A202212,C2023Q2T11,NSW1-QLD1,QLD1,1,27936
D,RESIDUE_PRICE_OFFER,,1,A202212,C2023Q2T11,NSW1-QLD1,QLD1,1,28307
D,RESIDUE_PRICE_OFFER,,1,A202212,C2023Q2T11,NSW1-QLD1,QLD1,1,28678
D,RESIDUE_PRICE_OFFER,,1,A202212,C2023Q2T11,NSW1-QLD1,QLD1,1,29049
D,RESIDUE_PRICE_OFFER,,1,A202212,C2023Q2T11,NSW1-QLD1,QLD1,1,29420
D,RESIDUE_PRICE_OFFER,,1,A202212,C2023Q2T11,NSW1-QLD1,QLD1,1,29791
D,RESIDUE_PRICE_OFFER,,1,A202212,C2023Q2T11,NSW1-QLD1,QLD1,1,30162
D,RESIDUE_PRICE_OFFER,,1,A202212,C2023Q2T11,NSW1-QLD1,QLD1,1,30533
D,RESIDUE_PRICE_OFFER,,1,A202212,C2023Q2T11,NSW1-QLD1,QLD1,1,30904
D,RESIDUE_PRICE_OFFER,,1,A202212,C2023Q2T11,NSW1-QLD1,QLD1,1,31275
D,RESIDUE_PRICE_OFFER,,1,A202212,C2023Q2T11,NSW1-QLD1,QLD1,1,31646
D,RESIDUE_PRICE_OFFER,,1,A202212,C2023Q2T11,NSW1-QLD1,QLD1,1,32017
D,RESIDUE_PRICE_OFFER,,1,A202212,C2023Q2T11,NSW1-QLD1,QLD1,1,32388
D,RESIDUE_PRICE_OFFER,,1,A202212,C2023Q2T11,NSW1-QLD1,QLD1,1,32759
D,RESIDUE_PRICE_OFFER,,1,A202212,C2023Q2T11,NSW1-QLD1,QLD1,1,33130
D,RESIDUE_PRICE_OFFER,,1,A202212,C2023Q2T11,NSW1-QLD1,QLD1,1,33501
D,RESIDUE_PRICE_OFFER,,1,A202212,C2023Q2T11,NSW1-QLD1,QLD1,1,33872
D,RESIDUE_PRICE_OFFER,,1,A202212,C2023Q2T11,NSW1-QLD1,QLD1,1,34243
D,RESIDUE_PRICE_OFFER,,1,A202212,C2023Q2T11,NSW1-QLD1,QLD1,1,34614
D,RESIDUE_PRICE_OFFER,,1,A202212,C2023Q2T11,NSW1-QLD1,QLD1,1,34985
D,RESIDUE_PRICE_OFFER,,1,A202212,C2023Q2T11,NSW1-QLD1,QLD1,2,38480
D,RESIDUE_PRICE_OFFER,,1,A202212,C2023Q2T11,NSW1-QLD1,QLD1,2,38960
D,RESIDUE_PRICE_OFFER,,1,A202212,C2023Q2T11,NSW1-QLD1,QLD1,2,39440
D,RESIDUE_PRICE_OFFER,,1,A202212,C2023Q2T11,NSW1-QLD1,QLD1,2,39920
D,RESIDUE_PRICE_OFFER,,1,A202212,C2023Q2T11,NSW1-QLD1,QLD1,2,40400
D,RESIDUE_PRICE_OFFER,,1,A202212,C2023Q2T11,NSW1-QLD1,QLD1,2,40880
D,RESIDUE_PRICE_OFFER,,1,A202212,C2023Q2T11,NSW1-QLD1,QLD1,2,41360
D,RESIDUE_PRICE_OFFER,,1,A202212,C2023Q2T11,NSW1-QLD1,QLD1,2,41840
D,RESIDUE_PRICE_OFFER,,1,A202212,C2023Q2T11,NSW1-QLD1,QLD1,2,42320
D,RESIDUE_PRICE_OFFER,,1,A202212,C2023Q2T11,NSW1-QLD1,QLD1,2,42800
D,RESIDUE_PRICE_OFFER,,1,A202212,C2023Q2T11,NSW1-QLD1,QLD1,2,43280
D,RESIDUE_PRICE_OFFER,,1,A202212,C2023Q2T11,NSW1-QLD1,QLD1,2,43760
D,RESIDUE_PRICE_OFFER,,1,A202212,C2023Q2T11,NSW1-QLD1,QLD1,2,44240
D,RESIDUE_PRICE_OFFER,,1,A202212,C2023Q2T11,NSW1-QLD1,QLD1,2,44720
D,RESIDUE_PRICE_OFFER,,1,A202212,C2023Q2T11,NSW1-QLD1,QLD1,2,45200
D,RESIDUE_PRICE_OFFER,,1,A202212,C2023Q2T11,NSW1-QLD1,QLD1,2,45680
D,RESIDUE_PRICE_OFFER,,1,A202212,C2023Q2T11,NSW1-QLD1,QLD1,2,46160
D,RESIDUE_PRICE_OFFER,,1,A202212,C2023Q2T11,NSW1-QLD1,QLD1,2,46640
D,RESIDUE_PRICE_OFFER,,1,A202212,C2023Q2T11,NSW1-QLD1,QLD1,2,47120
D,RESIDUE_PRICE_OFFER,,1,A202212,C2023Q2T11,NSW1-QLD1,QLD1,2,47600
D,RESIDUE_PRICE_OFFER,,1,A202212,C2023Q2T11,NSW1-QLD1,QLD1,2,48080
D,RESIDUE_PRICE_OFFER,,1,A202212,C2023Q2T11,NSW1-QLD1,QLD1,2,48560
D,RESIDUE_PRICE_OFFER,,1,A202212,C2023Q2T11,NSW1-QLD1,QLD1,2,49040
D,RESIDUE_PRICE_OFFER,,1,A202212,C2023Q2T11,NSW1-QLD1,QLD1,2,49520
D,RESIDUE_PRICE_OFFER,,1,A202212,C2023Q2T11,NSW1-QLD1,QLD1,2,50000
D,RESIDUE_PRICE_OFFER,,1,A202212,C2023Q2T11,NSW1-QLD1,QLD1,3,49320
D,RESIDUE_PRICE_OFFER,,1,A202212,C2023Q2T11,NSW1-QLD1,QLD1,3,56718
D,RESIDUE_PRICE_OFFER,,1,A202212,C2023Q2T11,NSW1-QLD1,QLD1,3,65225.70
D,RESIDUE_PRICE_OFFER,,1,A202212,C2023Q2T11,NSW1-QLD1,QLD1,3,75009.554990
D,RESIDUE_PRICE_OFFER,,1,A202212,C2023Q2T11,NSW1-QLD1,QLD1,3,86260.988250
D,RESIDUE_PRICE_OFFER,,1,A202212,C2023Q2T11,NSW1-QLD1,QLD1,3,99200.136490
D,RESIDUE_PRICE_OFFER,,1,A202212,C2023Q2T11,NSW1-QLD1,QLD1,25,36000
D,RESIDUE_PRICE_OFFER,,1,A202212,C2023Q2T11,NSW1-QLD1,QLD1,30,35730
D,RESIDUE_PRICE_OFFER,,1,A202212,C2023Q2T11,NSW1-QLD1,QLD1,40,83000
D,RESIDUE_PRICE_OFFER,,1,A202212,C2023Q2T11,NSW1-QLD1,QLD1,100,0
D,RESIDUE_PRICE_OFFER,,1,A202212,C2023Q2T11,V-SA,SA1,1,8633.67
D,RESIDUE_PRICE_OFFER,,1,A202212,C2023Q2T11,V-SA,SA1,1,8766.67
D,RESIDUE_PRICE_OFFER,,1,A202212,C2023Q2T11,V-SA,SA1,1,8899.67
D,RESIDUE_PRICE_OFFER,,1,A202212,C2023Q2T11,V-SA,SA1,1,9032.67
D,RESIDUE_PRICE_OFFER,,1,A202212,C2023Q2T11,V-SA,SA1,1,9165.67
D,RESIDUE_PRICE_OFFER,,1,A202212,C2023Q2T11,V-SA,SA1,1,9298.67
D,RESIDUE_PRICE_OFFER,,1,A202212,C2023Q2T11,V-SA,SA1,1,9431.67
D,RESIDUE_PRICE_OFFER,,1,A202212,C2023Q2T11,V-SA,SA1,1,9564.67
D,RESIDUE_PRICE_OFFER,,1,A202212,C2023Q2T11,V-SA,SA1,1,9697.67
D,RESIDUE_PRICE_OFFER,,1,A202212,C2023Q2T11,V-SA,SA1,1,9830.67
D,RESIDUE_PRICE_OFFER,,1,A202212,C2023Q2T11,V-SA,SA1,1,9963.67
D,RESIDUE_PRICE_OFFER,,1,A202212,C2023Q2T11,V-SA,SA1,1,10096.67
D,RESIDUE_PRICE_OFFER,,1,A202212,C2023Q2T11,V-SA,SA1,1,10229.67
D,RESIDUE_PRICE_OFFER,,1,A202212,C2023Q2T11,V-SA,SA1,1,10362.67
D,RESIDUE_PRICE_OFFER,,1,A202212,C2023Q2T11,V-SA,SA1,1,10495.67
D,RESIDUE_PRICE_OFFER,,1,A202212,C2023Q2T11,V-SA,SA1,1,12766.67
D,RESIDUE_PRICE_OFFER,,1,A202212,C2023Q2T11,V-SA,SA1,1,13032.67
D,RESIDUE_PRICE_OFFER,,1,A202212,C2023Q2T11,V-SA,SA1,1,13298.67
D,RESIDUE_PRICE_OFFER,,1,A202212,C2023Q2T11,V-SA,SA1,1,13564.67
D,RESIDUE_PRICE_OFFER,,1,A202212,C2023Q2T11,V-SA,SA1,1,13830.67
D,RESIDUE_PRICE_OFFER,,1,A202212,C2023Q2T11,V-SA,SA1,1,14096.67
D,RESIDUE_PRICE_OFFER,,1,A202212,C2023Q2T11,V-SA,SA1,1,14362.67
D,RESIDUE_PRICE_OFFER,,1,A202212,C2023Q2T11,V-SA,SA1,1,14628.67
D,RESIDUE_PRICE_OFFER,,1,A202212,C2023Q2T11,V-SA,SA1,1,14894.67
D,RESIDUE_PRICE_OFFER,,1,A202212,C2023Q2T11,V-SA,SA1,1,15160.67
D,RESIDUE_PRICE_OFFER,,1,A202212,C2023Q2T11,V-SA,SA1,1,15426.67
D,RESIDUE_PRICE_OFFER,,1,A202212,C2023Q2T11,V-SA,SA1,1,15692.67
D,RESIDUE_PRICE_OFFER,,1,A202212,C2023Q2T11,V-SA,SA1,1,15958.67
D,RESIDUE_PRICE_OFFER,,1,A202212,C2023Q2T11,V-SA,SA1,1,16224.67
D,RESIDUE_PRICE_OFFER,,1,A202212,C2023Q2T11,V-SA,SA1,1,16490.669990
D,RESIDUE_PRICE_OFFER,,1,A202212,C2023Q2T11,V-SA,SA1,2,10000
D,RESIDUE_PRICE_OFFER,,1,A202212,C2023Q2T11,V-SA,SA1,2,10666.67
D,RESIDUE_PRICE_OFFER,,1,A202212,C2023Q2T11,V-SA,SA1,2,11333.33
D,RESIDUE_PRICE_OFFER,,1,A202212,C2023Q2T11,V-SA,SA1,2,12000
D,RESIDUE_PRICE_OFFER,,1,A202212,C2023Q2T11,V-SA,SA1,2,12666.67
D,RESIDUE_PRICE_OFFER,,1,A202212,C2023Q2T11,V-SA,SA1,2,12840.0570
D,RESIDUE_PRICE_OFFER,,1,A202212,C2023Q2T11,V-SA,SA1,2,13333.33
D,RESIDUE_PRICE_OFFER,,1,A202212,C2023Q2T11,V-SA,SA1,2,14000
D,RESIDUE_PRICE_OFFER,,1,A202212,C2023Q2T11,V-SA,SA1,2,14124.0627
D,RESIDUE_PRICE_OFFER,,1,A202212,C2023Q2T11,V-SA,SA1,2,14666.67
D,RESIDUE_PRICE_OFFER,,1,A202212,C2023Q2T11,V-SA,SA1,2,15333.33
D,RESIDUE_PRICE_OFFER,,1,A202212,C2023Q2T11,V-SA,SA1,2,15536.468970
D,RESIDUE_PRICE_OFFER,,1,A202212,C2023Q2T11,V-SA,SA1,2,16000
D,RESIDUE_PRICE_OFFER,,1,A202212,C2023Q2T11,V-SA,SA1,2,17090.115870
D,RESIDUE_PRICE_OFFER,,1,A202212,C2023Q2T11,V-SA,SA1,2,18799.127450
D,RESIDUE_PRICE_OFFER,,1,A202212,C2023Q2T11,V-SA,SA1,2,20679.0402
D,RESIDUE_PRICE_OFFER,,1,A202212,C2023Q2T11,V-SA,SA1,12,5000
D,RESIDUE_PRICE_OFFER,,1,A202212,C2023Q2T11,V-SA,SA1,64,0
D,RESIDUE_PRICE_OFFER,,1,A202212,C2023Q2T11,V-SA,VIC1,1,25500.99
D,RESIDUE_PRICE_OFFER,,1,A202212,C2023Q2T11,V-SA,VIC1,1,26000.99
D,RESIDUE_PRICE_OFFER,,1,A202212,C2023Q2T11,V-SA,VIC1,1,26500.99
D,RESIDUE_PRICE_OFFER,,1,A202212,C2023Q2T11,V-SA,VIC1,1,27000.99
D,RESIDUE_PRICE_OFFER,,1,A202212,C2023Q2T11,V-SA,VIC1,1,27500.99
D,RESIDUE_PRICE_OFFER,,1,A202212,C2023Q2T11,V-SA,VIC1,1,28000.99
D,RESIDUE_PRICE_OFFER,,1,A202212,C2023Q2T11,V-SA,VIC1,1,28500.99
D,RESIDUE_PRICE_OFFER,,1,A202212,C2023Q2T11,V-SA,VIC1,1,29000.99
D,RESIDUE_PRICE_OFFER,,1,A202212,C2023Q2T11,V-SA,VIC1,1,29500.99
D,RESIDUE_PRICE_OFFER,,1,A202212,C2023Q2T11,V-SA,VIC1,1,30000.99
D,RESIDUE_PRICE_OFFER,,1,A202212,C2023Q2T11,V-SA,VIC1,1,30500.99
D,RESIDUE_PRICE_OFFER,,1,A202212,C2023Q2T11,V-SA,VIC1,1,31000.99
D,RESIDUE_PRICE_OFFER,,1,A202212,C2023Q2T11,V-SA,VIC1,1,31500.99
D,RESIDUE_PRICE_OFFER,,1,A202212,C2023Q2T11,V-SA,VIC1,1,32000.99
D,RESIDUE_PRICE_OFFER,,1,A202212,C2023Q2T11,V-SA,VIC1,1,32500.99
D,RESIDUE_PRICE_OFFER,,1,A202212,C2023Q2T11,V-SA,VIC1,1,33000.99
D,RESIDUE_PRICE_OFFER,,1,A202212,C2023Q2T11,V-SA,VIC1,1,33500.99
D,RESIDUE_PRICE_OFFER,,1,A202212,C2023Q2T11,V-SA,VIC1,1,34000.99
D,RESIDUE_PRICE_OFFER,,1,A202212,C2023Q2T11,V-SA,VIC1,1,34500.99
D,RESIDUE_PRICE_OFFER,,1,A202212,C2023Q2T11,V-SA,VIC1,1,35000.99
D,RESIDUE_PRICE_OFFER,,1,A202212,C2023Q2T11,V-SA,VIC1,2,50556
D,RESIDUE_PRICE_OFFER,,1,A202212,C2023Q2T11,V-SA,VIC1,2,51819.90
D,RESIDUE_PRICE_OFFER,,1,A202212,C2023Q2T11,V-SA,VIC1,2,53115.3975
D,RESIDUE_PRICE_OFFER,,1,A202212,C2023Q2T11,V-SA,VIC1,2,54443.282440
D,RESIDUE_PRICE_OFFER,,1,A202212,C2023Q2T11,V-SA,VIC1,2,55804.3645
D,RESIDUE_PRICE_OFFER,,1,A202212,C2023Q2T11,V-SA,VIC1,2,57199.473610
D,RESIDUE_PRICE_OFFER,,1,A202212,C2023Q2T11,V-SA,VIC1,5,105000
D,RESIDUE_PRICE_OFFER,,1,A202212,C2023Q2T11,V-SA,VIC1,5,135000
D,RESIDUE_PRICE_OFFER,,1,A202212,C2023Q2T11,V-SA,VIC1,5,160000
D,RESIDUE_PRICE_OFFER,,1,A202212,C2023Q2T11,V-SA,VIC1,5,200000
D,RESIDUE_PRICE_OFFER,,1,A202212,C2023Q2T11,V-SA,VIC1,5,240000
D,RESIDUE_PRICE_OFFER,,1,A202212,C2023Q2T11,V-SA,VIC1,12,21500
D,RESIDUE_PRICE_OFFER,,1,A202212,C2023Q2T11,V-SA,VIC1,73,0
D,RESIDUE_PRICE_OFFER,,1,A202212,C2023Q2T11,VIC1-NSW1,NSW1,1,2525.04
D,RESIDUE_PRICE_OFFER,,1,A202212,C2023Q2T11,VIC1-NSW1,NSW1,1,2550.04
D,RESIDUE_PRICE_OFFER,,1,A202212,C2023Q2T11,VIC1-NSW1,NSW1,1,2575.04
D,RESIDUE_PRICE_OFFER,,1,A202212,C2023Q2T11,VIC1-NSW1,NSW1,1,2600.04
D,RESIDUE_PRICE_OFFER,,1,A202212,C2023Q2T11,VIC1-NSW1,NSW1,1,2625.04
D,RESIDUE_PRICE_OFFER,,1,A202212,C2023Q2T11,VIC1-NSW1,NSW1,1,2650.04
D,RESIDUE_PRICE_OFFER,,1,A202212,C2023Q2T11,VIC1-NSW1,NSW1,1,2675.04
D,RESIDUE_PRICE_OFFER,,1,A202212,C2023Q2T11,VIC1-NSW1,NSW1,1,2700.04
D,RESIDUE_PRICE_OFFER,,1,A202212,C2023Q2T11,VIC1-NSW1,NSW1,1,2725.04
D,RESIDUE_PRICE_OFFER,,1,A202212,C2023Q2T11,VIC1-NSW1,NSW1,1,2750.04
D,RESIDUE_PRICE_OFFER,,1,A202212,C2023Q2T11,VIC1-NSW1,NSW1,1,2775.04
D,RESIDUE_PRICE_OFFER,,1,A202212,C2023Q2T11,VIC1-NSW1,NSW1,1,2800.04
D,RESIDUE_PRICE_OFFER,,1,A202212,C2023Q2T11,VIC1-NSW1,NSW1,1,2825.04
D,RESIDUE_PRICE_OFFER,,1,A202212,C2023Q2T11,VIC1-NSW1,NSW1,1,2850.04
D,RESIDUE_PRICE_OFFER,,1,A202212,C2023Q2T11,VIC1-NSW1,NSW1,1,2875.04
D,RESIDUE_PRICE_OFFER,,1,A202212,C2023Q2T11,VIC1-NSW1,NSW1,1,2900.04
D,RESIDUE_PRICE_OFFER,,1,A202212,C2023Q2T11,VIC1-NSW1,NSW1,1,2925.04
D,RESIDUE_PRICE_OFFER,,1,A202212,C2023Q2T11,VIC1-NSW1,NSW1,1,2950.04
D,RESIDUE_PRICE_OFFER,,1,A202212,C2023Q2T11,VIC1-NSW1,NSW1,1,2975.04
D,RESIDUE_PRICE_OFFER,,1,A202212,C2023Q2T11,VIC1-NSW1,NSW1,1,3000.04
D,RESIDUE_PRICE_OFFER,,1,A202212,C2023Q2T11,VIC1-NSW1,NSW1,1,3025.04
D,RESIDUE_PRICE_OFFER,,1,A202212,C2023Q2T11,VIC1-NSW1,NSW1,1,3050.04
D,RESIDUE_PRICE_OFFER,,1,A202212,C2023Q2T11,VIC1-NSW1,NSW1,1,3075.04
D,RESIDUE_PRICE_OFFER,,1,A202212,C2023Q2T11,VIC1-NSW1,NSW1,1,3100.04
D,RESIDUE_PRICE_OFFER,,1,A202212,C2023Q2T11,VIC1-NSW1,NSW1,1,3125.04
D,RESIDUE_PRICE_OFFER,,1,A202212,C2023Q2T11,VIC1-NSW1,NSW1,1,3150.04
D,RESIDUE_PRICE_OFFER,,1,A202212,C2023Q2T11,VIC1-NSW1,NSW1,1,3175.04
D,RESIDUE_PRICE_OFFER,,1,A202212,C2023Q2T11,VIC1-NSW1,NSW1,1,3200.04
D,RESIDUE_PRICE_OFFER,,1,A202212,C2023Q2T11,VIC1-NSW1,NSW1,1,3225.04
D,RESIDUE_PRICE_OFFER,,1,A202212,C2023Q2T11,VIC1-NSW1,NSW1,1,3250.04
D,RESIDUE_PRICE_OFFER,,1,A202212,C2023Q2T11,VIC1-NSW1,NSW1,1,3275.04
D,RESIDUE_PRICE_OFFER,,1,A202212,C2023Q2T11,VIC1-NSW1,NSW1,1,3300.04
D,RESIDUE_PRICE_OFFER,,1,A202212,C2023Q2T11,VIC1-NSW1,NSW1,1,3325.04
D,RESIDUE_PRICE_OFFER,,1,A202212,C2023Q2T11,VIC1-NSW1,NSW1,1,3350.04
D,RESIDUE_PRICE_OFFER,,1,A202212,C2023Q2T11,VIC1-NSW1,NSW1,1,3375.04
D,RESIDUE_PRICE_OFFER,,1,A202212,C2023Q2T11,VIC1-NSW1,NSW1,1,3400.04
D,RESIDUE_PRICE_OFFER,,1,A202212,C2023Q2T11,VIC1-NSW1,NSW1,1,3425.04
D,RESIDUE_PRICE_OFFER,,1,A202212,C2023Q2T11,VIC1-NSW1,NSW1,1,3450.04
D,RESIDUE_PRICE_OFFER,,1,A202212,C2023Q2T11,VIC1-NSW1,NSW1,1,3475.04
D,RESIDUE_PRICE_OFFER,,1,A202212,C2023Q2T11,VIC1-NSW1,NSW1,1,3500.04
D,RESIDUE_PRICE_OFFER,,1,A202212,C2023Q2T11,VIC1-NSW1,NSW1,1,3525.04
D,RESIDUE_PRICE_OFFER,,1,A202212,C2023Q2T11,VIC1-NSW1,NSW1,1,3550.04
D,RESIDUE_PRICE_OFFER,,1,A202212,C2023Q2T11,VIC1-NSW1,NSW1,1,3575.04
D,RESIDUE_PRICE_OFFER,,1,A202212,C2023Q2T11,VIC1-NSW1,NSW1,1,3600.04
D,RESIDUE_PRICE_OFFER,,1,A202212,C2023Q2T11,VIC1-NSW1,NSW1,1,3625.04
D,RESIDUE_PRICE_OFFER,,1,A202212,C2023Q2T11,VIC1-NSW1,NSW1,1,3650.04
D,RESIDUE_PRICE_OFFER,,1,A202212,C2023Q2T11,VIC1-NSW1,NSW1,1,3675.04
D,RESIDUE_PRICE_OFFER,,1,A202212,C2023Q2T11,VIC1-NSW1,NSW1,1,3700.04
D,RESIDUE_PRICE_OFFER,,1,A202212,C2023Q2T11,VIC1-NSW1,NSW1,1,3725.04
D,RESIDUE_PRICE_OFFER,,1,A202212,C2023Q2T11,VIC1-NSW1,NSW1,1,3750.04
D,RESIDUE_PRICE_OFFER,,1,A202212,C2023Q2T11,VIC1-NSW1,NSW1,1,3775.04
D,RESIDUE_PRICE_OFFER,,1,A202212,C2023Q2T11,VIC1-NSW1,NSW1,1,3800.04
D,RESIDUE_PRICE_OFFER,,1,A202212,C2023Q2T11,VIC1-NSW1,NSW1,1,3825.04
D,RESIDUE_PRICE_OFFER,,1,A202212,C2023Q2T11,VIC1-NSW1,NSW1,1,3850.04
D,RESIDUE_PRICE_OFFER,,1,A202212,C2023Q2T11,VIC1-NSW1,NSW1,1,3875.04
D,RESIDUE_PRICE_OFFER,,1,A202212,C2023Q2T11,VIC1-NSW1,NSW1,1,3900.04
D,RESIDUE_PRICE_OFFER,,1,A202212,C2023Q2T11,VIC1-NSW1,NSW1,1,3925.04
D,RESIDUE_PRICE_OFFER,,1,A202212,C2023Q2T11,VIC1-NSW1,NSW1,1,3950.04
D,RESIDUE_PRICE_OFFER,,1,A202212,C2023Q2T11,VIC1-NSW1,NSW1,1,3975.04
D,RESIDUE_PRICE_OFFER,,1,A202212,C2023Q2T11,VIC1-NSW1,NSW1,3,9996.70
D,RESIDUE_PRICE_OFFER,,1,A202212,C2023Q2T11,VIC1-NSW1,NSW1,3,11496.2050
D,RESIDUE_PRICE_OFFER,,1,A202212,C2023Q2T11,VIC1-NSW1,NSW1,3,13220.635750
D,RESIDUE_PRICE_OFFER,,1,A202212,C2023Q2T11,VIC1-NSW1,NSW1,3,15203.731110
D,RESIDUE_PRICE_OFFER,,1,A202212,C2023Q2T11,VIC1-NSW1,NSW1,3,17484.290780
D,RESIDUE_PRICE_OFFER,,1,A202212,C2023Q2T11,VIC1-NSW1,NSW1,3,20106.934390
D,RESIDUE_PRICE_OFFER,,1,A202212,C2023Q2T11,VIC1-NSW1,NSW1,6,13000
D,RESIDUE_PRICE_OFFER,,1,A202212,C2023Q2T11,VIC1-NSW1,NSW1,50,3500
D,RESIDUE_PRICE_OFFER,,1,A202212,C2023Q2T11,VIC1-NSW1,NSW1,50,5000
D,RESIDUE_PRICE_OFFER,,1,A202212,C2023Q2T11,VIC1-NSW1,NSW1,108,0
D,RESIDUE_PRICE_OFFER,,1,A202212,C2023Q2T11,VIC1-NSW1,VIC1,1,30276.88
D,RESIDUE_PRICE_OFFER,,1,A202212,C2023Q2T11,VIC1-NSW1,VIC1,1,30552.88
D,RESIDUE_PRICE_OFFER,,1,A202212,C2023Q2T11,VIC1-NSW1,VIC1,1,30828.88
D,RESIDUE_PRICE_OFFER,,1,A202212,C2023Q2T11,VIC1-NSW1,VIC1,1,31104.88
D,RESIDUE_PRICE_OFFER,,1,A202212,C2023Q2T11,VIC1-NSW1,VIC1,1,31380.88
D,RESIDUE_PRICE_OFFER,,1,A202212,C2023Q2T11,VIC1-NSW1,VIC1,1,31656.88
D,RESIDUE_PRICE_OFFER,,1,A202212,C2023Q2T11,VIC1-NSW1,VIC1,1,31932.88
D,RESIDUE_PRICE_OFFER,,1,A202212,C2023Q2T11,VIC1-NSW1,VIC1,1,32208.88
D,RESIDUE_PRICE_OFFER,,1,A202212,C2023Q2T11,VIC1-NSW1,VIC1,1,32484.88
D,RESIDUE_PRICE_OFFER,,1,A202212,C2023Q2T11,VIC1-NSW1,VIC1,1,32760.88
D,RESIDUE_PRICE_OFFER,,1,A202212,C2023Q2T11,VIC1-NSW1,VIC1,1,33036.879990
D,RESIDUE_PRICE_OFFER,,1,A202212,C2023Q2T11,VIC1-NSW1,VIC1,1,33312.879990
D,RESIDUE_PRICE_OFFER,,1,A202212,C2023Q2T11,VIC1-NSW1,VIC1,1,33588.879990
D,RESIDUE_PRICE_OFFER,,1,A202212,C2023Q2T11,VIC1-NSW1,VIC1,1,33864.879990
D,RESIDUE_PRICE_OFFER,,1,A202212,C2023Q2T11,VIC1-NSW1,VIC1,1,34140.879990
D,RESIDUE_PRICE_OFFER,,1,A202212,C2023Q2T11,VIC1-NSW1,VIC1,1,34416.879990
D,RESIDUE_PRICE_OFFER,,1,A202212,C2023Q2T11,VIC1-NSW1,VIC1,1,34692.879990
D,RESIDUE_PRICE_OFFER,,1,A202212,C2023Q2T11,VIC1-NSW1,VIC1,1,34968.879990
D,RESIDUE_PRICE_OFFER,,1,A202212,C2023Q2T11,VIC1-NSW1,VIC1,1,35244.879990
D,RESIDUE_PRICE_OFFER,,1,A202212,C2023Q2T11,VIC1-NSW1,VIC1,1,35520.879990
D,RESIDUE_PRICE_OFFER,,1,A202212,C2023Q2T11,VIC1-NSW1,VIC1,1,35796.879990
D,RESIDUE_PRICE_OFFER,,1,A202212,C2023Q2T11,VIC1-NSW1,VIC1,1,36072.879990
D,RESIDUE_PRICE_OFFER,,1,A202212,C2023Q2T11,VIC1-NSW1,VIC1,1,36348.879990
D,RESIDUE_PRICE_OFFER,,1,A202212,C2023Q2T11,VIC1-NSW1,VIC1,1,36624.879990
D,RESIDUE_PRICE_OFFER,,1,A202212,C2023Q2T11,VIC1-NSW1,VIC1,1,36900.879990
D,RESIDUE_PRICE_OFFER,,1,A202212,C2023Q2T11,VIC1-NSW1,VIC1,1,37176.879990
D,RESIDUE_PRICE_OFFER,,1,A202212,C2023Q2T11,VIC1-NSW1,VIC1,1,37452.879990
D,RESIDUE_PRICE_OFFER,,1,A202212,C2023Q2T11,VIC1-NSW1,VIC1,1,37728.879990
D,RESIDUE_PRICE_OFFER,,1,A202212,C2023Q2T11,VIC1-NSW1,VIC1,1,38004.879990
D,RESIDUE_PRICE_OFFER,,1,A202212,C2023Q2T11,VIC1-NSW1,VIC1,1,38280.879990
D,RESIDUE_PRICE_OFFER,,1,A202212,C2023Q2T11,VIC1-NSW1,VIC1,1,38556.879990
D,RESIDUE_PRICE_OFFER,,1,A202212,C2023Q2T11,VIC1-NSW1,VIC1,1,38832.879990
D,RESIDUE_PRICE_OFFER,,1,A202212,C2023Q2T11,VIC1-NSW1,VIC1,1,39108.879990
D,RESIDUE_PRICE_OFFER,,1,A202212,C2023Q2T11,VIC1-NSW1,VIC1,1,39384.879990
D,RESIDUE_PRICE_OFFER,,1,A202212,C2023Q2T11,VIC1-NSW1,VIC1,1,39660.879990
D,RESIDUE_PRICE_OFFER,,1,A202212,C2023Q2T11,VIC1-NSW1,VIC1,1,39936.879990
D,RESIDUE_PRICE_OFFER,,1,A202212,C2023Q2T11,VIC1-NSW1,VIC1,1,40212.879990
D,RESIDUE_PRICE_OFFER,,1,A202212,C2023Q2T11,VIC1-NSW1,VIC1,1,40488.879990
D,RESIDUE_PRICE_OFFER,,1,A202212,C2023Q2T11,VIC1-NSW1,VIC1,1,40764.879990
D,RESIDUE_PRICE_OFFER,,1,A202212,C2023Q2T11,VIC1-NSW1,VIC1,1,41040.879990
D,RESIDUE_PRICE_OFFER,,1,A202212,C2023Q2T11,VIC1-NSW1,VIC1,1,41316.879990
D,RESIDUE_PRICE_OFFER,,1,A202212,C2023Q2T11,VIC1-NSW1,VIC1,1,41592.879990
D,RESIDUE_PRICE_OFFER,,1,A202212,C2023Q2T11,VIC1-NSW1,VIC1,1,41868.879990
D,RESIDUE_PRICE_OFFER,,1,A202212,C2023Q2T11,VIC1-NSW1,VIC1,1,42144.879990
D,RESIDUE_PRICE_OFFER,,1,A202212,C2023Q2T11,VIC1-NSW1,VIC1,1,42420.879990
D,RESIDUE_PRICE_OFFER,,1,A202212,C2023Q2T11,VIC1-NSW1,VIC1,1,42696.879990
D,RESIDUE_PRICE_OFFER,,1,A202212,C2023Q2T11,VIC1-NSW1,VIC1,1,42972.88
D,RESIDUE_PRICE_OFFER,,1,A202212,C2023Q2T11,VIC1-NSW1,VIC1,1,43248.88
D,RESIDUE_PRICE_OFFER,,1,A202212,C2023Q2T11,VIC1-NSW1,VIC1,1,43524.88
D,RESIDUE_PRICE_OFFER,,1,A202212,C2023Q2T11,VIC1-NSW1,VIC1,1,43800.88
D,RESIDUE_PRICE_OFFER,,1,A202212,C2023Q2T11,VIC1-NSW1,VIC1,1,44076.88
D,RESIDUE_PRICE_OFFER,,1,A202212,C2023Q2T11,VIC1-NSW1,VIC1,1,44352.88
D,RESIDUE_PRICE_OFFER,,1,A202212,C2023Q2T11,VIC1-NSW1,VIC1,1,44628.88
D,RESIDUE_PRICE_OFFER,,1,A202212,C2023Q2T11,VIC1-NSW1,VIC1,1,44904.88
D,RESIDUE_PRICE_OFFER,,1,A202212,C2023Q2T11,VIC1-NSW1,VIC1,1,45180.88
D,RESIDUE_PRICE_OFFER,,1,A202212,C2023Q2T11,VIC1-NSW1,VIC1,1,45456.88
D,RESIDUE_PRICE_OFFER,,1,A202212,C2023Q2T11,VIC1-NSW1,VIC1,1,45732.88
D,RESIDUE_PRICE_OFFER,,1,A202212,C2023Q2T11,VIC1-NSW1,VIC1,1,46008.88
D,RESIDUE_PRICE_OFFER,,1,A202212,C2023Q2T11,VIC1-NSW1,VIC1,1,46284.88
D,RESIDUE_PRICE_OFFER,,1,A202212,C2023Q2T11,VIC1-NSW1,VIC1,1,46560.88
D,RESIDUE_PRICE_OFFER,,1,A202212,C2023Q2T11,VIC1-NSW1,VIC1,1,46836.88
D,RESIDUE_PRICE_OFFER,,1,A202212,C2023Q2T11,VIC1-NSW1,VIC1,1,47112.88
D,RESIDUE_PRICE_OFFER,,1,A202212,C2023Q2T11,VIC1-NSW1,VIC1,1,47388.88
D,RESIDUE_PRICE_OFFER,,1,A202212,C2023Q2T11,VIC1-NSW1,VIC1,1,47664.88
D,RESIDUE_PRICE_OFFER,,1,A202212,C2023Q2T11,VIC1-NSW1,VIC1,1,47940.88
D,RESIDUE_PRICE_OFFER,,1,A202212,C2023Q2T11,VIC1-NSW1,VIC1,3,44200
D,RESIDUE_PRICE_OFFER,,1,A202212,C2023Q2T11,VIC1-NSW1,VIC1,3,48620
D,RESIDUE_PRICE_OFFER,,1,A202212,C2023Q2T11,VIC1-NSW1,VIC1,3,53482
D,RESIDUE_PRICE_OFFER,,1,A202212,C2023Q2T11,VIC1-NSW1,VIC1,3,58830.20
D,RESIDUE_PRICE_OFFER,,1,A202212,C2023Q2T11,VIC1-NSW1,VIC1,3,64713.22
D,RESIDUE_PRICE_OFFER,,1,A202212,C2023Q2T11,VIC1-NSW1,VIC1,3,71184.5420
D,RESIDUE_PRICE_OFFER,,1,A202212,C2023Q2T11,VIC1-NSW1,VIC1,5,40000
D,RESIDUE_PRICE_OFFER,,1,A202212,C2023Q2T11,VIC1-NSW1,VIC1,25,48000
D,RESIDUE_PRICE_OFFER,,1,A202212,C2023Q2T11,VIC1-NSW1,VIC1,30,25000
D,RESIDUE_PRICE_OFFER,,1,A202212,C2023Q2T11,VIC1-NSW1,VIC1,125,0
D,RESIDUE_PRICE_OFFER,,1,A202212,C2023Q3T10,NSW1-QLD1,NSW1,1,8010.33
D,RESIDUE_PRICE_OFFER,,1,A202212,C2023Q3T10,NSW1-QLD1,NSW1,1,8020.33
D,RESIDUE_PRICE_OFFER,,1,A202212,C2023Q3T10,NSW1-QLD1,NSW1,1,8030.33
D,RESIDUE_PRICE_OFFER,,1,A202212,C2023Q3T10,NSW1-QLD1,NSW1,1,8040.33
D,RESIDUE_PRICE_OFFER,,1,A202212,C2023Q3T10,NSW1-QLD1,NSW1,1,8050.33
D,RESIDUE_PRICE_OFFER,,1,A202212,C2023Q3T10,NSW1-QLD1,NSW1,1,8060.33
D,RESIDUE_PRICE_OFFER,,1,A202212,C2023Q3T10,NSW1-QLD1,NSW1,1,8070.33
D,RESIDUE_PRICE_OFFER,,1,A202212,C2023Q3T10,NSW1-QLD1,NSW1,1,8080.33
D,RESIDUE_PRICE_OFFER,,1,A202212,C2023Q3T10,NSW1-QLD1,NSW1,1,8090.33
D,RESIDUE_PRICE_OFFER,,1,A202212,C2023Q3T10,NSW1-QLD1,NSW1,1,8100.33
D,RESIDUE_PRICE_OFFER,,1,A202212,C2023Q3T10,NSW1-QLD1,NSW1,2,5352.3950
D,RESIDUE_PRICE_OFFER,,1,A202212,C2023Q3T10,NSW1-QLD1,NSW1,2,6155.254250
D,RESIDUE_PRICE_OFFER,,1,A202212,C2023Q3T10,NSW1-QLD1,NSW1,2,7078.542380
D,RESIDUE_PRICE_OFFER,,1,A202212,C2023Q3T10,NSW1-QLD1,NSW1,2,8140.323740
D,RESIDUE_PRICE_OFFER,,1,A202212,C2023Q3T10,NSW1-QLD1,NSW1,2,9361.3723
D,RESIDUE_PRICE_OFFER,,1,A202212,C2023Q3T10,NSW1-QLD1,NSW1,2,10765.578150
D,RESIDUE_PRICE_OFFER,,1,A202212,C2023Q3T10,NSW1-QLD1,NSW1,45,0
D,RESIDUE_PRICE_OFFER,,1,A202212,C2023Q3T10,NSW1-QLD1,QLD1,1,20285
D,RESIDUE_PRICE_OFFER,,1,A202212,C2023Q3T10,NSW1-QLD1,QLD1,1,20570
D,RESIDUE_PRICE_OFFER,,1,A202212,C2023Q3T10,NSW1-QLD1,QLD1,1,20855
D,RESIDUE_PRICE_OFFER,,1,A202212,C2023Q3T10,NSW1-QLD1,QLD1,1,21140
D,RESIDUE_PRICE_OFFER,,1,A202212,C2023Q3T10,NSW1-QLD1,QLD1,1,21425
D,RESIDUE_PRICE_OFFER,,1,A202212,C2023Q3T10,NSW1-QLD1,QLD1,1,21710
D,RESIDUE_PRICE_OFFER,,1,A202212,C2023Q3T10,NSW1-QLD1,QLD1,1,21995
D,RESIDUE_PRICE_OFFER,,1,A202212,C2023Q3T10,NSW1-QLD1,QLD1,1,22280
D,RESIDUE_PRICE_OFFER,,1,A202212,C2023Q3T10,NSW1-QLD1,QLD1,1,22565
D,RESIDUE_PRICE_OFFER,,1,A202212,C2023Q3T10,NSW1-QLD1,QLD1,1,22850
D,RESIDUE_PRICE_OFFER,,1,A202212,C2023Q3T10,NSW1-QLD1,QLD1,1,23135
D,RESIDUE_PRICE_OFFER,,1,A202212,C2023Q3T10,NSW1-QLD1,QLD1,1,23420
D,RESIDUE_PRICE_OFFER,,1,A202212,C2023Q3T10,NSW1-QLD1,QLD1,1,23705
D,RESIDUE_PRICE_OFFER,,1,A202212,C2023Q3T10,NSW1-QLD1,QLD1,1,23990
D,RESIDUE_PRICE_OFFER,,1,A202212,C2023Q3T10,NSW1-QLD1,QLD1,1,24275
D,RESIDUE_PRICE_OFFER,,1,A202212,C2023Q3T10,NSW1-QLD1,QLD1,1,24560
D,RESIDUE_PRICE_OFFER,,1,A202212,C2023Q3T10,NSW1-QLD1,QLD1,1,24845
D,RESIDUE_PRICE_OFFER,,1,A202212,C2023Q3T10,NSW1-QLD1,QLD1,1,25130
D,RESIDUE_PRICE_OFFER,,1,A202212,C2023Q3T10,NSW1-QLD1,QLD1,1,25415
D,RESIDUE_PRICE_OFFER,,1,A202212,C2023Q3T10,NSW1-QLD1,QLD1,1,25700
D,RESIDUE_PRICE_OFFER,,1,A202212,C2023Q3T10,NSW1-QLD1,QLD1,1,25985
D,RESIDUE_PRICE_OFFER,,1,A202212,C2023Q3T10,NSW1-QLD1,QLD1,1,26270
D,RESIDUE_PRICE_OFFER,,1,A202212,C2023Q3T10,NSW1-QLD1,QLD1,1,26555
D,RESIDUE_PRICE_OFFER,,1,A202212,C2023Q3T10,NSW1-QLD1,QLD1,1,26840
D,RESIDUE_PRICE_OFFER,,1,A202212,C2023Q3T10,NSW1-QLD1,QLD1,1,27125
D,RESIDUE_PRICE_OFFER,,1,A202212,C2023Q3T10,NSW1-QLD1,QLD1,1,27410
D,RESIDUE_PRICE_OFFER,,1,A202212,C2023Q3T10,NSW1-QLD1,QLD1,1,27695
D,RESIDUE_PRICE_OFFER,,1,A202212,C2023Q3T10,NSW1-QLD1,QLD1,1,27980
D,RESIDUE_PRICE_OFFER,,1,A202212,C2023Q3T10,NSW1-QLD1,QLD1,1,28265
D,RESIDUE_PRICE_OFFER,,1,A202212,C2023Q3T10,NSW1-QLD1,QLD1,1,28550
D,RESIDUE_PRICE_OFFER,,1,A202212,C2023Q3T10,NSW1-QLD1,QLD1,1,28835
D,RESIDUE_PRICE_OFFER,,1,A202212,C2023Q3T10,NSW1-QLD1,QLD1,1,29120
D,RESIDUE_PRICE_OFFER,,1,A202212,C2023Q3T10,NSW1-QLD1,QLD1,1,29405
D,RESIDUE_PRICE_OFFER,,1,A202212,C2023Q3T10,NSW1-QLD1,QLD1,1,29690
D,RESIDUE_PRICE_OFFER,,1,A202212,C2023Q3T10,NSW1-QLD1,QLD1,1,29975
D,RESIDUE_PRICE_OFFER,,1,A202212,C2023Q3T10,NSW1-QLD1,QLD1,1,38400
D,RESIDUE_PRICE_OFFER,,1,A202212,C2023Q3T10,NSW1-QLD1,QLD1,1,38800
D,RESIDUE_PRICE_OFFER,,1,A202212,C2023Q3T10,NSW1-QLD1,QLD1,1,39200
D,RESIDUE_PRICE_OFFER,,1,A202212,C2023Q3T10,NSW1-QLD1,QLD1,1,39600
D,RESIDUE_PRICE_OFFER,,1,A202212,C2023Q3T10,NSW1-QLD1,QLD1,1,40000
D,RESIDUE_PRICE_OFFER,,1,A202212,C2023Q3T10,NSW1-QLD1,QLD1,1,40400
D,RESIDUE_PRICE_OFFER,,1,A202212,C2023Q3T10,NSW1-QLD1,QLD1,1,40800
D,RESIDUE_PRICE_OFFER,,1,A202212,C2023Q3T10,NSW1-QLD1,QLD1,1,41200
D,RESIDUE_PRICE_OFFER,,1,A202212,C2023Q3T10,NSW1-QLD1,QLD1,1,41600
D,RESIDUE_PRICE_OFFER,,1,A202212,C2023Q3T10,NSW1-QLD1,QLD1,1,42000
D,RESIDUE_PRICE_OFFER,,1,A202212,C2023Q3T10,NSW1-QLD1,QLD1,1,42400
D,RESIDUE_PRICE_OFFER,,1,A202212,C2023Q3T10,NSW1-QLD1,QLD1,1,42800
D,RESIDUE_PRICE_OFFER,,1,A202212,C2023Q3T10,NSW1-QLD1,QLD1,1,43200
D,RESIDUE_PRICE_OFFER,,1,A202212,C2023Q3T10,NSW1-QLD1,QLD1,1,43600
D,RESIDUE_PRICE_OFFER,,1,A202212,C2023Q3T10,NSW1-QLD1,QLD1,1,44000
D,RESIDUE_PRICE_OFFER,,1,A202212,C2023Q3T10,NSW1-QLD1,QLD1,1,44400
D,RESIDUE_PRICE_OFFER,,1,A202212,C2023Q3T10,NSW1-QLD1,QLD1,1,44800
D,RESIDUE_PRICE_OFFER,,1,A202212,C2023Q3T10,NSW1-QLD1,QLD1,1,45200
D,RESIDUE_PRICE_OFFER,,1,A202212,C2023Q3T10,NSW1-QLD1,QLD1,1,45600
D,RESIDUE_PRICE_OFFER,,1,A202212,C2023Q3T10,NSW1-QLD1,QLD1,1,46000
D,RESIDUE_PRICE_OFFER,,1,A202212,C2023Q3T10,NSW1-QLD1,QLD1,1,46400
D,RESIDUE_PRICE_OFFER,,1,A202212,C2023Q3T10,NSW1-QLD1,QLD1,1,46800
D,RESIDUE_PRICE_OFFER,,1,A202212,C2023Q3T10,NSW1-QLD1,QLD1,1,47200
D,RESIDUE_PRICE_OFFER,,1,A202212,C2023Q3T10,NSW1-QLD1,QLD1,1,47600
D,RESIDUE_PRICE_OFFER,,1,A202212,C2023Q3T10,NSW1-QLD1,QLD1,1,48000
D,RESIDUE_PRICE_OFFER,,1,A202212,C2023Q3T10,NSW1-QLD1,QLD1,1,48400
D,RESIDUE_PRICE_OFFER,,1,A202212,C2023Q3T10,NSW1-QLD1,QLD1,1,48800
D,RESIDUE_PRICE_OFFER,,1,A202212,C2023Q3T10,NSW1-QLD1,QLD1,1,49200
D,RESIDUE_PRICE_OFFER,,1,A202212,C2023Q3T10,NSW1-QLD1,QLD1,1,49600
D,RESIDUE_PRICE_OFFER,,1,A202212,C2023Q3T10,NSW1-QLD1,QLD1,1,50000
D,RESIDUE_PRICE_OFFER,,1,A202212,C2023Q3T10,NSW1-QLD1,QLD1,3,41500
D,RESIDUE_PRICE_OFFER,,1,A202212,C2023Q3T10,NSW1-QLD1,QLD1,3,47725
D,RESIDUE_PRICE_OFFER,,1,A202212,C2023Q3T10,NSW1-QLD1,QLD1,3,54883.75
D,RESIDUE_PRICE_OFFER,,1,A202212,C2023Q3T10,NSW1-QLD1,QLD1,3,63116.3125
D,RESIDUE_PRICE_OFFER,,1,A202212,C2023Q3T10,NSW1-QLD1,QLD1,3,72583.759380
D,RESIDUE_PRICE_OFFER,,1,A202212,C2023Q3T10,NSW1-QLD1,QLD1,3,83471.323280
D,RESIDUE_PRICE_OFFER,,1,A202212,C2023Q3T10,NSW1-QLD1,QLD1,30,35370
D,RESIDUE_PRICE_OFFER,,1,A202212,C2023Q3T10,NSW1-QLD1,QLD1,42,80000
D,RESIDUE_PRICE_OFFER,,1,A202212,C2023Q3T10,NSW1-QLD1,QLD1,100,0
D,RESIDUE_PRICE_OFFER,,1,A202212,C2023Q3T10,V-SA,SA1,1,10600.67
D,RESIDUE_PRICE_OFFER,,1,A202212,C2023Q3T10,V-SA,SA1,1,10700.67
D,RESIDUE_PRICE_OFFER,,1,A202212,C2023Q3T10,V-SA,SA1,1,10800.67
D,RESIDUE_PRICE_OFFER,,1,A202212,C2023Q3T10,V-SA,SA1,1,10900.67
D,RESIDUE_PRICE_OFFER,,1,A202212,C2023Q3T10,V-SA,SA1,1,11000.67
D,RESIDUE_PRICE_OFFER,,1,A202212,C2023Q3T10,V-SA,SA1,1,11100.67
D,RESIDUE_PRICE_OFFER,,1,A202212,C2023Q3T10,V-SA,SA1,1,11200.67
D,RESIDUE_PRICE_OFFER,,1,A202212,C2023Q3T10,V-SA,SA1,1,11300.67
D,RESIDUE_PRICE_OFFER,,1,A202212,C2023Q3T10,V-SA,SA1,1,11400.67
D,RESIDUE_PRICE_OFFER,,1,A202212,C2023Q3T10,V-SA,SA1,1,11500.67
D,RESIDUE_PRICE_OFFER,,1,A202212,C2023Q3T10,V-SA,SA1,1,11600.67
D,RESIDUE_PRICE_OFFER,,1,A202212,C2023Q3T10,V-SA,SA1,1,11700.67
D,RESIDUE_PRICE_OFFER,,1,A202212,C2023Q3T10,V-SA,SA1,1,11800.67
D,RESIDUE_PRICE_OFFER,,1,A202212,C2023Q3T10,V-SA,SA1,1,11900.67
D,RESIDUE_PRICE_OFFER,,1,A202212,C2023Q3T10,V-SA,SA1,1,12000.67
D,RESIDUE_PRICE_OFFER,,1,A202212,C2023Q3T10,V-SA,SA1,1,12100.67
D,RESIDUE_PRICE_OFFER,,1,A202212,C2023Q3T10,V-SA,SA1,1,12200.67
D,RESIDUE_PRICE_OFFER,,1,A202212,C2023Q3T10,V-SA,SA1,1,12300.67
D,RESIDUE_PRICE_OFFER,,1,A202212,C2023Q3T10,V-SA,SA1,1,12400.67
D,RESIDUE_PRICE_OFFER,,1,A202212,C2023Q3T10,V-SA,SA1,1,12500.67
D,RESIDUE_PRICE_OFFER,,1,A202212,C2023Q3T10,V-SA,SA1,1,14700.67
D,RESIDUE_PRICE_OFFER,,1,A202212,C2023Q3T10,V-SA,SA1,1,14900.67
D,RESIDUE_PRICE_OFFER,,1,A202212,C2023Q3T10,V-SA,SA1,1,15100.67
D,RESIDUE_PRICE_OFFER,,1,A202212,C2023Q3T10,V-SA,SA1,1,15300.67
D,RESIDUE_PRICE_OFFER,,1,A202212,C2023Q3T10,V-SA,SA1,1,15500.67
D,RESIDUE_PRICE_OFFER,,1,A202212,C2023Q3T10,V-SA,SA1,1,15700.67
D,RESIDUE_PRICE_OFFER,,1,A202212,C2023Q3T10,V-SA,SA1,1,15900.67
D,RESIDUE_PRICE_OFFER,,1,A202212,C2023Q3T10,V-SA,SA1,1,16100.67
D,RESIDUE_PRICE_OFFER,,1,A202212,C2023Q3T10,V-SA,SA1,1,16300.67
D,RESIDUE_PRICE_OFFER,,1,A202212,C2023Q3T10,V-SA,SA1,1,16500.669990
D,RESIDUE_PRICE_OFFER,,1,A202212,C2023Q3T10,V-SA,SA1,1,16700.669990
D,RESIDUE_PRICE_OFFER,,1,A202212,C2023Q3T10,V-SA,SA1,1,16900.669990
D,RESIDUE_PRICE_OFFER,,1,A202212,C2023Q3T10,V-SA,SA1,1,17100.669990
D,RESIDUE_PRICE_OFFER,,1,A202212,C2023Q3T10,V-SA,SA1,1,17300.669990
D,RESIDUE_PRICE_OFFER,,1,A202212,C2023Q3T10,V-SA,SA1,1,17500.669990
D,RESIDUE_PRICE_OFFER,,1,A202212,C2023Q3T10,V-SA,SA1,1,17700.669990
D,RESIDUE_PRICE_OFFER,,1,A202212,C2023Q3T10,V-SA,SA1,1,17900.669990
D,RESIDUE_PRICE_OFFER,,1,A202212,C2023Q3T10,V-SA,SA1,1,18100.669990
D,RESIDUE_PRICE_OFFER,,1,A202212,C2023Q3T10,V-SA,SA1,1,18300.669990
D,RESIDUE_PRICE_OFFER,,1,A202212,C2023Q3T10,V-SA,SA1,1,18500.669990
D,RESIDUE_PRICE_OFFER,,1,A202212,C2023Q3T10,V-SA,SA1,2,10000
D,RESIDUE_PRICE_OFFER,,1,A202212,C2023Q3T10,V-SA,SA1,2,10666.67
D,RESIDUE_PRICE_OFFER,,1,A202212,C2023Q3T10,V-SA,SA1,2,11333.33
D,RESIDUE_PRICE_OFFER,,1,A202212,C2023Q3T10,V-SA,SA1,2,12000
D,RESIDUE_PRICE_OFFER,,1,A202212,C2023Q3T10,V-SA,SA1,2,12666.67
D,RESIDUE_PRICE_OFFER,,1,A202212,C2023Q3T10,V-SA,SA1,2,13333.33
D,RESIDUE_PRICE_OFFER,,1,A202212,C2023Q3T10,V-SA,SA1,2,14000
D,RESIDUE_PRICE_OFFER,,1,A202212,C2023Q3T10,V-SA,SA1,2,14360.0570
D,RESIDUE_PRICE_OFFER,,1,A202212,C2023Q3T10,V-SA,SA1,2,14666.67
D,RESIDUE_PRICE_OFFER,,1,A202212,C2023Q3T10,V-SA,SA1,2,15333.33
D,RESIDUE_PRICE_OFFER,,1,A202212,C2023Q3T10,V-SA,SA1,2,15796.0627
D,RESIDUE_PRICE_OFFER,,1,A202212,C2023Q3T10,V-SA,SA1,2,16000
D,RESIDUE_PRICE_OFFER,,1,A202212,C2023Q3T10,V-SA,SA1,2,17375.668970
D,RESIDUE_PRICE_OFFER,,1,A202212,C2023Q3T10,V-SA,SA1,2,19113.235870
D,RESIDUE_PRICE_OFFER,,1,A202212,C2023Q3T10,V-SA,SA1,2,21024.559450
D,RESIDUE_PRICE_OFFER,,1,A202212,C2023Q3T10,V-SA,SA1,2,23127.0154
D,RESIDUE_PRICE_OFFER,,1,A202212,C2023Q3T10,V-SA,SA1,64,0
D,RESIDUE_PRICE_OFFER,,1,A202212,C2023Q3T10,V-SA,VIC1,1,25500.99
D,RESIDUE_PRICE_OFFER,,1,A202212,C2023Q3T10,V-SA,VIC1,1,26000.99
D,RESIDUE_PRICE_OFFER,,1,A202212,C2023Q3T10,V-SA,VIC1,1,26500.99
D,RESIDUE_PRICE_OFFER,,1,A202212,C2023Q3T10,V-SA,VIC1,1,27000.99
D,RESIDUE_PRICE_OFFER,,1,A202212,C2023Q3T10,V-SA,VIC1,1,27500.99
D,RESIDUE_PRICE_OFFER,,1,A202212,C2023Q3T10,V-SA,VIC1,1,28000.99
D,RESIDUE_PRICE_OFFER,,1,A202212,C2023Q3T10,V-SA,VIC1,1,28500.99
D,RESIDUE_PRICE_OFFER,,1,A202212,C2023Q3T10,V-SA,VIC1,1,29000.99
D,RESIDUE_PRICE_OFFER,,1,A202212,C2023Q3T10,V-SA,VIC1,1,29500.99
D,RESIDUE_PRICE_OFFER,,1,A202212,C2023Q3T10,V-SA,VIC1,1,30000.99
D,RESIDUE_PRICE_OFFER,,1,A202212,C2023Q3T10,V-SA,VIC1,1,30500.99
D,RESIDUE_PRICE_OFFER,,1,A202212,C2023Q3T10,V-SA,VIC1,1,31000.99
D,RESIDUE_PRICE_OFFER,,1,A202212,C2023Q3T10,V-SA,VIC1,1,31500.99
D,RESIDUE_PRICE_OFFER,,1,A202212,C2023Q3T10,V-SA,VIC1,1,32000.99
D,RESIDUE_PRICE_OFFER,,1,A202212,C2023Q3T10,V-SA,VIC1,1,32500.99
D,RESIDUE_PRICE_OFFER,,1,A202212,C2023Q3T10,V-SA,VIC1,1,33000.99
D,RESIDUE_PRICE_OFFER,,1,A202212,C2023Q3T10,V-SA,VIC1,1,33500.99
D,RESIDUE_PRICE_OFFER,,1,A202212,C2023Q3T10,V-SA,VIC1,1,34000.99
D,RESIDUE_PRICE_OFFER,,1,A202212,C2023Q3T10,V-SA,VIC1,1,34500.99
D,RESIDUE_PRICE_OFFER,,1,A202212,C2023Q3T10,V-SA,VIC1,1,35000.99
D,RESIDUE_PRICE_OFFER,,1,A202212,C2023Q3T10,V-SA,VIC1,2,48156
D,RESIDUE_PRICE_OFFER,,1,A202212,C2023Q3T10,V-SA,VIC1,2,49359.90
D,RESIDUE_PRICE_OFFER,,1,A202212,C2023Q3T10,V-SA,VIC1,2,50593.8975
D,RESIDUE_PRICE_OFFER,,1,A202212,C2023Q3T10,V-SA,VIC1,2,51858.744940
D,RESIDUE_PRICE_OFFER,,1,A202212,C2023Q3T10,V-SA,VIC1,2,53155.213560
D,RESIDUE_PRICE_OFFER,,1,A202212,C2023Q3T10,V-SA,VIC1,2,54484.0939
D,RESIDUE_PRICE_OFFER,,1,A202212,C2023Q3T10,V-SA,VIC1,7,105000
D,RESIDUE_PRICE_OFFER,,1,A202212,C2023Q3T10,V-SA,VIC1,7,125000
D,RESIDUE_PRICE_OFFER,,1,A202212,C2023Q3T10,V-SA,VIC1,7,135000
D,RESIDUE_PRICE_OFFER,,1,A202212,C2023Q3T10,V-SA,VIC1,7,155354.88
D,RESIDUE_PRICE_OFFER,,1,A202212,C2023Q3T10,V-SA,VIC1,7,166394.88
D,RESIDUE_PRICE_OFFER,,1,A202212,C2023Q3T10,V-SA,VIC1,7,177434.88
D,RESIDUE_PRICE_OFFER,,1,A202212,C2023Q3T10,V-SA,VIC1,7,188474.88
D,RESIDUE_PRICE_OFFER,,1,A202212,C2023Q3T10,V-SA,VIC1,7,199514.88
D,RESIDUE_PRICE_OFFER,,1,A202212,C2023Q3T10,V-SA,VIC1,7,210554.88
D,RESIDUE_PRICE_OFFER,,1,A202212,C2023Q3T10,V-SA,VIC1,25,144314.88
D,RESIDUE_PRICE_OFFER,,1,A202212,C2023Q3T10,V-SA,VIC1,73,0
D,RESIDUE_PRICE_OFFER,,1,A202212,C2023Q3T10,VIC1-NSW1,NSW1,1,2531.04
D,RESIDUE_PRICE_OFFER,,1,A202212,C2023Q3T10,VIC1-NSW1,NSW1,1,2562.04
D,RESIDUE_PRICE_OFFER,,1,A202212,C2023Q3T10,VIC1-NSW1,NSW1,1,2593.04
D,RESIDUE_PRICE_OFFER,,1,A202212,C2023Q3T10,VIC1-NSW1,NSW1,1,2624.04
D,RESIDUE_PRICE_OFFER,,1,A202212,C2023Q3T10,VIC1-NSW1,NSW1,1,2655.04
D,RESIDUE_PRICE_OFFER,,1,A202212,C2023Q3T10,VIC1-NSW1,NSW1,1,2686.04
D,RESIDUE_PRICE_OFFER,,1,A202212,C2023Q3T10,VIC1-NSW1,NSW1,1,2717.04
D,RESIDUE_PRICE_OFFER,,1,A202212,C2023Q3T10,VIC1-NSW1,NSW1,1,2748.04
D,RESIDUE_PRICE_OFFER,,1,A202212,C2023Q3T10,VIC1-NSW1,NSW1,1,2779.04
D,RESIDUE_PRICE_OFFER,,1,A202212,C2023Q3T10,VIC1-NSW1,NSW1,1,2810.04
D,RESIDUE_PRICE_OFFER,,1,A202212,C2023Q3T10,VIC1-NSW1,NSW1,1,2841.04
D,RESIDUE_PRICE_OFFER,,1,A202212,C2023Q3T10,VIC1-NSW1,NSW1,1,2872.04
D,RESIDUE_PRICE_OFFER,,1,A202212,C2023Q3T10,VIC1-NSW1,NSW1,1,2903.04
D,RESIDUE_PRICE_OFFER,,1,A202212,C2023Q3T10,VIC1-NSW1,NSW1,1,2934.04
D,RESIDUE_PRICE_OFFER,,1,A202212,C2023Q3T10,VIC1-NSW1,NSW1,1,2965.04
D,RESIDUE_PRICE_OFFER,,1,A202212,C2023Q3T10,VIC1-NSW1,NSW1,1,2996.04
D,RESIDUE_PRICE_OFFER,,1,A202212,C2023Q3T10,VIC1-NSW1,NSW1,1,3027.04
D,RESIDUE_PRICE_OFFER,,1,A202212,C2023Q3T10,VIC1-NSW1,NSW1,1,3058.04
D,RESIDUE_PRICE_OFFER,,1,A202212,C2023Q3T10,VIC1-NSW1,NSW1,1,3089.04
D,RESIDUE_PRICE_OFFER,,1,A202212,C2023Q3T10,VIC1-NSW1,NSW1,1,3120.04
D,RESIDUE_PRICE_OFFER,,1,A202212,C2023Q3T10,VIC1-NSW1,NSW1,1,3151.04
D,RESIDUE_PRICE_OFFER,,1,A202212,C2023Q3T10,VIC1-NSW1,NSW1,1,3182.04
D,RESIDUE_PRICE_OFFER,,1,A202212,C2023Q3T10,VIC1-NSW1,NSW1,1,3213.04
D,RESIDUE_PRICE_OFFER,,1,A202212,C2023Q3T10,VIC1-NSW1,NSW1,1,3244.04
D,RESIDUE_PRICE_OFFER,,1,A202212,C2023Q3T10,VIC1-NSW1,NSW1,1,3275.04
D,RESIDUE_PRICE_OFFER,,1,A202212,C2023Q3T10,VIC1-NSW1,NSW1,1,3306.04
D,RESIDUE_PRICE_OFFER,,1,A202212,C2023Q3T10,VIC1-NSW1,NSW1,1,3337.04
D,RESIDUE_PRICE_OFFER,,1,A202212,C2023Q3T10,VIC1-NSW1,NSW1,1,3368.04
D,RESIDUE_PRICE_OFFER,,1,A202212,C2023Q3T10,VIC1-NSW1,NSW1,1,3399.04
D,RESIDUE_PRICE_OFFER,,1,A202212,C2023Q3T10,VIC1-NSW1,NSW1,1,3430.04
D,RESIDUE_PRICE_OFFER,,1,A202212,C2023Q3T10,VIC1-NSW1,NSW1,1,3461.04
D,RESIDUE_PRICE_OFFER,,1,A202212,C2023Q3T10,VIC1-NSW1,NSW1,1,3492.04
D,RESIDUE_PRICE_OFFER,,1,A202212,C2023Q3T10,VIC1-NSW1,NSW1,1,3523.04
D,RESIDUE_PRICE_OFFER,,1,A202212,C2023Q3T10,VIC1-NSW1,NSW1,1,3554.04
D,RESIDUE_PRICE_OFFER,,1,A202212,C2023Q3T10,VIC1-NSW1,NSW1,1,3585.04
D,RESIDUE_PRICE_OFFER,,1,A202212,C2023Q3T10,VIC1-NSW1,NSW1,1,3616.04
D,RESIDUE_PRICE_OFFER,,1,A202212,C2023Q3T10,VIC1-NSW1,NSW1,1,3647.04
D,RESIDUE_PRICE_OFFER,,1,A202212,C2023Q3T10,VIC1-NSW1,NSW1,1,3678.04
D,RESIDUE_PRICE_OFFER,,1,A202212,C2023Q3T10,VIC1-NSW1,NSW1,1,3709.04
D,RESIDUE_PRICE_OFFER,,1,A202212,C2023Q3T10,VIC1-NSW1,NSW1,1,3740.04
D,RESIDUE_PRICE_OFFER,,1,A202212,C2023Q3T10,VIC1-NSW1,NSW1,1,3771.04
D,RESIDUE_PRICE_OFFER,,1,A202212,C2023Q3T10,VIC1-NSW1,NSW1,1,3802.04
D,RESIDUE_PRICE_OFFER,,1,A202212,C2023Q3T10,VIC1-NSW1,NSW1,1,3833.04
D,RESIDUE_PRICE_OFFER,,1,A202212,C2023Q3T10,VIC1-NSW1,NSW1,1,3864.04
D,RESIDUE_PRICE_OFFER,,1,A202212,C2023Q3T10,VIC1-NSW1,NSW1,1,3895.04
D,RESIDUE_PRICE_OFFER,,1,A202212,C2023Q3T10,VIC1-NSW1,NSW1,1,3926.04
D,RESIDUE_PRICE_OFFER,,1,A202212,C2023Q3T10,VIC1-NSW1,NSW1,1,3957.04
D,RESIDUE_PRICE_OFFER,,1,A202212,C2023Q3T10,VIC1-NSW1,NSW1,3,11804
D,RESIDUE_PRICE_OFFER,,1,A202212,C2023Q3T10,VIC1-NSW1,NSW1,3,13574.60
D,RESIDUE_PRICE_OFFER,,1,A202212,C2023Q3T10,VIC1-NSW1,NSW1,3,15610.79
D,RESIDUE_PRICE_OFFER,,1,A202212,C2023Q3T10,VIC1-NSW1,NSW1,3,17952.4085
D,RESIDUE_PRICE_OFFER,,1,A202212,C2023Q3T10,VIC1-NSW1,NSW1,3,20645.269770
D,RESIDUE_PRICE_OFFER,,1,A202212,C2023Q3T10,VIC1-NSW1,NSW1,3,23742.060240
D,RESIDUE_PRICE_OFFER,,1,A202212,C2023Q3T10,VIC1-NSW1,NSW1,40,3500
D,RESIDUE_PRICE_OFFER,,1,A202212,C2023Q3T10,VIC1-NSW1,NSW1,108,0
D,RESIDUE_PRICE_OFFER,,1,A202212,C2023Q3T10,VIC1-NSW1,VIC1,1,30276.88
D,RESIDUE_PRICE_OFFER,,1,A202212,C2023Q3T10,VIC1-NSW1,VIC1,1,30552.88
D,RESIDUE_PRICE_OFFER,,1,A202212,C2023Q3T10,VIC1-NSW1,VIC1,1,30828.88
D,RESIDUE_PRICE_OFFER,,1,A202212,C2023Q3T10,VIC1-NSW1,VIC1,1,31104.88
D,RESIDUE_PRICE_OFFER,,1,A202212,C2023Q3T10,VIC1-NSW1,VIC1,1,31380.88
D,RESIDUE_PRICE_OFFER,,1,A202212,C2023Q3T10,VIC1-NSW1,VIC1,1,31656.88
D,RESIDUE_PRICE_OFFER,,1,A202212,C2023Q3T10,VIC1-NSW1,VIC1,1,31932.88
D,RESIDUE_PRICE_OFFER,,1,A202212,C2023Q3T10,VIC1-NSW1,VIC1,1,32208.88
D,RESIDUE_PRICE_OFFER,,1,A202212,C2023Q3T10,VIC1-NSW1,VIC1,1,32484.88
D,RESIDUE_PRICE_OFFER,,1,A202212,C2023Q3T10,VIC1-NSW1,VIC1,1,32760.88
D,RESIDUE_PRICE_OFFER,,1,A202212,C2023Q3T10,VIC1-NSW1,VIC1,1,33036.879990
D,RESIDUE_PRICE_OFFER,,1,A202212,C2023Q3T10,VIC1-NSW1,VIC1,1,33312.879990
D,RESIDUE_PRICE_OFFER,,1,A202212,C2023Q3T10,VIC1-NSW1,VIC1,1,33588.879990
D,RESIDUE_PRICE_OFFER,,1,A202212,C2023Q3T10,VIC1-NSW1,VIC1,1,33864.879990
D,RESIDUE_PRICE_OFFER,,1,A202212,C2023Q3T10,VIC1-NSW1,VIC1,1,34140.879990
D,RESIDUE_PRICE_OFFER,,1,A202212,C2023Q3T10,VIC1-NSW1,VIC1,1,34416.879990
D,RESIDUE_PRICE_OFFER,,1,A202212,C2023Q3T10,VIC1-NSW1,VIC1,1,34692.879990
D,RESIDUE_PRICE_OFFER,,1,A202212,C2023Q3T10,VIC1-NSW1,VIC1,1,34968.879990
D,RESIDUE_PRICE_OFFER,,1,A202212,C2023Q3T10,VIC1-NSW1,VIC1,1,35244.879990
D,RESIDUE_PRICE_OFFER,,1,A202212,C2023Q3T10,VIC1-NSW1,VIC1,1,35520.879990
D,RESIDUE_PRICE_OFFER,,1,A202212,C2023Q3T10,VIC1-NSW1,VIC1,1,35796.879990
D,RESIDUE_PRICE_OFFER,,1,A202212,C2023Q3T10,VIC1-NSW1,VIC1,1,36072.879990
D,RESIDUE_PRICE_OFFER,,1,A202212,C2023Q3T10,VIC1-NSW1,VIC1,1,36348.879990
D,RESIDUE_PRICE_OFFER,,1,A202212,C2023Q3T10,VIC1-NSW1,VIC1,1,36624.879990
D,RESIDUE_PRICE_OFFER,,1,A202212,C2023Q3T10,VIC1-NSW1,VIC1,1,36900.879990
D,RESIDUE_PRICE_OFFER,,1,A202212,C2023Q3T10,VIC1-NSW1,VIC1,1,37176.879990
D,RESIDUE_PRICE_OFFER,,1,A202212,C2023Q3T10,VIC1-NSW1,VIC1,1,37452.879990
D,RESIDUE_PRICE_OFFER,,1,A202212,C2023Q3T10,VIC1-NSW1,VIC1,1,37728.879990
D,RESIDUE_PRICE_OFFER,,1,A202212,C2023Q3T10,VIC1-NSW1,VIC1,1,38004.879990
D,RESIDUE_PRICE_OFFER,,1,A202212,C2023Q3T10,VIC1-NSW1,VIC1,1,38280.879990
D,RESIDUE_PRICE_OFFER,,1,A202212,C2023Q3T10,VIC1-NSW1,VIC1,1,38556.879990
D,RESIDUE_PRICE_OFFER,,1,A202212,C2023Q3T10,VIC1-NSW1,VIC1,1,38832.879990
D,RESIDUE_PRICE_OFFER,,1,A202212,C2023Q3T10,VIC1-NSW1,VIC1,1,39108.879990
D,RESIDUE_PRICE_OFFER,,1,A202212,C2023Q3T10,VIC1-NSW1,VIC1,1,39384.879990
D,RESIDUE_PRICE_OFFER,,1,A202212,C2023Q3T10,VIC1-NSW1,VIC1,1,39660.879990
D,RESIDUE_PRICE_OFFER,,1,A202212,C2023Q3T10,VIC1-NSW1,VIC1,1,39936.879990
D,RESIDUE_PRICE_OFFER,,1,A202212,C2023Q3T10,VIC1-NSW1,VIC1,1,40212.879990
D,RESIDUE_PRICE_OFFER,,1,A202212,C2023Q3T10,VIC1-NSW1,VIC1,1,40488.879990
D,RESIDUE_PRICE_OFFER,,1,A202212,C2023Q3T10,VIC1-NSW1,VIC1,1,40764.879990
D,RESIDUE_PRICE_OFFER,,1,A202212,C2023Q3T10,VIC1-NSW1,VIC1,1,41040.879990
D,RESIDUE_PRICE_OFFER,,1,A202212,C2023Q3T10,VIC1-NSW1,VIC1,1,41316.879990
D,RESIDUE_PRICE_OFFER,,1,A202212,C2023Q3T10,VIC1-NSW1,VIC1,1,41592.879990
D,RESIDUE_PRICE_OFFER,,1,A202212,C2023Q3T10,VIC1-NSW1,VIC1,1,41868.879990
D,RESIDUE_PRICE_OFFER,,1,A202212,C2023Q3T10,VIC1-NSW1,VIC1,1,42144.879990
D,RESIDUE_PRICE_OFFER,,1,A202212,C2023Q3T10,VIC1-NSW1,VIC1,1,42420.879990
D,RESIDUE_PRICE_OFFER,,1,A202212,C2023Q3T10,VIC1-NSW1,VIC1,1,42696.879990
D,RESIDUE_PRICE_OFFER,,1,A202212,C2023Q3T10,VIC1-NSW1,VIC1,1,42972.88
D,RESIDUE_PRICE_OFFER,,1,A202212,C2023Q3T10,VIC1-NSW1,VIC1,1,43248.88
D,RESIDUE_PRICE_OFFER,,1,A202212,C2023Q3T10,VIC1-NSW1,VIC1,1,43524.88
D,RESIDUE_PRICE_OFFER,,1,A202212,C2023Q3T10,VIC1-NSW1,VIC1,1,43800.88
D,RESIDUE_PRICE_OFFER,,1,A202212,C2023Q3T10,VIC1-NSW1,VIC1,1,44076.88
D,RESIDUE_PRICE_OFFER,,1,A202212,C2023Q3T10,VIC1-NSW1,VIC1,1,44352.88
D,RESIDUE_PRICE_OFFER,,1,A202212,C2023Q3T10,VIC1-NSW1,VIC1,1,44628.88
D,RESIDUE_PRICE_OFFER,,1,A202212,C2023Q3T10,VIC1-NSW1,VIC1,1,44904.88
D,RESIDUE_PRICE_OFFER,,1,A202212,C2023Q3T10,VIC1-NSW1,VIC1,1,45180.88
D,RESIDUE_PRICE_OFFER,,1,A202212,C2023Q3T10,VIC1-NSW1,VIC1,1,45456.88
D,RESIDUE_PRICE_OFFER,,1,A202212,C2023Q3T10,VIC1-NSW1,VIC1,1,45732.88
D,RESIDUE_PRICE_OFFER,,1,A202212,C2023Q3T10,VIC1-NSW1,VIC1,1,46008.88
D,RESIDUE_PRICE_OFFER,,1,A202212,C2023Q3T10,VIC1-NSW1,VIC1,1,46284.88
D,RESIDUE_PRICE_OFFER,,1,A202212,C2023Q3T10,VIC1-NSW1,VIC1,1,46560.88
D,RESIDUE_PRICE_OFFER,,1,A202212,C2023Q3T10,VIC1-NSW1,VIC1,1,46836.88
D,RESIDUE_PRICE_OFFER,,1,A202212,C2023Q3T10,VIC1-NSW1,VIC1,1,47112.88
D,RESIDUE_PRICE_OFFER,,1,A202212,C2023Q3T10,VIC1-NSW1,VIC1,1,47388.88
D,RESIDUE_PRICE_OFFER,,1,A202212,C2023Q3T10,VIC1-NSW1,VIC1,1,47664.88
D,RESIDUE_PRICE_OFFER,,1,A202212,C2023Q3T10,VIC1-NSW1,VIC1,1,47940.88
D,RESIDUE_PRICE_OFFER,,1,A202212,C2023Q3T10,VIC1-NSW1,VIC1,3,38647.2250
D,RESIDUE_PRICE_OFFER,,1,A202212,C2023Q3T10,VIC1-NSW1,VIC1,3,42511.9475
D,RESIDUE_PRICE_OFFER,,1,A202212,C2023Q3T10,VIC1-NSW1,VIC1,3,46763.142250
D,RESIDUE_PRICE_OFFER,,1,A202212,C2023Q3T10,VIC1-NSW1,VIC1,3,51439.456480
D,RESIDUE_PRICE_OFFER,,1,A202212,C2023Q3T10,VIC1-NSW1,VIC1,3,56583.402120
D,RESIDUE_PRICE_OFFER,,1,A202212,C2023Q3T10,VIC1-NSW1,VIC1,3,62241.742330
D,RESIDUE_PRICE_OFFER,,1,A202212,C2023Q3T10,VIC1-NSW1,VIC1,5,40000
D,RESIDUE_PRICE_OFFER,,1,A202212,C2023Q3T10,VIC1-NSW1,VIC1,30,25920
D,RESIDUE_PRICE_OFFER,,1,A202212,C2023Q3T10,VIC1-NSW1,VIC1,30,44000
D,RESIDUE_PRICE_OFFER,,1,A202212,C2023Q3T10,VIC1-NSW1,VIC1,125,0
D,RESIDUE_PRICE_OFFER,,1,A202212,C2023Q4T09,NSW1-QLD1,NSW1,2,12927.275590
D,RESIDUE_PRICE_OFFER,,1,A202212,C2023Q4T09,NSW1-QLD1,NSW1,2,14220.003150
D,RESIDUE_PRICE_OFFER,,1,A202212,C2023Q4T09,NSW1-QLD1,NSW1,2,15642.003460
D,RESIDUE_PRICE_OFFER,,1,A202212,C2023Q4T09,NSW1-QLD1,NSW1,2,17206.203810
D,RESIDUE_PRICE_OFFER,,1,A202212,C2023Q4T09,NSW1-QLD1,NSW1,2,18926.824190
D,RESIDUE_PRICE_OFFER,,1,A202212,C2023Q4T09,NSW1-QLD1,NSW1,2,20819.506610
D,RESIDUE_PRICE_OFFER,,1,A202212,C2023Q4T09,NSW1-QLD1,NSW1,45,0
D,RESIDUE_PRICE_OFFER,,1,A202212,C2023Q4T09,NSW1-QLD1,QLD1,1,13085
D,RESIDUE_PRICE_OFFER,,1,A202212,C2023Q4T09,NSW1-QLD1,QLD1,1,13170
D,RESIDUE_PRICE_OFFER,,1,A202212,C2023Q4T09,NSW1-QLD1,QLD1,1,13255
D,RESIDUE_PRICE_OFFER,,1,A202212,C2023Q4T09,NSW1-QLD1,QLD1,1,13340
D,RESIDUE_PRICE_OFFER,,1,A202212,C2023Q4T09,NSW1-QLD1,QLD1,1,13425
D,RESIDUE_PRICE_OFFER,,1,A202212,C2023Q4T09,NSW1-QLD1,QLD1,1,13510
D,RESIDUE_PRICE_OFFER,,1,A202212,C2023Q4T09,NSW1-QLD1,QLD1,1,13595
D,RESIDUE_PRICE_OFFER,,1,A202212,C2023Q4T09,NSW1-QLD1,QLD1,1,13680
D,RESIDUE_PRICE_OFFER,,1,A202212,C2023Q4T09,NSW1-QLD1,QLD1,1,13765
D,RESIDUE_PRICE_OFFER,,1,A202212,C2023Q4T09,NSW1-QLD1,QLD1,1,13850
D,RESIDUE_PRICE_OFFER,,1,A202212,C2023Q4T09,NSW1-QLD1,QLD1,1,13935
D,RESIDUE_PRICE_OFFER,,1,A202212,C2023Q4T09,NSW1-QLD1,QLD1,1,14020
D,RESIDUE_PRICE_OFFER,,1,A202212,C2023Q4T09,NSW1-QLD1,QLD1,1,14105
D,RESIDUE_PRICE_OFFER,,1,A202212,C2023Q4T09,NSW1-QLD1,QLD1,1,14190
D,RESIDUE_PRICE_OFFER,,1,A202212,C2023Q4T09,NSW1-QLD1,QLD1,1,14275
D,RESIDUE_PRICE_OFFER,,1,A202212,C2023Q4T09,NSW1-QLD1,QLD1,1,14360
D,RESIDUE_PRICE_OFFER,,1,A202212,C2023Q4T09,NSW1-QLD1,QLD1,1,14445
D,RESIDUE_PRICE_OFFER,,1,A202212,C2023Q4T09,NSW1-QLD1,QLD1,1,14530
D,RESIDUE_PRICE_OFFER,,1,A202212,C2023Q4T09,NSW1-QLD1,QLD1,1,14615
D,RESIDUE_PRICE_OFFER,,1,A202212,C2023Q4T09,NSW1-QLD1,QLD1,1,14700
D,RESIDUE_PRICE_OFFER,,1,A202212,C2023Q4T09,NSW1-QLD1,QLD1,1,14785
D,RESIDUE_PRICE_OFFER,,1,A202212,C2023Q4T09,NSW1-QLD1,QLD1,1,14870
D,RESIDUE_PRICE_OFFER,,1,A202212,C2023Q4T09,NSW1-QLD1,QLD1,1,14955
D,RESIDUE_PRICE_OFFER,,1,A202212,C2023Q4T09,NSW1-QLD1,QLD1,1,15040
D,RESIDUE_PRICE_OFFER,,1,A202212,C2023Q4T09,NSW1-QLD1,QLD1,1,15125
D,RESIDUE_PRICE_OFFER,,1,A202212,C2023Q4T09,NSW1-QLD1,QLD1,1,15210
D,RESIDUE_PRICE_OFFER,,1,A202212,C2023Q4T09,NSW1-QLD1,QLD1,1,15295
D,RESIDUE_PRICE_OFFER,,1,A202212,C2023Q4T09,NSW1-QLD1,QLD1,1,15380
D,RESIDUE_PRICE_OFFER,,1,A202212,C2023Q4T09,NSW1-QLD1,QLD1,1,15465
D,RESIDUE_PRICE_OFFER,,1,A202212,C2023Q4T09,NSW1-QLD1,QLD1,1,15550
D,RESIDUE_PRICE_OFFER,,1,A202212,C2023Q4T09,NSW1-QLD1,QLD1,1,15635
D,RESIDUE_PRICE_OFFER,,1,A202212,C2023Q4T09,NSW1-QLD1,QLD1,1,15720
D,RESIDUE_PRICE_OFFER,,1,A202212,C2023Q4T09,NSW1-QLD1,QLD1,1,15805
D,RESIDUE_PRICE_OFFER,,1,A202212,C2023Q4T09,NSW1-QLD1,QLD1,1,15890
D,RESIDUE_PRICE_OFFER,,1,A202212,C2023Q4T09,NSW1-QLD1,QLD1,1,15975
D,RESIDUE_PRICE_OFFER,,1,A202212,C2023Q4T09,NSW1-QLD1,QLD1,3,14486.255250
D,RESIDUE_PRICE_OFFER,,1,A202212,C2023Q4T09,NSW1-QLD1,QLD1,3,15934.880780
D,RESIDUE_PRICE_OFFER,,1,A202212,C2023Q4T09,NSW1-QLD1,QLD1,3,17528.368850
D,RESIDUE_PRICE_OFFER,,1,A202212,C2023Q4T09,NSW1-QLD1,QLD1,3,19281.205740
D,RESIDUE_PRICE_OFFER,,1,A202212,C2023Q4T09,NSW1-QLD1,QLD1,3,21209.326320
D,RESIDUE_PRICE_OFFER,,1,A202212,C2023Q4T09,NSW1-QLD1,QLD1,3,23330.258950
D,RESIDUE_PRICE_OFFER,,1,A202212,C2023Q4T09,NSW1-QLD1,QLD1,15,20000
D,RESIDUE_PRICE_OFFER,,1,A202212,C2023Q4T09,NSW1-QLD1,QLD1,30,22320
D,RESIDUE_PRICE_OFFER,,1,A202212,C2023Q4T09,NSW1-QLD1,QLD1,100,0
D,RESIDUE_PRICE_OFFER,,1,A202212,C2023Q4T09,V-SA,SA1,1,10000
D,RESIDUE_PRICE_OFFER,,1,A202212,C2023Q4T09,V-SA,SA1,1,10600.67
D,RESIDUE_PRICE_OFFER,,1,A202212,C2023Q4T09,V-SA,SA1,1,10700.67
D,RESIDUE_PRICE_OFFER,,1,A202212,C2023Q4T09,V-SA,SA1,1,10800.67
D,RESIDUE_PRICE_OFFER,,1,A202212,C2023Q4T09,V-SA,SA1,1,10900.67
D,RESIDUE_PRICE_OFFER,,1,A202212,C2023Q4T09,V-SA,SA1,1,11000.67
D,RESIDUE_PRICE_OFFER,,1,A202212,C2023Q4T09,V-SA,SA1,1,11100.67
D,RESIDUE_PRICE_OFFER,,1,A202212,C2023Q4T09,V-SA,SA1,1,11200.67
D,RESIDUE_PRICE_OFFER,,1,A202212,C2023Q4T09,V-SA,SA1,1,11300.67
D,RESIDUE_PRICE_OFFER,,1,A202212,C2023Q4T09,V-SA,SA1,1,11400.67
D,RESIDUE_PRICE_OFFER,,1,A202212,C2023Q4T09,V-SA,SA1,1,11500.67
D,RESIDUE_PRICE_OFFER,,1,A202212,C2023Q4T09,V-SA,SA1,1,11600.67
D,RESIDUE_PRICE_OFFER,,1,A202212,C2023Q4T09,V-SA,SA1,1,11700.67
D,RESIDUE_PRICE_OFFER,,1,A202212,C2023Q4T09,V-SA,SA1,1,11800.67
D,RESIDUE_PRICE_OFFER,,1,A202212,C2023Q4T09,V-SA,SA1,1,11900.67
D,RESIDUE_PRICE_OFFER,,1,A202212,C2023Q4T09,V-SA,SA1,1,12000.67
D,RESIDUE_PRICE_OFFER,,1,A202212,C2023Q4T09,V-SA,SA1,1,12100.67
D,RESIDUE_PRICE_OFFER,,1,A202212,C2023Q4T09,V-SA,SA1,1,12200.67
D,RESIDUE_PRICE_OFFER,,1,A202212,C2023Q4T09,V-SA,SA1,1,12300.67
D,RESIDUE_PRICE_OFFER,,1,A202212,C2023Q4T09,V-SA,SA1,1,12400.67
D,RESIDUE_PRICE_OFFER,,1,A202212,C2023Q4T09,V-SA,SA1,1,12500.67
D,RESIDUE_PRICE_OFFER,,1,A202212,C2023Q4T09,V-SA,SA1,1,14700.67
D,RESIDUE_PRICE_OFFER,,1,A202212,C2023Q4T09,V-SA,SA1,1,14900.67
D,RESIDUE_PRICE_OFFER,,1,A202212,C2023Q4T09,V-SA,SA1,1,15100.67
D,RESIDUE_PRICE_OFFER,,1,A202212,C2023Q4T09,V-SA,SA1,1,15300.67
D,RESIDUE_PRICE_OFFER,,1,A202212,C2023Q4T09,V-SA,SA1,1,15500.67
D,RESIDUE_PRICE_OFFER,,1,A202212,C2023Q4T09,V-SA,SA1,1,15700.67
D,RESIDUE_PRICE_OFFER,,1,A202212,C2023Q4T09,V-SA,SA1,1,15900.67
D,RESIDUE_PRICE_OFFER,,1,A202212,C2023Q4T09,V-SA,SA1,1,16100.67
D,RESIDUE_PRICE_OFFER,,1,A202212,C2023Q4T09,V-SA,SA1,1,16300.67
D,RESIDUE_PRICE_OFFER,,1,A202212,C2023Q4T09,V-SA,SA1,1,16500.669990
D,RESIDUE_PRICE_OFFER,,1,A202212,C2023Q4T09,V-SA,SA1,1,16700.669990
D,RESIDUE_PRICE_OFFER,,1,A202212,C2023Q4T09,V-SA,SA1,1,16900.669990
D,RESIDUE_PRICE_OFFER,,1,A202212,C2023Q4T09,V-SA,SA1,1,17100.669990
D,RESIDUE_PRICE_OFFER,,1,A202212,C2023Q4T09,V-SA,SA1,1,17300.669990
D,RESIDUE_PRICE_OFFER,,1,A202212,C2023Q4T09,V-SA,SA1,1,17500.669990
D,RESIDUE_PRICE_OFFER,,1,A202212,C2023Q4T09,V-SA,SA1,1,17700.669990
D,RESIDUE_PRICE_OFFER,,1,A202212,C2023Q4T09,V-SA,SA1,1,17900.669990
D,RESIDUE_PRICE_OFFER,,1,A202212,C2023Q4T09,V-SA,SA1,1,18100.669990
D,RESIDUE_PRICE_OFFER,,1,A202212,C2023Q4T09,V-SA,SA1,1,18300.669990
D,RESIDUE_PRICE_OFFER,,1,A202212,C2023Q4T09,V-SA,SA1,1,18500.669990
D,RESIDUE_PRICE_OFFER,,1,A202212,C2023Q4T09,V-SA,SA1,2,6767.1365
D,RESIDUE_PRICE_OFFER,,1,A202212,C2023Q4T09,V-SA,SA1,2,7240.836050
D,RESIDUE_PRICE_OFFER,,1,A202212,C2023Q4T09,V-SA,SA1,2,7747.694570
D,RESIDUE_PRICE_OFFER,,1,A202212,C2023Q4T09,V-SA,SA1,2,8290.033190
D,RESIDUE_PRICE_OFFER,,1,A202212,C2023Q4T09,V-SA,SA1,2,8870.335520
D,RESIDUE_PRICE_OFFER,,1,A202212,C2023Q4T09,V-SA,SA1,2,9491.259010
D,RESIDUE_PRICE_OFFER,,1,A202212,C2023Q4T09,V-SA,SA1,2,10857.14
D,RESIDUE_PRICE_OFFER,,1,A202212,C2023Q4T09,V-SA,SA1,2,11714.29
D,RESIDUE_PRICE_OFFER,,1,A202212,C2023Q4T09,V-SA,SA1,2,12571.43
D,RESIDUE_PRICE_OFFER,,1,A202212,C2023Q4T09,V-SA,SA1,2,13428.57
D,RESIDUE_PRICE_OFFER,,1,A202212,C2023Q4T09,V-SA,SA1,2,14285.71
D,RESIDUE_PRICE_OFFER,,1,A202212,C2023Q4T09,V-SA,SA1,2,15142.86
D,RESIDUE_PRICE_OFFER,,1,A202212,C2023Q4T09,V-SA,SA1,2,16000
D,RESIDUE_PRICE_OFFER,,1,A202212,C2023Q4T09,V-SA,SA1,64,0
D,RESIDUE_PRICE_OFFER,,1,A202212,C2023Q4T09,V-SA,VIC1,1,30100.99
D,RESIDUE_PRICE_OFFER,,1,A202212,C2023Q4T09,V-SA,VIC1,1,30200.99
D,RESIDUE_PRICE_OFFER,,1,A202212,C2023Q4T09,V-SA,VIC1,1,30300.99
D,RESIDUE_PRICE_OFFER,,1,A202212,C2023Q4T09,V-SA,VIC1,1,30400.99
D,RESIDUE_PRICE_OFFER,,1,A202212,C2023Q4T09,V-SA,VIC1,1,30500.99
D,RESIDUE_PRICE_OFFER,,1,A202212,C2023Q4T09,V-SA,VIC1,1,30600.99
D,RESIDUE_PRICE_OFFER,,1,A202212,C2023Q4T09,V-SA,VIC1,1,30700.99
D,RESIDUE_PRICE_OFFER,,1,A202212,C2023Q4T09,V-SA,VIC1,1,30800.99
D,RESIDUE_PRICE_OFFER,,1,A202212,C2023Q4T09,V-SA,VIC1,1,30900.99
D,RESIDUE_PRICE_OFFER,,1,A202212,C2023Q4T09,V-SA,VIC1,1,31000.99
D,RESIDUE_PRICE_OFFER,,1,A202212,C2023Q4T09,V-SA,VIC1,2,43185.5040
D,RESIDUE_PRICE_OFFER,,1,A202212,C2023Q4T09,V-SA,VIC1,2,44265.1416
D,RESIDUE_PRICE_OFFER,,1,A202212,C2023Q4T09,V-SA,VIC1,2,45371.770140
D,RESIDUE_PRICE_OFFER,,1,A202212,C2023Q4T09,V-SA,VIC1,2,46506.064390
D,RESIDUE_PRICE_OFFER,,1,A202212,C2023Q4T09,V-SA,VIC1,2,47668.7160
D,RESIDUE_PRICE_OFFER,,1,A202212,C2023Q4T09,V-SA,VIC1,2,48860.4339
D,RESIDUE_PRICE_OFFER,,1,A202212,C2023Q4T09,V-SA,VIC1,5,91035.84
D,RESIDUE_PRICE_OFFER,,1,A202212,C2023Q4T09,V-SA,VIC1,5,102075.84
D,RESIDUE_PRICE_OFFER,,1,A202212,C2023Q4T09,V-SA,VIC1,5,135195.84
D,RESIDUE_PRICE_OFFER,,1,A202212,C2023Q4T09,V-SA,VIC1,5,146235.84
D,RESIDUE_PRICE_OFFER,,1,A202212,C2023Q4T09,V-SA,VIC1,5,157275.84
D,RESIDUE_PRICE_OFFER,,1,A202212,C2023Q4T09,V-SA,VIC1,10,65999
D,RESIDUE_PRICE_OFFER,,1,A202212,C2023Q4T09,V-SA,VIC1,10,79995.84
D,RESIDUE_PRICE_OFFER,,1,A202212,C2023Q4T09,V-SA,VIC1,10,113115.84
D,RESIDUE_PRICE_OFFER,,1,A202212,C2023Q4T09,V-SA,VIC1,10,124155.84
D,RESIDUE_PRICE_OFFER,,1,A202212,C2023Q4T09,V-SA,VIC1,10,168315.84
D,RESIDUE_PRICE_OFFER,,1,A202212,C2023Q4T09,V-SA,VIC1,73,0
D,RESIDUE_PRICE_OFFER,,1,A202212,C2023Q4T09,VIC1-NSW1,NSW1,1,2004.04
D,RESIDUE_PRICE_OFFER,,1,A202212,C2023Q4T09,VIC1-NSW1,NSW1,1,2008.04
D,RESIDUE_PRICE_OFFER,,1,A202212,C2023Q4T09,VIC1-NSW1,NSW1,1,2012.04
D,RESIDUE_PRICE_OFFER,,1,A202212,C2023Q4T09,VIC1-NSW1,NSW1,1,2016.04
D,RESIDUE_PRICE_OFFER,,1,A202212,C2023Q4T09,VIC1-NSW1,NSW1,1,2020.04
D,RESIDUE_PRICE_OFFER,,1,A202212,C2023Q4T09,VIC1-NSW1,NSW1,1,2024.04
D,RESIDUE_PRICE_OFFER,,1,A202212,C2023Q4T09,VIC1-NSW1,NSW1,1,2028.04
D,RESIDUE_PRICE_OFFER,,1,A202212,C2023Q4T09,VIC1-NSW1,NSW1,1,2032.04
D,RESIDUE_PRICE_OFFER,,1,A202212,C2023Q4T09,VIC1-NSW1,NSW1,1,2036.04
D,RESIDUE_PRICE_OFFER,,1,A202212,C2023Q4T09,VIC1-NSW1,NSW1,1,2040.04
D,RESIDUE_PRICE_OFFER,,1,A202212,C2023Q4T09,VIC1-NSW1,NSW1,1,2044.04
D,RESIDUE_PRICE_OFFER,,1,A202212,C2023Q4T09,VIC1-NSW1,NSW1,1,2048.04
D,RESIDUE_PRICE_OFFER,,1,A202212,C2023Q4T09,VIC1-NSW1,NSW1,1,2052.04
D,RESIDUE_PRICE_OFFER,,1,A202212,C2023Q4T09,VIC1-NSW1,NSW1,1,2056.04
D,RESIDUE_PRICE_OFFER,,1,A202212,C2023Q4T09,VIC1-NSW1,NSW1,1,2060.04
D,RESIDUE_PRICE_OFFER,,1,A202212,C2023Q4T09,VIC1-NSW1,NSW1,1,2064.04
D,RESIDUE_PRICE_OFFER,,1,A202212,C2023Q4T09,VIC1-NSW1,NSW1,1,2068.04
D,RESIDUE_PRICE_OFFER,,1,A202212,C2023Q4T09,VIC1-NSW1,NSW1,1,2072.04
D,RESIDUE_PRICE_OFFER,,1,A202212,C2023Q4T09,VIC1-NSW1,NSW1,1,2076.04
D,RESIDUE_PRICE_OFFER,,1,A202212,C2023Q4T09,VIC1-NSW1,NSW1,1,2080.04
D,RESIDUE_PRICE_OFFER,,1,A202212,C2023Q4T09,VIC1-NSW1,NSW1,1,2084.04
D,RESIDUE_PRICE_OFFER,,1,A202212,C2023Q4T09,VIC1-NSW1,NSW1,1,2088.04
D,RESIDUE_PRICE_OFFER,,1,A202212,C2023Q4T09,VIC1-NSW1,NSW1,1,2092.04
D,RESIDUE_PRICE_OFFER,,1,A202212,C2023Q4T09,VIC1-NSW1,NSW1,1,2096.04
D,RESIDUE_PRICE_OFFER,,1,A202212,C2023Q4T09,VIC1-NSW1,NSW1,3,2563.199990
D,RESIDUE_PRICE_OFFER,,1,A202212,C2023Q4T09,VIC1-NSW1,NSW1,3,2819.52
D,RESIDUE_PRICE_OFFER,,1,A202212,C2023Q4T09,VIC1-NSW1,NSW1,3,3101.4720
D,RESIDUE_PRICE_OFFER,,1,A202212,C2023Q4T09,VIC1-NSW1,NSW1,3,3411.6192
D,RESIDUE_PRICE_OFFER,,1,A202212,C2023Q4T09,VIC1-NSW1,NSW1,3,3752.781120
D,RESIDUE_PRICE_OFFER,,1,A202212,C2023Q4T09,VIC1-NSW1,NSW1,3,4128.059230
D,RESIDUE_PRICE_OFFER,,1,A202212,C2023Q4T09,VIC1-NSW1,NSW1,10,7000
D,RESIDUE_PRICE_OFFER,,1,A202212,C2023Q4T09,VIC1-NSW1,NSW1,108,0
D,RESIDUE_PRICE_OFFER,,1,A202212,C2023Q4T09,VIC1-NSW1,VIC1,1,32200.88
D,RESIDUE_PRICE_OFFER,,1,A202212,C2023Q4T09,VIC1-NSW1,VIC1,1,32400.88
D,RESIDUE_PRICE_OFFER,,1,A202212,C2023Q4T09,VIC1-NSW1,VIC1,1,32600.88
D,RESIDUE_PRICE_OFFER,,1,A202212,C2023Q4T09,VIC1-NSW1,VIC1,1,32800.879990
D,RESIDUE_PRICE_OFFER,,1,A202212,C2023Q4T09,VIC1-NSW1,VIC1,1,33000.879990
D,RESIDUE_PRICE_OFFER,,1,A202212,C2023Q4T09,VIC1-NSW1,VIC1,1,33200.879990
D,RESIDUE_PRICE_OFFER,,1,A202212,C2023Q4T09,VIC1-NSW1,VIC1,1,33400.879990
D,RESIDUE_PRICE_OFFER,,1,A202212,C2023Q4T09,VIC1-NSW1,VIC1,1,33600.879990
D,RESIDUE_PRICE_OFFER,,1,A202212,C2023Q4T09,VIC1-NSW1,VIC1,1,33800.879990
D,RESIDUE_PRICE_OFFER,,1,A202212,C2023Q4T09,VIC1-NSW1,VIC1,1,34000.879990
D,RESIDUE_PRICE_OFFER,,1,A202212,C2023Q4T09,VIC1-NSW1,VIC1,1,34200.879990
D,RESIDUE_PRICE_OFFER,,1,A202212,C2023Q4T09,VIC1-NSW1,VIC1,1,34400.879990
D,RESIDUE_PRICE_OFFER,,1,A202212,C2023Q4T09,VIC1-NSW1,VIC1,1,34600.879990
D,RESIDUE_PRICE_OFFER,,1,A202212,C2023Q4T09,VIC1-NSW1,VIC1,1,34800.879990
D,RESIDUE_PRICE_OFFER,,1,A202212,C2023Q4T09,VIC1-NSW1,VIC1,1,35000.879990
D,RESIDUE_PRICE_OFFER,,1,A202212,C2023Q4T09,VIC1-NSW1,VIC1,1,35200.879990
D,RESIDUE_PRICE_OFFER,,1,A202212,C2023Q4T09,VIC1-NSW1,VIC1,1,35400.879990
D,RESIDUE_PRICE_OFFER,,1,A202212,C2023Q4T09,VIC1-NSW1,VIC1,1,35600.879990
D,RESIDUE_PRICE_OFFER,,1,A202212,C2023Q4T09,VIC1-NSW1,VIC1,1,35800.879990
D,RESIDUE_PRICE_OFFER,,1,A202212,C2023Q4T09,VIC1-NSW1,VIC1,1,36000.879990
D,RESIDUE_PRICE_OFFER,,1,A202212,C2023Q4T09,VIC1-NSW1,VIC1,1,36200.879990
D,RESIDUE_PRICE_OFFER,,1,A202212,C2023Q4T09,VIC1-NSW1,VIC1,1,36400.879990
D,RESIDUE_PRICE_OFFER,,1,A202212,C2023Q4T09,VIC1-NSW1,VIC1,1,36600.879990
D,RESIDUE_PRICE_OFFER,,1,A202212,C2023Q4T09,VIC1-NSW1,VIC1,1,36800.879990
D,RESIDUE_PRICE_OFFER,,1,A202212,C2023Q4T09,VIC1-NSW1,VIC1,1,37000.879990
D,RESIDUE_PRICE_OFFER,,1,A202212,C2023Q4T09,VIC1-NSW1,VIC1,3,41526.995210
D,RESIDUE_PRICE_OFFER,,1,A202212,C2023Q4T09,VIC1-NSW1,VIC1,3,43603.344980
D,RESIDUE_PRICE_OFFER,,1,A202212,C2023Q4T09,VIC1-NSW1,VIC1,5,47963.679480
D,RESIDUE_PRICE_OFFER,,1,A202212,C2023Q4T09,VIC1-NSW1,VIC1,5,55158.2314
D,RESIDUE_PRICE_OFFER,,1,A202212,C2023Q4T09,VIC1-NSW1,VIC1,7,63431.966110
D,RESIDUE_PRICE_OFFER,,1,A202212,C2023Q4T09,VIC1-NSW1,VIC1,11,72946.761020
D,RESIDUE_PRICE_OFFER,,1,A202212,C2023Q4T09,VIC1-NSW1,VIC1,20,40000
D,RESIDUE_PRICE_OFFER,,1,A202212,C2023Q4T09,VIC1-NSW1,VIC1,25,52000
D,RESIDUE_PRICE_OFFER,,1,A202212,C2023Q4T09,VIC1-NSW1,VIC1,30,31590
D,RESIDUE_PRICE_OFFER,,1,A202212,C2023Q4T09,VIC1-NSW1,VIC1,125,0
D,RESIDUE_PRICE_OFFER,,1,A202212,C2024Q1T08,NSW1-QLD1,NSW1,2,19545.764080
D,RESIDUE_PRICE_OFFER,,1,A202212,C2024Q1T08,NSW1-QLD1,NSW1,2,21500.340490
D,RESIDUE_PRICE_OFFER,,1,A202212,C2024Q1T08,NSW1-QLD1,NSW1,2,23650.374540
D,RESIDUE_PRICE_OFFER,,1,A202212,C2024Q1T08,NSW1-QLD1,NSW1,2,26015.4120
D,RESIDUE_PRICE_OFFER,,1,A202212,C2024Q1T08,NSW1-QLD1,NSW1,2,28616.9532
D,RESIDUE_PRICE_OFFER,,1,A202212,C2024Q1T08,NSW1-QLD1,NSW1,2,31478.648520
D,RESIDUE_PRICE_OFFER,,1,A202212,C2024Q1T08,NSW1-QLD1,NSW1,25,20000
D,RESIDUE_PRICE_OFFER,,1,A202212,C2024Q1T08,NSW1-QLD1,NSW1,45,0
D,RESIDUE_PRICE_OFFER,,1,A202212,C2024Q1T08,NSW1-QLD1,QLD1,1,18620
D,RESIDUE_PRICE_OFFER,,1,A202212,C2024Q1T08,NSW1-QLD1,QLD1,1,18740
D,RESIDUE_PRICE_OFFER,,1,A202212,C2024Q1T08,NSW1-QLD1,QLD1,1,18860
D,RESIDUE_PRICE_OFFER,,1,A202212,C2024Q1T08,NSW1-QLD1,QLD1,1,18980
D,RESIDUE_PRICE_OFFER,,1,A202212,C2024Q1T08,NSW1-QLD1,QLD1,1,19100
D,RESIDUE_PRICE_OFFER,,1,A202212,C2024Q1T08,NSW1-QLD1,QLD1,1,19220
D,RESIDUE_PRICE_OFFER,,1,A202212,C2024Q1T08,NSW1-QLD1,QLD1,1,19340
D,RESIDUE_PRICE_OFFER,,1,A202212,C2024Q1T08,NSW1-QLD1,QLD1,1,19460
D,RESIDUE_PRICE_OFFER,,1,A202212,C2024Q1T08,NSW1-QLD1,QLD1,1,19580
D,RESIDUE_PRICE_OFFER,,1,A202212,C2024Q1T08,NSW1-QLD1,QLD1,1,19700
D,RESIDUE_PRICE_OFFER,,1,A202212,C2024Q1T08,NSW1-QLD1,QLD1,1,19820
D,RESIDUE_PRICE_OFFER,,1,A202212,C2024Q1T08,NSW1-QLD1,QLD1,1,19940
D,RESIDUE_PRICE_OFFER,,1,A202212,C2024Q1T08,NSW1-QLD1,QLD1,1,20060
D,RESIDUE_PRICE_OFFER,,1,A202212,C2024Q1T08,NSW1-QLD1,QLD1,1,20180
D,RESIDUE_PRICE_OFFER,,1,A202212,C2024Q1T08,NSW1-QLD1,QLD1,1,20300
D,RESIDUE_PRICE_OFFER,,1,A202212,C2024Q1T08,NSW1-QLD1,QLD1,1,20420
D,RESIDUE_PRICE_OFFER,,1,A202212,C2024Q1T08,NSW1-QLD1,QLD1,1,20540
D,RESIDUE_PRICE_OFFER,,1,A202212,C2024Q1T08,NSW1-QLD1,QLD1,1,20660
D,RESIDUE_PRICE_OFFER,,1,A202212,C2024Q1T08,NSW1-QLD1,QLD1,1,20780
D,RESIDUE_PRICE_OFFER,,1,A202212,C2024Q1T08,NSW1-QLD1,QLD1,1,20900
D,RESIDUE_PRICE_OFFER,,1,A202212,C2024Q1T08,NSW1-QLD1,QLD1,1,21020
D,RESIDUE_PRICE_OFFER,,1,A202212,C2024Q1T08,NSW1-QLD1,QLD1,1,21140
D,RESIDUE_PRICE_OFFER,,1,A202212,C2024Q1T08,NSW1-QLD1,QLD1,1,21260
D,RESIDUE_PRICE_OFFER,,1,A202212,C2024Q1T08,NSW1-QLD1,QLD1,1,21380
D,RESIDUE_PRICE_OFFER,,1,A202212,C2024Q1T08,NSW1-QLD1,QLD1,1,21500
D,RESIDUE_PRICE_OFFER,,1,A202212,C2024Q1T08,NSW1-QLD1,QLD1,3,19165.376090
D,RESIDUE_PRICE_OFFER,,1,A202212,C2024Q1T08,NSW1-QLD1,QLD1,3,21081.9137
D,RESIDUE_PRICE_OFFER,,1,A202212,C2024Q1T08,NSW1-QLD1,QLD1,3,23190.105070
D,RESIDUE_PRICE_OFFER,,1,A202212,C2024Q1T08,NSW1-QLD1,QLD1,3,25509.115570
D,RESIDUE_PRICE_OFFER,,1,A202212,C2024Q1T08,NSW1-QLD1,QLD1,3,28060.027130
D,RESIDUE_PRICE_OFFER,,1,A202212,C2024Q1T08,NSW1-QLD1,QLD1,3,30866.029840
D,RESIDUE_PRICE_OFFER,,1,A202212,C2024Q1T08,NSW1-QLD1,QLD1,30,28890
D,RESIDUE_PRICE_OFFER,,1,A202212,C2024Q1T08,NSW1-QLD1,QLD1,100,0
D,RESIDUE_PRICE_OFFER,,1,A202212,C2024Q1T08,V-SA,SA1,2,7673.041330
D,RESIDUE_PRICE_OFFER,,1,A202212,C2024Q1T08,V-SA,SA1,2,8210.154220
D,RESIDUE_PRICE_OFFER,,1,A202212,C2024Q1T08,V-SA,SA1,2,8784.865020
D,RESIDUE_PRICE_OFFER,,1,A202212,C2024Q1T08,V-SA,SA1,2,9399.805570
D,RESIDUE_PRICE_OFFER,,1,A202212,C2024Q1T08,V-SA,SA1,2,10057.791960
D,RESIDUE_PRICE_OFFER,,1,A202212,C2024Q1T08,V-SA,SA1,2,10761.8374
D,RESIDUE_PRICE_OFFER,,1,A202212,C2024Q1T08,V-SA,SA1,64,0
D,RESIDUE_PRICE_OFFER,,1,A202212,C2024Q1T08,V-SA,VIC1,1,34370
D,RESIDUE_PRICE_OFFER,,1,A202212,C2024Q1T08,V-SA,VIC1,1,50384.99
D,RESIDUE_PRICE_OFFER,,1,A202212,C2024Q1T08,V-SA,VIC1,1,50768.99
D,RESIDUE_PRICE_OFFER,,1,A202212,C2024Q1T08,V-SA,VIC1,1,51152.99
D,RESIDUE_PRICE_OFFER,,1,A202212,C2024Q1T08,V-SA,VIC1,1,51536.99
D,RESIDUE_PRICE_OFFER,,1,A202212,C2024Q1T08,V-SA,VIC1,1,51920.99
D,RESIDUE_PRICE_OFFER,,1,A202212,C2024Q1T08,V-SA,VIC1,1,52304.99
D,RESIDUE_PRICE_OFFER,,1,A202212,C2024Q1T08,V-SA,VIC1,1,52688.99
D,RESIDUE_PRICE_OFFER,,1,A202212,C2024Q1T08,V-SA,VIC1,1,53072.99
D,RESIDUE_PRICE_OFFER,,1,A202212,C2024Q1T08,V-SA,VIC1,1,53456.99
D,RESIDUE_PRICE_OFFER,,1,A202212,C2024Q1T08,V-SA,VIC1,1,53840.99
D,RESIDUE_PRICE_OFFER,,1,A202212,C2024Q1T08,V-SA,VIC1,1,54224.99
D,RESIDUE_PRICE_OFFER,,1,A202212,C2024Q1T08,V-SA,VIC1,1,54608.99
D,RESIDUE_PRICE_OFFER,,1,A202212,C2024Q1T08,V-SA,VIC1,1,54992.99
D,RESIDUE_PRICE_OFFER,,1,A202212,C2024Q1T08,V-SA,VIC1,1,55376.99
D,RESIDUE_PRICE_OFFER,,1,A202212,C2024Q1T08,V-SA,VIC1,1,55760.99
D,RESIDUE_PRICE_OFFER,,1,A202212,C2024Q1T08,V-SA,VIC1,1,56144.99
D,RESIDUE_PRICE_OFFER,,1,A202212,C2024Q1T08,V-SA,VIC1,1,56528.99
D,RESIDUE_PRICE_OFFER,,1,A202212,C2024Q1T08,V-SA,VIC1,1,56912.99
D,RESIDUE_PRICE_OFFER,,1,A202212,C2024Q1T08,V-SA,VIC1,1,57296.99
D,RESIDUE_PRICE_OFFER,,1,A202212,C2024Q1T08,V-SA,VIC1,1,57680.99
D,RESIDUE_PRICE_OFFER,,1,A202212,C2024Q1T08,V-SA,VIC1,1,58064.99
D,RESIDUE_PRICE_OFFER,,1,A202212,C2024Q1T08,V-SA,VIC1,1,58448.99
D,RESIDUE_PRICE_OFFER,,1,A202212,C2024Q1T08,V-SA,VIC1,1,58832.99
D,RESIDUE_PRICE_OFFER,,1,A202212,C2024Q1T08,V-SA,VIC1,1,59216.99
D,RESIDUE_PRICE_OFFER,,1,A202212,C2024Q1T08,V-SA,VIC1,1,59600.99
D,RESIDUE_PRICE_OFFER,,1,A202212,C2024Q1T08,V-SA,VIC1,1,59984.99
D,RESIDUE_PRICE_OFFER,,1,A202212,C2024Q1T08,V-SA,VIC1,2,37807
D,RESIDUE_PRICE_OFFER,,1,A202212,C2024Q1T08,V-SA,VIC1,2,41000.99
D,RESIDUE_PRICE_OFFER,,1,A202212,C2024Q1T08,V-SA,VIC1,2,42000.99
D,RESIDUE_PRICE_OFFER,,1,A202212,C2024Q1T08,V-SA,VIC1,2,43000.99
D,RESIDUE_PRICE_OFFER,,1,A202212,C2024Q1T08,V-SA,VIC1,2,44000.99
D,RESIDUE_PRICE_OFFER,,1,A202212,C2024Q1T08,V-SA,VIC1,2,45000.99
D,RESIDUE_PRICE_OFFER,,1,A202212,C2024Q1T08,V-SA,VIC1,2,46000.99
D,RESIDUE_PRICE_OFFER,,1,A202212,C2024Q1T08,V-SA,VIC1,2,47000.99
D,RESIDUE_PRICE_OFFER,,1,A202212,C2024Q1T08,V-SA,VIC1,2,48000.99
D,RESIDUE_PRICE_OFFER,,1,A202212,C2024Q1T08,V-SA,VIC1,2,49000.99
D,RESIDUE_PRICE_OFFER,,1,A202212,C2024Q1T08,V-SA,VIC1,2,50000.99
D,RESIDUE_PRICE_OFFER,,1,A202212,C2024Q1T08,V-SA,VIC1,3,49149.10
D,RESIDUE_PRICE_OFFER,,1,A202212,C2024Q1T08,V-SA,VIC1,3,58978.92
D,RESIDUE_PRICE_OFFER,,1,A202212,C2024Q1T08,V-SA,VIC1,3,60978.92
D,RESIDUE_PRICE_OFFER,,1,A202212,C2024Q1T08,V-SA,VIC1,3,133486.079990
D,RESIDUE_PRICE_OFFER,,1,A202212,C2024Q1T08,V-SA,VIC1,3,144406.079990
D,RESIDUE_PRICE_OFFER,,1,A202212,C2024Q1T08,V-SA,VIC1,3,155326.079990
D,RESIDUE_PRICE_OFFER,,1,A202212,C2024Q1T08,V-SA,VIC1,3,166246.079990
D,RESIDUE_PRICE_OFFER,,1,A202212,C2024Q1T08,V-SA,VIC1,3,177166.08
D,RESIDUE_PRICE_OFFER,,1,A202212,C2024Q1T08,V-SA,VIC1,3,188086.08
D,RESIDUE_PRICE_OFFER,,1,A202212,C2024Q1T08,V-SA,VIC1,3,199006.08
D,RESIDUE_PRICE_OFFER,,1,A202212,C2024Q1T08,V-SA,VIC1,3,209926.08
D,RESIDUE_PRICE_OFFER,,1,A202212,C2024Q1T08,V-SA,VIC1,3,220846.08
D,RESIDUE_PRICE_OFFER,,1,A202212,C2024Q1T08,V-SA,VIC1,7,62978.92
D,RESIDUE_PRICE_OFFER,,1,A202212,C2024Q1T08,V-SA,VIC1,9,122566.08
D,RESIDUE_PRICE_OFFER,,1,A202212,C2024Q1T08,V-SA,VIC1,73,0
D,RESIDUE_PRICE_OFFER,,1,A202212,C2024Q1T08,VIC1-NSW1,NSW1,1,5066.04
D,RESIDUE_PRICE_OFFER,,1,A202212,C2024Q1T08,VIC1-NSW1,NSW1,1,5132.04
D,RESIDUE_PRICE_OFFER,,1,A202212,C2024Q1T08,VIC1-NSW1,NSW1,1,5198.04
D,RESIDUE_PRICE_OFFER,,1,A202212,C2024Q1T08,VIC1-NSW1,NSW1,1,5264.04
D,RESIDUE_PRICE_OFFER,,1,A202212,C2024Q1T08,VIC1-NSW1,NSW1,1,5330.04
D,RESIDUE_PRICE_OFFER,,1,A202212,C2024Q1T08,VIC1-NSW1,NSW1,1,5396.04
D,RESIDUE_PRICE_OFFER,,1,A202212,C2024Q1T08,VIC1-NSW1,NSW1,1,5462.04
D,RESIDUE_PRICE_OFFER,,1,A202212,C2024Q1T08,VIC1-NSW1,NSW1,1,5528.04
D,RESIDUE_PRICE_OFFER,,1,A202212,C2024Q1T08,VIC1-NSW1,NSW1,1,5594.04
D,RESIDUE_PRICE_OFFER,,1,A202212,C2024Q1T08,VIC1-NSW1,NSW1,1,5660.04
D,RESIDUE_PRICE_OFFER,,1,A202212,C2024Q1T08,VIC1-NSW1,NSW1,1,5726.04
D,RESIDUE_PRICE_OFFER,,1,A202212,C2024Q1T08,VIC1-NSW1,NSW1,1,5792.04
D,RESIDUE_PRICE_OFFER,,1,A202212,C2024Q1T08,VIC1-NSW1,NSW1,1,5858.04
D,RESIDUE_PRICE_OFFER,,1,A202212,C2024Q1T08,VIC1-NSW1,NSW1,1,5924.04
D,RESIDUE_PRICE_OFFER,,1,A202212,C2024Q1T08,VIC1-NSW1,NSW1,1,5990.04
D,RESIDUE_PRICE_OFFER,,1,A202212,C2024Q1T08,VIC1-NSW1,NSW1,3,6600
D,RESIDUE_PRICE_OFFER,,1,A202212,C2024Q1T08,VIC1-NSW1,NSW1,3,7260
D,RESIDUE_PRICE_OFFER,,1,A202212,C2024Q1T08,VIC1-NSW1,NSW1,3,7986
D,RESIDUE_PRICE_OFFER,,1,A202212,C2024Q1T08,VIC1-NSW1,NSW1,3,8784.60
D,RESIDUE_PRICE_OFFER,,1,A202212,C2024Q1T08,VIC1-NSW1,NSW1,3,9663.06
D,RESIDUE_PRICE_OFFER,,1,A202212,C2024Q1T08,VIC1-NSW1,NSW1,3,10629.3660
D,RESIDUE_PRICE_OFFER,,1,A202212,C2024Q1T08,VIC1-NSW1,NSW1,108,0
D,RESIDUE_PRICE_OFFER,,1,A202212,C2024Q1T08,VIC1-NSW1,VIC1,1,33010.879990
D,RESIDUE_PRICE_OFFER,,1,A202212,C2024Q1T08,VIC1-NSW1,VIC1,1,33020.879990
D,RESIDUE_PRICE_OFFER,,1,A202212,C2024Q1T08,VIC1-NSW1,VIC1,1,33030.879990
D,RESIDUE_PRICE_OFFER,,1,A202212,C2024Q1T08,VIC1-NSW1,VIC1,1,33040.879990
D,RESIDUE_PRICE_OFFER,,1,A202212,C2024Q1T08,VIC1-NSW1,VIC1,1,33050.879990
D,RESIDUE_PRICE_OFFER,,1,A202212,C2024Q1T08,VIC1-NSW1,VIC1,1,33060.879990
D,RESIDUE_PRICE_OFFER,,1,A202212,C2024Q1T08,VIC1-NSW1,VIC1,1,33070.879990
D,RESIDUE_PRICE_OFFER,,1,A202212,C2024Q1T08,VIC1-NSW1,VIC1,1,33080.879990
D,RESIDUE_PRICE_OFFER,,1,A202212,C2024Q1T08,VIC1-NSW1,VIC1,1,33090.879990
D,RESIDUE_PRICE_OFFER,,1,A202212,C2024Q1T08,VIC1-NSW1,VIC1,1,33100.879990
D,RESIDUE_PRICE_OFFER,,1,A202212,C2024Q1T08,VIC1-NSW1,VIC1,1,40666.879990
D,RESIDUE_PRICE_OFFER,,1,A202212,C2024Q1T08,VIC1-NSW1,VIC1,1,41332.879990
D,RESIDUE_PRICE_OFFER,,1,A202212,C2024Q1T08,VIC1-NSW1,VIC1,1,41998.879990
D,RESIDUE_PRICE_OFFER,,1,A202212,C2024Q1T08,VIC1-NSW1,VIC1,1,42664.879990
D,RESIDUE_PRICE_OFFER,,1,A202212,C2024Q1T08,VIC1-NSW1,VIC1,1,43330.88
D,RESIDUE_PRICE_OFFER,,1,A202212,C2024Q1T08,VIC1-NSW1,VIC1,1,43996.88
D,RESIDUE_PRICE_OFFER,,1,A202212,C2024Q1T08,VIC1-NSW1,VIC1,1,44662.88
D,RESIDUE_PRICE_OFFER,,1,A202212,C2024Q1T08,VIC1-NSW1,VIC1,1,45328.88
D,RESIDUE_PRICE_OFFER,,1,A202212,C2024Q1T08,VIC1-NSW1,VIC1,1,45994.88
D,RESIDUE_PRICE_OFFER,,1,A202212,C2024Q1T08,VIC1-NSW1,VIC1,1,46660.88
D,RESIDUE_PRICE_OFFER,,1,A202212,C2024Q1T08,VIC1-NSW1,VIC1,1,47326.88
D,RESIDUE_PRICE_OFFER,,1,A202212,C2024Q1T08,VIC1-NSW1,VIC1,1,47992.88
D,RESIDUE_PRICE_OFFER,,1,A202212,C2024Q1T08,VIC1-NSW1,VIC1,1,48658.88
D,RESIDUE_PRICE_OFFER,,1,A202212,C2024Q1T08,VIC1-NSW1,VIC1,1,49324.88
D,RESIDUE_PRICE_OFFER,,1,A202212,C2024Q1T08,VIC1-NSW1,VIC1,1,49990.88
D,RESIDUE_PRICE_OFFER,,1,A202212,C2024Q1T08,VIC1-NSW1,VIC1,1,50656.88
D,RESIDUE_PRICE_OFFER,,1,A202212,C2024Q1T08,VIC1-NSW1,VIC1,1,51322.88
D,RESIDUE_PRICE_OFFER,,1,A202212,C2024Q1T08,VIC1-NSW1,VIC1,1,51988.88
D,RESIDUE_PRICE_OFFER,,1,A202212,C2024Q1T08,VIC1-NSW1,VIC1,1,52654.88
D,RESIDUE_PRICE_OFFER,,1,A202212,C2024Q1T08,VIC1-NSW1,VIC1,1,53320.88
D,RESIDUE_PRICE_OFFER,,1,A202212,C2024Q1T08,VIC1-NSW1,VIC1,1,53986.88
D,RESIDUE_PRICE_OFFER,,1,A202212,C2024Q1T08,VIC1-NSW1,VIC1,1,54652.88
D,RESIDUE_PRICE_OFFER,,1,A202212,C2024Q1T08,VIC1-NSW1,VIC1,1,55318.88
D,RESIDUE_PRICE_OFFER,,1,A202212,C2024Q1T08,VIC1-NSW1,VIC1,1,55984.88
D,RESIDUE_PRICE_OFFER,,1,A202212,C2024Q1T08,VIC1-NSW1,VIC1,1,56650.88
D,RESIDUE_PRICE_OFFER,,1,A202212,C2024Q1T08,VIC1-NSW1,VIC1,1,57316.88
D,RESIDUE_PRICE_OFFER,,1,A202212,C2024Q1T08,VIC1-NSW1,VIC1,1,57982.88
D,RESIDUE_PRICE_OFFER,,1,A202212,C2024Q1T08,VIC1-NSW1,VIC1,1,58648.88
D,RESIDUE_PRICE_OFFER,,1,A202212,C2024Q1T08,VIC1-NSW1,VIC1,1,59314.88
D,RESIDUE_PRICE_OFFER,,1,A202212,C2024Q1T08,VIC1-NSW1,VIC1,1,59980.88
D,RESIDUE_PRICE_OFFER,,1,A202212,C2024Q1T08,VIC1-NSW1,VIC1,3,45302.774010
D,RESIDUE_PRICE_OFFER,,1,A202212,C2024Q1T08,VIC1-NSW1,VIC1,3,47567.912720
D,RESIDUE_PRICE_OFFER,,1,A202212,C2024Q1T08,VIC1-NSW1,VIC1,5,52324.703990
D,RESIDUE_PRICE_OFFER,,1,A202212,C2024Q1T08,VIC1-NSW1,VIC1,5,60173.409590
D,RESIDUE_PRICE_OFFER,,1,A202212,C2024Q1T08,VIC1-NSW1,VIC1,7,69199.421010
D,RESIDUE_PRICE_OFFER,,1,A202212,C2024Q1T08,VIC1-NSW1,VIC1,10,70000
D,RESIDUE_PRICE_OFFER,,1,A202212,C2024Q1T08,VIC1-NSW1,VIC1,11,79579.334180
D,RESIDUE_PRICE_OFFER,,1,A202212,C2024Q1T08,VIC1-NSW1,VIC1,25,60000
D,RESIDUE_PRICE_OFFER,,1,A202212,C2024Q1T08,VIC1-NSW1,VIC1,30,32400
D,RESIDUE_PRICE_OFFER,,1,A202212,C2024Q1T08,VIC1-NSW1,VIC1,125,0
D,RESIDUE_PRICE_OFFER,,1,A202212,C2024Q2T07,NSW1-QLD1,NSW1,1,7033.33
D,RESIDUE_PRICE_OFFER,,1,A202212,C2024Q2T07,NSW1-QLD1,NSW1,1,7066.33
D,RESIDUE_PRICE_OFFER,,1,A202212,C2024Q2T07,NSW1-QLD1,NSW1,1,7099.33
D,RESIDUE_PRICE_OFFER,,1,A202212,C2024Q2T07,NSW1-QLD1,NSW1,2,5165.8325
D,RESIDUE_PRICE_OFFER,,1,A202212,C2024Q2T07,NSW1-QLD1,NSW1,2,5940.707370
D,RESIDUE_PRICE_OFFER,,1,A202212,C2024Q2T07,NSW1-QLD1,NSW1,2,6831.813480
D,RESIDUE_PRICE_OFFER,,1,A202212,C2024Q2T07,NSW1-QLD1,NSW1,2,7856.5855
D,RESIDUE_PRICE_OFFER,,1,A202212,C2024Q2T07,NSW1-QLD1,NSW1,2,9035.073320
D,RESIDUE_PRICE_OFFER,,1,A202212,C2024Q2T07,NSW1-QLD1,NSW1,2,10390.334330
D,RESIDUE_PRICE_OFFER,,1,A202212,C2024Q2T07,NSW1-QLD1,NSW1,45,0
D,RESIDUE_PRICE_OFFER,,1,A202212,C2024Q2T07,NSW1-QLD1,QLD1,1,30050
D,RESIDUE_PRICE_OFFER,,1,A202212,C2024Q2T07,NSW1-QLD1,QLD1,1,30100
D,RESIDUE_PRICE_OFFER,,1,A202212,C2024Q2T07,NSW1-QLD1,QLD1,1,30150
D,RESIDUE_PRICE_OFFER,,1,A202212,C2024Q2T07,NSW1-QLD1,QLD1,1,30200
D,RESIDUE_PRICE_OFFER,,1,A202212,C2024Q2T07,NSW1-QLD1,QLD1,1,30250
D,RESIDUE_PRICE_OFFER,,1,A202212,C2024Q2T07,NSW1-QLD1,QLD1,1,30300
D,RESIDUE_PRICE_OFFER,,1,A202212,C2024Q2T07,NSW1-QLD1,QLD1,1,30350
D,RESIDUE_PRICE_OFFER,,1,A202212,C2024Q2T07,NSW1-QLD1,QLD1,1,30400
D,RESIDUE_PRICE_OFFER,,1,A202212,C2024Q2T07,NSW1-QLD1,QLD1,1,30450
D,RESIDUE_PRICE_OFFER,,1,A202212,C2024Q2T07,NSW1-QLD1,QLD1,1,30500
D,RESIDUE_PRICE_OFFER,,1,A202212,C2024Q2T07,NSW1-QLD1,QLD1,3,40931.7160
D,RESIDUE_PRICE_OFFER,,1,A202212,C2024Q2T07,NSW1-QLD1,QLD1,3,47071.4734
D,RESIDUE_PRICE_OFFER,,1,A202212,C2024Q2T07,NSW1-QLD1,QLD1,3,54132.194410
D,RESIDUE_PRICE_OFFER,,1,A202212,C2024Q2T07,NSW1-QLD1,QLD1,3,62252.023570
D,RESIDUE_PRICE_OFFER,,1,A202212,C2024Q2T07,NSW1-QLD1,QLD1,3,71589.827110
D,RESIDUE_PRICE_OFFER,,1,A202212,C2024Q2T07,NSW1-QLD1,QLD1,3,82328.301170
D,RESIDUE_PRICE_OFFER,,1,A202212,C2024Q2T07,NSW1-QLD1,QLD1,30,56970
D,RESIDUE_PRICE_OFFER,,1,A202212,C2024Q2T07,NSW1-QLD1,QLD1,100,0
D,RESIDUE_PRICE_OFFER,,1,A202212,C2024Q2T07,V-SA,SA1,1,9066.67
D,RESIDUE_PRICE_OFFER,,1,A202212,C2024Q2T07,V-SA,SA1,1,9132.67
D,RESIDUE_PRICE_OFFER,,1,A202212,C2024Q2T07,V-SA,SA1,1,9198.67
D,RESIDUE_PRICE_OFFER,,1,A202212,C2024Q2T07,V-SA,SA1,1,9264.67
D,RESIDUE_PRICE_OFFER,,1,A202212,C2024Q2T07,V-SA,SA1,1,9330.67
D,RESIDUE_PRICE_OFFER,,1,A202212,C2024Q2T07,V-SA,SA1,1,9396.67
D,RESIDUE_PRICE_OFFER,,1,A202212,C2024Q2T07,V-SA,SA1,1,9462.67
D,RESIDUE_PRICE_OFFER,,1,A202212,C2024Q2T07,V-SA,SA1,1,9528.67
D,RESIDUE_PRICE_OFFER,,1,A202212,C2024Q2T07,V-SA,SA1,1,9594.67
D,RESIDUE_PRICE_OFFER,,1,A202212,C2024Q2T07,V-SA,SA1,1,9660.67
D,RESIDUE_PRICE_OFFER,,1,A202212,C2024Q2T07,V-SA,SA1,1,9726.67
D,RESIDUE_PRICE_OFFER,,1,A202212,C2024Q2T07,V-SA,SA1,1,9792.67
D,RESIDUE_PRICE_OFFER,,1,A202212,C2024Q2T07,V-SA,SA1,1,9858.67
D,RESIDUE_PRICE_OFFER,,1,A202212,C2024Q2T07,V-SA,SA1,1,9924.67
D,RESIDUE_PRICE_OFFER,,1,A202212,C2024Q2T07,V-SA,SA1,1,9990.67
D,RESIDUE_PRICE_OFFER,,1,A202212,C2024Q2T07,V-SA,SA1,2,10000
D,RESIDUE_PRICE_OFFER,,1,A202212,C2024Q2T07,V-SA,SA1,2,10666.67
D,RESIDUE_PRICE_OFFER,,1,A202212,C2024Q2T07,V-SA,SA1,2,11333.33
D,RESIDUE_PRICE_OFFER,,1,A202212,C2024Q2T07,V-SA,SA1,2,11715.20
D,RESIDUE_PRICE_OFFER,,1,A202212,C2024Q2T07,V-SA,SA1,2,12000
D,RESIDUE_PRICE_OFFER,,1,A202212,C2024Q2T07,V-SA,SA1,2,12666.67
D,RESIDUE_PRICE_OFFER,,1,A202212,C2024Q2T07,V-SA,SA1,2,12886.72
D,RESIDUE_PRICE_OFFER,,1,A202212,C2024Q2T07,V-SA,SA1,2,13333.33
D,RESIDUE_PRICE_OFFER,,1,A202212,C2024Q2T07,V-SA,SA1,2,14000
D,RESIDUE_PRICE_OFFER,,1,A202212,C2024Q2T07,V-SA,SA1,2,14175.3920
D,RESIDUE_PRICE_OFFER,,1,A202212,C2024Q2T07,V-SA,SA1,2,14666.67
D,RESIDUE_PRICE_OFFER,,1,A202212,C2024Q2T07,V-SA,SA1,2,15333.33
D,RESIDUE_PRICE_OFFER,,1,A202212,C2024Q2T07,V-SA,SA1,2,15592.9312
D,RESIDUE_PRICE_OFFER,,1,A202212,C2024Q2T07,V-SA,SA1,2,16000
D,RESIDUE_PRICE_OFFER,,1,A202212,C2024Q2T07,V-SA,SA1,2,17152.224320
D,RESIDUE_PRICE_OFFER,,1,A202212,C2024Q2T07,V-SA,SA1,2,18867.446750
D,RESIDUE_PRICE_OFFER,,1,A202212,C2024Q2T07,V-SA,SA1,64,0
D,RESIDUE_PRICE_OFFER,,1,A202212,C2024Q2T07,V-SA,VIC1,1,25500.99
D,RESIDUE_PRICE_OFFER,,1,A202212,C2024Q2T07,V-SA,VIC1,1,26000.99
D,RESIDUE_PRICE_OFFER,,1,A202212,C2024Q2T07,V-SA,VIC1,1,26500.99
D,RESIDUE_PRICE_OFFER,,1,A202212,C2024Q2T07,V-SA,VIC1,1,27000.99
D,RESIDUE_PRICE_OFFER,,1,A202212,C2024Q2T07,V-SA,VIC1,1,27500.99
D,RESIDUE_PRICE_OFFER,,1,A202212,C2024Q2T07,V-SA,VIC1,1,28000.99
D,RESIDUE_PRICE_OFFER,,1,A202212,C2024Q2T07,V-SA,VIC1,1,28500.99
D,RESIDUE_PRICE_OFFER,,1,A202212,C2024Q2T07,V-SA,VIC1,1,29000.99
D,RESIDUE_PRICE_OFFER,,1,A202212,C2024Q2T07,V-SA,VIC1,1,29500.99
D,RESIDUE_PRICE_OFFER,,1,A202212,C2024Q2T07,V-SA,VIC1,1,30000.99
D,RESIDUE_PRICE_OFFER,,1,A202212,C2024Q2T07,V-SA,VIC1,4,105000
D,RESIDUE_PRICE_OFFER,,1,A202212,C2024Q2T07,V-SA,VIC1,4,125000
D,RESIDUE_PRICE_OFFER,,1,A202212,C2024Q2T07,V-SA,VIC1,4,151143.72
D,RESIDUE_PRICE_OFFER,,1,A202212,C2024Q2T07,V-SA,VIC1,4,162063.72
D,RESIDUE_PRICE_OFFER,,1,A202212,C2024Q2T07,V-SA,VIC1,4,172983.72
D,RESIDUE_PRICE_OFFER,,1,A202212,C2024Q2T07,V-SA,VIC1,4,183903.72
D,RESIDUE_PRICE_OFFER,,1,A202212,C2024Q2T07,V-SA,VIC1,4,194823.72
D,RESIDUE_PRICE_OFFER,,1,A202212,C2024Q2T07,V-SA,VIC1,4,205743.72
D,RESIDUE_PRICE_OFFER,,1,A202212,C2024Q2T07,V-SA,VIC1,4,216663.72
D,RESIDUE_PRICE_OFFER,,1,A202212,C2024Q2T07,V-SA,VIC1,12,140223.72
D,RESIDUE_PRICE_OFFER,,1,A202212,C2024Q2T07,V-SA,VIC1,73,0
D,RESIDUE_PRICE_OFFER,,1,A202212,C2024Q2T07,VIC1-NSW1,NSW1,1,2300.04
D,RESIDUE_PRICE_OFFER,,1,A202212,C2024Q2T07,VIC1-NSW1,NSW1,1,2350.04
D,RESIDUE_PRICE_OFFER,,1,A202212,C2024Q2T07,VIC1-NSW1,NSW1,1,2400.04
D,RESIDUE_PRICE_OFFER,,1,A202212,C2024Q2T07,VIC1-NSW1,NSW1,1,2450.04
D,RESIDUE_PRICE_OFFER,,1,A202212,C2024Q2T07,VIC1-NSW1,NSW1,1,2500.04
D,RESIDUE_PRICE_OFFER,,1,A202212,C2024Q2T07,VIC1-NSW1,NSW1,1,2550.04
D,RESIDUE_PRICE_OFFER,,1,A202212,C2024Q2T07,VIC1-NSW1,NSW1,1,2600.04
D,RESIDUE_PRICE_OFFER,,1,A202212,C2024Q2T07,VIC1-NSW1,NSW1,1,2650.04
D,RESIDUE_PRICE_OFFER,,1,A202212,C2024Q2T07,VIC1-NSW1,NSW1,1,2700.04
D,RESIDUE_PRICE_OFFER,,1,A202212,C2024Q2T07,VIC1-NSW1,NSW1,1,2750.04
D,RESIDUE_PRICE_OFFER,,1,A202212,C2024Q2T07,VIC1-NSW1,NSW1,1,2800.04
D,RESIDUE_PRICE_OFFER,,1,A202212,C2024Q2T07,VIC1-NSW1,NSW1,1,2850.04
D,RESIDUE_PRICE_OFFER,,1,A202212,C2024Q2T07,VIC1-NSW1,NSW1,1,2900.04
D,RESIDUE_PRICE_OFFER,,1,A202212,C2024Q2T07,VIC1-NSW1,NSW1,1,2950.04
D,RESIDUE_PRICE_OFFER,,1,A202212,C2024Q2T07,VIC1-NSW1,NSW1,1,3000.04
D,RESIDUE_PRICE_OFFER,,1,A202212,C2024Q2T07,VIC1-NSW1,NSW1,1,3050.04
D,RESIDUE_PRICE_OFFER,,1,A202212,C2024Q2T07,VIC1-NSW1,NSW1,1,3100.04
D,RESIDUE_PRICE_OFFER,,1,A202212,C2024Q2T07,VIC1-NSW1,NSW1,1,3150.04
D,RESIDUE_PRICE_OFFER,,1,A202212,C2024Q2T07,VIC1-NSW1,NSW1,1,3200.04
D,RESIDUE_PRICE_OFFER,,1,A202212,C2024Q2T07,VIC1-NSW1,NSW1,1,3250.04
D,RESIDUE_PRICE_OFFER,,1,A202212,C2024Q2T07,VIC1-NSW1,NSW1,1,3300.04
D,RESIDUE_PRICE_OFFER,,1,A202212,C2024Q2T07,VIC1-NSW1,NSW1,1,3350.04
D,RESIDUE_PRICE_OFFER,,1,A202212,C2024Q2T07,VIC1-NSW1,NSW1,1,3400.04
D,RESIDUE_PRICE_OFFER,,1,A202212,C2024Q2T07,VIC1-NSW1,NSW1,1,3450.04
D,RESIDUE_PRICE_OFFER,,1,A202212,C2024Q2T07,VIC1-NSW1,NSW1,1,3500.04
D,RESIDUE_PRICE_OFFER,,1,A202212,C2024Q2T07,VIC1-NSW1,NSW1,1,3550.04
D,RESIDUE_PRICE_OFFER,,1,A202212,C2024Q2T07,VIC1-NSW1,NSW1,1,3600.04
D,RESIDUE_PRICE_OFFER,,1,A202212,C2024Q2T07,VIC1-NSW1,NSW1,1,3650.04
D,RESIDUE_PRICE_OFFER,,1,A202212,C2024Q2T07,VIC1-NSW1,NSW1,1,3700.04
D,RESIDUE_PRICE_OFFER,,1,A202212,C2024Q2T07,VIC1-NSW1,NSW1,1,3750.04
D,RESIDUE_PRICE_OFFER,,1,A202212,C2024Q2T07,VIC1-NSW1,NSW1,3,8914.799990
D,RESIDUE_PRICE_OFFER,,1,A202212,C2024Q2T07,VIC1-NSW1,NSW1,3,10252.02
D,RESIDUE_PRICE_OFFER,,1,A202212,C2024Q2T07,VIC1-NSW1,NSW1,3,11789.8230
D,RESIDUE_PRICE_OFFER,,1,A202212,C2024Q2T07,VIC1-NSW1,NSW1,3,13558.296450
D,RESIDUE_PRICE_OFFER,,1,A202212,C2024Q2T07,VIC1-NSW1,NSW1,3,15592.040920
D,RESIDUE_PRICE_OFFER,,1,A202212,C2024Q2T07,VIC1-NSW1,NSW1,3,17930.847060
D,RESIDUE_PRICE_OFFER,,1,A202212,C2024Q2T07,VIC1-NSW1,NSW1,20,13000
D,RESIDUE_PRICE_OFFER,,1,A202212,C2024Q2T07,VIC1-NSW1,NSW1,26,3500
D,RESIDUE_PRICE_OFFER,,1,A202212,C2024Q2T07,VIC1-NSW1,NSW1,108,0
D,RESIDUE_PRICE_OFFER,,1,A202212,C2024Q2T07,VIC1-NSW1,VIC1,1,33066.879990
D,RESIDUE_PRICE_OFFER,,1,A202212,C2024Q2T07,VIC1-NSW1,VIC1,1,33132.879990
D,RESIDUE_PRICE_OFFER,,1,A202212,C2024Q2T07,VIC1-NSW1,VIC1,1,33198.879990
D,RESIDUE_PRICE_OFFER,,1,A202212,C2024Q2T07,VIC1-NSW1,VIC1,1,33264.879990
D,RESIDUE_PRICE_OFFER,,1,A202212,C2024Q2T07,VIC1-NSW1,VIC1,1,33330.879990
D,RESIDUE_PRICE_OFFER,,1,A202212,C2024Q2T07,VIC1-NSW1,VIC1,1,33396.879990
D,RESIDUE_PRICE_OFFER,,1,A202212,C2024Q2T07,VIC1-NSW1,VIC1,1,33462.879990
D,RESIDUE_PRICE_OFFER,,1,A202212,C2024Q2T07,VIC1-NSW1,VIC1,1,33528.879990
D,RESIDUE_PRICE_OFFER,,1,A202212,C2024Q2T07,VIC1-NSW1,VIC1,1,33594.879990
D,RESIDUE_PRICE_OFFER,,1,A202212,C2024Q2T07,VIC1-NSW1,VIC1,1,33660.879990
D,RESIDUE_PRICE_OFFER,,1,A202212,C2024Q2T07,VIC1-NSW1,VIC1,1,33726.879990
D,RESIDUE_PRICE_OFFER,,1,A202212,C2024Q2T07,VIC1-NSW1,VIC1,1,33792.879990
D,RESIDUE_PRICE_OFFER,,1,A202212,C2024Q2T07,VIC1-NSW1,VIC1,1,33858.879990
D,RESIDUE_PRICE_OFFER,,1,A202212,C2024Q2T07,VIC1-NSW1,VIC1,1,33924.879990
D,RESIDUE_PRICE_OFFER,,1,A202212,C2024Q2T07,VIC1-NSW1,VIC1,1,33990.879990
D,RESIDUE_PRICE_OFFER,,1,A202212,C2024Q2T07,VIC1-NSW1,VIC1,3,27000
D,RESIDUE_PRICE_OFFER,,1,A202212,C2024Q2T07,VIC1-NSW1,VIC1,3,29700
D,RESIDUE_PRICE_OFFER,,1,A202212,C2024Q2T07,VIC1-NSW1,VIC1,3,32670
D,RESIDUE_PRICE_OFFER,,1,A202212,C2024Q2T07,VIC1-NSW1,VIC1,3,35937
D,RESIDUE_PRICE_OFFER,,1,A202212,C2024Q2T07,VIC1-NSW1,VIC1,3,39530.699990
D,RESIDUE_PRICE_OFFER,,1,A202212,C2024Q2T07,VIC1-NSW1,VIC1,3,43483.77
D,RESIDUE_PRICE_OFFER,,1,A202212,C2024Q2T07,VIC1-NSW1,VIC1,20,41040
D,RESIDUE_PRICE_OFFER,,1,A202212,C2024Q2T07,VIC1-NSW1,VIC1,125,0
D,RESIDUE_PRICE_OFFER,,1,A202212,C2024Q3T06,NSW1-QLD1,NSW1,1,7033.33
D,RESIDUE_PRICE_OFFER,,1,A202212,C2024Q3T06,NSW1-QLD1,NSW1,1,7066.33
D,RESIDUE_PRICE_OFFER,,1,A202212,C2024Q3T06,NSW1-QLD1,NSW1,1,7099.33
D,RESIDUE_PRICE_OFFER,,1,A202212,C2024Q3T06,NSW1-QLD1,NSW1,2,5168
D,RESIDUE_PRICE_OFFER,,1,A202212,C2024Q3T06,NSW1-QLD1,NSW1,2,5943.20
D,RESIDUE_PRICE_OFFER,,1,A202212,C2024Q3T06,NSW1-QLD1,NSW1,2,6834.68
D,RESIDUE_PRICE_OFFER,,1,A202212,C2024Q3T06,NSW1-QLD1,NSW1,2,7859.8820
D,RESIDUE_PRICE_OFFER,,1,A202212,C2024Q3T06,NSW1-QLD1,NSW1,2,9038.864290
D,RESIDUE_PRICE_OFFER,,1,A202212,C2024Q3T06,NSW1-QLD1,NSW1,2,10394.693950
D,RESIDUE_PRICE_OFFER,,1,A202212,C2024Q3T06,NSW1-QLD1,NSW1,45,0
D,RESIDUE_PRICE_OFFER,,1,A202212,C2024Q3T06,NSW1-QLD1,QLD1,1,30050
D,RESIDUE_PRICE_OFFER,,1,A202212,C2024Q3T06,NSW1-QLD1,QLD1,1,30100
D,RESIDUE_PRICE_OFFER,,1,A202212,C2024Q3T06,NSW1-QLD1,QLD1,1,30150
D,RESIDUE_PRICE_OFFER,,1,A202212,C2024Q3T06,NSW1-QLD1,QLD1,1,30200
D,RESIDUE_PRICE_OFFER,,1,A202212,C2024Q3T06,NSW1-QLD1,QLD1,1,30250
D,RESIDUE_PRICE_OFFER,,1,A202212,C2024Q3T06,NSW1-QLD1,QLD1,1,30300
D,RESIDUE_PRICE_OFFER,,1,A202212,C2024Q3T06,NSW1-QLD1,QLD1,1,30350
D,RESIDUE_PRICE_OFFER,,1,A202212,C2024Q3T06,NSW1-QLD1,QLD1,1,30400
D,RESIDUE_PRICE_OFFER,,1,A202212,C2024Q3T06,NSW1-QLD1,QLD1,1,30450
D,RESIDUE_PRICE_OFFER,,1,A202212,C2024Q3T06,NSW1-QLD1,QLD1,1,30500
D,RESIDUE_PRICE_OFFER,,1,A202212,C2024Q3T06,NSW1-QLD1,QLD1,3,39588.0905
D,RESIDUE_PRICE_OFFER,,1,A202212,C2024Q3T06,NSW1-QLD1,QLD1,3,45526.304080
D,RESIDUE_PRICE_OFFER,,1,A202212,C2024Q3T06,NSW1-QLD1,QLD1,3,52355.249690
D,RESIDUE_PRICE_OFFER,,1,A202212,C2024Q3T06,NSW1-QLD1,QLD1,3,60208.537140
D,RESIDUE_PRICE_OFFER,,1,A202212,C2024Q3T06,NSW1-QLD1,QLD1,3,69239.817710
D,RESIDUE_PRICE_OFFER,,1,A202212,C2024Q3T06,NSW1-QLD1,QLD1,3,79625.790370
D,RESIDUE_PRICE_OFFER,,1,A202212,C2024Q3T06,NSW1-QLD1,QLD1,30,56790
D,RESIDUE_PRICE_OFFER,,1,A202212,C2024Q3T06,NSW1-QLD1,QLD1,100,0
D,RESIDUE_PRICE_OFFER,,1,A202212,C2024Q3T06,V-SA,SA1,1,10000
D,RESIDUE_PRICE_OFFER,,1,A202212,C2024Q3T06,V-SA,SA1,1,10083.67
D,RESIDUE_PRICE_OFFER,,1,A202212,C2024Q3T06,V-SA,SA1,1,10166.67
D,RESIDUE_PRICE_OFFER,,1,A202212,C2024Q3T06,V-SA,SA1,1,10249.67
D,RESIDUE_PRICE_OFFER,,1,A202212,C2024Q3T06,V-SA,SA1,1,10332.67
D,RESIDUE_PRICE_OFFER,,1,A202212,C2024Q3T06,V-SA,SA1,1,10415.67
D,RESIDUE_PRICE_OFFER,,1,A202212,C2024Q3T06,V-SA,SA1,1,10498.67
D,RESIDUE_PRICE_OFFER,,1,A202212,C2024Q3T06,V-SA,SA1,1,10581.67
D,RESIDUE_PRICE_OFFER,,1,A202212,C2024Q3T06,V-SA,SA1,1,10664.67
D,RESIDUE_PRICE_OFFER,,1,A202212,C2024Q3T06,V-SA,SA1,1,10747.67
D,RESIDUE_PRICE_OFFER,,1,A202212,C2024Q3T06,V-SA,SA1,1,10830.67
D,RESIDUE_PRICE_OFFER,,1,A202212,C2024Q3T06,V-SA,SA1,1,10913.67
D,RESIDUE_PRICE_OFFER,,1,A202212,C2024Q3T06,V-SA,SA1,1,10996.67
D,RESIDUE_PRICE_OFFER,,1,A202212,C2024Q3T06,V-SA,SA1,2,10857.14
D,RESIDUE_PRICE_OFFER,,1,A202212,C2024Q3T06,V-SA,SA1,2,11714.29
D,RESIDUE_PRICE_OFFER,,1,A202212,C2024Q3T06,V-SA,SA1,2,12571.43
D,RESIDUE_PRICE_OFFER,,1,A202212,C2024Q3T06,V-SA,SA1,2,12840
D,RESIDUE_PRICE_OFFER,,1,A202212,C2024Q3T06,V-SA,SA1,2,13428.57
D,RESIDUE_PRICE_OFFER,,1,A202212,C2024Q3T06,V-SA,SA1,2,14124
D,RESIDUE_PRICE_OFFER,,1,A202212,C2024Q3T06,V-SA,SA1,2,14285.71
D,RESIDUE_PRICE_OFFER,,1,A202212,C2024Q3T06,V-SA,SA1,2,15142.86
D,RESIDUE_PRICE_OFFER,,1,A202212,C2024Q3T06,V-SA,SA1,2,15536.40
D,RESIDUE_PRICE_OFFER,,1,A202212,C2024Q3T06,V-SA,SA1,2,16000
D,RESIDUE_PRICE_OFFER,,1,A202212,C2024Q3T06,V-SA,SA1,2,17090.04
D,RESIDUE_PRICE_OFFER,,1,A202212,C2024Q3T06,V-SA,SA1,2,18799.0440
D,RESIDUE_PRICE_OFFER,,1,A202212,C2024Q3T06,V-SA,SA1,2,20678.9484
D,RESIDUE_PRICE_OFFER,,1,A202212,C2024Q3T06,V-SA,SA1,64,0
D,RESIDUE_PRICE_OFFER,,1,A202212,C2024Q3T06,V-SA,VIC1,1,25500.99
D,RESIDUE_PRICE_OFFER,,1,A202212,C2024Q3T06,V-SA,VIC1,1,26000.99
D,RESIDUE_PRICE_OFFER,,1,A202212,C2024Q3T06,V-SA,VIC1,1,26500.99
D,RESIDUE_PRICE_OFFER,,1,A202212,C2024Q3T06,V-SA,VIC1,1,27000.99
D,RESIDUE_PRICE_OFFER,,1,A202212,C2024Q3T06,V-SA,VIC1,1,27500.99
D,RESIDUE_PRICE_OFFER,,1,A202212,C2024Q3T06,V-SA,VIC1,1,28000.99
D,RESIDUE_PRICE_OFFER,,1,A202212,C2024Q3T06,V-SA,VIC1,1,28500.99
D,RESIDUE_PRICE_OFFER,,1,A202212,C2024Q3T06,V-SA,VIC1,1,29000.99
D,RESIDUE_PRICE_OFFER,,1,A202212,C2024Q3T06,V-SA,VIC1,1,29500.99
D,RESIDUE_PRICE_OFFER,,1,A202212,C2024Q3T06,V-SA,VIC1,1,30000.99
D,RESIDUE_PRICE_OFFER,,1,A202212,C2024Q3T06,V-SA,VIC1,2,130000
D,RESIDUE_PRICE_OFFER,,1,A202212,C2024Q3T06,V-SA,VIC1,2,144000
D,RESIDUE_PRICE_OFFER,,1,A202212,C2024Q3T06,V-SA,VIC1,2,152859.84
D,RESIDUE_PRICE_OFFER,,1,A202212,C2024Q3T06,V-SA,VIC1,2,163899.84
D,RESIDUE_PRICE_OFFER,,1,A202212,C2024Q3T06,V-SA,VIC1,2,174939.84
D,RESIDUE_PRICE_OFFER,,1,A202212,C2024Q3T06,V-SA,VIC1,2,185979.84
D,RESIDUE_PRICE_OFFER,,1,A202212,C2024Q3T06,V-SA,VIC1,2,197019.84
D,RESIDUE_PRICE_OFFER,,1,A202212,C2024Q3T06,V-SA,VIC1,2,208059.84
D,RESIDUE_PRICE_OFFER,,1,A202212,C2024Q3T06,V-SA,VIC1,2,219099.84
D,RESIDUE_PRICE_OFFER,,1,A202212,C2024Q3T06,V-SA,VIC1,7,141819.84
D,RESIDUE_PRICE_OFFER,,1,A202212,C2024Q3T06,V-SA,VIC1,73,0
D,RESIDUE_PRICE_OFFER,,1,A202212,C2024Q3T06,VIC1-NSW1,NSW1,1,2750.04
D,RESIDUE_PRICE_OFFER,,1,A202212,C2024Q3T06,VIC1-NSW1,NSW1,1,3250.04
D,RESIDUE_PRICE_OFFER,,1,A202212,C2024Q3T06,VIC1-NSW1,NSW1,1,3750.04
D,RESIDUE_PRICE_OFFER,,1,A202212,C2024Q3T06,VIC1-NSW1,NSW1,3,8989.20
D,RESIDUE_PRICE_OFFER,,1,A202212,C2024Q3T06,VIC1-NSW1,NSW1,3,10337.58
D,RESIDUE_PRICE_OFFER,,1,A202212,C2024Q3T06,VIC1-NSW1,NSW1,3,11888.2170
D,RESIDUE_PRICE_OFFER,,1,A202212,C2024Q3T06,VIC1-NSW1,NSW1,3,13671.449550
D,RESIDUE_PRICE_OFFER,,1,A202212,C2024Q3T06,VIC1-NSW1,NSW1,3,15722.166980
D,RESIDUE_PRICE_OFFER,,1,A202212,C2024Q3T06,VIC1-NSW1,NSW1,3,18080.492030
D,RESIDUE_PRICE_OFFER,,1,A202212,C2024Q3T06,VIC1-NSW1,NSW1,10,14000
D,RESIDUE_PRICE_OFFER,,1,A202212,C2024Q3T06,VIC1-NSW1,NSW1,108,0
D,RESIDUE_PRICE_OFFER,,1,A202212,C2024Q3T06,VIC1-NSW1,VIC1,1,33066.879990
D,RESIDUE_PRICE_OFFER,,1,A202212,C2024Q3T06,VIC1-NSW1,VIC1,1,33132.879990
D,RESIDUE_PRICE_OFFER,,1,A202212,C2024Q3T06,VIC1-NSW1,VIC1,1,33198.879990
D,RESIDUE_PRICE_OFFER,,1,A202212,C2024Q3T06,VIC1-NSW1,VIC1,1,33264.879990
D,RESIDUE_PRICE_OFFER,,1,A202212,C2024Q3T06,VIC1-NSW1,VIC1,1,33330.879990
D,RESIDUE_PRICE_OFFER,,1,A202212,C2024Q3T06,VIC1-NSW1,VIC1,1,33396.879990
D,RESIDUE_PRICE_OFFER,,1,A202212,C2024Q3T06,VIC1-NSW1,VIC1,1,33462.879990
D,RESIDUE_PRICE_OFFER,,1,A202212,C2024Q3T06,VIC1-NSW1,VIC1,1,33528.879990
D,RESIDUE_PRICE_OFFER,,1,A202212,C2024Q3T06,VIC1-NSW1,VIC1,1,33594.879990
D,RESIDUE_PRICE_OFFER,,1,A202212,C2024Q3T06,VIC1-NSW1,VIC1,1,33660.879990
D,RESIDUE_PRICE_OFFER,,1,A202212,C2024Q3T06,VIC1-NSW1,VIC1,1,33726.879990
D,RESIDUE_PRICE_OFFER,,1,A202212,C2024Q3T06,VIC1-NSW1,VIC1,1,33792.879990
D,RESIDUE_PRICE_OFFER,,1,A202212,C2024Q3T06,VIC1-NSW1,VIC1,1,33858.879990
D,RESIDUE_PRICE_OFFER,,1,A202212,C2024Q3T06,VIC1-NSW1,VIC1,1,33924.879990
D,RESIDUE_PRICE_OFFER,,1,A202212,C2024Q3T06,VIC1-NSW1,VIC1,1,33990.879990
D,RESIDUE_PRICE_OFFER,,1,A202212,C2024Q3T06,VIC1-NSW1,VIC1,3,27000
D,RESIDUE_PRICE_OFFER,,1,A202212,C2024Q3T06,VIC1-NSW1,VIC1,3,29700
D,RESIDUE_PRICE_OFFER,,1,A202212,C2024Q3T06,VIC1-NSW1,VIC1,3,32670
D,RESIDUE_PRICE_OFFER,,1,A202212,C2024Q3T06,VIC1-NSW1,VIC1,3,35937
D,RESIDUE_PRICE_OFFER,,1,A202212,C2024Q3T06,VIC1-NSW1,VIC1,3,39530.699990
D,RESIDUE_PRICE_OFFER,,1,A202212,C2024Q3T06,VIC1-NSW1,VIC1,3,43483.77
D,RESIDUE_PRICE_OFFER,,1,A202212,C2024Q3T06,VIC1-NSW1,VIC1,20,42930
D,RESIDUE_PRICE_OFFER,,1,A202212,C2024Q3T06,VIC1-NSW1,VIC1,125,0
D,RESIDUE_PRICE_OFFER,,1,A202212,C2024Q4T05,NSW1-QLD1,NSW1,2,19109.679620
D,RESIDUE_PRICE_OFFER,,1,A202212,C2024Q4T05,NSW1-QLD1,NSW1,2,21020.647590
D,RESIDUE_PRICE_OFFER,,1,A202212,C2024Q4T05,NSW1-QLD1,NSW1,2,23122.712350
D,RESIDUE_PRICE_OFFER,,1,A202212,C2024Q4T05,NSW1-QLD1,NSW1,2,25434.983590
D,RESIDUE_PRICE_OFFER,,1,A202212,C2024Q4T05,NSW1-QLD1,NSW1,2,27978.481950
D,RESIDUE_PRICE_OFFER,,1,A202212,C2024Q4T05,NSW1-QLD1,NSW1,2,30776.330140
D,RESIDUE_PRICE_OFFER,,1,A202212,C2024Q4T05,NSW1-QLD1,NSW1,45,0
D,RESIDUE_PRICE_OFFER,,1,A202212,C2024Q4T05,NSW1-QLD1,QLD1,1,18550
D,RESIDUE_PRICE_OFFER,,1,A202212,C2024Q4T05,NSW1-QLD1,QLD1,1,18600
D,RESIDUE_PRICE_OFFER,,1,A202212,C2024Q4T05,NSW1-QLD1,QLD1,1,18650
D,RESIDUE_PRICE_OFFER,,1,A202212,C2024Q4T05,NSW1-QLD1,QLD1,1,18700
D,RESIDUE_PRICE_OFFER,,1,A202212,C2024Q4T05,NSW1-QLD1,QLD1,1,18750
D,RESIDUE_PRICE_OFFER,,1,A202212,C2024Q4T05,NSW1-QLD1,QLD1,1,18800
D,RESIDUE_PRICE_OFFER,,1,A202212,C2024Q4T05,NSW1-QLD1,QLD1,1,18850
D,RESIDUE_PRICE_OFFER,,1,A202212,C2024Q4T05,NSW1-QLD1,QLD1,1,18900
D,RESIDUE_PRICE_OFFER,,1,A202212,C2024Q4T05,NSW1-QLD1,QLD1,1,18950
D,RESIDUE_PRICE_OFFER,,1,A202212,C2024Q4T05,NSW1-QLD1,QLD1,1,19000
D,RESIDUE_PRICE_OFFER,,1,A202212,C2024Q4T05,NSW1-QLD1,QLD1,3,14041.668570
D,RESIDUE_PRICE_OFFER,,1,A202212,C2024Q4T05,NSW1-QLD1,QLD1,3,15445.835430
D,RESIDUE_PRICE_OFFER,,1,A202212,C2024Q4T05,NSW1-QLD1,QLD1,3,16990.418970
D,RESIDUE_PRICE_OFFER,,1,A202212,C2024Q4T05,NSW1-QLD1,QLD1,3,18689.460870
D,RESIDUE_PRICE_OFFER,,1,A202212,C2024Q4T05,NSW1-QLD1,QLD1,3,20558.406960
D,RESIDUE_PRICE_OFFER,,1,A202212,C2024Q4T05,NSW1-QLD1,QLD1,3,22614.247650
D,RESIDUE_PRICE_OFFER,,1,A202212,C2024Q4T05,NSW1-QLD1,QLD1,15,36450
D,RESIDUE_PRICE_OFFER,,1,A202212,C2024Q4T05,NSW1-QLD1,QLD1,100,0
D,RESIDUE_PRICE_OFFER,,1,A202212,C2024Q4T05,V-SA,SA1,1,10000
D,RESIDUE_PRICE_OFFER,,1,A202212,C2024Q4T05,V-SA,SA1,1,10055.67
D,RESIDUE_PRICE_OFFER,,1,A202212,C2024Q4T05,V-SA,SA1,1,10110.67
D,RESIDUE_PRICE_OFFER,,1,A202212,C2024Q4T05,V-SA,SA1,1,10165.67
D,RESIDUE_PRICE_OFFER,,1,A202212,C2024Q4T05,V-SA,SA1,1,10220.67
D,RESIDUE_PRICE_OFFER,,1,A202212,C2024Q4T05,V-SA,SA1,1,10275.67
D,RESIDUE_PRICE_OFFER,,1,A202212,C2024Q4T05,V-SA,SA1,1,10330.67
D,RESIDUE_PRICE_OFFER,,1,A202212,C2024Q4T05,V-SA,SA1,1,10385.67
D,RESIDUE_PRICE_OFFER,,1,A202212,C2024Q4T05,V-SA,SA1,1,10440.67
D,RESIDUE_PRICE_OFFER,,1,A202212,C2024Q4T05,V-SA,SA1,1,10495.67
D,RESIDUE_PRICE_OFFER,,1,A202212,C2024Q4T05,V-SA,SA1,1,10550.67
D,RESIDUE_PRICE_OFFER,,1,A202212,C2024Q4T05,V-SA,SA1,1,10605.67
D,RESIDUE_PRICE_OFFER,,1,A202212,C2024Q4T05,V-SA,SA1,1,10660.67
D,RESIDUE_PRICE_OFFER,,1,A202212,C2024Q4T05,V-SA,SA1,1,10715.67
D,RESIDUE_PRICE_OFFER,,1,A202212,C2024Q4T05,V-SA,SA1,1,10770.67
D,RESIDUE_PRICE_OFFER,,1,A202212,C2024Q4T05,V-SA,SA1,1,10825.67
D,RESIDUE_PRICE_OFFER,,1,A202212,C2024Q4T05,V-SA,SA1,1,10880.67
D,RESIDUE_PRICE_OFFER,,1,A202212,C2024Q4T05,V-SA,SA1,1,10935.67
D,RESIDUE_PRICE_OFFER,,1,A202212,C2024Q4T05,V-SA,SA1,1,10990.67
D,RESIDUE_PRICE_OFFER,,1,A202212,C2024Q4T05,V-SA,SA1,2,5845.783330
D,RESIDUE_PRICE_OFFER,,1,A202212,C2024Q4T05,V-SA,SA1,2,6254.988160
D,RESIDUE_PRICE_OFFER,,1,A202212,C2024Q4T05,V-SA,SA1,2,6692.837330
D,RESIDUE_PRICE_OFFER,,1,A202212,C2024Q4T05,V-SA,SA1,2,7161.335950
D,RESIDUE_PRICE_OFFER,,1,A202212,C2024Q4T05,V-SA,SA1,2,7662.629460
D,RESIDUE_PRICE_OFFER,,1,A202212,C2024Q4T05,V-SA,SA1,2,8199.013530
D,RESIDUE_PRICE_OFFER,,1,A202212,C2024Q4T05,V-SA,SA1,2,10857.14
D,RESIDUE_PRICE_OFFER,,1,A202212,C2024Q4T05,V-SA,SA1,2,11714.29
D,RESIDUE_PRICE_OFFER,,1,A202212,C2024Q4T05,V-SA,SA1,2,12571.43
D,RESIDUE_PRICE_OFFER,,1,A202212,C2024Q4T05,V-SA,SA1,2,13428.57
D,RESIDUE_PRICE_OFFER,,1,A202212,C2024Q4T05,V-SA,SA1,2,14285.71
D,RESIDUE_PRICE_OFFER,,1,A202212,C2024Q4T05,V-SA,SA1,2,15142.86
D,RESIDUE_PRICE_OFFER,,1,A202212,C2024Q4T05,V-SA,SA1,2,16000
D,RESIDUE_PRICE_OFFER,,1,A202212,C2024Q4T05,V-SA,SA1,64,0
D,RESIDUE_PRICE_OFFER,,1,A202212,C2024Q4T05,V-SA,VIC1,3,100000
D,RESIDUE_PRICE_OFFER,,1,A202212,C2024Q4T05,V-SA,VIC1,3,125000
D,RESIDUE_PRICE_OFFER,,1,A202212,C2024Q4T05,V-SA,VIC1,3,150000
D,RESIDUE_PRICE_OFFER,,1,A202212,C2024Q4T05,V-SA,VIC1,3,175000
D,RESIDUE_PRICE_OFFER,,1,A202212,C2024Q4T05,V-SA,VIC1,6,50000
D,RESIDUE_PRICE_OFFER,,1,A202212,C2024Q4T05,V-SA,VIC1,8,75000
D,RESIDUE_PRICE_OFFER,,1,A202212,C2024Q4T05,V-SA,VIC1,73,0
D,RESIDUE_PRICE_OFFER,,1,A202212,C2024Q4T05,VIC1-NSW1,NSW1,3,2120
D,RESIDUE_PRICE_OFFER,,1,A202212,C2024Q4T05,VIC1-NSW1,NSW1,3,2332
D,RESIDUE_PRICE_OFFER,,1,A202212,C2024Q4T05,VIC1-NSW1,NSW1,3,2565.199990
D,RESIDUE_PRICE_OFFER,,1,A202212,C2024Q4T05,VIC1-NSW1,NSW1,3,2821.72
D,RESIDUE_PRICE_OFFER,,1,A202212,C2024Q4T05,VIC1-NSW1,NSW1,3,3103.8920
D,RESIDUE_PRICE_OFFER,,1,A202212,C2024Q4T05,VIC1-NSW1,NSW1,3,3414.2812
D,RESIDUE_PRICE_OFFER,,1,A202212,C2024Q4T05,VIC1-NSW1,NSW1,108,0
D,RESIDUE_PRICE_OFFER,,1,A202212,C2024Q4T05,VIC1-NSW1,VIC1,1,33066.879990
D,RESIDUE_PRICE_OFFER,,1,A202212,C2024Q4T05,VIC1-NSW1,VIC1,1,33132.879990
D,RESIDUE_PRICE_OFFER,,1,A202212,C2024Q4T05,VIC1-NSW1,VIC1,1,33198.879990
D,RESIDUE_PRICE_OFFER,,1,A202212,C2024Q4T05,VIC1-NSW1,VIC1,1,33264.879990
D,RESIDUE_PRICE_OFFER,,1,A202212,C2024Q4T05,VIC1-NSW1,VIC1,1,33330.879990
D,RESIDUE_PRICE_OFFER,,1,A202212,C2024Q4T05,VIC1-NSW1,VIC1,1,33396.879990
D,RESIDUE_PRICE_OFFER,,1,A202212,C2024Q4T05,VIC1-NSW1,VIC1,1,33462.879990
D,RESIDUE_PRICE_OFFER,,1,A202212,C2024Q4T05,VIC1-NSW1,VIC1,1,33528.879990
D,RESIDUE_PRICE_OFFER,,1,A202212,C2024Q4T05,VIC1-NSW1,VIC1,1,33594.879990
D,RESIDUE_PRICE_OFFER,,1,A202212,C2024Q4T05,VIC1-NSW1,VIC1,1,33660.879990
D,RESIDUE_PRICE_OFFER,,1,A202212,C2024Q4T05,VIC1-NSW1,VIC1,1,33726.879990
D,RESIDUE_PRICE_OFFER,,1,A202212,C2024Q4T05,VIC1-NSW1,VIC1,1,33792.879990
D,RESIDUE_PRICE_OFFER,,1,A202212,C2024Q4T05,VIC1-NSW1,VIC1,1,33858.879990
D,RESIDUE_PRICE_OFFER,,1,A202212,C2024Q4T05,VIC1-NSW1,VIC1,1,33924.879990
D,RESIDUE_PRICE_OFFER,,1,A202212,C2024Q4T05,VIC1-NSW1,VIC1,1,33990.879990
D,RESIDUE_PRICE_OFFER,,1,A202212,C2024Q4T05,VIC1-NSW1,VIC1,13,35370
D,RESIDUE_PRICE_OFFER,,1,A202212,C2024Q4T05,VIC1-NSW1,VIC1,125,0
D,RESIDUE_PRICE_OFFER,,1,A202212,C2025Q1T04,NSW1-QLD1,NSW1,1,15050.33
D,RESIDUE_PRICE_OFFER,,1,A202212,C2025Q1T04,NSW1-QLD1,NSW1,1,15100.33
D,RESIDUE_PRICE_OFFER,,1,A202212,C2025Q1T04,NSW1-QLD1,NSW1,45,0
D,RESIDUE_PRICE_OFFER,,1,A202212,C2025Q1T04,NSW1-QLD1,QLD1,1,18620
D,RESIDUE_PRICE_OFFER,,1,A202212,C2025Q1T04,NSW1-QLD1,QLD1,1,18740
D,RESIDUE_PRICE_OFFER,,1,A202212,C2025Q1T04,NSW1-QLD1,QLD1,1,18860
D,RESIDUE_PRICE_OFFER,,1,A202212,C2025Q1T04,NSW1-QLD1,QLD1,1,18980
D,RESIDUE_PRICE_OFFER,,1,A202212,C2025Q1T04,NSW1-QLD1,QLD1,1,19100
D,RESIDUE_PRICE_OFFER,,1,A202212,C2025Q1T04,NSW1-QLD1,QLD1,1,19220
D,RESIDUE_PRICE_OFFER,,1,A202212,C2025Q1T04,NSW1-QLD1,QLD1,1,19340
D,RESIDUE_PRICE_OFFER,,1,A202212,C2025Q1T04,NSW1-QLD1,QLD1,1,19460
D,RESIDUE_PRICE_OFFER,,1,A202212,C2025Q1T04,NSW1-QLD1,QLD1,1,19580
D,RESIDUE_PRICE_OFFER,,1,A202212,C2025Q1T04,NSW1-QLD1,QLD1,1,19700
D,RESIDUE_PRICE_OFFER,,1,A202212,C2025Q1T04,NSW1-QLD1,QLD1,1,19820
D,RESIDUE_PRICE_OFFER,,1,A202212,C2025Q1T04,NSW1-QLD1,QLD1,1,19940
D,RESIDUE_PRICE_OFFER,,1,A202212,C2025Q1T04,NSW1-QLD1,QLD1,1,20060
D,RESIDUE_PRICE_OFFER,,1,A202212,C2025Q1T04,NSW1-QLD1,QLD1,1,20180
D,RESIDUE_PRICE_OFFER,,1,A202212,C2025Q1T04,NSW1-QLD1,QLD1,1,20300
D,RESIDUE_PRICE_OFFER,,1,A202212,C2025Q1T04,NSW1-QLD1,QLD1,1,20420
D,RESIDUE_PRICE_OFFER,,1,A202212,C2025Q1T04,NSW1-QLD1,QLD1,1,20540
D,RESIDUE_PRICE_OFFER,,1,A202212,C2025Q1T04,NSW1-QLD1,QLD1,1,20660
D,RESIDUE_PRICE_OFFER,,1,A202212,C2025Q1T04,NSW1-QLD1,QLD1,1,20780
D,RESIDUE_PRICE_OFFER,,1,A202212,C2025Q1T04,NSW1-QLD1,QLD1,1,20900
D,RESIDUE_PRICE_OFFER,,1,A202212,C2025Q1T04,NSW1-QLD1,QLD1,1,21020
D,RESIDUE_PRICE_OFFER,,1,A202212,C2025Q1T04,NSW1-QLD1,QLD1,1,21140
D,RESIDUE_PRICE_OFFER,,1,A202212,C2025Q1T04,NSW1-QLD1,QLD1,1,21260
D,RESIDUE_PRICE_OFFER,,1,A202212,C2025Q1T04,NSW1-QLD1,QLD1,1,21380
D,RESIDUE_PRICE_OFFER,,1,A202212,C2025Q1T04,NSW1-QLD1,QLD1,1,21500
D,RESIDUE_PRICE_OFFER,,1,A202212,C2025Q1T04,NSW1-QLD1,QLD1,100,0
D,RESIDUE_PRICE_OFFER,,1,A202212,C2025Q1T04,V-SA,SA1,64,0
D,RESIDUE_PRICE_OFFER,,1,A202212,C2025Q1T04,V-SA,VIC1,1,40333.99
D,RESIDUE_PRICE_OFFER,,1,A202212,C2025Q1T04,V-SA,VIC1,1,40666.99
D,RESIDUE_PRICE_OFFER,,1,A202212,C2025Q1T04,V-SA,VIC1,1,40999.99
D,RESIDUE_PRICE_OFFER,,1,A202212,C2025Q1T04,V-SA,VIC1,1,218916
D,RESIDUE_PRICE_OFFER,,1,A202212,C2025Q1T04,V-SA,VIC1,4,132516
D,RESIDUE_PRICE_OFFER,,1,A202212,C2025Q1T04,V-SA,VIC1,4,143316
D,RESIDUE_PRICE_OFFER,,1,A202212,C2025Q1T04,V-SA,VIC1,4,154116
D,RESIDUE_PRICE_OFFER,,1,A202212,C2025Q1T04,V-SA,VIC1,4,164916
D,RESIDUE_PRICE_OFFER,,1,A202212,C2025Q1T04,V-SA,VIC1,4,175716
D,RESIDUE_PRICE_OFFER,,1,A202212,C2025Q1T04,V-SA,VIC1,4,186516
D,RESIDUE_PRICE_OFFER,,1,A202212,C2025Q1T04,V-SA,VIC1,4,197316
D,RESIDUE_PRICE_OFFER,,1,A202212,C2025Q1T04,V-SA,VIC1,4,208116
D,RESIDUE_PRICE_OFFER,,1,A202212,C2025Q1T04,V-SA,VIC1,11,121716
D,RESIDUE_PRICE_OFFER,,1,A202212,C2025Q1T04,V-SA,VIC1,73,0
D,RESIDUE_PRICE_OFFER,,1,A202212,C2025Q1T04,VIC1-NSW1,NSW1,1,6000.04
D,RESIDUE_PRICE_OFFER,,1,A202212,C2025Q1T04,VIC1-NSW1,NSW1,108,0
D,RESIDUE_PRICE_OFFER,,1,A202212,C2025Q1T04,VIC1-NSW1,VIC1,1,30100.88
D,RESIDUE_PRICE_OFFER,,1,A202212,C2025Q1T04,VIC1-NSW1,VIC1,1,30200.88
D,RESIDUE_PRICE_OFFER,,1,A202212,C2025Q1T04,VIC1-NSW1,VIC1,1,30300.88
D,RESIDUE_PRICE_OFFER,,1,A202212,C2025Q1T04,VIC1-NSW1,VIC1,1,30400.88
D,RESIDUE_PRICE_OFFER,,1,A202212,C2025Q1T04,VIC1-NSW1,VIC1,1,30500.88
D,RESIDUE_PRICE_OFFER,,1,A202212,C2025Q1T04,VIC1-NSW1,VIC1,1,30600.88
D,RESIDUE_PRICE_OFFER,,1,A202212,C2025Q1T04,VIC1-NSW1,VIC1,1,30700.88
D,RESIDUE_PRICE_OFFER,,1,A202212,C2025Q1T04,VIC1-NSW1,VIC1,1,30800.88
D,RESIDUE_PRICE_OFFER,,1,A202212,C2025Q1T04,VIC1-NSW1,VIC1,1,30900.88
D,RESIDUE_PRICE_OFFER,,1,A202212,C2025Q1T04,VIC1-NSW1,VIC1,1,31000.88
D,RESIDUE_PRICE_OFFER,,1,A202212,C2025Q1T04,VIC1-NSW1,VIC1,25,50000
D,RESIDUE_PRICE_OFFER,,1,A202212,C2025Q1T04,VIC1-NSW1,VIC1,125,0
D,RESIDUE_PRICE_OFFER,,1,A202212,C2025Q2T03,NSW1-QLD1,NSW1,1,7014.33
D,RESIDUE_PRICE_OFFER,,1,A202212,C2025Q2T03,NSW1-QLD1,NSW1,1,7028.33
D,RESIDUE_PRICE_OFFER,,1,A202212,C2025Q2T03,NSW1-QLD1,NSW1,1,7042.33
D,RESIDUE_PRICE_OFFER,,1,A202212,C2025Q2T03,NSW1-QLD1,NSW1,1,7056.33
D,RESIDUE_PRICE_OFFER,,1,A202212,C2025Q2T03,NSW1-QLD1,NSW1,1,7070.33
D,RESIDUE_PRICE_OFFER,,1,A202212,C2025Q2T03,NSW1-QLD1,NSW1,1,7084.33
D,RESIDUE_PRICE_OFFER,,1,A202212,C2025Q2T03,NSW1-QLD1,NSW1,1,7098.33
D,RESIDUE_PRICE_OFFER,,1,A202212,C2025Q2T03,NSW1-QLD1,NSW1,45,0
D,RESIDUE_PRICE_OFFER,,1,A202212,C2025Q2T03,NSW1-QLD1,QLD1,1,28025
D,RESIDUE_PRICE_OFFER,,1,A202212,C2025Q2T03,NSW1-QLD1,QLD1,1,28050
D,RESIDUE_PRICE_OFFER,,1,A202212,C2025Q2T03,NSW1-QLD1,QLD1,1,28075
D,RESIDUE_PRICE_OFFER,,1,A202212,C2025Q2T03,NSW1-QLD1,QLD1,1,28100
D,RESIDUE_PRICE_OFFER,,1,A202212,C2025Q2T03,NSW1-QLD1,QLD1,100,0
D,RESIDUE_PRICE_OFFER,,1,A202212,C2025Q2T03,V-SA,SA1,1,10090.67
D,RESIDUE_PRICE_OFFER,,1,A202212,C2025Q2T03,V-SA,SA1,1,10180.67
D,RESIDUE_PRICE_OFFER,,1,A202212,C2025Q2T03,V-SA,SA1,1,10270.67
D,RESIDUE_PRICE_OFFER,,1,A202212,C2025Q2T03,V-SA,SA1,1,10360.67
D,RESIDUE_PRICE_OFFER,,1,A202212,C2025Q2T03,V-SA,SA1,1,10450.67
D,RESIDUE_PRICE_OFFER,,1,A202212,C2025Q2T03,V-SA,SA1,1,10540.67
D,RESIDUE_PRICE_OFFER,,1,A202212,C2025Q2T03,V-SA,SA1,1,10630.67
D,RESIDUE_PRICE_OFFER,,1,A202212,C2025Q2T03,V-SA,SA1,1,10720.67
D,RESIDUE_PRICE_OFFER,,1,A202212,C2025Q2T03,V-SA,SA1,1,10810.67
D,RESIDUE_PRICE_OFFER,,1,A202212,C2025Q2T03,V-SA,SA1,1,10900.67
D,RESIDUE_PRICE_OFFER,,1,A202212,C2025Q2T03,V-SA,SA1,1,10990.67
D,RESIDUE_PRICE_OFFER,,1,A202212,C2025Q2T03,V-SA,SA1,64,0
D,RESIDUE_PRICE_OFFER,,1,A202212,C2025Q2T03,V-SA,VIC1,2,135058.56
D,RESIDUE_PRICE_OFFER,,1,A202212,C2025Q2T03,V-SA,VIC1,2,145978.56
D,RESIDUE_PRICE_OFFER,,1,A202212,C2025Q2T03,V-SA,VIC1,2,156898.56
D,RESIDUE_PRICE_OFFER,,1,A202212,C2025Q2T03,V-SA,VIC1,2,167818.56
D,RESIDUE_PRICE_OFFER,,1,A202212,C2025Q2T03,V-SA,VIC1,2,178738.56
D,RESIDUE_PRICE_OFFER,,1,A202212,C2025Q2T03,V-SA,VIC1,2,189658.56
D,RESIDUE_PRICE_OFFER,,1,A202212,C2025Q2T03,V-SA,VIC1,2,200578.56
D,RESIDUE_PRICE_OFFER,,1,A202212,C2025Q2T03,V-SA,VIC1,2,211498.56
D,RESIDUE_PRICE_OFFER,,1,A202212,C2025Q2T03,V-SA,VIC1,2,222418.56
D,RESIDUE_PRICE_OFFER,,1,A202212,C2025Q2T03,V-SA,VIC1,8,124138.56
D,RESIDUE_PRICE_OFFER,,1,A202212,C2025Q2T03,V-SA,VIC1,73,0
D,RESIDUE_PRICE_OFFER,,1,A202212,C2025Q2T03,VIC1-NSW1,NSW1,1,2500.04
D,RESIDUE_PRICE_OFFER,,1,A202212,C2025Q2T03,VIC1-NSW1,NSW1,1,2750.04
D,RESIDUE_PRICE_OFFER,,1,A202212,C2025Q2T03,VIC1-NSW1,NSW1,1,3000.04
D,RESIDUE_PRICE_OFFER,,1,A202212,C2025Q2T03,VIC1-NSW1,NSW1,1,3250.04
D,RESIDUE_PRICE_OFFER,,1,A202212,C2025Q2T03,VIC1-NSW1,NSW1,1,3500.04
D,RESIDUE_PRICE_OFFER,,1,A202212,C2025Q2T03,VIC1-NSW1,NSW1,1,3750.04
D,RESIDUE_PRICE_OFFER,,1,A202212,C2025Q2T03,VIC1-NSW1,NSW1,108,0
D,RESIDUE_PRICE_OFFER,,1,A202212,C2025Q2T03,VIC1-NSW1,VIC1,1,30100.88
D,RESIDUE_PRICE_OFFER,,1,A202212,C2025Q2T03,VIC1-NSW1,VIC1,1,30200.88
D,RESIDUE_PRICE_OFFER,,1,A202212,C2025Q2T03,VIC1-NSW1,VIC1,1,30300.88
D,RESIDUE_PRICE_OFFER,,1,A202212,C2025Q2T03,VIC1-NSW1,VIC1,1,30400.88
D,RESIDUE_PRICE_OFFER,,1,A202212,C2025Q2T03,VIC1-NSW1,VIC1,1,30500.88
D,RESIDUE_PRICE_OFFER,,1,A202212,C2025Q2T03,VIC1-NSW1,VIC1,1,30600.88
D,RESIDUE_PRICE_OFFER,,1,A202212,C2025Q2T03,VIC1-NSW1,VIC1,1,30700.88
D,RESIDUE_PRICE_OFFER,,1,A202212,C2025Q2T03,VIC1-NSW1,VIC1,1,30800.88
D,RESIDUE_PRICE_OFFER,,1,A202212,C2025Q2T03,VIC1-NSW1,VIC1,1,30900.88
D,RESIDUE_PRICE_OFFER,,1,A202212,C2025Q2T03,VIC1-NSW1,VIC1,1,31000.88
D,RESIDUE_PRICE_OFFER,,1,A202212,C2025Q2T03,VIC1-NSW1,VIC1,125,0
D,RESIDUE_PRICE_OFFER,,1,A202212,C2025Q3T02,NSW1-QLD1,NSW1,45,0
D,RESIDUE_PRICE_OFFER,,1,A202212,C2025Q3T02,NSW1-QLD1,QLD1,1,28020
D,RESIDUE_PRICE_OFFER,,1,A202212,C2025Q3T02,NSW1-QLD1,QLD1,1,28040
D,RESIDUE_PRICE_OFFER,,1,A202212,C2025Q3T02,NSW1-QLD1,QLD1,1,28060
D,RESIDUE_PRICE_OFFER,,1,A202212,C2025Q3T02,NSW1-QLD1,QLD1,1,28080
D,RESIDUE_PRICE_OFFER,,1,A202212,C2025Q3T02,NSW1-QLD1,QLD1,1,28100
D,RESIDUE_PRICE_OFFER,,1,A202212,C2025Q3T02,NSW1-QLD1,QLD1,100,0
D,RESIDUE_PRICE_OFFER,,1,A202212,C2025Q3T02,V-SA,SA1,1,10066.67
D,RESIDUE_PRICE_OFFER,,1,A202212,C2025Q3T02,V-SA,SA1,1,10132.67
D,RESIDUE_PRICE_OFFER,,1,A202212,C2025Q3T02,V-SA,SA1,1,10198.67
D,RESIDUE_PRICE_OFFER,,1,A202212,C2025Q3T02,V-SA,SA1,1,10264.67
D,RESIDUE_PRICE_OFFER,,1,A202212,C2025Q3T02,V-SA,SA1,1,10330.67
D,RESIDUE_PRICE_OFFER,,1,A202212,C2025Q3T02,V-SA,SA1,1,10396.67
D,RESIDUE_PRICE_OFFER,,1,A202212,C2025Q3T02,V-SA,SA1,1,10462.67
D,RESIDUE_PRICE_OFFER,,1,A202212,C2025Q3T02,V-SA,SA1,1,10528.67
D,RESIDUE_PRICE_OFFER,,1,A202212,C2025Q3T02,V-SA,SA1,1,10594.67
D,RESIDUE_PRICE_OFFER,,1,A202212,C2025Q3T02,V-SA,SA1,1,10660.67
D,RESIDUE_PRICE_OFFER,,1,A202212,C2025Q3T02,V-SA,SA1,1,10726.67
D,RESIDUE_PRICE_OFFER,,1,A202212,C2025Q3T02,V-SA,SA1,1,10792.67
D,RESIDUE_PRICE_OFFER,,1,A202212,C2025Q3T02,V-SA,SA1,1,10858.67
D,RESIDUE_PRICE_OFFER,,1,A202212,C2025Q3T02,V-SA,SA1,1,10924.67
D,RESIDUE_PRICE_OFFER,,1,A202212,C2025Q3T02,V-SA,SA1,1,10990.67
D,RESIDUE_PRICE_OFFER,,1,A202212,C2025Q3T02,V-SA,SA1,64,0
D,RESIDUE_PRICE_OFFER,,1,A202212,C2025Q3T02,V-SA,VIC1,1,126518.40
D,RESIDUE_PRICE_OFFER,,1,A202212,C2025Q3T02,V-SA,VIC1,1,137558.40
D,RESIDUE_PRICE_OFFER,,1,A202212,C2025Q3T02,V-SA,VIC1,1,148598.40
D,RESIDUE_PRICE_OFFER,,1,A202212,C2025Q3T02,V-SA,VIC1,1,159638.40
D,RESIDUE_PRICE_OFFER,,1,A202212,C2025Q3T02,V-SA,VIC1,1,170678.40
D,RESIDUE_PRICE_OFFER,,1,A202212,C2025Q3T02,V-SA,VIC1,1,181718.40
D,RESIDUE_PRICE_OFFER,,1,A202212,C2025Q3T02,V-SA,VIC1,1,192758.40
D,RESIDUE_PRICE_OFFER,,1,A202212,C2025Q3T02,V-SA,VIC1,1,203798.40
D,RESIDUE_PRICE_OFFER,,1,A202212,C2025Q3T02,V-SA,VIC1,1,214838.40
D,RESIDUE_PRICE_OFFER,,1,A202212,C2025Q3T02,V-SA,VIC1,3,115478.40
D,RESIDUE_PRICE_OFFER,,1,A202212,C2025Q3T02,V-SA,VIC1,73,0
D,RESIDUE_PRICE_OFFER,,1,A202212,C2025Q3T02,VIC1-NSW1,NSW1,1,2333.04
D,RESIDUE_PRICE_OFFER,,1,A202212,C2025Q3T02,VIC1-NSW1,NSW1,1,2416.04
D,RESIDUE_PRICE_OFFER,,1,A202212,C2025Q3T02,VIC1-NSW1,NSW1,1,2499.04
D,RESIDUE_PRICE_OFFER,,1,A202212,C2025Q3T02,VIC1-NSW1,NSW1,1,2582.04
D,RESIDUE_PRICE_OFFER,,1,A202212,C2025Q3T02,VIC1-NSW1,NSW1,1,2665.04
D,RESIDUE_PRICE_OFFER,,1,A202212,C2025Q3T02,VIC1-NSW1,NSW1,1,2748.04
D,RESIDUE_PRICE_OFFER,,1,A202212,C2025Q3T02,VIC1-NSW1,NSW1,1,2831.04
D,RESIDUE_PRICE_OFFER,,1,A202212,C2025Q3T02,VIC1-NSW1,NSW1,1,2914.04
D,RESIDUE_PRICE_OFFER,,1,A202212,C2025Q3T02,VIC1-NSW1,NSW1,1,2997.04
D,RESIDUE_PRICE_OFFER,,1,A202212,C2025Q3T02,VIC1-NSW1,NSW1,1,3080.04
D,RESIDUE_PRICE_OFFER,,1,A202212,C2025Q3T02,VIC1-NSW1,NSW1,1,3163.04
D,RESIDUE_PRICE_OFFER,,1,A202212,C2025Q3T02,VIC1-NSW1,NSW1,1,3246.04
D,RESIDUE_PRICE_OFFER,,1,A202212,C2025Q3T02,VIC1-NSW1,NSW1,1,3329.04
D,RESIDUE_PRICE_OFFER,,1,A202212,C2025Q3T02,VIC1-NSW1,NSW1,1,3412.04
D,RESIDUE_PRICE_OFFER,,1,A202212,C2025Q3T02,VIC1-NSW1,NSW1,1,3495.04
D,RESIDUE_PRICE_OFFER,,1,A202212,C2025Q3T02,VIC1-NSW1,NSW1,1,3578.04
D,RESIDUE_PRICE_OFFER,,1,A202212,C2025Q3T02,VIC1-NSW1,NSW1,1,3661.04
D,RESIDUE_PRICE_OFFER,,1,A202212,C2025Q3T02,VIC1-NSW1,NSW1,1,3744.04
D,RESIDUE_PRICE_OFFER,,1,A202212,C2025Q3T02,VIC1-NSW1,NSW1,108,0
D,RESIDUE_PRICE_OFFER,,1,A202212,C2025Q3T02,VIC1-NSW1,VIC1,1,30100.88
D,RESIDUE_PRICE_OFFER,,1,A202212,C2025Q3T02,VIC1-NSW1,VIC1,1,30200.88
D,RESIDUE_PRICE_OFFER,,1,A202212,C2025Q3T02,VIC1-NSW1,VIC1,1,30300.88
D,RESIDUE_PRICE_OFFER,,1,A202212,C2025Q3T02,VIC1-NSW1,VIC1,1,30400.88
D,RESIDUE_PRICE_OFFER,,1,A202212,C2025Q3T02,VIC1-NSW1,VIC1,1,30500.88
D,RESIDUE_PRICE_OFFER,,1,A202212,C2025Q3T02,VIC1-NSW1,VIC1,1,30600.88
D,RESIDUE_PRICE_OFFER,,1,A202212,C2025Q3T02,VIC1-NSW1,VIC1,1,30700.88
D,RESIDUE_PRICE_OFFER,,1,A202212,C2025Q3T02,VIC1-NSW1,VIC1,1,30800.88
D,RESIDUE_PRICE_OFFER,,1,A202212,C2025Q3T02,VIC1-NSW1,VIC1,1,30900.88
D,RESIDUE_PRICE_OFFER,,1,A202212,C2025Q3T02,VIC1-NSW1,VIC1,1,31000.88
D,RESIDUE_PRICE_OFFER,,1,A202212,C2025Q3T02,VIC1-NSW1,VIC1,125,0
D,RESIDUE_PRICE_OFFER,,1,A202212,C2025Q4T01,NSW1-QLD1,NSW1,45,0
D,RESIDUE_PRICE_OFFER,,1,A202212,C2025Q4T01,NSW1-QLD1,QLD1,100,0
D,RESIDUE_PRICE_OFFER,,1,A202212,C2025Q4T01,V-SA,SA1,64,0
D,RESIDUE_PRICE_OFFER,,1,A202212,C2025Q4T01,V-SA,VIC1,73,0
D,RESIDUE_PRICE_OFFER,,1,A202212,C2025Q4T01,VIC1-NSW1,NSW1,108,0
D,RESIDUE_PRICE_OFFER,,1,A202212,C2025Q4T01,VIC1-NSW1,VIC1,125,0
C,"END OF REPORT",1702
