Unnamed: 0,VIC1-NSW1:VIC1,C2027Q3,3.0,18303.0,152.0,125.0,0.822368,19770.13,fill_rate_based_v1,63.71,75.33,HOLD,0.416,1467.13,8.02,0.27,0.51,Unnamed: 18,Unnamed: 19,Unnamed: 20,Unnamed: 21,Unnamed: 22,Unnamed: 23,Unnamed: 24,timestamp,product_id,quarter,tranche,market_price_aud,units_offered,units_sold,fill_rate,fair_value_aud,fair_value_model,fill_rate_percentile,volume_percentile,recommendation,confidence,spread_aud,spread_pct,fill_rate_signal,volume_signal,realized_price_24h,realized_price_7d,realized_price_quarter_end,markout_24h_pct,markout_7d_pct,recommendation_correct_24h,recommendation_correct_7d
2026-07-11T09:26:38.139132Z,NSW1-QLD1:NSW1,C2027Q3,3.0,5055.51,62.0,62.0,1.0,5444.78,fill_rate_based_v1,66.67,60.33,HOLD,0.437,389.27,7.7,0.33,0.21,,,,,,,,,,,,,,,,,,,,,,,,,,,,,,,,
2026-07-11T09:26:38.149938Z,NSW1-QLD1:QLD1,C2027Q3,3.0,33771.85,135.0,108.0,0.8,36332.88,fill_rate_based_v1,63.33,72.5,HOLD,0.406,2561.03,7.58,0.27,0.45,,,,,,,,,,,,,,,,,,,,,,,,,,,,,,,,
2026-07-11T09:26:38.160506Z,V-SA:SA1,C2027Q3,3.0,5414.85,70.0,70.0,1.0,5839.01,fill_rate_based_v1,66.67,61.67,HOLD,0.439,424.16,7.83,0.33,0.23,,,,,,,,,,,,,,,,,,,,,,,,,,,,,,,,
2026-07-11T09:26:38.171432Z,V-SA:VIC1,C2027Q3,3.0,11503.0,75.0,73.0,0.973333,12393.2,fill_rate_based_v1,66.22,62.5,HOLD,0.434,890.2,7.74,0.32,0.25,,,,,,,,,,,,,,,,,,,,,,,,,,,,,,,,
2026-07-11T09:26:38.201160Z,VIC1-NSW1:NSW1,C2027Q3,3.0,2976.22,108.0,108.0,1.0,3228.21,fill_rate_based_v1,66.67,68.0,HOLD,0.449,251.99,8.47,0.33,0.36,,,,,,,,,,,,,,,,,,,,,,,,,,,,,,,,
2026-07-11T09:26:38.219891Z,VIC1-NSW1:VIC1,C2027Q3,3.0,18303.0,152.0,125.0,0.822368,19770.13,fill_rate_based_v1,63.71,75.33,HOLD,0.416,1467.13,8.02,0.27,0.51,,,,,,,,,,,,,,,,,,,,,,,,,,,,,,,,
2026-07-11T09:26:38.242586Z,NSW1-QLD1:NSW1,C2027Q3,3.0,5055.51,62.0,62.0,1.0,5444.78,fill_rate_based_v1,66.67,60.33,HOLD,0.437,389.27,7.7,0.33,0.21,,,,,,,,,,,,,,,,,,,,,,,,,,,,,,,,
2026-07-11T09:26:38.253911Z,NSW1-QLD1:QLD1,C2027Q3,3.0,33771.85,135.0,108.0,0.8,36332.88,fill_rate_based_v1,63.33,72.5,HOLD,0.406,2561.03,7.58,0.27,0.45,,,,,,,,,,,,,,,,,,,,,,,,,,,,,,,,
2026-07-11T09:26:38.265567Z,V-SA:SA1,C2027Q3,3.0,5414.85,70.0,70.0,1.0,5839.01,fill_rate_based_v1,66.67,61.67,HOLD,0.439,424.16,7.83,0.33,0.23,,,,,,,,,,,,,,,,,,,,,,,,,,,,,,,,
2026-07-11T09:26:38.280423Z,V-SA:VIC1,C2027Q3,3.0,11503.0,65.0,63.0,0.969231,12370.89,fill_rate_based_v1,66.15,60.83,HOLD,0.43,867.89,7.54,0.32,0.22,,,,,,,,,,,,,,,,,,,,,,,,,,,,,,,,
2026-07-11T09:26:38.294793Z,VIC1-NSW1:NSW1,C2027Q3,3.0,2976.22,108.0,108.0,1.0,3228.21,fill_rate_based_v1,66.67,68.0,HOLD,0.449,251.99,8.47,0.33,0.36,,,,,,,,,,,,,,,,,,,,,,,,,,,,,,,,
2026-07-11T09:26:38.308061Z,VIC1-NSW1:VIC1,C2027Q3,3.0,18303.0,147.0,120.0,0.816327,19747.51,fill_rate_based_v1,63.61,74.5,HOLD,0.413,1444.51,7.89,0.27,0.49,,,,,,,,,,,,,,,,,,,,,,,,,,,,,,,,
2026-07-11T09:26:38.319893Z,NSW1-QLD1:NSW1,C2027Q3,3.0,5055.51,62.0,62.0,1.0,5444.78,fill_rate_based_v1,66.67,60.33,HOLD,0.437,389.27,7.7,0.33,0.21,,,,,,,,,,,,,,,,,,,,,,,,,,,,,,,,
2026-07-11T09:26:38.331380Z,NSW1-QLD1:QLD1,C2027Q3,3.0,33771.85,135.0,108.0,0.8,36332.88,fill_rate_based_v1,63.33,72.5,HOLD,0.406,2561.03,7.58,0.27,0.45,,,,,,,,,,,,,,,,,,,,,,,,,,,,,,,,
2026-07-11T09:26:38.342595Z,V-SA:SA1,C2027Q3,3.0,5414.85,70.0,70.0,1.0,5839.01,fill_rate_based_v1,66.67,61.67,HOLD,0.439,424.16,7.83,0.33,0.23,,,,,,,,,,,,,,,,,,,,,,,,,,,,,,,,
2026-07-11T09:26:38.353893Z,V-SA:VIC1,C2027Q3,3.0,11503.0,65.0,63.0,0.969231,12370.89,fill_rate_based_v1,66.15,60.83,HOLD,0.43,867.89,7.54,0.32,0.22,,,,,,,,,,,,,,,,,,,,,,,,,,,,,,,,
2026-07-11T09:26:38.365067Z,VIC1-NSW1:NSW1,C2027Q3,3.0,2976.22,108.0,108.0,1.0,3228.21,fill_rate_based_v1,66.67,68.0,HOLD,0.449,251.99,8.47,0.33,0.36,,,,,,,,,,,,,,,,,,,,,,,,,,,,,,,,
2026-07-11T09:26:38.376429Z,VIC1-NSW1:VIC1,C2027Q3,3.0,18303.0,147.0,120.0,0.816327,19747.51,fill_rate_based_v1,63.61,74.5,HOLD,0.413,1444.51,7.89,0.27,0.49,,,,,,,,,,,,,,,,,,,,,,,,,,,,,,,,
2026-07-11T09:26:38.388443Z,NSW1-QLD1:NSW1,C2027Q3,3.0,5055.51,62.0,62.0,1.0,5444.78,fill_rate_based_v1,66.67,60.33,HOLD,0.437,389.27,7.7,0.33,0.21,,,,,,,,,,,,,,,,,,,,,,,,,,,,,,,,
2026-07-11T09:26:38.400116Z,NSW1-QLD1:QLD1,C2027Q3,3.0,33771.85,135.0,108.0,0.8,36332.88,fill_rate_based_v1,63.33,72.5,HOLD,0.406,2561.03,7.58,0.27,0.45,,,,,,,,,,,,,,,,,,,,,,,,,,,,,,,,
2026-07-11T09:26:38.411720Z,V-SA:SA1,C2027Q3,3.0,5414.85,70.0,70.0,1.0,5839.01,fill_rate_based_v1,66.67,61.67,HOLD,0.439,424.16,7.83,0.33,0.23,,,,,,,,,,,,,,,,,,,,,,,,,,,,,,,,
2026-07-11T09:26:38.423570Z,V-SA:VIC1,C2027Q3,3.0,11503.0,65.0,63.0,0.969231,12370.89,fill_rate_based_v1,66.15,60.83,HOLD,0.43,867.89,7.54,0.32,0.22,,,,,,,,,,,,,,,,,,,,,,,,,,,,,,,,
2026-07-11T09:26:38.438276Z,VIC1-NSW1:NSW1,C2027Q3,3.0,2976.22,108.0,108.0,1.0,3228.21,fill_rate_based_v1,66.67,68.0,HOLD,0.449,251.99,8.47,0.33,0.36,,,,,,,,,,,,,,,,,,,,,,,,,,,,,,,,
2026-07-11T09:26:38.449933Z,VIC1-NSW1:VIC1,C2027Q3,3.0,18303.0,147.0,120.0,0.816327,19747.51,fill_rate_based_v1,63.61,74.5,HOLD,0.413,1444.51,7.89,0.27,0.49,,,,,,,,,,,,,,,,,,,,,,,,,,,,,,,,
2026-07-11T09:26:38.461768Z,NSW1-QLD1:NSW1,C2027Q3,3.0,5055.51,62.0,62.0,1.0,5444.78,fill_rate_based_v1,66.67,60.33,HOLD,0.437,389.27,7.7,0.33,0.21,,,,,,,,,,,,,,,,,,,,,,,,,,,,,,,,
2026-07-11T09:26:38.473327Z,NSW1-QLD1:QLD1,C2027Q3,3.0,33771.85,135.0,108.0,0.8,36332.88,fill_rate_based_v1,63.33,72.5,HOLD,0.406,2561.03,7.58,0.27,0.45,,,,,,,,,,,,,,,,,,,,,,,,,,,,,,,,
2026-07-11T09:26:38.485185Z,V-SA:SA1,C2027Q3,3.0,5414.85,70.0,70.0,1.0,5839.01,fill_rate_based_v1,66.67,61.67,HOLD,0.439,424.16,7.83,0.33,0.23,,,,,,,,,,,,,,,,,,,,,,,,,,,,,,,,
2026-07-11T09:26:38.496814Z,V-SA:VIC1,C2027Q3,3.0,11503.0,65.0,63.0,0.969231,12370.89,fill_rate_based_v1,66.15,60.83,HOLD,0.43,867.89,7.54,0.32,0.22,,,,,,,,,,,,,,,,,,,,,,,,,,,,,,,,
2026-07-11T09:26:38.508305Z,VIC1-NSW1:NSW1,C2027Q3,3.0,2976.22,108.0,108.0,1.0,3228.21,fill_rate_based_v1,66.67,68.0,HOLD,0.449,251.99,8.47,0.33,0.36,,,,,,,,,,,,,,,,,,,,,,,,,,,,,,,,
2026-07-11T09:26:38.519641Z,VIC1-NSW1:VIC1,C2027Q3,3.0,18303.0,147.0,120.0,0.816327,19747.51,fill_rate_based_v1,63.61,74.5,HOLD,0.413,1444.51,7.89,0.27,0.49,,,,,,,,,,,,,,,,,,,,,,,,,,,,,,,,
2026-07-11T09:26:38.531212Z,NSW1-QLD1:NSW1,C2027Q3,3.0,5055.51,62.0,62.0,1.0,5444.78,fill_rate_based_v1,66.67,60.33,HOLD,0.437,389.27,7.7,0.33,0.21,,,,,,,,,,,,,,,,,,,,,,,,,,,,,,,,
2026-07-11T09:26:38.543075Z,NSW1-QLD1:QLD1,C2027Q3,3.0,33771.85,135.0,108.0,0.8,36332.88,fill_rate_based_v1,63.33,72.5,HOLD,0.406,2561.03,7.58,0.27,0.45,,,,,,,,,,,,,,,,,,,,,,,,,,,,,,,,
2026-07-11T09:26:38.554257Z,V-SA:SA1,C2027Q3,3.0,5414.85,70.0,70.0,1.0,5839.01,fill_rate_based_v1,66.67,61.67,HOLD,0.439,424.16,7.83,0.33,0.23,,,,,,,,,,,,,,,,,,,,,,,,,,,,,,,,
2026-07-11T09:26:38.565157Z,V-SA:VIC1,C2027Q3,3.0,11503.0,65.0,63.0,0.969231,12370.89,fill_rate_based_v1,66.15,60.83,HOLD,0.43,867.89,7.54,0.32,0.22,,,,,,,,,,,,,,,,,,,,,,,,,,,,,,,,
2026-07-11T09:26:38.576884Z,VIC1-NSW1:NSW1,C2027Q3,3.0,2976.22,108.0,108.0,1.0,3228.21,fill_rate_based_v1,66.67,68.0,HOLD,0.449,251.99,8.47,0.33,0.36,,,,,,,,,,,,,,,,,,,,,,,,,,,,,,,,
2026-07-11T09:26:38.588407Z,VIC1-NSW1:VIC1,C2027Q3,3.0,18303.0,147.0,120.0,0.816327,19747.51,fill_rate_based_v1,63.61,74.5,HOLD,0.413,1444.51,7.89,0.27,0.49,,,,,,,,,,,,,,,,,,,,,,,,,,,,,,,,
2026-07-11T09:26:38.601101Z,NSW1-QLD1:NSW1,C2027Q3,4.0,4496.2,62.0,62.0,1.0,4842.41,fill_rate_based_v1,66.67,60.33,HOLD,0.437,346.21,7.7,0.33,0.21,,,,,,,,,,,,,,,,,,,,,,,,,,,,,,,,
2026-07-11T09:26:38.612258Z,NSW1-QLD1:QLD1,C2027Q3,4.0,29350.32,133.0,108.0,0.81203,31589.81,fill_rate_based_v1,63.53,72.17,HOLD,0.409,2239.49,7.63,0.27,0.44,,,,,,,,,,,,,,,,,,,,,,,,,,,,,,,,
2026-07-11T09:26:38.623334Z,V-SA:SA1,C2027Q3,4.0,4753.0,64.0,64.0,1.0,5120.57,fill_rate_based_v1,66.67,60.67,HOLD,0.438,367.57,7.73,0.33,0.21,,,,,,,,,,,,,,,,,,,,,,,,,,,,,,,,
2026-07-11T09:26:38.634242Z,V-SA:VIC1,C2027Q3,4.0,10753.0,75.0,73.0,0.973333,11585.16,fill_rate_based_v1,66.22,62.5,HOLD,0.434,832.16,7.74,0.32,0.25,,,,,,,,,,,,,,,,,,,,,,,,,,,,,,,,
2026-07-11T09:26:38.645550Z,VIC1-NSW1:NSW1,C2027Q3,4.0,2989.18,109.0,109.0,1.0,3242.76,fill_rate_based_v1,66.67,68.17,HOLD,0.449,253.58,8.48,0.33,0.36,,,,,,,,,,,,,,,,,,,,,,,,,,,,,,,,
2026-07-11T09:26:38.656858Z,VIC1-NSW1:VIC1,C2027Q3,4.0,16472.7,150.0,125.0,0.833333,17799.67,fill_rate_based_v1,63.89,75.0,HOLD,0.418,1326.97,8.06,0.28,0.5,,,,,,,,,,,,,,,,,,,,,,,,,,,,,,,,
2026-07-11T09:26:38.668320Z,NSW1-QLD1:NSW1,C2027Q3,4.0,4496.2,62.0,62.0,1.0,4842.41,fill_rate_based_v1,66.67,60.33,HOLD,0.437,346.21,7.7,0.33,0.21,,,,,,,,,,,,,,,,,,,,,,,,,,,,,,,,
2026-07-11T09:26:38.680030Z,NSW1-QLD1:QLD1,C2027Q3,4.0,29350.32,133.0,108.0,0.81203,31589.81,fill_rate_based_v1,63.53,72.17,HOLD,0.409,2239.49,7.63,0.27,0.44,,,,,,,,,,,,,,,,,,,,,,,,,,,,,,,,
2026-07-11T09:26:38.692707Z,V-SA:SA1,C2027Q3,4.0,4753.0,64.0,64.0,1.0,5120.57,fill_rate_based_v1,66.67,60.67,HOLD,0.438,367.57,7.73,0.33,0.21,,,,,,,,,,,,,,,,,,,,,,,,,,,,,,,,
2026-07-11T09:26:38.705674Z,V-SA:VIC1,C2027Q3,4.0,10753.0,75.0,73.0,0.973333,11585.16,fill_rate_based_v1,66.22,62.5,HOLD,0.434,832.16,7.74,0.32,0.25,,,,,,,,,,,,,,,,,,,,,,,,,,,,,,,,
2026-07-11T09:26:38.719748Z,VIC1-NSW1:NSW1,C2027Q3,4.0,2989.18,93.0,93.0,1.0,3234.79,fill_rate_based_v1,66.67,65.5,HOLD,0.445,245.61,8.22,0.33,0.31,,,,,,,,,,,,,,,,,,,,,,,,,,,,,,,,
2026-07-11T09:26:38.730984Z,VIC1-NSW1:VIC1,C2027Q3,4.0,16472.7,145.0,120.0,0.827586,17779.63,fill_rate_based_v1,63.79,74.17,HOLD,0.415,1306.93,7.93,0.28,0.48,,,,,,,,,,,,,,,,,,,,,,,,,,,,,,,,
2026-07-11T09:26:38.742539Z,NSW1-QLD1:NSW1,C2027Q3,4.0,4496.2,62.0,62.0,1.0,4842.41,fill_rate_based_v1,66.67,60.33,HOLD,0.437,346.21,7.7,0.33,0.21,,,,,,,,,,,,,,,,,,,,,,,,,,,,,,,,
2026-07-11T09:26:38.753610Z,NSW1-QLD1:QLD1,C2027Q3,4.0,29350.32,133.0,108.0,0.81203,31589.81,fill_rate_based_v1,63.53,72.17,HOLD,0.409,2239.49,7.63,0.27,0.44,,,,,,,,,,,,,,,,,,,,,,,,,,,,,,,,
2026-07-11T09:26:38.765557Z,V-SA:SA1,C2027Q3,4.0,4753.0,64.0,64.0,1.0,5120.57,fill_rate_based_v1,66.67,60.67,HOLD,0.438,367.57,7.73,0.33,0.21,,,,,,,,,,,,,,,,,,,,,,,,,,,,,,,,
2026-07-11T09:26:38.776968Z,V-SA:VIC1,C2027Q3,4.0,10753.0,75.0,73.0,0.973333,11585.16,fill_rate_based_v1,66.22,62.5,HOLD,0.434,832.16,7.74,0.32,0.25,,,,,,,,,,,,,,,,,,,,,,,,,,,,,,,,
2026-07-11T09:26:38.788213Z,VIC1-NSW1:NSW1,C2027Q3,4.0,2989.18,93.0,93.0,1.0,3234.79,fill_rate_based_v1,66.67,65.5,HOLD,0.445,245.61,8.22,0.33,0.31,,,,,,,,,,,,,,,,,,,,,,,,,,,,,,,,
2026-07-11T09:26:38.799455Z,VIC1-NSW1:VIC1,C2027Q3,4.0,16472.7,145.0,120.0,0.827586,17779.63,fill_rate_based_v1,63.79,74.17,HOLD,0.415,1306.93,7.93,0.28,0.48,,,,,,,,,,,,,,,,,,,,,,,,,,,,,,,,
2026-07-11T09:26:38.811020Z,NSW1-QLD1:NSW1,C2027Q3,4.0,4496.2,62.0,62.0,1.0,4842.41,fill_rate_based_v1,66.67,60.33,HOLD,0.437,346.21,7.7,0.33,0.21,,,,,,,,,,,,,,,,,,,,,,,,,,,,,,,,
2026-07-11T09:26:38.821958Z,NSW1-QLD1:QLD1,C2027Q3,4.0,29350.32,133.0,108.0,0.81203,31589.81,fill_rate_based_v1,63.53,72.17,HOLD,0.409,2239.49,7.63,0.27,0.44,,,,,,,,,,,,,,,,,,,,,,,,,,,,,,,,
2026-07-11T09:26:38.832889Z,V-SA:SA1,C2027Q3,4.0,4753.0,64.0,64.0,1.0,5120.57,fill_rate_based_v1,66.67,60.67,HOLD,0.438,367.57,7.73,0.33,0.21,,,,,,,,,,,,,,,,,,,,,,,,,,,,,,,,
2026-07-11T09:26:38.845583Z,V-SA:VIC1,C2027Q3,4.0,10753.0,75.0,73.0,0.973333,11585.16,fill_rate_based_v1,66.22,62.5,HOLD,0.434,832.16,7.74,0.32,0.25,,,,,,,,,,,,,,,,,,,,,,,,,,,,,,,,
2026-07-11T09:26:38.857004Z,VIC1-NSW1:NSW1,C2027Q3,4.0,2989.18,93.0,93.0,1.0,3234.79,fill_rate_based_v1,66.67,65.5,HOLD,0.445,245.61,8.22,0.33,0.31,,,,,,,,,,,,,,,,,,,,,,,,,,,,,,,,
2026-07-11T09:26:38.869561Z,VIC1-NSW1:VIC1,C2027Q3,4.0,16472.7,145.0,120.0,0.827586,17779.63,fill_rate_based_v1,63.79,74.17,HOLD,0.415,1306.93,7.93,0.28,0.48,,,,,,,,,,,,,,,,,,,,,,,,,,,,,,,,
2026-07-11T09:26:38.883615Z,NSW1-QLD1:NSW1,C2027Q3,4.0,4496.2,62.0,62.0,1.0,4842.41,fill_rate_based_v1,66.67,60.33,HOLD,0.437,346.21,7.7,0.33,0.21,,,,,,,,,,,,,,,,,,,,,,,,,,,,,,,,
2026-07-11T09:26:38.895058Z,NSW1-QLD1:QLD1,C2027Q3,4.0,29350.32,133.0,108.0,0.81203,31589.81,fill_rate_based_v1,63.53,72.17,HOLD,0.409,2239.49,7.63,0.27,0.44,,,,,,,,,,,,,,,,,,,,,,,,,,,,,,,,
2026-07-11T09:26:38.906278Z,V-SA:SA1,C2027Q3,4.0,4753.0,64.0,64.0,1.0,5120.57,fill_rate_based_v1,66.67,60.67,HOLD,0.438,367.57,7.73,0.33,0.21,,,,,,,,,,,,,,,,,,,,,,,,,,,,,,,,
2026-07-11T09:26:38.918091Z,V-SA:VIC1,C2027Q3,4.0,10753.0,75.0,73.0,0.973333,11585.16,fill_rate_based_v1,66.22,62.5,HOLD,0.434,832.16,7.74,0.32,0.25,,,,,,,,,,,,,,,,,,,,,,,,,,,,,,,,
2026-07-11T09:26:38.929753Z,VIC1-NSW1:NSW1,C2027Q3,4.0,2989.18,93.0,93.0,1.0,3234.79,fill_rate_based_v1,66.67,65.5,HOLD,0.445,245.61,8.22,0.33,0.31,,,,,,,,,,,,,,,,,,,,,,,,,,,,,,,,
2026-07-11T09:26:38.941244Z,VIC1-NSW1:VIC1,C2027Q3,4.0,16472.7,145.0,120.0,0.827586,17779.63,fill_rate_based_v1,63.79,74.17,HOLD,0.415,1306.93,7.93,0.28,0.48,,,,,,,,,,,,,,,,,,,,,,,,,,,,,,,,
2026-07-11T09:26:38.956926Z,NSW1-QLD1:NSW1,C2027Q3,4.0,4496.2,62.0,62.0,1.0,4842.41,fill_rate_based_v1,66.67,60.33,HOLD,0.437,346.21,7.7,0.33,0.21,,,,,,,,,,,,,,,,,,,,,,,,,,,,,,,,
2026-07-11T09:26:38.968272Z,NSW1-QLD1:QLD1,C2027Q3,4.0,29350.32,133.0,108.0,0.81203,31589.81,fill_rate_based_v1,63.53,72.17,HOLD,0.409,2239.49,7.63,0.27,0.44,,,,,,,,,,,,,,,,,,,,,,,,,,,,,,,,
2026-07-11T09:26:38.984615Z,V-SA:SA1,C2027Q3,4.0,4753.0,64.0,64.0,1.0,5120.57,fill_rate_based_v1,66.67,60.67,HOLD,0.438,367.57,7.73,0.33,0.21,,,,,,,,,,,,,,,,,,,,,,,,,,,,,,,,
2026-07-11T09:26:38.996512Z,V-SA:VIC1,C2027Q3,4.0,10753.0,75.0,73.0,0.973333,11585.16,fill_rate_based_v1,66.22,62.5,HOLD,0.434,832.16,7.74,0.32,0.25,,,,,,,,,,,,,,,,,,,,,,,,,,,,,,,,
2026-07-11T09:26:39.008515Z,VIC1-NSW1:NSW1,C2027Q3,4.0,2989.18,93.0,93.0,1.0,3234.79,fill_rate_based_v1,66.67,65.5,HOLD,0.445,245.61,8.22,0.33,0.31,,,,,,,,,,,,,,,,,,,,,,,,,,,,,,,,
2026-07-11T09:26:39.020063Z,VIC1-NSW1:VIC1,C2027Q3,4.0,16472.7,145.0,120.0,0.827586,17779.63,fill_rate_based_v1,63.79,74.17,HOLD,0.415,1306.93,7.93,0.28,0.48,,,,,,,,,,,,,,,,,,,,,,,,,,,,,,,,
2026-07-11T09:26:39.032455Z,NSW1-QLD1:NSW1,C2027Q3,4.0,4496.2,62.0,62.0,1.0,4842.41,fill_rate_based_v1,66.67,60.33,HOLD,0.437,346.21,7.7,0.33,0.21,,,,,,,,,,,,,,,,,,,,,,,,,,,,,,,,
2026-07-11T09:26:39.043792Z,NSW1-QLD1:QLD1,C2027Q3,4.0,29350.32,133.0,108.0,0.81203,31589.81,fill_rate_based_v1,63.53,72.17,HOLD,0.409,2239.49,7.63,0.27,0.44,,,,,,,,,,,,,,,,,,,,,,,,,,,,,,,,
2026-07-11T09:26:39.055204Z,V-SA:SA1,C2027Q3,4.0,4753.0,61.0,61.0,1.0,5118.19,fill_rate_based_v1,66.67,60.17,HOLD,0.437,365.19,7.68,0.33,0.2,,,,,,,,,,,,,,,,,,,,,,,,,,,,,,,,
2026-07-11T09:26:39.066510Z,V-SA:VIC1,C2027Q3,4.0,10753.0,73.0,71.0,0.972603,11581.05,fill_rate_based_v1,66.21,62.17,HOLD,0.433,828.05,7.7,0.32,0.24,,,,,,,,,,,,,,,,,,,,,,,,,,,,,,,,
2026-07-11T09:26:39.078189Z,VIC1-NSW1:NSW1,C2027Q3,4.0,2989.18,92.0,92.0,1.0,3234.29,fill_rate_based_v1,66.67,65.33,HOLD,0.445,245.11,8.2,0.33,0.31,,,,,,,,,,,,,,,,,,,,,,,,,,,,,,,,
2026-07-11T09:26:39.090014Z,VIC1-NSW1:VIC1,C2027Q3,4.0,16472.7,145.0,120.0,0.827586,17779.63,fill_rate_based_v1,63.79,74.17,HOLD,0.415,1306.93,7.93,0.28,0.48,,,,,,,,,,,,,,,,,,,,,,,,,,,,,,,,
2026-07-11T09:26:39.101825Z,NSW1-QLD1:NSW1,C2027Q3,4.0,4496.2,62.0,62.0,1.0,4842.41,fill_rate_based_v1,66.67,60.33,HOLD,0.437,346.21,7.7,0.33,0.21,,,,,,,,,,,,,,,,,,,,,,,,,,,,,,,,
2026-07-11T09:26:39.113861Z,NSW1-QLD1:QLD1,C2027Q3,4.0,29350.32,133.0,108.0,0.81203,31589.81,fill_rate_based_v1,63.53,72.17,HOLD,0.409,2239.49,7.63,0.27,0.44,,,,,,,,,,,,,,,,,,,,,,,,,,,,,,,,
2026-07-11T09:26:39.125472Z,V-SA:SA1,C2027Q3,4.0,4753.0,61.0,61.0,1.0,5118.19,fill_rate_based_v1,66.67,60.17,HOLD,0.437,365.19,7.68,0.33,0.2,,,,,,,,,,,,,,,,,,,,,,,,,,,,,,,,
2026-07-11T09:26:39.137149Z,V-SA:VIC1,C2027Q3,4.0,10753.0,73.0,71.0,0.972603,11581.05,fill_rate_based_v1,66.21,62.17,HOLD,0.433,828.05,7.7,0.32,0.24,,,,,,,,,,,,,,,,,,,,,,,,,,,,,,,,
2026-07-11T09:26:39.148518Z,VIC1-NSW1:NSW1,C2027Q3,4.0,2989.18,92.0,92.0,1.0,3234.29,fill_rate_based_v1,66.67,65.33,HOLD,0.445,245.11,8.2,0.33,0.31,,,,,,,,,,,,,,,,,,,,,,,,,,,,,,,,
2026-07-11T09:26:39.160406Z,VIC1-NSW1:VIC1,C2027Q3,4.0,16472.7,145.0,120.0,0.827586,17779.63,fill_rate_based_v1,63.79,74.17,HOLD,0.415,1306.93,7.93,0.28,0.48,,,,,,,,,,,,,,,,,,,,,,,,,,,,,,,,
2026-07-11T09:26:39.172649Z,NSW1-QLD1:NSW1,C2027Q3,5.0,3935.2,70.0,62.0,0.885714,4213.47,fill_rate_based_v1,64.76,61.67,HOLD,0.411,278.27,7.07,0.3,0.23,,,,,,,,,,,,,,,,,,,,,,,,,,,,,,,,
2026-07-11T09:26:39.184317Z,NSW1-QLD1:QLD1,C2027Q3,5.0,29920.66,131.0,108.0,0.824427,32218.42,fill_rate_based_v1,63.74,71.83,HOLD,0.411,2297.76,7.68,0.27,0.44,,,,,,,,,,,,,,,,,,,,,,,,,,,,,,,,
2026-07-11T09:26:39.195833Z,V-SA:SA1,C2027Q3,5.0,4100.18,68.0,64.0,0.941176,4403.91,fill_rate_based_v1,65.69,61.33,HOLD,0.424,303.73,7.41,0.31,0.23,,,,,,,,,,,,,,,,,,,,,,,,,,,,,,,,
2026-07-11T09:26:39.207649Z,V-SA:VIC1,C2027Q3,5.0,9961.7,100.0,73.0,0.73,10612.53,fill_rate_based_v1,62.17,66.67,,,,,,,,,,,,,,,,,,,,,,,,,,,,,,,,,,,,,,
2026-07-11T11:32:08.503012Z,VIC1-NSW1:NSW1,C2024Q4,11.0,1544.45,212.0,124.0,0.584906,1457.81,fill_rate_based_v2_global_percentile,26.92,86.22,AVOID,0.571,-86.64,-5.61,-0.46,0.72,,,,,,,,,,,,,,,,,,,,,,,,,,,,,,,,
2026-07-11T11:32:08.528378Z,VIC1-NSW1:VIC1,C2028Q1,3.0,11910.6,120.0,108.0,0.9,12845.94,fill_rate_based_v2_global_percentile,68.59,54.17,HOLD,0.456,935.34,7.85,0.37,0.08,,,,,,,,,,,,,,,,,,,,,,,,,,,,,,,,
99,,,,,,,,,,,,,,,,,,,,,,,,,,,,,,,,,,,,,,,,,,,,,,,,,
2026-07-11T11:32:08.552712Z,NSW1-QLD1:NSW1,C2028Q1,4.0,13104.0,69.0,62.0,0.898551,13650.04,fill_rate_based_v2_global_percentile,68.27,18.59,HOLD,0.445,546.04,4.17,0.37,-0.63,,,,,,,,,,,,,,,,,,,,,,,,,,,,,,,,
,,,,,,,,,,,,,,,,,,,,,,,,,,,,,,,,,,,,,,,,,,,,,,,,,
2026-07-11T11:32:08.572536Z,NSW1-QLD1:QLD1,C2028Q1,4.0,19656.0,111.0,108.0,0.972973,21545.92,fill_rate_based_v2_global_percentile,75.32,44.87,BUY,0.55,1889.92,9.61,0.51,-0.1,,,,,,,,,,,,,,,,,,,,,,,,,,,,,,,,
,,,,,,,,,,,,,,,,,,,,,,,,,,,,,,,,,,,,,,,,,,,,,,,,,
2026-07-11T11:32:08.593316Z,V-SA:SA1,C2028Q1,4.0,2806.0,64.0,64.0,1.0,3267.36,fill_rate_based_v2_global_percentile,100.0,14.42,BUY,0.915,461.36,16.44,1.0,-0.71,,,,,,,,,,,,,,,,,,,,,,,,,,,,,,,,
49,,,,,,,,,,,,,,,,,,,,,,,,,,,,,,,,,,,,,,,,,,,,,,,,,
2026-07-11T11:32:08.613214Z,V-SA:VIC1,C2028Q1,4.0,10003.0,144.0,73.0,0.506944,8794.14,fill_rate_based_v2_global_percentile,15.38,67.63,AVOID,0.714,-1208.86,-12.08,-0.69,0.35,,,,,,,,,,,,,,,,,,,,,,,,,,,,,,,,
2026-07-11T11:32:08.633972Z,VIC1-NSW1:NSW1,C2028Q1,4.0,3503.0,143.0,108.0,0.755245,3553.55,fill_rate_based_v2_global_percentile,49.36,66.99,WATCH,0.21,50.55,1.44,-0.01,0.34,,,,,,,,,,,,,,,,,,,,,,,,,,,,,,,,
,,,,,,,,,,,,,,,,,,,,,,,,,,,,,,,,,,,,,,,,,,,,,,,,,
2026-07-11T11:32:08.654195Z,VIC1-NSW1:VIC1,C2028Q1,4.0,7146.36,180.0,125.0,0.694444,7109.84,fill_rate_based_v2_global_percentile,41.67,78.21,WATCH,0.341,-36.52,-0.51,-0.17,0.56,,,,,,,,,,,,,,,,,,,,,,,,,,,,,,,,
,,,,,,,,,,,,,,,,,,,,,,,,,,,,,,,,,,,,,,,,,,,,,,,,,
2026-07-11T11:32:08.670446Z,NSW1-QLD1:NSW1,C2025Q1,10.0,22989.0,77.0,45.0,0.584416,20240.44,fill_rate_based_v2_global_percentile,26.6,24.04,AVOID,0.521,-2748.56,-11.96,-0.47,-0.52,,,,,,,,,,,,,,,,,,,,,,,,,,,,,,,,
2026-07-11T11:32:08.694873Z,NSW1-QLD1:QLD1,C2028Q2,1.0,30360.0,108.0,108.0,1.0,36208.25,fill_rate_based_v2_global_percentile,100.0,42.63,BUY,0.915,5848.25,19.26,1.0,-0.15,,,,,,,,,,,,,,,,,,,,,,,,,,,,,,,,
64,,,,,,,,,,,,,,,,,,,,,,,,,,,,,,,,,,,,,,,,,,,,,,,,,
2026-07-11T11:32:08.715300Z,V-SA:SA1,C2025Q1,10.0,6803.0,118.0,78.0,0.661017,6515.1,fill_rate_based_v2_global_percentile,38.78,52.56,AVOID,0.345,-287.9,-4.23,-0.22,0.05,,,,,,,,,,,,,,,,,,,,,,,,,,,,,,,,
2026-07-11T11:32:08.736404Z,V-SA:VIC1,C2025Q1,10.0,25000.0,113.0,73.0,0.646018,23637.75,fill_rate_based_v2_global_percentile,37.18,46.79,AVOID,0.365,-1362.25,-5.45,-0.26,-0.06,,,,,,,,,,,,,,,,,,,,,,,,,,,,,,,,
2026-07-11T11:32:08.756056Z,VIC1-NSW1:NSW1,C2025Q1,10.0,5072.76,200.0,112.0,0.56,4693.98,fill_rate_based_v2_global_percentile,23.08,83.01,AVOID,0.623,-378.78,-7.47,-0.54,0.66,,,,,,,,,,,,,,,,,,,,,,,,,,,,,,,,
2026-07-11T11:32:08.776900Z,VIC1-NSW1:VIC1,C2025Q1,10.0,19005.0,265.0,133.0,0.501887,17134.72,fill_rate_based_v2_global_percentile,14.42,93.91,AVOID,0.767,-1870.28,-9.84,-0.71,0.88,,,,,,,,,,,,,,,,,,,,,,,,,,,,,,,,
2026-07-11T11:32:08.797507Z,NSW1-QLD1:NSW1,C2025Q1,11.0,23755.0,83.0,45.0,0.542169,20495.81,fill_rate_based_v2_global_percentile,21.47,26.92,AVOID,0.597,-3259.19,-13.72,-0.57,-0.46,,,,,,,,,,,,,,,,,,,,,,,,,,,,,,,,
2026-07-11T11:32:08.817297Z,NSW1-QLD1:QLD1,C2028Q2,2.0,30591.0,133.0,108.0,0.81203,32160.32,fill_rate_based_v2_global_percentile,59.94,61.54,HOLD,0.339,1569.32,5.13,0.2,0.23,,,,,,,,,,,,,,,,,,,,,,,,,,,,,,,,
,,,,,,,,,,,,,,,,,,,,,,,,,,,,,,,,,,,,,,,,,,,,,,,,,
2026-07-11T11:32:08.836059Z,V-SA:SA1,C2025Q1,11.0,7365.0,114.0,72.0,0.631579,6902.48,fill_rate_based_v2_global_percentile,34.62,48.72,AVOID,0.403,-462.52,-6.28,-0.31,-0.03,,,,,,,,,,,,,,,,,,,,,,,,,,,,,,,,
2026-07-11T11:32:08.857983Z,V-SA:VIC1,C2028Q2,2.0,8503.0,89.0,73.0,0.820225,8710.22,fill_rate_based_v2_global_percentile,61.22,29.49,WATCH,0.341,207.22,2.44,0.22,-0.41,,,,,,,,,,,,,,,,,,,,,,,,,,,,,,,,
,,,,,,,,,,,,,,,,,,,,,,,,,,,,,,,,,,,,,,,,,,,,,,,,,
2026-07-11T11:32:08.878324Z,VIC1-NSW1:NSW1,C2025Q1,11.0,5392.78,235.0,110.0,0.468085,4703.04,fill_rate_based_v2_global_percentile,8.01,90.06,AVOID,0.857,-689.74,-12.79,-0.84,0.8,,,,,,,,,,,,,,,,,,,,,,,,,,,,,,,,
2026-07-11T11:32:08.899017Z,VIC1-NSW1:VIC1,C2025Q1,11.0,18054.75,282.0,135.0,0.478723,16093.1,fill_rate_based_v2_global_percentile,11.54,95.19,AVOID,0.812,-1961.65,-10.87,-0.77,0.9,,,,,,,,,,,,,,,,,,,,,,,,,,,,,,,,
2026-07-11T11:32:08.915113Z,NSW1-QLD1:NSW1,C2028Q3,1.0,3864.0,62.0,62.0,1.0,4484.48,fill_rate_based_v2_global_percentile,100.0,10.58,BUY,0.915,620.48,16.06,1.0,-0.79,,,,,,,,,,,,,,,,,,,,,,,,,,,,,,,,
,,,,,,,,,,,,,,,,,,,,,,,,,2026-07-11T11:32:08.931334Z,NSW1-QLD1:QLD1,C2028Q3,1.0,30817.84,108.0,108.0,1.0,36754.28,fill_rate_based_v2_global_percentile,100.0,42.63,BUY,0.915,5936.44,19.26,1.0,-0.15,,,,,,,
,,,,,,,,,,,,,,,,,,,,,,,,,2026-07-11T11:32:08.942777Z,V-SA:SA1,C2025Q1,12.0,7850.0,133.0,70.0,0.526316,6994.51,fill_rate_based_v2_global_percentile,19.87,61.54,AVOID,0.638,-855.49,-10.9,-0.6,0.23,,,,,,,
,,,,,,,,,,,,,,,,,,,,,,,,,2026-07-11T11:32:08.946536Z,V-SA:VIC1,C2025Q1,12.0,21103.0,122.0,77.0,0.631148,19878.39,fill_rate_based_v2_global_percentile,34.29,54.81,AVOID,0.415,-1224.61,-5.8,-0.31,0.1,,,,,,,
,,,,,,,,,,,,,,,,,,,,,,,,,2026-07-11T11:32:08.952873Z,VIC1-NSW1:NSW1,C2025Q1,12.0,6651.1,301.0,116.0,0.385382,5672.59,fill_rate_based_v2_global_percentile,1.28,97.76,AVOID,0.968,-978.51,-14.71,-0.97,0.96,,,,,,,
,,,,,,,,,,,,,,,,,,,,,,,,,2026-07-11T11:32:08.959340Z,VIC1-NSW1:VIC1,C2025Q1,12.0,21600.0,219.0,125.0,0.570776,20222.35,fill_rate_based_v2_global_percentile,24.68,87.5,AVOID,0.606,-1377.65,-6.38,-0.51,0.75,,,,,,,
,,,,,,,,,,,,,,,,,,,,,,,,,2026-07-11T11:32:08.965522Z,NSW1-QLD1:NSW1,C2025Q2,9.0,4500.0,55.0,45.0,0.818182,4484.16,fill_rate_based_v2_global_percentile,60.9,2.88,WATCH,0.336,-15.84,-0.35,0.22,-0.94,,,,,,,
,,,,,,,,,,,,,,,,,,,,,,,,,2026-07-11T11:32:08.971881Z,NSW1-QLD1:QLD1,C2025Q2,9.0,34585.74,175.0,100.0,0.571429,32069.28,fill_rate_based_v2_global_percentile,25.0,77.24,AVOID,0.586,-2516.46,-7.28,-0.5,0.54,,,,,,,
,,,,,,,,,,,,,,,,,,,,,,,,,2026-07-11T11:32:08.978224Z,V-SA:SA1,C2025Q2,9.0,4603.0,116.0,66.0,0.568966,4129.44,fill_rate_based_v2_global_percentile,24.36,49.68,AVOID,0.554,-473.56,-10.29,-0.51,-0.01,,,,,,,
,,,,,,,,,,,,,,,,,,,,,,,,,2026-07-11T11:32:08.984881Z,V-SA:VIC1,C2025Q2,9.0,17215.05,96.0,77.0,0.802083,17457.61,fill_rate_based_v2_global_percentile,58.01,32.05,WATCH,0.294,242.56,1.41,0.16,-0.36,,,,,,,
,,,,,,,,,,,,,,,,,,,,,,,,,2026-07-11T11:32:08.991277Z,VIC1-NSW1:NSW1,C2025Q2,9.0,2785.27,204.0,115.0,0.563725,2585.34,fill_rate_based_v2_global_percentile,23.4,84.62,AVOID,0.621,-199.93,-7.18,-0.53,0.69,,,,,,,
,,,,,,,,,,,,,,,,,,,,,,,,,2026-07-11T11:32:08.997985Z,VIC1-NSW1:VIC1,C2025Q2,9.0,19050.05,243.0,125.0,0.514403,17334.59,fill_rate_based_v2_global_percentile,16.99,91.99,AVOID,0.727,-1715.46,-9.01,-0.66,0.84,,,,,,,
,,,,,,,,,,,,,,,,,,,,,,,,,2026-07-11T11:32:09.005127Z,NSW1-QLD1:NSW1,C2025Q2,10.0,4404.97,55.0,45.0,0.818182,4389.46,fill_rate_based_v2_global_percentile,60.9,2.88,WATCH,0.336,-15.51,-0.35,0.22,-0.94,,,,,,,
,,,,,,,,,,,,,,,,,,,,,,,,,2026-07-11T11:32:09.012029Z,NSW1-QLD1:QLD1,C2025Q2,10.0,29200.23,225.0,100.0,0.444444,25194.54,fill_rate_based_v2_global_percentile,6.09,88.46,AVOID,0.883,-4005.69,-13.72,-0.88,0.77,,,,,,,
,,,,,,,,,,,,,,,,,,,,,,,,,2026-07-11T11:32:09.019277Z,V-SA:SA1,C2025Q2,10.0,5606.0,110.0,66.0,0.6,5101.18,fill_rate_based_v2_global_percentile,29.17,43.27,AVOID,0.483,-504.82,-9.0,-0.42,-0.13,,,,,,,
,,,,,,,,,,,,,,,,,,,,,,,,,2026-07-11T11:32:09.026020Z,V-SA:VIC1,C2025Q2,10.0,16908.0,113.0,73.0,0.646018,15986.68,fill_rate_based_v2_global_percentile,37.18,46.79,AVOID,0.365,-921.32,-5.45,-0.26,-0.06,,,,,,,
,,,,,,,,,,,,,,,,,,,,,,,,,2026-07-11T11:32:09.032795Z,VIC1-NSW1:NSW1,C2025Q2,10.0,3226.0,275.0,113.0,0.410909,2765.94,fill_rate_based_v2_global_percentile,3.21,94.55,AVOID,0.934,-460.06,-14.26,-0.94,0.89,,,,,,,
,,,,,,,,,,,,,,,,,,,,,,,,,2026-07-11T11:32:09.041285Z,VIC1-NSW1:VIC1,C2025Q2,10.0,19400.9,315.0,136.0,0.431746,16808.16,fill_rate_based_v2_global_percentile,4.49,98.4,AVOID,0.921,-2592.74,-13.36,-0.91,0.97,,,,,,,
,,,,,,,,,,,,,,,,,,,,,,,,,2026-07-11T11:32:09.044552Z,NSW1-QLD1:NSW1,C2025Q2,11.0,5824.0,66.0,45.0,0.681818,5400.19,fill_rate_based_v2_global_percentile,40.38,15.71,AVOID,0.317,-423.81,-7.28,-0.19,-0.69,,,,,,,
,,,,,,,,,,,,,,,,,,,,,,,,,2026-07-11T11:32:09.047695Z,NSW1-QLD1:QLD1,C2025Q2,11.0,34750.76,193.0,100.0,0.518135,31420.59,fill_rate_based_v2_global_percentile,18.27,81.09,AVOID,0.691,-3330.17,-9.58,-0.63,0.62,,,,,,,
,,,,,,,,,,,,,,,,,,,,,,,,,2026-07-11T11:32:09.050907Z,V-SA:SA1,C2025Q2,11.0,6360.0,129.0,64.0,0.496124,5487.47,fill_rate_based_v2_global_percentile,13.46,58.97,AVOID,0.729,-872.53,-13.72,-0.73,0.18,,,,,,,
,,,,,,,,,,,,,,,,,,,,,,,,,2026-07-11T11:32:09.054193Z,V-SA:VIC1,C2025Q2,11.0,18598.8,121.0,73.0,0.603306,17156.46,fill_rate_based_v2_global_percentile,29.49,54.49,AVOID,0.485,-1442.34,-7.76,-0.41,0.09,,,,,,,
,,,,,,,,,,,,,,,,,,,,,,,,,2026-07-11T11:32:09.057540Z,VIC1-NSW1:NSW1,C2025Q2,11.0,4019.0,222.0,114.0,0.513514,3635.19,fill_rate_based_v2_global_percentile,16.67,87.82,AVOID,0.725,-383.81,-9.55,-0.67,0.76,,,,,,,
,,,,,,,,,,,,,,,,,,,,,,,,,2026-07-11T11:32:09.061108Z,VIC1-NSW1:VIC1,C2025Q2,11.0,21480.94,285.0,136.0,0.477193,19126.41,fill_rate_based_v2_global_percentile,11.22,95.51,AVOID,0.817,-2354.53,-10.96,-0.78,0.91,,,,,,,
,,,,,,,,,,,,,,,,,,,,,,,,,2026-07-11T11:32:09.064422Z,NSW1-QLD1:NSW1,C2025Q2,12.0,5500.0,65.0,55.0,0.846154,5647.95,fill_rate_based_v2_global_percentile,65.38,15.38,WATCH,0.403,147.95,2.69,0.31,-0.69,,,,,,,
,,,,,,,,,,,,,,,,,,,,,,,,,2026-07-11T11:32:09.067867Z,NSW1-QLD1:QLD1,C2025Q2,12.0,37529.51,206.0,122.0,0.592233,35581.73,fill_rate_based_v2_global_percentile,28.21,85.26,AVOID,0.55,-1947.78,-5.19,-0.44,0.71,,,,,,,
,,,,,,,,,,,,,,,,,,,,,,,,,2026-07-11T11:32:09.071203Z,V-SA:SA1,C2025Q2,12.0,6371.56,118.0,75.0,0.635593,6004.05,fill_rate_based_v2_global_percentile,34.94,52.56,AVOID,0.402,-367.51,-5.77,-0.3,0.05,,,,,,,
,,,,,,,,,,,,,,,,,,,,,,,,,2026-07-11T11:32:09.074626Z,V-SA:VIC1,C2025Q2,12.0,15912.92,139.0,84.0,0.604317,14862.35,fill_rate_based_v2_global_percentile,29.81,64.74,AVOID,0.496,-1050.57,-6.6,-0.4,0.29,,,,,,,
,,,,,,,,,,,,,,,,,,,,,,,,,2026-07-11T11:32:09.078379Z,VIC1-NSW1:NSW1,C2025Q2,12.0,4500.0,211.0,122.0,0.578199,4217.31,fill_rate_based_v2_global_percentile,25.32,85.9,AVOID,0.594,-282.69,-6.28,-0.49,0.72,,,,,,,
,,,,,,,,,,,,,,,,,,,,,,,,,2026-07-11T11:32:09.082230Z,VIC1-NSW1:VIC1,C2025Q2,12.0,17618.0,294.0,133.0,0.452381,15415.57,fill_rate_based_v2_global_percentile,7.05,96.79,AVOID,0.881,-2202.43,-12.5,-0.86,0.94,,,,,,,
,,,,,,,,,,,,,,,,,,,,,,,,,2026-07-11T11:32:09.085759Z,NSW1-QLD1:NSW1,C2025Q3,7.0,4503.0,45.0,45.0,1.0,5182.77,fill_rate_based_v2_global_percentile,100.0,0.96,BUY,0.915,679.77,15.1,1.0,-0.98,,,,,,,
,,,,,,,,,,,,,,,,,,,,,,,,,2026-07-11T11:32:09.089329Z,NSW1-QLD1:QLD1,C2025Q3,7.0,25927.44,167.0,105.0,0.628743,24929.75,fill_rate_based_v2_global_percentile,33.97,75.64,AVOID,0.451,-997.69,-3.85,-0.32,0.51,,,,,,,
,,,,,,,,,,,,,,,,,,,,,,,,,2026-07-11T11:32:09.093040Z,V-SA:SA1,C2025Q3,7.0,4363.92,136.0,64.0,0.470588,3719.19,fill_rate_based_v2_global_percentile,9.62,63.78,AVOID,0.793,-644.73,-14.77,-0.81,0.28,,,,,,,
,,,,,,,,,,,,,,,,,,,,,,,,,2026-07-11T11:32:09.096944Z,V-SA:VIC1,C2025Q3,7.0,13965.6,97.0,73.0,0.752577,13625.54,fill_rate_based_v2_global_percentile,48.08,33.33,WATCH,0.203,-340.06,-2.43,-0.04,-0.33,,,,,,,
,,,,,,,,,,,,,,,,,,,,,,,,,2026-07-11T11:32:09.100921Z,VIC1-NSW1:NSW1,C2025Q3,7.0,2187.91,172.0,111.0,0.645349,2129.01,fill_rate_based_v2_global_percentile,36.54,76.92,WATCH,0.415,-58.9,-2.69,-0.27,0.54,,,,,,,
,,,,,,,,,,,,,,,,,,,,,,,,,2026-07-11T11:32:09.104632Z,VIC1-NSW1:VIC1,C2025Q3,7.0,18839.0,225.0,125.0,0.555556,17486.74,fill_rate_based_v2_global_percentile,22.44,88.46,AVOID,0.641,-1352.26,-7.18,-0.55,0.77,,,,,,,
,,,,,,,,,,,,,,,,,,,,,,,,,2026-07-11T11:32:09.108429Z,NSW1-QLD1:NSW1,C2025Q3,8.0,4496.25,45.0,45.0,1.0,5175.0,fill_rate_based_v2_global_percentile,100.0,0.96,BUY,0.915,678.75,15.1,1.0,-0.98,,,,,,,
,,,,,,,,,,,,,,,,,,,,,,,,,2026-07-11T11:32:09.112579Z,NSW1-QLD1:QLD1,C2025Q3,8.0,37536.0,150.0,113.0,0.753333,38077.64,fill_rate_based_v2_global_percentile,48.4,70.83,WATCH,0.23,541.64,1.44,-0.03,0.42,,,,,,,
,,,,,,,,,,,,,,,,,,,,,,,,,2026-07-11T11:32:09.116318Z,V-SA:SA1,C2025Q3,8.0,4503.0,148.0,64.0,0.432432,3779.95,fill_rate_based_v2_global_percentile,5.13,68.91,AVOID,0.867,-723.05,-16.06,-0.9,0.38,,,,,,,
,,,,,,,,,,,,,,,,,,,,,,,,,2026-07-11T11:32:09.119975Z,V-SA:VIC1,C2025Q3,8.0,15362.16,97.0,73.0,0.752577,14988.09,fill_rate_based_v2_global_percentile,48.08,33.33,WATCH,0.203,-374.07,-2.44,-0.04,-0.33,,,,,,,
,,,,,,,,,,,,,,,,,,,,,,,,,2026-07-11T11:32:09.123539Z,VIC1-NSW1:NSW1,C2025Q3,8.0,2756.0,227.0,114.0,0.502203,2474.17,fill_rate_based_v2_global_percentile,14.74,88.78,AVOID,0.755,-281.83,-10.23,-0.71,0.78,,,,,,,
,,,,,,,,,,,,,,,,,,,,,,,,,2026-07-11T11:32:09.127298Z,VIC1-NSW1:VIC1,C2025Q3,8.0,19500.05,264.0,125.0,0.473485,17250.33,fill_rate_based_v2_global_percentile,10.26,93.59,AVOID,0.829,-2249.72,-11.54,-0.79,0.87,,,,,,,
,,,,,,,,,,,,,,,,,,,,,,,,,2026-07-11T11:32:09.130850Z,NSW1-QLD1:NSW1,C2025Q3,9.0,4432.56,49.0,45.0,0.918367,4571.74,fill_rate_based_v2_global_percentile,69.87,1.92,WATCH,0.469,139.18,3.14,0.4,-0.96,,,,,,,
,,,,,,,,,,,,,,,,,,,,,,,,,2026-07-11T11:32:09.134535Z,NSW1-QLD1:QLD1,C2025Q3,9.0,30200.23,193.0,100.0,0.518135,27306.14,fill_rate_based_v2_global_percentile,18.27,81.09,AVOID,0.691,-2894.09,-9.58,-0.63,0.62,,,,,,,
,,,,,,,,,,,,,,,,,,,,,,,,,2026-07-11T11:32:09.138326Z,V-SA:SA1,C2025Q3,9.0,5754.7,170.0,73.0,0.429412,4850.98,fill_rate_based_v2_global_percentile,4.17,76.28,AVOID,0.893,-903.72,-15.7,-0.92,0.53,,,,,,,
,,,,,,,,,,,,,,,,,,,,,,,,,2026-07-11T11:32:09.142053Z,V-SA:VIC1,C2025Q3,9.0,16898.38,117.0,73.0,0.623932,15739.15,fill_rate_based_v2_global_percentile,32.69,50.64,AVOID,0.432,-1159.23,-6.86,-0.35,0.01,,,,,,,
,,,,,,,,,,,,,,,,,,,,,,,,,2026-07-11T11:32:09.145572Z,VIC1-NSW1:NSW1,C2025Q3,9.0,3198.44,237.0,112.0,0.472574,2815.07,fill_rate_based_v2_global_percentile,9.94,90.38,AVOID,0.828,-383.37,-11.99,-0.8,0.81,,,,,,,
,,,,,,,,,,,,,,,,,,,,,,,,,2026-07-11T11:32:09.149199Z,VIC1-NSW1:VIC1,C2025Q3,9.0,20500.0,303.0,125.0,0.412541,17675.1,fill_rate_based_v2_global_percentile,3.53,98.08,AVOID,0.935,-2824.9,-13.78,-0.93,0.96,,,,,,,
,,,,,,,,,,,,,,,,,,,,,,,,,2026-07-11T11:32:09.152732Z,NSW1-QLD1:NSW1,C2025Q3,10.0,4903.0,54.0,45.0,0.833333,4932.81,fill_rate_based_v2_global_percentile,63.46,2.24,WATCH,0.374,29.81,0.61,0.27,-0.96,,,,,,,
,,,,,,,,,,,,,,,,,,,,,,,,,2026-07-11T11:32:09.156323Z,NSW1-QLD1:QLD1,C2025Q3,10.0,33250.76,193.0,100.0,0.518135,30064.34,fill_rate_based_v2_global_percentile,18.27,81.09,AVOID,0.691,-3186.42,-9.58,-0.63,0.62,,,,,,,
,,,,,,,,,,,,,,,,,,,,,,,,,2026-07-11T11:32:09.159922Z,V-SA:SA1,C2025Q3,10.0,6370.0,148.0,64.0,0.432432,5347.17,fill_rate_based_v2_global_percentile,5.13,68.91,AVOID,0.867,-1022.83,-16.06,-0.9,0.38,,,,,,,
,,,,,,,,,,,,,,,,,,,,,,,,,2026-07-11T11:32:09.163623Z,V-SA:VIC1,C2025Q3,10.0,17190.0,114.0,73.0,0.640351,16198.48,fill_rate_based_v2_global_percentile,35.9,48.72,AVOID,0.384,-991.52,-5.77,-0.28,-0.03,,,,,,,
,,,,,,,,,,,,,,,,,,,,,,,,,2026-07-11T11:32:09.167211Z,VIC1-NSW1:NSW1,C2025Q3,10.0,4091.0,234.0,114.0,0.487179,3643.85,fill_rate_based_v2_global_percentile,12.82,89.42,AVOID,0.784,-447.15,-10.93,-0.74,0.79,,,,,,,
,,,,,,,,,,,,,,,,,,,,,,,,,2026-07-11T11:32:09.170877Z,VIC1-NSW1:VIC1,C2025Q3,10.0,22652.66,300.0,127.0,0.423333,19545.62,fill_rate_based_v2_global_percentile,3.85,97.44,AVOID,0.929,-3107.04,-13.72,-0.92,0.95,,,,,,,
,,,,,,,,,,,,,,,,,,,,,,,,,2026-07-11T11:32:09.174451Z,NSW1-QLD1:NSW1,C2025Q3,11.0,5000.0,59.0,45.0,0.762712,4799.65,fill_rate_based_v2_global_percentile,51.28,4.81,AVOID,0.194,-200.35,-4.01,0.03,-0.9,,,,,,,
,,,,,,,,,,,,,,,,,,,,,,,,,2026-07-11T11:32:09.178066Z,NSW1-QLD1:QLD1,C2025Q3,11.0,34502.14,205.0,124.0,0.604878,32965.41,fill_rate_based_v2_global_percentile,30.13,84.94,AVOID,0.521,-1536.73,-4.45,-0.4,0.7,,,,,,,
,,,,,,,,,,,,,,,,,,,,,,,,,2026-07-11T11:32:09.181624Z,V-SA:SA1,C2025Q3,11.0,6220.06,178.0,90.0,0.505618,5524.16,fill_rate_based_v2_global_percentile,15.06,77.88,AVOID,0.734,-695.9,-11.19,-0.7,0.56,,,,,,,
,,,,,,,,,,,,,,,,,,,,,,,,,2026-07-11T11:32:09.185348Z,V-SA:VIC1,C2025Q3,11.0,17000.91,144.0,111.0,0.770833,17474.73,fill_rate_based_v2_global_percentile,52.56,67.63,WATCH,0.239,473.82,2.79,0.05,0.35,,,,,,,
,,,,,,,,,,,,,,,,,,,,,,,,,2026-07-11T11:32:09.188945Z,VIC1-NSW1:NSW1,C2025Q3,11.0,4449.12,235.0,113.0,0.480851,3954.29,fill_rate_based_v2_global_percentile,12.18,90.06,AVOID,0.795,-494.83,-11.12,-0.76,0.8,,,,,,,
,,,,,,,,,,,,,,,,,,,,,,,,,2026-07-11T11:32:09.192578Z,VIC1-NSW1:VIC1,C2025Q3,11.0,21520.02,286.0,129.0,0.451049,18781.6,fill_rate_based_v2_global_percentile,6.73,95.83,AVOID,0.884,-2738.42,-12.72,-0.87,0.92,,,,,,,
,,,,,,,,,,,,,,,,,,,,,,,,,2026-07-11T11:32:09.196172Z,NSW1-QLD1:NSW1,C2025Q3,12.0,4250.0,69.0,55.0,0.797101,4225.48,fill_rate_based_v2_global_percentile,56.41,18.59,WATCH,0.27,-24.52,-0.58,0.13,-0.63,,,,,,,
,,,,,,,,,,,,,,,,,,,,,,,,,2026-07-11T11:32:09.199900Z,NSW1-QLD1:QLD1,C2025Q3,12.0,31051.93,192.0,100.0,0.520833,28205.4,fill_rate_based_v2_global_percentile,19.55,80.13,AVOID,0.671,-2846.53,-9.17,-0.61,0.6,,,,,,,
,,,,,,,,,,,,,,,,,,,,,,,,,2026-07-11T11:32:09.203526Z,V-SA:SA1,C2025Q3,12.0,5550.0,118.0,66.0,0.559322,4959.48,fill_rate_based_v2_global_percentile,22.76,52.56,AVOID,0.582,-590.52,-10.64,-0.54,0.05,,,,,,,
,,,,,,,,,,,,,,,,,,,,,,,,,2026-07-11T11:32:09.207237Z,V-SA:VIC1,C2025Q3,12.0,16830.0,117.0,79.0,0.675214,16150.07,fill_rate_based_v2_global_percentile,39.74,50.64,AVOID,0.328,-679.93,-4.04,-0.21,0.01,,,,,,,
,,,,,,,,,,,,,,,,,,,,,,,,,2026-07-11T11:32:09.210882Z,VIC1-NSW1:NSW1,C2025Q3,12.0,3903.0,201.0,117.0,0.58209,3662.77,fill_rate_based_v2_global_percentile,26.28,83.33,AVOID,0.576,-240.23,-6.16,-0.47,0.67,,,,,,,
,,,,,,,,,,,,,,,,,,,,,,,,,2026-07-11T11:32:09.214541Z,VIC1-NSW1:VIC1,C2025Q3,12.0,18292.01,263.0,125.0,0.475285,16199.22,fill_rate_based_v2_global_percentile,10.58,93.27,AVOID,0.823,-2092.79,-11.44,-0.79,0.87,,,,,,,
,,,,,,,,,,,,,,,,,,,,,,,,,2026-07-11T11:32:09.218222Z,NSW1-QLD1:NSW1,C2025Q4,7.0,8544.19,57.0,45.0,0.789474,8338.87,fill_rate_based_v2_global_percentile,55.45,4.17,WATCH,0.256,-205.32,-2.4,0.11,-0.92,,,,,,,
,,,,,,,,,,,,,,,,,,,,,,,,,2026-07-11T11:32:09.221966Z,NSW1-QLD1:QLD1,C2025Q4,7.0,18252.8,199.0,102.0,0.512563,16363.45,fill_rate_based_v2_global_percentile,16.03,82.37,AVOID,0.726,-1889.35,-10.35,-0.68,0.65,,,,,,,
,,,,,,,,,,,,,,,,,,,,,,,,,2026-07-11T11:32:09.225657Z,V-SA:SA1,C2025Q4,7.0,4403.0,136.0,64.0,0.470588,3752.5,fill_rate_based_v2_global_percentile,9.62,63.78,AVOID,0.793,-650.5,-14.77,-0.81,0.28,,,,,,,
,,,,,,,,,,,,,,,,,,,,,,,,,2026-07-11T11:32:09.229313Z,V-SA:VIC1,C2025Q4,7.0,12291.0,112.0,73.0,0.651786,11633.06,fill_rate_based_v2_global_percentile,37.82,45.19,AVOID,0.355,-657.94,-5.35,-0.24,-0.1,,,,,,,
,,,,,,,,,,,,,,,,,,,,,,,,,2026-07-11T11:32:09.233039Z,VIC1-NSW1:NSW1,C2025Q4,7.0,1477.44,123.0,108.0,0.878049,1586.37,fill_rate_based_v2_global_percentile,66.99,55.77,HOLD,0.435,108.93,7.37,0.34,0.12,,,,,,,
,,,,,,,,,,,,,,,,,,,,,,,,,2026-07-11T11:32:09.236734Z,VIC1-NSW1:VIC1,C2025Q4,7.0,12700.05,266.0,125.0,0.469925,11177.44,fill_rate_based_v2_global_percentile,8.97,94.23,AVOID,0.849,-1522.61,-11.99,-0.82,0.88,,,,,,,
,,,,,,,,,,,,,,,,,,,,,,,,,2026-07-11T11:32:09.240570Z,NSW1-QLD1:NSW1,C2025Q4,8.0,8603.0,46.0,45.0,0.978261,9079.95,fill_rate_based_v2_global_percentile,75.96,1.6,HOLD,0.559,476.95,5.54,0.52,-0.97,,,,,,,
,,,,,,,,,,,,,,,,,,,,,,,,,2026-07-11T11:32:09.244314Z,NSW1-QLD1:QLD1,C2025Q4,8.0,17767.0,197.0,105.0,0.532995,16263.38,fill_rate_based_v2_global_percentile,20.83,82.05,AVOID,0.655,-1503.62,-8.46,-0.58,0.64,,,,,,,
,,,,,,,,,,,,,,,,,,,,,,,,,2026-07-11T11:32:09.248099Z,V-SA:SA1,C2025Q4,8.0,4851.77,158.0,74.0,0.468354,4159.71,fill_rate_based_v2_global_percentile,8.33,74.04,AVOID,0.828,-692.06,-14.26,-0.83,0.48,,,,,,,
,,,,,,,,,,,,,,,,,,,,,,,,,2026-07-11T11:32:09.251852Z,V-SA:VIC1,C2025Q4,8.0,13520.1,114.0,73.0,0.640351,12740.26,fill_rate_based_v2_global_percentile,35.9,48.72,AVOID,0.384,-779.84,-5.77,-0.28,-0.03,,,,,,,
,,,,,,,,,,,,,,,,,,,,,,,,,2026-07-11T11:32:09.255586Z,VIC1-NSW1:NSW1,C2025Q4,8.0,2216.16,150.0,120.0,0.8,2330.49,fill_rate_based_v2_global_percentile,57.69,70.83,HOLD,0.32,114.33,5.16,0.15,0.42,,,,,,,
,,,,,,,,,,,,,,,,,,,,,,,,,2026-07-11T11:32:09.259360Z,VIC1-NSW1:VIC1,C2025Q4,8.0,13970.05,233.0,125.0,0.536481,12904.14,fill_rate_based_v2_global_percentile,21.15,89.1,AVOID,0.661,-1065.91,-7.63,-0.58,0.78,,,,,,,
,,,,,,,,,,,,,,,,,,,,,,,,,2026-07-11T11:32:09.263133Z,NSW1-QLD1:NSW1,C2025Q4,9.0,9903.0,56.0,45.0,0.803571,9769.61,fill_rate_based_v2_global_percentile,58.33,3.21,WATCH,0.298,-133.39,-1.35,0.17,-0.94,,,,,,,
,,,,,,,,,,,,,,,,,,,,,,,,,2026-07-11T11:32:09.266973Z,NSW1-QLD1:QLD1,C2025Q4,9.0,20000.0,203.0,100.0,0.492611,17730.6,fill_rate_based_v2_global_percentile,13.14,83.97,AVOID,0.771,-2269.4,-11.35,-0.74,0.68,,,,,,,
,,,,,,,,,,,,,,,,,,,,,,,,,2026-07-11T11:32:09.270741Z,V-SA:SA1,C2025Q4,9.0,5610.59,140.0,65.0,0.464286,4749.2,fill_rate_based_v2_global_percentile,7.69,65.71,AVOID,0.825,-861.39,-15.35,-0.85,0.31,,,,,,,
,,,,,,,,,,,,,,,,,,,,,,,,,2026-07-11T11:32:09.274649Z,V-SA:VIC1,C2025Q4,9.0,13862.8,114.0,73.0,0.640351,13063.19,fill_rate_based_v2_global_percentile,35.9,48.72,AVOID,0.384,-799.61,-5.77,-0.28,-0.03,,,,,,,
,,,,,,,,,,,,,,,,,,,,,,,,,2026-07-11T11:32:09.278443Z,VIC1-NSW1:NSW1,C2025Q4,9.0,2986.0,166.0,126.0,0.759036,3057.78,fill_rate_based_v2_global_percentile,49.68,75.32,WATCH,0.218,71.78,2.4,-0.01,0.51,,,,,,,
,,,,,,,,,,,,,,,,,,,,,,,,,2026-07-11T11:32:09.282253Z,VIC1-NSW1:VIC1,C2025Q4,9.0,18161.06,296.0,141.0,0.476351,16176.42,fill_rate_based_v2_global_percentile,10.9,97.12,AVOID,0.824,-1984.64,-10.93,-0.78,0.94,,,,,,,
,,,,,,,,,,,,,,,,,,,,,,,,,2026-07-11T11:32:09.286069Z,NSW1-QLD1:NSW1,C2025Q4,10.0,10532.0,46.0,45.0,0.978261,11115.89,fill_rate_based_v2_global_percentile,75.96,1.6,HOLD,0.559,583.89,5.54,0.52,-0.97,,,,,,,
,,,,,,,,,,,,,,,,,,,,,,,,,2026-07-11T11:32:09.289946Z,NSW1-QLD1:QLD1,C2025Q4,10.0,22000.16,203.0,104.0,0.512315,19729.96,fill_rate_based_v2_global_percentile,15.71,83.97,AVOID,0.733,-2270.2,-10.32,-0.69,0.68,,,,,,,
,,,,,,,,,,,,,,,,,,,,,,,,,2026-07-11T11:32:09.293790Z,V-SA:SA1,C2025Q4,10.0,5103.0,131.0,91.0,0.694656,4991.86,fill_rate_based_v2_global_percentile,41.99,60.26,WATCH,0.309,-111.14,-2.18,-0.16,0.21,,,,,,,
,,,,,,,,,,,,,,,,,,,,,,,,,2026-07-11T11:32:09.297648Z,V-SA:VIC1,C2025Q4,10.0,12476.52,113.0,93.0,0.823009,13012.39,fill_rate_based_v2_global_percentile,61.54,46.79,HOLD,0.346,535.87,4.3,0.23,-0.06,,,,,,,
,,,,,,,,,,,,,,,,,,,,,,,,,2026-07-11T11:32:09.301581Z,VIC1-NSW1:NSW1,C2025Q4,10.0,2865.54,155.0,108.0,0.696774,2860.96,fill_rate_based_v2_global_percentile,43.91,72.76,WATCH,0.299,-4.58,-0.16,-0.12,0.46,,,,,,,
,,,,,,,,,,,,,,,,,,,,,,,,,2026-07-11T11:32:09.305448Z,VIC1-NSW1:VIC1,C2025Q4,10.0,17797.83,287.0,125.0,0.43554,15447.63,fill_rate_based_v2_global_percentile,5.45,96.15,AVOID,0.904,-2350.2,-13.2,-0.89,0.92,,,,,,,
,,,,,,,,,,,,,,,,,,,,,,,,,2026-07-11T11:32:09.309320Z,NSW1-QLD1:NSW1,C2025Q4,12.0,10548.0,73.0,56.0,0.767123,10341.58,fill_rate_based_v2_global_percentile,52.24,21.47,WATCH,0.208,-206.42,-1.96,0.04,-0.57,,,,,,,
,,,,,,,,,,,,,,,,,,,,,,,,,2026-07-11T11:32:09.313188Z,NSW1-QLD1:QLD1,C2025Q4,12.0,24118.0,170.0,100.0,0.588235,22617.86,fill_rate_based_v2_global_percentile,27.88,76.28,AVOID,0.542,-1500.14,-6.22,-0.44,0.53,,,,,,,
,,,,,,,,,,,,,,,,,,,,,,,,,2026-07-11T11:32:09.317091Z,V-SA:SA1,C2025Q4,12.0,4822.0,152.0,74.0,0.486842,4203.77,fill_rate_based_v2_global_percentile,12.5,71.79,AVOID,0.763,-618.23,-12.82,-0.75,0.44,,,,,,,
,,,,,,,,,,,,,,,,,,,,,,,,,2026-07-11T11:32:09.321021Z,V-SA:VIC1,C2025Q4,12.0,9000.87,114.0,77.0,0.675439,8631.47,fill_rate_based_v2_global_percentile,40.06,48.72,AVOID,0.322,-369.4,-4.1,-0.2,-0.03,,,,,,,
,,,,,,,,,,,,,,,,,,,,,,,,,2026-07-11T11:32:09.324903Z,VIC1-NSW1:NSW1,C2025Q4,12.0,2412.0,157.0,124.0,0.789809,2524.11,fill_rate_based_v2_global_percentile,55.77,73.4,HOLD,0.295,112.11,4.65,0.12,0.47,,,,,,,
,,,,,,,,,,,,,,,,,,,,,,,,,2026-07-11T11:32:09.328798Z,VIC1-NSW1:VIC1,C2025Q4,12.0,19261.39,293.0,131.0,0.447099,16798.05,fill_rate_based_v2_global_percentile,6.41,96.47,AVOID,0.89,-2463.34,-12.79,-0.87,0.93,,,,,,,
,,,,,,,,,,,,,,,,,,,,,,,,,2026-07-11T11:32:09.332797Z,NSW1-QLD1:NSW1,C2026Q1,9.0,19744.0,45.0,45.0,1.0,22724.55,fill_rate_based_v2_global_percentile,100.0,0.96,BUY,0.915,2980.55,15.1,1.0,-0.98,,,,,,,
,,,,,,,,,,,,,,,,,,,,,,,,,2026-07-11T11:32:09.336739Z,NSW1-QLD1:QLD1,C2026Q1,9.0,24883.37,127.0,105.0,0.826772,26287.04,fill_rate_based_v2_global_percentile,62.18,57.69,HOLD,0.367,1403.67,5.64,0.24,0.15,,,,,,,
,,,,,,,,,,,,,,,,,,,,,,,,,2026-07-11T11:32:09.340719Z,V-SA:SA1,C2026Q1,9.0,6250.0,81.0,64.0,0.790123,6248.0,fill_rate_based_v2_global_percentile,56.09,25.32,WATCH,0.265,-2.0,-0.03,0.12,-0.49,,,,,,,
,,,,,,,,,,,,,,,,,,,,,,,,,2026-07-11T11:32:09.344769Z,V-SA:VIC1,C2026Q1,9.0,22680.0,131.0,77.0,0.587786,20876.94,fill_rate_based_v2_global_percentile,27.56,60.26,AVOID,0.523,-1803.06,-7.95,-0.45,0.21,,,,,,,
,,,,,,,,,,,,,,,,,,,,,,,,,2026-07-11T11:32:09.348745Z,VIC1-NSW1:NSW1,C2026Q1,9.0,6000.0,172.0,108.0,0.627907,5769.12,fill_rate_based_v2_global_percentile,33.65,76.92,AVOID,0.457,-230.88,-3.85,-0.33,0.54,,,,,,,
,,,,,,,,,,,,,,,,,,,,,,,,,2026-07-11T11:32:09.352706Z,VIC1-NSW1:VIC1,C2026Q1,9.0,17998.56,194.0,125.0,0.64433,17571.81,fill_rate_based_v2_global_percentile,36.22,81.41,WATCH,0.426,-426.75,-2.37,-0.28,0.63,,,,,,,
,,,,,,,,,,,,,,,,,,,,,,,,,2026-07-11T11:32:09.356659Z,NSW1-QLD1:NSW1,C2027Q2,5.0,3903.0,79.0,62.0,0.78481,3884.27,fill_rate_based_v2_global_percentile,55.13,24.68,WATCH,0.251,-18.73,-0.48,0.1,-0.51,,,,,,,
,,,,,,,,,,,,,,,,,,,,,,,,,2026-07-11T11:32:09.360705Z,NSW1-QLD1:QLD1,C2027Q2,5.0,29673.28,150.0,108.0,0.72,29834.41,fill_rate_based_v2_global_percentile,46.15,70.83,WATCH,0.263,161.13,0.54,-0.08,0.42,,,,,,,
,,,,,,,,,,,,,,,,,,,,,,,,,2026-07-11T11:32:09.364782Z,V-SA:SA1,C2027Q2,5.0,4003.0,61.0,61.0,1.0,4631.67,fill_rate_based_v2_global_percentile,100.0,7.05,BUY,0.915,628.67,15.7,1.0,-0.86,,,,,,,
,,,,,,,,,,,,,,,,,,,,,,,,,2026-07-11T11:32:09.368794Z,V-SA:VIC1,C2027Q2,5.0,11126.0,106.0,83.0,0.783019,11218.79,fill_rate_based_v2_global_percentile,54.81,39.1,WATCH,0.246,92.79,0.83,0.1,-0.22,,,,,,,
,,,,,,,,,,,,,,,,,,,,,,,,,2026-07-11T11:32:09.372805Z,VIC1-NSW1:NSW1,C2027Q2,5.0,3312.0,96.0,96.0,1.0,3914.95,fill_rate_based_v2_global_percentile,100.0,32.05,BUY,0.915,602.95,18.21,1.0,-0.36,,,,,,,
,,,,,,,,,,,,,,,,,,,,,,,,,2026-07-11T11:32:09.376830Z,VIC1-NSW1:VIC1,C2027Q2,5.0,14306.16,154.0,114.0,0.74026,14462.38,fill_rate_based_v2_global_percentile,47.12,72.44,WATCH,0.251,156.22,1.09,-0.06,0.45,,,,,,,
,,,,,,,,,,,,,,,,,,,,,,,,,2026-07-11T11:32:09.380862Z,NSW1-QLD1:NSW1,C2027Q2,6.0,3822.0,89.0,62.0,0.696629,3645.61,fill_rate_based_v2_global_percentile,43.59,29.49,AVOID,0.27,-176.39,-4.62,-0.13,-0.41,,,,,,,
,,,,,,,,,,,,,,,,,,,,,,,,,2026-07-11T11:32:09.384973Z,NSW1-QLD1:QLD1,C2027Q2,6.0,31450.0,135.0,108.0,0.8,32830.65,fill_rate_based_v2_global_percentile,57.69,63.14,HOLD,0.309,1380.65,4.39,0.15,0.26,,,,,,,
,,,,,,,,,,,,,,,,,,,,,,,,,2026-07-11T11:32:09.389078Z,V-SA:SA1,C2027Q2,6.0,3894.3,68.0,64.0,0.941176,4102.68,fill_rate_based_v2_global_percentile,71.47,17.63,HOLD,0.493,208.38,5.35,0.43,-0.65,,,,,,,
,,,,,,,,,,,,,,,,,,,,,,,,,2026-07-11T11:32:09.393158Z,V-SA:VIC1,C2027Q2,6.0,9443.0,129.0,73.0,0.565891,8547.14,fill_rate_based_v2_global_percentile,24.04,58.97,AVOID,0.573,-895.86,-9.49,-0.52,0.18,,,,,,,
,,,,,,,,,,,,,,,,,,,,,,,,,2026-07-11T11:32:09.397207Z,VIC1-NSW1:NSW1,C2027Q2,6.0,3358.0,82.0,82.0,1.0,3947.8,fill_rate_based_v2_global_percentile,100.0,25.64,BUY,0.915,589.8,17.56,1.0,-0.49,,,,,,,
,,,,,,,,,,,,,,,,,,,,,,,,,2026-07-11T11:32:09.401351Z,VIC1-NSW1:VIC1,C2027Q2,6.0,12280.87,177.0,108.0,0.610169,11674.69,fill_rate_based_v2_global_percentile,30.77,77.56,AVOID,0.501,-606.18,-4.94,-0.38,0.55,,,,,,,
,,,,,,,,,,,,,,,,,,,,,,,,,2026-07-11T11:32:09.405456Z,NSW1-QLD1:NSW1,C2027Q2,7.0,3285.28,89.0,62.0,0.696629,3133.66,fill_rate_based_v2_global_percentile,43.59,29.49,AVOID,0.27,-151.62,-4.62,-0.13,-0.41,,,,,,,
,,,,,,,,,,,,,,,,,,,,,,,,,2026-07-11T11:32:09.409593Z,NSW1-QLD1:QLD1,C2027Q2,7.0,30960.06,153.0,108.0,0.705882,30969.97,fill_rate_based_v2_global_percentile,44.55,72.12,WATCH,0.289,9.91,0.03,-0.11,0.44,,,,,,,
,,,,,,,,,,,,,,,,,,,,,,,,,2026-07-11T11:32:09.413704Z,V-SA:SA1,C2027Q2,7.0,3333.0,77.0,64.0,0.831169,3421.66,fill_rate_based_v2_global_percentile,63.14,24.04,WATCH,0.369,88.66,2.66,0.26,-0.52,,,,,,,
,,,,,,,,,,,,,,,,,,,,,,,,,2026-07-11T11:32:09.417864Z,V-SA:VIC1,C2027Q2,7.0,6315.0,126.0,73.0,0.579365,5746.21,fill_rate_based_v2_global_percentile,25.64,57.37,AVOID,0.547,-568.79,-9.01,-0.49,0.15,,,,,,,
,,,,,,,,,,,,,,,,,,,,,,,,,2026-07-11T11:32:09.421981Z,VIC1-NSW1:NSW1,C2027Q2,7.0,3200.0,141.0,108.0,0.765957,3276.9,fill_rate_based_v2_global_percentile,51.92,66.35,WATCH,0.228,76.9,2.4,0.04,0.33,,,,,,,
,,,,,,,,,,,,,,,,,,,,,,,,,2026-07-11T11:32:09.426144Z,VIC1-NSW1:VIC1,C2027Q2,7.0,10008.33,213.0,125.0,0.586854,9462.88,fill_rate_based_v2_global_percentile,27.24,86.54,AVOID,0.567,-545.45,-5.45,-0.46,0.73,,,,,,,
,,,,,,,,,,,,,,,,,,,,,,,,,2026-07-11T11:32:09.430279Z,NSW1-QLD1:NSW1,C2027Q2,8.0,2511.6,95.0,62.0,0.652632,2345.76,fill_rate_based_v2_global_percentile,38.14,31.41,AVOID,0.351,-165.84,-6.6,-0.24,-0.37,,,,,,,
,,,,,,,,,,,,,,,,,,,,,,,,,2026-07-11T11:32:09.434483Z,NSW1-QLD1:QLD1,C2027Q2,8.0,30576.0,238.0,108.0,0.453782,26606.93,fill_rate_based_v2_global_percentile,7.37,90.71,AVOID,0.867,-3969.07,-12.98,-0.85,0.81,,,,,,,
,,,,,,,,,,,,,,,,,,,,,,,,,2026-07-11T11:32:09.438597Z,V-SA:SA1,C2027Q2,8.0,2200.0,76.0,64.0,0.842105,2273.3,fill_rate_based_v2_global_percentile,65.06,23.08,WATCH,0.398,73.3,3.33,0.3,-0.54,,,,,,,
,,,,,,,,,,,,,,,,,,,,,,,,,2026-07-11T11:32:09.442830Z,V-SA:VIC1,C2027Q2,8.0,6315.0,105.0,73.0,0.695238,6057.98,fill_rate_based_v2_global_percentile,42.63,38.78,AVOID,0.284,-257.02,-4.07,-0.15,-0.22,,,,,,,
,,,,,,,,,,,,,,,,,,,,,,,,,2026-07-11T11:32:09.447086Z,VIC1-NSW1:NSW1,C2027Q2,8.0,2526.0,152.0,108.0,0.710526,2529.21,fill_rate_based_v2_global_percentile,44.87,71.79,WATCH,0.284,3.21,0.13,-0.1,0.44,,,,,,,
,,,,,,,,,,,,,,,,,,,,,,,,,2026-07-11T11:32:09.451336Z,VIC1-NSW1:VIC1,C2027Q2,8.0,6674.0,260.0,125.0,0.480769,5942.46,fill_rate_based_v2_global_percentile,11.86,92.95,AVOID,0.804,-731.54,-10.96,-0.76,0.86,,,,,,,
,,,,,,,,,,,,,,,,,,,,,,,,,2026-07-11T11:32:09.455531Z,NSW1-QLD1:NSW1,C2027Q2,9.0,2072.57,91.0,65.0,0.714286,1993.5,fill_rate_based_v2_global_percentile,45.51,29.81,AVOID,0.241,-79.07,-3.82,-0.09,-0.4,,,,,,,
,,,,,,,,,,,,,,,,,,,,,,,,,2026-07-11T11:32:09.459755Z,NSW1-QLD1:QLD1,C2027Q2,9.0,21476.0,217.0,108.0,0.497696,19163.03,fill_rate_based_v2_global_percentile,13.78,87.18,AVOID,0.767,-2312.97,-10.77,-0.72,0.74,,,,,,,
,,,,,,,,,,,,,,,,,,,,,,,,,2026-07-11T11:32:09.464020Z,T-V-MNSP1:TAS1,C2027Q2,9.0,7000.0,125.0,125.0,1.0,8449.35,fill_rate_based_v2_global_percentile,100.0,57.05,BUY,0.926,1449.35,20.71,1.0,0.14,,,,,,,
,,,,,,,,,,,,,,,,,,,,,,,,,2026-07-11T11:32:09.468280Z,T-V-MNSP1:VIC1,C2027Q2,9.0,8000.0,125.0,125.0,1.0,9656.4,fill_rate_based_v2_global_percentile,100.0,57.05,BUY,0.926,1656.4,20.7,1.0,0.14,,,,,,,
,,,,,,,,,,,,,,,,,,,,,,,,,2026-07-11T11:32:09.472522Z,V-SA:SA1,C2027Q2,9.0,1246.0,84.0,64.0,0.761905,1224.03,fill_rate_based_v2_global_percentile,50.96,28.53,WATCH,0.189,-21.97,-1.76,0.02,-0.43,,,,,,,
,,,,,,,,,,,,,,,,,,,,,,,,,2026-07-11T11:32:09.476844Z,V-SA:VIC1,C2027Q2,9.0,6000.0,119.0,73.0,0.613445,5575.02,fill_rate_based_v2_global_percentile,31.41,53.53,AVOID,0.455,-424.98,-7.08,-0.37,0.07,,,,,,,
,,,,,,,,,,,,,,,,,,,,,,,,,2026-07-11T11:32:09.481096Z,VIC1-NSW1:NSW1,C2027Q2,9.0,1515.6,163.0,108.0,0.662577,1486.92,fill_rate_based_v2_global_percentile,39.1,74.68,WATCH,0.373,-28.68,-1.89,-0.22,0.49,,,,,,,
,,,,,,,,,,,,,,,,,,,,,,,,,2026-07-11T11:32:09.485383Z,VIC1-NSW1:VIC1,C2027Q2,9.0,6667.08,250.0,125.0,0.5,5993.9,fill_rate_based_v2_global_percentile,14.1,92.63,AVOID,0.77,-673.18,-10.1,-0.72,0.85,,,,,,,
,,,,,,,,,,,,,,,,,,,,,,,,,2026-07-11T11:32:09.489621Z,NSW1-QLD1:NSW1,C2027Q3,1.0,3503.0,62.0,62.0,1.0,4065.51,fill_rate_based_v2_global_percentile,100.0,10.58,BUY,0.915,562.51,16.06,1.0,-0.79,,,,,,,
,,,,,,,,,,,,,,,,,,,,,,,,,2026-07-11T11:32:09.493913Z,NSW1-QLD1:QLD1,C2027Q3,1.0,30912.0,108.0,108.0,1.0,36866.58,fill_rate_based_v2_global_percentile,100.0,42.63,BUY,0.915,5954.58,19.26,1.0,-0.15,,,,,,,
,,,,,,,,,,,,,,,,,,,,,,,,,2026-07-11T11:32:09.498158Z,V-SA:SA1,C2027Q3,1.0,4500.7,61.0,61.0,1.0,5207.53,fill_rate_based_v2_global_percentile,100.0,7.05,BUY,0.915,706.83,15.7,1.0,-0.86,,,,,,,
,,,,,,,,,,,,,,,,,,,,,,,,,2026-07-11T11:32:09.502479Z,V-SA:VIC1,C2027Q3,1.0,8553.0,57.0,57.0,1.0,9871.62,fill_rate_based_v2_global_percentile,100.0,4.17,BUY,0.915,1318.62,15.42,1.0,-0.92,,,,,,,
,,,,,,,,,,,,,,,,,,,,,,,,,2026-07-11T11:32:09.506751Z,VIC1-NSW1:NSW1,C2027Q3,1.0,2303.0,101.0,101.0,1.0,2731.86,fill_rate_based_v2_global_percentile,100.0,36.22,BUY,0.915,428.86,18.62,1.0,-0.28,,,,,,,
,,,,,,,,,,,,,,,,,,,,,,,,,2026-07-11T11:32:09.511094Z,VIC1-NSW1:VIC1,C2027Q3,1.0,13248.0,104.0,104.0,1.0,15732.0,fill_rate_based_v2_global_percentile,100.0,37.5,BUY,0.915,2484.0,18.75,1.0,-0.25,,,,,,,
,,,,,,,,,,,,,,,,,,,,,,,,,2026-07-11T11:32:09.515494Z,NSW1-QLD1:NSW1,C2027Q3,2.0,4903.0,62.0,62.0,1.0,5690.32,fill_rate_based_v2_global_percentile,100.0,10.58,BUY,0.915,787.32,16.06,1.0,-0.79,,,,,,,
,,,,,,,,,,,,,,,,,,,,,,,,,2026-07-11T11:32:09.519827Z,NSW1-QLD1:QLD1,C2027Q3,2.0,33200.76,123.0,108.0,0.878049,35648.65,fill_rate_based_v2_global_percentile,66.99,55.77,HOLD,0.435,2447.89,7.37,0.34,0.12,,,,,,,
,,,,,,,,,,,,,,,,,,,,,,,,,2026-07-11T11:32:09.524248Z,V-SA:SA1,C2027Q3,2.0,5157.0,65.0,64.0,0.984615,5533.77,fill_rate_based_v2_global_percentile,76.92,15.38,HOLD,0.573,376.77,7.31,0.54,-0.69,,,,,,,
,,,,,,,,,,,,,,,,,,,,,,,,,2026-07-11T11:32:09.528678Z,V-SA:VIC1,C2027Q3,2.0,10000.79,57.0,57.0,1.0,11542.61,fill_rate_based_v2_global_percentile,100.0,4.17,BUY,0.915,1541.82,15.42,1.0,-0.92,,,,,,,
,,,,,,,,,,,,,,,,,,,,,,,,,2026-07-11T11:32:09.533083Z,VIC1-NSW1:NSW1,C2027Q3,2.0,2658.0,108.0,108.0,1.0,3170.01,fill_rate_based_v2_global_percentile,100.0,42.63,BUY,0.915,512.01,19.26,1.0,-0.15,,,,,,,
,,,,,,,,,,,,,,,,,,,,,,,,,2026-07-11T11:32:09.537485Z,VIC1-NSW1:VIC1,C2027Q3,2.0,16600.0,145.0,120.0,0.827586,17754.53,fill_rate_based_v2_global_percentile,62.82,68.27,HOLD,0.392,1154.53,6.95,0.26,0.37,,,,,,,
,,,,,,,,,,,,,,,,,,,,,,,,,2026-07-11T11:32:09.541951Z,NSW1-QLD1:NSW1,C2027Q3,3.0,5055.51,62.0,62.0,1.0,5867.32,fill_rate_based_v2_global_percentile,100.0,10.58,BUY,0.915,811.81,16.06,1.0,-0.79,,,,,,,
,,,,,,,,,,,,,,,,,,,,,,,,,2026-07-11T11:32:09.546373Z,NSW1-QLD1:QLD1,C2027Q3,3.0,33771.85,135.0,108.0,0.8,35254.43,fill_rate_based_v2_global_percentile,57.69,63.14,HOLD,0.309,1482.58,4.39,0.15,0.26,,,,,,,
,,,,,,,,,,,,,,,,,,,,,,,,,2026-07-11T11:32:09.550830Z,V-SA:SA1,C2027Q3,3.0,5414.85,67.0,67.0,1.0,6319.08,fill_rate_based_v2_global_percentile,100.0,16.99,BUY,0.915,904.23,16.7,1.0,-0.66,,,,,,,
,,,,,,,,,,,,,,,,,,,,,,,,,2026-07-11T11:32:09.555269Z,V-SA:VIC1,C2027Q3,3.0,11503.0,58.0,56.0,0.965517,12041.46,fill_rate_based_v2_global_percentile,73.08,4.49,HOLD,0.517,538.46,4.68,0.46,-0.91,,,,,,,
,,,,,,,,,,,,,,,,,,,,,,,,,2026-07-11T11:32:09.559743Z,VIC1-NSW1:NSW1,C2027Q3,3.0,2976.22,101.0,101.0,1.0,3530.45,fill_rate_based_v2_global_percentile,100.0,36.22,BUY,0.915,554.23,18.62,1.0,-0.28,,,,,,,
,,,,,,,,,,,,,,,,,,,,,,,,,2026-07-11T11:32:09.564242Z,VIC1-NSW1:VIC1,C2027Q3,3.0,18303.0,140.0,113.0,0.807143,19270.68,fill_rate_based_v2_global_percentile,59.29,65.71,HOLD,0.336,967.68,5.29,0.19,0.31,,,,,,,
,,,,,,,,,,,,,,,,,,,,,,,,,2026-07-11T11:32:09.568711Z,NSW1-QLD1:NSW1,C2027Q3,4.0,4496.2,62.0,62.0,1.0,5218.2,fill_rate_based_v2_global_percentile,100.0,10.58,BUY,0.915,722.0,16.06,1.0,-0.79,,,,,,,
,,,,,,,,,,,,,,,,,,,,,,,,,2026-07-11T11:32:09.573187Z,NSW1-QLD1:QLD1,C2027Q3,4.0,29350.32,133.0,108.0,0.81203,30855.99,fill_rate_based_v2_global_percentile,59.94,61.54,HOLD,0.339,1505.67,5.13,0.2,0.23,,,,,,,
,,,,,,,,,,,,,,,,,,,,,,,,,2026-07-11T11:32:09.577694Z,V-SA:SA1,C2027Q3,4.0,4753.0,61.0,61.0,1.0,5499.46,fill_rate_based_v2_global_percentile,100.0,7.05,BUY,0.915,746.46,15.71,1.0,-0.86,,,,,,,
,,,,,,,,,,,,,,,,,,,,,,,,,2026-07-11T11:32:09.582211Z,V-SA:VIC1,C2027Q3,4.0,10753.0,73.0,71.0,0.972603,11507.75,fill_rate_based_v2_global_percentile,74.68,21.47,HOLD,0.54,754.75,7.02,0.49,-0.57,,,,,,,
,,,,,,,,,,,,,,,,,,,,,,,,,2026-07-11T11:32:09.586731Z,VIC1-NSW1:NSW1,C2027Q3,4.0,2989.18,92.0,92.0,1.0,3528.58,fill_rate_based_v2_global_percentile,100.0,30.45,BUY,0.915,539.4,18.05,1.0,-0.39,,,,,,,
,,,,,,,,,,,,,,,,,,,,,,,,,2026-07-11T11:32:09.591294Z,VIC1-NSW1:VIC1,C2027Q3,4.0,16472.7,145.0,120.0,0.827586,17618.38,fill_rate_based_v2_global_percentile,62.82,68.27,HOLD,0.392,1145.68,6.96,0.26,0.37,,,,,,,
,,,,,,,,,,,,,,,,,,,,,,,,,2026-07-11T11:32:09.595798Z,NSW1-QLD1:NSW1,C2027Q3,5.0,3935.2,70.0,62.0,0.885714,4091.62,fill_rate_based_v2_global_percentile,67.63,19.23,HOLD,0.436,156.42,3.97,0.35,-0.62,,,,,,,
,,,,,,,,,,,,,,,,,,,,,,,,,2026-07-11T11:32:09.600393Z,NSW1-QLD1:QLD1,C2027Q3,5.0,29920.66,131.0,108.0,0.824427,31647.08,fill_rate_based_v2_global_percentile,61.86,60.26,HOLD,0.366,1726.42,5.77,0.24,0.21,,,,,,,
,,,,,,,,,,,,,,,,,,,,,,,,,2026-07-11T11:32:09.604936Z,V-SA:SA1,C2027Q3,5.0,4100.18,68.0,64.0,0.941176,4319.58,fill_rate_based_v2_global_percentile,71.47,17.63,HOLD,0.493,219.4,5.35,0.43,-0.65,,,,,,,
,,,,,,,,,,,,,,,,,,,,,,,,,2026-07-11T11:32:09.609488Z,V-SA:VIC1,C2027Q3,5.0,9961.7,100.0,73.0,0.73,9683.77,fill_rate_based_v2_global_percentile,46.79,34.94,WATCH,0.223,-277.93,-2.79,-0.06,-0.3,,,,,,,
,,,,,,,,,,,,,,,,,,,,,,,,,2026-07-11T11:32:09.614065Z,VIC1-NSW1:NSW1,C2027Q3,5.0,3057.6,97.0,90.0,0.927835,3261.39,fill_rate_based_v2_global_percentile,70.83,33.33,HOLD,0.483,203.79,6.67,0.42,-0.33,,,,,,,
,,,,,,,,,,,,,,,,,,,,,,,,,2026-07-11T11:32:09.618614Z,VIC1-NSW1:VIC1,C2027Q3,5.0,14500.87,129.0,111.0,0.860465,15560.74,fill_rate_based_v2_global_percentile,66.03,58.97,HOLD,0.426,1059.87,7.31,0.32,0.18,,,,,,,
,,,,,,,,,,,,,,,,,,,,,,,,,2026-07-11T11:32:09.623207Z,NSW1-QLD1:NSW1,C2027Q3,6.0,2995.92,73.0,62.0,0.849315,3098.71,fill_rate_based_v2_global_percentile,65.71,21.47,WATCH,0.408,102.79,3.43,0.31,-0.57,,,,,,,
,,,,,,,,,,,,,,,,,,,,,,,,,2026-07-11T11:32:09.627837Z,NSW1-QLD1:QLD1,C2027Q3,6.0,30360.0,156.0,108.0,0.692308,30010.25,fill_rate_based_v2_global_percentile,41.35,73.08,WATCH,0.338,-349.75,-1.15,-0.17,0.46,,,,,,,
,,,,,,,,,,,,,,,,,,,,,,,,,2026-07-11T11:32:09.632541Z,V-SA:SA1,C2027Q3,6.0,3403.0,84.0,64.0,0.761905,3343.01,fill_rate_based_v2_global_percentile,50.96,28.53,WATCH,0.189,-59.99,-1.76,0.02,-0.43,,,,,,,
,,,,,,,,,,,,,,,,,,,,,,,,,2026-07-11T11:32:09.637120Z,V-SA:VIC1,C2027Q3,6.0,6579.62,123.0,73.0,0.593496,6060.95,fill_rate_based_v2_global_percentile,28.85,55.77,AVOID,0.497,-518.67,-7.88,-0.42,0.12,,,,,,,
,,,,,,,,,,,,,,,,,,,,,,,,,2026-07-11T11:32:09.641787Z,VIC1-NSW1:NSW1,C2027Q3,6.0,2440.34,138.0,108.0,0.782609,2519.36,fill_rate_based_v2_global_percentile,54.49,64.42,WATCH,0.263,79.02,3.24,0.09,0.29,,,,,,,
,,,,,,,,,,,,,,,,,,,,,,,,,2026-07-11T11:32:09.646403Z,VIC1-NSW1:VIC1,C2027Q3,6.0,10220.6,200.0,125.0,0.625,9863.39,fill_rate_based_v2_global_percentile,33.01,83.01,AVOID,0.476,-357.21,-3.5,-0.34,0.66,,,,,,,
,,,,,,,,,,,,,,,,,,,,,,,,,2026-07-11T11:32:09.651115Z,NSW1-QLD1:NSW1,C2027Q3,7.0,2696.33,74.0,62.0,0.837838,2777.54,fill_rate_based_v2_global_percentile,64.42,22.44,WATCH,0.388,81.21,3.01,0.29,-0.55,,,,,,,
,,,,,,,,,,,,,,,,,,,,,,,,,2026-07-11T11:32:09.655736Z,NSW1-QLD1:QLD1,C2027Q3,7.0,29605.0,149.0,108.0,0.724832,29765.76,fill_rate_based_v2_global_percentile,46.47,69.55,WATCH,0.257,160.76,0.54,-0.07,0.39,,,,,,,
,,,,,,,,,,,,,,,,,,,,,,,,,2026-07-11T11:32:09.660526Z,V-SA:SA1,C2027Q3,7.0,2200.0,92.0,64.0,0.695652,2094.95,fill_rate_based_v2_global_percentile,42.95,30.45,AVOID,0.279,-105.05,-4.78,-0.14,-0.39,,,,,,,
,,,,,,,,,,,,,,,,,,,,,,,,,2026-07-11T11:32:09.665305Z,V-SA:VIC1,C2027Q3,7.0,6579.62,105.0,73.0,0.695238,6311.83,fill_rate_based_v2_global_percentile,42.63,38.78,AVOID,0.284,-267.79,-4.07,-0.15,-0.22,,,,,,,
,,,,,,,,,,,,,,,,,,,,,,,,,2026-07-11T11:32:09.670065Z,VIC1-NSW1:NSW1,C2027Q3,7.0,2020.46,150.0,108.0,0.72,2031.43,fill_rate_based_v2_global_percentile,46.15,70.83,WATCH,0.263,10.97,0.54,-0.08,0.42,,,,,,,
,,,,,,,,,,,,,,,,,,,,,,,,,2026-07-11T11:32:09.674879Z,VIC1-NSW1:VIC1,C2027Q3,7.0,8120.19,240.0,125.0,0.520833,7469.52,fill_rate_based_v2_global_percentile,19.55,91.67,AVOID,0.688,-650.67,-8.01,-0.61,0.83,,,,,,,
,,,,,,,,,,,,,,,,,,,,,,,,,2026-07-11T11:32:09.680012Z,NSW1-QLD1:NSW1,C2027Q3,8.0,2317.0,70.0,68.0,0.971429,2471.47,fill_rate_based_v2_global_percentile,74.36,19.23,HOLD,0.536,154.47,6.67,0.49,-0.62,,,,,,,
,,,,,,,,,,,,,,,,,,,,,,,,,2026-07-11T11:32:09.685395Z,NSW1-QLD1:QLD1,C2027Q3,8.0,19412.0,209.0,108.0,0.516746,17564.37,fill_rate_based_v2_global_percentile,17.31,85.58,AVOID,0.712,-1847.63,-9.52,-0.65,0.71,,,,,,,
,,,,,,,,,,,,,,,,,,,,,,,,,2026-07-11T11:32:09.690825Z,T-V-MNSP1:TAS1,C2027Q3,8.0,8039.0,100.0,100.0,1.0,9525.73,fill_rate_based_v2_global_percentile,100.0,34.94,BUY,0.915,1486.73,18.49,1.0,-0.3,,,,,,,
,,,,,,,,,,,,,,,,,,,,,,,,,2026-07-11T11:32:09.696558Z,T-V-MNSP1:VIC1,C2027Q3,8.0,10242.15,100.0,100.0,1.0,12136.33,fill_rate_based_v2_global_percentile,100.0,34.94,BUY,0.915,1894.18,18.49,1.0,-0.3,,,,,,,
,,,,,,,,,,,,,,,,,,,,,,,,,2026-07-11T11:32:09.708027Z,V-SA:SA1,C2027Q3,8.0,1196.0,116.0,64.0,0.551724,1062.24,fill_rate_based_v2_global_percentile,22.12,49.68,AVOID,0.588,-133.76,-11.18,-0.56,-0.01,,,,,,,
,,,,,,,,,,,,,,,,,,,,,,,,,2026-07-11T11:32:09.719318Z,V-SA:VIC1,C2027Q3,8.0,5500.0,119.0,73.0,0.613445,5110.44,fill_rate_based_v2_global_percentile,31.41,53.53,AVOID,0.455,-389.56,-7.08,-0.37,0.07,,,,,,,
,,,,,,,,,,,,,,,,,,,,,,,,,2026-07-11T11:32:09.725109Z,VIC1-NSW1:NSW1,C2027Q3,8.0,1295.61,138.0,108.0,0.782609,1337.56,fill_rate_based_v2_global_percentile,54.49,64.42,WATCH,0.263,41.95,3.24,0.09,0.29,,,,,,,
,,,,,,,,,,,,,,,,,,,,,,,,,2026-07-11T11:32:09.730358Z,VIC1-NSW1:VIC1,C2027Q3,8.0,7000.0,240.0,125.0,0.520833,6439.09,fill_rate_based_v2_global_percentile,19.55,91.67,AVOID,0.688,-560.91,-8.01,-0.61,0.83,,,,,,,
,,,,,,,,,,,,,,,,,,,,,,,,,2026-07-11T11:32:09.735386Z,NSW1-QLD1:NSW1,C2027Q4,1.0,9375.0,62.0,62.0,1.0,10880.44,fill_rate_based_v2_global_percentile,100.0,10.58,BUY,0.915,1505.44,16.06,1.0,-0.79,,,,,,,
,,,,,,,,,,,,,,,,,,,,,,,,,2026-07-11T11:32:09.740375Z,NSW1-QLD1:QLD1,C2027Q4,1.0,19253.0,108.0,108.0,1.0,22961.71,fill_rate_based_v2_global_percentile,100.0,42.63,BUY,0.915,3708.71,19.26,1.0,-0.15,,,,,,,
,,,,,,,,,,,,,,,,,,,,,,,,,2026-07-11T11:32:09.745396Z,V-SA:SA1,C2027Q4,1.0,4753.0,64.0,64.0,1.0,5534.49,fill_rate_based_v2_global_percentile,100.0,14.42,BUY,0.915,781.49,16.44,1.0,-0.71,,,,,,,
,,,,,,,,,,,,,,,,,,,,,,,,,2026-07-11T11:32:09.750291Z,V-SA:VIC1,C2027Q4,1.0,9978.5,63.0,63.0,1.0,11584.04,fill_rate_based_v2_global_percentile,100.0,10.9,BUY,0.915,1605.54,16.09,1.0,-0.78,,,,,,,
,,,,,,,,,,,,,,,,,,,,,,,,,2026-07-11T11:32:09.755146Z,VIC1-NSW1:NSW1,C2027Q4,1.0,1620.0,108.0,108.0,1.0,1932.06,fill_rate_based_v2_global_percentile,100.0,42.63,BUY,0.915,312.06,19.26,1.0,-0.15,,,,,,,
,,,,,,,,,,,,,,,,,,,,,,,,,2026-07-11T11:32:09.760036Z,VIC1-NSW1:VIC1,C2027Q4,1.0,14835.0,120.0,120.0,1.0,17863.86,fill_rate_based_v2_global_percentile,100.0,54.17,BUY,0.921,3028.86,20.42,1.0,0.08,,,,,,,
,,,,,,,,,,,,,,,,,,,,,,,,,2026-07-11T11:32:09.764925Z,NSW1-QLD1:NSW1,C2027Q4,2.0,9345.36,62.0,62.0,1.0,10846.04,fill_rate_based_v2_global_percentile,100.0,10.58,BUY,0.915,1500.68,16.06,1.0,-0.79,,,,,,,
,,,,,,,,,,,,,,,,,,,,,,,,,2026-07-11T11:32:09.769842Z,NSW1-QLD1:QLD1,C2027Q4,2.0,20053.0,110.0,108.0,0.981818,22026.01,fill_rate_based_v2_global_percentile,76.28,43.27,BUY,0.564,1973.01,9.84,0.53,-0.13,,,,,,,
,,,,,,,,,,,,,,,,,,,,,,,,,2026-07-11T11:32:09.774743Z,V-SA:SA1,C2027Q4,2.0,5251.77,64.0,64.0,1.0,6115.27,fill_rate_based_v2_global_percentile,100.0,14.42,BUY,0.915,863.5,16.44,1.0,-0.71,,,,,,,
,,,,,,,,,,,,,,,,,,,,,,,,,2026-07-11T11:32:09.779812Z,V-SA:VIC1,C2027Q4,2.0,11103.0,62.0,62.0,1.0,12885.92,fill_rate_based_v2_global_percentile,100.0,10.58,BUY,0.915,1782.92,16.06,1.0,-0.79,,,,,,,
,,,,,,,,,,,,,,,,,,,,,,,,,2026-07-11T11:32:09.784848Z,VIC1-NSW1:NSW1,C2027Q4,2.0,1853.0,101.0,101.0,1.0,2198.07,fill_rate_based_v2_global_percentile,100.0,36.22,BUY,0.915,345.07,18.62,1.0,-0.28,,,,,,,
,,,,,,,,,,,,,,,,,,,,,,,,,2026-07-11T11:32:09.789920Z,VIC1-NSW1:VIC1,C2027Q4,2.0,16203.0,115.0,113.0,0.982609,17911.44,fill_rate_based_v2_global_percentile,76.6,49.04,BUY,0.569,1708.44,10.54,0.53,-0.02,,,,,,,
,,,,,,,,,,,,,,,,,,,,,,,,,2026-07-11T11:32:09.795039Z,NSW1-QLD1:NSW1,C2027Q4,3.0,8280.0,64.0,62.0,0.96875,8771.0,fill_rate_based_v2_global_percentile,73.72,14.42,HOLD,0.526,491.0,5.93,0.47,-0.71,,,,,,,
,,,,,,,,,,,,,,,,,,,,,,,,,2026-07-11T11:32:09.800063Z,NSW1-QLD1:QLD1,C2027Q4,3.0,20053.0,114.0,108.0,0.947368,21775.15,fill_rate_based_v2_global_percentile,71.79,48.72,HOLD,0.497,1722.15,8.59,0.44,-0.03,,,,,,,
,,,,,,,,,,,,,,,,,,,,,,,,,2026-07-11T11:32:09.805166Z,V-SA:SA1,C2027Q4,3.0,5003.0,61.0,61.0,1.0,5788.72,fill_rate_based_v2_global_percentile,100.0,7.05,BUY,0.915,785.72,15.7,1.0,-0.86,,,,,,,
,,,,,,,,,,,,,,,,,,,,,,,,,2026-07-11T11:32:09.810314Z,V-SA:VIC1,C2027Q4,3.0,10308.76,80.0,73.0,0.9125,10830.8,fill_rate_based_v2_global_percentile,68.91,25.0,HOLD,0.455,522.04,5.06,0.38,-0.5,,,,,,,
,,,,,,,,,,,,,,,,,,,,,,,,,2026-07-11T11:32:09.815613Z,VIC1-NSW1:NSW1,C2027Q4,3.0,1903.0,105.0,105.0,1.0,2262.25,fill_rate_based_v2_global_percentile,100.0,38.78,BUY,0.915,359.25,18.88,1.0,-0.22,,,,,,,
,,,,,,,,,,,,,,,,,,,,,,,,,2026-07-11T11:32:09.820791Z,VIC1-NSW1:VIC1,C2027Q4,3.0,14582.7,118.0,118.0,1.0,17536.57,fill_rate_based_v2_global_percentile,100.0,52.56,BUY,0.919,2953.87,20.26,1.0,0.05,,,,,,,
,,,,,,,,,,,,,,,,,,,,,,,,,2026-07-11T11:32:09.825919Z,NSW1-QLD1:NSW1,C2027Q4,4.0,9364.68,74.0,62.0,0.837838,9646.74,fill_rate_based_v2_global_percentile,64.42,22.44,WATCH,0.388,282.06,3.01,0.29,-0.55,,,,,,,
,,,,,,,,,,,,,,,,,,,,,,,,,2026-07-11T11:32:09.831072Z,NSW1-QLD1:QLD1,C2027Q4,4.0,20869.11,134.0,108.0,0.80597,21872.08,fill_rate_based_v2_global_percentile,58.97,62.18,HOLD,0.326,1002.97,4.81,0.18,0.24,,,,,,,
,,,,,,,,,,,,,,,,,,,,,,,,,2026-07-11T11:32:09.836250Z,V-SA:SA1,C2027Q4,4.0,3774.39,67.0,64.0,0.955224,3993.42,fill_rate_based_v2_global_percentile,72.76,16.99,HOLD,0.512,219.03,5.8,0.46,-0.66,,,,,,,
,,,,,,,,,,,,,,,,,,,,,,,,,2026-07-11T11:32:09.841389Z,V-SA:VIC1,C2027Q4,4.0,7750.88,97.0,67.0,0.690722,7343.57,fill_rate_based_v2_global_percentile,41.03,33.33,AVOID,0.308,-407.31,-5.26,-0.18,-0.33,,,,,,,
,,,,,,,,,,,,,,,,,,,,,,,,,2026-07-11T11:32:09.846468Z,VIC1-NSW1:NSW1,C2027Q4,4.0,1712.7,104.0,101.0,0.971154,1855.98,fill_rate_based_v2_global_percentile,74.04,37.5,HOLD,0.531,143.28,8.37,0.48,-0.25,,,,,,,
,,,,,,,,,,,,,,,,,,,,,,,,,2026-07-11T11:32:09.851553Z,VIC1-NSW1:VIC1,C2027Q4,4.0,12503.0,111.0,96.0,0.864865,13256.56,fill_rate_based_v2_global_percentile,66.35,44.87,HOLD,0.417,753.56,6.03,0.33,-0.1,,,,,,,
,,,,,,,,,,,,,,,,,,,,,,,,,2026-07-11T11:32:09.856823Z,NSW1-QLD1:NSW1,C2027Q4,5.0,7797.0,64.0,62.0,0.96875,8259.36,fill_rate_based_v2_global_percentile,73.72,14.42,HOLD,0.526,462.36,5.93,0.47,-0.71,,,,,,,
,,,,,,,,,,,,,,,,,,,,,,,,,2026-07-11T11:32:09.862063Z,NSW1-QLD1:QLD1,C2027Q4,5.0,18768.0,134.0,108.0,0.80597,19669.99,fill_rate_based_v2_global_percentile,58.97,62.18,HOLD,0.326,901.99,4.81,0.18,0.24,,,,,,,
,,,,,,,,,,,,,,,,,,,,,,,,,2026-07-11T11:32:09.867283Z,V-SA:SA1,C2027Q4,5.0,2725.0,84.0,64.0,0.761905,2676.96,fill_rate_based_v2_global_percentile,50.96,28.53,WATCH,0.189,-48.04,-1.76,0.02,-0.43,,,,,,,
,,,,,,,,,,,,,,,,,,,,,,,,,2026-07-11T11:32:09.872546Z,V-SA:VIC1,C2027Q4,5.0,4060.2,129.0,73.0,0.565891,3675.01,fill_rate_based_v2_global_percentile,24.04,58.97,AVOID,0.573,-385.19,-9.49,-0.52,0.18,,,,,,,
,,,,,,,,,,,,,,,,,,,,,,,,,2026-07-11T11:32:09.877985Z,VIC1-NSW1:NSW1,C2027Q4,5.0,1203.0,118.0,108.0,0.915254,1300.15,fill_rate_based_v2_global_percentile,69.55,52.56,HOLD,0.468,97.15,8.08,0.39,0.05,,,,,,,
,,,,,,,,,,,,,,,,,,,,,,,,,2026-07-11T11:32:09.883555Z,VIC1-NSW1:VIC1,C2027Q4,5.0,8003.0,188.0,125.0,0.664894,7895.2,fill_rate_based_v2_global_percentile,39.42,78.85,WATCH,0.375,-107.8,-1.35,-0.21,0.58,,,,,,,
,,,,,,,,,,,,,,,,,,,,,,,,,2026-07-11T11:32:09.888878Z,NSW1-QLD1:NSW1,C2027Q4,6.0,7277.2,74.0,62.0,0.837838,7496.39,fill_rate_based_v2_global_percentile,64.42,22.44,WATCH,0.388,219.19,3.01,0.29,-0.55,,,,,,,
,,,,,,,,,,,,,,,,,,,,,,,,,2026-07-11T11:32:09.894647Z,NSW1-QLD1:QLD1,C2027Q4,6.0,19179.0,143.0,108.0,0.755245,19455.75,fill_rate_based_v2_global_percentile,49.36,66.99,WATCH,0.21,276.75,1.44,-0.01,0.34,,,,,,,
,,,,,,,,,,,,,,,,,,,,,,,,,2026-07-11T11:32:09.900204Z,V-SA:SA1,C2027Q4,6.0,1380.78,83.0,64.0,0.771084,1364.82,fill_rate_based_v2_global_percentile,52.88,26.92,WATCH,0.218,-15.96,-1.16,0.06,-0.46,,,,,,,
,,,,,,,,,,,,,,,,,,,,,,,,,2026-07-11T11:32:09.905515Z,V-SA:VIC1,C2027Q4,6.0,4120.37,111.0,73.0,0.657658,3909.04,fill_rate_based_v2_global_percentile,38.46,44.87,AVOID,0.346,-211.33,-5.13,-0.23,-0.1,,,,,,,
,,,,,,,,,,,,,,,,,,,,,,,,,2026-07-11T11:32:09.910830Z,VIC1-NSW1:NSW1,C2027Q4,6.0,980.46,140.0,108.0,0.771429,1008.45,fill_rate_based_v2_global_percentile,53.21,65.71,WATCH,0.246,27.99,2.85,0.06,0.31,,,,,,,
,,,,,,,,,,,,,,,,,,,,,,,,,2026-07-11T11:32:09.916030Z,VIC1-NSW1:VIC1,C2027Q4,6.0,6200.19,215.0,125.0,0.581395,5832.52,fill_rate_based_v2_global_percentile,25.96,86.86,AVOID,0.586,-367.67,-5.93,-0.48,0.74,,,,,,,
,,,,,,,,,,,,,,,,,,,,,,,,,2026-07-11T11:32:09.921265Z,NSW1-QLD1:NSW1,C2027Q4,7.0,5603.56,69.0,62.0,0.898551,5837.06,fill_rate_based_v2_global_percentile,68.27,18.59,HOLD,0.445,233.5,4.17,0.37,-0.63,,,,,,,
,,,,,,,,,,,,,,,,,,,,,,,,,2026-07-11T11:32:09.926561Z,NSW1-QLD1:QLD1,C2027Q4,7.0,12786.0,204.0,108.0,0.529412,11720.41,fill_rate_based_v2_global_percentile,20.51,84.62,AVOID,0.663,-1065.59,-8.33,-0.59,0.69,,,,,,,
,,,,,,,,,,,,,,,,,,,,,,,,,2026-07-11T11:32:09.931869Z,T-V-MNSP1:TAS1,C2027Q4,7.0,2632.0,83.0,83.0,1.0,3097.65,fill_rate_based_v2_global_percentile,100.0,26.92,BUY,0.915,465.65,17.69,1.0,-0.46,,,,,,,
,,,,,,,,,,,,,,,,,,,,,,,,,2026-07-11T11:32:09.937141Z,T-V-MNSP1:VIC1,C2027Q4,7.0,14144.58,83.0,83.0,1.0,16647.04,fill_rate_based_v2_global_percentile,100.0,26.92,BUY,0.915,2502.46,17.69,1.0,-0.46,,,,,,,
,,,,,,,,,,,,,,,,,,,,,,,,,2026-07-11T11:32:09.942490Z,V-SA:SA1,C2027Q4,7.0,1003.0,99.0,64.0,0.646465,936.77,fill_rate_based_v2_global_percentile,37.5,33.97,AVOID,0.36,-66.23,-6.6,-0.25,-0.32,,,,,,,
,,,,,,,,,,,,,,,,,,,,,,,,,2026-07-11T11:32:09.947726Z,V-SA:VIC1,C2027Q4,7.0,4761.93,105.0,74.0,0.704762,4598.6,fill_rate_based_v2_global_percentile,44.23,38.78,WATCH,0.26,-163.33,-3.43,-0.12,-0.22,,,,,,,
,,,,,,,,,,,,,,,,,,,,,,,,,2026-07-11T11:32:09.953113Z,VIC1-NSW1:NSW1,C2027Q4,7.0,907.0,158.0,108.0,0.683544,895.1,fill_rate_based_v2_global_percentile,40.71,74.04,WATCH,0.349,-11.9,-1.31,-0.19,0.48,,,,,,,
,,,,,,,,,,,,,,,,,,,,,,,,,2026-07-11T11:32:09.958599Z,VIC1-NSW1:VIC1,C2027Q4,7.0,7322.0,240.0,125.0,0.520833,6735.29,fill_rate_based_v2_global_percentile,19.55,91.67,AVOID,0.688,-586.71,-8.01,-0.61,0.83,,,,,,,
,,,,,,,,,,,,,,,,,,,,,,,,,2026-07-11T11:32:09.964246Z,NSW1-QLD1:NSW1,C2028Q1,1.0,17525.32,62.0,62.0,1.0,20339.54,fill_rate_based_v2_global_percentile,100.0,10.58,BUY,0.915,2814.22,16.06,1.0,-0.79,,,,,,,
,,,,,,,,,,,,,,,,,,,,,,,,,2026-07-11T11:32:09.969779Z,NSW1-QLD1:QLD1,C2028Q1,1.0,21875.32,108.0,108.0,1.0,26089.16,fill_rate_based_v2_global_percentile,100.0,42.63,BUY,0.915,4213.84,19.26,1.0,-0.15,,,,,,,
,,,,,,,,,,,,,,,,,,,,,,,,,2026-07-11T11:32:09.975569Z,V-SA:SA1,C2028Q1,1.0,5703.0,61.0,61.0,1.0,6598.66,fill_rate_based_v2_global_percentile,100.0,7.05,BUY,0.915,895.66,15.71,1.0,-0.86,,,,,,,
,,,,,,,,,,,,,,,,,,,,,,,,,2026-07-11T11:32:09.981255Z,V-SA:VIC1,C2028Q1,1.0,17451.65,60.0,60.0,1.0,20164.51,fill_rate_based_v2_global_percentile,100.0,5.45,BUY,0.915,2712.86,15.55,1.0,-0.89,,,,,,,
,,,,,,,,,,,,,,,,,,,,,,,,,2026-07-11T11:32:09.986878Z,VIC1-NSW1:NSW1,C2028Q1,1.0,4500.72,101.0,101.0,1.0,5338.84,fill_rate_based_v2_global_percentile,100.0,36.22,BUY,0.915,838.12,18.62,1.0,-0.28,,,,,,,
,,,,,,,,,,,,,,,,,,,,,,,,,2026-07-11T11:32:09.992452Z,VIC1-NSW1:VIC1,C2028Q1,1.0,16215.0,113.0,113.0,1.0,19405.95,fill_rate_based_v2_global_percentile,100.0,46.79,BUY,0.915,3190.95,19.68,1.0,-0.06,,,,,,,
,,,,,,,,,,,,,,,,,,,,,,,,,2026-07-11T11:32:09.997863Z,NSW1-QLD1:NSW1,C2028Q1,2.0,15497.2,67.0,62.0,0.925373,16257.03,fill_rate_based_v2_global_percentile,70.51,16.99,HOLD,0.479,759.83,4.9,0.41,-0.66,,,,,,,
,,,,,,,,,,,,,,,,,,,,,,,,,2026-07-11T11:32:10.003344Z,NSW1-QLD1:QLD1,C2028Q1,2.0,20000.84,108.0,108.0,1.0,23853.6,fill_rate_based_v2_global_percentile,100.0,42.63,BUY,0.915,3852.76,19.26,1.0,-0.15,,,,,,,
,,,,,,,,,,,,,,,,,,,,,,,,,2026-07-11T11:32:10.009195Z,V-SA:SA1,C2028Q1,2.0,4775.0,64.0,64.0,1.0,5560.11,fill_rate_based_v2_global_percentile,100.0,14.42,BUY,0.915,785.11,16.44,1.0,-0.71,,,,,,,
,,,,,,,,,,,,,,,,,,,,,,,,,2026-07-11T11:32:10.015182Z,V-SA:VIC1,C2028Q1,2.0,22105.43,78.0,77.0,0.987179,23947.25,fill_rate_based_v2_global_percentile,77.24,24.36,HOLD,0.578,1841.82,8.33,0.54,-0.51,,,,,,,
,,,,,,,,,,,,,,,,,,,,,,,,,2026-07-11T11:32:10.020977Z,VIC1-NSW1:NSW1,C2028Q1,2.0,4528.67,104.0,99.0,0.951923,4872.76,fill_rate_based_v2_global_percentile,72.12,37.5,HOLD,0.502,344.09,7.6,0.44,-0.25,,,,,,,
,,,,,,,,,,,,,,,,,,,,,,,,,2026-07-11T11:32:10.026303Z,VIC1-NSW1:VIC1,C2028Q1,2.0,14260.9,119.0,119.0,1.0,17163.42,fill_rate_based_v2_global_percentile,100.0,53.53,BUY,0.92,2902.52,20.35,1.0,0.07,,,,,,,
,,,,,,,,,,,,,,,,,,,,,,,,,2026-07-11T11:32:10.031560Z,NSW1-QLD1:NSW1,C2028Q1,3.0,16008.72,76.0,62.0,0.815789,16234.76,fill_rate_based_v2_global_percentile,60.26,23.08,WATCH,0.327,226.04,1.41,0.21,-0.54,,,,,,,
,,,,,,,,,,,,,,,,,,,,,,,,,2026-07-11T11:32:10.036960Z,NSW1-QLD1:QLD1,C2028Q1,3.0,20400.0,111.0,108.0,0.972973,22361.46,fill_rate_based_v2_global_percentile,75.32,44.87,BUY,0.55,1961.46,9.61,0.51,-0.1,,,,,,,
,,,,,,,,,,,,,,,,,,,,,,,,,2026-07-11T11:32:10.042256Z,V-SA:SA1,C2028Q1,3.0,3815.0,64.0,64.0,1.0,4442.26,fill_rate_based_v2_global_percentile,100.0,14.42,BUY,0.915,627.26,16.44,1.0,-0.71,,,,,,,
,,,,,,,,,,,,,,,,,,,,,,,,,2026-07-11T11:32:10.047464Z,V-SA:VIC1,C2028Q1,3.0,15003.0,113.0,67.0,0.59292,13666.38,fill_rate_based_v2_global_percentile,28.53,46.79,AVOID,0.493,-1336.62,-8.91,-0.43,-0.06,,,,,,,
,,,,,,,,,,,,,,,,,,,,,,,,,2026-07-11T11:32:10.052669Z,VIC1-NSW1:NSW1,C2028Q1,3.0,4503.0,111.0,86.0,0.774775,4543.48,fill_rate_based_v2_global_percentile,53.53,44.87,WATCH,0.227,40.48,0.9,0.07,-0.1,,,,,,,
,,,,,,,,,,,,,,,,,,,,,,,,,2026-07-11T11:32:10.057964Z,VIC1-NSW1:VIC1,C2028Q1,3.0,11910.6,120.0,108.0,0.9,12845.94,fill_rate_based_v2_global_percentile,68.59,54.17,HOLD,0.456,935.34,7.85,0.37,0.08,,,,,,,
,,,,,,,,,,,,,,,,,,,,,,,,,2026-07-11T11:32:10.063241Z,NSW1-QLD1:NSW1,C2028Q1,4.0,13104.0,69.0,62.0,0.898551,13650.04,fill_rate_based_v2_global_percentile,68.27,18.59,HOLD,0.445,546.04,4.17,0.37,-0.63,,,,,,,
,,,,,,,,,,,,,,,,,,,,,,,,,2026-07-11T11:32:10.068827Z,NSW1-QLD1:QLD1,C2028Q1,4.0,19656.0,111.0,108.0,0.972973,21545.92,fill_rate_based_v2_global_percentile,75.32,44.87,BUY,0.55,1889.92,9.61,0.51,-0.1,,,,,,,
,,,,,,,,,,,,,,,,,,,,,,,,,2026-07-11T11:32:10.074664Z,V-SA:SA1,C2028Q1,4.0,2806.0,64.0,64.0,1.0,3267.36,fill_rate_based_v2_global_percentile,100.0,14.42,BUY,0.915,461.36,16.44,1.0,-0.71,,,,,,,
,,,,,,,,,,,,,,,,,,,,,,,,,2026-07-11T11:32:10.080942Z,V-SA:VIC1,C2028Q1,4.0,10003.0,144.0,73.0,0.506944,8794.14,fill_rate_based_v2_global_percentile,15.38,67.63,AVOID,0.714,-1208.86,-12.08,-0.69,0.35,,,,,,,
,,,,,,,,,,,,,,,,,,,,,,,,,2026-07-11T11:32:10.086750Z,VIC1-NSW1:NSW1,C2028Q1,4.0,3503.0,143.0,108.0,0.755245,3553.55,fill_rate_based_v2_global_percentile,49.36,66.99,WATCH,0.21,50.55,1.44,-0.01,0.34,,,,,,,
,,,,,,,,,,,,,,,,,,,,,,,,,2026-07-11T11:32:10.092572Z,VIC1-NSW1:VIC1,C2028Q1,4.0,7146.36,180.0,125.0,0.694444,7109.84,fill_rate_based_v2_global_percentile,41.67,78.21,WATCH,0.341,-36.52,-0.51,-0.17,0.56,,,,,,,
,,,,,,,,,,,,,,,,,,,,,,,,,2026-07-11T11:32:10.098773Z,NSW1-QLD1:NSW1,C2028Q2,1.0,4476.45,62.0,62.0,1.0,5195.28,fill_rate_based_v2_global_percentile,100.0,10.58,BUY,0.915,718.83,16.06,1.0,-0.79,,,,,,,
,,,,,,,,,,,,,,,,,,,,,,,,,2026-07-11T11:32:10.104776Z,NSW1-QLD1:QLD1,C2028Q2,1.0,30360.0,108.0,108.0,1.0,36208.25,fill_rate_based_v2_global_percentile,100.0,42.63,BUY,0.915,5848.25,19.26,1.0,-0.15,,,,,,,
,,,,,,,,,,,,,,,,,,,,,,,,,2026-07-11T11:32:10.110629Z,V-SA:SA1,C2028Q2,1.0,4082.0,64.0,64.0,1.0,4753.16,fill_rate_based_v2_global_percentile,100.0,14.42,BUY,0.915,671.16,16.44,1.0,-0.71,,,,,,,
,,,,,,,,,,,,,,,,,,,,,,,,,2026-07-11T11:32:10.116466Z,V-SA:VIC1,C2028Q2,1.0,10836.31,73.0,73.0,1.0,12694.41,fill_rate_based_v2_global_percentile,100.0,21.47,BUY,0.915,1858.1,17.15,1.0,-0.57,,,,,,,
,,,,,,,,,,,,,,,,,,,,,,,,,2026-07-11T11:32:10.122324Z,VIC1-NSW1:NSW1,C2028Q2,1.0,3050.22,95.0,95.0,1.0,3603.56,fill_rate_based_v2_global_percentile,100.0,31.41,BUY,0.915,553.34,18.14,1.0,-0.37,,,,,,,
,,,,,,,,,,,,,,,,,,,,,,,,,2026-07-11T11:32:10.128160Z,VIC1-NSW1:VIC1,C2028Q2,1.0,13950.0,117.0,117.0,1.0,16748.93,fill_rate_based_v2_global_percentile,100.0,50.64,BUY,0.916,2798.93,20.06,1.0,0.01,,,,,,,
,,,,,,,,,,,,,,,,,,,,,,,,,2026-07-11T11:32:10.134105Z,NSW1-QLD1:NSW1,C2028Q2,2.0,3822.0,67.0,62.0,0.925373,4009.39,fill_rate_based_v2_global_percentile,70.51,16.99,HOLD,0.479,187.39,4.9,0.41,-0.66,,,,,,,
,,,,,,,,,,,,,,,,,,,,,,,,,2026-07-11T11:32:10.139922Z,NSW1-QLD1:QLD1,C2028Q2,2.0,30591.0,133.0,108.0,0.81203,32160.32,fill_rate_based_v2_global_percentile,59.94,61.54,HOLD,0.339,1569.32,5.13,0.2,0.23,,,,,,,
,,,,,,,,,,,,,,,,,,,,,,,,,2026-07-11T11:32:10.145825Z,V-SA:SA1,C2028Q2,2.0,3709.8,64.0,64.0,1.0,4319.77,fill_rate_based_v2_global_percentile,100.0,14.42,BUY,0.915,609.97,16.44,1.0,-0.71,,,,,,,
,,,,,,,,,,,,,,,,,,,,,,,,,2026-07-11T11:32:10.151705Z,V-SA:VIC1,C2028Q2,2.0,8503.0,89.0,73.0,0.820225,8710.22,fill_rate_based_v2_global_percentile,61.22,29.49,WATCH,0.341,207.22,2.44,0.22,-0.41,,,,,,,
,,,,,,,,,,,,,,,,,,,,,,,,,2026-07-11T11:32:10.157955Z,VIC1-NSW1:NSW1,C2028Q2,2.0,3000.66,84.0,84.0,1.0,3536.37,fill_rate_based_v2_global_percentile,100.0,28.53,BUY,0.915,535.71,17.85,1.0,-0.43,,,,,,,
,,,,,,,,,,,,,,,,,,,,,,,,,2026-07-11T11:32:10.164420Z,VIC1-NSW1:VIC1,C2028Q2,2.0,12400.87,133.0,117.0,0.879699,13402.61,fill_rate_based_v2_global_percentile,67.31,61.54,HOLD,0.448,1001.74,8.08,0.35,0.23,,,,,,,
,,,,,,,,,,,,,,,,,,,,,,,,,2026-07-11T11:32:10.170730Z,NSW1-QLD1:NSW1,C2028Q3,1.0,3864.0,62.0,62.0,1.0,4484.48,fill_rate_based_v2_global_percentile,100.0,10.58,BUY,0.915,620.48,16.06,1.0,-0.79,,,,,,,
,,,,,,,,,,,,,,,,,,,,,,,,,2026-07-11T11:32:10.177140Z,NSW1-QLD1:QLD1,C2028Q3,1.0,30817.84,108.0,108.0,1.0,36754.28,fill_rate_based_v2_global_percentile,100.0,42.63,BUY,0.915,5936.44,19.26,1.0,-0.15,,,,,,,
,,,,,,,,,,,,,,,,,,,,,,,,,2026-07-11T11:32:10.183364Z,V-SA:SA1,C2028Q3,1.0,3803.0,64.0,64.0,1.0,4428.29,fill_rate_based_v2_global_percentile,100.0,14.42,BUY,0.915,625.29,16.44,1.0,-0.71,,,,,,,
,,,,,,,,,,,,,,,,,,,,,,,,,2026-07-11T11:32:10.189376Z,V-SA:VIC1,C2028Q3,1.0,9253.0,73.0,73.0,1.0,10839.61,fill_rate_based_v2_global_percentile,100.0,21.47,BUY,0.915,1586.61,17.15,1.0,-0.57,,,,,,,
,,,,,,,,,,,,,,,,,,,,,,,,,2026-07-11T11:32:10.194978Z,VIC1-NSW1:NSW1,C2028Q3,1.0,4000.0,108.0,108.0,1.0,4770.52,fill_rate_based_v2_global_percentile,100.0,42.63,BUY,0.915,770.52,19.26,1.0,-0.15,,,,,,,
,,,,,,,,,,,,,,,,,,,,,,,,,2026-07-11T11:32:10.200500Z,VIC1-NSW1:VIC1,C2028Q3,1.0,12219.2,125.0,125.0,1.0,14749.19,fill_rate_based_v2_global_percentile,100.0,57.05,BUY,0.926,2529.99,20.71,1.0,0.14,,,,,,,
,,,,,,,,,,,,,,,,,,,,,,,,,2026-07-11T11:32:10.205960Z,NSW1-QLD1:NSW1,C2028Q3,3.0,2700.0,65.0,62.0,0.953846,2848.88,fill_rate_based_v2_global_percentile,72.44,15.38,HOLD,0.507,148.88,5.51,0.45,-0.69,,,,,,,
,,,,,,,,,,,,,,,,,,,,,,,,,2026-07-11T11:32:10.211535Z,NSW1-QLD1:QLD1,C2028Q3,3.0,27655.74,141.0,108.0,0.765957,28320.31,fill_rate_based_v2_global_percentile,51.92,66.35,WATCH,0.228,664.57,2.4,0.04,0.33,,,,,,,
,,,,,,,,,,,,,,,,,,,,,,,,,2026-07-11T11:32:10.217028Z,V-SA:SA1,C2028Q3,3.0,2034.15,84.0,64.0,0.761905,1998.29,fill_rate_based_v2_global_percentile,50.96,28.53,WATCH,0.189,-35.86,-1.76,0.02,-0.43,,,,,,,
,,,,,,,,,,,,,,,,,,,,,,,,,2026-07-11T11:32:10.222543Z,V-SA:VIC1,C2028Q3,3.0,5256.14,98.0,73.0,0.744898,5116.38,fill_rate_based_v2_global_percentile,47.44,33.65,WATCH,0.213,-139.76,-2.66,-0.05,-0.33,,,,,,,
,,,,,,,,,,,,,,,,,,,,,,,,,2026-07-11T11:32:10.228039Z,VIC1-NSW1:NSW1,C2028Q3,3.0,2398.0,118.0,108.0,0.915254,2591.66,fill_rate_based_v2_global_percentile,69.55,52.56,HOLD,0.468,193.66,8.08,0.39,0.05,,,,,,,
,,,,,,,,,,,,,,,,,,,,,,,,,2026-07-11T11:32:10.233570Z,VIC1-NSW1:VIC1,C2028Q3,3.0,5525.39,149.0,125.0,0.838926,5959.19,fill_rate_based_v2_global_percentile,64.74,69.55,HOLD,0.422,433.8,7.85,0.29,0.39,,,,,,,
,,,,,,,,,,,,,,,,,,,,,,,,,2026-07-11T11:32:10.239045Z,NSW1-QLD1:NSW1,C2028Q4,1.0,7534.8,62.0,62.0,1.0,8744.74,fill_rate_based_v2_global_percentile,100.0,10.58,BUY,0.915,1209.94,16.06,1.0,-0.79,,,,,,,
,,,,,,,,,,,,,,,,,,,,,,,,,2026-07-11T11:32:10.244680Z,NSW1-QLD1:QLD1,C2028Q4,1.0,20705.52,108.0,108.0,1.0,24694.02,fill_rate_based_v2_global_percentile,100.0,42.63,BUY,0.915,3988.5,19.26,1.0,-0.15,,,,,,,
,,,,,,,,,,,,,,,,,,,,,,,,,2026-07-11T11:32:10.250173Z,V-SA:SA1,C2028Q4,1.0,4000.29,64.0,64.0,1.0,4658.02,fill_rate_based_v2_global_percentile,100.0,14.42,BUY,0.915,657.73,16.44,1.0,-0.71,,,,,,,
,,,,,,,,,,,,,,,,,,,,,,,,,2026-07-11T11:32:10.255745Z,V-SA:VIC1,C2028Q4,1.0,3543.26,73.0,73.0,1.0,4150.82,fill_rate_based_v2_global_percentile,100.0,21.47,BUY,0.915,607.56,17.15,1.0,-0.57,,,,,,,
,,,,,,,,,,,,,,,,,,,,,,,,,2026-07-11T11:32:10.261307Z,VIC1-NSW1:NSW1,C2028Q4,1.0,2853.0,108.0,108.0,1.0,3402.57,fill_rate_based_v2_global_percentile,100.0,42.63,BUY,0.915,549.57,19.26,1.0,-0.15,,,,,,,
,,,,,,,,,,,,,,,,,,,,,,,,,2026-07-11T11:32:10.266848Z,VIC1-NSW1:VIC1,C2028Q4,1.0,5503.0,125.0,125.0,1.0,6642.4,fill_rate_based_v2_global_percentile,100.0,57.05,BUY,0.926,1139.4,20.71,1.0,0.14,,,,,,,
,,,,,,,,,,,,,,,,,,,,,,,,,2026-07-11T12:33:32.990496Z,NSW1-QLD1:NSW1,C2024Q3,12.0,4500.0,73.0,55.0,0.753425,4348.57,fill_rate_based_v2_global_percentile,48.72,21.47,WATCH,0.194,-151.43,-3.37,-0.03,-0.57,,,,,,,
,,,,,,,,,,,,,,,,,,,,,,,,,2026-07-11T12:33:33.007104Z,NSW1-QLD1:QLD1,C2024Q3,12.0,35000.0,250.0,110.0,0.44,30299.85,fill_rate_based_v2_global_percentile,5.77,92.63,AVOID,0.894,-4700.15,-13.43,-0.88,0.85,,,,,,,
,,,,,,,,,,,,,,,,,,,,,,,,,2026-07-11T12:33:33.014071Z,V-SA:SA1,C2024Q3,12.0,4503.0,192.0,78.0,0.40625,3789.95,fill_rate_based_v2_global_percentile,2.88,80.13,AVOID,0.918,-713.05,-15.83,-0.94,0.6,,,,,,,
,,,,,,,,,,,,,,,,,,,,,,,,,2026-07-11T12:33:33.020350Z,V-SA:VIC1,C2024Q3,12.0,15349.2,152.0,78.0,0.513158,13617.66,fill_rate_based_v2_global_percentile,16.35,71.79,AVOID,0.706,-1731.54,-11.28,-0.67,0.44,,,,,,,
,,,,,,,,,,,,,,,,,,,,,,,,,2026-07-11T12:33:33.026029Z,VIC1-NSW1:NSW1,C2024Q3,12.0,3157.0,281.0,112.0,0.398577,2691.5,fill_rate_based_v2_global_percentile,1.92,94.87,AVOID,0.954,-465.5,-14.75,-0.96,0.9,,,,,,,
,,,,,,,,,,,,,,,,,,,,,,,,,2026-07-11T12:33:33.031520Z,VIC1-NSW1:VIC1,C2024Q3,12.0,17089.91,317.0,125.0,0.394322,14619.39,fill_rate_based_v2_global_percentile,1.6,99.04,AVOID,0.965,-2470.52,-14.46,-0.97,0.98,,,,,,,
,,,,,,,,,,,,,,,,,,,,,,,,,2026-07-11T12:33:33.037037Z,NSW1-QLD1:NSW1,C2024Q4,11.0,9019.68,60.0,48.0,0.8,8895.3,fill_rate_based_v2_global_percentile,57.69,5.45,WATCH,0.289,-124.38,-1.38,0.15,-0.89,,,,,,,
,,,,,,,,,,,,,,,,,,,,,,,,,2026-07-11T12:33:33.042537Z,NSW1-QLD1:QLD1,C2024Q4,11.0,19500.59,317.0,127.0,0.400631,16756.47,fill_rate_based_v2_global_percentile,2.56,99.04,AVOID,0.951,-2744.12,-14.07,-0.95,0.98,,,,,,,
,,,,,,,,,,,,,,,,,,,,,,,,,2026-07-11T12:33:33.047962Z,V-SA:SA1,C2024Q4,11.0,4403.0,190.0,76.0,0.4,3690.29,fill_rate_based_v2_global_percentile,2.24,79.17,AVOID,0.926,-712.71,-16.19,-0.96,0.58,,,,,,,
,,,,,,,,,,,,,,,,,,,,,,,,,2026-07-11T12:33:33.053418Z,V-SA:VIC1,C2024Q4,11.0,13288.66,94.0,73.0,0.776596,13237.76,fill_rate_based_v2_global_percentile,53.85,30.77,WATCH,0.232,-50.9,-0.38,0.08,-0.38,,,,,,,
,,,,,,,,,,,,,,,,,,,,,,,,,2026-07-11T12:33:33.058903Z,VIC1-NSW1:NSW1,C2024Q4,11.0,1544.45,212.0,124.0,0.584906,1457.81,fill_rate_based_v2_global_percentile,26.92,86.22,AVOID,0.571,-86.64,-5.61,-0.46,0.72,,,,,,,
,,,,,,,,,,,,,,,,,,,,,,,,,2026-07-11T12:33:33.064391Z,VIC1-NSW1:VIC1,C2024Q4,11.0,15740.05,338.0,127.0,0.37574,13434.45,fill_rate_based_v2_global_percentile,0.96,99.68,AVOID,0.975,-2305.6,-14.65,-0.98,0.99,,,,,,,
,,,,,,,,,,,,,,,,,,,,,,,,,2026-07-11T12:33:33.070000Z,NSW1-QLD1:NSW1,C2024Q4,12.0,10000.0,77.0,55.0,0.714286,9560.8,fill_rate_based_v2_global_percentile,45.51,24.04,AVOID,0.241,-439.2,-4.39,-0.09,-0.52,,,,,,,
,,,,,,,,,,,,,,,,,,,,,,,,,2026-07-11T12:33:33.075541Z,NSW1-QLD1:QLD1,C2024Q4,12.0,18755.0,320.0,105.0,0.328125,15977.76,fill_rate_based_v2_global_percentile,0.64,99.36,AVOID,0.98,-2777.24,-14.81,-0.99,0.99,,,,,,,
,,,,,,,,,,,,,,,,,,,,,,,,,2026-07-11T12:33:33.080984Z,V-SA:SA1,C2024Q4,12.0,5474.7,162.0,76.0,0.469136,4702.55,fill_rate_based_v2_global_percentile,8.65,74.36,AVOID,0.824,-772.15,-14.1,-0.83,0.49,,,,,,,
,,,,,,,,,,,,,,,,,,,,,,,,,2026-07-11T12:33:33.086491Z,V-SA:VIC1,C2024Q4,12.0,15082.85,130.0,80.0,0.615385,14120.71,fill_rate_based_v2_global_percentile,31.73,59.29,AVOID,0.459,-962.14,-6.38,-0.37,0.19,,,,,,,
,,,,,,,,,,,,,,,,,,,,,,,,,2026-07-11T12:33:33.092368Z,VIC1-NSW1:NSW1,C2024Q4,12.0,2231.25,183.0,114.0,0.622951,2137.56,fill_rate_based_v2_global_percentile,32.37,78.53,AVOID,0.479,-93.69,-4.2,-0.35,0.57,,,,,,,
,,,,,,,,,,,,,,,,,,,,,,,,,2026-07-11T12:33:33.098574Z,VIC1-NSW1:VIC1,C2024Q4,12.0,18001.0,410.0,130.0,0.317073,15323.89,fill_rate_based_v2_global_percentile,0.32,100.0,AVOID,0.985,-2677.11,-14.87,-0.99,1.0,,,,,,,
,,,,,,,,,,,,,,,,,,,,,,,,,2026-07-11T12:33:33.104340Z,NSW1-QLD1:NSW1,C2025Q1,10.0,22989.0,77.0,45.0,0.584416,20240.44,fill_rate_based_v2_global_percentile,26.6,24.04,AVOID,0.521,-2748.56,-11.96,-0.47,-0.52,,,,,,,
,,,,,,,,,,,,,,,,,,,,,,,,,2026-07-11T12:33:33.110004Z,NSW1-QLD1:QLD1,C2025Q1,10.0,23419.33,197.0,122.0,0.619289,22488.41,fill_rate_based_v2_global_percentile,32.05,82.05,AVOID,0.489,-930.92,-3.98,-0.36,0.64,,,,,,,
,,,,,,,,,,,,,,,,,,,,,,,,,2026-07-11T12:33:33.115633Z,V-SA:SA1,C2025Q1,10.0,6803.0,118.0,78.0,0.661017,6515.1,fill_rate_based_v2_global_percentile,38.78,52.56,AVOID,0.345,-287.9,-4.23,-0.22,0.05,,,,,,,
,,,,,,,,,,,,,,,,,,,,,,,,,2026-07-11T12:33:33.121254Z,V-SA:VIC1,C2025Q1,10.0,25000.0,113.0,73.0,0.646018,23637.75,fill_rate_based_v2_global_percentile,37.18,46.79,AVOID,0.365,-1362.25,-5.45,-0.26,-0.06,,,,,,,
,,,,,,,,,,,,,,,,,,,,,,,,,2026-07-11T12:33:33.126906Z,VIC1-NSW1:NSW1,C2025Q1,10.0,5072.76,200.0,112.0,0.56,4693.98,fill_rate_based_v2_global_percentile,23.08,83.01,AVOID,0.623,-378.78,-7.47,-0.54,0.66,,,,,,,
,,,,,,,,,,,,,,,,,,,,,,,,,2026-07-11T12:33:33.132467Z,VIC1-NSW1:VIC1,C2025Q1,10.0,19005.0,265.0,133.0,0.501887,17134.72,fill_rate_based_v2_global_percentile,14.42,93.91,AVOID,0.767,-1870.28,-9.84,-0.71,0.88,,,,,,,
,,,,,,,,,,,,,,,,,,,,,,,,,2026-07-11T12:33:33.138002Z,NSW1-QLD1:NSW1,C2025Q1,11.0,23755.0,83.0,45.0,0.542169,20495.81,fill_rate_based_v2_global_percentile,21.47,26.92,AVOID,0.597,-3259.19,-13.72,-0.57,-0.46,,,,,,,
,,,,,,,,,,,,,,,,,,,,,,,,,2026-07-11T12:33:33.143576Z,NSW1-QLD1:QLD1,C2025Q1,11.0,21432.59,191.0,105.0,0.549738,19646.18,fill_rate_based_v2_global_percentile,21.79,79.49,AVOID,0.637,-1786.41,-8.34,-0.56,0.59,,,,,,,
,,,,,,,,,,,,,,,,,,,,,,,,,2026-07-11T12:33:33.149212Z,V-SA:SA1,C2025Q1,11.0,7365.0,114.0,72.0,0.631579,6902.48,fill_rate_based_v2_global_percentile,34.62,48.72,AVOID,0.403,-462.52,-6.28,-0.31,-0.03,,,,,,,
,,,,,,,,,,,,,,,,,,,,,,,,,2026-07-11T12:33:33.154725Z,V-SA:VIC1,C2025Q1,11.0,27247.0,135.0,82.0,0.607407,25474.31,fill_rate_based_v2_global_percentile,30.45,63.14,AVOID,0.484,-1772.69,-6.51,-0.39,0.26,,,,,,,
,,,,,,,,,,,,,,,,,,,,,,,,,2026-07-11T12:33:33.160329Z,VIC1-NSW1:NSW1,C2025Q1,11.0,5392.78,235.0,110.0,0.468085,4703.04,fill_rate_based_v2_global_percentile,8.01,90.06,AVOID,0.857,-689.74,-12.79,-0.84,0.8,,,,,,,
,,,,,,,,,,,,,,,,,,,,,,,,,2026-07-11T12:33:33.165903Z,VIC1-NSW1:VIC1,C2025Q1,11.0,18054.75,282.0,135.0,0.478723,16093.1,fill_rate_based_v2_global_percentile,11.54,95.19,AVOID,0.812,-1961.65,-10.87,-0.77,0.9,,,,,,,
,,,,,,,,,,,,,,,,,,,,,,,,,2026-07-11T12:33:33.171486Z,NSW1-QLD1:NSW1,C2025Q1,12.0,25000.23,104.0,55.0,0.528846,21706.7,fill_rate_based_v2_global_percentile,20.19,37.5,AVOID,0.616,-3293.53,-13.17,-0.6,-0.25,,,,,,,
,,,,,,,,,,,,,,,,,,,,,,,,,2026-07-11T12:33:33.177091Z,NSW1-QLD1:QLD1,C2025Q1,12.0,25600.0,166.0,104.0,0.626506,24541.18,fill_rate_based_v2_global_percentile,33.33,75.32,AVOID,0.46,-1058.82,-4.14,-0.33,0.51,,,,,,,
,,,,,,,,,,,,,,,,,,,,,,,,,2026-07-11T12:33:33.182716Z,V-SA:SA1,C2025Q1,12.0,7850.0,133.0,70.0,0.526316,6994.51,fill_rate_based_v2_global_percentile,19.87,61.54,AVOID,0.638,-855.49,-10.9,-0.6,0.23,,,,,,,
,,,,,,,,,,,,,,,,,,,,,,,,,2026-07-11T12:33:33.188409Z,V-SA:VIC1,C2025Q1,12.0,21103.0,122.0,77.0,0.631148,19878.39,fill_rate_based_v2_global_percentile,34.29,54.81,AVOID,0.415,-1224.61,-5.8,-0.31,0.1,,,,,,,
,,,,,,,,,,,,,,,,,,,,,,,,,2026-07-11T12:33:33.194118Z,VIC1-NSW1:NSW1,C2025Q1,12.0,6651.1,301.0,116.0,0.385382,5672.59,fill_rate_based_v2_global_percentile,1.28,97.76,AVOID,0.968,-978.51,-14.71,-0.97,0.96,,,,,,,
,,,,,,,,,,,,,,,,,,,,,,,,,2026-07-11T12:33:33.199830Z,VIC1-NSW1:VIC1,C2025Q1,12.0,21600.0,219.0,125.0,0.570776,20222.35,fill_rate_based_v2_global_percentile,24.68,87.5,AVOID,0.606,-1377.65,-6.38,-0.51,0.75,,,,,,,
,,,,,,,,,,,,,,,,,,,,,,,,,2026-07-11T12:33:33.205446Z,NSW1-QLD1:NSW1,C2025Q2,9.0,4500.0,55.0,45.0,0.818182,4484.16,fill_rate_based_v2_global_percentile,60.9,2.88,WATCH,0.336,-15.84,-0.35,0.22,-0.94,,,,,,,
,,,,,,,,,,,,,,,,,,,,,,,,,2026-07-11T12:33:33.211065Z,NSW1-QLD1:QLD1,C2025Q2,9.0,34585.74,175.0,100.0,0.571429,32069.28,fill_rate_based_v2_global_percentile,25.0,77.24,AVOID,0.586,-2516.46,-7.28,-0.5,0.54,,,,,,,
,,,,,,,,,,,,,,,,,,,,,,,,,2026-07-11T12:33:33.216744Z,V-SA:SA1,C2025Q2,9.0,4603.0,116.0,66.0,0.568966,4129.44,fill_rate_based_v2_global_percentile,24.36,49.68,AVOID,0.554,-473.56,-10.29,-0.51,-0.01,,,,,,,
,,,,,,,,,,,,,,,,,,,,,,,,,2026-07-11T12:33:33.222387Z,V-SA:VIC1,C2025Q2,9.0,17215.05,96.0,77.0,0.802083,17457.61,fill_rate_based_v2_global_percentile,58.01,32.05,WATCH,0.294,242.56,1.41,0.16,-0.36,,,,,,,
,,,,,,,,,,,,,,,,,,,,,,,,,2026-07-11T12:33:33.228035Z,VIC1-NSW1:NSW1,C2025Q2,9.0,2785.27,204.0,115.0,0.563725,2585.34,fill_rate_based_v2_global_percentile,23.4,84.62,AVOID,0.621,-199.93,-7.18,-0.53,0.69,,,,,,,
,,,,,,,,,,,,,,,,,,,,,,,,,2026-07-11T12:33:33.233717Z,VIC1-NSW1:VIC1,C2025Q2,9.0,19050.05,243.0,125.0,0.514403,17334.59,fill_rate_based_v2_global_percentile,16.99,91.99,AVOID,0.727,-1715.46,-9.01,-0.66,0.84,,,,,,,
,,,,,,,,,,,,,,,,,,,,,,,,,2026-07-11T12:33:33.239371Z,NSW1-QLD1:NSW1,C2025Q2,10.0,4404.97,55.0,45.0,0.818182,4389.46,fill_rate_based_v2_global_percentile,60.9,2.88,WATCH,0.336,-15.51,-0.35,0.22,-0.94,,,,,,,
,,,,,,,,,,,,,,,,,,,,,,,,,2026-07-11T12:33:33.245123Z,NSW1-QLD1:QLD1,C2025Q2,10.0,29200.23,225.0,100.0,0.444444,25194.54,fill_rate_based_v2_global_percentile,6.09,88.46,AVOID,0.883,-4005.69,-13.72,-0.88,0.77,,,,,,,
,,,,,,,,,,,,,,,,,,,,,,,,,2026-07-11T12:33:33.250829Z,V-SA:SA1,C2025Q2,10.0,5606.0,110.0,66.0,0.6,5101.18,fill_rate_based_v2_global_percentile,29.17,43.27,AVOID,0.483,-504.82,-9.0,-0.42,-0.13,,,,,,,
,,,,,,,,,,,,,,,,,,,,,,,,,2026-07-11T12:33:33.256469Z,V-SA:VIC1,C2025Q2,10.0,16908.0,113.0,73.0,0.646018,15986.68,fill_rate_based_v2_global_percentile,37.18,46.79,AVOID,0.365,-921.32,-5.45,-0.26,-0.06,,,,,,,
,,,,,,,,,,,,,,,,,,,,,,,,,2026-07-11T12:33:33.262308Z,VIC1-NSW1:NSW1,C2025Q2,10.0,3226.0,275.0,113.0,0.410909,2765.94,fill_rate_based_v2_global_percentile,3.21,94.55,AVOID,0.934,-460.06,-14.26,-0.94,0.89,,,,,,,
,,,,,,,,,,,,,,,,,,,,,,,,,2026-07-11T12:33:33.268061Z,VIC1-NSW1:VIC1,C2025Q2,10.0,19400.9,315.0,136.0,0.431746,16808.16,fill_rate_based_v2_global_percentile,4.49,98.4,AVOID,0.921,-2592.74,-13.36,-0.91,0.97,,,,,,,
,,,,,,,,,,,,,,,,,,,,,,,,,2026-07-11T12:33:33.273818Z,NSW1-QLD1:NSW1,C2025Q2,11.0,5824.0,66.0,45.0,0.681818,5400.19,fill_rate_based_v2_global_percentile,40.38,15.71,AVOID,0.317,-423.81,-7.28,-0.19,-0.69,,,,,,,
,,,,,,,,,,,,,,,,,,,,,,,,,2026-07-11T12:33:33.279530Z,NSW1-QLD1:QLD1,C2025Q2,11.0,34750.76,193.0,100.0,0.518135,31420.59,fill_rate_based_v2_global_percentile,18.27,81.09,AVOID,0.691,-3330.17,-9.58,-0.63,0.62,,,,,,,
,,,,,,,,,,,,,,,,,,,,,,,,,2026-07-11T12:33:33.285268Z,V-SA:SA1,C2025Q2,11.0,6360.0,129.0,64.0,0.496124,5487.47,fill_rate_based_v2_global_percentile,13.46,58.97,AVOID,0.729,-872.53,-13.72,-0.73,0.18,,,,,,,
,,,,,,,,,,,,,,,,,,,,,,,,,2026-07-11T12:33:33.291056Z,V-SA:VIC1,C2025Q2,11.0,18598.8,121.0,73.0,0.603306,17156.46,fill_rate_based_v2_global_percentile,29.49,54.49,AVOID,0.485,-1442.34,-7.76,-0.41,0.09,,,,,,,
,,,,,,,,,,,,,,,,,,,,,,,,,2026-07-11T12:33:33.296799Z,VIC1-NSW1:NSW1,C2025Q2,11.0,4019.0,222.0,114.0,0.513514,3635.19,fill_rate_based_v2_global_percentile,16.67,87.82,AVOID,0.725,-383.81,-9.55,-0.67,0.76,,,,,,,
,,,,,,,,,,,,,,,,,,,,,,,,,2026-07-11T12:33:33.302557Z,VIC1-NSW1:VIC1,C2025Q2,11.0,21480.94,285.0,136.0,0.477193,19126.41,fill_rate_based_v2_global_percentile,11.22,95.51,AVOID,0.817,-2354.53,-10.96,-0.78,0.91,,,,,,,
,,,,,,,,,,,,,,,,,,,,,,,,,2026-07-11T12:33:33.308375Z,NSW1-QLD1:NSW1,C2025Q2,12.0,5500.0,65.0,55.0,0.846154,5647.95,fill_rate_based_v2_global_percentile,65.38,15.38,WATCH,0.403,147.95,2.69,0.31,-0.69,,,,,,,
,,,,,,,,,,,,,,,,,,,,,,,,,2026-07-11T12:33:33.314138Z,NSW1-QLD1:QLD1,C2025Q2,12.0,37529.51,206.0,122.0,0.592233,35581.73,fill_rate_based_v2_global_percentile,28.21,85.26,AVOID,0.55,-1947.78,-5.19,-0.44,0.71,,,,,,,
,,,,,,,,,,,,,,,,,,,,,,,,,2026-07-11T12:33:33.320147Z,V-SA:SA1,C2025Q2,12.0,6371.56,118.0,75.0,0.635593,6004.05,fill_rate_based_v2_global_percentile,34.94,52.56,AVOID,0.402,-367.51,-5.77,-0.3,0.05,,,,,,,
,,,,,,,,,,,,,,,,,,,,,,,,,2026-07-11T12:33:33.326280Z,V-SA:VIC1,C2025Q2,12.0,15912.92,139.0,84.0,0.604317,14862.35,fill_rate_based_v2_global_percentile,29.81,64.74,AVOID,0.496,-1050.57,-6.6,-0.4,0.29,,,,,,,
,,,,,,,,,,,,,,,,,,,,,,,,,2026-07-11T12:33:33.332248Z,VIC1-NSW1:NSW1,C2025Q2,12.0,4500.0,211.0,122.0,0.578199,4217.31,fill_rate_based_v2_global_percentile,25.32,85.9,AVOID,0.594,-282.69,-6.28,-0.49,0.72,,,,,,,
,,,,,,,,,,,,,,,,,,,,,,,,,2026-07-11T12:33:33.338200Z,VIC1-NSW1:VIC1,C2025Q2,12.0,17618.0,294.0,133.0,0.452381,15415.57,fill_rate_based_v2_global_percentile,7.05,96.79,AVOID,0.881,-2202.43,-12.5,-0.86,0.94,,,,,,,
,,,,,,,,,,,,,,,,,,,,,,,,,2026-07-11T12:33:33.344140Z,NSW1-QLD1:NSW1,C2025Q3,7.0,4503.0,45.0,45.0,1.0,5182.77,fill_rate_based_v2_global_percentile,100.0,0.96,BUY,0.915,679.77,15.1,1.0,-0.98,,,,,,,
,,,,,,,,,,,,,,,,,,,,,,,,,2026-07-11T12:33:33.350073Z,NSW1-QLD1:QLD1,C2025Q3,7.0,25927.44,167.0,105.0,0.628743,24929.75,fill_rate_based_v2_global_percentile,33.97,75.64,AVOID,0.451,-997.69,-3.85,-0.32,0.51,,,,,,,
,,,,,,,,,,,,,,,,,,,,,,,,,2026-07-11T12:33:33.355926Z,V-SA:SA1,C2025Q3,7.0,4363.92,136.0,64.0,0.470588,3719.19,fill_rate_based_v2_global_percentile,9.62,63.78,AVOID,0.793,-644.73,-14.77,-0.81,0.28,,,,,,,
,,,,,,,,,,,,,,,,,,,,,,,,,2026-07-11T12:33:33.361885Z,V-SA:VIC1,C2025Q3,7.0,13965.6,97.0,73.0,0.752577,13625.54,fill_rate_based_v2_global_percentile,48.08,33.33,WATCH,0.203,-340.06,-2.43,-0.04,-0.33,,,,,,,
,,,,,,,,,,,,,,,,,,,,,,,,,2026-07-11T12:33:33.367975Z,VIC1-NSW1:NSW1,C2025Q3,7.0,2187.91,172.0,111.0,0.645349,2129.01,fill_rate_based_v2_global_percentile,36.54,76.92,WATCH,0.415,-58.9,-2.69,-0.27,0.54,,,,,,,
,,,,,,,,,,,,,,,,,,,,,,,,,2026-07-11T12:33:33.374011Z,VIC1-NSW1:VIC1,C2025Q3,7.0,18839.0,225.0,125.0,0.555556,17486.74,fill_rate_based_v2_global_percentile,22.44,88.46,AVOID,0.641,-1352.26,-7.18,-0.55,0.77,,,,,,,
,,,,,,,,,,,,,,,,,,,,,,,,,2026-07-11T12:33:33.379944Z,NSW1-QLD1:NSW1,C2025Q3,8.0,4496.25,45.0,45.0,1.0,5175.0,fill_rate_based_v2_global_percentile,100.0,0.96,BUY,0.915,678.75,15.1,1.0,-0.98,,,,,,,
,,,,,,,,,,,,,,,,,,,,,,,,,2026-07-11T12:33:33.385963Z,NSW1-QLD1:QLD1,C2025Q3,8.0,37536.0,150.0,113.0,0.753333,38077.64,fill_rate_based_v2_global_percentile,48.4,70.83,WATCH,0.23,541.64,1.44,-0.03,0.42,,,,,,,
,,,,,,,,,,,,,,,,,,,,,,,,,2026-07-11T12:33:33.392117Z,V-SA:SA1,C2025Q3,8.0,4503.0,148.0,64.0,0.432432,3779.95,fill_rate_based_v2_global_percentile,5.13,68.91,AVOID,0.867,-723.05,-16.06,-0.9,0.38,,,,,,,
,,,,,,,,,,,,,,,,,,,,,,,,,2026-07-11T12:33:33.397991Z,V-SA:VIC1,C2025Q3,8.0,15362.16,97.0,73.0,0.752577,14988.09,fill_rate_based_v2_global_percentile,48.08,33.33,WATCH,0.203,-374.07,-2.44,-0.04,-0.33,,,,,,,
,,,,,,,,,,,,,,,,,,,,,,,,,2026-07-11T12:33:33.403974Z,VIC1-NSW1:NSW1,C2025Q3,8.0,2756.0,227.0,114.0,0.502203,2474.17,fill_rate_based_v2_global_percentile,14.74,88.78,AVOID,0.755,-281.83,-10.23,-0.71,0.78,,,,,,,
,,,,,,,,,,,,,,,,,,,,,,,,,2026-07-11T12:33:33.409945Z,VIC1-NSW1:VIC1,C2025Q3,8.0,19500.05,264.0,125.0,0.473485,17250.33,fill_rate_based_v2_global_percentile,10.26,93.59,AVOID,0.829,-2249.72,-11.54,-0.79,0.87,,,,,,,
,,,,,,,,,,,,,,,,,,,,,,,,,2026-07-11T12:33:33.415961Z,NSW1-QLD1:NSW1,C2025Q3,9.0,4432.56,49.0,45.0,0.918367,4571.74,fill_rate_based_v2_global_percentile,69.87,1.92,WATCH,0.469,139.18,3.14,0.4,-0.96,,,,,,,
,,,,,,,,,,,,,,,,,,,,,,,,,2026-07-11T12:33:33.421910Z,NSW1-QLD1:QLD1,C2025Q3,9.0,30200.23,193.0,100.0,0.518135,27306.14,fill_rate_based_v2_global_percentile,18.27,81.09,AVOID,0.691,-2894.09,-9.58,-0.63,0.62,,,,,,,
,,,,,,,,,,,,,,,,,,,,,,,,,2026-07-11T12:33:33.427943Z,V-SA:SA1,C2025Q3,9.0,5754.7,170.0,73.0,0.429412,4850.98,fill_rate_based_v2_global_percentile,4.17,76.28,AVOID,0.893,-903.72,-15.7,-0.92,0.53,,,,,,,
,,,,,,,,,,,,,,,,,,,,,,,,,2026-07-11T12:33:33.433966Z,V-SA:VIC1,C2025Q3,9.0,16898.38,117.0,73.0,0.623932,15739.15,fill_rate_based_v2_global_percentile,32.69,50.64,AVOID,0.432,-1159.23,-6.86,-0.35,0.01,,,,,,,
,,,,,,,,,,,,,,,,,,,,,,,,,2026-07-11T12:33:33.439928Z,VIC1-NSW1:NSW1,C2025Q3,9.0,3198.44,237.0,112.0,0.472574,2815.07,fill_rate_based_v2_global_percentile,9.94,90.38,AVOID,0.828,-383.37,-11.99,-0.8,0.81,,,,,,,
,,,,,,,,,,,,,,,,,,,,,,,,,2026-07-11T12:33:33.445959Z,VIC1-NSW1:VIC1,C2025Q3,9.0,20500.0,303.0,125.0,0.412541,17675.1,fill_rate_based_v2_global_percentile,3.53,98.08,AVOID,0.935,-2824.9,-13.78,-0.93,0.96,,,,,,,
,,,,,,,,,,,,,,,,,,,,,,,,,2026-07-11T12:33:33.451980Z,NSW1-QLD1:NSW1,C2025Q3,10.0,4903.0,54.0,45.0,0.833333,4932.81,fill_rate_based_v2_global_percentile,63.46,2.24,WATCH,0.374,29.81,0.61,0.27,-0.96,,,,,,,
,,,,,,,,,,,,,,,,,,,,,,,,,2026-07-11T12:33:33.458035Z,NSW1-QLD1:QLD1,C2025Q3,10.0,33250.76,193.0,100.0,0.518135,30064.34,fill_rate_based_v2_global_percentile,18.27,81.09,AVOID,0.691,-3186.42,-9.58,-0.63,0.62,,,,,,,
,,,,,,,,,,,,,,,,,,,,,,,,,2026-07-11T12:33:33.463998Z,V-SA:SA1,C2025Q3,10.0,6370.0,148.0,64.0,0.432432,5347.17,fill_rate_based_v2_global_percentile,5.13,68.91,AVOID,0.867,-1022.83,-16.06,-0.9,0.38,,,,,,,
,,,,,,,,,,,,,,,,,,,,,,,,,2026-07-11T12:33:33.470026Z,V-SA:VIC1,C2025Q3,10.0,17190.0,114.0,73.0,0.640351,16198.48,fill_rate_based_v2_global_percentile,35.9,48.72,AVOID,0.384,-991.52,-5.77,-0.28,-0.03,,,,,,,
,,,,,,,,,,,,,,,,,,,,,,,,,2026-07-11T12:33:33.476120Z,VIC1-NSW1:NSW1,C2025Q3,10.0,4091.0,234.0,114.0,0.487179,3643.85,fill_rate_based_v2_global_percentile,12.82,89.42,AVOID,0.784,-447.15,-10.93,-0.74,0.79,,,,,,,
,,,,,,,,,,,,,,,,,,,,,,,,,2026-07-11T12:33:33.482192Z,VIC1-NSW1:VIC1,C2025Q3,10.0,22652.66,300.0,127.0,0.423333,19545.62,fill_rate_based_v2_global_percentile,3.85,97.44,AVOID,0.929,-3107.04,-13.72,-0.92,0.95,,,,,,,
,,,,,,,,,,,,,,,,,,,,,,,,,2026-07-11T12:33:33.488233Z,NSW1-QLD1:NSW1,C2025Q3,11.0,5000.0,59.0,45.0,0.762712,4799.65,fill_rate_based_v2_global_percentile,51.28,4.81,AVOID,0.194,-200.35,-4.01,0.03,-0.9,,,,,,,
,,,,,,,,,,,,,,,,,,,,,,,,,2026-07-11T12:33:33.494327Z,NSW1-QLD1:QLD1,C2025Q3,11.0,34502.14,205.0,124.0,0.604878,32965.41,fill_rate_based_v2_global_percentile,30.13,84.94,AVOID,0.521,-1536.73,-4.45,-0.4,0.7,,,,,,,
,,,,,,,,,,,,,,,,,,,,,,,,,2026-07-11T12:33:33.500503Z,V-SA:SA1,C2025Q3,11.0,6220.06,178.0,90.0,0.505618,5524.16,fill_rate_based_v2_global_percentile,15.06,77.88,AVOID,0.734,-695.9,-11.19,-0.7,0.56,,,,,,,
,,,,,,,,,,,,,,,,,,,,,,,,,2026-07-11T12:33:33.506544Z,V-SA:VIC1,C2025Q3,11.0,17000.91,144.0,111.0,0.770833,17474.73,fill_rate_based_v2_global_percentile,52.56,67.63,WATCH,0.239,473.82,2.79,0.05,0.35,,,,,,,
,,,,,,,,,,,,,,,,,,,,,,,,,2026-07-11T12:33:33.512943Z,VIC1-NSW1:NSW1,C2025Q3,11.0,4449.12,235.0,113.0,0.480851,3954.29,fill_rate_based_v2_global_percentile,12.18,90.06,AVOID,0.795,-494.83,-11.12,-0.76,0.8,,,,,,,
,,,,,,,,,,,,,,,,,,,,,,,,,2026-07-11T12:33:33.519080Z,VIC1-NSW1:VIC1,C2025Q3,11.0,21520.02,286.0,129.0,0.451049,18781.6,fill_rate_based_v2_global_percentile,6.73,95.83,AVOID,0.884,-2738.42,-12.72,-0.87,0.92,,,,,,,
,,,,,,,,,,,,,,,,,,,,,,,,,2026-07-11T12:33:33.525589Z,NSW1-QLD1:NSW1,C2025Q3,12.0,4250.0,69.0,55.0,0.797101,4225.48,fill_rate_based_v2_global_percentile,56.41,18.59,WATCH,0.27,-24.52,-0.58,0.13,-0.63,,,,,,,
,,,,,,,,,,,,,,,,,,,,,,,,,2026-07-11T12:33:33.531839Z,NSW1-QLD1:QLD1,C2025Q3,12.0,31051.93,192.0,100.0,0.520833,28205.4,fill_rate_based_v2_global_percentile,19.55,80.13,AVOID,0.671,-2846.53,-9.17,-0.61,0.6,,,,,,,
,,,,,,,,,,,,,,,,,,,,,,,,,2026-07-11T12:33:33.537973Z,V-SA:SA1,C2025Q3,12.0,5550.0,118.0,66.0,0.559322,4959.48,fill_rate_based_v2_global_percentile,22.76,52.56,AVOID,0.582,-590.52,-10.64,-0.54,0.05,,,,,,,
,,,,,,,,,,,,,,,,,,,,,,,,,2026-07-11T12:33:33.544203Z,V-SA:VIC1,C2025Q3,12.0,16830.0,117.0,79.0,0.675214,16150.07,fill_rate_based_v2_global_percentile,39.74,50.64,AVOID,0.328,-679.93,-4.04,-0.21,0.01,,,,,,,
,,,,,,,,,,,,,,,,,,,,,,,,,2026-07-11T12:33:33.550477Z,VIC1-NSW1:NSW1,C2025Q3,12.0,3903.0,201.0,117.0,0.58209,3662.77,fill_rate_based_v2_global_percentile,26.28,83.33,AVOID,0.576,-240.23,-6.16,-0.47,0.67,,,,,,,
,,,,,,,,,,,,,,,,,,,,,,,,,2026-07-11T12:33:33.556836Z,VIC1-NSW1:VIC1,C2025Q3,12.0,18292.01,263.0,125.0,0.475285,16199.22,fill_rate_based_v2_global_percentile,10.58,93.27,AVOID,0.823,-2092.79,-11.44,-0.79,0.87,,,,,,,
,,,,,,,,,,,,,,,,,,,,,,,,,2026-07-11T12:33:33.563114Z,NSW1-QLD1:NSW1,C2025Q4,7.0,8544.19,57.0,45.0,0.789474,8338.87,fill_rate_based_v2_global_percentile,55.45,4.17,WATCH,0.256,-205.32,-2.4,0.11,-0.92,,,,,,,
,,,,,,,,,,,,,,,,,,,,,,,,,2026-07-11T12:33:33.569321Z,NSW1-QLD1:QLD1,C2025Q4,7.0,18252.8,199.0,102.0,0.512563,16363.45,fill_rate_based_v2_global_percentile,16.03,82.37,AVOID,0.726,-1889.35,-10.35,-0.68,0.65,,,,,,,
,,,,,,,,,,,,,,,,,,,,,,,,,2026-07-11T12:33:33.575567Z,V-SA:SA1,C2025Q4,7.0,4403.0,136.0,64.0,0.470588,3752.5,fill_rate_based_v2_global_percentile,9.62,63.78,AVOID,0.793,-650.5,-14.77,-0.81,0.28,,,,,,,
,,,,,,,,,,,,,,,,,,,,,,,,,2026-07-11T12:33:33.581730Z,V-SA:VIC1,C2025Q4,7.0,12291.0,112.0,73.0,0.651786,11633.06,fill_rate_based_v2_global_percentile,37.82,45.19,AVOID,0.355,-657.94,-5.35,-0.24,-0.1,,,,,,,
,,,,,,,,,,,,,,,,,,,,,,,,,2026-07-11T12:33:33.588091Z,VIC1-NSW1:NSW1,C2025Q4,7.0,1477.44,123.0,108.0,0.878049,1586.37,fill_rate_based_v2_global_percentile,66.99,55.77,HOLD,0.435,108.93,7.37,0.34,0.12,,,,,,,
,,,,,,,,,,,,,,,,,,,,,,,,,2026-07-11T12:33:33.594348Z,VIC1-NSW1:VIC1,C2025Q4,7.0,12700.05,266.0,125.0,0.469925,11177.44,fill_rate_based_v2_global_percentile,8.97,94.23,AVOID,0.849,-1522.61,-11.99,-0.82,0.88,,,,,,,
,,,,,,,,,,,,,,,,,,,,,,,,,2026-07-11T12:33:33.600618Z,NSW1-QLD1:NSW1,C2025Q4,8.0,8603.0,46.0,45.0,0.978261,9079.95,fill_rate_based_v2_global_percentile,75.96,1.6,HOLD,0.559,476.95,5.54,0.52,-0.97,,,,,,,
,,,,,,,,,,,,,,,,,,,,,,,,,2026-07-11T12:33:33.606910Z,NSW1-QLD1:QLD1,C2025Q4,8.0,17767.0,197.0,105.0,0.532995,16263.38,fill_rate_based_v2_global_percentile,20.83,82.05,AVOID,0.655,-1503.62,-8.46,-0.58,0.64,,,,,,,
,,,,,,,,,,,,,,,,,,,,,,,,,2026-07-11T12:33:33.613345Z,V-SA:SA1,C2025Q4,8.0,4851.77,158.0,74.0,0.468354,4159.71,fill_rate_based_v2_global_percentile,8.33,74.04,AVOID,0.828,-692.06,-14.26,-0.83,0.48,,,,,,,
,,,,,,,,,,,,,,,,,,,,,,,,,2026-07-11T12:33:33.619892Z,V-SA:VIC1,C2025Q4,8.0,13520.1,114.0,73.0,0.640351,12740.26,fill_rate_based_v2_global_percentile,35.9,48.72,AVOID,0.384,-779.84,-5.77,-0.28,-0.03,,,,,,,
,,,,,,,,,,,,,,,,,,,,,,,,,2026-07-11T12:33:33.626269Z,VIC1-NSW1:NSW1,C2025Q4,8.0,2216.16,150.0,120.0,0.8,2330.49,fill_rate_based_v2_global_percentile,57.69,70.83,HOLD,0.32,114.33,5.16,0.15,0.42,,,,,,,
,,,,,,,,,,,,,,,,,,,,,,,,,2026-07-11T12:33:33.632576Z,VIC1-NSW1:VIC1,C2025Q4,8.0,13970.05,233.0,125.0,0.536481,12904.14,fill_rate_based_v2_global_percentile,21.15,89.1,AVOID,0.661,-1065.91,-7.63,-0.58,0.78,,,,,,,
,,,,,,,,,,,,,,,,,,,,,,,,,2026-07-11T12:33:33.638847Z,NSW1-QLD1:NSW1,C2025Q4,9.0,9903.0,56.0,45.0,0.803571,9769.61,fill_rate_based_v2_global_percentile,58.33,3.21,WATCH,0.298,-133.39,-1.35,0.17,-0.94,,,,,,,
,,,,,,,,,,,,,,,,,,,,,,,,,2026-07-11T12:33:33.645185Z,NSW1-QLD1:QLD1,C2025Q4,9.0,20000.0,203.0,100.0,0.492611,17730.6,fill_rate_based_v2_global_percentile,13.14,83.97,AVOID,0.771,-2269.4,-11.35,-0.74,0.68,,,,,,,
,,,,,,,,,,,,,,,,,,,,,,,,,2026-07-11T12:33:33.651555Z,V-SA:SA1,C2025Q4,9.0,5610.59,140.0,65.0,0.464286,4749.2,fill_rate_based_v2_global_percentile,7.69,65.71,AVOID,0.825,-861.39,-15.35,-0.85,0.31,,,,,,,
,,,,,,,,,,,,,,,,,,,,,,,,,2026-07-11T12:33:33.657915Z,V-SA:VIC1,C2025Q4,9.0,13862.8,114.0,73.0,0.640351,13063.19,fill_rate_based_v2_global_percentile,35.9,48.72,AVOID,0.384,-799.61,-5.77,-0.28,-0.03,,,,,,,
,,,,,,,,,,,,,,,,,,,,,,,,,2026-07-11T12:33:33.664223Z,VIC1-NSW1:NSW1,C2025Q4,9.0,2986.0,166.0,126.0,0.759036,3057.78,fill_rate_based_v2_global_percentile,49.68,75.32,WATCH,0.218,71.78,2.4,-0.01,0.51,,,,,,,
,,,,,,,,,,,,,,,,,,,,,,,,,2026-07-11T12:33:33.670586Z,VIC1-NSW1:VIC1,C2025Q4,9.0,18161.06,296.0,141.0,0.476351,16176.42,fill_rate_based_v2_global_percentile,10.9,97.12,AVOID,0.824,-1984.64,-10.93,-0.78,0.94,,,,,,,
,,,,,,,,,,,,,,,,,,,,,,,,,2026-07-11T12:33:33.677336Z,NSW1-QLD1:NSW1,C2025Q4,10.0,10532.0,46.0,45.0,0.978261,11115.89,fill_rate_based_v2_global_percentile,75.96,1.6,HOLD,0.559,583.89,5.54,0.52,-0.97,,,,,,,
,,,,,,,,,,,,,,,,,,,,,,,,,2026-07-11T12:33:33.683779Z,NSW1-QLD1:QLD1,C2025Q4,10.0,22000.16,203.0,104.0,0.512315,19729.96,fill_rate_based_v2_global_percentile,15.71,83.97,AVOID,0.733,-2270.2,-10.32,-0.69,0.68,,,,,,,
,,,,,,,,,,,,,,,,,,,,,,,,,2026-07-11T12:33:33.690374Z,V-SA:SA1,C2025Q4,10.0,5103.0,131.0,91.0,0.694656,4991.86,fill_rate_based_v2_global_percentile,41.99,60.26,WATCH,0.309,-111.14,-2.18,-0.16,0.21,,,,,,,
,,,,,,,,,,,,,,,,,,,,,,,,,2026-07-11T12:33:33.696781Z,V-SA:VIC1,C2025Q4,10.0,12476.52,113.0,93.0,0.823009,13012.39,fill_rate_based_v2_global_percentile,61.54,46.79,HOLD,0.346,535.87,4.3,0.23,-0.06,,,,,,,
,,,,,,,,,,,,,,,,,,,,,,,,,2026-07-11T12:33:33.703229Z,VIC1-NSW1:NSW1,C2025Q4,10.0,2865.54,155.0,108.0,0.696774,2860.96,fill_rate_based_v2_global_percentile,43.91,72.76,WATCH,0.299,-4.58,-0.16,-0.12,0.46,,,,,,,
,,,,,,,,,,,,,,,,,,,,,,,,,2026-07-11T12:33:33.709714Z,VIC1-NSW1:VIC1,C2025Q4,10.0,17797.83,287.0,125.0,0.43554,15447.63,fill_rate_based_v2_global_percentile,5.45,96.15,AVOID,0.904,-2350.2,-13.2,-0.89,0.92,,,,,,,
,,,,,,,,,,,,,,,,,,,,,,,,,2026-07-11T12:33:33.716188Z,NSW1-QLD1:NSW1,C2025Q4,12.0,10548.0,73.0,56.0,0.767123,10341.58,fill_rate_based_v2_global_percentile,52.24,21.47,WATCH,0.208,-206.42,-1.96,0.04,-0.57,,,,,,,
,,,,,,,,,,,,,,,,,,,,,,,,,2026-07-11T12:33:33.722621Z,NSW1-QLD1:QLD1,C2025Q4,12.0,24118.0,170.0,100.0,0.588235,22617.86,fill_rate_based_v2_global_percentile,27.88,76.28,AVOID,0.542,-1500.14,-6.22,-0.44,0.53,,,,,,,
,,,,,,,,,,,,,,,,,,,,,,,,,2026-07-11T12:33:33.729139Z,V-SA:SA1,C2025Q4,12.0,4822.0,152.0,74.0,0.486842,4203.77,fill_rate_based_v2_global_percentile,12.5,71.79,AVOID,0.763,-618.23,-12.82,-0.75,0.44,,,,,,,
,,,,,,,,,,,,,,,,,,,,,,,,,2026-07-11T12:33:33.735617Z,V-SA:VIC1,C2025Q4,12.0,9000.87,114.0,77.0,0.675439,8631.47,fill_rate_based_v2_global_percentile,40.06,48.72,AVOID,0.322,-369.4,-4.1,-0.2,-0.03,,,,,,,
,,,,,,,,,,,,,,,,,,,,,,,,,2026-07-11T12:33:33.742357Z,VIC1-NSW1:NSW1,C2025Q4,12.0,2412.0,157.0,124.0,0.789809,2524.11,fill_rate_based_v2_global_percentile,55.77,73.4,HOLD,0.295,112.11,4.65,0.12,0.47,,,,,,,
,,,,,,,,,,,,,,,,,,,,,,,,,2026-07-11T12:33:33.749495Z,VIC1-NSW1:VIC1,C2025Q4,12.0,19261.39,293.0,131.0,0.447099,16798.05,fill_rate_based_v2_global_percentile,6.41,96.47,AVOID,0.89,-2463.34,-12.79,-0.87,0.93,,,,,,,
,,,,,,,,,,,,,,,,,,,,,,,,,2026-07-11T12:33:33.756473Z,NSW1-QLD1:NSW1,C2026Q1,9.0,19744.0,45.0,45.0,1.0,22724.55,fill_rate_based_v2_global_percentile,100.0,0.96,BUY,0.915,2980.55,15.1,1.0,-0.98,,,,,,,
,,,,,,,,,,,,,,,,,,,,,,,,,2026-07-11T12:33:33.764022Z,NSW1-QLD1:QLD1,C2026Q1,9.0,24883.37,127.0,105.0,0.826772,26287.04,fill_rate_based_v2_global_percentile,62.18,57.69,HOLD,0.367,1403.67,5.64,0.24,0.15,,,,,,,
,,,,,,,,,,,,,,,,,,,,,,,,,2026-07-11T12:33:33.771594Z,V-SA:SA1,C2026Q1,9.0,6250.0,81.0,64.0,0.790123,6248.0,fill_rate_based_v2_global_percentile,56.09,25.32,WATCH,0.265,-2.0,-0.03,0.12,-0.49,,,,,,,
,,,,,,,,,,,,,,,,,,,,,,,,,2026-07-11T12:33:33.778729Z,V-SA:VIC1,C2026Q1,9.0,22680.0,131.0,77.0,0.587786,20876.94,fill_rate_based_v2_global_percentile,27.56,60.26,AVOID,0.523,-1803.06,-7.95,-0.45,0.21,,,,,,,
,,,,,,,,,,,,,,,,,,,,,,,,,2026-07-11T12:33:33.785449Z,VIC1-NSW1:NSW1,C2026Q1,9.0,6000.0,172.0,108.0,0.627907,5769.12,fill_rate_based_v2_global_percentile,33.65,76.92,AVOID,0.457,-230.88,-3.85,-0.33,0.54,,,,,,,
,,,,,,,,,,,,,,,,,,,,,,,,,2026-07-11T12:33:33.792421Z,VIC1-NSW1:VIC1,C2026Q1,9.0,17998.56,194.0,125.0,0.64433,17571.81,fill_rate_based_v2_global_percentile,36.22,81.41,WATCH,0.426,-426.75,-2.37,-0.28,0.63,,,,,,,
,,,,,,,,,,,,,,,,,,,,,,,,,2026-07-11T12:33:33.799049Z,NSW1-QLD1:NSW1,C2027Q2,5.0,3903.0,79.0,62.0,0.78481,3884.27,fill_rate_based_v2_global_percentile,55.13,24.68,WATCH,0.251,-18.73,-0.48,0.1,-0.51,,,,,,,
,,,,,,,,,,,,,,,,,,,,,,,,,2026-07-11T12:33:33.805689Z,NSW1-QLD1:QLD1,C2027Q2,5.0,29673.28,150.0,108.0,0.72,29834.41,fill_rate_based_v2_global_percentile,46.15,70.83,WATCH,0.263,161.13,0.54,-0.08,0.42,,,,,,,
,,,,,,,,,,,,,,,,,,,,,,,,,2026-07-11T12:33:33.812392Z,V-SA:SA1,C2027Q2,5.0,4003.0,61.0,61.0,1.0,4631.67,fill_rate_based_v2_global_percentile,100.0,7.05,BUY,0.915,628.67,15.7,1.0,-0.86,,,,,,,
,,,,,,,,,,,,,,,,,,,,,,,,,2026-07-11T12:33:33.819471Z,V-SA:VIC1,C2027Q2,5.0,11126.0,106.0,83.0,0.783019,11218.79,fill_rate_based_v2_global_percentile,54.81,39.1,WATCH,0.246,92.79,0.83,0.1,-0.22,,,,,,,
,,,,,,,,,,,,,,,,,,,,,,,,,2026-07-11T12:33:33.826236Z,VIC1-NSW1:NSW1,C2027Q2,5.0,3312.0,96.0,96.0,1.0,3914.95,fill_rate_based_v2_global_percentile,100.0,32.05,BUY,0.915,602.95,18.21,1.0,-0.36,,,,,,,
,,,,,,,,,,,,,,,,,,,,,,,,,2026-07-11T12:33:33.832979Z,VIC1-NSW1:VIC1,C2027Q2,5.0,14306.16,154.0,114.0,0.74026,14462.38,fill_rate_based_v2_global_percentile,47.12,72.44,WATCH,0.251,156.22,1.09,-0.06,0.45,,,,,,,
,,,,,,,,,,,,,,,,,,,,,,,,,2026-07-11T12:33:33.839668Z,NSW1-QLD1:NSW1,C2027Q2,6.0,3822.0,89.0,62.0,0.696629,3645.61,fill_rate_based_v2_global_percentile,43.59,29.49,AVOID,0.27,-176.39,-4.62,-0.13,-0.41,,,,,,,
,,,,,,,,,,,,,,,,,,,,,,,,,2026-07-11T12:33:33.846406Z,NSW1-QLD1:QLD1,C2027Q2,6.0,31450.0,135.0,108.0,0.8,32830.65,fill_rate_based_v2_global_percentile,57.69,63.14,HOLD,0.309,1380.65,4.39,0.15,0.26,,,,,,,
,,,,,,,,,,,,,,,,,,,,,,,,,2026-07-11T12:33:33.853566Z,V-SA:SA1,C2027Q2,6.0,3894.3,68.0,64.0,0.941176,4102.68,fill_rate_based_v2_global_percentile,71.47,17.63,HOLD,0.493,208.38,5.35,0.43,-0.65,,,,,,,
,,,,,,,,,,,,,,,,,,,,,,,,,2026-07-11T12:33:33.860345Z,V-SA:VIC1,C2027Q2,6.0,9443.0,129.0,73.0,0.565891,8547.14,fill_rate_based_v2_global_percentile,24.04,58.97,AVOID,0.573,-895.86,-9.49,-0.52,0.18,,,,,,,
,,,,,,,,,,,,,,,,,,,,,,,,,2026-07-11T12:33:33.867177Z,VIC1-NSW1:NSW1,C2027Q2,6.0,3358.0,82.0,82.0,1.0,3947.8,fill_rate_based_v2_global_percentile,100.0,25.64,BUY,0.915,589.8,17.56,1.0,-0.49,,,,,,,
,,,,,,,,,,,,,,,,,,,,,,,,,2026-07-11T12:33:33.873999Z,VIC1-NSW1:VIC1,C2027Q2,6.0,12280.87,177.0,108.0,0.610169,11674.69,fill_rate_based_v2_global_percentile,30.77,77.56,AVOID,0.501,-606.18,-4.94,-0.38,0.55,,,,,,,
,,,,,,,,,,,,,,,,,,,,,,,,,2026-07-11T12:33:33.880819Z,NSW1-QLD1:NSW1,C2027Q2,7.0,3285.28,89.0,62.0,0.696629,3133.66,fill_rate_based_v2_global_percentile,43.59,29.49,AVOID,0.27,-151.62,-4.62,-0.13,-0.41,,,,,,,
,,,,,,,,,,,,,,,,,,,,,,,,,2026-07-11T12:33:33.887705Z,NSW1-QLD1:QLD1,C2027Q2,7.0,30960.06,153.0,108.0,0.705882,30969.97,fill_rate_based_v2_global_percentile,44.55,72.12,WATCH,0.289,9.91,0.03,-0.11,0.44,,,,,,,
,,,,,,,,,,,,,,,,,,,,,,,,,2026-07-11T12:33:33.894494Z,V-SA:SA1,C2027Q2,7.0,3333.0,77.0,64.0,0.831169,3421.66,fill_rate_based_v2_global_percentile,63.14,24.04,WATCH,0.369,88.66,2.66,0.26,-0.52,,,,,,,
,,,,,,,,,,,,,,,,,,,,,,,,,2026-07-11T12:33:33.901334Z,V-SA:VIC1,C2027Q2,7.0,6315.0,126.0,73.0,0.579365,5746.21,fill_rate_based_v2_global_percentile,25.64,57.37,AVOID,0.547,-568.79,-9.01,-0.49,0.15,,,,,,,
,,,,,,,,,,,,,,,,,,,,,,,,,2026-07-11T12:33:33.908234Z,VIC1-NSW1:NSW1,C2027Q2,7.0,3200.0,141.0,108.0,0.765957,3276.9,fill_rate_based_v2_global_percentile,51.92,66.35,WATCH,0.228,76.9,2.4,0.04,0.33,,,,,,,
,,,,,,,,,,,,,,,,,,,,,,,,,2026-07-11T12:33:33.915048Z,VIC1-NSW1:VIC1,C2027Q2,7.0,10008.33,213.0,125.0,0.586854,9462.88,fill_rate_based_v2_global_percentile,27.24,86.54,AVOID,0.567,-545.45,-5.45,-0.46,0.73,,,,,,,
,,,,,,,,,,,,,,,,,,,,,,,,,2026-07-11T12:33:33.921930Z,NSW1-QLD1:NSW1,C2027Q2,8.0,2511.6,95.0,62.0,0.652632,2345.76,fill_rate_based_v2_global_percentile,38.14,31.41,AVOID,0.351,-165.84,-6.6,-0.24,-0.37,,,,,,,
,,,,,,,,,,,,,,,,,,,,,,,,,2026-07-11T12:33:33.928774Z,NSW1-QLD1:QLD1,C2027Q2,8.0,30576.0,238.0,108.0,0.453782,26606.93,fill_rate_based_v2_global_percentile,7.37,90.71,AVOID,0.867,-3969.07,-12.98,-0.85,0.81,,,,,,,
,,,,,,,,,,,,,,,,,,,,,,,,,2026-07-11T12:33:33.935689Z,V-SA:SA1,C2027Q2,8.0,2200.0,76.0,64.0,0.842105,2273.3,fill_rate_based_v2_global_percentile,65.06,23.08,WATCH,0.398,73.3,3.33,0.3,-0.54,,,,,,,
,,,,,,,,,,,,,,,,,,,,,,,,,2026-07-11T12:33:33.942611Z,V-SA:VIC1,C2027Q2,8.0,6315.0,105.0,73.0,0.695238,6057.98,fill_rate_based_v2_global_percentile,42.63,38.78,AVOID,0.284,-257.02,-4.07,-0.15,-0.22,,,,,,,
,,,,,,,,,,,,,,,,,,,,,,,,,2026-07-11T12:33:33.949574Z,VIC1-NSW1:NSW1,C2027Q2,8.0,2526.0,152.0,108.0,0.710526,2529.21,fill_rate_based_v2_global_percentile,44.87,71.79,WATCH,0.284,3.21,0.13,-0.1,0.44,,,,,,,
,,,,,,,,,,,,,,,,,,,,,,,,,2026-07-11T12:33:33.956401Z,VIC1-NSW1:VIC1,C2027Q2,8.0,6674.0,260.0,125.0,0.480769,5942.46,fill_rate_based_v2_global_percentile,11.86,92.95,AVOID,0.804,-731.54,-10.96,-0.76,0.86,,,,,,,
,,,,,,,,,,,,,,,,,,,,,,,,,2026-07-11T12:33:33.963687Z,NSW1-QLD1:NSW1,C2027Q2,9.0,2072.57,91.0,65.0,0.714286,1993.5,fill_rate_based_v2_global_percentile,45.51,29.81,AVOID,0.241,-79.07,-3.82,-0.09,-0.4,,,,,,,
,,,,,,,,,,,,,,,,,,,,,,,,,2026-07-11T12:33:33.970633Z,NSW1-QLD1:QLD1,C2027Q2,9.0,21476.0,217.0,108.0,0.497696,19163.03,fill_rate_based_v2_global_percentile,13.78,87.18,AVOID,0.767,-2312.97,-10.77,-0.72,0.74,,,,,,,
,,,,,,,,,,,,,,,,,,,,,,,,,2026-07-11T12:33:33.977575Z,T-V-MNSP1:TAS1,C2027Q2,9.0,7000.0,125.0,125.0,1.0,8449.35,fill_rate_based_v2_global_percentile,100.0,57.05,BUY,0.926,1449.35,20.71,1.0,0.14,,,,,,,
,,,,,,,,,,,,,,,,,,,,,,,,,2026-07-11T12:33:33.984471Z,T-V-MNSP1:VIC1,C2027Q2,9.0,8000.0,125.0,125.0,1.0,9656.4,fill_rate_based_v2_global_percentile,100.0,57.05,BUY,0.926,1656.4,20.7,1.0,0.14,,,,,,,
,,,,,,,,,,,,,,,,,,,,,,,,,2026-07-11T12:33:33.991396Z,V-SA:SA1,C2027Q2,9.0,1246.0,84.0,64.0,0.761905,1224.03,fill_rate_based_v2_global_percentile,50.96,28.53,WATCH,0.189,-21.97,-1.76,0.02,-0.43,,,,,,,
,,,,,,,,,,,,,,,,,,,,,,,,,2026-07-11T12:33:33.998347Z,V-SA:VIC1,C2027Q2,9.0,6000.0,119.0,73.0,0.613445,5575.02,fill_rate_based_v2_global_percentile,31.41,53.53,AVOID,0.455,-424.98,-7.08,-0.37,0.07,,,,,,,
,,,,,,,,,,,,,,,,,,,,,,,,,2026-07-11T12:33:34.005372Z,VIC1-NSW1:NSW1,C2027Q2,9.0,1515.6,163.0,108.0,0.662577,1486.92,fill_rate_based_v2_global_percentile,39.1,74.68,WATCH,0.373,-28.68,-1.89,-0.22,0.49,,,,,,,
,,,,,,,,,,,,,,,,,,,,,,,,,2026-07-11T12:33:34.012537Z,VIC1-NSW1:VIC1,C2027Q2,9.0,6667.08,250.0,125.0,0.5,5993.9,fill_rate_based_v2_global_percentile,14.1,92.63,AVOID,0.77,-673.18,-10.1,-0.72,0.85,,,,,,,
,,,,,,,,,,,,,,,,,,,,,,,,,2026-07-11T12:33:34.019642Z,NSW1-QLD1:NSW1,C2027Q3,1.0,3503.0,62.0,62.0,1.0,4065.51,fill_rate_based_v2_global_percentile,100.0,10.58,BUY,0.915,562.51,16.06,1.0,-0.79,,,,,,,
,,,,,,,,,,,,,,,,,,,,,,,,,2026-07-11T12:33:34.026658Z,NSW1-QLD1:QLD1,C2027Q3,1.0,30912.0,108.0,108.0,1.0,36866.58,fill_rate_based_v2_global_percentile,100.0,42.63,BUY,0.915,5954.58,19.26,1.0,-0.15,,,,,,,
,,,,,,,,,,,,,,,,,,,,,,,,,2026-07-11T12:33:34.033665Z,V-SA:SA1,C2027Q3,1.0,4500.7,61.0,61.0,1.0,5207.53,fill_rate_based_v2_global_percentile,100.0,7.05,BUY,0.915,706.83,15.7,1.0,-0.86,,,,,,,
,,,,,,,,,,,,,,,,,,,,,,,,,2026-07-11T12:33:34.040632Z,V-SA:VIC1,C2027Q3,1.0,8553.0,57.0,57.0,1.0,9871.62,fill_rate_based_v2_global_percentile,100.0,4.17,BUY,0.915,1318.62,15.42,1.0,-0.92,,,,,,,
,,,,,,,,,,,,,,,,,,,,,,,,,2026-07-11T12:33:34.047984Z,VIC1-NSW1:NSW1,C2027Q3,1.0,2303.0,101.0,101.0,1.0,2731.86,fill_rate_based_v2_global_percentile,100.0,36.22,BUY,0.915,428.86,18.62,1.0,-0.28,,,,,,,
,,,,,,,,,,,,,,,,,,,,,,,,,2026-07-11T12:33:34.055031Z,VIC1-NSW1:VIC1,C2027Q3,1.0,13248.0,104.0,104.0,1.0,15732.0,fill_rate_based_v2_global_percentile,100.0,37.5,BUY,0.915,2484.0,18.75,1.0,-0.25,,,,,,,
,,,,,,,,,,,,,,,,,,,,,,,,,2026-07-11T12:33:34.062047Z,NSW1-QLD1:NSW1,C2027Q3,2.0,4903.0,62.0,62.0,1.0,5690.32,fill_rate_based_v2_global_percentile,100.0,10.58,BUY,0.915,787.32,16.06,1.0,-0.79,,,,,,,
,,,,,,,,,,,,,,,,,,,,,,,,,2026-07-11T12:33:34.069103Z,NSW1-QLD1:QLD1,C2027Q3,2.0,33200.76,123.0,108.0,0.878049,35648.65,fill_rate_based_v2_global_percentile,66.99,55.77,HOLD,0.435,2447.89,7.37,0.34,0.12,,,,,,,
,,,,,,,,,,,,,,,,,,,,,,,,,2026-07-11T12:33:34.076139Z,V-SA:SA1,C2027Q3,2.0,5157.0,65.0,64.0,0.984615,5533.77,fill_rate_based_v2_global_percentile,76.92,15.38,HOLD,0.573,376.77,7.31,0.54,-0.69,,,,,,,
,,,,,,,,,,,,,,,,,,,,,,,,,2026-07-11T12:33:34.083205Z,V-SA:VIC1,C2027Q3,2.0,10000.79,57.0,57.0,1.0,11542.61,fill_rate_based_v2_global_percentile,100.0,4.17,BUY,0.915,1541.82,15.42,1.0,-0.92,,,,,,,
,,,,,,,,,,,,,,,,,,,,,,,,,2026-07-11T12:33:34.090305Z,VIC1-NSW1:NSW1,C2027Q3,2.0,2658.0,108.0,108.0,1.0,3170.01,fill_rate_based_v2_global_percentile,100.0,42.63,BUY,0.915,512.01,19.26,1.0,-0.15,,,,,,,
,,,,,,,,,,,,,,,,,,,,,,,,,2026-07-11T12:33:34.097311Z,VIC1-NSW1:VIC1,C2027Q3,2.0,16600.0,145.0,120.0,0.827586,17754.53,fill_rate_based_v2_global_percentile,62.82,68.27,HOLD,0.392,1154.53,6.95,0.26,0.37,,,,,,,
,,,,,,,,,,,,,,,,,,,,,,,,,2026-07-11T12:33:34.104444Z,NSW1-QLD1:NSW1,C2027Q3,3.0,5055.51,62.0,62.0,1.0,5867.32,fill_rate_based_v2_global_percentile,100.0,10.58,BUY,0.915,811.81,16.06,1.0,-0.79,,,,,,,
,,,,,,,,,,,,,,,,,,,,,,,,,2026-07-11T12:33:34.111556Z,NSW1-QLD1:QLD1,C2027Q3,3.0,33771.85,135.0,108.0,0.8,35254.43,fill_rate_based_v2_global_percentile,57.69,63.14,HOLD,0.309,1482.58,4.39,0.15,0.26,,,,,,,
,,,,,,,,,,,,,,,,,,,,,,,,,2026-07-11T12:33:34.118769Z,V-SA:SA1,C2027Q3,3.0,5414.85,67.0,67.0,1.0,6319.08,fill_rate_based_v2_global_percentile,100.0,16.99,BUY,0.915,904.23,16.7,1.0,-0.66,,,,,,,
,,,,,,,,,,,,,,,,,,,,,,,,,2026-07-11T12:33:34.125918Z,V-SA:VIC1,C2027Q3,3.0,11503.0,58.0,56.0,0.965517,12041.46,fill_rate_based_v2_global_percentile,73.08,4.49,HOLD,0.517,538.46,4.68,0.46,-0.91,,,,,,,
,,,,,,,,,,,,,,,,,,,,,,,,,2026-07-11T12:33:34.133111Z,VIC1-NSW1:NSW1,C2027Q3,3.0,2976.22,101.0,101.0,1.0,3530.45,fill_rate_based_v2_global_percentile,100.0,36.22,BUY,0.915,554.23,18.62,1.0,-0.28,,,,,,,
,,,,,,,,,,,,,,,,,,,,,,,,,2026-07-11T12:33:34.140784Z,VIC1-NSW1:VIC1,C2027Q3,3.0,18303.0,140.0,113.0,0.807143,19270.68,fill_rate_based_v2_global_percentile,59.29,65.71,HOLD,0.336,967.68,5.29,0.19,0.31,,,,,,,
,,,,,,,,,,,,,,,,,,,,,,,,,2026-07-11T12:33:34.148322Z,NSW1-QLD1:NSW1,C2027Q3,4.0,4496.2,62.0,62.0,1.0,5218.2,fill_rate_based_v2_global_percentile,100.0,10.58,BUY,0.915,722.0,16.06,1.0,-0.79,,,,,,,
,,,,,,,,,,,,,,,,,,,,,,,,,2026-07-11T12:33:34.155553Z,NSW1-QLD1:QLD1,C2027Q3,4.0,29350.32,133.0,108.0,0.81203,30855.99,fill_rate_based_v2_global_percentile,59.94,61.54,HOLD,0.339,1505.67,5.13,0.2,0.23,,,,,,,
,,,,,,,,,,,,,,,,,,,,,,,,,2026-07-11T12:33:34.162756Z,V-SA:SA1,C2027Q3,4.0,4753.0,61.0,61.0,1.0,5499.46,fill_rate_based_v2_global_percentile,100.0,7.05,BUY,0.915,746.46,15.71,1.0,-0.86,,,,,,,
,,,,,,,,,,,,,,,,,,,,,,,,,2026-07-11T12:33:34.169906Z,V-SA:VIC1,C2027Q3,4.0,10753.0,73.0,71.0,0.972603,11507.75,fill_rate_based_v2_global_percentile,74.68,21.47,HOLD,0.54,754.75,7.02,0.49,-0.57,,,,,,,
,,,,,,,,,,,,,,,,,,,,,,,,,2026-07-11T12:33:34.177120Z,VIC1-NSW1:NSW1,C2027Q3,4.0,2989.18,92.0,92.0,1.0,3528.58,fill_rate_based_v2_global_percentile,100.0,30.45,BUY,0.915,539.4,18.05,1.0,-0.39,,,,,,,
,,,,,,,,,,,,,,,,,,,,,,,,,2026-07-11T12:33:34.184300Z,VIC1-NSW1:VIC1,C2027Q3,4.0,16472.7,145.0,120.0,0.827586,17618.38,fill_rate_based_v2_global_percentile,62.82,68.27,HOLD,0.392,1145.68,6.96,0.26,0.37,,,,,,,
,,,,,,,,,,,,,,,,,,,,,,,,,2026-07-11T12:33:34.191519Z,NSW1-QLD1:NSW1,C2027Q3,5.0,3935.2,70.0,62.0,0.885714,4091.62,fill_rate_based_v2_global_percentile,67.63,19.23,HOLD,0.436,156.42,3.97,0.35,-0.62,,,,,,,
,,,,,,,,,,,,,,,,,,,,,,,,,2026-07-11T12:33:34.198681Z,NSW1-QLD1:QLD1,C2027Q3,5.0,29920.66,131.0,108.0,0.824427,31647.08,fill_rate_based_v2_global_percentile,61.86,60.26,HOLD,0.366,1726.42,5.77,0.24,0.21,,,,,,,
,,,,,,,,,,,,,,,,,,,,,,,,,2026-07-11T12:33:34.205780Z,V-SA:SA1,C2027Q3,5.0,4100.18,68.0,64.0,0.941176,4319.58,fill_rate_based_v2_global_percentile,71.47,17.63,HOLD,0.493,219.4,5.35,0.43,-0.65,,,,,,,
,,,,,,,,,,,,,,,,,,,,,,,,,2026-07-11T12:33:34.212889Z,V-SA:VIC1,C2027Q3,5.0,9961.7,100.0,73.0,0.73,9683.77,fill_rate_based_v2_global_percentile,46.79,34.94,WATCH,0.223,-277.93,-2.79,-0.06,-0.3,,,,,,,
,,,,,,,,,,,,,,,,,,,,,,,,,2026-07-11T12:33:34.219958Z,VIC1-NSW1:NSW1,C2027Q3,5.0,3057.6,97.0,90.0,0.927835,3261.39,fill_rate_based_v2_global_percentile,70.83,33.33,HOLD,0.483,203.79,6.67,0.42,-0.33,,,,,,,
,,,,,,,,,,,,,,,,,,,,,,,,,2026-07-11T12:33:34.227069Z,VIC1-NSW1:VIC1,C2027Q3,5.0,14500.87,129.0,111.0,0.860465,15560.74,fill_rate_based_v2_global_percentile,66.03,58.97,HOLD,0.426,1059.87,7.31,0.32,0.18,,,,,,,
,,,,,,,,,,,,,,,,,,,,,,,,,2026-07-11T12:33:34.234551Z,NSW1-QLD1:NSW1,C2027Q3,6.0,2995.92,73.0,62.0,0.849315,3098.71,fill_rate_based_v2_global_percentile,65.71,21.47,WATCH,0.408,102.79,3.43,0.31,-0.57,,,,,,,
,,,,,,,,,,,,,,,,,,,,,,,,,2026-07-11T12:33:34.242946Z,NSW1-QLD1:QLD1,C2027Q3,6.0,30360.0,156.0,108.0,0.692308,30010.25,fill_rate_based_v2_global_percentile,41.35,73.08,WATCH,0.338,-349.75,-1.15,-0.17,0.46,,,,,,,
,,,,,,,,,,,,,,,,,,,,,,,,,2026-07-11T12:33:34.251903Z,V-SA:SA1,C2027Q3,6.0,3403.0,84.0,64.0,0.761905,3343.01,fill_rate_based_v2_global_percentile,50.96,28.53,WATCH,0.189,-59.99,-1.76,0.02,-0.43,,,,,,,
,,,,,,,,,,,,,,,,,,,,,,,,,2026-07-11T12:33:34.264044Z,V-SA:VIC1,C2027Q3,6.0,6579.62,123.0,73.0,0.593496,6060.95,fill_rate_based_v2_global_percentile,28.85,55.77,AVOID,0.497,-518.67,-7.88,-0.42,0.12,,,,,,,
,,,,,,,,,,,,,,,,,,,,,,,,,2026-07-11T12:33:34.276815Z,VIC1-NSW1:NSW1,C2027Q3,6.0,2440.34,138.0,108.0,0.782609,2519.36,fill_rate_based_v2_global_percentile,54.49,64.42,WATCH,0.263,79.02,3.24,0.09,0.29,,,,,,,
,,,,,,,,,,,,,,,,,,,,,,,,,2026-07-11T12:33:34.284860Z,VIC1-NSW1:VIC1,C2027Q3,6.0,10220.6,200.0,125.0,0.625,9863.39,fill_rate_based_v2_global_percentile,33.01,83.01,AVOID,0.476,-357.21,-3.5,-0.34,0.66,,,,,,,
,,,,,,,,,,,,,,,,,,,,,,,,,2026-07-11T12:33:34.292587Z,NSW1-QLD1:NSW1,C2027Q3,7.0,2696.33,74.0,62.0,0.837838,2777.54,fill_rate_based_v2_global_percentile,64.42,22.44,WATCH,0.388,81.21,3.01,0.29,-0.55,,,,,,,
,,,,,,,,,,,,,,,,,,,,,,,,,2026-07-11T12:33:34.300204Z,NSW1-QLD1:QLD1,C2027Q3,7.0,29605.0,149.0,108.0,0.724832,29765.76,fill_rate_based_v2_global_percentile,46.47,69.55,WATCH,0.257,160.76,0.54,-0.07,0.39,,,,,,,
,,,,,,,,,,,,,,,,,,,,,,,,,2026-07-11T12:33:34.307953Z,V-SA:SA1,C2027Q3,7.0,2200.0,92.0,64.0,0.695652,2094.95,fill_rate_based_v2_global_percentile,42.95,30.45,AVOID,0.279,-105.05,-4.78,-0.14,-0.39,,,,,,,
,,,,,,,,,,,,,,,,,,,,,,,,,2026-07-11T12:33:34.315626Z,V-SA:VIC1,C2027Q3,7.0,6579.62,105.0,73.0,0.695238,6311.83,fill_rate_based_v2_global_percentile,42.63,38.78,AVOID,0.284,-267.79,-4.07,-0.15,-0.22,,,,,,,
,,,,,,,,,,,,,,,,,,,,,,,,,2026-07-11T12:33:34.323313Z,VIC1-NSW1:NSW1,C2027Q3,7.0,2020.46,150.0,108.0,0.72,2031.43,fill_rate_based_v2_global_percentile,46.15,70.83,WATCH,0.263,10.97,0.54,-0.08,0.42,,,,,,,
,,,,,,,,,,,,,,,,,,,,,,,,,2026-07-11T12:33:34.330939Z,VIC1-NSW1:VIC1,C2027Q3,7.0,8120.19,240.0,125.0,0.520833,7469.52,fill_rate_based_v2_global_percentile,19.55,91.67,AVOID,0.688,-650.67,-8.01,-0.61,0.83,,,,,,,
,,,,,,,,,,,,,,,,,,,,,,,,,2026-07-11T12:33:34.338998Z,NSW1-QLD1:NSW1,C2027Q3,8.0,2317.0,70.0,68.0,0.971429,2471.47,fill_rate_based_v2_global_percentile,74.36,19.23,HOLD,0.536,154.47,6.67,0.49,-0.62,,,,,,,
,,,,,,,,,,,,,,,,,,,,,,,,,2026-07-11T12:33:34.346735Z,NSW1-QLD1:QLD1,C2027Q3,8.0,19412.0,209.0,108.0,0.516746,17564.37,fill_rate_based_v2_global_percentile,17.31,85.58,AVOID,0.712,-1847.63,-9.52,-0.65,0.71,,,,,,,
,,,,,,,,,,,,,,,,,,,,,,,,,2026-07-11T12:33:34.354361Z,T-V-MNSP1:TAS1,C2027Q3,8.0,8039.0,100.0,100.0,1.0,9525.73,fill_rate_based_v2_global_percentile,100.0,34.94,BUY,0.915,1486.73,18.49,1.0,-0.3,,,,,,,
,,,,,,,,,,,,,,,,,,,,,,,,,2026-07-11T12:33:34.361963Z,T-V-MNSP1:VIC1,C2027Q3,8.0,10242.15,100.0,100.0,1.0,12136.33,fill_rate_based_v2_global_percentile,100.0,34.94,BUY,0.915,1894.18,18.49,1.0,-0.3,,,,,,,
,,,,,,,,,,,,,,,,,,,,,,,,,2026-07-11T12:33:34.369661Z,V-SA:SA1,C2027Q3,8.0,1196.0,116.0,64.0,0.551724,1062.24,fill_rate_based_v2_global_percentile,22.12,49.68,AVOID,0.588,-133.76,-11.18,-0.56,-0.01,,,,,,,
,,,,,,,,,,,,,,,,,,,,,,,,,2026-07-11T12:33:34.377257Z,V-SA:VIC1,C2027Q3,8.0,5500.0,119.0,73.0,0.613445,5110.44,fill_rate_based_v2_global_percentile,31.41,53.53,AVOID,0.455,-389.56,-7.08,-0.37,0.07,,,,,,,
,,,,,,,,,,,,,,,,,,,,,,,,,2026-07-11T12:33:34.384850Z,VIC1-NSW1:NSW1,C2027Q3,8.0,1295.61,138.0,108.0,0.782609,1337.56,fill_rate_based_v2_global_percentile,54.49,64.42,WATCH,0.263,41.95,3.24,0.09,0.29,,,,,,,
,,,,,,,,,,,,,,,,,,,,,,,,,2026-07-11T12:33:34.392534Z,VIC1-NSW1:VIC1,C2027Q3,8.0,7000.0,240.0,125.0,0.520833,6439.09,fill_rate_based_v2_global_percentile,19.55,91.67,AVOID,0.688,-560.91,-8.01,-0.61,0.83,,,,,,,
,,,,,,,,,,,,,,,,,,,,,,,,,2026-07-11T12:33:34.400192Z,NSW1-QLD1:NSW1,C2027Q4,1.0,9375.0,62.0,62.0,1.0,10880.44,fill_rate_based_v2_global_percentile,100.0,10.58,BUY,0.915,1505.44,16.06,1.0,-0.79,,,,,,,
,,,,,,,,,,,,,,,,,,,,,,,,,2026-07-11T12:33:34.407845Z,NSW1-QLD1:QLD1,C2027Q4,1.0,19253.0,108.0,108.0,1.0,22961.71,fill_rate_based_v2_global_percentile,100.0,42.63,BUY,0.915,3708.71,19.26,1.0,-0.15,,,,,,,
,,,,,,,,,,,,,,,,,,,,,,,,,2026-07-11T12:33:34.415639Z,V-SA:SA1,C2027Q4,1.0,4753.0,64.0,64.0,1.0,5534.49,fill_rate_based_v2_global_percentile,100.0,14.42,BUY,0.915,781.49,16.44,1.0,-0.71,,,,,,,
,,,,,,,,,,,,,,,,,,,,,,,,,2026-07-11T12:33:34.424292Z,V-SA:VIC1,C2027Q4,1.0,9978.5,63.0,63.0,1.0,11584.04,fill_rate_based_v2_global_percentile,100.0,10.9,BUY,0.915,1605.54,16.09,1.0,-0.78,,,,,,,
,,,,,,,,,,,,,,,,,,,,,,,,,2026-07-11T12:33:34.432526Z,VIC1-NSW1:NSW1,C2027Q4,1.0,1620.0,108.0,108.0,1.0,1932.06,fill_rate_based_v2_global_percentile,100.0,42.63,BUY,0.915,312.06,19.26,1.0,-0.15,,,,,,,
,,,,,,,,,,,,,,,,,,,,,,,,,2026-07-11T12:33:34.440657Z,VIC1-NSW1:VIC1,C2027Q4,1.0,14835.0,120.0,120.0,1.0,17863.86,fill_rate_based_v2_global_percentile,100.0,54.17,BUY,0.921,3028.86,20.42,1.0,0.08,,,,,,,
,,,,,,,,,,,,,,,,,,,,,,,,,2026-07-11T12:33:34.448505Z,NSW1-QLD1:NSW1,C2027Q4,2.0,9345.36,62.0,62.0,1.0,10846.04,fill_rate_based_v2_global_percentile,100.0,10.58,BUY,0.915,1500.68,16.06,1.0,-0.79,,,,,,,
,,,,,,,,,,,,,,,,,,,,,,,,,2026-07-11T12:33:34.456408Z,NSW1-QLD1:QLD1,C2027Q4,2.0,20053.0,110.0,108.0,0.981818,22026.01,fill_rate_based_v2_global_percentile,76.28,43.27,BUY,0.564,1973.01,9.84,0.53,-0.13,,,,,,,
,,,,,,,,,,,,,,,,,,,,,,,,,2026-07-11T12:33:34.464260Z,V-SA:SA1,C2027Q4,2.0,5251.77,64.0,64.0,1.0,6115.27,fill_rate_based_v2_global_percentile,100.0,14.42,BUY,0.915,863.5,16.44,1.0,-0.71,,,,,,,
,,,,,,,,,,,,,,,,,,,,,,,,,2026-07-11T12:33:34.472158Z,V-SA:VIC1,C2027Q4,2.0,11103.0,62.0,62.0,1.0,12885.92,fill_rate_based_v2_global_percentile,100.0,10.58,BUY,0.915,1782.92,16.06,1.0,-0.79,,,,,,,
,,,,,,,,,,,,,,,,,,,,,,,,,2026-07-11T12:33:34.480030Z,VIC1-NSW1:NSW1,C2027Q4,2.0,1853.0,101.0,101.0,1.0,2198.07,fill_rate_based_v2_global_percentile,100.0,36.22,BUY,0.915,345.07,18.62,1.0,-0.28,,,,,,,
,,,,,,,,,,,,,,,,,,,,,,,,,2026-07-11T12:33:34.487788Z,VIC1-NSW1:VIC1,C2027Q4,2.0,16203.0,115.0,113.0,0.982609,17911.44,fill_rate_based_v2_global_percentile,76.6,49.04,BUY,0.569,1708.44,10.54,0.53,-0.02,,,,,,,
,,,,,,,,,,,,,,,,,,,,,,,,,2026-07-11T12:33:34.495600Z,NSW1-QLD1:NSW1,C2027Q4,3.0,8280.0,64.0,62.0,0.96875,8771.0,fill_rate_based_v2_global_percentile,73.72,14.42,HOLD,0.526,491.0,5.93,0.47,-0.71,,,,,,,
,,,,,,,,,,,,,,,,,,,,,,,,,2026-07-11T12:33:34.503564Z,NSW1-QLD1:QLD1,C2027Q4,3.0,20053.0,114.0,108.0,0.947368,21775.15,fill_rate_based_v2_global_percentile,71.79,48.72,HOLD,0.497,1722.15,8.59,0.44,-0.03,,,,,,,
,,,,,,,,,,,,,,,,,,,,,,,,,2026-07-11T12:33:34.511856Z,V-SA:SA1,C2027Q4,3.0,5003.0,61.0,61.0,1.0,5788.72,fill_rate_based_v2_global_percentile,100.0,7.05,BUY,0.915,785.72,15.7,1.0,-0.86,,,,,,,
,,,,,,,,,,,,,,,,,,,,,,,,,2026-07-11T12:33:34.520006Z,V-SA:VIC1,C2027Q4,3.0,10308.76,80.0,73.0,0.9125,10830.8,fill_rate_based_v2_global_percentile,68.91,25.0,HOLD,0.455,522.04,5.06,0.38,-0.5,,,,,,,
,,,,,,,,,,,,,,,,,,,,,,,,,2026-07-11T12:33:34.528356Z,VIC1-NSW1:NSW1,C2027Q4,3.0,1903.0,105.0,105.0,1.0,2262.25,fill_rate_based_v2_global_percentile,100.0,38.78,BUY,0.915,359.25,18.88,1.0,-0.22,,,,,,,
,,,,,,,,,,,,,,,,,,,,,,,,,2026-07-11T12:33:34.536335Z,VIC1-NSW1:VIC1,C2027Q4,3.0,14582.7,118.0,118.0,1.0,17536.57,fill_rate_based_v2_global_percentile,100.0,52.56,BUY,0.919,2953.87,20.26,1.0,0.05,,,,,,,
,,,,,,,,,,,,,,,,,,,,,,,,,2026-07-11T12:33:34.544267Z,NSW1-QLD1:NSW1,C2027Q4,4.0,9364.68,74.0,62.0,0.837838,9646.74,fill_rate_based_v2_global_percentile,64.42,22.44,WATCH,0.388,282.06,3.01,0.29,-0.55,,,,,,,
,,,,,,,,,,,,,,,,,,,,,,,,,2026-07-11T12:33:34.552089Z,NSW1-QLD1:QLD1,C2027Q4,4.0,20869.11,134.0,108.0,0.80597,21872.08,fill_rate_based_v2_global_percentile,58.97,62.18,HOLD,0.326,1002.97,4.81,0.18,0.24,,,,,,,
,,,,,,,,,,,,,,,,,,,,,,,,,2026-07-11T12:33:34.559746Z,V-SA:SA1,C2027Q4,4.0,3774.39,67.0,64.0,0.955224,3993.42,fill_rate_based_v2_global_percentile,72.76,16.99,HOLD,0.512,219.03,5.8,0.46,-0.66,,,,,,,
,,,,,,,,,,,,,,,,,,,,,,,,,2026-07-11T12:33:34.567491Z,V-SA:VIC1,C2027Q4,4.0,7750.88,97.0,67.0,0.690722,7343.57,fill_rate_based_v2_global_percentile,41.03,33.33,AVOID,0.308,-407.31,-5.26,-0.18,-0.33,,,,,,,
,,,,,,,,,,,,,,,,,,,,,,,,,2026-07-11T12:33:34.575186Z,VIC1-NSW1:NSW1,C2027Q4,4.0,1712.7,104.0,101.0,0.971154,1855.98,fill_rate_based_v2_global_percentile,74.04,37.5,HOLD,0.531,143.28,8.37,0.48,-0.25,,,,,,,
,,,,,,,,,,,,,,,,,,,,,,,,,2026-07-11T12:33:34.582873Z,VIC1-NSW1:VIC1,C2027Q4,4.0,12503.0,111.0,96.0,0.864865,13256.56,fill_rate_based_v2_global_percentile,66.35,44.87,HOLD,0.417,753.56,6.03,0.33,-0.1,,,,,,,
,,,,,,,,,,,,,,,,,,,,,,,,,2026-07-11T12:33:34.590497Z,NSW1-QLD1:NSW1,C2027Q4,5.0,7797.0,64.0,62.0,0.96875,8259.36,fill_rate_based_v2_global_percentile,73.72,14.42,HOLD,0.526,462.36,5.93,0.47,-0.71,,,,,,,
,,,,,,,,,,,,,,,,,,,,,,,,,2026-07-11T12:33:34.598198Z,NSW1-QLD1:QLD1,C2027Q4,5.0,18768.0,134.0,108.0,0.80597,19669.99,fill_rate_based_v2_global_percentile,58.97,62.18,HOLD,0.326,901.99,4.81,0.18,0.24,,,,,,,
,,,,,,,,,,,,,,,,,,,,,,,,,2026-07-11T12:33:34.606013Z,V-SA:SA1,C2027Q4,5.0,2725.0,84.0,64.0,0.761905,2676.96,fill_rate_based_v2_global_percentile,50.96,28.53,WATCH,0.189,-48.04,-1.76,0.02,-0.43,,,,,,,
,,,,,,,,,,,,,,,,,,,,,,,,,2026-07-11T12:33:34.614609Z,V-SA:VIC1,C2027Q4,5.0,4060.2,129.0,73.0,0.565891,3675.01,fill_rate_based_v2_global_percentile,24.04,58.97,AVOID,0.573,-385.19,-9.49,-0.52,0.18,,,,,,,
,,,,,,,,,,,,,,,,,,,,,,,,,2026-07-11T12:33:34.623206Z,VIC1-NSW1:NSW1,C2027Q4,5.0,1203.0,118.0,108.0,0.915254,1300.15,fill_rate_based_v2_global_percentile,69.55,52.56,HOLD,0.468,97.15,8.08,0.39,0.05,,,,,,,
,,,,,,,,,,,,,,,,,,,,,,,,,2026-07-11T12:33:34.631560Z,VIC1-NSW1:VIC1,C2027Q4,5.0,8003.0,188.0,125.0,0.664894,7895.2,fill_rate_based_v2_global_percentile,39.42,78.85,WATCH,0.375,-107.8,-1.35,-0.21,0.58,,,,,,,
,,,,,,,,,,,,,,,,,,,,,,,,,2026-07-11T12:33:34.639951Z,NSW1-QLD1:NSW1,C2027Q4,6.0,7277.2,74.0,62.0,0.837838,7496.39,fill_rate_based_v2_global_percentile,64.42,22.44,WATCH,0.388,219.19,3.01,0.29,-0.55,,,,,,,
,,,,,,,,,,,,,,,,,,,,,,,,,2026-07-11T12:33:34.648217Z,NSW1-QLD1:QLD1,C2027Q4,6.0,19179.0,143.0,108.0,0.755245,19455.75,fill_rate_based_v2_global_percentile,49.36,66.99,WATCH,0.21,276.75,1.44,-0.01,0.34,,,,,,,
,,,,,,,,,,,,,,,,,,,,,,,,,2026-07-11T12:33:34.656292Z,V-SA:SA1,C2027Q4,6.0,1380.78,83.0,64.0,0.771084,1364.82,fill_rate_based_v2_global_percentile,52.88,26.92,WATCH,0.218,-15.96,-1.16,0.06,-0.46,,,,,,,
,,,,,,,,,,,,,,,,,,,,,,,,,2026-07-11T12:33:34.664254Z,V-SA:VIC1,C2027Q4,6.0,4120.37,111.0,73.0,0.657658,3909.04,fill_rate_based_v2_global_percentile,38.46,44.87,AVOID,0.346,-211.33,-5.13,-0.23,-0.1,,,,,,,
,,,,,,,,,,,,,,,,,,,,,,,,,2026-07-11T12:33:34.672417Z,VIC1-NSW1:NSW1,C2027Q4,6.0,980.46,140.0,108.0,0.771429,1008.45,fill_rate_based_v2_global_percentile,53.21,65.71,WATCH,0.246,27.99,2.85,0.06,0.31,,,,,,,
,,,,,,,,,,,,,,,,,,,,,,,,,2026-07-11T12:33:34.680466Z,VIC1-NSW1:VIC1,C2027Q4,6.0,6200.19,215.0,125.0,0.581395,5832.52,fill_rate_based_v2_global_percentile,25.96,86.86,AVOID,0.586,-367.67,-5.93,-0.48,0.74,,,,,,,
,,,,,,,,,,,,,,,,,,,,,,,,,2026-07-11T12:33:34.688412Z,NSW1-QLD1:NSW1,C2027Q4,7.0,5603.56,69.0,62.0,0.898551,5837.06,fill_rate_based_v2_global_percentile,68.27,18.59,HOLD,0.445,233.5,4.17,0.37,-0.63,,,,,,,
,,,,,,,,,,,,,,,,,,,,,,,,,2026-07-11T12:33:34.696465Z,NSW1-QLD1:QLD1,C2027Q4,7.0,12786.0,204.0,108.0,0.529412,11720.41,fill_rate_based_v2_global_percentile,20.51,84.62,AVOID,0.663,-1065.59,-8.33,-0.59,0.69,,,,,,,
,,,,,,,,,,,,,,,,,,,,,,,,,2026-07-11T12:33:34.704518Z,T-V-MNSP1:TAS1,C2027Q4,7.0,2632.0,83.0,83.0,1.0,3097.65,fill_rate_based_v2_global_percentile,100.0,26.92,BUY,0.915,465.65,17.69,1.0,-0.46,,,,,,,
,,,,,,,,,,,,,,,,,,,,,,,,,2026-07-11T12:33:34.712589Z,T-V-MNSP1:VIC1,C2027Q4,7.0,14144.58,83.0,83.0,1.0,16647.04,fill_rate_based_v2_global_percentile,100.0,26.92,BUY,0.915,2502.46,17.69,1.0,-0.46,,,,,,,
,,,,,,,,,,,,,,,,,,,,,,,,,2026-07-11T12:33:34.720904Z,V-SA:SA1,C2027Q4,7.0,1003.0,99.0,64.0,0.646465,936.77,fill_rate_based_v2_global_percentile,37.5,33.97,AVOID,0.36,-66.23,-6.6,-0.25,-0.32,,,,,,,
,,,,,,,,,,,,,,,,,,,,,,,,,2026-07-11T12:33:34.730708Z,V-SA:VIC1,C2027Q4,7.0,4761.93,105.0,74.0,0.704762,4598.6,fill_rate_based_v2_global_percentile,44.23,38.78,WATCH,0.26,-163.33,-3.43,-0.12,-0.22,,,,,,,
,,,,,,,,,,,,,,,,,,,,,,,,,2026-07-11T12:33:34.740691Z,VIC1-NSW1:NSW1,C2027Q4,7.0,907.0,158.0,108.0,0.683544,895.1,fill_rate_based_v2_global_percentile,40.71,74.04,WATCH,0.349,-11.9,-1.31,-0.19,0.48,,,,,,,
,,,,,,,,,,,,,,,,,,,,,,,,,2026-07-11T12:33:34.750590Z,VIC1-NSW1:VIC1,C2027Q4,7.0,7322.0,240.0,125.0,0.520833,6735.29,fill_rate_based_v2_global_percentile,19.55,91.67,AVOID,0.688,-586.71,-8.01,-0.61,0.83,,,,,,,
,,,,,,,,,,,,,,,,,,,,,,,,,2026-07-11T12:33:34.760368Z,NSW1-QLD1:NSW1,C2028Q1,1.0,17525.32,62.0,62.0,1.0,20339.54,fill_rate_based_v2_global_percentile,100.0,10.58,BUY,0.915,2814.22,16.06,1.0,-0.79,,,,,,,
,,,,,,,,,,,,,,,,,,,,,,,,,2026-07-11T12:33:34.769911Z,NSW1-QLD1:QLD1,C2028Q1,1.0,21875.32,108.0,108.0,1.0,26089.16,fill_rate_based_v2_global_percentile,100.0,42.63,BUY,0.915,4213.84,19.26,1.0,-0.15,,,,,,,
,,,,,,,,,,,,,,,,,,,,,,,,,2026-07-11T12:33:34.779356Z,V-SA:SA1,C2028Q1,1.0,5703.0,61.0,61.0,1.0,6598.66,fill_rate_based_v2_global_percentile,100.0,7.05,BUY,0.915,895.66,15.71,1.0,-0.86,,,,,,,
,,,,,,,,,,,,,,,,,,,,,,,,,2026-07-11T12:33:34.788932Z,V-SA:VIC1,C2028Q1,1.0,17451.65,60.0,60.0,1.0,20164.51,fill_rate_based_v2_global_percentile,100.0,5.45,BUY,0.915,2712.86,15.55,1.0,-0.89,,,,,,,
,,,,,,,,,,,,,,,,,,,,,,,,,2026-07-11T12:33:34.798153Z,VIC1-NSW1:NSW1,C2028Q1,1.0,4500.72,101.0,101.0,1.0,5338.84,fill_rate_based_v2_global_percentile,100.0,36.22,BUY,0.915,838.12,18.62,1.0,-0.28,,,,,,,
,,,,,,,,,,,,,,,,,,,,,,,,,2026-07-11T12:33:34.806156Z,VIC1-NSW1:VIC1,C2028Q1,1.0,16215.0,113.0,113.0,1.0,19405.95,fill_rate_based_v2_global_percentile,100.0,46.79,BUY,0.915,3190.95,19.68,1.0,-0.06,,,,,,,
,,,,,,,,,,,,,,,,,,,,,,,,,2026-07-11T12:33:34.814164Z,NSW1-QLD1:NSW1,C2028Q1,2.0,15497.2,67.0,62.0,0.925373,16257.03,fill_rate_based_v2_global_percentile,70.51,16.99,HOLD,0.479,759.83,4.9,0.41,-0.66,,,,,,,
,,,,,,,,,,,,,,,,,,,,,,,,,2026-07-11T12:33:34.822139Z,NSW1-QLD1:QLD1,C2028Q1,2.0,20000.84,108.0,108.0,1.0,23853.6,fill_rate_based_v2_global_percentile,100.0,42.63,BUY,0.915,3852.76,19.26,1.0,-0.15,,,,,,,
,,,,,,,,,,,,,,,,,,,,,,,,,2026-07-11T12:33:34.830170Z,V-SA:SA1,C2028Q1,2.0,4775.0,64.0,64.0,1.0,5560.11,fill_rate_based_v2_global_percentile,100.0,14.42,BUY,0.915,785.11,16.44,1.0,-0.71,,,,,,,
,,,,,,,,,,,,,,,,,,,,,,,,,2026-07-11T12:33:34.838206Z,V-SA:VIC1,C2028Q1,2.0,22105.43,78.0,77.0,0.987179,23947.25,fill_rate_based_v2_global_percentile,77.24,24.36,HOLD,0.578,1841.82,8.33,0.54,-0.51,,,,,,,
,,,,,,,,,,,,,,,,,,,,,,,,,2026-07-11T12:33:34.851585Z,VIC1-NSW1:NSW1,C2028Q1,2.0,4528.67,104.0,99.0,0.951923,4872.76,fill_rate_based_v2_global_percentile,72.12,37.5,HOLD,0.502,344.09,7.6,0.44,-0.25,,,,,,,
,,,,,,,,,,,,,,,,,,,,,,,,,2026-07-11T12:33:34.867401Z,VIC1-NSW1:VIC1,C2028Q1,2.0,14260.9,119.0,119.0,1.0,17163.42,fill_rate_based_v2_global_percentile,100.0,53.53,BUY,0.92,2902.52,20.35,1.0,0.07,,,,,,,
,,,,,,,,,,,,,,,,,,,,,,,,,2026-07-11T12:33:34.879813Z,NSW1-QLD1:NSW1,C2028Q1,3.0,16008.72,76.0,62.0,0.815789,16234.76,fill_rate_based_v2_global_percentile,60.26,23.08,WATCH,0.327,226.04,1.41,0.21,-0.54,,,,,,,
,,,,,,,,,,,,,,,,,,,,,,,,,2026-07-11T12:33:34.888657Z,NSW1-QLD1:QLD1,C2028Q1,3.0,20400.0,111.0,108.0,0.972973,22361.46,fill_rate_based_v2_global_percentile,75.32,44.87,BUY,0.55,1961.46,9.61,0.51,-0.1,,,,,,,
,,,,,,,,,,,,,,,,,,,,,,,,,2026-07-11T12:33:34.896819Z,V-SA:SA1,C2028Q1,3.0,3815.0,64.0,64.0,1.0,4442.26,fill_rate_based_v2_global_percentile,100.0,14.42,BUY,0.915,627.26,16.44,1.0,-0.71,,,,,,,
,,,,,,,,,,,,,,,,,,,,,,,,,2026-07-11T12:33:34.904759Z,V-SA:VIC1,C2028Q1,3.0,15003.0,113.0,67.0,0.59292,13666.38,fill_rate_based_v2_global_percentile,28.53,46.79,AVOID,0.493,-1336.62,-8.91,-0.43,-0.06,,,,,,,
,,,,,,,,,,,,,,,,,,,,,,,,,2026-07-11T12:33:34.912755Z,VIC1-NSW1:NSW1,C2028Q1,3.0,4503.0,111.0,86.0,0.774775,4543.48,fill_rate_based_v2_global_percentile,53.53,44.87,WATCH,0.227,40.48,0.9,0.07,-0.1,,,,,,,
,,,,,,,,,,,,,,,,,,,,,,,,,2026-07-11T12:33:34.920889Z,VIC1-NSW1:VIC1,C2028Q1,3.0,11910.6,120.0,108.0,0.9,12845.94,fill_rate_based_v2_global_percentile,68.59,54.17,HOLD,0.456,935.34,7.85,0.37,0.08,,,,,,,
,,,,,,,,,,,,,,,,,,,,,,,,,2026-07-11T12:33:34.928938Z,NSW1-QLD1:NSW1,C2028Q1,4.0,13104.0,69.0,62.0,0.898551,13650.04,fill_rate_based_v2_global_percentile,68.27,18.59,HOLD,0.445,546.04,4.17,0.37,-0.63,,,,,,,
,,,,,,,,,,,,,,,,,,,,,,,,,2026-07-11T12:33:34.936947Z,NSW1-QLD1:QLD1,C2028Q1,4.0,19656.0,111.0,108.0,0.972973,21545.92,fill_rate_based_v2_global_percentile,75.32,44.87,BUY,0.55,1889.92,9.61,0.51,-0.1,,,,,,,
,,,,,,,,,,,,,,,,,,,,,,,,,2026-07-11T12:33:34.945170Z,V-SA:SA1,C2028Q1,4.0,2806.0,64.0,64.0,1.0,3267.36,fill_rate_based_v2_global_percentile,100.0,14.42,BUY,0.915,461.36,16.44,1.0,-0.71,,,,,,,
,,,,,,,,,,,,,,,,,,,,,,,,,2026-07-11T12:33:34.953461Z,V-SA:VIC1,C2028Q1,4.0,10003.0,144.0,73.0,0.506944,8794.14,fill_rate_based_v2_global_percentile,15.38,67.63,AVOID,0.714,-1208.86,-12.08,-0.69,0.35,,,,,,,
,,,,,,,,,,,,,,,,,,,,,,,,,2026-07-11T12:33:34.961447Z,VIC1-NSW1:NSW1,C2028Q1,4.0,3503.0,143.0,108.0,0.755245,3553.55,fill_rate_based_v2_global_percentile,49.36,66.99,WATCH,0.21,50.55,1.44,-0.01,0.34,,,,,,,
,,,,,,,,,,,,,,,,,,,,,,,,,2026-07-11T12:33:34.969428Z,VIC1-NSW1:VIC1,C2028Q1,4.0,7146.36,180.0,125.0,0.694444,7109.84,fill_rate_based_v2_global_percentile,41.67,78.21,WATCH,0.341,-36.52,-0.51,-0.17,0.56,,,,,,,
,,,,,,,,,,,,,,,,,,,,,,,,,2026-07-11T12:33:34.977428Z,NSW1-QLD1:NSW1,C2028Q2,1.0,4476.45,62.0,62.0,1.0,5195.28,fill_rate_based_v2_global_percentile,100.0,10.58,BUY,0.915,718.83,16.06,1.0,-0.79,,,,,,,
,,,,,,,,,,,,,,,,,,,,,,,,,2026-07-11T12:33:34.985758Z,NSW1-QLD1:QLD1,C2028Q2,1.0,30360.0,108.0,108.0,1.0,36208.25,fill_rate_based_v2_global_percentile,100.0,42.63,BUY,0.915,5848.25,19.26,1.0,-0.15,,,,,,,
,,,,,,,,,,,,,,,,,,,,,,,,,2026-07-11T12:33:34.994026Z,V-SA:SA1,C2028Q2,1.0,4082.0,64.0,64.0,1.0,4753.16,fill_rate_based_v2_global_percentile,100.0,14.42,BUY,0.915,671.16,16.44,1.0,-0.71,,,,,,,
,,,,,,,,,,,,,,,,,,,,,,,,,2026-07-11T12:33:35.002220Z,V-SA:VIC1,C2028Q2,1.0,10836.31,73.0,73.0,1.0,12694.41,fill_rate_based_v2_global_percentile,100.0,21.47,BUY,0.915,1858.1,17.15,1.0,-0.57,,,,,,,
,,,,,,,,,,,,,,,,,,,,,,,,,2026-07-11T12:33:35.010440Z,VIC1-NSW1:NSW1,C2028Q2,1.0,3050.22,95.0,95.0,1.0,3603.56,fill_rate_based_v2_global_percentile,100.0,31.41,BUY,0.915,553.34,18.14,1.0,-0.37,,,,,,,
,,,,,,,,,,,,,,,,,,,,,,,,,2026-07-11T12:33:35.018563Z,VIC1-NSW1:VIC1,C2028Q2,1.0,13950.0,117.0,117.0,1.0,16748.93,fill_rate_based_v2_global_percentile,100.0,50.64,BUY,0.916,2798.93,20.06,1.0,0.01,,,,,,,
,,,,,,,,,,,,,,,,,,,,,,,,,2026-07-11T12:33:35.026566Z,NSW1-QLD1:NSW1,C2028Q2,2.0,3822.0,67.0,62.0,0.925373,4009.39,fill_rate_based_v2_global_percentile,70.51,16.99,HOLD,0.479,187.39,4.9,0.41,-0.66,,,,,,,
,,,,,,,,,,,,,,,,,,,,,,,,,2026-07-11T12:33:35.034561Z,NSW1-QLD1:QLD1,C2028Q2,2.0,30591.0,133.0,108.0,0.81203,32160.32,fill_rate_based_v2_global_percentile,59.94,61.54,HOLD,0.339,1569.32,5.13,0.2,0.23,,,,,,,
,,,,,,,,,,,,,,,,,,,,,,,,,2026-07-11T12:33:35.042557Z,V-SA:SA1,C2028Q2,2.0,3709.8,64.0,64.0,1.0,4319.77,fill_rate_based_v2_global_percentile,100.0,14.42,BUY,0.915,609.97,16.44,1.0,-0.71,,,,,,,
,,,,,,,,,,,,,,,,,,,,,,,,,2026-07-11T12:33:35.050637Z,V-SA:VIC1,C2028Q2,2.0,8503.0,89.0,73.0,0.820225,8710.22,fill_rate_based_v2_global_percentile,61.22,29.49,WATCH,0.341,207.22,2.44,0.22,-0.41,,,,,,,
,,,,,,,,,,,,,,,,,,,,,,,,,2026-07-11T12:33:35.058867Z,VIC1-NSW1:NSW1,C2028Q2,2.0,3000.66,84.0,84.0,1.0,3536.37,fill_rate_based_v2_global_percentile,100.0,28.53,BUY,0.915,535.71,17.85,1.0,-0.43,,,,,,,
,,,,,,,,,,,,,,,,,,,,,,,,,2026-07-11T12:33:35.066918Z,VIC1-NSW1:VIC1,C2028Q2,2.0,12400.87,133.0,117.0,0.879699,13402.61,fill_rate_based_v2_global_percentile,67.31,61.54,HOLD,0.448,1001.74,8.08,0.35,0.23,,,,,,,
,,,,,,,,,,,,,,,,,,,,,,,,,2026-07-11T12:33:35.075024Z,NSW1-QLD1:NSW1,C2028Q3,1.0,3864.0,62.0,62.0,1.0,4484.48,fill_rate_based_v2_global_percentile,100.0,10.58,BUY,0.915,620.48,16.06,1.0,-0.79,,,,,,,
,,,,,,,,,,,,,,,,,,,,,,,,,2026-07-11T12:33:35.083054Z,NSW1-QLD1:QLD1,C2028Q3,1.0,30817.84,108.0,108.0,1.0,36754.28,fill_rate_based_v2_global_percentile,100.0,42.63,BUY,0.915,5936.44,19.26,1.0,-0.15,,,,,,,
,,,,,,,,,,,,,,,,,,,,,,,,,2026-07-11T12:33:35.091127Z,V-SA:SA1,C2028Q3,1.0,3803.0,64.0,64.0,1.0,4428.29,fill_rate_based_v2_global_percentile,100.0,14.42,BUY,0.915,625.29,16.44,1.0,-0.71,,,,,,,
,,,,,,,,,,,,,,,,,,,,,,,,,2026-07-11T12:33:35.099181Z,V-SA:VIC1,C2028Q3,1.0,9253.0,73.0,73.0,1.0,10839.61,fill_rate_based_v2_global_percentile,100.0,21.47,BUY,0.915,1586.61,17.15,1.0,-0.57,,,,,,,
,,,,,,,,,,,,,,,,,,,,,,,,,2026-07-11T12:33:35.107225Z,VIC1-NSW1:NSW1,C2028Q3,1.0,4000.0,108.0,108.0,1.0,4770.52,fill_rate_based_v2_global_percentile,100.0,42.63,BUY,0.915,770.52,19.26,1.0,-0.15,,,,,,,
,,,,,,,,,,,,,,,,,,,,,,,,,2026-07-11T12:33:35.115283Z,VIC1-NSW1:VIC1,C2028Q3,1.0,12219.2,125.0,125.0,1.0,14749.19,fill_rate_based_v2_global_percentile,100.0,57.05,BUY,0.926,2529.99,20.71,1.0,0.14,,,,,,,
,,,,,,,,,,,,,,,,,,,,,,,,,2026-07-11T12:33:35.123779Z,NSW1-QLD1:NSW1,C2028Q3,3.0,2700.0,65.0,62.0,0.953846,2848.88,fill_rate_based_v2_global_percentile,72.44,15.38,HOLD,0.507,148.88,5.51,0.45,-0.69,,,,,,,
,,,,,,,,,,,,,,,,,,,,,,,,,2026-07-11T12:33:35.132295Z,NSW1-QLD1:QLD1,C2028Q3,3.0,27655.74,141.0,108.0,0.765957,28320.31,fill_rate_based_v2_global_percentile,51.92,66.35,WATCH,0.228,664.57,2.4,0.04,0.33,,,,,,,
,,,,,,,,,,,,,,,,,,,,,,,,,2026-07-11T12:33:35.140523Z,V-SA:SA1,C2028Q3,3.0,2034.15,84.0,64.0,0.761905,1998.29,fill_rate_based_v2_global_percentile,50.96,28.53,WATCH,0.189,-35.86,-1.76,0.02,-0.43,,,,,,,
,,,,,,,,,,,,,,,,,,,,,,,,,2026-07-11T12:33:35.148893Z,V-SA:VIC1,C2028Q3,3.0,5256.14,98.0,73.0,0.744898,5116.38,fill_rate_based_v2_global_percentile,47.44,33.65,WATCH,0.213,-139.76,-2.66,-0.05,-0.33,,,,,,,
,,,,,,,,,,,,,,,,,,,,,,,,,2026-07-11T12:33:35.157272Z,VIC1-NSW1:NSW1,C2028Q3,3.0,2398.0,118.0,108.0,0.915254,2591.66,fill_rate_based_v2_global_percentile,69.55,52.56,HOLD,0.468,193.66,8.08,0.39,0.05,,,,,,,
,,,,,,,,,,,,,,,,,,,,,,,,,2026-07-11T12:33:35.165669Z,VIC1-NSW1:VIC1,C2028Q3,3.0,5525.39,149.0,125.0,0.838926,5959.19,fill_rate_based_v2_global_percentile,64.74,69.55,HOLD,0.422,433.8,7.85,0.29,0.39,,,,,,,
,,,,,,,,,,,,,,,,,,,,,,,,,2026-07-11T12:33:35.174016Z,NSW1-QLD1:NSW1,C2028Q4,1.0,7534.8,62.0,62.0,1.0,8744.74,fill_rate_based_v2_global_percentile,100.0,10.58,BUY,0.915,1209.94,16.06,1.0,-0.79,,,,,,,
,,,,,,,,,,,,,,,,,,,,,,,,,2026-07-11T12:33:35.182431Z,NSW1-QLD1:QLD1,C2028Q4,1.0,20705.52,108.0,108.0,1.0,24694.02,fill_rate_based_v2_global_percentile,100.0,42.63,BUY,0.915,3988.5,19.26,1.0,-0.15,,,,,,,
,,,,,,,,,,,,,,,,,,,,,,,,,2026-07-11T12:33:35.190847Z,V-SA:SA1,C2028Q4,1.0,4000.29,64.0,64.0,1.0,4658.02,fill_rate_based_v2_global_percentile,100.0,14.42,BUY,0.915,657.73,16.44,1.0,-0.71,,,,,,,
,,,,,,,,,,,,,,,,,,,,,,,,,2026-07-11T12:33:35.199547Z,V-SA:VIC1,C2028Q4,1.0,3543.26,73.0,73.0,1.0,4150.82,fill_rate_based_v2_global_percentile,100.0,21.47,BUY,0.915,607.56,17.15,1.0,-0.57,,,,,,,
,,,,,,,,,,,,,,,,,,,,,,,,,2026-07-11T12:33:35.207916Z,VIC1-NSW1:NSW1,C2028Q4,1.0,2853.0,108.0,108.0,1.0,3402.57,fill_rate_based_v2_global_percentile,100.0,42.63,BUY,0.915,549.57,19.26,1.0,-0.15,,,,,,,
,,,,,,,,,,,,,,,,,,,,,,,,,2026-07-11T12:33:35.216109Z,VIC1-NSW1:VIC1,C2028Q4,1.0,5503.0,125.0,125.0,1.0,6642.4,fill_rate_based_v2_global_percentile,100.0,57.05,BUY,0.926,1139.4,20.71,1.0,0.14,,,,,,,
