contract_id,interconnector_id,from_region,mmsdm_month,quarter,tranche,version_no,units_offered,units_sold,clearing_price,reserve_price
C2018Q3T12,NSW1-QLD1,NSW1,2021-02,C2018Q3,T12,7,55,55,411.27,0.0
C2018Q3T12,NSW1-QLD1,QLD1,2021-02,C2018Q3,T12,7,100,100,8832.0,0.0
C2018Q3T12,V-SA,SA1,2021-02,C2018Q3,T12,7,66,66,3224.84,0.0
C2018Q3T12,V-SA,VIC1,2021-02,C2018Q3,T12,7,77,77,2570.0,0.0
C2018Q3T12,VIC1-NSW1,NSW1,2021-02,C2018Q3,T12,7,112,112,2348.45,0.0
C2018Q3T12,VIC1-NSW1,VIC1,2021-02,C2018Q3,T12,7,125,125,3627.0,0.0
C2018Q4T11,NSW1-QLD1,NSW1,2021-02,C2018Q4,T11,7,45,45,1290.0,0.0
C2018Q4T11,NSW1-QLD1,QLD1,2021-02,C2018Q4,T11,7,100,100,6523.0,0.0
C2018Q4T11,V-SA,SA1,2021-02,C2018Q4,T11,7,64,64,3474.07,0.0
C2018Q4T11,V-SA,VIC1,2021-02,C2018Q4,T11,7,73,73,3201.0,0.0
C2018Q4T11,VIC1-NSW1,NSW1,2021-02,C2018Q4,T11,7,108,108,2500.0,0.0
C2018Q4T11,VIC1-NSW1,VIC1,2021-02,C2018Q4,T11,7,125,125,4011.0,0.0
C2018Q4T12,NSW1-QLD1,NSW1,2021-02,C2018Q4,T12,12,55,55,666.66,0.0
C2018Q4T12,NSW1-QLD1,QLD1,2021-02,C2018Q4,T12,12,100,100,7001.9,0.0
C2018Q4T12,V-SA,SA1,2021-02,C2018Q4,T12,12,66,66,3446.0,0.0
C2018Q4T12,V-SA,VIC1,2021-02,C2018Q4,T12,12,77,77,2501.55,0.0
C2018Q4T12,VIC1-NSW1,NSW1,2021-02,C2018Q4,T12,12,112,112,2030.88,0.0
C2018Q4T12,VIC1-NSW1,VIC1,2021-02,C2018Q4,T12,12,125,125,5125.0,0.0
C2019Q1T10,NSW1-QLD1,NSW1,2021-02,C2019Q1,T10,7,45,45,4390.0,0.0
C2019Q1T10,NSW1-QLD1,QLD1,2021-02,C2019Q1,T10,7,100,100,10750.0,0.0
C2019Q1T10,V-SA,SA1,2021-02,C2019Q1,T10,7,64,64,5676.98,0.0
C2019Q1T10,V-SA,VIC1,2021-02,C2019Q1,T10,7,73,73,7940.0,0.0
C2019Q1T10,VIC1-NSW1,NSW1,2021-02,C2019Q1,T10,7,108,108,7011.88,0.0
C2019Q1T10,VIC1-NSW1,VIC1,2021-02,C2019Q1,T10,7,125,125,5148.0,0.0
C2019Q1T11,NSW1-QLD1,NSW1,2021-02,C2019Q1,T11,12,45,45,2567.37,0.0
C2019Q1T11,NSW1-QLD1,QLD1,2021-02,C2019Q1,T11,12,100,100,13812.0,0.0
C2019Q1T11,V-SA,SA1,2021-02,C2019Q1,T11,12,64,64,4997.86,0.0
C2019Q1T11,V-SA,VIC1,2021-02,C2019Q1,T11,12,73,73,6071.0,0.0
C2019Q1T11,VIC1-NSW1,NSW1,2021-02,C2019Q1,T11,12,108,108,7011.0,0.0
C2019Q1T11,VIC1-NSW1,VIC1,2021-02,C2019Q1,T11,12,125,125,6012.0,0.0
C2019Q1T12,NSW1-QLD1,NSW1,2021-09,C2019Q1,T12,14,55,55,2501.98,0.0
C2019Q1T12,NSW1-QLD1,QLD1,2021-09,C2019Q1,T12,14,100,100,12750.0,0.0
C2019Q1T12,V-SA,SA1,2021-09,C2019Q1,T12,14,66,66,4536.0,0.0
C2019Q1T12,V-SA,VIC1,2021-09,C2019Q1,T12,14,77,77,7205.89,0.0
C2019Q1T12,VIC1-NSW1,NSW1,2021-09,C2019Q1,T12,14,112,112,6500.0,0.0
C2019Q1T12,VIC1-NSW1,VIC1,2021-09,C2019Q1,T12,14,125,125,4999.37,0.0
C2019Q2T09,NSW1-QLD1,NSW1,2021-02,C2019Q2,T09,7,45,45,459.0,0.0
C2019Q2T09,NSW1-QLD1,QLD1,2021-02,C2019Q2,T09,7,100,100,10326.0,0.0
C2019Q2T09,V-SA,SA1,2021-02,C2019Q2,T09,7,64,64,5635.0,0.0
C2019Q2T09,V-SA,VIC1,2021-02,C2019Q2,T09,7,73,73,3049.0,0.0
C2019Q2T09,VIC1-NSW1,NSW1,2021-02,C2019Q2,T09,7,108,108,2311.0,0.0
C2019Q2T09,VIC1-NSW1,VIC1,2021-02,C2019Q2,T09,7,125,125,3374.6,0.0
C2019Q2T10,NSW1-QLD1,NSW1,2021-02,C2019Q2,T10,12,45,45,393.0,0.0
C2019Q2T10,NSW1-QLD1,QLD1,2021-02,C2019Q2,T10,12,100,100,12500.0,0.0
C2019Q2T10,V-SA,SA1,2021-02,C2019Q2,T10,12,64,64,5030.55,0.0
C2019Q2T10,V-SA,VIC1,2021-02,C2019Q2,T10,12,73,73,2439.0,0.0
C2019Q2T10,VIC1-NSW1,NSW1,2021-02,C2019Q2,T10,12,108,108,2926.9,0.0
C2019Q2T10,VIC1-NSW1,VIC1,2021-02,C2019Q2,T10,12,125,125,4012.0,0.0
C2019Q2T11,NSW1-QLD1,NSW1,2021-09,C2019Q2,T11,14,45,45,283.0,0.0
C2019Q2T11,NSW1-QLD1,QLD1,2021-09,C2019Q2,T11,14,100,100,12352.0,0.0
C2019Q2T11,V-SA,SA1,2021-09,C2019Q2,T11,14,64,64,2694.0,0.0
C2019Q2T11,V-SA,VIC1,2021-09,C2019Q2,T11,14,73,73,2135.0,0.0
C2019Q2T11,VIC1-NSW1,NSW1,2021-09,C2019Q2,T11,14,108,108,3015.0,0.0
C2019Q2T11,VIC1-NSW1,VIC1,2021-09,C2019Q2,T11,14,125,125,3851.52,0.0
C2019Q2T12,NSW1-QLD1,NSW1,2021-03,C2019Q2,T12,26,55,55,184.0,0.0
C2019Q2T12,NSW1-QLD1,QLD1,2021-03,C2019Q2,T12,26,100,100,12329.0,0.0
C2019Q2T12,V-SA,SA1,2021-03,C2019Q2,T12,26,66,66,2184.0,0.0
C2019Q2T12,V-SA,VIC1,2021-03,C2019Q2,T12,26,77,77,2600.68,0.0
C2019Q2T12,VIC1-NSW1,NSW1,2021-03,C2019Q2,T12,26,112,112,3489.0,0.0
C2019Q2T12,VIC1-NSW1,VIC1,2021-03,C2019Q2,T12,26,125,125,3500.94,0.0
C2019Q3T08,NSW1-QLD1,NSW1,2021-02,C2019Q3,T08,7,45,45,773.0,0.0
C2019Q3T08,NSW1-QLD1,QLD1,2021-02,C2019Q3,T08,7,100,100,11620.0,0.0
C2019Q3T08,V-SA,SA1,2021-02,C2019Q3,T08,7,64,64,6611.0,0.0
C2019Q3T08,V-SA,VIC1,2021-02,C2019Q3,T08,7,73,73,3268.94,0.0
C2019Q3T08,VIC1-NSW1,NSW1,2021-02,C2019Q3,T08,7,108,108,2711.0,0.0
C2019Q3T08,VIC1-NSW1,VIC1,2021-02,C2019Q3,T08,7,125,125,3815.0,0.0
C2019Q3T09,NSW1-QLD1,NSW1,2021-02,C2019Q3,T09,12,45,45,397.0,0.0
C2019Q3T09,NSW1-QLD1,QLD1,2021-02,C2019Q3,T09,12,100,100,11620.0,0.0
C2019Q3T09,V-SA,SA1,2021-02,C2019Q3,T09,12,64,64,7933.0,0.0
C2019Q3T09,V-SA,VIC1,2021-02,C2019Q3,T09,12,73,73,2180.0,0.0
C2019Q3T09,VIC1-NSW1,NSW1,2021-02,C2019Q3,T09,12,108,108,2993.98,0.0
C2019Q3T09,VIC1-NSW1,VIC1,2021-02,C2019Q3,T09,12,125,125,5012.0,0.0
C2019Q3T10,NSW1-QLD1,NSW1,2021-09,C2019Q3,T10,14,45,45,420.0,0.0
C2019Q3T10,NSW1-QLD1,QLD1,2021-09,C2019Q3,T10,14,100,100,11001.98,0.0
C2019Q3T10,V-SA,SA1,2021-09,C2019Q3,T10,14,64,64,5505.55,0.0
C2019Q3T10,V-SA,VIC1,2021-09,C2019Q3,T10,14,73,73,1930.0,0.0
C2019Q3T10,VIC1-NSW1,NSW1,2021-09,C2019Q3,T10,14,108,108,3015.0,0.0
C2019Q3T10,VIC1-NSW1,VIC1,2021-09,C2019Q3,T10,14,125,125,5213.0,0.0
C2019Q3T11,NSW1-QLD1,NSW1,2021-03,C2019Q3,T11,26,45,45,395.0,0.0
C2019Q3T11,NSW1-QLD1,QLD1,2021-03,C2019Q3,T11,26,100,100,11758.0,0.0
C2019Q3T11,V-SA,SA1,2021-03,C2019Q3,T11,26,64,64,5000.0,0.0
C2019Q3T11,V-SA,VIC1,2021-03,C2019Q3,T11,26,73,73,1447.5,0.0
C2019Q3T11,VIC1-NSW1,NSW1,2021-03,C2019Q3,T11,26,108,108,3075.3,0.0
C2019Q3T11,VIC1-NSW1,VIC1,2021-03,C2019Q3,T11,26,125,125,4344.0,0.0
C2019Q3T12,NSW1-QLD1,NSW1,2021-02,C2019Q3,T12,29,55,55,450.0,0.0
C2019Q3T12,NSW1-QLD1,QLD1,2021-02,C2019Q3,T12,29,100,100,9130.0,0.0
C2019Q3T12,V-SA,SA1,2021-02,C2019Q3,T12,29,66,66,5699.15,0.0
C2019Q3T12,V-SA,VIC1,2021-02,C2019Q3,T12,29,77,77,1744.0,0.0
C2019Q3T12,VIC1-NSW1,NSW1,2021-02,C2019Q3,T12,29,112,112,4050.0,0.0
C2019Q3T12,VIC1-NSW1,VIC1,2021-02,C2019Q3,T12,29,125,125,4600.0,0.0
C2019Q4T07,NSW1-QLD1,NSW1,2021-02,C2019Q4,T07,7,45,45,1500.0,0.0
C2019Q4T07,NSW1-QLD1,QLD1,2021-02,C2019Q4,T07,7,100,100,6967.0,0.0
C2019Q4T07,V-SA,SA1,2021-02,C2019Q4,T07,7,64,64,6511.0,0.0
C2019Q4T07,V-SA,VIC1,2021-02,C2019Q4,T07,7,73,73,3860.0,0.0
C2019Q4T07,VIC1-NSW1,NSW1,2021-02,C2019Q4,T07,7,108,108,2962.49,0.0
C2019Q4T07,VIC1-NSW1,VIC1,2021-02,C2019Q4,T07,7,125,125,3812.0,0.0
C2019Q4T08,NSW1-QLD1,NSW1,2021-02,C2019Q4,T08,12,45,45,883.0,0.0
C2019Q4T08,NSW1-QLD1,QLD1,2021-02,C2019Q4,T08,12,100,100,7852.0,0.0
C2019Q4T08,V-SA,SA1,2021-02,C2019Q4,T08,12,64,64,6511.0,0.0
C2019Q4T08,V-SA,VIC1,2021-02,C2019Q4,T08,12,73,73,2531.0,0.0
C2019Q4T08,VIC1-NSW1,NSW1,2021-02,C2019Q4,T08,12,108,108,2946.01,0.0
C2019Q4T08,VIC1-NSW1,VIC1,2021-02,C2019Q4,T08,12,125,125,5012.0,0.0
C2019Q4T09,NSW1-QLD1,NSW1,2021-09,C2019Q4,T09,14,45,45,1001.43,0.0
C2019Q4T09,NSW1-QLD1,QLD1,2021-09,C2019Q4,T09,14,100,100,6500.0,0.0
C2019Q4T09,V-SA,SA1,2021-09,C2019Q4,T09,14,64,64,4858.0,0.0
C2019Q4T09,V-SA,VIC1,2021-09,C2019Q4,T09,14,73,73,1911.0,0.0
C2019Q4T09,VIC1-NSW1,NSW1,2021-09,C2019Q4,T09,14,108,108,3001.85,0.0
C2019Q4T09,VIC1-NSW1,VIC1,2021-09,C2019Q4,T09,14,125,125,4230.0,0.0
C2019Q4T10,NSW1-QLD1,NSW1,2021-03,C2019Q4,T10,26,45,45,675.0,0.0
C2019Q4T10,NSW1-QLD1,QLD1,2021-03,C2019Q4,T10,26,100,100,8937.79,0.0
C2019Q4T10,V-SA,SA1,2021-03,C2019Q4,T10,26,64,64,4416.0,0.0
C2019Q4T10,V-SA,VIC1,2021-03,C2019Q4,T10,26,73,73,1600.0,0.0
C2019Q4T10,VIC1-NSW1,NSW1,2021-03,C2019Q4,T10,26,108,108,3350.0,0.0
C2019Q4T10,VIC1-NSW1,VIC1,2021-03,C2019Q4,T10,26,125,125,5203.0,0.0
C2019Q4T11,NSW1-QLD1,NSW1,2021-02,C2019Q4,T11,29,45,45,557.0,0.0
C2019Q4T11,NSW1-QLD1,QLD1,2021-02,C2019Q4,T11,29,100,100,9779.99,0.0
C2019Q4T11,V-SA,SA1,2021-02,C2019Q4,T11,29,64,64,5000.0,0.0
C2019Q4T11,V-SA,VIC1,2021-02,C2019Q4,T11,29,73,73,1518.6,0.0
C2019Q4T11,VIC1-NSW1,NSW1,2021-02,C2019Q4,T11,29,108,108,3950.0,0.0
C2019Q4T11,VIC1-NSW1,VIC1,2021-02,C2019Q4,T11,29,125,125,4850.0,0.0
C2019Q4T12,NSW1-QLD1,NSW1,2022-05,C2019Q4,T12,13,55,55,600.0,0.0
C2019Q4T12,NSW1-QLD1,QLD1,2022-05,C2019Q4,T12,13,100,100,14748.0,0.0
C2019Q4T12,V-SA,SA1,2022-05,C2019Q4,T12,13,66,66,6125.0,0.0
C2019Q4T12,V-SA,VIC1,2022-05,C2019Q4,T12,13,77,77,1905.0,0.0
C2019Q4T12,VIC1-NSW1,NSW1,2022-05,C2019Q4,T12,13,112,112,3975.91,0.0
C2019Q4T12,VIC1-NSW1,VIC1,2022-05,C2019Q4,T12,13,125,125,4978.0,0.0
C2020Q1T06,NSW1-QLD1,NSW1,2021-02,C2020Q1,T06,7,45,45,5442.0,0.0
C2020Q1T06,NSW1-QLD1,QLD1,2021-02,C2020Q1,T06,7,100,100,7975.0,0.0
C2020Q1T06,V-SA,SA1,2021-02,C2020Q1,T06,7,64,64,6783.42,0.0
C2020Q1T06,V-SA,VIC1,2021-02,C2020Q1,T06,7,73,73,10386.5,0.0
C2020Q1T06,VIC1-NSW1,NSW1,2021-02,C2020Q1,T06,7,108,108,4888.0,0.0
C2020Q1T06,VIC1-NSW1,VIC1,2021-02,C2020Q1,T06,7,125,125,5023.0,0.0
C2020Q1T07,NSW1-QLD1,NSW1,2021-02,C2020Q1,T07,12,45,45,4354.0,0.0
C2020Q1T07,NSW1-QLD1,QLD1,2021-02,C2020Q1,T07,12,100,100,9570.0,0.0
C2020Q1T07,V-SA,SA1,2021-02,C2020Q1,T07,12,64,64,8140.0,0.0
C2020Q1T07,V-SA,VIC1,2021-02,C2020Q1,T07,12,73,73,7113.0,0.0
C2020Q1T07,VIC1-NSW1,NSW1,2021-02,C2020Q1,T07,12,108,108,5011.0,0.0
C2020Q1T07,VIC1-NSW1,VIC1,2021-02,C2020Q1,T07,12,125,125,6028.0,0.0
C2020Q1T08,NSW1-QLD1,NSW1,2021-09,C2020Q1,T08,14,45,45,4354.0,0.0
C2020Q1T08,NSW1-QLD1,QLD1,2021-09,C2020Q1,T08,14,100,100,9078.0,0.0
C2020Q1T08,V-SA,SA1,2021-09,C2020Q1,T08,14,64,64,4116.22,0.0
C2020Q1T08,V-SA,VIC1,2021-09,C2020Q1,T08,14,73,73,7113.0,0.0
C2020Q1T08,VIC1-NSW1,NSW1,2021-09,C2020Q1,T08,14,108,108,3910.0,0.0
C2020Q1T08,VIC1-NSW1,VIC1,2021-09,C2020Q1,T08,14,125,125,4270.0,0.0
C2020Q1T09,NSW1-QLD1,NSW1,2021-03,C2020Q1,T09,26,45,45,2516.0,0.0
C2020Q1T09,NSW1-QLD1,QLD1,2021-03,C2020Q1,T09,26,100,100,12895.0,0.0
C2020Q1T09,V-SA,SA1,2021-03,C2020Q1,T09,26,64,64,4611.0,0.0
C2020Q1T09,V-SA,VIC1,2021-03,C2020Q1,T09,26,73,73,6231.9,0.0
C2020Q1T09,VIC1-NSW1,NSW1,2021-03,C2020Q1,T09,26,108,108,6750.0,0.0
C2020Q1T09,VIC1-NSW1,VIC1,2021-03,C2020Q1,T09,26,125,125,4822.4,0.0
C2020Q1T10,NSW1-QLD1,NSW1,2021-02,C2020Q1,T10,29,45,45,2375.0,0.0
C2020Q1T10,NSW1-QLD1,QLD1,2021-02,C2020Q1,T10,29,100,100,14829.25,0.0
C2020Q1T10,V-SA,SA1,2021-02,C2020Q1,T10,29,64,64,4400.78,0.0
C2020Q1T10,V-SA,VIC1,2021-02,C2020Q1,T10,29,73,73,4985.52,0.0
C2020Q1T10,VIC1-NSW1,NSW1,2021-02,C2020Q1,T10,29,108,108,7928.0,0.0
C2020Q1T10,VIC1-NSW1,VIC1,2021-02,C2020Q1,T10,29,125,125,4855.0,0.0
C2020Q1T11,NSW1-QLD1,NSW1,2022-05,C2020Q1,T11,13,45,45,3050.0,0.0
C2020Q1T11,NSW1-QLD1,QLD1,2022-05,C2020Q1,T11,13,100,100,16005.0,0.0
C2020Q1T11,V-SA,SA1,2022-05,C2020Q1,T11,13,64,64,5204.0,0.0
C2020Q1T11,V-SA,VIC1,2022-05,C2020Q1,T11,13,73,73,7200.0,0.0
C2020Q1T11,VIC1-NSW1,NSW1,2022-05,C2020Q1,T11,13,108,108,14270.4,0.0
C2020Q1T11,VIC1-NSW1,VIC1,2022-05,C2020Q1,T11,13,125,125,5004.0,0.0
C2020Q1T12,NSW1-QLD1,NSW1,2022-05,C2020Q1,T12,33,147,55,2184.0,0.0
C2020Q1T12,NSW1-QLD1,QLD1,2022-05,C2020Q1,T12,33,315,111,13000.0,0.0
C2020Q1T12,V-SA,SA1,2022-05,C2020Q1,T12,33,93,66,8099.0,0.0
C2020Q1T12,V-SA,VIC1,2022-05,C2020Q1,T12,33,139,78,5500.0,0.0
C2020Q1T12,VIC1-NSW1,NSW1,2022-05,C2020Q1,T12,33,280,138,10576.0,0.0
C2020Q1T12,VIC1-NSW1,VIC1,2022-05,C2020Q1,T12,33,432,125,3600.0,0.0
C2020Q2T05,NSW1-QLD1,NSW1,2021-02,C2020Q2,T05,7,45,45,915.0,0.0
C2020Q2T05,NSW1-QLD1,QLD1,2021-02,C2020Q2,T05,7,100,100,9777.0,0.0
C2020Q2T05,V-SA,SA1,2021-02,C2020Q2,T05,7,64,64,5494.06,0.0
C2020Q2T05,V-SA,VIC1,2021-02,C2020Q2,T05,7,73,73,3386.0,0.0
C2020Q2T05,VIC1-NSW1,NSW1,2021-02,C2020Q2,T05,7,108,108,2629.97,0.0
C2020Q2T05,VIC1-NSW1,VIC1,2021-02,C2020Q2,T05,7,125,125,3958.2,0.0
C2020Q2T06,NSW1-QLD1,NSW1,2021-02,C2020Q2,T06,12,45,45,425.72,0.0
C2020Q2T06,NSW1-QLD1,QLD1,2021-02,C2020Q2,T06,12,100,100,10333.0,0.0
C2020Q2T06,V-SA,SA1,2021-02,C2020Q2,T06,12,64,64,5494.0,0.0
C2020Q2T06,V-SA,VIC1,2021-02,C2020Q2,T06,12,73,73,2235.02,0.0
C2020Q2T06,VIC1-NSW1,NSW1,2021-02,C2020Q2,T06,12,108,108,2630.0,0.0
C2020Q2T06,VIC1-NSW1,VIC1,2021-02,C2020Q2,T06,12,125,125,4511.0,0.0
C2020Q2T07,NSW1-QLD1,NSW1,2021-09,C2020Q2,T07,14,45,45,381.0,0.0
C2020Q2T07,NSW1-QLD1,QLD1,2021-09,C2020Q2,T07,14,100,100,9279.0,0.0
C2020Q2T07,V-SA,SA1,2021-09,C2020Q2,T07,14,64,64,4368.0,0.0
C2020Q2T07,V-SA,VIC1,2021-09,C2020Q2,T07,14,73,73,1768.0,0.0
C2020Q2T07,VIC1-NSW1,NSW1,2021-09,C2020Q2,T07,14,108,108,2175.0,0.0
C2020Q2T07,VIC1-NSW1,VIC1,2021-09,C2020Q2,T07,14,125,125,4111.0,0.0
C2020Q2T08,NSW1-QLD1,NSW1,2021-03,C2020Q2,T08,26,45,45,240.0,0.0
C2020Q2T08,NSW1-QLD1,QLD1,2021-03,C2020Q2,T08,26,100,100,10434.0,0.0
C2020Q2T08,V-SA,SA1,2021-03,C2020Q2,T08,26,64,64,4000.0,0.0
C2020Q2T08,V-SA,VIC1,2021-03,C2020Q2,T08,26,73,73,1811.0,0.0
C2020Q2T08,VIC1-NSW1,NSW1,2021-03,C2020Q2,T08,26,108,108,1638.0,0.0
C2020Q2T08,VIC1-NSW1,VIC1,2021-03,C2020Q2,T08,26,125,125,4175.0,0.0
C2020Q2T09,NSW1-QLD1,NSW1,2021-02,C2020Q2,T09,29,45,45,201.0,0.0
C2020Q2T09,NSW1-QLD1,QLD1,2021-02,C2020Q2,T09,29,100,100,12000.0,0.0
C2020Q2T09,V-SA,SA1,2021-02,C2020Q2,T09,29,64,64,5000.0,0.0
C2020Q2T09,V-SA,VIC1,2021-02,C2020Q2,T09,29,73,73,1341.01,0.0
C2020Q2T09,VIC1-NSW1,NSW1,2021-02,C2020Q2,T09,29,108,108,1998.0,0.0
C2020Q2T09,VIC1-NSW1,VIC1,2021-02,C2020Q2,T09,29,125,125,4201.0,0.0
C2020Q2T10,NSW1-QLD1,NSW1,2022-05,C2020Q2,T10,13,45,45,226.0,0.0
C2020Q2T10,NSW1-QLD1,QLD1,2022-05,C2020Q2,T10,13,100,100,14479.92,0.0
C2020Q2T10,V-SA,SA1,2022-05,C2020Q2,T10,13,64,64,5044.0,0.0
C2020Q2T10,V-SA,VIC1,2022-05,C2020Q2,T10,13,73,73,1273.96,0.0
C2020Q2T10,VIC1-NSW1,NSW1,2022-05,C2020Q2,T10,13,108,108,2500.15,0.0
C2020Q2T10,VIC1-NSW1,VIC1,2022-05,C2020Q2,T10,13,125,125,3999.8,0.0
C2020Q2T11,NSW1-QLD1,NSW1,2022-05,C2020Q2,T11,33,112,45,207.96,0.0
C2020Q2T11,NSW1-QLD1,QLD1,2022-05,C2020Q2,T11,33,248,105,14200.0,0.0
C2020Q2T11,V-SA,SA1,2022-05,C2020Q2,T11,33,74,64,10088.0,0.0
C2020Q2T11,V-SA,VIC1,2022-05,C2020Q2,T11,33,185,73,1208.95,0.0
C2020Q2T11,VIC1-NSW1,NSW1,2022-05,C2020Q2,T11,33,211,108,2839.0,0.0
C2020Q2T11,VIC1-NSW1,VIC1,2022-05,C2020Q2,T11,33,297,125,2807.0,0.0
C2020Q2T12,NSW1-QLD1,NSW1,2022-05,C2020Q2,T12,45,90,55,174.14,0.0
C2020Q2T12,NSW1-QLD1,QLD1,2022-05,C2020Q2,T12,45,230,107,13890.24,0.0
C2020Q2T12,V-SA,SA1,2022-05,C2020Q2,T12,45,96,66,10592.4,0.0
C2020Q2T12,V-SA,VIC1,2022-05,C2020Q2,T12,45,177,77,1250.0,0.0
C2020Q2T12,VIC1-NSW1,NSW1,2022-05,C2020Q2,T12,45,286,132,1482.0,0.0
C2020Q2T12,VIC1-NSW1,VIC1,2022-05,C2020Q2,T12,45,335,155,5865.0,0.0
C2020Q3T04,NSW1-QLD1,NSW1,2021-02,C2020Q3,T04,7,45,45,915.0,0.0
C2020Q3T04,NSW1-QLD1,QLD1,2021-02,C2020Q3,T04,7,100,100,10395.0,0.0
C2020Q3T04,V-SA,SA1,2021-02,C2020Q3,T04,7,64,64,5635.0,0.0
C2020Q3T04,V-SA,VIC1,2021-02,C2020Q3,T04,7,73,73,3560.0,0.0
C2020Q3T04,VIC1-NSW1,NSW1,2021-02,C2020Q3,T04,7,108,108,2208.0,0.0
C2020Q3T04,VIC1-NSW1,VIC1,2021-02,C2020Q3,T04,7,125,125,4384.0,0.0
C2020Q3T05,NSW1-QLD1,NSW1,2021-02,C2020Q3,T05,12,45,45,426.99,0.0
C2020Q3T05,NSW1-QLD1,QLD1,2021-02,C2020Q3,T05,12,100,100,10055.0,0.0
C2020Q3T05,V-SA,SA1,2021-02,C2020Q3,T05,12,64,64,5635.0,0.0
C2020Q3T05,V-SA,VIC1,2021-02,C2020Q3,T05,12,73,73,2286.72,0.0
C2020Q3T05,VIC1-NSW1,NSW1,2021-02,C2020Q3,T05,12,108,108,2025.0,0.0
C2020Q3T05,VIC1-NSW1,VIC1,2021-02,C2020Q3,T05,12,125,125,5052.0,0.0
C2020Q3T06,NSW1-QLD1,NSW1,2021-09,C2020Q3,T06,14,45,45,366.0,0.0
C2020Q3T06,NSW1-QLD1,QLD1,2021-09,C2020Q3,T06,14,100,100,8942.0,0.0
C2020Q3T06,V-SA,SA1,2021-09,C2020Q3,T06,14,64,64,4933.0,0.0
C2020Q3T06,V-SA,VIC1,2021-09,C2020Q3,T06,14,73,73,1730.0,0.0
C2020Q3T06,VIC1-NSW1,NSW1,2021-09,C2020Q3,T06,14,108,108,1975.0,0.0
C2020Q3T06,VIC1-NSW1,VIC1,2021-09,C2020Q3,T06,14,125,125,5382.0,0.0
C2020Q3T07,NSW1-QLD1,NSW1,2021-03,C2020Q3,T07,26,45,45,281.0,0.0
C2020Q3T07,NSW1-QLD1,QLD1,2021-03,C2020Q3,T07,26,100,100,10730.4,0.0
C2020Q3T07,V-SA,SA1,2021-03,C2020Q3,T07,26,64,64,4416.0,0.0
C2020Q3T07,V-SA,VIC1,2021-03,C2020Q3,T07,26,73,73,1557.0,0.0
C2020Q3T07,VIC1-NSW1,NSW1,2021-03,C2020Q3,T07,26,108,108,1656.0,0.0
C2020Q3T07,VIC1-NSW1,VIC1,2021-03,C2020Q3,T07,26,125,125,5166.72,0.0
C2020Q3T08,NSW1-QLD1,NSW1,2021-02,C2020Q3,T08,29,45,45,203.0,0.0
C2020Q3T08,NSW1-QLD1,QLD1,2021-02,C2020Q3,T08,29,100,100,11132.0,0.0
C2020Q3T08,V-SA,SA1,2021-02,C2020Q3,T08,29,64,64,6762.0,0.0
C2020Q3T08,V-SA,VIC1,2021-02,C2020Q3,T08,29,73,73,950.0,0.0
C2020Q3T08,VIC1-NSW1,NSW1,2021-02,C2020Q3,T08,29,108,108,1750.25,0.0
C2020Q3T08,VIC1-NSW1,VIC1,2021-02,C2020Q3,T08,29,125,125,5166.72,0.0
C2020Q3T09,NSW1-QLD1,NSW1,2022-05,C2020Q3,T09,13,45,45,254.0,0.0
C2020Q3T09,NSW1-QLD1,QLD1,2022-05,C2020Q3,T09,13,100,100,13976.64,0.0
C2020Q3T09,V-SA,SA1,2022-05,C2020Q3,T09,13,64,64,9251.0,0.0
C2020Q3T09,V-SA,VIC1,2022-05,C2020Q3,T09,13,73,73,1092.5,0.0
C2020Q3T09,VIC1-NSW1,NSW1,2022-05,C2020Q3,T09,13,108,108,1950.0,0.0
C2020Q3T09,VIC1-NSW1,VIC1,2022-05,C2020Q3,T09,13,125,125,4999.95,0.0
C2020Q3T10,NSW1-QLD1,NSW1,2022-05,C2020Q3,T10,33,112,45,200.0,0.0
C2020Q3T10,NSW1-QLD1,QLD1,2022-05,C2020Q3,T10,33,240,100,16889.0,0.0
C2020Q3T10,V-SA,SA1,2022-05,C2020Q3,T10,33,74,64,12250.0,0.0
C2020Q3T10,V-SA,VIC1,2022-05,C2020Q3,T10,33,185,73,1100.0,0.0
C2020Q3T10,VIC1-NSW1,NSW1,2022-05,C2020Q3,T10,33,239,108,2437.5,0.0
C2020Q3T10,VIC1-NSW1,VIC1,2022-05,C2020Q3,T10,33,297,125,3957.0,0.0
C2020Q3T11,NSW1-QLD1,NSW1,2022-05,C2020Q3,T11,45,80,45,164.27,0.0
C2020Q3T11,NSW1-QLD1,QLD1,2022-05,C2020Q3,T11,45,200,100,14862.32,0.0
C2020Q3T11,V-SA,SA1,2022-05,C2020Q3,T11,45,84,64,13752.0,0.0
C2020Q3T11,V-SA,VIC1,2022-05,C2020Q3,T11,45,148,73,1565.0,0.0
C2020Q3T11,VIC1-NSW1,NSW1,2022-05,C2020Q3,T11,45,311,108,1462.5,0.0
C2020Q3T11,VIC1-NSW1,VIC1,2022-05,C2020Q3,T11,45,262,125,5703.0,0.0
C2020Q3T12,NSW1-QLD1,NSW1,2022-05,C2020Q3,T12,52,90,55,210.08,0.0
C2020Q3T12,NSW1-QLD1,QLD1,2022-05,C2020Q3,T12,52,210,139,11555.0,0.0
C2020Q3T12,V-SA,SA1,2022-05,C2020Q3,T12,52,96,73,9151.07,0.0
C2020Q3T12,V-SA,VIC1,2022-05,C2020Q3,T12,52,193,77,1713.0,0.0
C2020Q3T12,VIC1-NSW1,NSW1,2022-05,C2020Q3,T12,52,296,112,1023.75,0.0
C2020Q3T12,VIC1-NSW1,VIC1,2022-05,C2020Q3,T12,52,355,135,4901.0,0.0
C2020Q4T03,NSW1-QLD1,NSW1,2021-02,C2020Q4,T03,7,45,45,1451.0,0.0
C2020Q4T03,NSW1-QLD1,QLD1,2021-02,C2020Q4,T03,7,100,100,5985.0,0.0
C2020Q4T03,V-SA,SA1,2021-02,C2020Q4,T03,7,64,64,5635.0,0.0
C2020Q4T03,V-SA,VIC1,2021-02,C2020Q4,T03,7,73,73,3993.5,0.0
C2020Q4T03,VIC1-NSW1,NSW1,2021-02,C2020Q4,T03,7,108,108,2208.0,0.0
C2020Q4T03,VIC1-NSW1,VIC1,2021-02,C2020Q4,T03,7,125,125,4198.0,0.0
C2020Q4T04,NSW1-QLD1,NSW1,2021-02,C2020Q4,T04,12,45,45,750.0,0.0
C2020Q4T04,NSW1-QLD1,QLD1,2021-02,C2020Q4,T04,12,100,100,6384.0,0.0
C2020Q4T04,V-SA,SA1,2021-02,C2020Q4,T04,12,64,64,5741.0,0.0
C2020Q4T04,V-SA,VIC1,2021-02,C2020Q4,T04,12,73,73,2815.2,0.0
C2020Q4T04,VIC1-NSW1,NSW1,2021-02,C2020Q4,T04,12,108,108,1999.0,0.0
C2020Q4T04,VIC1-NSW1,VIC1,2021-02,C2020Q4,T04,12,125,125,4447.87,0.0
C2020Q4T05,NSW1-QLD1,NSW1,2021-09,C2020Q4,T05,14,45,45,875.0,0.0
C2020Q4T05,NSW1-QLD1,QLD1,2021-09,C2020Q4,T05,14,100,100,5858.0,0.0
C2020Q4T05,V-SA,SA1,2021-09,C2020Q4,T05,14,64,64,4933.0,0.0
C2020Q4T05,V-SA,VIC1,2021-09,C2020Q4,T05,14,73,73,1916.88,0.0
C2020Q4T05,VIC1-NSW1,NSW1,2021-09,C2020Q4,T05,14,108,108,2208.0,0.0
C2020Q4T05,VIC1-NSW1,VIC1,2021-09,C2020Q4,T05,14,125,125,4269.96,0.0
C2020Q4T06,NSW1-QLD1,NSW1,2021-03,C2020Q4,T06,26,45,45,675.0,0.0
C2020Q4T06,NSW1-QLD1,QLD1,2021-03,C2020Q4,T06,26,100,100,8650.0,0.0
C2020Q4T06,V-SA,SA1,2021-03,C2020Q4,T06,26,64,64,4416.0,0.0
C2020Q4T06,V-SA,VIC1,2021-03,C2020Q4,T06,26,73,73,2000.0,0.0
C2020Q4T06,VIC1-NSW1,NSW1,2021-03,C2020Q4,T06,26,108,108,2000.0,0.0
C2020Q4T06,VIC1-NSW1,VIC1,2021-03,C2020Q4,T06,26,125,125,4650.0,0.0
C2020Q4T07,NSW1-QLD1,NSW1,2021-02,C2020Q4,T07,29,45,45,590.0,0.0
C2020Q4T07,NSW1-QLD1,QLD1,2021-02,C2020Q4,T07,29,100,100,10150.0,0.0
C2020Q4T07,V-SA,SA1,2021-02,C2020Q4,T07,29,64,64,6889.2,0.0
C2020Q4T07,V-SA,VIC1,2021-02,C2020Q4,T07,29,73,73,1727.0,0.0
C2020Q4T07,VIC1-NSW1,NSW1,2021-02,C2020Q4,T07,29,108,108,2215.0,0.0
C2020Q4T07,VIC1-NSW1,VIC1,2021-02,C2020Q4,T07,29,125,125,5580.0,0.0
C2020Q4T08,NSW1-QLD1,NSW1,2022-05,C2020Q4,T08,13,45,45,600.0,0.0
C2020Q4T08,NSW1-QLD1,QLD1,2022-05,C2020Q4,T08,13,100,100,12806.4,0.0
C2020Q4T08,V-SA,SA1,2022-05,C2020Q4,T08,13,64,64,7955.0,0.0
C2020Q4T08,V-SA,VIC1,2022-05,C2020Q4,T08,13,73,73,1504.0,0.0
C2020Q4T08,VIC1-NSW1,NSW1,2022-05,C2020Q4,T08,13,108,108,2625.0,0.0
C2020Q4T08,VIC1-NSW1,VIC1,2022-05,C2020Q4,T08,13,125,125,6200.0,0.0
C2020Q4T09,NSW1-QLD1,NSW1,2022-05,C2020Q4,T09,33,170,45,675.0,0.0
C2020Q4T09,NSW1-QLD1,QLD1,2022-05,C2020Q4,T09,33,228,100,14200.0,0.0
C2020Q4T09,V-SA,SA1,2022-05,C2020Q4,T09,33,74,64,13751.0,0.0
C2020Q4T09,V-SA,VIC1,2022-05,C2020Q4,T09,33,163,73,1278.4,0.0
C2020Q4T09,VIC1-NSW1,NSW1,2022-05,C2020Q4,T09,33,204,109,3000.0,0.0
C2020Q4T09,VIC1-NSW1,VIC1,2022-05,C2020Q4,T09,33,243,125,5503.0,0.0
C2020Q4T10,NSW1-QLD1,NSW1,2022-05,C2020Q4,T10,45,97,45,700.0,0.0
C2020Q4T10,NSW1-QLD1,QLD1,2022-05,C2020Q4,T10,45,196,103,13598.0,0.0
C2020Q4T10,V-SA,SA1,2022-05,C2020Q4,T10,45,84,64,13823.0,0.0
C2020Q4T10,V-SA,VIC1,2022-05,C2020Q4,T10,45,133,73,1760.0,0.0
C2020Q4T10,VIC1-NSW1,NSW1,2022-05,C2020Q4,T10,45,288,108,2400.0,0.0
C2020Q4T10,VIC1-NSW1,VIC1,2022-05,C2020Q4,T10,45,296,127,6275.0,0.0
C2020Q4T11,NSW1-QLD1,NSW1,2022-05,C2020Q4,T11,52,193,45,701.23,0.0
C2020Q4T11,NSW1-QLD1,QLD1,2022-05,C2020Q4,T11,52,222,110,10878.4,0.0
C2020Q4T11,V-SA,SA1,2022-05,C2020Q4,T11,52,94,64,8001.2,0.0
C2020Q4T11,V-SA,VIC1,2022-05,C2020Q4,T11,52,168,73,1795.2,0.0
C2020Q4T11,VIC1-NSW1,NSW1,2022-05,C2020Q4,T11,52,234,113,2208.0,0.0
C2020Q4T11,VIC1-NSW1,VIC1,2022-05,C2020Q4,T11,52,340,130,5875.0,0.0
C2020Q4T12,NSW1-QLD1,NSW1,2022-05,C2020Q4,T12,32,157,55,804.0,0.0
C2020Q4T12,NSW1-QLD1,QLD1,2022-05,C2020Q4,T12,32,210,100,10450.0,0.0
C2020Q4T12,V-SA,SA1,2022-05,C2020Q4,T12,32,91,66,6500.85,0.0
C2020Q4T12,V-SA,VIC1,2022-05,C2020Q4,T12,32,97,77,3000.33,0.0
C2020Q4T12,VIC1-NSW1,NSW1,2022-05,C2020Q4,T12,32,222,112,2755.0,0.0
C2020Q4T12,VIC1-NSW1,VIC1,2022-05,C2020Q4,T12,32,285,126,4500.0,0.0
C2021Q1T02,NSW1-QLD1,NSW1,2021-02,C2021Q1,T02,7,45,45,4150.0,0.0
C2021Q1T02,NSW1-QLD1,QLD1,2021-02,C2021Q1,T02,7,100,100,6541.44,0.0
C2021Q1T02,V-SA,SA1,2021-02,C2021Q1,T02,7,64,64,6783.42,0.0
C2021Q1T02,V-SA,VIC1,2021-02,C2021Q1,T02,7,73,73,10800.0,0.0
C2021Q1T02,VIC1-NSW1,NSW1,2021-02,C2021Q1,T02,7,108,108,4444.0,0.0
C2021Q1T02,VIC1-NSW1,VIC1,2021-02,C2021Q1,T02,7,125,125,5362.0,0.0
C2021Q1T03,NSW1-QLD1,NSW1,2021-02,C2021Q1,T03,12,45,45,4150.0,0.0
C2021Q1T03,NSW1-QLD1,QLD1,2021-02,C2021Q1,T03,12,100,100,9089.84,0.0
C2021Q1T03,V-SA,SA1,2021-02,C2021Q1,T03,12,64,64,8140.0,0.0
C2021Q1T03,V-SA,VIC1,2021-02,C2021Q1,T03,12,73,73,8100.94,0.0
C2021Q1T03,VIC1-NSW1,NSW1,2021-02,C2021Q1,T03,12,108,108,4428.0,0.0
C2021Q1T03,VIC1-NSW1,VIC1,2021-02,C2021Q1,T03,12,125,125,5616.0,0.0
C2021Q1T04,NSW1-QLD1,NSW1,2021-09,C2021Q1,T04,14,45,45,3650.0,0.0
C2021Q1T04,NSW1-QLD1,QLD1,2021-09,C2021Q1,T04,14,100,100,8554.0,0.0
C2021Q1T04,V-SA,SA1,2021-09,C2021Q1,T04,14,64,64,4933.0,0.0
C2021Q1T04,V-SA,VIC1,2021-09,C2021Q1,T04,14,73,73,7128.0,0.0
C2021Q1T04,VIC1-NSW1,NSW1,2021-09,C2021Q1,T04,14,108,108,3780.0,0.0
C2021Q1T04,VIC1-NSW1,VIC1,2021-09,C2021Q1,T04,14,125,125,5362.0,0.0
C2021Q1T05,NSW1-QLD1,NSW1,2021-03,C2021Q1,T05,26,45,45,3320.0,0.0
C2021Q1T05,NSW1-QLD1,QLD1,2021-03,C2021Q1,T05,26,100,100,10692.5,0.0
C2021Q1T05,V-SA,SA1,2021-03,C2021Q1,T05,26,64,64,5372.4,0.0
C2021Q1T05,V-SA,VIC1,2021-03,C2021Q1,T05,26,73,73,6480.0,0.0
C2021Q1T05,VIC1-NSW1,NSW1,2021-03,C2021Q1,T05,26,108,108,4150.0,0.0
C2021Q1T05,VIC1-NSW1,VIC1,2021-03,C2021Q1,T05,26,125,125,4875.0,0.0
C2021Q1T06,NSW1-QLD1,NSW1,2021-02,C2021Q1,T06,29,45,45,3070.0,0.0
C2021Q1T06,NSW1-QLD1,QLD1,2021-02,C2021Q1,T06,29,100,100,11745.0,0.0
C2021Q1T06,V-SA,SA1,2021-02,C2021Q1,T06,29,64,64,5372.4,0.0
C2021Q1T06,V-SA,VIC1,2021-02,C2021Q1,T06,29,73,73,5184.0,0.0
C2021Q1T06,VIC1-NSW1,NSW1,2021-02,C2021Q1,T06,29,108,108,4320.0,0.0
C2021Q1T06,VIC1-NSW1,VIC1,2021-02,C2021Q1,T06,29,125,125,4791.0,0.0
C2021Q1T07,NSW1-QLD1,NSW1,2022-05,C2021Q1,T07,13,45,45,3175.0,0.0
C2021Q1T07,NSW1-QLD1,QLD1,2022-05,C2021Q1,T07,13,100,100,13335.0,0.0
C2021Q1T07,V-SA,SA1,2022-05,C2021Q1,T07,13,64,64,6178.26,0.0
C2021Q1T07,V-SA,VIC1,2022-05,C2021Q1,T07,13,73,73,5961.6,0.0
C2021Q1T07,VIC1-NSW1,NSW1,2022-05,C2021Q1,T07,13,108,108,6975.0,0.0
C2021Q1T07,VIC1-NSW1,VIC1,2022-05,C2021Q1,T07,13,125,125,5500.0,0.0
C2021Q1T08,NSW1-QLD1,NSW1,2022-05,C2021Q1,T08,33,69,45,2500.0,0.0
C2021Q1T08,NSW1-QLD1,QLD1,2022-05,C2021Q1,T08,33,256,100,13517.0,0.0
C2021Q1T08,V-SA,SA1,2022-05,C2021Q1,T08,33,78,64,7413.91,0.0
C2021Q1T08,V-SA,VIC1,2022-05,C2021Q1,T08,33,89,73,2666.0,0.0
C2021Q1T08,VIC1-NSW1,NSW1,2022-05,C2021Q1,T08,33,137,119,8718.75,0.0
C2021Q1T08,VIC1-NSW1,VIC1,2022-05,C2021Q1,T08,33,313,125,5620.0,0.0
C2021Q1T09,NSW1-QLD1,NSW1,2022-05,C2021Q1,T09,45,62,45,1750.0,0.0
C2021Q1T09,NSW1-QLD1,QLD1,2022-05,C2021Q1,T09,45,185,100,17058.0,0.0
C2021Q1T09,V-SA,SA1,2022-05,C2021Q1,T09,45,119,64,7828.0,0.0
C2021Q1T09,V-SA,VIC1,2022-05,C2021Q1,T09,45,103,73,4532.0,0.0
C2021Q1T09,VIC1-NSW1,NSW1,2022-05,C2021Q1,T09,45,241,108,7560.0,0.0
C2021Q1T09,VIC1-NSW1,VIC1,2022-05,C2021Q1,T09,45,245,146,7218.66,0.0
C2021Q1T10,NSW1-QLD1,NSW1,2022-05,C2021Q1,T10,52,76,45,1500.0,0.0
C2021Q1T10,NSW1-QLD1,QLD1,2022-05,C2021Q1,T10,52,245,100,19700.0,0.0
C2021Q1T10,V-SA,SA1,2022-05,C2021Q1,T10,52,119,64,7137.0,0.0
C2021Q1T10,V-SA,VIC1,2022-05,C2021Q1,T10,52,118,73,4666.0,0.0
C2021Q1T10,VIC1-NSW1,NSW1,2022-05,C2021Q1,T10,52,146,108,7501.0,0.0
C2021Q1T10,VIC1-NSW1,VIC1,2022-05,C2021Q1,T10,52,250,125,7940.53,0.0
C2021Q1T11,NSW1-QLD1,NSW1,2022-05,C2021Q1,T11,32,79,45,1755.0,0.0
C2021Q1T11,NSW1-QLD1,QLD1,2022-05,C2021Q1,T11,32,150,100,19785.0,0.0
C2021Q1T11,V-SA,SA1,2022-05,C2021Q1,T11,32,89,64,6750.0,0.0
C2021Q1T11,V-SA,VIC1,2022-05,C2021Q1,T11,32,93,73,5500.0,0.0
C2021Q1T11,VIC1-NSW1,NSW1,2022-05,C2021Q1,T11,32,188,108,8500.93,0.0
C2021Q1T11,VIC1-NSW1,VIC1,2022-05,C2021Q1,T11,32,175,125,6975.0,0.0
C2021Q1T12,NSW1-QLD1,NSW1,2022-05,C2021Q1,T12,22,83,55,2104.0,0.0
C2021Q1T12,NSW1-QLD1,QLD1,2022-05,C2021Q1,T12,22,155,100,21956.0,0.0
C2021Q1T12,V-SA,SA1,2022-05,C2021Q1,T12,22,96,66,7500.0,0.0
C2021Q1T12,V-SA,VIC1,2022-05,C2021Q1,T12,22,137,77,5500.0,0.0
C2021Q1T12,VIC1-NSW1,NSW1,2022-05,C2021Q1,T12,22,222,112,6375.69,0.0
C2021Q1T12,VIC1-NSW1,VIC1,2022-05,C2021Q1,T12,22,170,125,9000.0,0.0
C2021Q2T01,NSW1-QLD1,NSW1,2021-02,C2021Q2,T01,7,45,45,915.0,0.0
C2021Q2T01,NSW1-QLD1,QLD1,2021-02,C2021Q2,T01,7,100,100,7226.0,0.0
C2021Q2T01,V-SA,SA1,2021-02,C2021Q2,T01,7,64,64,5494.06,0.0
C2021Q2T01,V-SA,VIC1,2021-02,C2021Q2,T01,7,73,73,3399.1,0.0
C2021Q2T01,VIC1-NSW1,NSW1,2021-02,C2021Q2,T01,7,108,108,2184.0,0.0
C2021Q2T01,VIC1-NSW1,VIC1,2021-02,C2021Q2,T01,7,125,125,4026.0,0.0
C2021Q2T02,NSW1-QLD1,NSW1,2021-02,C2021Q2,T02,12,45,45,427.02,0.0
C2021Q2T02,NSW1-QLD1,QLD1,2021-02,C2021Q2,T02,12,100,100,7332.97,0.0
C2021Q2T02,V-SA,SA1,2021-02,C2021Q2,T02,12,64,64,5494.0,0.0
C2021Q2T02,V-SA,VIC1,2021-02,C2021Q2,T02,12,73,73,2730.0,0.0
C2021Q2T02,VIC1-NSW1,NSW1,2021-02,C2021Q2,T02,12,108,108,2184.0,0.0
C2021Q2T02,VIC1-NSW1,VIC1,2021-02,C2021Q2,T02,12,125,125,4306.0,0.0
C2021Q2T03,NSW1-QLD1,NSW1,2021-09,C2021Q2,T03,14,45,45,387.0,0.0
C2021Q2T03,NSW1-QLD1,QLD1,2021-09,C2021Q2,T03,14,100,100,7316.0,0.0
C2021Q2T03,V-SA,SA1,2021-09,C2021Q2,T03,14,64,64,4933.0,0.0
C2021Q2T03,V-SA,VIC1,2021-09,C2021Q2,T03,14,73,73,1885.0,0.0
C2021Q2T03,VIC1-NSW1,NSW1,2021-09,C2021Q2,T03,14,108,108,1856.0,0.0
C2021Q2T03,VIC1-NSW1,VIC1,2021-09,C2021Q2,T03,14,125,125,4026.0,0.0
C2021Q2T04,NSW1-QLD1,NSW1,2021-03,C2021Q2,T04,26,45,45,300.0,0.0
C2021Q2T04,NSW1-QLD1,QLD1,2021-03,C2021Q2,T04,26,100,100,9001.0,0.0
C2021Q2T04,V-SA,SA1,2021-03,C2021Q2,T04,26,64,64,4368.0,0.0
C2021Q2T04,V-SA,VIC1,2021-03,C2021Q2,T04,26,73,73,2149.0,0.0
C2021Q2T04,VIC1-NSW1,NSW1,2021-03,C2021Q2,T04,26,108,108,1638.0,0.0
C2021Q2T04,VIC1-NSW1,VIC1,2021-03,C2021Q2,T04,26,125,125,4350.0,0.0
C2021Q2T05,NSW1-QLD1,NSW1,2021-02,C2021Q2,T05,29,45,45,218.4,0.0
C2021Q2T05,NSW1-QLD1,QLD1,2021-02,C2021Q2,T05,29,100,100,10000.0,0.0
C2021Q2T05,V-SA,SA1,2021-02,C2021Q2,T05,29,64,64,6592.8,0.0
C2021Q2T05,V-SA,VIC1,2021-02,C2021Q2,T05,29,73,73,2184.0,0.0
C2021Q2T05,VIC1-NSW1,NSW1,2021-02,C2021Q2,T05,29,108,108,1650.0,0.0
C2021Q2T05,VIC1-NSW1,VIC1,2021-02,C2021Q2,T05,29,125,125,5220.0,0.0
C2021Q2T06,NSW1-QLD1,NSW1,2022-05,C2021Q2,T06,13,45,45,226.0,0.0
C2021Q2T06,NSW1-QLD1,QLD1,2022-05,C2021Q2,T06,13,100,100,11003.0,0.0
C2021Q2T06,V-SA,SA1,2022-05,C2021Q2,T06,13,64,64,7005.05,0.0
C2021Q2T06,V-SA,VIC1,2022-05,C2021Q2,T06,13,73,73,1528.8,0.0
C2021Q2T06,VIC1-NSW1,NSW1,2022-05,C2021Q2,T06,13,108,108,1659.84,0.0
C2021Q2T06,VIC1-NSW1,VIC1,2022-05,C2021Q2,T06,13,125,125,6200.0,0.0
C2021Q2T07,NSW1-QLD1,NSW1,2022-05,C2021Q2,T07,33,89,45,150.0,0.0
C2021Q2T07,NSW1-QLD1,QLD1,2022-05,C2021Q2,T07,33,159,100,10679.76,0.0
C2021Q2T07,V-SA,SA1,2022-05,C2021Q2,T07,33,74,64,10507.57,0.0
C2021Q2T07,V-SA,VIC1,2022-05,C2021Q2,T07,33,147,73,1509.0,0.0
C2021Q2T07,VIC1-NSW1,NSW1,2022-05,C2021Q2,T07,33,144,108,1706.0,0.0
C2021Q2T07,VIC1-NSW1,VIC1,2022-05,C2021Q2,T07,33,189,125,4793.0,0.0
C2021Q2T08,NSW1-QLD1,NSW1,2022-05,C2021Q2,T08,45,65,45,114.4,0.0
C2021Q2T08,NSW1-QLD1,QLD1,2022-05,C2021Q2,T08,45,180,100,10893.35,0.0
C2021Q2T08,V-SA,SA1,2022-05,C2021Q2,T08,45,64,64,8616.2,0.0
C2021Q2T08,V-SA,VIC1,2022-05,C2021Q2,T08,45,128,73,1131.75,0.0
C2021Q2T08,VIC1-NSW1,NSW1,2022-05,C2021Q2,T08,45,217,108,1000.85,0.0
C2021Q2T08,VIC1-NSW1,VIC1,2022-05,C2021Q2,T08,45,235,125,6216.0,0.0
C2021Q2T09,NSW1-QLD1,NSW1,2022-05,C2021Q2,T09,52,65,45,140.19,0.0
C2021Q2T09,NSW1-QLD1,QLD1,2022-05,C2021Q2,T09,52,200,120,12000.0,0.0
C2021Q2T09,V-SA,SA1,2022-05,C2021Q2,T09,52,121,64,3500.79,0.0
C2021Q2T09,V-SA,VIC1,2022-05,C2021Q2,T09,52,163,73,1711.0,0.0
C2021Q2T09,VIC1-NSW1,NSW1,2022-05,C2021Q2,T09,52,153,108,982.8,0.0
C2021Q2T09,VIC1-NSW1,VIC1,2022-05,C2021Q2,T09,52,237,135,5416.0,0.0
C2021Q2T10,NSW1-QLD1,NSW1,2022-05,C2021Q2,T10,32,45,45,160.36,0.0
C2021Q2T10,NSW1-QLD1,QLD1,2022-05,C2021Q2,T10,32,175,100,11750.0,0.0
C2021Q2T10,V-SA,SA1,2022-05,C2021Q2,T10,32,109,64,3850.0,0.0
C2021Q2T10,V-SA,VIC1,2022-05,C2021Q2,T10,32,108,73,1780.0,0.0
C2021Q2T10,VIC1-NSW1,NSW1,2022-05,C2021Q2,T10,32,199,108,1300.84,0.0
C2021Q2T10,VIC1-NSW1,VIC1,2022-05,C2021Q2,T10,32,205,125,4007.84,0.0
C2021Q2T11,NSW1-QLD1,NSW1,2022-05,C2021Q2,T11,22,45,45,253.0,0.0
C2021Q2T11,NSW1-QLD1,QLD1,2022-05,C2021Q2,T11,22,155,100,13100.0,0.0
C2021Q2T11,V-SA,SA1,2022-05,C2021Q2,T11,22,114,64,4790.09,0.0
C2021Q2T11,V-SA,VIC1,2022-05,C2021Q2,T11,22,133,73,1601.0,0.0
C2021Q2T11,VIC1-NSW1,NSW1,2022-05,C2021Q2,T11,22,224,108,1365.88,0.0
C2021Q2T11,VIC1-NSW1,VIC1,2022-05,C2021Q2,T11,22,195,125,5354.0,0.0
C2021Q2T12,NSW1-QLD1,NSW1,2023-12,C2021Q2,T12,15,61,55,354.0,0.0
C2021Q2T12,NSW1-QLD1,QLD1,2023-12,C2021Q2,T12,15,246,110,10087.0,0.0
C2021Q2T12,V-SA,SA1,2023-12,C2021Q2,T12,15,117,70,4654.0,0.0
C2021Q2T12,V-SA,VIC1,2023-12,C2021Q2,T12,15,174,77,2054.0,0.0
C2021Q2T12,VIC1-NSW1,NSW1,2023-12,C2021Q2,T12,15,372,112,480.79,0.0
C2021Q2T12,VIC1-NSW1,VIC1,2023-12,C2021Q2,T12,15,258,125,8004.0,0.0
C2021Q3T01,NSW1-QLD1,NSW1,2021-02,C2021Q3,T01,12,45,45,502.0,0.0
C2021Q3T01,NSW1-QLD1,QLD1,2021-02,C2021Q3,T01,12,100,100,10228.2,0.0
C2021Q3T01,V-SA,SA1,2021-02,C2021Q3,T01,12,64,64,9568.8,0.0
C2021Q3T01,V-SA,VIC1,2021-02,C2021Q3,T01,12,73,73,2760.0,0.0
C2021Q3T01,VIC1-NSW1,NSW1,2021-02,C2021Q3,T01,12,108,108,2208.0,0.0
C2021Q3T01,VIC1-NSW1,VIC1,2021-02,C2021Q3,T01,12,125,125,5918.4,0.0
C2021Q3T02,NSW1-QLD1,NSW1,2021-09,C2021Q3,T02,14,45,45,800.0,0.0
C2021Q3T02,NSW1-QLD1,QLD1,2021-09,C2021Q3,T02,14,100,100,6003.0,0.0
C2021Q3T02,V-SA,SA1,2021-09,C2021Q3,T02,14,64,64,6315.41,0.0
C2021Q3T02,V-SA,VIC1,2021-09,C2021Q3,T02,14,73,73,2525.0,0.0
C2021Q3T02,VIC1-NSW1,NSW1,2021-09,C2021Q3,T02,14,108,108,1975.0,0.0
C2021Q3T02,VIC1-NSW1,VIC1,2021-09,C2021Q3,T02,14,125,125,5602.0,0.0
C2021Q3T03,NSW1-QLD1,NSW1,2021-03,C2021Q3,T03,26,45,45,800.0,0.0
C2021Q3T03,NSW1-QLD1,QLD1,2021-03,C2021Q3,T03,26,100,100,7729.0,0.0
C2021Q3T03,V-SA,SA1,2021-03,C2021Q3,T03,26,64,64,6315.41,0.0
C2021Q3T03,V-SA,VIC1,2021-03,C2021Q3,T03,26,73,73,2272.5,0.0
C2021Q3T03,VIC1-NSW1,NSW1,2021-03,C2021Q3,T03,26,108,108,1656.0,0.0
C2021Q3T03,VIC1-NSW1,VIC1,2021-03,C2021Q3,T03,26,125,125,5681.66,0.0
C2021Q3T04,NSW1-QLD1,NSW1,2021-02,C2021Q3,T04,29,45,45,800.0,0.0
C2021Q3T04,NSW1-QLD1,QLD1,2021-02,C2021Q3,T04,29,100,100,9001.0,0.0
C2021Q3T04,V-SA,SA1,2021-02,C2021Q3,T04,29,64,64,9967.0,0.0
C2021Q3T04,V-SA,VIC1,2021-02,C2021Q3,T04,29,73,73,1750.0,0.0
C2021Q3T04,VIC1-NSW1,NSW1,2021-02,C2021Q3,T04,29,108,108,1650.0,0.0
C2021Q3T04,VIC1-NSW1,VIC1,2021-02,C2021Q3,T04,29,125,125,5681.66,0.0
C2021Q3T05,NSW1-QLD1,NSW1,2022-05,C2021Q3,T05,13,45,45,800.0,0.0
C2021Q3T05,NSW1-QLD1,QLD1,2022-05,C2021Q3,T05,13,100,100,11542.0,0.0
C2021Q3T05,V-SA,SA1,2022-05,C2021Q3,T05,13,64,64,9967.0,0.0
C2021Q3T05,V-SA,VIC1,2022-05,C2021Q3,T05,13,73,73,1662.5,0.0
C2021Q3T05,VIC1-NSW1,NSW1,2022-05,C2021Q3,T05,13,108,108,1650.0,0.0
C2021Q3T05,VIC1-NSW1,VIC1,2022-05,C2021Q3,T05,13,125,125,6200.0,0.0
C2021Q3T06,NSW1-QLD1,NSW1,2022-05,C2021Q3,T06,33,48,45,245.0,0.0
C2021Q3T06,NSW1-QLD1,QLD1,2022-05,C2021Q3,T06,33,171,100,11542.0,0.0
C2021Q3T06,V-SA,SA1,2022-05,C2021Q3,T06,33,74,64,10005.0,0.0
C2021Q3T06,V-SA,VIC1,2022-05,C2021Q3,T06,33,119,73,1413.12,0.0
C2021Q3T06,VIC1-NSW1,NSW1,2022-05,C2021Q3,T06,33,187,108,1656.0,0.0
C2021Q3T06,VIC1-NSW1,VIC1,2022-05,C2021Q3,T06,33,183,125,5420.0,0.0
C2021Q3T07,NSW1-QLD1,NSW1,2022-05,C2021Q3,T07,45,45,45,200.0,0.0
C2021Q3T07,NSW1-QLD1,QLD1,2022-05,C2021Q3,T07,45,180,100,11772.84,0.0
C2021Q3T07,V-SA,SA1,2022-05,C2021Q3,T07,45,64,64,10205.1,0.0
C2021Q3T07,V-SA,VIC1,2022-05,C2021Q3,T07,45,128,73,1550.0,0.0
C2021Q3T07,VIC1-NSW1,NSW1,2022-05,C2021Q3,T07,45,208,108,993.6,0.0
C2021Q3T07,VIC1-NSW1,VIC1,2022-05,C2021Q3,T07,45,240,125,7500.0,0.0
C2021Q3T08,NSW1-QLD1,NSW1,2022-05,C2021Q3,T08,52,45,45,312.0,0.0
C2021Q3T08,NSW1-QLD1,QLD1,2022-05,C2021Q3,T08,52,215,100,10086.0,0.0
C2021Q3T08,V-SA,SA1,2022-05,C2021Q3,T08,52,114,64,3571.78,0.0
C2021Q3T08,V-SA,VIC1,2022-05,C2021Q3,T08,52,215,73,1695.75,0.0
C2021Q3T08,VIC1-NSW1,NSW1,2022-05,C2021Q3,T08,52,197,108,1032.0,0.0
C2021Q3T08,VIC1-NSW1,VIC1,2022-05,C2021Q3,T08,52,219,135,6601.0,0.0
C2021Q3T09,NSW1-QLD1,NSW1,2022-05,C2021Q3,T09,32,45,45,252.0,0.0
C2021Q3T09,NSW1-QLD1,QLD1,2022-05,C2021Q3,T09,32,180,100,12950.12,0.0
C2021Q3T09,V-SA,SA1,2022-05,C2021Q3,T09,32,109,64,4504.0,0.0
C2021Q3T09,V-SA,VIC1,2022-05,C2021Q3,T09,32,113,73,1600.94,0.0
C2021Q3T09,VIC1-NSW1,NSW1,2022-05,C2021Q3,T09,32,247,108,1304.0,0.0
C2021Q3T09,VIC1-NSW1,VIC1,2022-05,C2021Q3,T09,32,185,125,4500.0,0.0
C2021Q3T10,NSW1-QLD1,NSW1,2022-05,C2021Q3,T10,22,45,45,254.0,0.0
C2021Q3T10,NSW1-QLD1,QLD1,2022-05,C2021Q3,T10,22,155,100,12302.5,0.0
C2021Q3T10,V-SA,SA1,2022-05,C2021Q3,T10,22,114,64,5250.0,0.0
C2021Q3T10,V-SA,VIC1,2022-05,C2021Q3,T10,22,174,73,1601.0,0.0
C2021Q3T10,VIC1-NSW1,NSW1,2022-05,C2021Q3,T10,22,257,108,1389.0,0.0
C2021Q3T10,VIC1-NSW1,VIC1,2022-05,C2021Q3,T10,22,179,125,5625.0,0.0
C2021Q3T11,NSW1-QLD1,NSW1,2023-12,C2021Q3,T11,15,45,45,417.47,0.0
C2021Q3T11,NSW1-QLD1,QLD1,2023-12,C2021Q3,T11,15,245,103,10790.21,0.0
C2021Q3T11,V-SA,SA1,2023-12,C2021Q3,T11,15,112,64,5321.0,0.0
C2021Q3T11,V-SA,VIC1,2023-12,C2021Q3,T11,15,199,73,2455.0,0.0
C2021Q3T11,VIC1-NSW1,NSW1,2023-12,C2021Q3,T11,15,266,108,500.44,0.0
C2021Q3T11,VIC1-NSW1,VIC1,2023-12,C2021Q3,T11,15,275,125,7700.0,0.0
C2021Q3T12,NSW1-QLD1,NSW1,2023-12,C2021Q3,T12,24,105,55,2125.0,0.0
C2021Q3T12,NSW1-QLD1,QLD1,2023-12,C2021Q3,T12,24,252,134,10346.29,0.0
C2021Q3T12,V-SA,SA1,2023-12,C2021Q3,T12,24,134,66,4404.0,0.0
C2021Q3T12,V-SA,VIC1,2023-12,C2021Q3,T12,24,248,100,3500.0,0.0
C2021Q3T12,VIC1-NSW1,NSW1,2023-12,C2021Q3,T12,24,316,112,1006.0,0.0
C2021Q3T12,VIC1-NSW1,VIC1,2023-12,C2021Q3,T12,24,200,152,11396.0,0.0
C2021Q4T01,NSW1-QLD1,NSW1,2021-09,C2021Q4,T01,14,45,45,970.0,0.0
C2021Q4T01,NSW1-QLD1,QLD1,2021-09,C2021Q4,T01,14,100,100,5741.0,0.0
C2021Q4T01,V-SA,SA1,2021-09,C2021Q4,T01,14,64,64,4933.0,0.0
C2021Q4T01,V-SA,VIC1,2021-09,C2021Q4,T01,14,73,73,2525.0,0.0
C2021Q4T01,VIC1-NSW1,NSW1,2021-09,C2021Q4,T01,14,108,108,2208.0,0.0
C2021Q4T01,VIC1-NSW1,VIC1,2021-09,C2021Q4,T01,14,125,125,5000.0,0.0
C2021Q4T02,NSW1-QLD1,NSW1,2021-03,C2021Q4,T02,26,45,45,800.0,0.0
C2021Q4T02,NSW1-QLD1,QLD1,2021-03,C2021Q4,T02,26,100,100,7176.25,0.0
C2021Q4T02,V-SA,SA1,2021-03,C2021Q4,T02,26,64,64,4933.0,0.0
C2021Q4T02,V-SA,VIC1,2021-03,C2021Q4,T02,26,73,73,2396.1,0.0
C2021Q4T02,VIC1-NSW1,NSW1,2021-03,C2021Q4,T02,26,108,108,2208.0,0.0
C2021Q4T02,VIC1-NSW1,VIC1,2021-03,C2021Q4,T02,26,125,125,4823.0,0.0
C2021Q4T03,NSW1-QLD1,NSW1,2021-02,C2021Q4,T03,29,45,45,800.0,0.0
C2021Q4T03,NSW1-QLD1,QLD1,2021-02,C2021Q4,T03,29,100,100,9001.0,0.0
C2021Q4T03,V-SA,SA1,2021-02,C2021Q4,T03,29,64,64,6889.2,0.0
C2021Q4T03,V-SA,VIC1,2021-02,C2021Q4,T03,29,73,73,1820.0,0.0
C2021Q4T03,VIC1-NSW1,NSW1,2021-02,C2021Q4,T03,29,108,108,2208.0,0.0
C2021Q4T03,VIC1-NSW1,VIC1,2021-02,C2021Q4,T03,29,125,125,5823.0,0.0
C2021Q4T04,NSW1-QLD1,NSW1,2022-05,C2021Q4,T04,13,45,45,800.0,0.0
C2021Q4T04,NSW1-QLD1,QLD1,2022-05,C2021Q4,T04,13,100,100,10666.0,0.0
C2021Q4T04,V-SA,SA1,2022-05,C2021Q4,T04,13,64,64,6911.0,0.0
C2021Q4T04,V-SA,VIC1,2022-05,C2021Q4,T04,13,73,73,1729.0,0.0
C2021Q4T04,VIC1-NSW1,NSW1,2022-05,C2021Q4,T04,13,108,108,2208.0,0.0
C2021Q4T04,VIC1-NSW1,VIC1,2022-05,C2021Q4,T04,13,125,125,6200.0,0.0
C2021Q4T05,NSW1-QLD1,NSW1,2022-05,C2021Q4,T05,33,74,45,700.0,0.0
C2021Q4T05,NSW1-QLD1,QLD1,2022-05,C2021Q4,T05,33,135,100,10666.0,0.0
C2021Q4T05,V-SA,SA1,2022-05,C2021Q4,T05,33,74,64,12501.0,0.0
C2021Q4T05,V-SA,VIC1,2022-05,C2021Q4,T05,33,119,73,1642.55,0.0
C2021Q4T05,VIC1-NSW1,NSW1,2022-05,C2021Q4,T05,33,144,108,2002.0,0.0
C2021Q4T05,VIC1-NSW1,VIC1,2022-05,C2021Q4,T05,33,162,125,5270.0,0.0
C2021Q4T06,NSW1-QLD1,NSW1,2022-05,C2021Q4,T06,45,45,45,685.0,0.0
C2021Q4T06,NSW1-QLD1,QLD1,2022-05,C2021Q4,T06,45,185,110,11477.0,0.0
C2021Q4T06,V-SA,SA1,2022-05,C2021Q4,T06,45,64,64,12501.0,0.0
C2021Q4T06,V-SA,VIC1,2022-05,C2021Q4,T06,45,103,73,1754.0,0.0
C2021Q4T06,VIC1-NSW1,NSW1,2022-05,C2021Q4,T06,45,213,113,1601.6,0.0
C2021Q4T06,VIC1-NSW1,VIC1,2022-05,C2021Q4,T06,45,230,125,7441.5,0.0
C2021Q4T07,NSW1-QLD1,NSW1,2022-05,C2021Q4,T07,52,112,45,685.0,0.0
C2021Q4T07,NSW1-QLD1,QLD1,2022-05,C2021Q4,T07,52,180,100,11103.0,0.0
C2021Q4T07,V-SA,SA1,2022-05,C2021Q4,T07,52,114,64,4000.0,0.0
C2021Q4T07,V-SA,VIC1,2022-05,C2021Q4,T07,52,192,73,1789.08,0.0
C2021Q4T07,VIC1-NSW1,NSW1,2022-05,C2021Q4,T07,52,148,108,1104.0,0.0
C2021Q4T07,VIC1-NSW1,VIC1,2022-05,C2021Q4,T07,52,235,135,6250.0,0.0
C2021Q4T08,NSW1-QLD1,NSW1,2022-05,C2021Q4,T08,32,108,45,604.0,0.0
C2021Q4T08,NSW1-QLD1,QLD1,2022-05,C2021Q4,T08,32,160,100,11150.0,0.0
C2021Q4T08,V-SA,SA1,2022-05,C2021Q4,T08,32,109,64,4833.66,0.0
C2021Q4T08,V-SA,VIC1,2022-05,C2021Q4,T08,32,137,73,2127.76,0.0
C2021Q4T08,VIC1-NSW1,NSW1,2022-05,C2021Q4,T08,32,148,108,1504.0,0.0
C2021Q4T08,VIC1-NSW1,VIC1,2022-05,C2021Q4,T08,32,205,125,5250.0,0.0
C2021Q4T09,NSW1-QLD1,NSW1,2022-05,C2021Q4,T09,22,120,51,804.0,0.0
C2021Q4T09,NSW1-QLD1,QLD1,2022-05,C2021Q4,T09,22,155,100,12250.0,0.0
C2021Q4T09,V-SA,SA1,2022-05,C2021Q4,T09,22,114,64,5318.0,0.0
C2021Q4T09,V-SA,VIC1,2022-05,C2021Q4,T09,22,167,73,2127.76,0.0
C2021Q4T09,VIC1-NSW1,NSW1,2022-05,C2021Q4,T09,22,158,108,1323.52,0.0
C2021Q4T09,VIC1-NSW1,VIC1,2022-05,C2021Q4,T09,22,170,125,7501.0,0.0
C2021Q4T10,NSW1-QLD1,NSW1,2023-12,C2021Q4,T10,15,85,45,1249.0,0.0
C2021Q4T10,NSW1-QLD1,QLD1,2023-12,C2021Q4,T10,15,255,104,9200.79,0.0
C2021Q4T10,V-SA,SA1,2023-12,C2021Q4,T10,15,111,64,5372.0,0.0
C2021Q4T10,V-SA,VIC1,2023-12,C2021Q4,T10,15,170,73,2780.85,0.0
C2021Q4T10,VIC1-NSW1,NSW1,2023-12,C2021Q4,T10,15,269,114,465.88,0.0
C2021Q4T10,VIC1-NSW1,VIC1,2023-12,C2021Q4,T10,15,248,125,9377.0,0.0
C2021Q4T11,NSW1-QLD1,NSW1,2023-12,C2021Q4,T11,24,148,45,2218.0,0.0
C2021Q4T11,NSW1-QLD1,QLD1,2023-12,C2021Q4,T11,24,292,103,9780.23,0.0
C2021Q4T11,V-SA,SA1,2023-12,C2021Q4,T11,24,123,64,4816.92,0.0
C2021Q4T11,V-SA,VIC1,2023-12,C2021Q4,T11,24,134,86,5996.06,0.0
C2021Q4T11,VIC1-NSW1,NSW1,2023-12,C2021Q4,T11,24,168,108,754.0,0.0
C2021Q4T11,VIC1-NSW1,VIC1,2023-12,C2021Q4,T11,24,227,145,11721.25,0.0
C2021Q4T12,NSW1-QLD1,NSW1,2023-12,C2021Q4,T12,23,87,55,5000.0,0.0
C2021Q4T12,NSW1-QLD1,QLD1,2023-12,C2021Q4,T12,23,275,100,8675.0,0.0
C2021Q4T12,V-SA,SA1,2023-12,C2021Q4,T12,23,90,66,5204.0,0.0
C2021Q4T12,V-SA,VIC1,2023-12,C2021Q4,T12,23,120,77,7001.0,0.0
C2021Q4T12,VIC1-NSW1,NSW1,2023-12,C2021Q4,T12,23,192,112,1004.0,0.0
C2021Q4T12,VIC1-NSW1,VIC1,2023-12,C2021Q4,T12,23,281,125,15500.0,0.0
C2022Q1T01,NSW1-QLD1,NSW1,2021-03,C2022Q1,T01,26,45,45,3320.0,0.0
C2022Q1T01,NSW1-QLD1,QLD1,2021-03,C2022Q1,T01,26,100,100,10141.0,0.0
C2022Q1T01,V-SA,SA1,2021-03,C2022Q1,T01,26,64,64,5372.4,0.0
C2022Q1T01,V-SA,VIC1,2021-03,C2022Q1,T01,26,73,73,6097.0,0.0
C2022Q1T01,VIC1-NSW1,NSW1,2021-03,C2022Q1,T01,26,108,108,3850.0,0.0
C2022Q1T01,VIC1-NSW1,VIC1,2021-03,C2022Q1,T01,26,125,125,5350.0,0.0
C2022Q1T02,NSW1-QLD1,NSW1,2021-02,C2022Q1,T02,29,45,45,3070.0,0.0
C2022Q1T02,NSW1-QLD1,QLD1,2021-02,C2022Q1,T02,29,100,100,14040.0,0.0
C2022Q1T02,V-SA,SA1,2021-02,C2022Q1,T02,29,64,64,5372.4,0.0
C2022Q1T02,V-SA,VIC1,2021-02,C2022Q1,T02,29,73,73,4640.0,0.0
C2022Q1T02,VIC1-NSW1,NSW1,2021-02,C2022Q1,T02,29,108,108,3555.0,0.0
C2022Q1T02,VIC1-NSW1,VIC1,2021-02,C2022Q1,T02,29,125,125,5500.0,0.0
C2022Q1T03,NSW1-QLD1,NSW1,2022-05,C2022Q1,T03,13,45,45,3175.0,0.0
C2022Q1T03,NSW1-QLD1,QLD1,2022-05,C2022Q1,T03,13,100,100,10250.0,0.0
C2022Q1T03,V-SA,SA1,2022-05,C2022Q1,T03,13,64,64,5533.0,0.0
C2022Q1T03,V-SA,VIC1,2022-05,C2022Q1,T03,13,73,73,5336.0,0.0
C2022Q1T03,VIC1-NSW1,NSW1,2022-05,C2022Q1,T03,13,108,108,5464.8,0.0
C2022Q1T03,VIC1-NSW1,VIC1,2022-05,C2022Q1,T03,13,125,125,6200.0,0.0
C2022Q1T04,NSW1-QLD1,NSW1,2022-05,C2022Q1,T04,33,56,45,2222.5,0.0
C2022Q1T04,NSW1-QLD1,QLD1,2022-05,C2022Q1,T04,33,135,100,8512.0,0.0
C2022Q1T04,V-SA,SA1,2022-05,C2022Q1,T04,33,64,64,5540.0,0.0
C2022Q1T04,V-SA,VIC1,2022-05,C2022Q1,T04,33,88,73,2800.0,0.0
C2022Q1T04,VIC1-NSW1,NSW1,2022-05,C2022Q1,T04,33,113,108,6010.0,0.0
C2022Q1T04,VIC1-NSW1,VIC1,2022-05,C2022Q1,T04,33,217,125,5890.0,0.0
C2022Q1T05,NSW1-QLD1,NSW1,2022-05,C2022Q1,T05,45,45,45,2160.0,0.0
C2022Q1T05,NSW1-QLD1,QLD1,2022-05,C2022Q1,T05,45,156,100,13083.0,0.0
C2022Q1T05,V-SA,SA1,2022-05,C2022Q1,T05,45,89,64,5810.4,0.0
C2022Q1T05,V-SA,VIC1,2022-05,C2022Q1,T05,45,73,73,5762.88,0.0
C2022Q1T05,VIC1-NSW1,NSW1,2022-05,C2022Q1,T05,45,108,108,6310.5,0.0
C2022Q1T05,VIC1-NSW1,VIC1,2022-05,C2022Q1,T05,45,125,125,7556.0,0.0
C2022Q1T06,NSW1-QLD1,NSW1,2022-05,C2022Q1,T06,52,50,45,2358.0,0.0
C2022Q1T06,NSW1-QLD1,QLD1,2022-05,C2022Q1,T06,52,236,100,16474.0,0.0
C2022Q1T06,V-SA,SA1,2022-05,C2022Q1,T06,52,111,64,4358.0,0.0
C2022Q1T06,V-SA,VIC1,2022-05,C2022Q1,T06,52,103,73,5878.13,0.0
C2022Q1T06,VIC1-NSW1,NSW1,2022-05,C2022Q1,T06,52,134,108,5750.0,0.0
C2022Q1T06,VIC1-NSW1,VIC1,2022-05,C2022Q1,T06,52,245,125,8311.6,0.0
C2022Q1T07,NSW1-QLD1,NSW1,2022-05,C2022Q1,T07,32,54,45,2350.0,0.0
C2022Q1T07,NSW1-QLD1,QLD1,2022-05,C2022Q1,T07,32,136,100,16000.0,0.0
C2022Q1T07,V-SA,SA1,2022-05,C2022Q1,T07,32,64,64,5143.26,0.0
C2022Q1T07,V-SA,VIC1,2022-05,C2022Q1,T07,32,73,73,7019.42,0.0
C2022Q1T07,VIC1-NSW1,NSW1,2022-05,C2022Q1,T07,32,162,117,8800.0,0.0
C2022Q1T07,VIC1-NSW1,VIC1,2022-05,C2022Q1,T07,32,175,125,9142.76,0.0
C2022Q1T08,NSW1-QLD1,NSW1,2022-05,C2022Q1,T08,22,66,45,2585.0,0.0
C2022Q1T08,NSW1-QLD1,QLD1,2022-05,C2022Q1,T08,22,173,100,17800.96,0.0
C2022Q1T08,V-SA,SA1,2022-05,C2022Q1,T08,22,94,64,5878.01,0.0
C2022Q1T08,V-SA,VIC1,2022-05,C2022Q1,T08,22,93,73,6004.0,0.0
C2022Q1T08,VIC1-NSW1,NSW1,2022-05,C2022Q1,T08,22,203,108,6600.0,0.0
C2022Q1T08,VIC1-NSW1,VIC1,2022-05,C2022Q1,T08,22,170,125,11224.0,0.0
C2022Q1T09,NSW1-QLD1,NSW1,2023-12,C2022Q1,T09,15,69,49,3278.0,0.0
C2022Q1T09,NSW1-QLD1,QLD1,2023-12,C2022Q1,T09,15,185,103,14524.2,0.0
C2022Q1T09,V-SA,SA1,2023-12,C2022Q1,T09,15,124,68,5650.47,0.0
C2022Q1T09,V-SA,VIC1,2023-12,C2022Q1,T09,15,103,73,7019.42,0.0
C2022Q1T09,VIC1-NSW1,NSW1,2023-12,C2022Q1,T09,15,250,117,4356.0,0.0
C2022Q1T09,VIC1-NSW1,VIC1,2023-12,C2022Q1,T09,15,305,125,12347.0,0.0
C2022Q1T10,NSW1-QLD1,NSW1,2023-12,C2022Q1,T10,24,55,45,5267.0,0.0
C2022Q1T10,NSW1-QLD1,QLD1,2023-12,C2022Q1,T10,24,234,101,16460.75,0.0
C2022Q1T10,V-SA,SA1,2023-12,C2022Q1,T10,24,114,64,5707.0,0.0
C2022Q1T10,V-SA,VIC1,2023-12,C2022Q1,T10,24,103,73,8775.0,0.0
C2022Q1T10,VIC1-NSW1,NSW1,2023-12,C2022Q1,T10,24,176,108,5028.0,0.0
C2022Q1T10,VIC1-NSW1,VIC1,2023-12,C2022Q1,T10,24,301,125,15434.0,0.0
C2022Q1T11,NSW1-QLD1,NSW1,2023-12,C2022Q1,T11,23,48,45,6584.0,0.0
C2022Q1T11,NSW1-QLD1,QLD1,2023-12,C2022Q1,T11,23,224,103,14560.59,0.0
C2022Q1T11,V-SA,SA1,2023-12,C2022Q1,T11,23,97,65,6277.7,0.0
C2022Q1T11,V-SA,VIC1,2023-12,C2022Q1,T11,23,96,74,10296.0,0.0
C2022Q1T11,VIC1-NSW1,NSW1,2023-12,C2022Q1,T11,23,226,128,4860.0,0.0
C2022Q1T11,VIC1-NSW1,VIC1,2023-12,C2022Q1,T11,23,267,144,17380.87,0.0
C2022Q1T12,NSW1-QLD1,NSW1,2023-12,C2022Q1,T12,25,94,60,12123.0,0.0
C2022Q1T12,NSW1-QLD1,QLD1,2023-12,C2022Q1,T12,25,329,106,10987.65,0.0
C2022Q1T12,V-SA,SA1,2023-12,C2022Q1,T12,25,111,84,6593.0,0.0
C2022Q1T12,V-SA,VIC1,2023-12,C2022Q1,T12,25,112,77,12500.0,0.0
C2022Q1T12,VIC1-NSW1,NSW1,2023-12,C2022Q1,T12,25,186,137,4320.0,0.0
C2022Q1T12,VIC1-NSW1,VIC1,2023-12,C2022Q1,T12,25,349,125,19422.49,0.0
C2022Q2T01,NSW1-QLD1,NSW1,2021-02,C2022Q2,T01,29,45,45,226.0,0.0
C2022Q2T01,NSW1-QLD1,QLD1,2021-02,C2022Q2,T01,29,100,100,10750.0,0.0
C2022Q2T01,V-SA,SA1,2021-02,C2022Q2,T01,29,64,64,6592.8,0.0
C2022Q2T01,V-SA,VIC1,2021-02,C2022Q2,T01,29,73,73,1866.0,0.0
C2022Q2T01,VIC1-NSW1,NSW1,2021-02,C2022Q2,T01,29,108,108,1747.0,0.0
C2022Q2T01,VIC1-NSW1,VIC1,2021-02,C2022Q2,T01,29,125,125,5220.0,0.0
C2022Q2T02,NSW1-QLD1,NSW1,2022-05,C2022Q2,T02,13,45,45,305.05,0.0
C2022Q2T02,NSW1-QLD1,QLD1,2022-05,C2022Q2,T02,13,100,100,10750.0,0.0
C2022Q2T02,V-SA,SA1,2022-05,C2022Q2,T02,13,64,64,6592.8,0.0
C2022Q2T02,V-SA,VIC1,2022-05,C2022Q2,T02,13,73,73,1400.0,0.0
C2022Q2T02,VIC1-NSW1,NSW1,2022-05,C2022Q2,T02,13,108,108,1638.0,0.0
C2022Q2T02,VIC1-NSW1,VIC1,2022-05,C2022Q2,T02,13,125,125,6200.0,0.0
C2022Q2T03,NSW1-QLD1,NSW1,2022-05,C2022Q2,T03,33,50,45,200.0,0.0
C2022Q2T03,NSW1-QLD1,QLD1,2022-05,C2022Q2,T03,33,100,100,10750.0,0.0
C2022Q2T03,V-SA,SA1,2022-05,C2022Q2,T03,33,64,64,9889.2,0.0
C2022Q2T03,V-SA,VIC1,2022-05,C2022Q2,T03,33,88,73,1000.0,0.0
C2022Q2T03,VIC1-NSW1,NSW1,2022-05,C2022Q2,T03,33,134,108,1747.0,0.0
C2022Q2T03,VIC1-NSW1,VIC1,2022-05,C2022Q2,T03,33,125,125,5822.0,0.0
C2022Q2T04,NSW1-QLD1,NSW1,2022-05,C2022Q2,T04,45,45,45,200.0,0.0
C2022Q2T04,NSW1-QLD1,QLD1,2022-05,C2022Q2,T04,45,140,100,11972.0,0.0
C2022Q2T04,V-SA,SA1,2022-05,C2022Q2,T04,45,64,64,7916.9,0.0
C2022Q2T04,V-SA,VIC1,2022-05,C2022Q2,T04,45,73,73,1054.0,0.0
C2022Q2T04,VIC1-NSW1,NSW1,2022-05,C2022Q2,T04,45,108,108,1092.0,0.0
C2022Q2T04,VIC1-NSW1,VIC1,2022-05,C2022Q2,T04,45,125,125,8000.0,0.0
C2022Q2T05,NSW1-QLD1,NSW1,2022-05,C2022Q2,T05,52,45,45,359.0,0.0
C2022Q2T05,NSW1-QLD1,QLD1,2022-05,C2022Q2,T05,52,175,100,11373.4,0.0
C2022Q2T05,V-SA,SA1,2022-05,C2022Q2,T05,52,114,64,3250.0,0.0
C2022Q2T05,V-SA,VIC1,2022-05,C2022Q2,T05,52,118,73,1401.0,0.0
C2022Q2T05,VIC1-NSW1,NSW1,2022-05,C2022Q2,T05,52,138,108,842.0,0.0
C2022Q2T05,VIC1-NSW1,VIC1,2022-05,C2022Q2,T05,52,160,125,6400.0,0.0
C2022Q2T06,NSW1-QLD1,NSW1,2022-05,C2022Q2,T06,32,45,45,351.0,0.0
C2022Q2T06,NSW1-QLD1,QLD1,2022-05,C2022Q2,T06,32,120,100,11650.0,0.0
C2022Q2T06,V-SA,SA1,2022-05,C2022Q2,T06,32,98,64,4000.0,0.0
C2022Q2T06,V-SA,VIC1,2022-05,C2022Q2,T06,32,73,73,1600.0,0.0
C2022Q2T06,VIC1-NSW1,NSW1,2022-05,C2022Q2,T06,32,198,108,841.91,0.0
C2022Q2T06,VIC1-NSW1,VIC1,2022-05,C2022Q2,T06,32,205,125,6619.68,0.0
C2022Q2T07,NSW1-QLD1,NSW1,2022-05,C2022Q2,T07,22,45,45,401.0,0.0
C2022Q2T07,NSW1-QLD1,QLD1,2022-05,C2022Q2,T07,22,155,100,11067.5,0.0
C2022Q2T07,V-SA,SA1,2022-05,C2022Q2,T07,22,128,78,4000.0,0.0
C2022Q2T07,V-SA,VIC1,2022-05,C2022Q2,T07,22,93,73,1668.35,0.0
C2022Q2T07,VIC1-NSW1,NSW1,2022-05,C2022Q2,T07,22,183,108,740.88,0.0
C2022Q2T07,VIC1-NSW1,VIC1,2022-05,C2022Q2,T07,22,175,125,7772.16,0.0
C2022Q2T08,NSW1-QLD1,NSW1,2023-12,C2022Q2,T08,15,45,45,612.0,0.0
C2022Q2T08,NSW1-QLD1,QLD1,2023-12,C2022Q2,T08,15,200,103,10800.0,0.0
C2022Q2T08,V-SA,SA1,2023-12,C2022Q2,T08,15,111,64,4066.67,0.0
C2022Q2T08,V-SA,VIC1,2023-12,C2022Q2,T08,15,171,73,2502.52,0.0
C2022Q2T08,VIC1-NSW1,NSW1,2023-12,C2022Q2,T08,15,319,115,420.44,0.0
C2022Q2T08,VIC1-NSW1,VIC1,2023-12,C2022Q2,T08,15,188,125,8529.23,0.0
C2022Q2T09,NSW1-QLD1,NSW1,2023-12,C2022Q2,T09,24,110,45,1814.0,0.0
C2022Q2T09,NSW1-QLD1,QLD1,2023-12,C2022Q2,T09,24,192,120,11340.0,0.0
C2022Q2T09,V-SA,SA1,2023-12,C2022Q2,T09,24,108,64,3456.67,0.0
C2022Q2T09,V-SA,VIC1,2023-12,C2022Q2,T09,24,177,91,4700.93,0.0
C2022Q2T09,VIC1-NSW1,NSW1,2023-12,C2022Q2,T09,24,308,108,750.39,0.0
C2022Q2T09,VIC1-NSW1,VIC1,2023-12,C2022Q2,T09,24,175,138,11258.58,0.0
C2022Q2T10,NSW1-QLD1,NSW1,2023-12,C2022Q2,T10,23,45,45,2750.0,0.0
C2022Q2T10,NSW1-QLD1,QLD1,2023-12,C2022Q2,T10,23,187,100,13750.0,0.0
C2022Q2T10,V-SA,SA1,2023-12,C2022Q2,T10,23,90,64,3841.0,0.0
C2022Q2T10,V-SA,VIC1,2023-12,C2022Q2,T10,23,167,82,5171.02,0.0
C2022Q2T10,VIC1-NSW1,NSW1,2023-12,C2022Q2,T10,23,306,108,1204.0,0.0
C2022Q2T10,VIC1-NSW1,VIC1,2023-12,C2022Q2,T10,23,161,125,13750.0,0.0
C2022Q2T11,NSW1-QLD1,NSW1,2023-12,C2022Q2,T11,25,83,55,3906.0,0.0
C2022Q2T11,NSW1-QLD1,QLD1,2023-12,C2022Q2,T11,25,251,100,9350.0,0.0
C2022Q2T11,V-SA,SA1,2023-12,C2022Q2,T11,25,114,66,5192.0,0.0
C2022Q2T11,V-SA,VIC1,2023-12,C2022Q2,T11,25,133,73,7050.0,0.0
C2022Q2T11,VIC1-NSW1,NSW1,2023-12,C2022Q2,T11,25,317,151,1240.0,0.0
C2022Q2T11,VIC1-NSW1,VIC1,2023-12,C2022Q2,T11,25,223,145,15000.0,0.0
C2022Q2T12,NSW1-QLD1,NSW1,2023-12,C2022Q2,T12,27,127,100,4537.55,0.0
C2022Q2T12,NSW1-QLD1,QLD1,2023-12,C2022Q2,T12,27,207,100,7637.0,0.0
C2022Q2T12,V-SA,SA1,2023-12,C2022Q2,T12,27,106,66,4487.0,0.0
C2022Q2T12,V-SA,VIC1,2023-12,C2022Q2,T12,27,133,83,13539.0,0.0
C2022Q2T12,VIC1-NSW1,NSW1,2023-12,C2022Q2,T12,27,278,112,910.0,0.0
C2022Q2T12,VIC1-NSW1,VIC1,2023-12,C2022Q2,T12,27,225,125,19978.0,0.0
C2022Q3T01,NSW1-QLD1,NSW1,2022-05,C2022Q3,T01,13,45,45,800.0,0.0
C2022Q3T01,NSW1-QLD1,QLD1,2022-05,C2022Q3,T01,13,100,100,10465.92,0.0
C2022Q3T01,V-SA,SA1,2022-05,C2022Q3,T01,13,64,64,9967.0,0.0
C2022Q3T01,V-SA,VIC1,2022-05,C2022Q3,T01,13,73,73,1662.5,0.0
C2022Q3T01,VIC1-NSW1,NSW1,2022-05,C2022Q3,T01,13,108,108,1656.0,0.0
C2022Q3T01,VIC1-NSW1,VIC1,2022-05,C2022Q3,T01,13,125,125,6200.0,0.0
C2022Q3T02,NSW1-QLD1,NSW1,2022-05,C2022Q3,T02,33,45,45,220.0,0.0
C2022Q3T02,NSW1-QLD1,QLD1,2022-05,C2022Q3,T02,33,100,100,10465.92,0.0
C2022Q3T02,V-SA,SA1,2022-05,C2022Q3,T02,33,64,64,10006.0,0.0
C2022Q3T02,V-SA,VIC1,2022-05,C2022Q3,T02,33,74,73,1000.0,0.0
C2022Q3T02,VIC1-NSW1,NSW1,2022-05,C2022Q3,T02,33,113,108,1656.0,0.0
C2022Q3T02,VIC1-NSW1,VIC1,2022-05,C2022Q3,T02,33,125,125,5822.0,0.0
C2022Q3T03,NSW1-QLD1,NSW1,2022-05,C2022Q3,T03,45,45,45,154.88,0.0
C2022Q3T03,NSW1-QLD1,QLD1,2022-05,C2022Q3,T03,45,100,100,11512.51,0.0
C2022Q3T03,V-SA,SA1,2022-05,C2022Q3,T03,45,64,64,10006.0,0.0
C2022Q3T03,V-SA,VIC1,2022-05,C2022Q3,T03,45,73,73,1007.0,0.0
C2022Q3T03,VIC1-NSW1,NSW1,2022-05,C2022Q3,T03,45,108,108,1101.0,0.0
C2022Q3T03,VIC1-NSW1,VIC1,2022-05,C2022Q3,T03,45,125,125,8000.0,0.0
C2022Q3T04,NSW1-QLD1,NSW1,2022-05,C2022Q3,T04,52,51,51,510.0,0.0
C2022Q3T04,NSW1-QLD1,QLD1,2022-05,C2022Q3,T04,52,147,100,11702.4,0.0
C2022Q3T04,V-SA,SA1,2022-05,C2022Q3,T04,52,84,64,3502.1,0.0
C2022Q3T04,V-SA,VIC1,2022-05,C2022Q3,T04,52,93,73,1695.75,0.0
C2022Q3T04,VIC1-NSW1,NSW1,2022-05,C2022Q3,T04,52,138,108,880.8,0.0
C2022Q3T04,VIC1-NSW1,VIC1,2022-05,C2022Q3,T04,52,155,125,6400.0,0.0
C2022Q3T05,NSW1-QLD1,NSW1,2022-05,C2022Q3,T05,32,45,45,561.0,0.0
C2022Q3T05,NSW1-QLD1,QLD1,2022-05,C2022Q3,T05,32,100,100,12150.0,0.0
C2022Q3T05,V-SA,SA1,2022-05,C2022Q3,T05,32,84,64,4000.0,0.0
C2022Q3T05,V-SA,VIC1,2022-05,C2022Q3,T05,32,73,73,1750.0,0.0
C2022Q3T05,VIC1-NSW1,NSW1,2022-05,C2022Q3,T05,32,198,108,1104.01,0.0
C2022Q3T05,VIC1-NSW1,VIC1,2022-05,C2022Q3,T05,32,195,125,6501.0,0.0
C2022Q3T06,NSW1-QLD1,NSW1,2022-05,C2022Q3,T06,22,45,45,501.0,0.0
C2022Q3T06,NSW1-QLD1,QLD1,2022-05,C2022Q3,T06,22,130,100,11901.12,0.0
C2022Q3T06,V-SA,SA1,2022-05,C2022Q3,T06,22,94,64,5204.0,0.0
C2022Q3T06,V-SA,VIC1,2022-05,C2022Q3,T06,22,93,73,1750.0,0.0
C2022Q3T06,VIC1-NSW1,NSW1,2022-05,C2022Q3,T06,22,183,108,875.0,0.0
C2022Q3T06,VIC1-NSW1,VIC1,2022-05,C2022Q3,T06,22,150,125,8501.0,0.0
C2022Q3T07,NSW1-QLD1,NSW1,2023-12,C2022Q3,T07,15,45,45,757.75,0.0
C2022Q3T07,NSW1-QLD1,QLD1,2023-12,C2022Q3,T07,15,174,102,13500.0,0.0
C2022Q3T07,V-SA,SA1,2023-12,C2022Q3,T07,15,118,64,5150.72,0.0
C2022Q3T07,V-SA,VIC1,2023-12,C2022Q3,T07,15,150,73,2387.0,0.0
C2022Q3T07,VIC1-NSW1,NSW1,2023-12,C2022Q3,T07,15,267,117,490.44,0.0
C2022Q3T07,VIC1-NSW1,VIC1,2023-12,C2022Q3,T07,15,223,125,9300.43,0.0
C2022Q3T08,NSW1-QLD1,NSW1,2023-12,C2022Q3,T08,24,80,45,1626.04,0.0
C2022Q3T08,NSW1-QLD1,QLD1,2023-12,C2022Q3,T08,24,195,101,13635.0,0.0
C2022Q3T08,V-SA,SA1,2023-12,C2022Q3,T08,24,130,64,4404.0,0.0
C2022Q3T08,V-SA,VIC1,2023-12,C2022Q3,T08,24,147,83,4774.0,0.0
C2022Q3T08,VIC1-NSW1,NSW1,2023-12,C2022Q3,T08,24,271,108,675.39,0.0
C2022Q3T08,VIC1-NSW1,VIC1,2023-12,C2022Q3,T08,24,219,125,11253.52,0.0
C2022Q3T09,NSW1-QLD1,NSW1,2023-12,C2022Q3,T09,23,45,45,2439.06,0.0
C2022Q3T09,NSW1-QLD1,QLD1,2023-12,C2022Q3,T09,23,192,100,15250.0,0.0
C2022Q3T09,V-SA,SA1,2023-12,C2022Q3,T09,23,112,64,4763.0,0.0
C2022Q3T09,V-SA,VIC1,2023-12,C2022Q3,T09,23,125,73,6000.0,0.0
C2022Q3T09,VIC1-NSW1,NSW1,2023-12,C2022Q3,T09,23,272,108,1204.0,0.0
C2022Q3T09,VIC1-NSW1,VIC1,2023-12,C2022Q3,T09,23,201,125,13616.76,0.0
C2022Q3T10,NSW1-QLD1,NSW1,2023-12,C2022Q3,T10,25,83,55,2993.94,0.0
C2022Q3T10,NSW1-QLD1,QLD1,2023-12,C2022Q3,T10,25,278,114,12750.0,0.0
C2022Q3T10,V-SA,SA1,2023-12,C2022Q3,T10,25,136,79,5655.55,0.0
C2022Q3T10,V-SA,VIC1,2023-12,C2022Q3,T10,25,133,73,7533.33,0.0
C2022Q3T10,VIC1-NSW1,NSW1,2023-12,C2022Q3,T10,25,265,126,1385.2,0.0
C2022Q3T10,VIC1-NSW1,VIC1,2023-12,C2022Q3,T10,25,263,131,13000.0,0.0
C2022Q3T11,NSW1-QLD1,NSW1,2023-12,C2022Q3,T11,27,84,60,4061.82,0.0
C2022Q3T11,NSW1-QLD1,QLD1,2023-12,C2022Q3,T11,27,244,100,13330.09,0.0
C2022Q3T11,V-SA,SA1,2023-12,C2022Q3,T11,27,113,64,5500.0,0.0
C2022Q3T11,V-SA,VIC1,2023-12,C2022Q3,T11,27,128,73,10000.0,0.0
C2022Q3T11,VIC1-NSW1,NSW1,2023-12,C2022Q3,T11,27,265,108,1198.0,0.0
C2022Q3T11,VIC1-NSW1,VIC1,2023-12,C2022Q3,T11,27,250,135,19272.0,0.0
C2022Q3T12,NSW1-QLD1,NSW1,2023-11,C2022Q3,T12,10,106,55,5040.0,0.0
C2022Q3T12,NSW1-QLD1,QLD1,2023-11,C2022Q3,T12,10,233,100,10000.0,0.0
C2022Q3T12,V-SA,SA1,2023-11,C2022Q3,T12,10,115,66,5750.3,0.0
C2022Q3T12,V-SA,VIC1,2023-11,C2022Q3,T12,10,125,77,10278.0,0.0
C2022Q3T12,VIC1-NSW1,NSW1,2023-11,C2022Q3,T12,10,246,112,610.6,0.0
C2022Q3T12,VIC1-NSW1,VIC1,2023-11,C2022Q3,T12,10,232,172,38737.0,0.0
C2022Q4T01,NSW1-QLD1,NSW1,2022-05,C2022Q4,T01,33,45,45,625.0,0.0
C2022Q4T01,NSW1-QLD1,QLD1,2022-05,C2022Q4,T01,33,100,100,10666.0,0.0
C2022Q4T01,V-SA,SA1,2022-05,C2022Q4,T01,33,64,64,12501.0,0.0
C2022Q4T01,V-SA,VIC1,2022-05,C2022Q4,T01,33,73,73,1346.0,0.0
C2022Q4T01,VIC1-NSW1,NSW1,2022-05,C2022Q4,T01,33,108,108,2208.0,0.0
C2022Q4T01,VIC1-NSW1,VIC1,2022-05,C2022Q4,T01,33,125,125,5979.0,0.0
C2022Q4T02,NSW1-QLD1,NSW1,2022-05,C2022Q4,T02,45,45,45,552.0,0.0
C2022Q4T02,NSW1-QLD1,QLD1,2022-05,C2022Q4,T02,45,100,100,10879.32,0.0
C2022Q4T02,V-SA,SA1,2022-05,C2022Q4,T02,45,64,64,11500.92,0.0
C2022Q4T02,V-SA,VIC1,2022-05,C2022Q4,T02,45,73,73,1480.6,0.0
C2022Q4T02,VIC1-NSW1,NSW1,2022-05,C2022Q4,T02,45,108,108,1766.4,0.0
C2022Q4T02,VIC1-NSW1,VIC1,2022-05,C2022Q4,T02,45,125,125,8000.0,0.0
C2022Q4T03,NSW1-QLD1,NSW1,2022-05,C2022Q4,T03,52,55,45,889.0,0.0
C2022Q4T03,NSW1-QLD1,QLD1,2022-05,C2022Q4,T03,52,125,100,11250.0,0.0
C2022Q4T03,V-SA,SA1,2022-05,C2022Q4,T03,52,80,64,4000.0,0.0
C2022Q4T03,V-SA,VIC1,2022-05,C2022Q4,T03,52,88,73,1978.0,0.0
C2022Q4T03,VIC1-NSW1,NSW1,2022-05,C2022Q4,T03,52,108,108,1104.0,0.0
C2022Q4T03,VIC1-NSW1,VIC1,2022-05,C2022Q4,T03,52,140,125,6416.0,0.0
C2022Q4T04,NSW1-QLD1,NSW1,2022-05,C2022Q4,T04,32,55,45,1254.0,0.0
C2022Q4T04,NSW1-QLD1,QLD1,2022-05,C2022Q4,T04,32,100,100,10900.0,0.0
C2022Q4T04,V-SA,SA1,2022-05,C2022Q4,T04,32,80,64,4666.98,0.0
C2022Q4T04,V-SA,VIC1,2022-05,C2022Q4,T04,32,73,73,2450.0,0.0
C2022Q4T04,VIC1-NSW1,NSW1,2022-05,C2022Q4,T04,32,148,108,1710.37,0.0
C2022Q4T04,VIC1-NSW1,VIC1,2022-05,C2022Q4,T04,32,185,125,6793.1,0.0
C2022Q4T05,NSW1-QLD1,NSW1,2022-05,C2022Q4,T05,22,55,45,1503.03,0.0
C2022Q4T05,NSW1-QLD1,QLD1,2022-05,C2022Q4,T05,22,130,100,11956.92,0.0
C2022Q4T05,V-SA,SA1,2022-05,C2022Q4,T05,22,90,64,5039.85,0.0
C2022Q4T05,V-SA,VIC1,2022-05,C2022Q4,T05,22,93,73,2450.0,0.0
C2022Q4T05,VIC1-NSW1,NSW1,2022-05,C2022Q4,T05,22,158,108,1197.25,0.0
C2022Q4T05,VIC1-NSW1,VIC1,2022-05,C2022Q4,T05,22,168,125,8950.99,0.0
C2022Q4T06,NSW1-QLD1,NSW1,2023-12,C2022Q4,T06,15,55,55,1878.78,0.0
C2022Q4T06,NSW1-QLD1,QLD1,2023-12,C2022Q4,T06,15,225,105,10800.52,0.0
C2022Q4T06,V-SA,SA1,2023-12,C2022Q4,T06,15,107,64,5123.85,0.0
C2022Q4T06,V-SA,VIC1,2023-12,C2022Q4,T06,15,146,73,2962.68,0.0
C2022Q4T06,VIC1-NSW1,NSW1,2023-12,C2022Q4,T06,15,217,117,560.44,0.0
C2022Q4T06,VIC1-NSW1,VIC1,2023-12,C2022Q4,T06,15,208,125,10374.0,0.0
C2022Q4T07,NSW1-QLD1,NSW1,2023-12,C2022Q4,T07,24,55,45,2818.17,0.0
C2022Q4T07,NSW1-QLD1,QLD1,2023-12,C2022Q4,T07,24,236,101,11340.54,0.0
C2022Q4T07,V-SA,SA1,2023-12,C2022Q4,T07,24,105,64,4558.0,0.0
C2022Q4T07,V-SA,VIC1,2023-12,C2022Q4,T07,24,145,78,5961.6,0.0
C2022Q4T07,VIC1-NSW1,NSW1,2023-12,C2022Q4,T07,24,181,108,750.39,0.0
C2022Q4T07,VIC1-NSW1,VIC1,2023-12,C2022Q4,T07,24,217,125,13870.0,0.0
C2022Q4T08,NSW1-QLD1,NSW1,2023-12,C2022Q4,T08,23,45,45,4007.9,0.0
C2022Q4T08,NSW1-QLD1,QLD1,2023-12,C2022Q4,T08,23,201,100,12474.59,0.0
C2022Q4T08,V-SA,SA1,2023-12,C2022Q4,T08,23,85,64,5036.0,0.0
C2022Q4T08,V-SA,VIC1,2023-12,C2022Q4,T08,23,147,73,6731.0,0.0
C2022Q4T08,VIC1-NSW1,NSW1,2023-12,C2022Q4,T08,23,174,108,1078.0,0.0
C2022Q4T08,VIC1-NSW1,VIC1,2023-12,C2022Q4,T08,23,258,125,16782.7,0.0
C2022Q4T09,NSW1-QLD1,NSW1,2023-12,C2022Q4,T09,25,73,45,6000.0,0.0
C2022Q4T09,NSW1-QLD1,QLD1,2023-12,C2022Q4,T09,25,285,100,9445.0,0.0
C2022Q4T09,V-SA,SA1,2023-12,C2022Q4,T09,25,108,64,6132.43,0.0
C2022Q4T09,V-SA,VIC1,2023-12,C2022Q4,T09,25,153,73,7940.85,0.0
C2022Q4T09,VIC1-NSW1,NSW1,2023-12,C2022Q4,T09,25,174,108,1200.0,0.0
C2022Q4T09,VIC1-NSW1,VIC1,2023-12,C2022Q4,T09,25,261,128,19024.49,0.0
C2022Q4T10,NSW1-QLD1,NSW1,2023-12,C2022Q4,T10,27,64,45,9300.0,0.0
C2022Q4T10,NSW1-QLD1,QLD1,2023-12,C2022Q4,T10,27,275,100,10925.0,0.0
C2022Q4T10,V-SA,SA1,2023-12,C2022Q4,T10,27,100,64,6046.0,0.0
C2022Q4T10,V-SA,VIC1,2023-12,C2022Q4,T10,27,158,73,10170.83,0.0
C2022Q4T10,VIC1-NSW1,NSW1,2023-12,C2022Q4,T10,27,174,112,1380.0,0.0
C2022Q4T10,VIC1-NSW1,VIC1,2023-12,C2022Q4,T10,27,268,135,24731.84,0.0
C2022Q4T11,NSW1-QLD1,NSW1,2023-11,C2022Q4,T11,10,80,45,11625.0,0.0
C2022Q4T11,NSW1-QLD1,QLD1,2023-11,C2022Q4,T11,10,260,100,11066.0,0.0
C2022Q4T11,V-SA,SA1,2023-11,C2022Q4,T11,10,100,64,6182.4,0.0
C2022Q4T11,V-SA,VIC1,2023-11,C2022Q4,T11,10,93,73,15687.91,0.0
C2022Q4T11,VIC1-NSW1,NSW1,2023-11,C2022Q4,T11,10,150,108,666.6,0.0
C2022Q4T11,VIC1-NSW1,VIC1,2023-11,C2022Q4,T11,10,208,145,44811.36,0.0
C2022Q4T12,NSW1-QLD1,NSW1,2023-11,C2022Q4,T12,8,95,55,17437.5,0.0
C2022Q4T12,NSW1-QLD1,QLD1,2023-11,C2022Q4,T12,8,335,115,12800.71,0.0
C2022Q4T12,V-SA,SA1,2023-11,C2022Q4,T12,8,106,66,6869.99,0.0
C2022Q4T12,V-SA,VIC1,2023-11,C2022Q4,T12,8,117,77,25000.0,0.0
C2022Q4T12,VIC1-NSW1,NSW1,2023-11,C2022Q4,T12,8,169,112,989.38,0.0
C2022Q4T12,VIC1-NSW1,VIC1,2023-11,C2022Q4,T12,8,253,145,46417.0,0.0
C2023Q1T01,NSW1-QLD1,NSW1,2022-05,C2023Q1,T01,45,45,45,1955.8,0.0
C2023Q1T01,NSW1-QLD1,QLD1,2022-05,C2023Q1,T01,45,100,100,11065.6,0.0
C2023Q1T01,V-SA,SA1,2022-05,C2023Q1,T01,45,64,64,4709.0,0.0
C2023Q1T01,V-SA,VIC1,2022-05,C2023Q1,T01,45,73,73,4901.18,0.0
C2023Q1T01,VIC1-NSW1,NSW1,2022-05,C2023Q1,T01,45,108,108,6310.5,0.0
C2023Q1T01,VIC1-NSW1,VIC1,2022-05,C2023Q1,T01,45,125,125,8058.0,0.0
C2023Q1T02,NSW1-QLD1,NSW1,2022-05,C2023Q1,T02,52,45,45,2520.0,0.0
C2023Q1T02,NSW1-QLD1,QLD1,2022-05,C2023Q1,T02,52,125,100,14606.59,0.0
C2023Q1T02,V-SA,SA1,2022-05,C2023Q1,T02,52,64,64,4800.0,0.0
C2023Q1T02,V-SA,VIC1,2022-05,C2023Q1,T02,52,82,73,5442.72,0.0
C2023Q1T02,VIC1-NSW1,NSW1,2022-05,C2023Q1,T02,52,108,108,5553.24,0.0
C2023Q1T02,VIC1-NSW1,VIC1,2022-05,C2023Q1,T02,52,150,128,9203.0,0.0
C2023Q1T03,NSW1-QLD1,NSW1,2022-05,C2023Q1,T03,32,45,45,2646.0,0.0
C2023Q1T03,NSW1-QLD1,QLD1,2022-05,C2023Q1,T03,32,100,100,14750.0,0.0
C2023Q1T03,V-SA,SA1,2022-05,C2023Q1,T03,32,74,64,5143.26,0.0
C2023Q1T03,V-SA,VIC1,2022-05,C2023Q1,T03,32,73,73,6004.0,0.0
C2023Q1T03,VIC1-NSW1,NSW1,2022-05,C2023Q1,T03,32,133,120,7500.0,0.0
C2023Q1T03,VIC1-NSW1,VIC1,2022-05,C2023Q1,T03,32,125,125,10123.0,0.0
C2023Q1T04,NSW1-QLD1,NSW1,2022-05,C2023Q1,T04,22,57,45,3001.0,0.0
C2023Q1T04,NSW1-QLD1,QLD1,2022-05,C2023Q1,T04,22,100,100,15996.96,0.0
C2023Q1T04,V-SA,SA1,2022-05,C2023Q1,T04,22,74,64,5668.0,0.0
C2023Q1T04,V-SA,VIC1,2022-05,C2023Q1,T04,22,93,73,6004.0,0.0
C2023Q1T04,VIC1-NSW1,NSW1,2022-05,C2023Q1,T04,22,158,108,5625.0,0.0
C2023Q1T04,VIC1-NSW1,VIC1,2022-05,C2023Q1,T04,22,145,125,11375.99,0.0
C2023Q1T05,NSW1-QLD1,NSW1,2023-12,C2023Q1,T05,15,55,45,3771.0,0.0
C2023Q1T05,NSW1-QLD1,QLD1,2023-12,C2023Q1,T05,15,130,103,13200.2,0.0
C2023Q1T05,V-SA,SA1,2023-12,C2023Q1,T05,15,92,73,5923.47,0.0
C2023Q1T05,V-SA,VIC1,2023-12,C2023Q1,T05,15,96,73,7628.0,0.0
C2023Q1T05,VIC1-NSW1,NSW1,2023-12,C2023Q1,T05,15,177,117,4320.0,0.0
C2023Q1T05,VIC1-NSW1,VIC1,2023-12,C2023Q1,T05,15,155,125,12513.58,0.0
C2023Q1T06,NSW1-QLD1,NSW1,2023-12,C2023Q1,T06,24,55,45,5111.08,0.0
C2023Q1T06,NSW1-QLD1,QLD1,2023-12,C2023Q1,T06,24,248,100,16688.0,0.0
C2023Q1T06,V-SA,SA1,2023-12,C2023Q1,T06,24,87,64,5404.0,0.0
C2023Q1T06,V-SA,VIC1,2023-12,C2023Q1,T06,24,87,73,8400.96,0.0
C2023Q1T06,VIC1-NSW1,NSW1,2023-12,C2023Q1,T06,24,113,108,4752.0,0.0
C2023Q1T06,VIC1-NSW1,VIC1,2023-12,C2023Q1,T06,24,160,125,15641.97,0.0
C2023Q1T07,NSW1-QLD1,NSW1,2023-12,C2023Q1,T07,23,45,45,6133.29,0.0
C2023Q1T07,NSW1-QLD1,QLD1,2023-12,C2023Q1,T07,23,242,110,18000.0,0.0
C2023Q1T07,V-SA,SA1,2023-12,C2023Q1,T07,23,81,64,6000.0,0.0
C2023Q1T07,V-SA,VIC1,2023-12,C2023Q1,T07,23,98,74,10165.16,0.0
C2023Q1T07,VIC1-NSW1,NSW1,2023-12,C2023Q1,T07,23,118,108,4989.6,0.0
C2023Q1T07,VIC1-NSW1,VIC1,2023-12,C2023Q1,T07,23,202,130,19250.87,0.0
C2023Q1T08,NSW1-QLD1,NSW1,2023-12,C2023Q1,T08,25,73,45,7800.94,0.0
C2023Q1T08,NSW1-QLD1,QLD1,2023-12,C2023Q1,T08,25,271,105,15164.59,0.0
C2023Q1T08,V-SA,SA1,2023-12,C2023Q1,T08,25,87,77,6603.0,0.0
C2023Q1T08,V-SA,VIC1,2023-12,C2023Q1,T08,25,104,73,13365.0,0.0
C2023Q1T08,VIC1-NSW1,NSW1,2023-12,C2023Q1,T08,25,153,110,4551.0,0.0
C2023Q1T08,VIC1-NSW1,VIC1,2023-12,C2023Q1,T08,25,165,125,21175.95,0.0
C2023Q1T09,NSW1-QLD1,NSW1,2023-12,C2023Q1,T09,27,64,48,15202.0,0.0
C2023Q1T09,NSW1-QLD1,QLD1,2023-12,C2023Q1,T09,27,281,104,17189.17,0.0
C2023Q1T09,V-SA,SA1,2023-12,C2023Q1,T09,27,94,70,6850.0,0.0
C2023Q1T09,V-SA,VIC1,2023-12,C2023Q1,T09,27,99,73,16760.83,0.0
C2023Q1T09,VIC1-NSW1,NSW1,2023-12,C2023Q1,T09,27,171,116,4500.0,0.0
C2023Q1T09,VIC1-NSW1,VIC1,2023-12,C2023Q1,T09,27,200,135,25200.26,0.0
C2023Q1T10,NSW1-QLD1,NSW1,2023-11,C2023Q1,T10,10,80,45,19762.59,0.0
C2023Q1T10,NSW1-QLD1,QLD1,2023-11,C2023Q1,T10,10,301,110,17418.36,0.0
C2023Q1T10,V-SA,SA1,2023-11,C2023Q1,T10,10,84,64,7535.0,0.0
C2023Q1T10,V-SA,VIC1,2023-11,C2023Q1,T10,10,98,73,24624.61,0.0
C2023Q1T10,VIC1-NSW1,NSW1,2023-11,C2023Q1,T10,10,143,108,4500.0,0.0
C2023Q1T10,VIC1-NSW1,VIC1,2023-11,C2023Q1,T10,10,190,125,45360.46,0.0
C2023Q1T11,NSW1-QLD1,NSW1,2023-11,C2023Q1,T11,8,65,45,23000.0,0.0
C2023Q1T11,NSW1-QLD1,QLD1,2023-11,C2023Q1,T11,8,295,110,16660.71,0.0
C2023Q1T11,V-SA,SA1,2023-11,C2023Q1,T11,8,94,64,8288.5,0.0
C2023Q1T11,V-SA,VIC1,2023-11,C2023Q1,T11,8,103,73,30000.0,0.0
C2023Q1T11,VIC1-NSW1,NSW1,2023-11,C2023Q1,T11,8,143,113,5000.0,0.0
C2023Q1T11,VIC1-NSW1,VIC1,2023-11,C2023Q1,T11,8,240,130,43320.0,0.0
C2023Q1T12,NSW1-QLD1,NSW1,2023-11,C2023Q1,T12,10,95,58,23500.0,0.0
C2023Q1T12,NSW1-QLD1,QLD1,2023-11,C2023Q1,T12,10,316,148,15000.0,0.0
C2023Q1T12,V-SA,SA1,2023-11,C2023Q1,T12,10,99,81,8372.0,0.0
C2023Q1T12,V-SA,VIC1,2023-11,C2023Q1,T12,10,129,88,31200.0,0.0
C2023Q1T12,VIC1-NSW1,NSW1,2023-11,C2023Q1,T12,10,147,122,5050.0,0.0
C2023Q1T12,VIC1-NSW1,VIC1,2023-11,C2023Q1,T12,10,285,125,29361.81,0.0
C2023Q2T01,NSW1-QLD1,NSW1,2022-05,C2023Q2,T01,52,45,45,395.0,0.0
C2023Q2T01,NSW1-QLD1,QLD1,2022-05,C2023Q2,T01,52,100,100,11373.4,0.0
C2023Q2T01,V-SA,SA1,2022-05,C2023Q2,T01,52,64,64,3250.0,0.0
C2023Q2T01,V-SA,VIC1,2022-05,C2023Q2,T01,52,73,73,1360.0,0.0
C2023Q2T01,VIC1-NSW1,NSW1,2022-05,C2023Q2,T01,52,108,108,960.96,0.0
C2023Q2T01,VIC1-NSW1,VIC1,2022-05,C2023Q2,T01,52,125,125,6666.0,0.0
C2023Q2T02,NSW1-QLD1,NSW1,2022-05,C2023Q2,T02,32,45,45,347.6,0.0
C2023Q2T02,NSW1-QLD1,QLD1,2022-05,C2023Q2,T02,32,100,100,11750.0,0.0
C2023Q2T02,V-SA,SA1,2022-05,C2023Q2,T02,32,84,64,4000.0,0.0
C2023Q2T02,V-SA,VIC1,2022-05,C2023Q2,T02,32,73,73,1450.0,0.0
C2023Q2T02,VIC1-NSW1,NSW1,2022-05,C2023Q2,T02,32,158,108,750.0,0.0
C2023Q2T02,VIC1-NSW1,VIC1,2022-05,C2023Q2,T02,32,125,125,7333.0,0.0
C2023Q2T03,NSW1-QLD1,NSW1,2022-05,C2023Q2,T03,22,45,45,404.0,0.0
C2023Q2T03,NSW1-QLD1,QLD1,2022-05,C2023Q2,T03,22,100,100,12839.0,0.0
C2023Q2T03,V-SA,SA1,2022-05,C2023Q2,T03,22,91,81,3124.0,0.0
C2023Q2T03,V-SA,VIC1,2022-05,C2023Q2,T03,22,93,73,1454.0,0.0
C2023Q2T03,VIC1-NSW1,NSW1,2022-05,C2023Q2,T03,22,188,108,562.5,0.0
C2023Q2T03,VIC1-NSW1,VIC1,2022-05,C2023Q2,T03,22,150,125,7407.0,0.0
C2023Q2T04,NSW1-QLD1,NSW1,2023-12,C2023Q2,T04,15,45,45,520.0,0.0
C2023Q2T04,NSW1-QLD1,QLD1,2023-12,C2023Q2,T04,15,140,102,15928.0,0.0
C2023Q2T04,V-SA,SA1,2023-12,C2023Q2,T04,15,85,64,3050.72,0.0
C2023Q2T04,V-SA,VIC1,2023-12,C2023Q2,T04,15,130,73,1801.0,0.0
C2023Q2T04,VIC1-NSW1,NSW1,2023-12,C2023Q2,T04,15,198,118,490.44,0.0
C2023Q2T04,VIC1-NSW1,VIC1,2023-12,C2023Q2,T04,15,160,125,9259.0,0.0
C2023Q2T05,NSW1-QLD1,NSW1,2023-12,C2023Q2,T05,24,52,45,1205.0,0.0
C2023Q2T05,NSW1-QLD1,QLD1,2023-12,C2023Q2,T05,24,165,100,14906.89,0.0
C2023Q2T05,V-SA,SA1,2023-12,C2023Q2,T05,24,118,64,3225.85,0.0
C2023Q2T05,V-SA,VIC1,2023-12,C2023Q2,T05,24,117,79,3675.94,0.0
C2023Q2T05,VIC1-NSW1,NSW1,2023-12,C2023Q2,T05,24,281,108,652.0,0.0
C2023Q2T05,VIC1-NSW1,VIC1,2023-12,C2023Q2,T05,24,201,125,11878.0,0.0
C2023Q2T06,NSW1-QLD1,NSW1,2023-12,C2023Q2,T06,23,47,45,2000.0,0.0
C2023Q2T06,NSW1-QLD1,QLD1,2023-12,C2023Q2,T06,23,157,100,17909.89,0.0
C2023Q2T06,V-SA,SA1,2023-12,C2023Q2,T06,23,133,64,3548.44,0.0
C2023Q2T06,V-SA,VIC1,2023-12,C2023Q2,T06,23,106,73,5460.0,0.0
C2023Q2T06,VIC1-NSW1,NSW1,2023-12,C2023Q2,T06,23,301,108,1004.0,0.0
C2023Q2T06,VIC1-NSW1,VIC1,2023-12,C2023Q2,T06,23,192,125,15441.4,0.0
C2023Q2T07,NSW1-QLD1,NSW1,2023-12,C2023Q2,T07,25,71,45,2410.0,0.0
C2023Q2T07,NSW1-QLD1,QLD1,2023-12,C2023Q2,T07,25,220,100,17015.0,0.0
C2023Q2T07,V-SA,SA1,2023-12,C2023Q2,T07,25,129,86,4403.0,0.0
C2023Q2T07,V-SA,VIC1,2023-12,C2023Q2,T07,25,113,73,6606.6,0.0
C2023Q2T07,VIC1-NSW1,NSW1,2023-12,C2023Q2,T07,25,188,108,1104.4,0.0
C2023Q2T07,VIC1-NSW1,VIC1,2023-12,C2023Q2,T07,25,223,125,15820.49,0.0
C2023Q2T08,NSW1-QLD1,NSW1,2023-12,C2023Q2,T08,27,61,45,4000.0,0.0
C2023Q2T08,NSW1-QLD1,QLD1,2023-12,C2023Q2,T08,27,194,100,24489.09,0.0
C2023Q2T08,V-SA,SA1,2023-12,C2023Q2,T08,27,114,70,4843.0,0.0
C2023Q2T08,V-SA,VIC1,2023-12,C2023Q2,T08,27,108,73,11000.83,0.0
C2023Q2T08,VIC1-NSW1,NSW1,2023-12,C2023Q2,T08,27,301,109,1270.06,0.0
C2023Q2T08,VIC1-NSW1,VIC1,2023-12,C2023Q2,T08,27,205,125,22960.26,0.0
C2023Q2T09,NSW1-QLD1,NSW1,2023-11,C2023Q2,T09,10,82,45,6499.89,0.0
C2023Q2T09,NSW1-QLD1,QLD1,2023-11,C2023Q2,T09,10,214,100,26000.0,0.0
C2023Q2T09,V-SA,SA1,2023-11,C2023Q2,T09,10,104,64,4500.0,0.0
C2023Q2T09,V-SA,VIC1,2023-11,C2023Q2,T09,10,98,73,16380.0,0.0
C2023Q2T09,VIC1-NSW1,NSW1,2023-11,C2023Q2,T09,10,320,108,900.0,0.0
C2023Q2T09,VIC1-NSW1,VIC1,2023-11,C2023Q2,T09,10,215,127,42000.0,0.0
C2023Q2T10,NSW1-QLD1,NSW1,2023-11,C2023Q2,T10,8,94,45,7800.0,0.0
C2023Q2T10,NSW1-QLD1,QLD1,2023-11,C2023Q2,T10,8,239,113,36800.0,0.0
C2023Q2T10,V-SA,SA1,2023-11,C2023Q2,T10,8,136,64,5600.03,0.0
C2023Q2T10,V-SA,VIC1,2023-11,C2023Q2,T10,8,103,73,21000.0,0.0
C2023Q2T10,VIC1-NSW1,NSW1,2023-11,C2023Q2,T10,8,287,108,2257.0,0.0
C2023Q2T10,VIC1-NSW1,VIC1,2023-11,C2023Q2,T10,8,261,134,48000.0,0.0
C2023Q2T11,NSW1-QLD1,NSW1,2023-11,C2023Q2,T11,10,86,74,7562.0,0.0
C2023Q2T11,NSW1-QLD1,QLD1,2023-11,C2023Q2,T11,10,298,105,24000.0,0.0
C2023Q2T11,V-SA,SA1,2023-11,C2023Q2,T11,10,138,76,6300.94,0.0
C2023Q2T11,V-SA,VIC1,2023-11,C2023Q2,T11,10,142,73,21000.0,0.0
C2023Q2T11,VIC1-NSW1,NSW1,2023-11,C2023Q2,T11,10,291,125,2931.0,0.0
C2023Q2T11,VIC1-NSW1,VIC1,2023-11,C2023Q2,T11,10,293,132,25000.0,0.0
C2023Q2T12,NSW1-QLD1,NSW1,2023-11,C2023Q2,T12,12,89,88,7000.4,0.0
C2023Q2T12,NSW1-QLD1,QLD1,2023-11,C2023Q2,T12,12,256,100,15000.34,0.0
C2023Q2T12,V-SA,SA1,2023-11,C2023Q2,T12,12,143,66,4770.85,0.0
C2023Q2T12,V-SA,VIC1,2023-11,C2023Q2,T12,12,186,77,13650.0,0.0
C2023Q2T12,VIC1-NSW1,NSW1,2023-11,C2023Q2,T12,12,234,123,2926.13,0.0
C2023Q2T12,VIC1-NSW1,VIC1,2023-11,C2023Q2,T12,12,327,145,22004.0,0.0
C2023Q3T01,NSW1-QLD1,NSW1,2022-05,C2023Q3,T01,32,45,45,257.0,0.0
C2023Q3T01,NSW1-QLD1,QLD1,2022-05,C2023Q3,T01,32,100,100,12150.0,0.0
C2023Q3T01,V-SA,SA1,2022-05,C2023Q3,T01,32,64,64,4000.0,0.0
C2023Q3T01,V-SA,VIC1,2022-05,C2023Q3,T01,32,73,73,1500.0,0.0
C2023Q3T01,VIC1-NSW1,NSW1,2022-05,C2023Q3,T01,32,108,108,750.75,0.0
C2023Q3T01,VIC1-NSW1,VIC1,2022-05,C2023Q3,T01,32,125,125,7040.0,0.0
C2023Q3T02,NSW1-QLD1,NSW1,2022-05,C2023Q3,T02,22,45,45,401.0,0.0
C2023Q3T02,NSW1-QLD1,QLD1,2022-05,C2023Q3,T02,22,100,100,12984.0,0.0
C2023Q3T02,V-SA,SA1,2022-05,C2023Q3,T02,22,74,64,3920.0,0.0
C2023Q3T02,V-SA,VIC1,2022-05,C2023Q3,T02,22,93,73,1435.2,0.0
C2023Q3T02,VIC1-NSW1,NSW1,2022-05,C2023Q3,T02,22,138,108,660.66,0.0
C2023Q3T02,VIC1-NSW1,VIC1,2022-05,C2023Q3,T02,22,150,125,7744.0,0.0
C2023Q3T03,NSW1-QLD1,NSW1,2023-12,C2023Q3,T03,15,45,45,501.0,0.0
C2023Q3T03,NSW1-QLD1,QLD1,2023-12,C2023Q3,T03,15,125,100,16230.0,0.0
C2023Q3T03,V-SA,SA1,2023-12,C2023Q3,T03,15,71,64,4300.72,0.0
C2023Q3T03,V-SA,VIC1,2023-12,C2023Q3,T03,15,90,73,1900.68,0.0
C2023Q3T03,VIC1-NSW1,NSW1,2023-12,C2023Q3,T03,15,173,118,501.23,0.0
C2023Q3T03,VIC1-NSW1,VIC1,2023-12,C2023Q3,T03,15,172,125,9680.0,0.0
C2023Q3T04,NSW1-QLD1,NSW1,2023-12,C2023Q3,T04,24,52,45,1226.0,0.0
C2023Q3T04,NSW1-QLD1,QLD1,2023-12,C2023Q3,T04,24,136,111,15300.29,0.0
C2023Q3T04,V-SA,SA1,2023-12,C2023Q3,T04,24,104,64,4014.0,0.0
C2023Q3T04,V-SA,VIC1,2023-12,C2023Q3,T04,24,83,73,4050.0,0.0
C2023Q3T04,VIC1-NSW1,NSW1,2023-12,C2023Q3,T04,24,188,108,675.39,0.0
C2023Q3T04,VIC1-NSW1,VIC1,2023-12,C2023Q3,T04,24,205,125,11712.8,0.0
C2023Q3T05,NSW1-QLD1,NSW1,2023-12,C2023Q3,T05,23,51,45,2000.0,0.0
C2023Q3T05,NSW1-QLD1,QLD1,2023-12,C2023Q3,T05,23,126,100,19125.36,0.0
C2023Q3T05,V-SA,SA1,2023-12,C2023Q3,T05,23,114,64,4080.9,0.0
C2023Q3T05,V-SA,VIC1,2023-12,C2023Q3,T05,23,96,73,5931.0,0.0
C2023Q3T05,VIC1-NSW1,NSW1,2023-12,C2023Q3,T05,23,154,108,1104.0,0.0
C2023Q3T05,VIC1-NSW1,VIC1,2023-12,C2023Q3,T05,23,191,125,15226.64,0.0
C2023Q3T06,NSW1-QLD1,NSW1,2023-12,C2023Q3,T06,25,75,45,2400.0,0.0
C2023Q3T06,NSW1-QLD1,QLD1,2023-12,C2023Q3,T06,25,170,100,18260.0,0.0
C2023Q3T06,V-SA,SA1,2023-12,C2023Q3,T06,25,118,72,5000.0,0.0
C2023Q3T06,V-SA,VIC1,2023-12,C2023Q3,T06,25,103,73,7500.0,0.0
C2023Q3T06,VIC1-NSW1,NSW1,2023-12,C2023Q3,T06,25,175,108,1106.0,0.0
C2023Q3T06,VIC1-NSW1,VIC1,2023-12,C2023Q3,T06,25,203,125,15590.49,0.0
C2023Q3T07,NSW1-QLD1,NSW1,2023-12,C2023Q3,T07,27,70,45,3336.0,0.0
C2023Q3T07,NSW1-QLD1,QLD1,2023-12,C2023Q3,T07,27,150,100,24416.0,0.0
C2023Q3T07,V-SA,SA1,2023-12,C2023Q3,T07,27,109,64,5297.0,0.0
C2023Q3T07,V-SA,VIC1,2023-12,C2023Q3,T07,27,108,73,10920.83,0.0
C2023Q3T07,VIC1-NSW1,NSW1,2023-12,C2023Q3,T07,27,205,108,1250.0,0.0
C2023Q3T07,VIC1-NSW1,VIC1,2023-12,C2023Q3,T07,27,220,125,22640.26,0.0
C2023Q3T08,NSW1-QLD1,NSW1,2023-11,C2023Q3,T08,10,63,45,5495.89,0.0
C2023Q3T08,NSW1-QLD1,QLD1,2023-11,C2023Q3,T08,10,190,100,24636.83,0.0
C2023Q3T08,V-SA,SA1,2023-11,C2023Q3,T08,10,109,64,4000.0,0.0
C2023Q3T08,V-SA,VIC1,2023-11,C2023Q3,T08,10,98,73,15456.0,0.0
C2023Q3T08,VIC1-NSW1,NSW1,2023-11,C2023Q3,T08,10,225,108,937.0,0.0
C2023Q3T08,VIC1-NSW1,VIC1,2023-11,C2023Q3,T08,10,215,125,40752.46,0.0
C2023Q3T09,NSW1-QLD1,NSW1,2023-11,C2023Q3,T09,8,75,45,6869.86,0.0
C2023Q3T09,NSW1-QLD1,QLD1,2023-11,C2023Q3,T09,8,210,105,30000.0,0.0
C2023Q3T09,V-SA,SA1,2023-11,C2023Q3,T09,8,114,64,6400.03,0.0
C2023Q3T09,V-SA,VIC1,2023-11,C2023Q3,T09,8,103,73,20000.0,0.0
C2023Q3T09,VIC1-NSW1,NSW1,2023-11,C2023Q3,T09,8,225,118,2840.0,0.0
C2023Q3T09,VIC1-NSW1,VIC1,2023-11,C2023Q3,T09,8,264,145,41830.25,0.0
C2023Q3T10,NSW1-QLD1,NSW1,2023-11,C2023Q3,T10,10,67,58,8080.33,0.0
C2023Q3T10,NSW1-QLD1,QLD1,2023-11,C2023Q3,T10,10,255,100,18600.0,0.0
C2023Q3T10,V-SA,SA1,2023-11,C2023Q3,T10,10,136,64,7380.0,0.0
C2023Q3T10,V-SA,VIC1,2023-11,C2023Q3,T10,10,193,73,19954.0,0.0
C2023Q3T10,VIC1-NSW1,NSW1,2023-11,C2023Q3,T10,10,213,131,3244.04,0.0
C2023Q3T10,VIC1-NSW1,VIC1,2023-11,C2023Q3,T10,10,273,125,25000.0,0.0
C2023Q3T11,NSW1-QLD1,NSW1,2023-11,C2023Q3,T11,12,78,78,7152.37,0.0
C2023Q3T11,NSW1-QLD1,QLD1,2023-11,C2023Q3,T11,12,233,106,20840.34,0.0
C2023Q3T11,V-SA,SA1,2023-11,C2023Q3,T11,12,151,64,6514.0,0.0
C2023Q3T11,V-SA,VIC1,2023-11,C2023Q3,T11,12,185,73,12970.1,0.0
C2023Q3T11,VIC1-NSW1,NSW1,2023-11,C2023Q3,T11,12,202,117,3409.09,0.0
C2023Q3T11,VIC1-NSW1,VIC1,2023-11,C2023Q3,T11,12,277,135,22010.0,0.0
C2023Q3T12,NSW1-QLD1,NSW1,2023-12,C2023Q3,T12,11,73,61,5000.66,0.0
C2023Q3T12,NSW1-QLD1,QLD1,2023-12,C2023Q3,T12,11,237,100,16417.77,0.0
C2023Q3T12,V-SA,SA1,2023-12,C2023Q3,T12,11,154,66,7201.0,0.0
C2023Q3T12,V-SA,VIC1,2023-12,C2023Q3,T12,11,233,82,13050.04,0.0
C2023Q3T12,VIC1-NSW1,NSW1,2023-12,C2023Q3,T12,11,194,112,2760.0,0.0
C2023Q3T12,VIC1-NSW1,VIC1,2023-12,C2023Q3,T12,11,268,125,25000.0,0.0
C2023Q4T01,NSW1-QLD1,NSW1,2022-05,C2023Q4,T01,22,45,45,1301.0,0.0
C2023Q4T01,NSW1-QLD1,QLD1,2022-05,C2023Q4,T01,22,100,100,12400.96,0.0
C2023Q4T01,V-SA,SA1,2022-05,C2023Q4,T01,22,64,64,4000.0,0.0
C2023Q4T01,V-SA,VIC1,2022-05,C2023Q4,T01,22,73,73,1840.35,0.0
C2023Q4T01,VIC1-NSW1,NSW1,2022-05,C2023Q4,T01,22,108,108,1001.0,0.0
C2023Q4T01,VIC1-NSW1,VIC1,2022-05,C2023Q4,T01,22,125,125,7473.0,0.0
C2023Q4T02,NSW1-QLD1,NSW1,2023-12,C2023Q4,T02,15,45,45,1501.0,0.0
C2023Q4T02,NSW1-QLD1,QLD1,2023-12,C2023Q4,T02,15,119,104,15459.87,0.0
C2023Q4T02,V-SA,SA1,2023-12,C2023Q4,T02,15,68,64,4204.0,0.0
C2023Q4T02,V-SA,VIC1,2023-12,C2023Q4,T02,15,77,73,2762.2,0.0
C2023Q4T02,VIC1-NSW1,NSW1,2023-12,C2023Q4,T02,15,141,111,587.25,0.0
C2023Q4T02,VIC1-NSW1,VIC1,2023-12,C2023Q4,T02,15,154,125,9570.43,0.0
C2023Q4T03,NSW1-QLD1,NSW1,2023-12,C2023Q4,T03,24,45,45,2476.65,0.0
C2023Q4T03,NSW1-QLD1,QLD1,2023-12,C2023Q4,T03,24,120,100,14572.8,0.0
C2023Q4T03,V-SA,SA1,2023-12,C2023Q4,T03,24,84,64,4247.0,0.0
C2023Q4T03,V-SA,VIC1,2023-12,C2023Q4,T03,24,76,73,4200.97,0.0
C2023Q4T03,VIC1-NSW1,NSW1,2023-12,C2023Q4,T03,24,128,108,744.75,0.0
C2023Q4T03,VIC1-NSW1,VIC1,2023-12,C2023Q4,T03,24,166,125,12750.0,0.0
C2023Q4T04,NSW1-QLD1,NSW1,2023-12,C2023Q4,T04,23,45,45,3343.47,0.0
C2023Q4T04,NSW1-QLD1,QLD1,2023-12,C2023Q4,T04,23,120,100,16440.0,0.0
C2023Q4T04,V-SA,SA1,2023-12,C2023Q4,T04,23,90,64,4452.0,0.0
C2023Q4T04,V-SA,VIC1,2023-12,C2023Q4,T04,23,87,73,7728.0,0.0
C2023Q4T04,VIC1-NSW1,NSW1,2023-12,C2023Q4,T04,23,138,108,1170.0,0.0
C2023Q4T04,VIC1-NSW1,VIC1,2023-12,C2023Q4,T04,23,186,125,16575.0,0.0
C2023Q4T05,NSW1-QLD1,NSW1,2023-12,C2023Q4,T05,25,65,45,5349.55,0.0
C2023Q4T05,NSW1-QLD1,QLD1,2023-12,C2023Q4,T05,25,194,100,12500.0,0.0
C2023Q4T05,V-SA,SA1,2023-12,C2023Q4,T05,25,111,64,5500.0,0.0
C2023Q4T05,V-SA,VIC1,2023-12,C2023Q4,T05,25,88,73,8500.79,0.0
C2023Q4T05,VIC1-NSW1,NSW1,2023-12,C2023Q4,T05,25,158,108,1277.0,0.0
C2023Q4T05,VIC1-NSW1,VIC1,2023-12,C2023Q4,T05,25,195,125,18232.5,0.0
C2023Q4T06,NSW1-QLD1,NSW1,2023-12,C2023Q4,T06,27,58,45,8510.0,0.0
C2023Q4T06,NSW1-QLD1,QLD1,2023-12,C2023Q4,T06,27,164,100,17384.0,0.0
C2023Q4T06,V-SA,SA1,2023-12,C2023Q4,T06,27,109,64,6050.0,0.0
C2023Q4T06,V-SA,VIC1,2023-12,C2023Q4,T06,27,88,73,9520.83,0.0
C2023Q4T06,VIC1-NSW1,NSW1,2023-12,C2023Q4,T06,27,143,114,1404.7,0.0
C2023Q4T06,VIC1-NSW1,VIC1,2023-12,C2023Q4,T06,27,217,125,24066.9,0.0
C2023Q4T07,NSW1-QLD1,NSW1,2023-11,C2023Q4,T07,10,55,45,8663.0,0.0
C2023Q4T07,NSW1-QLD1,QLD1,2023-11,C2023Q4,T07,10,233,100,13907.2,0.0
C2023Q4T07,V-SA,SA1,2023-11,C2023Q4,T07,10,109,64,5142.5,0.0
C2023Q4T07,V-SA,VIC1,2023-11,C2023Q4,T07,10,93,73,9936.0,0.0
C2023Q4T07,VIC1-NSW1,NSW1,2023-11,C2023Q4,T07,10,157,108,1000.0,0.0
C2023Q4T07,VIC1-NSW1,VIC1,2023-11,C2023Q4,T07,10,202,150,40000.0,0.0
C2023Q4T08,NSW1-QLD1,NSW1,2023-11,C2023Q4,T08,8,65,45,11578.0,0.0
C2023Q4T08,NSW1-QLD1,QLD1,2023-11,C2023Q4,T08,8,220,100,14100.98,0.0
C2023Q4T08,V-SA,SA1,2023-11,C2023Q4,T08,8,109,64,6200.03,0.0
C2023Q4T08,V-SA,VIC1,2023-11,C2023Q4,T08,8,103,73,17928.96,0.0
C2023Q4T08,VIC1-NSW1,NSW1,2023-11,C2023Q4,T08,8,152,108,1477.0,0.0
C2023Q4T08,VIC1-NSW1,VIC1,2023-11,C2023Q4,T08,8,262,159,43000.0,0.0
C2023Q4T09,NSW1-QLD1,NSW1,2023-11,C2023Q4,T09,10,57,45,12156.0,0.0
C2023Q4T09,NSW1-QLD1,QLD1,2023-11,C2023Q4,T09,10,198,111,14000.0,0.0
C2023Q4T09,V-SA,SA1,2023-11,C2023Q4,T09,10,131,64,6667.13,0.0
C2023Q4T09,V-SA,VIC1,2023-11,C2023Q4,T09,10,170,73,17997.83,0.0
C2023Q4T09,VIC1-NSW1,NSW1,2023-11,C2023Q4,T09,10,160,108,1435.2,0.0
C2023Q4T09,VIC1-NSW1,VIC1,2023-11,C2023Q4,T09,10,259,125,25000.0,0.0
C2023Q4T10,NSW1-QLD1,NSW1,2023-11,C2023Q4,T10,12,73,54,11223.0,0.0
C2023Q4T10,NSW1-QLD1,QLD1,2023-11,C2023Q4,T10,12,205,107,13328.55,0.0
C2023Q4T10,V-SA,SA1,2023-11,C2023Q4,T10,12,156,64,5982.4,0.0
C2023Q4T10,V-SA,VIC1,2023-11,C2023Q4,T10,12,170,73,12868.45,0.0
C2023Q4T10,VIC1-NSW1,NSW1,2023-11,C2023Q4,T10,12,172,108,1262.98,0.0
C2023Q4T10,VIC1-NSW1,VIC1,2023-11,C2023Q4,T10,12,270,135,22011.0,0.0
C2023Q4T11,NSW1-QLD1,NSW1,2023-12,C2023Q4,T11,11,67,55,12723.0,0.0
C2023Q4T11,NSW1-QLD1,QLD1,2023-12,C2023Q4,T11,11,196,100,10000.2,0.0
C2023Q4T11,V-SA,SA1,2023-12,C2023Q4,T11,11,172,64,5739.64,0.0
C2023Q4T11,V-SA,VIC1,2023-12,C2023Q4,T11,11,227,78,11596.04,0.0
C2023Q4T11,VIC1-NSW1,NSW1,2023-12,C2023Q4,T11,11,160,108,1104.0,0.0
C2023Q4T11,VIC1-NSW1,VIC1,2023-12,C2023Q4,T11,11,342,125,25009.0,0.0
C2023Q4T12,NSW1-QLD1,NSW1,2023-12,C2023Q4,T12,11,76,58,13359.15,0.0
C2023Q4T12,NSW1-QLD1,QLD1,2023-12,C2023Q4,T12,11,238,100,12123.0,0.0
C2023Q4T12,V-SA,SA1,2023-12,C2023Q4,T12,11,201,66,5175.0,0.0
C2023Q4T12,V-SA,VIC1,2023-12,C2023Q4,T12,11,149,77,14400.08,0.0
C2023Q4T12,VIC1-NSW1,NSW1,2023-12,C2023Q4,T12,11,158,125,1278.08,0.0
C2023Q4T12,VIC1-NSW1,VIC1,2023-12,C2023Q4,T12,11,379,129,22040.98,0.0
C2024Q1T01,NSW1-QLD1,NSW1,2023-12,C2024Q1,T01,15,45,45,3591.0,0.0
C2024Q1T01,NSW1-QLD1,QLD1,2023-12,C2024Q1,T01,15,100,100,15267.0,0.0
C2024Q1T01,V-SA,SA1,2023-12,C2024Q1,T01,15,64,64,5154.0,0.0
C2024Q1T01,V-SA,VIC1,2023-12,C2024Q1,T01,15,73,73,6115.2,0.0
C2024Q1T01,VIC1-NSW1,NSW1,2023-12,C2024Q1,T01,15,108,108,4368.0,0.0
C2024Q1T01,VIC1-NSW1,VIC1,2023-12,C2024Q1,T01,15,125,125,12513.58,0.0
C2024Q1T02,NSW1-QLD1,NSW1,2023-12,C2024Q1,T02,24,45,45,4962.58,0.0
C2024Q1T02,NSW1-QLD1,QLD1,2023-12,C2024Q1,T02,24,113,100,18007.0,0.0
C2024Q1T02,V-SA,SA1,2023-12,C2024Q1,T02,24,64,64,4504.0,0.0
C2024Q1T02,V-SA,VIC1,2023-12,C2024Q1,T02,24,73,73,7213.0,0.0
C2024Q1T02,VIC1-NSW1,NSW1,2023-12,C2024Q1,T02,24,108,108,4200.39,0.0
C2024Q1T02,VIC1-NSW1,VIC1,2023-12,C2024Q1,T02,24,133,125,15642.0,0.0
C2024Q1T03,NSW1-QLD1,NSW1,2023-12,C2024Q1,T03,23,45,45,5458.84,0.0
C2024Q1T03,NSW1-QLD1,QLD1,2023-12,C2024Q1,T03,23,113,100,19807.7,0.0
C2024Q1T03,V-SA,SA1,2023-12,C2024Q1,T03,23,68,64,4754.0,0.0
C2024Q1T03,V-SA,VIC1,2023-12,C2024Q1,T03,23,85,73,9761.0,0.0
C2024Q1T03,VIC1-NSW1,NSW1,2023-12,C2024Q1,T03,23,114,108,4620.43,0.0
C2024Q1T03,VIC1-NSW1,VIC1,2023-12,C2024Q1,T03,23,133,133,20334.59,0.0
C2024Q1T04,NSW1-QLD1,NSW1,2023-12,C2024Q1,T04,25,45,45,7162.96,0.0
C2024Q1T04,NSW1-QLD1,QLD1,2023-12,C2024Q1,T04,25,134,101,20748.0,0.0
C2024Q1T04,V-SA,SA1,2023-12,C2024Q1,T04,25,64,64,6893.3,0.0
C2024Q1T04,V-SA,VIC1,2023-12,C2024Q1,T04,25,90,73,15000.0,0.0
C2024Q1T04,VIC1-NSW1,NSW1,2023-12,C2024Q1,T04,25,124,115,4370.2,0.0
C2024Q1T04,VIC1-NSW1,VIC1,2023-12,C2024Q1,T04,25,145,125,22368.05,0.0
C2024Q1T05,NSW1-QLD1,NSW1,2023-12,C2024Q1,T05,27,48,45,9907.0,0.0
C2024Q1T05,NSW1-QLD1,QLD1,2023-12,C2024Q1,T05,27,130,100,22822.8,0.0
C2024Q1T05,V-SA,SA1,2023-12,C2024Q1,T05,27,64,64,7341.0,0.0
C2024Q1T05,V-SA,VIC1,2023-12,C2024Q1,T05,27,90,73,16500.0,0.0
C2024Q1T05,VIC1-NSW1,NSW1,2023-12,C2024Q1,T05,27,117,108,4368.0,0.0
C2024Q1T05,VIC1-NSW1,VIC1,2023-12,C2024Q1,T05,27,167,125,23800.26,0.0
C2024Q1T06,NSW1-QLD1,NSW1,2023-11,C2024Q1,T06,10,55,45,13104.0,0.0
C2024Q1T06,NSW1-QLD1,QLD1,2023-11,C2024Q1,T06,10,165,100,17500.0,0.0
C2024Q1T06,V-SA,SA1,2023-11,C2024Q1,T06,10,64,64,5505.75,0.0
C2024Q1T06,V-SA,VIC1,2023-11,C2024Q1,T06,10,83,73,20716.66,0.0
C2024Q1T06,VIC1-NSW1,NSW1,2023-11,C2024Q1,T06,10,137,108,3276.0,0.0
C2024Q1T06,VIC1-NSW1,VIC1,2023-11,C2024Q1,T06,10,170,125,30000.0,0.0
C2024Q1T07,NSW1-QLD1,NSW1,2023-11,C2024Q1,T07,8,65,45,16421.87,0.0
C2024Q1T07,NSW1-QLD1,QLD1,2023-11,C2024Q1,T07,8,195,100,17000.0,0.0
C2024Q1T07,V-SA,SA1,2023-11,C2024Q1,T07,8,84,64,6909.01,0.0
C2024Q1T07,V-SA,VIC1,2023-11,C2024Q1,T07,8,83,73,30000.0,0.0
C2024Q1T07,VIC1-NSW1,NSW1,2023-11,C2024Q1,T07,8,137,108,4000.0,0.0
C2024Q1T07,VIC1-NSW1,VIC1,2023-11,C2024Q1,T07,8,210,125,31875.0,0.0
C2024Q1T08,NSW1-QLD1,NSW1,2023-11,C2024Q1,T08,10,82,45,18000.96,0.0
C2024Q1T08,NSW1-QLD1,QLD1,2023-11,C2024Q1,T08,10,173,100,16991.52,0.0
C2024Q1T08,V-SA,SA1,2023-11,C2024Q1,T08,10,76,64,7644.0,0.0
C2024Q1T08,V-SA,VIC1,2023-11,C2024Q1,T08,10,174,88,47000.99,0.0
C2024Q1T08,VIC1-NSW1,NSW1,2023-11,C2024Q1,T08,10,141,108,4001.0,0.0
C2024Q1T08,VIC1-NSW1,VIC1,2023-11,C2024Q1,T08,10,264,125,25500.42,0.0
C2024Q1T09,NSW1-QLD1,NSW1,2023-11,C2024Q1,T09,12,103,76,13620.0,0.0
C2024Q1T09,NSW1-QLD1,QLD1,2023-11,C2024Q1,T09,12,191,100,15500.0,0.0
C2024Q1T09,V-SA,SA1,2023-11,C2024Q1,T09,12,76,64,5647.4,0.0
C2024Q1T09,V-SA,VIC1,2023-11,C2024Q1,T09,12,119,73,30550.64,0.0
C2024Q1T09,VIC1-NSW1,NSW1,2023-11,C2024Q1,T09,12,153,108,3931.2,0.0
C2024Q1T09,VIC1-NSW1,VIC1,2023-11,C2024Q1,T09,12,254,130,22011.0,0.0
C2024Q1T10,NSW1-QLD1,NSW1,2023-12,C2024Q1,T10,11,72,45,20654.0,0.0
C2024Q1T10,NSW1-QLD1,QLD1,2023-12,C2024Q1,T10,11,202,103,16380.0,0.0
C2024Q1T10,V-SA,SA1,2023-12,C2024Q1,T10,11,82,64,6396.79,0.0
C2024Q1T10,V-SA,VIC1,2023-12,C2024Q1,T10,11,172,73,26846.04,0.0
C2024Q1T10,VIC1-NSW1,NSW1,2023-12,C2024Q1,T10,11,148,108,3932.49,0.0
C2024Q1T10,VIC1-NSW1,VIC1,2023-12,C2024Q1,T10,11,253,125,25019.17,0.0
C2024Q1T11,NSW1-QLD1,NSW1,2023-12,C2024Q1,T11,11,74,60,24005.0,0.0
C2024Q1T11,NSW1-QLD1,QLD1,2023-12,C2024Q1,T11,11,206,100,18880.0,0.0
C2024Q1T11,V-SA,SA1,2023-12,C2024Q1,T11,11,78,66,6500.0,0.0
C2024Q1T11,V-SA,VIC1,2023-12,C2024Q1,T11,11,142,73,32100.0,0.0
C2024Q1T11,VIC1-NSW1,NSW1,2023-12,C2024Q1,T11,11,171,108,4806.0,0.0
C2024Q1T11,VIC1-NSW1,VIC1,2023-12,C2024Q1,T11,11,283,141,27000.0,0.0
C2024Q1T12,NSW1-QLD1,NSW1,2023-12,C2024Q1,T12,1,100,58,19200.0,0.0
C2024Q1T12,NSW1-QLD1,QLD1,2023-12,C2024Q1,T12,1,204,120,19001.0,0.0
C2024Q1T12,V-SA,SA1,2023-12,C2024Q1,T12,1,89,73,7500.0,0.0
C2024Q1T12,V-SA,VIC1,2023-12,C2024Q1,T12,1,157,77,23486.2,0.0
C2024Q1T12,VIC1-NSW1,NSW1,2023-12,C2024Q1,T12,1,180,114,4152.38,0.0
C2024Q1T12,VIC1-NSW1,VIC1,2023-12,C2024Q1,T12,1,282,154,20121.91,0.0
C2024Q2T01,NSW1-QLD1,NSW1,2023-12,C2024Q2,T01,24,45,45,1455.0,0.0
C2024Q2T01,NSW1-QLD1,QLD1,2023-12,C2024Q2,T01,24,100,100,15267.0,0.0
C2024Q2T01,V-SA,SA1,2023-12,C2024Q2,T01,24,64,64,3300.85,0.0
C2024Q2T01,V-SA,VIC1,2023-12,C2024Q2,T01,24,73,73,4086.47,0.0
C2024Q2T01,VIC1-NSW1,NSW1,2023-12,C2024Q2,T01,24,108,108,600.0,0.0
C2024Q2T01,VIC1-NSW1,VIC1,2023-12,C2024Q2,T01,24,125,125,11445.72,0.0
C2024Q2T02,NSW1-QLD1,NSW1,2023-12,C2024Q2,T02,23,45,45,2000.0,0.0
C2024Q2T02,NSW1-QLD1,QLD1,2023-12,C2024Q2,T02,23,100,100,20407.93,0.0
C2024Q2T02,V-SA,SA1,2023-12,C2024Q2,T02,23,82,64,3186.17,0.0
C2024Q2T02,V-SA,VIC1,2023-12,C2024Q2,T02,23,73,73,5460.0,0.0
C2024Q2T02,VIC1-NSW1,NSW1,2023-12,C2024Q2,T02,23,164,108,1004.0,0.0
C2024Q2T02,VIC1-NSW1,VIC1,2023-12,C2024Q2,T02,23,126,125,14879.43,0.0
C2024Q2T03,NSW1-QLD1,NSW1,2023-12,C2024Q2,T03,25,45,45,2579.0,0.0
C2024Q2T03,NSW1-QLD1,QLD1,2023-12,C2024Q2,T03,25,100,100,20748.0,0.0
C2024Q2T03,V-SA,SA1,2023-12,C2024Q2,T03,25,79,70,4462.18,0.0
C2024Q2T03,V-SA,VIC1,2023-12,C2024Q2,T03,25,73,73,7500.0,0.0
C2024Q2T03,VIC1-NSW1,NSW1,2023-12,C2024Q2,T03,25,138,108,1048.0,0.0
C2024Q2T03,VIC1-NSW1,VIC1,2023-12,C2024Q2,T03,25,125,125,14742.0,0.0
C2024Q2T04,NSW1-QLD1,NSW1,2023-12,C2024Q2,T04,27,48,45,3307.0,0.0
C2024Q2T04,NSW1-QLD1,QLD1,2023-12,C2024Q2,T04,27,120,100,24438.96,0.0
C2024Q2T04,V-SA,SA1,2023-12,C2024Q2,T04,27,89,64,4732.0,0.0
C2024Q2T04,V-SA,VIC1,2023-12,C2024Q2,T04,27,73,73,9093.0,0.0
C2024Q2T04,VIC1-NSW1,NSW1,2023-12,C2024Q2,T04,27,164,108,1028.0,0.0
C2024Q2T04,VIC1-NSW1,VIC1,2023-12,C2024Q2,T04,27,152,125,16800.25,0.0
C2024Q2T05,NSW1-QLD1,NSW1,2023-11,C2024Q2,T05,10,45,45,4496.89,0.0
C2024Q2T05,NSW1-QLD1,QLD1,2023-11,C2024Q2,T05,10,130,100,25538.71,0.0
C2024Q2T05,V-SA,SA1,2023-11,C2024Q2,T05,10,109,64,3075.8,0.0
C2024Q2T05,V-SA,VIC1,2023-11,C2024Q2,T05,10,83,73,16380.0,0.0
C2024Q2T05,VIC1-NSW1,NSW1,2023-11,C2024Q2,T05,10,164,108,873.6,0.0
C2024Q2T05,VIC1-NSW1,VIC1,2023-11,C2024Q2,T05,10,170,125,21169.0,0.0
C2024Q2T06,NSW1-QLD1,NSW1,2023-11,C2024Q2,T06,8,68,47,6621.11,0.0
C2024Q2T06,NSW1-QLD1,QLD1,2023-11,C2024Q2,T06,8,162,100,29505.84,0.0
C2024Q2T06,V-SA,SA1,2023-11,C2024Q2,T06,8,114,64,5008.0,0.0
C2024Q2T06,V-SA,VIC1,2023-11,C2024Q2,T06,8,83,73,22113.0,0.0
C2024Q2T06,VIC1-NSW1,NSW1,2023-11,C2024Q2,T06,8,184,108,1908.0,0.0
C2024Q2T06,VIC1-NSW1,VIC1,2023-11,C2024Q2,T06,8,215,125,25000.0,0.0
C2024Q2T07,NSW1-QLD1,NSW1,2023-11,C2024Q2,T07,10,60,54,7368.0,0.0
C2024Q2T07,NSW1-QLD1,QLD1,2023-11,C2024Q2,T07,10,158,100,27846.0,0.0
C2024Q2T07,V-SA,SA1,2023-11,C2024Q2,T07,10,111,64,6260.0,0.0
C2024Q2T07,V-SA,VIC1,2023-11,C2024Q2,T07,10,131,73,20124.0,0.0
C2024Q2T07,VIC1-NSW1,NSW1,2023-11,C2024Q2,T07,10,202,110,2385.0,0.0
C2024Q2T07,VIC1-NSW1,VIC1,2023-11,C2024Q2,T07,10,178,125,24200.42,0.0
C2024Q2T08,NSW1-QLD1,NSW1,2023-11,C2024Q2,T08,12,69,69,7536.0,0.0
C2024Q2T08,NSW1-QLD1,QLD1,2023-11,C2024Q2,T08,12,184,100,26208.0,0.0
C2024Q2T08,V-SA,SA1,2023-11,C2024Q2,T08,12,121,64,5008.0,0.0
C2024Q2T08,V-SA,VIC1,2023-11,C2024Q2,T08,12,140,73,13080.6,0.0
C2024Q2T08,VIC1-NSW1,NSW1,2023-11,C2024Q2,T08,12,166,108,2184.0,0.0
C2024Q2T08,VIC1-NSW1,VIC1,2023-11,C2024Q2,T08,12,212,125,21000.08,0.0
C2024Q2T09,NSW1-QLD1,NSW1,2023-12,C2024Q2,T09,11,63,54,7216.66,0.0
C2024Q2T09,NSW1-QLD1,QLD1,2023-12,C2024Q2,T09,11,187,100,22654.0,0.0
C2024Q2T09,V-SA,SA1,2023-12,C2024Q2,T09,11,129,64,4888.88,0.0
C2024Q2T09,V-SA,VIC1,2023-12,C2024Q2,T09,11,180,73,13280.04,0.0
C2024Q2T09,VIC1-NSW1,NSW1,2023-12,C2024Q2,T09,11,194,110,2508.08,0.0
C2024Q2T09,VIC1-NSW1,VIC1,2023-12,C2024Q2,T09,11,263,125,22050.08,0.0
C2024Q2T10,NSW1-QLD1,NSW1,2023-12,C2024Q2,T10,11,60,51,6676.0,0.0
C2024Q2T10,NSW1-QLD1,QLD1,2023-12,C2024Q2,T10,11,213,100,25250.0,0.0
C2024Q2T10,V-SA,SA1,2023-12,C2024Q2,T10,11,123,64,4567.89,0.0
C2024Q2T10,V-SA,VIC1,2023-12,C2024Q2,T10,11,140,73,15936.04,0.0
C2024Q2T10,VIC1-NSW1,NSW1,2023-12,C2024Q2,T10,11,183,108,2305.0,0.0
C2024Q2T10,VIC1-NSW1,VIC1,2023-12,C2024Q2,T10,11,279,125,24002.0,0.0
C2024Q2T11,NSW1-QLD1,NSW1,2023-12,C2024Q2,T11,1,74,49,5600.0,0.0
C2024Q2T11,NSW1-QLD1,QLD1,2023-12,C2024Q2,T11,1,232,115,23230.0,0.0
C2024Q2T11,V-SA,SA1,2023-12,C2024Q2,T11,1,142,65,4111.1,0.0
C2024Q2T11,V-SA,VIC1,2023-12,C2024Q2,T11,1,149,73,12500.63,0.0
C2024Q2T11,VIC1-NSW1,NSW1,2023-12,C2024Q2,T11,1,164,110,2508.0,0.0
C2024Q2T11,VIC1-NSW1,VIC1,2023-12,C2024Q2,T11,1,243,125,18200.2,0.0
C2024Q2T12,NSW1-QLD1,NSW1,2024-03,C2024Q2,T12,1,68,55,5869.88,0.0
C2024Q2T12,NSW1-QLD1,QLD1,2024-03,C2024Q2,T12,1,245,110,21052.45,0.0
C2024Q2T12,V-SA,SA1,2024-03,C2024Q2,T12,1,175,74,3905.55,0.0
C2024Q2T12,V-SA,VIC1,2024-03,C2024Q2,T12,1,155,77,12000.0,0.0
C2024Q2T12,VIC1-NSW1,NSW1,2024-03,C2024Q2,T12,1,204,118,3135.0,0.0
C2024Q2T12,VIC1-NSW1,VIC1,2024-03,C2024Q2,T12,1,285,140,15834.0,0.0
C2024Q3T01,NSW1-QLD1,NSW1,2023-12,C2024Q3,T01,23,45,45,2000.0,0.0
C2024Q3T01,NSW1-QLD1,QLD1,2023-12,C2024Q3,T01,23,100,100,19125.36,0.0
C2024Q3T01,V-SA,SA1,2023-12,C2024Q3,T01,23,64,64,3746.4,0.0
C2024Q3T01,V-SA,VIC1,2023-12,C2024Q3,T01,23,73,73,6000.0,0.0
C2024Q3T01,VIC1-NSW1,NSW1,2023-12,C2024Q3,T01,23,108,108,1046.85,0.0
C2024Q3T01,VIC1-NSW1,VIC1,2023-12,C2024Q3,T01,23,125,125,15226.64,0.0
C2024Q3T02,NSW1-QLD1,NSW1,2023-12,C2024Q3,T02,25,45,45,2400.0,0.0
C2024Q3T02,NSW1-QLD1,QLD1,2023-12,C2024Q3,T02,25,100,100,19126.0,0.0
C2024Q3T02,V-SA,SA1,2023-12,C2024Q3,T02,25,78,75,5352.18,0.0
C2024Q3T02,V-SA,VIC1,2023-12,C2024Q3,T02,25,73,73,7500.0,0.0
C2024Q3T02,VIC1-NSW1,NSW1,2023-12,C2024Q3,T02,25,108,108,1058.0,0.0
C2024Q3T02,VIC1-NSW1,VIC1,2023-12,C2024Q3,T02,25,125,125,15002.0,0.0
C2024Q3T03,NSW1-QLD1,NSW1,2023-12,C2024Q3,T03,27,48,45,3040.0,0.0
C2024Q3T03,NSW1-QLD1,QLD1,2023-12,C2024Q3,T03,27,108,100,21520.64,0.0
C2024Q3T03,V-SA,SA1,2023-12,C2024Q3,T03,27,67,64,4995.37,0.0
C2024Q3T03,V-SA,VIC1,2023-12,C2024Q3,T03,27,74,73,8996.83,0.0
C2024Q3T03,VIC1-NSW1,NSW1,2023-12,C2024Q3,T03,27,108,108,1000.0,0.0
C2024Q3T03,VIC1-NSW1,VIC1,2023-12,C2024Q3,T03,27,135,125,16502.2,0.0
C2024Q3T04,NSW1-QLD1,NSW1,2023-11,C2024Q3,T04,10,45,45,4496.89,0.0
C2024Q3T04,NSW1-QLD1,QLD1,2023-11,C2024Q3,T04,10,110,100,20444.61,0.0
C2024Q3T04,V-SA,SA1,2023-11,C2024Q3,T04,10,67,64,3746.52,0.0
C2024Q3T04,V-SA,VIC1,2023-11,C2024Q3,T04,10,83,73,15456.0,0.0
C2024Q3T04,VIC1-NSW1,NSW1,2023-11,C2024Q3,T04,10,108,108,750.6,0.0
C2024Q3T04,VIC1-NSW1,VIC1,2023-11,C2024Q3,T04,10,150,125,20793.0,0.0
C2024Q3T05,NSW1-QLD1,NSW1,2023-11,C2024Q3,T05,8,68,50,6624.0,0.0
C2024Q3T05,NSW1-QLD1,QLD1,2023-11,C2024Q3,T05,8,165,100,28337.47,0.0
C2024Q3T05,V-SA,SA1,2023-11,C2024Q3,T05,8,105,64,5600.0,0.0
C2024Q3T05,V-SA,VIC1,2023-11,C2024Q3,T05,8,83,73,20000.0,0.0
C2024Q3T05,VIC1-NSW1,NSW1,2023-11,C2024Q3,T05,8,131,108,1932.0,0.0
C2024Q3T05,VIC1-NSW1,VIC1,2023-11,C2024Q3,T05,8,198,125,25000.0,0.0
C2024Q3T06,NSW1-QLD1,NSW1,2023-11,C2024Q3,T06,10,60,54,7416.0,0.0
C2024Q3T06,NSW1-QLD1,QLD1,2023-11,C2024Q3,T06,10,158,100,25833.6,0.0
C2024Q3T06,V-SA,SA1,2023-11,C2024Q3,T06,10,103,64,6805.0,0.0
C2024Q3T06,V-SA,VIC1,2023-11,C2024Q3,T06,10,108,73,21000.0,0.0
C2024Q3T06,VIC1-NSW1,NSW1,2023-11,C2024Q3,T06,10,139,108,2415.0,0.0
C2024Q3T06,VIC1-NSW1,VIC1,2023-11,C2024Q3,T06,10,178,125,23760.68,0.0
C2024Q3T07,NSW1-QLD1,NSW1,2023-11,C2024Q3,T07,12,63,63,7592.0,0.0
C2024Q3T07,NSW1-QLD1,QLD1,2023-11,C2024Q3,T07,12,173,100,23990.34,0.0
C2024Q3T07,V-SA,SA1,2023-11,C2024Q3,T07,12,110,64,5500.24,0.0
C2024Q3T07,V-SA,VIC1,2023-11,C2024Q3,T07,12,150,73,13650.0,0.0
C2024Q3T07,VIC1-NSW1,NSW1,2023-11,C2024Q3,T07,12,141,108,2208.0,0.0
C2024Q3T07,VIC1-NSW1,VIC1,2023-11,C2024Q3,T07,12,212,125,22000.08,0.0
C2024Q3T08,NSW1-QLD1,NSW1,2023-12,C2024Q3,T08,11,63,54,5828.66,0.0
C2024Q3T08,NSW1-QLD1,QLD1,2023-12,C2024Q3,T08,11,187,100,26150.2,0.0
C2024Q3T08,V-SA,SA1,2023-12,C2024Q3,T08,11,137,64,5400.51,0.0
C2024Q3T08,V-SA,VIC1,2023-12,C2024Q3,T08,11,185,73,14400.04,0.0
C2024Q3T08,VIC1-NSW1,NSW1,2023-12,C2024Q3,T08,11,133,108,2100.0,0.0
C2024Q3T08,VIC1-NSW1,VIC1,2023-12,C2024Q3,T08,11,308,125,23978.88,0.0
C2024Q3T09,NSW1-QLD1,NSW1,2023-12,C2024Q3,T09,11,57,49,5520.0,0.0
C2024Q3T09,NSW1-QLD1,QLD1,2023-12,C2024Q3,T09,11,228,100,28650.2,0.0
C2024Q3T09,V-SA,SA1,2023-12,C2024Q3,T09,11,131,64,5103.0,0.0
C2024Q3T09,V-SA,VIC1,2023-12,C2024Q3,T09,11,140,73,17280.04,0.0
C2024Q3T09,VIC1-NSW1,NSW1,2023-12,C2024Q3,T09,11,153,108,2000.23,0.0
C2024Q3T09,VIC1-NSW1,VIC1,2023-12,C2024Q3,T09,11,322,125,26400.0,0.0
C2024Q3T10,NSW1-QLD1,NSW1,2023-12,C2024Q3,T10,1,67,54,6001.0,0.0
C2024Q3T10,NSW1-QLD1,QLD1,2023-12,C2024Q3,T10,1,227,100,26640.0,0.0
C2024Q3T10,V-SA,SA1,2023-12,C2024Q3,T10,1,161,64,4395.21,0.0
C2024Q3T10,V-SA,VIC1,2023-12,C2024Q3,T10,1,143,79,14000.0,0.0
C2024Q3T10,VIC1-NSW1,NSW1,2023-12,C2024Q3,T10,1,152,108,2100.0,0.0
C2024Q3T10,VIC1-NSW1,VIC1,2023-12,C2024Q3,T10,1,323,125,20644.8,0.0
C2024Q3T11,NSW1-QLD1,NSW1,2024-03,C2024Q3,T11,1,50,45,5941.44,0.0
C2024Q3T11,NSW1-QLD1,QLD1,2024-03,C2024Q3,T11,1,256,100,23443.2,0.0
C2024Q3T11,V-SA,SA1,2024-03,C2024Q3,T11,1,193,64,4203.0,0.0
C2024Q3T11,V-SA,VIC1,2024-03,C2024Q3,T11,1,189,79,12791.0,0.0
C2024Q3T11,VIC1-NSW1,NSW1,2024-03,C2024Q3,T11,1,225,113,2850.0,0.0
C2024Q3T11,VIC1-NSW1,VIC1,2024-03,C2024Q3,T11,1,340,150,18988.8,0.0
C2024Q3T12,NSW1-QLD1,NSW1,2024-06,C2024Q3,T12,1,73,55,4500.0,0.0
C2024Q3T12,NSW1-QLD1,QLD1,2024-06,C2024Q3,T12,1,250,110,35000.0,0.0
C2024Q3T12,V-SA,SA1,2024-06,C2024Q3,T12,1,192,78,4503.0,0.0
C2024Q3T12,V-SA,VIC1,2024-06,C2024Q3,T12,1,152,78,15349.2,0.0
C2024Q3T12,VIC1-NSW1,NSW1,2024-06,C2024Q3,T12,1,281,112,3157.0,0.0
C2024Q3T12,VIC1-NSW1,VIC1,2024-06,C2024Q3,T12,1,317,125,17089.91,0.0
C2024Q4T01,NSW1-QLD1,NSW1,2023-12,C2024Q4,T01,25,45,45,5006.08,0.0
C2024Q4T01,NSW1-QLD1,QLD1,2023-12,C2024Q4,T01,25,100,100,12909.44,0.0
C2024Q4T01,V-SA,SA1,2023-12,C2024Q4,T01,25,64,64,5561.0,0.0
C2024Q4T01,V-SA,VIC1,2023-12,C2024Q4,T01,25,73,73,8675.28,0.0
C2024Q4T01,VIC1-NSW1,NSW1,2023-12,C2024Q4,T01,25,108,108,1287.0,0.0
C2024Q4T01,VIC1-NSW1,VIC1,2023-12,C2024Q4,T01,25,125,125,17050.0,0.0
C2024Q4T02,NSW1-QLD1,NSW1,2023-12,C2024Q4,T02,27,48,45,8504.0,0.0
C2024Q4T02,NSW1-QLD1,QLD1,2023-12,C2024Q4,T02,27,100,100,16000.0,0.0
C2024Q4T02,V-SA,SA1,2023-12,C2024Q4,T02,27,64,64,5521.0,0.0
C2024Q4T02,V-SA,VIC1,2023-12,C2024Q4,T02,27,73,73,10284.0,0.0
C2024Q4T02,VIC1-NSW1,NSW1,2023-12,C2024Q4,T02,27,108,108,1457.0,0.0
C2024Q4T02,VIC1-NSW1,VIC1,2023-12,C2024Q4,T02,27,150,125,20800.25,0.0
C2024Q4T03,NSW1-QLD1,NSW1,2023-11,C2024Q4,T03,10,45,45,7653.6,0.0
C2024Q4T03,NSW1-QLD1,QLD1,2023-11,C2024Q4,T03,10,117,100,13314.24,0.0
C2024Q4T03,V-SA,SA1,2023-11,C2024Q4,T03,10,64,64,4000.0,0.0
C2024Q4T03,V-SA,VIC1,2023-11,C2024Q4,T03,10,73,73,12208.27,0.0
C2024Q4T03,VIC1-NSW1,NSW1,2023-11,C2024Q4,T03,10,108,108,824.69,0.0
C2024Q4T03,VIC1-NSW1,VIC1,2023-11,C2024Q4,T03,10,150,125,21443.0,0.0
C2024Q4T04,NSW1-QLD1,NSW1,2023-11,C2024Q4,T04,8,65,45,9003.0,0.0
C2024Q4T04,NSW1-QLD1,QLD1,2023-11,C2024Q4,T04,8,157,117,16115.83,0.0
C2024Q4T04,V-SA,SA1,2023-11,C2024Q4,T04,8,90,64,5468.0,0.0
C2024Q4T04,V-SA,VIC1,2023-11,C2024Q4,T04,8,73,73,18000.0,0.0
C2024Q4T04,VIC1-NSW1,NSW1,2023-11,C2024Q4,T04,8,108,108,1200.0,0.0
C2024Q4T04,VIC1-NSW1,VIC1,2023-11,C2024Q4,T04,8,165,125,25000.0,0.0
C2024Q4T05,NSW1-QLD1,NSW1,2023-11,C2024Q4,T05,10,57,45,10669.33,0.0
C2024Q4T05,NSW1-QLD1,QLD1,2023-11,C2024Q4,T05,10,143,103,14352.0,0.0
C2024Q4T05,V-SA,SA1,2023-11,C2024Q4,T05,10,109,68,6692.83,0.0
C2024Q4T05,V-SA,VIC1,2023-11,C2024Q4,T05,10,99,73,17100.0,0.0
C2024Q4T05,VIC1-NSW1,NSW1,2023-11,C2024Q4,T05,10,126,108,1104.0,0.0
C2024Q4T05,VIC1-NSW1,VIC1,2023-11,C2024Q4,T05,10,153,125,20000.0,0.0
C2024Q4T06,NSW1-QLD1,NSW1,2023-11,C2024Q4,T06,12,63,45,9936.0,0.0
C2024Q4T06,NSW1-QLD1,QLD1,2023-11,C2024Q4,T06,12,176,103,14278.0,0.0
C2024Q4T06,V-SA,SA1,2023-11,C2024Q4,T06,12,111,64,5500.24,0.0
C2024Q4T06,V-SA,VIC1,2023-11,C2024Q4,T06,12,108,73,13000.17,0.0
C2024Q4T06,VIC1-NSW1,NSW1,2023-11,C2024Q4,T06,12,148,108,993.6,0.0
C2024Q4T06,VIC1-NSW1,VIC1,2023-11,C2024Q4,T06,12,290,125,17000.0,0.0
C2024Q4T07,NSW1-QLD1,NSW1,2023-12,C2024Q4,T07,11,57,45,9936.0,0.0
C2024Q4T07,NSW1-QLD1,QLD1,2023-12,C2024Q4,T07,11,189,100,12600.2,0.0
C2024Q4T07,V-SA,SA1,2023-12,C2024Q4,T07,11,137,64,5225.22,0.0
C2024Q4T07,V-SA,VIC1,2023-12,C2024Q4,T07,11,152,73,14111.11,0.0
C2024Q4T07,VIC1-NSW1,NSW1,2023-12,C2024Q4,T07,11,126,108,1074.0,0.0
C2024Q4T07,VIC1-NSW1,VIC1,2023-12,C2024Q4,T07,11,356,125,16433.33,0.0
C2024Q4T08,NSW1-QLD1,NSW1,2023-12,C2024Q4,T08,11,57,45,10294.08,0.0
C2024Q4T08,NSW1-QLD1,QLD1,2023-12,C2024Q4,T08,11,246,100,14250.0,0.0
C2024Q4T08,V-SA,SA1,2023-12,C2024Q4,T08,11,141,64,5225.0,0.0
C2024Q4T08,V-SA,VIC1,2023-12,C2024Q4,T08,11,92,73,16050.08,0.0
C2024Q4T08,VIC1-NSW1,NSW1,2023-12,C2024Q4,T08,11,120,108,1216.0,0.0
C2024Q4T08,VIC1-NSW1,VIC1,2023-12,C2024Q4,T08,11,349,165,20350.75,0.0
C2024Q4T09,NSW1-QLD1,NSW1,2023-12,C2024Q4,T09,1,87,45,8594.08,0.0
C2024Q4T09,NSW1-QLD1,QLD1,2023-12,C2024Q4,T09,1,197,100,12850.0,0.0
C2024Q4T09,V-SA,SA1,2023-12,C2024Q4,T09,1,161,64,4557.0,0.0
C2024Q4T09,V-SA,VIC1,2023-12,C2024Q4,T09,1,102,73,12500.0,0.0
C2024Q4T09,VIC1-NSW1,NSW1,2023-12,C2024Q4,T09,1,163,125,1200.0,0.0
C2024Q4T09,VIC1-NSW1,VIC1,2023-12,C2024Q4,T09,1,323,129,16000.0,0.0
C2024Q4T10,NSW1-QLD1,NSW1,2024-03,C2024Q4,T10,1,67,45,7869.51,0.0
C2024Q4T10,NSW1-QLD1,QLD1,2024-03,C2024Q4,T10,1,272,125,11500.6,0.0
C2024Q4T10,V-SA,SA1,2024-03,C2024Q4,T10,1,193,64,4101.3,0.0
C2024Q4T10,V-SA,VIC1,2024-03,C2024Q4,T10,1,94,79,11555.36,0.0
C2024Q4T10,VIC1-NSW1,NSW1,2024-03,C2024Q4,T10,1,199,108,1343.0,0.0
C2024Q4T10,VIC1-NSW1,VIC1,2024-03,C2024Q4,T10,1,447,125,12720.02,0.0
C2024Q4T11,NSW1-QLD1,NSW1,2024-06,C2024Q4,T11,1,60,48,9019.68,0.0
C2024Q4T11,NSW1-QLD1,QLD1,2024-06,C2024Q4,T11,1,317,127,19500.59,0.0
C2024Q4T11,V-SA,SA1,2024-06,C2024Q4,T11,1,190,76,4403.0,0.0
C2024Q4T11,V-SA,VIC1,2024-06,C2024Q4,T11,1,94,73,13288.66,0.0
C2024Q4T11,VIC1-NSW1,NSW1,2024-06,C2024Q4,T11,1,212,124,1544.45,0.0
C2024Q4T11,VIC1-NSW1,VIC1,2024-06,C2024Q4,T11,1,338,127,15740.05,0.0
C2024Q4T12,NSW1-QLD1,NSW1,2024-09,C2024Q4,T12,1,77,55,10000.0,0.0
C2024Q4T12,NSW1-QLD1,QLD1,2024-09,C2024Q4,T12,1,320,105,18755.0,0.0
C2024Q4T12,V-SA,SA1,2024-09,C2024Q4,T12,1,162,76,5474.7,0.0
C2024Q4T12,V-SA,VIC1,2024-09,C2024Q4,T12,1,130,80,15082.85,0.0
C2024Q4T12,VIC1-NSW1,NSW1,2024-09,C2024Q4,T12,1,183,114,2231.25,0.0
C2024Q4T12,VIC1-NSW1,VIC1,2024-09,C2024Q4,T12,1,410,130,18001.0,0.0
C2025Q1T01,NSW1-QLD1,NSW1,2023-12,C2025Q1,T01,27,45,45,9506.0,0.0
C2025Q1T01,NSW1-QLD1,QLD1,2023-12,C2025Q1,T01,27,100,100,23392.8,0.0
C2025Q1T01,V-SA,SA1,2023-12,C2025Q1,T01,27,64,64,7210.0,0.0
C2025Q1T01,V-SA,VIC1,2023-12,C2025Q1,T01,27,73,73,16000.0,0.0
C2025Q1T01,VIC1-NSW1,NSW1,2023-12,C2025Q1,T01,27,108,108,4320.0,0.0
C2025Q1T01,VIC1-NSW1,VIC1,2023-12,C2025Q1,T01,27,125,125,20971.0,0.0
C2025Q1T02,NSW1-QLD1,NSW1,2023-11,C2025Q1,T02,10,45,45,9996.89,0.0
C2025Q1T02,NSW1-QLD1,QLD1,2023-11,C2025Q1,T02,10,110,100,19072.8,0.0
C2025Q1T02,V-SA,SA1,2023-11,C2025Q1,T02,10,64,64,5407.5,0.0
C2025Q1T02,V-SA,VIC1,2023-11,C2025Q1,T02,10,73,73,18360.0,0.0
C2025Q1T02,VIC1-NSW1,NSW1,2023-11,C2025Q1,T02,10,108,108,3500.6,0.0
C2025Q1T02,VIC1-NSW1,VIC1,2023-11,C2025Q1,T02,10,135,125,21600.0,0.0
C2025Q1T03,NSW1-QLD1,NSW1,2023-11,C2025Q1,T03,8,47,45,11805.0,0.0
C2025Q1T03,NSW1-QLD1,QLD1,2023-11,C2025Q1,T03,8,134,100,20980.08,0.0
C2025Q1T03,V-SA,SA1,2023-11,C2025Q1,T03,8,64,64,7206.0,0.0
C2025Q1T03,V-SA,VIC1,2023-11,C2025Q1,T03,8,76,73,30000.0,0.0
C2025Q1T03,VIC1-NSW1,NSW1,2023-11,C2025Q1,T03,8,108,108,3850.66,0.0
C2025Q1T03,VIC1-NSW1,VIC1,2023-11,C2025Q1,T03,8,144,125,25000.0,0.0
C2025Q1T04,NSW1-QLD1,NSW1,2023-11,C2025Q1,T04,10,47,45,13333.33,0.0
C2025Q1T04,NSW1-QLD1,QLD1,2023-11,C2025Q1,T04,10,125,100,14000.0,0.0
C2025Q1T04,V-SA,SA1,2023-11,C2025Q1,T04,10,64,64,7371.0,0.0
C2025Q1T04,V-SA,VIC1,2023-11,C2025Q1,T04,10,120,73,40009.0,0.0
C2025Q1T04,VIC1-NSW1,NSW1,2023-11,C2025Q1,T04,10,109,108,4006.0,0.0
C2025Q1T04,VIC1-NSW1,VIC1,2023-11,C2025Q1,T04,10,160,125,20475.0,0.0
C2025Q1T05,NSW1-QLD1,NSW1,2023-11,C2025Q1,T05,12,65,45,13395.11,0.0
C2025Q1T05,NSW1-QLD1,QLD1,2023-11,C2025Q1,T05,12,175,100,16300.34,0.0
C2025Q1T05,V-SA,SA1,2023-11,C2025Q1,T05,12,64,64,5400.0,0.0
C2025Q1T05,V-SA,VIC1,2023-11,C2025Q1,T05,12,76,73,26005.85,0.0
C2025Q1T05,VIC1-NSW1,NSW1,2023-11,C2025Q1,T05,12,133,108,3506.0,0.0
C2025Q1T05,VIC1-NSW1,VIC1,2023-11,C2025Q1,T05,12,200,125,20010.0,0.0
C2025Q1T06,NSW1-QLD1,NSW1,2023-12,C2025Q1,T06,11,47,45,14850.0,0.0
C2025Q1T06,NSW1-QLD1,QLD1,2023-12,C2025Q1,T06,11,199,102,18240.39,0.0
C2025Q1T06,V-SA,SA1,2023-12,C2025Q1,T06,11,82,64,5400.0,0.0
C2025Q1T06,V-SA,VIC1,2023-12,C2025Q1,T06,11,137,73,23760.0,0.0
C2025Q1T06,VIC1-NSW1,NSW1,2023-12,C2025Q1,T06,11,127,108,3256.0,0.0
C2025Q1T06,VIC1-NSW1,VIC1,2023-12,C2025Q1,T06,11,250,125,21124.8,0.0
C2025Q1T07,NSW1-QLD1,NSW1,2023-12,C2025Q1,T07,11,47,47,17350.0,0.0
C2025Q1T07,NSW1-QLD1,QLD1,2023-12,C2025Q1,T07,11,207,102,18500.55,0.0
C2025Q1T07,V-SA,SA1,2023-12,C2025Q1,T07,11,76,64,6308.0,0.0
C2025Q1T07,V-SA,VIC1,2023-12,C2025Q1,T07,11,103,73,26506.0,0.0
C2025Q1T07,VIC1-NSW1,NSW1,2023-12,C2025Q1,T07,11,140,108,3969.0,0.0
C2025Q1T07,VIC1-NSW1,VIC1,2023-12,C2025Q1,T07,11,271,127,23237.28,0.0
C2025Q1T08,NSW1-QLD1,NSW1,2023-12,C2025Q1,T08,1,87,45,16100.0,0.0
C2025Q1T08,NSW1-QLD1,QLD1,2023-12,C2025Q1,T08,1,228,125,17125.45,0.0
C2025Q1T08,V-SA,SA1,2023-12,C2025Q1,T08,1,84,66,6510.0,0.0
C2025Q1T08,V-SA,VIC1,2023-12,C2025Q1,T08,1,108,73,22862.63,0.0
C2025Q1T08,VIC1-NSW1,NSW1,2023-12,C2025Q1,T08,1,149,108,3640.24,0.0
C2025Q1T08,VIC1-NSW1,VIC1,2023-12,C2025Q1,T08,1,309,125,19000.0,0.0
C2025Q1T09,NSW1-QLD1,NSW1,2024-03,C2025Q1,T09,1,72,51,19989.0,0.0
C2025Q1T09,NSW1-QLD1,QLD1,2024-03,C2025Q1,T09,1,214,110,18419.33,0.0
C2025Q1T09,V-SA,SA1,2024-03,C2025Q1,T09,1,113,64,6590.0,0.0
C2025Q1T09,V-SA,VIC1,2024-03,C2025Q1,T09,1,114,73,21789.0,0.0
C2025Q1T09,VIC1-NSW1,NSW1,2024-03,C2025Q1,T09,1,196,132,4350.0,0.0
C2025Q1T09,VIC1-NSW1,VIC1,2024-03,C2025Q1,T09,1,295,150,17999.23,0.0
C2025Q1T10,NSW1-QLD1,NSW1,2024-06,C2025Q1,T10,1,77,45,22989.0,0.0
C2025Q1T10,NSW1-QLD1,QLD1,2024-06,C2025Q1,T10,1,197,122,23419.33,0.0
C2025Q1T10,V-SA,SA1,2024-06,C2025Q1,T10,1,118,78,6803.0,0.0
C2025Q1T10,V-SA,VIC1,2024-06,C2025Q1,T10,1,113,73,25000.0,0.0
C2025Q1T10,VIC1-NSW1,NSW1,2024-06,C2025Q1,T10,1,200,112,5072.76,0.0
C2025Q1T10,VIC1-NSW1,VIC1,2024-06,C2025Q1,T10,1,265,133,19005.0,0.0
C2025Q1T11,NSW1-QLD1,NSW1,2024-09,C2025Q1,T11,1,83,45,23755.0,0.0
C2025Q1T11,NSW1-QLD1,QLD1,2024-09,C2025Q1,T11,1,191,105,21432.59,0.0
C2025Q1T11,V-SA,SA1,2024-09,C2025Q1,T11,1,114,72,7365.0,0.0
C2025Q1T11,V-SA,VIC1,2024-09,C2025Q1,T11,1,135,82,27247.0,0.0
C2025Q1T11,VIC1-NSW1,NSW1,2024-09,C2025Q1,T11,1,235,110,5392.78,0.0
C2025Q1T11,VIC1-NSW1,VIC1,2024-09,C2025Q1,T11,1,282,135,18054.75,0.0
C2025Q1T12,NSW1-QLD1,NSW1,2024-12,C2025Q1,T12,1,104,55,25000.23,0.0
C2025Q1T12,NSW1-QLD1,QLD1,2024-12,C2025Q1,T12,1,166,104,25600.0,0.0
C2025Q1T12,V-SA,SA1,2024-12,C2025Q1,T12,1,133,70,7850.0,0.0
C2025Q1T12,V-SA,VIC1,2024-12,C2025Q1,T12,1,122,77,21103.0,0.0
C2025Q1T12,VIC1-NSW1,NSW1,2024-12,C2025Q1,T12,1,301,116,6651.1,0.0
C2025Q1T12,VIC1-NSW1,VIC1,2024-12,C2025Q1,T12,1,219,125,21600.0,0.0
C2025Q2T01,NSW1-QLD1,NSW1,2023-11,C2025Q2,T01,10,45,45,4216.89,0.0
C2025Q2T01,NSW1-QLD1,QLD1,2023-11,C2025Q2,T01,10,100,100,21606.0,0.0
C2025Q2T01,V-SA,SA1,2023-11,C2025Q2,T01,10,64,64,3075.8,0.0
C2025Q2T01,V-SA,VIC1,2023-11,C2025Q2,T01,10,73,73,12500.0,0.0
C2025Q2T01,VIC1-NSW1,NSW1,2023-11,C2025Q2,T01,10,108,108,873.6,0.0
C2025Q2T01,VIC1-NSW1,VIC1,2023-11,C2025Q2,T01,10,125,125,18481.0,0.0
C2025Q2T02,NSW1-QLD1,NSW1,2023-11,C2025Q2,T02,8,52,45,6597.87,0.0
C2025Q2T02,NSW1-QLD1,QLD1,2023-11,C2025Q2,T02,8,100,100,29267.78,0.0
C2025Q2T02,V-SA,SA1,2023-11,C2025Q2,T02,8,64,64,3900.03,0.0
C2025Q2T02,V-SA,VIC1,2023-11,C2025Q2,T02,8,73,73,17963.4,0.0
C2025Q2T02,VIC1-NSW1,NSW1,2023-11,C2025Q2,T02,8,108,108,1447.0,0.0
C2025Q2T02,VIC1-NSW1,VIC1,2023-11,C2025Q2,T02,8,125,125,24120.09,0.0
C2025Q2T03,NSW1-QLD1,NSW1,2023-11,C2025Q2,T03,10,52,52,7466.67,0.0
C2025Q2T03,NSW1-QLD1,QLD1,2023-11,C2025Q2,T03,10,104,104,28392.0,0.0
C2025Q2T03,V-SA,SA1,2023-11,C2025Q2,T03,10,75,64,5238.0,0.0
C2025Q2T03,V-SA,VIC1,2023-11,C2025Q2,T03,10,99,73,21450.0,0.0
C2025Q2T03,VIC1-NSW1,NSW1,2023-11,C2025Q2,T03,10,114,108,1483.0,0.0
C2025Q2T03,VIC1-NSW1,VIC1,2023-11,C2025Q2,T03,10,135,125,21708.08,0.0
C2025Q2T04,NSW1-QLD1,NSW1,2023-11,C2025Q2,T04,12,45,45,7807.8,0.0
C2025Q2T04,NSW1-QLD1,QLD1,2023-11,C2025Q2,T04,12,100,100,26208.0,0.0
C2025Q2T04,V-SA,SA1,2023-11,C2025Q2,T04,12,75,64,4368.0,0.0
C2025Q2T04,V-SA,VIC1,2023-11,C2025Q2,T04,12,132,73,13942.5,0.0
C2025Q2T04,VIC1-NSW1,NSW1,2023-11,C2025Q2,T04,12,146,108,1310.4,0.0
C2025Q2T04,VIC1-NSW1,VIC1,2023-11,C2025Q2,T04,12,180,125,20374.75,0.0
C2025Q2T05,NSW1-QLD1,NSW1,2023-12,C2025Q2,T05,11,45,45,6569.73,0.0
C2025Q2T05,NSW1-QLD1,QLD1,2023-12,C2025Q2,T05,11,120,100,28392.0,0.0
C2025Q2T05,V-SA,SA1,2023-12,C2025Q2,T05,11,75,64,4333.33,0.0
C2025Q2T05,V-SA,VIC1,2023-12,C2025Q2,T05,11,138,73,12012.0,0.0
C2025Q2T05,VIC1-NSW1,NSW1,2023-12,C2025Q2,T05,11,148,108,1340.1,0.0
C2025Q2T05,VIC1-NSW1,VIC1,2023-12,C2025Q2,T05,11,225,125,20000.77,0.0
C2025Q2T06,NSW1-QLD1,NSW1,2023-12,C2025Q2,T06,11,45,45,5460.0,0.0
C2025Q2T06,NSW1-QLD1,QLD1,2023-12,C2025Q2,T06,11,142,100,29123.0,0.0
C2025Q2T06,V-SA,SA1,2023-12,C2025Q2,T06,11,87,66,4333.0,0.0
C2025Q2T06,V-SA,VIC1,2023-12,C2025Q2,T06,11,98,73,16537.0,0.0
C2025Q2T06,VIC1-NSW1,NSW1,2023-12,C2025Q2,T06,11,177,111,1350.55,0.0
C2025Q2T06,VIC1-NSW1,VIC1,2023-12,C2025Q2,T06,11,249,125,23003.0,0.0
C2025Q2T07,NSW1-QLD1,NSW1,2023-12,C2025Q2,T07,1,59,48,4368.0,0.0
C2025Q2T07,NSW1-QLD1,QLD1,2023-12,C2025Q2,T07,1,172,100,25185.57,0.0
C2025Q2T07,V-SA,SA1,2023-12,C2025Q2,T07,1,110,77,4303.1,0.0
C2025Q2T07,V-SA,VIC1,2023-12,C2025Q2,T07,1,93,73,14000.0,0.0
C2025Q2T07,VIC1-NSW1,NSW1,2023-12,C2025Q2,T07,1,184,108,1410.0,0.0
C2025Q2T07,VIC1-NSW1,VIC1,2023-12,C2025Q2,T07,1,267,125,19064.68,0.0
C2025Q2T08,NSW1-QLD1,NSW1,2024-03,C2025Q2,T08,1,53,45,4830.32,0.0
C2025Q2T08,NSW1-QLD1,QLD1,2024-03,C2025Q2,T08,1,168,110,23852.24,0.0
C2025Q2T08,V-SA,SA1,2024-03,C2025Q2,T08,1,121,65,4387.77,0.0
C2025Q2T08,V-SA,VIC1,2024-03,C2025Q2,T08,1,101,77,15000.0,0.0
C2025Q2T08,VIC1-NSW1,NSW1,2024-03,C2025Q2,T08,1,202,114,2321.06,0.0
C2025Q2T08,VIC1-NSW1,VIC1,2024-03,C2025Q2,T08,1,249,130,18000.0,0.0
C2025Q2T09,NSW1-QLD1,NSW1,2024-06,C2025Q2,T09,1,55,45,4500.0,0.0
C2025Q2T09,NSW1-QLD1,QLD1,2024-06,C2025Q2,T09,1,175,100,34585.74,0.0
C2025Q2T09,V-SA,SA1,2024-06,C2025Q2,T09,1,116,66,4603.0,0.0
C2025Q2T09,V-SA,VIC1,2024-06,C2025Q2,T09,1,96,77,17215.05,0.0
C2025Q2T09,VIC1-NSW1,NSW1,2024-06,C2025Q2,T09,1,204,115,2785.27,0.0
C2025Q2T09,VIC1-NSW1,VIC1,2024-06,C2025Q2,T09,1,243,125,19050.05,0.0
C2025Q2T10,NSW1-QLD1,NSW1,2024-09,C2025Q2,T10,1,55,45,4404.97,0.0
C2025Q2T10,NSW1-QLD1,QLD1,2024-09,C2025Q2,T10,1,225,100,29200.23,0.0
C2025Q2T10,V-SA,SA1,2024-09,C2025Q2,T10,1,110,66,5606.0,0.0
C2025Q2T10,V-SA,VIC1,2024-09,C2025Q2,T10,1,113,73,16908.0,0.0
C2025Q2T10,VIC1-NSW1,NSW1,2024-09,C2025Q2,T10,1,275,113,3226.0,0.0
C2025Q2T10,VIC1-NSW1,VIC1,2024-09,C2025Q2,T10,1,315,136,19400.9,0.0
C2025Q2T11,NSW1-QLD1,NSW1,2024-12,C2025Q2,T11,1,66,45,5824.0,0.0
C2025Q2T11,NSW1-QLD1,QLD1,2024-12,C2025Q2,T11,1,193,100,34750.76,0.0
C2025Q2T11,V-SA,SA1,2024-12,C2025Q2,T11,1,129,64,6360.0,0.0
C2025Q2T11,V-SA,VIC1,2024-12,C2025Q2,T11,1,121,73,18598.8,0.0
C2025Q2T11,VIC1-NSW1,NSW1,2024-12,C2025Q2,T11,1,222,114,4019.0,0.0
C2025Q2T11,VIC1-NSW1,VIC1,2024-12,C2025Q2,T11,1,285,136,21480.94,0.0
C2025Q2T12,NSW1-QLD1,NSW1,2026-05,C2025Q2,T12,3,65,55,5500.0,0.0
C2025Q2T12,NSW1-QLD1,QLD1,2026-05,C2025Q2,T12,3,206,122,37529.51,0.0
C2025Q2T12,V-SA,SA1,2026-05,C2025Q2,T12,3,118,75,6371.56,0.0
C2025Q2T12,V-SA,VIC1,2026-05,C2025Q2,T12,3,139,84,15912.92,0.0
C2025Q2T12,VIC1-NSW1,NSW1,2026-05,C2025Q2,T12,3,211,122,4500.0,0.0
C2025Q2T12,VIC1-NSW1,VIC1,2026-05,C2025Q2,T12,3,294,133,17618.0,0.0
C2025Q3T01,NSW1-QLD1,NSW1,2023-11,C2025Q3,T01,8,45,45,7320.53,0.0
C2025Q3T01,NSW1-QLD1,QLD1,2023-11,C2025Q3,T01,8,100,100,30910.9,0.0
C2025Q3T01,V-SA,SA1,2023-11,C2025Q3,T01,8,64,64,4384.0,0.0
C2025Q3T01,V-SA,VIC1,2023-11,C2025Q3,T01,8,73,73,18500.0,0.0
C2025Q3T01,VIC1-NSW1,NSW1,2023-11,C2025Q3,T01,8,108,108,1292.28,0.0
C2025Q3T01,VIC1-NSW1,VIC1,2023-11,C2025Q3,T01,8,125,125,25920.09,0.0
C2025Q3T02,NSW1-QLD1,NSW1,2023-11,C2025Q3,T02,10,45,45,8233.0,0.0
C2025Q3T02,NSW1-QLD1,QLD1,2023-11,C2025Q3,T02,10,105,100,27819.81,0.0
C2025Q3T02,V-SA,SA1,2023-11,C2025Q3,T02,10,79,64,5700.94,0.0
C2025Q3T02,V-SA,VIC1,2023-11,C2025Q3,T02,10,85,73,21232.0,0.0
C2025Q3T02,VIC1-NSW1,NSW1,2023-11,C2025Q3,T02,10,126,108,1421.5,0.0
C2025Q3T02,VIC1-NSW1,VIC1,2023-11,C2025Q3,T02,10,135,125,21229.0,0.0
C2025Q3T03,NSW1-QLD1,NSW1,2023-11,C2025Q3,T03,12,45,45,8030.0,0.0
C2025Q3T03,NSW1-QLD1,QLD1,2023-11,C2025Q3,T03,12,105,100,24448.34,0.0
C2025Q3T03,V-SA,SA1,2023-11,C2025Q3,T03,12,88,64,4505.0,0.0
C2025Q3T03,V-SA,VIC1,2023-11,C2025Q3,T03,12,111,73,13800.8,0.0
C2025Q3T03,VIC1-NSW1,NSW1,2023-11,C2025Q3,T03,12,164,108,1324.8,0.0
C2025Q3T03,VIC1-NSW1,VIC1,2023-11,C2025Q3,T03,12,190,125,19106.09,0.0
C2025Q3T04,NSW1-QLD1,NSW1,2023-12,C2025Q3,T04,11,45,45,7728.0,0.0
C2025Q3T04,NSW1-QLD1,QLD1,2023-12,C2025Q3,T04,11,125,100,28448.34,0.0
C2025Q3T04,V-SA,SA1,2023-12,C2025Q3,T04,11,94,64,4416.0,0.0
C2025Q3T04,V-SA,VIC1,2023-12,C2025Q3,T04,11,117,73,12337.0,0.0
C2025Q3T04,VIC1-NSW1,NSW1,2023-12,C2025Q3,T04,11,164,108,1300.0,0.0
C2025Q3T04,VIC1-NSW1,VIC1,2023-12,C2025Q3,T04,11,225,125,20061.39,0.0
C2025Q3T05,NSW1-QLD1,NSW1,2023-12,C2025Q3,T05,11,45,45,6005.76,0.0
C2025Q3T05,NSW1-QLD1,QLD1,2023-12,C2025Q3,T05,11,145,100,30794.24,0.0
C2025Q3T05,V-SA,SA1,2023-12,C2025Q3,T05,11,116,64,4408.0,0.0
C2025Q3T05,V-SA,VIC1,2023-12,C2025Q3,T05,11,98,73,15047.13,0.0
C2025Q3T05,VIC1-NSW1,NSW1,2023-12,C2025Q3,T05,11,191,109,1349.99,0.0
C2025Q3T05,VIC1-NSW1,VIC1,2023-12,C2025Q3,T05,11,220,125,22660.54,0.0
C2025Q3T06,NSW1-QLD1,NSW1,2023-12,C2025Q3,T06,1,45,45,5053.84,0.0
C2025Q3T06,NSW1-QLD1,QLD1,2023-12,C2025Q3,T06,1,157,100,27480.77,0.0
C2025Q3T06,V-SA,SA1,2023-12,C2025Q3,T06,1,144,64,3967.2,0.0
C2025Q3T06,V-SA,VIC1,2023-12,C2025Q3,T06,1,93,73,12696.0,0.0
C2025Q3T06,VIC1-NSW1,NSW1,2023-12,C2025Q3,T06,1,203,108,1250.24,0.0
C2025Q3T06,VIC1-NSW1,VIC1,2023-12,C2025Q3,T06,1,213,125,19496.0,0.0
C2025Q3T07,NSW1-QLD1,NSW1,2024-03,C2025Q3,T07,1,45,45,4503.0,0.0
C2025Q3T07,NSW1-QLD1,QLD1,2024-03,C2025Q3,T07,1,167,105,25927.44,0.0
C2025Q3T07,V-SA,SA1,2024-03,C2025Q3,T07,1,136,64,4363.92,0.0
C2025Q3T07,V-SA,VIC1,2024-03,C2025Q3,T07,1,97,73,13965.6,0.0
C2025Q3T07,VIC1-NSW1,NSW1,2024-03,C2025Q3,T07,1,172,111,2187.91,0.0
C2025Q3T07,VIC1-NSW1,VIC1,2024-03,C2025Q3,T07,1,225,125,18839.0,0.0
C2025Q3T08,NSW1-QLD1,NSW1,2024-06,C2025Q3,T08,1,45,45,4496.25,0.0
C2025Q3T08,NSW1-QLD1,QLD1,2024-06,C2025Q3,T08,1,150,113,37536.0,0.0
C2025Q3T08,V-SA,SA1,2024-06,C2025Q3,T08,1,148,64,4503.0,0.0
C2025Q3T08,V-SA,VIC1,2024-06,C2025Q3,T08,1,97,73,15362.16,0.0
C2025Q3T08,VIC1-NSW1,NSW1,2024-06,C2025Q3,T08,1,227,114,2756.0,0.0
C2025Q3T08,VIC1-NSW1,VIC1,2024-06,C2025Q3,T08,1,264,125,19500.05,0.0
C2025Q3T09,NSW1-QLD1,NSW1,2024-09,C2025Q3,T09,1,49,45,4432.56,0.0
C2025Q3T09,NSW1-QLD1,QLD1,2024-09,C2025Q3,T09,1,193,100,30200.23,0.0
C2025Q3T09,V-SA,SA1,2024-09,C2025Q3,T09,1,170,73,5754.7,0.0
C2025Q3T09,V-SA,VIC1,2024-09,C2025Q3,T09,1,117,73,16898.38,0.0
C2025Q3T09,VIC1-NSW1,NSW1,2024-09,C2025Q3,T09,1,237,112,3198.44,0.0
C2025Q3T09,VIC1-NSW1,VIC1,2024-09,C2025Q3,T09,1,303,125,20500.0,0.0
C2025Q3T10,NSW1-QLD1,NSW1,2024-12,C2025Q3,T10,1,54,45,4903.0,0.0
C2025Q3T10,NSW1-QLD1,QLD1,2024-12,C2025Q3,T10,1,193,100,33250.76,0.0
C2025Q3T10,V-SA,SA1,2024-12,C2025Q3,T10,1,148,64,6370.0,0.0
C2025Q3T10,V-SA,VIC1,2024-12,C2025Q3,T10,1,114,73,17190.0,0.0
C2025Q3T10,VIC1-NSW1,NSW1,2024-12,C2025Q3,T10,1,234,114,4091.0,0.0
C2025Q3T10,VIC1-NSW1,VIC1,2024-12,C2025Q3,T10,1,300,127,22652.66,0.0
C2025Q3T11,NSW1-QLD1,NSW1,2026-05,C2025Q3,T11,3,59,45,5000.0,0.0
C2025Q3T11,NSW1-QLD1,QLD1,2026-05,C2025Q3,T11,3,205,124,34502.14,0.0
C2025Q3T11,V-SA,SA1,2026-05,C2025Q3,T11,3,178,90,6220.06,0.0
C2025Q3T11,V-SA,VIC1,2026-05,C2025Q3,T11,3,144,111,17000.91,0.0
C2025Q3T11,VIC1-NSW1,NSW1,2026-05,C2025Q3,T11,3,235,113,4449.12,0.0
C2025Q3T11,VIC1-NSW1,VIC1,2026-05,C2025Q3,T11,3,286,129,21520.02,0.0
C2025Q3T12,NSW1-QLD1,NSW1,2025-06,C2025Q3,T12,1,69,55,4250.0,0.0
C2025Q3T12,NSW1-QLD1,QLD1,2025-06,C2025Q3,T12,1,192,100,31051.93,0.0
C2025Q3T12,V-SA,SA1,2025-06,C2025Q3,T12,1,118,66,5550.0,0.0
C2025Q3T12,V-SA,VIC1,2025-06,C2025Q3,T12,1,117,79,16830.0,0.0
C2025Q3T12,VIC1-NSW1,NSW1,2025-06,C2025Q3,T12,1,201,117,3903.0,0.0
C2025Q3T12,VIC1-NSW1,VIC1,2025-06,C2025Q3,T12,1,263,125,18292.01,0.0
C2025Q4T01,NSW1-QLD1,NSW1,2023-11,C2025Q4,T01,10,45,45,9000.0,0.0
C2025Q4T01,NSW1-QLD1,QLD1,2023-11,C2025Q4,T01,10,100,100,15000.0,0.0
C2025Q4T01,V-SA,SA1,2023-11,C2025Q4,T01,10,64,64,5246.14,0.0
C2025Q4T01,V-SA,VIC1,2023-11,C2025Q4,T01,10,73,73,21233.0,0.0
C2025Q4T01,VIC1-NSW1,NSW1,2023-11,C2025Q4,T01,10,108,108,1056.0,0.0
C2025Q4T01,VIC1-NSW1,VIC1,2023-11,C2025Q4,T01,10,125,125,19850.41,0.0
C2025Q4T02,NSW1-QLD1,NSW1,2023-11,C2025Q4,T02,12,45,45,8832.0,0.0
C2025Q4T02,NSW1-QLD1,QLD1,2023-11,C2025Q4,T02,12,114,100,14230.56,0.0
C2025Q4T02,V-SA,SA1,2023-11,C2025Q4,T02,12,77,64,4246.14,0.0
C2025Q4T02,V-SA,VIC1,2023-11,C2025Q4,T02,12,89,73,13248.0,0.0
C2025Q4T02,VIC1-NSW1,NSW1,2023-11,C2025Q4,T02,12,108,108,993.6,0.0
C2025Q4T02,VIC1-NSW1,VIC1,2023-11,C2025Q4,T02,12,160,125,17001.59,0.0
C2025Q4T03,NSW1-QLD1,NSW1,2023-12,C2025Q4,T03,11,45,45,8832.0,0.0
C2025Q4T03,NSW1-QLD1,QLD1,2023-12,C2025Q4,T03,11,100,100,14942.08,0.0
C2025Q4T03,V-SA,SA1,2023-12,C2025Q4,T03,11,94,64,4416.0,0.0
C2025Q4T03,V-SA,VIC1,2023-12,C2025Q4,T03,11,88,73,12144.0,0.0
C2025Q4T03,VIC1-NSW1,NSW1,2023-12,C2025Q4,T03,11,108,108,883.2,0.0
C2025Q4T03,VIC1-NSW1,VIC1,2023-12,C2025Q4,T03,11,180,125,16760.77,0.0
C2025Q4T04,NSW1-QLD1,NSW1,2023-12,C2025Q4,T04,11,45,45,8923.0,0.0
C2025Q4T04,NSW1-QLD1,QLD1,2023-12,C2025Q4,T04,11,130,105,15125.21,0.0
C2025Q4T04,V-SA,SA1,2023-12,C2025Q4,T04,11,116,64,4325.89,0.0
C2025Q4T04,V-SA,VIC1,2023-12,C2025Q4,T04,11,88,73,12994.08,0.0
C2025Q4T04,VIC1-NSW1,NSW1,2023-12,C2025Q4,T04,11,108,108,882.0,0.0
C2025Q4T04,VIC1-NSW1,VIC1,2023-12,C2025Q4,T04,11,218,127,17150.0,0.0
C2025Q4T05,NSW1-QLD1,NSW1,2023-12,C2025Q4,T05,1,69,45,8280.0,0.0
C2025Q4T05,NSW1-QLD1,QLD1,2023-12,C2025Q4,T05,1,148,100,16165.87,0.0
C2025Q4T05,V-SA,SA1,2023-12,C2025Q4,T05,1,134,64,3763.52,0.0
C2025Q4T05,V-SA,VIC1,2023-12,C2025Q4,T05,1,88,73,10000.0,0.0
C2025Q4T05,VIC1-NSW1,NSW1,2023-12,C2025Q4,T05,1,108,108,1034.88,0.0
C2025Q4T05,VIC1-NSW1,VIC1,2023-12,C2025Q4,T05,1,211,125,13600.2,0.0
C2025Q4T06,NSW1-QLD1,NSW1,2024-03,C2025Q4,T06,1,45,45,8137.33,0.0
C2025Q4T06,NSW1-QLD1,QLD1,2024-03,C2025Q4,T06,1,127,100,14549.28,0.0
C2025Q4T06,V-SA,SA1,2024-03,C2025Q4,T06,1,136,64,3803.0,0.0
C2025Q4T06,V-SA,VIC1,2024-03,C2025Q4,T06,1,93,73,11640.23,0.0
C2025Q4T06,VIC1-NSW1,NSW1,2024-03,C2025Q4,T06,1,113,108,1100.93,0.0
C2025Q4T06,VIC1-NSW1,VIC1,2024-03,C2025Q4,T06,1,238,125,13409.0,0.0
C2025Q4T07,NSW1-QLD1,NSW1,2024-06,C2025Q4,T07,1,57,45,8544.19,0.0
C2025Q4T07,NSW1-QLD1,QLD1,2024-06,C2025Q4,T07,1,199,102,18252.8,0.0
C2025Q4T07,V-SA,SA1,2024-06,C2025Q4,T07,1,136,64,4403.0,0.0
C2025Q4T07,V-SA,VIC1,2024-06,C2025Q4,T07,1,112,73,12291.0,0.0
C2025Q4T07,VIC1-NSW1,NSW1,2024-06,C2025Q4,T07,1,123,108,1477.44,0.0
C2025Q4T07,VIC1-NSW1,VIC1,2024-06,C2025Q4,T07,1,266,125,12700.05,0.0
C2025Q4T08,NSW1-QLD1,NSW1,2024-09,C2025Q4,T08,1,46,45,8603.0,0.0
C2025Q4T08,NSW1-QLD1,QLD1,2024-09,C2025Q4,T08,1,197,105,17767.0,0.0
C2025Q4T08,V-SA,SA1,2024-09,C2025Q4,T08,1,158,74,4851.77,0.0
C2025Q4T08,V-SA,VIC1,2024-09,C2025Q4,T08,1,114,73,13520.1,0.0
C2025Q4T08,VIC1-NSW1,NSW1,2024-09,C2025Q4,T08,1,150,120,2216.16,0.0
C2025Q4T08,VIC1-NSW1,VIC1,2024-09,C2025Q4,T08,1,233,125,13970.05,0.0
C2025Q4T09,NSW1-QLD1,NSW1,2024-12,C2025Q4,T09,1,56,45,9903.0,0.0
C2025Q4T09,NSW1-QLD1,QLD1,2024-12,C2025Q4,T09,1,203,100,20000.0,0.0
C2025Q4T09,V-SA,SA1,2024-12,C2025Q4,T09,1,140,65,5610.59,0.0
C2025Q4T09,V-SA,VIC1,2024-12,C2025Q4,T09,1,114,73,13862.8,0.0
C2025Q4T09,VIC1-NSW1,NSW1,2024-12,C2025Q4,T09,1,166,126,2986.0,0.0
C2025Q4T09,VIC1-NSW1,VIC1,2024-12,C2025Q4,T09,1,296,141,18161.06,0.0
C2025Q4T10,NSW1-QLD1,NSW1,2026-05,C2025Q4,T10,3,46,45,10532.0,0.0
C2025Q4T10,NSW1-QLD1,QLD1,2026-05,C2025Q4,T10,3,203,104,22000.16,0.0
C2025Q4T10,V-SA,SA1,2026-05,C2025Q4,T10,3,131,91,5103.0,0.0
C2025Q4T10,V-SA,VIC1,2026-05,C2025Q4,T10,3,113,93,12476.52,0.0
C2025Q4T10,VIC1-NSW1,NSW1,2026-05,C2025Q4,T10,3,155,108,2865.54,0.0
C2025Q4T10,VIC1-NSW1,VIC1,2026-05,C2025Q4,T10,3,287,125,17797.83,0.0
C2025Q4T11,NSW1-QLD1,NSW1,2025-06,C2025Q4,T11,1,57,45,9478.79,0.0
C2025Q4T11,NSW1-QLD1,QLD1,2025-06,C2025Q4,T11,1,160,100,23000.84,0.0
C2025Q4T11,V-SA,SA1,2025-06,C2025Q4,T11,1,137,79,4603.0,0.0
C2025Q4T11,V-SA,VIC1,2025-06,C2025Q4,T11,1,116,79,10643.83,0.0
C2025Q4T11,VIC1-NSW1,NSW1,2025-06,C2025Q4,T11,1,108,108,2430.11,0.0
C2025Q4T11,VIC1-NSW1,VIC1,2025-06,C2025Q4,T11,1,245,125,18154.0,0.0
C2025Q4T12,NSW1-QLD1,NSW1,2025-09,C2025Q4,T12,1,73,56,10548.0,0.0
C2025Q4T12,NSW1-QLD1,QLD1,2025-09,C2025Q4,T12,1,170,100,24118.0,0.0
C2025Q4T12,V-SA,SA1,2025-09,C2025Q4,T12,1,152,74,4822.0,0.0
C2025Q4T12,V-SA,VIC1,2025-09,C2025Q4,T12,1,114,77,9000.87,0.0
C2025Q4T12,VIC1-NSW1,NSW1,2025-09,C2025Q4,T12,1,157,124,2412.0,0.0
C2025Q4T12,VIC1-NSW1,VIC1,2025-09,C2025Q4,T12,1,293,131,19261.39,0.0
C2026Q1T01,NSW1-QLD1,NSW1,2023-11,C2026Q1,T01,12,45,45,14040.0,0.0
C2026Q1T01,NSW1-QLD1,QLD1,2023-11,C2026Q1,T01,12,100,100,17000.34,0.0
C2026Q1T01,V-SA,SA1,2023-11,C2026Q1,T01,12,64,64,5009.0,0.0
C2026Q1T01,V-SA,VIC1,2023-11,C2026Q1,T01,12,73,73,25920.0,0.0
C2026Q1T01,VIC1-NSW1,NSW1,2023-11,C2026Q1,T01,12,108,108,3510.0,0.0
C2026Q1T01,VIC1-NSW1,VIC1,2023-11,C2026Q1,T01,12,125,125,22226.4,0.0
C2026Q1T02,NSW1-QLD1,NSW1,2023-12,C2026Q1,T02,11,45,45,16146.0,0.0
C2026Q1T02,NSW1-QLD1,QLD1,2023-12,C2026Q1,T02,11,125,100,19780.0,0.0
C2026Q1T02,V-SA,SA1,2023-12,C2026Q1,T02,11,64,64,4758.55,0.0
C2026Q1T02,V-SA,VIC1,2023-12,C2026Q1,T02,11,73,73,21000.0,0.0
C2026Q1T02,VIC1-NSW1,NSW1,2023-12,C2026Q1,T02,11,108,108,3240.0,0.0
C2026Q1T02,VIC1-NSW1,VIC1,2023-12,C2026Q1,T02,11,149,125,21664.8,0.0
C2026Q1T03,NSW1-QLD1,NSW1,2023-12,C2026Q1,T03,11,45,45,16953.3,0.0
C2026Q1T03,NSW1-QLD1,QLD1,2023-12,C2026Q1,T03,11,125,100,20190.0,0.0
C2026Q1T03,V-SA,SA1,2023-12,C2026Q1,T03,11,82,64,4500.89,0.0
C2026Q1T03,V-SA,VIC1,2023-12,C2026Q1,T03,11,85,73,18358.08,0.0
C2026Q1T03,VIC1-NSW1,NSW1,2023-12,C2026Q1,T03,11,128,108,3402.0,0.0
C2026Q1T03,VIC1-NSW1,VIC1,2023-12,C2026Q1,T03,11,163,125,16489.0,0.0
C2026Q1T04,NSW1-QLD1,NSW1,2023-12,C2026Q1,T04,1,69,45,14007.0,0.0
C2026Q1T04,NSW1-QLD1,QLD1,2023-12,C2026Q1,T04,1,140,100,18900.0,0.0
C2026Q1T04,V-SA,SA1,2023-12,C2026Q1,T04,1,91,64,3879.0,0.0
C2026Q1T04,V-SA,VIC1,2023-12,C2026Q1,T04,1,98,73,15284.63,0.0
C2026Q1T04,VIC1-NSW1,NSW1,2023-12,C2026Q1,T04,1,128,108,3002.0,0.0
C2026Q1T04,VIC1-NSW1,VIC1,2023-12,C2026Q1,T04,1,165,125,13992.2,0.0
C2026Q1T05,NSW1-QLD1,NSW1,2024-03,C2026Q1,T05,1,45,45,17017.11,0.0
C2026Q1T05,NSW1-QLD1,QLD1,2024-03,C2026Q1,T05,1,136,100,19440.0,0.0
C2026Q1T05,V-SA,SA1,2024-03,C2026Q1,T05,1,71,64,5184.0,0.0
C2026Q1T05,V-SA,VIC1,2024-03,C2026Q1,T05,1,83,73,16100.23,0.0
C2026Q1T05,VIC1-NSW1,NSW1,2024-03,C2026Q1,T05,1,128,108,3770.93,0.0
C2026Q1T05,VIC1-NSW1,VIC1,2024-03,C2026Q1,T05,1,159,125,15391.42,0.0
C2026Q1T06,NSW1-QLD1,NSW1,2024-06,C2026Q1,T06,1,57,45,17867.96,0.0
C2026Q1T06,NSW1-QLD1,QLD1,2024-06,C2026Q1,T06,1,151,100,25272.0,0.0
C2026Q1T06,V-SA,SA1,2024-06,C2026Q1,T06,1,83,64,5003.0,0.0
C2026Q1T06,V-SA,VIC1,2024-06,C2026Q1,T06,1,93,73,19200.57,0.0
C2026Q1T06,VIC1-NSW1,NSW1,2024-06,C2026Q1,T06,1,148,108,4351.54,0.0
C2026Q1T06,VIC1-NSW1,VIC1,2024-06,C2026Q1,T06,1,199,125,16969.05,0.0
C2026Q1T07,NSW1-QLD1,NSW1,2024-09,C2026Q1,T07,1,45,45,18005.0,0.0
C2026Q1T07,NSW1-QLD1,QLD1,2024-09,C2026Q1,T07,1,167,113,22680.0,0.0
C2026Q1T07,V-SA,SA1,2024-09,C2026Q1,T07,1,71,71,6503.9,0.0
C2026Q1T07,V-SA,VIC1,2024-09,C2026Q1,T07,1,93,73,21120.63,0.0
C2026Q1T07,VIC1-NSW1,NSW1,2024-09,C2026Q1,T07,1,168,108,4600.35,0.0
C2026Q1T07,VIC1-NSW1,VIC1,2024-09,C2026Q1,T07,1,207,125,16696.25,0.0
C2026Q1T08,NSW1-QLD1,NSW1,2024-12,C2026Q1,T08,1,51,45,20079.36,0.0
C2026Q1T08,NSW1-QLD1,QLD1,2024-12,C2026Q1,T08,1,147,110,24637.0,0.0
C2026Q1T08,V-SA,SA1,2024-12,C2026Q1,T08,1,80,66,7000.0,0.0
C2026Q1T08,V-SA,VIC1,2024-12,C2026Q1,T08,1,93,73,21103.0,0.0
C2026Q1T08,VIC1-NSW1,NSW1,2024-12,C2026Q1,T08,1,141,117,5280.0,0.0
C2026Q1T08,VIC1-NSW1,VIC1,2024-12,C2026Q1,T08,1,204,125,18365.88,0.0
C2026Q1T09,NSW1-QLD1,NSW1,2026-05,C2026Q1,T09,3,45,45,19744.0,0.0
C2026Q1T09,NSW1-QLD1,QLD1,2026-05,C2026Q1,T09,3,127,105,24883.37,0.0
C2026Q1T09,V-SA,SA1,2026-05,C2026Q1,T09,3,81,64,6250.0,0.0
C2026Q1T09,V-SA,VIC1,2026-05,C2026Q1,T09,3,131,77,22680.0,0.0
C2026Q1T09,VIC1-NSW1,NSW1,2026-05,C2026Q1,T09,3,172,108,6000.0,0.0
C2026Q1T09,VIC1-NSW1,VIC1,2026-05,C2026Q1,T09,3,194,125,17998.56,0.0
C2026Q1T10,NSW1-QLD1,NSW1,2025-06,C2026Q1,T10,1,62,45,19245.59,0.0
C2026Q1T10,NSW1-QLD1,QLD1,2025-06,C2026Q1,T10,1,130,100,23639.2,0.0
C2026Q1T10,V-SA,SA1,2025-06,C2026Q1,T10,1,80,68,5466.22,0.0
C2026Q1T10,V-SA,VIC1,2025-06,C2026Q1,T10,1,113,73,17532.03,0.0
C2026Q1T10,VIC1-NSW1,NSW1,2025-06,C2026Q1,T10,1,176,108,6000.0,0.0
C2026Q1T10,VIC1-NSW1,VIC1,2025-06,C2026Q1,T10,1,205,125,16403.16,0.0
C2026Q1T11,NSW1-QLD1,NSW1,2025-09,C2026Q1,T11,1,82,55,21800.9,0.0
C2026Q1T11,NSW1-QLD1,QLD1,2025-09,C2026Q1,T11,1,155,100,24425.66,0.0
C2026Q1T11,V-SA,SA1,2025-09,C2026Q1,T11,1,89,64,5560.0,0.0
C2026Q1T11,V-SA,VIC1,2025-09,C2026Q1,T11,1,113,73,19160.88,0.0
C2026Q1T11,VIC1-NSW1,NSW1,2025-09,C2026Q1,T11,1,181,108,6502.0,0.0
C2026Q1T11,VIC1-NSW1,VIC1,2025-09,C2026Q1,T11,1,223,125,16337.0,0.0
C2026Q1T12,NSW1-QLD1,NSW1,2025-12,C2026Q1,T12,1,70,55,15120.0,0.0
C2026Q1T12,NSW1-QLD1,QLD1,2025-12,C2026Q1,T12,1,157,130,21759.3,0.0
C2026Q1T12,V-SA,SA1,2025-12,C2026Q1,T12,1,100,70,4450.0,0.0
C2026Q1T12,V-SA,VIC1,2025-12,C2026Q1,T12,1,127,77,15807.73,0.0
C2026Q1T12,VIC1-NSW1,NSW1,2025-12,C2026Q1,T12,1,258,112,5308.8,0.0
C2026Q1T12,VIC1-NSW1,VIC1,2025-12,C2026Q1,T12,1,228,125,12321.0,0.0
C2026Q2T01,NSW1-QLD1,NSW1,2023-12,C2026Q2,T01,11,45,45,7012.0,0.0
C2026Q2T01,NSW1-QLD1,QLD1,2023-12,C2026Q2,T01,11,100,100,28392.0,0.0
C2026Q2T01,V-SA,SA1,2023-12,C2026Q2,T01,11,64,64,4333.33,0.0
C2026Q2T01,V-SA,VIC1,2023-12,C2026Q2,T01,11,73,73,12500.04,0.0
C2026Q2T01,VIC1-NSW1,NSW1,2023-12,C2026Q2,T01,11,108,108,1280.1,0.0
C2026Q2T01,VIC1-NSW1,VIC1,2023-12,C2026Q2,T01,11,125,125,19695.59,0.0
C2026Q2T02,NSW1-QLD1,NSW1,2023-12,C2026Q2,T02,11,45,45,5460.0,0.0
C2026Q2T02,NSW1-QLD1,QLD1,2023-12,C2026Q2,T02,11,105,100,29484.0,0.0
C2026Q2T02,V-SA,SA1,2023-12,C2026Q2,T02,11,73,64,3276.0,0.0
C2026Q2T02,V-SA,VIC1,2023-12,C2026Q2,T02,11,81,73,12500.0,0.0
C2026Q2T02,VIC1-NSW1,NSW1,2023-12,C2026Q2,T02,11,131,108,1004.0,0.0
C2026Q2T02,VIC1-NSW1,VIC1,2023-12,C2026Q2,T02,11,145,125,16960.98,0.0
C2026Q2T03,NSW1-QLD1,NSW1,2023-12,C2026Q2,T03,1,45,45,4368.0,0.0
C2026Q2T03,NSW1-QLD1,QLD1,2023-12,C2026Q2,T03,1,109,100,29660.54,0.0
C2026Q2T03,V-SA,SA1,2023-12,C2026Q2,T03,1,73,64,2707.61,0.0
C2026Q2T03,V-SA,VIC1,2023-12,C2026Q2,T03,1,97,73,10000.0,0.0
C2026Q2T03,VIC1-NSW1,NSW1,2023-12,C2026Q2,T03,1,131,108,873.6,0.0
C2026Q2T03,VIC1-NSW1,VIC1,2023-12,C2026Q2,T03,1,176,125,13820.2,0.0
C2026Q2T04,NSW1-QLD1,NSW1,2024-03,C2026Q2,T04,1,45,45,4503.0,0.0
C2026Q2T04,NSW1-QLD1,QLD1,2024-03,C2026Q2,T04,1,115,100,26830.44,0.0
C2026Q2T04,V-SA,SA1,2024-03,C2026Q2,T04,1,73,64,3249.13,0.0
C2026Q2T04,V-SA,VIC1,2024-03,C2026Q2,T04,1,94,73,11750.23,0.0
C2026Q2T04,VIC1-NSW1,NSW1,2024-03,C2026Q2,T04,1,131,108,1048.32,0.0
C2026Q2T04,VIC1-NSW1,VIC1,2024-03,C2026Q2,T04,1,146,125,15202.22,0.0
C2026Q2T05,NSW1-QLD1,NSW1,2024-06,C2026Q2,T05,1,45,45,4275.0,0.0
C2026Q2T05,NSW1-QLD1,QLD1,2024-06,C2026Q2,T05,1,125,111,37001.0,0.0
C2026Q2T05,V-SA,SA1,2024-06,C2026Q2,T05,1,79,64,3086.67,0.0
C2026Q2T05,V-SA,VIC1,2024-06,C2026Q2,T05,1,100,73,13104.0,0.0
C2026Q2T05,VIC1-NSW1,NSW1,2024-06,C2026Q2,T05,1,131,108,1493.64,0.0
C2026Q2T05,VIC1-NSW1,VIC1,2024-06,C2026Q2,T05,1,197,125,16120.05,0.0
C2026Q2T06,NSW1-QLD1,NSW1,2024-09,C2026Q2,T06,1,45,45,4353.3,0.0
C2026Q2T06,NSW1-QLD1,QLD1,2024-09,C2026Q2,T06,1,159,103,30576.0,0.0
C2026Q2T06,V-SA,SA1,2024-09,C2026Q2,T06,1,73,64,4436.0,0.0
C2026Q2T06,V-SA,VIC1,2024-09,C2026Q2,T06,1,100,73,15288.0,0.0
C2026Q2T06,VIC1-NSW1,NSW1,2024-09,C2026Q2,T06,1,131,109,2579.56,0.0
C2026Q2T06,VIC1-NSW1,VIC1,2024-09,C2026Q2,T06,1,187,125,16926.05,0.0
C2026Q2T07,NSW1-QLD1,NSW1,2024-12,C2026Q2,T07,1,45,45,5147.0,0.0
C2026Q2T07,NSW1-QLD1,QLD1,2024-12,C2026Q2,T07,1,157,100,33920.76,0.0
C2026Q2T07,V-SA,SA1,2024-12,C2026Q2,T07,1,83,74,5903.0,0.0
C2026Q2T07,V-SA,VIC1,2024-12,C2026Q2,T07,1,98,73,15840.0,0.0
C2026Q2T07,VIC1-NSW1,NSW1,2024-12,C2026Q2,T07,1,135,113,3200.0,0.0
C2026Q2T07,VIC1-NSW1,VIC1,2024-12,C2026Q2,T07,1,254,125,19219.2,0.0
C2026Q2T08,NSW1-QLD1,NSW1,2026-05,C2026Q2,T08,3,45,45,5079.64,0.0
C2026Q2T08,NSW1-QLD1,QLD1,2026-05,C2026Q2,T08,3,151,106,34944.0,0.0
C2026Q2T08,V-SA,SA1,2026-05,C2026Q2,T08,3,78,73,5118.0,0.0
C2026Q2T08,V-SA,VIC1,2026-05,C2026Q2,T08,3,125,75,14256.0,0.0
C2026Q2T08,VIC1-NSW1,NSW1,2026-05,C2026Q2,T08,3,134,108,3306.0,0.0
C2026Q2T08,VIC1-NSW1,VIC1,2026-05,C2026Q2,T08,3,251,125,18834.81,0.0
C2026Q2T09,NSW1-QLD1,NSW1,2025-06,C2026Q2,T09,1,50,45,4368.0,0.0
C2026Q2T09,NSW1-QLD1,QLD1,2025-06,C2026Q2,T09,1,147,100,32148.48,0.0
C2026Q2T09,V-SA,SA1,2025-06,C2026Q2,T09,1,70,69,4703.0,0.0
C2026Q2T09,V-SA,VIC1,2025-06,C2026Q2,T09,1,115,73,12370.0,0.0
C2026Q2T09,VIC1-NSW1,NSW1,2025-06,C2026Q2,T09,1,155,113,3578.0,0.0
C2026Q2T09,VIC1-NSW1,VIC1,2025-06,C2026Q2,T09,1,197,125,16951.32,0.0
C2026Q2T10,NSW1-QLD1,NSW1,2025-09,C2026Q2,T10,1,60,50,4368.0,0.0
C2026Q2T10,NSW1-QLD1,QLD1,2025-09,C2026Q2,T10,1,162,100,34345.4,0.0
C2026Q2T10,V-SA,SA1,2025-09,C2026Q2,T10,1,87,69,4705.0,0.0
C2026Q2T10,V-SA,VIC1,2025-09,C2026Q2,T10,1,115,77,13360.88,0.0
C2026Q2T10,VIC1-NSW1,NSW1,2025-09,C2026Q2,T10,1,130,108,4133.0,0.0
C2026Q2T10,VIC1-NSW1,VIC1,2025-09,C2026Q2,T10,1,201,129,17240.0,0.0
C2026Q2T11,NSW1-QLD1,NSW1,2025-12,C2026Q2,T11,1,50,45,3184.3,0.0
C2026Q2T11,NSW1-QLD1,QLD1,2025-12,C2026Q2,T11,1,147,102,33000.0,0.0
C2026Q2T11,V-SA,SA1,2025-12,C2026Q2,T11,1,70,64,4538.0,0.0
C2026Q2T11,V-SA,VIC1,2025-12,C2026Q2,T11,1,133,73,11814.2,0.0
C2026Q2T11,VIC1-NSW1,NSW1,2025-12,C2026Q2,T11,1,130,108,3889.0,0.0
C2026Q2T11,VIC1-NSW1,VIC1,2025-12,C2026Q2,T11,1,222,125,13964.4,0.0
C2026Q2T12,NSW1-QLD1,NSW1,2026-03,C2026Q2,T12,1,69,60,2706.9,0.0
C2026Q2T12,NSW1-QLD1,QLD1,2026-03,C2026Q2,T12,1,158,105,36050.18,0.0
C2026Q2T12,V-SA,SA1,2026-03,C2026Q2,T12,1,90,66,3902.68,0.0
C2026Q2T12,V-SA,VIC1,2026-03,C2026Q2,T12,1,107,81,14450.37,0.0
C2026Q2T12,VIC1-NSW1,NSW1,2026-03,C2026Q2,T12,1,176,112,3544.52,0.0
C2026Q2T12,VIC1-NSW1,VIC1,2026-03,C2026Q2,T12,1,282,127,13520.19,0.0
C2026Q3T01,NSW1-QLD1,NSW1,2023-12,C2026Q3,T01,11,45,45,5520.0,0.0
C2026Q3T01,NSW1-QLD1,QLD1,2023-12,C2026Q3,T01,11,100,100,29605.0,0.0
C2026Q3T01,V-SA,SA1,2023-12,C2026Q3,T01,11,64,64,3312.0,0.0
C2026Q3T01,V-SA,VIC1,2023-12,C2026Q3,T01,11,73,73,12200.08,0.0
C2026Q3T01,VIC1-NSW1,NSW1,2023-12,C2026Q3,T01,11,108,108,1107.0,0.0
C2026Q3T01,VIC1-NSW1,VIC1,2023-12,C2026Q3,T01,11,125,125,16960.98,0.0
C2026Q3T02,NSW1-QLD1,NSW1,2023-12,C2026Q3,T02,1,45,45,4598.16,0.0
C2026Q3T02,NSW1-QLD1,QLD1,2023-12,C2026Q3,T02,1,104,100,29660.54,0.0
C2026Q3T02,V-SA,SA1,2023-12,C2026Q3,T02,1,76,64,2852.62,0.0
C2026Q3T02,V-SA,VIC1,2023-12,C2026Q3,T02,1,86,73,10000.62,0.0
C2026Q3T02,VIC1-NSW1,NSW1,2023-12,C2026Q3,T02,1,108,108,883.2,0.0
C2026Q3T02,VIC1-NSW1,VIC1,2023-12,C2026Q3,T02,1,137,125,14005.0,0.0
C2026Q3T03,NSW1-QLD1,NSW1,2024-03,C2026Q3,T03,1,45,45,4592.64,0.0
C2026Q3T03,NSW1-QLD1,QLD1,2024-03,C2026Q3,T03,1,110,100,28327.21,0.0
C2026Q3T03,V-SA,SA1,2024-03,C2026Q3,T03,1,82,64,3103.0,0.0
C2026Q3T03,V-SA,VIC1,2024-03,C2026Q3,T03,1,92,73,11958.23,0.0
C2026Q3T03,VIC1-NSW1,NSW1,2024-03,C2026Q3,T03,1,108,108,990.93,0.0
C2026Q3T03,VIC1-NSW1,VIC1,2024-03,C2026Q3,T03,1,155,125,15720.02,0.0
C2026Q3T04,NSW1-QLD1,NSW1,2024-06,C2026Q3,T04,1,45,45,3992.25,0.0
C2026Q3T04,NSW1-QLD1,QLD1,2024-06,C2026Q3,T04,1,110,110,37536.0,0.0
C2026Q3T04,V-SA,SA1,2024-06,C2026Q3,T04,1,88,64,3243.0,0.0
C2026Q3T04,V-SA,VIC1,2024-06,C2026Q3,T04,1,98,73,13154.05,0.0
C2026Q3T04,VIC1-NSW1,NSW1,2024-06,C2026Q3,T04,1,109,108,1503.0,0.0
C2026Q3T04,VIC1-NSW1,VIC1,2024-06,C2026Q3,T04,1,187,125,16600.05,0.0
C2026Q3T05,NSW1-QLD1,NSW1,2024-09,C2026Q3,T05,1,47,45,4174.28,0.0
C2026Q3T05,NSW1-QLD1,QLD1,2024-09,C2026Q3,T05,1,149,100,32080.23,0.0
C2026Q3T05,V-SA,SA1,2024-09,C2026Q3,T05,1,94,64,4857.6,0.0
C2026Q3T05,V-SA,VIC1,2024-09,C2026Q3,T05,1,98,73,15300.01,0.0
C2026Q3T05,VIC1-NSW1,NSW1,2024-09,C2026Q3,T05,1,109,109,2782.22,0.0
C2026Q3T05,VIC1-NSW1,VIC1,2024-09,C2026Q3,T05,1,225,125,17150.0,0.0
C2026Q3T06,NSW1-QLD1,NSW1,2024-12,C2026Q3,T06,1,47,47,6139.01,0.0
C2026Q3T06,NSW1-QLD1,QLD1,2024-12,C2026Q3,T06,1,156,100,33800.76,0.0
C2026Q3T06,V-SA,SA1,2024-12,C2026Q3,T06,1,102,64,5722.0,0.0
C2026Q3T06,V-SA,VIC1,2024-12,C2026Q3,T06,1,98,73,16830.0,0.0
C2026Q3T06,VIC1-NSW1,NSW1,2024-12,C2026Q3,T06,1,108,108,2976.22,0.0
C2026Q3T06,VIC1-NSW1,VIC1,2024-12,C2026Q3,T06,1,234,129,20580.0,0.0
C2026Q3T07,NSW1-QLD1,NSW1,2026-05,C2026Q3,T07,3,45,45,5832.05,0.0
C2026Q3T07,NSW1-QLD1,QLD1,2026-05,C2026Q3,T07,3,148,103,34000.0,0.0
C2026Q3T07,V-SA,SA1,2026-05,C2026Q3,T07,3,99,73,5396.06,0.0
C2026Q3T07,V-SA,VIC1,2026-05,C2026Q3,T07,3,102,76,19354.5,0.0
C2026Q3T07,VIC1-NSW1,NSW1,2026-05,C2026Q3,T07,3,112,108,3353.0,0.0
C2026Q3T07,VIC1-NSW1,VIC1,2026-05,C2026Q3,T07,3,246,125,19894.0,0.0
C2026Q3T08,NSW1-QLD1,NSW1,2025-06,C2026Q3,T08,1,45,45,4803.45,0.0
C2026Q3T08,NSW1-QLD1,QLD1,2025-06,C2026Q3,T08,1,147,100,30280.84,0.0
C2026Q3T08,V-SA,SA1,2025-06,C2026Q3,T08,1,104,69,4843.21,0.0
C2026Q3T08,V-SA,VIC1,2025-06,C2026Q3,T08,1,103,81,16180.33,0.0
C2026Q3T08,VIC1-NSW1,NSW1,2025-06,C2026Q3,T08,1,132,108,3380.16,0.0
C2026Q3T08,VIC1-NSW1,VIC1,2025-06,C2026Q3,T08,1,196,125,17904.59,0.0
C2026Q3T09,NSW1-QLD1,NSW1,2025-09,C2026Q3,T09,1,62,55,4800.31,0.0
C2026Q3T09,NSW1-QLD1,QLD1,2025-09,C2026Q3,T09,1,140,100,32081.0,0.0
C2026Q3T09,V-SA,SA1,2025-09,C2026Q3,T09,1,110,69,4680.18,0.0
C2026Q3T09,V-SA,VIC1,2025-09,C2026Q3,T09,1,125,83,16380.0,0.0
C2026Q3T09,VIC1-NSW1,NSW1,2025-09,C2026Q3,T09,1,119,108,3582.0,0.0
C2026Q3T09,VIC1-NSW1,VIC1,2025-09,C2026Q3,T09,1,189,125,18856.02,0.0
C2026Q3T10,NSW1-QLD1,NSW1,2025-12,C2026Q3,T10,1,61,45,3803.0,0.0
C2026Q3T10,NSW1-QLD1,QLD1,2025-12,C2026Q3,T10,1,125,100,31713.0,0.0
C2026Q3T10,V-SA,SA1,2025-12,C2026Q3,T10,1,105,64,4416.0,0.0
C2026Q3T10,V-SA,VIC1,2025-12,C2026Q3,T10,1,124,73,13513.5,0.0
C2026Q3T10,VIC1-NSW1,NSW1,2025-12,C2026Q3,T10,1,121,108,3312.0,0.0
C2026Q3T10,VIC1-NSW1,VIC1,2025-12,C2026Q3,T10,1,207,125,15493.61,0.0
C2026Q3T11,NSW1-QLD1,NSW1,2026-03,C2026Q3,T11,1,73,45,3340.8,0.0
C2026Q3T11,NSW1-QLD1,QLD1,2026-03,C2026Q3,T11,1,158,100,33729.18,0.0
C2026Q3T11,V-SA,SA1,2026-03,C2026Q3,T11,1,122,64,3886.08,0.0
C2026Q3T11,V-SA,VIC1,2026-03,C2026Q3,T11,1,121,76,14248.8,0.0
C2026Q3T11,VIC1-NSW1,NSW1,2026-03,C2026Q3,T11,1,145,108,3000.0,0.0
C2026Q3T11,VIC1-NSW1,VIC1,2026-03,C2026Q3,T11,1,277,125,14977.16,0.0
C2026Q4T01,NSW1-QLD1,NSW1,2023-12,C2026Q4,T01,1,45,45,8280.0,0.0
C2026Q4T01,NSW1-QLD1,QLD1,2023-12,C2026Q4,T01,1,100,100,16515.84,0.0
C2026Q4T01,V-SA,SA1,2023-12,C2026Q4,T01,1,64,64,3006.0,0.0
C2026Q4T01,V-SA,VIC1,2023-12,C2026Q4,T01,1,73,73,8446.15,0.0
C2026Q4T01,VIC1-NSW1,NSW1,2023-12,C2026Q4,T01,1,108,108,883.2,0.0
C2026Q4T01,VIC1-NSW1,VIC1,2023-12,C2026Q4,T01,1,125,125,12680.2,0.0
C2026Q4T02,NSW1-QLD1,NSW1,2024-03,C2026Q4,T02,1,45,45,8137.33,0.0
C2026Q4T02,NSW1-QLD1,QLD1,2024-03,C2026Q4,T02,1,114,100,13216.6,0.0
C2026Q4T02,V-SA,SA1,2024-03,C2026Q4,T02,1,64,64,3006.0,0.0
C2026Q4T02,V-SA,VIC1,2024-03,C2026Q4,T02,1,73,73,9290.77,0.0
C2026Q4T02,VIC1-NSW1,NSW1,2024-03,C2026Q4,T02,1,108,108,900.0,0.0
C2026Q4T02,VIC1-NSW1,VIC1,2024-03,C2026Q4,T02,1,134,125,11412.18,0.0
C2026Q4T03,NSW1-QLD1,NSW1,2024-06,C2026Q4,T03,1,45,45,8962.27,0.0
C2026Q4T03,NSW1-QLD1,QLD1,2024-06,C2026Q4,T03,1,150,100,22080.0,0.0
C2026Q4T03,V-SA,SA1,2024-06,C2026Q4,T03,1,70,64,3050.78,0.0
C2026Q4T03,V-SA,VIC1,2024-06,C2026Q4,T03,1,87,73,11040.0,0.0
C2026Q4T03,VIC1-NSW1,NSW1,2024-06,C2026Q4,T03,1,108,108,803.0,0.0
C2026Q4T03,VIC1-NSW1,VIC1,2024-06,C2026Q4,T03,1,155,125,12400.05,0.0
C2026Q4T04,NSW1-QLD1,NSW1,2024-09,C2026Q4,T04,1,45,45,8603.0,0.0
C2026Q4T04,NSW1-QLD1,QLD1,2024-09,C2026Q4,T04,1,155,100,17512.0,0.0
C2026Q4T04,V-SA,SA1,2024-09,C2026Q4,T04,1,82,64,4670.7,0.0
C2026Q4T04,V-SA,VIC1,2024-09,C2026Q4,T04,1,87,73,11600.01,0.0
C2026Q4T04,VIC1-NSW1,NSW1,2024-09,C2026Q4,T04,1,108,108,1324.95,0.0
C2026Q4T04,VIC1-NSW1,VIC1,2024-09,C2026Q4,T04,1,185,125,13250.27,0.0
C2026Q4T05,NSW1-QLD1,NSW1,2024-12,C2026Q4,T05,1,45,45,10115.0,0.0
C2026Q4T05,NSW1-QLD1,QLD1,2024-12,C2026Q4,T05,1,156,100,18366.93,0.0
C2026Q4T05,V-SA,SA1,2024-12,C2026Q4,T05,1,97,64,5300.59,0.0
C2026Q4T05,V-SA,VIC1,2024-12,C2026Q4,T05,1,88,73,12760.01,0.0
C2026Q4T05,VIC1-NSW1,NSW1,2024-12,C2026Q4,T05,1,108,108,1853.0,0.0
C2026Q4T05,VIC1-NSW1,VIC1,2024-12,C2026Q4,T05,1,185,125,15934.86,0.0
C2026Q4T06,NSW1-QLD1,NSW1,2026-05,C2026Q4,T06,3,45,45,10115.0,0.0
C2026Q4T06,NSW1-QLD1,QLD1,2026-05,C2026Q4,T06,3,123,100,18907.0,0.0
C2026Q4T06,V-SA,SA1,2026-05,C2026Q4,T06,3,91,86,5103.0,0.0
C2026Q4T06,V-SA,VIC1,2026-05,C2026Q4,T06,3,95,95,13015.21,0.0
C2026Q4T06,VIC1-NSW1,NSW1,2026-05,C2026Q4,T06,3,108,108,2038.3,0.0
C2026Q4T06,VIC1-NSW1,VIC1,2026-05,C2026Q4,T06,3,202,125,17150.0,0.0
C2026Q4T07,NSW1-QLD1,NSW1,2025-06,C2026Q4,T07,1,45,45,9003.0,0.0
C2026Q4T07,NSW1-QLD1,QLD1,2025-06,C2026Q4,T07,1,132,100,19044.0,0.0
C2026Q4T07,V-SA,SA1,2025-06,C2026Q4,T07,1,92,75,4509.0,0.0
C2026Q4T07,V-SA,VIC1,2025-06,C2026Q4,T07,1,83,77,11713.69,0.0
C2026Q4T07,VIC1-NSW1,NSW1,2025-06,C2026Q4,T07,1,108,108,2353.0,0.0
C2026Q4T07,VIC1-NSW1,VIC1,2025-06,C2026Q4,T07,1,190,125,16232.13,0.0
C2026Q4T08,NSW1-QLD1,NSW1,2025-09,C2026Q4,T08,1,63,53,9903.0,0.0
C2026Q4T08,NSW1-QLD1,QLD1,2025-09,C2026Q4,T08,1,147,107,20000.0,0.0
C2026Q4T08,V-SA,SA1,2025-09,C2026Q4,T08,1,86,67,4283.55,0.0
C2026Q4T08,V-SA,VIC1,2025-09,C2026Q4,T08,1,103,75,10558.0,0.0
C2026Q4T08,VIC1-NSW1,NSW1,2025-09,C2026Q4,T08,1,110,110,2353.0,0.0
C2026Q4T08,VIC1-NSW1,VIC1,2025-09,C2026Q4,T08,1,195,128,15776.87,0.0
C2026Q4T09,NSW1-QLD1,NSW1,2025-12,C2026Q4,T09,1,45,45,7992.92,0.0
C2026Q4T09,NSW1-QLD1,QLD1,2025-12,C2026Q4,T09,1,170,100,20608.0,0.0
C2026Q4T09,V-SA,SA1,2025-12,C2026Q4,T09,1,106,64,3403.0,0.0
C2026Q4T09,V-SA,VIC1,2025-12,C2026Q4,T09,1,123,73,6800.2,0.0
C2026Q4T09,VIC1-NSW1,NSW1,2025-12,C2026Q4,T09,1,118,118,2116.0,0.0
C2026Q4T09,VIC1-NSW1,VIC1,2025-12,C2026Q4,T09,1,221,125,12003.0,0.0
C2026Q4T10,NSW1-QLD1,NSW1,2026-03,C2026Q4,T10,1,58,45,8175.0,0.0
C2026Q4T10,NSW1-QLD1,QLD1,2026-03,C2026Q4,T10,1,194,100,21375.9,0.0
C2026Q4T10,V-SA,SA1,2026-03,C2026Q4,T10,1,104,64,2382.1,0.0
C2026Q4T10,V-SA,VIC1,2026-03,C2026Q4,T10,1,98,76,7400.37,0.0
C2026Q4T10,VIC1-NSW1,NSW1,2026-03,C2026Q4,T10,1,112,108,1860.46,0.0
C2026Q4T10,VIC1-NSW1,VIC1,2026-03,C2026Q4,T10,1,230,128,11602.9,0.0
C2027Q1T01,NSW1-QLD1,NSW1,2024-03,C2027Q1,T01,1,45,45,15037.11,0.0
C2027Q1T01,NSW1-QLD1,QLD1,2024-03,C2027Q1,T01,1,100,100,17280.0,0.0
C2027Q1T01,V-SA,SA1,2024-03,C2027Q1,T01,1,64,64,4240.64,0.0
C2027Q1T01,V-SA,VIC1,2024-03,C2027Q1,T01,1,73,73,15550.23,0.0
C2027Q1T01,VIC1-NSW1,NSW1,2024-03,C2027Q1,T01,1,108,108,3280.0,0.0
C2027Q1T01,VIC1-NSW1,VIC1,2024-03,C2027Q1,T01,1,125,125,13800.02,0.0
C2027Q1T02,NSW1-QLD1,NSW1,2024-06,C2027Q1,T02,1,45,45,15037.11,0.0
C2027Q1T02,NSW1-QLD1,QLD1,2024-06,C2027Q1,T02,1,120,100,21600.0,0.0
C2027Q1T02,V-SA,SA1,2024-06,C2027Q1,T02,1,65,64,4503.0,0.0
C2027Q1T02,V-SA,VIC1,2024-06,C2027Q1,T02,1,86,73,16600.57,0.0
C2027Q1T02,VIC1-NSW1,NSW1,2024-06,C2027Q1,T02,1,123,108,3753.0,0.0
C2027Q1T02,VIC1-NSW1,VIC1,2024-06,C2027Q1,T02,1,143,125,13800.02,0.0
C2027Q1T03,NSW1-QLD1,NSW1,2024-09,C2027Q1,T03,1,45,45,14034.64,0.0
C2027Q1T03,NSW1-QLD1,QLD1,2024-09,C2027Q1,T03,1,138,100,19440.0,0.0
C2027Q1T03,V-SA,SA1,2024-09,C2027Q1,T03,1,65,65,5929.0,0.0
C2027Q1T03,V-SA,VIC1,2024-09,C2027Q1,T03,1,93,73,16903.0,0.0
C2027Q1T03,VIC1-NSW1,NSW1,2024-09,C2027Q1,T03,1,128,108,4128.3,0.0
C2027Q1T03,VIC1-NSW1,VIC1,2024-09,C2027Q1,T03,1,165,125,14100.0,0.0
C2027Q1T04,NSW1-QLD1,NSW1,2024-12,C2027Q1,T04,1,45,45,17385.32,0.0
C2027Q1T04,NSW1-QLD1,QLD1,2024-12,C2027Q1,T04,1,126,100,21903.0,0.0
C2027Q1T04,V-SA,SA1,2024-12,C2027Q1,T04,1,74,64,6203.0,0.0
C2027Q1T04,V-SA,VIC1,2024-12,C2027Q1,T04,1,93,73,19720.16,0.0
C2027Q1T04,VIC1-NSW1,NSW1,2024-12,C2027Q1,T04,1,148,108,4541.13,0.0
C2027Q1T04,VIC1-NSW1,VIC1,2024-12,C2027Q1,T04,1,175,127,16215.0,0.0
C2027Q1T05,NSW1-QLD1,NSW1,2026-05,C2027Q1,T05,3,45,45,18525.32,0.0
C2027Q1T05,NSW1-QLD1,QLD1,2026-05,C2027Q1,T05,3,120,100,21924.0,0.0
C2027Q1T05,V-SA,SA1,2026-05,C2027Q1,T05,3,69,64,5550.0,0.0
C2027Q1T05,V-SA,VIC1,2026-05,C2027Q1,T05,3,93,73,21836.31,0.0
C2027Q1T05,VIC1-NSW1,NSW1,2026-05,C2027Q1,T05,3,120,100,5536.0,0.0
C2027Q1T05,VIC1-NSW1,VIC1,2026-05,C2027Q1,T05,3,177,125,16862.34,0.0
C2027Q1T06,NSW1-QLD1,NSW1,2025-06,C2027Q1,T06,1,47,45,16887.87,0.0
C2027Q1T06,NSW1-QLD1,QLD1,2025-06,C2027Q1,T06,1,126,100,21880.29,0.0
C2027Q1T06,V-SA,SA1,2025-06,C2027Q1,T06,1,64,64,4800.0,0.0
C2027Q1T06,V-SA,VIC1,2025-06,C2027Q1,T06,1,103,103,24019.94,0.0
C2027Q1T06,VIC1-NSW1,NSW1,2025-06,C2027Q1,T06,1,136,108,5511.87,0.0
C2027Q1T06,VIC1-NSW1,VIC1,2025-06,C2027Q1,T06,1,150,125,14840.9,0.0
C2027Q1T07,NSW1-QLD1,NSW1,2025-09,C2027Q1,T07,1,57,45,18648.9,0.0
C2027Q1T07,NSW1-QLD1,QLD1,2025-09,C2027Q1,T07,1,133,101,22680.0,0.0
C2027Q1T07,V-SA,SA1,2025-09,C2027Q1,T07,1,70,64,4500.0,0.0
C2027Q1T07,V-SA,VIC1,2025-09,C2027Q1,T07,1,133,82,19564.88,0.0
C2027Q1T07,VIC1-NSW1,NSW1,2025-09,C2027Q1,T07,1,136,108,5003.0,0.0
C2027Q1T07,VIC1-NSW1,VIC1,2025-09,C2027Q1,T07,1,187,125,13248.0,0.0
C2027Q1T08,NSW1-QLD1,NSW1,2025-12,C2027Q1,T08,1,52,45,14993.92,0.0
C2027Q1T08,NSW1-QLD1,QLD1,2025-12,C2027Q1,T08,1,140,100,20520.0,0.0
C2027Q1T08,V-SA,SA1,2025-12,C2027Q1,T08,1,93,64,3500.0,0.0
C2027Q1T08,V-SA,VIC1,2025-12,C2027Q1,T08,1,130,73,10250.2,0.0
C2027Q1T08,VIC1-NSW1,NSW1,2025-12,C2027Q1,T08,1,215,108,4029.0,0.0
C2027Q1T08,VIC1-NSW1,VIC1,2025-12,C2027Q1,T08,1,203,125,11194.0,0.0
C2027Q1T09,NSW1-QLD1,NSW1,2026-03,C2027Q1,T09,1,71,45,14244.22,0.0
C2027Q1T09,NSW1-QLD1,QLD1,2026-03,C2027Q1,T09,1,142,100,22488.18,0.0
C2027Q1T09,V-SA,SA1,2026-03,C2027Q1,T09,1,95,64,2270.0,0.0
C2027Q1T09,V-SA,VIC1,2026-03,C2027Q1,T09,1,113,76,11275.22,0.0
C2027Q1T09,VIC1-NSW1,NSW1,2026-03,C2027Q1,T09,1,206,108,3850.0,0.0
C2027Q1T09,VIC1-NSW1,VIC1,2026-03,C2027Q1,T09,1,193,125,10000.0,0.0
C2027Q2T01,NSW1-QLD1,NSW1,2024-06,C2027Q2,T01,1,62,62,3604.25,0.0
C2027Q2T01,NSW1-QLD1,QLD1,2024-06,C2027Q2,T01,1,108,108,38904.13,0.0
C2027Q2T01,V-SA,SA1,2024-06,C2027Q2,T01,1,64,64,2924.21,0.0
C2027Q2T01,V-SA,VIC1,2024-06,C2027Q2,T01,1,73,73,7003.0,0.0
C2027Q2T01,VIC1-NSW1,NSW1,2024-06,C2027Q2,T01,1,108,108,1184.0,0.0
C2027Q2T01,VIC1-NSW1,VIC1,2024-06,C2027Q2,T01,1,125,125,13080.05,0.0
C2027Q2T02,NSW1-QLD1,NSW1,2024-09,C2027Q2,T02,1,69,62,3363.97,0.0
C2027Q2T02,NSW1-QLD1,QLD1,2024-09,C2027Q2,T02,1,126,108,30576.0,0.0
C2027Q2T02,V-SA,SA1,2024-09,C2027Q2,T02,1,64,64,4767.0,0.0
C2027Q2T02,V-SA,VIC1,2024-09,C2027Q2,T02,1,94,73,8500.01,0.0
C2027Q2T02,VIC1-NSW1,NSW1,2024-09,C2027Q2,T02,1,108,108,1618.13,0.0
C2027Q2T02,VIC1-NSW1,VIC1,2024-09,C2027Q2,T02,1,150,125,11600.27,0.0
C2027Q2T03,NSW1-QLD1,NSW1,2024-12,C2027Q2,T03,1,72,62,4505.0,0.0
C2027Q2T03,NSW1-QLD1,QLD1,2024-12,C2027Q2,T03,1,129,108,33633.6,0.0
C2027Q2T03,V-SA,SA1,2024-12,C2027Q2,T03,1,74,64,4888.0,0.0
C2027Q2T03,V-SA,VIC1,2024-12,C2027Q2,T03,1,96,73,9916.68,0.0
C2027Q2T03,VIC1-NSW1,NSW1,2024-12,C2027Q2,T03,1,108,108,2353.0,0.0
C2027Q2T03,VIC1-NSW1,VIC1,2024-12,C2027Q2,T03,1,152,127,14307.0,0.0
C2027Q2T04,NSW1-QLD1,NSW1,2026-05,C2027Q2,T04,3,79,62,4730.25,0.0
C2027Q2T04,NSW1-QLD1,QLD1,2026-05,C2027Q2,T04,3,157,108,33680.5,0.0
C2027Q2T04,V-SA,SA1,2026-05,C2027Q2,T04,3,69,69,5103.0,0.0
C2027Q2T04,V-SA,VIC1,2026-05,C2027Q2,T04,3,96,73,11503.0,0.0
C2027Q2T04,VIC1-NSW1,NSW1,2026-05,C2027Q2,T04,3,108,108,2773.56,0.0
C2027Q2T04,VIC1-NSW1,VIC1,2026-05,C2027Q2,T04,3,154,125,15737.7,0.0
C2027Q2T05,NSW1-QLD1,NSW1,2025-06,C2027Q2,T05,1,79,62,3903.0,0.0
C2027Q2T05,NSW1-QLD1,QLD1,2025-06,C2027Q2,T05,1,150,108,29673.28,0.0
C2027Q2T05,V-SA,SA1,2025-06,C2027Q2,T05,1,64,64,4003.0,0.0
C2027Q2T05,V-SA,VIC1,2025-06,C2027Q2,T05,1,106,83,11126.0,0.0
C2027Q2T05,VIC1-NSW1,NSW1,2025-06,C2027Q2,T05,1,108,108,3312.0,0.0
C2027Q2T05,VIC1-NSW1,VIC1,2025-06,C2027Q2,T05,1,165,125,14306.16,0.0
C2027Q2T06,NSW1-QLD1,NSW1,2025-09,C2027Q2,T06,1,89,62,3822.0,0.0
C2027Q2T06,NSW1-QLD1,QLD1,2025-09,C2027Q2,T06,1,135,108,31450.0,0.0
C2027Q2T06,V-SA,SA1,2025-09,C2027Q2,T06,1,68,64,3894.3,0.0
C2027Q2T06,V-SA,VIC1,2025-09,C2027Q2,T06,1,129,73,9443.0,0.0
C2027Q2T06,VIC1-NSW1,NSW1,2025-09,C2027Q2,T06,1,108,108,3358.0,0.0
C2027Q2T06,VIC1-NSW1,VIC1,2025-09,C2027Q2,T06,1,194,125,12280.87,0.0
C2027Q2T07,NSW1-QLD1,NSW1,2025-12,C2027Q2,T07,1,89,62,3285.28,0.0
C2027Q2T07,NSW1-QLD1,QLD1,2025-12,C2027Q2,T07,1,153,108,30960.06,0.0
C2027Q2T07,V-SA,SA1,2025-12,C2027Q2,T07,1,77,64,3333.0,0.0
C2027Q2T07,V-SA,VIC1,2025-12,C2027Q2,T07,1,126,73,6315.0,0.0
C2027Q2T07,VIC1-NSW1,NSW1,2025-12,C2027Q2,T07,1,141,108,3200.0,0.0
C2027Q2T07,VIC1-NSW1,VIC1,2025-12,C2027Q2,T07,1,213,125,10008.33,0.0
C2027Q2T08,NSW1-QLD1,NSW1,2026-03,C2027Q2,T08,1,95,62,2511.6,0.0
C2027Q2T08,NSW1-QLD1,QLD1,2026-03,C2027Q2,T08,1,238,108,30576.0,0.0
C2027Q2T08,V-SA,SA1,2026-03,C2027Q2,T08,1,76,64,2200.0,0.0
C2027Q2T08,V-SA,VIC1,2026-03,C2027Q2,T08,1,105,73,6315.0,0.0
C2027Q2T08,VIC1-NSW1,NSW1,2026-03,C2027Q2,T08,1,152,108,2526.0,0.0
C2027Q2T08,VIC1-NSW1,VIC1,2026-03,C2027Q2,T08,1,260,125,6674.0,0.0
C2027Q3T01,NSW1-QLD1,NSW1,2024-09,C2027Q3,T01,1,62,62,3503.0,0.0
C2027Q3T01,NSW1-QLD1,QLD1,2024-09,C2027Q3,T01,1,108,108,30912.0,0.0
C2027Q3T01,V-SA,SA1,2024-09,C2027Q3,T01,1,64,64,4500.7,0.0
C2027Q3T01,V-SA,VIC1,2024-09,C2027Q3,T01,1,73,73,8553.0,0.0
C2027Q3T01,VIC1-NSW1,NSW1,2024-09,C2027Q3,T01,1,108,108,2303.0,0.0
C2027Q3T01,VIC1-NSW1,VIC1,2024-09,C2027Q3,T01,1,125,125,13248.0,0.0
C2027Q3T02,NSW1-QLD1,NSW1,2024-12,C2027Q3,T02,1,62,62,4903.0,0.0
C2027Q3T02,NSW1-QLD1,QLD1,2024-12,C2027Q3,T02,1,123,108,33200.76,0.0
C2027Q3T02,V-SA,SA1,2024-12,C2027Q3,T02,1,65,64,5157.0,0.0
C2027Q3T02,V-SA,VIC1,2024-12,C2027Q3,T02,1,73,73,10000.79,0.0
C2027Q3T02,VIC1-NSW1,NSW1,2024-12,C2027Q3,T02,1,108,108,2658.0,0.0
C2027Q3T02,VIC1-NSW1,VIC1,2024-12,C2027Q3,T02,1,150,125,16600.0,0.0
C2027Q3T03,NSW1-QLD1,NSW1,2026-05,C2027Q3,T03,3,62,62,5055.51,0.0
C2027Q3T03,NSW1-QLD1,QLD1,2026-05,C2027Q3,T03,3,135,108,33771.85,0.0
C2027Q3T03,V-SA,SA1,2026-05,C2027Q3,T03,3,70,70,5414.85,0.0
C2027Q3T03,V-SA,VIC1,2026-05,C2027Q3,T03,3,75,73,11503.0,0.0
C2027Q3T03,VIC1-NSW1,NSW1,2026-05,C2027Q3,T03,3,108,108,2976.22,0.0
C2027Q3T03,VIC1-NSW1,VIC1,2026-05,C2027Q3,T03,3,152,125,18303.0,0.0
C2027Q3T04,NSW1-QLD1,NSW1,2025-06,C2027Q3,T04,1,62,62,4496.2,0.0
C2027Q3T04,NSW1-QLD1,QLD1,2025-06,C2027Q3,T04,1,133,108,29350.32,0.0
C2027Q3T04,V-SA,SA1,2025-06,C2027Q3,T04,1,64,64,4753.0,0.0
C2027Q3T04,V-SA,VIC1,2025-06,C2027Q3,T04,1,75,73,10753.0,0.0
C2027Q3T04,VIC1-NSW1,NSW1,2025-06,C2027Q3,T04,1,109,109,2989.18,0.0
C2027Q3T04,VIC1-NSW1,VIC1,2025-06,C2027Q3,T04,1,150,125,16472.7,0.0
C2027Q3T05,NSW1-QLD1,NSW1,2025-09,C2027Q3,T05,1,70,62,3935.2,0.0
C2027Q3T05,NSW1-QLD1,QLD1,2025-09,C2027Q3,T05,1,131,108,29920.66,0.0
C2027Q3T05,V-SA,SA1,2025-09,C2027Q3,T05,1,68,64,4100.18,0.0
C2027Q3T05,V-SA,VIC1,2025-09,C2027Q3,T05,1,100,73,9961.7,0.0
C2027Q3T05,VIC1-NSW1,NSW1,2025-09,C2027Q3,T05,1,115,108,3057.6,0.0
C2027Q3T05,VIC1-NSW1,VIC1,2025-09,C2027Q3,T05,1,143,125,14500.87,0.0
C2027Q3T06,NSW1-QLD1,NSW1,2025-12,C2027Q3,T06,1,73,62,2995.92,0.0
C2027Q3T06,NSW1-QLD1,QLD1,2025-12,C2027Q3,T06,1,156,108,30360.0,0.0
C2027Q3T06,V-SA,SA1,2025-12,C2027Q3,T06,1,84,64,3403.0,0.0
C2027Q3T06,V-SA,VIC1,2025-12,C2027Q3,T06,1,123,73,6579.62,0.0
C2027Q3T06,VIC1-NSW1,NSW1,2025-12,C2027Q3,T06,1,138,108,2440.34,0.0
C2027Q3T06,VIC1-NSW1,VIC1,2025-12,C2027Q3,T06,1,200,125,10220.6,0.0
C2027Q3T07,NSW1-QLD1,NSW1,2026-03,C2027Q3,T07,1,74,62,2696.33,0.0
C2027Q3T07,NSW1-QLD1,QLD1,2026-03,C2027Q3,T07,1,149,108,29605.0,0.0
C2027Q3T07,V-SA,SA1,2026-03,C2027Q3,T07,1,92,64,2200.0,0.0
C2027Q3T07,V-SA,VIC1,2026-03,C2027Q3,T07,1,105,73,6579.62,0.0
C2027Q3T07,VIC1-NSW1,NSW1,2026-03,C2027Q3,T07,1,150,108,2020.46,0.0
C2027Q3T07,VIC1-NSW1,VIC1,2026-03,C2027Q3,T07,1,240,125,8120.19,0.0
C2027Q4T01,NSW1-QLD1,NSW1,2024-12,C2027Q4,T01,1,62,62,9375.0,0.0
C2027Q4T01,NSW1-QLD1,QLD1,2024-12,C2027Q4,T01,1,108,108,19253.0,0.0
C2027Q4T01,V-SA,SA1,2024-12,C2027Q4,T01,1,64,64,4753.0,0.0
C2027Q4T01,V-SA,VIC1,2024-12,C2027Q4,T01,1,73,73,9978.5,0.0
C2027Q4T01,VIC1-NSW1,NSW1,2024-12,C2027Q4,T01,1,108,108,1620.0,0.0
C2027Q4T01,VIC1-NSW1,VIC1,2024-12,C2027Q4,T01,1,125,125,14835.0,0.0
C2027Q4T02,NSW1-QLD1,NSW1,2026-05,C2027Q4,T02,3,62,62,9345.36,0.0
C2027Q4T02,NSW1-QLD1,QLD1,2026-05,C2027Q4,T02,3,110,108,20053.0,0.0
C2027Q4T02,V-SA,SA1,2026-05,C2027Q4,T02,3,64,64,5251.77,0.0
C2027Q4T02,V-SA,VIC1,2026-05,C2027Q4,T02,3,72,72,11103.0,0.0
C2027Q4T02,VIC1-NSW1,NSW1,2026-05,C2027Q4,T02,3,108,108,1853.0,0.0
C2027Q4T02,VIC1-NSW1,VIC1,2026-05,C2027Q4,T02,3,127,125,16203.0,0.0
C2027Q4T03,NSW1-QLD1,NSW1,2025-06,C2027Q4,T03,1,64,62,8280.0,0.0
C2027Q4T03,NSW1-QLD1,QLD1,2025-06,C2027Q4,T03,1,114,108,20053.0,0.0
C2027Q4T03,V-SA,SA1,2025-06,C2027Q4,T03,1,64,64,5003.0,0.0
C2027Q4T03,V-SA,VIC1,2025-06,C2027Q4,T03,1,80,73,10308.76,0.0
C2027Q4T03,VIC1-NSW1,NSW1,2025-06,C2027Q4,T03,1,108,108,1903.0,0.0
C2027Q4T03,VIC1-NSW1,VIC1,2025-06,C2027Q4,T03,1,125,125,14582.7,0.0
C2027Q4T04,NSW1-QLD1,NSW1,2025-09,C2027Q4,T04,1,74,62,9364.68,0.0
C2027Q4T04,NSW1-QLD1,QLD1,2025-09,C2027Q4,T04,1,134,108,20869.11,0.0
C2027Q4T04,V-SA,SA1,2025-09,C2027Q4,T04,1,67,64,3774.39,0.0
C2027Q4T04,V-SA,VIC1,2025-09,C2027Q4,T04,1,103,73,7750.88,0.0
C2027Q4T04,VIC1-NSW1,NSW1,2025-09,C2027Q4,T04,1,111,108,1712.7,0.0
C2027Q4T04,VIC1-NSW1,VIC1,2025-09,C2027Q4,T04,1,140,125,12503.0,0.0
C2027Q4T05,NSW1-QLD1,NSW1,2025-12,C2027Q4,T05,1,64,62,7797.0,0.0
C2027Q4T05,NSW1-QLD1,QLD1,2025-12,C2027Q4,T05,1,134,108,18768.0,0.0
C2027Q4T05,V-SA,SA1,2025-12,C2027Q4,T05,1,84,64,2725.0,0.0
C2027Q4T05,V-SA,VIC1,2025-12,C2027Q4,T05,1,129,73,4060.2,0.0
C2027Q4T05,VIC1-NSW1,NSW1,2025-12,C2027Q4,T05,1,118,108,1203.0,0.0
C2027Q4T05,VIC1-NSW1,VIC1,2025-12,C2027Q4,T05,1,188,125,8003.0,0.0
C2027Q4T06,NSW1-QLD1,NSW1,2026-03,C2027Q4,T06,1,74,62,7277.2,0.0
C2027Q4T06,NSW1-QLD1,QLD1,2026-03,C2027Q4,T06,1,143,108,19179.0,0.0
C2027Q4T06,V-SA,SA1,2026-03,C2027Q4,T06,1,83,64,1380.78,0.0
C2027Q4T06,V-SA,VIC1,2026-03,C2027Q4,T06,1,111,73,4120.37,0.0
C2027Q4T06,VIC1-NSW1,NSW1,2026-03,C2027Q4,T06,1,140,108,980.46,0.0
C2027Q4T06,VIC1-NSW1,VIC1,2026-03,C2027Q4,T06,1,215,125,6200.19,0.0
C2028Q1T01,NSW1-QLD1,NSW1,2026-05,C2028Q1,T01,3,62,62,17525.32,0.0
C2028Q1T01,NSW1-QLD1,QLD1,2026-05,C2028Q1,T01,3,108,108,21875.32,0.0
C2028Q1T01,V-SA,SA1,2026-05,C2028Q1,T01,3,64,64,5703.0,0.0
C2028Q1T01,V-SA,VIC1,2026-05,C2028Q1,T01,3,73,73,17451.65,0.0
C2028Q1T01,VIC1-NSW1,NSW1,2026-05,C2028Q1,T01,3,108,108,4500.72,0.0
C2028Q1T01,VIC1-NSW1,VIC1,2026-05,C2028Q1,T01,3,125,125,16215.0,0.0
C2028Q1T02,NSW1-QLD1,NSW1,2025-06,C2028Q1,T02,1,67,62,15497.2,0.0
C2028Q1T02,NSW1-QLD1,QLD1,2025-06,C2028Q1,T02,1,108,108,20000.84,0.0
C2028Q1T02,V-SA,SA1,2025-06,C2028Q1,T02,1,64,64,4775.0,0.0
C2028Q1T02,V-SA,VIC1,2025-06,C2028Q1,T02,1,78,77,22105.43,0.0
C2028Q1T02,VIC1-NSW1,NSW1,2025-06,C2028Q1,T02,1,121,116,4528.67,0.0
C2028Q1T02,VIC1-NSW1,VIC1,2025-06,C2028Q1,T02,1,125,125,14260.9,0.0
C2028Q1T03,NSW1-QLD1,NSW1,2025-09,C2028Q1,T03,1,76,62,16008.72,0.0
C2028Q1T03,NSW1-QLD1,QLD1,2025-09,C2028Q1,T03,1,111,108,20400.0,0.0
C2028Q1T03,V-SA,SA1,2025-09,C2028Q1,T03,1,64,64,3815.0,0.0
C2028Q1T03,V-SA,VIC1,2025-09,C2028Q1,T03,1,119,73,15003.0,0.0
C2028Q1T03,VIC1-NSW1,NSW1,2025-09,C2028Q1,T03,1,133,108,4503.0,0.0
C2028Q1T03,VIC1-NSW1,VIC1,2025-09,C2028Q1,T03,1,137,125,11910.6,0.0
C2028Q1T04,NSW1-QLD1,NSW1,2025-12,C2028Q1,T04,1,69,62,13104.0,0.0
C2028Q1T04,NSW1-QLD1,QLD1,2025-12,C2028Q1,T04,1,111,108,19656.0,0.0
C2028Q1T04,V-SA,SA1,2025-12,C2028Q1,T04,1,64,64,2806.0,0.0
C2028Q1T04,V-SA,VIC1,2025-12,C2028Q1,T04,1,144,73,10003.0,0.0
C2028Q1T04,VIC1-NSW1,NSW1,2025-12,C2028Q1,T04,1,143,108,3503.0,0.0
C2028Q1T04,VIC1-NSW1,VIC1,2025-12,C2028Q1,T04,1,180,125,7146.36,0.0
C2028Q1T05,NSW1-QLD1,NSW1,2026-03,C2028Q1,T05,1,91,62,12230.4,0.0
C2028Q1T05,NSW1-QLD1,QLD1,2026-03,C2028Q1,T05,1,138,108,19100.0,0.0
C2028Q1T05,V-SA,SA1,2026-03,C2028Q1,T05,1,76,64,1600.78,0.0
C2028Q1T05,V-SA,VIC1,2026-03,C2028Q1,T05,1,106,73,8002.4,0.0
C2028Q1T05,VIC1-NSW1,NSW1,2026-03,C2028Q1,T05,1,158,108,1768.0,0.0
C2028Q1T05,VIC1-NSW1,VIC1,2026-03,C2028Q1,T05,1,215,125,5002.45,0.0
C2028Q2T01,NSW1-QLD1,NSW1,2025-06,C2028Q2,T01,1,62,62,4476.45,0.0
C2028Q2T01,NSW1-QLD1,QLD1,2025-06,C2028Q2,T01,1,108,108,30360.0,0.0
C2028Q2T01,V-SA,SA1,2025-06,C2028Q2,T01,1,64,64,4082.0,0.0
C2028Q2T01,V-SA,VIC1,2025-06,C2028Q2,T01,1,73,73,10836.31,0.0
C2028Q2T01,VIC1-NSW1,NSW1,2025-06,C2028Q2,T01,1,108,108,3050.22,0.0
C2028Q2T01,VIC1-NSW1,VIC1,2025-06,C2028Q2,T01,1,125,125,13950.0,0.0
C2028Q2T02,NSW1-QLD1,NSW1,2025-09,C2028Q2,T02,1,67,62,3822.0,0.0
C2028Q2T02,NSW1-QLD1,QLD1,2025-09,C2028Q2,T02,1,133,108,30591.0,0.0
C2028Q2T02,V-SA,SA1,2025-09,C2028Q2,T02,1,64,64,3709.8,0.0
C2028Q2T02,V-SA,VIC1,2025-09,C2028Q2,T02,1,89,73,8503.0,0.0
C2028Q2T02,VIC1-NSW1,NSW1,2025-09,C2028Q2,T02,1,108,108,3000.66,0.0
C2028Q2T02,VIC1-NSW1,VIC1,2025-09,C2028Q2,T02,1,141,125,12400.87,0.0
C2028Q2T03,NSW1-QLD1,NSW1,2025-12,C2028Q2,T03,1,67,62,3000.0,0.0
C2028Q2T03,NSW1-QLD1,QLD1,2025-12,C2028Q2,T03,1,153,108,29568.0,0.0
C2028Q2T03,V-SA,SA1,2025-12,C2028Q2,T03,1,64,64,2545.0,0.0
C2028Q2T03,V-SA,VIC1,2025-12,C2028Q2,T03,1,106,73,5850.2,0.0
C2028Q2T03,VIC1-NSW1,NSW1,2025-12,C2028Q2,T03,1,112,108,2600.34,0.0
C2028Q2T03,VIC1-NSW1,VIC1,2025-12,C2028Q2,T03,1,165,125,7850.6,0.0
C2028Q2T04,NSW1-QLD1,NSW1,2026-03,C2028Q2,T04,1,76,62,2700.0,0.0
C2028Q2T04,NSW1-QLD1,QLD1,2026-03,C2028Q2,T04,1,138,108,28105.46,0.0
C2028Q2T04,V-SA,SA1,2026-03,C2028Q2,T04,1,76,64,1607.0,0.0
C2028Q2T04,V-SA,VIC1,2026-03,C2028Q2,T04,1,110,73,5050.37,0.0
C2028Q2T04,VIC1-NSW1,NSW1,2026-03,C2028Q2,T04,1,133,108,1580.46,0.0
C2028Q2T04,VIC1-NSW1,VIC1,2026-03,C2028Q2,T04,1,205,125,5200.18,0.0
C2028Q3T01,NSW1-QLD1,NSW1,2025-09,C2028Q3,T01,1,62,62,3864.0,0.0
C2028Q3T01,NSW1-QLD1,QLD1,2025-09,C2028Q3,T01,1,108,108,30817.84,0.0
C2028Q3T01,V-SA,SA1,2025-09,C2028Q3,T01,1,64,64,3803.0,0.0
C2028Q3T01,V-SA,VIC1,2025-09,C2028Q3,T01,1,73,73,9253.0,0.0
C2028Q3T01,VIC1-NSW1,NSW1,2025-09,C2028Q3,T01,1,108,108,4000.0,0.0
C2028Q3T01,VIC1-NSW1,VIC1,2025-09,C2028Q3,T01,1,125,125,12219.2,0.0
C2028Q3T02,NSW1-QLD1,NSW1,2025-12,C2028Q3,T02,1,62,62,3000.0,0.0
C2028Q3T02,NSW1-QLD1,QLD1,2025-12,C2028Q3,T02,1,126,108,29421.0,0.0
C2028Q3T02,V-SA,SA1,2025-12,C2028Q3,T02,1,70,64,4068.29,0.0
C2028Q3T02,V-SA,VIC1,2025-12,C2028Q3,T02,1,80,73,6200.2,0.0
C2028Q3T02,VIC1-NSW1,NSW1,2025-12,C2028Q3,T02,1,133,108,3950.34,0.0
C2028Q3T02,VIC1-NSW1,VIC1,2025-12,C2028Q3,T02,1,132,125,8500.6,0.0
C2028Q3T03,NSW1-QLD1,NSW1,2026-03,C2028Q3,T03,1,65,62,2700.0,0.0
C2028Q3T03,NSW1-QLD1,QLD1,2026-03,C2028Q3,T03,1,141,108,27655.74,0.0
C2028Q3T03,V-SA,SA1,2026-03,C2028Q3,T03,1,84,64,2034.15,0.0
C2028Q3T03,V-SA,VIC1,2026-03,C2028Q3,T03,1,98,73,5256.14,0.0
C2028Q3T03,VIC1-NSW1,NSW1,2026-03,C2028Q3,T03,1,118,108,2398.0,0.0
C2028Q3T03,VIC1-NSW1,VIC1,2026-03,C2028Q3,T03,1,149,125,5525.39,0.0
C2028Q4T01,NSW1-QLD1,NSW1,2025-12,C2028Q4,T01,1,62,62,7534.8,0.0
C2028Q4T01,NSW1-QLD1,QLD1,2025-12,C2028Q4,T01,1,108,108,20705.52,0.0
C2028Q4T01,V-SA,SA1,2025-12,C2028Q4,T01,1,64,64,4000.29,0.0
C2028Q4T01,V-SA,VIC1,2025-12,C2028Q4,T01,1,73,73,3543.26,0.0
C2028Q4T01,VIC1-NSW1,NSW1,2025-12,C2028Q4,T01,1,108,108,2853.0,0.0
C2028Q4T01,VIC1-NSW1,VIC1,2025-12,C2028Q4,T01,1,125,125,5503.0,0.0
C2028Q4T02,NSW1-QLD1,NSW1,2026-03,C2028Q4,T02,1,62,62,7032.48,0.0
C2028Q4T02,NSW1-QLD1,QLD1,2026-03,C2028Q4,T02,1,116,108,19080.18,0.0
C2028Q4T02,V-SA,SA1,2026-03,C2028Q4,T02,1,66,64,2000.78,0.0
C2028Q4T02,V-SA,VIC1,2026-03,C2028Q4,T02,1,108,73,3300.37,0.0
C2028Q4T02,VIC1-NSW1,NSW1,2026-03,C2028Q4,T02,1,108,108,1683.27,0.0
C2028Q4T02,VIC1-NSW1,VIC1,2026-03,C2028Q4,T02,1,150,125,3700.87,0.0
C2029Q1T01,NSW1-QLD1,NSW1,2026-03,C2029Q1,T01,1,62,62,11711.7,0.0
C2029Q1T01,NSW1-QLD1,QLD1,2026-03,C2029Q1,T01,1,108,108,17690.4,0.0
C2029Q1T01,V-SA,SA1,2026-03,C2029Q1,T01,1,64,64,1945.0,0.0
C2029Q1T01,V-SA,VIC1,2026-03,C2029Q1,T01,1,73,73,7500.37,0.0
C2029Q1T01,VIC1-NSW1,NSW1,2026-03,C2029Q1,T01,1,108,108,2800.46,0.0
C2029Q1T01,VIC1-NSW1,VIC1,2026-03,C2029Q1,T01,1,125,125,4045.86,0.0
